ISO-10303-21;
HEADER;
/* Generated by software containing ST-Developer
 * from STEP Tools, Inc. (www.steptools.com) 
 */

FILE_DESCRIPTION(
/* description */ (''),
/* implementation_level */ '2;1');

FILE_NAME(
/* name */ 'surreptor_top.step',
/* time_stamp */ '2026-10-06T16:29:02+03:00',
/* author */ (''),
/* organization */ (''),
/* preprocessor_version */ 'ST-DEVELOPER v20.2',
/* originating_system */ 'Autodesk Translation Framework v15.15.0.0',
/* authorisation */ '');

FILE_SCHEMA (('AUTOMOTIVE_DESIGN { 1 0 10303 214 3 1 1 }'));
ENDSEC;

DATA;
#10=MECHANICAL_DESIGN_GEOMETRIC_PRESENTATION_REPRESENTATION('',(#13),#10627);
#11=SHAPE_REPRESENTATION_RELATIONSHIP('SRR','None',#10634,#12);
#12=ADVANCED_BREP_SHAPE_REPRESENTATION('',(#14),#10626);
#13=STYLED_ITEM('',(#10643),#14);
#14=MANIFOLD_SOLID_BREP('Body1',#5760);
#15=SPHERICAL_SURFACE('',#5892,2.);
#16=SPHERICAL_SURFACE('',#5896,2.);
#17=SPHERICAL_SURFACE('',#6025,2.);
#18=SPHERICAL_SURFACE('',#6029,2.);
#19=SPHERICAL_SURFACE('',#6058,2.);
#20=SPHERICAL_SURFACE('',#6060,2.);
#21=SPHERICAL_SURFACE('',#6079,2.);
#22=SPHERICAL_SURFACE('',#6101,2.);
#23=SPHERICAL_SURFACE('',#6139,2.);
#24=SPHERICAL_SURFACE('',#6141,2.);
#25=TOROIDAL_SURFACE('',#5840,5.,3.);
#26=TOROIDAL_SURFACE('',#5848,5.,3.);
#27=TOROIDAL_SURFACE('',#5874,4.,2.);
#28=TOROIDAL_SURFACE('',#5882,4.,2.);
#29=TOROIDAL_SURFACE('',#6122,18.,2.);
#30=TOROIDAL_SURFACE('',#6125,18.,2.);
#31=TOROIDAL_SURFACE('',#6130,4.,2.);
#32=TOROIDAL_SURFACE('',#6146,4.,2.);
#33=ELLIPSE('',#5817,10.7175437527889,3.);
#34=ELLIPSE('',#5818,10.4816861283357,2.);
#35=ELLIPSE('',#5821,3.16227766016838,3.);
#36=ELLIPSE('',#5822,3.16227766016838,3.);
#37=ELLIPSE('',#5824,3.16227766016838,3.);
#38=ELLIPSE('',#5825,3.16227766016838,3.);
#39=ELLIPSE('',#5827,3.16227766016838,3.);
#40=ELLIPSE('',#5828,3.16227766016838,3.);
#41=ELLIPSE('',#5830,3.16227766016838,3.);
#42=ELLIPSE('',#5831,3.16227766016838,3.);
#43=ELLIPSE('',#5835,10.4816861283357,2.);
#44=ELLIPSE('',#5836,11.4396566422662,5.);
#45=ELLIPSE('',#5856,10.4816861283357,2.);
#46=ELLIPSE('',#5857,11.4396566422662,5.);
#47=ELLIPSE('',#6093,2.82842712474619,2.);
#48=ELLIPSE('',#6107,2.82842712474619,2.);
#49=ELLIPSE('',#6150,104.816861283357,20.);
#50=ELLIPSE('',#6179,15.7225291925035,3.);
#51=ELLIPSE('',#6196,104.816861283357,20.);
#52=ELLIPSE('',#6198,3.05615008486564,3.);
#53=ELLIPSE('',#6200,3.05615008486564,3.);
#54=ELLIPSE('',#6300,4.47213595499958,4.);
#55=ELLIPSE('',#6301,4.47213595499958,4.);
#56=ELLIPSE('',#6303,4.47213595499958,4.);
#57=ELLIPSE('',#6304,4.47213595499958,4.);
#58=ELLIPSE('',#6306,4.47213595499958,4.);
#59=ELLIPSE('',#6307,4.47213595499958,4.);
#60=ELLIPSE('',#6308,4.47213595499958,4.);
#61=ELLIPSE('',#6309,4.47213595499958,4.);
#62=FACE_BOUND('',#567,.T.);
#63=FACE_BOUND('',#568,.T.);
#64=FACE_BOUND('',#570,.T.);
#65=FACE_BOUND('',#571,.T.);
#66=FACE_BOUND('',#572,.T.);
#67=FACE_BOUND('',#573,.T.);
#68=FACE_BOUND('',#574,.T.);
#69=FACE_BOUND('',#622,.T.);
#70=FACE_BOUND('',#623,.T.);
#71=FACE_BOUND('',#624,.T.);
#72=FACE_BOUND('',#625,.T.);
#73=FACE_BOUND('',#629,.T.);
#74=FACE_BOUND('',#630,.T.);
#75=FACE_BOUND('',#635,.T.);
#76=FACE_BOUND('',#636,.T.);
#77=FACE_BOUND('',#645,.T.);
#78=FACE_BOUND('',#646,.T.);
#79=FACE_BOUND('',#671,.T.);
#80=FACE_BOUND('',#692,.T.);
#81=FACE_BOUND('',#731,.T.);
#82=FACE_BOUND('',#736,.T.);
#83=FACE_BOUND('',#743,.T.);
#84=FACE_BOUND('',#744,.T.);
#85=FACE_BOUND('',#773,.T.);
#86=FACE_BOUND('',#774,.T.);
#87=FACE_BOUND('',#775,.T.);
#88=FACE_BOUND('',#776,.T.);
#89=FACE_BOUND('',#777,.T.);
#90=FACE_BOUND('',#819,.T.);
#91=FACE_BOUND('',#868,.T.);
#92=PLANE('',#5779);
#93=PLANE('',#5795);
#94=PLANE('',#5819);
#95=PLANE('',#5859);
#96=PLANE('',#5861);
#97=PLANE('',#5863);
#98=PLANE('',#5865);
#99=PLANE('',#5867);
#100=PLANE('',#5869);
#101=PLANE('',#5871);
#102=PLANE('',#5877);
#103=PLANE('',#5879);
#104=PLANE('',#5887);
#105=PLANE('',#5898);
#106=PLANE('',#5941);
#107=PLANE('',#5957);
#108=PLANE('',#5960);
#109=PLANE('',#5975);
#110=PLANE('',#5979);
#111=PLANE('',#5980);
#112=PLANE('',#5996);
#113=PLANE('',#5998);
#114=PLANE('',#6003);
#115=PLANE('',#6007);
#116=PLANE('',#6011);
#117=PLANE('',#6015);
#118=PLANE('',#6019);
#119=PLANE('',#6033);
#120=PLANE('',#6044);
#121=PLANE('',#6046);
#122=PLANE('',#6048);
#123=PLANE('',#6053);
#124=PLANE('',#6064);
#125=PLANE('',#6069);
#126=PLANE('',#6072);
#127=PLANE('',#6081);
#128=PLANE('',#6094);
#129=PLANE('',#6103);
#130=PLANE('',#6108);
#131=PLANE('',#6111);
#132=PLANE('',#6114);
#133=PLANE('',#6119);
#134=PLANE('',#6151);
#135=PLANE('',#6152);
#136=PLANE('',#6155);
#137=PLANE('',#6158);
#138=PLANE('',#6162);
#139=PLANE('',#6166);
#140=PLANE('',#6170);
#141=PLANE('',#6171);
#142=PLANE('',#6178);
#143=PLANE('',#6182);
#144=PLANE('',#6185);
#145=PLANE('',#6192);
#146=PLANE('',#6199);
#147=PLANE('',#6206);
#148=PLANE('',#6207);
#149=PLANE('',#6209);
#150=PLANE('',#6225);
#151=PLANE('',#6265);
#152=PLANE('',#6275);
#153=PLANE('',#6312);
#154=PLANE('',#6318);
#155=PLANE('',#6320);
#156=PLANE('',#6322);
#157=PLANE('',#6324);
#158=PLANE('',#6326);
#159=PLANE('',#6328);
#160=PLANE('',#6330);
#161=PLANE('',#6332);
#162=PLANE('',#6333);
#163=PLANE('',#6334);
#164=PLANE('',#6335);
#165=PLANE('',#6336);
#166=PLANE('',#6337);
#167=PLANE('',#6338);
#168=PLANE('',#6339);
#169=PLANE('',#6341);
#170=PLANE('',#6343);
#171=PLANE('',#6344);
#172=PLANE('',#6346);
#173=PLANE('',#6347);
#174=PLANE('',#6349);
#175=PLANE('',#6351);
#176=PLANE('',#6352);
#177=PLANE('',#6354);
#178=PLANE('',#6356);
#179=PLANE('',#6357);
#180=PLANE('',#6359);
#181=PLANE('',#6364);
#182=PLANE('',#6366);
#183=PLANE('',#6367);
#184=PLANE('',#6368);
#185=PLANE('',#6369);
#186=PLANE('',#6370);
#187=PLANE('',#6372);
#188=PLANE('',#6376);
#189=PLANE('',#6377);
#190=PLANE('',#6379);
#191=PLANE('',#6382);
#192=PLANE('',#6383);
#193=PLANE('',#6384);
#194=PLANE('',#6386);
#195=PLANE('',#6388);
#196=PLANE('',#6389);
#197=PLANE('',#6391);
#198=PLANE('',#6392);
#199=PLANE('',#6394);
#200=PLANE('',#6395);
#201=PLANE('',#6396);
#202=B_SPLINE_CURVE_WITH_KNOTS('',3,(#8171,#8172,#8173,#8174,#8175,#8176),
 .UNSPECIFIED.,.F.,.F.,(4,2,4),(0.,0.00323382870040938,0.00644417403006124),
 .UNSPECIFIED.);
#203=B_SPLINE_CURVE_WITH_KNOTS('',3,(#8177,#8178,#8179,#8180,#8181),
 .UNSPECIFIED.,.F.,.F.,(4,1,4),(0.0678009535412981,0.17242042546812,0.312495328962545),
 .UNSPECIFIED.);
#204=B_SPLINE_CURVE_WITH_KNOTS('',3,(#8182,#8183,#8184,#8185,#8186),
 .UNSPECIFIED.,.F.,.F.,(4,1,4),(-0.312495328962545,-0.17242042546812,-0.0673642478473017),
 .UNSPECIFIED.);
#205=B_SPLINE_CURVE_WITH_KNOTS('',3,(#8191,#8192,#8193,#8194,#8195,#8196,
#8197,#8198,#8199,#8200),.UNSPECIFIED.,.F.,.F.,(4,2,2,2,4),(0.,0.121569938460741,
0.243139876921481,0.325475094237765,0.40781031155405),.UNSPECIFIED.);
#206=B_SPLINE_CURVE_WITH_KNOTS('',3,(#8206,#8207,#8208,#8209,#8210,#8211,
#8212,#8213,#8214,#8215),.UNSPECIFIED.,.F.,.F.,(4,2,2,2,4),(0.600248241562214,
0.605616618990818,0.692634637044825,0.789253352090774,0.86000473153675),
 .UNSPECIFIED.);
#207=B_SPLINE_CURVE_WITH_KNOTS('',3,(#8385,#8386,#8387,#8388,#8389,#8390,
#8391,#8392,#8393,#8394,#8395,#8396,#8397,#8398,#8399,#8400,#8401,#8402,
#8403,#8404,#8405,#8406,#8407,#8408,#8409,#8410,#8411,#8412,#8413,#8414,
#8415,#8416,#8417,#8418,#8419,#8420,#8421,#8422,#8423,#8424,#8425,#8426,
#8427,#8428,#8429,#8430),.UNSPECIFIED.,.F.,.F.,(4,3,3,3,3,3,3,3,3,3,3,3,
3,3,3,4),(0.,0.0216330400453807,0.0426684169388322,0.063144518721904,0.0784808516553049,
0.0966104892939368,0.114201667280147,0.128733707685818,0.143820349446054,
0.158555765138599,0.163951099901215,0.177955494133462,0.19201464727285,
0.206137820715931,0.220088957629532,0.234040094543134),.UNSPECIFIED.);
#208=B_SPLINE_CURVE_WITH_KNOTS('',3,(#8439,#8440,#8441,#8442,#8443,#8444,
#8445,#8446,#8447,#8448),.UNSPECIFIED.,.F.,.F.,(4,2,2,2,4),(1.43607197867035,
1.5037391490422,1.58090080388048,1.67292956735329,1.68121704856394),
 .UNSPECIFIED.);
#209=B_SPLINE_CURVE_WITH_KNOTS('',3,(#8754,#8755,#8756,#8757,#8758,#8759,
#8760,#8761,#8762,#8763),.UNSPECIFIED.,.F.,.F.,(4,2,2,2,4),(0.,0.117562819132908,
0.235125638265815,0.311588864828486,0.388052091391156),.UNSPECIFIED.);
#210=B_SPLINE_CURVE_WITH_KNOTS('',3,(#8785,#8786,#8787,#8788,#8789,#8790,
#8791,#8792,#8793,#8794),.UNSPECIFIED.,.F.,.F.,(4,2,2,2,4),(1.01106448007702,
1.08752770663969,1.16399093320236,1.28155375233527,1.39911657146818),
 .UNSPECIFIED.);
#211=B_SPLINE_CURVE_WITH_KNOTS('',3,(#9234,#9235,#9236,#9237,#9238,#9239,
#9240,#9241,#9242,#9243),.UNSPECIFIED.,.F.,.F.,(4,2,2,2,4),(1.01821852911234,
1.10055374642862,1.18288896374491,1.30445890220564,1.42602884066638),
 .UNSPECIFIED.);
#212=B_SPLINE_CURVE_WITH_KNOTS('',3,(#9380,#9381,#9382,#9383,#9384,#9385,
#9386,#9387,#9388,#9389,#9390,#9391),.UNSPECIFIED.,.F.,.F.,(4,2,2,2,2,4),
(0.,0.0881148240557982,0.176229648111596,0.235890816031788,0.29555198395198,
0.345524556391726),.UNSPECIFIED.);
#213=B_SPLINE_CURVE_WITH_KNOTS('',3,(#9447,#9448,#9449,#9450,#9451,#9452,
#9453,#9454,#9455,#9456),.UNSPECIFIED.,.F.,.F.,(4,2,2,2,4),(0.755735662060275,
0.815396829980467,0.875057997900659,0.963172821956457,1.05128764601226),
 .UNSPECIFIED.);
#214=B_SPLINE_CURVE_WITH_KNOTS('',3,(#9460,#9461,#9462,#9463),
 .UNSPECIFIED.,.F.,.F.,(4,4),(0.70576308962053,0.755735662060275),
 .UNSPECIFIED.);
#215=B_SPLINE_CURVE_WITH_KNOTS('',3,(#9537,#9538,#9539,#9540),
 .UNSPECIFIED.,.F.,.F.,(4,4),(0.353730720171069,0.629184628018767),
 .UNSPECIFIED.);
#216=B_SPLINE_CURVE_WITH_KNOTS('',3,(#9543,#9544,#9545,#9546),
 .UNSPECIFIED.,.F.,.F.,(4,4),(-0.629184628018767,-0.353730720171069),
 .UNSPECIFIED.);
#217=B_SPLINE_CURVE_WITH_KNOTS('',3,(#9550,#9551,#9552,#9553,#9554,#9555),
 .UNSPECIFIED.,.F.,.F.,(4,2,4),(0.555483835198554,0.805049645851422,0.904387455246413),
 .UNSPECIFIED.);
#218=B_SPLINE_CURVE_WITH_KNOTS('',3,(#9558,#9559,#9560,#9561,#9562,#9563,
#9564,#9565,#9566,#9567,#9568,#9569,#9570,#9571,#9572,#9573,#9574,#9575,
#9576,#9577),.UNSPECIFIED.,.F.,.F.,(4,2,2,2,2,2,2,2,2,4),(0.954338309331969,
1.04844236288663,1.09595415490665,1.11217628206856,1.1236741908201,1.13688129208606,
1.16562693926267,1.24253984847166,1.33850001048395,1.36664799625396),
 .UNSPECIFIED.);
#219=B_SPLINE_CURVE_WITH_KNOTS('',3,(#9581,#9582,#9583,#9584,#9585,#9586,
#9587,#9588,#9589,#9590),.UNSPECIFIED.,.F.,.F.,(4,2,2,2,4),(1.19135259612777,
1.19964007733843,1.29166884081124,1.36883049564951,1.43649766602136),
 .UNSPECIFIED.);
#220=B_SPLINE_CURVE_WITH_KNOTS('',3,(#9598,#9599,#9600,#9601,#9602,#9603),
 .UNSPECIFIED.,.F.,.F.,(4,2,4),(1.23634028030091,1.3356780896959,1.58524390034877),
 .UNSPECIFIED.);
#221=B_SPLINE_CURVE_WITH_KNOTS('',3,(#9604,#9605,#9606,#9607,#9608,#9609,
#9610,#9611,#9612,#9613,#9614,#9615,#9616,#9617,#9618,#9619,#9620,#9621,
#9622,#9623,#9624),.UNSPECIFIED.,.F.,.F.,(4,2,2,2,2,3,2,2,2,4),(1.98374428179209,
2.02034449652827,2.11036107956197,2.20096898818373,2.22015619497833,2.23109873538579,
2.24320385260554,2.26358911584795,2.31246974211015,2.39410768892056),
 .UNSPECIFIED.);
#222=B_SPLINE_CURVE_WITH_KNOTS('',3,(#9648,#9649,#9650,#9651),
 .UNSPECIFIED.,.F.,.F.,(4,4),(-0.275453907596544,-1.84912920472797E-15),
 .UNSPECIFIED.);
#223=B_SPLINE_CURVE_WITH_KNOTS('',3,(#9652,#9653,#9654,#9655),
 .UNSPECIFIED.,.F.,.F.,(4,4),(1.84912920472797E-15,0.275453907596544),
 .UNSPECIFIED.);
#224=B_SPLINE_CURVE_WITH_KNOTS('',3,(#9697,#9698,#9699,#9700,#9701,#9702,
#9703,#9704,#9705,#9706,#9707,#9708),.UNSPECIFIED.,.F.,.F.,(4,2,2,2,2,4),
(0.280460169350209,0.301505220894151,0.376932448551147,0.452359676208144,
0.527754294729745,0.565757246460201),.UNSPECIFIED.);
#225=B_SPLINE_CURVE_WITH_KNOTS('',3,(#9769,#9770,#9771,#9772,#9773,#9774,
#9775,#9776,#9777,#9778),.UNSPECIFIED.,.F.,.F.,(4,2,2,2,4),(0.86000473167379,
0.883257338983107,0.974507118169623,1.07154330247279,1.11966077554364),
 .UNSPECIFIED.);
#226=B_SPLINE_CURVE_WITH_KNOTS('',3,(#9781,#9782,#9783,#9784,#9785,#9786,
#9787,#9788,#9789,#9790,#9791,#9792),.UNSPECIFIED.,.F.,.F.,(4,2,2,2,2,4),
(0.640540580042491,0.678543531772946,0.753938150294548,0.829365377951544,
0.904792605608541,0.925837657152483),.UNSPECIFIED.);
#227=B_SPLINE_CURVE_WITH_KNOTS('',3,(#9815,#9816,#9817,#9818,#9819,#9820),
 .UNSPECIFIED.,.F.,.F.,(4,1,1,4),(-0.907345821199719,-0.648104157999799,
-0.38886249479988,0.),.UNSPECIFIED.);
#228=B_SPLINE_CURVE_WITH_KNOTS('',3,(#9824,#9825,#9826,#9827,#9828,#9829),
 .UNSPECIFIED.,.F.,.F.,(4,1,1,4),(-0.90734582119972,-0.6481041579998,-0.38886249479988,
0.),.UNSPECIFIED.);
#229=B_SPLINE_CURVE_WITH_KNOTS('',3,(#9833,#9834,#9835,#9836,#9837,#9838),
 .UNSPECIFIED.,.F.,.F.,(4,1,1,4),(-0.907345821199722,-0.518483326399841,
-0.25924166319992,0.),.UNSPECIFIED.);
#230=B_SPLINE_CURVE_WITH_KNOTS('',3,(#9841,#9842,#9843,#9844,#9845,#9846),
 .UNSPECIFIED.,.F.,.F.,(4,1,1,4),(-0.907345821199719,-0.518483326399839,
-0.259241663199919,0.),.UNSPECIFIED.);
#231=B_SPLINE_CURVE_WITH_KNOTS('',3,(#9893,#9894,#9895,#9896,#9897,#9898,
#9899,#9900,#9901,#9902,#9903,#9904,#9905,#9906,#9907,#9908,#9909,#9910,
#9911,#9912),.UNSPECIFIED.,.F.,.F.,(4,2,2,2,2,2,2,2,2,4),(2.40929305129984,
2.47538148117902,2.5250754792851,2.54992247833814,2.57476947739118,2.58883941158156,
2.60290934577194,2.62659761652933,2.65028588728672,2.69925756678721),
 .UNSPECIFIED.);
#232=B_SPLINE_CURVE_WITH_KNOTS('',3,(#10182,#10183,#10184,#10185,#10186,
#10187),.UNSPECIFIED.,.F.,.F.,(4,1,1,4),(0.,0.259241663199919,0.518483326399839,
0.907345821199719),.UNSPECIFIED.);
#233=B_SPLINE_CURVE_WITH_KNOTS('',3,(#10219,#10220,#10221,#10222,#10223,
#10224),.UNSPECIFIED.,.F.,.F.,(4,1,1,4),(0.,0.38886249479988,0.648104157999799,
0.907345821199719),.UNSPECIFIED.);
#234=B_SPLINE_CURVE_WITH_KNOTS('',3,(#10266,#10267,#10268,#10269,#10270,
#10271),.UNSPECIFIED.,.F.,.F.,(4,1,1,4),(0.,0.25924166319992,0.518483326399841,
0.907345821199722),.UNSPECIFIED.);
#235=B_SPLINE_CURVE_WITH_KNOTS('',3,(#10303,#10304,#10305,#10306,#10307,
#10308),.UNSPECIFIED.,.F.,.F.,(4,1,1,4),(0.,0.38886249479988,0.6481041579998,
0.90734582119972),.UNSPECIFIED.);
#236=B_SPLINE_SURFACE_WITH_KNOTS('',3,3,((#8149,#8150,#8151,#8152,#8153),
(#8154,#8155,#8156,#8157,#8158),(#8159,#8160,#8161,#8162,#8163),(#8164,
#8165,#8166,#8167,#8168)),.UNSPECIFIED.,.F.,.F.,.F.,(4,4),(4,1,4),(0.,1.),
(0.0673642478473017,0.17242042546812,0.312495328962545),.UNSPECIFIED.);
#237=B_SPLINE_SURFACE_WITH_KNOTS('',3,3,((#8363,#8364,#8365,#8366,#8367),
(#8368,#8369,#8370,#8371,#8372),(#8373,#8374,#8375,#8376,#8377),(#8378,
#8379,#8380,#8381,#8382)),.UNSPECIFIED.,.F.,.F.,.F.,(4,4),(4,1,4),(0.,1.),
(0.,0.39170636055669,0.913981507965611),.UNSPECIFIED.);
#238=B_SPLINE_SURFACE_WITH_KNOTS('',3,3,((#8450,#8451,#8452,#8453,#8454,
#8455),(#8456,#8457,#8458,#8459,#8460,#8461),(#8462,#8463,#8464,#8465,#8466,
#8467),(#8468,#8469,#8470,#8471,#8472,#8473),(#8474,#8475,#8476,#8477,#8478,
#8479)),.UNSPECIFIED.,.F.,.F.,.F.,(4,1,4),(4,1,1,4),(0.,0.571428571428571,
1.),(-1.5707963267949,-0.897597901025655,-0.448798950512828,0.),
 .UNSPECIFIED.);
#239=B_SPLINE_SURFACE_WITH_KNOTS('',3,3,((#8486,#8487,#8488,#8489,#8490,
#8491),(#8492,#8493,#8494,#8495,#8496,#8497),(#8498,#8499,#8500,#8501,#8502,
#8503),(#8504,#8505,#8506,#8507,#8508,#8509),(#8510,#8511,#8512,#8513,#8514,
#8515)),.UNSPECIFIED.,.F.,.F.,.F.,(4,1,4),(4,1,1,4),(0.,0.571428571428571,
1.),(-1.5707963267949,-0.897597901025655,-0.448798950512828,0.),
 .UNSPECIFIED.);
#240=B_SPLINE_SURFACE_WITH_KNOTS('',3,3,((#8522,#8523,#8524,#8525,#8526,
#8527),(#8528,#8529,#8530,#8531,#8532,#8533),(#8534,#8535,#8536,#8537,#8538,
#8539),(#8540,#8541,#8542,#8543,#8544,#8545),(#8546,#8547,#8548,#8549,#8550,
#8551)),.UNSPECIFIED.,.F.,.F.,.F.,(4,1,4),(4,1,1,4),(0.,0.571428571428571,
1.),(-1.5707963267949,-0.897597901025655,-0.448798950512828,0.),
 .UNSPECIFIED.);
#241=B_SPLINE_SURFACE_WITH_KNOTS('',3,3,((#8558,#8559,#8560,#8561,#8562,
#8563),(#8564,#8565,#8566,#8567,#8568,#8569),(#8570,#8571,#8572,#8573,#8574,
#8575),(#8576,#8577,#8578,#8579,#8580,#8581),(#8582,#8583,#8584,#8585,#8586,
#8587)),.UNSPECIFIED.,.F.,.F.,.F.,(4,1,4),(4,1,1,4),(0.,0.571428571428571,
1.),(-1.5707963267949,-0.897597901025655,-0.448798950512828,0.),
 .UNSPECIFIED.);
#242=B_SPLINE_SURFACE_WITH_KNOTS('',3,3,((#8600,#8601,#8602,#8603,#8604,
#8605,#8606),(#8607,#8608,#8609,#8610,#8611,#8612,#8613),(#8614,#8615,#8616,
#8617,#8618,#8619,#8620),(#8621,#8622,#8623,#8624,#8625,#8626,#8627),(#8628,
#8629,#8630,#8631,#8632,#8633,#8634)),.UNSPECIFIED.,.F.,.F.,.F.,(4,1,4),
(4,1,1,1,4),(0.,0.571428571428571,1.),(-1.87247754636505E-33,0.336599212884621,
0.673198425769241,1.12199737628207,1.5707963267949),.UNSPECIFIED.);
#243=B_SPLINE_SURFACE_WITH_KNOTS('',3,3,((#8682,#8683,#8684,#8685,#8686,
#8687),(#8688,#8689,#8690,#8691,#8692,#8693),(#8694,#8695,#8696,#8697,#8698,
#8699),(#8700,#8701,#8702,#8703,#8704,#8705),(#8706,#8707,#8708,#8709,#8710,
#8711)),.UNSPECIFIED.,.F.,.F.,.F.,(4,1,4),(4,1,1,4),(0.,0.571428571428571,
1.),(-1.5707963267949,-0.897597901025655,-0.448798950512828,2.22044604925031E-16),
 .UNSPECIFIED.);
#244=B_SPLINE_SURFACE_WITH_KNOTS('',3,3,((#9513,#9514,#9515,#9516),(#9517,
#9518,#9519,#9520),(#9521,#9522,#9523,#9524),(#9525,#9526,#9527,#9528),
(#9529,#9530,#9531,#9532)),.UNSPECIFIED.,.F.,.F.,.F.,(4,1,4),(4,4),(0.,
0.571428571428571,1.),(0.353730720171069,0.629184628018767),
 .UNSPECIFIED.);
#245=B_SPLINE_SURFACE_WITH_KNOTS('',3,3,((#9625,#9626,#9627,#9628),(#9629,
#9630,#9631,#9632),(#9633,#9634,#9635,#9636),(#9637,#9638,#9639,#9640),
(#9641,#9642,#9643,#9644)),.UNSPECIFIED.,.F.,.F.,.F.,(4,1,4),(4,4),(0.,
0.571428571428571,1.),(1.84912920472797E-15,0.275453907596544),
 .UNSPECIFIED.);
#246=B_SPLINE_SURFACE_WITH_KNOTS('',3,3,((#10150,#10151,#10152,#10153,#10154,
#10155),(#10156,#10157,#10158,#10159,#10160,#10161),(#10162,#10163,#10164,
#10165,#10166,#10167),(#10168,#10169,#10170,#10171,#10172,#10173),(#10174,
#10175,#10176,#10177,#10178,#10179)),.UNSPECIFIED.,.F.,.F.,.F.,(4,1,4),
(4,1,1,4),(0.,0.571428571428571,1.),(-0.907345821199719,-0.518483326399839,
-0.259241663199919,0.),.UNSPECIFIED.);
#247=B_SPLINE_SURFACE_WITH_KNOTS('',3,3,((#10188,#10189,#10190,#10191,#10192,
#10193),(#10194,#10195,#10196,#10197,#10198,#10199),(#10200,#10201,#10202,
#10203,#10204,#10205),(#10206,#10207,#10208,#10209,#10210,#10211),(#10212,
#10213,#10214,#10215,#10216,#10217)),.UNSPECIFIED.,.F.,.F.,.F.,(4,1,4),
(4,1,1,4),(0.,0.571428571428571,1.),(0.,0.38886249479988,0.648104157999799,
0.907345821199719),.UNSPECIFIED.);
#248=B_SPLINE_SURFACE_WITH_KNOTS('',3,3,((#10234,#10235,#10236,#10237,#10238,
#10239),(#10240,#10241,#10242,#10243,#10244,#10245),(#10246,#10247,#10248,
#10249,#10250,#10251),(#10252,#10253,#10254,#10255,#10256,#10257),(#10258,
#10259,#10260,#10261,#10262,#10263)),.UNSPECIFIED.,.F.,.F.,.F.,(4,1,4),
(4,1,1,4),(0.,0.571428571428571,1.),(-0.907345821199722,-0.518483326399841,
-0.25924166319992,0.),.UNSPECIFIED.);
#249=B_SPLINE_SURFACE_WITH_KNOTS('',3,3,((#10272,#10273,#10274,#10275,#10276,
#10277),(#10278,#10279,#10280,#10281,#10282,#10283),(#10284,#10285,#10286,
#10287,#10288,#10289),(#10290,#10291,#10292,#10293,#10294,#10295),(#10296,
#10297,#10298,#10299,#10300,#10301)),.UNSPECIFIED.,.F.,.F.,.F.,(4,1,4),
(4,1,1,4),(0.,0.571428571428571,1.),(0.,0.38886249479988,0.6481041579998,
0.90734582119972),.UNSPECIFIED.);
#250=B_SPLINE_SURFACE_WITH_KNOTS('',3,3,((#10312,#10313,#10314,#10315,#10316,
#10317),(#10318,#10319,#10320,#10321,#10322,#10323),(#10324,#10325,#10326,
#10327,#10328,#10329),(#10330,#10331,#10332,#10333,#10334,#10335),(#10336,
#10337,#10338,#10339,#10340,#10341)),.UNSPECIFIED.,.F.,.F.,.F.,(4,1,4),
(4,1,1,4),(0.,0.571428571428571,1.),(-1.5707963267949,-0.981074804717618,
-0.587927123332765,-0.194779441947913),.UNSPECIFIED.);
#251=B_SPLINE_SURFACE_WITH_KNOTS('',3,3,((#10349,#10350,#10351,#10352,#10353,
#10354),(#10355,#10356,#10357,#10358,#10359,#10360),(#10361,#10362,#10363,
#10364,#10365,#10366),(#10367,#10368,#10369,#10370,#10371,#10372),(#10373,
#10374,#10375,#10376,#10377,#10378)),.UNSPECIFIED.,.F.,.F.,.F.,(4,1,4),
(4,1,1,4),(0.,0.571428571428571,1.),(-1.5707963267949,-0.981074804717617,
-0.587927123332765,-0.194779441947912),.UNSPECIFIED.);
#252=B_SPLINE_SURFACE_WITH_KNOTS('',3,3,((#10384,#10385,#10386,#10387,#10388,
#10389),(#10390,#10391,#10392,#10393,#10394,#10395),(#10396,#10397,#10398,
#10399,#10400,#10401),(#10402,#10403,#10404,#10405,#10406,#10407),(#10408,
#10409,#10410,#10411,#10412,#10413)),.UNSPECIFIED.,.F.,.F.,.F.,(4,1,4),
(4,1,1,4),(0.,0.571428571428571,1.),(-1.5707963267949,-0.981074804717618,
-0.587927123332765,-0.194779441947913),.UNSPECIFIED.);
#253=B_SPLINE_SURFACE_WITH_KNOTS('',3,3,((#10417,#10418,#10419,#10420,#10421,
#10422),(#10423,#10424,#10425,#10426,#10427,#10428),(#10429,#10430,#10431,
#10432,#10433,#10434),(#10435,#10436,#10437,#10438,#10439,#10440),(#10441,
#10442,#10443,#10444,#10445,#10446)),.UNSPECIFIED.,.F.,.F.,.F.,(4,1,4),
(4,1,1,4),(0.,0.571428571428571,1.),(-1.5707963267949,-0.981074804717618,
-0.587927123332766,-0.194779441947913),.UNSPECIFIED.);
#254=FACE_OUTER_BOUND('',#563,.T.);
#255=FACE_OUTER_BOUND('',#564,.T.);
#256=FACE_OUTER_BOUND('',#565,.T.);
#257=FACE_OUTER_BOUND('',#566,.T.);
#258=FACE_OUTER_BOUND('',#569,.T.);
#259=FACE_OUTER_BOUND('',#575,.T.);
#260=FACE_OUTER_BOUND('',#576,.T.);
#261=FACE_OUTER_BOUND('',#577,.T.);
#262=FACE_OUTER_BOUND('',#578,.T.);
#263=FACE_OUTER_BOUND('',#579,.T.);
#264=FACE_OUTER_BOUND('',#580,.T.);
#265=FACE_OUTER_BOUND('',#581,.T.);
#266=FACE_OUTER_BOUND('',#582,.T.);
#267=FACE_OUTER_BOUND('',#583,.T.);
#268=FACE_OUTER_BOUND('',#584,.T.);
#269=FACE_OUTER_BOUND('',#585,.T.);
#270=FACE_OUTER_BOUND('',#586,.T.);
#271=FACE_OUTER_BOUND('',#587,.T.);
#272=FACE_OUTER_BOUND('',#588,.T.);
#273=FACE_OUTER_BOUND('',#589,.T.);
#274=FACE_OUTER_BOUND('',#590,.T.);
#275=FACE_OUTER_BOUND('',#591,.T.);
#276=FACE_OUTER_BOUND('',#592,.T.);
#277=FACE_OUTER_BOUND('',#593,.T.);
#278=FACE_OUTER_BOUND('',#594,.T.);
#279=FACE_OUTER_BOUND('',#595,.T.);
#280=FACE_OUTER_BOUND('',#596,.T.);
#281=FACE_OUTER_BOUND('',#597,.T.);
#282=FACE_OUTER_BOUND('',#598,.T.);
#283=FACE_OUTER_BOUND('',#599,.T.);
#284=FACE_OUTER_BOUND('',#600,.T.);
#285=FACE_OUTER_BOUND('',#601,.T.);
#286=FACE_OUTER_BOUND('',#602,.T.);
#287=FACE_OUTER_BOUND('',#603,.T.);
#288=FACE_OUTER_BOUND('',#604,.T.);
#289=FACE_OUTER_BOUND('',#605,.T.);
#290=FACE_OUTER_BOUND('',#606,.T.);
#291=FACE_OUTER_BOUND('',#607,.T.);
#292=FACE_OUTER_BOUND('',#608,.T.);
#293=FACE_OUTER_BOUND('',#609,.T.);
#294=FACE_OUTER_BOUND('',#610,.T.);
#295=FACE_OUTER_BOUND('',#611,.T.);
#296=FACE_OUTER_BOUND('',#612,.T.);
#297=FACE_OUTER_BOUND('',#613,.T.);
#298=FACE_OUTER_BOUND('',#614,.T.);
#299=FACE_OUTER_BOUND('',#615,.T.);
#300=FACE_OUTER_BOUND('',#616,.T.);
#301=FACE_OUTER_BOUND('',#617,.T.);
#302=FACE_OUTER_BOUND('',#618,.T.);
#303=FACE_OUTER_BOUND('',#619,.T.);
#304=FACE_OUTER_BOUND('',#620,.T.);
#305=FACE_OUTER_BOUND('',#621,.T.);
#306=FACE_OUTER_BOUND('',#626,.T.);
#307=FACE_OUTER_BOUND('',#627,.T.);
#308=FACE_OUTER_BOUND('',#628,.T.);
#309=FACE_OUTER_BOUND('',#631,.T.);
#310=FACE_OUTER_BOUND('',#632,.T.);
#311=FACE_OUTER_BOUND('',#633,.T.);
#312=FACE_OUTER_BOUND('',#634,.T.);
#313=FACE_OUTER_BOUND('',#637,.T.);
#314=FACE_OUTER_BOUND('',#638,.T.);
#315=FACE_OUTER_BOUND('',#639,.T.);
#316=FACE_OUTER_BOUND('',#640,.T.);
#317=FACE_OUTER_BOUND('',#641,.T.);
#318=FACE_OUTER_BOUND('',#642,.T.);
#319=FACE_OUTER_BOUND('',#643,.T.);
#320=FACE_OUTER_BOUND('',#644,.T.);
#321=FACE_OUTER_BOUND('',#647,.T.);
#322=FACE_OUTER_BOUND('',#648,.T.);
#323=FACE_OUTER_BOUND('',#649,.T.);
#324=FACE_OUTER_BOUND('',#650,.T.);
#325=FACE_OUTER_BOUND('',#651,.T.);
#326=FACE_OUTER_BOUND('',#652,.T.);
#327=FACE_OUTER_BOUND('',#653,.T.);
#328=FACE_OUTER_BOUND('',#654,.T.);
#329=FACE_OUTER_BOUND('',#655,.T.);
#330=FACE_OUTER_BOUND('',#656,.T.);
#331=FACE_OUTER_BOUND('',#657,.T.);
#332=FACE_OUTER_BOUND('',#658,.T.);
#333=FACE_OUTER_BOUND('',#659,.T.);
#334=FACE_OUTER_BOUND('',#660,.T.);
#335=FACE_OUTER_BOUND('',#661,.T.);
#336=FACE_OUTER_BOUND('',#662,.T.);
#337=FACE_OUTER_BOUND('',#663,.T.);
#338=FACE_OUTER_BOUND('',#664,.T.);
#339=FACE_OUTER_BOUND('',#665,.T.);
#340=FACE_OUTER_BOUND('',#666,.T.);
#341=FACE_OUTER_BOUND('',#667,.T.);
#342=FACE_OUTER_BOUND('',#668,.T.);
#343=FACE_OUTER_BOUND('',#669,.T.);
#344=FACE_OUTER_BOUND('',#670,.T.);
#345=FACE_OUTER_BOUND('',#672,.T.);
#346=FACE_OUTER_BOUND('',#673,.T.);
#347=FACE_OUTER_BOUND('',#674,.T.);
#348=FACE_OUTER_BOUND('',#675,.T.);
#349=FACE_OUTER_BOUND('',#676,.T.);
#350=FACE_OUTER_BOUND('',#677,.T.);
#351=FACE_OUTER_BOUND('',#678,.T.);
#352=FACE_OUTER_BOUND('',#679,.T.);
#353=FACE_OUTER_BOUND('',#680,.T.);
#354=FACE_OUTER_BOUND('',#681,.T.);
#355=FACE_OUTER_BOUND('',#682,.T.);
#356=FACE_OUTER_BOUND('',#683,.T.);
#357=FACE_OUTER_BOUND('',#684,.T.);
#358=FACE_OUTER_BOUND('',#685,.T.);
#359=FACE_OUTER_BOUND('',#686,.T.);
#360=FACE_OUTER_BOUND('',#687,.T.);
#361=FACE_OUTER_BOUND('',#688,.T.);
#362=FACE_OUTER_BOUND('',#689,.T.);
#363=FACE_OUTER_BOUND('',#690,.T.);
#364=FACE_OUTER_BOUND('',#691,.T.);
#365=FACE_OUTER_BOUND('',#693,.T.);
#366=FACE_OUTER_BOUND('',#694,.T.);
#367=FACE_OUTER_BOUND('',#695,.T.);
#368=FACE_OUTER_BOUND('',#696,.T.);
#369=FACE_OUTER_BOUND('',#697,.T.);
#370=FACE_OUTER_BOUND('',#698,.T.);
#371=FACE_OUTER_BOUND('',#699,.T.);
#372=FACE_OUTER_BOUND('',#700,.T.);
#373=FACE_OUTER_BOUND('',#701,.T.);
#374=FACE_OUTER_BOUND('',#702,.T.);
#375=FACE_OUTER_BOUND('',#703,.T.);
#376=FACE_OUTER_BOUND('',#704,.T.);
#377=FACE_OUTER_BOUND('',#705,.T.);
#378=FACE_OUTER_BOUND('',#706,.T.);
#379=FACE_OUTER_BOUND('',#707,.T.);
#380=FACE_OUTER_BOUND('',#708,.T.);
#381=FACE_OUTER_BOUND('',#709,.T.);
#382=FACE_OUTER_BOUND('',#710,.T.);
#383=FACE_OUTER_BOUND('',#711,.T.);
#384=FACE_OUTER_BOUND('',#712,.T.);
#385=FACE_OUTER_BOUND('',#713,.T.);
#386=FACE_OUTER_BOUND('',#714,.T.);
#387=FACE_OUTER_BOUND('',#715,.T.);
#388=FACE_OUTER_BOUND('',#716,.T.);
#389=FACE_OUTER_BOUND('',#717,.T.);
#390=FACE_OUTER_BOUND('',#718,.T.);
#391=FACE_OUTER_BOUND('',#719,.T.);
#392=FACE_OUTER_BOUND('',#720,.T.);
#393=FACE_OUTER_BOUND('',#721,.T.);
#394=FACE_OUTER_BOUND('',#722,.T.);
#395=FACE_OUTER_BOUND('',#723,.T.);
#396=FACE_OUTER_BOUND('',#724,.T.);
#397=FACE_OUTER_BOUND('',#725,.T.);
#398=FACE_OUTER_BOUND('',#726,.T.);
#399=FACE_OUTER_BOUND('',#727,.T.);
#400=FACE_OUTER_BOUND('',#728,.T.);
#401=FACE_OUTER_BOUND('',#729,.T.);
#402=FACE_OUTER_BOUND('',#730,.T.);
#403=FACE_OUTER_BOUND('',#732,.T.);
#404=FACE_OUTER_BOUND('',#733,.T.);
#405=FACE_OUTER_BOUND('',#734,.T.);
#406=FACE_OUTER_BOUND('',#735,.T.);
#407=FACE_OUTER_BOUND('',#737,.T.);
#408=FACE_OUTER_BOUND('',#738,.T.);
#409=FACE_OUTER_BOUND('',#739,.T.);
#410=FACE_OUTER_BOUND('',#740,.T.);
#411=FACE_OUTER_BOUND('',#741,.T.);
#412=FACE_OUTER_BOUND('',#742,.T.);
#413=FACE_OUTER_BOUND('',#745,.T.);
#414=FACE_OUTER_BOUND('',#746,.T.);
#415=FACE_OUTER_BOUND('',#747,.T.);
#416=FACE_OUTER_BOUND('',#748,.T.);
#417=FACE_OUTER_BOUND('',#749,.T.);
#418=FACE_OUTER_BOUND('',#750,.T.);
#419=FACE_OUTER_BOUND('',#751,.T.);
#420=FACE_OUTER_BOUND('',#752,.T.);
#421=FACE_OUTER_BOUND('',#753,.T.);
#422=FACE_OUTER_BOUND('',#754,.T.);
#423=FACE_OUTER_BOUND('',#755,.T.);
#424=FACE_OUTER_BOUND('',#756,.T.);
#425=FACE_OUTER_BOUND('',#757,.T.);
#426=FACE_OUTER_BOUND('',#758,.T.);
#427=FACE_OUTER_BOUND('',#759,.T.);
#428=FACE_OUTER_BOUND('',#760,.T.);
#429=FACE_OUTER_BOUND('',#761,.T.);
#430=FACE_OUTER_BOUND('',#762,.T.);
#431=FACE_OUTER_BOUND('',#763,.T.);
#432=FACE_OUTER_BOUND('',#764,.T.);
#433=FACE_OUTER_BOUND('',#765,.T.);
#434=FACE_OUTER_BOUND('',#766,.T.);
#435=FACE_OUTER_BOUND('',#767,.T.);
#436=FACE_OUTER_BOUND('',#768,.T.);
#437=FACE_OUTER_BOUND('',#769,.T.);
#438=FACE_OUTER_BOUND('',#770,.T.);
#439=FACE_OUTER_BOUND('',#771,.T.);
#440=FACE_OUTER_BOUND('',#772,.T.);
#441=FACE_OUTER_BOUND('',#778,.T.);
#442=FACE_OUTER_BOUND('',#779,.T.);
#443=FACE_OUTER_BOUND('',#780,.T.);
#444=FACE_OUTER_BOUND('',#781,.T.);
#445=FACE_OUTER_BOUND('',#782,.T.);
#446=FACE_OUTER_BOUND('',#783,.T.);
#447=FACE_OUTER_BOUND('',#784,.T.);
#448=FACE_OUTER_BOUND('',#785,.T.);
#449=FACE_OUTER_BOUND('',#786,.T.);
#450=FACE_OUTER_BOUND('',#787,.T.);
#451=FACE_OUTER_BOUND('',#788,.T.);
#452=FACE_OUTER_BOUND('',#789,.T.);
#453=FACE_OUTER_BOUND('',#790,.T.);
#454=FACE_OUTER_BOUND('',#791,.T.);
#455=FACE_OUTER_BOUND('',#792,.T.);
#456=FACE_OUTER_BOUND('',#793,.T.);
#457=FACE_OUTER_BOUND('',#794,.T.);
#458=FACE_OUTER_BOUND('',#795,.T.);
#459=FACE_OUTER_BOUND('',#796,.T.);
#460=FACE_OUTER_BOUND('',#797,.T.);
#461=FACE_OUTER_BOUND('',#798,.T.);
#462=FACE_OUTER_BOUND('',#799,.T.);
#463=FACE_OUTER_BOUND('',#800,.T.);
#464=FACE_OUTER_BOUND('',#801,.T.);
#465=FACE_OUTER_BOUND('',#802,.T.);
#466=FACE_OUTER_BOUND('',#803,.T.);
#467=FACE_OUTER_BOUND('',#804,.T.);
#468=FACE_OUTER_BOUND('',#805,.T.);
#469=FACE_OUTER_BOUND('',#806,.T.);
#470=FACE_OUTER_BOUND('',#807,.T.);
#471=FACE_OUTER_BOUND('',#808,.T.);
#472=FACE_OUTER_BOUND('',#809,.T.);
#473=FACE_OUTER_BOUND('',#810,.T.);
#474=FACE_OUTER_BOUND('',#811,.T.);
#475=FACE_OUTER_BOUND('',#812,.T.);
#476=FACE_OUTER_BOUND('',#813,.T.);
#477=FACE_OUTER_BOUND('',#814,.T.);
#478=FACE_OUTER_BOUND('',#815,.T.);
#479=FACE_OUTER_BOUND('',#816,.T.);
#480=FACE_OUTER_BOUND('',#817,.T.);
#481=FACE_OUTER_BOUND('',#818,.T.);
#482=FACE_OUTER_BOUND('',#820,.T.);
#483=FACE_OUTER_BOUND('',#821,.T.);
#484=FACE_OUTER_BOUND('',#822,.T.);
#485=FACE_OUTER_BOUND('',#823,.T.);
#486=FACE_OUTER_BOUND('',#824,.T.);
#487=FACE_OUTER_BOUND('',#825,.T.);
#488=FACE_OUTER_BOUND('',#826,.T.);
#489=FACE_OUTER_BOUND('',#827,.T.);
#490=FACE_OUTER_BOUND('',#828,.T.);
#491=FACE_OUTER_BOUND('',#829,.T.);
#492=FACE_OUTER_BOUND('',#830,.T.);
#493=FACE_OUTER_BOUND('',#831,.T.);
#494=FACE_OUTER_BOUND('',#832,.T.);
#495=FACE_OUTER_BOUND('',#833,.T.);
#496=FACE_OUTER_BOUND('',#834,.T.);
#497=FACE_OUTER_BOUND('',#835,.T.);
#498=FACE_OUTER_BOUND('',#836,.T.);
#499=FACE_OUTER_BOUND('',#837,.T.);
#500=FACE_OUTER_BOUND('',#838,.T.);
#501=FACE_OUTER_BOUND('',#839,.T.);
#502=FACE_OUTER_BOUND('',#840,.T.);
#503=FACE_OUTER_BOUND('',#841,.T.);
#504=FACE_OUTER_BOUND('',#842,.T.);
#505=FACE_OUTER_BOUND('',#843,.T.);
#506=FACE_OUTER_BOUND('',#844,.T.);
#507=FACE_OUTER_BOUND('',#845,.T.);
#508=FACE_OUTER_BOUND('',#846,.T.);
#509=FACE_OUTER_BOUND('',#847,.T.);
#510=FACE_OUTER_BOUND('',#848,.T.);
#511=FACE_OUTER_BOUND('',#849,.T.);
#512=FACE_OUTER_BOUND('',#850,.T.);
#513=FACE_OUTER_BOUND('',#851,.T.);
#514=FACE_OUTER_BOUND('',#852,.T.);
#515=FACE_OUTER_BOUND('',#853,.T.);
#516=FACE_OUTER_BOUND('',#854,.T.);
#517=FACE_OUTER_BOUND('',#855,.T.);
#518=FACE_OUTER_BOUND('',#856,.T.);
#519=FACE_OUTER_BOUND('',#857,.T.);
#520=FACE_OUTER_BOUND('',#858,.T.);
#521=FACE_OUTER_BOUND('',#859,.T.);
#522=FACE_OUTER_BOUND('',#860,.T.);
#523=FACE_OUTER_BOUND('',#861,.T.);
#524=FACE_OUTER_BOUND('',#862,.T.);
#525=FACE_OUTER_BOUND('',#863,.T.);
#526=FACE_OUTER_BOUND('',#864,.T.);
#527=FACE_OUTER_BOUND('',#865,.T.);
#528=FACE_OUTER_BOUND('',#866,.T.);
#529=FACE_OUTER_BOUND('',#867,.T.);
#530=FACE_OUTER_BOUND('',#869,.T.);
#531=FACE_OUTER_BOUND('',#870,.T.);
#532=FACE_OUTER_BOUND('',#871,.T.);
#533=FACE_OUTER_BOUND('',#872,.T.);
#534=FACE_OUTER_BOUND('',#873,.T.);
#535=FACE_OUTER_BOUND('',#874,.T.);
#536=FACE_OUTER_BOUND('',#875,.T.);
#537=FACE_OUTER_BOUND('',#876,.T.);
#538=FACE_OUTER_BOUND('',#877,.T.);
#539=FACE_OUTER_BOUND('',#878,.T.);
#540=FACE_OUTER_BOUND('',#879,.T.);
#541=FACE_OUTER_BOUND('',#880,.T.);
#542=FACE_OUTER_BOUND('',#881,.T.);
#543=FACE_OUTER_BOUND('',#882,.T.);
#544=FACE_OUTER_BOUND('',#883,.T.);
#545=FACE_OUTER_BOUND('',#884,.T.);
#546=FACE_OUTER_BOUND('',#885,.T.);
#547=FACE_OUTER_BOUND('',#886,.T.);
#548=FACE_OUTER_BOUND('',#887,.T.);
#549=FACE_OUTER_BOUND('',#888,.T.);
#550=FACE_OUTER_BOUND('',#889,.T.);
#551=FACE_OUTER_BOUND('',#890,.T.);
#552=FACE_OUTER_BOUND('',#891,.T.);
#553=FACE_OUTER_BOUND('',#892,.T.);
#554=FACE_OUTER_BOUND('',#893,.T.);
#555=FACE_OUTER_BOUND('',#894,.T.);
#556=FACE_OUTER_BOUND('',#895,.T.);
#557=FACE_OUTER_BOUND('',#896,.T.);
#558=FACE_OUTER_BOUND('',#897,.T.);
#559=FACE_OUTER_BOUND('',#898,.T.);
#560=FACE_OUTER_BOUND('',#899,.T.);
#561=FACE_OUTER_BOUND('',#900,.T.);
#562=FACE_OUTER_BOUND('',#901,.T.);
#563=EDGE_LOOP('',(#3576,#3577,#3578,#3579));
#564=EDGE_LOOP('',(#3580,#3581,#3582,#3583));
#565=EDGE_LOOP('',(#3584,#3585,#3586,#3587,#3588,#3589,#3590));
#566=EDGE_LOOP('',(#3591,#3592,#3593,#3594,#3595,#3596,#3597,#3598,#3599,
#3600));
#567=EDGE_LOOP('',(#3601,#3602,#3603,#3604,#3605,#3606,#3607,#3608,#3609,
#3610));
#568=EDGE_LOOP('',(#3611,#3612,#3613,#3614,#3615,#3616,#3617,#3618,#3619,
#3620));
#569=EDGE_LOOP('',(#3621,#3622,#3623,#3624,#3625,#3626,#3627,#3628,#3629,
#3630,#3631,#3632,#3633,#3634));
#570=EDGE_LOOP('',(#3635));
#571=EDGE_LOOP('',(#3636));
#572=EDGE_LOOP('',(#3637));
#573=EDGE_LOOP('',(#3638));
#574=EDGE_LOOP('',(#3639,#3640,#3641,#3642,#3643,#3644,#3645,#3646,#3647,
#3648,#3649,#3650,#3651,#3652,#3653,#3654,#3655,#3656,#3657,#3658,#3659,
#3660,#3661,#3662,#3663,#3664));
#575=EDGE_LOOP('',(#3665,#3666,#3667,#3668));
#576=EDGE_LOOP('',(#3669,#3670,#3671,#3672));
#577=EDGE_LOOP('',(#3673,#3674,#3675,#3676,#3677,#3678,#3679));
#578=EDGE_LOOP('',(#3680,#3681,#3682));
#579=EDGE_LOOP('',(#3683,#3684,#3685));
#580=EDGE_LOOP('',(#3686,#3687,#3688));
#581=EDGE_LOOP('',(#3689,#3690,#3691));
#582=EDGE_LOOP('',(#3692,#3693,#3694,#3695));
#583=EDGE_LOOP('',(#3696,#3697,#3698,#3699));
#584=EDGE_LOOP('',(#3700,#3701,#3702,#3703));
#585=EDGE_LOOP('',(#3704,#3705,#3706,#3707));
#586=EDGE_LOOP('',(#3708,#3709,#3710,#3711));
#587=EDGE_LOOP('',(#3712,#3713,#3714,#3715));
#588=EDGE_LOOP('',(#3716,#3717,#3718,#3719));
#589=EDGE_LOOP('',(#3720,#3721,#3722,#3723));
#590=EDGE_LOOP('',(#3724,#3725,#3726,#3727));
#591=EDGE_LOOP('',(#3728,#3729,#3730,#3731));
#592=EDGE_LOOP('',(#3732,#3733,#3734,#3735));
#593=EDGE_LOOP('',(#3736,#3737,#3738,#3739));
#594=EDGE_LOOP('',(#3740,#3741,#3742,#3743));
#595=EDGE_LOOP('',(#3744,#3745,#3746,#3747,#3748));
#596=EDGE_LOOP('',(#3749,#3750,#3751,#3752));
#597=EDGE_LOOP('',(#3753,#3754,#3755,#3756));
#598=EDGE_LOOP('',(#3757,#3758,#3759,#3760));
#599=EDGE_LOOP('',(#3761,#3762,#3763,#3764));
#600=EDGE_LOOP('',(#3765,#3766,#3767,#3768));
#601=EDGE_LOOP('',(#3769,#3770,#3771,#3772));
#602=EDGE_LOOP('',(#3773,#3774,#3775,#3776));
#603=EDGE_LOOP('',(#3777,#3778,#3779,#3780));
#604=EDGE_LOOP('',(#3781,#3782,#3783,#3784));
#605=EDGE_LOOP('',(#3785,#3786,#3787,#3788));
#606=EDGE_LOOP('',(#3789,#3790,#3791,#3792));
#607=EDGE_LOOP('',(#3793,#3794,#3795,#3796,#3797));
#608=EDGE_LOOP('',(#3798,#3799,#3800,#3801));
#609=EDGE_LOOP('',(#3802,#3803,#3804,#3805));
#610=EDGE_LOOP('',(#3806,#3807,#3808,#3809,#3810,#3811));
#611=EDGE_LOOP('',(#3812,#3813,#3814,#3815));
#612=EDGE_LOOP('',(#3816,#3817,#3818,#3819));
#613=EDGE_LOOP('',(#3820,#3821,#3822,#3823));
#614=EDGE_LOOP('',(#3824,#3825,#3826,#3827));
#615=EDGE_LOOP('',(#3828,#3829,#3830,#3831));
#616=EDGE_LOOP('',(#3832,#3833,#3834,#3835));
#617=EDGE_LOOP('',(#3836,#3837,#3838,#3839));
#618=EDGE_LOOP('',(#3840,#3841,#3842));
#619=EDGE_LOOP('',(#3843,#3844,#3845,#3846));
#620=EDGE_LOOP('',(#3847,#3848,#3849));
#621=EDGE_LOOP('',(#3850,#3851,#3852,#3853,#3854,#3855,#3856,#3857,#3858,
#3859,#3860,#3861,#3862,#3863,#3864,#3865,#3866,#3867,#3868,#3869,#3870,
#3871,#3872,#3873,#3874,#3875,#3876,#3877,#3878,#3879,#3880,#3881,#3882,
#3883));
#622=EDGE_LOOP('',(#3884,#3885,#3886,#3887,#3888,#3889,#3890,#3891,#3892,
#3893,#3894,#3895));
#623=EDGE_LOOP('',(#3896,#3897,#3898,#3899,#3900,#3901,#3902,#3903,#3904,
#3905,#3906,#3907));
#624=EDGE_LOOP('',(#3908,#3909,#3910,#3911,#3912,#3913,#3914,#3915,#3916,
#3917,#3918,#3919));
#625=EDGE_LOOP('',(#3920,#3921,#3922,#3923,#3924,#3925,#3926,#3927,#3928,
#3929,#3930,#3931));
#626=EDGE_LOOP('',(#3932,#3933,#3934,#3935));
#627=EDGE_LOOP('',(#3936,#3937,#3938,#3939));
#628=EDGE_LOOP('',(#3940,#3941,#3942,#3943,#3944,#3945,#3946,#3947,#3948,
#3949));
#629=EDGE_LOOP('',(#3950,#3951,#3952,#3953,#3954,#3955,#3956,#3957,#3958,
#3959));
#630=EDGE_LOOP('',(#3960,#3961,#3962,#3963,#3964,#3965,#3966,#3967,#3968,
#3969));
#631=EDGE_LOOP('',(#3970,#3971,#3972,#3973));
#632=EDGE_LOOP('',(#3974,#3975,#3976,#3977));
#633=EDGE_LOOP('',(#3978,#3979,#3980,#3981));
#634=EDGE_LOOP('',(#3982,#3983,#3984,#3985,#3986,#3987,#3988,#3989,#3990,
#3991));
#635=EDGE_LOOP('',(#3992,#3993,#3994,#3995,#3996,#3997,#3998,#3999,#4000,
#4001));
#636=EDGE_LOOP('',(#4002,#4003,#4004,#4005,#4006,#4007,#4008,#4009,#4010,
#4011));
#637=EDGE_LOOP('',(#4012,#4013,#4014,#4015));
#638=EDGE_LOOP('',(#4016,#4017,#4018,#4019));
#639=EDGE_LOOP('',(#4020,#4021,#4022,#4023));
#640=EDGE_LOOP('',(#4024,#4025,#4026,#4027));
#641=EDGE_LOOP('',(#4028,#4029,#4030,#4031));
#642=EDGE_LOOP('',(#4032,#4033,#4034,#4035));
#643=EDGE_LOOP('',(#4036,#4037,#4038,#4039));
#644=EDGE_LOOP('',(#4040,#4041,#4042,#4043,#4044,#4045,#4046,#4047,#4048,
#4049));
#645=EDGE_LOOP('',(#4050,#4051,#4052,#4053,#4054,#4055,#4056,#4057,#4058,
#4059));
#646=EDGE_LOOP('',(#4060,#4061,#4062,#4063,#4064,#4065,#4066,#4067,#4068,
#4069));
#647=EDGE_LOOP('',(#4070,#4071,#4072,#4073));
#648=EDGE_LOOP('',(#4074,#4075,#4076,#4077));
#649=EDGE_LOOP('',(#4078,#4079,#4080,#4081));
#650=EDGE_LOOP('',(#4082,#4083,#4084,#4085));
#651=EDGE_LOOP('',(#4086,#4087,#4088,#4089));
#652=EDGE_LOOP('',(#4090,#4091,#4092,#4093));
#653=EDGE_LOOP('',(#4094,#4095,#4096,#4097));
#654=EDGE_LOOP('',(#4098,#4099,#4100,#4101));
#655=EDGE_LOOP('',(#4102,#4103,#4104,#4105));
#656=EDGE_LOOP('',(#4106,#4107,#4108,#4109));
#657=EDGE_LOOP('',(#4110,#4111,#4112,#4113));
#658=EDGE_LOOP('',(#4114,#4115,#4116,#4117));
#659=EDGE_LOOP('',(#4118,#4119,#4120,#4121));
#660=EDGE_LOOP('',(#4122,#4123,#4124,#4125));
#661=EDGE_LOOP('',(#4126,#4127,#4128,#4129,#4130,#4131));
#662=EDGE_LOOP('',(#4132,#4133,#4134,#4135));
#663=EDGE_LOOP('',(#4136,#4137,#4138,#4139));
#664=EDGE_LOOP('',(#4140,#4141,#4142,#4143,#4144,#4145));
#665=EDGE_LOOP('',(#4146,#4147,#4148,#4149,#4150,#4151,#4152,#4153,#4154,
#4155));
#666=EDGE_LOOP('',(#4156,#4157,#4158));
#667=EDGE_LOOP('',(#4159,#4160,#4161,#4162,#4163,#4164));
#668=EDGE_LOOP('',(#4165,#4166,#4167));
#669=EDGE_LOOP('',(#4168,#4169,#4170,#4171));
#670=EDGE_LOOP('',(#4172,#4173,#4174,#4175,#4176,#4177,#4178,#4179,#4180,
#4181,#4182,#4183,#4184,#4185,#4186,#4187));
#671=EDGE_LOOP('',(#4188,#4189,#4190,#4191,#4192,#4193,#4194,#4195,#4196));
#672=EDGE_LOOP('',(#4197,#4198,#4199,#4200));
#673=EDGE_LOOP('',(#4201,#4202,#4203,#4204,#4205,#4206));
#674=EDGE_LOOP('',(#4207,#4208,#4209));
#675=EDGE_LOOP('',(#4210,#4211,#4212,#4213,#4214,#4215,#4216,#4217));
#676=EDGE_LOOP('',(#4218,#4219,#4220));
#677=EDGE_LOOP('',(#4221,#4222,#4223,#4224,#4225,#4226));
#678=EDGE_LOOP('',(#4227,#4228,#4229));
#679=EDGE_LOOP('',(#4230,#4231,#4232));
#680=EDGE_LOOP('',(#4233,#4234,#4235,#4236));
#681=EDGE_LOOP('',(#4237,#4238,#4239,#4240));
#682=EDGE_LOOP('',(#4241,#4242,#4243,#4244));
#683=EDGE_LOOP('',(#4245,#4246,#4247,#4248));
#684=EDGE_LOOP('',(#4249,#4250,#4251,#4252));
#685=EDGE_LOOP('',(#4253,#4254,#4255,#4256));
#686=EDGE_LOOP('',(#4257,#4258,#4259,#4260));
#687=EDGE_LOOP('',(#4261,#4262,#4263,#4264));
#688=EDGE_LOOP('',(#4265,#4266,#4267,#4268));
#689=EDGE_LOOP('',(#4269,#4270,#4271,#4272));
#690=EDGE_LOOP('',(#4273,#4274,#4275));
#691=EDGE_LOOP('',(#4276,#4277,#4278,#4279,#4280,#4281,#4282,#4283,#4284,
#4285,#4286,#4287,#4288,#4289,#4290,#4291,#4292,#4293,#4294));
#692=EDGE_LOOP('',(#4295,#4296,#4297,#4298,#4299,#4300,#4301,#4302,#4303));
#693=EDGE_LOOP('',(#4304,#4305,#4306,#4307));
#694=EDGE_LOOP('',(#4308,#4309,#4310));
#695=EDGE_LOOP('',(#4311,#4312,#4313,#4314,#4315,#4316));
#696=EDGE_LOOP('',(#4317,#4318,#4319,#4320,#4321));
#697=EDGE_LOOP('',(#4322,#4323,#4324,#4325));
#698=EDGE_LOOP('',(#4326,#4327,#4328,#4329));
#699=EDGE_LOOP('',(#4330,#4331,#4332));
#700=EDGE_LOOP('',(#4333,#4334,#4335,#4336));
#701=EDGE_LOOP('',(#4337,#4338,#4339,#4340));
#702=EDGE_LOOP('',(#4341,#4342,#4343));
#703=EDGE_LOOP('',(#4344,#4345,#4346,#4347));
#704=EDGE_LOOP('',(#4348,#4349,#4350,#4351));
#705=EDGE_LOOP('',(#4352,#4353,#4354,#4355));
#706=EDGE_LOOP('',(#4356,#4357,#4358,#4359));
#707=EDGE_LOOP('',(#4360,#4361,#4362,#4363,#4364,#4365));
#708=EDGE_LOOP('',(#4366,#4367,#4368,#4369));
#709=EDGE_LOOP('',(#4370,#4371,#4372,#4373));
#710=EDGE_LOOP('',(#4374,#4375,#4376,#4377,#4378,#4379,#4380,#4381));
#711=EDGE_LOOP('',(#4382,#4383,#4384,#4385));
#712=EDGE_LOOP('',(#4386,#4387,#4388,#4389,#4390,#4391));
#713=EDGE_LOOP('',(#4392,#4393,#4394,#4395,#4396,#4397));
#714=EDGE_LOOP('',(#4398,#4399,#4400,#4401));
#715=EDGE_LOOP('',(#4402,#4403,#4404,#4405));
#716=EDGE_LOOP('',(#4406,#4407,#4408,#4409));
#717=EDGE_LOOP('',(#4410,#4411,#4412,#4413));
#718=EDGE_LOOP('',(#4414,#4415,#4416));
#719=EDGE_LOOP('',(#4417,#4418,#4419));
#720=EDGE_LOOP('',(#4420,#4421,#4422,#4423));
#721=EDGE_LOOP('',(#4424,#4425,#4426,#4427));
#722=EDGE_LOOP('',(#4428,#4429,#4430,#4431,#4432,#4433));
#723=EDGE_LOOP('',(#4434,#4435,#4436,#4437,#4438,#4439,#4440,#4441));
#724=EDGE_LOOP('',(#4442,#4443,#4444));
#725=EDGE_LOOP('',(#4445,#4446,#4447,#4448,#4449));
#726=EDGE_LOOP('',(#4450,#4451,#4452,#4453));
#727=EDGE_LOOP('',(#4454,#4455,#4456,#4457));
#728=EDGE_LOOP('',(#4458,#4459,#4460,#4461,#4462,#4463));
#729=EDGE_LOOP('',(#4464,#4465,#4466,#4467));
#730=EDGE_LOOP('',(#4468,#4469,#4470,#4471,#4472,#4473,#4474));
#731=EDGE_LOOP('',(#4475));
#732=EDGE_LOOP('',(#4476,#4477,#4478,#4479,#4480,#4481));
#733=EDGE_LOOP('',(#4482,#4483,#4484,#4485,#4486,#4487));
#734=EDGE_LOOP('',(#4488,#4489,#4490,#4491));
#735=EDGE_LOOP('',(#4492,#4493,#4494,#4495,#4496,#4497,#4498,#4499,#4500,
#4501,#4502,#4503,#4504,#4505,#4506,#4507,#4508,#4509,#4510,#4511,#4512,
#4513));
#736=EDGE_LOOP('',(#4514,#4515,#4516,#4517,#4518,#4519,#4520,#4521));
#737=EDGE_LOOP('',(#4522,#4523,#4524,#4525,#4526,#4527));
#738=EDGE_LOOP('',(#4528,#4529,#4530,#4531,#4532,#4533));
#739=EDGE_LOOP('',(#4534,#4535,#4536,#4537));
#740=EDGE_LOOP('',(#4538,#4539,#4540,#4541));
#741=EDGE_LOOP('',(#4542,#4543,#4544,#4545));
#742=EDGE_LOOP('',(#4546,#4547,#4548,#4549,#4550,#4551,#4552,#4553,#4554,
#4555,#4556,#4557,#4558,#4559,#4560,#4561));
#743=EDGE_LOOP('',(#4562));
#744=EDGE_LOOP('',(#4563));
#745=EDGE_LOOP('',(#4564,#4565,#4566,#4567));
#746=EDGE_LOOP('',(#4568,#4569,#4570,#4571,#4572));
#747=EDGE_LOOP('',(#4573,#4574,#4575,#4576));
#748=EDGE_LOOP('',(#4577,#4578,#4579,#4580));
#749=EDGE_LOOP('',(#4581,#4582,#4583,#4584,#4585,#4586,#4587,#4588));
#750=EDGE_LOOP('',(#4589,#4590,#4591,#4592,#4593,#4594,#4595,#4596));
#751=EDGE_LOOP('',(#4597,#4598,#4599,#4600));
#752=EDGE_LOOP('',(#4601,#4602,#4603,#4604,#4605,#4606));
#753=EDGE_LOOP('',(#4607,#4608,#4609));
#754=EDGE_LOOP('',(#4610,#4611,#4612,#4613));
#755=EDGE_LOOP('',(#4614,#4615,#4616,#4617));
#756=EDGE_LOOP('',(#4618,#4619,#4620,#4621));
#757=EDGE_LOOP('',(#4622,#4623,#4624,#4625));
#758=EDGE_LOOP('',(#4626,#4627,#4628));
#759=EDGE_LOOP('',(#4629,#4630,#4631,#4632));
#760=EDGE_LOOP('',(#4633,#4634,#4635,#4636,#4637,#4638,#4639,#4640,#4641,
#4642,#4643,#4644,#4645,#4646,#4647,#4648));
#761=EDGE_LOOP('',(#4649,#4650,#4651,#4652));
#762=EDGE_LOOP('',(#4653,#4654,#4655,#4656));
#763=EDGE_LOOP('',(#4657,#4658,#4659,#4660));
#764=EDGE_LOOP('',(#4661,#4662,#4663,#4664));
#765=EDGE_LOOP('',(#4665,#4666,#4667,#4668));
#766=EDGE_LOOP('',(#4669,#4670,#4671,#4672));
#767=EDGE_LOOP('',(#4673,#4674,#4675,#4676));
#768=EDGE_LOOP('',(#4677,#4678,#4679,#4680));
#769=EDGE_LOOP('',(#4681,#4682,#4683,#4684));
#770=EDGE_LOOP('',(#4685,#4686,#4687,#4688));
#771=EDGE_LOOP('',(#4689,#4690,#4691,#4692));
#772=EDGE_LOOP('',(#4693,#4694,#4695,#4696,#4697,#4698,#4699,#4700));
#773=EDGE_LOOP('',(#4701,#4702,#4703,#4704,#4705,#4706,#4707,#4708,#4709,
#4710,#4711,#4712));
#774=EDGE_LOOP('',(#4713,#4714,#4715,#4716,#4717,#4718,#4719,#4720,#4721,
#4722,#4723,#4724));
#775=EDGE_LOOP('',(#4725,#4726,#4727,#4728,#4729,#4730,#4731,#4732,#4733,
#4734,#4735,#4736));
#776=EDGE_LOOP('',(#4737,#4738,#4739,#4740,#4741,#4742,#4743,#4744,#4745,
#4746,#4747,#4748));
#777=EDGE_LOOP('',(#4749,#4750,#4751,#4752,#4753,#4754,#4755,#4756));
#778=EDGE_LOOP('',(#4757,#4758,#4759,#4760));
#779=EDGE_LOOP('',(#4761,#4762,#4763,#4764));
#780=EDGE_LOOP('',(#4765,#4766,#4767,#4768));
#781=EDGE_LOOP('',(#4769,#4770,#4771,#4772));
#782=EDGE_LOOP('',(#4773,#4774,#4775,#4776));
#783=EDGE_LOOP('',(#4777,#4778,#4779,#4780));
#784=EDGE_LOOP('',(#4781,#4782,#4783,#4784));
#785=EDGE_LOOP('',(#4785,#4786,#4787,#4788));
#786=EDGE_LOOP('',(#4789,#4790,#4791,#4792));
#787=EDGE_LOOP('',(#4793,#4794,#4795,#4796));
#788=EDGE_LOOP('',(#4797,#4798,#4799,#4800));
#789=EDGE_LOOP('',(#4801,#4802,#4803,#4804));
#790=EDGE_LOOP('',(#4805,#4806,#4807,#4808));
#791=EDGE_LOOP('',(#4809,#4810,#4811,#4812));
#792=EDGE_LOOP('',(#4813,#4814,#4815,#4816));
#793=EDGE_LOOP('',(#4817,#4818,#4819,#4820));
#794=EDGE_LOOP('',(#4821,#4822,#4823,#4824));
#795=EDGE_LOOP('',(#4825,#4826,#4827,#4828));
#796=EDGE_LOOP('',(#4829,#4830,#4831,#4832));
#797=EDGE_LOOP('',(#4833,#4834,#4835,#4836));
#798=EDGE_LOOP('',(#4837,#4838,#4839,#4840));
#799=EDGE_LOOP('',(#4841,#4842,#4843,#4844));
#800=EDGE_LOOP('',(#4845,#4846,#4847,#4848));
#801=EDGE_LOOP('',(#4849,#4850,#4851,#4852));
#802=EDGE_LOOP('',(#4853,#4854,#4855,#4856));
#803=EDGE_LOOP('',(#4857,#4858,#4859,#4860));
#804=EDGE_LOOP('',(#4861,#4862,#4863,#4864));
#805=EDGE_LOOP('',(#4865,#4866,#4867,#4868));
#806=EDGE_LOOP('',(#4869,#4870,#4871,#4872));
#807=EDGE_LOOP('',(#4873,#4874,#4875,#4876));
#808=EDGE_LOOP('',(#4877,#4878,#4879,#4880));
#809=EDGE_LOOP('',(#4881,#4882,#4883,#4884));
#810=EDGE_LOOP('',(#4885,#4886,#4887));
#811=EDGE_LOOP('',(#4888,#4889,#4890,#4891));
#812=EDGE_LOOP('',(#4892,#4893,#4894));
#813=EDGE_LOOP('',(#4895,#4896,#4897,#4898));
#814=EDGE_LOOP('',(#4899,#4900,#4901));
#815=EDGE_LOOP('',(#4902,#4903,#4904));
#816=EDGE_LOOP('',(#4905,#4906,#4907,#4908));
#817=EDGE_LOOP('',(#4909,#4910,#4911,#4912));
#818=EDGE_LOOP('',(#4913,#4914,#4915,#4916));
#819=EDGE_LOOP('',(#4917,#4918,#4919,#4920,#4921,#4922,#4923,#4924));
#820=EDGE_LOOP('',(#4925,#4926,#4927,#4928));
#821=EDGE_LOOP('',(#4929,#4930,#4931,#4932));
#822=EDGE_LOOP('',(#4933,#4934,#4935,#4936));
#823=EDGE_LOOP('',(#4937,#4938,#4939,#4940));
#824=EDGE_LOOP('',(#4941,#4942,#4943,#4944));
#825=EDGE_LOOP('',(#4945,#4946,#4947,#4948));
#826=EDGE_LOOP('',(#4949,#4950,#4951,#4952));
#827=EDGE_LOOP('',(#4953,#4954,#4955,#4956));
#828=EDGE_LOOP('',(#4957,#4958,#4959,#4960));
#829=EDGE_LOOP('',(#4961,#4962,#4963,#4964,#4965,#4966,#4967,#4968));
#830=EDGE_LOOP('',(#4969,#4970,#4971,#4972));
#831=EDGE_LOOP('',(#4973,#4974,#4975,#4976));
#832=EDGE_LOOP('',(#4977,#4978,#4979,#4980));
#833=EDGE_LOOP('',(#4981,#4982,#4983,#4984,#4985,#4986,#4987,#4988));
#834=EDGE_LOOP('',(#4989,#4990,#4991,#4992));
#835=EDGE_LOOP('',(#4993,#4994,#4995,#4996));
#836=EDGE_LOOP('',(#4997,#4998,#4999,#5000));
#837=EDGE_LOOP('',(#5001,#5002,#5003,#5004));
#838=EDGE_LOOP('',(#5005,#5006,#5007,#5008,#5009));
#839=EDGE_LOOP('',(#5010,#5011,#5012,#5013));
#840=EDGE_LOOP('',(#5014,#5015,#5016,#5017));
#841=EDGE_LOOP('',(#5018,#5019,#5020,#5021));
#842=EDGE_LOOP('',(#5022,#5023,#5024,#5025));
#843=EDGE_LOOP('',(#5026,#5027,#5028,#5029));
#844=EDGE_LOOP('',(#5030,#5031,#5032,#5033));
#845=EDGE_LOOP('',(#5034,#5035,#5036,#5037));
#846=EDGE_LOOP('',(#5038,#5039,#5040,#5041));
#847=EDGE_LOOP('',(#5042,#5043,#5044,#5045));
#848=EDGE_LOOP('',(#5046,#5047,#5048,#5049));
#849=EDGE_LOOP('',(#5050,#5051,#5052,#5053));
#850=EDGE_LOOP('',(#5054,#5055,#5056,#5057));
#851=EDGE_LOOP('',(#5058,#5059,#5060,#5061));
#852=EDGE_LOOP('',(#5062,#5063,#5064,#5065));
#853=EDGE_LOOP('',(#5066,#5067,#5068,#5069));
#854=EDGE_LOOP('',(#5070,#5071,#5072,#5073));
#855=EDGE_LOOP('',(#5074,#5075,#5076,#5077));
#856=EDGE_LOOP('',(#5078,#5079,#5080,#5081));
#857=EDGE_LOOP('',(#5082,#5083,#5084,#5085));
#858=EDGE_LOOP('',(#5086,#5087,#5088,#5089));
#859=EDGE_LOOP('',(#5090,#5091,#5092,#5093));
#860=EDGE_LOOP('',(#5094,#5095,#5096,#5097));
#861=EDGE_LOOP('',(#5098,#5099,#5100,#5101));
#862=EDGE_LOOP('',(#5102,#5103,#5104,#5105));
#863=EDGE_LOOP('',(#5106,#5107,#5108,#5109,#5110,#5111));
#864=EDGE_LOOP('',(#5112,#5113,#5114,#5115,#5116,#5117,#5118,#5119));
#865=EDGE_LOOP('',(#5120,#5121,#5122,#5123,#5124,#5125));
#866=EDGE_LOOP('',(#5126,#5127,#5128,#5129,#5130,#5131,#5132,#5133));
#867=EDGE_LOOP('',(#5134,#5135,#5136,#5137,#5138,#5139,#5140));
#868=EDGE_LOOP('',(#5141));
#869=EDGE_LOOP('',(#5142,#5143,#5144,#5145));
#870=EDGE_LOOP('',(#5146,#5147,#5148,#5149,#5150));
#871=EDGE_LOOP('',(#5151,#5152,#5153,#5154,#5155,#5156));
#872=EDGE_LOOP('',(#5157,#5158,#5159,#5160));
#873=EDGE_LOOP('',(#5161,#5162,#5163,#5164));
#874=EDGE_LOOP('',(#5165,#5166,#5167,#5168));
#875=EDGE_LOOP('',(#5169,#5170,#5171,#5172));
#876=EDGE_LOOP('',(#5173,#5174,#5175,#5176));
#877=EDGE_LOOP('',(#5177,#5178,#5179,#5180));
#878=EDGE_LOOP('',(#5181,#5182,#5183,#5184));
#879=EDGE_LOOP('',(#5185,#5186,#5187,#5188));
#880=EDGE_LOOP('',(#5189,#5190,#5191,#5192));
#881=EDGE_LOOP('',(#5193,#5194,#5195,#5196));
#882=EDGE_LOOP('',(#5197,#5198,#5199,#5200));
#883=EDGE_LOOP('',(#5201,#5202,#5203,#5204));
#884=EDGE_LOOP('',(#5205,#5206,#5207,#5208));
#885=EDGE_LOOP('',(#5209,#5210,#5211,#5212));
#886=EDGE_LOOP('',(#5213,#5214,#5215,#5216));
#887=EDGE_LOOP('',(#5217,#5218,#5219));
#888=EDGE_LOOP('',(#5220,#5221,#5222,#5223));
#889=EDGE_LOOP('',(#5224,#5225,#5226,#5227));
#890=EDGE_LOOP('',(#5228,#5229,#5230,#5231));
#891=EDGE_LOOP('',(#5232,#5233,#5234,#5235));
#892=EDGE_LOOP('',(#5236,#5237,#5238,#5239));
#893=EDGE_LOOP('',(#5240,#5241,#5242,#5243));
#894=EDGE_LOOP('',(#5244,#5245,#5246,#5247));
#895=EDGE_LOOP('',(#5248,#5249,#5250,#5251));
#896=EDGE_LOOP('',(#5252,#5253,#5254,#5255));
#897=EDGE_LOOP('',(#5256,#5257,#5258,#5259));
#898=EDGE_LOOP('',(#5260,#5261,#5262,#5263,#5264,#5265,#5266,#5267));
#899=EDGE_LOOP('',(#5268,#5269,#5270,#5271,#5272,#5273,#5274,#5275,#5276,
#5277,#5278,#5279));
#900=EDGE_LOOP('',(#5280,#5281,#5282,#5283));
#901=EDGE_LOOP('',(#5284,#5285,#5286,#5287));
#902=LINE('',#8145,#1390);
#903=LINE('',#8148,#1391);
#904=LINE('',#8189,#1392);
#905=LINE('',#8204,#1393);
#906=LINE('',#8216,#1394);
#907=LINE('',#8219,#1395);
#908=LINE('',#8227,#1396);
#909=LINE('',#8229,#1397);
#910=LINE('',#8231,#1398);
#911=LINE('',#8232,#1399);
#912=LINE('',#8241,#1400);
#913=LINE('',#8245,#1401);
#914=LINE('',#8249,#1402);
#915=LINE('',#8252,#1403);
#916=LINE('',#8257,#1404);
#917=LINE('',#8261,#1405);
#918=LINE('',#8265,#1406);
#919=LINE('',#8269,#1407);
#920=LINE('',#8275,#1408);
#921=LINE('',#8277,#1409);
#922=LINE('',#8279,#1410);
#923=LINE('',#8283,#1411);
#924=LINE('',#8285,#1412);
#925=LINE('',#8287,#1413);
#926=LINE('',#8291,#1414);
#927=LINE('',#8295,#1415);
#928=LINE('',#8296,#1416);
#929=LINE('',#8309,#1417);
#930=LINE('',#8313,#1418);
#931=LINE('',#8317,#1419);
#932=LINE('',#8321,#1420);
#933=LINE('',#8323,#1421);
#934=LINE('',#8327,#1422);
#935=LINE('',#8331,#1423);
#936=LINE('',#8335,#1424);
#937=LINE('',#8339,#1425);
#938=LINE('',#8343,#1426);
#939=LINE('',#8347,#1427);
#940=LINE('',#8351,#1428);
#941=LINE('',#8355,#1429);
#942=LINE('',#8356,#1430);
#943=LINE('',#8359,#1431);
#944=LINE('',#8362,#1432);
#945=LINE('',#8435,#1433);
#946=LINE('',#8437,#1434);
#947=LINE('',#8449,#1435);
#948=LINE('',#8598,#1436);
#949=LINE('',#8599,#1437);
#950=LINE('',#8641,#1438);
#951=LINE('',#8642,#1439);
#952=LINE('',#8645,#1440);
#953=LINE('',#8648,#1441);
#954=LINE('',#8656,#1442);
#955=LINE('',#8657,#1443);
#956=LINE('',#8659,#1444);
#957=LINE('',#8660,#1445);
#958=LINE('',#8663,#1446);
#959=LINE('',#8666,#1447);
#960=LINE('',#8674,#1448);
#961=LINE('',#8675,#1449);
#962=LINE('',#8678,#1450);
#963=LINE('',#8681,#1451);
#964=LINE('',#8718,#1452);
#965=LINE('',#8719,#1453);
#966=LINE('',#8721,#1454);
#967=LINE('',#8723,#1455);
#968=LINE('',#8725,#1456);
#969=LINE('',#8727,#1457);
#970=LINE('',#8729,#1458);
#971=LINE('',#8731,#1459);
#972=LINE('',#8733,#1460);
#973=LINE('',#8735,#1461);
#974=LINE('',#8737,#1462);
#975=LINE('',#8739,#1463);
#976=LINE('',#8741,#1464);
#977=LINE('',#8743,#1465);
#978=LINE('',#8747,#1466);
#979=LINE('',#8750,#1467);
#980=LINE('',#8768,#1468);
#981=LINE('',#8771,#1469);
#982=LINE('',#8774,#1470);
#983=LINE('',#8775,#1471);
#984=LINE('',#8778,#1472);
#985=LINE('',#8781,#1473);
#986=LINE('',#8799,#1474);
#987=LINE('',#8802,#1475);
#988=LINE('',#8804,#1476);
#989=LINE('',#8807,#1477);
#990=LINE('',#8812,#1478);
#991=LINE('',#8818,#1479);
#992=LINE('',#8823,#1480);
#993=LINE('',#8824,#1481);
#994=LINE('',#8826,#1482);
#995=LINE('',#8828,#1483);
#996=LINE('',#8830,#1484);
#997=LINE('',#8834,#1485);
#998=LINE('',#8838,#1486);
#999=LINE('',#8840,#1487);
#1000=LINE('',#8842,#1488);
#1001=LINE('',#8844,#1489);
#1002=LINE('',#8846,#1490);
#1003=LINE('',#8850,#1491);
#1004=LINE('',#8854,#1492);
#1005=LINE('',#8856,#1493);
#1006=LINE('',#8857,#1494);
#1007=LINE('',#8858,#1495);
#1008=LINE('',#8867,#1496);
#1009=LINE('',#8871,#1497);
#1010=LINE('',#8879,#1498);
#1011=LINE('',#8882,#1499);
#1012=LINE('',#8887,#1500);
#1013=LINE('',#8891,#1501);
#1014=LINE('',#8899,#1502);
#1015=LINE('',#8903,#1503);
#1016=LINE('',#8911,#1504);
#1017=LINE('',#8915,#1505);
#1018=LINE('',#8923,#1506);
#1019=LINE('',#8927,#1507);
#1020=LINE('',#8939,#1508);
#1021=LINE('',#8943,#1509);
#1022=LINE('',#8951,#1510);
#1023=LINE('',#8954,#1511);
#1024=LINE('',#8960,#1512);
#1025=LINE('',#8963,#1513);
#1026=LINE('',#8968,#1514);
#1027=LINE('',#8972,#1515);
#1028=LINE('',#8974,#1516);
#1029=LINE('',#8976,#1517);
#1030=LINE('',#8978,#1518);
#1031=LINE('',#8980,#1519);
#1032=LINE('',#8987,#1520);
#1033=LINE('',#8991,#1521);
#1034=LINE('',#8995,#1522);
#1035=LINE('',#8999,#1523);
#1036=LINE('',#9005,#1524);
#1037=LINE('',#9009,#1525);
#1038=LINE('',#9013,#1526);
#1039=LINE('',#9017,#1527);
#1040=LINE('',#9023,#1528);
#1041=LINE('',#9026,#1529);
#1042=LINE('',#9029,#1530);
#1043=LINE('',#9030,#1531);
#1044=LINE('',#9033,#1532);
#1045=LINE('',#9038,#1533);
#1046=LINE('',#9040,#1534);
#1047=LINE('',#9042,#1535);
#1048=LINE('',#9043,#1536);
#1049=LINE('',#9051,#1537);
#1050=LINE('',#9052,#1538);
#1051=LINE('',#9054,#1539);
#1052=LINE('',#9057,#1540);
#1053=LINE('',#9060,#1541);
#1054=LINE('',#9069,#1542);
#1055=LINE('',#9073,#1543);
#1056=LINE('',#9077,#1544);
#1057=LINE('',#9080,#1545);
#1058=LINE('',#9082,#1546);
#1059=LINE('',#9083,#1547);
#1060=LINE('',#9085,#1548);
#1061=LINE('',#9087,#1549);
#1062=LINE('',#9088,#1550);
#1063=LINE('',#9090,#1551);
#1064=LINE('',#9092,#1552);
#1065=LINE('',#9095,#1553);
#1066=LINE('',#9098,#1554);
#1067=LINE('',#9101,#1555);
#1068=LINE('',#9102,#1556);
#1069=LINE('',#9106,#1557);
#1070=LINE('',#9108,#1558);
#1071=LINE('',#9110,#1559);
#1072=LINE('',#9117,#1560);
#1073=LINE('',#9119,#1561);
#1074=LINE('',#9120,#1562);
#1075=LINE('',#9125,#1563);
#1076=LINE('',#9129,#1564);
#1077=LINE('',#9133,#1565);
#1078=LINE('',#9137,#1566);
#1079=LINE('',#9146,#1567);
#1080=LINE('',#9150,#1568);
#1081=LINE('',#9154,#1569);
#1082=LINE('',#9157,#1570);
#1083=LINE('',#9158,#1571);
#1084=LINE('',#9160,#1572);
#1085=LINE('',#9162,#1573);
#1086=LINE('',#9163,#1574);
#1087=LINE('',#9165,#1575);
#1088=LINE('',#9167,#1576);
#1089=LINE('',#9168,#1577);
#1090=LINE('',#9170,#1578);
#1091=LINE('',#9172,#1579);
#1092=LINE('',#9174,#1580);
#1093=LINE('',#9175,#1581);
#1094=LINE('',#9177,#1582);
#1095=LINE('',#9183,#1583);
#1096=LINE('',#9186,#1584);
#1097=LINE('',#9189,#1585);
#1098=LINE('',#9191,#1586);
#1099=LINE('',#9192,#1587);
#1100=LINE('',#9197,#1588);
#1101=LINE('',#9201,#1589);
#1102=LINE('',#9203,#1590);
#1103=LINE('',#9204,#1591);
#1104=LINE('',#9209,#1592);
#1105=LINE('',#9213,#1593);
#1106=LINE('',#9215,#1594);
#1107=LINE('',#9217,#1595);
#1108=LINE('',#9219,#1596);
#1109=LINE('',#9220,#1597);
#1110=LINE('',#9225,#1598);
#1111=LINE('',#9228,#1599);
#1112=LINE('',#9229,#1600);
#1113=LINE('',#9245,#1601);
#1114=LINE('',#9247,#1602);
#1115=LINE('',#9248,#1603);
#1116=LINE('',#9253,#1604);
#1117=LINE('',#9255,#1605);
#1118=LINE('',#9257,#1606);
#1119=LINE('',#9259,#1607);
#1120=LINE('',#9261,#1608);
#1121=LINE('',#9265,#1609);
#1122=LINE('',#9267,#1610);
#1123=LINE('',#9268,#1611);
#1124=LINE('',#9274,#1612);
#1125=LINE('',#9276,#1613);
#1126=LINE('',#9277,#1614);
#1127=LINE('',#9282,#1615);
#1128=LINE('',#9292,#1616);
#1129=LINE('',#9294,#1617);
#1130=LINE('',#9299,#1618);
#1131=LINE('',#9303,#1619);
#1132=LINE('',#9310,#1620);
#1133=LINE('',#9312,#1621);
#1134=LINE('',#9313,#1622);
#1135=LINE('',#9320,#1623);
#1136=LINE('',#9324,#1624);
#1137=LINE('',#9328,#1625);
#1138=LINE('',#9337,#1626);
#1139=LINE('',#9344,#1627);
#1140=LINE('',#9348,#1628);
#1141=LINE('',#9349,#1629);
#1142=LINE('',#9354,#1630);
#1143=LINE('',#9357,#1631);
#1144=LINE('',#9360,#1632);
#1145=LINE('',#9361,#1633);
#1146=LINE('',#9365,#1634);
#1147=LINE('',#9368,#1635);
#1148=LINE('',#9369,#1636);
#1149=LINE('',#9371,#1637);
#1150=LINE('',#9376,#1638);
#1151=LINE('',#9392,#1639);
#1152=LINE('',#9395,#1640);
#1153=LINE('',#9404,#1641);
#1154=LINE('',#9408,#1642);
#1155=LINE('',#9410,#1643);
#1156=LINE('',#9412,#1644);
#1157=LINE('',#9414,#1645);
#1158=LINE('',#9416,#1646);
#1159=LINE('',#9421,#1647);
#1160=LINE('',#9426,#1648);
#1161=LINE('',#9427,#1649);
#1162=LINE('',#9432,#1650);
#1163=LINE('',#9434,#1651);
#1164=LINE('',#9438,#1652);
#1165=LINE('',#9440,#1653);
#1166=LINE('',#9442,#1654);
#1167=LINE('',#9443,#1655);
#1168=LINE('',#9458,#1656);
#1169=LINE('',#9465,#1657);
#1170=LINE('',#9467,#1658);
#1171=LINE('',#9473,#1659);
#1172=LINE('',#9475,#1660);
#1173=LINE('',#9478,#1661);
#1174=LINE('',#9485,#1662);
#1175=LINE('',#9488,#1663);
#1176=LINE('',#9489,#1664);
#1177=LINE('',#9492,#1665);
#1178=LINE('',#9495,#1666);
#1179=LINE('',#9497,#1667);
#1180=LINE('',#9498,#1668);
#1181=LINE('',#9501,#1669);
#1182=LINE('',#9506,#1670);
#1183=LINE('',#9509,#1671);
#1184=LINE('',#9511,#1672);
#1185=LINE('',#9512,#1673);
#1186=LINE('',#9666,#1674);
#1187=LINE('',#9667,#1675);
#1188=LINE('',#9672,#1676);
#1189=LINE('',#9675,#1677);
#1190=LINE('',#9686,#1678);
#1191=LINE('',#9687,#1679);
#1192=LINE('',#9693,#1680);
#1193=LINE('',#9709,#1681);
#1194=LINE('',#9712,#1682);
#1195=LINE('',#9713,#1683);
#1196=LINE('',#9715,#1684);
#1197=LINE('',#9716,#1685);
#1198=LINE('',#9719,#1686);
#1199=LINE('',#9720,#1687);
#1200=LINE('',#9723,#1688);
#1201=LINE('',#9727,#1689);
#1202=LINE('',#9728,#1690);
#1203=LINE('',#9731,#1691);
#1204=LINE('',#9735,#1692);
#1205=LINE('',#9736,#1693);
#1206=LINE('',#9737,#1694);
#1207=LINE('',#9738,#1695);
#1208=LINE('',#9744,#1696);
#1209=LINE('',#9746,#1697);
#1210=LINE('',#9749,#1698);
#1211=LINE('',#9751,#1699);
#1212=LINE('',#9755,#1700);
#1213=LINE('',#9758,#1701);
#1214=LINE('',#9767,#1702);
#1215=LINE('',#9780,#1703);
#1216=LINE('',#9795,#1704);
#1217=LINE('',#9796,#1705);
#1218=LINE('',#9801,#1706);
#1219=LINE('',#9805,#1707);
#1220=LINE('',#9808,#1708);
#1221=LINE('',#9810,#1709);
#1222=LINE('',#9813,#1710);
#1223=LINE('',#9822,#1711);
#1224=LINE('',#9831,#1712);
#1225=LINE('',#9840,#1713);
#1226=LINE('',#9848,#1714);
#1227=LINE('',#9851,#1715);
#1228=LINE('',#9858,#1716);
#1229=LINE('',#9859,#1717);
#1230=LINE('',#9862,#1718);
#1231=LINE('',#9863,#1719);
#1232=LINE('',#9870,#1720);
#1233=LINE('',#9873,#1721);
#1234=LINE('',#9875,#1722);
#1235=LINE('',#9877,#1723);
#1236=LINE('',#9878,#1724);
#1237=LINE('',#9884,#1725);
#1238=LINE('',#9886,#1726);
#1239=LINE('',#9887,#1727);
#1240=LINE('',#9890,#1728);
#1241=LINE('',#9913,#1729);
#1242=LINE('',#9924,#1730);
#1243=LINE('',#9927,#1731);
#1244=LINE('',#9931,#1732);
#1245=LINE('',#9933,#1733);
#1246=LINE('',#9938,#1734);
#1247=LINE('',#9941,#1735);
#1248=LINE('',#9944,#1736);
#1249=LINE('',#9946,#1737);
#1250=LINE('',#9948,#1738);
#1251=LINE('',#9950,#1739);
#1252=LINE('',#9951,#1740);
#1253=LINE('',#9953,#1741);
#1254=LINE('',#9957,#1742);
#1255=LINE('',#9960,#1743);
#1256=LINE('',#9964,#1744);
#1257=LINE('',#9970,#1745);
#1258=LINE('',#9974,#1746);
#1259=LINE('',#9978,#1747);
#1260=LINE('',#9981,#1748);
#1261=LINE('',#9986,#1749);
#1262=LINE('',#9990,#1750);
#1263=LINE('',#9998,#1751);
#1264=LINE('',#10002,#1752);
#1265=LINE('',#10014,#1753);
#1266=LINE('',#10018,#1754);
#1267=LINE('',#10026,#1755);
#1268=LINE('',#10029,#1756);
#1269=LINE('',#10038,#1757);
#1270=LINE('',#10042,#1758);
#1271=LINE('',#10050,#1759);
#1272=LINE('',#10053,#1760);
#1273=LINE('',#10055,#1761);
#1274=LINE('',#10059,#1762);
#1275=LINE('',#10067,#1763);
#1276=LINE('',#10071,#1764);
#1277=LINE('',#10075,#1765);
#1278=LINE('',#10079,#1766);
#1279=LINE('',#10083,#1767);
#1280=LINE('',#10087,#1768);
#1281=LINE('',#10090,#1769);
#1282=LINE('',#10092,#1770);
#1283=LINE('',#10094,#1771);
#1284=LINE('',#10095,#1772);
#1285=LINE('',#10097,#1773);
#1286=LINE('',#10099,#1774);
#1287=LINE('',#10101,#1775);
#1288=LINE('',#10102,#1776);
#1289=LINE('',#10104,#1777);
#1290=LINE('',#10106,#1778);
#1291=LINE('',#10108,#1779);
#1292=LINE('',#10109,#1780);
#1293=LINE('',#10111,#1781);
#1294=LINE('',#10113,#1782);
#1295=LINE('',#10115,#1783);
#1296=LINE('',#10117,#1784);
#1297=LINE('',#10118,#1785);
#1298=LINE('',#10120,#1786);
#1299=LINE('',#10122,#1787);
#1300=LINE('',#10124,#1788);
#1301=LINE('',#10125,#1789);
#1302=LINE('',#10127,#1790);
#1303=LINE('',#10129,#1791);
#1304=LINE('',#10131,#1792);
#1305=LINE('',#10132,#1793);
#1306=LINE('',#10134,#1794);
#1307=LINE('',#10136,#1795);
#1308=LINE('',#10138,#1796);
#1309=LINE('',#10139,#1797);
#1310=LINE('',#10141,#1798);
#1311=LINE('',#10143,#1799);
#1312=LINE('',#10148,#1800);
#1313=LINE('',#10229,#1801);
#1314=LINE('',#10233,#1802);
#1315=LINE('',#10311,#1803);
#1316=LINE('',#10348,#1804);
#1317=LINE('',#10383,#1805);
#1318=LINE('',#10449,#1806);
#1319=LINE('',#10451,#1807);
#1320=LINE('',#10455,#1808);
#1321=LINE('',#10459,#1809);
#1322=LINE('',#10463,#1810);
#1323=LINE('',#10467,#1811);
#1324=LINE('',#10470,#1812);
#1325=LINE('',#10471,#1813);
#1326=LINE('',#10473,#1814);
#1327=LINE('',#10475,#1815);
#1328=LINE('',#10477,#1816);
#1329=LINE('',#10479,#1817);
#1330=LINE('',#10481,#1818);
#1331=LINE('',#10483,#1819);
#1332=LINE('',#10486,#1820);
#1333=LINE('',#10487,#1821);
#1334=LINE('',#10489,#1822);
#1335=LINE('',#10491,#1823);
#1336=LINE('',#10493,#1824);
#1337=LINE('',#10494,#1825);
#1338=LINE('',#10496,#1826);
#1339=LINE('',#10498,#1827);
#1340=LINE('',#10500,#1828);
#1341=LINE('',#10502,#1829);
#1342=LINE('',#10504,#1830);
#1343=LINE('',#10506,#1831);
#1344=LINE('',#10507,#1832);
#1345=LINE('',#10509,#1833);
#1346=LINE('',#10513,#1834);
#1347=LINE('',#10514,#1835);
#1348=LINE('',#10517,#1836);
#1349=LINE('',#10518,#1837);
#1350=LINE('',#10520,#1838);
#1351=LINE('',#10522,#1839);
#1352=LINE('',#10524,#1840);
#1353=LINE('',#10526,#1841);
#1354=LINE('',#10528,#1842);
#1355=LINE('',#10530,#1843);
#1356=LINE('',#10534,#1844);
#1357=LINE('',#10536,#1845);
#1358=LINE('',#10538,#1846);
#1359=LINE('',#10541,#1847);
#1360=LINE('',#10544,#1848);
#1361=LINE('',#10546,#1849);
#1362=LINE('',#10549,#1850);
#1363=LINE('',#10551,#1851);
#1364=LINE('',#10554,#1852);
#1365=LINE('',#10557,#1853);
#1366=LINE('',#10559,#1854);
#1367=LINE('',#10562,#1855);
#1368=LINE('',#10564,#1856);
#1369=LINE('',#10565,#1857);
#1370=LINE('',#10567,#1858);
#1371=LINE('',#10569,#1859);
#1372=LINE('',#10570,#1860);
#1373=LINE('',#10572,#1861);
#1374=LINE('',#10578,#1862);
#1375=LINE('',#10583,#1863);
#1376=LINE('',#10587,#1864);
#1377=LINE('',#10588,#1865);
#1378=LINE('',#10591,#1866);
#1379=LINE('',#10595,#1867);
#1380=LINE('',#10597,#1868);
#1381=LINE('',#10602,#1869);
#1382=LINE('',#10604,#1870);
#1383=LINE('',#10606,#1871);
#1384=LINE('',#10610,#1872);
#1385=LINE('',#10611,#1873);
#1386=LINE('',#10614,#1874);
#1387=LINE('',#10618,#1875);
#1388=LINE('',#10621,#1876);
#1389=LINE('',#10623,#1877);
#1390=VECTOR('',#6405,10.);
#1391=VECTOR('',#6408,10.);
#1392=VECTOR('',#6411,10.);
#1393=VECTOR('',#6414,10.);
#1394=VECTOR('',#6415,10.);
#1395=VECTOR('',#6418,10.);
#1396=VECTOR('',#6425,10.);
#1397=VECTOR('',#6426,10.);
#1398=VECTOR('',#6427,10.);
#1399=VECTOR('',#6428,10.);
#1400=VECTOR('',#6435,10.);
#1401=VECTOR('',#6438,10.);
#1402=VECTOR('',#6441,10.);
#1403=VECTOR('',#6444,10.);
#1404=VECTOR('',#6447,10.);
#1405=VECTOR('',#6450,10.);
#1406=VECTOR('',#6453,10.);
#1407=VECTOR('',#6456,10.);
#1408=VECTOR('',#6463,10.);
#1409=VECTOR('',#6464,10.);
#1410=VECTOR('',#6465,10.);
#1411=VECTOR('',#6468,10.);
#1412=VECTOR('',#6469,10.);
#1413=VECTOR('',#6470,10.);
#1414=VECTOR('',#6473,10.);
#1415=VECTOR('',#6476,10.);
#1416=VECTOR('',#6477,10.);
#1417=VECTOR('',#6488,10.);
#1418=VECTOR('',#6491,10.);
#1419=VECTOR('',#6494,10.);
#1420=VECTOR('',#6497,10.);
#1421=VECTOR('',#6498,10.);
#1422=VECTOR('',#6501,10.);
#1423=VECTOR('',#6504,10.);
#1424=VECTOR('',#6507,10.);
#1425=VECTOR('',#6510,10.);
#1426=VECTOR('',#6513,10.);
#1427=VECTOR('',#6516,10.);
#1428=VECTOR('',#6519,10.);
#1429=VECTOR('',#6522,10.);
#1430=VECTOR('',#6523,10.);
#1431=VECTOR('',#6526,10.);
#1432=VECTOR('',#6529,10.);
#1433=VECTOR('',#6536,10.);
#1434=VECTOR('',#6537,10.);
#1435=VECTOR('',#6538,10.);
#1436=VECTOR('',#6567,10.);
#1437=VECTOR('',#6568,10.);
#1438=VECTOR('',#6577,10.);
#1439=VECTOR('',#6578,10.);
#1440=VECTOR('',#6581,10.);
#1441=VECTOR('',#6584,10.);
#1442=VECTOR('',#6595,10.);
#1443=VECTOR('',#6596,10.);
#1444=VECTOR('',#6599,10.);
#1445=VECTOR('',#6600,10.);
#1446=VECTOR('',#6603,10.);
#1447=VECTOR('',#6606,10.);
#1448=VECTOR('',#6617,10.);
#1449=VECTOR('',#6618,10.);
#1450=VECTOR('',#6621,10.);
#1451=VECTOR('',#6624,10.);
#1452=VECTOR('',#6633,10.);
#1453=VECTOR('',#6634,10.);
#1454=VECTOR('',#6637,10.);
#1455=VECTOR('',#6640,10.);
#1456=VECTOR('',#6643,10.);
#1457=VECTOR('',#6646,10.);
#1458=VECTOR('',#6649,10.);
#1459=VECTOR('',#6652,10.);
#1460=VECTOR('',#6655,10.);
#1461=VECTOR('',#6658,10.);
#1462=VECTOR('',#6661,10.);
#1463=VECTOR('',#6664,10.);
#1464=VECTOR('',#6667,10.);
#1465=VECTOR('',#6670,10.);
#1466=VECTOR('',#6675,10.);
#1467=VECTOR('',#6678,10.);
#1468=VECTOR('',#6687,10.);
#1469=VECTOR('',#6690,10.);
#1470=VECTOR('',#6693,10.);
#1471=VECTOR('',#6694,10.);
#1472=VECTOR('',#6697,10.);
#1473=VECTOR('',#6700,10.);
#1474=VECTOR('',#6709,10.);
#1475=VECTOR('',#6712,10.);
#1476=VECTOR('',#6715,10.);
#1477=VECTOR('',#6718,10.);
#1478=VECTOR('',#6725,10.);
#1479=VECTOR('',#6734,10.);
#1480=VECTOR('',#6741,10.);
#1481=VECTOR('',#6742,10.);
#1482=VECTOR('',#6743,10.);
#1483=VECTOR('',#6744,10.);
#1484=VECTOR('',#6745,10.);
#1485=VECTOR('',#6748,10.);
#1486=VECTOR('',#6751,10.);
#1487=VECTOR('',#6752,10.);
#1488=VECTOR('',#6753,10.);
#1489=VECTOR('',#6754,10.);
#1490=VECTOR('',#6755,10.);
#1491=VECTOR('',#6758,10.);
#1492=VECTOR('',#6761,10.);
#1493=VECTOR('',#6762,10.);
#1494=VECTOR('',#6763,10.);
#1495=VECTOR('',#6764,10.);
#1496=VECTOR('',#6771,10.);
#1497=VECTOR('',#6774,10.);
#1498=VECTOR('',#6781,10.);
#1499=VECTOR('',#6784,10.);
#1500=VECTOR('',#6787,10.);
#1501=VECTOR('',#6790,10.);
#1502=VECTOR('',#6797,10.);
#1503=VECTOR('',#6800,10.);
#1504=VECTOR('',#6807,10.);
#1505=VECTOR('',#6810,10.);
#1506=VECTOR('',#6817,10.);
#1507=VECTOR('',#6820,10.);
#1508=VECTOR('',#6831,10.);
#1509=VECTOR('',#6834,10.);
#1510=VECTOR('',#6841,10.);
#1511=VECTOR('',#6844,10.);
#1512=VECTOR('',#6849,10.);
#1513=VECTOR('',#6852,10.);
#1514=VECTOR('',#6857,10.);
#1515=VECTOR('',#6862,10.);
#1516=VECTOR('',#6863,10.);
#1517=VECTOR('',#6864,10.);
#1518=VECTOR('',#6865,10.);
#1519=VECTOR('',#6866,10.);
#1520=VECTOR('',#6873,10.);
#1521=VECTOR('',#6876,10.);
#1522=VECTOR('',#6879,10.);
#1523=VECTOR('',#6882,10.);
#1524=VECTOR('',#6887,10.);
#1525=VECTOR('',#6890,10.);
#1526=VECTOR('',#6893,10.);
#1527=VECTOR('',#6896,10.);
#1528=VECTOR('',#6903,10.);
#1529=VECTOR('',#6906,10.);
#1530=VECTOR('',#6909,10.);
#1531=VECTOR('',#6910,10.);
#1532=VECTOR('',#6913,10.);
#1533=VECTOR('',#6918,10.);
#1534=VECTOR('',#6919,10.);
#1535=VECTOR('',#6920,10.);
#1536=VECTOR('',#6921,10.);
#1537=VECTOR('',#6928,10.);
#1538=VECTOR('',#6929,10.);
#1539=VECTOR('',#6930,10.);
#1540=VECTOR('',#6933,10.);
#1541=VECTOR('',#6936,10.);
#1542=VECTOR('',#6943,10.);
#1543=VECTOR('',#6946,10.);
#1544=VECTOR('',#6949,10.);
#1545=VECTOR('',#6952,10.);
#1546=VECTOR('',#6955,10.);
#1547=VECTOR('',#6956,10.);
#1548=VECTOR('',#6959,10.);
#1549=VECTOR('',#6962,10.);
#1550=VECTOR('',#6963,10.);
#1551=VECTOR('',#6966,10.);
#1552=VECTOR('',#6969,10.);
#1553=VECTOR('',#6972,10.);
#1554=VECTOR('',#6975,10.);
#1555=VECTOR('',#6978,10.);
#1556=VECTOR('',#6979,10.);
#1557=VECTOR('',#6982,10.);
#1558=VECTOR('',#6983,10.);
#1559=VECTOR('',#6984,10.);
#1560=VECTOR('',#6991,10.);
#1561=VECTOR('',#6992,10.);
#1562=VECTOR('',#6993,10.);
#1563=VECTOR('',#6996,10.);
#1564=VECTOR('',#6999,10.);
#1565=VECTOR('',#7002,10.);
#1566=VECTOR('',#7005,10.);
#1567=VECTOR('',#7014,10.);
#1568=VECTOR('',#7017,10.);
#1569=VECTOR('',#7020,10.);
#1570=VECTOR('',#7025,10.);
#1571=VECTOR('',#7026,10.);
#1572=VECTOR('',#7029,10.);
#1573=VECTOR('',#7032,10.);
#1574=VECTOR('',#7033,10.);
#1575=VECTOR('',#7036,10.);
#1576=VECTOR('',#7039,10.);
#1577=VECTOR('',#7040,10.);
#1578=VECTOR('',#7043,10.);
#1579=VECTOR('',#7046,10.);
#1580=VECTOR('',#7049,10.);
#1581=VECTOR('',#7050,10.);
#1582=VECTOR('',#7053,10.);
#1583=VECTOR('',#7058,10.);
#1584=VECTOR('',#7061,10.);
#1585=VECTOR('',#7064,10.);
#1586=VECTOR('',#7065,10.);
#1587=VECTOR('',#7066,10.);
#1588=VECTOR('',#7071,10.);
#1589=VECTOR('',#7076,10.);
#1590=VECTOR('',#7077,10.);
#1591=VECTOR('',#7078,10.);
#1592=VECTOR('',#7083,10.);
#1593=VECTOR('',#7088,10.);
#1594=VECTOR('',#7089,10.);
#1595=VECTOR('',#7090,10.);
#1596=VECTOR('',#7091,10.);
#1597=VECTOR('',#7092,10.);
#1598=VECTOR('',#7097,10.);
#1599=VECTOR('',#7102,10.);
#1600=VECTOR('',#7103,10.);
#1601=VECTOR('',#7108,10.);
#1602=VECTOR('',#7109,10.);
#1603=VECTOR('',#7110,10.);
#1604=VECTOR('',#7115,10.);
#1605=VECTOR('',#7116,10.);
#1606=VECTOR('',#7117,10.);
#1607=VECTOR('',#7118,10.);
#1608=VECTOR('',#7119,10.);
#1609=VECTOR('',#7122,10.);
#1610=VECTOR('',#7123,10.);
#1611=VECTOR('',#7124,10.);
#1612=VECTOR('',#7133,10.);
#1613=VECTOR('',#7134,10.);
#1614=VECTOR('',#7135,10.);
#1615=VECTOR('',#7142,10.);
#1616=VECTOR('',#7155,10.);
#1617=VECTOR('',#7156,10.);
#1618=VECTOR('',#7161,10.);
#1619=VECTOR('',#7166,10.);
#1620=VECTOR('',#7175,10.);
#1621=VECTOR('',#7176,10.);
#1622=VECTOR('',#7177,10.);
#1623=VECTOR('',#7186,10.);
#1624=VECTOR('',#7189,10.);
#1625=VECTOR('',#7192,10.);
#1626=VECTOR('',#7205,10.);
#1627=VECTOR('',#7216,10.);
#1628=VECTOR('',#7221,10.);
#1629=VECTOR('',#7222,10.);
#1630=VECTOR('',#7229,10.);
#1631=VECTOR('',#7232,10.);
#1632=VECTOR('',#7235,10.);
#1633=VECTOR('',#7236,10.);
#1634=VECTOR('',#7241,10.);
#1635=VECTOR('',#7244,10.);
#1636=VECTOR('',#7245,10.);
#1637=VECTOR('',#7248,10.);
#1638=VECTOR('',#7255,10.);
#1639=VECTOR('',#7258,10.);
#1640=VECTOR('',#7261,10.);
#1641=VECTOR('',#7272,10.);
#1642=VECTOR('',#7275,10.);
#1643=VECTOR('',#7276,10.);
#1644=VECTOR('',#7277,10.);
#1645=VECTOR('',#7278,10.);
#1646=VECTOR('',#7279,10.);
#1647=VECTOR('',#7284,10.);
#1648=VECTOR('',#7289,10.);
#1649=VECTOR('',#7290,10.);
#1650=VECTOR('',#7295,10.);
#1651=VECTOR('',#7298,10.);
#1652=VECTOR('',#7305,10.);
#1653=VECTOR('',#7306,10.);
#1654=VECTOR('',#7307,10.);
#1655=VECTOR('',#7308,10.);
#1656=VECTOR('',#7311,10.);
#1657=VECTOR('',#7316,10.);
#1658=VECTOR('',#7319,10.);
#1659=VECTOR('',#7330,10.);
#1660=VECTOR('',#7333,10.);
#1661=VECTOR('',#7336,10.);
#1662=VECTOR('',#7347,10.);
#1663=VECTOR('',#7350,10.);
#1664=VECTOR('',#7351,10.);
#1665=VECTOR('',#7354,10.);
#1666=VECTOR('',#7359,10.);
#1667=VECTOR('',#7360,10.);
#1668=VECTOR('',#7361,10.);
#1669=VECTOR('',#7364,10.);
#1670=VECTOR('',#7371,10.);
#1671=VECTOR('',#7374,10.);
#1672=VECTOR('',#7375,10.);
#1673=VECTOR('',#7376,10.);
#1674=VECTOR('',#7409,10.);
#1675=VECTOR('',#7410,10.);
#1676=VECTOR('',#7415,10.);
#1677=VECTOR('',#7418,10.);
#1678=VECTOR('',#7433,10.);
#1679=VECTOR('',#7434,10.);
#1680=VECTOR('',#7443,10.);
#1681=VECTOR('',#7446,20.);
#1682=VECTOR('',#7449,10.);
#1683=VECTOR('',#7450,10.);
#1684=VECTOR('',#7451,10.);
#1685=VECTOR('',#7452,10.);
#1686=VECTOR('',#7455,10.);
#1687=VECTOR('',#7456,10.);
#1688=VECTOR('',#7459,10.);
#1689=VECTOR('',#7464,10.);
#1690=VECTOR('',#7465,10.);
#1691=VECTOR('',#7468,10.);
#1692=VECTOR('',#7473,10.);
#1693=VECTOR('',#7474,10.);
#1694=VECTOR('',#7475,10.);
#1695=VECTOR('',#7476,10.);
#1696=VECTOR('',#7481,10.);
#1697=VECTOR('',#7484,10.);
#1698=VECTOR('',#7487,10.);
#1699=VECTOR('',#7488,10.);
#1700=VECTOR('',#7491,10.);
#1701=VECTOR('',#7494,10.);
#1702=VECTOR('',#7505,10.);
#1703=VECTOR('',#7506,10.);
#1704=VECTOR('',#7509,10.);
#1705=VECTOR('',#7510,10.);
#1706=VECTOR('',#7515,10.);
#1707=VECTOR('',#7518,10.);
#1708=VECTOR('',#7521,10.);
#1709=VECTOR('',#7524,20.);
#1710=VECTOR('',#7525,4.);
#1711=VECTOR('',#7526,4.);
#1712=VECTOR('',#7527,4.);
#1713=VECTOR('',#7528,4.);
#1714=VECTOR('',#7531,10.);
#1715=VECTOR('',#7534,10.);
#1716=VECTOR('',#7543,10.);
#1717=VECTOR('',#7544,10.);
#1718=VECTOR('',#7547,10.);
#1719=VECTOR('',#7548,10.);
#1720=VECTOR('',#7557,10.);
#1721=VECTOR('',#7560,10.);
#1722=VECTOR('',#7561,10.);
#1723=VECTOR('',#7562,10.);
#1724=VECTOR('',#7563,10.);
#1725=VECTOR('',#7570,10.);
#1726=VECTOR('',#7573,10.);
#1727=VECTOR('',#7574,10.);
#1728=VECTOR('',#7579,10.);
#1729=VECTOR('',#7582,10.);
#1730=VECTOR('',#7601,10.);
#1731=VECTOR('',#7606,10.);
#1732=VECTOR('',#7613,10.);
#1733=VECTOR('',#7616,10.);
#1734=VECTOR('',#7623,10.);
#1735=VECTOR('',#7626,10.);
#1736=VECTOR('',#7631,10.);
#1737=VECTOR('',#7634,10.);
#1738=VECTOR('',#7637,10.);
#1739=VECTOR('',#7640,10.);
#1740=VECTOR('',#7641,10.);
#1741=VECTOR('',#7644,10.);
#1742=VECTOR('',#7649,10.);
#1743=VECTOR('',#7652,10.);
#1744=VECTOR('',#7657,10.);
#1745=VECTOR('',#7662,10.);
#1746=VECTOR('',#7665,10.);
#1747=VECTOR('',#7668,10.);
#1748=VECTOR('',#7671,10.);
#1749=VECTOR('',#7674,10.);
#1750=VECTOR('',#7677,10.);
#1751=VECTOR('',#7684,10.);
#1752=VECTOR('',#7687,10.);
#1753=VECTOR('',#7698,10.);
#1754=VECTOR('',#7701,10.);
#1755=VECTOR('',#7708,10.);
#1756=VECTOR('',#7711,10.);
#1757=VECTOR('',#7718,10.);
#1758=VECTOR('',#7721,10.);
#1759=VECTOR('',#7728,10.);
#1760=VECTOR('',#7731,10.);
#1761=VECTOR('',#7732,10.);
#1762=VECTOR('',#7735,10.);
#1763=VECTOR('',#7742,10.);
#1764=VECTOR('',#7745,10.);
#1765=VECTOR('',#7748,10.);
#1766=VECTOR('',#7751,10.);
#1767=VECTOR('',#7754,10.);
#1768=VECTOR('',#7757,10.);
#1769=VECTOR('',#7762,10.);
#1770=VECTOR('',#7765,10.);
#1771=VECTOR('',#7768,10.);
#1772=VECTOR('',#7769,10.);
#1773=VECTOR('',#7772,10.);
#1774=VECTOR('',#7775,10.);
#1775=VECTOR('',#7778,10.);
#1776=VECTOR('',#7779,10.);
#1777=VECTOR('',#7782,10.);
#1778=VECTOR('',#7785,10.);
#1779=VECTOR('',#7788,10.);
#1780=VECTOR('',#7789,10.);
#1781=VECTOR('',#7792,10.);
#1782=VECTOR('',#7795,10.);
#1783=VECTOR('',#7798,10.);
#1784=VECTOR('',#7801,10.);
#1785=VECTOR('',#7802,10.);
#1786=VECTOR('',#7805,10.);
#1787=VECTOR('',#7808,10.);
#1788=VECTOR('',#7811,10.);
#1789=VECTOR('',#7812,10.);
#1790=VECTOR('',#7815,10.);
#1791=VECTOR('',#7818,10.);
#1792=VECTOR('',#7821,10.);
#1793=VECTOR('',#7822,10.);
#1794=VECTOR('',#7825,10.);
#1795=VECTOR('',#7828,10.);
#1796=VECTOR('',#7831,10.);
#1797=VECTOR('',#7832,10.);
#1798=VECTOR('',#7835,10.);
#1799=VECTOR('',#7838,10.);
#1800=VECTOR('',#7843,4.);
#1801=VECTOR('',#7854,4.);
#1802=VECTOR('',#7859,4.);
#1803=VECTOR('',#7866,4.);
#1804=VECTOR('',#7875,10.);
#1805=VECTOR('',#7882,10.);
#1806=VECTOR('',#7891,10.);
#1807=VECTOR('',#7894,10.);
#1808=VECTOR('',#7897,10.);
#1809=VECTOR('',#7900,10.);
#1810=VECTOR('',#7903,10.);
#1811=VECTOR('',#7906,10.);
#1812=VECTOR('',#7911,10.);
#1813=VECTOR('',#7912,10.);
#1814=VECTOR('',#7915,10.);
#1815=VECTOR('',#7918,10.);
#1816=VECTOR('',#7921,10.);
#1817=VECTOR('',#7924,10.);
#1818=VECTOR('',#7927,10.);
#1819=VECTOR('',#7930,10.);
#1820=VECTOR('',#7935,10.);
#1821=VECTOR('',#7936,10.);
#1822=VECTOR('',#7939,10.);
#1823=VECTOR('',#7940,10.);
#1824=VECTOR('',#7941,10.);
#1825=VECTOR('',#7942,10.);
#1826=VECTOR('',#7945,10.);
#1827=VECTOR('',#7948,10.);
#1828=VECTOR('',#7951,10.);
#1829=VECTOR('',#7954,10.);
#1830=VECTOR('',#7955,10.);
#1831=VECTOR('',#7956,10.);
#1832=VECTOR('',#7957,10.);
#1833=VECTOR('',#7960,10.);
#1834=VECTOR('',#7965,10.);
#1835=VECTOR('',#7966,10.);
#1836=VECTOR('',#7969,10.);
#1837=VECTOR('',#7970,10.);
#1838=VECTOR('',#7973,10.);
#1839=VECTOR('',#7976,10.);
#1840=VECTOR('',#7979,10.);
#1841=VECTOR('',#7982,10.);
#1842=VECTOR('',#7985,10.);
#1843=VECTOR('',#7988,10.);
#1844=VECTOR('',#7995,10.);
#1845=VECTOR('',#7998,10.);
#1846=VECTOR('',#8001,10.);
#1847=VECTOR('',#8006,10.);
#1848=VECTOR('',#8011,10.);
#1849=VECTOR('',#8014,10.);
#1850=VECTOR('',#8019,10.);
#1851=VECTOR('',#8022,10.);
#1852=VECTOR('',#8027,10.);
#1853=VECTOR('',#8032,10.);
#1854=VECTOR('',#8035,10.);
#1855=VECTOR('',#8040,1.5);
#1856=VECTOR('',#8043,1.5);
#1857=VECTOR('',#8044,10.);
#1858=VECTOR('',#8047,1.5);
#1859=VECTOR('',#8050,1.5);
#1860=VECTOR('',#8051,10.);
#1861=VECTOR('',#8054,10.);
#1862=VECTOR('',#8063,10.);
#1863=VECTOR('',#8072,10.);
#1864=VECTOR('',#8079,10.);
#1865=VECTOR('',#8080,10.);
#1866=VECTOR('',#8085,10.);
#1867=VECTOR('',#8092,2.);
#1868=VECTOR('',#8095,2.);
#1869=VECTOR('',#8104,10.);
#1870=VECTOR('',#8107,10.);
#1871=VECTOR('',#8110,10.);
#1872=VECTOR('',#8117,10.);
#1873=VECTOR('',#8118,10.);
#1874=VECTOR('',#8123,10.);
#1875=VECTOR('',#8130,10.);
#1876=VECTOR('',#8135,2.);
#1877=VECTOR('',#8138,2.);
#1878=CIRCLE('',#5775,1.);
#1879=CIRCLE('',#5776,0.999999999999996);
#1880=CIRCLE('',#5778,3.);
#1881=CIRCLE('',#5780,1.);
#1882=CIRCLE('',#5781,12.5);
#1883=CIRCLE('',#5782,1.);
#1884=CIRCLE('',#5783,1.);
#1885=CIRCLE('',#5784,2.5);
#1886=CIRCLE('',#5785,1.);
#1887=CIRCLE('',#5786,1.75);
#1888=CIRCLE('',#5787,1.);
#1889=CIRCLE('',#5788,1.75000000000001);
#1890=CIRCLE('',#5789,1.);
#1891=CIRCLE('',#5790,1.75000000000001);
#1892=CIRCLE('',#5791,1.);
#1893=CIRCLE('',#5792,1.75);
#1894=CIRCLE('',#5793,1.);
#1895=CIRCLE('',#5794,2.5);
#1896=CIRCLE('',#5796,1.);
#1897=CIRCLE('',#5797,2.);
#1898=CIRCLE('',#5798,2.);
#1899=CIRCLE('',#5799,2.);
#1900=CIRCLE('',#5800,2.);
#1901=CIRCLE('',#5801,2.);
#1902=CIRCLE('',#5802,2.);
#1903=CIRCLE('',#5803,2.);
#1904=CIRCLE('',#5804,2.);
#1905=CIRCLE('',#5805,2.);
#1906=CIRCLE('',#5806,2.);
#1907=CIRCLE('',#5807,3.);
#1908=CIRCLE('',#5808,2.);
#1909=CIRCLE('',#5809,2.);
#1910=CIRCLE('',#5810,2.);
#1911=CIRCLE('',#5811,2.);
#1912=CIRCLE('',#5812,2.);
#1913=CIRCLE('',#5813,2.);
#1914=CIRCLE('',#5814,3.);
#1915=CIRCLE('',#5816,0.999999999999998);
#1916=CIRCLE('',#5820,2.);
#1917=CIRCLE('',#5823,2.);
#1918=CIRCLE('',#5826,2.);
#1919=CIRCLE('',#5829,2.);
#1920=CIRCLE('',#5833,3.00000000000001);
#1921=CIRCLE('',#5834,3.);
#1922=CIRCLE('',#5839,3.);
#1923=CIRCLE('',#5841,3.);
#1924=CIRCLE('',#5842,2.);
#1925=CIRCLE('',#5843,5.);
#1926=CIRCLE('',#5847,3.);
#1927=CIRCLE('',#5849,3.);
#1928=CIRCLE('',#5850,2.);
#1929=CIRCLE('',#5851,5.);
#1930=CIRCLE('',#5854,3.);
#1931=CIRCLE('',#5855,3.);
#1932=CIRCLE('',#5873,2.00000000000001);
#1933=CIRCLE('',#5875,2.);
#1934=CIRCLE('',#5876,4.);
#1935=CIRCLE('',#5878,5.);
#1936=CIRCLE('',#5881,2.);
#1937=CIRCLE('',#5883,4.);
#1938=CIRCLE('',#5884,2.);
#1939=CIRCLE('',#5886,2.);
#1940=CIRCLE('',#5889,2.);
#1941=CIRCLE('',#5891,2.);
#1942=CIRCLE('',#5893,2.);
#1943=CIRCLE('',#5895,1.99999999999999);
#1944=CIRCLE('',#5897,2.);
#1945=CIRCLE('',#5899,2.);
#1946=CIRCLE('',#5900,2.);
#1947=CIRCLE('',#5901,2.);
#1948=CIRCLE('',#5902,2.);
#1949=CIRCLE('',#5903,1.);
#1950=CIRCLE('',#5904,2.15);
#1951=CIRCLE('',#5905,1.);
#1952=CIRCLE('',#5906,1.00000000000016);
#1953=CIRCLE('',#5907,1.);
#1954=CIRCLE('',#5908,2.15);
#1955=CIRCLE('',#5909,1.);
#1956=CIRCLE('',#5910,1.);
#1957=CIRCLE('',#5911,1.);
#1958=CIRCLE('',#5912,1.);
#1959=CIRCLE('',#5913,1.);
#1960=CIRCLE('',#5914,2.15);
#1961=CIRCLE('',#5915,1.);
#1962=CIRCLE('',#5916,1.0000002533199);
#1963=CIRCLE('',#5917,1.);
#1964=CIRCLE('',#5918,2.15);
#1965=CIRCLE('',#5919,1.);
#1966=CIRCLE('',#5920,1.00000000000016);
#1967=CIRCLE('',#5921,1.);
#1968=CIRCLE('',#5922,2.15);
#1969=CIRCLE('',#5923,1.);
#1970=CIRCLE('',#5924,1.00000000000001);
#1971=CIRCLE('',#5925,1.);
#1972=CIRCLE('',#5926,2.15);
#1973=CIRCLE('',#5927,1.);
#1974=CIRCLE('',#5928,2.15);
#1975=CIRCLE('',#5929,1.);
#1976=CIRCLE('',#5930,1.00000000000001);
#1977=CIRCLE('',#5931,1.);
#1978=CIRCLE('',#5932,2.15);
#1979=CIRCLE('',#5933,1.);
#1980=CIRCLE('',#5934,1.0000002533199);
#1981=CIRCLE('',#5936,1.);
#1982=CIRCLE('',#5937,1.);
#1983=CIRCLE('',#5939,2.5);
#1984=CIRCLE('',#5940,2.5);
#1985=CIRCLE('',#5942,1.);
#1986=CIRCLE('',#5943,12.5);
#1987=CIRCLE('',#5944,1.);
#1988=CIRCLE('',#5945,1.75000000000001);
#1989=CIRCLE('',#5946,1.);
#1990=CIRCLE('',#5947,1.75);
#1991=CIRCLE('',#5948,1.);
#1992=CIRCLE('',#5949,1.);
#1993=CIRCLE('',#5950,1.75);
#1994=CIRCLE('',#5951,1.);
#1995=CIRCLE('',#5952,1.75000000000001);
#1996=CIRCLE('',#5953,1.);
#1997=CIRCLE('',#5954,2.5);
#1998=CIRCLE('',#5956,1.);
#1999=CIRCLE('',#5959,1.);
#2000=CIRCLE('',#5961,1.);
#2001=CIRCLE('',#5962,12.5);
#2002=CIRCLE('',#5963,1.);
#2003=CIRCLE('',#5964,1.75);
#2004=CIRCLE('',#5965,1.75000000000001);
#2005=CIRCLE('',#5966,1.);
#2006=CIRCLE('',#5967,2.5);
#2007=CIRCLE('',#5968,1.);
#2008=CIRCLE('',#5969,1.75000000000001);
#2009=CIRCLE('',#5970,1.);
#2010=CIRCLE('',#5971,1.75);
#2011=CIRCLE('',#5978,1.);
#2012=CIRCLE('',#5981,1.);
#2013=CIRCLE('',#5982,12.5);
#2014=CIRCLE('',#5983,1.);
#2015=CIRCLE('',#5984,1.);
#2016=CIRCLE('',#5985,1.75000000000001);
#2017=CIRCLE('',#5986,1.);
#2018=CIRCLE('',#5987,1.75);
#2019=CIRCLE('',#5988,1.);
#2020=CIRCLE('',#5989,2.5);
#2021=CIRCLE('',#5990,2.5);
#2022=CIRCLE('',#5991,1.);
#2023=CIRCLE('',#5992,1.75);
#2024=CIRCLE('',#5993,1.);
#2025=CIRCLE('',#5994,1.75000000000001);
#2026=CIRCLE('',#6005,2.);
#2027=CIRCLE('',#6006,2.);
#2028=CIRCLE('',#6009,2.);
#2029=CIRCLE('',#6010,2.);
#2030=CIRCLE('',#6013,2.);
#2031=CIRCLE('',#6014,2.);
#2032=CIRCLE('',#6017,2.);
#2033=CIRCLE('',#6018,2.);
#2034=CIRCLE('',#6021,2.);
#2035=CIRCLE('',#6023,2.);
#2036=CIRCLE('',#6024,2.);
#2037=CIRCLE('',#6026,2.);
#2038=CIRCLE('',#6028,2.00000000000001);
#2039=CIRCLE('',#6030,2.);
#2040=CIRCLE('',#6032,2.);
#2041=CIRCLE('',#6034,1.5);
#2042=CIRCLE('',#6035,1.5);
#2043=CIRCLE('',#6036,1.5);
#2044=CIRCLE('',#6037,1.5);
#2045=CIRCLE('',#6038,1.5);
#2046=CIRCLE('',#6039,1.5);
#2047=CIRCLE('',#6040,1.5);
#2048=CIRCLE('',#6041,1.5);
#2049=CIRCLE('',#6043,2.);
#2050=CIRCLE('',#6045,2.);
#2051=CIRCLE('',#6047,2.);
#2052=CIRCLE('',#6049,2.);
#2053=CIRCLE('',#6050,2.);
#2054=CIRCLE('',#6051,2.);
#2055=CIRCLE('',#6052,2.);
#2056=CIRCLE('',#6054,2.);
#2057=CIRCLE('',#6056,1.99999999999999);
#2058=CIRCLE('',#6057,2.);
#2059=CIRCLE('',#6059,2.);
#2060=CIRCLE('',#6061,2.);
#2061=CIRCLE('',#6063,2.);
#2062=CIRCLE('',#6066,2.);
#2063=CIRCLE('',#6068,2.);
#2064=CIRCLE('',#6071,2.);
#2065=CIRCLE('',#6074,1.99999906512953);
#2066=CIRCLE('',#6076,2.);
#2067=CIRCLE('',#6078,2.);
#2068=CIRCLE('',#6080,2.);
#2069=CIRCLE('',#6082,1.5);
#2070=CIRCLE('',#6083,1.5);
#2071=CIRCLE('',#6084,1.5);
#2072=CIRCLE('',#6085,1.5);
#2073=CIRCLE('',#6086,1.5);
#2074=CIRCLE('',#6087,1.5);
#2075=CIRCLE('',#6088,1.5);
#2076=CIRCLE('',#6090,2.);
#2077=CIRCLE('',#6091,2.00000000000001);
#2078=CIRCLE('',#6096,1.99999999999999);
#2079=CIRCLE('',#6098,2.);
#2080=CIRCLE('',#6100,2.);
#2081=CIRCLE('',#6102,2.);
#2082=CIRCLE('',#6105,1.99999972503824);
#2083=CIRCLE('',#6110,2.);
#2084=CIRCLE('',#6113,2.);
#2085=CIRCLE('',#6116,2.);
#2086=CIRCLE('',#6118,2.);
#2087=CIRCLE('',#6120,2.);
#2088=CIRCLE('',#6121,2.);
#2089=CIRCLE('',#6123,18.);
#2090=CIRCLE('',#6124,20.);
#2091=CIRCLE('',#6126,20.);
#2092=CIRCLE('',#6127,2.);
#2093=CIRCLE('',#6128,18.);
#2094=CIRCLE('',#6129,2.);
#2095=CIRCLE('',#6131,2.);
#2096=CIRCLE('',#6132,2.);
#2097=CIRCLE('',#6133,4.);
#2098=CIRCLE('',#6135,2.);
#2099=CIRCLE('',#6137,1.99999999999998);
#2100=CIRCLE('',#6138,2.);
#2101=CIRCLE('',#6140,2.);
#2102=CIRCLE('',#6142,2.);
#2103=CIRCLE('',#6143,2.);
#2104=CIRCLE('',#6145,2.);
#2105=CIRCLE('',#6147,4.);
#2106=CIRCLE('',#6148,2.);
#2107=CIRCLE('',#6154,2.);
#2108=CIRCLE('',#6157,2.);
#2109=CIRCLE('',#6160,2.);
#2110=CIRCLE('',#6161,2.);
#2111=CIRCLE('',#6163,2.);
#2112=CIRCLE('',#6164,2.);
#2113=CIRCLE('',#6165,2.);
#2114=CIRCLE('',#6167,3.);
#2115=CIRCLE('',#6169,2.);
#2116=CIRCLE('',#6172,2.);
#2117=CIRCLE('',#6173,2.);
#2118=CIRCLE('',#6174,2.);
#2119=CIRCLE('',#6175,2.);
#2120=CIRCLE('',#6177,2.);
#2121=CIRCLE('',#6181,2.);
#2122=CIRCLE('',#6184,2.);
#2123=CIRCLE('',#6186,2.);
#2124=CIRCLE('',#6187,2.);
#2125=CIRCLE('',#6188,2.);
#2126=CIRCLE('',#6189,2.);
#2127=CIRCLE('',#6204,5.);
#2128=CIRCLE('',#6212,2.);
#2129=CIRCLE('',#6214,2.);
#2130=CIRCLE('',#6222,1.);
#2131=CIRCLE('',#6224,2.15);
#2132=CIRCLE('',#6226,2.);
#2133=CIRCLE('',#6227,2.);
#2134=CIRCLE('',#6228,2.);
#2135=CIRCLE('',#6229,2.);
#2136=CIRCLE('',#6230,1.);
#2137=CIRCLE('',#6231,1.0000002533199);
#2138=CIRCLE('',#6232,1.);
#2139=CIRCLE('',#6233,2.15);
#2140=CIRCLE('',#6234,1.);
#2141=CIRCLE('',#6235,1.00000000000001);
#2142=CIRCLE('',#6236,1.);
#2143=CIRCLE('',#6237,2.15);
#2144=CIRCLE('',#6238,1.);
#2145=CIRCLE('',#6239,2.15);
#2146=CIRCLE('',#6240,1.);
#2147=CIRCLE('',#6241,1.0000002533199);
#2148=CIRCLE('',#6242,1.);
#2149=CIRCLE('',#6243,2.15);
#2150=CIRCLE('',#6244,1.);
#2151=CIRCLE('',#6245,1.);
#2152=CIRCLE('',#6246,1.);
#2153=CIRCLE('',#6247,2.15);
#2154=CIRCLE('',#6248,1.);
#2155=CIRCLE('',#6249,1.00000000000001);
#2156=CIRCLE('',#6250,1.);
#2157=CIRCLE('',#6251,2.15);
#2158=CIRCLE('',#6252,1.);
#2159=CIRCLE('',#6253,1.00000000000016);
#2160=CIRCLE('',#6254,1.);
#2161=CIRCLE('',#6255,1.);
#2162=CIRCLE('',#6256,2.15);
#2163=CIRCLE('',#6257,1.);
#2164=CIRCLE('',#6258,1.00000000000016);
#2165=CIRCLE('',#6259,1.);
#2166=CIRCLE('',#6260,2.);
#2167=CIRCLE('',#6261,2.);
#2168=CIRCLE('',#6262,2.);
#2169=CIRCLE('',#6263,2.);
#2170=CIRCLE('',#6289,4.);
#2171=CIRCLE('',#6290,4.);
#2172=CIRCLE('',#6291,4.);
#2173=CIRCLE('',#6292,4.);
#2174=CIRCLE('',#6294,4.);
#2175=CIRCLE('',#6296,4.);
#2176=CIRCLE('',#6297,4.);
#2177=CIRCLE('',#6298,4.);
#2178=CIRCLE('',#6313,2.);
#2179=CIRCLE('',#6314,2.);
#2180=CIRCLE('',#6315,2.);
#2181=CIRCLE('',#6316,2.);
#2182=CIRCLE('',#6365,2.);
#2183=VERTEX_POINT('',#8141);
#2184=VERTEX_POINT('',#8142);
#2185=VERTEX_POINT('',#8144);
#2186=VERTEX_POINT('',#8146);
#2187=VERTEX_POINT('',#8169);
#2188=VERTEX_POINT('',#8170);
#2189=VERTEX_POINT('',#8188);
#2190=VERTEX_POINT('',#8190);
#2191=VERTEX_POINT('',#8201);
#2192=VERTEX_POINT('',#8203);
#2193=VERTEX_POINT('',#8205);
#2194=VERTEX_POINT('',#8218);
#2195=VERTEX_POINT('',#8220);
#2196=VERTEX_POINT('',#8222);
#2197=VERTEX_POINT('',#8224);
#2198=VERTEX_POINT('',#8226);
#2199=VERTEX_POINT('',#8228);
#2200=VERTEX_POINT('',#8230);
#2201=VERTEX_POINT('',#8233);
#2202=VERTEX_POINT('',#8234);
#2203=VERTEX_POINT('',#8236);
#2204=VERTEX_POINT('',#8238);
#2205=VERTEX_POINT('',#8240);
#2206=VERTEX_POINT('',#8242);
#2207=VERTEX_POINT('',#8244);
#2208=VERTEX_POINT('',#8246);
#2209=VERTEX_POINT('',#8248);
#2210=VERTEX_POINT('',#8250);
#2211=VERTEX_POINT('',#8253);
#2212=VERTEX_POINT('',#8254);
#2213=VERTEX_POINT('',#8256);
#2214=VERTEX_POINT('',#8258);
#2215=VERTEX_POINT('',#8260);
#2216=VERTEX_POINT('',#8262);
#2217=VERTEX_POINT('',#8264);
#2218=VERTEX_POINT('',#8266);
#2219=VERTEX_POINT('',#8268);
#2220=VERTEX_POINT('',#8270);
#2221=VERTEX_POINT('',#8274);
#2222=VERTEX_POINT('',#8276);
#2223=VERTEX_POINT('',#8278);
#2224=VERTEX_POINT('',#8280);
#2225=VERTEX_POINT('',#8282);
#2226=VERTEX_POINT('',#8284);
#2227=VERTEX_POINT('',#8286);
#2228=VERTEX_POINT('',#8288);
#2229=VERTEX_POINT('',#8290);
#2230=VERTEX_POINT('',#8292);
#2231=VERTEX_POINT('',#8294);
#2232=VERTEX_POINT('',#8297);
#2233=VERTEX_POINT('',#8299);
#2234=VERTEX_POINT('',#8301);
#2235=VERTEX_POINT('',#8303);
#2236=VERTEX_POINT('',#8305);
#2237=VERTEX_POINT('',#8306);
#2238=VERTEX_POINT('',#8308);
#2239=VERTEX_POINT('',#8310);
#2240=VERTEX_POINT('',#8312);
#2241=VERTEX_POINT('',#8314);
#2242=VERTEX_POINT('',#8316);
#2243=VERTEX_POINT('',#8318);
#2244=VERTEX_POINT('',#8320);
#2245=VERTEX_POINT('',#8322);
#2246=VERTEX_POINT('',#8324);
#2247=VERTEX_POINT('',#8326);
#2248=VERTEX_POINT('',#8328);
#2249=VERTEX_POINT('',#8330);
#2250=VERTEX_POINT('',#8332);
#2251=VERTEX_POINT('',#8334);
#2252=VERTEX_POINT('',#8336);
#2253=VERTEX_POINT('',#8338);
#2254=VERTEX_POINT('',#8340);
#2255=VERTEX_POINT('',#8342);
#2256=VERTEX_POINT('',#8344);
#2257=VERTEX_POINT('',#8346);
#2258=VERTEX_POINT('',#8348);
#2259=VERTEX_POINT('',#8350);
#2260=VERTEX_POINT('',#8352);
#2261=VERTEX_POINT('',#8354);
#2262=VERTEX_POINT('',#8358);
#2263=VERTEX_POINT('',#8360);
#2264=VERTEX_POINT('',#8383);
#2265=VERTEX_POINT('',#8384);
#2266=VERTEX_POINT('',#8434);
#2267=VERTEX_POINT('',#8436);
#2268=VERTEX_POINT('',#8438);
#2269=VERTEX_POINT('',#8480);
#2270=VERTEX_POINT('',#8481);
#2271=VERTEX_POINT('',#8483);
#2272=VERTEX_POINT('',#8516);
#2273=VERTEX_POINT('',#8517);
#2274=VERTEX_POINT('',#8519);
#2275=VERTEX_POINT('',#8552);
#2276=VERTEX_POINT('',#8553);
#2277=VERTEX_POINT('',#8555);
#2278=VERTEX_POINT('',#8588);
#2279=VERTEX_POINT('',#8589);
#2280=VERTEX_POINT('',#8591);
#2281=VERTEX_POINT('',#8595);
#2282=VERTEX_POINT('',#8596);
#2283=VERTEX_POINT('',#8635);
#2284=VERTEX_POINT('',#8636);
#2285=VERTEX_POINT('',#8644);
#2286=VERTEX_POINT('',#8646);
#2287=VERTEX_POINT('',#8650);
#2288=VERTEX_POINT('',#8651);
#2289=VERTEX_POINT('',#8662);
#2290=VERTEX_POINT('',#8664);
#2291=VERTEX_POINT('',#8668);
#2292=VERTEX_POINT('',#8669);
#2293=VERTEX_POINT('',#8677);
#2294=VERTEX_POINT('',#8679);
#2295=VERTEX_POINT('',#8712);
#2296=VERTEX_POINT('',#8713);
#2297=VERTEX_POINT('',#8746);
#2298=VERTEX_POINT('',#8748);
#2299=VERTEX_POINT('',#8752);
#2300=VERTEX_POINT('',#8753);
#2301=VERTEX_POINT('',#8767);
#2302=VERTEX_POINT('',#8769);
#2303=VERTEX_POINT('',#8773);
#2304=VERTEX_POINT('',#8777);
#2305=VERTEX_POINT('',#8779);
#2306=VERTEX_POINT('',#8783);
#2307=VERTEX_POINT('',#8784);
#2308=VERTEX_POINT('',#8798);
#2309=VERTEX_POINT('',#8800);
#2310=VERTEX_POINT('',#8806);
#2311=VERTEX_POINT('',#8810);
#2312=VERTEX_POINT('',#8816);
#2313=VERTEX_POINT('',#8822);
#2314=VERTEX_POINT('',#8825);
#2315=VERTEX_POINT('',#8827);
#2316=VERTEX_POINT('',#8829);
#2317=VERTEX_POINT('',#8831);
#2318=VERTEX_POINT('',#8833);
#2319=VERTEX_POINT('',#8835);
#2320=VERTEX_POINT('',#8837);
#2321=VERTEX_POINT('',#8839);
#2322=VERTEX_POINT('',#8841);
#2323=VERTEX_POINT('',#8843);
#2324=VERTEX_POINT('',#8845);
#2325=VERTEX_POINT('',#8847);
#2326=VERTEX_POINT('',#8849);
#2327=VERTEX_POINT('',#8851);
#2328=VERTEX_POINT('',#8853);
#2329=VERTEX_POINT('',#8855);
#2330=VERTEX_POINT('',#8859);
#2331=VERTEX_POINT('',#8860);
#2332=VERTEX_POINT('',#8862);
#2333=VERTEX_POINT('',#8864);
#2334=VERTEX_POINT('',#8866);
#2335=VERTEX_POINT('',#8868);
#2336=VERTEX_POINT('',#8870);
#2337=VERTEX_POINT('',#8872);
#2338=VERTEX_POINT('',#8874);
#2339=VERTEX_POINT('',#8876);
#2340=VERTEX_POINT('',#8878);
#2341=VERTEX_POINT('',#8880);
#2342=VERTEX_POINT('',#8883);
#2343=VERTEX_POINT('',#8884);
#2344=VERTEX_POINT('',#8886);
#2345=VERTEX_POINT('',#8888);
#2346=VERTEX_POINT('',#8890);
#2347=VERTEX_POINT('',#8892);
#2348=VERTEX_POINT('',#8894);
#2349=VERTEX_POINT('',#8896);
#2350=VERTEX_POINT('',#8898);
#2351=VERTEX_POINT('',#8900);
#2352=VERTEX_POINT('',#8902);
#2353=VERTEX_POINT('',#8904);
#2354=VERTEX_POINT('',#8907);
#2355=VERTEX_POINT('',#8908);
#2356=VERTEX_POINT('',#8910);
#2357=VERTEX_POINT('',#8912);
#2358=VERTEX_POINT('',#8914);
#2359=VERTEX_POINT('',#8916);
#2360=VERTEX_POINT('',#8918);
#2361=VERTEX_POINT('',#8920);
#2362=VERTEX_POINT('',#8922);
#2363=VERTEX_POINT('',#8924);
#2364=VERTEX_POINT('',#8926);
#2365=VERTEX_POINT('',#8928);
#2366=VERTEX_POINT('',#8931);
#2367=VERTEX_POINT('',#8932);
#2368=VERTEX_POINT('',#8934);
#2369=VERTEX_POINT('',#8936);
#2370=VERTEX_POINT('',#8938);
#2371=VERTEX_POINT('',#8940);
#2372=VERTEX_POINT('',#8942);
#2373=VERTEX_POINT('',#8944);
#2374=VERTEX_POINT('',#8946);
#2375=VERTEX_POINT('',#8948);
#2376=VERTEX_POINT('',#8950);
#2377=VERTEX_POINT('',#8952);
#2378=VERTEX_POINT('',#8956);
#2379=VERTEX_POINT('',#8957);
#2380=VERTEX_POINT('',#8959);
#2381=VERTEX_POINT('',#8961);
#2382=VERTEX_POINT('',#8965);
#2383=VERTEX_POINT('',#8967);
#2384=VERTEX_POINT('',#8971);
#2385=VERTEX_POINT('',#8973);
#2386=VERTEX_POINT('',#8975);
#2387=VERTEX_POINT('',#8977);
#2388=VERTEX_POINT('',#8979);
#2389=VERTEX_POINT('',#8981);
#2390=VERTEX_POINT('',#8983);
#2391=VERTEX_POINT('',#8986);
#2392=VERTEX_POINT('',#8988);
#2393=VERTEX_POINT('',#8990);
#2394=VERTEX_POINT('',#8992);
#2395=VERTEX_POINT('',#8994);
#2396=VERTEX_POINT('',#8996);
#2397=VERTEX_POINT('',#8998);
#2398=VERTEX_POINT('',#9001);
#2399=VERTEX_POINT('',#9002);
#2400=VERTEX_POINT('',#9004);
#2401=VERTEX_POINT('',#9006);
#2402=VERTEX_POINT('',#9008);
#2403=VERTEX_POINT('',#9010);
#2404=VERTEX_POINT('',#9012);
#2405=VERTEX_POINT('',#9014);
#2406=VERTEX_POINT('',#9016);
#2407=VERTEX_POINT('',#9018);
#2408=VERTEX_POINT('',#9022);
#2409=VERTEX_POINT('',#9024);
#2410=VERTEX_POINT('',#9028);
#2411=VERTEX_POINT('',#9032);
#2412=VERTEX_POINT('',#9036);
#2413=VERTEX_POINT('',#9037);
#2414=VERTEX_POINT('',#9039);
#2415=VERTEX_POINT('',#9041);
#2416=VERTEX_POINT('',#9044);
#2417=VERTEX_POINT('',#9046);
#2418=VERTEX_POINT('',#9048);
#2419=VERTEX_POINT('',#9050);
#2420=VERTEX_POINT('',#9053);
#2421=VERTEX_POINT('',#9055);
#2422=VERTEX_POINT('',#9058);
#2423=VERTEX_POINT('',#9061);
#2424=VERTEX_POINT('',#9062);
#2425=VERTEX_POINT('',#9064);
#2426=VERTEX_POINT('',#9066);
#2427=VERTEX_POINT('',#9068);
#2428=VERTEX_POINT('',#9070);
#2429=VERTEX_POINT('',#9072);
#2430=VERTEX_POINT('',#9074);
#2431=VERTEX_POINT('',#9076);
#2432=VERTEX_POINT('',#9078);
#2433=VERTEX_POINT('',#9094);
#2434=VERTEX_POINT('',#9096);
#2435=VERTEX_POINT('',#9100);
#2436=VERTEX_POINT('',#9104);
#2437=VERTEX_POINT('',#9105);
#2438=VERTEX_POINT('',#9107);
#2439=VERTEX_POINT('',#9109);
#2440=VERTEX_POINT('',#9111);
#2441=VERTEX_POINT('',#9113);
#2442=VERTEX_POINT('',#9116);
#2443=VERTEX_POINT('',#9118);
#2444=VERTEX_POINT('',#9121);
#2445=VERTEX_POINT('',#9122);
#2446=VERTEX_POINT('',#9124);
#2447=VERTEX_POINT('',#9126);
#2448=VERTEX_POINT('',#9128);
#2449=VERTEX_POINT('',#9130);
#2450=VERTEX_POINT('',#9132);
#2451=VERTEX_POINT('',#9134);
#2452=VERTEX_POINT('',#9136);
#2453=VERTEX_POINT('',#9138);
#2454=VERTEX_POINT('',#9141);
#2455=VERTEX_POINT('',#9143);
#2456=VERTEX_POINT('',#9145);
#2457=VERTEX_POINT('',#9147);
#2458=VERTEX_POINT('',#9149);
#2459=VERTEX_POINT('',#9151);
#2460=VERTEX_POINT('',#9153);
#2461=VERTEX_POINT('',#9179);
#2462=VERTEX_POINT('',#9180);
#2463=VERTEX_POINT('',#9182);
#2464=VERTEX_POINT('',#9184);
#2465=VERTEX_POINT('',#9188);
#2466=VERTEX_POINT('',#9190);
#2467=VERTEX_POINT('',#9194);
#2468=VERTEX_POINT('',#9196);
#2469=VERTEX_POINT('',#9200);
#2470=VERTEX_POINT('',#9202);
#2471=VERTEX_POINT('',#9206);
#2472=VERTEX_POINT('',#9208);
#2473=VERTEX_POINT('',#9212);
#2474=VERTEX_POINT('',#9214);
#2475=VERTEX_POINT('',#9216);
#2476=VERTEX_POINT('',#9218);
#2477=VERTEX_POINT('',#9222);
#2478=VERTEX_POINT('',#9224);
#2479=VERTEX_POINT('',#9231);
#2480=VERTEX_POINT('',#9233);
#2481=VERTEX_POINT('',#9244);
#2482=VERTEX_POINT('',#9246);
#2483=VERTEX_POINT('',#9250);
#2484=VERTEX_POINT('',#9252);
#2485=VERTEX_POINT('',#9254);
#2486=VERTEX_POINT('',#9256);
#2487=VERTEX_POINT('',#9258);
#2488=VERTEX_POINT('',#9260);
#2489=VERTEX_POINT('',#9262);
#2490=VERTEX_POINT('',#9264);
#2491=VERTEX_POINT('',#9266);
#2492=VERTEX_POINT('',#9273);
#2493=VERTEX_POINT('',#9275);
#2494=VERTEX_POINT('',#9281);
#2495=VERTEX_POINT('',#9285);
#2496=VERTEX_POINT('',#9288);
#2497=VERTEX_POINT('',#9291);
#2498=VERTEX_POINT('',#9293);
#2499=VERTEX_POINT('',#9295);
#2500=VERTEX_POINT('',#9298);
#2501=VERTEX_POINT('',#9300);
#2502=VERTEX_POINT('',#9307);
#2503=VERTEX_POINT('',#9309);
#2504=VERTEX_POINT('',#9311);
#2505=VERTEX_POINT('',#9317);
#2506=VERTEX_POINT('',#9319);
#2507=VERTEX_POINT('',#9321);
#2508=VERTEX_POINT('',#9323);
#2509=VERTEX_POINT('',#9325);
#2510=VERTEX_POINT('',#9327);
#2511=VERTEX_POINT('',#9333);
#2512=VERTEX_POINT('',#9335);
#2513=VERTEX_POINT('',#9343);
#2514=VERTEX_POINT('',#9347);
#2515=VERTEX_POINT('',#9353);
#2516=VERTEX_POINT('',#9355);
#2517=VERTEX_POINT('',#9359);
#2518=VERTEX_POINT('',#9363);
#2519=VERTEX_POINT('',#9367);
#2520=VERTEX_POINT('',#9374);
#2521=VERTEX_POINT('',#9378);
#2522=VERTEX_POINT('',#9379);
#2523=VERTEX_POINT('',#9393);
#2524=VERTEX_POINT('',#9399);
#2525=VERTEX_POINT('',#9401);
#2526=VERTEX_POINT('',#9403);
#2527=VERTEX_POINT('',#9405);
#2528=VERTEX_POINT('',#9407);
#2529=VERTEX_POINT('',#9409);
#2530=VERTEX_POINT('',#9411);
#2531=VERTEX_POINT('',#9413);
#2532=VERTEX_POINT('',#9415);
#2533=VERTEX_POINT('',#9417);
#2534=VERTEX_POINT('',#9420);
#2535=VERTEX_POINT('',#9422);
#2536=VERTEX_POINT('',#9425);
#2537=VERTEX_POINT('',#9429);
#2538=VERTEX_POINT('',#9431);
#2539=VERTEX_POINT('',#9439);
#2540=VERTEX_POINT('',#9441);
#2541=VERTEX_POINT('',#9445);
#2542=VERTEX_POINT('',#9446);
#2543=VERTEX_POINT('',#9457);
#2544=VERTEX_POINT('',#9476);
#2545=VERTEX_POINT('',#9483);
#2546=VERTEX_POINT('',#9487);
#2547=VERTEX_POINT('',#9491);
#2548=VERTEX_POINT('',#9496);
#2549=VERTEX_POINT('',#9500);
#2550=VERTEX_POINT('',#9504);
#2551=VERTEX_POINT('',#9508);
#2552=VERTEX_POINT('',#9510);
#2553=VERTEX_POINT('',#9533);
#2554=VERTEX_POINT('',#9534);
#2555=VERTEX_POINT('',#9536);
#2556=VERTEX_POINT('',#9541);
#2557=VERTEX_POINT('',#9548);
#2558=VERTEX_POINT('',#9549);
#2559=VERTEX_POINT('',#9579);
#2560=VERTEX_POINT('',#9580);
#2561=VERTEX_POINT('',#9591);
#2562=VERTEX_POINT('',#9593);
#2563=VERTEX_POINT('',#9595);
#2564=VERTEX_POINT('',#9597);
#2565=VERTEX_POINT('',#9645);
#2566=VERTEX_POINT('',#9646);
#2567=VERTEX_POINT('',#9657);
#2568=VERTEX_POINT('',#9658);
#2569=VERTEX_POINT('',#9663);
#2570=VERTEX_POINT('',#9664);
#2571=VERTEX_POINT('',#9669);
#2572=VERTEX_POINT('',#9671);
#2573=VERTEX_POINT('',#9673);
#2574=VERTEX_POINT('',#9679);
#2575=VERTEX_POINT('',#9683);
#2576=VERTEX_POINT('',#9684);
#2577=VERTEX_POINT('',#9692);
#2578=VERTEX_POINT('',#9694);
#2579=VERTEX_POINT('',#9696);
#2580=VERTEX_POINT('',#9711);
#2581=VERTEX_POINT('',#9714);
#2582=VERTEX_POINT('',#9718);
#2583=VERTEX_POINT('',#9722);
#2584=VERTEX_POINT('',#9726);
#2585=VERTEX_POINT('',#9730);
#2586=VERTEX_POINT('',#9734);
#2587=VERTEX_POINT('',#9740);
#2588=VERTEX_POINT('',#9741);
#2589=VERTEX_POINT('',#9743);
#2590=VERTEX_POINT('',#9748);
#2591=VERTEX_POINT('',#9750);
#2592=VERTEX_POINT('',#9752);
#2593=VERTEX_POINT('',#9754);
#2594=VERTEX_POINT('',#9756);
#2595=VERTEX_POINT('',#9759);
#2596=VERTEX_POINT('',#9764);
#2597=VERTEX_POINT('',#9765);
#2598=VERTEX_POINT('',#9768);
#2599=VERTEX_POINT('',#9779);
#2600=VERTEX_POINT('',#9794);
#2601=VERTEX_POINT('',#9798);
#2602=VERTEX_POINT('',#9800);
#2603=VERTEX_POINT('',#9802);
#2604=VERTEX_POINT('',#9804);
#2605=VERTEX_POINT('',#9807);
#2606=VERTEX_POINT('',#9811);
#2607=VERTEX_POINT('',#9812);
#2608=VERTEX_POINT('',#9814);
#2609=VERTEX_POINT('',#9821);
#2610=VERTEX_POINT('',#9823);
#2611=VERTEX_POINT('',#9830);
#2612=VERTEX_POINT('',#9832);
#2613=VERTEX_POINT('',#9839);
#2614=VERTEX_POINT('',#9849);
#2615=VERTEX_POINT('',#9855);
#2616=VERTEX_POINT('',#9856);
#2617=VERTEX_POINT('',#9861);
#2618=VERTEX_POINT('',#9867);
#2619=VERTEX_POINT('',#9869);
#2620=VERTEX_POINT('',#9871);
#2621=VERTEX_POINT('',#9874);
#2622=VERTEX_POINT('',#9876);
#2623=VERTEX_POINT('',#9879);
#2624=VERTEX_POINT('',#9881);
#2625=VERTEX_POINT('',#9892);
#2626=VERTEX_POINT('',#9923);
#2627=VERTEX_POINT('',#9936);
#2628=VERTEX_POINT('',#9940);
#2629=VERTEX_POINT('',#9956);
#2630=VERTEX_POINT('',#9958);
#2631=VERTEX_POINT('',#9962);
#2632=VERTEX_POINT('',#9966);
#2633=VERTEX_POINT('',#9967);
#2634=VERTEX_POINT('',#9969);
#2635=VERTEX_POINT('',#9971);
#2636=VERTEX_POINT('',#9973);
#2637=VERTEX_POINT('',#9975);
#2638=VERTEX_POINT('',#9977);
#2639=VERTEX_POINT('',#9979);
#2640=VERTEX_POINT('',#9982);
#2641=VERTEX_POINT('',#9983);
#2642=VERTEX_POINT('',#9985);
#2643=VERTEX_POINT('',#9987);
#2644=VERTEX_POINT('',#9989);
#2645=VERTEX_POINT('',#9991);
#2646=VERTEX_POINT('',#9993);
#2647=VERTEX_POINT('',#9995);
#2648=VERTEX_POINT('',#9997);
#2649=VERTEX_POINT('',#9999);
#2650=VERTEX_POINT('',#10001);
#2651=VERTEX_POINT('',#10003);
#2652=VERTEX_POINT('',#10006);
#2653=VERTEX_POINT('',#10007);
#2654=VERTEX_POINT('',#10009);
#2655=VERTEX_POINT('',#10011);
#2656=VERTEX_POINT('',#10013);
#2657=VERTEX_POINT('',#10015);
#2658=VERTEX_POINT('',#10017);
#2659=VERTEX_POINT('',#10019);
#2660=VERTEX_POINT('',#10021);
#2661=VERTEX_POINT('',#10023);
#2662=VERTEX_POINT('',#10025);
#2663=VERTEX_POINT('',#10027);
#2664=VERTEX_POINT('',#10030);
#2665=VERTEX_POINT('',#10031);
#2666=VERTEX_POINT('',#10033);
#2667=VERTEX_POINT('',#10035);
#2668=VERTEX_POINT('',#10037);
#2669=VERTEX_POINT('',#10039);
#2670=VERTEX_POINT('',#10041);
#2671=VERTEX_POINT('',#10043);
#2672=VERTEX_POINT('',#10045);
#2673=VERTEX_POINT('',#10047);
#2674=VERTEX_POINT('',#10049);
#2675=VERTEX_POINT('',#10051);
#2676=VERTEX_POINT('',#10054);
#2677=VERTEX_POINT('',#10056);
#2678=VERTEX_POINT('',#10058);
#2679=VERTEX_POINT('',#10060);
#2680=VERTEX_POINT('',#10062);
#2681=VERTEX_POINT('',#10064);
#2682=VERTEX_POINT('',#10066);
#2683=VERTEX_POINT('',#10068);
#2684=VERTEX_POINT('',#10070);
#2685=VERTEX_POINT('',#10073);
#2686=VERTEX_POINT('',#10074);
#2687=VERTEX_POINT('',#10076);
#2688=VERTEX_POINT('',#10078);
#2689=VERTEX_POINT('',#10080);
#2690=VERTEX_POINT('',#10082);
#2691=VERTEX_POINT('',#10084);
#2692=VERTEX_POINT('',#10086);
#2693=VERTEX_POINT('',#10145);
#2694=VERTEX_POINT('',#10147);
#2695=VERTEX_POINT('',#10180);
#2696=VERTEX_POINT('',#10218);
#2697=VERTEX_POINT('',#10227);
#2698=VERTEX_POINT('',#10231);
#2699=VERTEX_POINT('',#10264);
#2700=VERTEX_POINT('',#10302);
#2701=VERTEX_POINT('',#10342);
#2702=VERTEX_POINT('',#10346);
#2703=VERTEX_POINT('',#10381);
#2704=VERTEX_POINT('',#10414);
#2705=VERTEX_POINT('',#10453);
#2706=VERTEX_POINT('',#10454);
#2707=VERTEX_POINT('',#10456);
#2708=VERTEX_POINT('',#10458);
#2709=VERTEX_POINT('',#10460);
#2710=VERTEX_POINT('',#10462);
#2711=VERTEX_POINT('',#10464);
#2712=VERTEX_POINT('',#10466);
#2713=VERTEX_POINT('',#10490);
#2714=VERTEX_POINT('',#10492);
#2715=VERTEX_POINT('',#10503);
#2716=VERTEX_POINT('',#10505);
#2717=VERTEX_POINT('',#10512);
#2718=VERTEX_POINT('',#10516);
#2719=VERTEX_POINT('',#10573);
#2720=EDGE_CURVE('',#2183,#2184,#1878,.T.);
#2721=EDGE_CURVE('',#2184,#2185,#902,.T.);
#2722=EDGE_CURVE('',#2185,#2186,#1879,.T.);
#2723=EDGE_CURVE('',#2186,#2183,#903,.T.);
#2724=EDGE_CURVE('',#2187,#2188,#202,.F.);
#2725=EDGE_CURVE('',#2188,#2186,#203,.T.);
#2726=EDGE_CURVE('',#2185,#2187,#204,.T.);
#2727=EDGE_CURVE('',#2185,#2189,#904,.T.);
#2728=EDGE_CURVE('',#2190,#2189,#205,.F.);
#2729=EDGE_CURVE('',#2190,#2191,#1880,.F.);
#2730=EDGE_CURVE('',#2191,#2192,#905,.T.);
#2731=EDGE_CURVE('',#2193,#2192,#206,.F.);
#2732=EDGE_CURVE('',#2187,#2193,#906,.T.);
#2733=EDGE_CURVE('',#2194,#2184,#907,.T.);
#2734=EDGE_CURVE('',#2195,#2194,#1881,.T.);
#2735=EDGE_CURVE('',#2196,#2195,#1882,.T.);
#2736=EDGE_CURVE('',#2197,#2196,#1883,.T.);
#2737=EDGE_CURVE('',#2198,#2197,#908,.T.);
#2738=EDGE_CURVE('',#2199,#2198,#909,.T.);
#2739=EDGE_CURVE('',#2200,#2199,#910,.T.);
#2740=EDGE_CURVE('',#2189,#2200,#911,.T.);
#2741=EDGE_CURVE('',#2201,#2202,#1884,.T.);
#2742=EDGE_CURVE('',#2203,#2201,#1885,.T.);
#2743=EDGE_CURVE('',#2204,#2203,#1886,.T.);
#2744=EDGE_CURVE('',#2205,#2204,#912,.T.);
#2745=EDGE_CURVE('',#2206,#2205,#1887,.T.);
#2746=EDGE_CURVE('',#2207,#2206,#913,.T.);
#2747=EDGE_CURVE('',#2208,#2207,#1888,.T.);
#2748=EDGE_CURVE('',#2209,#2208,#914,.T.);
#2749=EDGE_CURVE('',#2210,#2209,#1889,.T.);
#2750=EDGE_CURVE('',#2202,#2210,#915,.T.);
#2751=EDGE_CURVE('',#2211,#2212,#1890,.T.);
#2752=EDGE_CURVE('',#2213,#2211,#916,.T.);
#2753=EDGE_CURVE('',#2214,#2213,#1891,.T.);
#2754=EDGE_CURVE('',#2215,#2214,#917,.T.);
#2755=EDGE_CURVE('',#2216,#2215,#1892,.T.);
#2756=EDGE_CURVE('',#2217,#2216,#918,.T.);
#2757=EDGE_CURVE('',#2218,#2217,#1893,.T.);
#2758=EDGE_CURVE('',#2219,#2218,#919,.T.);
#2759=EDGE_CURVE('',#2220,#2219,#1894,.T.);
#2760=EDGE_CURVE('',#2212,#2220,#1895,.T.);
#2761=EDGE_CURVE('',#2183,#2221,#920,.T.);
#2762=EDGE_CURVE('',#2222,#2221,#921,.T.);
#2763=EDGE_CURVE('',#2223,#2222,#922,.T.);
#2764=EDGE_CURVE('',#2224,#2223,#1896,.T.);
#2765=EDGE_CURVE('',#2225,#2224,#923,.T.);
#2766=EDGE_CURVE('',#2226,#2225,#924,.T.);
#2767=EDGE_CURVE('',#2226,#2227,#925,.T.);
#2768=EDGE_CURVE('',#2228,#2227,#1897,.T.);
#2769=EDGE_CURVE('',#2228,#2229,#926,.T.);
#2770=EDGE_CURVE('',#2230,#2229,#1898,.T.);
#2771=EDGE_CURVE('',#2231,#2230,#927,.T.);
#2772=EDGE_CURVE('',#2194,#2231,#928,.T.);
#2773=EDGE_CURVE('',#2232,#2232,#1899,.T.);
#2774=EDGE_CURVE('',#2233,#2233,#1900,.T.);
#2775=EDGE_CURVE('',#2234,#2234,#1901,.T.);
#2776=EDGE_CURVE('',#2235,#2235,#1902,.T.);
#2777=EDGE_CURVE('',#2236,#2237,#1903,.T.);
#2778=EDGE_CURVE('',#2236,#2238,#929,.T.);
#2779=EDGE_CURVE('',#2239,#2238,#1904,.T.);
#2780=EDGE_CURVE('',#2239,#2240,#930,.T.);
#2781=EDGE_CURVE('',#2241,#2240,#1905,.T.);
#2782=EDGE_CURVE('',#2242,#2241,#931,.T.);
#2783=EDGE_CURVE('',#2243,#2242,#1906,.T.);
#2784=EDGE_CURVE('',#2244,#2243,#932,.T.);
#2785=EDGE_CURVE('',#2245,#2244,#933,.T.);
#2786=EDGE_CURVE('',#2246,#2245,#1907,.T.);
#2787=EDGE_CURVE('',#2247,#2246,#934,.T.);
#2788=EDGE_CURVE('',#2248,#2247,#1908,.T.);
#2789=EDGE_CURVE('',#2249,#2248,#935,.T.);
#2790=EDGE_CURVE('',#2250,#2249,#1909,.T.);
#2791=EDGE_CURVE('',#2251,#2250,#936,.T.);
#2792=EDGE_CURVE('',#2252,#2251,#1910,.T.);
#2793=EDGE_CURVE('',#2252,#2253,#937,.T.);
#2794=EDGE_CURVE('',#2254,#2253,#1911,.T.);
#2795=EDGE_CURVE('',#2254,#2255,#938,.T.);
#2796=EDGE_CURVE('',#2256,#2255,#1912,.T.);
#2797=EDGE_CURVE('',#2256,#2257,#939,.T.);
#2798=EDGE_CURVE('',#2258,#2257,#1913,.T.);
#2799=EDGE_CURVE('',#2258,#2259,#940,.T.);
#2800=EDGE_CURVE('',#2260,#2259,#1914,.T.);
#2801=EDGE_CURVE('',#2260,#2261,#941,.T.);
#2802=EDGE_CURVE('',#2261,#2237,#942,.T.);
#2803=EDGE_CURVE('',#2223,#2262,#943,.T.);
#2804=EDGE_CURVE('',#2262,#2263,#1915,.T.);
#2805=EDGE_CURVE('',#2263,#2224,#944,.T.);
#2806=EDGE_CURVE('',#2264,#2265,#207,.T.);
#2807=EDGE_CURVE('',#2265,#2263,#33,.T.);
#2808=EDGE_CURVE('',#2262,#2264,#34,.T.);
#2809=EDGE_CURVE('',#2222,#2266,#945,.T.);
#2810=EDGE_CURVE('',#2267,#2266,#946,.T.);
#2811=EDGE_CURVE('',#2268,#2267,#208,.T.);
#2812=EDGE_CURVE('',#2264,#2268,#947,.T.);
#2813=EDGE_CURVE('',#2269,#2270,#1916,.T.);
#2814=EDGE_CURVE('',#2270,#2271,#35,.T.);
#2815=EDGE_CURVE('',#2271,#2269,#36,.T.);
#2816=EDGE_CURVE('',#2272,#2273,#1917,.T.);
#2817=EDGE_CURVE('',#2273,#2274,#37,.T.);
#2818=EDGE_CURVE('',#2274,#2272,#38,.T.);
#2819=EDGE_CURVE('',#2275,#2276,#1918,.T.);
#2820=EDGE_CURVE('',#2276,#2277,#39,.T.);
#2821=EDGE_CURVE('',#2277,#2275,#40,.T.);
#2822=EDGE_CURVE('',#2278,#2279,#1919,.T.);
#2823=EDGE_CURVE('',#2279,#2280,#41,.T.);
#2824=EDGE_CURVE('',#2280,#2278,#42,.T.);
#2825=EDGE_CURVE('',#2281,#2282,#1920,.T.);
#2826=EDGE_CURVE('',#2282,#2246,#948,.T.);
#2827=EDGE_CURVE('',#2245,#2281,#949,.T.);
#2828=EDGE_CURVE('',#2283,#2284,#1921,.T.);
#2829=EDGE_CURVE('',#2284,#2282,#43,.T.);
#2830=EDGE_CURVE('',#2281,#2283,#44,.T.);
#2831=EDGE_CURVE('',#2279,#2284,#950,.T.);
#2832=EDGE_CURVE('',#2283,#2280,#951,.T.);
#2833=EDGE_CURVE('',#2280,#2285,#952,.T.);
#2834=EDGE_CURVE('',#2285,#2286,#1922,.T.);
#2835=EDGE_CURVE('',#2286,#2278,#953,.T.);
#2836=EDGE_CURVE('',#2287,#2288,#1923,.T.);
#2837=EDGE_CURVE('',#2288,#2286,#1924,.T.);
#2838=EDGE_CURVE('',#2285,#2287,#1925,.T.);
#2839=EDGE_CURVE('',#2276,#2288,#954,.T.);
#2840=EDGE_CURVE('',#2287,#2277,#955,.T.);
#2841=EDGE_CURVE('',#2273,#2275,#956,.T.);
#2842=EDGE_CURVE('',#2277,#2274,#957,.T.);
#2843=EDGE_CURVE('',#2274,#2289,#958,.T.);
#2844=EDGE_CURVE('',#2289,#2290,#1926,.T.);
#2845=EDGE_CURVE('',#2290,#2272,#959,.T.);
#2846=EDGE_CURVE('',#2291,#2292,#1927,.T.);
#2847=EDGE_CURVE('',#2292,#2290,#1928,.T.);
#2848=EDGE_CURVE('',#2289,#2291,#1929,.T.);
#2849=EDGE_CURVE('',#2270,#2292,#960,.T.);
#2850=EDGE_CURVE('',#2291,#2271,#961,.T.);
#2851=EDGE_CURVE('',#2271,#2293,#962,.T.);
#2852=EDGE_CURVE('',#2293,#2294,#1930,.T.);
#2853=EDGE_CURVE('',#2294,#2269,#963,.T.);
#2854=EDGE_CURVE('',#2295,#2296,#1931,.T.);
#2855=EDGE_CURVE('',#2296,#2294,#45,.T.);
#2856=EDGE_CURVE('',#2293,#2295,#46,.T.);
#2857=EDGE_CURVE('',#2259,#2296,#964,.T.);
#2858=EDGE_CURVE('',#2295,#2260,#965,.T.);
#2859=EDGE_CURVE('',#2247,#2279,#966,.T.);
#2860=EDGE_CURVE('',#2278,#2248,#967,.T.);
#2861=EDGE_CURVE('',#2249,#2286,#968,.T.);
#2862=EDGE_CURVE('',#2288,#2250,#969,.T.);
#2863=EDGE_CURVE('',#2251,#2276,#970,.T.);
#2864=EDGE_CURVE('',#2275,#2252,#971,.T.);
#2865=EDGE_CURVE('',#2253,#2273,#972,.T.);
#2866=EDGE_CURVE('',#2272,#2254,#973,.T.);
#2867=EDGE_CURVE('',#2255,#2290,#974,.T.);
#2868=EDGE_CURVE('',#2292,#2256,#975,.T.);
#2869=EDGE_CURVE('',#2257,#2270,#976,.T.);
#2870=EDGE_CURVE('',#2269,#2258,#977,.T.);
#2871=EDGE_CURVE('',#2237,#2297,#978,.T.);
#2872=EDGE_CURVE('',#2297,#2298,#1932,.T.);
#2873=EDGE_CURVE('',#2298,#2236,#979,.T.);
#2874=EDGE_CURVE('',#2299,#2300,#209,.F.);
#2875=EDGE_CURVE('',#2300,#2298,#1933,.T.);
#2876=EDGE_CURVE('',#2297,#2299,#1934,.T.);
#2877=EDGE_CURVE('',#2261,#2301,#980,.T.);
#2878=EDGE_CURVE('',#2301,#2302,#1935,.T.);
#2879=EDGE_CURVE('',#2302,#2299,#981,.T.);
#2880=EDGE_CURVE('',#2303,#2298,#982,.T.);
#2881=EDGE_CURVE('',#2238,#2303,#983,.T.);
#2882=EDGE_CURVE('',#2242,#2304,#984,.T.);
#2883=EDGE_CURVE('',#2304,#2305,#1936,.T.);
#2884=EDGE_CURVE('',#2305,#2243,#985,.T.);
#2885=EDGE_CURVE('',#2306,#2307,#210,.F.);
#2886=EDGE_CURVE('',#2307,#2305,#1937,.T.);
#2887=EDGE_CURVE('',#2304,#2306,#1938,.T.);
#2888=EDGE_CURVE('',#2304,#2308,#986,.T.);
#2889=EDGE_CURVE('',#2308,#2309,#1939,.T.);
#2890=EDGE_CURVE('',#2309,#2306,#987,.T.);
#2891=EDGE_CURVE('',#2308,#2241,#988,.T.);
#2892=EDGE_CURVE('',#2300,#2310,#989,.T.);
#2893=EDGE_CURVE('',#2310,#2303,#1940,.T.);
#2894=EDGE_CURVE('',#2303,#2311,#1941,.T.);
#2895=EDGE_CURVE('',#2311,#2239,#990,.T.);
#2896=EDGE_CURVE('',#2310,#2311,#1942,.T.);
#2897=EDGE_CURVE('',#2312,#2308,#1943,.T.);
#2898=EDGE_CURVE('',#2240,#2312,#991,.T.);
#2899=EDGE_CURVE('',#2312,#2309,#1944,.T.);
#2900=EDGE_CURVE('',#2313,#2283,#992,.T.);
#2901=EDGE_CURVE('',#2313,#2307,#993,.T.);
#2902=EDGE_CURVE('',#2314,#2309,#994,.T.);
#2903=EDGE_CURVE('',#2314,#2315,#995,.T.);
#2904=EDGE_CURVE('',#2315,#2316,#996,.T.);
#2905=EDGE_CURVE('',#2317,#2316,#1945,.T.);
#2906=EDGE_CURVE('',#2317,#2318,#997,.T.);
#2907=EDGE_CURVE('',#2319,#2318,#1946,.T.);
#2908=EDGE_CURVE('',#2319,#2320,#998,.T.);
#2909=EDGE_CURVE('',#2320,#2321,#999,.T.);
#2910=EDGE_CURVE('',#2321,#2322,#1000,.T.);
#2911=EDGE_CURVE('',#2323,#2322,#1001,.T.);
#2912=EDGE_CURVE('',#2323,#2324,#1002,.T.);
#2913=EDGE_CURVE('',#2325,#2324,#1947,.T.);
#2914=EDGE_CURVE('',#2325,#2326,#1003,.T.);
#2915=EDGE_CURVE('',#2327,#2326,#1948,.T.);
#2916=EDGE_CURVE('',#2327,#2328,#1004,.T.);
#2917=EDGE_CURVE('',#2329,#2328,#1005,.T.);
#2918=EDGE_CURVE('',#2310,#2329,#1006,.T.);
#2919=EDGE_CURVE('',#2293,#2302,#1007,.T.);
#2920=EDGE_CURVE('',#2330,#2331,#1949,.T.);
#2921=EDGE_CURVE('',#2330,#2332,#1950,.T.);
#2922=EDGE_CURVE('',#2333,#2332,#1951,.T.);
#2923=EDGE_CURVE('',#2333,#2334,#1008,.T.);
#2924=EDGE_CURVE('',#2334,#2335,#1952,.T.);
#2925=EDGE_CURVE('',#2335,#2336,#1009,.T.);
#2926=EDGE_CURVE('',#2337,#2336,#1953,.T.);
#2927=EDGE_CURVE('',#2337,#2338,#1954,.T.);
#2928=EDGE_CURVE('',#2339,#2338,#1955,.T.);
#2929=EDGE_CURVE('',#2339,#2340,#1010,.T.);
#2930=EDGE_CURVE('',#2340,#2341,#1956,.T.);
#2931=EDGE_CURVE('',#2341,#2331,#1011,.T.);
#2932=EDGE_CURVE('',#2342,#2343,#1957,.T.);
#2933=EDGE_CURVE('',#2342,#2344,#1012,.T.);
#2934=EDGE_CURVE('',#2344,#2345,#1958,.T.);
#2935=EDGE_CURVE('',#2345,#2346,#1013,.T.);
#2936=EDGE_CURVE('',#2347,#2346,#1959,.T.);
#2937=EDGE_CURVE('',#2347,#2348,#1960,.T.);
#2938=EDGE_CURVE('',#2349,#2348,#1961,.T.);
#2939=EDGE_CURVE('',#2349,#2350,#1014,.T.);
#2940=EDGE_CURVE('',#2350,#2351,#1962,.T.);
#2941=EDGE_CURVE('',#2351,#2352,#1015,.T.);
#2942=EDGE_CURVE('',#2353,#2352,#1963,.T.);
#2943=EDGE_CURVE('',#2353,#2343,#1964,.T.);
#2944=EDGE_CURVE('',#2354,#2355,#1965,.T.);
#2945=EDGE_CURVE('',#2354,#2356,#1016,.T.);
#2946=EDGE_CURVE('',#2356,#2357,#1966,.T.);
#2947=EDGE_CURVE('',#2357,#2358,#1017,.T.);
#2948=EDGE_CURVE('',#2359,#2358,#1967,.T.);
#2949=EDGE_CURVE('',#2359,#2360,#1968,.T.);
#2950=EDGE_CURVE('',#2361,#2360,#1969,.T.);
#2951=EDGE_CURVE('',#2361,#2362,#1018,.T.);
#2952=EDGE_CURVE('',#2362,#2363,#1970,.T.);
#2953=EDGE_CURVE('',#2363,#2364,#1019,.T.);
#2954=EDGE_CURVE('',#2365,#2364,#1971,.T.);
#2955=EDGE_CURVE('',#2365,#2355,#1972,.T.);
#2956=EDGE_CURVE('',#2366,#2367,#1973,.T.);
#2957=EDGE_CURVE('',#2366,#2368,#1974,.T.);
#2958=EDGE_CURVE('',#2369,#2368,#1975,.T.);
#2959=EDGE_CURVE('',#2369,#2370,#1020,.T.);
#2960=EDGE_CURVE('',#2370,#2371,#1976,.T.);
#2961=EDGE_CURVE('',#2371,#2372,#1021,.T.);
#2962=EDGE_CURVE('',#2373,#2372,#1977,.T.);
#2963=EDGE_CURVE('',#2373,#2374,#1978,.T.);
#2964=EDGE_CURVE('',#2375,#2374,#1979,.T.);
#2965=EDGE_CURVE('',#2375,#2376,#1022,.T.);
#2966=EDGE_CURVE('',#2376,#2377,#1980,.T.);
#2967=EDGE_CURVE('',#2377,#2367,#1023,.T.);
#2968=EDGE_CURVE('',#2378,#2379,#1981,.T.);
#2969=EDGE_CURVE('',#2379,#2380,#1024,.T.);
#2970=EDGE_CURVE('',#2380,#2381,#1982,.T.);
#2971=EDGE_CURVE('',#2381,#2378,#1025,.T.);
#2972=EDGE_CURVE('',#2382,#2379,#1983,.T.);
#2973=EDGE_CURVE('',#2383,#2382,#1026,.T.);
#2974=EDGE_CURVE('',#2380,#2383,#1984,.T.);
#2975=EDGE_CURVE('',#2384,#2263,#1027,.T.);
#2976=EDGE_CURVE('',#2385,#2384,#1028,.T.);
#2977=EDGE_CURVE('',#2386,#2385,#1029,.T.);
#2978=EDGE_CURVE('',#2387,#2386,#1030,.T.);
#2979=EDGE_CURVE('',#2387,#2388,#1031,.T.);
#2980=EDGE_CURVE('',#2389,#2388,#1985,.T.);
#2981=EDGE_CURVE('',#2389,#2390,#1986,.T.);
#2982=EDGE_CURVE('',#2225,#2390,#1987,.T.);
#2983=EDGE_CURVE('',#2378,#2391,#1032,.T.);
#2984=EDGE_CURVE('',#2391,#2392,#1988,.T.);
#2985=EDGE_CURVE('',#2392,#2393,#1033,.T.);
#2986=EDGE_CURVE('',#2394,#2393,#1989,.T.);
#2987=EDGE_CURVE('',#2394,#2395,#1034,.T.);
#2988=EDGE_CURVE('',#2395,#2396,#1990,.T.);
#2989=EDGE_CURVE('',#2396,#2397,#1035,.T.);
#2990=EDGE_CURVE('',#2382,#2397,#1991,.T.);
#2991=EDGE_CURVE('',#2398,#2399,#1992,.T.);
#2992=EDGE_CURVE('',#2398,#2400,#1036,.T.);
#2993=EDGE_CURVE('',#2400,#2401,#1993,.T.);
#2994=EDGE_CURVE('',#2401,#2402,#1037,.T.);
#2995=EDGE_CURVE('',#2403,#2402,#1994,.T.);
#2996=EDGE_CURVE('',#2403,#2404,#1038,.T.);
#2997=EDGE_CURVE('',#2404,#2405,#1995,.T.);
#2998=EDGE_CURVE('',#2405,#2406,#1039,.T.);
#2999=EDGE_CURVE('',#2407,#2406,#1996,.T.);
#3000=EDGE_CURVE('',#2407,#2399,#1997,.T.);
#3001=EDGE_CURVE('',#2393,#2408,#1040,.T.);
#3002=EDGE_CURVE('',#2408,#2409,#1998,.T.);
#3003=EDGE_CURVE('',#2409,#2394,#1041,.T.);
#3004=EDGE_CURVE('',#2410,#2392,#1042,.T.);
#3005=EDGE_CURVE('',#2408,#2410,#1043,.T.);
#3006=EDGE_CURVE('',#2397,#2411,#1044,.T.);
#3007=EDGE_CURVE('',#2411,#2383,#1999,.T.);
#3008=EDGE_CURVE('',#2412,#2413,#1045,.T.);
#3009=EDGE_CURVE('',#2414,#2412,#1046,.T.);
#3010=EDGE_CURVE('',#2415,#2414,#1047,.T.);
#3011=EDGE_CURVE('',#2415,#2227,#1048,.T.);
#3012=EDGE_CURVE('',#2416,#2226,#2000,.T.);
#3013=EDGE_CURVE('',#2416,#2417,#2001,.T.);
#3014=EDGE_CURVE('',#2418,#2417,#2002,.T.);
#3015=EDGE_CURVE('',#2419,#2418,#1049,.T.);
#3016=EDGE_CURVE('',#2413,#2419,#1050,.T.);
#3017=EDGE_CURVE('',#2411,#2420,#1051,.T.);
#3018=EDGE_CURVE('',#2420,#2421,#2003,.T.);
#3019=EDGE_CURVE('',#2421,#2409,#1052,.T.);
#3020=EDGE_CURVE('',#2410,#2422,#2004,.T.);
#3021=EDGE_CURVE('',#2422,#2381,#1053,.T.);
#3022=EDGE_CURVE('',#2423,#2424,#2005,.T.);
#3023=EDGE_CURVE('',#2423,#2425,#2006,.T.);
#3024=EDGE_CURVE('',#2426,#2425,#2007,.T.);
#3025=EDGE_CURVE('',#2426,#2427,#1054,.T.);
#3026=EDGE_CURVE('',#2427,#2428,#2008,.T.);
#3027=EDGE_CURVE('',#2428,#2429,#1055,.T.);
#3028=EDGE_CURVE('',#2430,#2429,#2009,.T.);
#3029=EDGE_CURVE('',#2430,#2431,#1056,.T.);
#3030=EDGE_CURVE('',#2431,#2432,#2010,.T.);
#3031=EDGE_CURVE('',#2432,#2424,#1057,.T.);
#3032=EDGE_CURVE('',#2399,#2423,#1058,.T.);
#3033=EDGE_CURVE('',#2424,#2398,#1059,.T.);
#3034=EDGE_CURVE('',#2425,#2407,#1060,.T.);
#3035=EDGE_CURVE('',#2402,#2430,#1061,.T.);
#3036=EDGE_CURVE('',#2429,#2403,#1062,.T.);
#3037=EDGE_CURVE('',#2431,#2401,#1063,.T.);
#3038=EDGE_CURVE('',#2406,#2426,#1064,.T.);
#3039=EDGE_CURVE('',#2212,#2433,#1065,.T.);
#3040=EDGE_CURVE('',#2433,#2434,#2011,.T.);
#3041=EDGE_CURVE('',#2434,#2211,#1066,.T.);
#3042=EDGE_CURVE('',#2434,#2435,#1067,.T.);
#3043=EDGE_CURVE('',#2435,#2213,#1068,.T.);
#3044=EDGE_CURVE('',#2436,#2437,#1069,.T.);
#3045=EDGE_CURVE('',#2438,#2436,#1070,.T.);
#3046=EDGE_CURVE('',#2438,#2439,#1071,.T.);
#3047=EDGE_CURVE('',#2440,#2439,#2012,.T.);
#3048=EDGE_CURVE('',#2441,#2440,#2013,.T.);
#3049=EDGE_CURVE('',#2231,#2441,#2014,.T.);
#3050=EDGE_CURVE('',#2442,#2230,#1072,.T.);
#3051=EDGE_CURVE('',#2443,#2442,#1073,.T.);
#3052=EDGE_CURVE('',#2443,#2437,#1074,.T.);
#3053=EDGE_CURVE('',#2444,#2445,#2015,.T.);
#3054=EDGE_CURVE('',#2446,#2444,#1075,.T.);
#3055=EDGE_CURVE('',#2447,#2446,#2016,.T.);
#3056=EDGE_CURVE('',#2448,#2447,#1076,.T.);
#3057=EDGE_CURVE('',#2449,#2448,#2017,.T.);
#3058=EDGE_CURVE('',#2450,#2449,#1077,.T.);
#3059=EDGE_CURVE('',#2451,#2450,#2018,.T.);
#3060=EDGE_CURVE('',#2452,#2451,#1078,.T.);
#3061=EDGE_CURVE('',#2453,#2452,#2019,.T.);
#3062=EDGE_CURVE('',#2445,#2453,#2020,.T.);
#3063=EDGE_CURVE('',#2454,#2433,#2021,.T.);
#3064=EDGE_CURVE('',#2455,#2454,#2022,.T.);
#3065=EDGE_CURVE('',#2456,#2455,#1079,.T.);
#3066=EDGE_CURVE('',#2457,#2456,#2023,.T.);
#3067=EDGE_CURVE('',#2458,#2457,#1080,.T.);
#3068=EDGE_CURVE('',#2459,#2458,#2024,.T.);
#3069=EDGE_CURVE('',#2460,#2459,#1081,.T.);
#3070=EDGE_CURVE('',#2435,#2460,#2025,.T.);
#3071=EDGE_CURVE('',#2219,#2455,#1082,.T.);
#3072=EDGE_CURVE('',#2454,#2220,#1083,.T.);
#3073=EDGE_CURVE('',#2456,#2218,#1084,.T.);
#3074=EDGE_CURVE('',#2215,#2459,#1085,.T.);
#3075=EDGE_CURVE('',#2458,#2216,#1086,.T.);
#3076=EDGE_CURVE('',#2457,#2217,#1087,.T.);
#3077=EDGE_CURVE('',#2202,#2444,#1088,.T.);
#3078=EDGE_CURVE('',#2445,#2201,#1089,.T.);
#3079=EDGE_CURVE('',#2203,#2453,#1090,.T.);
#3080=EDGE_CURVE('',#2452,#2204,#1091,.T.);
#3081=EDGE_CURVE('',#2207,#2449,#1092,.T.);
#3082=EDGE_CURVE('',#2448,#2208,#1093,.T.);
#3083=EDGE_CURVE('',#2447,#2209,#1094,.T.);
#3084=EDGE_CURVE('',#2461,#2462,#2026,.T.);
#3085=EDGE_CURVE('',#2462,#2463,#1095,.T.);
#3086=EDGE_CURVE('',#2463,#2464,#2027,.T.);
#3087=EDGE_CURVE('',#2464,#2461,#1096,.T.);
#3088=EDGE_CURVE('',#2465,#2462,#1097,.T.);
#3089=EDGE_CURVE('',#2466,#2465,#1098,.T.);
#3090=EDGE_CURVE('',#2463,#2466,#1099,.T.);
#3091=EDGE_CURVE('',#2465,#2467,#2028,.T.);
#3092=EDGE_CURVE('',#2467,#2468,#1100,.T.);
#3093=EDGE_CURVE('',#2468,#2466,#2029,.T.);
#3094=EDGE_CURVE('',#2469,#2467,#1101,.T.);
#3095=EDGE_CURVE('',#2470,#2469,#1102,.T.);
#3096=EDGE_CURVE('',#2468,#2470,#1103,.T.);
#3097=EDGE_CURVE('',#2469,#2471,#2030,.T.);
#3098=EDGE_CURVE('',#2471,#2472,#1104,.T.);
#3099=EDGE_CURVE('',#2472,#2470,#2031,.T.);
#3100=EDGE_CURVE('',#2473,#2471,#1105,.T.);
#3101=EDGE_CURVE('',#2474,#2473,#1106,.T.);
#3102=EDGE_CURVE('',#2475,#2474,#1107,.T.);
#3103=EDGE_CURVE('',#2476,#2475,#1108,.T.);
#3104=EDGE_CURVE('',#2472,#2476,#1109,.T.);
#3105=EDGE_CURVE('',#2474,#2477,#2032,.T.);
#3106=EDGE_CURVE('',#2477,#2478,#1110,.T.);
#3107=EDGE_CURVE('',#2478,#2475,#2033,.T.);
#3108=EDGE_CURVE('',#2478,#2464,#1111,.T.);
#3109=EDGE_CURVE('',#2461,#2477,#1112,.T.);
#3110=EDGE_CURVE('',#2479,#2385,#2034,.T.);
#3111=EDGE_CURVE('',#2384,#2480,#211,.F.);
#3112=EDGE_CURVE('',#2480,#2481,#1113,.T.);
#3113=EDGE_CURVE('',#2481,#2482,#1114,.T.);
#3114=EDGE_CURVE('',#2482,#2479,#1115,.T.);
#3115=EDGE_CURVE('',#2483,#2479,#2035,.T.);
#3116=EDGE_CURVE('',#2479,#2484,#1116,.T.);
#3117=EDGE_CURVE('',#2484,#2485,#1117,.T.);
#3118=EDGE_CURVE('',#2485,#2486,#1118,.T.);
#3119=EDGE_CURVE('',#2487,#2486,#1119,.T.);
#3120=EDGE_CURVE('',#2487,#2488,#1120,.T.);
#3121=EDGE_CURVE('',#2488,#2489,#2036,.T.);
#3122=EDGE_CURVE('',#2489,#2490,#1121,.T.);
#3123=EDGE_CURVE('',#2490,#2491,#1122,.T.);
#3124=EDGE_CURVE('',#2491,#2483,#1123,.T.);
#3125=EDGE_CURVE('',#2483,#2385,#2037,.T.);
#3126=EDGE_CURVE('',#2200,#2488,#2038,.T.);
#3127=EDGE_CURVE('',#2488,#2492,#1124,.T.);
#3128=EDGE_CURVE('',#2493,#2492,#1125,.T.);
#3129=EDGE_CURVE('',#2493,#2190,#1126,.T.);
#3130=EDGE_CURVE('',#2200,#2489,#2039,.T.);
#3131=EDGE_CURVE('',#2483,#2494,#1127,.T.);
#3132=EDGE_CURVE('',#2494,#2386,#2040,.T.);
#3133=EDGE_CURVE('',#2491,#2495,#2041,.T.);
#3134=EDGE_CURVE('',#2495,#2491,#2042,.T.);
#3135=EDGE_CURVE('',#2490,#2496,#2043,.T.);
#3136=EDGE_CURVE('',#2496,#2490,#2044,.T.);
#3137=EDGE_CURVE('',#2497,#2489,#1128,.T.);
#3138=EDGE_CURVE('',#2498,#2497,#1129,.T.);
#3139=EDGE_CURVE('',#2498,#2499,#2045,.T.);
#3140=EDGE_CURVE('',#2499,#2498,#2046,.T.);
#3141=EDGE_CURVE('',#2500,#2498,#1130,.T.);
#3142=EDGE_CURVE('',#2500,#2501,#2047,.T.);
#3143=EDGE_CURVE('',#2501,#2500,#2048,.T.);
#3144=EDGE_CURVE('',#2494,#2500,#1131,.T.);
#3145=EDGE_CURVE('',#2199,#2497,#2049,.T.);
#3146=EDGE_CURVE('',#2502,#2493,#2050,.T.);
#3147=EDGE_CURVE('',#2503,#2502,#1132,.T.);
#3148=EDGE_CURVE('',#2504,#2503,#1133,.T.);
#3149=EDGE_CURVE('',#2191,#2504,#1134,.T.);
#3150=EDGE_CURVE('',#2492,#2487,#2051,.T.);
#3151=EDGE_CURVE('',#2505,#2485,#2052,.T.);
#3152=EDGE_CURVE('',#2505,#2506,#1135,.T.);
#3153=EDGE_CURVE('',#2507,#2506,#2053,.T.);
#3154=EDGE_CURVE('',#2508,#2507,#1136,.T.);
#3155=EDGE_CURVE('',#2508,#2509,#2054,.F.);
#3156=EDGE_CURVE('',#2510,#2509,#1137,.T.);
#3157=EDGE_CURVE('',#2486,#2510,#2055,.T.);
#3158=EDGE_CURVE('',#2484,#2482,#2056,.T.);
#3159=EDGE_CURVE('',#2511,#2494,#2057,.T.);
#3160=EDGE_CURVE('',#2497,#2512,#2058,.T.);
#3161=EDGE_CURVE('',#2512,#2511,#1138,.T.);
#3162=EDGE_CURVE('',#2511,#2386,#2059,.T.);
#3163=EDGE_CURVE('',#2199,#2512,#2060,.T.);
#3164=EDGE_CURVE('',#2511,#2513,#1139,.T.);
#3165=EDGE_CURVE('',#2513,#2387,#2061,.T.);
#3166=EDGE_CURVE('',#2514,#2512,#1140,.T.);
#3167=EDGE_CURVE('',#2513,#2514,#1141,.T.);
#3168=EDGE_CURVE('',#2198,#2514,#2062,.T.);
#3169=EDGE_CURVE('',#2506,#2515,#1142,.T.);
#3170=EDGE_CURVE('',#2515,#2516,#2063,.T.);
#3171=EDGE_CURVE('',#2516,#2507,#1143,.T.);
#3172=EDGE_CURVE('',#2517,#2505,#1144,.T.);
#3173=EDGE_CURVE('',#2515,#2517,#1145,.T.);
#3174=EDGE_CURVE('',#2518,#2517,#2064,.T.);
#3175=EDGE_CURVE('',#2485,#2518,#1146,.T.);
#3176=EDGE_CURVE('',#2519,#2484,#1147,.T.);
#3177=EDGE_CURVE('',#2518,#2519,#1148,.T.);
#3178=EDGE_CURVE('',#2482,#2412,#1149,.T.);
#3179=EDGE_CURVE('',#2412,#2519,#2065,.T.);
#3180=EDGE_CURVE('',#2413,#2520,#2066,.T.);
#3181=EDGE_CURVE('',#2520,#2519,#1150,.T.);
#3182=EDGE_CURVE('',#2521,#2522,#212,.T.);
#3183=EDGE_CURVE('',#2522,#2520,#1151,.T.);
#3184=EDGE_CURVE('',#2520,#2523,#2067,.T.);
#3185=EDGE_CURVE('',#2523,#2521,#1152,.T.);
#3186=EDGE_CURVE('',#2413,#2523,#2068,.T.);
#3187=EDGE_CURVE('',#2522,#2524,#2069,.T.);
#3188=EDGE_CURVE('',#2524,#2525,#2070,.T.);
#3189=EDGE_CURVE('',#2525,#2526,#1153,.T.);
#3190=EDGE_CURVE('',#2526,#2527,#2071,.T.);
#3191=EDGE_CURVE('',#2528,#2527,#1154,.T.);
#3192=EDGE_CURVE('',#2529,#2528,#1155,.T.);
#3193=EDGE_CURVE('',#2530,#2529,#1156,.T.);
#3194=EDGE_CURVE('',#2531,#2530,#1157,.T.);
#3195=EDGE_CURVE('',#2532,#2531,#1158,.T.);
#3196=EDGE_CURVE('',#2532,#2533,#2072,.T.);
#3197=EDGE_CURVE('',#2533,#2532,#2073,.T.);
#3198=EDGE_CURVE('',#2534,#2532,#1159,.T.);
#3199=EDGE_CURVE('',#2534,#2535,#2074,.T.);
#3200=EDGE_CURVE('',#2535,#2534,#2075,.T.);
#3201=EDGE_CURVE('',#2536,#2534,#1160,.T.);
#3202=EDGE_CURVE('',#2536,#2518,#1161,.T.);
#3203=EDGE_CURVE('',#2481,#2537,#2076,.T.);
#3204=EDGE_CURVE('',#2537,#2538,#1162,.T.);
#3205=EDGE_CURVE('',#2538,#2414,#2077,.T.);
#3206=EDGE_CURVE('',#2414,#2481,#1163,.T.);
#3207=EDGE_CURVE('',#2415,#2538,#47,.F.);
#3208=EDGE_CURVE('',#2538,#2516,#1164,.T.);
#3209=EDGE_CURVE('',#2539,#2537,#1165,.T.);
#3210=EDGE_CURVE('',#2540,#2539,#1166,.T.);
#3211=EDGE_CURVE('',#2507,#2540,#1167,.T.);
#3212=EDGE_CURVE('',#2541,#2542,#213,.F.);
#3213=EDGE_CURVE('',#2541,#2543,#1168,.T.);
#3214=EDGE_CURVE('',#2543,#2528,#2078,.T.);
#3215=EDGE_CURVE('',#2542,#2527,#214,.F.);
#3216=EDGE_CURVE('',#2487,#2529,#1169,.T.);
#3217=EDGE_CURVE('',#2529,#2437,#2079,.T.);
#3218=EDGE_CURVE('',#2437,#2492,#1170,.T.);
#3219=EDGE_CURVE('',#2528,#2436,#2080,.T.);
#3220=EDGE_CURVE('',#2543,#2436,#2081,.T.);
#3221=EDGE_CURVE('',#2530,#2486,#1171,.T.);
#3222=EDGE_CURVE('',#2493,#2443,#1172,.T.);
#3223=EDGE_CURVE('',#2443,#2544,#2082,.T.);
#3224=EDGE_CURVE('',#2544,#2502,#1173,.T.);
#3225=EDGE_CURVE('',#2442,#2544,#48,.T.);
#3226=EDGE_CURVE('',#2530,#2545,#2083,.F.);
#3227=EDGE_CURVE('',#2510,#2545,#1174,.T.);
#3228=EDGE_CURVE('',#2546,#2509,#1175,.T.);
#3229=EDGE_CURVE('',#2546,#2545,#1176,.T.);
#3230=EDGE_CURVE('',#2508,#2547,#1177,.T.);
#3231=EDGE_CURVE('',#2547,#2546,#2084,.T.);
#3232=EDGE_CURVE('',#2544,#2547,#1178,.T.);
#3233=EDGE_CURVE('',#2508,#2548,#1179,.T.);
#3234=EDGE_CURVE('',#2548,#2503,#1180,.T.);
#3235=EDGE_CURVE('',#2312,#2549,#1181,.T.);
#3236=EDGE_CURVE('',#2549,#2314,#2085,.T.);
#3237=EDGE_CURVE('',#2329,#2550,#2086,.T.);
#3238=EDGE_CURVE('',#2550,#2311,#1182,.T.);
#3239=EDGE_CURVE('',#2551,#2550,#1183,.T.);
#3240=EDGE_CURVE('',#2552,#2551,#1184,.T.);
#3241=EDGE_CURVE('',#2549,#2552,#1185,.T.);
#3242=EDGE_CURVE('',#2553,#2554,#2087,.T.);
#3243=EDGE_CURVE('',#2554,#2555,#215,.T.);
#3244=EDGE_CURVE('',#2555,#2556,#2088,.T.);
#3245=EDGE_CURVE('',#2556,#2553,#216,.T.);
#3246=EDGE_CURVE('',#2557,#2558,#217,.F.);
#3247=EDGE_CURVE('',#2558,#2556,#2089,.T.);
#3248=EDGE_CURVE('',#2555,#2268,#2090,.T.);
#3249=EDGE_CURVE('',#2557,#2267,#218,.T.);
#3250=EDGE_CURVE('',#2559,#2560,#219,.T.);
#3251=EDGE_CURVE('',#2560,#2561,#2091,.T.);
#3252=EDGE_CURVE('',#2561,#2562,#2092,.T.);
#3253=EDGE_CURVE('',#2562,#2563,#2093,.T.);
#3254=EDGE_CURVE('',#2564,#2563,#220,.T.);
#3255=EDGE_CURVE('',#2564,#2559,#221,.F.);
#3256=EDGE_CURVE('',#2565,#2566,#2094,.T.);
#3257=EDGE_CURVE('',#2566,#2562,#222,.T.);
#3258=EDGE_CURVE('',#2561,#2565,#223,.T.);
#3259=EDGE_CURVE('',#2567,#2568,#2095,.T.);
#3260=EDGE_CURVE('',#2568,#2566,#2096,.T.);
#3261=EDGE_CURVE('',#2565,#2567,#2097,.T.);
#3262=EDGE_CURVE('',#2569,#2570,#2098,.T.);
#3263=EDGE_CURVE('',#2570,#2568,#1186,.T.);
#3264=EDGE_CURVE('',#2567,#2569,#1187,.T.);
#3265=EDGE_CURVE('',#2571,#2569,#2099,.T.);
#3266=EDGE_CURVE('',#2569,#2572,#1188,.T.);
#3267=EDGE_CURVE('',#2572,#2573,#2100,.T.);
#3268=EDGE_CURVE('',#2573,#2571,#1189,.T.);
#3269=EDGE_CURVE('',#2571,#2570,#2101,.T.);
#3270=EDGE_CURVE('',#2572,#2574,#2102,.T.);
#3271=EDGE_CURVE('',#2574,#2573,#2103,.T.);
#3272=EDGE_CURVE('',#2575,#2576,#2104,.T.);
#3273=EDGE_CURVE('',#2576,#2574,#1190,.T.);
#3274=EDGE_CURVE('',#2572,#2575,#1191,.T.);
#3275=EDGE_CURVE('',#2575,#2554,#2105,.T.);
#3276=EDGE_CURVE('',#2553,#2576,#2106,.T.);
#3277=EDGE_CURVE('',#2560,#2577,#1192,.T.);
#3278=EDGE_CURVE('',#2577,#2578,#49,.T.);
#3279=EDGE_CURVE('',#2579,#2578,#224,.T.);
#3280=EDGE_CURVE('',#2579,#2565,#1193,.T.);
#3281=EDGE_CURVE('',#2580,#2186,#1194,.T.);
#3282=EDGE_CURVE('',#2577,#2580,#1195,.T.);
#3283=EDGE_CURVE('',#2559,#2581,#1196,.T.);
#3284=EDGE_CURVE('',#2221,#2581,#1197,.T.);
#3285=EDGE_CURVE('',#2582,#2562,#1198,.T.);
#3286=EDGE_CURVE('',#2563,#2582,#1199,.T.);
#3287=EDGE_CURVE('',#2568,#2583,#1200,.T.);
#3288=EDGE_CURVE('',#2582,#2583,#2107,.T.);
#3289=EDGE_CURVE('',#2584,#2570,#1201,.T.);
#3290=EDGE_CURVE('',#2583,#2584,#1202,.T.);
#3291=EDGE_CURVE('',#2571,#2585,#1203,.T.);
#3292=EDGE_CURVE('',#2585,#2584,#2108,.F.);
#3293=EDGE_CURVE('',#2586,#2573,#1204,.T.);
#3294=EDGE_CURVE('',#2586,#2551,#1205,.T.);
#3295=EDGE_CURVE('',#2552,#2551,#1206,.T.);
#3296=EDGE_CURVE('',#2585,#2552,#1207,.T.);
#3297=EDGE_CURVE('',#2587,#2588,#2109,.T.);
#3298=EDGE_CURVE('',#2587,#2589,#1208,.T.);
#3299=EDGE_CURVE('',#2539,#2589,#2110,.F.);
#3300=EDGE_CURVE('',#2539,#2588,#1209,.T.);
#3301=EDGE_CURVE('',#2590,#2588,#1210,.T.);
#3302=EDGE_CURVE('',#2591,#2590,#1211,.T.);
#3303=EDGE_CURVE('',#2591,#2592,#2111,.T.);
#3304=EDGE_CURVE('',#2593,#2592,#1212,.T.);
#3305=EDGE_CURVE('',#2593,#2594,#2112,.T.);
#3306=EDGE_CURVE('',#2587,#2594,#1213,.T.);
#3307=EDGE_CURVE('',#2595,#2595,#2113,.T.);
#3308=EDGE_CURVE('',#2590,#2480,#2114,.F.);
#3309=EDGE_CURVE('',#2596,#2597,#2115,.T.);
#3310=EDGE_CURVE('',#2597,#2592,#1214,.T.);
#3311=EDGE_CURVE('',#2598,#2591,#225,.T.);
#3312=EDGE_CURVE('',#2598,#2599,#1215,.T.);
#3313=EDGE_CURVE('',#2599,#2596,#226,.T.);
#3314=EDGE_CURVE('',#2600,#2597,#1216,.T.);
#3315=EDGE_CURVE('',#2593,#2600,#1217,.T.);
#3316=EDGE_CURVE('',#2601,#2579,#2116,.T.);
#3317=EDGE_CURVE('',#2602,#2601,#1218,.T.);
#3318=EDGE_CURVE('',#2603,#2602,#2117,.T.);
#3319=EDGE_CURVE('',#2604,#2603,#1219,.T.);
#3320=EDGE_CURVE('',#2503,#2604,#2118,.T.);
#3321=EDGE_CURVE('',#2589,#2605,#1220,.T.);
#3322=EDGE_CURVE('',#2600,#2605,#2119,.T.);
#3323=EDGE_CURVE('',#2554,#2596,#1221,.T.);
#3324=EDGE_CURVE('',#2606,#2607,#1222,.T.);
#3325=EDGE_CURVE('',#2608,#2606,#227,.T.);
#3326=EDGE_CURVE('',#2609,#2608,#1223,.T.);
#3327=EDGE_CURVE('',#2610,#2609,#228,.T.);
#3328=EDGE_CURVE('',#2611,#2610,#1224,.T.);
#3329=EDGE_CURVE('',#2612,#2611,#229,.T.);
#3330=EDGE_CURVE('',#2613,#2612,#1225,.T.);
#3331=EDGE_CURVE('',#2607,#2613,#230,.T.);
#3332=EDGE_CURVE('',#2578,#2193,#1226,.T.);
#3333=EDGE_CURVE('',#2192,#2614,#2120,.F.);
#3334=EDGE_CURVE('',#2614,#2601,#1227,.T.);
#3335=EDGE_CURVE('',#2580,#2188,#50,.T.);
#3336=EDGE_CURVE('',#2615,#2616,#2121,.T.);
#3337=EDGE_CURVE('',#2615,#2603,#1228,.T.);
#3338=EDGE_CURVE('',#2602,#2616,#1229,.T.);
#3339=EDGE_CURVE('',#2617,#2615,#1230,.T.);
#3340=EDGE_CURVE('',#2604,#2617,#1231,.T.);
#3341=EDGE_CURVE('',#2504,#2617,#2122,.T.);
#3342=EDGE_CURVE('',#2618,#2586,#2123,.F.);
#3343=EDGE_CURVE('',#2619,#2618,#1232,.T.);
#3344=EDGE_CURVE('',#2619,#2620,#2124,.T.);
#3345=EDGE_CURVE('',#2558,#2620,#1233,.T.);
#3346=EDGE_CURVE('',#2621,#2557,#1234,.T.);
#3347=EDGE_CURVE('',#2621,#2622,#1235,.T.);
#3348=EDGE_CURVE('',#2622,#2564,#1236,.F.);
#3349=EDGE_CURVE('',#2623,#2623,#2125,.T.);
#3350=EDGE_CURVE('',#2624,#2624,#2126,.T.);
#3351=EDGE_CURVE('',#2574,#2618,#1237,.T.);
#3352=EDGE_CURVE('',#2556,#2620,#1238,.T.);
#3353=EDGE_CURVE('',#2619,#2576,#1239,.T.);
#3354=EDGE_CURVE('',#2605,#2594,#1240,.T.);
#3355=EDGE_CURVE('',#2265,#2625,#231,.T.);
#3356=EDGE_CURVE('',#2598,#2625,#1241,.T.);
#3357=EDGE_CURVE('',#2599,#2625,#51,.T.);
#3358=EDGE_CURVE('',#2266,#2621,#52,.T.);
#3359=EDGE_CURVE('',#2622,#2581,#53,.T.);
#3360=EDGE_CURVE('',#2281,#2626,#1242,.T.);
#3361=EDGE_CURVE('',#2313,#2626,#2127,.T.);
#3362=EDGE_CURVE('',#2301,#2295,#1243,.T.);
#3363=EDGE_CURVE('',#2229,#2544,#1244,.T.);
#3364=EDGE_CURVE('',#2538,#2228,#1245,.T.);
#3365=EDGE_CURVE('',#2419,#2627,#2128,.T.);
#3366=EDGE_CURVE('',#2627,#2523,#1246,.T.);
#3367=EDGE_CURVE('',#2543,#2628,#1247,.T.);
#3368=EDGE_CURVE('',#2628,#2438,#2129,.T.);
#3369=EDGE_CURVE('',#2441,#2195,#1248,.T.);
#3370=EDGE_CURVE('',#2196,#2440,#1249,.T.);
#3371=EDGE_CURVE('',#2439,#2197,#1250,.T.);
#3372=EDGE_CURVE('',#2388,#2418,#1251,.T.);
#3373=EDGE_CURVE('',#2417,#2389,#1252,.T.);
#3374=EDGE_CURVE('',#2390,#2416,#1253,.T.);
#3375=EDGE_CURVE('',#2331,#2629,#1254,.T.);
#3376=EDGE_CURVE('',#2629,#2630,#2130,.T.);
#3377=EDGE_CURVE('',#2630,#2330,#1255,.T.);
#3378=EDGE_CURVE('',#2631,#2630,#2131,.T.);
#3379=EDGE_CURVE('',#2332,#2631,#1256,.T.);
#3380=EDGE_CURVE('',#2632,#2633,#2132,.T.);
#3381=EDGE_CURVE('',#2633,#2634,#1257,.T.);
#3382=EDGE_CURVE('',#2634,#2635,#2133,.T.);
#3383=EDGE_CURVE('',#2635,#2636,#1258,.T.);
#3384=EDGE_CURVE('',#2636,#2637,#2134,.T.);
#3385=EDGE_CURVE('',#2637,#2638,#1259,.T.);
#3386=EDGE_CURVE('',#2638,#2639,#2135,.T.);
#3387=EDGE_CURVE('',#2639,#2632,#1260,.T.);
#3388=EDGE_CURVE('',#2640,#2641,#2136,.T.);
#3389=EDGE_CURVE('',#2640,#2642,#1261,.T.);
#3390=EDGE_CURVE('',#2642,#2643,#2137,.T.);
#3391=EDGE_CURVE('',#2643,#2644,#1262,.T.);
#3392=EDGE_CURVE('',#2645,#2644,#2138,.T.);
#3393=EDGE_CURVE('',#2645,#2646,#2139,.T.);
#3394=EDGE_CURVE('',#2647,#2646,#2140,.T.);
#3395=EDGE_CURVE('',#2647,#2648,#1263,.T.);
#3396=EDGE_CURVE('',#2648,#2649,#2141,.T.);
#3397=EDGE_CURVE('',#2649,#2650,#1264,.T.);
#3398=EDGE_CURVE('',#2651,#2650,#2142,.T.);
#3399=EDGE_CURVE('',#2651,#2641,#2143,.T.);
#3400=EDGE_CURVE('',#2652,#2653,#2144,.T.);
#3401=EDGE_CURVE('',#2652,#2654,#2145,.T.);
#3402=EDGE_CURVE('',#2655,#2654,#2146,.T.);
#3403=EDGE_CURVE('',#2655,#2656,#1265,.T.);
#3404=EDGE_CURVE('',#2656,#2657,#2147,.T.);
#3405=EDGE_CURVE('',#2657,#2658,#1266,.T.);
#3406=EDGE_CURVE('',#2659,#2658,#2148,.T.);
#3407=EDGE_CURVE('',#2659,#2660,#2149,.T.);
#3408=EDGE_CURVE('',#2661,#2660,#2150,.T.);
#3409=EDGE_CURVE('',#2661,#2662,#1267,.T.);
#3410=EDGE_CURVE('',#2662,#2663,#2151,.T.);
#3411=EDGE_CURVE('',#2663,#2653,#1268,.T.);
#3412=EDGE_CURVE('',#2664,#2665,#2152,.T.);
#3413=EDGE_CURVE('',#2664,#2666,#2153,.T.);
#3414=EDGE_CURVE('',#2667,#2666,#2154,.T.);
#3415=EDGE_CURVE('',#2667,#2668,#1269,.T.);
#3416=EDGE_CURVE('',#2668,#2669,#2155,.T.);
#3417=EDGE_CURVE('',#2669,#2670,#1270,.T.);
#3418=EDGE_CURVE('',#2671,#2670,#2156,.T.);
#3419=EDGE_CURVE('',#2671,#2672,#2157,.T.);
#3420=EDGE_CURVE('',#2673,#2672,#2158,.T.);
#3421=EDGE_CURVE('',#2673,#2674,#1271,.T.);
#3422=EDGE_CURVE('',#2674,#2675,#2159,.T.);
#3423=EDGE_CURVE('',#2675,#2665,#1272,.T.);
#3424=EDGE_CURVE('',#2629,#2676,#1273,.T.);
#3425=EDGE_CURVE('',#2676,#2677,#2160,.T.);
#3426=EDGE_CURVE('',#2677,#2678,#1274,.T.);
#3427=EDGE_CURVE('',#2679,#2678,#2161,.T.);
#3428=EDGE_CURVE('',#2679,#2680,#2162,.T.);
#3429=EDGE_CURVE('',#2681,#2680,#2163,.T.);
#3430=EDGE_CURVE('',#2681,#2682,#1275,.T.);
#3431=EDGE_CURVE('',#2682,#2683,#2164,.T.);
#3432=EDGE_CURVE('',#2683,#2684,#1276,.T.);
#3433=EDGE_CURVE('',#2631,#2684,#2165,.T.);
#3434=EDGE_CURVE('',#2685,#2686,#1277,.T.);
#3435=EDGE_CURVE('',#2687,#2686,#2166,.T.);
#3436=EDGE_CURVE('',#2687,#2688,#1278,.T.);
#3437=EDGE_CURVE('',#2689,#2688,#2167,.T.);
#3438=EDGE_CURVE('',#2689,#2690,#1279,.T.);
#3439=EDGE_CURVE('',#2691,#2690,#2168,.T.);
#3440=EDGE_CURVE('',#2691,#2692,#1280,.T.);
#3441=EDGE_CURVE('',#2685,#2692,#2169,.T.);
#3442=EDGE_CURVE('',#2684,#2333,#1281,.T.);
#3443=EDGE_CURVE('',#2683,#2334,#1282,.T.);
#3444=EDGE_CURVE('',#2343,#2652,#1283,.T.);
#3445=EDGE_CURVE('',#2653,#2342,#1284,.T.);
#3446=EDGE_CURVE('',#2654,#2353,#1285,.T.);
#3447=EDGE_CURVE('',#2352,#2655,#1286,.T.);
#3448=EDGE_CURVE('',#2355,#2664,#1287,.T.);
#3449=EDGE_CURVE('',#2665,#2354,#1288,.T.);
#3450=EDGE_CURVE('',#2666,#2365,#1289,.T.);
#3451=EDGE_CURVE('',#2364,#2667,#1290,.T.);
#3452=EDGE_CURVE('',#2367,#2640,#1291,.T.);
#3453=EDGE_CURVE('',#2641,#2366,#1292,.T.);
#3454=EDGE_CURVE('',#2368,#2651,#1293,.T.);
#3455=EDGE_CURVE('',#2650,#2369,#1294,.T.);
#3456=EDGE_CURVE('',#2649,#2370,#1295,.T.);
#3457=EDGE_CURVE('',#2338,#2679,#1296,.T.);
#3458=EDGE_CURVE('',#2678,#2339,#1297,.T.);
#3459=EDGE_CURVE('',#2680,#2337,#1298,.T.);
#3460=EDGE_CURVE('',#2336,#2681,#1299,.T.);
#3461=EDGE_CURVE('',#2374,#2645,#1300,.T.);
#3462=EDGE_CURVE('',#2644,#2375,#1301,.T.);
#3463=EDGE_CURVE('',#2646,#2373,#1302,.T.);
#3464=EDGE_CURVE('',#2372,#2647,#1303,.T.);
#3465=EDGE_CURVE('',#2360,#2671,#1304,.T.);
#3466=EDGE_CURVE('',#2670,#2361,#1305,.T.);
#3467=EDGE_CURVE('',#2672,#2359,#1306,.T.);
#3468=EDGE_CURVE('',#2358,#2673,#1307,.T.);
#3469=EDGE_CURVE('',#2348,#2659,#1308,.T.);
#3470=EDGE_CURVE('',#2658,#2349,#1309,.T.);
#3471=EDGE_CURVE('',#2660,#2347,#1310,.T.);
#3472=EDGE_CURVE('',#2346,#2661,#1311,.T.);
#3473=EDGE_CURVE('',#2607,#2693,#2170,.T.);
#3474=EDGE_CURVE('',#2693,#2694,#1312,.T.);
#3475=EDGE_CURVE('',#2694,#2606,#2171,.T.);
#3476=EDGE_CURVE('',#2613,#2695,#2172,.T.);
#3477=EDGE_CURVE('',#2695,#2693,#232,.T.);
#3478=EDGE_CURVE('',#2694,#2696,#233,.T.);
#3479=EDGE_CURVE('',#2696,#2608,#2173,.T.);
#3480=EDGE_CURVE('',#2612,#2697,#2174,.T.);
#3481=EDGE_CURVE('',#2697,#2695,#1313,.T.);
#3482=EDGE_CURVE('',#2698,#2609,#2175,.T.);
#3483=EDGE_CURVE('',#2696,#2698,#1314,.T.);
#3484=EDGE_CURVE('',#2611,#2699,#2176,.T.);
#3485=EDGE_CURVE('',#2699,#2697,#234,.T.);
#3486=EDGE_CURVE('',#2698,#2700,#235,.T.);
#3487=EDGE_CURVE('',#2700,#2610,#2177,.T.);
#3488=EDGE_CURVE('',#2700,#2699,#1315,.T.);
#3489=EDGE_CURVE('',#2698,#2701,#54,.T.);
#3490=EDGE_CURVE('',#2701,#2700,#55,.T.);
#3491=EDGE_CURVE('',#2702,#2696,#56,.T.);
#3492=EDGE_CURVE('',#2702,#2701,#1316,.T.);
#3493=EDGE_CURVE('',#2694,#2702,#57,.T.);
#3494=EDGE_CURVE('',#2703,#2693,#58,.T.);
#3495=EDGE_CURVE('',#2703,#2702,#1317,.T.);
#3496=EDGE_CURVE('',#2699,#2704,#59,.T.);
#3497=EDGE_CURVE('',#2704,#2697,#60,.T.);
#3498=EDGE_CURVE('',#2695,#2703,#61,.T.);
#3499=EDGE_CURVE('',#2704,#2703,#1318,.T.);
#3500=EDGE_CURVE('',#2701,#2704,#1319,.T.);
#3501=EDGE_CURVE('',#2705,#2706,#1320,.T.);
#3502=EDGE_CURVE('',#2707,#2706,#2178,.T.);
#3503=EDGE_CURVE('',#2707,#2708,#1321,.T.);
#3504=EDGE_CURVE('',#2709,#2708,#2179,.T.);
#3505=EDGE_CURVE('',#2709,#2710,#1322,.T.);
#3506=EDGE_CURVE('',#2711,#2710,#2180,.T.);
#3507=EDGE_CURVE('',#2711,#2712,#1323,.T.);
#3508=EDGE_CURVE('',#2705,#2712,#2181,.T.);
#3509=EDGE_CURVE('',#2632,#2705,#1324,.T.);
#3510=EDGE_CURVE('',#2712,#2633,#1325,.T.);
#3511=EDGE_CURVE('',#2706,#2639,#1326,.T.);
#3512=EDGE_CURVE('',#2638,#2707,#1327,.T.);
#3513=EDGE_CURVE('',#2708,#2637,#1328,.T.);
#3514=EDGE_CURVE('',#2636,#2709,#1329,.T.);
#3515=EDGE_CURVE('',#2710,#2635,#1330,.T.);
#3516=EDGE_CURVE('',#2634,#2711,#1331,.T.);
#3517=EDGE_CURVE('',#2686,#2327,#1332,.T.);
#3518=EDGE_CURVE('',#2326,#2687,#1333,.T.);
#3519=EDGE_CURVE('',#2316,#2685,#1334,.T.);
#3520=EDGE_CURVE('',#2713,#2315,#1335,.T.);
#3521=EDGE_CURVE('',#2714,#2713,#1336,.T.);
#3522=EDGE_CURVE('',#2328,#2714,#1337,.T.);
#3523=EDGE_CURVE('',#2692,#2317,#1338,.T.);
#3524=EDGE_CURVE('',#2318,#2691,#1339,.T.);
#3525=EDGE_CURVE('',#2690,#2319,#1340,.T.);
#3526=EDGE_CURVE('',#2324,#2689,#1341,.T.);
#3527=EDGE_CURVE('',#2715,#2323,#1342,.T.);
#3528=EDGE_CURVE('',#2716,#2715,#1343,.T.);
#3529=EDGE_CURVE('',#2320,#2716,#1344,.T.);
#3530=EDGE_CURVE('',#2688,#2325,#1345,.T.);
#3531=EDGE_CURVE('',#2322,#2717,#1346,.T.);
#3532=EDGE_CURVE('',#2717,#2715,#1347,.T.);
#3533=EDGE_CURVE('',#2716,#2718,#1348,.T.);
#3534=EDGE_CURVE('',#2321,#2718,#1349,.T.);
#3535=EDGE_CURVE('',#2552,#2713,#1350,.T.);
#3536=EDGE_CURVE('',#2718,#2717,#1351,.T.);
#3537=EDGE_CURVE('',#2714,#2551,#1352,.T.);
#3538=EDGE_CURVE('',#2682,#2335,#1353,.T.);
#3539=EDGE_CURVE('',#2677,#2340,#1354,.T.);
#3540=EDGE_CURVE('',#2676,#2341,#1355,.T.);
#3541=EDGE_CURVE('',#2674,#2357,#1356,.T.);
#3542=EDGE_CURVE('',#2669,#2362,#1357,.T.);
#3543=EDGE_CURVE('',#2668,#2363,#1358,.T.);
#3544=EDGE_CURVE('',#2675,#2356,#1359,.T.);
#3545=EDGE_CURVE('',#2663,#2344,#1360,.T.);
#3546=EDGE_CURVE('',#2662,#2345,#1361,.T.);
#3547=EDGE_CURVE('',#2657,#2350,#1362,.T.);
#3548=EDGE_CURVE('',#2656,#2351,#1363,.T.);
#3549=EDGE_CURVE('',#2648,#2371,#1364,.T.);
#3550=EDGE_CURVE('',#2643,#2376,#1365,.T.);
#3551=EDGE_CURVE('',#2642,#2377,#1366,.T.);
#3552=EDGE_CURVE('',#2496,#2533,#1367,.T.);
#3553=EDGE_CURVE('',#2501,#2524,#1368,.T.);
#3554=EDGE_CURVE('',#2521,#2525,#1369,.T.);
#3555=EDGE_CURVE('',#2495,#2535,#1370,.T.);
#3556=EDGE_CURVE('',#2499,#2542,#1371,.T.);
#3557=EDGE_CURVE('',#2541,#2526,#1372,.T.);
#3558=EDGE_CURVE('',#2616,#2614,#1373,.T.);
#3559=EDGE_CURVE('',#2719,#2719,#2182,.T.);
#3560=EDGE_CURVE('',#2244,#2626,#1374,.T.);
#3561=EDGE_CURVE('',#2460,#2214,#1375,.T.);
#3562=EDGE_CURVE('',#2451,#2205,#1376,.T.);
#3563=EDGE_CURVE('',#2450,#2206,#1377,.T.);
#3564=EDGE_CURVE('',#2446,#2210,#1378,.T.);
#3565=EDGE_CURVE('',#2719,#2233,#1379,.T.);
#3566=EDGE_CURVE('',#2623,#2232,#1380,.T.);
#3567=EDGE_CURVE('',#2432,#2400,#1381,.T.);
#3568=EDGE_CURVE('',#2428,#2404,#1382,.T.);
#3569=EDGE_CURVE('',#2427,#2405,#1383,.T.);
#3570=EDGE_CURVE('',#2421,#2395,#1384,.T.);
#3571=EDGE_CURVE('',#2420,#2396,#1385,.T.);
#3572=EDGE_CURVE('',#2422,#2391,#1386,.T.);
#3573=EDGE_CURVE('',#2628,#2627,#1387,.T.);
#3574=EDGE_CURVE('',#2595,#2234,#1388,.T.);
#3575=EDGE_CURVE('',#2624,#2235,#1389,.T.);
#3576=ORIENTED_EDGE('',*,*,#2720,.T.);
#3577=ORIENTED_EDGE('',*,*,#2721,.T.);
#3578=ORIENTED_EDGE('',*,*,#2722,.T.);
#3579=ORIENTED_EDGE('',*,*,#2723,.T.);
#3580=ORIENTED_EDGE('',*,*,#2724,.T.);
#3581=ORIENTED_EDGE('',*,*,#2725,.T.);
#3582=ORIENTED_EDGE('',*,*,#2722,.F.);
#3583=ORIENTED_EDGE('',*,*,#2726,.T.);
#3584=ORIENTED_EDGE('',*,*,#2726,.F.);
#3585=ORIENTED_EDGE('',*,*,#2727,.T.);
#3586=ORIENTED_EDGE('',*,*,#2728,.F.);
#3587=ORIENTED_EDGE('',*,*,#2729,.T.);
#3588=ORIENTED_EDGE('',*,*,#2730,.T.);
#3589=ORIENTED_EDGE('',*,*,#2731,.F.);
#3590=ORIENTED_EDGE('',*,*,#2732,.F.);
#3591=ORIENTED_EDGE('',*,*,#2721,.F.);
#3592=ORIENTED_EDGE('',*,*,#2733,.F.);
#3593=ORIENTED_EDGE('',*,*,#2734,.F.);
#3594=ORIENTED_EDGE('',*,*,#2735,.F.);
#3595=ORIENTED_EDGE('',*,*,#2736,.F.);
#3596=ORIENTED_EDGE('',*,*,#2737,.F.);
#3597=ORIENTED_EDGE('',*,*,#2738,.F.);
#3598=ORIENTED_EDGE('',*,*,#2739,.F.);
#3599=ORIENTED_EDGE('',*,*,#2740,.F.);
#3600=ORIENTED_EDGE('',*,*,#2727,.F.);
#3601=ORIENTED_EDGE('',*,*,#2741,.F.);
#3602=ORIENTED_EDGE('',*,*,#2742,.F.);
#3603=ORIENTED_EDGE('',*,*,#2743,.F.);
#3604=ORIENTED_EDGE('',*,*,#2744,.F.);
#3605=ORIENTED_EDGE('',*,*,#2745,.F.);
#3606=ORIENTED_EDGE('',*,*,#2746,.F.);
#3607=ORIENTED_EDGE('',*,*,#2747,.F.);
#3608=ORIENTED_EDGE('',*,*,#2748,.F.);
#3609=ORIENTED_EDGE('',*,*,#2749,.F.);
#3610=ORIENTED_EDGE('',*,*,#2750,.F.);
#3611=ORIENTED_EDGE('',*,*,#2751,.F.);
#3612=ORIENTED_EDGE('',*,*,#2752,.F.);
#3613=ORIENTED_EDGE('',*,*,#2753,.F.);
#3614=ORIENTED_EDGE('',*,*,#2754,.F.);
#3615=ORIENTED_EDGE('',*,*,#2755,.F.);
#3616=ORIENTED_EDGE('',*,*,#2756,.F.);
#3617=ORIENTED_EDGE('',*,*,#2757,.F.);
#3618=ORIENTED_EDGE('',*,*,#2758,.F.);
#3619=ORIENTED_EDGE('',*,*,#2759,.F.);
#3620=ORIENTED_EDGE('',*,*,#2760,.F.);
#3621=ORIENTED_EDGE('',*,*,#2720,.F.);
#3622=ORIENTED_EDGE('',*,*,#2761,.T.);
#3623=ORIENTED_EDGE('',*,*,#2762,.F.);
#3624=ORIENTED_EDGE('',*,*,#2763,.F.);
#3625=ORIENTED_EDGE('',*,*,#2764,.F.);
#3626=ORIENTED_EDGE('',*,*,#2765,.F.);
#3627=ORIENTED_EDGE('',*,*,#2766,.F.);
#3628=ORIENTED_EDGE('',*,*,#2767,.T.);
#3629=ORIENTED_EDGE('',*,*,#2768,.F.);
#3630=ORIENTED_EDGE('',*,*,#2769,.T.);
#3631=ORIENTED_EDGE('',*,*,#2770,.F.);
#3632=ORIENTED_EDGE('',*,*,#2771,.F.);
#3633=ORIENTED_EDGE('',*,*,#2772,.F.);
#3634=ORIENTED_EDGE('',*,*,#2733,.T.);
#3635=ORIENTED_EDGE('',*,*,#2773,.T.);
#3636=ORIENTED_EDGE('',*,*,#2774,.T.);
#3637=ORIENTED_EDGE('',*,*,#2775,.F.);
#3638=ORIENTED_EDGE('',*,*,#2776,.F.);
#3639=ORIENTED_EDGE('',*,*,#2777,.F.);
#3640=ORIENTED_EDGE('',*,*,#2778,.T.);
#3641=ORIENTED_EDGE('',*,*,#2779,.F.);
#3642=ORIENTED_EDGE('',*,*,#2780,.T.);
#3643=ORIENTED_EDGE('',*,*,#2781,.F.);
#3644=ORIENTED_EDGE('',*,*,#2782,.F.);
#3645=ORIENTED_EDGE('',*,*,#2783,.F.);
#3646=ORIENTED_EDGE('',*,*,#2784,.F.);
#3647=ORIENTED_EDGE('',*,*,#2785,.F.);
#3648=ORIENTED_EDGE('',*,*,#2786,.F.);
#3649=ORIENTED_EDGE('',*,*,#2787,.F.);
#3650=ORIENTED_EDGE('',*,*,#2788,.F.);
#3651=ORIENTED_EDGE('',*,*,#2789,.F.);
#3652=ORIENTED_EDGE('',*,*,#2790,.F.);
#3653=ORIENTED_EDGE('',*,*,#2791,.F.);
#3654=ORIENTED_EDGE('',*,*,#2792,.F.);
#3655=ORIENTED_EDGE('',*,*,#2793,.T.);
#3656=ORIENTED_EDGE('',*,*,#2794,.F.);
#3657=ORIENTED_EDGE('',*,*,#2795,.T.);
#3658=ORIENTED_EDGE('',*,*,#2796,.F.);
#3659=ORIENTED_EDGE('',*,*,#2797,.T.);
#3660=ORIENTED_EDGE('',*,*,#2798,.F.);
#3661=ORIENTED_EDGE('',*,*,#2799,.T.);
#3662=ORIENTED_EDGE('',*,*,#2800,.F.);
#3663=ORIENTED_EDGE('',*,*,#2801,.T.);
#3664=ORIENTED_EDGE('',*,*,#2802,.T.);
#3665=ORIENTED_EDGE('',*,*,#2764,.T.);
#3666=ORIENTED_EDGE('',*,*,#2803,.T.);
#3667=ORIENTED_EDGE('',*,*,#2804,.T.);
#3668=ORIENTED_EDGE('',*,*,#2805,.T.);
#3669=ORIENTED_EDGE('',*,*,#2806,.T.);
#3670=ORIENTED_EDGE('',*,*,#2807,.T.);
#3671=ORIENTED_EDGE('',*,*,#2804,.F.);
#3672=ORIENTED_EDGE('',*,*,#2808,.T.);
#3673=ORIENTED_EDGE('',*,*,#2808,.F.);
#3674=ORIENTED_EDGE('',*,*,#2803,.F.);
#3675=ORIENTED_EDGE('',*,*,#2763,.T.);
#3676=ORIENTED_EDGE('',*,*,#2809,.T.);
#3677=ORIENTED_EDGE('',*,*,#2810,.F.);
#3678=ORIENTED_EDGE('',*,*,#2811,.F.);
#3679=ORIENTED_EDGE('',*,*,#2812,.F.);
#3680=ORIENTED_EDGE('',*,*,#2813,.T.);
#3681=ORIENTED_EDGE('',*,*,#2814,.T.);
#3682=ORIENTED_EDGE('',*,*,#2815,.T.);
#3683=ORIENTED_EDGE('',*,*,#2816,.T.);
#3684=ORIENTED_EDGE('',*,*,#2817,.T.);
#3685=ORIENTED_EDGE('',*,*,#2818,.T.);
#3686=ORIENTED_EDGE('',*,*,#2819,.T.);
#3687=ORIENTED_EDGE('',*,*,#2820,.T.);
#3688=ORIENTED_EDGE('',*,*,#2821,.T.);
#3689=ORIENTED_EDGE('',*,*,#2822,.T.);
#3690=ORIENTED_EDGE('',*,*,#2823,.T.);
#3691=ORIENTED_EDGE('',*,*,#2824,.T.);
#3692=ORIENTED_EDGE('',*,*,#2825,.T.);
#3693=ORIENTED_EDGE('',*,*,#2826,.T.);
#3694=ORIENTED_EDGE('',*,*,#2786,.T.);
#3695=ORIENTED_EDGE('',*,*,#2827,.T.);
#3696=ORIENTED_EDGE('',*,*,#2828,.T.);
#3697=ORIENTED_EDGE('',*,*,#2829,.T.);
#3698=ORIENTED_EDGE('',*,*,#2825,.F.);
#3699=ORIENTED_EDGE('',*,*,#2830,.T.);
#3700=ORIENTED_EDGE('',*,*,#2823,.F.);
#3701=ORIENTED_EDGE('',*,*,#2831,.T.);
#3702=ORIENTED_EDGE('',*,*,#2828,.F.);
#3703=ORIENTED_EDGE('',*,*,#2832,.T.);
#3704=ORIENTED_EDGE('',*,*,#2824,.F.);
#3705=ORIENTED_EDGE('',*,*,#2833,.T.);
#3706=ORIENTED_EDGE('',*,*,#2834,.T.);
#3707=ORIENTED_EDGE('',*,*,#2835,.T.);
#3708=ORIENTED_EDGE('',*,*,#2836,.T.);
#3709=ORIENTED_EDGE('',*,*,#2837,.T.);
#3710=ORIENTED_EDGE('',*,*,#2834,.F.);
#3711=ORIENTED_EDGE('',*,*,#2838,.T.);
#3712=ORIENTED_EDGE('',*,*,#2820,.F.);
#3713=ORIENTED_EDGE('',*,*,#2839,.T.);
#3714=ORIENTED_EDGE('',*,*,#2836,.F.);
#3715=ORIENTED_EDGE('',*,*,#2840,.T.);
#3716=ORIENTED_EDGE('',*,*,#2817,.F.);
#3717=ORIENTED_EDGE('',*,*,#2841,.T.);
#3718=ORIENTED_EDGE('',*,*,#2821,.F.);
#3719=ORIENTED_EDGE('',*,*,#2842,.T.);
#3720=ORIENTED_EDGE('',*,*,#2818,.F.);
#3721=ORIENTED_EDGE('',*,*,#2843,.T.);
#3722=ORIENTED_EDGE('',*,*,#2844,.T.);
#3723=ORIENTED_EDGE('',*,*,#2845,.T.);
#3724=ORIENTED_EDGE('',*,*,#2846,.T.);
#3725=ORIENTED_EDGE('',*,*,#2847,.T.);
#3726=ORIENTED_EDGE('',*,*,#2844,.F.);
#3727=ORIENTED_EDGE('',*,*,#2848,.T.);
#3728=ORIENTED_EDGE('',*,*,#2814,.F.);
#3729=ORIENTED_EDGE('',*,*,#2849,.T.);
#3730=ORIENTED_EDGE('',*,*,#2846,.F.);
#3731=ORIENTED_EDGE('',*,*,#2850,.T.);
#3732=ORIENTED_EDGE('',*,*,#2815,.F.);
#3733=ORIENTED_EDGE('',*,*,#2851,.T.);
#3734=ORIENTED_EDGE('',*,*,#2852,.T.);
#3735=ORIENTED_EDGE('',*,*,#2853,.T.);
#3736=ORIENTED_EDGE('',*,*,#2854,.T.);
#3737=ORIENTED_EDGE('',*,*,#2855,.T.);
#3738=ORIENTED_EDGE('',*,*,#2852,.F.);
#3739=ORIENTED_EDGE('',*,*,#2856,.T.);
#3740=ORIENTED_EDGE('',*,*,#2800,.T.);
#3741=ORIENTED_EDGE('',*,*,#2857,.T.);
#3742=ORIENTED_EDGE('',*,*,#2854,.F.);
#3743=ORIENTED_EDGE('',*,*,#2858,.T.);
#3744=ORIENTED_EDGE('',*,*,#2826,.F.);
#3745=ORIENTED_EDGE('',*,*,#2829,.F.);
#3746=ORIENTED_EDGE('',*,*,#2831,.F.);
#3747=ORIENTED_EDGE('',*,*,#2859,.F.);
#3748=ORIENTED_EDGE('',*,*,#2787,.T.);
#3749=ORIENTED_EDGE('',*,*,#2822,.F.);
#3750=ORIENTED_EDGE('',*,*,#2860,.T.);
#3751=ORIENTED_EDGE('',*,*,#2788,.T.);
#3752=ORIENTED_EDGE('',*,*,#2859,.T.);
#3753=ORIENTED_EDGE('',*,*,#2835,.F.);
#3754=ORIENTED_EDGE('',*,*,#2861,.F.);
#3755=ORIENTED_EDGE('',*,*,#2789,.T.);
#3756=ORIENTED_EDGE('',*,*,#2860,.F.);
#3757=ORIENTED_EDGE('',*,*,#2837,.F.);
#3758=ORIENTED_EDGE('',*,*,#2862,.T.);
#3759=ORIENTED_EDGE('',*,*,#2790,.T.);
#3760=ORIENTED_EDGE('',*,*,#2861,.T.);
#3761=ORIENTED_EDGE('',*,*,#2839,.F.);
#3762=ORIENTED_EDGE('',*,*,#2863,.F.);
#3763=ORIENTED_EDGE('',*,*,#2791,.T.);
#3764=ORIENTED_EDGE('',*,*,#2862,.F.);
#3765=ORIENTED_EDGE('',*,*,#2819,.F.);
#3766=ORIENTED_EDGE('',*,*,#2864,.T.);
#3767=ORIENTED_EDGE('',*,*,#2792,.T.);
#3768=ORIENTED_EDGE('',*,*,#2863,.T.);
#3769=ORIENTED_EDGE('',*,*,#2841,.F.);
#3770=ORIENTED_EDGE('',*,*,#2865,.F.);
#3771=ORIENTED_EDGE('',*,*,#2793,.F.);
#3772=ORIENTED_EDGE('',*,*,#2864,.F.);
#3773=ORIENTED_EDGE('',*,*,#2816,.F.);
#3774=ORIENTED_EDGE('',*,*,#2866,.T.);
#3775=ORIENTED_EDGE('',*,*,#2794,.T.);
#3776=ORIENTED_EDGE('',*,*,#2865,.T.);
#3777=ORIENTED_EDGE('',*,*,#2845,.F.);
#3778=ORIENTED_EDGE('',*,*,#2867,.F.);
#3779=ORIENTED_EDGE('',*,*,#2795,.F.);
#3780=ORIENTED_EDGE('',*,*,#2866,.F.);
#3781=ORIENTED_EDGE('',*,*,#2847,.F.);
#3782=ORIENTED_EDGE('',*,*,#2868,.T.);
#3783=ORIENTED_EDGE('',*,*,#2796,.T.);
#3784=ORIENTED_EDGE('',*,*,#2867,.T.);
#3785=ORIENTED_EDGE('',*,*,#2849,.F.);
#3786=ORIENTED_EDGE('',*,*,#2869,.F.);
#3787=ORIENTED_EDGE('',*,*,#2797,.F.);
#3788=ORIENTED_EDGE('',*,*,#2868,.F.);
#3789=ORIENTED_EDGE('',*,*,#2813,.F.);
#3790=ORIENTED_EDGE('',*,*,#2870,.T.);
#3791=ORIENTED_EDGE('',*,*,#2798,.T.);
#3792=ORIENTED_EDGE('',*,*,#2869,.T.);
#3793=ORIENTED_EDGE('',*,*,#2853,.F.);
#3794=ORIENTED_EDGE('',*,*,#2855,.F.);
#3795=ORIENTED_EDGE('',*,*,#2857,.F.);
#3796=ORIENTED_EDGE('',*,*,#2799,.F.);
#3797=ORIENTED_EDGE('',*,*,#2870,.F.);
#3798=ORIENTED_EDGE('',*,*,#2777,.T.);
#3799=ORIENTED_EDGE('',*,*,#2871,.T.);
#3800=ORIENTED_EDGE('',*,*,#2872,.T.);
#3801=ORIENTED_EDGE('',*,*,#2873,.T.);
#3802=ORIENTED_EDGE('',*,*,#2874,.T.);
#3803=ORIENTED_EDGE('',*,*,#2875,.T.);
#3804=ORIENTED_EDGE('',*,*,#2872,.F.);
#3805=ORIENTED_EDGE('',*,*,#2876,.T.);
#3806=ORIENTED_EDGE('',*,*,#2876,.F.);
#3807=ORIENTED_EDGE('',*,*,#2871,.F.);
#3808=ORIENTED_EDGE('',*,*,#2802,.F.);
#3809=ORIENTED_EDGE('',*,*,#2877,.T.);
#3810=ORIENTED_EDGE('',*,*,#2878,.T.);
#3811=ORIENTED_EDGE('',*,*,#2879,.T.);
#3812=ORIENTED_EDGE('',*,*,#2873,.F.);
#3813=ORIENTED_EDGE('',*,*,#2880,.F.);
#3814=ORIENTED_EDGE('',*,*,#2881,.F.);
#3815=ORIENTED_EDGE('',*,*,#2778,.F.);
#3816=ORIENTED_EDGE('',*,*,#2783,.T.);
#3817=ORIENTED_EDGE('',*,*,#2882,.T.);
#3818=ORIENTED_EDGE('',*,*,#2883,.T.);
#3819=ORIENTED_EDGE('',*,*,#2884,.T.);
#3820=ORIENTED_EDGE('',*,*,#2885,.T.);
#3821=ORIENTED_EDGE('',*,*,#2886,.T.);
#3822=ORIENTED_EDGE('',*,*,#2883,.F.);
#3823=ORIENTED_EDGE('',*,*,#2887,.T.);
#3824=ORIENTED_EDGE('',*,*,#2887,.F.);
#3825=ORIENTED_EDGE('',*,*,#2888,.T.);
#3826=ORIENTED_EDGE('',*,*,#2889,.T.);
#3827=ORIENTED_EDGE('',*,*,#2890,.T.);
#3828=ORIENTED_EDGE('',*,*,#2882,.F.);
#3829=ORIENTED_EDGE('',*,*,#2782,.T.);
#3830=ORIENTED_EDGE('',*,*,#2891,.F.);
#3831=ORIENTED_EDGE('',*,*,#2888,.F.);
#3832=ORIENTED_EDGE('',*,*,#2875,.F.);
#3833=ORIENTED_EDGE('',*,*,#2892,.T.);
#3834=ORIENTED_EDGE('',*,*,#2893,.T.);
#3835=ORIENTED_EDGE('',*,*,#2880,.T.);
#3836=ORIENTED_EDGE('',*,*,#2894,.T.);
#3837=ORIENTED_EDGE('',*,*,#2895,.T.);
#3838=ORIENTED_EDGE('',*,*,#2779,.T.);
#3839=ORIENTED_EDGE('',*,*,#2881,.T.);
#3840=ORIENTED_EDGE('',*,*,#2894,.F.);
#3841=ORIENTED_EDGE('',*,*,#2893,.F.);
#3842=ORIENTED_EDGE('',*,*,#2896,.T.);
#3843=ORIENTED_EDGE('',*,*,#2897,.T.);
#3844=ORIENTED_EDGE('',*,*,#2891,.T.);
#3845=ORIENTED_EDGE('',*,*,#2781,.T.);
#3846=ORIENTED_EDGE('',*,*,#2898,.T.);
#3847=ORIENTED_EDGE('',*,*,#2889,.F.);
#3848=ORIENTED_EDGE('',*,*,#2897,.F.);
#3849=ORIENTED_EDGE('',*,*,#2899,.T.);
#3850=ORIENTED_EDGE('',*,*,#2832,.F.);
#3851=ORIENTED_EDGE('',*,*,#2900,.F.);
#3852=ORIENTED_EDGE('',*,*,#2901,.T.);
#3853=ORIENTED_EDGE('',*,*,#2885,.F.);
#3854=ORIENTED_EDGE('',*,*,#2890,.F.);
#3855=ORIENTED_EDGE('',*,*,#2902,.F.);
#3856=ORIENTED_EDGE('',*,*,#2903,.T.);
#3857=ORIENTED_EDGE('',*,*,#2904,.T.);
#3858=ORIENTED_EDGE('',*,*,#2905,.F.);
#3859=ORIENTED_EDGE('',*,*,#2906,.T.);
#3860=ORIENTED_EDGE('',*,*,#2907,.F.);
#3861=ORIENTED_EDGE('',*,*,#2908,.T.);
#3862=ORIENTED_EDGE('',*,*,#2909,.T.);
#3863=ORIENTED_EDGE('',*,*,#2910,.T.);
#3864=ORIENTED_EDGE('',*,*,#2911,.F.);
#3865=ORIENTED_EDGE('',*,*,#2912,.T.);
#3866=ORIENTED_EDGE('',*,*,#2913,.F.);
#3867=ORIENTED_EDGE('',*,*,#2914,.T.);
#3868=ORIENTED_EDGE('',*,*,#2915,.F.);
#3869=ORIENTED_EDGE('',*,*,#2916,.T.);
#3870=ORIENTED_EDGE('',*,*,#2917,.F.);
#3871=ORIENTED_EDGE('',*,*,#2918,.F.);
#3872=ORIENTED_EDGE('',*,*,#2892,.F.);
#3873=ORIENTED_EDGE('',*,*,#2874,.F.);
#3874=ORIENTED_EDGE('',*,*,#2879,.F.);
#3875=ORIENTED_EDGE('',*,*,#2919,.F.);
#3876=ORIENTED_EDGE('',*,*,#2851,.F.);
#3877=ORIENTED_EDGE('',*,*,#2850,.F.);
#3878=ORIENTED_EDGE('',*,*,#2848,.F.);
#3879=ORIENTED_EDGE('',*,*,#2843,.F.);
#3880=ORIENTED_EDGE('',*,*,#2842,.F.);
#3881=ORIENTED_EDGE('',*,*,#2840,.F.);
#3882=ORIENTED_EDGE('',*,*,#2838,.F.);
#3883=ORIENTED_EDGE('',*,*,#2833,.F.);
#3884=ORIENTED_EDGE('',*,*,#2920,.F.);
#3885=ORIENTED_EDGE('',*,*,#2921,.T.);
#3886=ORIENTED_EDGE('',*,*,#2922,.F.);
#3887=ORIENTED_EDGE('',*,*,#2923,.T.);
#3888=ORIENTED_EDGE('',*,*,#2924,.T.);
#3889=ORIENTED_EDGE('',*,*,#2925,.T.);
#3890=ORIENTED_EDGE('',*,*,#2926,.F.);
#3891=ORIENTED_EDGE('',*,*,#2927,.T.);
#3892=ORIENTED_EDGE('',*,*,#2928,.F.);
#3893=ORIENTED_EDGE('',*,*,#2929,.T.);
#3894=ORIENTED_EDGE('',*,*,#2930,.T.);
#3895=ORIENTED_EDGE('',*,*,#2931,.T.);
#3896=ORIENTED_EDGE('',*,*,#2932,.F.);
#3897=ORIENTED_EDGE('',*,*,#2933,.T.);
#3898=ORIENTED_EDGE('',*,*,#2934,.T.);
#3899=ORIENTED_EDGE('',*,*,#2935,.T.);
#3900=ORIENTED_EDGE('',*,*,#2936,.F.);
#3901=ORIENTED_EDGE('',*,*,#2937,.T.);
#3902=ORIENTED_EDGE('',*,*,#2938,.F.);
#3903=ORIENTED_EDGE('',*,*,#2939,.T.);
#3904=ORIENTED_EDGE('',*,*,#2940,.T.);
#3905=ORIENTED_EDGE('',*,*,#2941,.T.);
#3906=ORIENTED_EDGE('',*,*,#2942,.F.);
#3907=ORIENTED_EDGE('',*,*,#2943,.T.);
#3908=ORIENTED_EDGE('',*,*,#2944,.F.);
#3909=ORIENTED_EDGE('',*,*,#2945,.T.);
#3910=ORIENTED_EDGE('',*,*,#2946,.T.);
#3911=ORIENTED_EDGE('',*,*,#2947,.T.);
#3912=ORIENTED_EDGE('',*,*,#2948,.F.);
#3913=ORIENTED_EDGE('',*,*,#2949,.T.);
#3914=ORIENTED_EDGE('',*,*,#2950,.F.);
#3915=ORIENTED_EDGE('',*,*,#2951,.T.);
#3916=ORIENTED_EDGE('',*,*,#2952,.T.);
#3917=ORIENTED_EDGE('',*,*,#2953,.T.);
#3918=ORIENTED_EDGE('',*,*,#2954,.F.);
#3919=ORIENTED_EDGE('',*,*,#2955,.T.);
#3920=ORIENTED_EDGE('',*,*,#2956,.F.);
#3921=ORIENTED_EDGE('',*,*,#2957,.T.);
#3922=ORIENTED_EDGE('',*,*,#2958,.F.);
#3923=ORIENTED_EDGE('',*,*,#2959,.T.);
#3924=ORIENTED_EDGE('',*,*,#2960,.T.);
#3925=ORIENTED_EDGE('',*,*,#2961,.T.);
#3926=ORIENTED_EDGE('',*,*,#2962,.F.);
#3927=ORIENTED_EDGE('',*,*,#2963,.T.);
#3928=ORIENTED_EDGE('',*,*,#2964,.F.);
#3929=ORIENTED_EDGE('',*,*,#2965,.T.);
#3930=ORIENTED_EDGE('',*,*,#2966,.T.);
#3931=ORIENTED_EDGE('',*,*,#2967,.T.);
#3932=ORIENTED_EDGE('',*,*,#2968,.T.);
#3933=ORIENTED_EDGE('',*,*,#2969,.T.);
#3934=ORIENTED_EDGE('',*,*,#2970,.T.);
#3935=ORIENTED_EDGE('',*,*,#2971,.T.);
#3936=ORIENTED_EDGE('',*,*,#2969,.F.);
#3937=ORIENTED_EDGE('',*,*,#2972,.F.);
#3938=ORIENTED_EDGE('',*,*,#2973,.F.);
#3939=ORIENTED_EDGE('',*,*,#2974,.F.);
#3940=ORIENTED_EDGE('',*,*,#2805,.F.);
#3941=ORIENTED_EDGE('',*,*,#2975,.F.);
#3942=ORIENTED_EDGE('',*,*,#2976,.F.);
#3943=ORIENTED_EDGE('',*,*,#2977,.F.);
#3944=ORIENTED_EDGE('',*,*,#2978,.F.);
#3945=ORIENTED_EDGE('',*,*,#2979,.T.);
#3946=ORIENTED_EDGE('',*,*,#2980,.F.);
#3947=ORIENTED_EDGE('',*,*,#2981,.T.);
#3948=ORIENTED_EDGE('',*,*,#2982,.F.);
#3949=ORIENTED_EDGE('',*,*,#2765,.T.);
#3950=ORIENTED_EDGE('',*,*,#2968,.F.);
#3951=ORIENTED_EDGE('',*,*,#2983,.T.);
#3952=ORIENTED_EDGE('',*,*,#2984,.T.);
#3953=ORIENTED_EDGE('',*,*,#2985,.T.);
#3954=ORIENTED_EDGE('',*,*,#2986,.F.);
#3955=ORIENTED_EDGE('',*,*,#2987,.T.);
#3956=ORIENTED_EDGE('',*,*,#2988,.T.);
#3957=ORIENTED_EDGE('',*,*,#2989,.T.);
#3958=ORIENTED_EDGE('',*,*,#2990,.F.);
#3959=ORIENTED_EDGE('',*,*,#2972,.T.);
#3960=ORIENTED_EDGE('',*,*,#2991,.F.);
#3961=ORIENTED_EDGE('',*,*,#2992,.T.);
#3962=ORIENTED_EDGE('',*,*,#2993,.T.);
#3963=ORIENTED_EDGE('',*,*,#2994,.T.);
#3964=ORIENTED_EDGE('',*,*,#2995,.F.);
#3965=ORIENTED_EDGE('',*,*,#2996,.T.);
#3966=ORIENTED_EDGE('',*,*,#2997,.T.);
#3967=ORIENTED_EDGE('',*,*,#2998,.T.);
#3968=ORIENTED_EDGE('',*,*,#2999,.F.);
#3969=ORIENTED_EDGE('',*,*,#3000,.T.);
#3970=ORIENTED_EDGE('',*,*,#2986,.T.);
#3971=ORIENTED_EDGE('',*,*,#3001,.T.);
#3972=ORIENTED_EDGE('',*,*,#3002,.T.);
#3973=ORIENTED_EDGE('',*,*,#3003,.T.);
#3974=ORIENTED_EDGE('',*,*,#3001,.F.);
#3975=ORIENTED_EDGE('',*,*,#2985,.F.);
#3976=ORIENTED_EDGE('',*,*,#3004,.F.);
#3977=ORIENTED_EDGE('',*,*,#3005,.F.);
#3978=ORIENTED_EDGE('',*,*,#2990,.T.);
#3979=ORIENTED_EDGE('',*,*,#3006,.T.);
#3980=ORIENTED_EDGE('',*,*,#3007,.T.);
#3981=ORIENTED_EDGE('',*,*,#2973,.T.);
#3982=ORIENTED_EDGE('',*,*,#3008,.F.);
#3983=ORIENTED_EDGE('',*,*,#3009,.F.);
#3984=ORIENTED_EDGE('',*,*,#3010,.F.);
#3985=ORIENTED_EDGE('',*,*,#3011,.T.);
#3986=ORIENTED_EDGE('',*,*,#2767,.F.);
#3987=ORIENTED_EDGE('',*,*,#3012,.F.);
#3988=ORIENTED_EDGE('',*,*,#3013,.T.);
#3989=ORIENTED_EDGE('',*,*,#3014,.F.);
#3990=ORIENTED_EDGE('',*,*,#3015,.F.);
#3991=ORIENTED_EDGE('',*,*,#3016,.F.);
#3992=ORIENTED_EDGE('',*,*,#2970,.F.);
#3993=ORIENTED_EDGE('',*,*,#2974,.T.);
#3994=ORIENTED_EDGE('',*,*,#3007,.F.);
#3995=ORIENTED_EDGE('',*,*,#3017,.T.);
#3996=ORIENTED_EDGE('',*,*,#3018,.T.);
#3997=ORIENTED_EDGE('',*,*,#3019,.T.);
#3998=ORIENTED_EDGE('',*,*,#3002,.F.);
#3999=ORIENTED_EDGE('',*,*,#3005,.T.);
#4000=ORIENTED_EDGE('',*,*,#3020,.T.);
#4001=ORIENTED_EDGE('',*,*,#3021,.T.);
#4002=ORIENTED_EDGE('',*,*,#3022,.F.);
#4003=ORIENTED_EDGE('',*,*,#3023,.T.);
#4004=ORIENTED_EDGE('',*,*,#3024,.F.);
#4005=ORIENTED_EDGE('',*,*,#3025,.T.);
#4006=ORIENTED_EDGE('',*,*,#3026,.T.);
#4007=ORIENTED_EDGE('',*,*,#3027,.T.);
#4008=ORIENTED_EDGE('',*,*,#3028,.F.);
#4009=ORIENTED_EDGE('',*,*,#3029,.T.);
#4010=ORIENTED_EDGE('',*,*,#3030,.T.);
#4011=ORIENTED_EDGE('',*,*,#3031,.T.);
#4012=ORIENTED_EDGE('',*,*,#2991,.T.);
#4013=ORIENTED_EDGE('',*,*,#3032,.T.);
#4014=ORIENTED_EDGE('',*,*,#3022,.T.);
#4015=ORIENTED_EDGE('',*,*,#3033,.T.);
#4016=ORIENTED_EDGE('',*,*,#3032,.F.);
#4017=ORIENTED_EDGE('',*,*,#3000,.F.);
#4018=ORIENTED_EDGE('',*,*,#3034,.F.);
#4019=ORIENTED_EDGE('',*,*,#3023,.F.);
#4020=ORIENTED_EDGE('',*,*,#2995,.T.);
#4021=ORIENTED_EDGE('',*,*,#3035,.T.);
#4022=ORIENTED_EDGE('',*,*,#3028,.T.);
#4023=ORIENTED_EDGE('',*,*,#3036,.T.);
#4024=ORIENTED_EDGE('',*,*,#3035,.F.);
#4025=ORIENTED_EDGE('',*,*,#2994,.F.);
#4026=ORIENTED_EDGE('',*,*,#3037,.F.);
#4027=ORIENTED_EDGE('',*,*,#3029,.F.);
#4028=ORIENTED_EDGE('',*,*,#2999,.T.);
#4029=ORIENTED_EDGE('',*,*,#3038,.T.);
#4030=ORIENTED_EDGE('',*,*,#3024,.T.);
#4031=ORIENTED_EDGE('',*,*,#3034,.T.);
#4032=ORIENTED_EDGE('',*,*,#2751,.T.);
#4033=ORIENTED_EDGE('',*,*,#3039,.T.);
#4034=ORIENTED_EDGE('',*,*,#3040,.T.);
#4035=ORIENTED_EDGE('',*,*,#3041,.T.);
#4036=ORIENTED_EDGE('',*,*,#3041,.F.);
#4037=ORIENTED_EDGE('',*,*,#3042,.T.);
#4038=ORIENTED_EDGE('',*,*,#3043,.T.);
#4039=ORIENTED_EDGE('',*,*,#2752,.T.);
#4040=ORIENTED_EDGE('',*,*,#3044,.F.);
#4041=ORIENTED_EDGE('',*,*,#3045,.F.);
#4042=ORIENTED_EDGE('',*,*,#3046,.T.);
#4043=ORIENTED_EDGE('',*,*,#3047,.F.);
#4044=ORIENTED_EDGE('',*,*,#3048,.F.);
#4045=ORIENTED_EDGE('',*,*,#3049,.F.);
#4046=ORIENTED_EDGE('',*,*,#2771,.T.);
#4047=ORIENTED_EDGE('',*,*,#3050,.F.);
#4048=ORIENTED_EDGE('',*,*,#3051,.F.);
#4049=ORIENTED_EDGE('',*,*,#3052,.T.);
#4050=ORIENTED_EDGE('',*,*,#3053,.F.);
#4051=ORIENTED_EDGE('',*,*,#3054,.F.);
#4052=ORIENTED_EDGE('',*,*,#3055,.F.);
#4053=ORIENTED_EDGE('',*,*,#3056,.F.);
#4054=ORIENTED_EDGE('',*,*,#3057,.F.);
#4055=ORIENTED_EDGE('',*,*,#3058,.F.);
#4056=ORIENTED_EDGE('',*,*,#3059,.F.);
#4057=ORIENTED_EDGE('',*,*,#3060,.F.);
#4058=ORIENTED_EDGE('',*,*,#3061,.F.);
#4059=ORIENTED_EDGE('',*,*,#3062,.F.);
#4060=ORIENTED_EDGE('',*,*,#3040,.F.);
#4061=ORIENTED_EDGE('',*,*,#3063,.F.);
#4062=ORIENTED_EDGE('',*,*,#3064,.F.);
#4063=ORIENTED_EDGE('',*,*,#3065,.F.);
#4064=ORIENTED_EDGE('',*,*,#3066,.F.);
#4065=ORIENTED_EDGE('',*,*,#3067,.F.);
#4066=ORIENTED_EDGE('',*,*,#3068,.F.);
#4067=ORIENTED_EDGE('',*,*,#3069,.F.);
#4068=ORIENTED_EDGE('',*,*,#3070,.F.);
#4069=ORIENTED_EDGE('',*,*,#3042,.F.);
#4070=ORIENTED_EDGE('',*,*,#2759,.T.);
#4071=ORIENTED_EDGE('',*,*,#3071,.T.);
#4072=ORIENTED_EDGE('',*,*,#3064,.T.);
#4073=ORIENTED_EDGE('',*,*,#3072,.T.);
#4074=ORIENTED_EDGE('',*,*,#3071,.F.);
#4075=ORIENTED_EDGE('',*,*,#2758,.T.);
#4076=ORIENTED_EDGE('',*,*,#3073,.F.);
#4077=ORIENTED_EDGE('',*,*,#3065,.T.);
#4078=ORIENTED_EDGE('',*,*,#2755,.T.);
#4079=ORIENTED_EDGE('',*,*,#3074,.T.);
#4080=ORIENTED_EDGE('',*,*,#3068,.T.);
#4081=ORIENTED_EDGE('',*,*,#3075,.T.);
#4082=ORIENTED_EDGE('',*,*,#3075,.F.);
#4083=ORIENTED_EDGE('',*,*,#3067,.T.);
#4084=ORIENTED_EDGE('',*,*,#3076,.T.);
#4085=ORIENTED_EDGE('',*,*,#2756,.T.);
#4086=ORIENTED_EDGE('',*,*,#2741,.T.);
#4087=ORIENTED_EDGE('',*,*,#3077,.T.);
#4088=ORIENTED_EDGE('',*,*,#3053,.T.);
#4089=ORIENTED_EDGE('',*,*,#3078,.T.);
#4090=ORIENTED_EDGE('',*,*,#3078,.F.);
#4091=ORIENTED_EDGE('',*,*,#3062,.T.);
#4092=ORIENTED_EDGE('',*,*,#3079,.F.);
#4093=ORIENTED_EDGE('',*,*,#2742,.T.);
#4094=ORIENTED_EDGE('',*,*,#2743,.T.);
#4095=ORIENTED_EDGE('',*,*,#3079,.T.);
#4096=ORIENTED_EDGE('',*,*,#3061,.T.);
#4097=ORIENTED_EDGE('',*,*,#3080,.T.);
#4098=ORIENTED_EDGE('',*,*,#2747,.T.);
#4099=ORIENTED_EDGE('',*,*,#3081,.T.);
#4100=ORIENTED_EDGE('',*,*,#3057,.T.);
#4101=ORIENTED_EDGE('',*,*,#3082,.T.);
#4102=ORIENTED_EDGE('',*,*,#3082,.F.);
#4103=ORIENTED_EDGE('',*,*,#3056,.T.);
#4104=ORIENTED_EDGE('',*,*,#3083,.T.);
#4105=ORIENTED_EDGE('',*,*,#2748,.T.);
#4106=ORIENTED_EDGE('',*,*,#3084,.T.);
#4107=ORIENTED_EDGE('',*,*,#3085,.T.);
#4108=ORIENTED_EDGE('',*,*,#3086,.T.);
#4109=ORIENTED_EDGE('',*,*,#3087,.T.);
#4110=ORIENTED_EDGE('',*,*,#3085,.F.);
#4111=ORIENTED_EDGE('',*,*,#3088,.F.);
#4112=ORIENTED_EDGE('',*,*,#3089,.F.);
#4113=ORIENTED_EDGE('',*,*,#3090,.F.);
#4114=ORIENTED_EDGE('',*,*,#3091,.T.);
#4115=ORIENTED_EDGE('',*,*,#3092,.T.);
#4116=ORIENTED_EDGE('',*,*,#3093,.T.);
#4117=ORIENTED_EDGE('',*,*,#3089,.T.);
#4118=ORIENTED_EDGE('',*,*,#3092,.F.);
#4119=ORIENTED_EDGE('',*,*,#3094,.F.);
#4120=ORIENTED_EDGE('',*,*,#3095,.F.);
#4121=ORIENTED_EDGE('',*,*,#3096,.F.);
#4122=ORIENTED_EDGE('',*,*,#3097,.T.);
#4123=ORIENTED_EDGE('',*,*,#3098,.T.);
#4124=ORIENTED_EDGE('',*,*,#3099,.T.);
#4125=ORIENTED_EDGE('',*,*,#3095,.T.);
#4126=ORIENTED_EDGE('',*,*,#3098,.F.);
#4127=ORIENTED_EDGE('',*,*,#3100,.F.);
#4128=ORIENTED_EDGE('',*,*,#3101,.F.);
#4129=ORIENTED_EDGE('',*,*,#3102,.F.);
#4130=ORIENTED_EDGE('',*,*,#3103,.F.);
#4131=ORIENTED_EDGE('',*,*,#3104,.F.);
#4132=ORIENTED_EDGE('',*,*,#3105,.T.);
#4133=ORIENTED_EDGE('',*,*,#3106,.T.);
#4134=ORIENTED_EDGE('',*,*,#3107,.T.);
#4135=ORIENTED_EDGE('',*,*,#3102,.T.);
#4136=ORIENTED_EDGE('',*,*,#3087,.F.);
#4137=ORIENTED_EDGE('',*,*,#3108,.F.);
#4138=ORIENTED_EDGE('',*,*,#3106,.F.);
#4139=ORIENTED_EDGE('',*,*,#3109,.F.);
#4140=ORIENTED_EDGE('',*,*,#3110,.T.);
#4141=ORIENTED_EDGE('',*,*,#2976,.T.);
#4142=ORIENTED_EDGE('',*,*,#3111,.T.);
#4143=ORIENTED_EDGE('',*,*,#3112,.T.);
#4144=ORIENTED_EDGE('',*,*,#3113,.T.);
#4145=ORIENTED_EDGE('',*,*,#3114,.T.);
#4146=ORIENTED_EDGE('',*,*,#3115,.T.);
#4147=ORIENTED_EDGE('',*,*,#3116,.T.);
#4148=ORIENTED_EDGE('',*,*,#3117,.T.);
#4149=ORIENTED_EDGE('',*,*,#3118,.T.);
#4150=ORIENTED_EDGE('',*,*,#3119,.F.);
#4151=ORIENTED_EDGE('',*,*,#3120,.T.);
#4152=ORIENTED_EDGE('',*,*,#3121,.T.);
#4153=ORIENTED_EDGE('',*,*,#3122,.T.);
#4154=ORIENTED_EDGE('',*,*,#3123,.T.);
#4155=ORIENTED_EDGE('',*,*,#3124,.T.);
#4156=ORIENTED_EDGE('',*,*,#3115,.F.);
#4157=ORIENTED_EDGE('',*,*,#3125,.T.);
#4158=ORIENTED_EDGE('',*,*,#3110,.F.);
#4159=ORIENTED_EDGE('',*,*,#3126,.T.);
#4160=ORIENTED_EDGE('',*,*,#3127,.T.);
#4161=ORIENTED_EDGE('',*,*,#3128,.F.);
#4162=ORIENTED_EDGE('',*,*,#3129,.T.);
#4163=ORIENTED_EDGE('',*,*,#2728,.T.);
#4164=ORIENTED_EDGE('',*,*,#2740,.T.);
#4165=ORIENTED_EDGE('',*,*,#3126,.F.);
#4166=ORIENTED_EDGE('',*,*,#3130,.T.);
#4167=ORIENTED_EDGE('',*,*,#3121,.F.);
#4168=ORIENTED_EDGE('',*,*,#3125,.F.);
#4169=ORIENTED_EDGE('',*,*,#3131,.T.);
#4170=ORIENTED_EDGE('',*,*,#3132,.T.);
#4171=ORIENTED_EDGE('',*,*,#2977,.T.);
#4172=ORIENTED_EDGE('',*,*,#3124,.F.);
#4173=ORIENTED_EDGE('',*,*,#3133,.T.);
#4174=ORIENTED_EDGE('',*,*,#3134,.T.);
#4175=ORIENTED_EDGE('',*,*,#3123,.F.);
#4176=ORIENTED_EDGE('',*,*,#3135,.T.);
#4177=ORIENTED_EDGE('',*,*,#3136,.T.);
#4178=ORIENTED_EDGE('',*,*,#3122,.F.);
#4179=ORIENTED_EDGE('',*,*,#3137,.F.);
#4180=ORIENTED_EDGE('',*,*,#3138,.F.);
#4181=ORIENTED_EDGE('',*,*,#3139,.T.);
#4182=ORIENTED_EDGE('',*,*,#3140,.T.);
#4183=ORIENTED_EDGE('',*,*,#3141,.F.);
#4184=ORIENTED_EDGE('',*,*,#3142,.T.);
#4185=ORIENTED_EDGE('',*,*,#3143,.T.);
#4186=ORIENTED_EDGE('',*,*,#3144,.F.);
#4187=ORIENTED_EDGE('',*,*,#3131,.F.);
#4188=ORIENTED_EDGE('',*,*,#3088,.T.);
#4189=ORIENTED_EDGE('',*,*,#3084,.F.);
#4190=ORIENTED_EDGE('',*,*,#3109,.T.);
#4191=ORIENTED_EDGE('',*,*,#3105,.F.);
#4192=ORIENTED_EDGE('',*,*,#3101,.T.);
#4193=ORIENTED_EDGE('',*,*,#3100,.T.);
#4194=ORIENTED_EDGE('',*,*,#3097,.F.);
#4195=ORIENTED_EDGE('',*,*,#3094,.T.);
#4196=ORIENTED_EDGE('',*,*,#3091,.F.);
#4197=ORIENTED_EDGE('',*,*,#3130,.F.);
#4198=ORIENTED_EDGE('',*,*,#2739,.T.);
#4199=ORIENTED_EDGE('',*,*,#3145,.T.);
#4200=ORIENTED_EDGE('',*,*,#3137,.T.);
#4201=ORIENTED_EDGE('',*,*,#3129,.F.);
#4202=ORIENTED_EDGE('',*,*,#3146,.F.);
#4203=ORIENTED_EDGE('',*,*,#3147,.F.);
#4204=ORIENTED_EDGE('',*,*,#3148,.F.);
#4205=ORIENTED_EDGE('',*,*,#3149,.F.);
#4206=ORIENTED_EDGE('',*,*,#2729,.F.);
#4207=ORIENTED_EDGE('',*,*,#3120,.F.);
#4208=ORIENTED_EDGE('',*,*,#3150,.F.);
#4209=ORIENTED_EDGE('',*,*,#3127,.F.);
#4210=ORIENTED_EDGE('',*,*,#3118,.F.);
#4211=ORIENTED_EDGE('',*,*,#3151,.F.);
#4212=ORIENTED_EDGE('',*,*,#3152,.T.);
#4213=ORIENTED_EDGE('',*,*,#3153,.F.);
#4214=ORIENTED_EDGE('',*,*,#3154,.F.);
#4215=ORIENTED_EDGE('',*,*,#3155,.T.);
#4216=ORIENTED_EDGE('',*,*,#3156,.F.);
#4217=ORIENTED_EDGE('',*,*,#3157,.F.);
#4218=ORIENTED_EDGE('',*,*,#3114,.F.);
#4219=ORIENTED_EDGE('',*,*,#3158,.F.);
#4220=ORIENTED_EDGE('',*,*,#3116,.F.);
#4221=ORIENTED_EDGE('',*,*,#3159,.T.);
#4222=ORIENTED_EDGE('',*,*,#3144,.T.);
#4223=ORIENTED_EDGE('',*,*,#3141,.T.);
#4224=ORIENTED_EDGE('',*,*,#3138,.T.);
#4225=ORIENTED_EDGE('',*,*,#3160,.T.);
#4226=ORIENTED_EDGE('',*,*,#3161,.T.);
#4227=ORIENTED_EDGE('',*,*,#3159,.F.);
#4228=ORIENTED_EDGE('',*,*,#3162,.T.);
#4229=ORIENTED_EDGE('',*,*,#3132,.F.);
#4230=ORIENTED_EDGE('',*,*,#3145,.F.);
#4231=ORIENTED_EDGE('',*,*,#3163,.T.);
#4232=ORIENTED_EDGE('',*,*,#3160,.F.);
#4233=ORIENTED_EDGE('',*,*,#3162,.F.);
#4234=ORIENTED_EDGE('',*,*,#3164,.T.);
#4235=ORIENTED_EDGE('',*,*,#3165,.T.);
#4236=ORIENTED_EDGE('',*,*,#2978,.T.);
#4237=ORIENTED_EDGE('',*,*,#3161,.F.);
#4238=ORIENTED_EDGE('',*,*,#3166,.F.);
#4239=ORIENTED_EDGE('',*,*,#3167,.F.);
#4240=ORIENTED_EDGE('',*,*,#3164,.F.);
#4241=ORIENTED_EDGE('',*,*,#3163,.F.);
#4242=ORIENTED_EDGE('',*,*,#2738,.T.);
#4243=ORIENTED_EDGE('',*,*,#3168,.T.);
#4244=ORIENTED_EDGE('',*,*,#3166,.T.);
#4245=ORIENTED_EDGE('',*,*,#3153,.T.);
#4246=ORIENTED_EDGE('',*,*,#3169,.T.);
#4247=ORIENTED_EDGE('',*,*,#3170,.T.);
#4248=ORIENTED_EDGE('',*,*,#3171,.T.);
#4249=ORIENTED_EDGE('',*,*,#3169,.F.);
#4250=ORIENTED_EDGE('',*,*,#3152,.F.);
#4251=ORIENTED_EDGE('',*,*,#3172,.F.);
#4252=ORIENTED_EDGE('',*,*,#3173,.F.);
#4253=ORIENTED_EDGE('',*,*,#3174,.T.);
#4254=ORIENTED_EDGE('',*,*,#3172,.T.);
#4255=ORIENTED_EDGE('',*,*,#3151,.T.);
#4256=ORIENTED_EDGE('',*,*,#3175,.T.);
#4257=ORIENTED_EDGE('',*,*,#3175,.F.);
#4258=ORIENTED_EDGE('',*,*,#3117,.F.);
#4259=ORIENTED_EDGE('',*,*,#3176,.F.);
#4260=ORIENTED_EDGE('',*,*,#3177,.F.);
#4261=ORIENTED_EDGE('',*,*,#3158,.T.);
#4262=ORIENTED_EDGE('',*,*,#3178,.T.);
#4263=ORIENTED_EDGE('',*,*,#3179,.T.);
#4264=ORIENTED_EDGE('',*,*,#3176,.T.);
#4265=ORIENTED_EDGE('',*,*,#3180,.T.);
#4266=ORIENTED_EDGE('',*,*,#3181,.T.);
#4267=ORIENTED_EDGE('',*,*,#3179,.F.);
#4268=ORIENTED_EDGE('',*,*,#3008,.T.);
#4269=ORIENTED_EDGE('',*,*,#3182,.T.);
#4270=ORIENTED_EDGE('',*,*,#3183,.T.);
#4271=ORIENTED_EDGE('',*,*,#3184,.T.);
#4272=ORIENTED_EDGE('',*,*,#3185,.T.);
#4273=ORIENTED_EDGE('',*,*,#3184,.F.);
#4274=ORIENTED_EDGE('',*,*,#3180,.F.);
#4275=ORIENTED_EDGE('',*,*,#3186,.T.);
#4276=ORIENTED_EDGE('',*,*,#3181,.F.);
#4277=ORIENTED_EDGE('',*,*,#3183,.F.);
#4278=ORIENTED_EDGE('',*,*,#3187,.T.);
#4279=ORIENTED_EDGE('',*,*,#3188,.T.);
#4280=ORIENTED_EDGE('',*,*,#3189,.T.);
#4281=ORIENTED_EDGE('',*,*,#3190,.T.);
#4282=ORIENTED_EDGE('',*,*,#3191,.F.);
#4283=ORIENTED_EDGE('',*,*,#3192,.F.);
#4284=ORIENTED_EDGE('',*,*,#3193,.F.);
#4285=ORIENTED_EDGE('',*,*,#3194,.F.);
#4286=ORIENTED_EDGE('',*,*,#3195,.F.);
#4287=ORIENTED_EDGE('',*,*,#3196,.T.);
#4288=ORIENTED_EDGE('',*,*,#3197,.T.);
#4289=ORIENTED_EDGE('',*,*,#3198,.F.);
#4290=ORIENTED_EDGE('',*,*,#3199,.T.);
#4291=ORIENTED_EDGE('',*,*,#3200,.T.);
#4292=ORIENTED_EDGE('',*,*,#3201,.F.);
#4293=ORIENTED_EDGE('',*,*,#3202,.T.);
#4294=ORIENTED_EDGE('',*,*,#3177,.T.);
#4295=ORIENTED_EDGE('',*,*,#3090,.T.);
#4296=ORIENTED_EDGE('',*,*,#3093,.F.);
#4297=ORIENTED_EDGE('',*,*,#3096,.T.);
#4298=ORIENTED_EDGE('',*,*,#3099,.F.);
#4299=ORIENTED_EDGE('',*,*,#3104,.T.);
#4300=ORIENTED_EDGE('',*,*,#3103,.T.);
#4301=ORIENTED_EDGE('',*,*,#3107,.F.);
#4302=ORIENTED_EDGE('',*,*,#3108,.T.);
#4303=ORIENTED_EDGE('',*,*,#3086,.F.);
#4304=ORIENTED_EDGE('',*,*,#3203,.T.);
#4305=ORIENTED_EDGE('',*,*,#3204,.T.);
#4306=ORIENTED_EDGE('',*,*,#3205,.T.);
#4307=ORIENTED_EDGE('',*,*,#3206,.T.);
#4308=ORIENTED_EDGE('',*,*,#3207,.F.);
#4309=ORIENTED_EDGE('',*,*,#3010,.T.);
#4310=ORIENTED_EDGE('',*,*,#3205,.F.);
#4311=ORIENTED_EDGE('',*,*,#3171,.F.);
#4312=ORIENTED_EDGE('',*,*,#3208,.F.);
#4313=ORIENTED_EDGE('',*,*,#3204,.F.);
#4314=ORIENTED_EDGE('',*,*,#3209,.F.);
#4315=ORIENTED_EDGE('',*,*,#3210,.F.);
#4316=ORIENTED_EDGE('',*,*,#3211,.F.);
#4317=ORIENTED_EDGE('',*,*,#3212,.F.);
#4318=ORIENTED_EDGE('',*,*,#3213,.T.);
#4319=ORIENTED_EDGE('',*,*,#3214,.T.);
#4320=ORIENTED_EDGE('',*,*,#3191,.T.);
#4321=ORIENTED_EDGE('',*,*,#3215,.F.);
#4322=ORIENTED_EDGE('',*,*,#3150,.T.);
#4323=ORIENTED_EDGE('',*,*,#3216,.T.);
#4324=ORIENTED_EDGE('',*,*,#3217,.T.);
#4325=ORIENTED_EDGE('',*,*,#3218,.T.);
#4326=ORIENTED_EDGE('',*,*,#3219,.T.);
#4327=ORIENTED_EDGE('',*,*,#3044,.T.);
#4328=ORIENTED_EDGE('',*,*,#3217,.F.);
#4329=ORIENTED_EDGE('',*,*,#3192,.T.);
#4330=ORIENTED_EDGE('',*,*,#3219,.F.);
#4331=ORIENTED_EDGE('',*,*,#3214,.F.);
#4332=ORIENTED_EDGE('',*,*,#3220,.T.);
#4333=ORIENTED_EDGE('',*,*,#3216,.F.);
#4334=ORIENTED_EDGE('',*,*,#3119,.T.);
#4335=ORIENTED_EDGE('',*,*,#3221,.F.);
#4336=ORIENTED_EDGE('',*,*,#3193,.T.);
#4337=ORIENTED_EDGE('',*,*,#3146,.T.);
#4338=ORIENTED_EDGE('',*,*,#3222,.T.);
#4339=ORIENTED_EDGE('',*,*,#3223,.T.);
#4340=ORIENTED_EDGE('',*,*,#3224,.T.);
#4341=ORIENTED_EDGE('',*,*,#3225,.T.);
#4342=ORIENTED_EDGE('',*,*,#3223,.F.);
#4343=ORIENTED_EDGE('',*,*,#3051,.T.);
#4344=ORIENTED_EDGE('',*,*,#3218,.F.);
#4345=ORIENTED_EDGE('',*,*,#3052,.F.);
#4346=ORIENTED_EDGE('',*,*,#3222,.F.);
#4347=ORIENTED_EDGE('',*,*,#3128,.T.);
#4348=ORIENTED_EDGE('',*,*,#3226,.F.);
#4349=ORIENTED_EDGE('',*,*,#3221,.T.);
#4350=ORIENTED_EDGE('',*,*,#3157,.T.);
#4351=ORIENTED_EDGE('',*,*,#3227,.T.);
#4352=ORIENTED_EDGE('',*,*,#3227,.F.);
#4353=ORIENTED_EDGE('',*,*,#3156,.T.);
#4354=ORIENTED_EDGE('',*,*,#3228,.F.);
#4355=ORIENTED_EDGE('',*,*,#3229,.T.);
#4356=ORIENTED_EDGE('',*,*,#3155,.F.);
#4357=ORIENTED_EDGE('',*,*,#3230,.T.);
#4358=ORIENTED_EDGE('',*,*,#3231,.T.);
#4359=ORIENTED_EDGE('',*,*,#3228,.T.);
#4360=ORIENTED_EDGE('',*,*,#3224,.F.);
#4361=ORIENTED_EDGE('',*,*,#3232,.T.);
#4362=ORIENTED_EDGE('',*,*,#3230,.F.);
#4363=ORIENTED_EDGE('',*,*,#3233,.T.);
#4364=ORIENTED_EDGE('',*,*,#3234,.T.);
#4365=ORIENTED_EDGE('',*,*,#3147,.T.);
#4366=ORIENTED_EDGE('',*,*,#2899,.F.);
#4367=ORIENTED_EDGE('',*,*,#3235,.T.);
#4368=ORIENTED_EDGE('',*,*,#3236,.T.);
#4369=ORIENTED_EDGE('',*,*,#2902,.T.);
#4370=ORIENTED_EDGE('',*,*,#2896,.F.);
#4371=ORIENTED_EDGE('',*,*,#2918,.T.);
#4372=ORIENTED_EDGE('',*,*,#3237,.T.);
#4373=ORIENTED_EDGE('',*,*,#3238,.T.);
#4374=ORIENTED_EDGE('',*,*,#2895,.F.);
#4375=ORIENTED_EDGE('',*,*,#3238,.F.);
#4376=ORIENTED_EDGE('',*,*,#3239,.F.);
#4377=ORIENTED_EDGE('',*,*,#3240,.F.);
#4378=ORIENTED_EDGE('',*,*,#3241,.F.);
#4379=ORIENTED_EDGE('',*,*,#3235,.F.);
#4380=ORIENTED_EDGE('',*,*,#2898,.F.);
#4381=ORIENTED_EDGE('',*,*,#2780,.F.);
#4382=ORIENTED_EDGE('',*,*,#3242,.T.);
#4383=ORIENTED_EDGE('',*,*,#3243,.T.);
#4384=ORIENTED_EDGE('',*,*,#3244,.T.);
#4385=ORIENTED_EDGE('',*,*,#3245,.T.);
#4386=ORIENTED_EDGE('',*,*,#3246,.T.);
#4387=ORIENTED_EDGE('',*,*,#3247,.T.);
#4388=ORIENTED_EDGE('',*,*,#3244,.F.);
#4389=ORIENTED_EDGE('',*,*,#3248,.T.);
#4390=ORIENTED_EDGE('',*,*,#2811,.T.);
#4391=ORIENTED_EDGE('',*,*,#3249,.F.);
#4392=ORIENTED_EDGE('',*,*,#3250,.T.);
#4393=ORIENTED_EDGE('',*,*,#3251,.T.);
#4394=ORIENTED_EDGE('',*,*,#3252,.T.);
#4395=ORIENTED_EDGE('',*,*,#3253,.T.);
#4396=ORIENTED_EDGE('',*,*,#3254,.F.);
#4397=ORIENTED_EDGE('',*,*,#3255,.T.);
#4398=ORIENTED_EDGE('',*,*,#3256,.T.);
#4399=ORIENTED_EDGE('',*,*,#3257,.T.);
#4400=ORIENTED_EDGE('',*,*,#3252,.F.);
#4401=ORIENTED_EDGE('',*,*,#3258,.T.);
#4402=ORIENTED_EDGE('',*,*,#3259,.T.);
#4403=ORIENTED_EDGE('',*,*,#3260,.T.);
#4404=ORIENTED_EDGE('',*,*,#3256,.F.);
#4405=ORIENTED_EDGE('',*,*,#3261,.T.);
#4406=ORIENTED_EDGE('',*,*,#3262,.T.);
#4407=ORIENTED_EDGE('',*,*,#3263,.T.);
#4408=ORIENTED_EDGE('',*,*,#3259,.F.);
#4409=ORIENTED_EDGE('',*,*,#3264,.T.);
#4410=ORIENTED_EDGE('',*,*,#3265,.T.);
#4411=ORIENTED_EDGE('',*,*,#3266,.T.);
#4412=ORIENTED_EDGE('',*,*,#3267,.T.);
#4413=ORIENTED_EDGE('',*,*,#3268,.T.);
#4414=ORIENTED_EDGE('',*,*,#3265,.F.);
#4415=ORIENTED_EDGE('',*,*,#3269,.T.);
#4416=ORIENTED_EDGE('',*,*,#3262,.F.);
#4417=ORIENTED_EDGE('',*,*,#3270,.T.);
#4418=ORIENTED_EDGE('',*,*,#3271,.T.);
#4419=ORIENTED_EDGE('',*,*,#3267,.F.);
#4420=ORIENTED_EDGE('',*,*,#3272,.T.);
#4421=ORIENTED_EDGE('',*,*,#3273,.T.);
#4422=ORIENTED_EDGE('',*,*,#3270,.F.);
#4423=ORIENTED_EDGE('',*,*,#3274,.T.);
#4424=ORIENTED_EDGE('',*,*,#3272,.F.);
#4425=ORIENTED_EDGE('',*,*,#3275,.T.);
#4426=ORIENTED_EDGE('',*,*,#3242,.F.);
#4427=ORIENTED_EDGE('',*,*,#3276,.T.);
#4428=ORIENTED_EDGE('',*,*,#3258,.F.);
#4429=ORIENTED_EDGE('',*,*,#3251,.F.);
#4430=ORIENTED_EDGE('',*,*,#3277,.T.);
#4431=ORIENTED_EDGE('',*,*,#3278,.T.);
#4432=ORIENTED_EDGE('',*,*,#3279,.F.);
#4433=ORIENTED_EDGE('',*,*,#3280,.T.);
#4434=ORIENTED_EDGE('',*,*,#2723,.F.);
#4435=ORIENTED_EDGE('',*,*,#3281,.F.);
#4436=ORIENTED_EDGE('',*,*,#3282,.F.);
#4437=ORIENTED_EDGE('',*,*,#3277,.F.);
#4438=ORIENTED_EDGE('',*,*,#3250,.F.);
#4439=ORIENTED_EDGE('',*,*,#3283,.T.);
#4440=ORIENTED_EDGE('',*,*,#3284,.F.);
#4441=ORIENTED_EDGE('',*,*,#2761,.F.);
#4442=ORIENTED_EDGE('',*,*,#3253,.F.);
#4443=ORIENTED_EDGE('',*,*,#3285,.F.);
#4444=ORIENTED_EDGE('',*,*,#3286,.F.);
#4445=ORIENTED_EDGE('',*,*,#3257,.F.);
#4446=ORIENTED_EDGE('',*,*,#3260,.F.);
#4447=ORIENTED_EDGE('',*,*,#3287,.T.);
#4448=ORIENTED_EDGE('',*,*,#3288,.F.);
#4449=ORIENTED_EDGE('',*,*,#3285,.T.);
#4450=ORIENTED_EDGE('',*,*,#3263,.F.);
#4451=ORIENTED_EDGE('',*,*,#3289,.F.);
#4452=ORIENTED_EDGE('',*,*,#3290,.F.);
#4453=ORIENTED_EDGE('',*,*,#3287,.F.);
#4454=ORIENTED_EDGE('',*,*,#3269,.F.);
#4455=ORIENTED_EDGE('',*,*,#3291,.T.);
#4456=ORIENTED_EDGE('',*,*,#3292,.T.);
#4457=ORIENTED_EDGE('',*,*,#3289,.T.);
#4458=ORIENTED_EDGE('',*,*,#3268,.F.);
#4459=ORIENTED_EDGE('',*,*,#3293,.F.);
#4460=ORIENTED_EDGE('',*,*,#3294,.T.);
#4461=ORIENTED_EDGE('',*,*,#3295,.F.);
#4462=ORIENTED_EDGE('',*,*,#3296,.F.);
#4463=ORIENTED_EDGE('',*,*,#3291,.F.);
#4464=ORIENTED_EDGE('',*,*,#3297,.F.);
#4465=ORIENTED_EDGE('',*,*,#3298,.T.);
#4466=ORIENTED_EDGE('',*,*,#3299,.F.);
#4467=ORIENTED_EDGE('',*,*,#3300,.T.);
#4468=ORIENTED_EDGE('',*,*,#3297,.T.);
#4469=ORIENTED_EDGE('',*,*,#3301,.F.);
#4470=ORIENTED_EDGE('',*,*,#3302,.F.);
#4471=ORIENTED_EDGE('',*,*,#3303,.T.);
#4472=ORIENTED_EDGE('',*,*,#3304,.F.);
#4473=ORIENTED_EDGE('',*,*,#3305,.T.);
#4474=ORIENTED_EDGE('',*,*,#3306,.F.);
#4475=ORIENTED_EDGE('',*,*,#3307,.T.);
#4476=ORIENTED_EDGE('',*,*,#3112,.F.);
#4477=ORIENTED_EDGE('',*,*,#3308,.F.);
#4478=ORIENTED_EDGE('',*,*,#3301,.T.);
#4479=ORIENTED_EDGE('',*,*,#3300,.F.);
#4480=ORIENTED_EDGE('',*,*,#3209,.T.);
#4481=ORIENTED_EDGE('',*,*,#3203,.F.);
#4482=ORIENTED_EDGE('',*,*,#3309,.T.);
#4483=ORIENTED_EDGE('',*,*,#3310,.T.);
#4484=ORIENTED_EDGE('',*,*,#3303,.F.);
#4485=ORIENTED_EDGE('',*,*,#3311,.F.);
#4486=ORIENTED_EDGE('',*,*,#3312,.T.);
#4487=ORIENTED_EDGE('',*,*,#3313,.T.);
#4488=ORIENTED_EDGE('',*,*,#3310,.F.);
#4489=ORIENTED_EDGE('',*,*,#3314,.F.);
#4490=ORIENTED_EDGE('',*,*,#3315,.F.);
#4491=ORIENTED_EDGE('',*,*,#3304,.T.);
#4492=ORIENTED_EDGE('',*,*,#3261,.F.);
#4493=ORIENTED_EDGE('',*,*,#3280,.F.);
#4494=ORIENTED_EDGE('',*,*,#3316,.F.);
#4495=ORIENTED_EDGE('',*,*,#3317,.F.);
#4496=ORIENTED_EDGE('',*,*,#3318,.F.);
#4497=ORIENTED_EDGE('',*,*,#3319,.F.);
#4498=ORIENTED_EDGE('',*,*,#3320,.F.);
#4499=ORIENTED_EDGE('',*,*,#3234,.F.);
#4500=ORIENTED_EDGE('',*,*,#3233,.F.);
#4501=ORIENTED_EDGE('',*,*,#3154,.T.);
#4502=ORIENTED_EDGE('',*,*,#3211,.T.);
#4503=ORIENTED_EDGE('',*,*,#3210,.T.);
#4504=ORIENTED_EDGE('',*,*,#3299,.T.);
#4505=ORIENTED_EDGE('',*,*,#3321,.T.);
#4506=ORIENTED_EDGE('',*,*,#3322,.F.);
#4507=ORIENTED_EDGE('',*,*,#3314,.T.);
#4508=ORIENTED_EDGE('',*,*,#3309,.F.);
#4509=ORIENTED_EDGE('',*,*,#3323,.F.);
#4510=ORIENTED_EDGE('',*,*,#3275,.F.);
#4511=ORIENTED_EDGE('',*,*,#3274,.F.);
#4512=ORIENTED_EDGE('',*,*,#3266,.F.);
#4513=ORIENTED_EDGE('',*,*,#3264,.F.);
#4514=ORIENTED_EDGE('',*,*,#3324,.F.);
#4515=ORIENTED_EDGE('',*,*,#3325,.F.);
#4516=ORIENTED_EDGE('',*,*,#3326,.F.);
#4517=ORIENTED_EDGE('',*,*,#3327,.F.);
#4518=ORIENTED_EDGE('',*,*,#3328,.F.);
#4519=ORIENTED_EDGE('',*,*,#3329,.F.);
#4520=ORIENTED_EDGE('',*,*,#3330,.F.);
#4521=ORIENTED_EDGE('',*,*,#3331,.F.);
#4522=ORIENTED_EDGE('',*,*,#3279,.T.);
#4523=ORIENTED_EDGE('',*,*,#3332,.T.);
#4524=ORIENTED_EDGE('',*,*,#2731,.T.);
#4525=ORIENTED_EDGE('',*,*,#3333,.T.);
#4526=ORIENTED_EDGE('',*,*,#3334,.T.);
#4527=ORIENTED_EDGE('',*,*,#3316,.T.);
#4528=ORIENTED_EDGE('',*,*,#3332,.F.);
#4529=ORIENTED_EDGE('',*,*,#3278,.F.);
#4530=ORIENTED_EDGE('',*,*,#3282,.T.);
#4531=ORIENTED_EDGE('',*,*,#3335,.T.);
#4532=ORIENTED_EDGE('',*,*,#2724,.F.);
#4533=ORIENTED_EDGE('',*,*,#2732,.T.);
#4534=ORIENTED_EDGE('',*,*,#3336,.F.);
#4535=ORIENTED_EDGE('',*,*,#3337,.T.);
#4536=ORIENTED_EDGE('',*,*,#3318,.T.);
#4537=ORIENTED_EDGE('',*,*,#3338,.T.);
#4538=ORIENTED_EDGE('',*,*,#3337,.F.);
#4539=ORIENTED_EDGE('',*,*,#3339,.F.);
#4540=ORIENTED_EDGE('',*,*,#3340,.F.);
#4541=ORIENTED_EDGE('',*,*,#3319,.T.);
#4542=ORIENTED_EDGE('',*,*,#3341,.F.);
#4543=ORIENTED_EDGE('',*,*,#3148,.T.);
#4544=ORIENTED_EDGE('',*,*,#3320,.T.);
#4545=ORIENTED_EDGE('',*,*,#3340,.T.);
#4546=ORIENTED_EDGE('',*,*,#3288,.T.);
#4547=ORIENTED_EDGE('',*,*,#3290,.T.);
#4548=ORIENTED_EDGE('',*,*,#3292,.F.);
#4549=ORIENTED_EDGE('',*,*,#3296,.T.);
#4550=ORIENTED_EDGE('',*,*,#3240,.T.);
#4551=ORIENTED_EDGE('',*,*,#3294,.F.);
#4552=ORIENTED_EDGE('',*,*,#3342,.F.);
#4553=ORIENTED_EDGE('',*,*,#3343,.F.);
#4554=ORIENTED_EDGE('',*,*,#3344,.T.);
#4555=ORIENTED_EDGE('',*,*,#3345,.F.);
#4556=ORIENTED_EDGE('',*,*,#3246,.F.);
#4557=ORIENTED_EDGE('',*,*,#3346,.F.);
#4558=ORIENTED_EDGE('',*,*,#3347,.T.);
#4559=ORIENTED_EDGE('',*,*,#3348,.T.);
#4560=ORIENTED_EDGE('',*,*,#3254,.T.);
#4561=ORIENTED_EDGE('',*,*,#3286,.T.);
#4562=ORIENTED_EDGE('',*,*,#3349,.F.);
#4563=ORIENTED_EDGE('',*,*,#3350,.T.);
#4564=ORIENTED_EDGE('',*,*,#3271,.F.);
#4565=ORIENTED_EDGE('',*,*,#3351,.T.);
#4566=ORIENTED_EDGE('',*,*,#3342,.T.);
#4567=ORIENTED_EDGE('',*,*,#3293,.T.);
#4568=ORIENTED_EDGE('',*,*,#3245,.F.);
#4569=ORIENTED_EDGE('',*,*,#3352,.T.);
#4570=ORIENTED_EDGE('',*,*,#3344,.F.);
#4571=ORIENTED_EDGE('',*,*,#3353,.T.);
#4572=ORIENTED_EDGE('',*,*,#3276,.F.);
#4573=ORIENTED_EDGE('',*,*,#3273,.F.);
#4574=ORIENTED_EDGE('',*,*,#3353,.F.);
#4575=ORIENTED_EDGE('',*,*,#3343,.T.);
#4576=ORIENTED_EDGE('',*,*,#3351,.F.);
#4577=ORIENTED_EDGE('',*,*,#3305,.F.);
#4578=ORIENTED_EDGE('',*,*,#3315,.T.);
#4579=ORIENTED_EDGE('',*,*,#3322,.T.);
#4580=ORIENTED_EDGE('',*,*,#3354,.T.);
#4581=ORIENTED_EDGE('',*,*,#2807,.F.);
#4582=ORIENTED_EDGE('',*,*,#3355,.T.);
#4583=ORIENTED_EDGE('',*,*,#3356,.F.);
#4584=ORIENTED_EDGE('',*,*,#3311,.T.);
#4585=ORIENTED_EDGE('',*,*,#3302,.T.);
#4586=ORIENTED_EDGE('',*,*,#3308,.T.);
#4587=ORIENTED_EDGE('',*,*,#3111,.F.);
#4588=ORIENTED_EDGE('',*,*,#2975,.T.);
#4589=ORIENTED_EDGE('',*,*,#2806,.F.);
#4590=ORIENTED_EDGE('',*,*,#2812,.T.);
#4591=ORIENTED_EDGE('',*,*,#3248,.F.);
#4592=ORIENTED_EDGE('',*,*,#3243,.F.);
#4593=ORIENTED_EDGE('',*,*,#3323,.T.);
#4594=ORIENTED_EDGE('',*,*,#3313,.F.);
#4595=ORIENTED_EDGE('',*,*,#3357,.T.);
#4596=ORIENTED_EDGE('',*,*,#3355,.F.);
#4597=ORIENTED_EDGE('',*,*,#2810,.T.);
#4598=ORIENTED_EDGE('',*,*,#3358,.T.);
#4599=ORIENTED_EDGE('',*,*,#3346,.T.);
#4600=ORIENTED_EDGE('',*,*,#3249,.T.);
#4601=ORIENTED_EDGE('',*,*,#3358,.F.);
#4602=ORIENTED_EDGE('',*,*,#2809,.F.);
#4603=ORIENTED_EDGE('',*,*,#2762,.T.);
#4604=ORIENTED_EDGE('',*,*,#3284,.T.);
#4605=ORIENTED_EDGE('',*,*,#3359,.F.);
#4606=ORIENTED_EDGE('',*,*,#3347,.F.);
#4607=ORIENTED_EDGE('',*,*,#2725,.F.);
#4608=ORIENTED_EDGE('',*,*,#3335,.F.);
#4609=ORIENTED_EDGE('',*,*,#3281,.T.);
#4610=ORIENTED_EDGE('',*,*,#3348,.F.);
#4611=ORIENTED_EDGE('',*,*,#3359,.T.);
#4612=ORIENTED_EDGE('',*,*,#3283,.F.);
#4613=ORIENTED_EDGE('',*,*,#3255,.F.);
#4614=ORIENTED_EDGE('',*,*,#2830,.F.);
#4615=ORIENTED_EDGE('',*,*,#3360,.T.);
#4616=ORIENTED_EDGE('',*,*,#3361,.F.);
#4617=ORIENTED_EDGE('',*,*,#2900,.T.);
#4618=ORIENTED_EDGE('',*,*,#2856,.F.);
#4619=ORIENTED_EDGE('',*,*,#2919,.T.);
#4620=ORIENTED_EDGE('',*,*,#2878,.F.);
#4621=ORIENTED_EDGE('',*,*,#3362,.T.);
#4622=ORIENTED_EDGE('',*,*,#2858,.F.);
#4623=ORIENTED_EDGE('',*,*,#3362,.F.);
#4624=ORIENTED_EDGE('',*,*,#2877,.F.);
#4625=ORIENTED_EDGE('',*,*,#2801,.F.);
#4626=ORIENTED_EDGE('',*,*,#3312,.F.);
#4627=ORIENTED_EDGE('',*,*,#3356,.T.);
#4628=ORIENTED_EDGE('',*,*,#3357,.F.);
#4629=ORIENTED_EDGE('',*,*,#3050,.T.);
#4630=ORIENTED_EDGE('',*,*,#2770,.T.);
#4631=ORIENTED_EDGE('',*,*,#3363,.T.);
#4632=ORIENTED_EDGE('',*,*,#3225,.F.);
#4633=ORIENTED_EDGE('',*,*,#3363,.F.);
#4634=ORIENTED_EDGE('',*,*,#2769,.F.);
#4635=ORIENTED_EDGE('',*,*,#3364,.F.);
#4636=ORIENTED_EDGE('',*,*,#3208,.T.);
#4637=ORIENTED_EDGE('',*,*,#3170,.F.);
#4638=ORIENTED_EDGE('',*,*,#3173,.T.);
#4639=ORIENTED_EDGE('',*,*,#3174,.F.);
#4640=ORIENTED_EDGE('',*,*,#3202,.F.);
#4641=ORIENTED_EDGE('',*,*,#3201,.T.);
#4642=ORIENTED_EDGE('',*,*,#3198,.T.);
#4643=ORIENTED_EDGE('',*,*,#3195,.T.);
#4644=ORIENTED_EDGE('',*,*,#3194,.T.);
#4645=ORIENTED_EDGE('',*,*,#3226,.T.);
#4646=ORIENTED_EDGE('',*,*,#3229,.F.);
#4647=ORIENTED_EDGE('',*,*,#3231,.F.);
#4648=ORIENTED_EDGE('',*,*,#3232,.F.);
#4649=ORIENTED_EDGE('',*,*,#3364,.T.);
#4650=ORIENTED_EDGE('',*,*,#2768,.T.);
#4651=ORIENTED_EDGE('',*,*,#3011,.F.);
#4652=ORIENTED_EDGE('',*,*,#3207,.T.);
#4653=ORIENTED_EDGE('',*,*,#3186,.F.);
#4654=ORIENTED_EDGE('',*,*,#3016,.T.);
#4655=ORIENTED_EDGE('',*,*,#3365,.T.);
#4656=ORIENTED_EDGE('',*,*,#3366,.T.);
#4657=ORIENTED_EDGE('',*,*,#3220,.F.);
#4658=ORIENTED_EDGE('',*,*,#3367,.T.);
#4659=ORIENTED_EDGE('',*,*,#3368,.T.);
#4660=ORIENTED_EDGE('',*,*,#3045,.T.);
#4661=ORIENTED_EDGE('',*,*,#2734,.T.);
#4662=ORIENTED_EDGE('',*,*,#2772,.T.);
#4663=ORIENTED_EDGE('',*,*,#3049,.T.);
#4664=ORIENTED_EDGE('',*,*,#3369,.T.);
#4665=ORIENTED_EDGE('',*,*,#3369,.F.);
#4666=ORIENTED_EDGE('',*,*,#3048,.T.);
#4667=ORIENTED_EDGE('',*,*,#3370,.F.);
#4668=ORIENTED_EDGE('',*,*,#2735,.T.);
#4669=ORIENTED_EDGE('',*,*,#2736,.T.);
#4670=ORIENTED_EDGE('',*,*,#3370,.T.);
#4671=ORIENTED_EDGE('',*,*,#3047,.T.);
#4672=ORIENTED_EDGE('',*,*,#3371,.T.);
#4673=ORIENTED_EDGE('',*,*,#2980,.T.);
#4674=ORIENTED_EDGE('',*,*,#3372,.T.);
#4675=ORIENTED_EDGE('',*,*,#3014,.T.);
#4676=ORIENTED_EDGE('',*,*,#3373,.T.);
#4677=ORIENTED_EDGE('',*,*,#3373,.F.);
#4678=ORIENTED_EDGE('',*,*,#3013,.F.);
#4679=ORIENTED_EDGE('',*,*,#3374,.F.);
#4680=ORIENTED_EDGE('',*,*,#2981,.F.);
#4681=ORIENTED_EDGE('',*,*,#2982,.T.);
#4682=ORIENTED_EDGE('',*,*,#3374,.T.);
#4683=ORIENTED_EDGE('',*,*,#3012,.T.);
#4684=ORIENTED_EDGE('',*,*,#2766,.T.);
#4685=ORIENTED_EDGE('',*,*,#2920,.T.);
#4686=ORIENTED_EDGE('',*,*,#3375,.T.);
#4687=ORIENTED_EDGE('',*,*,#3376,.T.);
#4688=ORIENTED_EDGE('',*,*,#3377,.T.);
#4689=ORIENTED_EDGE('',*,*,#3377,.F.);
#4690=ORIENTED_EDGE('',*,*,#3378,.F.);
#4691=ORIENTED_EDGE('',*,*,#3379,.F.);
#4692=ORIENTED_EDGE('',*,*,#2921,.F.);
#4693=ORIENTED_EDGE('',*,*,#3380,.T.);
#4694=ORIENTED_EDGE('',*,*,#3381,.T.);
#4695=ORIENTED_EDGE('',*,*,#3382,.T.);
#4696=ORIENTED_EDGE('',*,*,#3383,.T.);
#4697=ORIENTED_EDGE('',*,*,#3384,.T.);
#4698=ORIENTED_EDGE('',*,*,#3385,.T.);
#4699=ORIENTED_EDGE('',*,*,#3386,.T.);
#4700=ORIENTED_EDGE('',*,*,#3387,.T.);
#4701=ORIENTED_EDGE('',*,*,#3388,.F.);
#4702=ORIENTED_EDGE('',*,*,#3389,.T.);
#4703=ORIENTED_EDGE('',*,*,#3390,.T.);
#4704=ORIENTED_EDGE('',*,*,#3391,.T.);
#4705=ORIENTED_EDGE('',*,*,#3392,.F.);
#4706=ORIENTED_EDGE('',*,*,#3393,.T.);
#4707=ORIENTED_EDGE('',*,*,#3394,.F.);
#4708=ORIENTED_EDGE('',*,*,#3395,.T.);
#4709=ORIENTED_EDGE('',*,*,#3396,.T.);
#4710=ORIENTED_EDGE('',*,*,#3397,.T.);
#4711=ORIENTED_EDGE('',*,*,#3398,.F.);
#4712=ORIENTED_EDGE('',*,*,#3399,.T.);
#4713=ORIENTED_EDGE('',*,*,#3400,.F.);
#4714=ORIENTED_EDGE('',*,*,#3401,.T.);
#4715=ORIENTED_EDGE('',*,*,#3402,.F.);
#4716=ORIENTED_EDGE('',*,*,#3403,.T.);
#4717=ORIENTED_EDGE('',*,*,#3404,.T.);
#4718=ORIENTED_EDGE('',*,*,#3405,.T.);
#4719=ORIENTED_EDGE('',*,*,#3406,.F.);
#4720=ORIENTED_EDGE('',*,*,#3407,.T.);
#4721=ORIENTED_EDGE('',*,*,#3408,.F.);
#4722=ORIENTED_EDGE('',*,*,#3409,.T.);
#4723=ORIENTED_EDGE('',*,*,#3410,.T.);
#4724=ORIENTED_EDGE('',*,*,#3411,.T.);
#4725=ORIENTED_EDGE('',*,*,#3412,.F.);
#4726=ORIENTED_EDGE('',*,*,#3413,.T.);
#4727=ORIENTED_EDGE('',*,*,#3414,.F.);
#4728=ORIENTED_EDGE('',*,*,#3415,.T.);
#4729=ORIENTED_EDGE('',*,*,#3416,.T.);
#4730=ORIENTED_EDGE('',*,*,#3417,.T.);
#4731=ORIENTED_EDGE('',*,*,#3418,.F.);
#4732=ORIENTED_EDGE('',*,*,#3419,.T.);
#4733=ORIENTED_EDGE('',*,*,#3420,.F.);
#4734=ORIENTED_EDGE('',*,*,#3421,.T.);
#4735=ORIENTED_EDGE('',*,*,#3422,.T.);
#4736=ORIENTED_EDGE('',*,*,#3423,.T.);
#4737=ORIENTED_EDGE('',*,*,#3376,.F.);
#4738=ORIENTED_EDGE('',*,*,#3424,.T.);
#4739=ORIENTED_EDGE('',*,*,#3425,.T.);
#4740=ORIENTED_EDGE('',*,*,#3426,.T.);
#4741=ORIENTED_EDGE('',*,*,#3427,.F.);
#4742=ORIENTED_EDGE('',*,*,#3428,.T.);
#4743=ORIENTED_EDGE('',*,*,#3429,.F.);
#4744=ORIENTED_EDGE('',*,*,#3430,.T.);
#4745=ORIENTED_EDGE('',*,*,#3431,.T.);
#4746=ORIENTED_EDGE('',*,*,#3432,.T.);
#4747=ORIENTED_EDGE('',*,*,#3433,.F.);
#4748=ORIENTED_EDGE('',*,*,#3378,.T.);
#4749=ORIENTED_EDGE('',*,*,#3434,.T.);
#4750=ORIENTED_EDGE('',*,*,#3435,.F.);
#4751=ORIENTED_EDGE('',*,*,#3436,.T.);
#4752=ORIENTED_EDGE('',*,*,#3437,.F.);
#4753=ORIENTED_EDGE('',*,*,#3438,.T.);
#4754=ORIENTED_EDGE('',*,*,#3439,.F.);
#4755=ORIENTED_EDGE('',*,*,#3440,.T.);
#4756=ORIENTED_EDGE('',*,*,#3441,.F.);
#4757=ORIENTED_EDGE('',*,*,#2922,.T.);
#4758=ORIENTED_EDGE('',*,*,#3379,.T.);
#4759=ORIENTED_EDGE('',*,*,#3433,.T.);
#4760=ORIENTED_EDGE('',*,*,#3442,.T.);
#4761=ORIENTED_EDGE('',*,*,#3442,.F.);
#4762=ORIENTED_EDGE('',*,*,#3432,.F.);
#4763=ORIENTED_EDGE('',*,*,#3443,.T.);
#4764=ORIENTED_EDGE('',*,*,#2923,.F.);
#4765=ORIENTED_EDGE('',*,*,#2932,.T.);
#4766=ORIENTED_EDGE('',*,*,#3444,.T.);
#4767=ORIENTED_EDGE('',*,*,#3400,.T.);
#4768=ORIENTED_EDGE('',*,*,#3445,.T.);
#4769=ORIENTED_EDGE('',*,*,#3444,.F.);
#4770=ORIENTED_EDGE('',*,*,#2943,.F.);
#4771=ORIENTED_EDGE('',*,*,#3446,.F.);
#4772=ORIENTED_EDGE('',*,*,#3401,.F.);
#4773=ORIENTED_EDGE('',*,*,#2942,.T.);
#4774=ORIENTED_EDGE('',*,*,#3447,.T.);
#4775=ORIENTED_EDGE('',*,*,#3402,.T.);
#4776=ORIENTED_EDGE('',*,*,#3446,.T.);
#4777=ORIENTED_EDGE('',*,*,#2944,.T.);
#4778=ORIENTED_EDGE('',*,*,#3448,.T.);
#4779=ORIENTED_EDGE('',*,*,#3412,.T.);
#4780=ORIENTED_EDGE('',*,*,#3449,.T.);
#4781=ORIENTED_EDGE('',*,*,#3448,.F.);
#4782=ORIENTED_EDGE('',*,*,#2955,.F.);
#4783=ORIENTED_EDGE('',*,*,#3450,.F.);
#4784=ORIENTED_EDGE('',*,*,#3413,.F.);
#4785=ORIENTED_EDGE('',*,*,#2954,.T.);
#4786=ORIENTED_EDGE('',*,*,#3451,.T.);
#4787=ORIENTED_EDGE('',*,*,#3414,.T.);
#4788=ORIENTED_EDGE('',*,*,#3450,.T.);
#4789=ORIENTED_EDGE('',*,*,#2956,.T.);
#4790=ORIENTED_EDGE('',*,*,#3452,.T.);
#4791=ORIENTED_EDGE('',*,*,#3388,.T.);
#4792=ORIENTED_EDGE('',*,*,#3453,.T.);
#4793=ORIENTED_EDGE('',*,*,#3453,.F.);
#4794=ORIENTED_EDGE('',*,*,#3399,.F.);
#4795=ORIENTED_EDGE('',*,*,#3454,.F.);
#4796=ORIENTED_EDGE('',*,*,#2957,.F.);
#4797=ORIENTED_EDGE('',*,*,#2958,.T.);
#4798=ORIENTED_EDGE('',*,*,#3454,.T.);
#4799=ORIENTED_EDGE('',*,*,#3398,.T.);
#4800=ORIENTED_EDGE('',*,*,#3455,.T.);
#4801=ORIENTED_EDGE('',*,*,#3455,.F.);
#4802=ORIENTED_EDGE('',*,*,#3397,.F.);
#4803=ORIENTED_EDGE('',*,*,#3456,.T.);
#4804=ORIENTED_EDGE('',*,*,#2959,.F.);
#4805=ORIENTED_EDGE('',*,*,#2928,.T.);
#4806=ORIENTED_EDGE('',*,*,#3457,.T.);
#4807=ORIENTED_EDGE('',*,*,#3427,.T.);
#4808=ORIENTED_EDGE('',*,*,#3458,.T.);
#4809=ORIENTED_EDGE('',*,*,#3457,.F.);
#4810=ORIENTED_EDGE('',*,*,#2927,.F.);
#4811=ORIENTED_EDGE('',*,*,#3459,.F.);
#4812=ORIENTED_EDGE('',*,*,#3428,.F.);
#4813=ORIENTED_EDGE('',*,*,#2926,.T.);
#4814=ORIENTED_EDGE('',*,*,#3460,.T.);
#4815=ORIENTED_EDGE('',*,*,#3429,.T.);
#4816=ORIENTED_EDGE('',*,*,#3459,.T.);
#4817=ORIENTED_EDGE('',*,*,#2964,.T.);
#4818=ORIENTED_EDGE('',*,*,#3461,.T.);
#4819=ORIENTED_EDGE('',*,*,#3392,.T.);
#4820=ORIENTED_EDGE('',*,*,#3462,.T.);
#4821=ORIENTED_EDGE('',*,*,#3461,.F.);
#4822=ORIENTED_EDGE('',*,*,#2963,.F.);
#4823=ORIENTED_EDGE('',*,*,#3463,.F.);
#4824=ORIENTED_EDGE('',*,*,#3393,.F.);
#4825=ORIENTED_EDGE('',*,*,#2962,.T.);
#4826=ORIENTED_EDGE('',*,*,#3464,.T.);
#4827=ORIENTED_EDGE('',*,*,#3394,.T.);
#4828=ORIENTED_EDGE('',*,*,#3463,.T.);
#4829=ORIENTED_EDGE('',*,*,#2950,.T.);
#4830=ORIENTED_EDGE('',*,*,#3465,.T.);
#4831=ORIENTED_EDGE('',*,*,#3418,.T.);
#4832=ORIENTED_EDGE('',*,*,#3466,.T.);
#4833=ORIENTED_EDGE('',*,*,#3465,.F.);
#4834=ORIENTED_EDGE('',*,*,#2949,.F.);
#4835=ORIENTED_EDGE('',*,*,#3467,.F.);
#4836=ORIENTED_EDGE('',*,*,#3419,.F.);
#4837=ORIENTED_EDGE('',*,*,#2948,.T.);
#4838=ORIENTED_EDGE('',*,*,#3468,.T.);
#4839=ORIENTED_EDGE('',*,*,#3420,.T.);
#4840=ORIENTED_EDGE('',*,*,#3467,.T.);
#4841=ORIENTED_EDGE('',*,*,#2938,.T.);
#4842=ORIENTED_EDGE('',*,*,#3469,.T.);
#4843=ORIENTED_EDGE('',*,*,#3406,.T.);
#4844=ORIENTED_EDGE('',*,*,#3470,.T.);
#4845=ORIENTED_EDGE('',*,*,#3469,.F.);
#4846=ORIENTED_EDGE('',*,*,#2937,.F.);
#4847=ORIENTED_EDGE('',*,*,#3471,.F.);
#4848=ORIENTED_EDGE('',*,*,#3407,.F.);
#4849=ORIENTED_EDGE('',*,*,#2936,.T.);
#4850=ORIENTED_EDGE('',*,*,#3472,.T.);
#4851=ORIENTED_EDGE('',*,*,#3408,.T.);
#4852=ORIENTED_EDGE('',*,*,#3471,.T.);
#4853=ORIENTED_EDGE('',*,*,#3473,.T.);
#4854=ORIENTED_EDGE('',*,*,#3474,.T.);
#4855=ORIENTED_EDGE('',*,*,#3475,.T.);
#4856=ORIENTED_EDGE('',*,*,#3324,.T.);
#4857=ORIENTED_EDGE('',*,*,#3473,.F.);
#4858=ORIENTED_EDGE('',*,*,#3331,.T.);
#4859=ORIENTED_EDGE('',*,*,#3476,.T.);
#4860=ORIENTED_EDGE('',*,*,#3477,.T.);
#4861=ORIENTED_EDGE('',*,*,#3475,.F.);
#4862=ORIENTED_EDGE('',*,*,#3478,.T.);
#4863=ORIENTED_EDGE('',*,*,#3479,.T.);
#4864=ORIENTED_EDGE('',*,*,#3325,.T.);
#4865=ORIENTED_EDGE('',*,*,#3480,.T.);
#4866=ORIENTED_EDGE('',*,*,#3481,.T.);
#4867=ORIENTED_EDGE('',*,*,#3476,.F.);
#4868=ORIENTED_EDGE('',*,*,#3330,.T.);
#4869=ORIENTED_EDGE('',*,*,#3482,.T.);
#4870=ORIENTED_EDGE('',*,*,#3326,.T.);
#4871=ORIENTED_EDGE('',*,*,#3479,.F.);
#4872=ORIENTED_EDGE('',*,*,#3483,.T.);
#4873=ORIENTED_EDGE('',*,*,#3480,.F.);
#4874=ORIENTED_EDGE('',*,*,#3329,.T.);
#4875=ORIENTED_EDGE('',*,*,#3484,.T.);
#4876=ORIENTED_EDGE('',*,*,#3485,.T.);
#4877=ORIENTED_EDGE('',*,*,#3482,.F.);
#4878=ORIENTED_EDGE('',*,*,#3486,.T.);
#4879=ORIENTED_EDGE('',*,*,#3487,.T.);
#4880=ORIENTED_EDGE('',*,*,#3327,.T.);
#4881=ORIENTED_EDGE('',*,*,#3487,.F.);
#4882=ORIENTED_EDGE('',*,*,#3488,.T.);
#4883=ORIENTED_EDGE('',*,*,#3484,.F.);
#4884=ORIENTED_EDGE('',*,*,#3328,.T.);
#4885=ORIENTED_EDGE('',*,*,#3486,.F.);
#4886=ORIENTED_EDGE('',*,*,#3489,.T.);
#4887=ORIENTED_EDGE('',*,*,#3490,.T.);
#4888=ORIENTED_EDGE('',*,*,#3483,.F.);
#4889=ORIENTED_EDGE('',*,*,#3491,.F.);
#4890=ORIENTED_EDGE('',*,*,#3492,.T.);
#4891=ORIENTED_EDGE('',*,*,#3489,.F.);
#4892=ORIENTED_EDGE('',*,*,#3478,.F.);
#4893=ORIENTED_EDGE('',*,*,#3493,.T.);
#4894=ORIENTED_EDGE('',*,*,#3491,.T.);
#4895=ORIENTED_EDGE('',*,*,#3474,.F.);
#4896=ORIENTED_EDGE('',*,*,#3494,.F.);
#4897=ORIENTED_EDGE('',*,*,#3495,.T.);
#4898=ORIENTED_EDGE('',*,*,#3493,.F.);
#4899=ORIENTED_EDGE('',*,*,#3485,.F.);
#4900=ORIENTED_EDGE('',*,*,#3496,.T.);
#4901=ORIENTED_EDGE('',*,*,#3497,.T.);
#4902=ORIENTED_EDGE('',*,*,#3477,.F.);
#4903=ORIENTED_EDGE('',*,*,#3498,.T.);
#4904=ORIENTED_EDGE('',*,*,#3494,.T.);
#4905=ORIENTED_EDGE('',*,*,#3481,.F.);
#4906=ORIENTED_EDGE('',*,*,#3497,.F.);
#4907=ORIENTED_EDGE('',*,*,#3499,.T.);
#4908=ORIENTED_EDGE('',*,*,#3498,.F.);
#4909=ORIENTED_EDGE('',*,*,#3488,.F.);
#4910=ORIENTED_EDGE('',*,*,#3490,.F.);
#4911=ORIENTED_EDGE('',*,*,#3500,.T.);
#4912=ORIENTED_EDGE('',*,*,#3496,.F.);
#4913=ORIENTED_EDGE('',*,*,#3499,.F.);
#4914=ORIENTED_EDGE('',*,*,#3500,.F.);
#4915=ORIENTED_EDGE('',*,*,#3492,.F.);
#4916=ORIENTED_EDGE('',*,*,#3495,.F.);
#4917=ORIENTED_EDGE('',*,*,#3501,.T.);
#4918=ORIENTED_EDGE('',*,*,#3502,.F.);
#4919=ORIENTED_EDGE('',*,*,#3503,.T.);
#4920=ORIENTED_EDGE('',*,*,#3504,.F.);
#4921=ORIENTED_EDGE('',*,*,#3505,.T.);
#4922=ORIENTED_EDGE('',*,*,#3506,.F.);
#4923=ORIENTED_EDGE('',*,*,#3507,.T.);
#4924=ORIENTED_EDGE('',*,*,#3508,.F.);
#4925=ORIENTED_EDGE('',*,*,#3380,.F.);
#4926=ORIENTED_EDGE('',*,*,#3509,.T.);
#4927=ORIENTED_EDGE('',*,*,#3508,.T.);
#4928=ORIENTED_EDGE('',*,*,#3510,.T.);
#4929=ORIENTED_EDGE('',*,*,#3509,.F.);
#4930=ORIENTED_EDGE('',*,*,#3387,.F.);
#4931=ORIENTED_EDGE('',*,*,#3511,.F.);
#4932=ORIENTED_EDGE('',*,*,#3501,.F.);
#4933=ORIENTED_EDGE('',*,*,#3386,.F.);
#4934=ORIENTED_EDGE('',*,*,#3512,.T.);
#4935=ORIENTED_EDGE('',*,*,#3502,.T.);
#4936=ORIENTED_EDGE('',*,*,#3511,.T.);
#4937=ORIENTED_EDGE('',*,*,#3512,.F.);
#4938=ORIENTED_EDGE('',*,*,#3385,.F.);
#4939=ORIENTED_EDGE('',*,*,#3513,.F.);
#4940=ORIENTED_EDGE('',*,*,#3503,.F.);
#4941=ORIENTED_EDGE('',*,*,#3384,.F.);
#4942=ORIENTED_EDGE('',*,*,#3514,.T.);
#4943=ORIENTED_EDGE('',*,*,#3504,.T.);
#4944=ORIENTED_EDGE('',*,*,#3513,.T.);
#4945=ORIENTED_EDGE('',*,*,#3514,.F.);
#4946=ORIENTED_EDGE('',*,*,#3383,.F.);
#4947=ORIENTED_EDGE('',*,*,#3515,.F.);
#4948=ORIENTED_EDGE('',*,*,#3505,.F.);
#4949=ORIENTED_EDGE('',*,*,#3382,.F.);
#4950=ORIENTED_EDGE('',*,*,#3516,.T.);
#4951=ORIENTED_EDGE('',*,*,#3506,.T.);
#4952=ORIENTED_EDGE('',*,*,#3515,.T.);
#4953=ORIENTED_EDGE('',*,*,#3510,.F.);
#4954=ORIENTED_EDGE('',*,*,#3507,.F.);
#4955=ORIENTED_EDGE('',*,*,#3516,.F.);
#4956=ORIENTED_EDGE('',*,*,#3381,.F.);
#4957=ORIENTED_EDGE('',*,*,#3435,.T.);
#4958=ORIENTED_EDGE('',*,*,#3517,.T.);
#4959=ORIENTED_EDGE('',*,*,#2915,.T.);
#4960=ORIENTED_EDGE('',*,*,#3518,.T.);
#4961=ORIENTED_EDGE('',*,*,#3517,.F.);
#4962=ORIENTED_EDGE('',*,*,#3434,.F.);
#4963=ORIENTED_EDGE('',*,*,#3519,.F.);
#4964=ORIENTED_EDGE('',*,*,#2904,.F.);
#4965=ORIENTED_EDGE('',*,*,#3520,.F.);
#4966=ORIENTED_EDGE('',*,*,#3521,.F.);
#4967=ORIENTED_EDGE('',*,*,#3522,.F.);
#4968=ORIENTED_EDGE('',*,*,#2916,.F.);
#4969=ORIENTED_EDGE('',*,*,#3441,.T.);
#4970=ORIENTED_EDGE('',*,*,#3523,.T.);
#4971=ORIENTED_EDGE('',*,*,#2905,.T.);
#4972=ORIENTED_EDGE('',*,*,#3519,.T.);
#4973=ORIENTED_EDGE('',*,*,#3523,.F.);
#4974=ORIENTED_EDGE('',*,*,#3440,.F.);
#4975=ORIENTED_EDGE('',*,*,#3524,.F.);
#4976=ORIENTED_EDGE('',*,*,#2906,.F.);
#4977=ORIENTED_EDGE('',*,*,#3439,.T.);
#4978=ORIENTED_EDGE('',*,*,#3525,.T.);
#4979=ORIENTED_EDGE('',*,*,#2907,.T.);
#4980=ORIENTED_EDGE('',*,*,#3524,.T.);
#4981=ORIENTED_EDGE('',*,*,#3525,.F.);
#4982=ORIENTED_EDGE('',*,*,#3438,.F.);
#4983=ORIENTED_EDGE('',*,*,#3526,.F.);
#4984=ORIENTED_EDGE('',*,*,#2912,.F.);
#4985=ORIENTED_EDGE('',*,*,#3527,.F.);
#4986=ORIENTED_EDGE('',*,*,#3528,.F.);
#4987=ORIENTED_EDGE('',*,*,#3529,.F.);
#4988=ORIENTED_EDGE('',*,*,#2908,.F.);
#4989=ORIENTED_EDGE('',*,*,#3437,.T.);
#4990=ORIENTED_EDGE('',*,*,#3530,.T.);
#4991=ORIENTED_EDGE('',*,*,#2913,.T.);
#4992=ORIENTED_EDGE('',*,*,#3526,.T.);
#4993=ORIENTED_EDGE('',*,*,#3518,.F.);
#4994=ORIENTED_EDGE('',*,*,#2914,.F.);
#4995=ORIENTED_EDGE('',*,*,#3530,.F.);
#4996=ORIENTED_EDGE('',*,*,#3436,.F.);
#4997=ORIENTED_EDGE('',*,*,#3527,.T.);
#4998=ORIENTED_EDGE('',*,*,#2911,.T.);
#4999=ORIENTED_EDGE('',*,*,#3531,.T.);
#5000=ORIENTED_EDGE('',*,*,#3532,.T.);
#5001=ORIENTED_EDGE('',*,*,#3529,.T.);
#5002=ORIENTED_EDGE('',*,*,#3533,.T.);
#5003=ORIENTED_EDGE('',*,*,#3534,.F.);
#5004=ORIENTED_EDGE('',*,*,#2909,.F.);
#5005=ORIENTED_EDGE('',*,*,#3520,.T.);
#5006=ORIENTED_EDGE('',*,*,#2903,.F.);
#5007=ORIENTED_EDGE('',*,*,#3236,.F.);
#5008=ORIENTED_EDGE('',*,*,#3241,.T.);
#5009=ORIENTED_EDGE('',*,*,#3535,.T.);
#5010=ORIENTED_EDGE('',*,*,#3528,.T.);
#5011=ORIENTED_EDGE('',*,*,#3532,.F.);
#5012=ORIENTED_EDGE('',*,*,#3536,.F.);
#5013=ORIENTED_EDGE('',*,*,#3533,.F.);
#5014=ORIENTED_EDGE('',*,*,#3521,.T.);
#5015=ORIENTED_EDGE('',*,*,#3535,.F.);
#5016=ORIENTED_EDGE('',*,*,#3295,.T.);
#5017=ORIENTED_EDGE('',*,*,#3537,.F.);
#5018=ORIENTED_EDGE('',*,*,#3460,.F.);
#5019=ORIENTED_EDGE('',*,*,#2925,.F.);
#5020=ORIENTED_EDGE('',*,*,#3538,.F.);
#5021=ORIENTED_EDGE('',*,*,#3430,.F.);
#5022=ORIENTED_EDGE('',*,*,#3458,.F.);
#5023=ORIENTED_EDGE('',*,*,#3426,.F.);
#5024=ORIENTED_EDGE('',*,*,#3539,.T.);
#5025=ORIENTED_EDGE('',*,*,#2929,.F.);
#5026=ORIENTED_EDGE('',*,*,#2930,.F.);
#5027=ORIENTED_EDGE('',*,*,#3539,.F.);
#5028=ORIENTED_EDGE('',*,*,#3425,.F.);
#5029=ORIENTED_EDGE('',*,*,#3540,.T.);
#5030=ORIENTED_EDGE('',*,*,#3375,.F.);
#5031=ORIENTED_EDGE('',*,*,#2931,.F.);
#5032=ORIENTED_EDGE('',*,*,#3540,.F.);
#5033=ORIENTED_EDGE('',*,*,#3424,.F.);
#5034=ORIENTED_EDGE('',*,*,#2924,.F.);
#5035=ORIENTED_EDGE('',*,*,#3443,.F.);
#5036=ORIENTED_EDGE('',*,*,#3431,.F.);
#5037=ORIENTED_EDGE('',*,*,#3538,.T.);
#5038=ORIENTED_EDGE('',*,*,#3468,.F.);
#5039=ORIENTED_EDGE('',*,*,#2947,.F.);
#5040=ORIENTED_EDGE('',*,*,#3541,.F.);
#5041=ORIENTED_EDGE('',*,*,#3421,.F.);
#5042=ORIENTED_EDGE('',*,*,#3466,.F.);
#5043=ORIENTED_EDGE('',*,*,#3417,.F.);
#5044=ORIENTED_EDGE('',*,*,#3542,.T.);
#5045=ORIENTED_EDGE('',*,*,#2951,.F.);
#5046=ORIENTED_EDGE('',*,*,#2952,.F.);
#5047=ORIENTED_EDGE('',*,*,#3542,.F.);
#5048=ORIENTED_EDGE('',*,*,#3416,.F.);
#5049=ORIENTED_EDGE('',*,*,#3543,.T.);
#5050=ORIENTED_EDGE('',*,*,#3451,.F.);
#5051=ORIENTED_EDGE('',*,*,#2953,.F.);
#5052=ORIENTED_EDGE('',*,*,#3543,.F.);
#5053=ORIENTED_EDGE('',*,*,#3415,.F.);
#5054=ORIENTED_EDGE('',*,*,#3449,.F.);
#5055=ORIENTED_EDGE('',*,*,#3423,.F.);
#5056=ORIENTED_EDGE('',*,*,#3544,.T.);
#5057=ORIENTED_EDGE('',*,*,#2945,.F.);
#5058=ORIENTED_EDGE('',*,*,#2946,.F.);
#5059=ORIENTED_EDGE('',*,*,#3544,.F.);
#5060=ORIENTED_EDGE('',*,*,#3422,.F.);
#5061=ORIENTED_EDGE('',*,*,#3541,.T.);
#5062=ORIENTED_EDGE('',*,*,#3445,.F.);
#5063=ORIENTED_EDGE('',*,*,#3411,.F.);
#5064=ORIENTED_EDGE('',*,*,#3545,.T.);
#5065=ORIENTED_EDGE('',*,*,#2933,.F.);
#5066=ORIENTED_EDGE('',*,*,#2934,.F.);
#5067=ORIENTED_EDGE('',*,*,#3545,.F.);
#5068=ORIENTED_EDGE('',*,*,#3410,.F.);
#5069=ORIENTED_EDGE('',*,*,#3546,.T.);
#5070=ORIENTED_EDGE('',*,*,#3472,.F.);
#5071=ORIENTED_EDGE('',*,*,#2935,.F.);
#5072=ORIENTED_EDGE('',*,*,#3546,.F.);
#5073=ORIENTED_EDGE('',*,*,#3409,.F.);
#5074=ORIENTED_EDGE('',*,*,#3470,.F.);
#5075=ORIENTED_EDGE('',*,*,#3405,.F.);
#5076=ORIENTED_EDGE('',*,*,#3547,.T.);
#5077=ORIENTED_EDGE('',*,*,#2939,.F.);
#5078=ORIENTED_EDGE('',*,*,#2940,.F.);
#5079=ORIENTED_EDGE('',*,*,#3547,.F.);
#5080=ORIENTED_EDGE('',*,*,#3404,.F.);
#5081=ORIENTED_EDGE('',*,*,#3548,.T.);
#5082=ORIENTED_EDGE('',*,*,#3447,.F.);
#5083=ORIENTED_EDGE('',*,*,#2941,.F.);
#5084=ORIENTED_EDGE('',*,*,#3548,.F.);
#5085=ORIENTED_EDGE('',*,*,#3403,.F.);
#5086=ORIENTED_EDGE('',*,*,#2960,.F.);
#5087=ORIENTED_EDGE('',*,*,#3456,.F.);
#5088=ORIENTED_EDGE('',*,*,#3396,.F.);
#5089=ORIENTED_EDGE('',*,*,#3549,.T.);
#5090=ORIENTED_EDGE('',*,*,#3464,.F.);
#5091=ORIENTED_EDGE('',*,*,#2961,.F.);
#5092=ORIENTED_EDGE('',*,*,#3549,.F.);
#5093=ORIENTED_EDGE('',*,*,#3395,.F.);
#5094=ORIENTED_EDGE('',*,*,#3462,.F.);
#5095=ORIENTED_EDGE('',*,*,#3391,.F.);
#5096=ORIENTED_EDGE('',*,*,#3550,.T.);
#5097=ORIENTED_EDGE('',*,*,#2965,.F.);
#5098=ORIENTED_EDGE('',*,*,#2966,.F.);
#5099=ORIENTED_EDGE('',*,*,#3550,.F.);
#5100=ORIENTED_EDGE('',*,*,#3390,.F.);
#5101=ORIENTED_EDGE('',*,*,#3551,.T.);
#5102=ORIENTED_EDGE('',*,*,#3452,.F.);
#5103=ORIENTED_EDGE('',*,*,#2967,.F.);
#5104=ORIENTED_EDGE('',*,*,#3551,.F.);
#5105=ORIENTED_EDGE('',*,*,#3389,.F.);
#5106=ORIENTED_EDGE('',*,*,#3135,.F.);
#5107=ORIENTED_EDGE('',*,*,#3136,.F.);
#5108=ORIENTED_EDGE('',*,*,#3552,.T.);
#5109=ORIENTED_EDGE('',*,*,#3196,.F.);
#5110=ORIENTED_EDGE('',*,*,#3197,.F.);
#5111=ORIENTED_EDGE('',*,*,#3552,.F.);
#5112=ORIENTED_EDGE('',*,*,#3142,.F.);
#5113=ORIENTED_EDGE('',*,*,#3143,.F.);
#5114=ORIENTED_EDGE('',*,*,#3553,.T.);
#5115=ORIENTED_EDGE('',*,*,#3187,.F.);
#5116=ORIENTED_EDGE('',*,*,#3182,.F.);
#5117=ORIENTED_EDGE('',*,*,#3554,.T.);
#5118=ORIENTED_EDGE('',*,*,#3188,.F.);
#5119=ORIENTED_EDGE('',*,*,#3553,.F.);
#5120=ORIENTED_EDGE('',*,*,#3133,.F.);
#5121=ORIENTED_EDGE('',*,*,#3134,.F.);
#5122=ORIENTED_EDGE('',*,*,#3555,.T.);
#5123=ORIENTED_EDGE('',*,*,#3199,.F.);
#5124=ORIENTED_EDGE('',*,*,#3200,.F.);
#5125=ORIENTED_EDGE('',*,*,#3555,.F.);
#5126=ORIENTED_EDGE('',*,*,#3139,.F.);
#5127=ORIENTED_EDGE('',*,*,#3140,.F.);
#5128=ORIENTED_EDGE('',*,*,#3556,.T.);
#5129=ORIENTED_EDGE('',*,*,#3215,.T.);
#5130=ORIENTED_EDGE('',*,*,#3190,.F.);
#5131=ORIENTED_EDGE('',*,*,#3557,.F.);
#5132=ORIENTED_EDGE('',*,*,#3212,.T.);
#5133=ORIENTED_EDGE('',*,*,#3556,.F.);
#5134=ORIENTED_EDGE('',*,*,#3336,.T.);
#5135=ORIENTED_EDGE('',*,*,#3558,.T.);
#5136=ORIENTED_EDGE('',*,*,#3333,.F.);
#5137=ORIENTED_EDGE('',*,*,#2730,.F.);
#5138=ORIENTED_EDGE('',*,*,#3149,.T.);
#5139=ORIENTED_EDGE('',*,*,#3341,.T.);
#5140=ORIENTED_EDGE('',*,*,#3339,.T.);
#5141=ORIENTED_EDGE('',*,*,#3559,.F.);
#5142=ORIENTED_EDGE('',*,*,#3536,.T.);
#5143=ORIENTED_EDGE('',*,*,#3531,.F.);
#5144=ORIENTED_EDGE('',*,*,#2910,.F.);
#5145=ORIENTED_EDGE('',*,*,#3534,.T.);
#5146=ORIENTED_EDGE('',*,*,#3522,.T.);
#5147=ORIENTED_EDGE('',*,*,#3537,.T.);
#5148=ORIENTED_EDGE('',*,*,#3239,.T.);
#5149=ORIENTED_EDGE('',*,*,#3237,.F.);
#5150=ORIENTED_EDGE('',*,*,#2917,.T.);
#5151=ORIENTED_EDGE('',*,*,#2886,.F.);
#5152=ORIENTED_EDGE('',*,*,#2901,.F.);
#5153=ORIENTED_EDGE('',*,*,#3361,.T.);
#5154=ORIENTED_EDGE('',*,*,#3560,.F.);
#5155=ORIENTED_EDGE('',*,*,#2784,.T.);
#5156=ORIENTED_EDGE('',*,*,#2884,.F.);
#5157=ORIENTED_EDGE('',*,*,#2827,.F.);
#5158=ORIENTED_EDGE('',*,*,#2785,.T.);
#5159=ORIENTED_EDGE('',*,*,#3560,.T.);
#5160=ORIENTED_EDGE('',*,*,#3360,.F.);
#5161=ORIENTED_EDGE('',*,*,#3334,.F.);
#5162=ORIENTED_EDGE('',*,*,#3558,.F.);
#5163=ORIENTED_EDGE('',*,*,#3338,.F.);
#5164=ORIENTED_EDGE('',*,*,#3317,.T.);
#5165=ORIENTED_EDGE('',*,*,#2757,.T.);
#5166=ORIENTED_EDGE('',*,*,#3076,.F.);
#5167=ORIENTED_EDGE('',*,*,#3066,.T.);
#5168=ORIENTED_EDGE('',*,*,#3073,.T.);
#5169=ORIENTED_EDGE('',*,*,#3074,.F.);
#5170=ORIENTED_EDGE('',*,*,#2754,.T.);
#5171=ORIENTED_EDGE('',*,*,#3561,.F.);
#5172=ORIENTED_EDGE('',*,*,#3069,.T.);
#5173=ORIENTED_EDGE('',*,*,#2753,.T.);
#5174=ORIENTED_EDGE('',*,*,#3043,.F.);
#5175=ORIENTED_EDGE('',*,*,#3070,.T.);
#5176=ORIENTED_EDGE('',*,*,#3561,.T.);
#5177=ORIENTED_EDGE('',*,*,#3039,.F.);
#5178=ORIENTED_EDGE('',*,*,#2760,.T.);
#5179=ORIENTED_EDGE('',*,*,#3072,.F.);
#5180=ORIENTED_EDGE('',*,*,#3063,.T.);
#5181=ORIENTED_EDGE('',*,*,#2745,.T.);
#5182=ORIENTED_EDGE('',*,*,#3562,.F.);
#5183=ORIENTED_EDGE('',*,*,#3059,.T.);
#5184=ORIENTED_EDGE('',*,*,#3563,.T.);
#5185=ORIENTED_EDGE('',*,*,#3080,.F.);
#5186=ORIENTED_EDGE('',*,*,#3060,.T.);
#5187=ORIENTED_EDGE('',*,*,#3562,.T.);
#5188=ORIENTED_EDGE('',*,*,#2744,.T.);
#5189=ORIENTED_EDGE('',*,*,#3077,.F.);
#5190=ORIENTED_EDGE('',*,*,#2750,.T.);
#5191=ORIENTED_EDGE('',*,*,#3564,.F.);
#5192=ORIENTED_EDGE('',*,*,#3054,.T.);
#5193=ORIENTED_EDGE('',*,*,#2749,.T.);
#5194=ORIENTED_EDGE('',*,*,#3083,.F.);
#5195=ORIENTED_EDGE('',*,*,#3055,.T.);
#5196=ORIENTED_EDGE('',*,*,#3564,.T.);
#5197=ORIENTED_EDGE('',*,*,#3081,.F.);
#5198=ORIENTED_EDGE('',*,*,#2746,.T.);
#5199=ORIENTED_EDGE('',*,*,#3563,.F.);
#5200=ORIENTED_EDGE('',*,*,#3058,.T.);
#5201=ORIENTED_EDGE('',*,*,#3559,.T.);
#5202=ORIENTED_EDGE('',*,*,#3565,.T.);
#5203=ORIENTED_EDGE('',*,*,#2774,.F.);
#5204=ORIENTED_EDGE('',*,*,#3565,.F.);
#5205=ORIENTED_EDGE('',*,*,#3349,.T.);
#5206=ORIENTED_EDGE('',*,*,#3566,.T.);
#5207=ORIENTED_EDGE('',*,*,#2773,.F.);
#5208=ORIENTED_EDGE('',*,*,#3566,.F.);
#5209=ORIENTED_EDGE('',*,*,#3178,.F.);
#5210=ORIENTED_EDGE('',*,*,#3113,.F.);
#5211=ORIENTED_EDGE('',*,*,#3206,.F.);
#5212=ORIENTED_EDGE('',*,*,#3009,.T.);
#5213=ORIENTED_EDGE('',*,*,#3298,.F.);
#5214=ORIENTED_EDGE('',*,*,#3306,.T.);
#5215=ORIENTED_EDGE('',*,*,#3354,.F.);
#5216=ORIENTED_EDGE('',*,*,#3321,.F.);
#5217=ORIENTED_EDGE('',*,*,#3247,.F.);
#5218=ORIENTED_EDGE('',*,*,#3345,.T.);
#5219=ORIENTED_EDGE('',*,*,#3352,.F.);
#5220=ORIENTED_EDGE('',*,*,#2993,.F.);
#5221=ORIENTED_EDGE('',*,*,#3567,.F.);
#5222=ORIENTED_EDGE('',*,*,#3030,.F.);
#5223=ORIENTED_EDGE('',*,*,#3037,.T.);
#5224=ORIENTED_EDGE('',*,*,#3036,.F.);
#5225=ORIENTED_EDGE('',*,*,#3027,.F.);
#5226=ORIENTED_EDGE('',*,*,#3568,.T.);
#5227=ORIENTED_EDGE('',*,*,#2996,.F.);
#5228=ORIENTED_EDGE('',*,*,#2997,.F.);
#5229=ORIENTED_EDGE('',*,*,#3568,.F.);
#5230=ORIENTED_EDGE('',*,*,#3026,.F.);
#5231=ORIENTED_EDGE('',*,*,#3569,.T.);
#5232=ORIENTED_EDGE('',*,*,#3038,.F.);
#5233=ORIENTED_EDGE('',*,*,#2998,.F.);
#5234=ORIENTED_EDGE('',*,*,#3569,.F.);
#5235=ORIENTED_EDGE('',*,*,#3025,.F.);
#5236=ORIENTED_EDGE('',*,*,#3033,.F.);
#5237=ORIENTED_EDGE('',*,*,#3031,.F.);
#5238=ORIENTED_EDGE('',*,*,#3567,.T.);
#5239=ORIENTED_EDGE('',*,*,#2992,.F.);
#5240=ORIENTED_EDGE('',*,*,#2988,.F.);
#5241=ORIENTED_EDGE('',*,*,#3570,.F.);
#5242=ORIENTED_EDGE('',*,*,#3018,.F.);
#5243=ORIENTED_EDGE('',*,*,#3571,.T.);
#5244=ORIENTED_EDGE('',*,*,#3006,.F.);
#5245=ORIENTED_EDGE('',*,*,#2989,.F.);
#5246=ORIENTED_EDGE('',*,*,#3571,.F.);
#5247=ORIENTED_EDGE('',*,*,#3017,.F.);
#5248=ORIENTED_EDGE('',*,*,#2971,.F.);
#5249=ORIENTED_EDGE('',*,*,#3021,.F.);
#5250=ORIENTED_EDGE('',*,*,#3572,.T.);
#5251=ORIENTED_EDGE('',*,*,#2983,.F.);
#5252=ORIENTED_EDGE('',*,*,#2984,.F.);
#5253=ORIENTED_EDGE('',*,*,#3572,.F.);
#5254=ORIENTED_EDGE('',*,*,#3020,.F.);
#5255=ORIENTED_EDGE('',*,*,#3004,.T.);
#5256=ORIENTED_EDGE('',*,*,#3003,.F.);
#5257=ORIENTED_EDGE('',*,*,#3019,.F.);
#5258=ORIENTED_EDGE('',*,*,#3570,.T.);
#5259=ORIENTED_EDGE('',*,*,#2987,.F.);
#5260=ORIENTED_EDGE('',*,*,#3185,.F.);
#5261=ORIENTED_EDGE('',*,*,#3366,.F.);
#5262=ORIENTED_EDGE('',*,*,#3573,.F.);
#5263=ORIENTED_EDGE('',*,*,#3367,.F.);
#5264=ORIENTED_EDGE('',*,*,#3213,.F.);
#5265=ORIENTED_EDGE('',*,*,#3557,.T.);
#5266=ORIENTED_EDGE('',*,*,#3189,.F.);
#5267=ORIENTED_EDGE('',*,*,#3554,.F.);
#5268=ORIENTED_EDGE('',*,*,#3165,.F.);
#5269=ORIENTED_EDGE('',*,*,#3167,.T.);
#5270=ORIENTED_EDGE('',*,*,#3168,.F.);
#5271=ORIENTED_EDGE('',*,*,#2737,.T.);
#5272=ORIENTED_EDGE('',*,*,#3371,.F.);
#5273=ORIENTED_EDGE('',*,*,#3046,.F.);
#5274=ORIENTED_EDGE('',*,*,#3368,.F.);
#5275=ORIENTED_EDGE('',*,*,#3573,.T.);
#5276=ORIENTED_EDGE('',*,*,#3365,.F.);
#5277=ORIENTED_EDGE('',*,*,#3015,.T.);
#5278=ORIENTED_EDGE('',*,*,#3372,.F.);
#5279=ORIENTED_EDGE('',*,*,#2979,.F.);
#5280=ORIENTED_EDGE('',*,*,#3307,.F.);
#5281=ORIENTED_EDGE('',*,*,#3574,.T.);
#5282=ORIENTED_EDGE('',*,*,#2775,.T.);
#5283=ORIENTED_EDGE('',*,*,#3574,.F.);
#5284=ORIENTED_EDGE('',*,*,#3350,.F.);
#5285=ORIENTED_EDGE('',*,*,#3575,.T.);
#5286=ORIENTED_EDGE('',*,*,#2776,.T.);
#5287=ORIENTED_EDGE('',*,*,#3575,.F.);
#5288=CYLINDRICAL_SURFACE('',#5774,1.);
#5289=CYLINDRICAL_SURFACE('',#5777,3.);
#5290=CYLINDRICAL_SURFACE('',#5815,1.);
#5291=CYLINDRICAL_SURFACE('',#5832,3.);
#5292=CYLINDRICAL_SURFACE('',#5837,3.);
#5293=CYLINDRICAL_SURFACE('',#5838,3.);
#5294=CYLINDRICAL_SURFACE('',#5844,3.);
#5295=CYLINDRICAL_SURFACE('',#5845,3.);
#5296=CYLINDRICAL_SURFACE('',#5846,3.);
#5297=CYLINDRICAL_SURFACE('',#5852,3.);
#5298=CYLINDRICAL_SURFACE('',#5853,3.);
#5299=CYLINDRICAL_SURFACE('',#5858,3.);
#5300=CYLINDRICAL_SURFACE('',#5860,2.);
#5301=CYLINDRICAL_SURFACE('',#5862,2.);
#5302=CYLINDRICAL_SURFACE('',#5864,2.);
#5303=CYLINDRICAL_SURFACE('',#5866,2.);
#5304=CYLINDRICAL_SURFACE('',#5868,2.);
#5305=CYLINDRICAL_SURFACE('',#5870,2.);
#5306=CYLINDRICAL_SURFACE('',#5872,2.);
#5307=CYLINDRICAL_SURFACE('',#5880,2.);
#5308=CYLINDRICAL_SURFACE('',#5885,2.);
#5309=CYLINDRICAL_SURFACE('',#5888,2.);
#5310=CYLINDRICAL_SURFACE('',#5890,2.);
#5311=CYLINDRICAL_SURFACE('',#5894,2.);
#5312=CYLINDRICAL_SURFACE('',#5935,1.);
#5313=CYLINDRICAL_SURFACE('',#5938,2.5);
#5314=CYLINDRICAL_SURFACE('',#5955,1.);
#5315=CYLINDRICAL_SURFACE('',#5958,1.);
#5316=CYLINDRICAL_SURFACE('',#5972,1.);
#5317=CYLINDRICAL_SURFACE('',#5973,2.5);
#5318=CYLINDRICAL_SURFACE('',#5974,1.);
#5319=CYLINDRICAL_SURFACE('',#5976,1.);
#5320=CYLINDRICAL_SURFACE('',#5977,1.);
#5321=CYLINDRICAL_SURFACE('',#5995,1.);
#5322=CYLINDRICAL_SURFACE('',#5997,1.);
#5323=CYLINDRICAL_SURFACE('',#5999,1.);
#5324=CYLINDRICAL_SURFACE('',#6000,2.5);
#5325=CYLINDRICAL_SURFACE('',#6001,1.);
#5326=CYLINDRICAL_SURFACE('',#6002,1.);
#5327=CYLINDRICAL_SURFACE('',#6004,2.);
#5328=CYLINDRICAL_SURFACE('',#6008,2.);
#5329=CYLINDRICAL_SURFACE('',#6012,2.);
#5330=CYLINDRICAL_SURFACE('',#6016,2.);
#5331=CYLINDRICAL_SURFACE('',#6020,2.);
#5332=CYLINDRICAL_SURFACE('',#6022,2.);
#5333=CYLINDRICAL_SURFACE('',#6027,2.);
#5334=CYLINDRICAL_SURFACE('',#6031,2.);
#5335=CYLINDRICAL_SURFACE('',#6042,2.);
#5336=CYLINDRICAL_SURFACE('',#6055,2.);
#5337=CYLINDRICAL_SURFACE('',#6062,2.);
#5338=CYLINDRICAL_SURFACE('',#6065,2.);
#5339=CYLINDRICAL_SURFACE('',#6067,2.);
#5340=CYLINDRICAL_SURFACE('',#6070,2.);
#5341=CYLINDRICAL_SURFACE('',#6073,2.);
#5342=CYLINDRICAL_SURFACE('',#6075,2.);
#5343=CYLINDRICAL_SURFACE('',#6077,2.);
#5344=CYLINDRICAL_SURFACE('',#6089,2.);
#5345=CYLINDRICAL_SURFACE('',#6092,2.);
#5346=CYLINDRICAL_SURFACE('',#6095,2.);
#5347=CYLINDRICAL_SURFACE('',#6097,2.);
#5348=CYLINDRICAL_SURFACE('',#6099,2.);
#5349=CYLINDRICAL_SURFACE('',#6104,2.);
#5350=CYLINDRICAL_SURFACE('',#6106,2.);
#5351=CYLINDRICAL_SURFACE('',#6109,2.);
#5352=CYLINDRICAL_SURFACE('',#6112,2.);
#5353=CYLINDRICAL_SURFACE('',#6115,2.);
#5354=CYLINDRICAL_SURFACE('',#6117,2.);
#5355=CYLINDRICAL_SURFACE('',#6134,2.);
#5356=CYLINDRICAL_SURFACE('',#6136,2.);
#5357=CYLINDRICAL_SURFACE('',#6144,2.);
#5358=CYLINDRICAL_SURFACE('',#6149,20.);
#5359=CYLINDRICAL_SURFACE('',#6153,2.);
#5360=CYLINDRICAL_SURFACE('',#6156,2.);
#5361=CYLINDRICAL_SURFACE('',#6159,2.);
#5362=CYLINDRICAL_SURFACE('',#6168,2.);
#5363=CYLINDRICAL_SURFACE('',#6176,2.);
#5364=CYLINDRICAL_SURFACE('',#6180,2.);
#5365=CYLINDRICAL_SURFACE('',#6183,2.);
#5366=CYLINDRICAL_SURFACE('',#6190,2.);
#5367=CYLINDRICAL_SURFACE('',#6191,2.);
#5368=CYLINDRICAL_SURFACE('',#6193,2.);
#5369=CYLINDRICAL_SURFACE('',#6194,3.);
#5370=CYLINDRICAL_SURFACE('',#6195,20.);
#5371=CYLINDRICAL_SURFACE('',#6197,3.);
#5372=CYLINDRICAL_SURFACE('',#6201,3.);
#5373=CYLINDRICAL_SURFACE('',#6202,3.);
#5374=CYLINDRICAL_SURFACE('',#6203,5.);
#5375=CYLINDRICAL_SURFACE('',#6205,5.);
#5376=CYLINDRICAL_SURFACE('',#6208,2.);
#5377=CYLINDRICAL_SURFACE('',#6210,2.);
#5378=CYLINDRICAL_SURFACE('',#6211,2.);
#5379=CYLINDRICAL_SURFACE('',#6213,2.);
#5380=CYLINDRICAL_SURFACE('',#6215,1.);
#5381=CYLINDRICAL_SURFACE('',#6216,12.5);
#5382=CYLINDRICAL_SURFACE('',#6217,1.);
#5383=CYLINDRICAL_SURFACE('',#6218,1.);
#5384=CYLINDRICAL_SURFACE('',#6219,12.5);
#5385=CYLINDRICAL_SURFACE('',#6220,1.);
#5386=CYLINDRICAL_SURFACE('',#6221,1.);
#5387=CYLINDRICAL_SURFACE('',#6223,2.15);
#5388=CYLINDRICAL_SURFACE('',#6264,1.);
#5389=CYLINDRICAL_SURFACE('',#6266,1.);
#5390=CYLINDRICAL_SURFACE('',#6267,2.15);
#5391=CYLINDRICAL_SURFACE('',#6268,1.);
#5392=CYLINDRICAL_SURFACE('',#6269,1.);
#5393=CYLINDRICAL_SURFACE('',#6270,2.15);
#5394=CYLINDRICAL_SURFACE('',#6271,1.);
#5395=CYLINDRICAL_SURFACE('',#6272,1.);
#5396=CYLINDRICAL_SURFACE('',#6273,2.15);
#5397=CYLINDRICAL_SURFACE('',#6274,1.);
#5398=CYLINDRICAL_SURFACE('',#6276,1.);
#5399=CYLINDRICAL_SURFACE('',#6277,2.15);
#5400=CYLINDRICAL_SURFACE('',#6278,1.);
#5401=CYLINDRICAL_SURFACE('',#6279,1.);
#5402=CYLINDRICAL_SURFACE('',#6280,2.15);
#5403=CYLINDRICAL_SURFACE('',#6281,1.);
#5404=CYLINDRICAL_SURFACE('',#6282,1.);
#5405=CYLINDRICAL_SURFACE('',#6283,2.15);
#5406=CYLINDRICAL_SURFACE('',#6284,1.);
#5407=CYLINDRICAL_SURFACE('',#6285,1.);
#5408=CYLINDRICAL_SURFACE('',#6286,2.15);
#5409=CYLINDRICAL_SURFACE('',#6287,1.);
#5410=CYLINDRICAL_SURFACE('',#6288,4.);
#5411=CYLINDRICAL_SURFACE('',#6293,4.);
#5412=CYLINDRICAL_SURFACE('',#6295,4.);
#5413=CYLINDRICAL_SURFACE('',#6299,4.);
#5414=CYLINDRICAL_SURFACE('',#6302,4.);
#5415=CYLINDRICAL_SURFACE('',#6305,4.);
#5416=CYLINDRICAL_SURFACE('',#6310,4.);
#5417=CYLINDRICAL_SURFACE('',#6311,4.);
#5418=CYLINDRICAL_SURFACE('',#6317,2.);
#5419=CYLINDRICAL_SURFACE('',#6319,2.);
#5420=CYLINDRICAL_SURFACE('',#6321,2.);
#5421=CYLINDRICAL_SURFACE('',#6323,2.);
#5422=CYLINDRICAL_SURFACE('',#6325,2.);
#5423=CYLINDRICAL_SURFACE('',#6327,2.);
#5424=CYLINDRICAL_SURFACE('',#6329,2.);
#5425=CYLINDRICAL_SURFACE('',#6331,2.);
#5426=CYLINDRICAL_SURFACE('',#6340,1.);
#5427=CYLINDRICAL_SURFACE('',#6342,1.00000000000016);
#5428=CYLINDRICAL_SURFACE('',#6345,1.00000000000001);
#5429=CYLINDRICAL_SURFACE('',#6348,1.00000000000016);
#5430=CYLINDRICAL_SURFACE('',#6350,1.);
#5431=CYLINDRICAL_SURFACE('',#6353,1.0000002533199);
#5432=CYLINDRICAL_SURFACE('',#6355,1.00000000000001);
#5433=CYLINDRICAL_SURFACE('',#6358,1.0000002533199);
#5434=CYLINDRICAL_SURFACE('',#6360,1.5);
#5435=CYLINDRICAL_SURFACE('',#6361,1.5);
#5436=CYLINDRICAL_SURFACE('',#6362,1.5);
#5437=CYLINDRICAL_SURFACE('',#6363,1.5);
#5438=CYLINDRICAL_SURFACE('',#6371,1.75);
#5439=CYLINDRICAL_SURFACE('',#6373,1.75000000000001);
#5440=CYLINDRICAL_SURFACE('',#6374,2.5);
#5441=CYLINDRICAL_SURFACE('',#6375,1.75);
#5442=CYLINDRICAL_SURFACE('',#6378,1.75000000000001);
#5443=CYLINDRICAL_SURFACE('',#6380,2.);
#5444=CYLINDRICAL_SURFACE('',#6381,2.);
#5445=CYLINDRICAL_SURFACE('',#6385,1.75);
#5446=CYLINDRICAL_SURFACE('',#6387,1.75000000000001);
#5447=CYLINDRICAL_SURFACE('',#6390,1.75);
#5448=CYLINDRICAL_SURFACE('',#6393,1.75000000000001);
#5449=CYLINDRICAL_SURFACE('',#6397,2.);
#5450=CYLINDRICAL_SURFACE('',#6398,2.);
#5451=ADVANCED_FACE('',(#254),#5288,.T.);
#5452=ADVANCED_FACE('',(#255),#236,.F.);
#5453=ADVANCED_FACE('',(#256),#5289,.T.);
#5454=ADVANCED_FACE('',(#257,#62,#63),#92,.F.);
#5455=ADVANCED_FACE('',(#258,#64,#65,#66,#67,#68),#93,.F.);
#5456=ADVANCED_FACE('',(#259),#5290,.T.);
#5457=ADVANCED_FACE('',(#260),#237,.F.);
#5458=ADVANCED_FACE('',(#261),#94,.T.);
#5459=ADVANCED_FACE('',(#262),#238,.T.);
#5460=ADVANCED_FACE('',(#263),#239,.T.);
#5461=ADVANCED_FACE('',(#264),#240,.T.);
#5462=ADVANCED_FACE('',(#265),#241,.T.);
#5463=ADVANCED_FACE('',(#266),#5291,.F.);
#5464=ADVANCED_FACE('',(#267),#242,.T.);
#5465=ADVANCED_FACE('',(#268),#5292,.F.);
#5466=ADVANCED_FACE('',(#269),#5293,.F.);
#5467=ADVANCED_FACE('',(#270),#25,.F.);
#5468=ADVANCED_FACE('',(#271),#5294,.F.);
#5469=ADVANCED_FACE('',(#272),#5295,.F.);
#5470=ADVANCED_FACE('',(#273),#5296,.F.);
#5471=ADVANCED_FACE('',(#274),#26,.F.);
#5472=ADVANCED_FACE('',(#275),#5297,.F.);
#5473=ADVANCED_FACE('',(#276),#5298,.F.);
#5474=ADVANCED_FACE('',(#277),#243,.T.);
#5475=ADVANCED_FACE('',(#278),#5299,.F.);
#5476=ADVANCED_FACE('',(#279),#95,.T.);
#5477=ADVANCED_FACE('',(#280),#5300,.F.);
#5478=ADVANCED_FACE('',(#281),#96,.T.);
#5479=ADVANCED_FACE('',(#282),#5301,.T.);
#5480=ADVANCED_FACE('',(#283),#97,.T.);
#5481=ADVANCED_FACE('',(#284),#5302,.F.);
#5482=ADVANCED_FACE('',(#285),#98,.T.);
#5483=ADVANCED_FACE('',(#286),#5303,.F.);
#5484=ADVANCED_FACE('',(#287),#99,.F.);
#5485=ADVANCED_FACE('',(#288),#5304,.T.);
#5486=ADVANCED_FACE('',(#289),#100,.F.);
#5487=ADVANCED_FACE('',(#290),#5305,.F.);
#5488=ADVANCED_FACE('',(#291),#101,.F.);
#5489=ADVANCED_FACE('',(#292),#5306,.T.);
#5490=ADVANCED_FACE('',(#293),#27,.T.);
#5491=ADVANCED_FACE('',(#294),#102,.F.);
#5492=ADVANCED_FACE('',(#295),#103,.F.);
#5493=ADVANCED_FACE('',(#296),#5307,.T.);
#5494=ADVANCED_FACE('',(#297),#28,.T.);
#5495=ADVANCED_FACE('',(#298),#5308,.F.);
#5496=ADVANCED_FACE('',(#299),#104,.T.);
#5497=ADVANCED_FACE('',(#300),#5309,.F.);
#5498=ADVANCED_FACE('',(#301),#5310,.F.);
#5499=ADVANCED_FACE('',(#302),#15,.F.);
#5500=ADVANCED_FACE('',(#303),#5311,.F.);
#5501=ADVANCED_FACE('',(#304),#16,.F.);
#5502=ADVANCED_FACE('',(#305,#69,#70,#71,#72),#105,.F.);
#5503=ADVANCED_FACE('',(#306),#5312,.T.);
#5504=ADVANCED_FACE('',(#307),#5313,.F.);
#5505=ADVANCED_FACE('',(#308,#73,#74),#106,.T.);
#5506=ADVANCED_FACE('',(#309),#5314,.T.);
#5507=ADVANCED_FACE('',(#310),#107,.F.);
#5508=ADVANCED_FACE('',(#311),#5315,.T.);
#5509=ADVANCED_FACE('',(#312,#75,#76),#108,.T.);
#5510=ADVANCED_FACE('',(#313),#5316,.T.);
#5511=ADVANCED_FACE('',(#314),#5317,.F.);
#5512=ADVANCED_FACE('',(#315),#5318,.T.);
#5513=ADVANCED_FACE('',(#316),#109,.F.);
#5514=ADVANCED_FACE('',(#317),#5319,.T.);
#5515=ADVANCED_FACE('',(#318),#5320,.T.);
#5516=ADVANCED_FACE('',(#319),#110,.T.);
#5517=ADVANCED_FACE('',(#320,#77,#78),#111,.F.);
#5518=ADVANCED_FACE('',(#321),#5321,.T.);
#5519=ADVANCED_FACE('',(#322),#112,.T.);
#5520=ADVANCED_FACE('',(#323),#5322,.T.);
#5521=ADVANCED_FACE('',(#324),#113,.T.);
#5522=ADVANCED_FACE('',(#325),#5323,.T.);
#5523=ADVANCED_FACE('',(#326),#5324,.F.);
#5524=ADVANCED_FACE('',(#327),#5325,.T.);
#5525=ADVANCED_FACE('',(#328),#5326,.T.);
#5526=ADVANCED_FACE('',(#329),#114,.T.);
#5527=ADVANCED_FACE('',(#330),#5327,.F.);
#5528=ADVANCED_FACE('',(#331),#115,.F.);
#5529=ADVANCED_FACE('',(#332),#5328,.F.);
#5530=ADVANCED_FACE('',(#333),#116,.F.);
#5531=ADVANCED_FACE('',(#334),#5329,.F.);
#5532=ADVANCED_FACE('',(#335),#117,.F.);
#5533=ADVANCED_FACE('',(#336),#5330,.F.);
#5534=ADVANCED_FACE('',(#337),#118,.F.);
#5535=ADVANCED_FACE('',(#338),#5331,.T.);
#5536=ADVANCED_FACE('',(#339),#5332,.T.);
#5537=ADVANCED_FACE('',(#340),#17,.T.);
#5538=ADVANCED_FACE('',(#341),#5333,.T.);
#5539=ADVANCED_FACE('',(#342),#18,.T.);
#5540=ADVANCED_FACE('',(#343),#5334,.T.);
#5541=ADVANCED_FACE('',(#344,#79),#119,.T.);
#5542=ADVANCED_FACE('',(#345),#5335,.T.);
#5543=ADVANCED_FACE('',(#346),#120,.T.);
#5544=ADVANCED_FACE('',(#347),#121,.T.);
#5545=ADVANCED_FACE('',(#348),#122,.T.);
#5546=ADVANCED_FACE('',(#349),#123,.T.);
#5547=ADVANCED_FACE('',(#350),#5336,.T.);
#5548=ADVANCED_FACE('',(#351),#19,.T.);
#5549=ADVANCED_FACE('',(#352),#20,.T.);
#5550=ADVANCED_FACE('',(#353),#5337,.T.);
#5551=ADVANCED_FACE('',(#354),#124,.T.);
#5552=ADVANCED_FACE('',(#355),#5338,.T.);
#5553=ADVANCED_FACE('',(#356),#5339,.F.);
#5554=ADVANCED_FACE('',(#357),#125,.F.);
#5555=ADVANCED_FACE('',(#358),#5340,.F.);
#5556=ADVANCED_FACE('',(#359),#126,.F.);
#5557=ADVANCED_FACE('',(#360),#5341,.F.);
#5558=ADVANCED_FACE('',(#361),#5342,.F.);
#5559=ADVANCED_FACE('',(#362),#5343,.F.);
#5560=ADVANCED_FACE('',(#363),#21,.F.);
#5561=ADVANCED_FACE('',(#364,#80),#127,.F.);
#5562=ADVANCED_FACE('',(#365),#5344,.F.);
#5563=ADVANCED_FACE('',(#366),#5345,.F.);
#5564=ADVANCED_FACE('',(#367),#128,.F.);
#5565=ADVANCED_FACE('',(#368),#5346,.F.);
#5566=ADVANCED_FACE('',(#369),#5347,.F.);
#5567=ADVANCED_FACE('',(#370),#5348,.F.);
#5568=ADVANCED_FACE('',(#371),#22,.F.);
#5569=ADVANCED_FACE('',(#372),#129,.T.);
#5570=ADVANCED_FACE('',(#373),#5349,.F.);
#5571=ADVANCED_FACE('',(#374),#5350,.F.);
#5572=ADVANCED_FACE('',(#375),#130,.T.);
#5573=ADVANCED_FACE('',(#376),#5351,.F.);
#5574=ADVANCED_FACE('',(#377),#131,.T.);
#5575=ADVANCED_FACE('',(#378),#5352,.F.);
#5576=ADVANCED_FACE('',(#379),#132,.T.);
#5577=ADVANCED_FACE('',(#380),#5353,.F.);
#5578=ADVANCED_FACE('',(#381),#5354,.F.);
#5579=ADVANCED_FACE('',(#382),#133,.F.);
#5580=ADVANCED_FACE('',(#383),#244,.F.);
#5581=ADVANCED_FACE('',(#384),#29,.T.);
#5582=ADVANCED_FACE('',(#385),#30,.T.);
#5583=ADVANCED_FACE('',(#386),#245,.F.);
#5584=ADVANCED_FACE('',(#387),#31,.T.);
#5585=ADVANCED_FACE('',(#388),#5355,.T.);
#5586=ADVANCED_FACE('',(#389),#5356,.T.);
#5587=ADVANCED_FACE('',(#390),#23,.T.);
#5588=ADVANCED_FACE('',(#391),#24,.T.);
#5589=ADVANCED_FACE('',(#392),#5357,.T.);
#5590=ADVANCED_FACE('',(#393),#32,.T.);
#5591=ADVANCED_FACE('',(#394),#5358,.T.);
#5592=ADVANCED_FACE('',(#395),#134,.F.);
#5593=ADVANCED_FACE('',(#396),#135,.F.);
#5594=ADVANCED_FACE('',(#397),#5359,.F.);
#5595=ADVANCED_FACE('',(#398),#136,.F.);
#5596=ADVANCED_FACE('',(#399),#5360,.T.);
#5597=ADVANCED_FACE('',(#400),#137,.F.);
#5598=ADVANCED_FACE('',(#401),#5361,.F.);
#5599=ADVANCED_FACE('',(#402,#81),#138,.T.);
#5600=ADVANCED_FACE('',(#403),#139,.T.);
#5601=ADVANCED_FACE('',(#404),#5362,.T.);
#5602=ADVANCED_FACE('',(#405),#140,.T.);
#5603=ADVANCED_FACE('',(#406,#82),#141,.T.);
#5604=ADVANCED_FACE('',(#407),#5363,.T.);
#5605=ADVANCED_FACE('',(#408),#142,.F.);
#5606=ADVANCED_FACE('',(#409),#5364,.F.);
#5607=ADVANCED_FACE('',(#410),#143,.F.);
#5608=ADVANCED_FACE('',(#411),#5365,.F.);
#5609=ADVANCED_FACE('',(#412,#83,#84),#144,.T.);
#5610=ADVANCED_FACE('',(#413),#5366,.T.);
#5611=ADVANCED_FACE('',(#414),#5367,.F.);
#5612=ADVANCED_FACE('',(#415),#145,.T.);
#5613=ADVANCED_FACE('',(#416),#5368,.F.);
#5614=ADVANCED_FACE('',(#417),#5369,.T.);
#5615=ADVANCED_FACE('',(#418),#5370,.T.);
#5616=ADVANCED_FACE('',(#419),#5371,.T.);
#5617=ADVANCED_FACE('',(#420),#146,.T.);
#5618=ADVANCED_FACE('',(#421),#5372,.T.);
#5619=ADVANCED_FACE('',(#422),#5373,.T.);
#5620=ADVANCED_FACE('',(#423),#5374,.F.);
#5621=ADVANCED_FACE('',(#424),#5375,.F.);
#5622=ADVANCED_FACE('',(#425),#147,.F.);
#5623=ADVANCED_FACE('',(#426),#148,.T.);
#5624=ADVANCED_FACE('',(#427),#5376,.F.);
#5625=ADVANCED_FACE('',(#428),#149,.T.);
#5626=ADVANCED_FACE('',(#429),#5377,.F.);
#5627=ADVANCED_FACE('',(#430),#5378,.F.);
#5628=ADVANCED_FACE('',(#431),#5379,.F.);
#5629=ADVANCED_FACE('',(#432),#5380,.T.);
#5630=ADVANCED_FACE('',(#433),#5381,.F.);
#5631=ADVANCED_FACE('',(#434),#5382,.T.);
#5632=ADVANCED_FACE('',(#435),#5383,.T.);
#5633=ADVANCED_FACE('',(#436),#5384,.F.);
#5634=ADVANCED_FACE('',(#437),#5385,.T.);
#5635=ADVANCED_FACE('',(#438),#5386,.T.);
#5636=ADVANCED_FACE('',(#439),#5387,.F.);
#5637=ADVANCED_FACE('',(#440,#85,#86,#87,#88,#89),#150,.T.);
#5638=ADVANCED_FACE('',(#441),#5388,.T.);
#5639=ADVANCED_FACE('',(#442),#151,.F.);
#5640=ADVANCED_FACE('',(#443),#5389,.T.);
#5641=ADVANCED_FACE('',(#444),#5390,.F.);
#5642=ADVANCED_FACE('',(#445),#5391,.T.);
#5643=ADVANCED_FACE('',(#446),#5392,.T.);
#5644=ADVANCED_FACE('',(#447),#5393,.F.);
#5645=ADVANCED_FACE('',(#448),#5394,.T.);
#5646=ADVANCED_FACE('',(#449),#5395,.T.);
#5647=ADVANCED_FACE('',(#450),#5396,.F.);
#5648=ADVANCED_FACE('',(#451),#5397,.T.);
#5649=ADVANCED_FACE('',(#452),#152,.F.);
#5650=ADVANCED_FACE('',(#453),#5398,.T.);
#5651=ADVANCED_FACE('',(#454),#5399,.F.);
#5652=ADVANCED_FACE('',(#455),#5400,.T.);
#5653=ADVANCED_FACE('',(#456),#5401,.T.);
#5654=ADVANCED_FACE('',(#457),#5402,.F.);
#5655=ADVANCED_FACE('',(#458),#5403,.T.);
#5656=ADVANCED_FACE('',(#459),#5404,.T.);
#5657=ADVANCED_FACE('',(#460),#5405,.F.);
#5658=ADVANCED_FACE('',(#461),#5406,.T.);
#5659=ADVANCED_FACE('',(#462),#5407,.T.);
#5660=ADVANCED_FACE('',(#463),#5408,.F.);
#5661=ADVANCED_FACE('',(#464),#5409,.T.);
#5662=ADVANCED_FACE('',(#465),#5410,.F.);
#5663=ADVANCED_FACE('',(#466),#246,.T.);
#5664=ADVANCED_FACE('',(#467),#247,.T.);
#5665=ADVANCED_FACE('',(#468),#5411,.F.);
#5666=ADVANCED_FACE('',(#469),#5412,.F.);
#5667=ADVANCED_FACE('',(#470),#248,.T.);
#5668=ADVANCED_FACE('',(#471),#249,.T.);
#5669=ADVANCED_FACE('',(#472),#5413,.F.);
#5670=ADVANCED_FACE('',(#473),#250,.F.);
#5671=ADVANCED_FACE('',(#474),#5414,.T.);
#5672=ADVANCED_FACE('',(#475),#251,.F.);
#5673=ADVANCED_FACE('',(#476),#5415,.T.);
#5674=ADVANCED_FACE('',(#477),#252,.F.);
#5675=ADVANCED_FACE('',(#478),#253,.F.);
#5676=ADVANCED_FACE('',(#479),#5416,.T.);
#5677=ADVANCED_FACE('',(#480),#5417,.T.);
#5678=ADVANCED_FACE('',(#481,#90),#153,.T.);
#5679=ADVANCED_FACE('',(#482),#5418,.F.);
#5680=ADVANCED_FACE('',(#483),#154,.T.);
#5681=ADVANCED_FACE('',(#484),#5419,.F.);
#5682=ADVANCED_FACE('',(#485),#155,.T.);
#5683=ADVANCED_FACE('',(#486),#5420,.F.);
#5684=ADVANCED_FACE('',(#487),#156,.T.);
#5685=ADVANCED_FACE('',(#488),#5421,.F.);
#5686=ADVANCED_FACE('',(#489),#157,.T.);
#5687=ADVANCED_FACE('',(#490),#5422,.F.);
#5688=ADVANCED_FACE('',(#491),#158,.F.);
#5689=ADVANCED_FACE('',(#492),#5423,.F.);
#5690=ADVANCED_FACE('',(#493),#159,.F.);
#5691=ADVANCED_FACE('',(#494),#5424,.F.);
#5692=ADVANCED_FACE('',(#495),#160,.F.);
#5693=ADVANCED_FACE('',(#496),#5425,.F.);
#5694=ADVANCED_FACE('',(#497),#161,.F.);
#5695=ADVANCED_FACE('',(#498),#162,.T.);
#5696=ADVANCED_FACE('',(#499),#163,.F.);
#5697=ADVANCED_FACE('',(#500),#164,.F.);
#5698=ADVANCED_FACE('',(#501),#165,.T.);
#5699=ADVANCED_FACE('',(#502),#166,.T.);
#5700=ADVANCED_FACE('',(#503),#167,.F.);
#5701=ADVANCED_FACE('',(#504),#168,.F.);
#5702=ADVANCED_FACE('',(#505),#5426,.F.);
#5703=ADVANCED_FACE('',(#506),#169,.F.);
#5704=ADVANCED_FACE('',(#507),#5427,.F.);
#5705=ADVANCED_FACE('',(#508),#170,.F.);
#5706=ADVANCED_FACE('',(#509),#171,.F.);
#5707=ADVANCED_FACE('',(#510),#5428,.F.);
#5708=ADVANCED_FACE('',(#511),#172,.F.);
#5709=ADVANCED_FACE('',(#512),#173,.F.);
#5710=ADVANCED_FACE('',(#513),#5429,.F.);
#5711=ADVANCED_FACE('',(#514),#174,.F.);
#5712=ADVANCED_FACE('',(#515),#5430,.F.);
#5713=ADVANCED_FACE('',(#516),#175,.F.);
#5714=ADVANCED_FACE('',(#517),#176,.F.);
#5715=ADVANCED_FACE('',(#518),#5431,.F.);
#5716=ADVANCED_FACE('',(#519),#177,.F.);
#5717=ADVANCED_FACE('',(#520),#5432,.F.);
#5718=ADVANCED_FACE('',(#521),#178,.F.);
#5719=ADVANCED_FACE('',(#522),#179,.F.);
#5720=ADVANCED_FACE('',(#523),#5433,.F.);
#5721=ADVANCED_FACE('',(#524),#180,.F.);
#5722=ADVANCED_FACE('',(#525),#5434,.F.);
#5723=ADVANCED_FACE('',(#526),#5435,.F.);
#5724=ADVANCED_FACE('',(#527),#5436,.F.);
#5725=ADVANCED_FACE('',(#528),#5437,.F.);
#5726=ADVANCED_FACE('',(#529,#91),#181,.T.);
#5727=ADVANCED_FACE('',(#530),#182,.T.);
#5728=ADVANCED_FACE('',(#531),#183,.T.);
#5729=ADVANCED_FACE('',(#532),#184,.T.);
#5730=ADVANCED_FACE('',(#533),#185,.T.);
#5731=ADVANCED_FACE('',(#534),#186,.F.);
#5732=ADVANCED_FACE('',(#535),#5438,.F.);
#5733=ADVANCED_FACE('',(#536),#187,.T.);
#5734=ADVANCED_FACE('',(#537),#5439,.F.);
#5735=ADVANCED_FACE('',(#538),#5440,.F.);
#5736=ADVANCED_FACE('',(#539),#5441,.F.);
#5737=ADVANCED_FACE('',(#540),#188,.T.);
#5738=ADVANCED_FACE('',(#541),#189,.T.);
#5739=ADVANCED_FACE('',(#542),#5442,.F.);
#5740=ADVANCED_FACE('',(#543),#190,.T.);
#5741=ADVANCED_FACE('',(#544),#5443,.F.);
#5742=ADVANCED_FACE('',(#545),#5444,.F.);
#5743=ADVANCED_FACE('',(#546),#191,.F.);
#5744=ADVANCED_FACE('',(#547),#192,.T.);
#5745=ADVANCED_FACE('',(#548),#193,.T.);
#5746=ADVANCED_FACE('',(#549),#5445,.F.);
#5747=ADVANCED_FACE('',(#550),#194,.F.);
#5748=ADVANCED_FACE('',(#551),#5446,.F.);
#5749=ADVANCED_FACE('',(#552),#195,.F.);
#5750=ADVANCED_FACE('',(#553),#196,.F.);
#5751=ADVANCED_FACE('',(#554),#5447,.F.);
#5752=ADVANCED_FACE('',(#555),#197,.F.);
#5753=ADVANCED_FACE('',(#556),#198,.F.);
#5754=ADVANCED_FACE('',(#557),#5448,.F.);
#5755=ADVANCED_FACE('',(#558),#199,.F.);
#5756=ADVANCED_FACE('',(#559),#200,.T.);
#5757=ADVANCED_FACE('',(#560),#201,.F.);
#5758=ADVANCED_FACE('',(#561),#5449,.F.);
#5759=ADVANCED_FACE('',(#562),#5450,.F.);
#5760=CLOSED_SHELL('',(#5451,#5452,#5453,#5454,#5455,#5456,#5457,#5458,
#5459,#5460,#5461,#5462,#5463,#5464,#5465,#5466,#5467,#5468,#5469,#5470,
#5471,#5472,#5473,#5474,#5475,#5476,#5477,#5478,#5479,#5480,#5481,#5482,
#5483,#5484,#5485,#5486,#5487,#5488,#5489,#5490,#5491,#5492,#5493,#5494,
#5495,#5496,#5497,#5498,#5499,#5500,#5501,#5502,#5503,#5504,#5505,#5506,
#5507,#5508,#5509,#5510,#5511,#5512,#5513,#5514,#5515,#5516,#5517,#5518,
#5519,#5520,#5521,#5522,#5523,#5524,#5525,#5526,#5527,#5528,#5529,#5530,
#5531,#5532,#5533,#5534,#5535,#5536,#5537,#5538,#5539,#5540,#5541,#5542,
#5543,#5544,#5545,#5546,#5547,#5548,#5549,#5550,#5551,#5552,#5553,#5554,
#5555,#5556,#5557,#5558,#5559,#5560,#5561,#5562,#5563,#5564,#5565,#5566,
#5567,#5568,#5569,#5570,#5571,#5572,#5573,#5574,#5575,#5576,#5577,#5578,
#5579,#5580,#5581,#5582,#5583,#5584,#5585,#5586,#5587,#5588,#5589,#5590,
#5591,#5592,#5593,#5594,#5595,#5596,#5597,#5598,#5599,#5600,#5601,#5602,
#5603,#5604,#5605,#5606,#5607,#5608,#5609,#5610,#5611,#5612,#5613,#5614,
#5615,#5616,#5617,#5618,#5619,#5620,#5621,#5622,#5623,#5624,#5625,#5626,
#5627,#5628,#5629,#5630,#5631,#5632,#5633,#5634,#5635,#5636,#5637,#5638,
#5639,#5640,#5641,#5642,#5643,#5644,#5645,#5646,#5647,#5648,#5649,#5650,
#5651,#5652,#5653,#5654,#5655,#5656,#5657,#5658,#5659,#5660,#5661,#5662,
#5663,#5664,#5665,#5666,#5667,#5668,#5669,#5670,#5671,#5672,#5673,#5674,
#5675,#5676,#5677,#5678,#5679,#5680,#5681,#5682,#5683,#5684,#5685,#5686,
#5687,#5688,#5689,#5690,#5691,#5692,#5693,#5694,#5695,#5696,#5697,#5698,
#5699,#5700,#5701,#5702,#5703,#5704,#5705,#5706,#5707,#5708,#5709,#5710,
#5711,#5712,#5713,#5714,#5715,#5716,#5717,#5718,#5719,#5720,#5721,#5722,
#5723,#5724,#5725,#5726,#5727,#5728,#5729,#5730,#5731,#5732,#5733,#5734,
#5735,#5736,#5737,#5738,#5739,#5740,#5741,#5742,#5743,#5744,#5745,#5746,
#5747,#5748,#5749,#5750,#5751,#5752,#5753,#5754,#5755,#5756,#5757,#5758,
#5759));
#5761=DERIVED_UNIT_ELEMENT(#5763,1.);
#5762=DERIVED_UNIT_ELEMENT(#10629,-3.);
#5763=(
MASS_UNIT()
NAMED_UNIT(*)
SI_UNIT(.KILO.,.GRAM.)
);
#5764=DERIVED_UNIT((#5761,#5762));
#5765=MEASURE_REPRESENTATION_ITEM('density measure',
POSITIVE_RATIO_MEASURE(7850.),#5764);
#5766=PROPERTY_DEFINITION_REPRESENTATION(#5771,#5768);
#5767=PROPERTY_DEFINITION_REPRESENTATION(#5772,#5769);
#5768=REPRESENTATION('material name',(#5770),#10626);
#5769=REPRESENTATION('density',(#5765),#10626);
#5770=DESCRIPTIVE_REPRESENTATION_ITEM('Steel','Steel');
#5771=PROPERTY_DEFINITION('material property','material name',#10636);
#5772=PROPERTY_DEFINITION('material property','density of part',#10636);
#5773=AXIS2_PLACEMENT_3D('',#8139,#6399,#6400);
#5774=AXIS2_PLACEMENT_3D('',#8140,#6401,#6402);
#5775=AXIS2_PLACEMENT_3D('',#8143,#6403,#6404);
#5776=AXIS2_PLACEMENT_3D('',#8147,#6406,#6407);
#5777=AXIS2_PLACEMENT_3D('',#8187,#6409,#6410);
#5778=AXIS2_PLACEMENT_3D('',#8202,#6412,#6413);
#5779=AXIS2_PLACEMENT_3D('',#8217,#6416,#6417);
#5780=AXIS2_PLACEMENT_3D('',#8221,#6419,#6420);
#5781=AXIS2_PLACEMENT_3D('',#8223,#6421,#6422);
#5782=AXIS2_PLACEMENT_3D('',#8225,#6423,#6424);
#5783=AXIS2_PLACEMENT_3D('',#8235,#6429,#6430);
#5784=AXIS2_PLACEMENT_3D('',#8237,#6431,#6432);
#5785=AXIS2_PLACEMENT_3D('',#8239,#6433,#6434);
#5786=AXIS2_PLACEMENT_3D('',#8243,#6436,#6437);
#5787=AXIS2_PLACEMENT_3D('',#8247,#6439,#6440);
#5788=AXIS2_PLACEMENT_3D('',#8251,#6442,#6443);
#5789=AXIS2_PLACEMENT_3D('',#8255,#6445,#6446);
#5790=AXIS2_PLACEMENT_3D('',#8259,#6448,#6449);
#5791=AXIS2_PLACEMENT_3D('',#8263,#6451,#6452);
#5792=AXIS2_PLACEMENT_3D('',#8267,#6454,#6455);
#5793=AXIS2_PLACEMENT_3D('',#8271,#6457,#6458);
#5794=AXIS2_PLACEMENT_3D('',#8272,#6459,#6460);
#5795=AXIS2_PLACEMENT_3D('',#8273,#6461,#6462);
#5796=AXIS2_PLACEMENT_3D('',#8281,#6466,#6467);
#5797=AXIS2_PLACEMENT_3D('',#8289,#6471,#6472);
#5798=AXIS2_PLACEMENT_3D('',#8293,#6474,#6475);
#5799=AXIS2_PLACEMENT_3D('',#8298,#6478,#6479);
#5800=AXIS2_PLACEMENT_3D('',#8300,#6480,#6481);
#5801=AXIS2_PLACEMENT_3D('',#8302,#6482,#6483);
#5802=AXIS2_PLACEMENT_3D('',#8304,#6484,#6485);
#5803=AXIS2_PLACEMENT_3D('',#8307,#6486,#6487);
#5804=AXIS2_PLACEMENT_3D('',#8311,#6489,#6490);
#5805=AXIS2_PLACEMENT_3D('',#8315,#6492,#6493);
#5806=AXIS2_PLACEMENT_3D('',#8319,#6495,#6496);
#5807=AXIS2_PLACEMENT_3D('',#8325,#6499,#6500);
#5808=AXIS2_PLACEMENT_3D('',#8329,#6502,#6503);
#5809=AXIS2_PLACEMENT_3D('',#8333,#6505,#6506);
#5810=AXIS2_PLACEMENT_3D('',#8337,#6508,#6509);
#5811=AXIS2_PLACEMENT_3D('',#8341,#6511,#6512);
#5812=AXIS2_PLACEMENT_3D('',#8345,#6514,#6515);
#5813=AXIS2_PLACEMENT_3D('',#8349,#6517,#6518);
#5814=AXIS2_PLACEMENT_3D('',#8353,#6520,#6521);
#5815=AXIS2_PLACEMENT_3D('',#8357,#6524,#6525);
#5816=AXIS2_PLACEMENT_3D('',#8361,#6527,#6528);
#5817=AXIS2_PLACEMENT_3D('',#8431,#6530,#6531);
#5818=AXIS2_PLACEMENT_3D('',#8432,#6532,#6533);
#5819=AXIS2_PLACEMENT_3D('',#8433,#6534,#6535);
#5820=AXIS2_PLACEMENT_3D('',#8482,#6539,#6540);
#5821=AXIS2_PLACEMENT_3D('',#8484,#6541,#6542);
#5822=AXIS2_PLACEMENT_3D('',#8485,#6543,#6544);
#5823=AXIS2_PLACEMENT_3D('',#8518,#6545,#6546);
#5824=AXIS2_PLACEMENT_3D('',#8520,#6547,#6548);
#5825=AXIS2_PLACEMENT_3D('',#8521,#6549,#6550);
#5826=AXIS2_PLACEMENT_3D('',#8554,#6551,#6552);
#5827=AXIS2_PLACEMENT_3D('',#8556,#6553,#6554);
#5828=AXIS2_PLACEMENT_3D('',#8557,#6555,#6556);
#5829=AXIS2_PLACEMENT_3D('',#8590,#6557,#6558);
#5830=AXIS2_PLACEMENT_3D('',#8592,#6559,#6560);
#5831=AXIS2_PLACEMENT_3D('',#8593,#6561,#6562);
#5832=AXIS2_PLACEMENT_3D('',#8594,#6563,#6564);
#5833=AXIS2_PLACEMENT_3D('',#8597,#6565,#6566);
#5834=AXIS2_PLACEMENT_3D('',#8637,#6569,#6570);
#5835=AXIS2_PLACEMENT_3D('',#8638,#6571,#6572);
#5836=AXIS2_PLACEMENT_3D('',#8639,#6573,#6574);
#5837=AXIS2_PLACEMENT_3D('',#8640,#6575,#6576);
#5838=AXIS2_PLACEMENT_3D('',#8643,#6579,#6580);
#5839=AXIS2_PLACEMENT_3D('',#8647,#6582,#6583);
#5840=AXIS2_PLACEMENT_3D('',#8649,#6585,#6586);
#5841=AXIS2_PLACEMENT_3D('',#8652,#6587,#6588);
#5842=AXIS2_PLACEMENT_3D('',#8653,#6589,#6590);
#5843=AXIS2_PLACEMENT_3D('',#8654,#6591,#6592);
#5844=AXIS2_PLACEMENT_3D('',#8655,#6593,#6594);
#5845=AXIS2_PLACEMENT_3D('',#8658,#6597,#6598);
#5846=AXIS2_PLACEMENT_3D('',#8661,#6601,#6602);
#5847=AXIS2_PLACEMENT_3D('',#8665,#6604,#6605);
#5848=AXIS2_PLACEMENT_3D('',#8667,#6607,#6608);
#5849=AXIS2_PLACEMENT_3D('',#8670,#6609,#6610);
#5850=AXIS2_PLACEMENT_3D('',#8671,#6611,#6612);
#5851=AXIS2_PLACEMENT_3D('',#8672,#6613,#6614);
#5852=AXIS2_PLACEMENT_3D('',#8673,#6615,#6616);
#5853=AXIS2_PLACEMENT_3D('',#8676,#6619,#6620);
#5854=AXIS2_PLACEMENT_3D('',#8680,#6622,#6623);
#5855=AXIS2_PLACEMENT_3D('',#8714,#6625,#6626);
#5856=AXIS2_PLACEMENT_3D('',#8715,#6627,#6628);
#5857=AXIS2_PLACEMENT_3D('',#8716,#6629,#6630);
#5858=AXIS2_PLACEMENT_3D('',#8717,#6631,#6632);
#5859=AXIS2_PLACEMENT_3D('',#8720,#6635,#6636);
#5860=AXIS2_PLACEMENT_3D('',#8722,#6638,#6639);
#5861=AXIS2_PLACEMENT_3D('',#8724,#6641,#6642);
#5862=AXIS2_PLACEMENT_3D('',#8726,#6644,#6645);
#5863=AXIS2_PLACEMENT_3D('',#8728,#6647,#6648);
#5864=AXIS2_PLACEMENT_3D('',#8730,#6650,#6651);
#5865=AXIS2_PLACEMENT_3D('',#8732,#6653,#6654);
#5866=AXIS2_PLACEMENT_3D('',#8734,#6656,#6657);
#5867=AXIS2_PLACEMENT_3D('',#8736,#6659,#6660);
#5868=AXIS2_PLACEMENT_3D('',#8738,#6662,#6663);
#5869=AXIS2_PLACEMENT_3D('',#8740,#6665,#6666);
#5870=AXIS2_PLACEMENT_3D('',#8742,#6668,#6669);
#5871=AXIS2_PLACEMENT_3D('',#8744,#6671,#6672);
#5872=AXIS2_PLACEMENT_3D('',#8745,#6673,#6674);
#5873=AXIS2_PLACEMENT_3D('',#8749,#6676,#6677);
#5874=AXIS2_PLACEMENT_3D('',#8751,#6679,#6680);
#5875=AXIS2_PLACEMENT_3D('',#8764,#6681,#6682);
#5876=AXIS2_PLACEMENT_3D('',#8765,#6683,#6684);
#5877=AXIS2_PLACEMENT_3D('',#8766,#6685,#6686);
#5878=AXIS2_PLACEMENT_3D('',#8770,#6688,#6689);
#5879=AXIS2_PLACEMENT_3D('',#8772,#6691,#6692);
#5880=AXIS2_PLACEMENT_3D('',#8776,#6695,#6696);
#5881=AXIS2_PLACEMENT_3D('',#8780,#6698,#6699);
#5882=AXIS2_PLACEMENT_3D('',#8782,#6701,#6702);
#5883=AXIS2_PLACEMENT_3D('',#8795,#6703,#6704);
#5884=AXIS2_PLACEMENT_3D('',#8796,#6705,#6706);
#5885=AXIS2_PLACEMENT_3D('',#8797,#6707,#6708);
#5886=AXIS2_PLACEMENT_3D('',#8801,#6710,#6711);
#5887=AXIS2_PLACEMENT_3D('',#8803,#6713,#6714);
#5888=AXIS2_PLACEMENT_3D('',#8805,#6716,#6717);
#5889=AXIS2_PLACEMENT_3D('',#8808,#6719,#6720);
#5890=AXIS2_PLACEMENT_3D('',#8809,#6721,#6722);
#5891=AXIS2_PLACEMENT_3D('',#8811,#6723,#6724);
#5892=AXIS2_PLACEMENT_3D('',#8813,#6726,#6727);
#5893=AXIS2_PLACEMENT_3D('',#8814,#6728,#6729);
#5894=AXIS2_PLACEMENT_3D('',#8815,#6730,#6731);
#5895=AXIS2_PLACEMENT_3D('',#8817,#6732,#6733);
#5896=AXIS2_PLACEMENT_3D('',#8819,#6735,#6736);
#5897=AXIS2_PLACEMENT_3D('',#8820,#6737,#6738);
#5898=AXIS2_PLACEMENT_3D('',#8821,#6739,#6740);
#5899=AXIS2_PLACEMENT_3D('',#8832,#6746,#6747);
#5900=AXIS2_PLACEMENT_3D('',#8836,#6749,#6750);
#5901=AXIS2_PLACEMENT_3D('',#8848,#6756,#6757);
#5902=AXIS2_PLACEMENT_3D('',#8852,#6759,#6760);
#5903=AXIS2_PLACEMENT_3D('',#8861,#6765,#6766);
#5904=AXIS2_PLACEMENT_3D('',#8863,#6767,#6768);
#5905=AXIS2_PLACEMENT_3D('',#8865,#6769,#6770);
#5906=AXIS2_PLACEMENT_3D('',#8869,#6772,#6773);
#5907=AXIS2_PLACEMENT_3D('',#8873,#6775,#6776);
#5908=AXIS2_PLACEMENT_3D('',#8875,#6777,#6778);
#5909=AXIS2_PLACEMENT_3D('',#8877,#6779,#6780);
#5910=AXIS2_PLACEMENT_3D('',#8881,#6782,#6783);
#5911=AXIS2_PLACEMENT_3D('',#8885,#6785,#6786);
#5912=AXIS2_PLACEMENT_3D('',#8889,#6788,#6789);
#5913=AXIS2_PLACEMENT_3D('',#8893,#6791,#6792);
#5914=AXIS2_PLACEMENT_3D('',#8895,#6793,#6794);
#5915=AXIS2_PLACEMENT_3D('',#8897,#6795,#6796);
#5916=AXIS2_PLACEMENT_3D('',#8901,#6798,#6799);
#5917=AXIS2_PLACEMENT_3D('',#8905,#6801,#6802);
#5918=AXIS2_PLACEMENT_3D('',#8906,#6803,#6804);
#5919=AXIS2_PLACEMENT_3D('',#8909,#6805,#6806);
#5920=AXIS2_PLACEMENT_3D('',#8913,#6808,#6809);
#5921=AXIS2_PLACEMENT_3D('',#8917,#6811,#6812);
#5922=AXIS2_PLACEMENT_3D('',#8919,#6813,#6814);
#5923=AXIS2_PLACEMENT_3D('',#8921,#6815,#6816);
#5924=AXIS2_PLACEMENT_3D('',#8925,#6818,#6819);
#5925=AXIS2_PLACEMENT_3D('',#8929,#6821,#6822);
#5926=AXIS2_PLACEMENT_3D('',#8930,#6823,#6824);
#5927=AXIS2_PLACEMENT_3D('',#8933,#6825,#6826);
#5928=AXIS2_PLACEMENT_3D('',#8935,#6827,#6828);
#5929=AXIS2_PLACEMENT_3D('',#8937,#6829,#6830);
#5930=AXIS2_PLACEMENT_3D('',#8941,#6832,#6833);
#5931=AXIS2_PLACEMENT_3D('',#8945,#6835,#6836);
#5932=AXIS2_PLACEMENT_3D('',#8947,#6837,#6838);
#5933=AXIS2_PLACEMENT_3D('',#8949,#6839,#6840);
#5934=AXIS2_PLACEMENT_3D('',#8953,#6842,#6843);
#5935=AXIS2_PLACEMENT_3D('',#8955,#6845,#6846);
#5936=AXIS2_PLACEMENT_3D('',#8958,#6847,#6848);
#5937=AXIS2_PLACEMENT_3D('',#8962,#6850,#6851);
#5938=AXIS2_PLACEMENT_3D('',#8964,#6853,#6854);
#5939=AXIS2_PLACEMENT_3D('',#8966,#6855,#6856);
#5940=AXIS2_PLACEMENT_3D('',#8969,#6858,#6859);
#5941=AXIS2_PLACEMENT_3D('',#8970,#6860,#6861);
#5942=AXIS2_PLACEMENT_3D('',#8982,#6867,#6868);
#5943=AXIS2_PLACEMENT_3D('',#8984,#6869,#6870);
#5944=AXIS2_PLACEMENT_3D('',#8985,#6871,#6872);
#5945=AXIS2_PLACEMENT_3D('',#8989,#6874,#6875);
#5946=AXIS2_PLACEMENT_3D('',#8993,#6877,#6878);
#5947=AXIS2_PLACEMENT_3D('',#8997,#6880,#6881);
#5948=AXIS2_PLACEMENT_3D('',#9000,#6883,#6884);
#5949=AXIS2_PLACEMENT_3D('',#9003,#6885,#6886);
#5950=AXIS2_PLACEMENT_3D('',#9007,#6888,#6889);
#5951=AXIS2_PLACEMENT_3D('',#9011,#6891,#6892);
#5952=AXIS2_PLACEMENT_3D('',#9015,#6894,#6895);
#5953=AXIS2_PLACEMENT_3D('',#9019,#6897,#6898);
#5954=AXIS2_PLACEMENT_3D('',#9020,#6899,#6900);
#5955=AXIS2_PLACEMENT_3D('',#9021,#6901,#6902);
#5956=AXIS2_PLACEMENT_3D('',#9025,#6904,#6905);
#5957=AXIS2_PLACEMENT_3D('',#9027,#6907,#6908);
#5958=AXIS2_PLACEMENT_3D('',#9031,#6911,#6912);
#5959=AXIS2_PLACEMENT_3D('',#9034,#6914,#6915);
#5960=AXIS2_PLACEMENT_3D('',#9035,#6916,#6917);
#5961=AXIS2_PLACEMENT_3D('',#9045,#6922,#6923);
#5962=AXIS2_PLACEMENT_3D('',#9047,#6924,#6925);
#5963=AXIS2_PLACEMENT_3D('',#9049,#6926,#6927);
#5964=AXIS2_PLACEMENT_3D('',#9056,#6931,#6932);
#5965=AXIS2_PLACEMENT_3D('',#9059,#6934,#6935);
#5966=AXIS2_PLACEMENT_3D('',#9063,#6937,#6938);
#5967=AXIS2_PLACEMENT_3D('',#9065,#6939,#6940);
#5968=AXIS2_PLACEMENT_3D('',#9067,#6941,#6942);
#5969=AXIS2_PLACEMENT_3D('',#9071,#6944,#6945);
#5970=AXIS2_PLACEMENT_3D('',#9075,#6947,#6948);
#5971=AXIS2_PLACEMENT_3D('',#9079,#6950,#6951);
#5972=AXIS2_PLACEMENT_3D('',#9081,#6953,#6954);
#5973=AXIS2_PLACEMENT_3D('',#9084,#6957,#6958);
#5974=AXIS2_PLACEMENT_3D('',#9086,#6960,#6961);
#5975=AXIS2_PLACEMENT_3D('',#9089,#6964,#6965);
#5976=AXIS2_PLACEMENT_3D('',#9091,#6967,#6968);
#5977=AXIS2_PLACEMENT_3D('',#9093,#6970,#6971);
#5978=AXIS2_PLACEMENT_3D('',#9097,#6973,#6974);
#5979=AXIS2_PLACEMENT_3D('',#9099,#6976,#6977);
#5980=AXIS2_PLACEMENT_3D('',#9103,#6980,#6981);
#5981=AXIS2_PLACEMENT_3D('',#9112,#6985,#6986);
#5982=AXIS2_PLACEMENT_3D('',#9114,#6987,#6988);
#5983=AXIS2_PLACEMENT_3D('',#9115,#6989,#6990);
#5984=AXIS2_PLACEMENT_3D('',#9123,#6994,#6995);
#5985=AXIS2_PLACEMENT_3D('',#9127,#6997,#6998);
#5986=AXIS2_PLACEMENT_3D('',#9131,#7000,#7001);
#5987=AXIS2_PLACEMENT_3D('',#9135,#7003,#7004);
#5988=AXIS2_PLACEMENT_3D('',#9139,#7006,#7007);
#5989=AXIS2_PLACEMENT_3D('',#9140,#7008,#7009);
#5990=AXIS2_PLACEMENT_3D('',#9142,#7010,#7011);
#5991=AXIS2_PLACEMENT_3D('',#9144,#7012,#7013);
#5992=AXIS2_PLACEMENT_3D('',#9148,#7015,#7016);
#5993=AXIS2_PLACEMENT_3D('',#9152,#7018,#7019);
#5994=AXIS2_PLACEMENT_3D('',#9155,#7021,#7022);
#5995=AXIS2_PLACEMENT_3D('',#9156,#7023,#7024);
#5996=AXIS2_PLACEMENT_3D('',#9159,#7027,#7028);
#5997=AXIS2_PLACEMENT_3D('',#9161,#7030,#7031);
#5998=AXIS2_PLACEMENT_3D('',#9164,#7034,#7035);
#5999=AXIS2_PLACEMENT_3D('',#9166,#7037,#7038);
#6000=AXIS2_PLACEMENT_3D('',#9169,#7041,#7042);
#6001=AXIS2_PLACEMENT_3D('',#9171,#7044,#7045);
#6002=AXIS2_PLACEMENT_3D('',#9173,#7047,#7048);
#6003=AXIS2_PLACEMENT_3D('',#9176,#7051,#7052);
#6004=AXIS2_PLACEMENT_3D('',#9178,#7054,#7055);
#6005=AXIS2_PLACEMENT_3D('',#9181,#7056,#7057);
#6006=AXIS2_PLACEMENT_3D('',#9185,#7059,#7060);
#6007=AXIS2_PLACEMENT_3D('',#9187,#7062,#7063);
#6008=AXIS2_PLACEMENT_3D('',#9193,#7067,#7068);
#6009=AXIS2_PLACEMENT_3D('',#9195,#7069,#7070);
#6010=AXIS2_PLACEMENT_3D('',#9198,#7072,#7073);
#6011=AXIS2_PLACEMENT_3D('',#9199,#7074,#7075);
#6012=AXIS2_PLACEMENT_3D('',#9205,#7079,#7080);
#6013=AXIS2_PLACEMENT_3D('',#9207,#7081,#7082);
#6014=AXIS2_PLACEMENT_3D('',#9210,#7084,#7085);
#6015=AXIS2_PLACEMENT_3D('',#9211,#7086,#7087);
#6016=AXIS2_PLACEMENT_3D('',#9221,#7093,#7094);
#6017=AXIS2_PLACEMENT_3D('',#9223,#7095,#7096);
#6018=AXIS2_PLACEMENT_3D('',#9226,#7098,#7099);
#6019=AXIS2_PLACEMENT_3D('',#9227,#7100,#7101);
#6020=AXIS2_PLACEMENT_3D('',#9230,#7104,#7105);
#6021=AXIS2_PLACEMENT_3D('',#9232,#7106,#7107);
#6022=AXIS2_PLACEMENT_3D('',#9249,#7111,#7112);
#6023=AXIS2_PLACEMENT_3D('',#9251,#7113,#7114);
#6024=AXIS2_PLACEMENT_3D('',#9263,#7120,#7121);
#6025=AXIS2_PLACEMENT_3D('',#9269,#7125,#7126);
#6026=AXIS2_PLACEMENT_3D('',#9270,#7127,#7128);
#6027=AXIS2_PLACEMENT_3D('',#9271,#7129,#7130);
#6028=AXIS2_PLACEMENT_3D('',#9272,#7131,#7132);
#6029=AXIS2_PLACEMENT_3D('',#9278,#7136,#7137);
#6030=AXIS2_PLACEMENT_3D('',#9279,#7138,#7139);
#6031=AXIS2_PLACEMENT_3D('',#9280,#7140,#7141);
#6032=AXIS2_PLACEMENT_3D('',#9283,#7143,#7144);
#6033=AXIS2_PLACEMENT_3D('',#9284,#7145,#7146);
#6034=AXIS2_PLACEMENT_3D('',#9286,#7147,#7148);
#6035=AXIS2_PLACEMENT_3D('',#9287,#7149,#7150);
#6036=AXIS2_PLACEMENT_3D('',#9289,#7151,#7152);
#6037=AXIS2_PLACEMENT_3D('',#9290,#7153,#7154);
#6038=AXIS2_PLACEMENT_3D('',#9296,#7157,#7158);
#6039=AXIS2_PLACEMENT_3D('',#9297,#7159,#7160);
#6040=AXIS2_PLACEMENT_3D('',#9301,#7162,#7163);
#6041=AXIS2_PLACEMENT_3D('',#9302,#7164,#7165);
#6042=AXIS2_PLACEMENT_3D('',#9304,#7167,#7168);
#6043=AXIS2_PLACEMENT_3D('',#9305,#7169,#7170);
#6044=AXIS2_PLACEMENT_3D('',#9306,#7171,#7172);
#6045=AXIS2_PLACEMENT_3D('',#9308,#7173,#7174);
#6046=AXIS2_PLACEMENT_3D('',#9314,#7178,#7179);
#6047=AXIS2_PLACEMENT_3D('',#9315,#7180,#7181);
#6048=AXIS2_PLACEMENT_3D('',#9316,#7182,#7183);
#6049=AXIS2_PLACEMENT_3D('',#9318,#7184,#7185);
#6050=AXIS2_PLACEMENT_3D('',#9322,#7187,#7188);
#6051=AXIS2_PLACEMENT_3D('',#9326,#7190,#7191);
#6052=AXIS2_PLACEMENT_3D('',#9329,#7193,#7194);
#6053=AXIS2_PLACEMENT_3D('',#9330,#7195,#7196);
#6054=AXIS2_PLACEMENT_3D('',#9331,#7197,#7198);
#6055=AXIS2_PLACEMENT_3D('',#9332,#7199,#7200);
#6056=AXIS2_PLACEMENT_3D('',#9334,#7201,#7202);
#6057=AXIS2_PLACEMENT_3D('',#9336,#7203,#7204);
#6058=AXIS2_PLACEMENT_3D('',#9338,#7206,#7207);
#6059=AXIS2_PLACEMENT_3D('',#9339,#7208,#7209);
#6060=AXIS2_PLACEMENT_3D('',#9340,#7210,#7211);
#6061=AXIS2_PLACEMENT_3D('',#9341,#7212,#7213);
#6062=AXIS2_PLACEMENT_3D('',#9342,#7214,#7215);
#6063=AXIS2_PLACEMENT_3D('',#9345,#7217,#7218);
#6064=AXIS2_PLACEMENT_3D('',#9346,#7219,#7220);
#6065=AXIS2_PLACEMENT_3D('',#9350,#7223,#7224);
#6066=AXIS2_PLACEMENT_3D('',#9351,#7225,#7226);
#6067=AXIS2_PLACEMENT_3D('',#9352,#7227,#7228);
#6068=AXIS2_PLACEMENT_3D('',#9356,#7230,#7231);
#6069=AXIS2_PLACEMENT_3D('',#9358,#7233,#7234);
#6070=AXIS2_PLACEMENT_3D('',#9362,#7237,#7238);
#6071=AXIS2_PLACEMENT_3D('',#9364,#7239,#7240);
#6072=AXIS2_PLACEMENT_3D('',#9366,#7242,#7243);
#6073=AXIS2_PLACEMENT_3D('',#9370,#7246,#7247);
#6074=AXIS2_PLACEMENT_3D('',#9372,#7249,#7250);
#6075=AXIS2_PLACEMENT_3D('',#9373,#7251,#7252);
#6076=AXIS2_PLACEMENT_3D('',#9375,#7253,#7254);
#6077=AXIS2_PLACEMENT_3D('',#9377,#7256,#7257);
#6078=AXIS2_PLACEMENT_3D('',#9394,#7259,#7260);
#6079=AXIS2_PLACEMENT_3D('',#9396,#7262,#7263);
#6080=AXIS2_PLACEMENT_3D('',#9397,#7264,#7265);
#6081=AXIS2_PLACEMENT_3D('',#9398,#7266,#7267);
#6082=AXIS2_PLACEMENT_3D('',#9400,#7268,#7269);
#6083=AXIS2_PLACEMENT_3D('',#9402,#7270,#7271);
#6084=AXIS2_PLACEMENT_3D('',#9406,#7273,#7274);
#6085=AXIS2_PLACEMENT_3D('',#9418,#7280,#7281);
#6086=AXIS2_PLACEMENT_3D('',#9419,#7282,#7283);
#6087=AXIS2_PLACEMENT_3D('',#9423,#7285,#7286);
#6088=AXIS2_PLACEMENT_3D('',#9424,#7287,#7288);
#6089=AXIS2_PLACEMENT_3D('',#9428,#7291,#7292);
#6090=AXIS2_PLACEMENT_3D('',#9430,#7293,#7294);
#6091=AXIS2_PLACEMENT_3D('',#9433,#7296,#7297);
#6092=AXIS2_PLACEMENT_3D('',#9435,#7299,#7300);
#6093=AXIS2_PLACEMENT_3D('',#9436,#7301,#7302);
#6094=AXIS2_PLACEMENT_3D('',#9437,#7303,#7304);
#6095=AXIS2_PLACEMENT_3D('',#9444,#7309,#7310);
#6096=AXIS2_PLACEMENT_3D('',#9459,#7312,#7313);
#6097=AXIS2_PLACEMENT_3D('',#9464,#7314,#7315);
#6098=AXIS2_PLACEMENT_3D('',#9466,#7317,#7318);
#6099=AXIS2_PLACEMENT_3D('',#9468,#7320,#7321);
#6100=AXIS2_PLACEMENT_3D('',#9469,#7322,#7323);
#6101=AXIS2_PLACEMENT_3D('',#9470,#7324,#7325);
#6102=AXIS2_PLACEMENT_3D('',#9471,#7326,#7327);
#6103=AXIS2_PLACEMENT_3D('',#9472,#7328,#7329);
#6104=AXIS2_PLACEMENT_3D('',#9474,#7331,#7332);
#6105=AXIS2_PLACEMENT_3D('',#9477,#7334,#7335);
#6106=AXIS2_PLACEMENT_3D('',#9479,#7337,#7338);
#6107=AXIS2_PLACEMENT_3D('',#9480,#7339,#7340);
#6108=AXIS2_PLACEMENT_3D('',#9481,#7341,#7342);
#6109=AXIS2_PLACEMENT_3D('',#9482,#7343,#7344);
#6110=AXIS2_PLACEMENT_3D('',#9484,#7345,#7346);
#6111=AXIS2_PLACEMENT_3D('',#9486,#7348,#7349);
#6112=AXIS2_PLACEMENT_3D('',#9490,#7352,#7353);
#6113=AXIS2_PLACEMENT_3D('',#9493,#7355,#7356);
#6114=AXIS2_PLACEMENT_3D('',#9494,#7357,#7358);
#6115=AXIS2_PLACEMENT_3D('',#9499,#7362,#7363);
#6116=AXIS2_PLACEMENT_3D('',#9502,#7365,#7366);
#6117=AXIS2_PLACEMENT_3D('',#9503,#7367,#7368);
#6118=AXIS2_PLACEMENT_3D('',#9505,#7369,#7370);
#6119=AXIS2_PLACEMENT_3D('',#9507,#7372,#7373);
#6120=AXIS2_PLACEMENT_3D('',#9535,#7377,#7378);
#6121=AXIS2_PLACEMENT_3D('',#9542,#7379,#7380);
#6122=AXIS2_PLACEMENT_3D('',#9547,#7381,#7382);
#6123=AXIS2_PLACEMENT_3D('',#9556,#7383,#7384);
#6124=AXIS2_PLACEMENT_3D('',#9557,#7385,#7386);
#6125=AXIS2_PLACEMENT_3D('',#9578,#7387,#7388);
#6126=AXIS2_PLACEMENT_3D('',#9592,#7389,#7390);
#6127=AXIS2_PLACEMENT_3D('',#9594,#7391,#7392);
#6128=AXIS2_PLACEMENT_3D('',#9596,#7393,#7394);
#6129=AXIS2_PLACEMENT_3D('',#9647,#7395,#7396);
#6130=AXIS2_PLACEMENT_3D('',#9656,#7397,#7398);
#6131=AXIS2_PLACEMENT_3D('',#9659,#7399,#7400);
#6132=AXIS2_PLACEMENT_3D('',#9660,#7401,#7402);
#6133=AXIS2_PLACEMENT_3D('',#9661,#7403,#7404);
#6134=AXIS2_PLACEMENT_3D('',#9662,#7405,#7406);
#6135=AXIS2_PLACEMENT_3D('',#9665,#7407,#7408);
#6136=AXIS2_PLACEMENT_3D('',#9668,#7411,#7412);
#6137=AXIS2_PLACEMENT_3D('',#9670,#7413,#7414);
#6138=AXIS2_PLACEMENT_3D('',#9674,#7416,#7417);
#6139=AXIS2_PLACEMENT_3D('',#9676,#7419,#7420);
#6140=AXIS2_PLACEMENT_3D('',#9677,#7421,#7422);
#6141=AXIS2_PLACEMENT_3D('',#9678,#7423,#7424);
#6142=AXIS2_PLACEMENT_3D('',#9680,#7425,#7426);
#6143=AXIS2_PLACEMENT_3D('',#9681,#7427,#7428);
#6144=AXIS2_PLACEMENT_3D('',#9682,#7429,#7430);
#6145=AXIS2_PLACEMENT_3D('',#9685,#7431,#7432);
#6146=AXIS2_PLACEMENT_3D('',#9688,#7435,#7436);
#6147=AXIS2_PLACEMENT_3D('',#9689,#7437,#7438);
#6148=AXIS2_PLACEMENT_3D('',#9690,#7439,#7440);
#6149=AXIS2_PLACEMENT_3D('',#9691,#7441,#7442);
#6150=AXIS2_PLACEMENT_3D('',#9695,#7444,#7445);
#6151=AXIS2_PLACEMENT_3D('',#9710,#7447,#7448);
#6152=AXIS2_PLACEMENT_3D('',#9717,#7453,#7454);
#6153=AXIS2_PLACEMENT_3D('',#9721,#7457,#7458);
#6154=AXIS2_PLACEMENT_3D('',#9724,#7460,#7461);
#6155=AXIS2_PLACEMENT_3D('',#9725,#7462,#7463);
#6156=AXIS2_PLACEMENT_3D('',#9729,#7466,#7467);
#6157=AXIS2_PLACEMENT_3D('',#9732,#7469,#7470);
#6158=AXIS2_PLACEMENT_3D('',#9733,#7471,#7472);
#6159=AXIS2_PLACEMENT_3D('',#9739,#7477,#7478);
#6160=AXIS2_PLACEMENT_3D('',#9742,#7479,#7480);
#6161=AXIS2_PLACEMENT_3D('',#9745,#7482,#7483);
#6162=AXIS2_PLACEMENT_3D('',#9747,#7485,#7486);
#6163=AXIS2_PLACEMENT_3D('',#9753,#7489,#7490);
#6164=AXIS2_PLACEMENT_3D('',#9757,#7492,#7493);
#6165=AXIS2_PLACEMENT_3D('',#9760,#7495,#7496);
#6166=AXIS2_PLACEMENT_3D('',#9761,#7497,#7498);
#6167=AXIS2_PLACEMENT_3D('',#9762,#7499,#7500);
#6168=AXIS2_PLACEMENT_3D('',#9763,#7501,#7502);
#6169=AXIS2_PLACEMENT_3D('',#9766,#7503,#7504);
#6170=AXIS2_PLACEMENT_3D('',#9793,#7507,#7508);
#6171=AXIS2_PLACEMENT_3D('',#9797,#7511,#7512);
#6172=AXIS2_PLACEMENT_3D('',#9799,#7513,#7514);
#6173=AXIS2_PLACEMENT_3D('',#9803,#7516,#7517);
#6174=AXIS2_PLACEMENT_3D('',#9806,#7519,#7520);
#6175=AXIS2_PLACEMENT_3D('',#9809,#7522,#7523);
#6176=AXIS2_PLACEMENT_3D('',#9847,#7529,#7530);
#6177=AXIS2_PLACEMENT_3D('',#9850,#7532,#7533);
#6178=AXIS2_PLACEMENT_3D('',#9852,#7535,#7536);
#6179=AXIS2_PLACEMENT_3D('',#9853,#7537,#7538);
#6180=AXIS2_PLACEMENT_3D('',#9854,#7539,#7540);
#6181=AXIS2_PLACEMENT_3D('',#9857,#7541,#7542);
#6182=AXIS2_PLACEMENT_3D('',#9860,#7545,#7546);
#6183=AXIS2_PLACEMENT_3D('',#9864,#7549,#7550);
#6184=AXIS2_PLACEMENT_3D('',#9865,#7551,#7552);
#6185=AXIS2_PLACEMENT_3D('',#9866,#7553,#7554);
#6186=AXIS2_PLACEMENT_3D('',#9868,#7555,#7556);
#6187=AXIS2_PLACEMENT_3D('',#9872,#7558,#7559);
#6188=AXIS2_PLACEMENT_3D('',#9880,#7564,#7565);
#6189=AXIS2_PLACEMENT_3D('',#9882,#7566,#7567);
#6190=AXIS2_PLACEMENT_3D('',#9883,#7568,#7569);
#6191=AXIS2_PLACEMENT_3D('',#9885,#7571,#7572);
#6192=AXIS2_PLACEMENT_3D('',#9888,#7575,#7576);
#6193=AXIS2_PLACEMENT_3D('',#9889,#7577,#7578);
#6194=AXIS2_PLACEMENT_3D('',#9891,#7580,#7581);
#6195=AXIS2_PLACEMENT_3D('',#9914,#7583,#7584);
#6196=AXIS2_PLACEMENT_3D('',#9915,#7585,#7586);
#6197=AXIS2_PLACEMENT_3D('',#9916,#7587,#7588);
#6198=AXIS2_PLACEMENT_3D('',#9917,#7589,#7590);
#6199=AXIS2_PLACEMENT_3D('',#9918,#7591,#7592);
#6200=AXIS2_PLACEMENT_3D('',#9919,#7593,#7594);
#6201=AXIS2_PLACEMENT_3D('',#9920,#7595,#7596);
#6202=AXIS2_PLACEMENT_3D('',#9921,#7597,#7598);
#6203=AXIS2_PLACEMENT_3D('',#9922,#7599,#7600);
#6204=AXIS2_PLACEMENT_3D('',#9925,#7602,#7603);
#6205=AXIS2_PLACEMENT_3D('',#9926,#7604,#7605);
#6206=AXIS2_PLACEMENT_3D('',#9928,#7607,#7608);
#6207=AXIS2_PLACEMENT_3D('',#9929,#7609,#7610);
#6208=AXIS2_PLACEMENT_3D('',#9930,#7611,#7612);
#6209=AXIS2_PLACEMENT_3D('',#9932,#7614,#7615);
#6210=AXIS2_PLACEMENT_3D('',#9934,#7617,#7618);
#6211=AXIS2_PLACEMENT_3D('',#9935,#7619,#7620);
#6212=AXIS2_PLACEMENT_3D('',#9937,#7621,#7622);
#6213=AXIS2_PLACEMENT_3D('',#9939,#7624,#7625);
#6214=AXIS2_PLACEMENT_3D('',#9942,#7627,#7628);
#6215=AXIS2_PLACEMENT_3D('',#9943,#7629,#7630);
#6216=AXIS2_PLACEMENT_3D('',#9945,#7632,#7633);
#6217=AXIS2_PLACEMENT_3D('',#9947,#7635,#7636);
#6218=AXIS2_PLACEMENT_3D('',#9949,#7638,#7639);
#6219=AXIS2_PLACEMENT_3D('',#9952,#7642,#7643);
#6220=AXIS2_PLACEMENT_3D('',#9954,#7645,#7646);
#6221=AXIS2_PLACEMENT_3D('',#9955,#7647,#7648);
#6222=AXIS2_PLACEMENT_3D('',#9959,#7650,#7651);
#6223=AXIS2_PLACEMENT_3D('',#9961,#7653,#7654);
#6224=AXIS2_PLACEMENT_3D('',#9963,#7655,#7656);
#6225=AXIS2_PLACEMENT_3D('',#9965,#7658,#7659);
#6226=AXIS2_PLACEMENT_3D('',#9968,#7660,#7661);
#6227=AXIS2_PLACEMENT_3D('',#9972,#7663,#7664);
#6228=AXIS2_PLACEMENT_3D('',#9976,#7666,#7667);
#6229=AXIS2_PLACEMENT_3D('',#9980,#7669,#7670);
#6230=AXIS2_PLACEMENT_3D('',#9984,#7672,#7673);
#6231=AXIS2_PLACEMENT_3D('',#9988,#7675,#7676);
#6232=AXIS2_PLACEMENT_3D('',#9992,#7678,#7679);
#6233=AXIS2_PLACEMENT_3D('',#9994,#7680,#7681);
#6234=AXIS2_PLACEMENT_3D('',#9996,#7682,#7683);
#6235=AXIS2_PLACEMENT_3D('',#10000,#7685,#7686);
#6236=AXIS2_PLACEMENT_3D('',#10004,#7688,#7689);
#6237=AXIS2_PLACEMENT_3D('',#10005,#7690,#7691);
#6238=AXIS2_PLACEMENT_3D('',#10008,#7692,#7693);
#6239=AXIS2_PLACEMENT_3D('',#10010,#7694,#7695);
#6240=AXIS2_PLACEMENT_3D('',#10012,#7696,#7697);
#6241=AXIS2_PLACEMENT_3D('',#10016,#7699,#7700);
#6242=AXIS2_PLACEMENT_3D('',#10020,#7702,#7703);
#6243=AXIS2_PLACEMENT_3D('',#10022,#7704,#7705);
#6244=AXIS2_PLACEMENT_3D('',#10024,#7706,#7707);
#6245=AXIS2_PLACEMENT_3D('',#10028,#7709,#7710);
#6246=AXIS2_PLACEMENT_3D('',#10032,#7712,#7713);
#6247=AXIS2_PLACEMENT_3D('',#10034,#7714,#7715);
#6248=AXIS2_PLACEMENT_3D('',#10036,#7716,#7717);
#6249=AXIS2_PLACEMENT_3D('',#10040,#7719,#7720);
#6250=AXIS2_PLACEMENT_3D('',#10044,#7722,#7723);
#6251=AXIS2_PLACEMENT_3D('',#10046,#7724,#7725);
#6252=AXIS2_PLACEMENT_3D('',#10048,#7726,#7727);
#6253=AXIS2_PLACEMENT_3D('',#10052,#7729,#7730);
#6254=AXIS2_PLACEMENT_3D('',#10057,#7733,#7734);
#6255=AXIS2_PLACEMENT_3D('',#10061,#7736,#7737);
#6256=AXIS2_PLACEMENT_3D('',#10063,#7738,#7739);
#6257=AXIS2_PLACEMENT_3D('',#10065,#7740,#7741);
#6258=AXIS2_PLACEMENT_3D('',#10069,#7743,#7744);
#6259=AXIS2_PLACEMENT_3D('',#10072,#7746,#7747);
#6260=AXIS2_PLACEMENT_3D('',#10077,#7749,#7750);
#6261=AXIS2_PLACEMENT_3D('',#10081,#7752,#7753);
#6262=AXIS2_PLACEMENT_3D('',#10085,#7755,#7756);
#6263=AXIS2_PLACEMENT_3D('',#10088,#7758,#7759);
#6264=AXIS2_PLACEMENT_3D('',#10089,#7760,#7761);
#6265=AXIS2_PLACEMENT_3D('',#10091,#7763,#7764);
#6266=AXIS2_PLACEMENT_3D('',#10093,#7766,#7767);
#6267=AXIS2_PLACEMENT_3D('',#10096,#7770,#7771);
#6268=AXIS2_PLACEMENT_3D('',#10098,#7773,#7774);
#6269=AXIS2_PLACEMENT_3D('',#10100,#7776,#7777);
#6270=AXIS2_PLACEMENT_3D('',#10103,#7780,#7781);
#6271=AXIS2_PLACEMENT_3D('',#10105,#7783,#7784);
#6272=AXIS2_PLACEMENT_3D('',#10107,#7786,#7787);
#6273=AXIS2_PLACEMENT_3D('',#10110,#7790,#7791);
#6274=AXIS2_PLACEMENT_3D('',#10112,#7793,#7794);
#6275=AXIS2_PLACEMENT_3D('',#10114,#7796,#7797);
#6276=AXIS2_PLACEMENT_3D('',#10116,#7799,#7800);
#6277=AXIS2_PLACEMENT_3D('',#10119,#7803,#7804);
#6278=AXIS2_PLACEMENT_3D('',#10121,#7806,#7807);
#6279=AXIS2_PLACEMENT_3D('',#10123,#7809,#7810);
#6280=AXIS2_PLACEMENT_3D('',#10126,#7813,#7814);
#6281=AXIS2_PLACEMENT_3D('',#10128,#7816,#7817);
#6282=AXIS2_PLACEMENT_3D('',#10130,#7819,#7820);
#6283=AXIS2_PLACEMENT_3D('',#10133,#7823,#7824);
#6284=AXIS2_PLACEMENT_3D('',#10135,#7826,#7827);
#6285=AXIS2_PLACEMENT_3D('',#10137,#7829,#7830);
#6286=AXIS2_PLACEMENT_3D('',#10140,#7833,#7834);
#6287=AXIS2_PLACEMENT_3D('',#10142,#7836,#7837);
#6288=AXIS2_PLACEMENT_3D('',#10144,#7839,#7840);
#6289=AXIS2_PLACEMENT_3D('',#10146,#7841,#7842);
#6290=AXIS2_PLACEMENT_3D('',#10149,#7844,#7845);
#6291=AXIS2_PLACEMENT_3D('',#10181,#7846,#7847);
#6292=AXIS2_PLACEMENT_3D('',#10225,#7848,#7849);
#6293=AXIS2_PLACEMENT_3D('',#10226,#7850,#7851);
#6294=AXIS2_PLACEMENT_3D('',#10228,#7852,#7853);
#6295=AXIS2_PLACEMENT_3D('',#10230,#7855,#7856);
#6296=AXIS2_PLACEMENT_3D('',#10232,#7857,#7858);
#6297=AXIS2_PLACEMENT_3D('',#10265,#7860,#7861);
#6298=AXIS2_PLACEMENT_3D('',#10309,#7862,#7863);
#6299=AXIS2_PLACEMENT_3D('',#10310,#7864,#7865);
#6300=AXIS2_PLACEMENT_3D('',#10343,#7867,#7868);
#6301=AXIS2_PLACEMENT_3D('',#10344,#7869,#7870);
#6302=AXIS2_PLACEMENT_3D('',#10345,#7871,#7872);
#6303=AXIS2_PLACEMENT_3D('',#10347,#7873,#7874);
#6304=AXIS2_PLACEMENT_3D('',#10379,#7876,#7877);
#6305=AXIS2_PLACEMENT_3D('',#10380,#7878,#7879);
#6306=AXIS2_PLACEMENT_3D('',#10382,#7880,#7881);
#6307=AXIS2_PLACEMENT_3D('',#10415,#7883,#7884);
#6308=AXIS2_PLACEMENT_3D('',#10416,#7885,#7886);
#6309=AXIS2_PLACEMENT_3D('',#10447,#7887,#7888);
#6310=AXIS2_PLACEMENT_3D('',#10448,#7889,#7890);
#6311=AXIS2_PLACEMENT_3D('',#10450,#7892,#7893);
#6312=AXIS2_PLACEMENT_3D('',#10452,#7895,#7896);
#6313=AXIS2_PLACEMENT_3D('',#10457,#7898,#7899);
#6314=AXIS2_PLACEMENT_3D('',#10461,#7901,#7902);
#6315=AXIS2_PLACEMENT_3D('',#10465,#7904,#7905);
#6316=AXIS2_PLACEMENT_3D('',#10468,#7907,#7908);
#6317=AXIS2_PLACEMENT_3D('',#10469,#7909,#7910);
#6318=AXIS2_PLACEMENT_3D('',#10472,#7913,#7914);
#6319=AXIS2_PLACEMENT_3D('',#10474,#7916,#7917);
#6320=AXIS2_PLACEMENT_3D('',#10476,#7919,#7920);
#6321=AXIS2_PLACEMENT_3D('',#10478,#7922,#7923);
#6322=AXIS2_PLACEMENT_3D('',#10480,#7925,#7926);
#6323=AXIS2_PLACEMENT_3D('',#10482,#7928,#7929);
#6324=AXIS2_PLACEMENT_3D('',#10484,#7931,#7932);
#6325=AXIS2_PLACEMENT_3D('',#10485,#7933,#7934);
#6326=AXIS2_PLACEMENT_3D('',#10488,#7937,#7938);
#6327=AXIS2_PLACEMENT_3D('',#10495,#7943,#7944);
#6328=AXIS2_PLACEMENT_3D('',#10497,#7946,#7947);
#6329=AXIS2_PLACEMENT_3D('',#10499,#7949,#7950);
#6330=AXIS2_PLACEMENT_3D('',#10501,#7952,#7953);
#6331=AXIS2_PLACEMENT_3D('',#10508,#7958,#7959);
#6332=AXIS2_PLACEMENT_3D('',#10510,#7961,#7962);
#6333=AXIS2_PLACEMENT_3D('',#10511,#7963,#7964);
#6334=AXIS2_PLACEMENT_3D('',#10515,#7967,#7968);
#6335=AXIS2_PLACEMENT_3D('',#10519,#7971,#7972);
#6336=AXIS2_PLACEMENT_3D('',#10521,#7974,#7975);
#6337=AXIS2_PLACEMENT_3D('',#10523,#7977,#7978);
#6338=AXIS2_PLACEMENT_3D('',#10525,#7980,#7981);
#6339=AXIS2_PLACEMENT_3D('',#10527,#7983,#7984);
#6340=AXIS2_PLACEMENT_3D('',#10529,#7986,#7987);
#6341=AXIS2_PLACEMENT_3D('',#10531,#7989,#7990);
#6342=AXIS2_PLACEMENT_3D('',#10532,#7991,#7992);
#6343=AXIS2_PLACEMENT_3D('',#10533,#7993,#7994);
#6344=AXIS2_PLACEMENT_3D('',#10535,#7996,#7997);
#6345=AXIS2_PLACEMENT_3D('',#10537,#7999,#8000);
#6346=AXIS2_PLACEMENT_3D('',#10539,#8002,#8003);
#6347=AXIS2_PLACEMENT_3D('',#10540,#8004,#8005);
#6348=AXIS2_PLACEMENT_3D('',#10542,#8007,#8008);
#6349=AXIS2_PLACEMENT_3D('',#10543,#8009,#8010);
#6350=AXIS2_PLACEMENT_3D('',#10545,#8012,#8013);
#6351=AXIS2_PLACEMENT_3D('',#10547,#8015,#8016);
#6352=AXIS2_PLACEMENT_3D('',#10548,#8017,#8018);
#6353=AXIS2_PLACEMENT_3D('',#10550,#8020,#8021);
#6354=AXIS2_PLACEMENT_3D('',#10552,#8023,#8024);
#6355=AXIS2_PLACEMENT_3D('',#10553,#8025,#8026);
#6356=AXIS2_PLACEMENT_3D('',#10555,#8028,#8029);
#6357=AXIS2_PLACEMENT_3D('',#10556,#8030,#8031);
#6358=AXIS2_PLACEMENT_3D('',#10558,#8033,#8034);
#6359=AXIS2_PLACEMENT_3D('',#10560,#8036,#8037);
#6360=AXIS2_PLACEMENT_3D('',#10561,#8038,#8039);
#6361=AXIS2_PLACEMENT_3D('',#10563,#8041,#8042);
#6362=AXIS2_PLACEMENT_3D('',#10566,#8045,#8046);
#6363=AXIS2_PLACEMENT_3D('',#10568,#8048,#8049);
#6364=AXIS2_PLACEMENT_3D('',#10571,#8052,#8053);
#6365=AXIS2_PLACEMENT_3D('',#10574,#8055,#8056);
#6366=AXIS2_PLACEMENT_3D('',#10575,#8057,#8058);
#6367=AXIS2_PLACEMENT_3D('',#10576,#8059,#8060);
#6368=AXIS2_PLACEMENT_3D('',#10577,#8061,#8062);
#6369=AXIS2_PLACEMENT_3D('',#10579,#8064,#8065);
#6370=AXIS2_PLACEMENT_3D('',#10580,#8066,#8067);
#6371=AXIS2_PLACEMENT_3D('',#10581,#8068,#8069);
#6372=AXIS2_PLACEMENT_3D('',#10582,#8070,#8071);
#6373=AXIS2_PLACEMENT_3D('',#10584,#8073,#8074);
#6374=AXIS2_PLACEMENT_3D('',#10585,#8075,#8076);
#6375=AXIS2_PLACEMENT_3D('',#10586,#8077,#8078);
#6376=AXIS2_PLACEMENT_3D('',#10589,#8081,#8082);
#6377=AXIS2_PLACEMENT_3D('',#10590,#8083,#8084);
#6378=AXIS2_PLACEMENT_3D('',#10592,#8086,#8087);
#6379=AXIS2_PLACEMENT_3D('',#10593,#8088,#8089);
#6380=AXIS2_PLACEMENT_3D('',#10594,#8090,#8091);
#6381=AXIS2_PLACEMENT_3D('',#10596,#8093,#8094);
#6382=AXIS2_PLACEMENT_3D('',#10598,#8096,#8097);
#6383=AXIS2_PLACEMENT_3D('',#10599,#8098,#8099);
#6384=AXIS2_PLACEMENT_3D('',#10600,#8100,#8101);
#6385=AXIS2_PLACEMENT_3D('',#10601,#8102,#8103);
#6386=AXIS2_PLACEMENT_3D('',#10603,#8105,#8106);
#6387=AXIS2_PLACEMENT_3D('',#10605,#8108,#8109);
#6388=AXIS2_PLACEMENT_3D('',#10607,#8111,#8112);
#6389=AXIS2_PLACEMENT_3D('',#10608,#8113,#8114);
#6390=AXIS2_PLACEMENT_3D('',#10609,#8115,#8116);
#6391=AXIS2_PLACEMENT_3D('',#10612,#8119,#8120);
#6392=AXIS2_PLACEMENT_3D('',#10613,#8121,#8122);
#6393=AXIS2_PLACEMENT_3D('',#10615,#8124,#8125);
#6394=AXIS2_PLACEMENT_3D('',#10616,#8126,#8127);
#6395=AXIS2_PLACEMENT_3D('',#10617,#8128,#8129);
#6396=AXIS2_PLACEMENT_3D('',#10619,#8131,#8132);
#6397=AXIS2_PLACEMENT_3D('',#10620,#8133,#8134);
#6398=AXIS2_PLACEMENT_3D('',#10622,#8136,#8137);
#6399=DIRECTION('axis',(0.,0.,1.));
#6400=DIRECTION('refdir',(1.,0.,0.));
#6401=DIRECTION('center_axis',(0.,0.,1.));
#6402=DIRECTION('ref_axis',(0.995396198367179,-0.0958457525202246,0.));
#6403=DIRECTION('center_axis',(0.,0.,1.));
#6404=DIRECTION('ref_axis',(0.995396198367179,-0.0958457525202246,0.));
#6405=DIRECTION('',(0.,0.,1.));
#6406=DIRECTION('center_axis',(0.,0.,-1.));
#6407=DIRECTION('ref_axis',(1.,0.,0.));
#6408=DIRECTION('',(0.,0.,-1.));
#6409=DIRECTION('center_axis',(0.,-1.,0.));
#6410=DIRECTION('ref_axis',(0.707106781186546,0.,0.707106781186549));
#6411=DIRECTION('',(0.,1.,0.));
#6412=DIRECTION('center_axis',(0.,1.,0.));
#6413=DIRECTION('ref_axis',(0.707106781186546,0.,0.707106781186549));
#6414=DIRECTION('',(0.,-1.,0.));
#6415=DIRECTION('',(0.,1.,0.));
#6416=DIRECTION('center_axis',(-1.,0.,0.));
#6417=DIRECTION('ref_axis',(0.,-1.,0.));
#6418=DIRECTION('',(0.,-1.,0.));
#6419=DIRECTION('center_axis',(-1.,0.,0.));
#6420=DIRECTION('ref_axis',(0.,0.680413817439773,-0.732828108792939));
#6421=DIRECTION('center_axis',(1.,0.,0.));
#6422=DIRECTION('ref_axis',(0.,-1.,1.22464679914735E-16));
#6423=DIRECTION('center_axis',(-1.,0.,0.));
#6424=DIRECTION('ref_axis',(0.,-0.680413817439767,-0.732828108792944));
#6425=DIRECTION('',(0.,-1.,0.));
#6426=DIRECTION('',(0.,0.,-1.));
#6427=DIRECTION('',(0.,1.,0.));
#6428=DIRECTION('',(0.,0.,1.));
#6429=DIRECTION('center_axis',(-1.,0.,0.));
#6430=DIRECTION('ref_axis',(0.,0.944911182523068,0.32732683535399));
#6431=DIRECTION('center_axis',(1.,0.,0.));
#6432=DIRECTION('ref_axis',(0.,0.714142842854286,0.699999999999999));
#6433=DIRECTION('center_axis',(-1.,0.,0.));
#6434=DIRECTION('ref_axis',(0.,-0.327326835353994,-0.944911182523066));
#6435=DIRECTION('',(0.,-1.,1.61903307770821E-16));
#6436=DIRECTION('center_axis',(1.,0.,0.));
#6437=DIRECTION('ref_axis',(0.,0.,-1.));
#6438=DIRECTION('',(0.,1.,0.));
#6439=DIRECTION('center_axis',(-1.,0.,0.));
#6440=DIRECTION('ref_axis',(0.,-0.707106781186546,0.707106781186549));
#6441=DIRECTION('',(0.,0.,1.));
#6442=DIRECTION('center_axis',(1.,0.,0.));
#6443=DIRECTION('ref_axis',(0.,-1.,0.));
#6444=DIRECTION('',(0.,0.,-1.));
#6445=DIRECTION('center_axis',(-1.,0.,0.));
#6446=DIRECTION('ref_axis',(0.,-0.944911182523068,0.327326835353988));
#6447=DIRECTION('',(0.,6.08036471955003E-16,1.));
#6448=DIRECTION('center_axis',(1.,0.,0.));
#6449=DIRECTION('ref_axis',(0.,-1.,0.));
#6450=DIRECTION('',(0.,0.,-1.));
#6451=DIRECTION('center_axis',(-1.,0.,0.));
#6452=DIRECTION('ref_axis',(0.,0.707106781186552,0.707106781186543));
#6453=DIRECTION('',(0.,1.,0.));
#6454=DIRECTION('center_axis',(1.,0.,0.));
#6455=DIRECTION('ref_axis',(0.,0.,1.));
#6456=DIRECTION('',(0.,-1.,1.61903307770821E-16));
#6457=DIRECTION('center_axis',(-1.,0.,0.));
#6458=DIRECTION('ref_axis',(0.,0.327326835353995,-0.944911182523066));
#6459=DIRECTION('center_axis',(1.,0.,0.));
#6460=DIRECTION('ref_axis',(0.,0.700000000000002,-0.714142842854283));
#6461=DIRECTION('center_axis',(0.,0.,1.));
#6462=DIRECTION('ref_axis',(1.,0.,0.));
#6463=DIRECTION('',(-0.190808995376545,-0.981627183447664,0.));
#6464=DIRECTION('',(1.,0.,0.));
#6465=DIRECTION('',(0.190808995376545,-0.981627183447664,0.));
#6466=DIRECTION('center_axis',(0.,0.,1.));
#6467=DIRECTION('ref_axis',(-0.995396198367179,-0.0958457525202249,0.));
#6468=DIRECTION('',(0.,-1.,0.));
#6469=DIRECTION('',(-1.,0.,0.));
#6470=DIRECTION('',(0.,-1.,0.));
#6471=DIRECTION('center_axis',(0.,0.,-1.));
#6472=DIRECTION('ref_axis',(-0.707106781186548,-0.707106781186548,0.));
#6473=DIRECTION('',(1.,0.,0.));
#6474=DIRECTION('center_axis',(0.,0.,-1.));
#6475=DIRECTION('ref_axis',(0.707106781186544,-0.707106781186551,0.));
#6476=DIRECTION('',(0.,-1.,0.));
#6477=DIRECTION('',(-1.,0.,0.));
#6478=DIRECTION('center_axis',(0.,0.,1.));
#6479=DIRECTION('ref_axis',(-1.,0.,0.));
#6480=DIRECTION('center_axis',(0.,0.,1.));
#6481=DIRECTION('ref_axis',(-1.,0.,0.));
#6482=DIRECTION('center_axis',(0.,0.,-1.));
#6483=DIRECTION('ref_axis',(1.,0.,0.));
#6484=DIRECTION('center_axis',(0.,0.,-1.));
#6485=DIRECTION('ref_axis',(1.,0.,0.));
#6486=DIRECTION('center_axis',(0.,0.,1.));
#6487=DIRECTION('ref_axis',(0.559192903470744,0.829037572555044,0.));
#6488=DIRECTION('',(0.190808995376545,-0.981627183447664,0.));
#6489=DIRECTION('center_axis',(0.,0.,-1.));
#6490=DIRECTION('ref_axis',(-0.636078220277766,-0.771624583387718,0.));
#6491=DIRECTION('',(1.,3.07730284454812E-16,0.));
#6492=DIRECTION('center_axis',(0.,0.,-1.));
#6493=DIRECTION('ref_axis',(0.636078220277766,-0.771624583387718,0.));
#6494=DIRECTION('',(-0.190808995376545,-0.981627183447664,0.));
#6495=DIRECTION('center_axis',(0.,0.,1.));
#6496=DIRECTION('ref_axis',(-0.559192903470741,0.829037572555046,0.));
#6497=DIRECTION('',(-0.981627183447664,0.190808995376546,0.));
#6498=DIRECTION('',(-0.190808995376545,-0.981627183447664,0.));
#6499=DIRECTION('center_axis',(0.,0.,-1.));
#6500=DIRECTION('ref_axis',(0.995396198367179,-0.0958457525202243,0.));
#6501=DIRECTION('',(0.,-1.,0.));
#6502=DIRECTION('center_axis',(0.,0.,-1.));
#6503=DIRECTION('ref_axis',(0.707106781186548,0.707106781186548,0.));
#6504=DIRECTION('',(1.,0.,0.));
#6505=DIRECTION('center_axis',(0.,0.,1.));
#6506=DIRECTION('ref_axis',(-0.707106781186548,-0.707106781186548,0.));
#6507=DIRECTION('',(0.,-1.,0.));
#6508=DIRECTION('center_axis',(0.,0.,-1.));
#6509=DIRECTION('ref_axis',(0.707106781186548,0.707106781186548,0.));
#6510=DIRECTION('',(-1.,0.,0.));
#6511=DIRECTION('center_axis',(0.,0.,-1.));
#6512=DIRECTION('ref_axis',(-0.707106781186548,0.707106781186548,0.));
#6513=DIRECTION('',(0.,-1.,0.));
#6514=DIRECTION('center_axis',(0.,0.,1.));
#6515=DIRECTION('ref_axis',(0.707106781186548,-0.707106781186548,0.));
#6516=DIRECTION('',(-1.,0.,0.));
#6517=DIRECTION('center_axis',(0.,0.,-1.));
#6518=DIRECTION('ref_axis',(-0.707106781186548,0.707106781186548,0.));
#6519=DIRECTION('',(0.,-1.,0.));
#6520=DIRECTION('center_axis',(0.,0.,-1.));
#6521=DIRECTION('ref_axis',(-0.995396198367179,-0.0958457525202244,0.));
#6522=DIRECTION('',(0.190808995376545,-0.981627183447664,0.));
#6523=DIRECTION('',(0.981627183447664,0.190808995376546,0.));
#6524=DIRECTION('center_axis',(0.,0.,1.));
#6525=DIRECTION('ref_axis',(-0.995396198367179,-0.0958457525202249,0.));
#6526=DIRECTION('',(0.,0.,1.));
#6527=DIRECTION('center_axis',(0.,0.,-1.));
#6528=DIRECTION('ref_axis',(-0.981627183447664,-0.190808995376546,0.));
#6529=DIRECTION('',(0.,0.,-1.));
#6530=DIRECTION('center_axis',(-0.960024821849986,-0.279914882476626,0.));
#6531=DIRECTION('ref_axis',(-0.279914882476626,0.960024821849986,0.));
#6532=DIRECTION('center_axis',(0.981627183447664,0.190808995376545,0.));
#6533=DIRECTION('ref_axis',(-0.190808995376545,0.981627183447664,0.));
#6534=DIRECTION('center_axis',(-0.981627183447664,-0.190808995376545,0.));
#6535=DIRECTION('ref_axis',(0.190808995376545,-0.981627183447664,0.));
#6536=DIRECTION('',(0.,0.,1.));
#6537=DIRECTION('',(0.190808995376545,-0.981627183447664,0.));
#6538=DIRECTION('',(0.190808995376545,-0.981627183447664,0.));
#6539=DIRECTION('center_axis',(0.,0.,-1.));
#6540=DIRECTION('ref_axis',(-1.,0.,0.));
#6541=DIRECTION('center_axis',(0.948683298050514,0.316227766016837,0.));
#6542=DIRECTION('ref_axis',(-0.316227766016837,0.948683298050514,0.));
#6543=DIRECTION('center_axis',(-0.316227766016837,-0.948683298050514,0.));
#6544=DIRECTION('ref_axis',(-0.948683298050514,0.316227766016837,0.));
#6545=DIRECTION('center_axis',(0.,0.,-1.));
#6546=DIRECTION('ref_axis',(-1.,0.,0.));
#6547=DIRECTION('center_axis',(0.948683298050514,0.316227766016837,0.));
#6548=DIRECTION('ref_axis',(-0.316227766016837,0.948683298050514,0.));
#6549=DIRECTION('center_axis',(-0.316227766016837,-0.948683298050514,0.));
#6550=DIRECTION('ref_axis',(-0.948683298050514,0.316227766016837,0.));
#6551=DIRECTION('center_axis',(0.,0.,-1.));
#6552=DIRECTION('ref_axis',(0.,1.,0.));
#6553=DIRECTION('center_axis',(0.316227766016837,-0.948683298050514,0.));
#6554=DIRECTION('ref_axis',(0.948683298050514,0.316227766016837,0.));
#6555=DIRECTION('center_axis',(-0.948683298050514,0.316227766016837,0.));
#6556=DIRECTION('ref_axis',(0.316227766016837,0.948683298050514,0.));
#6557=DIRECTION('center_axis',(0.,0.,-1.));
#6558=DIRECTION('ref_axis',(0.,1.,0.));
#6559=DIRECTION('center_axis',(0.316227766016837,-0.948683298050514,0.));
#6560=DIRECTION('ref_axis',(0.948683298050514,0.316227766016837,0.));
#6561=DIRECTION('center_axis',(-0.948683298050514,0.316227766016837,0.));
#6562=DIRECTION('ref_axis',(0.316227766016837,0.948683298050514,0.));
#6563=DIRECTION('center_axis',(0.,0.,1.));
#6564=DIRECTION('ref_axis',(0.995396198367179,-0.0958457525202243,0.));
#6565=DIRECTION('center_axis',(0.,0.,1.));
#6566=DIRECTION('ref_axis',(0.981627183447664,-0.190808995376545,0.));
#6567=DIRECTION('',(0.,0.,-1.));
#6568=DIRECTION('',(0.,0.,1.));
#6569=DIRECTION('center_axis',(0.,1.,-7.40148683083438E-16));
#6570=DIRECTION('ref_axis',(0.,7.40148683083438E-16,1.));
#6571=DIRECTION('center_axis',(1.,0.,0.));
#6572=DIRECTION('ref_axis',(0.,-1.,0.));
#6573=DIRECTION('center_axis',(-0.966297631138999,-0.257427442311731,-1.14320749449939E-16));
#6574=DIRECTION('ref_axis',(0.257427442311731,-0.966297631138998,0.));
#6575=DIRECTION('center_axis',(0.,-1.,0.));
#6576=DIRECTION('ref_axis',(0.707106781186548,0.,0.707106781186547));
#6577=DIRECTION('',(0.,-1.,0.));
#6578=DIRECTION('',(0.,1.,0.));
#6579=DIRECTION('center_axis',(1.,0.,0.));
#6580=DIRECTION('ref_axis',(0.,0.707106781186548,0.707106781186547));
#6581=DIRECTION('',(-1.,0.,0.));
#6582=DIRECTION('center_axis',(-1.,0.,0.));
#6583=DIRECTION('ref_axis',(0.,0.,1.));
#6584=DIRECTION('',(1.,0.,0.));
#6585=DIRECTION('center_axis',(0.,0.,-1.));
#6586=DIRECTION('ref_axis',(-1.,0.,0.));
#6587=DIRECTION('center_axis',(0.,1.,0.));
#6588=DIRECTION('ref_axis',(0.,0.,1.));
#6589=DIRECTION('center_axis',(0.,0.,1.));
#6590=DIRECTION('ref_axis',(-0.707106781186548,-0.707106781186548,0.));
#6591=DIRECTION('center_axis',(0.,0.,-1.));
#6592=DIRECTION('ref_axis',(-0.707106781186547,-0.707106781186547,0.));
#6593=DIRECTION('center_axis',(0.,-1.,0.));
#6594=DIRECTION('ref_axis',(0.707106781186548,0.,0.707106781186547));
#6595=DIRECTION('',(0.,-1.,0.));
#6596=DIRECTION('',(0.,1.,0.));
#6597=DIRECTION('center_axis',(-1.,0.,0.));
#6598=DIRECTION('ref_axis',(0.,0.707106781186548,0.707106781186547));
#6599=DIRECTION('',(1.,0.,0.));
#6600=DIRECTION('',(-1.,0.,0.));
#6601=DIRECTION('center_axis',(0.,-1.,0.));
#6602=DIRECTION('ref_axis',(-0.707106781186548,0.,0.707106781186547));
#6603=DIRECTION('',(0.,-1.,0.));
#6604=DIRECTION('center_axis',(0.,-1.,0.));
#6605=DIRECTION('ref_axis',(0.,0.,1.));
#6606=DIRECTION('',(0.,1.,0.));
#6607=DIRECTION('center_axis',(0.,0.,-1.));
#6608=DIRECTION('ref_axis',(-1.,0.,0.));
#6609=DIRECTION('center_axis',(-1.,0.,0.));
#6610=DIRECTION('ref_axis',(0.,0.,1.));
#6611=DIRECTION('center_axis',(0.,0.,1.));
#6612=DIRECTION('ref_axis',(0.707106781186548,-0.707106781186548,0.));
#6613=DIRECTION('center_axis',(0.,0.,-1.));
#6614=DIRECTION('ref_axis',(0.707106781186547,-0.707106781186547,0.));
#6615=DIRECTION('center_axis',(-1.,0.,0.));
#6616=DIRECTION('ref_axis',(0.,0.707106781186548,0.707106781186547));
#6617=DIRECTION('',(1.,0.,0.));
#6618=DIRECTION('',(-1.,0.,0.));
#6619=DIRECTION('center_axis',(0.,-1.,0.));
#6620=DIRECTION('ref_axis',(-0.707106781186548,0.,0.707106781186547));
#6621=DIRECTION('',(0.,-1.,0.));
#6622=DIRECTION('center_axis',(0.,-1.,-7.40148683083438E-16));
#6623=DIRECTION('ref_axis',(0.,-7.40148683083438E-16,1.));
#6624=DIRECTION('',(0.,1.,0.));
#6625=DIRECTION('center_axis',(0.,0.,-1.));
#6626=DIRECTION('ref_axis',(-0.981627183447664,-0.190808995376543,0.));
#6627=DIRECTION('center_axis',(-1.,0.,0.));
#6628=DIRECTION('ref_axis',(0.,-1.,2.64800674965794E-17));
#6629=DIRECTION('center_axis',(0.966297631138999,-0.257427442311731,1.14320749449939E-16));
#6630=DIRECTION('ref_axis',(-0.257427442311731,-0.966297631138999,6.06564875231486E-17));
#6631=DIRECTION('center_axis',(0.,0.,1.));
#6632=DIRECTION('ref_axis',(-0.995396198367179,-0.0958457525202244,0.));
#6633=DIRECTION('',(0.,0.,1.));
#6634=DIRECTION('',(0.,0.,-1.));
#6635=DIRECTION('center_axis',(-1.,0.,0.));
#6636=DIRECTION('ref_axis',(0.,-1.,0.));
#6637=DIRECTION('',(0.,0.,1.));
#6638=DIRECTION('center_axis',(0.,0.,1.));
#6639=DIRECTION('ref_axis',(0.707106781186548,0.707106781186548,0.));
#6640=DIRECTION('',(0.,0.,-1.));
#6641=DIRECTION('center_axis',(0.,-1.,0.));
#6642=DIRECTION('ref_axis',(1.,0.,0.));
#6643=DIRECTION('',(0.,0.,1.));
#6644=DIRECTION('center_axis',(0.,0.,1.));
#6645=DIRECTION('ref_axis',(-0.707106781186548,-0.707106781186548,0.));
#6646=DIRECTION('',(0.,0.,-1.));
#6647=DIRECTION('center_axis',(-1.,0.,0.));
#6648=DIRECTION('ref_axis',(0.,-1.,0.));
#6649=DIRECTION('',(0.,0.,1.));
#6650=DIRECTION('center_axis',(0.,0.,-1.));
#6651=DIRECTION('ref_axis',(0.707106781186548,0.707106781186548,0.));
#6652=DIRECTION('',(0.,0.,-1.));
#6653=DIRECTION('center_axis',(0.,-1.,0.));
#6654=DIRECTION('ref_axis',(1.,0.,0.));
#6655=DIRECTION('',(0.,0.,1.));
#6656=DIRECTION('center_axis',(0.,0.,-1.));
#6657=DIRECTION('ref_axis',(-0.707106781186548,0.707106781186548,0.));
#6658=DIRECTION('',(0.,0.,-1.));
#6659=DIRECTION('center_axis',(-1.,0.,0.));
#6660=DIRECTION('ref_axis',(0.,-1.,0.));
#6661=DIRECTION('',(0.,0.,1.));
#6662=DIRECTION('center_axis',(0.,0.,1.));
#6663=DIRECTION('ref_axis',(0.707106781186548,-0.707106781186548,0.));
#6664=DIRECTION('',(0.,0.,-1.));
#6665=DIRECTION('center_axis',(0.,1.,0.));
#6666=DIRECTION('ref_axis',(-1.,0.,0.));
#6667=DIRECTION('',(0.,0.,1.));
#6668=DIRECTION('center_axis',(0.,0.,1.));
#6669=DIRECTION('ref_axis',(-0.707106781186548,0.707106781186548,0.));
#6670=DIRECTION('',(0.,0.,-1.));
#6671=DIRECTION('center_axis',(-1.,0.,0.));
#6672=DIRECTION('ref_axis',(0.,-1.,0.));
#6673=DIRECTION('center_axis',(0.,0.,1.));
#6674=DIRECTION('ref_axis',(0.559192903470744,0.829037572555044,0.));
#6675=DIRECTION('',(0.,0.,1.));
#6676=DIRECTION('center_axis',(0.,0.,-1.));
#6677=DIRECTION('ref_axis',(-0.190808995376547,0.981627183447664,0.));
#6678=DIRECTION('',(0.,0.,-1.));
#6679=DIRECTION('center_axis',(-0.190808995376546,0.981627183447664,0.));
#6680=DIRECTION('ref_axis',(0.,0.,1.));
#6681=DIRECTION('center_axis',(0.190808995376546,-0.981627183447664,0.));
#6682=DIRECTION('ref_axis',(-0.694115238012893,-0.134922334542149,0.707106781186548));
#6683=DIRECTION('center_axis',(-0.190808995376546,0.981627183447664,0.));
#6684=DIRECTION('ref_axis',(-0.694115238012893,-0.134922334542148,0.707106781186548));
#6685=DIRECTION('center_axis',(0.190808995376546,-0.981627183447664,0.));
#6686=DIRECTION('ref_axis',(0.981627183447664,0.190808995376546,0.));
#6687=DIRECTION('',(0.,0.,1.));
#6688=DIRECTION('center_axis',(-0.190808995376546,0.981627183447664,0.));
#6689=DIRECTION('ref_axis',(-0.694115238012894,-0.134922334542148,0.707106781186548));
#6690=DIRECTION('',(0.981627183447664,0.190808995376546,0.));
#6691=DIRECTION('center_axis',(-0.981627183447664,-0.190808995376546,0.));
#6692=DIRECTION('ref_axis',(0.190808995376545,-0.981627183447664,0.));
#6693=DIRECTION('',(-0.190808995376545,0.981627183447664,0.));
#6694=DIRECTION('',(0.,0.,1.));
#6695=DIRECTION('center_axis',(0.,0.,1.));
#6696=DIRECTION('ref_axis',(-0.559192903470741,0.829037572555046,0.));
#6697=DIRECTION('',(0.,0.,1.));
#6698=DIRECTION('center_axis',(0.,0.,-1.));
#6699=DIRECTION('ref_axis',(-0.981627183447664,0.190808995376544,0.));
#6700=DIRECTION('',(0.,0.,-1.));
#6701=DIRECTION('center_axis',(0.190808995376546,0.981627183447664,0.));
#6702=DIRECTION('ref_axis',(0.,0.,1.));
#6703=DIRECTION('center_axis',(0.190808995376546,0.981627183447664,0.));
#6704=DIRECTION('ref_axis',(0.694115238012892,-0.134922334542148,0.707106781186549));
#6705=DIRECTION('center_axis',(-0.190808995376546,-0.981627183447664,0.));
#6706=DIRECTION('ref_axis',(0.694115238012892,-0.134922334542148,0.707106781186549));
#6707=DIRECTION('center_axis',(-0.190808995376546,-0.981627183447664,0.));
#6708=DIRECTION('ref_axis',(0.694115238012893,-0.13492233454215,0.707106781186548));
#6709=DIRECTION('',(-0.190808995376545,-0.981627183447664,0.));
#6710=DIRECTION('center_axis',(-0.190808995376548,-0.981627183447663,0.));
#6711=DIRECTION('ref_axis',(0.981627183447663,-0.190808995376548,0.));
#6712=DIRECTION('',(0.190808995376545,0.981627183447664,0.));
#6713=DIRECTION('center_axis',(-0.981627183447664,0.190808995376546,0.));
#6714=DIRECTION('ref_axis',(-0.190808995376545,-0.981627183447664,0.));
#6715=DIRECTION('',(0.,0.,-1.));
#6716=DIRECTION('center_axis',(0.190808995376546,-0.981627183447664,0.));
#6717=DIRECTION('ref_axis',(-0.694115238012894,-0.134922334542147,0.707106781186548));
#6718=DIRECTION('',(0.190808995376545,-0.981627183447664,0.));
#6719=DIRECTION('center_axis',(0.190808995376548,-0.981627183447663,8.71860080529231E-15));
#6720=DIRECTION('ref_axis',(0.,8.88178419700125E-15,1.));
#6721=DIRECTION('center_axis',(0.,0.,1.));
#6722=DIRECTION('ref_axis',(-0.636078220277766,-0.771624583387718,0.));
#6723=DIRECTION('center_axis',(0.,0.,1.));
#6724=DIRECTION('ref_axis',(-0.981627183447663,-0.190808995376548,0.));
#6725=DIRECTION('',(0.,0.,-1.));
#6726=DIRECTION('center_axis',(-0.845606312206804,0.408785913222189,-0.343284199908924));
#6727=DIRECTION('ref_axis',(-0.533807048244972,-0.647559730989676,0.543798151931918));
#6728=DIRECTION('center_axis',(1.,3.07730284454812E-16,0.));
#6729=DIRECTION('ref_axis',(0.,-0.707106781186546,0.707106781186549));
#6730=DIRECTION('center_axis',(0.,0.,1.));
#6731=DIRECTION('ref_axis',(0.636078220277766,-0.771624583387718,0.));
#6732=DIRECTION('center_axis',(0.,0.,1.));
#6733=DIRECTION('ref_axis',(-4.44089209850064E-15,-1.,0.));
#6734=DIRECTION('',(0.,0.,1.));
#6735=DIRECTION('center_axis',(-0.845606312206802,-0.40878591322219,0.343284199908928));
#6736=DIRECTION('ref_axis',(0.533807048244974,-0.647559730989671,0.543798151931921));
#6737=DIRECTION('center_axis',(-1.,-3.07730284454812E-16,0.));
#6738=DIRECTION('ref_axis',(0.,-0.707106781186546,0.707106781186549));
#6739=DIRECTION('center_axis',(0.,0.,1.));
#6740=DIRECTION('ref_axis',(1.,0.,0.));
#6741=DIRECTION('',(0.190808995376545,0.981627183447664,0.));
#6742=DIRECTION('',(-0.981627183447664,0.190808995376546,0.));
#6743=DIRECTION('',(1.,3.07730284454812E-16,0.));
#6744=DIRECTION('',(-6.12323399573677E-17,1.,0.));
#6745=DIRECTION('',(1.,0.,0.));
#6746=DIRECTION('center_axis',(0.,0.,-1.));
#6747=DIRECTION('ref_axis',(0.707106781186548,-0.707106781186547,0.));
#6748=DIRECTION('',(0.,1.,0.));
#6749=DIRECTION('center_axis',(0.,0.,-1.));
#6750=DIRECTION('ref_axis',(0.707106781186548,0.707106781186548,0.));
#6751=DIRECTION('',(-1.,0.,0.));
#6752=DIRECTION('',(-6.12323399573677E-17,1.,0.));
#6753=DIRECTION('',(-1.,0.,0.));
#6754=DIRECTION('',(6.12323399573677E-17,1.,0.));
#6755=DIRECTION('',(-1.,0.,0.));
#6756=DIRECTION('center_axis',(0.,0.,-1.));
#6757=DIRECTION('ref_axis',(-0.707106781186547,0.707106781186548,0.));
#6758=DIRECTION('',(0.,-1.,0.));
#6759=DIRECTION('center_axis',(0.,0.,-1.));
#6760=DIRECTION('ref_axis',(-0.707106781186549,-0.707106781186546,0.));
#6761=DIRECTION('',(1.,0.,0.));
#6762=DIRECTION('',(6.12323399573677E-17,1.,0.));
#6763=DIRECTION('',(1.,3.07730284454812E-16,0.));
#6764=DIRECTION('',(0.190808995376545,-0.981627183447664,0.));
#6765=DIRECTION('center_axis',(0.,0.,1.));
#6766=DIRECTION('ref_axis',(0.427246629641104,0.904135121240358,0.));
#6767=DIRECTION('center_axis',(0.,0.,1.));
#6768=DIRECTION('ref_axis',(-0.885249595845315,-0.465116279069768,0.));
#6769=DIRECTION('center_axis',(0.,0.,1.));
#6770=DIRECTION('ref_axis',(0.904135121240359,0.427246629641102,0.));
#6771=DIRECTION('',(0.,-1.,0.));
#6772=DIRECTION('center_axis',(0.,0.,1.));
#6773=DIRECTION('ref_axis',(-0.99999999999984,-5.66244131583369E-7,0.));
#6774=DIRECTION('',(0.,1.,0.));
#6775=DIRECTION('center_axis',(0.,0.,1.));
#6776=DIRECTION('ref_axis',(-0.904135121240359,0.427246629641102,0.));
#6777=DIRECTION('center_axis',(0.,0.,1.));
#6778=DIRECTION('ref_axis',(0.465116279069768,-0.885249595845315,0.));
#6779=DIRECTION('center_axis',(0.,0.,1.));
#6780=DIRECTION('ref_axis',(0.427246629641104,-0.904135121240358,0.));
#6781=DIRECTION('',(-1.,0.,0.));
#6782=DIRECTION('center_axis',(0.,0.,1.));
#6783=DIRECTION('ref_axis',(0.,1.,0.));
#6784=DIRECTION('',(1.,0.,0.));
#6785=DIRECTION('center_axis',(0.,0.,1.));
#6786=DIRECTION('ref_axis',(-0.427246629641104,0.904135121240358,0.));
#6787=DIRECTION('',(1.,0.,0.));
#6788=DIRECTION('center_axis',(0.,0.,1.));
#6789=DIRECTION('ref_axis',(0.,-1.,0.));
#6790=DIRECTION('',(-1.,0.,0.));
#6791=DIRECTION('center_axis',(0.,0.,1.));
#6792=DIRECTION('ref_axis',(-0.427246629641104,-0.904135121240358,0.));
#6793=DIRECTION('center_axis',(0.,0.,1.));
#6794=DIRECTION('ref_axis',(0.885249595845315,0.465116279069768,0.));
#6795=DIRECTION('center_axis',(0.,0.,1.));
#6796=DIRECTION('ref_axis',(0.904135121240359,0.427246629641102,0.));
#6797=DIRECTION('',(0.,-1.,0.));
#6798=DIRECTION('center_axis',(0.,0.,1.));
#6799=DIRECTION('ref_axis',(-0.99999999999984,-5.6624398814259E-7,0.));
#6800=DIRECTION('',(0.,1.,0.));
#6801=DIRECTION('center_axis',(0.,0.,1.));
#6802=DIRECTION('ref_axis',(-0.904135121240359,0.427246629641102,0.));
#6803=DIRECTION('center_axis',(0.,0.,1.));
#6804=DIRECTION('ref_axis',(0.465116279069768,-0.885249595845315,0.));
#6805=DIRECTION('center_axis',(0.,0.,1.));
#6806=DIRECTION('ref_axis',(-0.904135121240361,-0.427246629641098,0.));
#6807=DIRECTION('',(0.,1.,0.));
#6808=DIRECTION('center_axis',(0.,0.,1.));
#6809=DIRECTION('ref_axis',(0.99999999999984,5.66244136024261E-7,0.));
#6810=DIRECTION('',(0.,-1.,0.));
#6811=DIRECTION('center_axis',(0.,0.,1.));
#6812=DIRECTION('ref_axis',(0.904135121240361,-0.427246629641098,0.));
#6813=DIRECTION('center_axis',(0.,0.,1.));
#6814=DIRECTION('ref_axis',(-0.465116279069768,0.885249595845315,0.));
#6815=DIRECTION('center_axis',(0.,0.,1.));
#6816=DIRECTION('ref_axis',(-0.427246629641106,0.904135121240358,0.));
#6817=DIRECTION('',(1.,0.,0.));
#6818=DIRECTION('center_axis',(0.,0.,1.));
#6819=DIRECTION('ref_axis',(0.,-1.,0.));
#6820=DIRECTION('',(-1.,0.,0.));
#6821=DIRECTION('center_axis',(0.,0.,1.));
#6822=DIRECTION('ref_axis',(-0.427246629641106,-0.904135121240358,0.));
#6823=DIRECTION('center_axis',(0.,0.,1.));
#6824=DIRECTION('ref_axis',(0.885249595845314,0.46511627906977,0.));
#6825=DIRECTION('center_axis',(0.,0.,1.));
#6826=DIRECTION('ref_axis',(0.904135121240361,-0.427246629641098,0.));
#6827=DIRECTION('center_axis',(0.,0.,1.));
#6828=DIRECTION('ref_axis',(-0.465116279069768,0.885249595845315,0.));
#6829=DIRECTION('center_axis',(0.,0.,1.));
#6830=DIRECTION('ref_axis',(0.427246629641106,-0.904135121240358,0.));
#6831=DIRECTION('',(-1.,0.,0.));
#6832=DIRECTION('center_axis',(0.,0.,1.));
#6833=DIRECTION('ref_axis',(0.,1.,0.));
#6834=DIRECTION('',(1.,0.,0.));
#6835=DIRECTION('center_axis',(0.,0.,1.));
#6836=DIRECTION('ref_axis',(0.427246629641106,0.904135121240358,0.));
#6837=DIRECTION('center_axis',(0.,0.,1.));
#6838=DIRECTION('ref_axis',(-0.885249595845314,-0.46511627906977,0.));
#6839=DIRECTION('center_axis',(0.,0.,1.));
#6840=DIRECTION('ref_axis',(-0.904135121240361,-0.427246629641098,0.));
#6841=DIRECTION('',(0.,1.,0.));
#6842=DIRECTION('center_axis',(0.,0.,1.));
#6843=DIRECTION('ref_axis',(0.99999999999984,5.66243992583481E-7,0.));
#6844=DIRECTION('',(0.,-1.,0.));
#6845=DIRECTION('center_axis',(-1.,0.,0.));
#6846=DIRECTION('ref_axis',(0.,0.944911182523068,0.32732683535399));
#6847=DIRECTION('center_axis',(1.,0.,0.));
#6848=DIRECTION('ref_axis',(0.,0.944911182523068,0.32732683535399));
#6849=DIRECTION('',(1.,0.,0.));
#6850=DIRECTION('center_axis',(-1.,0.,0.));
#6851=DIRECTION('ref_axis',(0.,0.944911182523068,0.32732683535399));
#6852=DIRECTION('',(-1.,0.,0.));
#6853=DIRECTION('center_axis',(-1.,0.,0.));
#6854=DIRECTION('ref_axis',(0.,0.714142842854286,0.699999999999999));
#6855=DIRECTION('center_axis',(1.,0.,0.));
#6856=DIRECTION('ref_axis',(0.,0.714142842854286,0.699999999999999));
#6857=DIRECTION('',(-1.,0.,0.));
#6858=DIRECTION('center_axis',(-1.,0.,0.));
#6859=DIRECTION('ref_axis',(0.,0.714142842854286,0.699999999999999));
#6860=DIRECTION('center_axis',(-1.,0.,0.));
#6861=DIRECTION('ref_axis',(0.,-1.,0.));
#6862=DIRECTION('',(0.,-1.,0.));
#6863=DIRECTION('',(0.,0.,-1.));
#6864=DIRECTION('',(0.,-1.,0.));
#6865=DIRECTION('',(0.,0.,1.));
#6866=DIRECTION('',(0.,-1.,0.));
#6867=DIRECTION('center_axis',(1.,0.,0.));
#6868=DIRECTION('ref_axis',(0.,-0.680413817439767,-0.732828108792944));
#6869=DIRECTION('center_axis',(1.,0.,0.));
#6870=DIRECTION('ref_axis',(0.,-1.,1.22464679914735E-16));
#6871=DIRECTION('center_axis',(1.,0.,0.));
#6872=DIRECTION('ref_axis',(0.,0.680413817439773,-0.732828108792939));
#6873=DIRECTION('',(0.,0.,-1.));
#6874=DIRECTION('center_axis',(1.,0.,0.));
#6875=DIRECTION('ref_axis',(0.,-1.,0.));
#6876=DIRECTION('',(0.,0.,1.));
#6877=DIRECTION('center_axis',(1.,0.,0.));
#6878=DIRECTION('ref_axis',(0.,-0.707106781186546,0.707106781186549));
#6879=DIRECTION('',(0.,1.,0.));
#6880=DIRECTION('center_axis',(1.,0.,0.));
#6881=DIRECTION('ref_axis',(0.,0.,-1.));
#6882=DIRECTION('',(0.,-1.,1.61903307770821E-16));
#6883=DIRECTION('center_axis',(1.,0.,0.));
#6884=DIRECTION('ref_axis',(0.,-0.327326835353994,-0.944911182523066));
#6885=DIRECTION('center_axis',(1.,0.,0.));
#6886=DIRECTION('ref_axis',(0.,0.327326835353995,-0.944911182523066));
#6887=DIRECTION('',(0.,-1.,1.61903307770821E-16));
#6888=DIRECTION('center_axis',(1.,0.,0.));
#6889=DIRECTION('ref_axis',(0.,0.,1.));
#6890=DIRECTION('',(0.,1.,0.));
#6891=DIRECTION('center_axis',(1.,0.,0.));
#6892=DIRECTION('ref_axis',(0.,0.70710678118654,0.707106781186555));
#6893=DIRECTION('',(0.,0.,-1.));
#6894=DIRECTION('center_axis',(1.,0.,0.));
#6895=DIRECTION('ref_axis',(0.,-1.,0.));
#6896=DIRECTION('',(0.,6.08036471955003E-16,1.));
#6897=DIRECTION('center_axis',(1.,0.,0.));
#6898=DIRECTION('ref_axis',(0.,-0.944911182523068,0.327326835353988));
#6899=DIRECTION('center_axis',(1.,0.,0.));
#6900=DIRECTION('ref_axis',(0.,0.700000000000002,-0.714142842854283));
#6901=DIRECTION('center_axis',(-1.,0.,0.));
#6902=DIRECTION('ref_axis',(0.,-0.707106781186546,0.707106781186549));
#6903=DIRECTION('',(1.,0.,0.));
#6904=DIRECTION('center_axis',(-1.,0.,0.));
#6905=DIRECTION('ref_axis',(0.,-0.707106781186546,0.707106781186549));
#6906=DIRECTION('',(-1.,0.,0.));
#6907=DIRECTION('center_axis',(0.,1.,0.));
#6908=DIRECTION('ref_axis',(0.,0.,-1.));
#6909=DIRECTION('',(-1.,0.,0.));
#6910=DIRECTION('',(0.,0.,-1.));
#6911=DIRECTION('center_axis',(-1.,0.,0.));
#6912=DIRECTION('ref_axis',(0.,-0.327326835353994,-0.944911182523066));
#6913=DIRECTION('',(1.,0.,0.));
#6914=DIRECTION('center_axis',(-1.,0.,0.));
#6915=DIRECTION('ref_axis',(0.,-0.327326835353994,-0.944911182523066));
#6916=DIRECTION('center_axis',(1.,0.,0.));
#6917=DIRECTION('ref_axis',(0.,1.,0.));
#6918=DIRECTION('',(0.,1.,0.));
#6919=DIRECTION('',(0.,0.,1.));
#6920=DIRECTION('',(0.,-1.,0.));
#6921=DIRECTION('',(0.,0.,-1.));
#6922=DIRECTION('center_axis',(-1.,0.,0.));
#6923=DIRECTION('ref_axis',(0.,0.680413817439773,-0.732828108792939));
#6924=DIRECTION('center_axis',(-1.,0.,0.));
#6925=DIRECTION('ref_axis',(0.,-1.,1.22464679914735E-16));
#6926=DIRECTION('center_axis',(-1.,0.,0.));
#6927=DIRECTION('ref_axis',(0.,-0.680413817439767,-0.732828108792944));
#6928=DIRECTION('',(0.,-1.,0.));
#6929=DIRECTION('',(0.,0.,-1.));
#6930=DIRECTION('',(0.,1.,-1.61903307770821E-16));
#6931=DIRECTION('center_axis',(-1.,0.,0.));
#6932=DIRECTION('ref_axis',(0.,0.,-1.));
#6933=DIRECTION('',(0.,-1.,0.));
#6934=DIRECTION('center_axis',(-1.,0.,0.));
#6935=DIRECTION('ref_axis',(0.,-1.,0.));
#6936=DIRECTION('',(0.,0.,1.));
#6937=DIRECTION('center_axis',(-1.,0.,0.));
#6938=DIRECTION('ref_axis',(0.,0.327326835353995,-0.944911182523066));
#6939=DIRECTION('center_axis',(-1.,0.,0.));
#6940=DIRECTION('ref_axis',(0.,0.700000000000002,-0.714142842854283));
#6941=DIRECTION('center_axis',(-1.,0.,0.));
#6942=DIRECTION('ref_axis',(0.,-0.944911182523068,0.327326835353988));
#6943=DIRECTION('',(0.,-6.08036471955003E-16,-1.));
#6944=DIRECTION('center_axis',(-1.,0.,0.));
#6945=DIRECTION('ref_axis',(0.,-1.,0.));
#6946=DIRECTION('',(0.,0.,1.));
#6947=DIRECTION('center_axis',(-1.,0.,0.));
#6948=DIRECTION('ref_axis',(0.,0.70710678118654,0.707106781186555));
#6949=DIRECTION('',(0.,-1.,0.));
#6950=DIRECTION('center_axis',(-1.,0.,0.));
#6951=DIRECTION('ref_axis',(0.,0.,1.));
#6952=DIRECTION('',(0.,1.,-1.61903307770821E-16));
#6953=DIRECTION('center_axis',(-1.,0.,0.));
#6954=DIRECTION('ref_axis',(0.,0.327326835353995,-0.944911182523066));
#6955=DIRECTION('',(1.,0.,0.));
#6956=DIRECTION('',(-1.,0.,0.));
#6957=DIRECTION('center_axis',(-1.,0.,0.));
#6958=DIRECTION('ref_axis',(0.,0.700000000000002,-0.714142842854283));
#6959=DIRECTION('',(-1.,0.,0.));
#6960=DIRECTION('center_axis',(-1.,0.,0.));
#6961=DIRECTION('ref_axis',(0.,0.70710678118654,0.707106781186555));
#6962=DIRECTION('',(1.,0.,0.));
#6963=DIRECTION('',(-1.,0.,0.));
#6964=DIRECTION('center_axis',(0.,0.,-1.));
#6965=DIRECTION('ref_axis',(0.,-1.,0.));
#6966=DIRECTION('',(-1.,0.,0.));
#6967=DIRECTION('center_axis',(-1.,0.,0.));
#6968=DIRECTION('ref_axis',(0.,-0.944911182523068,0.327326835353988));
#6969=DIRECTION('',(1.,0.,0.));
#6970=DIRECTION('center_axis',(1.,0.,0.));
#6971=DIRECTION('ref_axis',(0.,-0.944911182523068,0.327326835353988));
#6972=DIRECTION('',(-1.,0.,0.));
#6973=DIRECTION('center_axis',(1.,0.,0.));
#6974=DIRECTION('ref_axis',(0.,-0.944911182523068,0.327326835353988));
#6975=DIRECTION('',(1.,0.,0.));
#6976=DIRECTION('center_axis',(0.,-1.,6.08036471955003E-16));
#6977=DIRECTION('ref_axis',(0.,-6.08036471955003E-16,-1.));
#6978=DIRECTION('',(0.,-6.08036471955003E-16,-1.));
#6979=DIRECTION('',(1.,0.,0.));
#6980=DIRECTION('center_axis',(1.,0.,0.));
#6981=DIRECTION('ref_axis',(0.,1.,0.));
#6982=DIRECTION('',(0.,-1.,0.));
#6983=DIRECTION('',(0.,0.,1.));
#6984=DIRECTION('',(0.,-1.,0.));
#6985=DIRECTION('center_axis',(1.,0.,0.));
#6986=DIRECTION('ref_axis',(0.,-0.680413817439767,-0.732828108792944));
#6987=DIRECTION('center_axis',(-1.,0.,0.));
#6988=DIRECTION('ref_axis',(0.,-1.,1.22464679914735E-16));
#6989=DIRECTION('center_axis',(1.,0.,0.));
#6990=DIRECTION('ref_axis',(0.,0.680413817439773,-0.732828108792939));
#6991=DIRECTION('',(0.,0.,-1.));
#6992=DIRECTION('',(0.,1.,0.));
#6993=DIRECTION('',(0.,0.,1.));
#6994=DIRECTION('center_axis',(1.,0.,0.));
#6995=DIRECTION('ref_axis',(0.,0.944911182523068,0.32732683535399));
#6996=DIRECTION('',(0.,0.,1.));
#6997=DIRECTION('center_axis',(-1.,0.,0.));
#6998=DIRECTION('ref_axis',(0.,-1.,0.));
#6999=DIRECTION('',(0.,0.,-1.));
#7000=DIRECTION('center_axis',(1.,0.,0.));
#7001=DIRECTION('ref_axis',(0.,-0.707106781186546,0.707106781186549));
#7002=DIRECTION('',(0.,-1.,0.));
#7003=DIRECTION('center_axis',(-1.,0.,0.));
#7004=DIRECTION('ref_axis',(0.,0.,-1.));
#7005=DIRECTION('',(0.,1.,-1.61903307770821E-16));
#7006=DIRECTION('center_axis',(1.,0.,0.));
#7007=DIRECTION('ref_axis',(0.,-0.327326835353994,-0.944911182523066));
#7008=DIRECTION('center_axis',(-1.,0.,0.));
#7009=DIRECTION('ref_axis',(0.,0.714142842854286,0.699999999999999));
#7010=DIRECTION('center_axis',(-1.,0.,0.));
#7011=DIRECTION('ref_axis',(0.,0.700000000000002,-0.714142842854283));
#7012=DIRECTION('center_axis',(1.,0.,0.));
#7013=DIRECTION('ref_axis',(0.,0.327326835353995,-0.944911182523066));
#7014=DIRECTION('',(0.,1.,-1.61903307770821E-16));
#7015=DIRECTION('center_axis',(-1.,0.,0.));
#7016=DIRECTION('ref_axis',(0.,0.,1.));
#7017=DIRECTION('',(0.,-1.,0.));
#7018=DIRECTION('center_axis',(1.,0.,0.));
#7019=DIRECTION('ref_axis',(0.,0.707106781186552,0.707106781186543));
#7020=DIRECTION('',(0.,0.,1.));
#7021=DIRECTION('center_axis',(-1.,0.,0.));
#7022=DIRECTION('ref_axis',(0.,-1.,0.));
#7023=DIRECTION('center_axis',(1.,0.,0.));
#7024=DIRECTION('ref_axis',(0.,0.327326835353995,-0.944911182523066));
#7025=DIRECTION('',(-1.,0.,0.));
#7026=DIRECTION('',(1.,0.,0.));
#7027=DIRECTION('center_axis',(0.,-1.61903307770821E-16,-1.));
#7028=DIRECTION('ref_axis',(0.,1.,-1.61903307770821E-16));
#7029=DIRECTION('',(1.,0.,0.));
#7030=DIRECTION('center_axis',(1.,0.,0.));
#7031=DIRECTION('ref_axis',(0.,0.707106781186552,0.707106781186543));
#7032=DIRECTION('',(-1.,0.,0.));
#7033=DIRECTION('',(1.,0.,0.));
#7034=DIRECTION('center_axis',(0.,0.,1.));
#7035=DIRECTION('ref_axis',(0.,-1.,0.));
#7036=DIRECTION('',(1.,0.,0.));
#7037=DIRECTION('center_axis',(1.,0.,0.));
#7038=DIRECTION('ref_axis',(0.,0.944911182523068,0.32732683535399));
#7039=DIRECTION('',(-1.,0.,0.));
#7040=DIRECTION('',(1.,0.,0.));
#7041=DIRECTION('center_axis',(-1.,0.,0.));
#7042=DIRECTION('ref_axis',(0.,0.714142842854286,0.699999999999999));
#7043=DIRECTION('',(-1.,0.,0.));
#7044=DIRECTION('center_axis',(1.,0.,0.));
#7045=DIRECTION('ref_axis',(0.,-0.327326835353994,-0.944911182523066));
#7046=DIRECTION('',(1.,0.,0.));
#7047=DIRECTION('center_axis',(1.,0.,0.));
#7048=DIRECTION('ref_axis',(0.,-0.707106781186546,0.707106781186549));
#7049=DIRECTION('',(-1.,0.,0.));
#7050=DIRECTION('',(1.,0.,0.));
#7051=DIRECTION('center_axis',(0.,-1.,0.));
#7052=DIRECTION('ref_axis',(0.,0.,-1.));
#7053=DIRECTION('',(1.,0.,0.));
#7054=DIRECTION('center_axis',(0.,0.,-1.));
#7055=DIRECTION('ref_axis',(-0.707106781186546,-0.707106781186549,0.));
#7056=DIRECTION('center_axis',(0.,0.,1.));
#7057=DIRECTION('ref_axis',(-0.707106781186546,-0.707106781186549,0.));
#7058=DIRECTION('',(0.,0.,-1.));
#7059=DIRECTION('center_axis',(0.,0.,-1.));
#7060=DIRECTION('ref_axis',(-0.707106781186546,-0.707106781186549,0.));
#7061=DIRECTION('',(0.,0.,1.));
#7062=DIRECTION('center_axis',(0.,-1.,0.));
#7063=DIRECTION('ref_axis',(-1.,0.,0.));
#7064=DIRECTION('',(-1.,0.,0.));
#7065=DIRECTION('',(0.,0.,1.));
#7066=DIRECTION('',(1.,0.,0.));
#7067=DIRECTION('center_axis',(0.,0.,-1.));
#7068=DIRECTION('ref_axis',(0.707106781186548,-0.707106781186547,0.));
#7069=DIRECTION('center_axis',(0.,0.,1.));
#7070=DIRECTION('ref_axis',(0.707106781186548,-0.707106781186547,0.));
#7071=DIRECTION('',(0.,0.,-1.));
#7072=DIRECTION('center_axis',(0.,0.,-1.));
#7073=DIRECTION('ref_axis',(0.707106781186548,-0.707106781186547,0.));
#7074=DIRECTION('center_axis',(1.,0.,0.));
#7075=DIRECTION('ref_axis',(0.,-1.,0.));
#7076=DIRECTION('',(0.,-1.,0.));
#7077=DIRECTION('',(0.,0.,1.));
#7078=DIRECTION('',(0.,1.,0.));
#7079=DIRECTION('center_axis',(0.,0.,-1.));
#7080=DIRECTION('ref_axis',(0.707106781186548,0.707106781186547,0.));
#7081=DIRECTION('center_axis',(0.,0.,1.));
#7082=DIRECTION('ref_axis',(0.707106781186548,0.707106781186547,0.));
#7083=DIRECTION('',(0.,0.,-1.));
#7084=DIRECTION('center_axis',(0.,0.,-1.));
#7085=DIRECTION('ref_axis',(0.707106781186548,0.707106781186547,0.));
#7086=DIRECTION('center_axis',(0.,1.,0.));
#7087=DIRECTION('ref_axis',(1.,0.,0.));
#7088=DIRECTION('',(1.,0.,0.));
#7089=DIRECTION('',(1.,0.,0.));
#7090=DIRECTION('',(0.,0.,1.));
#7091=DIRECTION('',(-1.,0.,0.));
#7092=DIRECTION('',(-1.,0.,0.));
#7093=DIRECTION('center_axis',(0.,0.,-1.));
#7094=DIRECTION('ref_axis',(-0.707106781186548,0.707106781186547,0.));
#7095=DIRECTION('center_axis',(0.,0.,1.));
#7096=DIRECTION('ref_axis',(-0.707106781186548,0.707106781186547,0.));
#7097=DIRECTION('',(0.,0.,-1.));
#7098=DIRECTION('center_axis',(0.,0.,-1.));
#7099=DIRECTION('ref_axis',(-0.707106781186548,0.707106781186547,0.));
#7100=DIRECTION('center_axis',(-1.,0.,0.));
#7101=DIRECTION('ref_axis',(0.,1.,0.));
#7102=DIRECTION('',(0.,-1.,0.));
#7103=DIRECTION('',(0.,1.,0.));
#7104=DIRECTION('center_axis',(0.,0.,1.));
#7105=DIRECTION('ref_axis',(-0.707106781186548,-0.707106781186548,0.));
#7106=DIRECTION('center_axis',(0.,0.,-1.));
#7107=DIRECTION('ref_axis',(0.,-1.,0.));
#7108=DIRECTION('',(0.,0.,1.));
#7109=DIRECTION('',(-5.49923806711687E-8,0.,0.999999999999999));
#7110=DIRECTION('',(0.,0.,1.));
#7111=DIRECTION('center_axis',(1.,0.,0.));
#7112=DIRECTION('ref_axis',(0.,-0.707106781186546,0.707106781186549));
#7113=DIRECTION('center_axis',(1.,0.,0.));
#7114=DIRECTION('ref_axis',(0.,0.,1.));
#7115=DIRECTION('',(1.,0.,0.));
#7116=DIRECTION('',(0.999999999999999,0.,5.499238061638E-8));
#7117=DIRECTION('',(1.,0.,0.));
#7118=DIRECTION('',(-0.999999999999999,0.,5.499238061638E-8));
#7119=DIRECTION('',(1.,0.,0.));
#7120=DIRECTION('center_axis',(-1.,0.,0.));
#7121=DIRECTION('ref_axis',(0.,-1.,0.));
#7122=DIRECTION('',(-1.,0.,0.));
#7123=DIRECTION('',(-1.,0.,0.));
#7124=DIRECTION('',(-1.,0.,0.));
#7125=DIRECTION('center_axis',(-0.408248290463866,-0.408248290463862,-0.816496580927725));
#7126=DIRECTION('ref_axis',(-0.577350269189629,-0.577350269189625,0.577350269189623));
#7127=DIRECTION('center_axis',(0.,-1.,0.));
#7128=DIRECTION('ref_axis',(-0.70710678118655,0.,0.707106781186545));
#7129=DIRECTION('center_axis',(0.,0.,1.));
#7130=DIRECTION('ref_axis',(0.707106781186551,-0.707106781186544,0.));
#7131=DIRECTION('center_axis',(0.,0.,-1.));
#7132=DIRECTION('ref_axis',(1.,0.,0.));
#7133=DIRECTION('',(0.,0.,-1.));
#7134=DIRECTION('',(5.49923806711687E-8,0.,0.999999999999999));
#7135=DIRECTION('',(0.,0.,-1.));
#7136=DIRECTION('center_axis',(-0.816496580927727,-0.408248290463863,0.408248290463862));
#7137=DIRECTION('ref_axis',(0.577350269189624,-0.577350269189628,0.577350269189626));
#7138=DIRECTION('center_axis',(0.,-1.,0.));
#7139=DIRECTION('ref_axis',(0.70710678118655,0.,0.707106781186545));
#7140=DIRECTION('center_axis',(0.,-1.,0.));
#7141=DIRECTION('ref_axis',(-0.707106781186549,0.,0.707106781186546));
#7142=DIRECTION('',(0.,1.,0.));
#7143=DIRECTION('center_axis',(0.,-1.,0.));
#7144=DIRECTION('ref_axis',(0.,0.,1.));
#7145=DIRECTION('center_axis',(0.,0.,1.));
#7146=DIRECTION('ref_axis',(1.,0.,0.));
#7147=DIRECTION('center_axis',(0.,0.,-1.));
#7148=DIRECTION('ref_axis',(-1.,0.,0.));
#7149=DIRECTION('center_axis',(0.,0.,-1.));
#7150=DIRECTION('ref_axis',(-1.,0.,0.));
#7151=DIRECTION('center_axis',(0.,0.,-1.));
#7152=DIRECTION('ref_axis',(-1.,0.,0.));
#7153=DIRECTION('center_axis',(0.,0.,-1.));
#7154=DIRECTION('ref_axis',(-1.,0.,0.));
#7155=DIRECTION('',(0.,-1.,0.));
#7156=DIRECTION('',(1.,0.,0.));
#7157=DIRECTION('center_axis',(0.,0.,-1.));
#7158=DIRECTION('ref_axis',(-1.,0.,0.));
#7159=DIRECTION('center_axis',(0.,0.,-1.));
#7160=DIRECTION('ref_axis',(-1.,0.,0.));
#7161=DIRECTION('',(1.,0.,0.));
#7162=DIRECTION('center_axis',(0.,0.,-1.));
#7163=DIRECTION('ref_axis',(-1.,0.,0.));
#7164=DIRECTION('center_axis',(0.,0.,-1.));
#7165=DIRECTION('ref_axis',(-1.,0.,0.));
#7166=DIRECTION('',(1.,0.,0.));
#7167=DIRECTION('center_axis',(0.,-1.,0.));
#7168=DIRECTION('ref_axis',(0.707106781186549,0.,0.707106781186546));
#7169=DIRECTION('center_axis',(0.,-1.,0.));
#7170=DIRECTION('ref_axis',(1.,0.,0.));
#7171=DIRECTION('center_axis',(0.,-1.,0.));
#7172=DIRECTION('ref_axis',(1.,0.,0.));
#7173=DIRECTION('center_axis',(0.,-1.,0.));
#7174=DIRECTION('ref_axis',(0.707106743021161,0.,-0.707106819351932));
#7175=DIRECTION('',(0.999999999999999,0.,-5.29556257119657E-8));
#7176=DIRECTION('',(0.,0.,1.));
#7177=DIRECTION('',(-1.,0.,0.));
#7178=DIRECTION('center_axis',(0.,-1.,0.));
#7179=DIRECTION('ref_axis',(1.,0.,0.));
#7180=DIRECTION('center_axis',(0.,-1.,0.));
#7181=DIRECTION('ref_axis',(0.707106820072033,0.,0.70710674230106));
#7182=DIRECTION('center_axis',(0.,-1.,0.));
#7183=DIRECTION('ref_axis',(1.,0.,0.));
#7184=DIRECTION('center_axis',(0.,-1.,0.));
#7185=DIRECTION('ref_axis',(0.707106761743803,0.,0.707106800629292));
#7186=DIRECTION('',(4.93432373983896E-15,0.,-1.));
#7187=DIRECTION('center_axis',(0.,-1.,0.));
#7188=DIRECTION('ref_axis',(0.70710679990919,0.,-0.707106762463904));
#7189=DIRECTION('',(-1.,0.,0.));
#7190=DIRECTION('center_axis',(0.,-1.,0.));
#7191=DIRECTION('ref_axis',(-0.70710679990919,0.,-0.707106762463904));
#7192=DIRECTION('',(-4.93432373983896E-15,0.,-1.));
#7193=DIRECTION('center_axis',(0.,-1.,0.));
#7194=DIRECTION('ref_axis',(-0.707106761743803,0.,0.707106800629292));
#7195=DIRECTION('center_axis',(0.,-1.,0.));
#7196=DIRECTION('ref_axis',(1.,0.,0.));
#7197=DIRECTION('center_axis',(0.,-1.,0.));
#7198=DIRECTION('ref_axis',(-0.707106820072033,0.,0.70710674230106));
#7199=DIRECTION('center_axis',(1.,0.,0.));
#7200=DIRECTION('ref_axis',(0.,0.707106781186546,0.707106781186549));
#7201=DIRECTION('center_axis',(1.,0.,0.));
#7202=DIRECTION('ref_axis',(0.,1.,0.));
#7203=DIRECTION('center_axis',(-1.,4.44089209850064E-15,0.));
#7204=DIRECTION('ref_axis',(0.,0.,1.));
#7205=DIRECTION('',(-1.,0.,0.));
#7206=DIRECTION('center_axis',(-0.40824829046386,-0.816496580927728,0.408248290463862));
#7207=DIRECTION('ref_axis',(-0.577350269189629,0.577350269189622,0.577350269189626));
#7208=DIRECTION('center_axis',(0.,0.,1.));
#7209=DIRECTION('ref_axis',(-0.70710678118655,0.707106781186545,0.));
#7210=DIRECTION('center_axis',(0.40824829046386,-0.816496580927727,0.408248290463864));
#7211=DIRECTION('ref_axis',(0.577350269189624,0.577350269189624,0.577350269189629));
#7212=DIRECTION('center_axis',(0.,0.,1.));
#7213=DIRECTION('ref_axis',(0.70710678118655,0.707106781186545,0.));
#7214=DIRECTION('center_axis',(0.,0.,1.));
#7215=DIRECTION('ref_axis',(-0.707106781186551,0.707106781186544,0.));
#7216=DIRECTION('',(0.,0.,-1.));
#7217=DIRECTION('center_axis',(0.,0.,1.));
#7218=DIRECTION('ref_axis',(-0.707106781186551,0.707106781186544,0.));
#7219=DIRECTION('center_axis',(0.,1.,0.));
#7220=DIRECTION('ref_axis',(-1.,0.,0.));
#7221=DIRECTION('',(0.,0.,1.));
#7222=DIRECTION('',(1.,0.,0.));
#7223=DIRECTION('center_axis',(0.,0.,1.));
#7224=DIRECTION('ref_axis',(0.707106781186551,0.707106781186544,0.));
#7225=DIRECTION('center_axis',(0.,0.,1.));
#7226=DIRECTION('ref_axis',(0.707106781186551,0.707106781186544,0.));
#7227=DIRECTION('center_axis',(0.,1.,0.));
#7228=DIRECTION('ref_axis',(0.70710679990919,0.,-0.707106762463904));
#7229=DIRECTION('',(0.,1.,0.));
#7230=DIRECTION('center_axis',(0.,1.,0.));
#7231=DIRECTION('ref_axis',(0.70710679990919,0.,-0.707106762463904));
#7232=DIRECTION('',(0.,-1.,0.));
#7233=DIRECTION('center_axis',(1.,0.,4.93432373983896E-15));
#7234=DIRECTION('ref_axis',(4.93432373983896E-15,0.,-1.));
#7235=DIRECTION('',(0.,-1.,0.));
#7236=DIRECTION('',(-4.93432373983896E-15,0.,1.));
#7237=DIRECTION('center_axis',(0.,1.,0.));
#7238=DIRECTION('ref_axis',(0.707106761743803,0.,0.707106800629292));
#7239=DIRECTION('center_axis',(0.,1.,0.));
#7240=DIRECTION('ref_axis',(0.707106761743803,0.,0.707106800629292));
#7241=DIRECTION('',(0.,1.,0.));
#7242=DIRECTION('center_axis',(-5.499238061638E-8,0.,0.999999999999999));
#7243=DIRECTION('ref_axis',(0.999999999999999,0.,5.499238061638E-8));
#7244=DIRECTION('',(0.,-1.,0.));
#7245=DIRECTION('',(-1.,0.,0.));
#7246=DIRECTION('center_axis',(0.,1.,0.));
#7247=DIRECTION('ref_axis',(-0.707106820072033,0.,0.70710674230106));
#7248=DIRECTION('',(0.,1.,0.));
#7249=DIRECTION('center_axis',(0.,1.,0.));
#7250=DIRECTION('ref_axis',(-0.999999999999999,0.,-5.49923808194572E-8));
#7251=DIRECTION('center_axis',(0.,1.,0.));
#7252=DIRECTION('ref_axis',(-0.707106781186546,0.,0.707106781186549));
#7253=DIRECTION('center_axis',(0.,1.,0.));
#7254=DIRECTION('ref_axis',(-1.,0.,0.));
#7255=DIRECTION('',(0.,-1.,0.));
#7256=DIRECTION('center_axis',(1.,0.,0.));
#7257=DIRECTION('ref_axis',(0.,0.707106781186546,0.707106781186549));
#7258=DIRECTION('',(-1.,0.,0.));
#7259=DIRECTION('center_axis',(-1.,0.,0.));
#7260=DIRECTION('ref_axis',(0.,0.,1.));
#7261=DIRECTION('',(1.,0.,0.));
#7262=DIRECTION('center_axis',(-0.40824829046386,-0.816496580927728,0.408248290463862));
#7263=DIRECTION('ref_axis',(-0.577350269189629,0.577350269189622,0.577350269189626));
#7264=DIRECTION('center_axis',(0.,0.,-1.));
#7265=DIRECTION('ref_axis',(-0.707106781186548,0.707106781186548,0.));
#7266=DIRECTION('center_axis',(0.,0.,1.));
#7267=DIRECTION('ref_axis',(-1.,0.,0.));
#7268=DIRECTION('center_axis',(0.,0.,1.));
#7269=DIRECTION('ref_axis',(-1.,0.,0.));
#7270=DIRECTION('center_axis',(0.,0.,1.));
#7271=DIRECTION('ref_axis',(-1.,0.,0.));
#7272=DIRECTION('',(1.,0.,0.));
#7273=DIRECTION('center_axis',(0.,0.,1.));
#7274=DIRECTION('ref_axis',(-1.,0.,0.));
#7275=DIRECTION('',(-1.,0.,0.));
#7276=DIRECTION('',(0.,1.,0.));
#7277=DIRECTION('',(1.,0.,0.));
#7278=DIRECTION('',(1.,0.,0.));
#7279=DIRECTION('',(1.,0.,0.));
#7280=DIRECTION('center_axis',(0.,0.,1.));
#7281=DIRECTION('ref_axis',(-1.,0.,0.));
#7282=DIRECTION('center_axis',(0.,0.,1.));
#7283=DIRECTION('ref_axis',(-1.,0.,0.));
#7284=DIRECTION('',(1.,0.,0.));
#7285=DIRECTION('center_axis',(0.,0.,1.));
#7286=DIRECTION('ref_axis',(-1.,0.,0.));
#7287=DIRECTION('center_axis',(0.,0.,1.));
#7288=DIRECTION('ref_axis',(-1.,0.,0.));
#7289=DIRECTION('',(1.,0.,0.));
#7290=DIRECTION('',(-1.,0.,0.));
#7291=DIRECTION('center_axis',(0.,1.,0.));
#7292=DIRECTION('ref_axis',(-0.707106743021161,0.,-0.707106819351932));
#7293=DIRECTION('center_axis',(0.,-1.,0.));
#7294=DIRECTION('ref_axis',(-0.707106743021161,0.,-0.707106819351932));
#7295=DIRECTION('',(0.,1.,0.));
#7296=DIRECTION('center_axis',(0.,1.,0.));
#7297=DIRECTION('ref_axis',(1.3748088001364E-7,0.,-0.999999999999991));
#7298=DIRECTION('',(0.,-1.,0.));
#7299=DIRECTION('center_axis',(0.,1.,0.));
#7300=DIRECTION('ref_axis',(-0.707106762463906,0.,-0.707106799909188));
#7301=DIRECTION('center_axis',(0.,0.707106781186547,-0.707106781186548));
#7302=DIRECTION('ref_axis',(0.,-0.707106781186548,-0.707106781186547));
#7303=DIRECTION('center_axis',(5.29556257119657E-8,0.,-0.999999999999999));
#7304=DIRECTION('ref_axis',(-0.999999999999999,0.,-5.29556257119657E-8));
#7305=DIRECTION('',(0.999999999999999,0.,5.29556257119657E-8));
#7306=DIRECTION('',(-0.999999999999999,0.,-5.29556257119657E-8));
#7307=DIRECTION('',(-0.999999999999999,0.,-5.29556257119657E-8));
#7308=DIRECTION('',(-1.,0.,0.));
#7309=DIRECTION('center_axis',(1.,0.,0.));
#7310=DIRECTION('ref_axis',(0.,0.707106781186546,0.707106781186549));
#7311=DIRECTION('',(1.,0.,0.));
#7312=DIRECTION('center_axis',(1.,4.44089209850064E-15,0.));
#7313=DIRECTION('ref_axis',(-4.44089209850064E-15,1.,0.));
#7314=DIRECTION('center_axis',(0.,1.,0.));
#7315=DIRECTION('ref_axis',(0.707106820072033,0.,0.70710674230106));
#7316=DIRECTION('',(0.,1.,0.));
#7317=DIRECTION('center_axis',(0.,1.,0.));
#7318=DIRECTION('ref_axis',(5.49923795389873E-8,0.,0.999999999999998));
#7319=DIRECTION('',(0.,-1.,0.));
#7320=DIRECTION('center_axis',(0.,1.,0.));
#7321=DIRECTION('ref_axis',(0.707106781186546,0.,0.707106781186549));
#7322=DIRECTION('center_axis',(0.,1.,0.));
#7323=DIRECTION('ref_axis',(0.,0.,1.));
#7324=DIRECTION('center_axis',(0.408248290463867,0.408248290463859,-0.816496580927726));
#7325=DIRECTION('ref_axis',(0.577350269189629,0.577350269189622,0.577350269189626));
#7326=DIRECTION('center_axis',(0.,0.,-1.));
#7327=DIRECTION('ref_axis',(0.707106781186548,0.707106781186548,0.));
#7328=DIRECTION('center_axis',(-5.499238061638E-8,0.,-0.999999999999999));
#7329=DIRECTION('ref_axis',(-0.999999999999999,0.,5.499238061638E-8));
#7330=DIRECTION('',(0.,-1.,0.));
#7331=DIRECTION('center_axis',(0.,1.,0.));
#7332=DIRECTION('ref_axis',(0.707106743021161,0.,-0.707106819351932));
#7333=DIRECTION('',(0.,1.,0.));
#7334=DIRECTION('center_axis',(0.,1.,0.));
#7335=DIRECTION('ref_axis',(0.999999999999999,0.,-5.49923804380499E-8));
#7336=DIRECTION('',(0.,-1.,0.));
#7337=DIRECTION('center_axis',(0.,-1.,0.));
#7338=DIRECTION('ref_axis',(0.707106762463906,0.,-0.707106799909188));
#7339=DIRECTION('center_axis',(0.,0.707106781186547,-0.707106781186548));
#7340=DIRECTION('ref_axis',(0.,-0.707106781186548,-0.707106781186547));
#7341=DIRECTION('center_axis',(-0.999999999999999,0.,5.49923806711687E-8));
#7342=DIRECTION('ref_axis',(5.49923806711687E-8,0.,0.999999999999999));
#7343=DIRECTION('center_axis',(0.,1.,0.));
#7344=DIRECTION('ref_axis',(-0.707106761743803,0.,0.707106800629292));
#7345=DIRECTION('center_axis',(0.,1.,0.));
#7346=DIRECTION('ref_axis',(-0.707106761743803,0.,0.707106800629292));
#7347=DIRECTION('',(0.,1.,0.));
#7348=DIRECTION('center_axis',(1.,0.,-4.93432373983896E-15));
#7349=DIRECTION('ref_axis',(-4.93432373983896E-15,0.,-1.));
#7350=DIRECTION('',(0.,-1.,0.));
#7351=DIRECTION('',(4.93432373983896E-15,0.,1.));
#7352=DIRECTION('center_axis',(0.,1.,0.));
#7353=DIRECTION('ref_axis',(-0.70710679990919,0.,-0.707106762463904));
#7354=DIRECTION('',(0.,1.,0.));
#7355=DIRECTION('center_axis',(0.,1.,0.));
#7356=DIRECTION('ref_axis',(-0.70710679990919,0.,-0.707106762463904));
#7357=DIRECTION('center_axis',(5.29556257119657E-8,0.,0.999999999999999));
#7358=DIRECTION('ref_axis',(0.999999999999999,0.,-5.29556257119657E-8));
#7359=DIRECTION('',(-0.999999999999999,0.,5.29556257119657E-8));
#7360=DIRECTION('',(1.,0.,0.));
#7361=DIRECTION('',(0.999999999999999,0.,-5.29556257119657E-8));
#7362=DIRECTION('center_axis',(-1.,-3.07730284454812E-16,0.));
#7363=DIRECTION('ref_axis',(0.,-0.707106781186546,0.707106781186549));
#7364=DIRECTION('',(-1.,-3.07730284454812E-16,0.));
#7365=DIRECTION('center_axis',(-1.,-6.12323399573677E-17,0.));
#7366=DIRECTION('ref_axis',(0.,-0.707106781186546,0.707106781186549));
#7367=DIRECTION('center_axis',(1.,3.07730284454812E-16,0.));
#7368=DIRECTION('ref_axis',(0.,-0.707106781186546,0.707106781186549));
#7369=DIRECTION('center_axis',(1.,-6.12323399573677E-17,0.));
#7370=DIRECTION('ref_axis',(0.,-0.707106781186546,0.707106781186549));
#7371=DIRECTION('',(-1.,-3.07730284454812E-16,0.));
#7372=DIRECTION('center_axis',(3.07730284454812E-16,-1.,0.));
#7373=DIRECTION('ref_axis',(1.,3.07730284454812E-16,0.));
#7374=DIRECTION('',(0.,0.,-1.));
#7375=DIRECTION('',(-1.,0.,0.));
#7376=DIRECTION('',(0.,0.,1.));
#7377=DIRECTION('center_axis',(-0.880150780119668,0.474694221846802,-1.95663908737488E-11));
#7378=DIRECTION('ref_axis',(-0.474694221846802,-0.880150780119668,0.));
#7379=DIRECTION('center_axis',(0.971838545949891,0.188906276993693,0.140869652936266));
#7380=DIRECTION('ref_axis',(-0.138281480645075,-0.026879196955818,0.990028151560154));
#7381=DIRECTION('center_axis',(-0.190808995376546,0.981627183447664,0.));
#7382=DIRECTION('ref_axis',(0.,0.,1.));
#7383=DIRECTION('center_axis',(-0.190808995376546,0.981627183447664,0.));
#7384=DIRECTION('ref_axis',(-0.384315991324354,-0.0747034612001973,0.920174228989863));
#7385=DIRECTION('center_axis',(0.190808995376546,-0.981627183447664,0.));
#7386=DIRECTION('ref_axis',(-0.384315991324354,-0.0747034612001973,0.920174228989863));
#7387=DIRECTION('center_axis',(-0.190808995376546,-0.981627183447664,0.));
#7388=DIRECTION('ref_axis',(0.,0.,-1.));
#7389=DIRECTION('center_axis',(-0.190808995376546,-0.981627183447664,0.));
#7390=DIRECTION('ref_axis',(0.384315991324355,-0.0747034612001974,0.920174228989863));
#7391=DIRECTION('center_axis',(0.971838545949891,-0.188906276993692,-0.140869652936264));
#7392=DIRECTION('ref_axis',(0.138281480645075,-0.0268791969558091,0.990028151560155));
#7393=DIRECTION('center_axis',(0.190808995376546,0.981627183447664,0.));
#7394=DIRECTION('ref_axis',(0.384315991324355,-0.0747034612001974,0.920174228989863));
#7395=DIRECTION('center_axis',(0.880150780417736,0.474694221294141,-1.27199853744307E-10));
#7396=DIRECTION('ref_axis',(-1.15076836948447E-10,4.81330530988089E-10,
1.));
#7397=DIRECTION('center_axis',(0.,0.,1.));
#7398=DIRECTION('ref_axis',(1.,0.,0.));
#7399=DIRECTION('center_axis',(0.190808995376543,0.981627183447664,0.));
#7400=DIRECTION('ref_axis',(0.,0.,1.));
#7401=DIRECTION('center_axis',(0.,0.,-1.));
#7402=DIRECTION('ref_axis',(-0.981627183447665,0.190808995376539,0.));
#7403=DIRECTION('center_axis',(0.,0.,1.));
#7404=DIRECTION('ref_axis',(-0.981627183447665,0.190808995376539,0.));
#7405=DIRECTION('center_axis',(0.190808995376546,0.981627183447664,0.));
#7406=DIRECTION('ref_axis',(0.694115238012893,-0.13492233454215,0.707106781186548));
#7407=DIRECTION('center_axis',(0.190808995376539,0.981627183447665,0.));
#7408=DIRECTION('ref_axis',(0.,0.,1.));
#7409=DIRECTION('',(0.190808995376545,0.981627183447664,0.));
#7410=DIRECTION('',(-0.190808995376545,-0.981627183447664,0.));
#7411=DIRECTION('center_axis',(-1.,3.07730284454812E-16,0.));
#7412=DIRECTION('ref_axis',(-3.92523114670948E-16,-0.70710678118654,0.707106781186555));
#7413=DIRECTION('center_axis',(-1.,0.,0.));
#7414=DIRECTION('ref_axis',(0.,-1.,0.));
#7415=DIRECTION('',(-1.,3.07730284454812E-16,0.));
#7416=DIRECTION('center_axis',(1.,0.,0.));
#7417=DIRECTION('ref_axis',(0.,0.,1.));
#7418=DIRECTION('',(1.,-3.07730284454812E-16,0.));
#7419=DIRECTION('center_axis',(-0.845606312206804,-0.408785913222189,0.343284199908924));
#7420=DIRECTION('ref_axis',(0.53380704824497,-0.647559730989677,0.543798151931919));
#7421=DIRECTION('center_axis',(0.,0.,1.));
#7422=DIRECTION('ref_axis',(0.636078220277767,-0.771624583387718,0.));
#7423=DIRECTION('center_axis',(-0.845606312206804,0.408785913222189,-0.343284199908924));
#7424=DIRECTION('ref_axis',(-0.53380704824497,-0.647559730989677,0.543798151931919));
#7425=DIRECTION('center_axis',(0.190808995376549,-0.981627183447663,0.));
#7426=DIRECTION('ref_axis',(0.,0.,1.));
#7427=DIRECTION('center_axis',(0.,0.,1.));
#7428=DIRECTION('ref_axis',(-0.636078220277767,-0.771624583387718,0.));
#7429=DIRECTION('center_axis',(-0.190808995376546,0.981627183447664,0.));
#7430=DIRECTION('ref_axis',(-0.694115238012894,-0.134922334542147,0.707106781186548));
#7431=DIRECTION('center_axis',(0.190808995376549,-0.981627183447663,0.));
#7432=DIRECTION('ref_axis',(0.,0.,1.));
#7433=DIRECTION('',(0.190808995376545,-0.981627183447664,0.));
#7434=DIRECTION('',(-0.190808995376545,0.981627183447664,0.));
#7435=DIRECTION('center_axis',(0.,0.,1.));
#7436=DIRECTION('ref_axis',(1.,0.,0.));
#7437=DIRECTION('center_axis',(0.,0.,1.));
#7438=DIRECTION('ref_axis',(0.981627183447665,0.190808995376539,0.));
#7439=DIRECTION('center_axis',(0.,0.,-1.));
#7440=DIRECTION('ref_axis',(0.981627183447665,0.190808995376539,0.));
#7441=DIRECTION('center_axis',(-0.190808995376545,-0.981627183447664,0.));
#7442=DIRECTION('ref_axis',(0.517104205959632,-0.100514875410848,0.85));
#7443=DIRECTION('',(0.190808995376545,0.981627183447664,0.));
#7444=DIRECTION('center_axis',(-1.,0.,0.));
#7445=DIRECTION('ref_axis',(1.8006445897674E-17,-1.,0.));
#7446=DIRECTION('',(-0.190808995376545,-0.981627183447664,0.));
#7447=DIRECTION('center_axis',(-0.981627183447664,0.190808995376545,0.));
#7448=DIRECTION('ref_axis',(-0.190808995376545,-0.981627183447664,0.));
#7449=DIRECTION('',(0.190808995376545,0.981627183447664,0.));
#7450=DIRECTION('',(0.,0.,-1.));
#7451=DIRECTION('',(-0.190808995376545,-0.981627183447664,0.));
#7452=DIRECTION('',(0.,0.,1.));
#7453=DIRECTION('center_axis',(0.190808995376546,0.981627183447664,0.));
#7454=DIRECTION('ref_axis',(-0.981627183447664,0.190808995376546,0.));
#7455=DIRECTION('',(0.,0.,1.));
#7456=DIRECTION('',(-0.981627183447664,0.190808995376546,0.));
#7457=DIRECTION('center_axis',(0.,0.,1.));
#7458=DIRECTION('ref_axis',(-0.559192903470744,0.829037572555044,0.));
#7459=DIRECTION('',(0.,0.,-1.));
#7460=DIRECTION('center_axis',(0.,0.,1.));
#7461=DIRECTION('ref_axis',(-0.559192903470744,0.829037572555044,0.));
#7462=DIRECTION('center_axis',(-0.981627183447664,0.190808995376546,0.));
#7463=DIRECTION('ref_axis',(-0.190808995376545,-0.981627183447664,0.));
#7464=DIRECTION('',(0.,0.,1.));
#7465=DIRECTION('',(-0.190808995376545,-0.981627183447664,0.));
#7466=DIRECTION('center_axis',(0.,0.,1.));
#7467=DIRECTION('ref_axis',(0.636078220277766,-0.771624583387718,0.));
#7468=DIRECTION('',(0.,0.,-1.));
#7469=DIRECTION('center_axis',(0.,0.,-1.));
#7470=DIRECTION('ref_axis',(0.636078220277766,-0.771624583387718,0.));
#7471=DIRECTION('center_axis',(3.07730284454812E-16,1.,0.));
#7472=DIRECTION('ref_axis',(-1.,3.07730284454812E-16,0.));
#7473=DIRECTION('',(0.,0.,1.));
#7474=DIRECTION('',(1.,3.07730284454812E-16,0.));
#7475=DIRECTION('',(-1.,0.,0.));
#7476=DIRECTION('',(-1.,3.07730284454812E-16,0.));
#7477=DIRECTION('center_axis',(0.,0.,1.));
#7478=DIRECTION('ref_axis',(0.707106781186548,0.707106781186548,0.));
#7479=DIRECTION('center_axis',(0.,0.,1.));
#7480=DIRECTION('ref_axis',(0.707106781186548,0.707106781186548,0.));
#7481=DIRECTION('',(0.,0.,1.));
#7482=DIRECTION('center_axis',(0.,0.,1.));
#7483=DIRECTION('ref_axis',(0.707106781186548,0.707106781186548,0.));
#7484=DIRECTION('',(0.,0.,-1.));
#7485=DIRECTION('center_axis',(0.,0.,1.));
#7486=DIRECTION('ref_axis',(1.,0.,0.));
#7487=DIRECTION('',(1.,0.,0.));
#7488=DIRECTION('',(0.,1.,0.));
#7489=DIRECTION('center_axis',(0.,0.,-1.));
#7490=DIRECTION('ref_axis',(-0.707106781186548,0.707106781186548,0.));
#7491=DIRECTION('',(-1.,0.,0.));
#7492=DIRECTION('center_axis',(0.,0.,1.));
#7493=DIRECTION('ref_axis',(0.707106781186548,-0.707106781186548,0.));
#7494=DIRECTION('',(0.,-1.,0.));
#7495=DIRECTION('center_axis',(0.,0.,-1.));
#7496=DIRECTION('ref_axis',(1.,0.,0.));
#7497=DIRECTION('center_axis',(0.,-1.,0.));
#7498=DIRECTION('ref_axis',(1.,0.,0.));
#7499=DIRECTION('center_axis',(0.,1.,0.));
#7500=DIRECTION('ref_axis',(-0.707106781186546,0.,0.707106781186549));
#7501=DIRECTION('center_axis',(0.,0.,1.));
#7502=DIRECTION('ref_axis',(-0.707106781186548,0.707106781186548,0.));
#7503=DIRECTION('center_axis',(0.,0.,-1.));
#7504=DIRECTION('ref_axis',(-0.707106781186548,0.707106781186548,0.));
#7505=DIRECTION('',(0.,0.,-1.));
#7506=DIRECTION('',(0.,0.,1.));
#7507=DIRECTION('center_axis',(0.,1.,0.));
#7508=DIRECTION('ref_axis',(-1.,0.,0.));
#7509=DIRECTION('',(-1.,0.,0.));
#7510=DIRECTION('',(0.,0.,1.));
#7511=DIRECTION('center_axis',(0.,0.,1.));
#7512=DIRECTION('ref_axis',(1.,0.,0.));
#7513=DIRECTION('center_axis',(0.,0.,-1.));
#7514=DIRECTION('ref_axis',(0.707106781186548,0.707106781186548,0.));
#7515=DIRECTION('',(1.,0.,0.));
#7516=DIRECTION('center_axis',(0.,0.,1.));
#7517=DIRECTION('ref_axis',(-0.707106781186548,-0.707106781186548,0.));
#7518=DIRECTION('',(0.,-1.,0.));
#7519=DIRECTION('center_axis',(0.,0.,1.));
#7520=DIRECTION('ref_axis',(-0.707106781186548,0.707106781186548,0.));
#7521=DIRECTION('',(0.,-1.,0.));
#7522=DIRECTION('center_axis',(0.,0.,1.));
#7523=DIRECTION('ref_axis',(0.707106781186548,-0.707106781186548,0.));
#7524=DIRECTION('',(-0.190808995376545,0.981627183447664,0.));
#7525=DIRECTION('',(0.,-1.,0.));
#7526=DIRECTION('',(-1.,0.,0.));
#7527=DIRECTION('',(0.,1.,0.));
#7528=DIRECTION('',(1.,5.73316704659902E-16,0.));
#7529=DIRECTION('center_axis',(0.,0.,1.));
#7530=DIRECTION('ref_axis',(0.707106781186548,0.707106781186548,0.));
#7531=DIRECTION('',(0.,0.,-1.));
#7532=DIRECTION('center_axis',(0.,0.,-1.));
#7533=DIRECTION('ref_axis',(0.707106781186548,0.707106781186548,0.));
#7534=DIRECTION('',(0.,0.,1.));
#7535=DIRECTION('center_axis',(-1.,0.,0.));
#7536=DIRECTION('ref_axis',(0.,-1.,0.));
#7537=DIRECTION('center_axis',(-1.,0.,0.));
#7538=DIRECTION('ref_axis',(-1.24828235287392E-17,-1.,1.7653378331053E-17));
#7539=DIRECTION('center_axis',(0.,0.,1.));
#7540=DIRECTION('ref_axis',(-0.707106781186548,-0.707106781186548,0.));
#7541=DIRECTION('center_axis',(0.,0.,1.));
#7542=DIRECTION('ref_axis',(-0.707106781186548,-0.707106781186548,0.));
#7543=DIRECTION('',(0.,0.,1.));
#7544=DIRECTION('',(0.,0.,-1.));
#7545=DIRECTION('center_axis',(-1.,0.,0.));
#7546=DIRECTION('ref_axis',(0.,-1.,0.));
#7547=DIRECTION('',(0.,-1.,0.));
#7548=DIRECTION('',(0.,0.,-1.));
#7549=DIRECTION('center_axis',(0.,0.,1.));
#7550=DIRECTION('ref_axis',(-0.707106781186548,0.707106781186548,0.));
#7551=DIRECTION('center_axis',(0.,0.,1.));
#7552=DIRECTION('ref_axis',(-0.707106781186548,0.707106781186548,0.));
#7553=DIRECTION('center_axis',(0.,0.,1.));
#7554=DIRECTION('ref_axis',(1.,0.,0.));
#7555=DIRECTION('center_axis',(0.,0.,-1.));
#7556=DIRECTION('ref_axis',(-0.636078220277766,-0.771624583387718,0.));
#7557=DIRECTION('',(0.190808995376545,-0.981627183447664,0.));
#7558=DIRECTION('center_axis',(0.,0.,1.));
#7559=DIRECTION('ref_axis',(0.559192903470741,0.829037572555046,0.));
#7560=DIRECTION('',(0.981627183447664,0.190808995376546,0.));
#7561=DIRECTION('',(-0.190808995376545,0.981627183447664,0.));
#7562=DIRECTION('',(1.,0.,0.));
#7563=DIRECTION('',(-0.190808995376545,-0.981627183447664,0.));
#7564=DIRECTION('center_axis',(0.,0.,1.));
#7565=DIRECTION('ref_axis',(-1.,0.,0.));
#7566=DIRECTION('center_axis',(0.,0.,-1.));
#7567=DIRECTION('ref_axis',(1.,0.,0.));
#7568=DIRECTION('center_axis',(0.,0.,1.));
#7569=DIRECTION('ref_axis',(-0.636078220277766,-0.771624583387718,0.));
#7570=DIRECTION('',(0.,0.,-1.));
#7571=DIRECTION('center_axis',(0.,0.,1.));
#7572=DIRECTION('ref_axis',(0.559192903470741,0.829037572555046,0.));
#7573=DIRECTION('',(0.,0.,-1.));
#7574=DIRECTION('',(0.,0.,1.));
#7575=DIRECTION('center_axis',(-0.981627183447664,-0.190808995376546,0.));
#7576=DIRECTION('ref_axis',(0.190808995376545,-0.981627183447664,0.));
#7577=DIRECTION('center_axis',(0.,0.,1.));
#7578=DIRECTION('ref_axis',(0.707106781186548,-0.707106781186548,0.));
#7579=DIRECTION('',(0.,0.,-1.));
#7580=DIRECTION('center_axis',(0.,-1.,0.));
#7581=DIRECTION('ref_axis',(-0.707106781186546,0.,0.707106781186549));
#7582=DIRECTION('',(0.,-1.,0.));
#7583=DIRECTION('center_axis',(-0.190808995376545,0.981627183447664,0.));
#7584=DIRECTION('ref_axis',(-0.517104205959632,-0.100514875410848,0.85));
#7585=DIRECTION('center_axis',(1.,0.,0.));
#7586=DIRECTION('ref_axis',(-1.8006445897674E-17,-1.,0.));
#7587=DIRECTION('center_axis',(0.190808995376545,-0.981627183447664,0.));
#7588=DIRECTION('ref_axis',(-0.694115238012895,-0.134922334542147,0.707106781186547));
#7589=DIRECTION('center_axis',(0.,1.,0.));
#7590=DIRECTION('ref_axis',(-1.,0.,-3.63275033553846E-16));
#7591=DIRECTION('center_axis',(0.,-1.,0.));
#7592=DIRECTION('ref_axis',(1.,0.,0.));
#7593=DIRECTION('center_axis',(0.,1.,0.));
#7594=DIRECTION('ref_axis',(1.,0.,-3.63275033553846E-16));
#7595=DIRECTION('center_axis',(-0.190808995376545,-0.981627183447664,0.));
#7596=DIRECTION('ref_axis',(0.694115238012895,-0.134922334542147,0.707106781186547));
#7597=DIRECTION('center_axis',(-0.190808995376545,-0.981627183447664,0.));
#7598=DIRECTION('ref_axis',(0.694115238012895,-0.134922334542147,0.707106781186547));
#7599=DIRECTION('center_axis',(-0.190808995376545,-0.981627183447664,0.));
#7600=DIRECTION('ref_axis',(0.694115238012894,-0.134922334542147,0.707106781186548));
#7601=DIRECTION('',(-0.190808995376545,-0.981627183447664,0.));
#7602=DIRECTION('center_axis',(0.190808995376546,0.981627183447664,0.));
#7603=DIRECTION('ref_axis',(0.694115238012894,-0.134922334542147,0.707106781186548));
#7604=DIRECTION('center_axis',(0.190808995376545,-0.981627183447664,0.));
#7605=DIRECTION('ref_axis',(-0.694115238012894,-0.134922334542148,0.707106781186548));
#7606=DIRECTION('',(-0.190808995376545,0.981627183447664,0.));
#7607=DIRECTION('center_axis',(-0.981627183447664,-0.190808995376545,0.));
#7608=DIRECTION('ref_axis',(0.190808995376545,-0.981627183447664,0.));
#7609=DIRECTION('center_axis',(-1.,0.,0.));
#7610=DIRECTION('ref_axis',(0.,-1.,0.));
#7611=DIRECTION('center_axis',(0.,0.,1.));
#7612=DIRECTION('ref_axis',(0.707106781186544,-0.707106781186551,0.));
#7613=DIRECTION('',(0.,0.,1.));
#7614=DIRECTION('center_axis',(0.,1.,0.));
#7615=DIRECTION('ref_axis',(-1.,0.,0.));
#7616=DIRECTION('',(0.,0.,-1.));
#7617=DIRECTION('center_axis',(0.,0.,1.));
#7618=DIRECTION('ref_axis',(-0.707106781186548,-0.707106781186548,0.));
#7619=DIRECTION('center_axis',(0.,0.,1.));
#7620=DIRECTION('ref_axis',(-0.707106781186548,0.707106781186548,0.));
#7621=DIRECTION('center_axis',(0.,0.,-1.));
#7622=DIRECTION('ref_axis',(-0.707106781186548,0.707106781186548,0.));
#7623=DIRECTION('',(0.,0.,1.));
#7624=DIRECTION('center_axis',(0.,0.,1.));
#7625=DIRECTION('ref_axis',(0.707106781186548,0.707106781186548,0.));
#7626=DIRECTION('',(0.,0.,-1.));
#7627=DIRECTION('center_axis',(0.,0.,-1.));
#7628=DIRECTION('ref_axis',(0.707106781186548,0.707106781186548,0.));
#7629=DIRECTION('center_axis',(-1.,0.,0.));
#7630=DIRECTION('ref_axis',(0.,0.680413817439773,-0.732828108792939));
#7631=DIRECTION('',(1.,0.,0.));
#7632=DIRECTION('center_axis',(-1.,0.,0.));
#7633=DIRECTION('ref_axis',(0.,-1.,1.22464679914735E-16));
#7634=DIRECTION('',(-1.,0.,0.));
#7635=DIRECTION('center_axis',(1.,0.,0.));
#7636=DIRECTION('ref_axis',(0.,-0.680413817439767,-0.732828108792944));
#7637=DIRECTION('',(1.,0.,0.));
#7638=DIRECTION('center_axis',(-1.,0.,0.));
#7639=DIRECTION('ref_axis',(0.,-0.680413817439767,-0.732828108792944));
#7640=DIRECTION('',(1.,0.,0.));
#7641=DIRECTION('',(-1.,0.,0.));
#7642=DIRECTION('center_axis',(-1.,0.,0.));
#7643=DIRECTION('ref_axis',(0.,-1.,1.22464679914735E-16));
#7644=DIRECTION('',(1.,0.,0.));
#7645=DIRECTION('center_axis',(1.,0.,0.));
#7646=DIRECTION('ref_axis',(0.,0.680413817439773,-0.732828108792939));
#7647=DIRECTION('center_axis',(0.,0.,-1.));
#7648=DIRECTION('ref_axis',(0.427246629641104,0.904135121240358,0.));
#7649=DIRECTION('',(0.,0.,1.));
#7650=DIRECTION('center_axis',(0.,0.,-1.));
#7651=DIRECTION('ref_axis',(0.427246629641104,0.904135121240358,0.));
#7652=DIRECTION('',(0.,0.,-1.));
#7653=DIRECTION('center_axis',(0.,0.,-1.));
#7654=DIRECTION('ref_axis',(-0.885249595845315,-0.465116279069768,0.));
#7655=DIRECTION('center_axis',(0.,0.,-1.));
#7656=DIRECTION('ref_axis',(-0.885249595845315,-0.465116279069768,0.));
#7657=DIRECTION('',(0.,0.,1.));
#7658=DIRECTION('center_axis',(0.,0.,1.));
#7659=DIRECTION('ref_axis',(1.,0.,0.));
#7660=DIRECTION('center_axis',(0.,0.,1.));
#7661=DIRECTION('ref_axis',(-0.707106781186547,0.707106781186548,0.));
#7662=DIRECTION('',(1.11022302462516E-16,-1.,0.));
#7663=DIRECTION('center_axis',(0.,0.,1.));
#7664=DIRECTION('ref_axis',(-0.707106781186548,-0.707106781186547,0.));
#7665=DIRECTION('',(1.,0.,0.));
#7666=DIRECTION('center_axis',(0.,0.,1.));
#7667=DIRECTION('ref_axis',(0.707106781186546,-0.707106781186549,0.));
#7668=DIRECTION('',(0.,1.,0.));
#7669=DIRECTION('center_axis',(0.,0.,1.));
#7670=DIRECTION('ref_axis',(0.707106781186547,0.707106781186548,0.));
#7671=DIRECTION('',(-1.,-1.05735526154777E-16,0.));
#7672=DIRECTION('center_axis',(0.,0.,-1.));
#7673=DIRECTION('ref_axis',(0.904135121240361,-0.427246629641098,0.));
#7674=DIRECTION('',(0.,1.,0.));
#7675=DIRECTION('center_axis',(0.,0.,-1.));
#7676=DIRECTION('ref_axis',(0.99999999999984,5.66243992583481E-7,0.));
#7677=DIRECTION('',(0.,-1.,0.));
#7678=DIRECTION('center_axis',(0.,0.,-1.));
#7679=DIRECTION('ref_axis',(-0.904135121240361,-0.427246629641098,0.));
#7680=DIRECTION('center_axis',(0.,0.,-1.));
#7681=DIRECTION('ref_axis',(-0.885249595845314,-0.46511627906977,0.));
#7682=DIRECTION('center_axis',(0.,0.,-1.));
#7683=DIRECTION('ref_axis',(0.427246629641106,0.904135121240358,0.));
#7684=DIRECTION('',(-1.,0.,0.));
#7685=DIRECTION('center_axis',(0.,0.,-1.));
#7686=DIRECTION('ref_axis',(0.,1.,0.));
#7687=DIRECTION('',(1.,0.,0.));
#7688=DIRECTION('center_axis',(0.,0.,-1.));
#7689=DIRECTION('ref_axis',(0.427246629641106,-0.904135121240358,0.));
#7690=DIRECTION('center_axis',(0.,0.,-1.));
#7691=DIRECTION('ref_axis',(-0.465116279069768,0.885249595845315,0.));
#7692=DIRECTION('center_axis',(0.,0.,-1.));
#7693=DIRECTION('ref_axis',(-0.427246629641104,0.904135121240358,0.));
#7694=DIRECTION('center_axis',(0.,0.,-1.));
#7695=DIRECTION('ref_axis',(0.465116279069768,-0.885249595845315,0.));
#7696=DIRECTION('center_axis',(0.,0.,-1.));
#7697=DIRECTION('ref_axis',(-0.904135121240359,0.427246629641102,0.));
#7698=DIRECTION('',(0.,-1.,0.));
#7699=DIRECTION('center_axis',(0.,0.,-1.));
#7700=DIRECTION('ref_axis',(-0.99999999999984,-5.6624398814259E-7,0.));
#7701=DIRECTION('',(0.,1.,0.));
#7702=DIRECTION('center_axis',(0.,0.,-1.));
#7703=DIRECTION('ref_axis',(0.904135121240359,0.427246629641102,0.));
#7704=DIRECTION('center_axis',(0.,0.,-1.));
#7705=DIRECTION('ref_axis',(0.885249595845315,0.465116279069768,0.));
#7706=DIRECTION('center_axis',(0.,0.,-1.));
#7707=DIRECTION('ref_axis',(-0.427246629641104,-0.904135121240358,0.));
#7708=DIRECTION('',(1.,0.,0.));
#7709=DIRECTION('center_axis',(0.,0.,-1.));
#7710=DIRECTION('ref_axis',(0.,-1.,0.));
#7711=DIRECTION('',(-1.,0.,0.));
#7712=DIRECTION('center_axis',(0.,0.,-1.));
#7713=DIRECTION('ref_axis',(-0.904135121240361,-0.427246629641098,0.));
#7714=DIRECTION('center_axis',(0.,0.,-1.));
#7715=DIRECTION('ref_axis',(0.885249595845314,0.46511627906977,0.));
#7716=DIRECTION('center_axis',(0.,0.,-1.));
#7717=DIRECTION('ref_axis',(-0.427246629641106,-0.904135121240358,0.));
#7718=DIRECTION('',(1.,0.,0.));
#7719=DIRECTION('center_axis',(0.,0.,-1.));
#7720=DIRECTION('ref_axis',(0.,-1.,0.));
#7721=DIRECTION('',(-1.,0.,0.));
#7722=DIRECTION('center_axis',(0.,0.,-1.));
#7723=DIRECTION('ref_axis',(-0.427246629641106,0.904135121240358,0.));
#7724=DIRECTION('center_axis',(0.,0.,-1.));
#7725=DIRECTION('ref_axis',(-0.465116279069768,0.885249595845315,0.));
#7726=DIRECTION('center_axis',(0.,0.,-1.));
#7727=DIRECTION('ref_axis',(0.904135121240361,-0.427246629641098,0.));
#7728=DIRECTION('',(0.,1.,0.));
#7729=DIRECTION('center_axis',(0.,0.,-1.));
#7730=DIRECTION('ref_axis',(0.99999999999984,5.66244136024261E-7,0.));
#7731=DIRECTION('',(0.,-1.,0.));
#7732=DIRECTION('',(-1.,0.,0.));
#7733=DIRECTION('center_axis',(0.,0.,-1.));
#7734=DIRECTION('ref_axis',(0.,1.,0.));
#7735=DIRECTION('',(1.,0.,0.));
#7736=DIRECTION('center_axis',(0.,0.,-1.));
#7737=DIRECTION('ref_axis',(0.427246629641104,-0.904135121240358,0.));
#7738=DIRECTION('center_axis',(0.,0.,-1.));
#7739=DIRECTION('ref_axis',(0.465116279069768,-0.885249595845315,0.));
#7740=DIRECTION('center_axis',(0.,0.,-1.));
#7741=DIRECTION('ref_axis',(-0.904135121240359,0.427246629641102,0.));
#7742=DIRECTION('',(0.,-1.,0.));
#7743=DIRECTION('center_axis',(0.,0.,-1.));
#7744=DIRECTION('ref_axis',(-0.99999999999984,-5.66244131583369E-7,0.));
#7745=DIRECTION('',(0.,1.,0.));
#7746=DIRECTION('center_axis',(0.,0.,-1.));
#7747=DIRECTION('ref_axis',(0.904135121240359,0.427246629641102,0.));
#7748=DIRECTION('',(-1.,0.,0.));
#7749=DIRECTION('center_axis',(0.,0.,1.));
#7750=DIRECTION('ref_axis',(-0.707106781186549,-0.707106781186546,0.));
#7751=DIRECTION('',(0.,1.,0.));
#7752=DIRECTION('center_axis',(0.,0.,1.));
#7753=DIRECTION('ref_axis',(-0.707106781186547,0.707106781186548,0.));
#7754=DIRECTION('',(1.,0.,0.));
#7755=DIRECTION('center_axis',(0.,0.,1.));
#7756=DIRECTION('ref_axis',(0.707106781186548,0.707106781186548,0.));
#7757=DIRECTION('',(0.,-1.,0.));
#7758=DIRECTION('center_axis',(0.,0.,1.));
#7759=DIRECTION('ref_axis',(0.707106781186548,-0.707106781186547,0.));
#7760=DIRECTION('center_axis',(0.,0.,-1.));
#7761=DIRECTION('ref_axis',(0.904135121240359,0.427246629641102,0.));
#7762=DIRECTION('',(0.,0.,-1.));
#7763=DIRECTION('center_axis',(-1.,0.,0.));
#7764=DIRECTION('ref_axis',(0.,1.,0.));
#7765=DIRECTION('',(0.,0.,-1.));
#7766=DIRECTION('center_axis',(0.,0.,-1.));
#7767=DIRECTION('ref_axis',(-0.427246629641104,0.904135121240358,0.));
#7768=DIRECTION('',(0.,0.,1.));
#7769=DIRECTION('',(0.,0.,-1.));
#7770=DIRECTION('center_axis',(0.,0.,-1.));
#7771=DIRECTION('ref_axis',(0.465116279069768,-0.885249595845315,0.));
#7772=DIRECTION('',(0.,0.,-1.));
#7773=DIRECTION('center_axis',(0.,0.,-1.));
#7774=DIRECTION('ref_axis',(-0.904135121240359,0.427246629641102,0.));
#7775=DIRECTION('',(0.,0.,1.));
#7776=DIRECTION('center_axis',(0.,0.,-1.));
#7777=DIRECTION('ref_axis',(-0.904135121240361,-0.427246629641098,0.));
#7778=DIRECTION('',(0.,0.,1.));
#7779=DIRECTION('',(0.,0.,-1.));
#7780=DIRECTION('center_axis',(0.,0.,-1.));
#7781=DIRECTION('ref_axis',(0.885249595845314,0.46511627906977,0.));
#7782=DIRECTION('',(0.,0.,-1.));
#7783=DIRECTION('center_axis',(0.,0.,-1.));
#7784=DIRECTION('ref_axis',(-0.427246629641106,-0.904135121240358,0.));
#7785=DIRECTION('',(0.,0.,1.));
#7786=DIRECTION('center_axis',(0.,0.,-1.));
#7787=DIRECTION('ref_axis',(0.904135121240361,-0.427246629641098,0.));
#7788=DIRECTION('',(0.,0.,1.));
#7789=DIRECTION('',(0.,0.,-1.));
#7790=DIRECTION('center_axis',(0.,0.,-1.));
#7791=DIRECTION('ref_axis',(-0.465116279069768,0.885249595845315,0.));
#7792=DIRECTION('',(0.,0.,1.));
#7793=DIRECTION('center_axis',(0.,0.,-1.));
#7794=DIRECTION('ref_axis',(0.427246629641106,-0.904135121240358,0.));
#7795=DIRECTION('',(0.,0.,-1.));
#7796=DIRECTION('center_axis',(0.,1.,0.));
#7797=DIRECTION('ref_axis',(1.,0.,0.));
#7798=DIRECTION('',(0.,0.,-1.));
#7799=DIRECTION('center_axis',(0.,0.,-1.));
#7800=DIRECTION('ref_axis',(0.427246629641104,-0.904135121240358,0.));
#7801=DIRECTION('',(0.,0.,1.));
#7802=DIRECTION('',(0.,0.,-1.));
#7803=DIRECTION('center_axis',(0.,0.,-1.));
#7804=DIRECTION('ref_axis',(0.707106781186547,0.707106781186548,0.));
#7805=DIRECTION('',(0.,0.,-1.));
#7806=DIRECTION('center_axis',(0.,0.,-1.));
#7807=DIRECTION('ref_axis',(-0.904135121240359,0.427246629641102,0.));
#7808=DIRECTION('',(0.,0.,1.));
#7809=DIRECTION('center_axis',(0.,0.,-1.));
#7810=DIRECTION('ref_axis',(-0.904135121240361,-0.427246629641098,0.));
#7811=DIRECTION('',(0.,0.,1.));
#7812=DIRECTION('',(0.,0.,-1.));
#7813=DIRECTION('center_axis',(0.,0.,-1.));
#7814=DIRECTION('ref_axis',(0.707106781186549,-0.707106781186546,0.));
#7815=DIRECTION('',(0.,0.,-1.));
#7816=DIRECTION('center_axis',(0.,0.,-1.));
#7817=DIRECTION('ref_axis',(0.427246629641106,0.904135121240358,0.));
#7818=DIRECTION('',(0.,0.,1.));
#7819=DIRECTION('center_axis',(0.,0.,-1.));
#7820=DIRECTION('ref_axis',(-0.427246629641106,0.904135121240358,0.));
#7821=DIRECTION('',(0.,0.,1.));
#7822=DIRECTION('',(0.,0.,-1.));
#7823=DIRECTION('center_axis',(0.,0.,-1.));
#7824=DIRECTION('ref_axis',(-0.707106781186548,-0.707106781186547,0.));
#7825=DIRECTION('',(0.,0.,-1.));
#7826=DIRECTION('center_axis',(0.,0.,-1.));
#7827=DIRECTION('ref_axis',(0.904135121240361,-0.427246629641098,0.));
#7828=DIRECTION('',(0.,0.,1.));
#7829=DIRECTION('center_axis',(0.,0.,-1.));
#7830=DIRECTION('ref_axis',(0.904135121240359,0.427246629641102,0.));
#7831=DIRECTION('',(0.,0.,1.));
#7832=DIRECTION('',(0.,0.,-1.));
#7833=DIRECTION('center_axis',(0.,0.,-1.));
#7834=DIRECTION('ref_axis',(-0.707106781186547,0.707106781186548,0.));
#7835=DIRECTION('',(0.,0.,-1.));
#7836=DIRECTION('center_axis',(0.,0.,-1.));
#7837=DIRECTION('ref_axis',(-0.427246629641104,-0.904135121240358,0.));
#7838=DIRECTION('',(0.,0.,1.));
#7839=DIRECTION('center_axis',(0.,-1.,0.));
#7840=DIRECTION('ref_axis',(0.,0.,1.));
#7841=DIRECTION('center_axis',(0.,-1.,0.));
#7842=DIRECTION('ref_axis',(0.,0.,-1.));
#7843=DIRECTION('',(0.,1.,0.));
#7844=DIRECTION('center_axis',(0.,1.,0.));
#7845=DIRECTION('ref_axis',(0.968245836551854,0.,-0.25));
#7846=DIRECTION('center_axis',(1.,-1.1466334093198E-15,0.));
#7847=DIRECTION('ref_axis',(0.,0.,-1.));
#7848=DIRECTION('center_axis',(1.,2.2932668186396E-15,0.));
#7849=DIRECTION('ref_axis',(2.22044604925031E-15,-0.968245836551854,-0.25));
#7850=DIRECTION('center_axis',(1.,5.73316704659902E-16,0.));
#7851=DIRECTION('ref_axis',(0.,0.,1.));
#7852=DIRECTION('center_axis',(1.,1.14663340931981E-15,0.));
#7853=DIRECTION('ref_axis',(0.,0.,-1.));
#7854=DIRECTION('',(-1.,-5.73316704659902E-16,0.));
#7855=DIRECTION('center_axis',(-1.,0.,0.));
#7856=DIRECTION('ref_axis',(0.,0.,1.));
#7857=DIRECTION('center_axis',(1.,0.,0.));
#7858=DIRECTION('ref_axis',(0.,-0.968245836551854,-0.25));
#7859=DIRECTION('',(1.,0.,0.));
#7860=DIRECTION('center_axis',(0.,1.,0.));
#7861=DIRECTION('ref_axis',(0.,0.,-1.));
#7862=DIRECTION('center_axis',(-2.57992517096955E-15,-1.,1.11022302462516E-15));
#7863=DIRECTION('ref_axis',(-0.968245836551854,2.22044604925031E-15,-0.25));
#7864=DIRECTION('center_axis',(0.,1.,0.));
#7865=DIRECTION('ref_axis',(0.,0.,1.));
#7866=DIRECTION('',(0.,-1.,0.));
#7867=DIRECTION('center_axis',(0.894427190999916,-0.447213595499958,0.));
#7868=DIRECTION('ref_axis',(0.447213595499958,0.894427190999916,0.));
#7869=DIRECTION('center_axis',(-0.447213595499958,0.894427190999916,0.));
#7870=DIRECTION('ref_axis',(0.894427190999916,0.447213595499958,0.));
#7871=DIRECTION('center_axis',(-1.,8.5401771125012E-17,0.));
#7872=DIRECTION('ref_axis',(0.,0.707106781186548,0.707106781186547));
#7873=DIRECTION('center_axis',(-0.894427190999916,-0.447213595499958,0.));
#7874=DIRECTION('ref_axis',(-0.447213595499958,0.894427190999916,0.));
#7875=DIRECTION('',(1.,-8.5401771125012E-17,0.));
#7876=DIRECTION('center_axis',(0.447213595499957,0.894427190999916,0.));
#7877=DIRECTION('ref_axis',(-0.894427190999916,0.447213595499957,0.));
#7878=DIRECTION('center_axis',(0.,-1.,0.));
#7879=DIRECTION('ref_axis',(-0.707106781186548,0.,0.707106781186547));
#7880=DIRECTION('center_axis',(0.447213595499958,-0.894427190999916,0.));
#7881=DIRECTION('ref_axis',(-0.894427190999916,-0.447213595499958,0.));
#7882=DIRECTION('',(0.,1.,0.));
#7883=DIRECTION('center_axis',(-0.447213595499957,-0.894427190999917,0.));
#7884=DIRECTION('ref_axis',(0.894427190999917,-0.447213595499957,0.));
#7885=DIRECTION('center_axis',(0.894427190999916,0.447213595499958,0.));
#7886=DIRECTION('ref_axis',(0.447213595499958,-0.894427190999916,0.));
#7887=DIRECTION('center_axis',(-0.894427190999916,0.447213595499958,0.));
#7888=DIRECTION('ref_axis',(-0.447213595499958,-0.894427190999916,0.));
#7889=DIRECTION('center_axis',(1.,1.70803542250024E-16,0.));
#7890=DIRECTION('ref_axis',(0.,-0.707106781186548,0.707106781186547));
#7891=DIRECTION('',(-1.,-1.70803542250024E-16,0.));
#7892=DIRECTION('center_axis',(0.,1.,0.));
#7893=DIRECTION('ref_axis',(0.707106781186548,0.,0.707106781186547));
#7894=DIRECTION('',(0.,-1.,0.));
#7895=DIRECTION('center_axis',(0.,0.,1.));
#7896=DIRECTION('ref_axis',(1.,0.,0.));
#7897=DIRECTION('',(1.,1.05735526154777E-16,0.));
#7898=DIRECTION('center_axis',(0.,0.,1.));
#7899=DIRECTION('ref_axis',(0.707106781186547,0.707106781186548,0.));
#7900=DIRECTION('',(0.,-1.,0.));
#7901=DIRECTION('center_axis',(0.,0.,1.));
#7902=DIRECTION('ref_axis',(0.707106781186546,-0.707106781186549,0.));
#7903=DIRECTION('',(-1.,0.,0.));
#7904=DIRECTION('center_axis',(0.,0.,1.));
#7905=DIRECTION('ref_axis',(-0.707106781186548,-0.707106781186547,0.));
#7906=DIRECTION('',(-1.11022302462516E-16,1.,0.));
#7907=DIRECTION('center_axis',(0.,0.,1.));
#7908=DIRECTION('ref_axis',(-0.707106781186547,0.707106781186548,0.));
#7909=DIRECTION('center_axis',(0.,0.,1.));
#7910=DIRECTION('ref_axis',(-0.707106781186547,0.707106781186548,0.));
#7911=DIRECTION('',(0.,0.,1.));
#7912=DIRECTION('',(0.,0.,-1.));
#7913=DIRECTION('center_axis',(1.05735526154777E-16,-1.,0.));
#7914=DIRECTION('ref_axis',(1.,1.05735526154777E-16,0.));
#7915=DIRECTION('',(0.,0.,-1.));
#7916=DIRECTION('center_axis',(0.,0.,1.));
#7917=DIRECTION('ref_axis',(0.707106781186547,0.707106781186548,0.));
#7918=DIRECTION('',(0.,0.,1.));
#7919=DIRECTION('center_axis',(-1.,0.,0.));
#7920=DIRECTION('ref_axis',(0.,-1.,0.));
#7921=DIRECTION('',(0.,0.,-1.));
#7922=DIRECTION('center_axis',(0.,0.,1.));
#7923=DIRECTION('ref_axis',(0.707106781186546,-0.707106781186549,0.));
#7924=DIRECTION('',(0.,0.,1.));
#7925=DIRECTION('center_axis',(0.,1.,0.));
#7926=DIRECTION('ref_axis',(-1.,0.,0.));
#7927=DIRECTION('',(0.,0.,-1.));
#7928=DIRECTION('center_axis',(0.,0.,1.));
#7929=DIRECTION('ref_axis',(-0.707106781186548,-0.707106781186547,0.));
#7930=DIRECTION('',(0.,0.,1.));
#7931=DIRECTION('center_axis',(1.,1.11022302462516E-16,0.));
#7932=DIRECTION('ref_axis',(-1.11022302462516E-16,1.,0.));
#7933=DIRECTION('center_axis',(0.,0.,-1.));
#7934=DIRECTION('ref_axis',(-0.707106781186549,-0.707106781186546,0.));
#7935=DIRECTION('',(0.,0.,-1.));
#7936=DIRECTION('',(0.,0.,1.));
#7937=DIRECTION('center_axis',(0.,-1.,0.));
#7938=DIRECTION('ref_axis',(-1.,0.,0.));
#7939=DIRECTION('',(0.,0.,1.));
#7940=DIRECTION('',(0.,0.,-1.));
#7941=DIRECTION('',(1.,0.,0.));
#7942=DIRECTION('',(0.,0.,1.));
#7943=DIRECTION('center_axis',(0.,0.,-1.));
#7944=DIRECTION('ref_axis',(0.707106781186548,-0.707106781186547,0.));
#7945=DIRECTION('',(0.,0.,-1.));
#7946=DIRECTION('center_axis',(1.,0.,0.));
#7947=DIRECTION('ref_axis',(0.,-1.,0.));
#7948=DIRECTION('',(0.,0.,1.));
#7949=DIRECTION('center_axis',(0.,0.,-1.));
#7950=DIRECTION('ref_axis',(0.707106781186548,0.707106781186548,0.));
#7951=DIRECTION('',(0.,0.,-1.));
#7952=DIRECTION('center_axis',(0.,1.,0.));
#7953=DIRECTION('ref_axis',(1.,0.,0.));
#7954=DIRECTION('',(0.,0.,1.));
#7955=DIRECTION('',(0.,0.,-1.));
#7956=DIRECTION('',(-1.,0.,0.));
#7957=DIRECTION('',(0.,0.,1.));
#7958=DIRECTION('center_axis',(0.,0.,-1.));
#7959=DIRECTION('ref_axis',(-0.707106781186547,0.707106781186548,0.));
#7960=DIRECTION('',(0.,0.,-1.));
#7961=DIRECTION('center_axis',(-1.,0.,0.));
#7962=DIRECTION('ref_axis',(0.,1.,0.));
#7963=DIRECTION('center_axis',(1.,-6.12323399573677E-17,0.));
#7964=DIRECTION('ref_axis',(6.12323399573677E-17,1.,0.));
#7965=DIRECTION('',(0.,0.,1.));
#7966=DIRECTION('',(-6.12323399573677E-17,-1.,0.));
#7967=DIRECTION('center_axis',(1.,6.12323399573677E-17,0.));
#7968=DIRECTION('ref_axis',(-6.12323399573677E-17,1.,0.));
#7969=DIRECTION('',(-6.12323399573677E-17,1.,0.));
#7970=DIRECTION('',(0.,0.,1.));
#7971=DIRECTION('center_axis',(1.,6.12323399573677E-17,0.));
#7972=DIRECTION('ref_axis',(-6.12323399573677E-17,1.,0.));
#7973=DIRECTION('',(-6.12323399573677E-17,1.,0.));
#7974=DIRECTION('center_axis',(0.,0.,-1.));
#7975=DIRECTION('ref_axis',(-1.,0.,0.));
#7976=DIRECTION('',(-1.,0.,0.));
#7977=DIRECTION('center_axis',(0.,0.,-1.));
#7978=DIRECTION('ref_axis',(-1.,0.,0.));
#7979=DIRECTION('',(-6.12323399573677E-17,-1.,0.));
#7980=DIRECTION('center_axis',(1.,0.,0.));
#7981=DIRECTION('ref_axis',(0.,-1.,0.));
#7982=DIRECTION('',(0.,0.,-1.));
#7983=DIRECTION('center_axis',(0.,1.,0.));
#7984=DIRECTION('ref_axis',(1.,0.,0.));
#7985=DIRECTION('',(0.,0.,-1.));
#7986=DIRECTION('center_axis',(0.,0.,-1.));
#7987=DIRECTION('ref_axis',(0.,1.,0.));
#7988=DIRECTION('',(0.,0.,-1.));
#7989=DIRECTION('center_axis',(0.,-1.,0.));
#7990=DIRECTION('ref_axis',(-1.,0.,0.));
#7991=DIRECTION('center_axis',(0.,0.,-1.));
#7992=DIRECTION('ref_axis',(-0.99999999999984,-5.66244131583369E-7,0.));
#7993=DIRECTION('center_axis',(-1.,0.,0.));
#7994=DIRECTION('ref_axis',(0.,1.,0.));
#7995=DIRECTION('',(0.,0.,-1.));
#7996=DIRECTION('center_axis',(0.,-1.,0.));
#7997=DIRECTION('ref_axis',(-1.,0.,0.));
#7998=DIRECTION('',(0.,0.,-1.));
#7999=DIRECTION('center_axis',(0.,0.,-1.));
#8000=DIRECTION('ref_axis',(0.,-1.,0.));
#8001=DIRECTION('',(0.,0.,-1.));
#8002=DIRECTION('center_axis',(0.,1.,0.));
#8003=DIRECTION('ref_axis',(1.,0.,0.));
#8004=DIRECTION('center_axis',(1.,0.,0.));
#8005=DIRECTION('ref_axis',(0.,-1.,0.));
#8006=DIRECTION('',(0.,0.,-1.));
#8007=DIRECTION('center_axis',(0.,0.,-1.));
#8008=DIRECTION('ref_axis',(0.99999999999984,5.66244136024261E-7,0.));
#8009=DIRECTION('center_axis',(0.,-1.,0.));
#8010=DIRECTION('ref_axis',(-1.,0.,0.));
#8011=DIRECTION('',(0.,0.,-1.));
#8012=DIRECTION('center_axis',(0.,0.,-1.));
#8013=DIRECTION('ref_axis',(0.,-1.,0.));
#8014=DIRECTION('',(0.,0.,-1.));
#8015=DIRECTION('center_axis',(0.,1.,0.));
#8016=DIRECTION('ref_axis',(1.,0.,0.));
#8017=DIRECTION('center_axis',(-1.,0.,0.));
#8018=DIRECTION('ref_axis',(0.,1.,0.));
#8019=DIRECTION('',(0.,0.,-1.));
#8020=DIRECTION('center_axis',(0.,0.,-1.));
#8021=DIRECTION('ref_axis',(-0.99999999999984,-5.6624398814259E-7,0.));
#8022=DIRECTION('',(0.,0.,-1.));
#8023=DIRECTION('center_axis',(1.,0.,0.));
#8024=DIRECTION('ref_axis',(0.,-1.,0.));
#8025=DIRECTION('center_axis',(0.,0.,-1.));
#8026=DIRECTION('ref_axis',(0.,1.,0.));
#8027=DIRECTION('',(0.,0.,-1.));
#8028=DIRECTION('center_axis',(0.,-1.,0.));
#8029=DIRECTION('ref_axis',(-1.,0.,0.));
#8030=DIRECTION('center_axis',(1.,0.,0.));
#8031=DIRECTION('ref_axis',(0.,-1.,0.));
#8032=DIRECTION('',(0.,0.,-1.));
#8033=DIRECTION('center_axis',(0.,0.,-1.));
#8034=DIRECTION('ref_axis',(0.99999999999984,5.66243992583481E-7,0.));
#8035=DIRECTION('',(0.,0.,-1.));
#8036=DIRECTION('center_axis',(-1.,0.,0.));
#8037=DIRECTION('ref_axis',(0.,1.,0.));
#8038=DIRECTION('center_axis',(0.,0.,-1.));
#8039=DIRECTION('ref_axis',(-1.,0.,0.));
#8040=DIRECTION('',(0.,0.,-1.));
#8041=DIRECTION('center_axis',(0.,0.,-1.));
#8042=DIRECTION('ref_axis',(-1.,0.,0.));
#8043=DIRECTION('',(0.,0.,-1.));
#8044=DIRECTION('',(0.,0.,1.));
#8045=DIRECTION('center_axis',(0.,0.,-1.));
#8046=DIRECTION('ref_axis',(-1.,0.,0.));
#8047=DIRECTION('',(0.,0.,-1.));
#8048=DIRECTION('center_axis',(0.,0.,-1.));
#8049=DIRECTION('ref_axis',(-1.,0.,0.));
#8050=DIRECTION('',(0.,0.,-1.));
#8051=DIRECTION('',(0.,0.,1.));
#8052=DIRECTION('center_axis',(0.,0.,1.));
#8053=DIRECTION('ref_axis',(1.,0.,0.));
#8054=DIRECTION('',(1.,0.,0.));
#8055=DIRECTION('center_axis',(0.,0.,1.));
#8056=DIRECTION('ref_axis',(-1.,0.,0.));
#8057=DIRECTION('center_axis',(0.,-1.,0.));
#8058=DIRECTION('ref_axis',(1.,0.,0.));
#8059=DIRECTION('center_axis',(1.,-6.12323399573677E-17,0.));
#8060=DIRECTION('ref_axis',(6.12323399573677E-17,1.,0.));
#8061=DIRECTION('center_axis',(0.190808995376546,0.981627183447664,0.));
#8062=DIRECTION('ref_axis',(-0.981627183447664,0.190808995376546,0.));
#8063=DIRECTION('',(0.,0.,1.));
#8064=DIRECTION('center_axis',(-0.981627183447664,0.190808995376545,0.));
#8065=DIRECTION('ref_axis',(-0.190808995376545,-0.981627183447664,0.));
#8066=DIRECTION('center_axis',(0.,-1.,0.));
#8067=DIRECTION('ref_axis',(1.,0.,0.));
#8068=DIRECTION('center_axis',(-1.,0.,0.));
#8069=DIRECTION('ref_axis',(0.,0.,1.));
#8070=DIRECTION('center_axis',(0.,1.,0.));
#8071=DIRECTION('ref_axis',(0.,0.,1.));
#8072=DIRECTION('',(1.,0.,0.));
#8073=DIRECTION('center_axis',(-1.,0.,0.));
#8074=DIRECTION('ref_axis',(0.,-1.,0.));
#8075=DIRECTION('center_axis',(-1.,0.,0.));
#8076=DIRECTION('ref_axis',(0.,0.700000000000002,-0.714142842854283));
#8077=DIRECTION('center_axis',(-1.,0.,0.));
#8078=DIRECTION('ref_axis',(0.,0.,-1.));
#8079=DIRECTION('',(1.,0.,0.));
#8080=DIRECTION('',(1.,0.,0.));
#8081=DIRECTION('center_axis',(0.,-1.61903307770821E-16,-1.));
#8082=DIRECTION('ref_axis',(0.,1.,-1.61903307770821E-16));
#8083=DIRECTION('center_axis',(0.,1.,0.));
#8084=DIRECTION('ref_axis',(0.,0.,1.));
#8085=DIRECTION('',(1.,0.,0.));
#8086=DIRECTION('center_axis',(-1.,0.,0.));
#8087=DIRECTION('ref_axis',(0.,-1.,0.));
#8088=DIRECTION('center_axis',(0.,0.,1.));
#8089=DIRECTION('ref_axis',(0.,-1.,0.));
#8090=DIRECTION('center_axis',(0.,0.,-1.));
#8091=DIRECTION('ref_axis',(-1.,0.,0.));
#8092=DIRECTION('',(0.,0.,-1.));
#8093=DIRECTION('center_axis',(0.,0.,-1.));
#8094=DIRECTION('ref_axis',(-1.,0.,0.));
#8095=DIRECTION('',(0.,0.,-1.));
#8096=DIRECTION('center_axis',(-0.999999999999999,0.,-5.49923806711687E-8));
#8097=DIRECTION('ref_axis',(-5.49923806711687E-8,0.,0.999999999999999));
#8098=DIRECTION('center_axis',(-1.,0.,0.));
#8099=DIRECTION('ref_axis',(0.,-1.,0.));
#8100=DIRECTION('center_axis',(0.190808995376546,-0.981627183447664,0.));
#8101=DIRECTION('ref_axis',(0.981627183447664,0.190808995376546,0.));
#8102=DIRECTION('center_axis',(-1.,0.,0.));
#8103=DIRECTION('ref_axis',(0.,0.,1.));
#8104=DIRECTION('',(-1.,0.,0.));
#8105=DIRECTION('center_axis',(0.,-1.,0.));
#8106=DIRECTION('ref_axis',(0.,0.,1.));
#8107=DIRECTION('',(-1.,0.,0.));
#8108=DIRECTION('center_axis',(-1.,0.,0.));
#8109=DIRECTION('ref_axis',(0.,-1.,0.));
#8110=DIRECTION('',(-1.,0.,0.));
#8111=DIRECTION('center_axis',(0.,1.,-6.08036471955003E-16));
#8112=DIRECTION('ref_axis',(0.,-6.08036471955003E-16,-1.));
#8113=DIRECTION('center_axis',(0.,1.61903307770821E-16,1.));
#8114=DIRECTION('ref_axis',(0.,1.,-1.61903307770821E-16));
#8115=DIRECTION('center_axis',(-1.,0.,0.));
#8116=DIRECTION('ref_axis',(0.,0.,-1.));
#8117=DIRECTION('',(-1.,0.,0.));
#8118=DIRECTION('',(-1.,0.,0.));
#8119=DIRECTION('center_axis',(0.,1.61903307770821E-16,1.));
#8120=DIRECTION('ref_axis',(0.,1.,-1.61903307770821E-16));
#8121=DIRECTION('center_axis',(0.,-1.,0.));
#8122=DIRECTION('ref_axis',(0.,0.,1.));
#8123=DIRECTION('',(-1.,0.,0.));
#8124=DIRECTION('center_axis',(-1.,0.,0.));
#8125=DIRECTION('ref_axis',(0.,-1.,0.));
#8126=DIRECTION('center_axis',(0.,0.,-1.));
#8127=DIRECTION('ref_axis',(0.,-1.,0.));
#8128=DIRECTION('center_axis',(0.,-1.,0.));
#8129=DIRECTION('ref_axis',(1.,0.,0.));
#8130=DIRECTION('',(-1.,0.,0.));
#8131=DIRECTION('center_axis',(0.,0.,1.));
#8132=DIRECTION('ref_axis',(1.,0.,0.));
#8133=DIRECTION('center_axis',(0.,0.,1.));
#8134=DIRECTION('ref_axis',(1.,0.,0.));
#8135=DIRECTION('',(0.,0.,-1.));
#8136=DIRECTION('center_axis',(0.,0.,1.));
#8137=DIRECTION('ref_axis',(1.,0.,0.));
#8138=DIRECTION('',(0.,0.,-1.));
#8139=CARTESIAN_POINT('',(0.,0.,0.));
#8140=CARTESIAN_POINT('Origin',(76.5001608840068,2.09629498933428,13.));
#8141=CARTESIAN_POINT('',(77.4817880674544,1.90548599395773,0.));
#8142=CARTESIAN_POINT('',(77.5001597291668,2.09629498933428,0.));
#8143=CARTESIAN_POINT('Origin',(76.5001608840068,2.09629498933428,0.));
#8144=CARTESIAN_POINT('',(77.5001608840068,2.09629498933428,4.));
#8145=CARTESIAN_POINT('',(77.5001608840068,2.09629498933428,13.));
#8146=CARTESIAN_POINT('',(77.4817880674544,1.90548599395773,4.));
#8147=CARTESIAN_POINT('Origin',(76.5001608840068,2.09629498933428,4.));
#8148=CARTESIAN_POINT('',(77.4817880674544,1.90548599395773,13.));
#8149=CARTESIAN_POINT('Ctrl Pts',(75.4940354640552,2.16107753605578,6.82842753304352));
#8150=CARTESIAN_POINT('Ctrl Pts',(75.9853096703574,2.09790793850777,6.65366580898819));
#8151=CARTESIAN_POINT('Ctrl Pts',(77.0301097626501,1.96356422474956,5.93457424777387));
#8152=CARTESIAN_POINT('Ctrl Pts',(77.4817880674544,1.90548599395778,4.70037451747213));
#8153=CARTESIAN_POINT('Ctrl Pts',(77.4817880674544,1.90548599395777,4.00000000000001));
#8154=CARTESIAN_POINT('Ctrl Pts',(75.4963010843748,2.18224963998697,6.82906952626054));
#8155=CARTESIAN_POINT('Ctrl Pts',(75.9889170267272,2.12951689196534,6.65490333423033));
#8156=CARTESIAN_POINT('Ctrl Pts',(77.0381776258849,2.01716245654436,5.93795117310532));
#8157=CARTESIAN_POINT('Ctrl Pts',(77.4939989665641,1.96830562401133,4.70181404896615));
#8158=CARTESIAN_POINT('Ctrl Pts',(77.4939989665641,1.96830562401132,4.));
#8159=CARTESIAN_POINT('Ctrl Pts',(75.4983438957787,2.20346504757663,6.82906952626054));
#8160=CARTESIAN_POINT('Ctrl Pts',(75.991970978465,2.16123339342583,6.65490333423031));
#8161=CARTESIAN_POINT('Ctrl Pts',(77.0433919420675,2.07131520060252,5.93795117310532));
#8162=CARTESIAN_POINT('Ctrl Pts',(77.5001608840068,2.03229958342787,4.70181404896614));
#8163=CARTESIAN_POINT('Ctrl Pts',(77.5001608840068,2.03229958342786,4.));
#8164=CARTESIAN_POINT('Ctrl Pts',(75.5001597291668,2.22468046106335,6.82842753304352));
#8165=CARTESIAN_POINT('Ctrl Pts',(75.9944611720462,2.19294991742499,6.65366580898815));
#8166=CARTESIAN_POINT('Ctrl Pts',(77.0456993329666,2.1254681027957,5.93457424777388));
#8167=CARTESIAN_POINT('Ctrl Pts',(77.5001608840068,2.09629498933432,4.70037451747211));
#8168=CARTESIAN_POINT('Ctrl Pts',(77.5001608840068,2.09629498933432,4.));
#8169=CARTESIAN_POINT('',(75.5001597291668,2.22468046106335,6.82842753304352));
#8170=CARTESIAN_POINT('',(75.5001597563187,2.16029005482207,6.82624137673601));
#8171=CARTESIAN_POINT('Ctrl Pts',(75.5001597291668,2.16029005859938,6.82624138173693));
#8172=CARTESIAN_POINT('Ctrl Pts',(75.5001597291668,2.17104470311319,6.82697193698947));
#8173=CARTESIAN_POINT('Ctrl Pts',(75.5001597291668,2.18181081630518,6.82751983430231));
#8174=CARTESIAN_POINT('Ctrl Pts',(75.5001597291668,2.20327909968087,6.82824633725343));
#8175=CARTESIAN_POINT('Ctrl Pts',(75.5001597291668,2.21397931698407,6.82842753304352));
#8176=CARTESIAN_POINT('Ctrl Pts',(75.5001597291668,2.22468046106335,6.82842753304352));
#8177=CARTESIAN_POINT('Ctrl Pts',(75.5001597047674,2.16029006173674,6.8262412300653));
#8178=CARTESIAN_POINT('Ctrl Pts',(75.9890304504648,2.09742950878577,6.65110202348362));
#8179=CARTESIAN_POINT('Ctrl Pts',(77.0309144361605,1.96346075727425,5.93237549742651));
#8180=CARTESIAN_POINT('Ctrl Pts',(77.4817880674544,1.90548599395778,4.70037451747213));
#8181=CARTESIAN_POINT('Ctrl Pts',(77.4817880674544,1.90548599395777,4.00000000000001));
#8182=CARTESIAN_POINT('Ctrl Pts',(77.5001608840068,2.09629498933432,4.));
#8183=CARTESIAN_POINT('Ctrl Pts',(77.5001608840068,2.09629498933432,4.70037451747211));
#8184=CARTESIAN_POINT('Ctrl Pts',(77.0456993329666,2.1254681027957,5.93457424777388));
#8185=CARTESIAN_POINT('Ctrl Pts',(75.9944611720462,2.19294991742499,6.65366580898815));
#8186=CARTESIAN_POINT('Ctrl Pts',(75.5001597291668,2.22468046106335,6.82842753304352));
#8187=CARTESIAN_POINT('Origin',(74.5001608840068,33.686355227583,4.));
#8188=CARTESIAN_POINT('',(77.5001608840068,60.,4.));
#8189=CARTESIAN_POINT('',(77.5001608840068,33.686355227583,4.));
#8190=CARTESIAN_POINT('',(75.5001608840067,58.,6.8284271247462));
#8191=CARTESIAN_POINT('Ctrl Pts',(77.5001608840067,60.,4.));
#8192=CARTESIAN_POINT('Ctrl Pts',(77.5001608840067,59.743708066305,4.31389223137194));
#8193=CARTESIAN_POINT('Ctrl Pts',(77.4484936324257,59.4649779308599,4.6549431847536));
#8194=CARTESIAN_POINT('Ctrl Pts',(77.2196362561942,58.9390322225507,5.31380035059869));
#8195=CARTESIAN_POINT('Ctrl Pts',(77.0423894746703,58.6919868675028,5.63172274540011));
#8196=CARTESIAN_POINT('Ctrl Pts',(76.6651021681813,58.3617376000449,6.09059075384859));
#8197=CARTESIAN_POINT('Ctrl Pts',(76.4698213889111,58.2338638069975,6.27987620415634));
#8198=CARTESIAN_POINT('Ctrl Pts',(76.0169887212908,58.0525998179904,6.60319650058464));
#8199=CARTESIAN_POINT('Ctrl Pts',(75.7589155084281,58.,6.73694354995033));
#8200=CARTESIAN_POINT('Ctrl Pts',(75.5001608840067,58.,6.8284271247462));
#8201=CARTESIAN_POINT('',(74.5001608840068,58.,7.));
#8202=CARTESIAN_POINT('Origin',(74.5001608840068,58.,4.));
#8203=CARTESIAN_POINT('',(74.5001608840068,47.7320501408212,7.));
#8204=CARTESIAN_POINT('',(74.5001608840068,33.686355227583,7.));
#8205=CARTESIAN_POINT('',(75.5001597291668,46.,6.82842753304352));
#8206=CARTESIAN_POINT('Ctrl Pts',(74.5001608840121,47.7320501408181,7.));
#8207=CARTESIAN_POINT('Ctrl Pts',(74.5127041501664,47.7248082715765,6.99999999999998));
#8208=CARTESIAN_POINT('Ctrl Pts',(74.5251817314225,47.7174226557656,6.99992132846773));
#8209=CARTESIAN_POINT('Ctrl Pts',(74.7387415117552,47.587851052774,6.99725658171682));
#8210=CARTESIAN_POINT('Ctrl Pts',(74.9160117680748,47.4317600309676,6.97474993309358));
#8211=CARTESIAN_POINT('Ctrl Pts',(75.2239698757604,47.0467850405546,6.91604322304337));
#8212=CARTESIAN_POINT('Ctrl Pts',(75.345612796658,46.8138535230222,6.87943986476654));
#8213=CARTESIAN_POINT('Ctrl Pts',(75.4729480701431,46.3802614240391,6.83846481976765));
#8214=CARTESIAN_POINT('Ctrl Pts',(75.5001597291668,46.1908056835018,6.82842753304352));
#8215=CARTESIAN_POINT('Ctrl Pts',(75.5001597291668,46.,6.82842753304352));
#8216=CARTESIAN_POINT('',(75.5001597291668,33.686355227583,6.82842753304352));
#8217=CARTESIAN_POINT('Origin',(77.5001608840068,112.00000166893,26.));
#8218=CARTESIAN_POINT('',(77.5001597291668,72.5370879821638,0.));
#8219=CARTESIAN_POINT('',(77.5001597291668,114.,0.));
#8220=CARTESIAN_POINT('',(77.5001608840068,73.5343407242257,0.925925925925926));
#8221=CARTESIAN_POINT('Origin',(77.5001608840068,72.5370879821638,1.));
#8222=CARTESIAN_POINT('',(77.5001608840068,98.4656592757743,0.925925925925925));
#8223=CARTESIAN_POINT('Origin',(77.5001608840068,86.,0.));
#8224=CARTESIAN_POINT('',(77.5001597291668,99.4629120178363,0.));
#8225=CARTESIAN_POINT('Origin',(77.5001608840068,99.4629120178363,0.999999999999999));
#8226=CARTESIAN_POINT('',(77.5001597291668,112.,0.));
#8227=CARTESIAN_POINT('',(77.5001597291668,114.,0.));
#8228=CARTESIAN_POINT('',(77.5001608840068,112.,26.));
#8229=CARTESIAN_POINT('',(77.5001608840068,112.,13.));
#8230=CARTESIAN_POINT('',(77.5001608840068,60.,26.));
#8231=CARTESIAN_POINT('',(77.5001608840068,98.5000012516975,26.));
#8232=CARTESIAN_POINT('',(77.5001608840068,60.,26.));
#8233=CARTESIAN_POINT('',(77.5001608840068,68.5357142857143,13.9535260646706));
#8234=CARTESIAN_POINT('',(77.5001608840068,68.75,13.3349364905389));
#8235=CARTESIAN_POINT('Origin',(77.5001608840068,67.75,13.3349364905389));
#8236=CARTESIAN_POINT('',(77.5001608840068,72.0464739353294,17.4642857142857));
#8237=CARTESIAN_POINT('Origin',(77.5001608840068,70.5,15.5));
#8238=CARTESIAN_POINT('',(77.5001608840068,72.6650635094611,17.25));
#8239=CARTESIAN_POINT('Origin',(77.5001608840068,72.6650635094611,18.25));
#8240=CARTESIAN_POINT('',(77.5001608840068,75.5,17.25));
#8241=CARTESIAN_POINT('',(77.5001608840068,92.1426793880329,17.25));
#8242=CARTESIAN_POINT('',(77.5001608840068,75.5,13.75));
#8243=CARTESIAN_POINT('Origin',(77.5001608840068,75.5,15.5));
#8244=CARTESIAN_POINT('',(77.5001608840068,73.25,13.75));
#8245=CARTESIAN_POINT('',(77.5001608840068,93.750000834465,13.75));
#8246=CARTESIAN_POINT('',(77.5001608840068,72.25,12.75));
#8247=CARTESIAN_POINT('Origin',(77.5001608840068,73.25,12.75));
#8248=CARTESIAN_POINT('',(77.5001608840068,72.25,10.5));
#8249=CARTESIAN_POINT('',(77.5001608840068,72.25,19.875));
#8250=CARTESIAN_POINT('',(77.5001608840068,68.75,10.5));
#8251=CARTESIAN_POINT('Origin',(77.5001608840068,70.5,10.5));
#8252=CARTESIAN_POINT('',(77.5001608840068,68.75,18.25));
#8253=CARTESIAN_POINT('',(77.5001608840068,103.25,13.3349364905389));
#8254=CARTESIAN_POINT('',(77.5001608840068,103.464285714286,13.9535260646706));
#8255=CARTESIAN_POINT('Origin',(77.5001608840068,104.25,13.3349364905389));
#8256=CARTESIAN_POINT('',(77.5001608840068,103.25,10.5));
#8257=CARTESIAN_POINT('',(77.5001608840068,103.25,19.8573214464321));
#8258=CARTESIAN_POINT('',(77.5001608840068,99.75,10.5));
#8259=CARTESIAN_POINT('Origin',(77.5001608840068,101.5,10.5));
#8260=CARTESIAN_POINT('',(77.5001608840068,99.75,12.75));
#8261=CARTESIAN_POINT('',(77.5001608840068,99.75,18.25));
#8262=CARTESIAN_POINT('',(77.5001608840068,98.75,13.75));
#8263=CARTESIAN_POINT('Origin',(77.5001608840068,98.75,12.75));
#8264=CARTESIAN_POINT('',(77.5001608840068,96.5,13.75));
#8265=CARTESIAN_POINT('',(77.5001608840068,105.875000834465,13.75));
#8266=CARTESIAN_POINT('',(77.5001608840068,96.5,17.25));
#8267=CARTESIAN_POINT('Origin',(77.5001608840068,96.5,15.5));
#8268=CARTESIAN_POINT('',(77.5001608840068,99.3349364905389,17.25));
#8269=CARTESIAN_POINT('',(77.5001608840068,104.250000834465,17.25));
#8270=CARTESIAN_POINT('',(77.5001608840068,99.9535260646707,17.4642857142857));
#8271=CARTESIAN_POINT('Origin',(77.5001608840068,99.3349364905389,18.25));
#8272=CARTESIAN_POINT('Origin',(77.5001608840068,101.5,15.5));
#8273=CARTESIAN_POINT('Origin',(-38.75,-44.627291213764,0.));
#8274=CARTESIAN_POINT('',(59.373305168395,-91.2545824275281,0.));
#8275=CARTESIAN_POINT('',(77.5001597291668,2.00000000000001,0.));
#8276=CARTESIAN_POINT('',(-59.3731454392282,-91.2545824275281,0.));
#8277=CARTESIAN_POINT('',(-59.3731454392282,-91.2545824275281,0.));
#8278=CARTESIAN_POINT('',(-77.4816283382877,1.90548599395774,0.));
#8279=CARTESIAN_POINT('',(-77.5,2.00000000000001,0.));
#8280=CARTESIAN_POINT('',(-77.5,2.09629498933428,0.));
#8281=CARTESIAN_POINT('Origin',(-76.50000115484,2.09629498933428,0.));
#8282=CARTESIAN_POINT('',(-77.5,72.5370879821638,0.));
#8283=CARTESIAN_POINT('',(-77.5,114.,0.));
#8284=CARTESIAN_POINT('',(-75.5,72.5370879821638,0.));
#8285=CARTESIAN_POINT('',(-75.5,72.5370879821638,0.));
#8286=CARTESIAN_POINT('',(-75.5,62.,0.));
#8287=CARTESIAN_POINT('',(-75.5,112.,0.));
#8288=CARTESIAN_POINT('',(-73.5,60.,0.));
#8289=CARTESIAN_POINT('Origin',(-73.5,62.,0.));
#8290=CARTESIAN_POINT('',(73.5001597291668,60.,0.));
#8291=CARTESIAN_POINT('',(-0.0211159435905639,60.,0.));
#8292=CARTESIAN_POINT('',(75.5001597291668,62.,0.));
#8293=CARTESIAN_POINT('Origin',(73.5001597291668,62.,0.));
#8294=CARTESIAN_POINT('',(75.5001597291668,72.5370879821638,0.));
#8295=CARTESIAN_POINT('',(75.5001597291668,112.,0.));
#8296=CARTESIAN_POINT('',(75.5001597291668,72.5370879821638,0.));
#8297=CARTESIAN_POINT('',(55.7705414564044,-83.392401533407,0.));
#8298=CARTESIAN_POINT('Origin',(53.7705414564044,-83.392401533407,0.));
#8299=CARTESIAN_POINT('',(72.5001597291668,53.,0.));
#8300=CARTESIAN_POINT('Origin',(70.5001597291668,53.,0.));
#8301=CARTESIAN_POINT('',(-72.5,53.,0.));
#8302=CARTESIAN_POINT('Origin',(-70.5,53.,0.));
#8303=CARTESIAN_POINT('',(-55.7703817272376,-83.392401533407,0.));
#8304=CARTESIAN_POINT('Origin',(-53.7703817272376,-83.392401533407,0.));
#8305=CARTESIAN_POINT('',(-49.434672796129,-79.4934750061813,0.));
#8306=CARTESIAN_POINT('',(-51.7795451537774,-77.9118386300391,0.));
#8307=CARTESIAN_POINT('Origin',(-51.3979271630243,-79.8750929969344,0.));
#8308=CARTESIAN_POINT('',(-47.8518873133014,-87.6362004182812,0.));
#8309=CARTESIAN_POINT('',(-52.6962532034208,-62.7140984234378,0.));
#8310=CARTESIAN_POINT('',(-45.8886329464061,-89.2545824275281,0.));
#8311=CARTESIAN_POINT('Origin',(-45.8886329464061,-87.2545824275281,0.));
#8312=CARTESIAN_POINT('',(45.8887926755729,-89.254582427528,0.));
#8313=CARTESIAN_POINT('',(-43.1436528590205,-89.2545824275281,0.));
#8314=CARTESIAN_POINT('',(47.8520470424682,-87.6362004182811,0.));
#8315=CARTESIAN_POINT('Origin',(45.8887926755729,-87.254582427528,0.));
#8316=CARTESIAN_POINT('',(49.4348325252957,-79.4934750061813,0.));
#8317=CARTESIAN_POINT('',(52.6964129325876,-62.7140984234378,0.));
#8318=CARTESIAN_POINT('',(51.7797048829441,-77.9118386300391,0.));
#8319=CARTESIAN_POINT('Origin',(51.398086892191,-79.8750929969344,0.));
#8320=CARTESIAN_POINT('',(59.6327223505254,-79.4383105930514,0.));
#8321=CARTESIAN_POINT('',(46.3114786233073,-76.8489231192559,0.));
#8322=CARTESIAN_POINT('',(75.4450412795098,1.90901825485827,0.));
#8323=CARTESIAN_POINT('',(70.4464034563849,-23.8067440324799,0.));
#8324=CARTESIAN_POINT('',(75.5001597291668,2.4814452409879,0.));
#8325=CARTESIAN_POINT('Origin',(72.5001597291668,2.4814452409879,0.));
#8326=CARTESIAN_POINT('',(75.5001597291668,46.,0.));
#8327=CARTESIAN_POINT('',(75.5001597291668,1.68635439311799,0.));
#8328=CARTESIAN_POINT('',(73.5001597291668,48.,0.));
#8329=CARTESIAN_POINT('Origin',(73.5001597291668,46.,0.));
#8330=CARTESIAN_POINT('',(67.5001597291668,48.,0.));
#8331=CARTESIAN_POINT('',(52.1251597291668,48.,0.));
#8332=CARTESIAN_POINT('',(65.5001597291668,50.,0.));
#8333=CARTESIAN_POINT('Origin',(67.5001597291668,50.,0.));
#8334=CARTESIAN_POINT('',(65.5001597291668,56.,0.));
#8335=CARTESIAN_POINT('',(65.5001597291668,6.68635439311799,0.));
#8336=CARTESIAN_POINT('',(63.5001597291668,58.,0.));
#8337=CARTESIAN_POINT('Origin',(63.5001597291668,56.,0.));
#8338=CARTESIAN_POINT('',(-63.5,58.,0.));
#8339=CARTESIAN_POINT('',(-19.3749600677083,58.,0.));
#8340=CARTESIAN_POINT('',(-65.5,56.,0.));
#8341=CARTESIAN_POINT('Origin',(-63.5,56.,0.));
#8342=CARTESIAN_POINT('',(-65.5,50.,0.));
#8343=CARTESIAN_POINT('',(-65.5,6.68635439311799,0.));
#8344=CARTESIAN_POINT('',(-67.5,48.,0.));
#8345=CARTESIAN_POINT('Origin',(-67.5,50.,0.));
#8346=CARTESIAN_POINT('',(-73.5,48.,0.));
#8347=CARTESIAN_POINT('',(-52.125,48.,0.));
#8348=CARTESIAN_POINT('',(-75.5,46.,0.));
#8349=CARTESIAN_POINT('Origin',(-73.5,46.,0.));
#8350=CARTESIAN_POINT('',(-75.5,2.48144524098791,0.));
#8351=CARTESIAN_POINT('',(-75.5,1.68635439311799,0.));
#8352=CARTESIAN_POINT('',(-75.444881550343,1.90901825485827,0.));
#8353=CARTESIAN_POINT('Origin',(-72.5,2.48144524098791,0.));
#8354=CARTESIAN_POINT('',(-59.6325626213587,-79.4383105930514,0.));
#8355=CARTESIAN_POINT('',(-70.4462437272181,-23.8067440324799,0.));
#8356=CARTESIAN_POINT('',(-46.3113188941405,-76.8489231192559,0.));
#8357=CARTESIAN_POINT('Origin',(-76.50000115484,2.09629498933428,13.));
#8358=CARTESIAN_POINT('',(-77.4816283382877,1.90548599395774,4.));
#8359=CARTESIAN_POINT('',(-77.4816283382877,1.90548599395774,13.));
#8360=CARTESIAN_POINT('',(-77.50000115484,2.09629498933428,4.));
#8361=CARTESIAN_POINT('Origin',(-76.50000115484,2.09629498933428,4.));
#8362=CARTESIAN_POINT('',(-77.50000115484,2.09629498933428,13.));
#8363=CARTESIAN_POINT('Ctrl Pts',(-77.4816283382877,1.90548599395773,4.));
#8364=CARTESIAN_POINT('Ctrl Pts',(-77.4816283382877,1.90548599395773,4.26113757370446));
#8365=CARTESIAN_POINT('Ctrl Pts',(-77.3609779289975,1.28479344631573,4.87061993869721));
#8366=CARTESIAN_POINT('Ctrl Pts',(-76.9785640666691,-0.682555324888522,
5.37128229301625));
#8367=CARTESIAN_POINT('Ctrl Pts',(-76.7028232936848,-2.10111862591163,5.58388221813129));
#8368=CARTESIAN_POINT('Ctrl Pts',(-77.4938392373974,1.96830562401128,4.));
#8369=CARTESIAN_POINT('Ctrl Pts',(-77.4938392373974,1.96830562401128,4.30492924697219));
#8370=CARTESIAN_POINT('Ctrl Pts',(-77.3721624615908,1.3451805572702,5.01639893762913));
#8371=CARTESIAN_POINT('Ctrl Pts',(-76.9872283347688,-0.630629165548432,
5.6185089503246));
#8372=CARTESIAN_POINT('Ctrl Pts',(-76.7114148173762,-2.05691906820186,5.88994490294688));
#8373=CARTESIAN_POINT('Ctrl Pts',(-77.50000115484,2.03229958342782,4.));
#8374=CARTESIAN_POINT('Ctrl Pts',(-77.50000115484,2.03229958342782,4.34871979031365));
#8375=CARTESIAN_POINT('Ctrl Pts',(-77.35870961473,1.41040570062844,5.1622556712206));
#8376=CARTESIAN_POINT('Ctrl Pts',(-76.9049957120158,-0.561237528844404,
5.86588228471187));
#8377=CARTESIAN_POINT('Ctrl Pts',(-76.5697239401689,-1.98405187316322,6.19237575606011));
#8378=CARTESIAN_POINT('Ctrl Pts',(-77.50000115484,2.09629498933428,4.));
#8379=CARTESIAN_POINT('Ctrl Pts',(-77.50000115484,2.09629498933428,4.39170636055669));
#8380=CARTESIAN_POINT('Ctrl Pts',(-77.3190255409048,1.47560244169227,5.30592990804581));
#8381=CARTESIAN_POINT('Ctrl Pts',(-76.7454047474122,-0.491746329511976,
6.05692343952438));
#8382=CARTESIAN_POINT('Ctrl Pts',(-76.3317935879358,-1.91030963053509,6.37582332719693));
#8383=CARTESIAN_POINT('',(-76.7028232936848,-2.10111862591163,5.58388221813128));
#8384=CARTESIAN_POINT('',(-76.9412814366948,0.180052517730428,5.7436027758614));
#8385=CARTESIAN_POINT('Ctrl Pts',(-76.7028232936848,-2.10111862591161,5.58388221813128));
#8386=CARTESIAN_POINT('Ctrl Pts',(-76.7165825558115,-2.03033335868109,5.58388221813128));
#8387=CARTESIAN_POINT('Ctrl Pts',(-76.7304383566807,-1.95809118106142,5.58401739373711));
#8388=CARTESIAN_POINT('Ctrl Pts',(-76.7441807599769,-1.88516224292543,5.58432044265095));
#8389=CARTESIAN_POINT('Ctrl Pts',(-76.7575434973522,-1.81424813668277,5.58461511913221));
#8390=CARTESIAN_POINT('Ctrl Pts',(-76.7707989295154,-1.74268493880624,5.58506831024194));
#8391=CARTESIAN_POINT('Ctrl Pts',(-76.7837651481231,-1.67113541555386,5.58572131998554));
#8392=CARTESIAN_POINT('Ctrl Pts',(-76.796386629226,-1.60148820513938,5.58635696792487));
#8393=CARTESIAN_POINT('Ctrl Pts',(-76.8087341073161,-1.53185404562987,5.58718179449229));
#8394=CARTESIAN_POINT('Ctrl Pts',(-76.8206508048348,-1.46279827016487,5.58824734270284));
#8395=CARTESIAN_POINT('Ctrl Pts',(-76.8295762557117,-1.41107639581958,5.58904542440252));
#8396=CARTESIAN_POINT('Ctrl Pts',(-76.8382602936603,-1.35967805433301,5.58997880338403));
#8397=CARTESIAN_POINT('Ctrl Pts',(-76.8466408412831,-1.30882287698524,5.59107505247124));
#8398=CARTESIAN_POINT('Ctrl Pts',(-76.8565477918086,-1.24870511993294,5.59237096843752));
#8399=CARTESIAN_POINT('Ctrl Pts',(-76.866321824237,-1.18758558984496,5.59392551554793));
#8400=CARTESIAN_POINT('Ctrl Pts',(-76.8757612673887,-1.12614982134488,5.59578928237149));
#8401=CARTESIAN_POINT('Ctrl Pts',(-76.8849203541771,-1.06653872707228,5.59759769435254));
#8402=CARTESIAN_POINT('Ctrl Pts',(-76.8937645082772,-1.00662999503746,5.59969697736874));
#8403=CARTESIAN_POINT('Ctrl Pts',(-76.9021166372912,-0.947003047514052,
5.6021446498005));
#8404=CARTESIAN_POINT('Ctrl Pts',(-76.9090163160051,-0.897745333712494,
5.60416666758158));
#8405=CARTESIAN_POINT('Ctrl Pts',(-76.9155804167615,-0.848679116936692,
5.60642657388901));
#8406=CARTESIAN_POINT('Ctrl Pts',(-76.9217118815871,-0.800105436736677,
5.60896463589394));
#8407=CARTESIAN_POINT('Ctrl Pts',(-76.9280773478745,-0.749677988718579,
5.61159956059583));
#8408=CARTESIAN_POINT('Ctrl Pts',(-76.9341446107458,-0.698451713622539,
5.61460298584657));
#8409=CARTESIAN_POINT('Ctrl Pts',(-76.939706769009,-0.647088520086535,5.61803290597169));
#8410=CARTESIAN_POINT('Ctrl Pts',(-76.9451394368922,-0.596921092498736,
5.62138297549936));
#8411=CARTESIAN_POINT('Ctrl Pts',(-76.9500905163041,-0.546623083530605,
5.62513962716047));
#8412=CARTESIAN_POINT('Ctrl Pts',(-76.954368315689,-0.496763742772535,5.62937271401137));
#8413=CARTESIAN_POINT('Ctrl Pts',(-76.9559346209912,-0.478507872694218,
5.63092264793359));
#8414=CARTESIAN_POINT('Ctrl Pts',(-76.9574106525629,-0.460310343356916,
5.63253663067582));
#8415=CARTESIAN_POINT('Ctrl Pts',(-76.9587868963645,-0.442197463702815,
5.6342187398211));
#8416=CARTESIAN_POINT('Ctrl Pts',(-76.9623591419445,-0.395182789263165,
5.6385849044149));
#8417=CARTESIAN_POINT('Ctrl Pts',(-76.9652534859539,-0.348520000528624,
5.64348816275375));
#8418=CARTESIAN_POINT('Ctrl Pts',(-76.9673100005674,-0.302710218639346,
5.64892565000279));
#8419=CARTESIAN_POINT('Ctrl Pts',(-76.9693745564066,-0.256721314857965,
5.65438439849702));
#8420=CARTESIAN_POINT('Ctrl Pts',(-76.9705953486407,-0.211591983122643,
5.66038138462637));
#8421=CARTESIAN_POINT('Ctrl Pts',(-76.9708085253704,-0.167789209043351,
5.66694837096667));
#8422=CARTESIAN_POINT('Ctrl Pts',(-76.97102267283,-0.123786972957258,5.67354526099005));
#8423=CARTESIAN_POINT('Ctrl Pts',(-76.9702209165967,-0.0811230593166015,
5.68071744353336));
#8424=CARTESIAN_POINT('Ctrl Pts',(-76.9682234866228,-0.0402339621171156,
5.68853278852199));
#8425=CARTESIAN_POINT('Ctrl Pts',(-76.966250387648,0.000157058753840249,
5.69625293360149));
#8426=CARTESIAN_POINT('Ctrl Pts',(-76.9631116089334,0.038816910407069,5.70460119130457));
#8427=CARTESIAN_POINT('Ctrl Pts',(-76.9586060662792,0.0753530658069787,
5.71367304668499));
#8428=CARTESIAN_POINT('Ctrl Pts',(-76.954100523625,0.111889221206888,5.72274490206541));
#8429=CARTESIAN_POINT('Ctrl Pts',(-76.9482295251107,0.146302564950411,5.73254126834826));
#8430=CARTESIAN_POINT('Ctrl Pts',(-76.9407463943232,0.178217439889362,5.74317736450779));
#8431=CARTESIAN_POINT('Origin',(-74.50000115484,-8.19281304260631,4.));
#8432=CARTESIAN_POINT('Origin',(-75.4816283382877,-8.38362203798286,4.));
#8433=CARTESIAN_POINT('Origin',(-77.5,2.00000000000001,0.));
#8434=CARTESIAN_POINT('',(-59.3731454392282,-91.2545824275281,4.));
#8435=CARTESIAN_POINT('',(-59.3731454392282,-91.2545824275281,0.));
#8436=CARTESIAN_POINT('',(-61.6270214014458,-79.6593957946023,4.));
#8437=CARTESIAN_POINT('',(-72.4278709106658,-24.0938420760541,4.));
#8438=CARTESIAN_POINT('',(-61.9774349790071,-77.8566742169092,5.58388221813128));
#8439=CARTESIAN_POINT('Ctrl Pts',(-61.9774349790071,-77.8566742169092,5.58388221813131));
#8440=CARTESIAN_POINT('Ctrl Pts',(-61.9343966296783,-78.0780873297892,5.58388221813131));
#8441=CARTESIAN_POINT('Ctrl Pts',(-61.8841359675314,-78.3366560210825,5.52161157607957));
#8442=CARTESIAN_POINT('Ctrl Pts',(-61.8009531204553,-78.7645946710676,5.31422546452657));
#8443=CARTESIAN_POINT('Ctrl Pts',(-61.7550756452535,-79.0006138203599,5.1206978073957));
#8444=CARTESIAN_POINT('Ctrl Pts',(-61.685057323558,-79.3608268584298,4.69244090353875));
#8445=CARTESIAN_POINT('Ctrl Pts',(-61.6515298460394,-79.5333107775436,4.36896926830661));
#8446=CARTESIAN_POINT('Ctrl Pts',(-61.6303778214487,-79.6421285105974,4.05349140674877));
#8447=CARTESIAN_POINT('Ctrl Pts',(-61.6286740472346,-79.6508936690729,4.02695479141651));
#8448=CARTESIAN_POINT('Ctrl Pts',(-61.6270214014459,-79.6593957946023,3.99999999999999));
#8449=CARTESIAN_POINT('',(-72.4094980941135,-24.188362023233,5.58388221813128));
#8450=CARTESIAN_POINT('Ctrl Pts',(-72.5,45.,6.));
#8451=CARTESIAN_POINT('Ctrl Pts',(-72.7243994752564,45.6731984257693,6.));
#8452=CARTESIAN_POINT('Ctrl Pts',(-73.0970221727355,46.7910665182064,5.60653101116836));
#8453=CARTESIAN_POINT('Ctrl Pts',(-73.4315638564869,47.7946915694607,4.34476111681988));
#8454=CARTESIAN_POINT('Ctrl Pts',(-73.5,48.,3.44879895051283));
#8455=CARTESIAN_POINT('Ctrl Pts',(-73.5,48.,3.));
#8456=CARTESIAN_POINT('Ctrl Pts',(-72.5,45.,6.));
#8457=CARTESIAN_POINT('Ctrl Pts',(-72.8098849896398,45.5877129113859,6.));
#8458=CARTESIAN_POINT('Ctrl Pts',(-73.3227931896415,46.5650770159324,5.72626298133623));
#8459=CARTESIAN_POINT('Ctrl Pts',(-73.9239544771128,47.6933490472866,4.59237388353154));
#8460=CARTESIAN_POINT('Ctrl Pts',(-74.0983986006838,48.,3.53969173700039));
#8461=CARTESIAN_POINT('Ctrl Pts',(-74.0983986006838,48.,3.));
#8462=CARTESIAN_POINT('Ctrl Pts',(-72.5,45.,6.));
#8463=CARTESIAN_POINT('Ctrl Pts',(-72.9594846398108,45.4381132612149,6.));
#8464=CARTESIAN_POINT('Ctrl Pts',(-73.72383265399,46.1661167155319,5.81408755444633));
#8465=CARTESIAN_POINT('Ctrl Pts',(-74.7829942116882,47.1650604587891,4.80011726068932));
#8466=CARTESIAN_POINT('Ctrl Pts',(-75.1344287334108,47.4979166244801,3.61778903822871));
#8467=CARTESIAN_POINT('Ctrl Pts',(-75.1344287334108,47.4979166244801,3.));
#8468=CARTESIAN_POINT('Ctrl Pts',(-72.5,45.,6.));
#8469=CARTESIAN_POINT('Ctrl Pts',(-73.1090842899817,45.288513611044,6.));
#8470=CARTESIAN_POINT('Ctrl Pts',(-74.1235271287905,45.7681713253804,5.69673373630778));
#8471=CARTESIAN_POINT('Ctrl Pts',(-75.2192456824934,46.3013907488878,4.52865674029523));
#8472=CARTESIAN_POINT('Ctrl Pts',(-75.5,46.4487989505128,3.51600188287887));
#8473=CARTESIAN_POINT('Ctrl Pts',(-75.5,46.4487989505128,3.));
#8474=CARTESIAN_POINT('Ctrl Pts',(-72.5,45.,6.));
#8475=CARTESIAN_POINT('Ctrl Pts',(-73.1731984257692,45.2243994752564,6.));
#8476=CARTESIAN_POINT('Ctrl Pts',(-74.2910665182064,45.5970221727355,5.60653101116836));
#8477=CARTESIAN_POINT('Ctrl Pts',(-75.2946915694607,45.9315638564869,4.34476111681988));
#8478=CARTESIAN_POINT('Ctrl Pts',(-75.5,46.,3.44879895051283));
#8479=CARTESIAN_POINT('Ctrl Pts',(-75.5,46.,3.));
#8480=CARTESIAN_POINT('',(-75.5,46.,3.));
#8481=CARTESIAN_POINT('',(-73.5,48.,3.));
#8482=CARTESIAN_POINT('Origin',(-73.5,46.,3.));
#8483=CARTESIAN_POINT('',(-72.5,45.,6.));
#8484=CARTESIAN_POINT('Origin',(-72.5,45.,3.));
#8485=CARTESIAN_POINT('Origin',(-72.5,45.,3.));
#8486=CARTESIAN_POINT('Ctrl Pts',(-62.5,55.,6.));
#8487=CARTESIAN_POINT('Ctrl Pts',(-62.7243994752564,55.6731984257693,6.));
#8488=CARTESIAN_POINT('Ctrl Pts',(-63.0970221727355,56.7910665182064,5.60653101116836));
#8489=CARTESIAN_POINT('Ctrl Pts',(-63.4315638564869,57.7946915694607,4.34476111681988));
#8490=CARTESIAN_POINT('Ctrl Pts',(-63.5,58.,3.44879895051283));
#8491=CARTESIAN_POINT('Ctrl Pts',(-63.5,58.,3.));
#8492=CARTESIAN_POINT('Ctrl Pts',(-62.5,55.,6.));
#8493=CARTESIAN_POINT('Ctrl Pts',(-62.8098849896398,55.5877129113859,6.));
#8494=CARTESIAN_POINT('Ctrl Pts',(-63.3227931896415,56.5650770159324,5.72626298133623));
#8495=CARTESIAN_POINT('Ctrl Pts',(-63.9239544771128,57.6933490472866,4.59237388353154));
#8496=CARTESIAN_POINT('Ctrl Pts',(-64.0983986006838,58.,3.53969173700039));
#8497=CARTESIAN_POINT('Ctrl Pts',(-64.0983986006838,58.,3.));
#8498=CARTESIAN_POINT('Ctrl Pts',(-62.5,55.,6.));
#8499=CARTESIAN_POINT('Ctrl Pts',(-62.9594846398108,55.4381132612149,6.));
#8500=CARTESIAN_POINT('Ctrl Pts',(-63.7238326539899,56.1661167155319,5.81408755444633));
#8501=CARTESIAN_POINT('Ctrl Pts',(-64.7829942116882,57.1650604587891,4.80011726068932));
#8502=CARTESIAN_POINT('Ctrl Pts',(-65.1344287334108,57.4979166244801,3.61778903822871));
#8503=CARTESIAN_POINT('Ctrl Pts',(-65.1344287334108,57.4979166244801,3.));
#8504=CARTESIAN_POINT('Ctrl Pts',(-62.5,55.,6.));
#8505=CARTESIAN_POINT('Ctrl Pts',(-63.1090842899817,55.288513611044,6.));
#8506=CARTESIAN_POINT('Ctrl Pts',(-64.1235271287905,55.7681713253804,5.69673373630778));
#8507=CARTESIAN_POINT('Ctrl Pts',(-65.2192456824934,56.3013907488877,4.52865674029523));
#8508=CARTESIAN_POINT('Ctrl Pts',(-65.5,56.4487989505128,3.51600188287887));
#8509=CARTESIAN_POINT('Ctrl Pts',(-65.5,56.4487989505128,3.));
#8510=CARTESIAN_POINT('Ctrl Pts',(-62.5,55.,6.));
#8511=CARTESIAN_POINT('Ctrl Pts',(-63.1731984257692,55.2243994752564,6.));
#8512=CARTESIAN_POINT('Ctrl Pts',(-64.2910665182064,55.5970221727355,5.60653101116836));
#8513=CARTESIAN_POINT('Ctrl Pts',(-65.2946915694607,55.9315638564869,4.34476111681988));
#8514=CARTESIAN_POINT('Ctrl Pts',(-65.5,56.,3.44879895051283));
#8515=CARTESIAN_POINT('Ctrl Pts',(-65.5,56.,3.));
#8516=CARTESIAN_POINT('',(-65.5,56.,3.));
#8517=CARTESIAN_POINT('',(-63.5,58.,3.));
#8518=CARTESIAN_POINT('Origin',(-63.5,56.,3.));
#8519=CARTESIAN_POINT('',(-62.5,55.,6.));
#8520=CARTESIAN_POINT('Origin',(-62.5,55.,3.));
#8521=CARTESIAN_POINT('Origin',(-62.5,55.,3.));
#8522=CARTESIAN_POINT('Ctrl Pts',(62.5001597291668,55.,6.));
#8523=CARTESIAN_POINT('Ctrl Pts',(63.173358154936,55.2243994752564,6.));
#8524=CARTESIAN_POINT('Ctrl Pts',(64.2912262472385,55.5970221726906,5.60653101084441));
#8525=CARTESIAN_POINT('Ctrl Pts',(65.2948512985305,55.9315638564546,4.34476111666731));
#8526=CARTESIAN_POINT('Ctrl Pts',(65.5001597291668,56.,3.44879895051283));
#8527=CARTESIAN_POINT('Ctrl Pts',(65.5001597291668,56.,3.));
#8528=CARTESIAN_POINT('Ctrl Pts',(62.5001597291668,55.,6.));
#8529=CARTESIAN_POINT('Ctrl Pts',(63.0878726405526,55.3098849896398,6.));
#8530=CARTESIAN_POINT('Ctrl Pts',(64.0652367439717,55.822793189004,5.7262629813185));
#8531=CARTESIAN_POINT('Ctrl Pts',(65.1935087756219,56.4239544766285,4.59237388349882));
#8532=CARTESIAN_POINT('Ctrl Pts',(65.5001597291668,56.5983986006838,3.53969173700039));
#8533=CARTESIAN_POINT('Ctrl Pts',(65.5001597291668,56.5983986006838,3.));
#8534=CARTESIAN_POINT('Ctrl Pts',(62.5001597291668,55.,6.));
#8535=CARTESIAN_POINT('Ctrl Pts',(62.9382729903817,55.4594846398108,6.));
#8536=CARTESIAN_POINT('Ctrl Pts',(63.6662764440188,56.2238326532395,5.81408755398549));
#8537=CARTESIAN_POINT('Ctrl Pts',(64.6652201871927,57.2829942108812,4.80011725970166));
#8538=CARTESIAN_POINT('Ctrl Pts',(64.9980763533841,57.6344287331921,3.61778903822871));
#8539=CARTESIAN_POINT('Ctrl Pts',(64.9980763533841,57.6344287331921,3.));
#8540=CARTESIAN_POINT('Ctrl Pts',(62.5001597291668,55.,6.));
#8541=CARTESIAN_POINT('Ctrl Pts',(62.7886733402107,55.6090842899817,6.));
#8542=CARTESIAN_POINT('Ctrl Pts',(63.2683310544194,56.6235271282979,5.69673373608038));
#8543=CARTESIAN_POINT('Ctrl Pts',(63.801550477885,57.7192456820605,4.52865673997089));
#8544=CARTESIAN_POINT('Ctrl Pts',(63.9489586796796,58.,3.51600188287887));
#8545=CARTESIAN_POINT('Ctrl Pts',(63.9489586796796,58.,3.));
#8546=CARTESIAN_POINT('Ctrl Pts',(62.5001597291668,55.,6.));
#8547=CARTESIAN_POINT('Ctrl Pts',(62.7245592044232,55.6731984257693,6.));
#8548=CARTESIAN_POINT('Ctrl Pts',(63.0971819018573,56.7910665180717,5.60653101084441));
#8549=CARTESIAN_POINT('Ctrl Pts',(63.4317235856213,57.7946915693637,4.34476111666731));
#8550=CARTESIAN_POINT('Ctrl Pts',(63.5001597291668,58.,3.44879895051283));
#8551=CARTESIAN_POINT('Ctrl Pts',(63.5001597291668,58.,3.));
#8552=CARTESIAN_POINT('',(63.5001597291668,58.,3.));
#8553=CARTESIAN_POINT('',(65.5001597291668,56.,3.));
#8554=CARTESIAN_POINT('Origin',(63.5001597291668,56.,3.));
#8555=CARTESIAN_POINT('',(62.5001597291668,55.,6.));
#8556=CARTESIAN_POINT('Origin',(62.5001597291668,55.,3.));
#8557=CARTESIAN_POINT('Origin',(62.5001597291668,55.,3.));
#8558=CARTESIAN_POINT('Ctrl Pts',(72.5001597291668,45.,6.));
#8559=CARTESIAN_POINT('Ctrl Pts',(73.173358154936,45.2243994752564,6.));
#8560=CARTESIAN_POINT('Ctrl Pts',(74.2912262472385,45.5970221726906,5.60653101084441));
#8561=CARTESIAN_POINT('Ctrl Pts',(75.2948512985305,45.9315638564546,4.34476111666731));
#8562=CARTESIAN_POINT('Ctrl Pts',(75.5001597291668,46.,3.44879895051283));
#8563=CARTESIAN_POINT('Ctrl Pts',(75.5001597291668,46.,3.));
#8564=CARTESIAN_POINT('Ctrl Pts',(72.5001597291668,45.,6.));
#8565=CARTESIAN_POINT('Ctrl Pts',(73.0878726405526,45.3098849896398,6.));
#8566=CARTESIAN_POINT('Ctrl Pts',(74.0652367439717,45.822793189004,5.7262629813185));
#8567=CARTESIAN_POINT('Ctrl Pts',(75.1935087756218,46.4239544766285,4.59237388349882));
#8568=CARTESIAN_POINT('Ctrl Pts',(75.5001597291668,46.5983986006838,3.53969173700039));
#8569=CARTESIAN_POINT('Ctrl Pts',(75.5001597291668,46.5983986006838,3.));
#8570=CARTESIAN_POINT('Ctrl Pts',(72.5001597291668,45.,6.));
#8571=CARTESIAN_POINT('Ctrl Pts',(72.9382729903817,45.4594846398108,6.));
#8572=CARTESIAN_POINT('Ctrl Pts',(73.6662764440188,46.2238326532395,5.81408755398549));
#8573=CARTESIAN_POINT('Ctrl Pts',(74.6652201871927,47.2829942108812,4.80011725970166));
#8574=CARTESIAN_POINT('Ctrl Pts',(74.9980763533841,47.6344287331921,3.61778903822871));
#8575=CARTESIAN_POINT('Ctrl Pts',(74.9980763533841,47.6344287331921,3.));
#8576=CARTESIAN_POINT('Ctrl Pts',(72.5001597291668,45.,6.));
#8577=CARTESIAN_POINT('Ctrl Pts',(72.7886733402107,45.6090842899817,6.));
#8578=CARTESIAN_POINT('Ctrl Pts',(73.2683310544194,46.6235271282979,5.69673373608038));
#8579=CARTESIAN_POINT('Ctrl Pts',(73.801550477885,47.7192456820605,4.52865673997089));
#8580=CARTESIAN_POINT('Ctrl Pts',(73.9489586796796,48.,3.51600188287887));
#8581=CARTESIAN_POINT('Ctrl Pts',(73.9489586796796,48.,3.));
#8582=CARTESIAN_POINT('Ctrl Pts',(72.5001597291668,45.,6.));
#8583=CARTESIAN_POINT('Ctrl Pts',(72.7245592044232,45.6731984257693,6.));
#8584=CARTESIAN_POINT('Ctrl Pts',(73.0971819018574,46.7910665180717,5.60653101084441));
#8585=CARTESIAN_POINT('Ctrl Pts',(73.4317235856213,47.7946915693638,4.34476111666731));
#8586=CARTESIAN_POINT('Ctrl Pts',(73.5001597291668,48.,3.44879895051283));
#8587=CARTESIAN_POINT('Ctrl Pts',(73.5001597291668,48.,3.));
#8588=CARTESIAN_POINT('',(73.5001597291668,48.,3.));
#8589=CARTESIAN_POINT('',(75.5001597291668,46.,3.));
#8590=CARTESIAN_POINT('Origin',(73.5001597291668,46.,3.));
#8591=CARTESIAN_POINT('',(72.5001597291668,45.,6.));
#8592=CARTESIAN_POINT('Origin',(72.5001597291668,45.,3.));
#8593=CARTESIAN_POINT('Origin',(72.5001597291668,45.,3.));
#8594=CARTESIAN_POINT('Origin',(72.5001597291668,2.4814452409879,0.));
#8595=CARTESIAN_POINT('',(75.4450412795098,1.90901825485826,1.));
#8596=CARTESIAN_POINT('',(75.5001597291668,2.4814452409879,1.));
#8597=CARTESIAN_POINT('Origin',(72.5001597291668,2.4814452409879,1.));
#8598=CARTESIAN_POINT('',(75.5001597291668,2.4814452409879,0.));
#8599=CARTESIAN_POINT('',(75.4450412795098,1.90901825485827,0.));
#8600=CARTESIAN_POINT('Ctrl Pts',(75.5001597291668,2.48144524098785,1.));
#8601=CARTESIAN_POINT('Ctrl Pts',(75.5001597291668,2.48144524098785,1.22439947525641));
#8602=CARTESIAN_POINT('Ctrl Pts',(75.5001597291668,2.88149307201716,1.67305892441787));
#8603=CARTESIAN_POINT('Ctrl Pts',(75.5001597291667,4.80296549225125,2.33737664704216));
#8604=CARTESIAN_POINT('Ctrl Pts',(75.5001597291667,8.25995971314087,2.86339654551751));
#8605=CARTESIAN_POINT('Ctrl Pts',(75.5001597291668,11.3950747913229,3.));
#8606=CARTESIAN_POINT('Ctrl Pts',(75.5001597291668,12.9631313693235,3.));
#8607=CARTESIAN_POINT('Ctrl Pts',(75.5001597291668,2.37173883086249,1.));
#8608=CARTESIAN_POINT('Ctrl Pts',(75.5001597291668,2.37173883086249,1.28890923009199));
#8609=CARTESIAN_POINT('Ctrl Pts',(75.4993744501087,2.77454419945359,1.8663078191775));
#8610=CARTESIAN_POINT('Ctrl Pts',(75.4980208334197,4.71019512465103,2.74479406770767));
#8611=CARTESIAN_POINT('Ctrl Pts',(75.4978823695223,8.19679531917548,3.50612461534775));
#8612=CARTESIAN_POINT('Ctrl Pts',(75.4969988421024,11.3693499428037,3.81200156288391));
#8613=CARTESIAN_POINT('Ctrl Pts',(75.5001597291668,12.9631313693235,3.89759790102566));
#8614=CARTESIAN_POINT('Ctrl Pts',(75.489617321831,2.1797530685949,1.));
#8615=CARTESIAN_POINT('Ctrl Pts',(75.489617321831,2.1797530685949,1.40180085131088));
#8616=CARTESIAN_POINT('Ctrl Pts',(75.468469802431,2.58735906569606,2.20537177207325));
#8617=CARTESIAN_POINT('Ctrl Pts',(75.360824750103,4.54791174678986,3.46040661858204));
#8618=CARTESIAN_POINT('Ctrl Pts',(75.1444388494878,8.08665420485081,4.63260886404603));
#8619=CARTESIAN_POINT('Ctrl Pts',(74.8967530154105,11.3251226397527,5.22921903627192));
#8620=CARTESIAN_POINT('Ctrl Pts',(74.7470217870914,12.9631313693235,5.4517239128482));
#8621=CARTESIAN_POINT('Ctrl Pts',(75.4607410069365,1.98978635064135,1.));
#8622=CARTESIAN_POINT('Ctrl Pts',(75.4607410069365,1.98978635064135,1.51350538708408));
#8623=CARTESIAN_POINT('Ctrl Pts',(75.3807405458773,2.40644927862772,2.54013823148348));
#8624=CARTESIAN_POINT('Ctrl Pts',(74.9900260518608,4.40936681149558,4.0951183863295));
#8625=CARTESIAN_POINT('Ctrl Pts',(74.2625244623158,8.01965914512647,5.41895937156099));
#8626=CARTESIAN_POINT('Ctrl Pts',(73.5521963715826,11.3093802474387,5.90037272337576));
#8627=CARTESIAN_POINT('Ctrl Pts',(73.173358154936,12.9631313693235,6.));
#8628=CARTESIAN_POINT('Ctrl Pts',(75.4450412795098,1.90901825485822,1.));
#8629=CARTESIAN_POINT('Ctrl Pts',(75.4450412795098,1.90901825485822,1.56099868814103));
#8630=CARTESIAN_POINT('Ctrl Pts',(75.3326458631208,2.33091354167089,2.68264731104466));
#8631=CARTESIAN_POINT('Ctrl Pts',(74.7927986848559,4.35732162330323,4.34344161760539));
#8632=CARTESIAN_POINT('Ctrl Pts',(73.8215390634464,8.0031095896554,5.65849136379377));
#8633=CARTESIAN_POINT('Ctrl Pts',(72.9407129788929,11.3094399144495,6.));
#8634=CARTESIAN_POINT('Ctrl Pts',(72.5001597291668,12.9631313693235,6.));
#8635=CARTESIAN_POINT('',(72.5001597291668,12.9631313693235,6.));
#8636=CARTESIAN_POINT('',(75.5001597291668,12.9631313693235,3.));
#8637=CARTESIAN_POINT('Origin',(72.5001597291668,12.9631313693235,3.));
#8638=CARTESIAN_POINT('Origin',(75.5001597291668,12.9631313693235,1.));
#8639=CARTESIAN_POINT('Origin',(72.5001597291668,12.9631313693235,1.));
#8640=CARTESIAN_POINT('Origin',(72.5001597291668,39.,3.));
#8641=CARTESIAN_POINT('',(75.5001597291668,39.,3.));
#8642=CARTESIAN_POINT('',(72.5001597291668,39.,6.));
#8643=CARTESIAN_POINT('Origin',(13.8750998307292,45.,3.));
#8644=CARTESIAN_POINT('',(67.5001597291668,45.,6.));
#8645=CARTESIAN_POINT('',(13.8750998307292,45.,6.));
#8646=CARTESIAN_POINT('',(67.5001597291668,48.,3.));
#8647=CARTESIAN_POINT('Origin',(67.5001597291668,45.,3.));
#8648=CARTESIAN_POINT('',(13.8750998307292,48.,3.));
#8649=CARTESIAN_POINT('Origin',(67.5001597291668,50.,3.));
#8650=CARTESIAN_POINT('',(62.5001597291668,50.,6.));
#8651=CARTESIAN_POINT('',(65.5001597291668,50.,3.));
#8652=CARTESIAN_POINT('Origin',(62.5001597291668,50.,3.));
#8653=CARTESIAN_POINT('Origin',(67.5001597291668,50.,3.));
#8654=CARTESIAN_POINT('Origin',(67.5001597291668,50.,6.));
#8655=CARTESIAN_POINT('Origin',(62.5001597291668,44.,3.));
#8656=CARTESIAN_POINT('',(65.5001597291668,44.,3.));
#8657=CARTESIAN_POINT('',(62.5001597291668,44.,6.));
#8658=CARTESIAN_POINT('Origin',(-57.6249806112742,55.,3.));
#8659=CARTESIAN_POINT('',(-57.6249806112742,58.,3.));
#8660=CARTESIAN_POINT('',(-57.6249806112742,55.,6.));
#8661=CARTESIAN_POINT('Origin',(-62.5,44.,3.));
#8662=CARTESIAN_POINT('',(-62.5,50.,6.));
#8663=CARTESIAN_POINT('',(-62.5,44.,6.));
#8664=CARTESIAN_POINT('',(-65.5,50.,3.));
#8665=CARTESIAN_POINT('Origin',(-62.5,50.,3.));
#8666=CARTESIAN_POINT('',(-65.5,44.,3.));
#8667=CARTESIAN_POINT('Origin',(-67.5,50.,3.));
#8668=CARTESIAN_POINT('',(-67.5,45.,6.));
#8669=CARTESIAN_POINT('',(-67.5,48.,3.));
#8670=CARTESIAN_POINT('Origin',(-67.5,45.,3.));
#8671=CARTESIAN_POINT('Origin',(-67.5,50.,3.));
#8672=CARTESIAN_POINT('Origin',(-67.5,50.,6.));
#8673=CARTESIAN_POINT('Origin',(-51.6249800338542,45.,3.));
#8674=CARTESIAN_POINT('',(-51.6249800338542,48.,3.));
#8675=CARTESIAN_POINT('',(-51.6249800338542,45.,6.));
#8676=CARTESIAN_POINT('Origin',(-72.5,39.,3.));
#8677=CARTESIAN_POINT('',(-72.5,12.9631313693235,6.));
#8678=CARTESIAN_POINT('',(-72.5,39.,6.));
#8679=CARTESIAN_POINT('',(-75.5,12.9631313693235,3.));
#8680=CARTESIAN_POINT('Origin',(-72.5,12.9631313693235,3.));
#8681=CARTESIAN_POINT('',(-75.5,39.,3.));
#8682=CARTESIAN_POINT('Ctrl Pts',(-75.5,12.9631313693235,3.));
#8683=CARTESIAN_POINT('Ctrl Pts',(-75.5,10.6110465023226,3.));
#8684=CARTESIAN_POINT('Ctrl Pts',(-75.5,6.70501765043626,2.7378347210978));
#8685=CARTESIAN_POINT('Ctrl Pts',(-75.5,3.1985427571668,1.8965733040117));
#8686=CARTESIAN_POINT('Ctrl Pts',(-75.5,2.48144524098786,1.29919930034189));
#8687=CARTESIAN_POINT('Ctrl Pts',(-75.5,2.48144524098786,1.));
#8688=CARTESIAN_POINT('Ctrl Pts',(-75.5,12.9631313693235,3.89759790102566));
#8689=CARTESIAN_POINT('Ctrl Pts',(-75.4952586694035,10.5724592295438,3.76920339381304));
#8690=CARTESIAN_POINT('Ctrl Pts',(-75.4986655429241,6.62727326718128,3.29562425466416));
#8691=CARTESIAN_POINT('Ctrl Pts',(-75.497633404836,3.09353713309053,2.15369057524148));
#8692=CARTESIAN_POINT('Ctrl Pts',(-75.5,2.3717388308625,1.38521230678932));
#8693=CARTESIAN_POINT('Ctrl Pts',(-75.5,2.3717388308625,1.));
#8694=CARTESIAN_POINT('Ctrl Pts',(-74.7468620588474,12.9631313693236,5.45172391354303));
#8695=CARTESIAN_POINT('Ctrl Pts',(-74.971458901326,10.5061182749673,5.1179665986786));
#8696=CARTESIAN_POINT('Ctrl Pts',(-75.249165073121,6.4913247453907,4.27318454377301));
#8697=CARTESIAN_POINT('Ctrl Pts',(-75.4521022689153,2.90984074097431,2.6067192951068));
#8698=CARTESIAN_POINT('Ctrl Pts',(-75.4894575926645,2.17975306859488,1.53573446841451));
#8699=CARTESIAN_POINT('Ctrl Pts',(-75.4894575926645,2.17975306859488,1.));
#8700=CARTESIAN_POINT('Ctrl Pts',(-73.1731984257692,12.9631313693235,6.));
#8701=CARTESIAN_POINT('Ctrl Pts',(-73.7414557507391,10.4825046864963,5.85055908506364));
#8702=CARTESIAN_POINT('Ctrl Pts',(-74.5976452124523,6.39352485605682,5.0627788486354));
#8703=CARTESIAN_POINT('Ctrl Pts',(-75.3177551499126,2.73646064699842,3.05193355701851));
#8704=CARTESIAN_POINT('Ctrl Pts',(-75.4605812777698,1.98978635064135,1.68467384944545));
#8705=CARTESIAN_POINT('Ctrl Pts',(-75.4605812777698,1.98978635064135,1.));
#8706=CARTESIAN_POINT('Ctrl Pts',(-72.5,12.9631313693235,6.));
#8707=CARTESIAN_POINT('Ctrl Pts',(-73.1608298745893,10.4825941870125,6.));
#8708=CARTESIAN_POINT('Ctrl Pts',(-74.2582479960813,6.36324886141719,5.3445868027445));
#8709=CARTESIAN_POINT('Ctrl Pts',(-75.2434094570809,2.66527797880808,3.24143326002925));
#8710=CARTESIAN_POINT('Ctrl Pts',(-75.444881550343,1.90901825485821,1.74799825085472));
#8711=CARTESIAN_POINT('Ctrl Pts',(-75.444881550343,1.90901825485821,1.));
#8712=CARTESIAN_POINT('',(-75.444881550343,1.90901825485823,1.));
#8713=CARTESIAN_POINT('',(-75.5,2.48144524098785,1.));
#8714=CARTESIAN_POINT('Origin',(-72.5,2.48144524098785,1.));
#8715=CARTESIAN_POINT('Origin',(-75.5,12.9631313693235,1.));
#8716=CARTESIAN_POINT('Origin',(-72.5,12.9631313693235,1.));
#8717=CARTESIAN_POINT('Origin',(-72.5,2.48144524098791,0.));
#8718=CARTESIAN_POINT('',(-75.5,2.48144524098791,0.));
#8719=CARTESIAN_POINT('',(-75.444881550343,1.90901825485827,0.));
#8720=CARTESIAN_POINT('Origin',(75.5001597291668,48.,0.));
#8721=CARTESIAN_POINT('',(75.5001597291668,46.,0.));
#8722=CARTESIAN_POINT('Origin',(73.5001597291668,46.,0.));
#8723=CARTESIAN_POINT('',(73.5001597291668,48.,0.));
#8724=CARTESIAN_POINT('Origin',(65.5001597291668,48.,0.));
#8725=CARTESIAN_POINT('',(67.5001597291668,48.,0.));
#8726=CARTESIAN_POINT('Origin',(67.5001597291668,50.,0.));
#8727=CARTESIAN_POINT('',(65.5001597291668,50.,0.));
#8728=CARTESIAN_POINT('Origin',(65.5001597291668,58.,0.));
#8729=CARTESIAN_POINT('',(65.5001597291668,56.,13.));
#8730=CARTESIAN_POINT('Origin',(63.5001597291668,56.,13.));
#8731=CARTESIAN_POINT('',(63.5001597291668,58.,13.));
#8732=CARTESIAN_POINT('Origin',(-77.50000115484,58.,26.));
#8733=CARTESIAN_POINT('',(-63.5,58.,13.));
#8734=CARTESIAN_POINT('Origin',(-63.5,56.,13.));
#8735=CARTESIAN_POINT('',(-65.5,56.,13.));
#8736=CARTESIAN_POINT('Origin',(-65.5,58.,0.));
#8737=CARTESIAN_POINT('',(-65.5,50.,0.));
#8738=CARTESIAN_POINT('Origin',(-67.5,50.,0.));
#8739=CARTESIAN_POINT('',(-67.5,48.,0.));
#8740=CARTESIAN_POINT('Origin',(-65.5,48.,0.));
#8741=CARTESIAN_POINT('',(-73.5,48.,0.));
#8742=CARTESIAN_POINT('Origin',(-73.5,46.,0.));
#8743=CARTESIAN_POINT('',(-75.5,46.,0.));
#8744=CARTESIAN_POINT('Origin',(-75.5,48.,0.));
#8745=CARTESIAN_POINT('Origin',(-51.3979271630243,-79.8750929969344,0.));
#8746=CARTESIAN_POINT('',(-51.7795451537774,-77.9118386300391,4.));
#8747=CARTESIAN_POINT('',(-51.7795451537774,-77.9118386300391,0.));
#8748=CARTESIAN_POINT('',(-49.434672796129,-79.4934750061813,4.));
#8749=CARTESIAN_POINT('Origin',(-51.3979271630243,-79.8750929969344,4.));
#8750=CARTESIAN_POINT('',(-49.434672796129,-79.4934750061813,0.));
#8751=CARTESIAN_POINT('Origin',(-47.4714184292336,-79.1118570154282,4.));
#8752=CARTESIAN_POINT('',(-51.2534927316309,-77.8095843975996,6.));
#8753=CARTESIAN_POINT('',(-47.4714184292336,-79.1118570154282,6.));
#8754=CARTESIAN_POINT('Ctrl Pts',(-47.4714184292336,-79.1118570154282,6.));
#8755=CARTESIAN_POINT('Ctrl Pts',(-47.7962984098892,-78.8927227015244,6.));
#8756=CARTESIAN_POINT('Ctrl Pts',(-48.1534653396036,-78.6508456492237,6.));
#8757=CARTESIAN_POINT('Ctrl Pts',(-48.8964653014491,-78.2253588457889,6.));
#8758=CARTESIAN_POINT('Ctrl Pts',(-49.2838911205332,-78.0445365309009,6.));
#8759=CARTESIAN_POINT('Ctrl Pts',(-49.901420743543,-77.8523198929416,6.));
#8760=CARTESIAN_POINT('Ctrl Pts',(-50.1746961384879,-77.7925903363908,6.));
#8761=CARTESIAN_POINT('Ctrl Pts',(-50.725610306052,-77.7466113462404,6.));
#8762=CARTESIAN_POINT('Ctrl Pts',(-51.0032981258708,-77.7609514927874,6.));
#8763=CARTESIAN_POINT('Ctrl Pts',(-51.2534927316309,-77.8095843975996,6.));
#8764=CARTESIAN_POINT('Origin',(-47.4714184292336,-79.1118570154282,4.));
#8765=CARTESIAN_POINT('Origin',(-47.8530364199867,-77.1486026485329,4.));
#8766=CARTESIAN_POINT('Origin',(-59.6325626213587,-79.4383105930514,0.));
#8767=CARTESIAN_POINT('',(-59.6325626213587,-79.4383105930514,1.));
#8768=CARTESIAN_POINT('',(-59.6325626213587,-79.4383105930514,5.));
#8769=CARTESIAN_POINT('',(-54.7244267041203,-78.4842656161687,6.));
#8770=CARTESIAN_POINT('Origin',(-54.7244267041203,-78.4842656161687,1.));
#8771=CARTESIAN_POINT('',(-38.8405348569205,-75.3967498085999,6.));
#8772=CARTESIAN_POINT('Origin',(-49.816290786882,-77.530220639286,0.));
#8773=CARTESIAN_POINT('',(-47.8518873133014,-87.6362004182812,4.));
#8774=CARTESIAN_POINT('',(-59.667017274495,-26.8526261272118,4.));
#8775=CARTESIAN_POINT('',(-47.8518873133014,-87.6362004182812,0.));
#8776=CARTESIAN_POINT('Origin',(51.398086892191,-79.8750929969344,0.));
#8777=CARTESIAN_POINT('',(49.4348325252957,-79.4934750061813,4.));
#8778=CARTESIAN_POINT('',(49.4348325252957,-79.4934750061813,0.));
#8779=CARTESIAN_POINT('',(51.7797048829441,-77.9118386300391,4.));
#8780=CARTESIAN_POINT('Origin',(51.398086892191,-79.8750929969344,4.));
#8781=CARTESIAN_POINT('',(51.7797048829441,-77.9118386300391,0.));
#8782=CARTESIAN_POINT('Origin',(47.4715781584004,-79.1118570154282,4.));
#8783=CARTESIAN_POINT('',(47.4715781584004,-79.1118570154282,6.));
#8784=CARTESIAN_POINT('',(51.2536524607977,-77.8095843975996,6.));
#8785=CARTESIAN_POINT('Ctrl Pts',(51.2536524607977,-77.8095843975996,6.));
#8786=CARTESIAN_POINT('Ctrl Pts',(51.0034578550376,-77.7609514927874,6.));
#8787=CARTESIAN_POINT('Ctrl Pts',(50.7257700352188,-77.7466113462404,6.));
#8788=CARTESIAN_POINT('Ctrl Pts',(50.1748558676547,-77.7925903363908,6.));
#8789=CARTESIAN_POINT('Ctrl Pts',(49.9015804727097,-77.8523198929416,6.));
#8790=CARTESIAN_POINT('Ctrl Pts',(49.2840508497,-78.0445365309009,6.));
#8791=CARTESIAN_POINT('Ctrl Pts',(48.8966250306158,-78.2253588457888,6.));
#8792=CARTESIAN_POINT('Ctrl Pts',(48.1536250687703,-78.6508456492236,6.));
#8793=CARTESIAN_POINT('Ctrl Pts',(47.796458139056,-78.8927227015244,6.));
#8794=CARTESIAN_POINT('Ctrl Pts',(47.4715781584004,-79.1118570154282,6.));
#8795=CARTESIAN_POINT('Origin',(47.8531961491535,-77.1486026485329,4.));
#8796=CARTESIAN_POINT('Origin',(47.4715781584004,-79.1118570154282,4.));
#8797=CARTESIAN_POINT('Origin',(56.3295164378568,-33.5417150666339,4.));
#8798=CARTESIAN_POINT('',(47.8520470424682,-87.6362004182811,4.));
#8799=CARTESIAN_POINT('',(58.2927708047521,-33.923333057387,4.));
#8800=CARTESIAN_POINT('',(45.8887926755729,-87.254582427528,6.));
#8801=CARTESIAN_POINT('Origin',(45.8887926755729,-87.254582427528,4.));
#8802=CARTESIAN_POINT('',(56.3295164378568,-33.5417150666339,6.));
#8803=CARTESIAN_POINT('Origin',(49.8164505160488,-77.530220639286,0.));
#8804=CARTESIAN_POINT('',(47.8520470424682,-87.6362004182811,0.));
#8805=CARTESIAN_POINT('Origin',(-57.7037629075997,-26.4710081364587,4.));
#8806=CARTESIAN_POINT('',(-45.8886329464061,-87.2545824275281,6.));
#8807=CARTESIAN_POINT('',(-57.7037629075997,-26.4710081364587,6.));
#8808=CARTESIAN_POINT('Origin',(-45.8886329464061,-87.2545824275281,4.));
#8809=CARTESIAN_POINT('Origin',(-45.8886329464061,-87.2545824275281,0.));
#8810=CARTESIAN_POINT('',(-45.8886329464061,-89.2545824275281,4.));
#8811=CARTESIAN_POINT('Origin',(-45.8886329464061,-87.2545824275281,4.));
#8812=CARTESIAN_POINT('',(-45.8886329464061,-89.2545824275281,0.));
#8813=CARTESIAN_POINT('Origin',(-45.8886329464061,-87.2545824275281,4.));
#8814=CARTESIAN_POINT('Origin',(-45.8886329464061,-87.2545824275281,4.));
#8815=CARTESIAN_POINT('Origin',(45.8887926755729,-87.254582427528,0.));
#8816=CARTESIAN_POINT('',(45.8887926755729,-89.254582427528,4.));
#8817=CARTESIAN_POINT('Origin',(45.8887926755729,-87.254582427528,4.));
#8818=CARTESIAN_POINT('',(45.8887926755729,-89.254582427528,0.));
#8819=CARTESIAN_POINT('Origin',(45.8887926755729,-87.254582427528,4.));
#8820=CARTESIAN_POINT('Origin',(45.8887926755729,-87.254582427528,4.));
#8821=CARTESIAN_POINT('Origin',(-37.7499600677083,30.,6.));
#8822=CARTESIAN_POINT('',(54.7245864332871,-78.4842656161687,6.));
#8823=CARTESIAN_POINT('',(71.134625411311,5.93806631045363,6.));
#8824=CARTESIAN_POINT('',(38.8406945860873,-75.3967498085999,6.));
#8825=CARTESIAN_POINT('',(0.00015972916677001,-87.2545824275281,6.));
#8826=CARTESIAN_POINT('',(-42.6436328928747,-87.2545824275281,6.));
#8827=CARTESIAN_POINT('',(0.000159729166768525,-63.,6.));
#8828=CARTESIAN_POINT('',(0.000159729166766542,-30.627291213764,6.));
#8829=CARTESIAN_POINT('',(11.,-63.,6.));
#8830=CARTESIAN_POINT('',(-12.3749800338542,-63.,6.));
#8831=CARTESIAN_POINT('',(13.,-61.,6.));
#8832=CARTESIAN_POINT('Origin',(11.,-61.,6.));
#8833=CARTESIAN_POINT('',(13.,-39.,6.));
#8834=CARTESIAN_POINT('',(13.,-3.49999999999999,6.));
#8835=CARTESIAN_POINT('',(11.,-37.,6.));
#8836=CARTESIAN_POINT('Origin',(11.,-39.,6.));
#8837=CARTESIAN_POINT('',(0.000159729166766933,-37.,6.));
#8838=CARTESIAN_POINT('',(-25.3749800338542,-37.,6.));
#8839=CARTESIAN_POINT('',(0.000159729166764322,2.00000000000001,6.));
#8840=CARTESIAN_POINT('',(0.000159729166766542,-30.627291213764,6.));
#8841=CARTESIAN_POINT('',(0.,2.00000000000001,6.));
#8842=CARTESIAN_POINT('',(57.6251397630209,2.00000000000001,6.));
#8843=CARTESIAN_POINT('',(-2.61066192009842E-15,-37.,6.));
#8844=CARTESIAN_POINT('',(-2.22044604925031E-15,-30.627291213764,6.));
#8845=CARTESIAN_POINT('',(-11.,-37.,6.));
#8846=CARTESIAN_POINT('',(-25.3749800338542,-37.,6.));
#8847=CARTESIAN_POINT('',(-13.,-39.,6.));
#8848=CARTESIAN_POINT('Origin',(-11.,-39.,6.));
#8849=CARTESIAN_POINT('',(-13.,-61.,6.));
#8850=CARTESIAN_POINT('',(-13.,-16.5,6.));
#8851=CARTESIAN_POINT('',(-11.,-63.,6.));
#8852=CARTESIAN_POINT('Origin',(-11.,-61.,6.));
#8853=CARTESIAN_POINT('',(-4.20270275898998E-15,-63.,6.));
#8854=CARTESIAN_POINT('',(-12.3749800338542,-63.,6.));
#8855=CARTESIAN_POINT('',(-5.68786759571637E-15,-87.2545824275281,6.));
#8856=CARTESIAN_POINT('',(-2.22044604925031E-15,-30.627291213764,6.));
#8857=CARTESIAN_POINT('',(-42.6436328928747,-87.2545824275281,6.));
#8858=CARTESIAN_POINT('',(-72.5088718810539,13.0087732406288,6.));
#8859=CARTESIAN_POINT('',(14.3389586618526,-35.3650793650794,6.));
#8860=CARTESIAN_POINT('',(13.5663812952724,-35.,6.));
#8861=CARTESIAN_POINT('Origin',(13.5663812952724,-36.,6.));
#8862=CARTESIAN_POINT('',(14.6349206349206,-35.6610413381474,6.));
#8863=CARTESIAN_POINT('Origin',(16.,-34.,6.));
#8864=CARTESIAN_POINT('',(15.,-36.4336187047276,6.));
#8865=CARTESIAN_POINT('Origin',(14.,-36.4336187047276,6.));
#8866=CARTESIAN_POINT('',(15.,-38.0000005662441,6.));
#8867=CARTESIAN_POINT('',(15.,-4.00000028312206,6.));
#8868=CARTESIAN_POINT('',(17.,-38.0000005661461,6.));
#8869=CARTESIAN_POINT('Origin',(16.,-38.,6.));
#8870=CARTESIAN_POINT('',(17.,-36.4336187047276,6.));
#8871=CARTESIAN_POINT('',(17.,-2.95164331553371,6.));
#8872=CARTESIAN_POINT('',(17.3650793650794,-35.6610413381474,6.));
#8873=CARTESIAN_POINT('Origin',(18.,-36.4336187047276,6.));
#8874=CARTESIAN_POINT('',(14.3389586618526,-32.6349206349206,6.));
#8875=CARTESIAN_POINT('Origin',(16.,-34.,6.));
#8876=CARTESIAN_POINT('',(13.5663812952724,-33.,6.));
#8877=CARTESIAN_POINT('Origin',(13.5663812952724,-32.,6.));
#8878=CARTESIAN_POINT('',(12.,-33.,6.));
#8879=CARTESIAN_POINT('',(-12.8749800338542,-33.,6.));
#8880=CARTESIAN_POINT('',(12.,-35.,6.));
#8881=CARTESIAN_POINT('Origin',(12.,-34.,6.));
#8882=CARTESIAN_POINT('',(-11.8266233493879,-35.,6.));
#8883=CARTESIAN_POINT('',(-13.5663812952724,-35.,6.));
#8884=CARTESIAN_POINT('',(-14.3389586618526,-35.3650793650794,6.));
#8885=CARTESIAN_POINT('Origin',(-13.5663812952724,-36.,6.));
#8886=CARTESIAN_POINT('',(-12.,-35.,6.));
#8887=CARTESIAN_POINT('',(-24.8749800338542,-35.,6.));
#8888=CARTESIAN_POINT('',(-12.,-33.,6.));
#8889=CARTESIAN_POINT('Origin',(-12.,-34.,6.));
#8890=CARTESIAN_POINT('',(-13.5663812952724,-33.,6.));
#8891=CARTESIAN_POINT('',(-25.9233367183204,-33.,6.));
#8892=CARTESIAN_POINT('',(-14.3389586618526,-32.6349206349206,6.));
#8893=CARTESIAN_POINT('Origin',(-13.5663812952724,-32.,6.));
#8894=CARTESIAN_POINT('',(-17.3650793650794,-35.6610413381474,6.));
#8895=CARTESIAN_POINT('Origin',(-16.,-34.,6.));
#8896=CARTESIAN_POINT('',(-17.,-36.4336187047276,6.));
#8897=CARTESIAN_POINT('Origin',(-18.,-36.4336187047276,6.));
#8898=CARTESIAN_POINT('',(-17.0000002533197,-38.0000005662441,6.));
#8899=CARTESIAN_POINT('',(-17.,-4.00000028312206,6.));
#8900=CARTESIAN_POINT('',(-14.9999997466803,-38.0000005661464,6.));
#8901=CARTESIAN_POINT('Origin',(-16.,-38.,6.));
#8902=CARTESIAN_POINT('',(-15.,-36.4336187047276,6.));
#8903=CARTESIAN_POINT('',(-15.,-2.9516433155337,6.));
#8904=CARTESIAN_POINT('',(-14.6349206349206,-35.6610413381474,6.));
#8905=CARTESIAN_POINT('Origin',(-14.,-36.4336187047276,6.));
#8906=CARTESIAN_POINT('Origin',(-16.,-34.,6.));
#8907=CARTESIAN_POINT('',(-15.,-63.5663812952724,6.));
#8908=CARTESIAN_POINT('',(-14.6349206349206,-64.3389586618526,6.));
#8909=CARTESIAN_POINT('Origin',(-14.,-63.5663812952724,6.));
#8910=CARTESIAN_POINT('',(-15.,-61.9999994337559,6.));
#8911=CARTESIAN_POINT('',(-15.,-15.9999997168779,6.));
#8912=CARTESIAN_POINT('',(-17.,-61.9999994338539,6.));
#8913=CARTESIAN_POINT('Origin',(-16.,-62.,6.));
#8914=CARTESIAN_POINT('',(-17.,-63.5663812952724,6.));
#8915=CARTESIAN_POINT('',(-17.,-17.0483566844663,6.));
#8916=CARTESIAN_POINT('',(-17.3650793650794,-64.3389586618526,6.));
#8917=CARTESIAN_POINT('Origin',(-18.,-63.5663812952724,6.));
#8918=CARTESIAN_POINT('',(-14.3389586618526,-67.3650793650794,6.));
#8919=CARTESIAN_POINT('Origin',(-16.,-66.,6.));
#8920=CARTESIAN_POINT('',(-13.5663812952724,-67.,6.));
#8921=CARTESIAN_POINT('Origin',(-13.5663812952724,-68.,6.));
#8922=CARTESIAN_POINT('',(-12.,-67.,6.));
#8923=CARTESIAN_POINT('',(-24.8749800338542,-67.,6.));
#8924=CARTESIAN_POINT('',(-12.,-65.,6.));
#8925=CARTESIAN_POINT('Origin',(-12.,-66.,6.));
#8926=CARTESIAN_POINT('',(-13.5663812952724,-65.,6.));
#8927=CARTESIAN_POINT('',(-25.9233367183204,-65.,6.));
#8928=CARTESIAN_POINT('',(-14.3389586618526,-64.6349206349206,6.));
#8929=CARTESIAN_POINT('Origin',(-13.5663812952724,-64.,6.));
#8930=CARTESIAN_POINT('Origin',(-16.,-66.,6.));
#8931=CARTESIAN_POINT('',(14.6349206349206,-64.3389586618526,6.));
#8932=CARTESIAN_POINT('',(15.,-63.5663812952724,6.));
#8933=CARTESIAN_POINT('Origin',(14.,-63.5663812952724,6.));
#8934=CARTESIAN_POINT('',(14.3389586618526,-64.6349206349206,6.));
#8935=CARTESIAN_POINT('Origin',(16.,-66.,6.));
#8936=CARTESIAN_POINT('',(13.5663812952724,-65.,6.));
#8937=CARTESIAN_POINT('Origin',(13.5663812952724,-64.,6.));
#8938=CARTESIAN_POINT('',(12.,-65.,6.));
#8939=CARTESIAN_POINT('',(-12.8749800338542,-65.,6.));
#8940=CARTESIAN_POINT('',(12.,-67.,6.));
#8941=CARTESIAN_POINT('Origin',(12.,-66.,6.));
#8942=CARTESIAN_POINT('',(13.5663812952724,-67.,6.));
#8943=CARTESIAN_POINT('',(-11.8266233493879,-67.,6.));
#8944=CARTESIAN_POINT('',(14.3389586618526,-67.3650793650794,6.));
#8945=CARTESIAN_POINT('Origin',(13.5663812952724,-68.,6.));
#8946=CARTESIAN_POINT('',(17.3650793650794,-64.3389586618526,6.));
#8947=CARTESIAN_POINT('Origin',(16.,-66.,6.));
#8948=CARTESIAN_POINT('',(17.,-63.5663812952724,6.));
#8949=CARTESIAN_POINT('Origin',(18.,-63.5663812952724,6.));
#8950=CARTESIAN_POINT('',(17.0000002533197,-61.9999994337559,6.));
#8951=CARTESIAN_POINT('',(17.,-15.9999997168779,6.));
#8952=CARTESIAN_POINT('',(14.9999997466803,-61.9999994338536,6.));
#8953=CARTESIAN_POINT('Origin',(16.,-62.,6.));
#8954=CARTESIAN_POINT('',(15.,-17.0483566844663,6.));
#8955=CARTESIAN_POINT('Origin',(-75.5,67.75,13.3349364905389));
#8956=CARTESIAN_POINT('',(-77.50000115484,68.75,13.3349364905389));
#8957=CARTESIAN_POINT('',(-77.50000115484,68.5357142857143,13.9535260646706));
#8958=CARTESIAN_POINT('Origin',(-77.50000115484,67.75,13.3349364905389));
#8959=CARTESIAN_POINT('',(-75.5,68.5357142857143,13.9535260646706));
#8960=CARTESIAN_POINT('',(-75.5,68.5357142857143,13.9535260646706));
#8961=CARTESIAN_POINT('',(-75.5,68.75,13.3349364905389));
#8962=CARTESIAN_POINT('Origin',(-75.5,67.75,13.3349364905389));
#8963=CARTESIAN_POINT('',(-75.5,68.75,13.3349364905389));
#8964=CARTESIAN_POINT('Origin',(-75.5,70.5,15.5));
#8965=CARTESIAN_POINT('',(-77.50000115484,72.0464739353294,17.4642857142857));
#8966=CARTESIAN_POINT('Origin',(-77.50000115484,70.5,15.5));
#8967=CARTESIAN_POINT('',(-75.5,72.0464739353294,17.4642857142857));
#8968=CARTESIAN_POINT('',(-75.5,72.0464739353294,17.4642857142857));
#8969=CARTESIAN_POINT('Origin',(-75.5,70.5,15.5));
#8970=CARTESIAN_POINT('Origin',(-77.50000115484,112.00000166893,26.));
#8971=CARTESIAN_POINT('',(-77.50000115484,60.,4.));
#8972=CARTESIAN_POINT('',(-77.50000115484,33.686355227583,4.));
#8973=CARTESIAN_POINT('',(-77.50000115484,60.,26.));
#8974=CARTESIAN_POINT('',(-77.50000115484,60.,26.));
#8975=CARTESIAN_POINT('',(-77.50000115484,112.,26.));
#8976=CARTESIAN_POINT('',(-77.50000115484,98.5000012516975,26.));
#8977=CARTESIAN_POINT('',(-77.5,112.,0.));
#8978=CARTESIAN_POINT('',(-77.50000115484,112.,13.));
#8979=CARTESIAN_POINT('',(-77.5,99.4629120178363,0.));
#8980=CARTESIAN_POINT('',(-77.5,114.,0.));
#8981=CARTESIAN_POINT('',(-77.50000115484,98.4656592757743,0.925925925925925));
#8982=CARTESIAN_POINT('Origin',(-77.50000115484,99.4629120178363,0.999999999999999));
#8983=CARTESIAN_POINT('',(-77.50000115484,73.5343407242257,0.925925925925926));
#8984=CARTESIAN_POINT('Origin',(-77.50000115484,86.,0.));
#8985=CARTESIAN_POINT('Origin',(-77.50000115484,72.5370879821638,1.));
#8986=CARTESIAN_POINT('',(-77.50000115484,68.75,10.5));
#8987=CARTESIAN_POINT('',(-77.50000115484,68.75,18.25));
#8988=CARTESIAN_POINT('',(-77.50000115484,72.25,10.5));
#8989=CARTESIAN_POINT('Origin',(-77.50000115484,70.5,10.5));
#8990=CARTESIAN_POINT('',(-77.50000115484,72.25,12.75));
#8991=CARTESIAN_POINT('',(-77.50000115484,72.25,19.875));
#8992=CARTESIAN_POINT('',(-77.50000115484,73.25,13.75));
#8993=CARTESIAN_POINT('Origin',(-77.50000115484,73.25,12.75));
#8994=CARTESIAN_POINT('',(-77.50000115484,75.5,13.75));
#8995=CARTESIAN_POINT('',(-77.50000115484,93.750000834465,13.75));
#8996=CARTESIAN_POINT('',(-77.50000115484,75.5,17.25));
#8997=CARTESIAN_POINT('Origin',(-77.50000115484,75.5,15.5));
#8998=CARTESIAN_POINT('',(-77.50000115484,72.6650635094611,17.25));
#8999=CARTESIAN_POINT('',(-77.50000115484,92.1426793880329,17.25));
#9000=CARTESIAN_POINT('Origin',(-77.50000115484,72.6650635094611,18.25));
#9001=CARTESIAN_POINT('',(-77.50000115484,99.3349364905389,17.25));
#9002=CARTESIAN_POINT('',(-77.50000115484,99.9535260646707,17.4642857142857));
#9003=CARTESIAN_POINT('Origin',(-77.50000115484,99.3349364905389,18.25));
#9004=CARTESIAN_POINT('',(-77.50000115484,96.5,17.25));
#9005=CARTESIAN_POINT('',(-77.50000115484,104.250000834465,17.25));
#9006=CARTESIAN_POINT('',(-77.50000115484,96.5,13.75));
#9007=CARTESIAN_POINT('Origin',(-77.50000115484,96.5,15.5));
#9008=CARTESIAN_POINT('',(-77.50000115484,98.75,13.75));
#9009=CARTESIAN_POINT('',(-77.50000115484,105.875000834465,13.75));
#9010=CARTESIAN_POINT('',(-77.50000115484,99.75,12.75));
#9011=CARTESIAN_POINT('Origin',(-77.50000115484,98.75,12.75));
#9012=CARTESIAN_POINT('',(-77.50000115484,99.75,10.5));
#9013=CARTESIAN_POINT('',(-77.50000115484,99.75,18.25));
#9014=CARTESIAN_POINT('',(-77.50000115484,103.25,10.5));
#9015=CARTESIAN_POINT('Origin',(-77.50000115484,101.5,10.5));
#9016=CARTESIAN_POINT('',(-77.50000115484,103.25,13.3349364905389));
#9017=CARTESIAN_POINT('',(-77.50000115484,103.25,19.8573214464321));
#9018=CARTESIAN_POINT('',(-77.50000115484,103.464285714286,13.9535260646706));
#9019=CARTESIAN_POINT('Origin',(-77.50000115484,104.25,13.3349364905389));
#9020=CARTESIAN_POINT('Origin',(-77.50000115484,101.5,15.5));
#9021=CARTESIAN_POINT('Origin',(-75.5,73.25,12.75));
#9022=CARTESIAN_POINT('',(-75.5,72.25,12.75));
#9023=CARTESIAN_POINT('',(-75.5,72.25,12.75));
#9024=CARTESIAN_POINT('',(-75.5,73.25,13.75));
#9025=CARTESIAN_POINT('Origin',(-75.5,73.25,12.75));
#9026=CARTESIAN_POINT('',(-75.5,73.25,13.75));
#9027=CARTESIAN_POINT('Origin',(-75.5,72.25,13.75));
#9028=CARTESIAN_POINT('',(-75.5,72.25,10.5));
#9029=CARTESIAN_POINT('',(-75.5,72.25,10.5));
#9030=CARTESIAN_POINT('',(-75.5,72.25,6.875));
#9031=CARTESIAN_POINT('Origin',(-75.5,72.6650635094611,18.25));
#9032=CARTESIAN_POINT('',(-75.5,72.6650635094611,17.25));
#9033=CARTESIAN_POINT('',(-75.5,72.6650635094611,17.25));
#9034=CARTESIAN_POINT('Origin',(-75.5,72.6650635094611,18.25));
#9035=CARTESIAN_POINT('Origin',(-75.5,60.,0.));
#9036=CARTESIAN_POINT('',(-75.5,60.,24.0000001099848));
#9037=CARTESIAN_POINT('',(-75.5,110.,24.));
#9038=CARTESIAN_POINT('',(-75.5,72.5000004172325,24.));
#9039=CARTESIAN_POINT('',(-75.5,60.,11.999997242234));
#9040=CARTESIAN_POINT('',(-75.5,60.,0.));
#9041=CARTESIAN_POINT('',(-75.5,62.,11.9999973522188));
#9042=CARTESIAN_POINT('',(-75.5,59.,11.9999973522188));
#9043=CARTESIAN_POINT('',(-75.5,62.,0.));
#9044=CARTESIAN_POINT('',(-75.5,73.5343407242257,0.925925925925926));
#9045=CARTESIAN_POINT('Origin',(-75.5,72.5370879821638,1.));
#9046=CARTESIAN_POINT('',(-75.5,98.4656592757743,0.925925925925925));
#9047=CARTESIAN_POINT('Origin',(-75.5,86.,0.));
#9048=CARTESIAN_POINT('',(-75.5,99.4629120178363,0.));
#9049=CARTESIAN_POINT('Origin',(-75.5,99.4629120178363,0.999999999999999));
#9050=CARTESIAN_POINT('',(-75.5,110.,0.));
#9051=CARTESIAN_POINT('',(-75.5,112.,0.));
#9052=CARTESIAN_POINT('',(-75.5,110.,0.));
#9053=CARTESIAN_POINT('',(-75.5,75.5,17.25));
#9054=CARTESIAN_POINT('',(-75.5,66.1426785535679,17.25));
#9055=CARTESIAN_POINT('',(-75.5,75.5,13.75));
#9056=CARTESIAN_POINT('Origin',(-75.5,75.5,15.5));
#9057=CARTESIAN_POINT('',(-75.5,67.75,13.75));
#9058=CARTESIAN_POINT('',(-75.5,68.75,10.5));
#9059=CARTESIAN_POINT('Origin',(-75.5,70.5,10.5));
#9060=CARTESIAN_POINT('',(-75.5,68.75,5.25));
#9061=CARTESIAN_POINT('',(-75.5,99.9535260646707,17.4642857142857));
#9062=CARTESIAN_POINT('',(-75.5,99.3349364905389,17.25));
#9063=CARTESIAN_POINT('Origin',(-75.5,99.3349364905389,18.25));
#9064=CARTESIAN_POINT('',(-75.5,103.464285714286,13.9535260646706));
#9065=CARTESIAN_POINT('Origin',(-75.5,101.5,15.5));
#9066=CARTESIAN_POINT('',(-75.5,103.25,13.3349364905389));
#9067=CARTESIAN_POINT('Origin',(-75.5,104.25,13.3349364905389));
#9068=CARTESIAN_POINT('',(-75.5,103.25,10.5));
#9069=CARTESIAN_POINT('',(-75.5,103.25,6.85732144643213));
#9070=CARTESIAN_POINT('',(-75.5,99.75,10.5));
#9071=CARTESIAN_POINT('Origin',(-75.5,101.5,10.5));
#9072=CARTESIAN_POINT('',(-75.5,99.75,12.75));
#9073=CARTESIAN_POINT('',(-75.5,99.75,5.25));
#9074=CARTESIAN_POINT('',(-75.5,98.75,13.75));
#9075=CARTESIAN_POINT('Origin',(-75.5,98.75,12.75));
#9076=CARTESIAN_POINT('',(-75.5,96.5,13.75));
#9077=CARTESIAN_POINT('',(-75.5,79.875,13.75));
#9078=CARTESIAN_POINT('',(-75.5,96.5,17.25));
#9079=CARTESIAN_POINT('Origin',(-75.5,96.5,15.5));
#9080=CARTESIAN_POINT('',(-75.5,78.25,17.25));
#9081=CARTESIAN_POINT('Origin',(-75.5,99.3349364905389,18.25));
#9082=CARTESIAN_POINT('',(-75.5,99.9535260646707,17.4642857142857));
#9083=CARTESIAN_POINT('',(-75.5,99.3349364905389,17.25));
#9084=CARTESIAN_POINT('Origin',(-75.5,101.5,15.5));
#9085=CARTESIAN_POINT('',(-75.5,103.464285714286,13.9535260646706));
#9086=CARTESIAN_POINT('Origin',(-75.5,98.75,12.75));
#9087=CARTESIAN_POINT('',(-75.5,98.75,13.75));
#9088=CARTESIAN_POINT('',(-75.5,99.75,12.75));
#9089=CARTESIAN_POINT('Origin',(-75.5,99.75,13.75));
#9090=CARTESIAN_POINT('',(-75.5,96.5,13.75));
#9091=CARTESIAN_POINT('Origin',(-75.5,104.25,13.3349364905389));
#9092=CARTESIAN_POINT('',(-75.5,103.25,13.3349364905389));
#9093=CARTESIAN_POINT('Origin',(75.5001597291668,104.25,13.3349364905389));
#9094=CARTESIAN_POINT('',(75.5001597291668,103.464285714286,13.9535260646706));
#9095=CARTESIAN_POINT('',(75.5001597291668,103.464285714286,13.9535260646706));
#9096=CARTESIAN_POINT('',(75.5001597291668,103.25,13.3349364905389));
#9097=CARTESIAN_POINT('Origin',(75.5001597291668,104.25,13.3349364905389));
#9098=CARTESIAN_POINT('',(75.5001597291668,103.25,13.3349364905389));
#9099=CARTESIAN_POINT('Origin',(75.5001597291668,103.25,13.7146428928643));
#9100=CARTESIAN_POINT('',(75.5001597291668,103.25,10.5));
#9101=CARTESIAN_POINT('',(75.5001597291668,103.25,6.85732144643213));
#9102=CARTESIAN_POINT('',(75.5001597291668,103.25,10.5));
#9103=CARTESIAN_POINT('Origin',(75.5001597291668,60.,0.));
#9104=CARTESIAN_POINT('',(75.5001597291668,110.,24.));
#9105=CARTESIAN_POINT('',(75.5001597291668,60.,24.0000001099848));
#9106=CARTESIAN_POINT('',(75.5001597291668,72.5000004172325,24.));
#9107=CARTESIAN_POINT('',(75.5001597291668,110.,0.));
#9108=CARTESIAN_POINT('',(75.5001597291668,110.,0.));
#9109=CARTESIAN_POINT('',(75.5001597291668,99.4629120178363,0.));
#9110=CARTESIAN_POINT('',(75.5001597291668,112.,0.));
#9111=CARTESIAN_POINT('',(75.5001597291668,98.4656592757743,0.925925925925925));
#9112=CARTESIAN_POINT('Origin',(75.5001597291668,99.4629120178363,0.999999999999999));
#9113=CARTESIAN_POINT('',(75.5001597291668,73.5343407242257,0.925925925925926));
#9114=CARTESIAN_POINT('Origin',(75.5001597291668,86.,0.));
#9115=CARTESIAN_POINT('Origin',(75.5001597291668,72.5370879821638,1.));
#9116=CARTESIAN_POINT('',(75.5001597291668,62.,11.9999973522188));
#9117=CARTESIAN_POINT('',(75.5001597291668,62.,0.));
#9118=CARTESIAN_POINT('',(75.5001597291668,60.,11.999997242234));
#9119=CARTESIAN_POINT('',(75.5001597291668,59.,11.9999973522188));
#9120=CARTESIAN_POINT('',(75.5001597291668,60.,0.));
#9121=CARTESIAN_POINT('',(75.5001597291668,68.75,13.3349364905389));
#9122=CARTESIAN_POINT('',(75.5001597291668,68.5357142857143,13.9535260646706));
#9123=CARTESIAN_POINT('Origin',(75.5001597291668,67.75,13.3349364905389));
#9124=CARTESIAN_POINT('',(75.5001597291668,68.75,10.5));
#9125=CARTESIAN_POINT('',(75.5001597291668,68.75,5.25));
#9126=CARTESIAN_POINT('',(75.5001597291668,72.25,10.5));
#9127=CARTESIAN_POINT('Origin',(75.5001597291668,70.5,10.5));
#9128=CARTESIAN_POINT('',(75.5001597291668,72.25,12.75));
#9129=CARTESIAN_POINT('',(75.5001597291668,72.25,6.875));
#9130=CARTESIAN_POINT('',(75.5001597291668,73.25,13.75));
#9131=CARTESIAN_POINT('Origin',(75.5001597291668,73.25,12.75));
#9132=CARTESIAN_POINT('',(75.5001597291668,75.5,13.75));
#9133=CARTESIAN_POINT('',(75.5001597291668,67.75,13.75));
#9134=CARTESIAN_POINT('',(75.5001597291668,75.5,17.25));
#9135=CARTESIAN_POINT('Origin',(75.5001597291668,75.5,15.5));
#9136=CARTESIAN_POINT('',(75.5001597291668,72.6650635094611,17.25));
#9137=CARTESIAN_POINT('',(75.5001597291668,66.1426785535679,17.25));
#9138=CARTESIAN_POINT('',(75.5001597291668,72.0464739353294,17.4642857142857));
#9139=CARTESIAN_POINT('Origin',(75.5001597291668,72.6650635094611,18.25));
#9140=CARTESIAN_POINT('Origin',(75.5001597291668,70.5,15.5));
#9141=CARTESIAN_POINT('',(75.5001597291668,99.9535260646707,17.4642857142857));
#9142=CARTESIAN_POINT('Origin',(75.5001597291668,101.5,15.5));
#9143=CARTESIAN_POINT('',(75.5001597291668,99.3349364905389,17.25));
#9144=CARTESIAN_POINT('Origin',(75.5001597291668,99.3349364905389,18.25));
#9145=CARTESIAN_POINT('',(75.5001597291668,96.5,17.25));
#9146=CARTESIAN_POINT('',(75.5001597291668,78.25,17.25));
#9147=CARTESIAN_POINT('',(75.5001597291668,96.5,13.75));
#9148=CARTESIAN_POINT('Origin',(75.5001597291668,96.5,15.5));
#9149=CARTESIAN_POINT('',(75.5001597291668,98.75,13.75));
#9150=CARTESIAN_POINT('',(75.5001597291668,79.875,13.75));
#9151=CARTESIAN_POINT('',(75.5001597291668,99.75,12.75));
#9152=CARTESIAN_POINT('Origin',(75.5001597291668,98.75,12.75));
#9153=CARTESIAN_POINT('',(75.5001597291668,99.75,10.5));
#9154=CARTESIAN_POINT('',(75.5001597291668,99.75,5.25));
#9155=CARTESIAN_POINT('Origin',(75.5001597291668,101.5,10.5));
#9156=CARTESIAN_POINT('Origin',(75.5001597291668,99.3349364905389,18.25));
#9157=CARTESIAN_POINT('',(75.5001597291668,99.3349364905389,17.25));
#9158=CARTESIAN_POINT('',(75.5001597291668,99.9535260646707,17.4642857142857));
#9159=CARTESIAN_POINT('Origin',(75.5001597291668,96.5,17.25));
#9160=CARTESIAN_POINT('',(75.5001597291668,96.5,17.25));
#9161=CARTESIAN_POINT('Origin',(75.5001597291668,98.75,12.75));
#9162=CARTESIAN_POINT('',(75.5001597291668,99.75,12.75));
#9163=CARTESIAN_POINT('',(75.5001597291668,98.75,13.75));
#9164=CARTESIAN_POINT('Origin',(75.5001597291668,99.75,13.75));
#9165=CARTESIAN_POINT('',(75.5001597291668,96.5,13.75));
#9166=CARTESIAN_POINT('Origin',(75.5001597291668,67.75,13.3349364905389));
#9167=CARTESIAN_POINT('',(75.5001597291668,68.75,13.3349364905389));
#9168=CARTESIAN_POINT('',(75.5001597291668,68.5357142857143,13.9535260646706));
#9169=CARTESIAN_POINT('Origin',(75.5001597291668,70.5,15.5));
#9170=CARTESIAN_POINT('',(75.5001597291668,72.0464739353294,17.4642857142857));
#9171=CARTESIAN_POINT('Origin',(75.5001597291668,72.6650635094611,18.25));
#9172=CARTESIAN_POINT('',(75.5001597291668,72.6650635094611,17.25));
#9173=CARTESIAN_POINT('Origin',(75.5001597291668,73.25,12.75));
#9174=CARTESIAN_POINT('',(75.5001597291668,73.25,13.75));
#9175=CARTESIAN_POINT('',(75.5001597291668,72.25,12.75));
#9176=CARTESIAN_POINT('Origin',(75.5001597291668,72.25,13.75));
#9177=CARTESIAN_POINT('',(75.5001597291668,72.25,10.5));
#9178=CARTESIAN_POINT('Origin',(-10.4999201354166,65.5,28.));
#9179=CARTESIAN_POINT('',(-12.4999201354166,65.5,28.));
#9180=CARTESIAN_POINT('',(-10.4999201354166,63.5,28.));
#9181=CARTESIAN_POINT('Origin',(-10.4999201354166,65.5,28.));
#9182=CARTESIAN_POINT('',(-10.4999201354166,63.5,26.));
#9183=CARTESIAN_POINT('',(-10.4999201354166,63.5,28.));
#9184=CARTESIAN_POINT('',(-12.4999201354166,65.5,26.));
#9185=CARTESIAN_POINT('Origin',(-10.4999201354166,65.5,26.));
#9186=CARTESIAN_POINT('',(-12.4999201354166,65.5,28.));
#9187=CARTESIAN_POINT('Origin',(12.5000798645834,63.5,28.));
#9188=CARTESIAN_POINT('',(10.5000798645834,63.5,28.));
#9189=CARTESIAN_POINT('',(-19.3749580795771,63.5,28.));
#9190=CARTESIAN_POINT('',(10.5000798645834,63.5,26.));
#9191=CARTESIAN_POINT('',(10.5000798645834,63.5,28.));
#9192=CARTESIAN_POINT('',(-19.3749580795771,63.5,26.));
#9193=CARTESIAN_POINT('Origin',(10.5000798645834,65.5,28.));
#9194=CARTESIAN_POINT('',(12.5000798645834,65.5,28.));
#9195=CARTESIAN_POINT('Origin',(10.5000798645834,65.5,28.));
#9196=CARTESIAN_POINT('',(12.5000798645834,65.5,26.));
#9197=CARTESIAN_POINT('',(12.5000798645834,65.5,28.));
#9198=CARTESIAN_POINT('Origin',(10.5000798645834,65.5,26.));
#9199=CARTESIAN_POINT('Origin',(12.5000798645834,108.5,28.));
#9200=CARTESIAN_POINT('',(12.5000798645834,106.5,28.));
#9201=CARTESIAN_POINT('',(12.5000798645834,96.7500004172325,28.));
#9202=CARTESIAN_POINT('',(12.5000798645834,106.5,26.));
#9203=CARTESIAN_POINT('',(12.5000798645834,106.5,28.));
#9204=CARTESIAN_POINT('',(12.5000798645834,96.7500004172325,26.));
#9205=CARTESIAN_POINT('Origin',(10.5000798645834,106.5,28.));
#9206=CARTESIAN_POINT('',(10.5000798645834,108.5,28.));
#9207=CARTESIAN_POINT('Origin',(10.5000798645834,106.5,28.));
#9208=CARTESIAN_POINT('',(10.5000798645834,108.5,26.));
#9209=CARTESIAN_POINT('',(10.5000798645834,108.5,28.));
#9210=CARTESIAN_POINT('Origin',(10.5000798645834,106.5,26.));
#9211=CARTESIAN_POINT('Origin',(7.9864583382161E-5,108.5,28.));
#9212=CARTESIAN_POINT('',(7.60114675180112E-5,108.5,28.));
#9213=CARTESIAN_POINT('',(-19.3749403902725,108.5,28.));
#9214=CARTESIAN_POINT('',(-10.4999201354166,108.5,28.));
#9215=CARTESIAN_POINT('',(-25.6249403902725,108.5,28.));
#9216=CARTESIAN_POINT('',(-10.4999201354166,108.5,26.));
#9217=CARTESIAN_POINT('',(-10.4999201354166,108.5,28.));
#9218=CARTESIAN_POINT('',(7.60114675180112E-5,108.5,26.));
#9219=CARTESIAN_POINT('',(-25.6249403902725,108.5,26.));
#9220=CARTESIAN_POINT('',(-19.3749403902725,108.5,26.));
#9221=CARTESIAN_POINT('Origin',(-10.4999201354166,106.5,28.));
#9222=CARTESIAN_POINT('',(-12.4999201354166,106.5,28.));
#9223=CARTESIAN_POINT('Origin',(-10.4999201354166,106.5,28.));
#9224=CARTESIAN_POINT('',(-12.4999201354166,106.5,26.));
#9225=CARTESIAN_POINT('',(-12.4999201354166,106.5,28.));
#9226=CARTESIAN_POINT('Origin',(-10.4999201354166,106.5,26.));
#9227=CARTESIAN_POINT('Origin',(-12.4999201354166,63.5,28.));
#9228=CARTESIAN_POINT('',(-12.4999201354166,74.2500004172325,26.));
#9229=CARTESIAN_POINT('',(-12.4999201354166,74.2500004172325,28.));
#9230=CARTESIAN_POINT('Origin',(-75.50000115484,60.,26.));
#9231=CARTESIAN_POINT('',(-75.50000115484,58.,26.));
#9232=CARTESIAN_POINT('Origin',(-75.50000115484,60.,26.));
#9233=CARTESIAN_POINT('',(-75.50000115484,58.,6.82842712474619));
#9234=CARTESIAN_POINT('Ctrl Pts',(-75.50000115484,58.,6.82842712474619));
#9235=CARTESIAN_POINT('Ctrl Pts',(-75.7587557792614,58.,6.73694354995032));
#9236=CARTESIAN_POINT('Ctrl Pts',(-76.016828992124,58.0525998179904,6.60319650058462));
#9237=CARTESIAN_POINT('Ctrl Pts',(-76.4696616597443,58.2338638069975,6.27987620415631));
#9238=CARTESIAN_POINT('Ctrl Pts',(-76.6649424390146,58.3617376000449,6.09059075384856));
#9239=CARTESIAN_POINT('Ctrl Pts',(-77.0422297455036,58.6919868675028,5.63172274540008));
#9240=CARTESIAN_POINT('Ctrl Pts',(-77.2194765270274,58.9390322225507,5.31380035059867));
#9241=CARTESIAN_POINT('Ctrl Pts',(-77.4483339032589,59.4649779308599,4.65494318475354));
#9242=CARTESIAN_POINT('Ctrl Pts',(-77.50000115484,59.7437080663051,4.31389223137193));
#9243=CARTESIAN_POINT('Ctrl Pts',(-77.50000115484,60.,4.));
#9244=CARTESIAN_POINT('',(-75.5000002749617,58.,11.999997242234));
#9245=CARTESIAN_POINT('',(-75.50000115484,58.,26.));
#9246=CARTESIAN_POINT('',(-75.5000009348705,58.,24.0000001099848));
#9247=CARTESIAN_POINT('',(-75.5000006049161,58.,17.9999986801829));
#9248=CARTESIAN_POINT('',(-75.50000115484,58.,26.));
#9249=CARTESIAN_POINT('Origin',(-58.1249808999841,60.,26.));
#9250=CARTESIAN_POINT('',(-75.50000115484,60.,28.));
#9251=CARTESIAN_POINT('Origin',(-75.50000115484,60.,26.));
#9252=CARTESIAN_POINT('',(-73.5000010448552,58.,26.0000002199695));
#9253=CARTESIAN_POINT('',(-58.1249808999841,58.,26.));
#9254=CARTESIAN_POINT('',(-25.5000012648248,58.,26.0000028596038));
#9255=CARTESIAN_POINT('',(-76.5000010998476,58.,26.0000000549924));
#9256=CARTESIAN_POINT('',(25.5001609939916,58.,26.0000028596038));
#9257=CARTESIAN_POINT('',(-58.1249808999841,58.,26.));
#9258=CARTESIAN_POINT('',(73.500160774022,58.,26.0000002199695));
#9259=CARTESIAN_POINT('',(76.5001608290144,58.,26.0000000549924));
#9260=CARTESIAN_POINT('',(75.5001608840068,58.,26.));
#9261=CARTESIAN_POINT('',(-58.1249808999841,58.,26.));
#9262=CARTESIAN_POINT('',(75.5001608840068,60.,28.));
#9263=CARTESIAN_POINT('Origin',(75.5001608840068,60.,26.));
#9264=CARTESIAN_POINT('',(5.00007986458388,60.,28.));
#9265=CARTESIAN_POINT('',(-58.1249808999841,60.,28.));
#9266=CARTESIAN_POINT('',(-4.99992013541612,60.,28.));
#9267=CARTESIAN_POINT('',(-58.1249808999841,60.,28.));
#9268=CARTESIAN_POINT('',(-58.1249808999841,60.,28.));
#9269=CARTESIAN_POINT('Origin',(-75.50000115484,60.,26.));
#9270=CARTESIAN_POINT('Origin',(-75.50000115484,60.,26.));
#9271=CARTESIAN_POINT('Origin',(75.5001608840067,60.,26.));
#9272=CARTESIAN_POINT('Origin',(75.5001608840067,60.,26.));
#9273=CARTESIAN_POINT('',(75.5001606640372,58.,24.0000001099848));
#9274=CARTESIAN_POINT('',(75.5001608840067,58.,26.));
#9275=CARTESIAN_POINT('',(75.5001600041285,58.,11.999997242234));
#9276=CARTESIAN_POINT('',(75.5001603340829,58.,17.9999986801829));
#9277=CARTESIAN_POINT('',(75.5001608840067,58.,26.));
#9278=CARTESIAN_POINT('Origin',(75.5001608840068,60.,26.));
#9279=CARTESIAN_POINT('Origin',(75.5001608840068,60.,26.));
#9280=CARTESIAN_POINT('Origin',(-75.50000115484,98.5000012516975,26.));
#9281=CARTESIAN_POINT('',(-75.50000115484,112.,28.));
#9282=CARTESIAN_POINT('',(-75.50000115484,98.5000012516975,28.));
#9283=CARTESIAN_POINT('Origin',(-75.50000115484,112.,26.));
#9284=CARTESIAN_POINT('Origin',(-38.7499606451283,85.000000834465,28.));
#9285=CARTESIAN_POINT('',(-3.49992013541612,61.4999999999939,28.));
#9286=CARTESIAN_POINT('Origin',(-4.99992013541612,61.4999999999939,28.));
#9287=CARTESIAN_POINT('Origin',(-4.99992013541612,61.4999999999939,28.));
#9288=CARTESIAN_POINT('',(6.50007986458388,61.4999999999939,28.));
#9289=CARTESIAN_POINT('Origin',(5.00007986458388,61.4999999999939,28.));
#9290=CARTESIAN_POINT('Origin',(5.00007986458388,61.4999999999939,28.));
#9291=CARTESIAN_POINT('',(75.5001608840067,112.,28.));
#9292=CARTESIAN_POINT('',(75.5001608840068,98.5000012516975,28.));
#9293=CARTESIAN_POINT('',(5.00007986458388,112.,28.));
#9294=CARTESIAN_POINT('',(-19.3749403902725,112.,28.));
#9295=CARTESIAN_POINT('',(6.50007986458388,110.499999999994,28.));
#9296=CARTESIAN_POINT('Origin',(5.00007986458388,110.499999999994,28.));
#9297=CARTESIAN_POINT('Origin',(5.00007986458388,110.499999999994,28.));
#9298=CARTESIAN_POINT('',(-4.99992013541612,112.,28.));
#9299=CARTESIAN_POINT('',(-19.3749403902725,112.,28.));
#9300=CARTESIAN_POINT('',(-3.49992013541612,110.499999999994,28.));
#9301=CARTESIAN_POINT('Origin',(-4.99992013541612,110.499999999994,28.));
#9302=CARTESIAN_POINT('Origin',(-4.99992013541612,110.499999999994,28.));
#9303=CARTESIAN_POINT('',(-19.3749403902725,112.,28.));
#9304=CARTESIAN_POINT('Origin',(75.5001608840068,98.5000012516975,26.));
#9305=CARTESIAN_POINT('Origin',(75.5001608840068,112.,26.));
#9306=CARTESIAN_POINT('Origin',(-77.50000115484,58.,26.));
#9307=CARTESIAN_POINT('',(73.5001598982173,58.,9.99999735221877));
#9308=CARTESIAN_POINT('Origin',(73.5001600041285,58.,11.9999973522188));
#9309=CARTESIAN_POINT('',(67.5001597291668,58.,9.99999766995253));
#9310=CARTESIAN_POINT('',(50.5001604603617,58.,9.99999857019813));
#9311=CARTESIAN_POINT('',(67.5001597291668,58.,7.));
#9312=CARTESIAN_POINT('',(67.5001597291668,58.,13.));
#9313=CARTESIAN_POINT('',(58.1251603065868,58.,7.));
#9314=CARTESIAN_POINT('Origin',(-77.50000115484,58.,26.));
#9315=CARTESIAN_POINT('Origin',(73.5001606640372,58.,24.0000002199695));
#9316=CARTESIAN_POINT('Origin',(-77.50000115484,58.,26.));
#9317=CARTESIAN_POINT('',(-23.50000115484,58.,24.0000028596038));
#9318=CARTESIAN_POINT('Origin',(-25.5000011548401,58.,24.0000028596038));
#9319=CARTESIAN_POINT('',(-23.50000115484,58.,11.9999998940888));
#9320=CARTESIAN_POINT('',(-23.5000011548401,58.,26.0000014847944));
#9321=CARTESIAN_POINT('',(-25.5000010489287,58.,10.));
#9322=CARTESIAN_POINT('Origin',(-25.50000115484,58.,11.9999998940888));
#9323=CARTESIAN_POINT('',(25.5001607780955,58.,10.));
#9324=CARTESIAN_POINT('',(7.9864583382161E-5,58.,10.));
#9325=CARTESIAN_POINT('',(23.5001608840068,58.,11.9999998940888));
#9326=CARTESIAN_POINT('Origin',(25.5001608840068,58.,11.9999998940888));
#9327=CARTESIAN_POINT('',(23.5001608840068,58.,24.0000028596038));
#9328=CARTESIAN_POINT('',(23.5001608840068,58.,26.0000014847944));
#9329=CARTESIAN_POINT('Origin',(25.5001608840068,58.,24.0000028596038));
#9330=CARTESIAN_POINT('Origin',(-77.50000115484,58.,26.));
#9331=CARTESIAN_POINT('Origin',(-73.5000009348705,58.,24.0000002199695));
#9332=CARTESIAN_POINT('Origin',(-19.3749403902725,112.,26.));
#9333=CARTESIAN_POINT('',(-75.50000115484,114.,26.));
#9334=CARTESIAN_POINT('Origin',(-75.50000115484,112.,26.));
#9335=CARTESIAN_POINT('',(75.5001608840068,114.,26.));
#9336=CARTESIAN_POINT('Origin',(75.5001608840067,112.,26.));
#9337=CARTESIAN_POINT('',(-19.3749403902725,114.,26.));
#9338=CARTESIAN_POINT('Origin',(-75.50000115484,112.,26.));
#9339=CARTESIAN_POINT('Origin',(-75.50000115484,112.,26.));
#9340=CARTESIAN_POINT('Origin',(75.5001608840068,112.,26.));
#9341=CARTESIAN_POINT('Origin',(75.5001608840068,112.,26.));
#9342=CARTESIAN_POINT('Origin',(-75.50000115484,112.,13.));
#9343=CARTESIAN_POINT('',(-75.50000115484,114.,0.));
#9344=CARTESIAN_POINT('',(-75.50000115484,114.,13.));
#9345=CARTESIAN_POINT('Origin',(-75.50000115484,112.,0.));
#9346=CARTESIAN_POINT('Origin',(7.9864583382161E-5,114.,0.));
#9347=CARTESIAN_POINT('',(75.5001608840068,114.,0.));
#9348=CARTESIAN_POINT('',(75.5001608840068,114.,13.));
#9349=CARTESIAN_POINT('',(7.9864583382161E-5,114.,0.));
#9350=CARTESIAN_POINT('Origin',(75.5001608840068,112.,13.));
#9351=CARTESIAN_POINT('Origin',(75.5001608840068,112.,0.));
#9352=CARTESIAN_POINT('Origin',(-25.50000115484,58.,11.9999998940888));
#9353=CARTESIAN_POINT('',(-23.50000115484,60.,11.9999998940888));
#9354=CARTESIAN_POINT('',(-23.50000115484,58.,11.9999998940888));
#9355=CARTESIAN_POINT('',(-25.5000010489287,60.,9.99999989408875));
#9356=CARTESIAN_POINT('Origin',(-25.50000115484,60.,11.9999998940888));
#9357=CARTESIAN_POINT('',(-25.5000010489287,58.,9.99999989408875));
#9358=CARTESIAN_POINT('Origin',(-23.5000011548401,58.,26.0000029695886));
#9359=CARTESIAN_POINT('',(-23.50000115484,60.,24.0000028596038));
#9360=CARTESIAN_POINT('',(-23.5000011548401,58.,24.0000028596038));
#9361=CARTESIAN_POINT('',(-23.50000115484,60.,13.0000014847942));
#9362=CARTESIAN_POINT('Origin',(-25.5000011548401,58.,24.0000028596038));
#9363=CARTESIAN_POINT('',(-25.5000012648248,60.,26.));
#9364=CARTESIAN_POINT('Origin',(-25.5000011548401,60.,24.0000028596038));
#9365=CARTESIAN_POINT('',(-25.5000012648248,58.,26.0000028596038));
#9366=CARTESIAN_POINT('Origin',(-75.5000010448552,58.,26.0000001099848));
#9367=CARTESIAN_POINT('',(-73.5000010448552,60.,26.));
#9368=CARTESIAN_POINT('',(-73.5000010448552,58.,26.0000002199695));
#9369=CARTESIAN_POINT('',(0.0212756727573282,60.,26.));
#9370=CARTESIAN_POINT('Origin',(-73.5000009348705,58.,24.0000002199695));
#9371=CARTESIAN_POINT('',(-75.5000009348705,58.,24.0000001099848));
#9372=CARTESIAN_POINT('Origin',(-73.5000009348705,60.,24.0000002199695));
#9373=CARTESIAN_POINT('Origin',(-73.5,72.5000004172325,24.));
#9374=CARTESIAN_POINT('',(-73.5,110.,26.));
#9375=CARTESIAN_POINT('Origin',(-73.5,110.,24.));
#9376=CARTESIAN_POINT('',(-73.5,72.5000004172325,26.));
#9377=CARTESIAN_POINT('Origin',(-57.1249803225642,110.,24.));
#9378=CARTESIAN_POINT('',(-4.99992013541612,112.,24.));
#9379=CARTESIAN_POINT('',(-6.41413369779138,110.,26.));
#9380=CARTESIAN_POINT('Ctrl Pts',(-4.99992013541612,111.999999999994,24.));
#9381=CARTESIAN_POINT('Ctrl Pts',(-5.19220244545601,111.999999999994,24.2220284869235));
#9382=CARTESIAN_POINT('Ctrl Pts',(-5.40110572873336,111.961260700097,24.4630762529614));
#9383=CARTESIAN_POINT('Ctrl Pts',(-5.79544476414699,111.789718151945,24.9262248848555));
#9384=CARTESIAN_POINT('Ctrl Pts',(-5.98082039202206,111.65695305535,25.1483910680632));
#9385=CARTESIAN_POINT('Ctrl Pts',(-6.22942325967523,111.372678488764,25.4646602300354));
#9386=CARTESIAN_POINT('Ctrl Pts',(-6.32545604315609,111.22555031182,25.5931270833233));
#9387=CARTESIAN_POINT('Ctrl Pts',(-6.46098603931482,110.885687890972,25.8043239098584));
#9388=CARTESIAN_POINT('Ctrl Pts',(-6.49992013541612,110.692555591469,25.8867740331724));
#9389=CARTESIAN_POINT('Ctrl Pts',(-6.49992013541612,110.338714215972,25.9781354834712));
#9390=CARTESIAN_POINT('Ctrl Pts',(-6.47234893486962,110.164657555628,26.));
#9391=CARTESIAN_POINT('Ctrl Pts',(-6.41413369779137,110.,26.));
#9392=CARTESIAN_POINT('',(-57.1249803225642,110.,26.));
#9393=CARTESIAN_POINT('',(-73.5,112.,24.));
#9394=CARTESIAN_POINT('Origin',(-73.5,110.,24.));
#9395=CARTESIAN_POINT('',(-57.1249803225642,112.,24.));
#9396=CARTESIAN_POINT('Origin',(-73.5,110.,24.));
#9397=CARTESIAN_POINT('Origin',(-73.5,110.,24.));
#9398=CARTESIAN_POINT('Origin',(-38.7499606451283,85.000000834465,26.));
#9399=CARTESIAN_POINT('',(-3.49992013541612,110.499999999994,26.));
#9400=CARTESIAN_POINT('Origin',(-4.99992013541612,110.499999999994,26.));
#9401=CARTESIAN_POINT('',(-4.99992013541612,112.,26.));
#9402=CARTESIAN_POINT('Origin',(-4.99992013541612,110.499999999994,26.));
#9403=CARTESIAN_POINT('',(5.00007986458388,112.,26.));
#9404=CARTESIAN_POINT('',(-75.5,112.,26.));
#9405=CARTESIAN_POINT('',(6.41429342695914,110.,26.));
#9406=CARTESIAN_POINT('Origin',(5.00007986458388,110.499999999994,26.));
#9407=CARTESIAN_POINT('',(73.5001597291668,110.,26.));
#9408=CARTESIAN_POINT('',(-57.1249803225642,110.,26.));
#9409=CARTESIAN_POINT('',(73.500160774022,60.,26.));
#9410=CARTESIAN_POINT('',(73.5001597291668,72.5000004172325,26.));
#9411=CARTESIAN_POINT('',(25.5001609939916,60.,26.));
#9412=CARTESIAN_POINT('',(-0.0211159435905639,60.,26.));
#9413=CARTESIAN_POINT('',(23.5001608840068,60.,26.0000029695886));
#9414=CARTESIAN_POINT('',(-0.0211159435905639,60.,26.));
#9415=CARTESIAN_POINT('',(5.00007986458388,60.,26.));
#9416=CARTESIAN_POINT('',(-0.0211159435905639,60.,26.));
#9417=CARTESIAN_POINT('',(6.50007986458388,61.4999999999939,26.));
#9418=CARTESIAN_POINT('Origin',(5.00007986458388,61.4999999999939,26.));
#9419=CARTESIAN_POINT('Origin',(5.00007986458388,61.4999999999939,26.));
#9420=CARTESIAN_POINT('',(-4.99992013541612,60.,26.));
#9421=CARTESIAN_POINT('',(-0.0211159435905639,60.,26.));
#9422=CARTESIAN_POINT('',(-3.49992013541612,61.4999999999939,26.));
#9423=CARTESIAN_POINT('Origin',(-4.99992013541612,61.4999999999939,26.));
#9424=CARTESIAN_POINT('Origin',(-4.99992013541612,61.4999999999939,26.));
#9425=CARTESIAN_POINT('',(-23.5000011548401,60.,26.0000029695886));
#9426=CARTESIAN_POINT('',(-0.0211159435905639,60.,26.));
#9427=CARTESIAN_POINT('',(0.0212756727573282,60.,26.));
#9428=CARTESIAN_POINT('Origin',(-73.5000002749618,58.,11.9999973522188));
#9429=CARTESIAN_POINT('',(-73.5000001690505,58.,9.99999735221877));
#9430=CARTESIAN_POINT('Origin',(-73.5000002749618,58.,11.9999973522188));
#9431=CARTESIAN_POINT('',(-73.5,60.,9.99999735221878));
#9432=CARTESIAN_POINT('',(-73.5000001690505,58.,9.99999735221877));
#9433=CARTESIAN_POINT('Origin',(-73.5000002749618,60.,11.9999973522188));
#9434=CARTESIAN_POINT('',(-75.5000002749617,58.,11.999997242234));
#9435=CARTESIAN_POINT('Origin',(-73.5,59.,11.9999973522188));
#9436=CARTESIAN_POINT('Origin',(-73.5,62.,11.9999973522188));
#9437=CARTESIAN_POINT('Origin',(-23.50000115484,58.,10.));
#9438=CARTESIAN_POINT('',(-11.7499609099065,60.,10.0000006222307));
#9439=CARTESIAN_POINT('',(-67.5,58.,9.99999766995253));
#9440=CARTESIAN_POINT('',(-50.5000007311949,58.,9.99999857019813));
#9441=CARTESIAN_POINT('',(-65.5,58.,10.));
#9442=CARTESIAN_POINT('',(-50.5000007311949,58.,9.99999857019813));
#9443=CARTESIAN_POINT('',(7.9864583382161E-5,58.,10.));
#9444=CARTESIAN_POINT('Origin',(-57.1249803225642,110.,24.));
#9445=CARTESIAN_POINT('',(5.00007986458388,112.,24.));
#9446=CARTESIAN_POINT('',(6.50007986458388,110.499999999994,25.9364916731053));
#9447=CARTESIAN_POINT('Ctrl Pts',(6.50007986458388,110.499999999994,25.9364916731053));
#9448=CARTESIAN_POINT('Ctrl Pts',(6.50007986458388,110.692555591469,25.8867740331724));
#9449=CARTESIAN_POINT('Ctrl Pts',(6.46114576848258,110.885687890972,25.8043239098584));
#9450=CARTESIAN_POINT('Ctrl Pts',(6.32561577232385,111.22555031182,25.5931270833233));
#9451=CARTESIAN_POINT('Ctrl Pts',(6.22958298884299,111.372678488764,25.4646602300354));
#9452=CARTESIAN_POINT('Ctrl Pts',(5.98098012118982,111.65695305535,25.1483910680632));
#9453=CARTESIAN_POINT('Ctrl Pts',(5.79560449331478,111.789718151945,24.9262248848555));
#9454=CARTESIAN_POINT('Ctrl Pts',(5.40126545790114,111.961260700097,24.4630762529614));
#9455=CARTESIAN_POINT('Ctrl Pts',(5.19236217462377,111.999999999994,24.2220284869235));
#9456=CARTESIAN_POINT('Ctrl Pts',(5.00007986458388,111.999999999994,24.));
#9457=CARTESIAN_POINT('',(73.5001597291668,112.,24.));
#9458=CARTESIAN_POINT('',(-57.1249803225642,112.,24.));
#9459=CARTESIAN_POINT('Origin',(73.5001597291668,110.,24.));
#9460=CARTESIAN_POINT('Ctrl Pts',(6.41429342695914,110.,26.));
#9461=CARTESIAN_POINT('Ctrl Pts',(6.47250866403739,110.164657555628,26.));
#9462=CARTESIAN_POINT('Ctrl Pts',(6.50007986458388,110.338714215972,25.9781354834712));
#9463=CARTESIAN_POINT('Ctrl Pts',(6.50007986458388,110.499999999994,25.9364916731053));
#9464=CARTESIAN_POINT('Origin',(73.5001606640372,58.,24.0000002199695));
#9465=CARTESIAN_POINT('',(73.500160774022,58.,26.0000002199695));
#9466=CARTESIAN_POINT('Origin',(73.5001606640372,60.,24.0000002199695));
#9467=CARTESIAN_POINT('',(75.5001606640372,58.,24.0000001099848));
#9468=CARTESIAN_POINT('Origin',(73.5001597291668,72.5000004172325,24.));
#9469=CARTESIAN_POINT('Origin',(73.5001597291668,110.,24.));
#9470=CARTESIAN_POINT('Origin',(73.5001597291668,110.,24.));
#9471=CARTESIAN_POINT('Origin',(73.5001597291668,110.,24.));
#9472=CARTESIAN_POINT('Origin',(75.500160774022,58.,26.0000001099848));
#9473=CARTESIAN_POINT('',(25.5001609939916,58.,26.0000028596038));
#9474=CARTESIAN_POINT('Origin',(73.5001600041285,58.,11.9999973522188));
#9475=CARTESIAN_POINT('',(75.5001600041285,58.,11.999997242234));
#9476=CARTESIAN_POINT('',(73.5001597291668,60.,9.99999735221878));
#9477=CARTESIAN_POINT('Origin',(73.5001600041285,60.,11.9999973522188));
#9478=CARTESIAN_POINT('',(73.5001598982173,58.,9.99999735221877));
#9479=CARTESIAN_POINT('Origin',(73.5001597291668,59.,11.9999973522188));
#9480=CARTESIAN_POINT('Origin',(73.5001597291668,62.,11.9999973522188));
#9481=CARTESIAN_POINT('Origin',(75.5001598941437,58.,9.99999725038102));
#9482=CARTESIAN_POINT('Origin',(25.5001608840068,58.,24.0000028596038));
#9483=CARTESIAN_POINT('',(23.5001608840068,60.,24.0000028596038));
#9484=CARTESIAN_POINT('Origin',(25.5001608840068,60.,24.0000028596038));
#9485=CARTESIAN_POINT('',(23.5001608840068,58.,24.0000028596038));
#9486=CARTESIAN_POINT('Origin',(23.5001608840068,58.,26.0000029695886));
#9487=CARTESIAN_POINT('',(23.5001608840068,60.,11.9999998940888));
#9488=CARTESIAN_POINT('',(23.5001608840068,58.,11.9999998940888));
#9489=CARTESIAN_POINT('',(23.5001608840068,60.,13.0000014847942));
#9490=CARTESIAN_POINT('Origin',(25.5001608840068,58.,11.9999998940888));
#9491=CARTESIAN_POINT('',(25.5001607780955,60.,9.99999989408875));
#9492=CARTESIAN_POINT('',(25.5001607780955,58.,9.99999989408875));
#9493=CARTESIAN_POINT('Origin',(25.5001608840068,60.,11.9999998940888));
#9494=CARTESIAN_POINT('Origin',(23.5001608840068,58.,10.));
#9495=CARTESIAN_POINT('',(11.7501206390732,60.,10.0000006222307));
#9496=CARTESIAN_POINT('',(65.5001597291668,58.,10.));
#9497=CARTESIAN_POINT('',(7.9864583382161E-5,58.,10.));
#9498=CARTESIAN_POINT('',(50.5001604603617,58.,9.99999857019813));
#9499=CARTESIAN_POINT('Origin',(-42.6436328928747,-87.2545824275281,4.));
#9500=CARTESIAN_POINT('',(0.000159729166773204,-89.254582427528,4.));
#9501=CARTESIAN_POINT('',(-42.6436328928747,-89.2545824275281,4.));
#9502=CARTESIAN_POINT('Origin',(0.000159729166773204,-87.2545824275281,
4.));
#9503=CARTESIAN_POINT('Origin',(-42.6436328928747,-87.2545824275281,4.));
#9504=CARTESIAN_POINT('',(-8.88178419700125E-15,-89.254582427528,4.));
#9505=CARTESIAN_POINT('Origin',(-8.88178419700125E-15,-87.2545824275281,
4.));
#9506=CARTESIAN_POINT('',(-42.6436328928747,-89.2545824275281,4.));
#9507=CARTESIAN_POINT('Origin',(-47.5373057180411,-89.2545824275281,0.));
#9508=CARTESIAN_POINT('',(0.,-89.2545824275281,7.));
#9509=CARTESIAN_POINT('',(-5.68989300120393E-15,-89.2545824275281,3.5));
#9510=CARTESIAN_POINT('',(0.000159729166764322,-89.2545824275281,7.));
#9511=CARTESIAN_POINT('',(0.500000007450581,-89.2545824275281,7.00000010430813));
#9512=CARTESIAN_POINT('',(0.000159729166770012,-89.2545824275281,3.5));
#9513=CARTESIAN_POINT('Ctrl Pts',(-49.4991502756756,-76.3544898764632,10.));
#9514=CARTESIAN_POINT('Ctrl Pts',(-50.3847841560124,-75.9336695572371,9.99999999998451));
#9515=CARTESIAN_POINT('Ctrl Pts',(-51.4462567529357,-75.809620537741,9.94427820304917));
#9516=CARTESIAN_POINT('Ctrl Pts',(-52.4377261058206,-76.0023426570554,9.80056303120309));
#9517=CARTESIAN_POINT('Ctrl Pts',(-49.7832066337791,-76.8811708716734,9.99999999999256));
#9518=CARTESIAN_POINT('Ctrl Pts',(-50.5430262516099,-76.5173249581264,9.98456860761779));
#9519=CARTESIAN_POINT('Ctrl Pts',(-51.4654889443106,-76.4102568557273,9.92476929736791));
#9520=CARTESIAN_POINT('Ctrl Pts',(-52.3235462699894,-76.5897469900236,9.80056303120308));
#9521=CARTESIAN_POINT('Ctrl Pts',(-50.2749966845423,-77.7930197565365,9.49789774103073));
#9522=CARTESIAN_POINT('Ctrl Pts',(-50.7991099917185,-77.5241867994335,9.47409410940954));
#9523=CARTESIAN_POINT('Ctrl Pts',(-51.4562809878308,-77.4436612060838,9.41339699240124));
#9524=CARTESIAN_POINT('Ctrl Pts',(-52.0564339587847,-77.5932307847808,9.30346765987335));
#9525=CARTESIAN_POINT('Ctrl Pts',(-50.4485387193367,-78.1147914366918,8.44879895050927));
#9526=CARTESIAN_POINT('Ctrl Pts',(-50.8642798165269,-77.890424643405,8.44172964906466));
#9527=CARTESIAN_POINT('Ctrl Pts',(-51.3751083497471,-77.8184587406052,8.38843224756728));
#9528=CARTESIAN_POINT('Ctrl Pts',(-51.8416057371662,-77.9239019854235,8.26483032348113));
#9529=CARTESIAN_POINT('Ctrl Pts',(-50.4485387193307,-78.1147914366951,8.));
#9530=CARTESIAN_POINT('Ctrl Pts',(-50.8526272282737,-77.8968532326479,7.99999999998606));
#9531=CARTESIAN_POINT('Ctrl Pts',(-51.3333839449775,-77.8251136763473,7.94985038274449));
#9532=CARTESIAN_POINT('Ctrl Pts',(-51.7795451537774,-77.9118386300391,7.82050672808278));
#9533=CARTESIAN_POINT('',(-50.4485387193307,-78.1147914366951,8.));
#9534=CARTESIAN_POINT('',(-49.4991502756017,-76.3544898763076,10.));
#9535=CARTESIAN_POINT('Origin',(-49.4991502756371,-76.3544898764557,8.));
#9536=CARTESIAN_POINT('',(-52.4377261058206,-76.0023426570554,9.80056303120309));
#9537=CARTESIAN_POINT('Ctrl Pts',(-49.4991502756756,-76.3544898764632,10.));
#9538=CARTESIAN_POINT('Ctrl Pts',(-50.3847841560124,-75.9336695572371,9.99999999998451));
#9539=CARTESIAN_POINT('Ctrl Pts',(-51.4462567529357,-75.809620537741,9.94427820304917));
#9540=CARTESIAN_POINT('Ctrl Pts',(-52.4377261058206,-76.0023426570554,9.80056303120309));
#9541=CARTESIAN_POINT('',(-51.7795451537774,-77.9118386300391,7.82050672808278));
#9542=CARTESIAN_POINT('Origin',(-52.1611631445305,-75.9485842631437,7.82050672808278));
#9543=CARTESIAN_POINT('Ctrl Pts',(-51.7795451537774,-77.9118386300391,7.82050672808278));
#9544=CARTESIAN_POINT('Ctrl Pts',(-51.3333839449775,-77.8251136763473,7.94985038274449));
#9545=CARTESIAN_POINT('Ctrl Pts',(-50.8526272282737,-77.8968532326479,7.99999999998606));
#9546=CARTESIAN_POINT('Ctrl Pts',(-50.4485387193307,-78.1147914366951,8.));
#9547=CARTESIAN_POINT('Origin',(-49.6720964929191,-75.4647587179391,-10.));
#9548=CARTESIAN_POINT('',(-58.7783651014127,-78.5919328105532,7.));
#9549=CARTESIAN_POINT('',(-55.0978632367018,-78.5568543248152,7.));
#9550=CARTESIAN_POINT('Ctrl Pts',(-55.0978632367018,-78.5568543248152,7.));
#9551=CARTESIAN_POINT('Ctrl Pts',(-55.9144651826885,-78.7155856635186,7.));
#9552=CARTESIAN_POINT('Ctrl Pts',(-56.905100504333,-78.8387569307009,7.));
#9553=CARTESIAN_POINT('Ctrl Pts',(-58.0651938325907,-78.7564129126091,7.));
#9554=CARTESIAN_POINT('Ctrl Pts',(-58.4435257615113,-78.698890342563,7.));
#9555=CARTESIAN_POINT('Ctrl Pts',(-58.7783651014127,-78.5919328105532,7.));
#9556=CARTESIAN_POINT('Origin',(-49.290478502166,-77.4280130848345,-10.));
#9557=CARTESIAN_POINT('Origin',(-49.6720964929191,-75.4647587179391,-10.));
#9558=CARTESIAN_POINT('Ctrl Pts',(-58.7783651014128,-78.5919328105532,7.));
#9559=CARTESIAN_POINT('Ctrl Pts',(-59.2343699425764,-78.446271454245,6.99999999999999));
#9560=CARTESIAN_POINT('Ctrl Pts',(-59.6378093022791,-78.2860278446595,6.91146013078823));
#9561=CARTESIAN_POINT('Ctrl Pts',(-60.1047670842132,-78.1338276105369,6.74744792168809));
#9562=CARTESIAN_POINT('Ctrl Pts',(-60.2549522037082,-78.0916182488056,6.68141431272171));
#9563=CARTESIAN_POINT('Ctrl Pts',(-60.4392393904725,-78.0752813319451,6.57999446309613));
#9564=CARTESIAN_POINT('Ctrl Pts',(-60.4853923663083,-78.0746100588349,6.55267099250619));
#9565=CARTESIAN_POINT('Ctrl Pts',(-60.5631266036932,-78.08139674244,6.50278051142945));
#9566=CARTESIAN_POINT('Ctrl Pts',(-60.5945270296962,-78.0864971774181,6.4814740304806));
#9567=CARTESIAN_POINT('Ctrl Pts',(-60.6608016160055,-78.1027446683989,6.43385957723359));
#9568=CARTESIAN_POINT('Ctrl Pts',(-60.6947138196189,-78.1144897423484,6.40784178990816));
#9569=CARTESIAN_POINT('Ctrl Pts',(-60.7989583618134,-78.1607210100962,6.32264587245066));
#9570=CARTESIAN_POINT('Ctrl Pts',(-60.8636213934015,-78.2051650424824,6.26160339809468));
#9571=CARTESIAN_POINT('Ctrl Pts',(-61.0766377601651,-78.3849638749285,6.03598876667953));
#9572=CARTESIAN_POINT('Ctrl Pts',(-61.2304692219684,-78.5873587671379,5.82039238121897));
#9573=CARTESIAN_POINT('Ctrl Pts',(-61.5152334535548,-79.0737424232218,5.20041271239935));
#9574=CARTESIAN_POINT('Ctrl Pts',(-61.6115310350941,-79.3314436160523,4.80496114955126));
#9575=CARTESIAN_POINT('Ctrl Pts',(-61.635962572095,-79.5730042954973,4.24960446034816));
#9576=CARTESIAN_POINT('Ctrl Pts',(-61.6346354446836,-79.6202249378858,4.12418568377385));
#9577=CARTESIAN_POINT('Ctrl Pts',(-61.6270214014459,-79.6593957946023,3.99999999999999));
#9578=CARTESIAN_POINT('Origin',(49.6722562220859,-75.4647587179391,-10.));
#9579=CARTESIAN_POINT('',(61.6271811306126,-79.6593957946023,4.));
#9580=CARTESIAN_POINT('',(61.9775947081739,-77.8566742169092,5.58388221813128));
#9581=CARTESIAN_POINT('Ctrl Pts',(61.6271811306126,-79.6593957946023,3.99999999999999));
#9582=CARTESIAN_POINT('Ctrl Pts',(61.6288337764013,-79.6508936690729,4.02695479141651));
#9583=CARTESIAN_POINT('Ctrl Pts',(61.6305375506155,-79.6421285105974,4.05349140674877));
#9584=CARTESIAN_POINT('Ctrl Pts',(61.6516895752061,-79.5333107775436,4.36896926830661));
#9585=CARTESIAN_POINT('Ctrl Pts',(61.6852170527247,-79.3608268584298,4.69244090353875));
#9586=CARTESIAN_POINT('Ctrl Pts',(61.7552353744202,-79.0006138203599,5.1206978073957));
#9587=CARTESIAN_POINT('Ctrl Pts',(61.8011128496221,-78.7645946710676,5.31422546452657));
#9588=CARTESIAN_POINT('Ctrl Pts',(61.8842956966981,-78.3366560210825,5.52161157607957));
#9589=CARTESIAN_POINT('Ctrl Pts',(61.9345563588451,-78.0780873297892,5.58388221813131));
#9590=CARTESIAN_POINT('Ctrl Pts',(61.9775947081738,-77.8566742169092,5.58388221813131));
#9591=CARTESIAN_POINT('',(52.4378858349874,-76.0023426570554,9.80056303120309));
#9592=CARTESIAN_POINT('Origin',(49.6722562220859,-75.4647587179391,-10.));
#9593=CARTESIAN_POINT('',(51.7797048829441,-77.9118386300391,7.82050672808279));
#9594=CARTESIAN_POINT('Origin',(52.1613228736972,-75.9485842631438,7.82050672808279));
#9595=CARTESIAN_POINT('',(55.0980229658685,-78.5568543248152,7.));
#9596=CARTESIAN_POINT('Origin',(49.2906382313328,-77.4280130848345,-10.));
#9597=CARTESIAN_POINT('',(58.7785248305795,-78.5919328105532,7.));
#9598=CARTESIAN_POINT('Ctrl Pts',(58.7785248305795,-78.5919328105532,7.));
#9599=CARTESIAN_POINT('Ctrl Pts',(58.4436854906781,-78.698890342563,7.));
#9600=CARTESIAN_POINT('Ctrl Pts',(58.0653535617574,-78.7564129126091,7.));
#9601=CARTESIAN_POINT('Ctrl Pts',(56.9052602334998,-78.8387569307009,7.));
#9602=CARTESIAN_POINT('Ctrl Pts',(55.9146249118552,-78.7155856635186,7.));
#9603=CARTESIAN_POINT('Ctrl Pts',(55.0980229658685,-78.5568543248152,7.));
#9604=CARTESIAN_POINT('Ctrl Pts',(61.6271811306126,-79.6593957946023,3.99999999999999));
#9605=CARTESIAN_POINT('Ctrl Pts',(61.6372664374852,-79.6075113886286,4.16449220091575));
#9606=CARTESIAN_POINT('Ctrl Pts',(61.6359979261079,-79.5429802455865,4.32649861076019));
#9607=CARTESIAN_POINT('Ctrl Pts',(61.5948890024316,-79.2880702058905,4.87100248387148));
#9608=CARTESIAN_POINT('Ctrl Pts',(61.5020406679602,-79.0499802523048,5.2313192756437));
#9609=CARTESIAN_POINT('Ctrl Pts',(61.2065774091931,-78.5472569016733,5.87087668726809));
#9610=CARTESIAN_POINT('Ctrl Pts',(61.018232819055,-78.3042029620563,6.11818702409659));
#9611=CARTESIAN_POINT('Ctrl Pts',(60.7767416849644,-78.151411375416,6.34069717194803));
#9612=CARTESIAN_POINT('Ctrl Pts',(60.7316541393607,-78.1284510772272,6.3789684729379));
#9613=CARTESIAN_POINT('Ctrl Pts',(60.6551059833268,-78.1013664699999,6.43804505502938));
#9614=CARTESIAN_POINT('Ctrl Pts',(60.6265485563216,-78.0935369882571,6.45895627821996));
#9615=CARTESIAN_POINT('Ctrl Pts',(60.5969558607273,-78.0877847509392,6.47948965553754));
#9616=CARTESIAN_POINT('Ctrl Pts',(60.56421912541,-78.0814213742081,6.50220457639607));
#9617=CARTESIAN_POINT('Ctrl Pts',(60.5307099719102,-78.0776974615683,6.52411497762916));
#9618=CARTESIAN_POINT('Ctrl Pts',(60.4378601326396,-78.0742942272612,6.58136922909153));
#9619=CARTESIAN_POINT('Ctrl Pts',(60.3780861760158,-78.0792144978134,6.61467096590458));
#9620=CARTESIAN_POINT('Ctrl Pts',(60.1717198213184,-78.111818227823,6.71965892646485));
#9621=CARTESIAN_POINT('Ctrl Pts',(60.0075102338285,-78.1634976566732,6.78624685186817));
#9622=CARTESIAN_POINT('Ctrl Pts',(59.5454676616236,-78.3227322602661,6.93020219275936));
#9623=CARTESIAN_POINT('Ctrl Pts',(59.1850333304732,-78.4620820412188,7.));
#9624=CARTESIAN_POINT('Ctrl Pts',(58.7785248305795,-78.5919328105532,7.));
#9625=CARTESIAN_POINT('Ctrl Pts',(52.4378858349874,-76.0023426570554,9.80056303120309));
#9626=CARTESIAN_POINT('Ctrl Pts',(51.4464164830065,-75.8096205379167,9.94427820291814));
#9627=CARTESIAN_POINT('Ctrl Pts',(50.3849438871082,-75.9336695569847,9.99999999989936));
#9628=CARTESIAN_POINT('Ctrl Pts',(49.4993100072649,-76.3544898753121,10.));
#9629=CARTESIAN_POINT('Ctrl Pts',(52.3237059991562,-76.5897469900236,9.80056303120309));
#9630=CARTESIAN_POINT('Ctrl Pts',(51.4656486742601,-76.410256855891,9.92476929725461));
#9631=CARTESIAN_POINT('Ctrl Pts',(50.5431859824489,-76.5173249579045,9.98456860752281));
#9632=CARTESIAN_POINT('Ctrl Pts',(49.7833663650253,-76.8811708706777,9.99999999995162));
#9633=CARTESIAN_POINT('Ctrl Pts',(52.056593687956,-77.5932307845944,9.30346765965489));
#9634=CARTESIAN_POINT('Ctrl Pts',(51.4564407175504,-77.443661206034,9.41339699208239));
#9635=CARTESIAN_POINT('Ctrl Pts',(50.7992697219816,-77.5241867990964,9.47409410908888));
#9636=CARTESIAN_POINT('Ctrl Pts',(50.275156415055,-77.7930197556394,9.49789774074462));
#9637=CARTESIAN_POINT('Ctrl Pts',(51.841765466333,-77.9239019854235,8.26483032348114));
#9638=CARTESIAN_POINT('Ctrl Pts',(51.3752680793405,-77.8184587407016,8.38843224745439));
#9639=CARTESIAN_POINT('Ctrl Pts',(50.8644395466157,-77.8904246432548,8.44172964898096));
#9640=CARTESIAN_POINT('Ctrl Pts',(50.4486984496417,-78.1147914360779,8.44879895048973));
#9641=CARTESIAN_POINT('Ctrl Pts',(51.7797048829441,-77.9118386300391,7.82050672808278));
#9642=CARTESIAN_POINT('Ctrl Pts',(51.3335436745525,-77.8251136764266,7.94985038262637));
#9643=CARTESIAN_POINT('Ctrl Pts',(50.8527869583143,-77.8968532325042,7.99999999990942));
#9644=CARTESIAN_POINT('Ctrl Pts',(50.4486984496028,-78.1147914360989,8.));
#9645=CARTESIAN_POINT('',(49.4993100067843,-76.3544898743008,10.));
#9646=CARTESIAN_POINT('',(50.4486984496028,-78.1147914360989,8.));
#9647=CARTESIAN_POINT('Origin',(49.4993100070145,-76.3544898752635,8.));
#9648=CARTESIAN_POINT('Ctrl Pts',(50.4486984496028,-78.1147914360989,8.));
#9649=CARTESIAN_POINT('Ctrl Pts',(50.8527869583143,-77.8968532325042,7.99999999990942));
#9650=CARTESIAN_POINT('Ctrl Pts',(51.3335436745525,-77.8251136764266,7.94985038262637));
#9651=CARTESIAN_POINT('Ctrl Pts',(51.7797048829441,-77.9118386300391,7.82050672808278));
#9652=CARTESIAN_POINT('Ctrl Pts',(52.4378858349874,-76.0023426570554,9.80056303120309));
#9653=CARTESIAN_POINT('Ctrl Pts',(51.4464164830065,-75.8096205379167,9.94427820291814));
#9654=CARTESIAN_POINT('Ctrl Pts',(50.3849438871082,-75.9336695569847,9.99999999989936));
#9655=CARTESIAN_POINT('Ctrl Pts',(49.4993100072649,-76.3544898753121,10.));
#9656=CARTESIAN_POINT('Origin',(51.398086892191,-79.8750929969344,8.));
#9657=CARTESIAN_POINT('',(47.4715781584004,-79.1118570154282,10.));
#9658=CARTESIAN_POINT('',(49.4348325252957,-79.4934750061813,8.));
#9659=CARTESIAN_POINT('Origin',(47.4715781584004,-79.1118570154282,8.));
#9660=CARTESIAN_POINT('Origin',(51.398086892191,-79.8750929969344,8.));
#9661=CARTESIAN_POINT('Origin',(51.398086892191,-79.8750929969344,10.));
#9662=CARTESIAN_POINT('Origin',(56.3295164378568,-33.5417150666339,8.));
#9663=CARTESIAN_POINT('',(45.8887926755729,-87.2545824275281,10.));
#9664=CARTESIAN_POINT('',(47.8520470424682,-87.6362004182812,8.));
#9665=CARTESIAN_POINT('Origin',(45.8887926755729,-87.2545824275281,8.));
#9666=CARTESIAN_POINT('',(58.2927708047521,-33.923333057387,8.));
#9667=CARTESIAN_POINT('',(56.3295164378568,-33.5417150666339,10.));
#9668=CARTESIAN_POINT('Origin',(4.89375268974975,-87.2545824275281,8.));
#9669=CARTESIAN_POINT('',(45.8887926755729,-89.2545824275281,8.));
#9670=CARTESIAN_POINT('Origin',(45.8887926755729,-87.2545824275281,8.));
#9671=CARTESIAN_POINT('',(-45.8886329464061,-87.2545824275281,10.));
#9672=CARTESIAN_POINT('',(4.89375268974975,-87.2545824275281,10.));
#9673=CARTESIAN_POINT('',(-45.8886329464061,-89.254582427528,8.));
#9674=CARTESIAN_POINT('Origin',(-45.8886329464061,-87.2545824275281,8.));
#9675=CARTESIAN_POINT('',(4.89375268974975,-89.254582427528,8.));
#9676=CARTESIAN_POINT('Origin',(45.8887926755729,-87.2545824275281,8.));
#9677=CARTESIAN_POINT('Origin',(45.8887926755729,-87.2545824275281,8.));
#9678=CARTESIAN_POINT('Origin',(-45.8886329464061,-87.254582427528,8.));
#9679=CARTESIAN_POINT('',(-47.8518873133014,-87.6362004182811,8.));
#9680=CARTESIAN_POINT('Origin',(-45.8886329464061,-87.254582427528,8.));
#9681=CARTESIAN_POINT('Origin',(-45.8886329464061,-87.254582427528,8.));
#9682=CARTESIAN_POINT('Origin',(-57.7037629075997,-26.4710081364587,8.));
#9683=CARTESIAN_POINT('',(-47.4714184292336,-79.1118570154282,10.));
#9684=CARTESIAN_POINT('',(-49.434672796129,-79.4934750061813,8.));
#9685=CARTESIAN_POINT('Origin',(-47.4714184292336,-79.1118570154282,8.));
#9686=CARTESIAN_POINT('',(-59.667017274495,-26.8526261272118,8.));
#9687=CARTESIAN_POINT('',(-57.7037629075997,-26.4710081364587,10.));
#9688=CARTESIAN_POINT('Origin',(-51.3979271630243,-79.8750929969344,8.));
#9689=CARTESIAN_POINT('Origin',(-51.3979271630243,-79.8750929969344,10.));
#9690=CARTESIAN_POINT('Origin',(-51.3979271630243,-79.8750929969344,8.));
#9691=CARTESIAN_POINT('Origin',(60.1043193371922,-21.796446524263,-10.));
#9692=CARTESIAN_POINT('',(75.5001597291668,-8.28910803194054,5.58388221813128));
#9693=CARTESIAN_POINT('',(72.4096578232802,-24.188362023233,5.58388221813128));
#9694=CARTESIAN_POINT('',(75.5001597291668,46.,9.88118522958883));
#9695=CARTESIAN_POINT('Origin',(75.5001597291668,57.4082859935075,-10.));
#9696=CARTESIAN_POINT('',(73.6699703836899,47.9927780462486,10.));
#9697=CARTESIAN_POINT('Ctrl Pts',(73.6699703836899,47.9927780462486,10.));
#9698=CARTESIAN_POINT('Ctrl Pts',(73.7420550509642,47.9866354933667,10.));
#9699=CARTESIAN_POINT('Ctrl Pts',(73.8129203298329,47.9766388876669,9.99960891147522));
#9700=CARTESIAN_POINT('Ctrl Pts',(74.128568374108,47.9152831232419,9.99617531477262));
#9701=CARTESIAN_POINT('Ctrl Pts',(74.3820388073334,47.8147768458893,9.98808717263516));
#9702=CARTESIAN_POINT('Ctrl Pts',(74.8267590528004,47.5202828460476,9.96393059265309));
#9703=CARTESIAN_POINT('Ctrl Pts',(75.018028360372,47.326302694331,9.94812951053284));
#9704=CARTESIAN_POINT('Ctrl Pts',(75.2986408447481,46.9101731872211,9.91914919001739));
#9705=CARTESIAN_POINT('Ctrl Pts',(75.406781216064,46.6602159411861,9.90407492110613));
#9706=CARTESIAN_POINT('Ctrl Pts',(75.4867745113558,46.2672521149783,9.88816984012719));
#9707=CARTESIAN_POINT('Ctrl Pts',(75.5001597291668,46.1326823362057,9.88395720215639));
#9708=CARTESIAN_POINT('Ctrl Pts',(75.5001597291668,46.,9.88118522958883));
#9709=CARTESIAN_POINT('',(60.1043193371922,-21.796446524263,10.));
#9710=CARTESIAN_POINT('Origin',(77.5001597291668,2.00000000000001,0.));
#9711=CARTESIAN_POINT('',(75.5001597291668,-8.28910803194061,4.));
#9712=CARTESIAN_POINT('',(71.0172149143485,-31.3518597823872,4.));
#9713=CARTESIAN_POINT('',(75.5001597291668,-8.28910803194054,0.));
#9714=CARTESIAN_POINT('',(59.373305168395,-91.2545824275281,4.));
#9715=CARTESIAN_POINT('',(71.0172149143485,-31.3518597823872,4.));
#9716=CARTESIAN_POINT('',(59.373305168395,-91.2545824275281,0.));
#9717=CARTESIAN_POINT('Origin',(59.6327223505254,-79.4383105930514,0.));
#9718=CARTESIAN_POINT('',(51.7797048829441,-77.9118386300391,7.));
#9719=CARTESIAN_POINT('',(51.7797048829441,-77.9118386300391,0.));
#9720=CARTESIAN_POINT('',(46.3114786233073,-76.8489231192559,7.));
#9721=CARTESIAN_POINT('Origin',(51.398086892191,-79.8750929969344,0.));
#9722=CARTESIAN_POINT('',(49.4348325252957,-79.4934750061813,7.));
#9723=CARTESIAN_POINT('',(49.4348325252957,-79.4934750061813,0.));
#9724=CARTESIAN_POINT('Origin',(51.398086892191,-79.8750929969344,7.));
#9725=CARTESIAN_POINT('Origin',(49.8164505160488,-77.530220639286,0.));
#9726=CARTESIAN_POINT('',(47.8520470424682,-87.6362004182812,7.));
#9727=CARTESIAN_POINT('',(47.8520470424682,-87.6362004182812,0.));
#9728=CARTESIAN_POINT('',(52.6964129325876,-62.7140984234378,7.));
#9729=CARTESIAN_POINT('Origin',(45.8887926755729,-87.2545824275281,0.));
#9730=CARTESIAN_POINT('',(45.8887926755729,-89.2545824275281,7.));
#9731=CARTESIAN_POINT('',(45.8887926755729,-89.2545824275281,0.));
#9732=CARTESIAN_POINT('Origin',(45.8887926755729,-87.2545824275281,7.));
#9733=CARTESIAN_POINT('Origin',(47.5374654472079,-89.2545824275281,0.));
#9734=CARTESIAN_POINT('',(-45.8886329464061,-89.2545824275281,7.));
#9735=CARTESIAN_POINT('',(-45.8886329464061,-89.254582427528,0.));
#9736=CARTESIAN_POINT('',(-43.1436528590205,-89.2545824275281,7.));
#9737=CARTESIAN_POINT('',(0.500000007450581,-89.2545824275281,7.00000010430813));
#9738=CARTESIAN_POINT('',(43.1438125881873,-89.2545824275281,7.));
#9739=CARTESIAN_POINT('Origin',(-67.5,56.,13.));
#9740=CARTESIAN_POINT('',(-65.5,56.,7.));
#9741=CARTESIAN_POINT('',(-67.5,58.,7.));
#9742=CARTESIAN_POINT('Origin',(-67.5,56.,7.));
#9743=CARTESIAN_POINT('',(-65.5,56.,10.));
#9744=CARTESIAN_POINT('',(-65.5,56.,13.));
#9745=CARTESIAN_POINT('Origin',(-67.5,56.,10.));
#9746=CARTESIAN_POINT('',(-67.5,58.,13.));
#9747=CARTESIAN_POINT('Origin',(-38.75,-44.627291213764,7.));
#9748=CARTESIAN_POINT('',(-74.50000115484,58.,7.));
#9749=CARTESIAN_POINT('',(-58.12500057742,58.,7.));
#9750=CARTESIAN_POINT('',(-74.50000115484,47.7320501408212,7.));
#9751=CARTESIAN_POINT('',(-74.50000115484,33.686355227583,7.));
#9752=CARTESIAN_POINT('',(-73.5,48.,7.));
#9753=CARTESIAN_POINT('Origin',(-73.5,46.,7.));
#9754=CARTESIAN_POINT('',(-67.5,48.,7.));
#9755=CARTESIAN_POINT('',(-52.125,48.,7.));
#9756=CARTESIAN_POINT('',(-65.5,50.,7.));
#9757=CARTESIAN_POINT('Origin',(-67.5,50.,7.));
#9758=CARTESIAN_POINT('',(-65.5,6.68635439311799,7.));
#9759=CARTESIAN_POINT('',(-72.5,53.,7.));
#9760=CARTESIAN_POINT('Origin',(-70.5,53.,7.));
#9761=CARTESIAN_POINT('Origin',(-77.50000115484,58.,26.));
#9762=CARTESIAN_POINT('Origin',(-74.50000115484,58.,4.));
#9763=CARTESIAN_POINT('Origin',(-73.5,46.,0.));
#9764=CARTESIAN_POINT('',(-73.6698106545232,47.9927780462486,10.));
#9765=CARTESIAN_POINT('',(-73.5,48.,10.));
#9766=CARTESIAN_POINT('Origin',(-73.5,46.,10.));
#9767=CARTESIAN_POINT('',(-73.5,48.,0.));
#9768=CARTESIAN_POINT('',(-75.5,46.,6.82842753304352));
#9769=CARTESIAN_POINT('Ctrl Pts',(-75.5,46.,6.82842753304352));
#9770=CARTESIAN_POINT('Ctrl Pts',(-75.5,46.0627087367742,6.82842753304352));
#9771=CARTESIAN_POINT('Ctrl Pts',(-75.4970520054014,46.125563320639,6.82947508749197));
#9772=CARTESIAN_POINT('Ctrl Pts',(-75.467778531404,46.4349524531944,6.83972143999053));
#9773=CARTESIAN_POINT('Ctrl Pts',(-75.3991005838657,46.6734580162723,6.86434920299617));
#9774=CARTESIAN_POINT('Ctrl Pts',(-75.1732149001516,47.1262096951045,6.92597747683315));
#9775=CARTESIAN_POINT('Ctrl Pts',(-75.0121510380339,47.3348512455159,6.96259672409007));
#9776=CARTESIAN_POINT('Ctrl Pts',(-74.7173328209926,47.5921452856101,6.99373089520135));
#9777=CARTESIAN_POINT('Ctrl Pts',(-74.6118077412173,47.6674984786834,7.));
#9778=CARTESIAN_POINT('Ctrl Pts',(-74.50000115484,47.7320501408212,7.));
#9779=CARTESIAN_POINT('',(-75.5,46.,9.88118522958883));
#9780=CARTESIAN_POINT('',(-75.5,46.,0.));
#9781=CARTESIAN_POINT('Ctrl Pts',(-75.5,46.,9.88118522958883));
#9782=CARTESIAN_POINT('Ctrl Pts',(-75.5,46.1326823362057,9.88395720215639));
#9783=CARTESIAN_POINT('Ctrl Pts',(-75.486614782189,46.2672521149783,9.88816984012719));
#9784=CARTESIAN_POINT('Ctrl Pts',(-75.4066214868972,46.6602159411861,9.90407492110613));
#9785=CARTESIAN_POINT('Ctrl Pts',(-75.2984811155813,46.9101731872211,9.91914919001739));
#9786=CARTESIAN_POINT('Ctrl Pts',(-75.0178686312053,47.326302694331,9.94812951053284));
#9787=CARTESIAN_POINT('Ctrl Pts',(-74.8265993236336,47.5202828460476,9.96393059265309));
#9788=CARTESIAN_POINT('Ctrl Pts',(-74.3818790781666,47.8147768458893,9.98808717263516));
#9789=CARTESIAN_POINT('Ctrl Pts',(-74.1284086449412,47.9152831232419,9.99617531477262));
#9790=CARTESIAN_POINT('Ctrl Pts',(-73.8127606006662,47.9766388876669,9.99960891147522));
#9791=CARTESIAN_POINT('Ctrl Pts',(-73.7418953217974,47.9866354933667,10.));
#9792=CARTESIAN_POINT('Ctrl Pts',(-73.6698106545232,47.9927780462486,10.));
#9793=CARTESIAN_POINT('Origin',(-65.5,48.,0.));
#9794=CARTESIAN_POINT('',(-67.5,48.,10.));
#9795=CARTESIAN_POINT('',(-65.5,48.,10.));
#9796=CARTESIAN_POINT('',(-67.5,48.,0.));
#9797=CARTESIAN_POINT('Origin',(-37.7499600677083,30.,10.));
#9798=CARTESIAN_POINT('',(73.5001597291668,48.,10.));
#9799=CARTESIAN_POINT('Origin',(73.5001597291668,46.,10.));
#9800=CARTESIAN_POINT('',(67.5001597291668,48.,10.));
#9801=CARTESIAN_POINT('',(65.5001597291668,48.,10.));
#9802=CARTESIAN_POINT('',(65.5001597291668,50.,10.));
#9803=CARTESIAN_POINT('Origin',(67.5001597291668,50.,10.));
#9804=CARTESIAN_POINT('',(65.5001597291668,56.,10.));
#9805=CARTESIAN_POINT('',(65.5001597291668,58.,10.));
#9806=CARTESIAN_POINT('Origin',(67.5001597291668,56.,10.));
#9807=CARTESIAN_POINT('',(-65.5,50.,10.));
#9808=CARTESIAN_POINT('',(-65.5,58.,10.));
#9809=CARTESIAN_POINT('Origin',(-67.5,50.,10.));
#9810=CARTESIAN_POINT('',(-60.1041596080255,-21.796446524263,10.));
#9811=CARTESIAN_POINT('',(-29.7459666924143,-27.0635083268969,10.));
#9812=CARTESIAN_POINT('',(-29.7459666924143,-72.9364916731044,10.));
#9813=CARTESIAN_POINT('',(-29.7459666924143,-37.5000000000006,10.));
#9814=CARTESIAN_POINT('',(-23.9364916731032,-21.2540333075858,10.));
#9815=CARTESIAN_POINT('Ctrl Pts',(-23.9364916731032,-21.2540333075858,10.));
#9816=CARTESIAN_POINT('Ctrl Pts',(-24.8006305504363,-21.2540333075858,10.));
#9817=CARTESIAN_POINT('Ctrl Pts',(-26.5423956087247,-21.6499460133223,10.));
#9818=CARTESIAN_POINT('Ctrl Pts',(-28.9867985674583,-23.5867284193602,10.));
#9819=CARTESIAN_POINT('Ctrl Pts',(-29.7459666924144,-25.7673000108973,10.));
#9820=CARTESIAN_POINT('Ctrl Pts',(-29.7459666924144,-27.0635083268969,10.));
#9821=CARTESIAN_POINT('',(23.9364916731042,-21.2540333075858,10.));
#9822=CARTESIAN_POINT('',(13.0000000000005,-21.2540333075858,10.));
#9823=CARTESIAN_POINT('',(29.7459666924153,-27.063508326897,10.));
#9824=CARTESIAN_POINT('Ctrl Pts',(29.7459666924153,-27.063508326897,10.));
#9825=CARTESIAN_POINT('Ctrl Pts',(29.7459666924153,-26.1993694495639,10.));
#9826=CARTESIAN_POINT('Ctrl Pts',(29.3500539866789,-24.4576043912755,10.));
#9827=CARTESIAN_POINT('Ctrl Pts',(27.4132715806409,-22.0132014325418,10.));
#9828=CARTESIAN_POINT('Ctrl Pts',(25.2326999891038,-21.2540333075858,10.));
#9829=CARTESIAN_POINT('Ctrl Pts',(23.9364916731042,-21.2540333075858,10.));
#9830=CARTESIAN_POINT('',(29.7459666924153,-72.9364916731043,10.));
#9831=CARTESIAN_POINT('',(29.7459666924153,-62.5000000000006,10.));
#9832=CARTESIAN_POINT('',(23.9364916731042,-78.7459666924155,10.));
#9833=CARTESIAN_POINT('Ctrl Pts',(23.9364916731042,-78.7459666924155,10.));
#9834=CARTESIAN_POINT('Ctrl Pts',(25.2326999891038,-78.7459666924155,10.));
#9835=CARTESIAN_POINT('Ctrl Pts',(27.4130588184646,-77.9864114480893,10.));
#9836=CARTESIAN_POINT('Ctrl Pts',(29.3499003125067,-75.5421610549671,10.));
#9837=CARTESIAN_POINT('Ctrl Pts',(29.7459666924153,-73.8006305504373,10.));
#9838=CARTESIAN_POINT('Ctrl Pts',(29.7459666924153,-72.9364916731043,10.));
#9839=CARTESIAN_POINT('',(-23.9364916731032,-78.7459666924155,10.));
#9840=CARTESIAN_POINT('',(-12.9999999999995,-78.7459666924155,10.));
#9841=CARTESIAN_POINT('Ctrl Pts',(-29.7459666924143,-72.9364916731043,10.));
#9842=CARTESIAN_POINT('Ctrl Pts',(-29.7459666924143,-74.2326999891036,10.));
#9843=CARTESIAN_POINT('Ctrl Pts',(-28.9864114480883,-76.4130588184648,10.));
#9844=CARTESIAN_POINT('Ctrl Pts',(-26.542161054966,-78.3499003125068,10.));
#9845=CARTESIAN_POINT('Ctrl Pts',(-24.8006305504362,-78.7459666924155,10.));
#9846=CARTESIAN_POINT('Ctrl Pts',(-23.9364916731032,-78.7459666924155,10.));
#9847=CARTESIAN_POINT('Origin',(73.5001597291668,46.,0.));
#9848=CARTESIAN_POINT('',(75.5001597291668,46.,0.));
#9849=CARTESIAN_POINT('',(73.5001597291668,48.,7.));
#9850=CARTESIAN_POINT('Origin',(73.5001597291668,46.,7.));
#9851=CARTESIAN_POINT('',(73.5001597291668,48.,0.));
#9852=CARTESIAN_POINT('Origin',(75.5001597291668,48.,0.));
#9853=CARTESIAN_POINT('Origin',(75.5001597291668,7.43342116056291,4.));
#9854=CARTESIAN_POINT('Origin',(67.5001597291668,50.,0.));
#9855=CARTESIAN_POINT('',(65.5001597291668,50.,7.));
#9856=CARTESIAN_POINT('',(67.5001597291668,48.,7.));
#9857=CARTESIAN_POINT('Origin',(67.5001597291668,50.,7.));
#9858=CARTESIAN_POINT('',(65.5001597291668,50.,0.));
#9859=CARTESIAN_POINT('',(67.5001597291668,48.,0.));
#9860=CARTESIAN_POINT('Origin',(65.5001597291668,58.,0.));
#9861=CARTESIAN_POINT('',(65.5001597291668,56.,7.));
#9862=CARTESIAN_POINT('',(65.5001597291668,6.68635439311799,7.));
#9863=CARTESIAN_POINT('',(65.5001597291668,56.,13.));
#9864=CARTESIAN_POINT('Origin',(67.5001597291668,56.,13.));
#9865=CARTESIAN_POINT('Origin',(67.5001597291668,56.,7.));
#9866=CARTESIAN_POINT('Origin',(-38.75,-44.627291213764,7.));
#9867=CARTESIAN_POINT('',(-47.8518873133014,-87.6362004182811,7.));
#9868=CARTESIAN_POINT('Origin',(-45.8886329464061,-87.254582427528,7.));
#9869=CARTESIAN_POINT('',(-49.434672796129,-79.4934750061813,7.));
#9870=CARTESIAN_POINT('',(-52.6962532034208,-62.7140984234378,7.));
#9871=CARTESIAN_POINT('',(-51.7795451537774,-77.9118386300391,7.));
#9872=CARTESIAN_POINT('Origin',(-51.3979271630243,-79.8750929969344,7.));
#9873=CARTESIAN_POINT('',(-46.3113188941405,-76.8489231192559,7.));
#9874=CARTESIAN_POINT('',(-56.3169953543625,-91.2545824275281,7.));
#9875=CARTESIAN_POINT('',(-69.4829893603228,-23.5214150899245,7.));
#9876=CARTESIAN_POINT('',(56.3171550835293,-91.2545824275281,7.));
#9877=CARTESIAN_POINT('',(-59.3731454392282,-91.2545824275281,7.));
#9878=CARTESIAN_POINT('',(68.0723333640055,-30.7794327962575,7.));
#9879=CARTESIAN_POINT('',(55.7705414564044,-83.392401533407,7.));
#9880=CARTESIAN_POINT('Origin',(53.7705414564044,-83.392401533407,7.));
#9881=CARTESIAN_POINT('',(-55.7703817272376,-83.392401533407,7.));
#9882=CARTESIAN_POINT('Origin',(-53.7703817272376,-83.392401533407,7.));
#9883=CARTESIAN_POINT('Origin',(-45.8886329464061,-87.254582427528,0.));
#9884=CARTESIAN_POINT('',(-47.8518873133014,-87.6362004182811,0.));
#9885=CARTESIAN_POINT('Origin',(-51.3979271630243,-79.8750929969344,0.));
#9886=CARTESIAN_POINT('',(-51.7795451537774,-77.9118386300391,0.));
#9887=CARTESIAN_POINT('',(-49.434672796129,-79.4934750061813,0.));
#9888=CARTESIAN_POINT('Origin',(-49.816290786882,-77.530220639286,0.));
#9889=CARTESIAN_POINT('Origin',(-67.5,50.,0.));
#9890=CARTESIAN_POINT('',(-65.5,50.,0.));
#9891=CARTESIAN_POINT('Origin',(-74.50000115484,33.686355227583,4.));
#9892=CARTESIAN_POINT('',(-75.5,0.767396802040262,6.82842753304352));
#9893=CARTESIAN_POINT('Ctrl Pts',(-76.9412814267191,0.180052515924442,5.7436027741817));
#9894=CARTESIAN_POINT('Ctrl Pts',(-76.8907251695711,0.393474090022606,5.81438838832663));
#9895=CARTESIAN_POINT('Ctrl Pts',(-76.8340352668014,0.599662199684318,5.8875967751228));
#9896=CARTESIAN_POINT('Ctrl Pts',(-76.7150787659864,0.940244981544627,6.02472264574444));
#9897=CARTESIAN_POINT('Ctrl Pts',(-76.6521251696172,1.09577948239526,6.09283101938533));
#9898=CARTESIAN_POINT('Ctrl Pts',(-76.5354868966392,1.29915751140801,6.20447215470488));
#9899=CARTESIAN_POINT('Ctrl Pts',(-76.4930682811105,1.36172522658264,6.24312409334937));
#9900=CARTESIAN_POINT('Ctrl Pts',(-76.3977164073074,1.46813015863136,6.32434922143924));
#9901=CARTESIAN_POINT('Ctrl Pts',(-76.3452405350188,1.51254572202489,6.36669988599961));
#9902=CARTESIAN_POINT('Ctrl Pts',(-76.2462146308224,1.55347836257835,6.43981947786105));
#9903=CARTESIAN_POINT('Ctrl Pts',(-76.2049899066934,1.56198413819132,6.46890960669867));
#9904=CARTESIAN_POINT('Ctrl Pts',(-76.1217471176319,1.55777703083372,6.52436949008466));
#9905=CARTESIAN_POINT('Ctrl Pts',(-76.0797333249695,1.54508728584865,6.55074740953657));
#9906=CARTESIAN_POINT('Ctrl Pts',(-75.9803082406372,1.49607831958355,6.61036020511307));
#9907=CARTESIAN_POINT('Ctrl Pts',(-75.9206890997592,1.44549253060083,6.64297318902622));
#9908=CARTESIAN_POINT('Ctrl Pts',(-75.8124843645177,1.32671259814945,6.69835396099182));
#9909=CARTESIAN_POINT('Ctrl Pts',(-75.7638434098851,1.2585898116985,6.72116658404201));
#9910=CARTESIAN_POINT('Ctrl Pts',(-75.6371789768776,1.06004032476876,6.77769075881617));
#9911=CARTESIAN_POINT('Ctrl Pts',(-75.5658844696195,0.916255636550738,6.80513388568513));
#9912=CARTESIAN_POINT('Ctrl Pts',(-75.5,0.767396802040262,6.82842753304352));
#9913=CARTESIAN_POINT('',(-75.5,33.686355227583,6.82842753304352));
#9914=CARTESIAN_POINT('Origin',(-60.1041596080255,-21.796446524263,-10.));
#9915=CARTESIAN_POINT('Origin',(-75.5,57.4082859935075,-10.));
#9916=CARTESIAN_POINT('Origin',(-69.4829893603228,-23.5214150899245,4.));
#9917=CARTESIAN_POINT('Origin',(-56.3169953543625,-91.2545824275281,4.));
#9918=CARTESIAN_POINT('Origin',(-59.3731454392282,-91.2545824275281,0.));
#9919=CARTESIAN_POINT('Origin',(56.3171550835293,-91.2545824275281,4.));
#9920=CARTESIAN_POINT('Origin',(68.0723333640055,-30.7794327962575,4.));
#9921=CARTESIAN_POINT('Origin',(68.0723333640055,-30.7794327962575,4.));
#9922=CARTESIAN_POINT('Origin',(71.134625411311,5.93806631045363,1.));
#9923=CARTESIAN_POINT('',(59.6327223505254,-79.4383105930514,1.));
#9924=CARTESIAN_POINT('',(76.0427613285494,4.98402133357091,1.));
#9925=CARTESIAN_POINT('Origin',(54.7245864332871,-78.4842656161687,1.));
#9926=CARTESIAN_POINT('Origin',(-72.5088718810539,13.0087732406288,1.));
#9927=CARTESIAN_POINT('',(-77.4170077982923,12.0547282637461,1.));
#9928=CARTESIAN_POINT('Origin',(-75.5,2.19257809639525,0.));
#9929=CARTESIAN_POINT('Origin',(-75.5,48.,0.));
#9930=CARTESIAN_POINT('Origin',(73.5001597291668,62.,0.));
#9931=CARTESIAN_POINT('',(73.5001597291668,60.,0.));
#9932=CARTESIAN_POINT('Origin',(7.9864583382161E-5,60.,0.));
#9933=CARTESIAN_POINT('',(-73.5,60.,0.));
#9934=CARTESIAN_POINT('Origin',(-73.5,62.,0.));
#9935=CARTESIAN_POINT('Origin',(-73.5,110.,0.));
#9936=CARTESIAN_POINT('',(-73.5,112.,0.));
#9937=CARTESIAN_POINT('Origin',(-73.5,110.,0.));
#9938=CARTESIAN_POINT('',(-73.5,112.,0.));
#9939=CARTESIAN_POINT('Origin',(73.5001597291668,110.,0.));
#9940=CARTESIAN_POINT('',(73.5001597291668,112.,0.));
#9941=CARTESIAN_POINT('',(73.5001597291668,112.,0.));
#9942=CARTESIAN_POINT('Origin',(73.5001597291668,110.,0.));
#9943=CARTESIAN_POINT('Origin',(75.5001597291668,72.5370879821638,1.));
#9944=CARTESIAN_POINT('',(75.5001597291668,73.5343407242257,0.925925925925926));
#9945=CARTESIAN_POINT('Origin',(75.5001597291668,86.,0.));
#9946=CARTESIAN_POINT('',(75.5001597291668,98.4656592757743,0.925925925925925));
#9947=CARTESIAN_POINT('Origin',(75.5001597291668,99.4629120178363,0.999999999999999));
#9948=CARTESIAN_POINT('',(75.5001597291668,99.4629120178363,0.));
#9949=CARTESIAN_POINT('Origin',(-75.5,99.4629120178363,0.999999999999999));
#9950=CARTESIAN_POINT('',(-75.5,99.4629120178363,0.));
#9951=CARTESIAN_POINT('',(-75.5,98.4656592757743,0.925925925925925));
#9952=CARTESIAN_POINT('Origin',(-75.5,86.,0.));
#9953=CARTESIAN_POINT('',(-75.5,73.5343407242257,0.925925925925926));
#9954=CARTESIAN_POINT('Origin',(-75.5,72.5370879821638,1.));
#9955=CARTESIAN_POINT('Origin',(13.5663812952724,-36.,10.));
#9956=CARTESIAN_POINT('',(13.5663812952724,-35.,10.));
#9957=CARTESIAN_POINT('',(13.5663812952724,-35.,10.));
#9958=CARTESIAN_POINT('',(14.3389586618526,-35.3650793650794,10.));
#9959=CARTESIAN_POINT('Origin',(13.5663812952724,-36.,10.));
#9960=CARTESIAN_POINT('',(14.3389586618526,-35.3650793650794,10.));
#9961=CARTESIAN_POINT('Origin',(16.,-34.,10.));
#9962=CARTESIAN_POINT('',(14.6349206349206,-35.6610413381474,10.));
#9963=CARTESIAN_POINT('Origin',(16.,-34.,10.));
#9964=CARTESIAN_POINT('',(14.6349206349206,-35.6610413381474,10.));
#9965=CARTESIAN_POINT('Origin',(-37.7499600677083,30.,10.));
#9966=CARTESIAN_POINT('',(-18.9999999999995,-30.0000000000007,10.));
#9967=CARTESIAN_POINT('',(-20.9999999999995,-32.0000000000007,10.));
#9968=CARTESIAN_POINT('Origin',(-18.9999999999995,-32.0000000000007,10.));
#9969=CARTESIAN_POINT('',(-20.9999999999995,-68.0000000000007,10.));
#9970=CARTESIAN_POINT('',(-20.9999999999995,-20.0000000000003,10.));
#9971=CARTESIAN_POINT('',(-18.9999999999995,-70.0000000000006,10.));
#9972=CARTESIAN_POINT('Origin',(-18.9999999999995,-68.0000000000007,10.));
#9973=CARTESIAN_POINT('',(19.0000000000005,-70.0000000000006,10.));
#9974=CARTESIAN_POINT('',(-8.37498003385391,-70.0000000000006,10.));
#9975=CARTESIAN_POINT('',(21.0000000000005,-68.0000000000006,10.));
#9976=CARTESIAN_POINT('Origin',(19.0000000000005,-68.0000000000006,10.));
#9977=CARTESIAN_POINT('',(21.0000000000005,-32.0000000000007,10.));
#9978=CARTESIAN_POINT('',(21.0000000000005,-3.17523785042795E-13,10.));
#9979=CARTESIAN_POINT('',(19.0000000000005,-30.0000000000006,10.));
#9980=CARTESIAN_POINT('Origin',(19.0000000000005,-32.0000000000007,10.));
#9981=CARTESIAN_POINT('',(-29.3749800338539,-30.0000000000007,10.));
#9982=CARTESIAN_POINT('',(15.,-63.5663812952724,10.));
#9983=CARTESIAN_POINT('',(14.6349206349206,-64.3389586618526,10.));
#9984=CARTESIAN_POINT('Origin',(14.,-63.5663812952724,10.));
#9985=CARTESIAN_POINT('',(14.9999997466803,-61.9999994338536,10.));
#9986=CARTESIAN_POINT('',(15.,-17.0483566844663,10.));
#9987=CARTESIAN_POINT('',(17.0000002533197,-61.9999994337559,10.));
#9988=CARTESIAN_POINT('Origin',(16.,-62.,10.));
#9989=CARTESIAN_POINT('',(17.,-63.5663812952724,10.));
#9990=CARTESIAN_POINT('',(17.,-15.9999997168779,10.));
#9991=CARTESIAN_POINT('',(17.3650793650794,-64.3389586618526,10.));
#9992=CARTESIAN_POINT('Origin',(18.,-63.5663812952724,10.));
#9993=CARTESIAN_POINT('',(14.3389586618526,-67.3650793650794,10.));
#9994=CARTESIAN_POINT('Origin',(16.,-66.,10.));
#9995=CARTESIAN_POINT('',(13.5663812952724,-67.,10.));
#9996=CARTESIAN_POINT('Origin',(13.5663812952724,-68.,10.));
#9997=CARTESIAN_POINT('',(12.,-67.,10.));
#9998=CARTESIAN_POINT('',(-11.8266233493879,-67.,10.));
#9999=CARTESIAN_POINT('',(12.,-65.,10.));
#10000=CARTESIAN_POINT('Origin',(12.,-66.,10.));
#10001=CARTESIAN_POINT('',(13.5663812952724,-65.,10.));
#10002=CARTESIAN_POINT('',(-12.8749800338542,-65.,10.));
#10003=CARTESIAN_POINT('',(14.3389586618526,-64.6349206349206,10.));
#10004=CARTESIAN_POINT('Origin',(13.5663812952724,-64.,10.));
#10005=CARTESIAN_POINT('Origin',(16.,-66.,10.));
#10006=CARTESIAN_POINT('',(-14.3389586618526,-35.3650793650794,10.));
#10007=CARTESIAN_POINT('',(-13.5663812952724,-35.,10.));
#10008=CARTESIAN_POINT('Origin',(-13.5663812952724,-36.,10.));
#10009=CARTESIAN_POINT('',(-14.6349206349206,-35.6610413381474,10.));
#10010=CARTESIAN_POINT('Origin',(-16.,-34.,10.));
#10011=CARTESIAN_POINT('',(-15.,-36.4336187047276,10.));
#10012=CARTESIAN_POINT('Origin',(-14.,-36.4336187047276,10.));
#10013=CARTESIAN_POINT('',(-14.9999997466803,-38.0000005661464,10.));
#10014=CARTESIAN_POINT('',(-15.,-2.9516433155337,10.));
#10015=CARTESIAN_POINT('',(-17.0000002533197,-38.0000005662441,10.));
#10016=CARTESIAN_POINT('Origin',(-16.,-38.,10.));
#10017=CARTESIAN_POINT('',(-17.,-36.4336187047276,10.));
#10018=CARTESIAN_POINT('',(-17.,-4.00000028312206,10.));
#10019=CARTESIAN_POINT('',(-17.3650793650794,-35.6610413381474,10.));
#10020=CARTESIAN_POINT('Origin',(-18.,-36.4336187047276,10.));
#10021=CARTESIAN_POINT('',(-14.3389586618526,-32.6349206349206,10.));
#10022=CARTESIAN_POINT('Origin',(-16.,-34.,10.));
#10023=CARTESIAN_POINT('',(-13.5663812952724,-33.,10.));
#10024=CARTESIAN_POINT('Origin',(-13.5663812952724,-32.,10.));
#10025=CARTESIAN_POINT('',(-12.,-33.,10.));
#10026=CARTESIAN_POINT('',(-25.9233367183204,-33.,10.));
#10027=CARTESIAN_POINT('',(-12.,-35.,10.));
#10028=CARTESIAN_POINT('Origin',(-12.,-34.,10.));
#10029=CARTESIAN_POINT('',(-24.8749800338542,-35.,10.));
#10030=CARTESIAN_POINT('',(-14.6349206349206,-64.3389586618526,10.));
#10031=CARTESIAN_POINT('',(-15.,-63.5663812952724,10.));
#10032=CARTESIAN_POINT('Origin',(-14.,-63.5663812952724,10.));
#10033=CARTESIAN_POINT('',(-14.3389586618526,-64.6349206349206,10.));
#10034=CARTESIAN_POINT('Origin',(-16.,-66.,10.));
#10035=CARTESIAN_POINT('',(-13.5663812952724,-65.,10.));
#10036=CARTESIAN_POINT('Origin',(-13.5663812952724,-64.,10.));
#10037=CARTESIAN_POINT('',(-12.,-65.,10.));
#10038=CARTESIAN_POINT('',(-25.9233367183204,-65.,10.));
#10039=CARTESIAN_POINT('',(-12.,-67.,10.));
#10040=CARTESIAN_POINT('Origin',(-12.,-66.,10.));
#10041=CARTESIAN_POINT('',(-13.5663812952724,-67.,10.));
#10042=CARTESIAN_POINT('',(-24.8749800338542,-67.,10.));
#10043=CARTESIAN_POINT('',(-14.3389586618526,-67.3650793650794,10.));
#10044=CARTESIAN_POINT('Origin',(-13.5663812952724,-68.,10.));
#10045=CARTESIAN_POINT('',(-17.3650793650794,-64.3389586618526,10.));
#10046=CARTESIAN_POINT('Origin',(-16.,-66.,10.));
#10047=CARTESIAN_POINT('',(-17.,-63.5663812952724,10.));
#10048=CARTESIAN_POINT('Origin',(-18.,-63.5663812952724,10.));
#10049=CARTESIAN_POINT('',(-17.,-61.9999994338539,10.));
#10050=CARTESIAN_POINT('',(-17.,-17.0483566844663,10.));
#10051=CARTESIAN_POINT('',(-15.,-61.9999994337559,10.));
#10052=CARTESIAN_POINT('Origin',(-16.,-62.,10.));
#10053=CARTESIAN_POINT('',(-15.,-15.9999997168779,10.));
#10054=CARTESIAN_POINT('',(12.,-35.,10.));
#10055=CARTESIAN_POINT('',(-11.8266233493879,-35.,10.));
#10056=CARTESIAN_POINT('',(12.,-33.,10.));
#10057=CARTESIAN_POINT('Origin',(12.,-34.,10.));
#10058=CARTESIAN_POINT('',(13.5663812952724,-33.,10.));
#10059=CARTESIAN_POINT('',(-12.8749800338542,-33.,10.));
#10060=CARTESIAN_POINT('',(14.3389586618526,-32.6349206349206,10.));
#10061=CARTESIAN_POINT('Origin',(13.5663812952724,-32.,10.));
#10062=CARTESIAN_POINT('',(17.3650793650794,-35.6610413381474,10.));
#10063=CARTESIAN_POINT('Origin',(16.,-34.,10.));
#10064=CARTESIAN_POINT('',(17.,-36.4336187047276,10.));
#10065=CARTESIAN_POINT('Origin',(18.,-36.4336187047276,10.));
#10066=CARTESIAN_POINT('',(17.,-38.0000005661461,10.));
#10067=CARTESIAN_POINT('',(17.,-2.95164331553371,10.));
#10068=CARTESIAN_POINT('',(15.,-38.0000005662441,10.));
#10069=CARTESIAN_POINT('Origin',(16.,-38.,10.));
#10070=CARTESIAN_POINT('',(15.,-36.4336187047276,10.));
#10071=CARTESIAN_POINT('',(15.,-4.00000028312206,10.));
#10072=CARTESIAN_POINT('Origin',(14.,-36.4336187047276,10.));
#10073=CARTESIAN_POINT('',(11.,-63.,10.));
#10074=CARTESIAN_POINT('',(-11.,-63.,10.));
#10075=CARTESIAN_POINT('',(-12.3749800338542,-63.,10.));
#10076=CARTESIAN_POINT('',(-13.,-61.,10.));
#10077=CARTESIAN_POINT('Origin',(-11.,-61.,10.));
#10078=CARTESIAN_POINT('',(-13.,-39.,10.));
#10079=CARTESIAN_POINT('',(-13.,-16.5,10.));
#10080=CARTESIAN_POINT('',(-11.,-37.,10.));
#10081=CARTESIAN_POINT('Origin',(-11.,-39.,10.));
#10082=CARTESIAN_POINT('',(11.,-37.,10.));
#10083=CARTESIAN_POINT('',(-25.3749800338542,-37.,10.));
#10084=CARTESIAN_POINT('',(13.,-39.,10.));
#10085=CARTESIAN_POINT('Origin',(11.,-39.,10.));
#10086=CARTESIAN_POINT('',(13.,-61.,10.));
#10087=CARTESIAN_POINT('',(13.,-3.49999999999999,10.));
#10088=CARTESIAN_POINT('Origin',(11.,-61.,10.));
#10089=CARTESIAN_POINT('Origin',(14.,-36.4336187047276,10.));
#10090=CARTESIAN_POINT('',(15.,-36.4336187047276,10.));
#10091=CARTESIAN_POINT('Origin',(15.,-38.0000005662441,10.));
#10092=CARTESIAN_POINT('',(15.,-38.0000005662441,10.));
#10093=CARTESIAN_POINT('Origin',(-13.5663812952724,-36.,10.));
#10094=CARTESIAN_POINT('',(-14.3389586618526,-35.3650793650794,10.));
#10095=CARTESIAN_POINT('',(-13.5663812952724,-35.,10.));
#10096=CARTESIAN_POINT('Origin',(-16.,-34.,10.));
#10097=CARTESIAN_POINT('',(-14.6349206349206,-35.6610413381474,10.));
#10098=CARTESIAN_POINT('Origin',(-14.,-36.4336187047276,10.));
#10099=CARTESIAN_POINT('',(-15.,-36.4336187047276,10.));
#10100=CARTESIAN_POINT('Origin',(-14.,-63.5663812952724,10.));
#10101=CARTESIAN_POINT('',(-14.6349206349206,-64.3389586618526,10.));
#10102=CARTESIAN_POINT('',(-15.,-63.5663812952724,10.));
#10103=CARTESIAN_POINT('Origin',(-16.,-66.,10.));
#10104=CARTESIAN_POINT('',(-14.3389586618526,-64.6349206349206,10.));
#10105=CARTESIAN_POINT('Origin',(-13.5663812952724,-64.,10.));
#10106=CARTESIAN_POINT('',(-13.5663812952724,-65.,10.));
#10107=CARTESIAN_POINT('Origin',(14.,-63.5663812952724,10.));
#10108=CARTESIAN_POINT('',(15.,-63.5663812952724,10.));
#10109=CARTESIAN_POINT('',(14.6349206349206,-64.3389586618526,10.));
#10110=CARTESIAN_POINT('Origin',(16.,-66.,10.));
#10111=CARTESIAN_POINT('',(14.3389586618526,-64.6349206349206,10.));
#10112=CARTESIAN_POINT('Origin',(13.5663812952724,-64.,10.));
#10113=CARTESIAN_POINT('',(13.5663812952724,-65.,10.));
#10114=CARTESIAN_POINT('Origin',(12.,-65.,10.));
#10115=CARTESIAN_POINT('',(12.,-65.,10.));
#10116=CARTESIAN_POINT('Origin',(13.5663812952724,-32.,10.));
#10117=CARTESIAN_POINT('',(14.3389586618526,-32.6349206349206,10.));
#10118=CARTESIAN_POINT('',(13.5663812952724,-33.,10.));
#10119=CARTESIAN_POINT('Origin',(16.,-34.,10.));
#10120=CARTESIAN_POINT('',(17.3650793650794,-35.6610413381474,10.));
#10121=CARTESIAN_POINT('Origin',(18.,-36.4336187047276,10.));
#10122=CARTESIAN_POINT('',(17.,-36.4336187047276,10.));
#10123=CARTESIAN_POINT('Origin',(18.,-63.5663812952724,10.));
#10124=CARTESIAN_POINT('',(17.3650793650794,-64.3389586618526,10.));
#10125=CARTESIAN_POINT('',(17.,-63.5663812952724,10.));
#10126=CARTESIAN_POINT('Origin',(16.,-66.,10.));
#10127=CARTESIAN_POINT('',(14.3389586618526,-67.3650793650794,10.));
#10128=CARTESIAN_POINT('Origin',(13.5663812952724,-68.,10.));
#10129=CARTESIAN_POINT('',(13.5663812952724,-67.,10.));
#10130=CARTESIAN_POINT('Origin',(-13.5663812952724,-68.,10.));
#10131=CARTESIAN_POINT('',(-14.3389586618526,-67.3650793650794,10.));
#10132=CARTESIAN_POINT('',(-13.5663812952724,-67.,10.));
#10133=CARTESIAN_POINT('Origin',(-16.,-66.,10.));
#10134=CARTESIAN_POINT('',(-17.3650793650794,-64.3389586618526,10.));
#10135=CARTESIAN_POINT('Origin',(-18.,-63.5663812952724,10.));
#10136=CARTESIAN_POINT('',(-17.,-63.5663812952724,10.));
#10137=CARTESIAN_POINT('Origin',(-18.,-36.4336187047276,10.));
#10138=CARTESIAN_POINT('',(-17.3650793650794,-35.6610413381474,10.));
#10139=CARTESIAN_POINT('',(-17.,-36.4336187047276,10.));
#10140=CARTESIAN_POINT('Origin',(-16.,-34.,10.));
#10141=CARTESIAN_POINT('',(-14.3389586618526,-32.6349206349206,10.));
#10142=CARTESIAN_POINT('Origin',(-13.5663812952724,-32.,10.));
#10143=CARTESIAN_POINT('',(-13.5663812952724,-33.,10.));
#10144=CARTESIAN_POINT('Origin',(-29.7459666924143,-37.5000000000006,14.));
#10145=CARTESIAN_POINT('',(-25.8729833462069,-72.9364916731044,13.));
#10146=CARTESIAN_POINT('Origin',(-29.7459666924143,-72.9364916731044,14.));
#10147=CARTESIAN_POINT('',(-25.8729833462069,-27.0635083268969,13.));
#10148=CARTESIAN_POINT('',(-25.8729833462069,-37.5000000000006,13.));
#10149=CARTESIAN_POINT('Origin',(-29.7459666924143,-27.0635083268969,14.));
#10150=CARTESIAN_POINT('Ctrl Pts',(-25.8729833462069,-72.9364916731044,
13.));
#10151=CARTESIAN_POINT('Ctrl Pts',(-25.8862777904736,-73.3818555560376,
12.9485108387581));
#10152=CARTESIAN_POINT('Ctrl Pts',(-25.6380886084606,-74.1136377319202,
12.9183058041145));
#10153=CARTESIAN_POINT('Ctrl Pts',(-24.8218113839611,-74.7577244698088,
12.9281688652311));
#10154=CARTESIAN_POINT('Ctrl Pts',(-24.233400928392,-74.8818463090525,12.9656738925054));
#10155=CARTESIAN_POINT('Ctrl Pts',(-23.9364916731032,-74.8729833462081,
13.));
#10156=CARTESIAN_POINT('Ctrl Pts',(-26.1240530741408,-72.9364916731044,
12.0276111249753));
#10157=CARTESIAN_POINT('Ctrl Pts',(-26.1480161011154,-73.4357324984647,
11.9893631703064));
#10158=CARTESIAN_POINT('Ctrl Pts',(-25.8686270702439,-74.2734504910042,
11.9670986436989));
#10159=CARTESIAN_POINT('Ctrl Pts',(-24.9391724375201,-75.0039216912297,
11.9743610575709));
#10160=CARTESIAN_POINT('Ctrl Pts',(-24.2693188900102,-75.1400284254583,
12.0021124885294));
#10161=CARTESIAN_POINT('Ctrl Pts',(-23.9364916731032,-75.1240530741419,
12.0276111249753));
#10162=CARTESIAN_POINT('Ctrl Pts',(-27.2333155827997,-72.9364916731044,
10.5084993148677));
#10163=CARTESIAN_POINT('Ctrl Pts',(-27.2586461671232,-73.681048314511,10.49791726036));
#10164=CARTESIAN_POINT('Ctrl Pts',(-26.837880429413,-74.9367465062019,10.4918252250176));
#10165=CARTESIAN_POINT('Ctrl Pts',(-25.4351037049644,-76.0415600486597,
10.4938106255471));
#10166=CARTESIAN_POINT('Ctrl Pts',(-24.4328627673745,-76.2502026390165,
10.5014446118625));
#10167=CARTESIAN_POINT('Ctrl Pts',(-23.9364916731032,-76.2333155828008,
10.5084993148677));
#10168=CARTESIAN_POINT('Ctrl Pts',(-28.9927575086127,-72.9364916731043,
10.));
#10169=CARTESIAN_POINT('Ctrl Pts',(-29.0003073278629,-74.0674553946014,
10.0000640387896));
#10170=CARTESIAN_POINT('Ctrl Pts',(-28.3425308541255,-75.9704652229855,
10.0000846892788));
#10171=CARTESIAN_POINT('Ctrl Pts',(-26.2103118335429,-77.6580397715616,
10.0000777657591));
#10172=CARTESIAN_POINT('Ctrl Pts',(-24.6904674874348,-77.9977907214473,
10.0000426925264));
#10173=CARTESIAN_POINT('Ctrl Pts',(-23.9364916731032,-77.9927575086139,
10.));
#10174=CARTESIAN_POINT('Ctrl Pts',(-29.7459666924143,-72.9364916731043,
10.));
#10175=CARTESIAN_POINT('Ctrl Pts',(-29.7459666924143,-74.2326999891036,
10.));
#10176=CARTESIAN_POINT('Ctrl Pts',(-28.9864114480883,-76.4130588184648,
10.));
#10177=CARTESIAN_POINT('Ctrl Pts',(-26.542161054966,-78.3499003125068,10.));
#10178=CARTESIAN_POINT('Ctrl Pts',(-24.8006305504362,-78.7459666924155,
10.));
#10179=CARTESIAN_POINT('Ctrl Pts',(-23.9364916731032,-78.7459666924155,
10.));
#10180=CARTESIAN_POINT('',(-23.9364916731032,-74.8729833462081,13.));
#10181=CARTESIAN_POINT('Origin',(-23.9364916731032,-78.7459666924155,14.));
#10182=CARTESIAN_POINT('Ctrl Pts',(-23.9364916731032,-74.8729833462081,
13.));
#10183=CARTESIAN_POINT('Ctrl Pts',(-24.233400928392,-74.8818463090525,12.9656738925054));
#10184=CARTESIAN_POINT('Ctrl Pts',(-24.8218113839611,-74.7577244698088,
12.9281688652311));
#10185=CARTESIAN_POINT('Ctrl Pts',(-25.6380886084606,-74.1136377319202,
12.9183058041145));
#10186=CARTESIAN_POINT('Ctrl Pts',(-25.8862777904736,-73.3818555560376,
12.9485108387581));
#10187=CARTESIAN_POINT('Ctrl Pts',(-25.8729833462069,-72.9364916731044,
13.));
#10188=CARTESIAN_POINT('Ctrl Pts',(-29.7459666924144,-27.0635083268969,
10.));
#10189=CARTESIAN_POINT('Ctrl Pts',(-29.7459666924144,-25.7673000108973,
10.));
#10190=CARTESIAN_POINT('Ctrl Pts',(-28.9867985674583,-23.5867284193602,
10.));
#10191=CARTESIAN_POINT('Ctrl Pts',(-26.5423956087247,-21.6499460133223,
10.));
#10192=CARTESIAN_POINT('Ctrl Pts',(-24.8006305504363,-21.2540333075858,
10.));
#10193=CARTESIAN_POINT('Ctrl Pts',(-23.9364916731032,-21.2540333075858,
10.));
#10194=CARTESIAN_POINT('Ctrl Pts',(-28.7416877806789,-27.0635083268969,
10.));
#10195=CARTESIAN_POINT('Ctrl Pts',(-28.7519290050171,-25.9884159009309,
10.0002592036871));
#10196=CARTESIAN_POINT('Ctrl Pts',(-28.1269617149226,-24.1766852978313,
10.000312955999));
#10197=CARTESIAN_POINT('Ctrl Pts',(-26.0997902292063,-22.5732435368348,
10.0002937130289));
#10198=CARTESIAN_POINT('Ctrl Pts',(-24.6532199570806,-22.2514847364291,
10.000172802458));
#10199=CARTESIAN_POINT('Ctrl Pts',(-23.9364916731032,-22.2583122193213,
10.));
#10200=CARTESIAN_POINT('Ctrl Pts',(-26.9933870266316,-27.0635083268969,
10.6940923147821));
#10201=CARTESIAN_POINT('Ctrl Pts',(-27.0207317733649,-26.3717923866651,
10.6793919573348));
#10202=CARTESIAN_POINT('Ctrl Pts',(-26.6320189352407,-25.2044898109487,
10.6709712977606));
#10203=CARTESIAN_POINT('Ctrl Pts',(-25.3292352989633,-24.179522205224,10.6737139103863));
#10204=CARTESIAN_POINT('Ctrl Pts',(-24.3976356332579,-23.988383142213,10.6842920764839));
#10205=CARTESIAN_POINT('Ctrl Pts',(-23.9364916731032,-24.0066129733686,
10.6940923147821));
#10206=CARTESIAN_POINT('Ctrl Pts',(-26.0612856421573,-27.0635083268969,
12.2707083437315));
#10207=CARTESIAN_POINT('Ctrl Pts',(-26.0824410842118,-26.5770986937295,
12.229029171791));
#10208=CARTESIAN_POINT('Ctrl Pts',(-25.8121788284206,-25.7665840121049,
12.2047935628938));
#10209=CARTESIAN_POINT('Ctrl Pts',(-24.9100154240445,-25.0569234916501,
12.2126975450817));
#10210=CARTESIAN_POINT('Ctrl Pts',(-24.2607647618816,-24.9246107298065,
12.2429222291045));
#10211=CARTESIAN_POINT('Ctrl Pts',(-23.9364916731032,-24.9387143578428,
12.2707083437315));
#10212=CARTESIAN_POINT('Ctrl Pts',(-25.8729833462069,-27.0635083268969,
13.));
#10213=CARTESIAN_POINT('Ctrl Pts',(-25.8862777904736,-26.618144443964,12.9485108387581));
#10214=CARTESIAN_POINT('Ctrl Pts',(-25.638183713079,-25.8863252825276,12.9183662393404));
#10215=CARTESIAN_POINT('Ctrl Pts',(-24.821868924223,-25.2422449497925,12.9282038997754));
#10216=CARTESIAN_POINT('Ctrl Pts',(-24.233400928392,-25.1181536909488,12.9656738925054));
#10217=CARTESIAN_POINT('Ctrl Pts',(-23.9364916731032,-25.1270166537932,
13.));
#10218=CARTESIAN_POINT('',(-23.9364916731032,-25.1270166537932,13.));
#10219=CARTESIAN_POINT('Ctrl Pts',(-25.8729833462069,-27.0635083268969,
13.));
#10220=CARTESIAN_POINT('Ctrl Pts',(-25.8862777904736,-26.618144443964,12.9485108387581));
#10221=CARTESIAN_POINT('Ctrl Pts',(-25.638183713079,-25.8863252825276,12.9183662393404));
#10222=CARTESIAN_POINT('Ctrl Pts',(-24.821868924223,-25.2422449497925,12.9282038997754));
#10223=CARTESIAN_POINT('Ctrl Pts',(-24.233400928392,-25.1181536909488,12.9656738925054));
#10224=CARTESIAN_POINT('Ctrl Pts',(-23.9364916731032,-25.1270166537932,
13.));
#10225=CARTESIAN_POINT('Origin',(-23.9364916731032,-21.2540333075858,14.));
#10226=CARTESIAN_POINT('Origin',(-12.9999999999995,-78.7459666924155,14.));
#10227=CARTESIAN_POINT('',(23.9364916731042,-74.8729833462081,13.));
#10228=CARTESIAN_POINT('Origin',(23.9364916731042,-78.7459666924155,14.));
#10229=CARTESIAN_POINT('',(-12.9999999999995,-74.8729833462081,13.));
#10230=CARTESIAN_POINT('Origin',(13.0000000000005,-21.2540333075858,14.));
#10231=CARTESIAN_POINT('',(23.9364916731042,-25.1270166537932,13.));
#10232=CARTESIAN_POINT('Origin',(23.9364916731042,-21.2540333075858,14.));
#10233=CARTESIAN_POINT('',(13.0000000000005,-25.1270166537932,13.));
#10234=CARTESIAN_POINT('Ctrl Pts',(23.9364916731042,-74.8729833462081,13.));
#10235=CARTESIAN_POINT('Ctrl Pts',(24.3818555560374,-74.8862777904747,12.9485108387581));
#10236=CARTESIAN_POINT('Ctrl Pts',(25.1136377319201,-74.6380886084617,12.9183058041145));
#10237=CARTESIAN_POINT('Ctrl Pts',(25.7577244698087,-73.8218113839622,12.9281688652311));
#10238=CARTESIAN_POINT('Ctrl Pts',(25.8818463090524,-73.2334009283931,12.9656738925054));
#10239=CARTESIAN_POINT('Ctrl Pts',(25.8729833462079,-72.9364916731043,13.));
#10240=CARTESIAN_POINT('Ctrl Pts',(23.9364916731042,-75.1240530741419,12.0276111249753));
#10241=CARTESIAN_POINT('Ctrl Pts',(24.4357324984647,-75.1480161011165,11.9893631703064));
#10242=CARTESIAN_POINT('Ctrl Pts',(25.2734504910041,-74.868627070245,11.9670986436989));
#10243=CARTESIAN_POINT('Ctrl Pts',(26.0039216912296,-73.9391724375212,11.9743610575709));
#10244=CARTESIAN_POINT('Ctrl Pts',(26.1400284254582,-73.2693188900113,12.0021124885294));
#10245=CARTESIAN_POINT('Ctrl Pts',(26.1240530741418,-72.9364916731043,12.0276111249753));
#10246=CARTESIAN_POINT('Ctrl Pts',(23.9364916731042,-76.2333155828008,10.5084993148677));
#10247=CARTESIAN_POINT('Ctrl Pts',(24.6810483145112,-76.2586461671243,10.49791726036));
#10248=CARTESIAN_POINT('Ctrl Pts',(25.9367465062017,-75.8378804294141,10.4918252250176));
#10249=CARTESIAN_POINT('Ctrl Pts',(27.0415600486596,-74.4351037049655,10.4938106255471));
#10250=CARTESIAN_POINT('Ctrl Pts',(27.2502026390163,-73.4328627673756,10.5014446118625));
#10251=CARTESIAN_POINT('Ctrl Pts',(27.2333155828006,-72.9364916731043,10.5084993148677));
#10252=CARTESIAN_POINT('Ctrl Pts',(23.9364916731042,-77.9927575086139,10.));
#10253=CARTESIAN_POINT('Ctrl Pts',(25.0674553946016,-78.000307327864,10.0000640387895));
#10254=CARTESIAN_POINT('Ctrl Pts',(26.9704652229854,-77.3425308541266,10.0000846892788));
#10255=CARTESIAN_POINT('Ctrl Pts',(28.6580397715615,-75.2103118335441,10.0000777657591));
#10256=CARTESIAN_POINT('Ctrl Pts',(28.9977907214472,-73.6904674874358,10.0000426925264));
#10257=CARTESIAN_POINT('Ctrl Pts',(28.9927575086137,-72.9364916731043,10.));
#10258=CARTESIAN_POINT('Ctrl Pts',(23.9364916731042,-78.7459666924155,10.));
#10259=CARTESIAN_POINT('Ctrl Pts',(25.2326999891038,-78.7459666924155,10.));
#10260=CARTESIAN_POINT('Ctrl Pts',(27.4130588184646,-77.9864114480893,10.));
#10261=CARTESIAN_POINT('Ctrl Pts',(29.3499003125067,-75.5421610549671,10.));
#10262=CARTESIAN_POINT('Ctrl Pts',(29.7459666924153,-73.8006305504373,10.));
#10263=CARTESIAN_POINT('Ctrl Pts',(29.7459666924153,-72.9364916731043,10.));
#10264=CARTESIAN_POINT('',(25.8729833462079,-72.9364916731043,13.));
#10265=CARTESIAN_POINT('Origin',(29.7459666924153,-72.9364916731043,14.));
#10266=CARTESIAN_POINT('Ctrl Pts',(25.8729833462079,-72.9364916731043,13.));
#10267=CARTESIAN_POINT('Ctrl Pts',(25.8818463090524,-73.2334009283931,12.9656738925054));
#10268=CARTESIAN_POINT('Ctrl Pts',(25.7577244698087,-73.8218113839622,12.9281688652311));
#10269=CARTESIAN_POINT('Ctrl Pts',(25.1136377319201,-74.6380886084617,12.9183058041145));
#10270=CARTESIAN_POINT('Ctrl Pts',(24.3818555560374,-74.8862777904747,12.9485108387581));
#10271=CARTESIAN_POINT('Ctrl Pts',(23.9364916731042,-74.8729833462081,13.));
#10272=CARTESIAN_POINT('Ctrl Pts',(23.9364916731042,-21.2540333075858,10.));
#10273=CARTESIAN_POINT('Ctrl Pts',(25.2326999891038,-21.2540333075858,10.));
#10274=CARTESIAN_POINT('Ctrl Pts',(27.4132715806409,-22.0132014325418,10.));
#10275=CARTESIAN_POINT('Ctrl Pts',(29.3500539866789,-24.4576043912755,10.));
#10276=CARTESIAN_POINT('Ctrl Pts',(29.7459666924153,-26.1993694495639,10.));
#10277=CARTESIAN_POINT('Ctrl Pts',(29.7459666924153,-27.063508326897,10.));
#10278=CARTESIAN_POINT('Ctrl Pts',(23.9364916731042,-22.2583122193213,10.));
#10279=CARTESIAN_POINT('Ctrl Pts',(25.0115840990703,-22.248070994983,10.0002592036871));
#10280=CARTESIAN_POINT('Ctrl Pts',(26.8233147021699,-22.8730382850776,10.000312955999));
#10281=CARTESIAN_POINT('Ctrl Pts',(28.4267564631664,-24.9002097707938,10.0002937130289));
#10282=CARTESIAN_POINT('Ctrl Pts',(28.748515263572,-26.3467800429196,10.000172802458));
#10283=CARTESIAN_POINT('Ctrl Pts',(28.7416877806798,-27.063508326897,10.));
#10284=CARTESIAN_POINT('Ctrl Pts',(23.9364916731042,-24.0066129733686,10.6940923147821));
#10285=CARTESIAN_POINT('Ctrl Pts',(24.6282076133363,-23.9792682266353,10.6793919573348));
#10286=CARTESIAN_POINT('Ctrl Pts',(25.7955101890525,-24.3679810647595,10.6709712977606));
#10287=CARTESIAN_POINT('Ctrl Pts',(26.8204777947771,-25.6707647010367,10.6737139103863));
#10288=CARTESIAN_POINT('Ctrl Pts',(27.0116168577881,-26.6023643667423,10.6842920764839));
#10289=CARTESIAN_POINT('Ctrl Pts',(26.9933870266326,-27.0635083268969,10.6940923147821));
#10290=CARTESIAN_POINT('Ctrl Pts',(23.9364916731042,-24.9387143578428,12.2707083437315));
#10291=CARTESIAN_POINT('Ctrl Pts',(24.422901306272,-24.9175589157884,12.229029171791));
#10292=CARTESIAN_POINT('Ctrl Pts',(25.2334159878964,-25.1878211715796,12.2047935628938));
#10293=CARTESIAN_POINT('Ctrl Pts',(25.943076508351,-26.0899845759556,12.2126975450817));
#10294=CARTESIAN_POINT('Ctrl Pts',(26.0753892701946,-26.7392352381186,12.2429222291045));
#10295=CARTESIAN_POINT('Ctrl Pts',(26.0612856421583,-27.0635083268969,12.2707083437315));
#10296=CARTESIAN_POINT('Ctrl Pts',(23.9364916731042,-25.1270166537932,13.));
#10297=CARTESIAN_POINT('Ctrl Pts',(24.3818555560376,-25.1137222095266,12.9485108387581));
#10298=CARTESIAN_POINT('Ctrl Pts',(25.1136747174736,-25.3618162869212,12.9183662393404));
#10299=CARTESIAN_POINT('Ctrl Pts',(25.7577550502087,-26.1781310757771,12.9282038997754));
#10300=CARTESIAN_POINT('Ctrl Pts',(25.8818463090523,-26.7665990716082,12.9656738925054));
#10301=CARTESIAN_POINT('Ctrl Pts',(25.8729833462079,-27.0635083268969,13.));
#10302=CARTESIAN_POINT('',(25.8729833462079,-27.0635083268969,13.));
#10303=CARTESIAN_POINT('Ctrl Pts',(23.9364916731042,-25.1270166537932,13.));
#10304=CARTESIAN_POINT('Ctrl Pts',(24.3818555560376,-25.1137222095266,12.9485108387581));
#10305=CARTESIAN_POINT('Ctrl Pts',(25.1136747174736,-25.3618162869212,12.9183662393404));
#10306=CARTESIAN_POINT('Ctrl Pts',(25.7577550502087,-26.1781310757771,12.9282038997754));
#10307=CARTESIAN_POINT('Ctrl Pts',(25.8818463090523,-26.7665990716082,12.9656738925054));
#10308=CARTESIAN_POINT('Ctrl Pts',(25.8729833462079,-27.0635083268969,13.));
#10309=CARTESIAN_POINT('Origin',(29.7459666924153,-27.063508326897,14.));
#10310=CARTESIAN_POINT('Origin',(29.7459666924153,-62.5000000000006,14.));
#10311=CARTESIAN_POINT('',(25.8729833462079,-62.5000000000006,13.));
#10312=CARTESIAN_POINT('Ctrl Pts',(22.0000000000005,-29.0000000000007,16.));
#10313=CARTESIAN_POINT('Ctrl Pts',(22.7862953627702,-28.6068523186158,16.));
#10314=CARTESIAN_POINT('Ctrl Pts',(24.0939612108223,-27.9530193945898,15.6011485322749));
#10315=CARTESIAN_POINT('Ctrl Pts',(25.4148980930713,-27.2925509534653,14.27541230239));
#10316=CARTESIAN_POINT('Ctrl Pts',(25.8229031383559,-27.0885484308229,13.2884851546086));
#10317=CARTESIAN_POINT('Ctrl Pts',(25.9243615298277,-27.0378192350871,12.7742006091528));
#10318=CARTESIAN_POINT('Ctrl Pts',(22.0000000000005,-29.0000000000007,16.));
#10319=CARTESIAN_POINT('Ctrl Pts',(22.7114100901255,-28.5319670459711,16.));
#10320=CARTESIAN_POINT('Ctrl Pts',(23.8954656731089,-27.753920182739,15.6871995842118));
#10321=CARTESIAN_POINT('Ctrl Pts',(25.2668828556079,-26.8730487079373,14.5027155551113));
#10322=CARTESIAN_POINT('Ctrl Pts',(25.7731122607779,-26.5478833667177,13.4615756017199));
#10323=CARTESIAN_POINT('Ctrl Pts',(25.9028779737626,-26.4643381017627,12.8830990522032));
#10324=CARTESIAN_POINT('Ctrl Pts',(22.0000000000005,-29.0000000000007,16.));
#10325=CARTESIAN_POINT('Ctrl Pts',(22.5803608629972,-28.4009178188428,16.));
#10326=CARTESIAN_POINT('Ctrl Pts',(23.5481669461298,-27.4016042567788,15.7517062465348));
#10327=CARTESIAN_POINT('Ctrl Pts',(24.758961051278,-26.1388666918842,14.690159255467));
#10328=CARTESIAN_POINT('Ctrl Pts',(25.2660847411314,-25.6081642959559,13.6120378788825));
#10329=CARTESIAN_POINT('Ctrl Pts',(25.3977579555621,-25.4703437379541,12.9795445028306));
#10330=CARTESIAN_POINT('Ctrl Pts',(22.0000000000005,-29.0000000000007,16.));
#10331=CARTESIAN_POINT('Ctrl Pts',(22.4493116358689,-28.2698685917145,16.));
#10332=CARTESIAN_POINT('Ctrl Pts',(23.1976119088624,-27.0535066394643,15.666465886667));
#10333=CARTESIAN_POINT('Ctrl Pts',(24.022844892455,-25.6952954429162,14.44525305085));
#10334=CARTESIAN_POINT('Ctrl Pts',(24.3174377802991,-25.2139209782486,13.4177310373994));
#10335=CARTESIAN_POINT('Ctrl Pts',(24.3922916149074,-25.0917511372222,12.8558744414406));
#10336=CARTESIAN_POINT('Ctrl Pts',(22.0000000000005,-29.0000000000007,16.));
#10337=CARTESIAN_POINT('Ctrl Pts',(22.3931476813853,-28.213704637231,16.));
#10338=CARTESIAN_POINT('Ctrl Pts',(23.0469806054114,-26.9060387891788,15.6011485322749));
#10339=CARTESIAN_POINT('Ctrl Pts',(23.7074490465359,-25.5851019069299,14.27541230239));
#10340=CARTESIAN_POINT('Ctrl Pts',(23.9114515691782,-25.1770968616452,13.2884851546086));
#10341=CARTESIAN_POINT('Ctrl Pts',(23.9621807649141,-25.0756384701735,12.7742006091528));
#10342=CARTESIAN_POINT('',(22.0000000000005,-29.0000000000007,16.));
#10343=CARTESIAN_POINT('Origin',(22.0000000000005,-29.0000000000007,12.));
#10344=CARTESIAN_POINT('Origin',(22.0000000000005,-29.0000000000007,12.));
#10345=CARTESIAN_POINT('Origin',(13.0000000000005,-29.0000000000007,12.));
#10346=CARTESIAN_POINT('',(-21.9999999999995,-29.0000000000006,16.));
#10347=CARTESIAN_POINT('Origin',(-21.9999999999995,-29.0000000000006,12.));
#10348=CARTESIAN_POINT('',(13.0000000000005,-29.0000000000007,16.));
#10349=CARTESIAN_POINT('Ctrl Pts',(-21.9999999999995,-29.0000000000006,
16.));
#10350=CARTESIAN_POINT('Ctrl Pts',(-22.3931476813844,-28.2137046372309,
16.));
#10351=CARTESIAN_POINT('Ctrl Pts',(-23.0469806054104,-26.9060387891788,
15.6011485322749));
#10352=CARTESIAN_POINT('Ctrl Pts',(-23.7074490465349,-25.5851019069299,
14.27541230239));
#10353=CARTESIAN_POINT('Ctrl Pts',(-23.9114515691772,-25.1770968616452,
13.2884851546087));
#10354=CARTESIAN_POINT('Ctrl Pts',(-23.9621807649131,-25.0756384701735,
12.7742006091528));
#10355=CARTESIAN_POINT('Ctrl Pts',(-21.9999999999995,-29.0000000000006,
16.));
#10356=CARTESIAN_POINT('Ctrl Pts',(-22.4680329540291,-28.2885899098757,
16.));
#10357=CARTESIAN_POINT('Ctrl Pts',(-23.2460798172611,-27.1045343268922,
15.6871995842118));
#10358=CARTESIAN_POINT('Ctrl Pts',(-24.1269512920628,-25.7331171443932,
14.5027155551113));
#10359=CARTESIAN_POINT('Ctrl Pts',(-24.4521166332824,-25.2268877392232,
13.4615756017199));
#10360=CARTESIAN_POINT('Ctrl Pts',(-24.5356618982375,-25.0971220262385,
12.8830990522032));
#10361=CARTESIAN_POINT('Ctrl Pts',(-21.9999999999995,-29.0000000000006,
16.));
#10362=CARTESIAN_POINT('Ctrl Pts',(-22.5990821811574,-28.419639137004,16.));
#10363=CARTESIAN_POINT('Ctrl Pts',(-23.5983957432214,-27.4518330538713,
15.7517062465348));
#10364=CARTESIAN_POINT('Ctrl Pts',(-24.861133308116,-26.2410389487232,14.690159255467));
#10365=CARTESIAN_POINT('Ctrl Pts',(-25.3918357040443,-25.7339152588697,
13.6120378788825));
#10366=CARTESIAN_POINT('Ctrl Pts',(-25.5296562620461,-25.602242044439,12.9795445028306));
#10367=CARTESIAN_POINT('Ctrl Pts',(-21.9999999999995,-29.0000000000006,
16.));
#10368=CARTESIAN_POINT('Ctrl Pts',(-22.7301314082857,-28.5506883641322,
16.));
#10369=CARTESIAN_POINT('Ctrl Pts',(-23.9464933605358,-27.8023880911387,
15.666465886667));
#10370=CARTESIAN_POINT('Ctrl Pts',(-25.304704557084,-26.9771551075461,14.44525305085));
#10371=CARTESIAN_POINT('Ctrl Pts',(-25.7860790217516,-26.682562219702,13.4177310373994));
#10372=CARTESIAN_POINT('Ctrl Pts',(-25.9082488627779,-26.6077083850938,
12.8558744414406));
#10373=CARTESIAN_POINT('Ctrl Pts',(-21.9999999999995,-29.0000000000006,
16.));
#10374=CARTESIAN_POINT('Ctrl Pts',(-22.7862953627692,-28.6068523186158,
16.));
#10375=CARTESIAN_POINT('Ctrl Pts',(-24.0939612108213,-27.9530193945897,
15.6011485322749));
#10376=CARTESIAN_POINT('Ctrl Pts',(-25.4148980930703,-27.2925509534653,
14.27541230239));
#10377=CARTESIAN_POINT('Ctrl Pts',(-25.822903138355,-27.0885484308229,13.2884851546086));
#10378=CARTESIAN_POINT('Ctrl Pts',(-25.9243615298267,-27.0378192350871,
12.7742006091528));
#10379=CARTESIAN_POINT('Origin',(-21.9999999999995,-29.0000000000006,12.));
#10380=CARTESIAN_POINT('Origin',(-21.9999999999995,-37.5000000000006,12.));
#10381=CARTESIAN_POINT('',(-21.9999999999995,-71.0000000000006,16.));
#10382=CARTESIAN_POINT('Origin',(-21.9999999999995,-71.0000000000006,12.));
#10383=CARTESIAN_POINT('',(-21.9999999999995,-37.5000000000006,16.));
#10384=CARTESIAN_POINT('Ctrl Pts',(22.0000000000005,-71.0000000000006,16.));
#10385=CARTESIAN_POINT('Ctrl Pts',(22.3931476813853,-71.7862953627703,16.));
#10386=CARTESIAN_POINT('Ctrl Pts',(23.0469597975015,-73.0939195950026,15.6010340726243));
#10387=CARTESIAN_POINT('Ctrl Pts',(23.7074336701129,-74.4148673402255,14.2753569562571));
#10388=CARTESIAN_POINT('Ctrl Pts',(23.9114515691782,-74.8229031383561,13.2884851546086));
#10389=CARTESIAN_POINT('Ctrl Pts',(23.9621807649141,-74.9243615298278,12.7742006091528));
#10390=CARTESIAN_POINT('Ctrl Pts',(22.0000000000005,-71.0000000000006,16.));
#10391=CARTESIAN_POINT('Ctrl Pts',(22.4680329540301,-71.7114100901256,16.));
#10392=CARTESIAN_POINT('Ctrl Pts',(23.2459377776901,-72.8951527583933,15.6870594521612));
#10393=CARTESIAN_POINT('Ctrl Pts',(24.1268499941516,-74.2666517392077,14.5026230666123));
#10394=CARTESIAN_POINT('Ctrl Pts',(24.4521166332834,-74.773112260778,13.4615756017199));
#10395=CARTESIAN_POINT('Ctrl Pts',(24.5356618982385,-74.9028779737628,12.8830990522032));
#10396=CARTESIAN_POINT('Ctrl Pts',(22.0000000000005,-71.0000000000006,16.));
#10397=CARTESIAN_POINT('Ctrl Pts',(22.5990821811584,-71.5803608629973,16.));
#10398=CARTESIAN_POINT('Ctrl Pts',(23.5983797164157,-72.5481731019518,15.7515353471998));
#10399=CARTESIAN_POINT('Ctrl Pts',(24.8611071929686,-73.7589481527063,14.6898699854314));
#10400=CARTESIAN_POINT('Ctrl Pts',(25.3917301592443,-74.2659577979407,13.6119920134994));
#10401=CARTESIAN_POINT('Ctrl Pts',(25.5295507172462,-74.3976310123714,12.9794986374476));
#10402=CARTESIAN_POINT('Ctrl Pts',(22.0000000000005,-71.0000000000006,16.));
#10403=CARTESIAN_POINT('Ctrl Pts',(22.7301314082866,-71.449311635869,16.));
#10404=CARTESIAN_POINT('Ctrl Pts',(23.9464013251834,-72.1976430713984,15.6663589189279));
#10405=CARTESIAN_POINT('Ctrl Pts',(25.3046346067403,-73.0228690620165,14.4451430616328));
#10406=CARTESIAN_POINT('Ctrl Pts',(25.7860790217525,-73.3174377802993,13.4177310373994));
#10407=CARTESIAN_POINT('Ctrl Pts',(25.9082488627789,-73.3922916149075,12.8558744414406));
#10408=CARTESIAN_POINT('Ctrl Pts',(22.0000000000005,-71.0000000000006,16.));
#10409=CARTESIAN_POINT('Ctrl Pts',(22.7862953627702,-71.3931476813855,16.));
#10410=CARTESIAN_POINT('Ctrl Pts',(24.0939195950024,-72.0469597975016,15.6010340726243));
#10411=CARTESIAN_POINT('Ctrl Pts',(25.4148673402254,-72.7074336701131,14.2753569562571));
#10412=CARTESIAN_POINT('Ctrl Pts',(25.8229031383559,-72.9114515691784,13.2884851546086));
#10413=CARTESIAN_POINT('Ctrl Pts',(25.9243615298277,-72.9621807649142,12.7742006091528));
#10414=CARTESIAN_POINT('',(22.0000000000005,-71.0000000000006,16.));
#10415=CARTESIAN_POINT('Origin',(22.0000000000005,-71.0000000000006,12.));
#10416=CARTESIAN_POINT('Origin',(22.0000000000005,-71.0000000000006,12.));
#10417=CARTESIAN_POINT('Ctrl Pts',(-21.9999999999995,-71.0000000000007,
16.));
#10418=CARTESIAN_POINT('Ctrl Pts',(-22.7862953627692,-71.3931476813855,
16.));
#10419=CARTESIAN_POINT('Ctrl Pts',(-24.0939195950015,-72.0469597975016,
15.6010340726243));
#10420=CARTESIAN_POINT('Ctrl Pts',(-25.4148673402244,-72.7074336701131,
14.2753569562571));
#10421=CARTESIAN_POINT('Ctrl Pts',(-25.822903138355,-72.9114515691784,13.2884851546086));
#10422=CARTESIAN_POINT('Ctrl Pts',(-25.9243615298267,-72.9621807649142,
12.7742006091528));
#10423=CARTESIAN_POINT('Ctrl Pts',(-21.9999999999995,-71.0000000000007,
16.));
#10424=CARTESIAN_POINT('Ctrl Pts',(-22.7114100901245,-71.4680329540302,
16.));
#10425=CARTESIAN_POINT('Ctrl Pts',(-23.8951527583922,-72.2459377776903,
15.6870594521612));
#10426=CARTESIAN_POINT('Ctrl Pts',(-25.2666517392066,-73.1268499941518,
14.5026230666123));
#10427=CARTESIAN_POINT('Ctrl Pts',(-25.7731122607769,-73.4521166332836,
13.4615756017199));
#10428=CARTESIAN_POINT('Ctrl Pts',(-25.9028779737617,-73.5356618982386,
12.8830990522032));
#10429=CARTESIAN_POINT('Ctrl Pts',(-21.9999999999995,-71.0000000000007,
16.));
#10430=CARTESIAN_POINT('Ctrl Pts',(-22.5803608629962,-71.5990821811585,
16.));
#10431=CARTESIAN_POINT('Ctrl Pts',(-23.5481731019506,-72.5983797164159,
15.7515353471998));
#10432=CARTESIAN_POINT('Ctrl Pts',(-24.7589481527052,-73.8611071929687,
14.6898699854314));
#10433=CARTESIAN_POINT('Ctrl Pts',(-25.2659577979395,-74.3917301592445,
13.6119920134994));
#10434=CARTESIAN_POINT('Ctrl Pts',(-25.3976310123702,-74.5295507172464,
12.9794986374476));
#10435=CARTESIAN_POINT('Ctrl Pts',(-21.9999999999995,-71.0000000000007,
16.));
#10436=CARTESIAN_POINT('Ctrl Pts',(-22.4493116358679,-71.7301314082868,
16.));
#10437=CARTESIAN_POINT('Ctrl Pts',(-23.1976430713973,-72.9464013251836,
15.6663589189279));
#10438=CARTESIAN_POINT('Ctrl Pts',(-24.0228690620154,-74.3046346067404,
14.4451430616328));
#10439=CARTESIAN_POINT('Ctrl Pts',(-24.3174377802982,-74.7860790217527,
13.4177310373994));
#10440=CARTESIAN_POINT('Ctrl Pts',(-24.3922916149064,-74.908248862779,12.8558744414406));
#10441=CARTESIAN_POINT('Ctrl Pts',(-21.9999999999995,-71.0000000000007,
16.));
#10442=CARTESIAN_POINT('Ctrl Pts',(-22.3931476813844,-71.7862953627704,
16.));
#10443=CARTESIAN_POINT('Ctrl Pts',(-23.0469597975005,-73.0939195950026,
15.6010340726243));
#10444=CARTESIAN_POINT('Ctrl Pts',(-23.707433670112,-74.4148673402255,14.2753569562571));
#10445=CARTESIAN_POINT('Ctrl Pts',(-23.9114515691772,-74.8229031383561,
13.2884851546086));
#10446=CARTESIAN_POINT('Ctrl Pts',(-23.9621807649131,-74.9243615298278,
12.7742006091528));
#10447=CARTESIAN_POINT('Origin',(-21.9999999999995,-71.0000000000006,12.));
#10448=CARTESIAN_POINT('Origin',(-12.9999999999995,-71.0000000000006,12.));
#10449=CARTESIAN_POINT('',(-12.9999999999995,-71.0000000000006,16.));
#10450=CARTESIAN_POINT('Origin',(22.0000000000005,-62.5000000000006,12.));
#10451=CARTESIAN_POINT('',(22.0000000000005,-62.5000000000006,16.));
#10452=CARTESIAN_POINT('Origin',(4.88498130835069E-13,-50.0000000000006,
16.));
#10453=CARTESIAN_POINT('',(-18.9999999999995,-30.0000000000007,16.));
#10454=CARTESIAN_POINT('',(19.0000000000005,-30.0000000000006,16.));
#10455=CARTESIAN_POINT('',(-20.9999999999995,-30.0000000000007,16.));
#10456=CARTESIAN_POINT('',(21.0000000000005,-32.0000000000007,16.));
#10457=CARTESIAN_POINT('Origin',(19.0000000000005,-32.0000000000007,16.));
#10458=CARTESIAN_POINT('',(21.0000000000005,-68.0000000000006,16.));
#10459=CARTESIAN_POINT('',(21.0000000000005,-30.0000000000006,16.));
#10460=CARTESIAN_POINT('',(19.0000000000005,-70.0000000000006,16.));
#10461=CARTESIAN_POINT('Origin',(19.0000000000005,-68.0000000000006,16.));
#10462=CARTESIAN_POINT('',(-18.9999999999995,-70.0000000000006,16.));
#10463=CARTESIAN_POINT('',(21.0000000000005,-70.0000000000006,16.));
#10464=CARTESIAN_POINT('',(-20.9999999999995,-68.0000000000007,16.));
#10465=CARTESIAN_POINT('Origin',(-18.9999999999995,-68.0000000000007,16.));
#10466=CARTESIAN_POINT('',(-20.9999999999995,-32.0000000000007,16.));
#10467=CARTESIAN_POINT('',(-20.9999999999995,-70.0000000000006,16.));
#10468=CARTESIAN_POINT('Origin',(-18.9999999999995,-32.0000000000007,16.));
#10469=CARTESIAN_POINT('Origin',(-18.9999999999995,-32.0000000000007,10.));
#10470=CARTESIAN_POINT('',(-18.9999999999995,-30.0000000000007,10.));
#10471=CARTESIAN_POINT('',(-20.9999999999995,-32.0000000000007,10.));
#10472=CARTESIAN_POINT('Origin',(-20.9999999999995,-30.0000000000007,10.));
#10473=CARTESIAN_POINT('',(19.0000000000005,-30.0000000000006,10.));
#10474=CARTESIAN_POINT('Origin',(19.0000000000005,-32.0000000000007,10.));
#10475=CARTESIAN_POINT('',(21.0000000000005,-32.0000000000007,10.));
#10476=CARTESIAN_POINT('Origin',(21.0000000000005,-30.0000000000006,10.));
#10477=CARTESIAN_POINT('',(21.0000000000005,-68.0000000000006,10.));
#10478=CARTESIAN_POINT('Origin',(19.0000000000005,-68.0000000000006,10.));
#10479=CARTESIAN_POINT('',(19.0000000000005,-70.0000000000006,10.));
#10480=CARTESIAN_POINT('Origin',(21.0000000000005,-70.0000000000006,10.));
#10481=CARTESIAN_POINT('',(-18.9999999999995,-70.0000000000006,10.));
#10482=CARTESIAN_POINT('Origin',(-18.9999999999995,-68.0000000000007,10.));
#10483=CARTESIAN_POINT('',(-20.9999999999995,-68.0000000000007,10.));
#10484=CARTESIAN_POINT('Origin',(-20.9999999999995,-70.0000000000006,10.));
#10485=CARTESIAN_POINT('Origin',(-11.,-61.,10.));
#10486=CARTESIAN_POINT('',(-11.,-63.,10.));
#10487=CARTESIAN_POINT('',(-13.,-61.,10.));
#10488=CARTESIAN_POINT('Origin',(13.,-63.,10.));
#10489=CARTESIAN_POINT('',(11.,-63.,10.));
#10490=CARTESIAN_POINT('',(0.000159729166768412,-63.,7.00000010430813));
#10491=CARTESIAN_POINT('',(0.000159729166767653,-63.,5.));
#10492=CARTESIAN_POINT('',(-4.0904200836445E-15,-63.,7.00000010430813));
#10493=CARTESIAN_POINT('',(6.75000000372529,-63.,7.00000010430813));
#10494=CARTESIAN_POINT('',(-3.33066907387547E-15,-63.,5.));
#10495=CARTESIAN_POINT('Origin',(11.,-61.,10.));
#10496=CARTESIAN_POINT('',(13.,-61.,10.));
#10497=CARTESIAN_POINT('Origin',(13.,-37.,10.));
#10498=CARTESIAN_POINT('',(13.,-39.,10.));
#10499=CARTESIAN_POINT('Origin',(11.,-39.,10.));
#10500=CARTESIAN_POINT('',(11.,-37.,10.));
#10501=CARTESIAN_POINT('Origin',(-13.,-37.,10.));
#10502=CARTESIAN_POINT('',(-11.,-37.,10.));
#10503=CARTESIAN_POINT('',(-2.49837924475294E-15,-37.,7.00000010430813));
#10504=CARTESIAN_POINT('',(-2.22044604925031E-15,-37.,5.));
#10505=CARTESIAN_POINT('',(0.00015972916676682,-37.,7.00000010430813));
#10506=CARTESIAN_POINT('',(-6.24999999627471,-37.,7.00000010430813));
#10507=CARTESIAN_POINT('',(0.000159729166766542,-37.,5.));
#10508=CARTESIAN_POINT('Origin',(-11.,-39.,10.));
#10509=CARTESIAN_POINT('',(-13.,-39.,10.));
#10510=CARTESIAN_POINT('Origin',(-13.,-63.,10.));
#10511=CARTESIAN_POINT('Origin',(-5.8326609736995E-15,-91.2545824275281,
0.));
#10512=CARTESIAN_POINT('',(0.,2.00000000000001,7.00000010430813));
#10513=CARTESIAN_POINT('',(0.,2.00000000000001,0.));
#10514=CARTESIAN_POINT('',(-5.759281940243E-15,-90.2545824275281,7.00000010430813));
#10515=CARTESIAN_POINT('Origin',(0.000159729166770155,-91.2545824275281,
0.));
#10516=CARTESIAN_POINT('',(0.000159729166764322,2.00000000000001,7.00000010430813));
#10517=CARTESIAN_POINT('',(0.000159729166770081,-90.2545824275281,7.00000010430813));
#10518=CARTESIAN_POINT('',(0.000159729166764322,2.00000000000001,0.));
#10519=CARTESIAN_POINT('Origin',(0.000159729166770155,-91.2545824275281,
0.));
#10520=CARTESIAN_POINT('',(0.000159729166770081,-90.2545824275281,7.00000010430813));
#10521=CARTESIAN_POINT('Origin',(0.500000007450581,-89.2545824275281,7.00000010430813));
#10522=CARTESIAN_POINT('',(-38.4999999962747,2.00000000000001,7.00000010430813));
#10523=CARTESIAN_POINT('Origin',(0.500000007450581,-89.2545824275281,7.00000010430813));
#10524=CARTESIAN_POINT('',(-5.759281940243E-15,-90.2545824275281,7.00000010430813));
#10525=CARTESIAN_POINT('Origin',(17.,-35.9032866310674,10.));
#10526=CARTESIAN_POINT('',(17.,-38.0000005661461,10.));
#10527=CARTESIAN_POINT('Origin',(12.,-33.,10.));
#10528=CARTESIAN_POINT('',(12.,-33.,10.));
#10529=CARTESIAN_POINT('Origin',(12.,-34.,10.));
#10530=CARTESIAN_POINT('',(12.,-35.,10.));
#10531=CARTESIAN_POINT('Origin',(14.0967133689326,-35.,10.));
#10532=CARTESIAN_POINT('Origin',(16.,-38.,10.));
#10533=CARTESIAN_POINT('Origin',(-17.,-64.0967133689326,10.));
#10534=CARTESIAN_POINT('',(-17.,-61.9999994338539,10.));
#10535=CARTESIAN_POINT('Origin',(-12.,-67.,10.));
#10536=CARTESIAN_POINT('',(-12.,-67.,10.));
#10537=CARTESIAN_POINT('Origin',(-12.,-66.,10.));
#10538=CARTESIAN_POINT('',(-12.,-65.,10.));
#10539=CARTESIAN_POINT('Origin',(-14.0967133689326,-65.,10.));
#10540=CARTESIAN_POINT('Origin',(-15.,-61.9999994337559,10.));
#10541=CARTESIAN_POINT('',(-15.,-61.9999994337559,10.));
#10542=CARTESIAN_POINT('Origin',(-16.,-62.,10.));
#10543=CARTESIAN_POINT('Origin',(-12.,-35.,10.));
#10544=CARTESIAN_POINT('',(-12.,-35.,10.));
#10545=CARTESIAN_POINT('Origin',(-12.,-34.,10.));
#10546=CARTESIAN_POINT('',(-12.,-33.,10.));
#10547=CARTESIAN_POINT('Origin',(-14.0967133689326,-33.,10.));
#10548=CARTESIAN_POINT('Origin',(-17.,-38.0000005662441,10.));
#10549=CARTESIAN_POINT('',(-17.0000002533197,-38.0000005662441,10.));
#10550=CARTESIAN_POINT('Origin',(-16.,-38.,10.));
#10551=CARTESIAN_POINT('',(-14.9999997466803,-38.0000005661464,10.));
#10552=CARTESIAN_POINT('Origin',(-15.,-35.9032866310674,10.));
#10553=CARTESIAN_POINT('Origin',(12.,-66.,10.));
#10554=CARTESIAN_POINT('',(12.,-67.,10.));
#10555=CARTESIAN_POINT('Origin',(14.0967133689326,-67.,10.));
#10556=CARTESIAN_POINT('Origin',(17.,-61.9999994337559,10.));
#10557=CARTESIAN_POINT('',(17.0000002533197,-61.9999994337559,10.));
#10558=CARTESIAN_POINT('Origin',(16.,-62.,10.));
#10559=CARTESIAN_POINT('',(14.9999997466803,-61.9999994338536,10.));
#10560=CARTESIAN_POINT('Origin',(15.,-64.0967133689326,10.));
#10561=CARTESIAN_POINT('Origin',(5.00007986458388,61.4999999999939,28.));
#10562=CARTESIAN_POINT('',(6.50007986458388,61.4999999999939,28.));
#10563=CARTESIAN_POINT('Origin',(-4.99992013541612,110.499999999994,28.));
#10564=CARTESIAN_POINT('',(-3.49992013541612,110.499999999994,28.));
#10565=CARTESIAN_POINT('',(-4.99992013541612,112.,28.));
#10566=CARTESIAN_POINT('Origin',(-4.99992013541612,61.4999999999939,28.));
#10567=CARTESIAN_POINT('',(-3.49992013541612,61.4999999999939,28.));
#10568=CARTESIAN_POINT('Origin',(5.00007986458388,110.499999999994,28.));
#10569=CARTESIAN_POINT('',(6.50007986458388,110.499999999994,28.));
#10570=CARTESIAN_POINT('',(5.00007986458388,112.,28.));
#10571=CARTESIAN_POINT('Origin',(-38.75,-44.627291213764,7.));
#10572=CARTESIAN_POINT('',(52.1251597291668,48.,7.));
#10573=CARTESIAN_POINT('',(72.5001597291668,53.,7.));
#10574=CARTESIAN_POINT('Origin',(70.5001597291668,53.,7.));
#10575=CARTESIAN_POINT('Origin',(-77.5,2.00000000000001,0.));
#10576=CARTESIAN_POINT('Origin',(-5.8326609736995E-15,-91.2545824275281,
0.));
#10577=CARTESIAN_POINT('Origin',(59.6327223505254,-79.4383105930514,0.));
#10578=CARTESIAN_POINT('',(59.6327223505254,-79.4383105930514,5.));
#10579=CARTESIAN_POINT('Origin',(75.5001597291668,2.19257809639525,0.));
#10580=CARTESIAN_POINT('Origin',(65.5001597291668,48.,0.));
#10581=CARTESIAN_POINT('Origin',(75.5001597291668,96.5,15.5));
#10582=CARTESIAN_POINT('Origin',(75.5001597291668,99.75,10.5));
#10583=CARTESIAN_POINT('',(75.5001597291668,99.75,10.5));
#10584=CARTESIAN_POINT('Origin',(75.5001597291668,101.5,10.5));
#10585=CARTESIAN_POINT('Origin',(75.5001597291668,101.5,15.5));
#10586=CARTESIAN_POINT('Origin',(75.5001597291668,75.5,15.5));
#10587=CARTESIAN_POINT('',(75.5001597291668,75.5,17.25));
#10588=CARTESIAN_POINT('',(75.5001597291668,75.5,13.75));
#10589=CARTESIAN_POINT('Origin',(75.5001597291668,72.2853571071357,17.25));
#10590=CARTESIAN_POINT('Origin',(75.5001597291668,68.75,10.5));
#10591=CARTESIAN_POINT('',(75.5001597291668,68.75,10.5));
#10592=CARTESIAN_POINT('Origin',(75.5001597291668,70.5,10.5));
#10593=CARTESIAN_POINT('Origin',(75.5001597291668,75.5,13.75));
#10594=CARTESIAN_POINT('Origin',(70.5001597291668,53.,0.));
#10595=CARTESIAN_POINT('',(72.5001597291668,53.,0.));
#10596=CARTESIAN_POINT('Origin',(53.7705414564044,-83.392401533407,0.));
#10597=CARTESIAN_POINT('',(55.7705414564044,-83.392401533407,0.));
#10598=CARTESIAN_POINT('Origin',(-75.500000164977,58.,9.99999725038102));
#10599=CARTESIAN_POINT('Origin',(-65.5,58.,0.));
#10600=CARTESIAN_POINT('Origin',(-59.6325626213587,-79.4383105930514,0.));
#10601=CARTESIAN_POINT('Origin',(-75.5,96.5,15.5));
#10602=CARTESIAN_POINT('',(-75.5,96.5,17.25));
#10603=CARTESIAN_POINT('Origin',(-75.5,99.75,10.5));
#10604=CARTESIAN_POINT('',(-75.5,99.75,10.5));
#10605=CARTESIAN_POINT('Origin',(-75.5,101.5,10.5));
#10606=CARTESIAN_POINT('',(-75.5,103.25,10.5));
#10607=CARTESIAN_POINT('Origin',(-75.5,103.25,13.7146428928643));
#10608=CARTESIAN_POINT('Origin',(-75.5,96.5,17.25));
#10609=CARTESIAN_POINT('Origin',(-75.5,75.5,15.5));
#10610=CARTESIAN_POINT('',(-75.5,75.5,13.75));
#10611=CARTESIAN_POINT('',(-75.5,75.5,17.25));
#10612=CARTESIAN_POINT('Origin',(-75.5,72.2853571071357,17.25));
#10613=CARTESIAN_POINT('Origin',(-75.5,68.75,10.5));
#10614=CARTESIAN_POINT('',(-75.5,68.75,10.5));
#10615=CARTESIAN_POINT('Origin',(-75.5,70.5,10.5));
#10616=CARTESIAN_POINT('Origin',(-75.5,75.5,13.75));
#10617=CARTESIAN_POINT('Origin',(-75.5,112.,0.));
#10618=CARTESIAN_POINT('',(0.0212756727573282,112.,0.));
#10619=CARTESIAN_POINT('Origin',(-38.75,-44.627291213764,0.));
#10620=CARTESIAN_POINT('Origin',(-70.5,53.,0.));
#10621=CARTESIAN_POINT('',(-72.5,53.,0.));
#10622=CARTESIAN_POINT('Origin',(-53.7703817272376,-83.392401533407,0.));
#10623=CARTESIAN_POINT('',(-55.7703817272376,-83.392401533407,0.));
#10624=UNCERTAINTY_MEASURE_WITH_UNIT(LENGTH_MEASURE(0.01),#10628,
'DISTANCE_ACCURACY_VALUE',
'Maximum model space distance between geometric entities at asserted c
onnectivities');
#10625=UNCERTAINTY_MEASURE_WITH_UNIT(LENGTH_MEASURE(0.01),#10628,
'DISTANCE_ACCURACY_VALUE',
'Maximum model space distance between geometric entities at asserted c
onnectivities');
#10626=(
GEOMETRIC_REPRESENTATION_CONTEXT(3)
GLOBAL_UNCERTAINTY_ASSIGNED_CONTEXT((#10624))
GLOBAL_UNIT_ASSIGNED_CONTEXT((#10628,#10630,#10631))
REPRESENTATION_CONTEXT('','3D')
);
#10627=(
GEOMETRIC_REPRESENTATION_CONTEXT(3)
GLOBAL_UNCERTAINTY_ASSIGNED_CONTEXT((#10625))
GLOBAL_UNIT_ASSIGNED_CONTEXT((#10628,#10630,#10631))
REPRESENTATION_CONTEXT('','3D')
);
#10628=(
LENGTH_UNIT()
NAMED_UNIT(*)
SI_UNIT(.MILLI.,.METRE.)
);
#10629=(
LENGTH_UNIT()
NAMED_UNIT(*)
SI_UNIT($,.METRE.)
);
#10630=(
NAMED_UNIT(*)
PLANE_ANGLE_UNIT()
SI_UNIT($,.RADIAN.)
);
#10631=(
NAMED_UNIT(*)
SI_UNIT($,.STERADIAN.)
SOLID_ANGLE_UNIT()
);
#10632=SHAPE_DEFINITION_REPRESENTATION(#10633,#10634);
#10633=PRODUCT_DEFINITION_SHAPE('',$,#10636);
#10634=SHAPE_REPRESENTATION('',(#5773),#10626);
#10635=PRODUCT_DEFINITION_CONTEXT('part definition',#10640,'design');
#10636=PRODUCT_DEFINITION('2026-06-20-15-35-20-089','surreptor_top',#10637,
#10635);
#10637=PRODUCT_DEFINITION_FORMATION('',$,#10642);
#10638=PRODUCT_RELATED_PRODUCT_CATEGORY('surreptor_top','surreptor_top',
(#10642));
#10639=APPLICATION_PROTOCOL_DEFINITION('international standard',
'automotive_design',2009,#10640);
#10640=APPLICATION_CONTEXT(
'Core Data for Automotive Mechanical Design Process');
#10641=PRODUCT_CONTEXT('part definition',#10640,'mechanical');
#10642=PRODUCT('2026-06-20-15-35-20-089','surreptor_top',$,(#10641));
#10643=PRESENTATION_STYLE_ASSIGNMENT((#10644));
#10644=SURFACE_STYLE_USAGE(.BOTH.,#10645);
#10645=SURFACE_SIDE_STYLE('',(#10646));
#10646=SURFACE_STYLE_FILL_AREA(#10647);
#10647=FILL_AREA_STYLE('Steel - Satin',(#10648));
#10648=FILL_AREA_STYLE_COLOUR('Steel - Satin',#10649);
#10649=COLOUR_RGB('Steel - Satin',0.627450980392157,0.627450980392157,0.627450980392157);
ENDSEC;
END-ISO-10303-21;
