ISO-10303-21;
HEADER;
/* Generated by software containing ST-Developer
 * from STEP Tools, Inc. (www.steptools.com) 
 */

FILE_DESCRIPTION(
/* description */ (''),
/* implementation_level */ '2;1');

FILE_NAME(
/* name */ 'surreptor_tire_lock.step',
/* time_stamp */ '2026-10-06T16:29:16+03:00',
/* author */ (''),
/* organization */ (''),
/* preprocessor_version */ 'ST-DEVELOPER v20.2',
/* originating_system */ 'Autodesk Translation Framework v15.15.0.0',
/* authorisation */ '');

FILE_SCHEMA (('AUTOMOTIVE_DESIGN { 1 0 10303 214 3 1 1 }'));
ENDSEC;

DATA;
#10=MECHANICAL_DESIGN_GEOMETRIC_PRESENTATION_REPRESENTATION('',(#13),#5180);
#11=SHAPE_REPRESENTATION_RELATIONSHIP('SRR','None',#5187,#12);
#12=ADVANCED_BREP_SHAPE_REPRESENTATION('',(#14),#5179);
#13=STYLED_ITEM('',(#5196),#14);
#14=MANIFOLD_SOLID_BREP('Body1',#2503);
#15=(
BOUNDED_SURFACE()
B_SPLINE_SURFACE(2,2,((#5130,#5131,#5132,#5133,#5134,#5135,#5136,#5137,
#5138),(#5139,#5140,#5141,#5142,#5143,#5144,#5145,#5146,#5147),(#5148,#5149,
#5150,#5151,#5152,#5153,#5154,#5155,#5156),(#5157,#5158,#5159,#5160,#5161,
#5162,#5163,#5164,#5165),(#5166,#5167,#5168,#5169,#5170,#5171,#5172,#5173,
#5174)),.UNSPECIFIED.,.F.,.T.,.F.)
B_SPLINE_SURFACE_WITH_KNOTS((3,2,3),(3,2,2,2,3),(1.09345094442123,2.11752179900551,
3.14159265358979),(-3.14159265358979,-1.5707963267949,0.,1.5707963267949,
3.14159265358979),.UNSPECIFIED.)
GEOMETRIC_REPRESENTATION_ITEM()
RATIONAL_B_SPLINE_SURFACE(((1.,0.707106781186548,1.,0.707106781186548,1.,
0.707106781186548,1.,0.707106781186548,1.),(0.871749051166159,0.616419665572529,
0.871749051166159,0.616419665572529,0.871749051166159,0.616419665572529,
0.871749051166159,0.616419665572529,0.871749051166159),(1.,0.707106781186548,
1.,0.707106781186548,1.,0.707106781186548,1.,0.707106781186548,1.),(0.871749051166139,
0.616419665572516,0.871749051166139,0.616419665572516,0.871749051166139,
0.616419665572516,0.871749051166139,0.616419665572516,0.871749051166139),
(1.,0.707106781186548,1.,0.707106781186548,1.,0.707106781186548,1.,0.707106781186548,
1.)))
REPRESENTATION_ITEM('')
SURFACE()
);
#16=CONICAL_SURFACE('',#2572,1.36213932429611,1.09345094442123);
#17=CYLINDRICAL_SURFACE('',#2567,2.9);
#18=TOROIDAL_SURFACE('',#2559,8.5,1.5);
#19=TOROIDAL_SURFACE('',#2564,3.9,1.);
#20=TOROIDAL_SURFACE('',#2569,1.9,1.);
#21=FACE_BOUND('',#348,.T.);
#22=FACE_BOUND('',#349,.T.);
#23=FACE_BOUND('',#350,.T.);
#24=FACE_BOUND('',#351,.T.);
#25=FACE_BOUND('',#352,.T.);
#26=FACE_BOUND('',#353,.T.);
#27=FACE_BOUND('',#354,.T.);
#28=FACE_BOUND('',#355,.T.);
#29=FACE_BOUND('',#358,.T.);
#30=CIRCLE('',#2558,8.5);
#31=CIRCLE('',#2560,8.5);
#32=CIRCLE('',#2561,1.5);
#33=CIRCLE('',#2563,3.9);
#34=CIRCLE('',#2565,1.);
#35=CIRCLE('',#2566,2.9);
#36=CIRCLE('',#2568,2.9);
#37=CIRCLE('',#2570,2.35942291887377);
#38=CIRCLE('',#2571,1.);
#39=CIRCLE('',#2573,0.364855729718441);
#40=CIRCLE('',#2574,0.25);
#41=PLANE('',#2517);
#42=PLANE('',#2518);
#43=PLANE('',#2519);
#44=PLANE('',#2520);
#45=PLANE('',#2521);
#46=PLANE('',#2522);
#47=PLANE('',#2523);
#48=PLANE('',#2524);
#49=PLANE('',#2525);
#50=PLANE('',#2526);
#51=PLANE('',#2527);
#52=PLANE('',#2528);
#53=PLANE('',#2529);
#54=PLANE('',#2530);
#55=PLANE('',#2531);
#56=PLANE('',#2532);
#57=PLANE('',#2533);
#58=PLANE('',#2534);
#59=PLANE('',#2535);
#60=PLANE('',#2536);
#61=PLANE('',#2537);
#62=PLANE('',#2538);
#63=PLANE('',#2539);
#64=PLANE('',#2540);
#65=PLANE('',#2541);
#66=PLANE('',#2542);
#67=PLANE('',#2543);
#68=PLANE('',#2544);
#69=PLANE('',#2545);
#70=PLANE('',#2546);
#71=PLANE('',#2547);
#72=PLANE('',#2548);
#73=PLANE('',#2549);
#74=PLANE('',#2550);
#75=PLANE('',#2551);
#76=PLANE('',#2552);
#77=PLANE('',#2553);
#78=PLANE('',#2554);
#79=PLANE('',#2555);
#80=PLANE('',#2556);
#81=PLANE('',#2557);
#82=PLANE('',#2562);
#83=FACE_OUTER_BOUND('',#219,.T.);
#84=FACE_OUTER_BOUND('',#220,.T.);
#85=FACE_OUTER_BOUND('',#221,.T.);
#86=FACE_OUTER_BOUND('',#222,.T.);
#87=FACE_OUTER_BOUND('',#223,.T.);
#88=FACE_OUTER_BOUND('',#224,.T.);
#89=FACE_OUTER_BOUND('',#225,.T.);
#90=FACE_OUTER_BOUND('',#226,.T.);
#91=FACE_OUTER_BOUND('',#227,.T.);
#92=FACE_OUTER_BOUND('',#228,.T.);
#93=FACE_OUTER_BOUND('',#229,.T.);
#94=FACE_OUTER_BOUND('',#230,.T.);
#95=FACE_OUTER_BOUND('',#231,.T.);
#96=FACE_OUTER_BOUND('',#232,.T.);
#97=FACE_OUTER_BOUND('',#233,.T.);
#98=FACE_OUTER_BOUND('',#234,.T.);
#99=FACE_OUTER_BOUND('',#235,.T.);
#100=FACE_OUTER_BOUND('',#236,.T.);
#101=FACE_OUTER_BOUND('',#237,.T.);
#102=FACE_OUTER_BOUND('',#238,.T.);
#103=FACE_OUTER_BOUND('',#239,.T.);
#104=FACE_OUTER_BOUND('',#240,.T.);
#105=FACE_OUTER_BOUND('',#241,.T.);
#106=FACE_OUTER_BOUND('',#242,.T.);
#107=FACE_OUTER_BOUND('',#243,.T.);
#108=FACE_OUTER_BOUND('',#244,.T.);
#109=FACE_OUTER_BOUND('',#245,.T.);
#110=FACE_OUTER_BOUND('',#246,.T.);
#111=FACE_OUTER_BOUND('',#247,.T.);
#112=FACE_OUTER_BOUND('',#248,.T.);
#113=FACE_OUTER_BOUND('',#249,.T.);
#114=FACE_OUTER_BOUND('',#250,.T.);
#115=FACE_OUTER_BOUND('',#251,.T.);
#116=FACE_OUTER_BOUND('',#252,.T.);
#117=FACE_OUTER_BOUND('',#253,.T.);
#118=FACE_OUTER_BOUND('',#254,.T.);
#119=FACE_OUTER_BOUND('',#255,.T.);
#120=FACE_OUTER_BOUND('',#256,.T.);
#121=FACE_OUTER_BOUND('',#257,.T.);
#122=FACE_OUTER_BOUND('',#258,.T.);
#123=FACE_OUTER_BOUND('',#259,.T.);
#124=FACE_OUTER_BOUND('',#260,.T.);
#125=FACE_OUTER_BOUND('',#261,.T.);
#126=FACE_OUTER_BOUND('',#262,.T.);
#127=FACE_OUTER_BOUND('',#263,.T.);
#128=FACE_OUTER_BOUND('',#264,.T.);
#129=FACE_OUTER_BOUND('',#265,.T.);
#130=FACE_OUTER_BOUND('',#266,.T.);
#131=FACE_OUTER_BOUND('',#267,.T.);
#132=FACE_OUTER_BOUND('',#268,.T.);
#133=FACE_OUTER_BOUND('',#269,.T.);
#134=FACE_OUTER_BOUND('',#270,.T.);
#135=FACE_OUTER_BOUND('',#271,.T.);
#136=FACE_OUTER_BOUND('',#272,.T.);
#137=FACE_OUTER_BOUND('',#273,.T.);
#138=FACE_OUTER_BOUND('',#274,.T.);
#139=FACE_OUTER_BOUND('',#275,.T.);
#140=FACE_OUTER_BOUND('',#276,.T.);
#141=FACE_OUTER_BOUND('',#277,.T.);
#142=FACE_OUTER_BOUND('',#278,.T.);
#143=FACE_OUTER_BOUND('',#279,.T.);
#144=FACE_OUTER_BOUND('',#280,.T.);
#145=FACE_OUTER_BOUND('',#281,.T.);
#146=FACE_OUTER_BOUND('',#282,.T.);
#147=FACE_OUTER_BOUND('',#283,.T.);
#148=FACE_OUTER_BOUND('',#284,.T.);
#149=FACE_OUTER_BOUND('',#285,.T.);
#150=FACE_OUTER_BOUND('',#286,.T.);
#151=FACE_OUTER_BOUND('',#287,.T.);
#152=FACE_OUTER_BOUND('',#288,.T.);
#153=FACE_OUTER_BOUND('',#289,.T.);
#154=FACE_OUTER_BOUND('',#290,.T.);
#155=FACE_OUTER_BOUND('',#291,.T.);
#156=FACE_OUTER_BOUND('',#292,.T.);
#157=FACE_OUTER_BOUND('',#293,.T.);
#158=FACE_OUTER_BOUND('',#294,.T.);
#159=FACE_OUTER_BOUND('',#295,.T.);
#160=FACE_OUTER_BOUND('',#296,.T.);
#161=FACE_OUTER_BOUND('',#297,.T.);
#162=FACE_OUTER_BOUND('',#298,.T.);
#163=FACE_OUTER_BOUND('',#299,.T.);
#164=FACE_OUTER_BOUND('',#300,.T.);
#165=FACE_OUTER_BOUND('',#301,.T.);
#166=FACE_OUTER_BOUND('',#302,.T.);
#167=FACE_OUTER_BOUND('',#303,.T.);
#168=FACE_OUTER_BOUND('',#304,.T.);
#169=FACE_OUTER_BOUND('',#305,.T.);
#170=FACE_OUTER_BOUND('',#306,.T.);
#171=FACE_OUTER_BOUND('',#307,.T.);
#172=FACE_OUTER_BOUND('',#308,.T.);
#173=FACE_OUTER_BOUND('',#309,.T.);
#174=FACE_OUTER_BOUND('',#310,.T.);
#175=FACE_OUTER_BOUND('',#311,.T.);
#176=FACE_OUTER_BOUND('',#312,.T.);
#177=FACE_OUTER_BOUND('',#313,.T.);
#178=FACE_OUTER_BOUND('',#314,.T.);
#179=FACE_OUTER_BOUND('',#315,.T.);
#180=FACE_OUTER_BOUND('',#316,.T.);
#181=FACE_OUTER_BOUND('',#317,.T.);
#182=FACE_OUTER_BOUND('',#318,.T.);
#183=FACE_OUTER_BOUND('',#319,.T.);
#184=FACE_OUTER_BOUND('',#320,.T.);
#185=FACE_OUTER_BOUND('',#321,.T.);
#186=FACE_OUTER_BOUND('',#322,.T.);
#187=FACE_OUTER_BOUND('',#323,.T.);
#188=FACE_OUTER_BOUND('',#324,.T.);
#189=FACE_OUTER_BOUND('',#325,.T.);
#190=FACE_OUTER_BOUND('',#326,.T.);
#191=FACE_OUTER_BOUND('',#327,.T.);
#192=FACE_OUTER_BOUND('',#328,.T.);
#193=FACE_OUTER_BOUND('',#329,.T.);
#194=FACE_OUTER_BOUND('',#330,.T.);
#195=FACE_OUTER_BOUND('',#331,.T.);
#196=FACE_OUTER_BOUND('',#332,.T.);
#197=FACE_OUTER_BOUND('',#333,.T.);
#198=FACE_OUTER_BOUND('',#334,.T.);
#199=FACE_OUTER_BOUND('',#335,.T.);
#200=FACE_OUTER_BOUND('',#336,.T.);
#201=FACE_OUTER_BOUND('',#337,.T.);
#202=FACE_OUTER_BOUND('',#338,.T.);
#203=FACE_OUTER_BOUND('',#339,.T.);
#204=FACE_OUTER_BOUND('',#340,.T.);
#205=FACE_OUTER_BOUND('',#341,.T.);
#206=FACE_OUTER_BOUND('',#342,.T.);
#207=FACE_OUTER_BOUND('',#343,.T.);
#208=FACE_OUTER_BOUND('',#344,.T.);
#209=FACE_OUTER_BOUND('',#345,.T.);
#210=FACE_OUTER_BOUND('',#346,.T.);
#211=FACE_OUTER_BOUND('',#347,.T.);
#212=FACE_OUTER_BOUND('',#356,.T.);
#213=FACE_OUTER_BOUND('',#357,.T.);
#214=FACE_OUTER_BOUND('',#359,.T.);
#215=FACE_OUTER_BOUND('',#360,.T.);
#216=FACE_OUTER_BOUND('',#361,.T.);
#217=FACE_OUTER_BOUND('',#362,.T.);
#218=FACE_OUTER_BOUND('',#363,.T.);
#219=EDGE_LOOP('',(#1533,#1534,#1535,#1536));
#220=EDGE_LOOP('',(#1537,#1538,#1539,#1540));
#221=EDGE_LOOP('',(#1541,#1542,#1543,#1544));
#222=EDGE_LOOP('',(#1545,#1546,#1547,#1548));
#223=EDGE_LOOP('',(#1549,#1550,#1551,#1552));
#224=EDGE_LOOP('',(#1553,#1554,#1555,#1556));
#225=EDGE_LOOP('',(#1557,#1558,#1559,#1560));
#226=EDGE_LOOP('',(#1561,#1562,#1563,#1564));
#227=EDGE_LOOP('',(#1565,#1566,#1567,#1568));
#228=EDGE_LOOP('',(#1569,#1570,#1571,#1572));
#229=EDGE_LOOP('',(#1573,#1574,#1575,#1576));
#230=EDGE_LOOP('',(#1577,#1578,#1579,#1580));
#231=EDGE_LOOP('',(#1581,#1582,#1583,#1584));
#232=EDGE_LOOP('',(#1585,#1586,#1587,#1588));
#233=EDGE_LOOP('',(#1589,#1590,#1591,#1592));
#234=EDGE_LOOP('',(#1593,#1594,#1595,#1596));
#235=EDGE_LOOP('',(#1597,#1598,#1599,#1600));
#236=EDGE_LOOP('',(#1601,#1602,#1603,#1604));
#237=EDGE_LOOP('',(#1605,#1606,#1607,#1608));
#238=EDGE_LOOP('',(#1609,#1610,#1611,#1612));
#239=EDGE_LOOP('',(#1613,#1614,#1615,#1616));
#240=EDGE_LOOP('',(#1617,#1618,#1619,#1620));
#241=EDGE_LOOP('',(#1621,#1622,#1623,#1624));
#242=EDGE_LOOP('',(#1625,#1626,#1627,#1628));
#243=EDGE_LOOP('',(#1629,#1630,#1631,#1632));
#244=EDGE_LOOP('',(#1633,#1634,#1635,#1636));
#245=EDGE_LOOP('',(#1637,#1638,#1639,#1640));
#246=EDGE_LOOP('',(#1641,#1642,#1643,#1644));
#247=EDGE_LOOP('',(#1645,#1646,#1647,#1648));
#248=EDGE_LOOP('',(#1649,#1650,#1651,#1652));
#249=EDGE_LOOP('',(#1653,#1654,#1655,#1656));
#250=EDGE_LOOP('',(#1657,#1658,#1659,#1660));
#251=EDGE_LOOP('',(#1661,#1662,#1663,#1664));
#252=EDGE_LOOP('',(#1665,#1666,#1667,#1668));
#253=EDGE_LOOP('',(#1669,#1670,#1671,#1672));
#254=EDGE_LOOP('',(#1673,#1674,#1675,#1676,#1677,#1678,#1679,#1680,#1681,
#1682,#1683,#1684,#1685,#1686,#1687,#1688,#1689,#1690,#1691,#1692,#1693,
#1694,#1695,#1696,#1697,#1698,#1699,#1700,#1701,#1702,#1703,#1704,#1705,
#1706,#1707));
#255=EDGE_LOOP('',(#1708,#1709,#1710,#1711));
#256=EDGE_LOOP('',(#1712,#1713,#1714,#1715));
#257=EDGE_LOOP('',(#1716,#1717,#1718,#1719));
#258=EDGE_LOOP('',(#1720,#1721,#1722,#1723));
#259=EDGE_LOOP('',(#1724,#1725,#1726,#1727));
#260=EDGE_LOOP('',(#1728,#1729,#1730,#1731));
#261=EDGE_LOOP('',(#1732,#1733,#1734,#1735));
#262=EDGE_LOOP('',(#1736,#1737,#1738,#1739));
#263=EDGE_LOOP('',(#1740,#1741,#1742,#1743));
#264=EDGE_LOOP('',(#1744,#1745,#1746,#1747));
#265=EDGE_LOOP('',(#1748,#1749,#1750,#1751));
#266=EDGE_LOOP('',(#1752,#1753,#1754,#1755));
#267=EDGE_LOOP('',(#1756,#1757,#1758,#1759));
#268=EDGE_LOOP('',(#1760,#1761,#1762,#1763));
#269=EDGE_LOOP('',(#1764,#1765,#1766,#1767));
#270=EDGE_LOOP('',(#1768,#1769,#1770,#1771));
#271=EDGE_LOOP('',(#1772,#1773,#1774,#1775));
#272=EDGE_LOOP('',(#1776,#1777,#1778,#1779));
#273=EDGE_LOOP('',(#1780,#1781,#1782,#1783));
#274=EDGE_LOOP('',(#1784,#1785,#1786,#1787));
#275=EDGE_LOOP('',(#1788,#1789,#1790,#1791));
#276=EDGE_LOOP('',(#1792,#1793,#1794,#1795));
#277=EDGE_LOOP('',(#1796,#1797,#1798,#1799));
#278=EDGE_LOOP('',(#1800,#1801,#1802,#1803));
#279=EDGE_LOOP('',(#1804,#1805,#1806,#1807));
#280=EDGE_LOOP('',(#1808,#1809,#1810,#1811));
#281=EDGE_LOOP('',(#1812,#1813,#1814,#1815));
#282=EDGE_LOOP('',(#1816,#1817,#1818,#1819));
#283=EDGE_LOOP('',(#1820,#1821,#1822,#1823));
#284=EDGE_LOOP('',(#1824,#1825,#1826,#1827));
#285=EDGE_LOOP('',(#1828,#1829,#1830,#1831));
#286=EDGE_LOOP('',(#1832,#1833,#1834,#1835));
#287=EDGE_LOOP('',(#1836,#1837,#1838,#1839));
#288=EDGE_LOOP('',(#1840,#1841,#1842,#1843));
#289=EDGE_LOOP('',(#1844,#1845,#1846,#1847));
#290=EDGE_LOOP('',(#1848,#1849,#1850,#1851));
#291=EDGE_LOOP('',(#1852,#1853,#1854,#1855));
#292=EDGE_LOOP('',(#1856,#1857,#1858,#1859));
#293=EDGE_LOOP('',(#1860,#1861,#1862,#1863));
#294=EDGE_LOOP('',(#1864,#1865,#1866,#1867));
#295=EDGE_LOOP('',(#1868,#1869,#1870,#1871));
#296=EDGE_LOOP('',(#1872,#1873,#1874,#1875));
#297=EDGE_LOOP('',(#1876,#1877,#1878,#1879));
#298=EDGE_LOOP('',(#1880,#1881,#1882,#1883));
#299=EDGE_LOOP('',(#1884,#1885,#1886,#1887));
#300=EDGE_LOOP('',(#1888,#1889,#1890,#1891,#1892,#1893,#1894,#1895,#1896,
#1897,#1898,#1899,#1900,#1901,#1902,#1903,#1904,#1905,#1906,#1907,#1908,
#1909,#1910,#1911,#1912,#1913,#1914,#1915,#1916,#1917,#1918,#1919,#1920,
#1921,#1922));
#301=EDGE_LOOP('',(#1923,#1924,#1925,#1926));
#302=EDGE_LOOP('',(#1927,#1928,#1929,#1930));
#303=EDGE_LOOP('',(#1931,#1932,#1933,#1934));
#304=EDGE_LOOP('',(#1935,#1936,#1937,#1938));
#305=EDGE_LOOP('',(#1939,#1940,#1941,#1942));
#306=EDGE_LOOP('',(#1943,#1944,#1945,#1946));
#307=EDGE_LOOP('',(#1947,#1948,#1949,#1950));
#308=EDGE_LOOP('',(#1951,#1952,#1953,#1954));
#309=EDGE_LOOP('',(#1955,#1956,#1957,#1958));
#310=EDGE_LOOP('',(#1959,#1960,#1961,#1962));
#311=EDGE_LOOP('',(#1963,#1964,#1965,#1966));
#312=EDGE_LOOP('',(#1967,#1968,#1969,#1970));
#313=EDGE_LOOP('',(#1971,#1972,#1973,#1974));
#314=EDGE_LOOP('',(#1975,#1976,#1977,#1978));
#315=EDGE_LOOP('',(#1979,#1980,#1981,#1982));
#316=EDGE_LOOP('',(#1983,#1984,#1985,#1986));
#317=EDGE_LOOP('',(#1987,#1988,#1989,#1990));
#318=EDGE_LOOP('',(#1991,#1992,#1993,#1994,#1995,#1996,#1997,#1998,#1999,
#2000,#2001,#2002,#2003,#2004,#2005,#2006,#2007));
#319=EDGE_LOOP('',(#2008,#2009,#2010,#2011));
#320=EDGE_LOOP('',(#2012,#2013,#2014,#2015));
#321=EDGE_LOOP('',(#2016,#2017,#2018,#2019));
#322=EDGE_LOOP('',(#2020,#2021,#2022,#2023));
#323=EDGE_LOOP('',(#2024,#2025,#2026,#2027));
#324=EDGE_LOOP('',(#2028,#2029,#2030,#2031));
#325=EDGE_LOOP('',(#2032,#2033,#2034,#2035));
#326=EDGE_LOOP('',(#2036,#2037,#2038,#2039));
#327=EDGE_LOOP('',(#2040,#2041,#2042,#2043));
#328=EDGE_LOOP('',(#2044,#2045,#2046,#2047));
#329=EDGE_LOOP('',(#2048,#2049,#2050,#2051));
#330=EDGE_LOOP('',(#2052,#2053,#2054,#2055));
#331=EDGE_LOOP('',(#2056,#2057,#2058,#2059));
#332=EDGE_LOOP('',(#2060,#2061,#2062,#2063));
#333=EDGE_LOOP('',(#2064,#2065,#2066,#2067));
#334=EDGE_LOOP('',(#2068,#2069,#2070,#2071));
#335=EDGE_LOOP('',(#2072,#2073,#2074,#2075));
#336=EDGE_LOOP('',(#2076,#2077,#2078,#2079));
#337=EDGE_LOOP('',(#2080,#2081,#2082,#2083));
#338=EDGE_LOOP('',(#2084,#2085,#2086,#2087));
#339=EDGE_LOOP('',(#2088,#2089,#2090,#2091));
#340=EDGE_LOOP('',(#2092,#2093,#2094,#2095));
#341=EDGE_LOOP('',(#2096,#2097,#2098,#2099,#2100,#2101,#2102,#2103,#2104,
#2105,#2106,#2107,#2108,#2109,#2110,#2111,#2112));
#342=EDGE_LOOP('',(#2113,#2114,#2115,#2116));
#343=EDGE_LOOP('',(#2117,#2118,#2119,#2120));
#344=EDGE_LOOP('',(#2121,#2122,#2123,#2124));
#345=EDGE_LOOP('',(#2125,#2126,#2127,#2128));
#346=EDGE_LOOP('',(#2129,#2130,#2131,#2132));
#347=EDGE_LOOP('',(#2133));
#348=EDGE_LOOP('',(#2134,#2135,#2136,#2137));
#349=EDGE_LOOP('',(#2138,#2139,#2140,#2141,#2142,#2143,#2144,#2145,#2146,
#2147,#2148,#2149,#2150,#2151,#2152,#2153,#2154));
#350=EDGE_LOOP('',(#2155,#2156,#2157,#2158));
#351=EDGE_LOOP('',(#2159,#2160,#2161,#2162,#2163,#2164,#2165,#2166,#2167,
#2168,#2169,#2170,#2171,#2172,#2173,#2174,#2175));
#352=EDGE_LOOP('',(#2176,#2177,#2178,#2179,#2180,#2181,#2182,#2183,#2184,
#2185,#2186,#2187,#2188,#2189,#2190,#2191,#2192,#2193,#2194,#2195,#2196,
#2197,#2198,#2199,#2200,#2201,#2202,#2203,#2204,#2205,#2206,#2207,#2208,
#2209,#2210));
#353=EDGE_LOOP('',(#2211,#2212,#2213,#2214));
#354=EDGE_LOOP('',(#2215,#2216,#2217,#2218));
#355=EDGE_LOOP('',(#2219,#2220,#2221,#2222,#2223,#2224,#2225,#2226,#2227,
#2228,#2229,#2230,#2231,#2232,#2233,#2234,#2235,#2236,#2237,#2238,#2239,
#2240,#2241,#2242,#2243,#2244,#2245,#2246,#2247,#2248,#2249,#2250,#2251,
#2252,#2253));
#356=EDGE_LOOP('',(#2254,#2255,#2256,#2257));
#357=EDGE_LOOP('',(#2258));
#358=EDGE_LOOP('',(#2259));
#359=EDGE_LOOP('',(#2260,#2261,#2262,#2263));
#360=EDGE_LOOP('',(#2264,#2265,#2266,#2267));
#361=EDGE_LOOP('',(#2268,#2269,#2270,#2271));
#362=EDGE_LOOP('',(#2272,#2273,#2274,#2275));
#363=EDGE_LOOP('',(#2276,#2277,#2278));
#364=LINE('',#2898,#550);
#365=LINE('',#2905,#551);
#366=LINE('',#2923,#552);
#367=LINE('',#2946,#553);
#368=LINE('',#2969,#554);
#369=LINE('',#2992,#555);
#370=LINE('',#3015,#556);
#371=LINE('',#3038,#557);
#372=LINE('',#3061,#558);
#373=LINE('',#3084,#559);
#374=LINE('',#3107,#560);
#375=LINE('',#3130,#561);
#376=LINE('',#3153,#562);
#377=LINE('',#3176,#563);
#378=LINE('',#3199,#564);
#379=LINE('',#3207,#565);
#380=LINE('',#3209,#566);
#381=LINE('',#3210,#567);
#382=LINE('',#3228,#568);
#383=LINE('',#3251,#569);
#384=LINE('',#3274,#570);
#385=LINE('',#3297,#571);
#386=LINE('',#3320,#572);
#387=LINE('',#3343,#573);
#388=LINE('',#3366,#574);
#389=LINE('',#3389,#575);
#390=LINE('',#3412,#576);
#391=LINE('',#3435,#577);
#392=LINE('',#3458,#578);
#393=LINE('',#3481,#579);
#394=LINE('',#3504,#580);
#395=LINE('',#3527,#581);
#396=LINE('',#3550,#582);
#397=LINE('',#3573,#583);
#398=LINE('',#3596,#584);
#399=LINE('',#3619,#585);
#400=LINE('',#3627,#586);
#401=LINE('',#3629,#587);
#402=LINE('',#3630,#588);
#403=LINE('',#3655,#589);
#404=LINE('',#3657,#590);
#405=LINE('',#3659,#591);
#406=LINE('',#3660,#592);
#407=LINE('',#3663,#593);
#408=LINE('',#3665,#594);
#409=LINE('',#3666,#595);
#410=LINE('',#3669,#596);
#411=LINE('',#3671,#597);
#412=LINE('',#3672,#598);
#413=LINE('',#3674,#599);
#414=LINE('',#3675,#600);
#415=LINE('',#3680,#601);
#416=LINE('',#3682,#602);
#417=LINE('',#3684,#603);
#418=LINE('',#3685,#604);
#419=LINE('',#3688,#605);
#420=LINE('',#3690,#606);
#421=LINE('',#3691,#607);
#422=LINE('',#3694,#608);
#423=LINE('',#3696,#609);
#424=LINE('',#3697,#610);
#425=LINE('',#3699,#611);
#426=LINE('',#3700,#612);
#427=LINE('',#3720,#613);
#428=LINE('',#3727,#614);
#429=LINE('',#3745,#615);
#430=LINE('',#3768,#616);
#431=LINE('',#3791,#617);
#432=LINE('',#3814,#618);
#433=LINE('',#3837,#619);
#434=LINE('',#3860,#620);
#435=LINE('',#3883,#621);
#436=LINE('',#3906,#622);
#437=LINE('',#3929,#623);
#438=LINE('',#3952,#624);
#439=LINE('',#3975,#625);
#440=LINE('',#3998,#626);
#441=LINE('',#4021,#627);
#442=LINE('',#4029,#628);
#443=LINE('',#4031,#629);
#444=LINE('',#4032,#630);
#445=LINE('',#4050,#631);
#446=LINE('',#4073,#632);
#447=LINE('',#4096,#633);
#448=LINE('',#4119,#634);
#449=LINE('',#4142,#635);
#450=LINE('',#4165,#636);
#451=LINE('',#4188,#637);
#452=LINE('',#4211,#638);
#453=LINE('',#4234,#639);
#454=LINE('',#4257,#640);
#455=LINE('',#4280,#641);
#456=LINE('',#4303,#642);
#457=LINE('',#4326,#643);
#458=LINE('',#4349,#644);
#459=LINE('',#4372,#645);
#460=LINE('',#4395,#646);
#461=LINE('',#4418,#647);
#462=LINE('',#4441,#648);
#463=LINE('',#4449,#649);
#464=LINE('',#4451,#650);
#465=LINE('',#4452,#651);
#466=LINE('',#4492,#652);
#467=LINE('',#4499,#653);
#468=LINE('',#4517,#654);
#469=LINE('',#4540,#655);
#470=LINE('',#4563,#656);
#471=LINE('',#4586,#657);
#472=LINE('',#4594,#658);
#473=LINE('',#4596,#659);
#474=LINE('',#4597,#660);
#475=LINE('',#4600,#661);
#476=LINE('',#4602,#662);
#477=LINE('',#4603,#663);
#478=LINE('',#4606,#664);
#479=LINE('',#4608,#665);
#480=LINE('',#4609,#666);
#481=LINE('',#4627,#667);
#482=LINE('',#4650,#668);
#483=LINE('',#4673,#669);
#484=LINE('',#4696,#670);
#485=LINE('',#4719,#671);
#486=LINE('',#4742,#672);
#487=LINE('',#4750,#673);
#488=LINE('',#4752,#674);
#489=LINE('',#4753,#675);
#490=LINE('',#4756,#676);
#491=LINE('',#4758,#677);
#492=LINE('',#4759,#678);
#493=LINE('',#4761,#679);
#494=LINE('',#4762,#680);
#495=LINE('',#4767,#681);
#496=LINE('',#4769,#682);
#497=LINE('',#4771,#683);
#498=LINE('',#4772,#684);
#499=LINE('',#4775,#685);
#500=LINE('',#4777,#686);
#501=LINE('',#4778,#687);
#502=LINE('',#4781,#688);
#503=LINE('',#4783,#689);
#504=LINE('',#4784,#690);
#505=LINE('',#4786,#691);
#506=LINE('',#4787,#692);
#507=LINE('',#4807,#693);
#508=LINE('',#4814,#694);
#509=LINE('',#4832,#695);
#510=LINE('',#4855,#696);
#511=LINE('',#4878,#697);
#512=LINE('',#4901,#698);
#513=LINE('',#4909,#699);
#514=LINE('',#4911,#700);
#515=LINE('',#4912,#701);
#516=LINE('',#4915,#702);
#517=LINE('',#4917,#703);
#518=LINE('',#4918,#704);
#519=LINE('',#4921,#705);
#520=LINE('',#4923,#706);
#521=LINE('',#4924,#707);
#522=LINE('',#4942,#708);
#523=LINE('',#4965,#709);
#524=LINE('',#4988,#710);
#525=LINE('',#5011,#711);
#526=LINE('',#5034,#712);
#527=LINE('',#5057,#713);
#528=LINE('',#5065,#714);
#529=LINE('',#5067,#715);
#530=LINE('',#5068,#716);
#531=LINE('',#5071,#717);
#532=LINE('',#5073,#718);
#533=LINE('',#5074,#719);
#534=LINE('',#5076,#720);
#535=LINE('',#5077,#721);
#536=LINE('',#5082,#722);
#537=LINE('',#5084,#723);
#538=LINE('',#5086,#724);
#539=LINE('',#5087,#725);
#540=LINE('',#5090,#726);
#541=LINE('',#5092,#727);
#542=LINE('',#5093,#728);
#543=LINE('',#5096,#729);
#544=LINE('',#5098,#730);
#545=LINE('',#5099,#731);
#546=LINE('',#5101,#732);
#547=LINE('',#5102,#733);
#548=LINE('',#5121,#734);
#549=LINE('',#5129,#735);
#550=VECTOR('',#2577,10.);
#551=VECTOR('',#2578,10.);
#552=VECTOR('',#2579,10.);
#553=VECTOR('',#2580,10.);
#554=VECTOR('',#2581,10.);
#555=VECTOR('',#2582,10.);
#556=VECTOR('',#2583,10.);
#557=VECTOR('',#2584,10.);
#558=VECTOR('',#2585,10.);
#559=VECTOR('',#2586,10.);
#560=VECTOR('',#2587,10.);
#561=VECTOR('',#2588,10.);
#562=VECTOR('',#2589,10.);
#563=VECTOR('',#2590,10.);
#564=VECTOR('',#2591,10.);
#565=VECTOR('',#2594,10.);
#566=VECTOR('',#2595,10.);
#567=VECTOR('',#2596,10.);
#568=VECTOR('',#2597,10.);
#569=VECTOR('',#2598,10.);
#570=VECTOR('',#2599,10.);
#571=VECTOR('',#2600,10.);
#572=VECTOR('',#2601,10.);
#573=VECTOR('',#2602,10.);
#574=VECTOR('',#2603,10.);
#575=VECTOR('',#2604,10.);
#576=VECTOR('',#2605,10.);
#577=VECTOR('',#2606,10.);
#578=VECTOR('',#2607,10.);
#579=VECTOR('',#2608,10.);
#580=VECTOR('',#2609,10.);
#581=VECTOR('',#2610,10.);
#582=VECTOR('',#2611,10.);
#583=VECTOR('',#2612,10.);
#584=VECTOR('',#2613,10.);
#585=VECTOR('',#2614,10.);
#586=VECTOR('',#2617,10.);
#587=VECTOR('',#2618,10.);
#588=VECTOR('',#2619,10.);
#589=VECTOR('',#2624,10.);
#590=VECTOR('',#2625,10.);
#591=VECTOR('',#2626,10.);
#592=VECTOR('',#2627,10.);
#593=VECTOR('',#2630,10.);
#594=VECTOR('',#2631,10.);
#595=VECTOR('',#2632,10.);
#596=VECTOR('',#2635,10.);
#597=VECTOR('',#2636,10.);
#598=VECTOR('',#2637,10.);
#599=VECTOR('',#2640,10.);
#600=VECTOR('',#2641,10.);
#601=VECTOR('',#2646,10.);
#602=VECTOR('',#2647,10.);
#603=VECTOR('',#2648,10.);
#604=VECTOR('',#2649,10.);
#605=VECTOR('',#2652,10.);
#606=VECTOR('',#2653,10.);
#607=VECTOR('',#2654,10.);
#608=VECTOR('',#2657,10.);
#609=VECTOR('',#2658,10.);
#610=VECTOR('',#2659,10.);
#611=VECTOR('',#2662,10.);
#612=VECTOR('',#2663,10.);
#613=VECTOR('',#2666,10.);
#614=VECTOR('',#2667,10.);
#615=VECTOR('',#2668,10.);
#616=VECTOR('',#2669,10.);
#617=VECTOR('',#2670,10.);
#618=VECTOR('',#2671,10.);
#619=VECTOR('',#2672,10.);
#620=VECTOR('',#2673,10.);
#621=VECTOR('',#2674,10.);
#622=VECTOR('',#2675,10.);
#623=VECTOR('',#2676,10.);
#624=VECTOR('',#2677,10.);
#625=VECTOR('',#2678,10.);
#626=VECTOR('',#2679,10.);
#627=VECTOR('',#2680,10.);
#628=VECTOR('',#2683,10.);
#629=VECTOR('',#2684,10.);
#630=VECTOR('',#2685,10.);
#631=VECTOR('',#2686,10.);
#632=VECTOR('',#2687,10.);
#633=VECTOR('',#2688,10.);
#634=VECTOR('',#2689,10.);
#635=VECTOR('',#2690,10.);
#636=VECTOR('',#2691,10.);
#637=VECTOR('',#2692,10.);
#638=VECTOR('',#2693,10.);
#639=VECTOR('',#2694,10.);
#640=VECTOR('',#2695,10.);
#641=VECTOR('',#2696,10.);
#642=VECTOR('',#2697,10.);
#643=VECTOR('',#2698,10.);
#644=VECTOR('',#2699,10.);
#645=VECTOR('',#2700,10.);
#646=VECTOR('',#2701,10.);
#647=VECTOR('',#2702,10.);
#648=VECTOR('',#2703,10.);
#649=VECTOR('',#2706,10.);
#650=VECTOR('',#2707,10.);
#651=VECTOR('',#2708,10.);
#652=VECTOR('',#2711,10.);
#653=VECTOR('',#2712,10.);
#654=VECTOR('',#2713,10.);
#655=VECTOR('',#2714,10.);
#656=VECTOR('',#2715,10.);
#657=VECTOR('',#2716,10.);
#658=VECTOR('',#2719,10.);
#659=VECTOR('',#2720,10.);
#660=VECTOR('',#2721,10.);
#661=VECTOR('',#2724,10.);
#662=VECTOR('',#2725,10.);
#663=VECTOR('',#2726,10.);
#664=VECTOR('',#2729,10.);
#665=VECTOR('',#2730,10.);
#666=VECTOR('',#2731,10.);
#667=VECTOR('',#2732,10.);
#668=VECTOR('',#2733,10.);
#669=VECTOR('',#2734,10.);
#670=VECTOR('',#2735,10.);
#671=VECTOR('',#2736,10.);
#672=VECTOR('',#2737,10.);
#673=VECTOR('',#2740,10.);
#674=VECTOR('',#2741,10.);
#675=VECTOR('',#2742,10.);
#676=VECTOR('',#2745,10.);
#677=VECTOR('',#2746,10.);
#678=VECTOR('',#2747,10.);
#679=VECTOR('',#2750,10.);
#680=VECTOR('',#2751,10.);
#681=VECTOR('',#2756,10.);
#682=VECTOR('',#2757,10.);
#683=VECTOR('',#2758,10.);
#684=VECTOR('',#2759,10.);
#685=VECTOR('',#2762,10.);
#686=VECTOR('',#2763,10.);
#687=VECTOR('',#2764,10.);
#688=VECTOR('',#2767,10.);
#689=VECTOR('',#2768,10.);
#690=VECTOR('',#2769,10.);
#691=VECTOR('',#2772,10.);
#692=VECTOR('',#2773,10.);
#693=VECTOR('',#2776,10.);
#694=VECTOR('',#2777,10.);
#695=VECTOR('',#2778,10.);
#696=VECTOR('',#2779,10.);
#697=VECTOR('',#2780,10.);
#698=VECTOR('',#2781,10.);
#699=VECTOR('',#2784,10.);
#700=VECTOR('',#2785,10.);
#701=VECTOR('',#2786,10.);
#702=VECTOR('',#2789,10.);
#703=VECTOR('',#2790,10.);
#704=VECTOR('',#2791,10.);
#705=VECTOR('',#2794,10.);
#706=VECTOR('',#2795,10.);
#707=VECTOR('',#2796,10.);
#708=VECTOR('',#2797,10.);
#709=VECTOR('',#2798,10.);
#710=VECTOR('',#2799,10.);
#711=VECTOR('',#2800,10.);
#712=VECTOR('',#2801,10.);
#713=VECTOR('',#2802,10.);
#714=VECTOR('',#2805,10.);
#715=VECTOR('',#2806,10.);
#716=VECTOR('',#2807,10.);
#717=VECTOR('',#2810,10.);
#718=VECTOR('',#2811,10.);
#719=VECTOR('',#2812,10.);
#720=VECTOR('',#2815,10.);
#721=VECTOR('',#2816,10.);
#722=VECTOR('',#2821,10.);
#723=VECTOR('',#2822,10.);
#724=VECTOR('',#2823,10.);
#725=VECTOR('',#2824,10.);
#726=VECTOR('',#2827,10.);
#727=VECTOR('',#2828,10.);
#728=VECTOR('',#2829,10.);
#729=VECTOR('',#2832,10.);
#730=VECTOR('',#2833,10.);
#731=VECTOR('',#2834,10.);
#732=VECTOR('',#2837,10.);
#733=VECTOR('',#2838,10.);
#734=VECTOR('',#2865,2.9);
#735=VECTOR('',#2876,1.3621393242961);
#736=B_SPLINE_CURVE_WITH_KNOTS('',3,(#2892,#2893,#2894,#2895,#2896),
 .UNSPECIFIED.,.F.,.F.,(4,1,4),(0.,0.0190977455651386,0.03771813234706),
 .UNSPECIFIED.);
#737=B_SPLINE_CURVE_WITH_KNOTS('',3,(#2900,#2901,#2902,#2903,#2904),
 .UNSPECIFIED.,.F.,.F.,(4,1,4),(0.,0.0190977455651386,0.03771813234706),
 .UNSPECIFIED.);
#738=B_SPLINE_CURVE_WITH_KNOTS('',3,(#2917,#2918,#2919,#2920,#2921),
 .UNSPECIFIED.,.F.,.F.,(4,1,4),(0.,0.0250441312452018,0.0464822249594289),
 .UNSPECIFIED.);
#739=B_SPLINE_CURVE_WITH_KNOTS('',3,(#2924,#2925,#2926,#2927,#2928),
 .UNSPECIFIED.,.F.,.F.,(4,1,4),(0.,0.0250441312452018,0.0464822249594289),
 .UNSPECIFIED.);
#740=B_SPLINE_CURVE_WITH_KNOTS('',3,(#2940,#2941,#2942,#2943,#2944),
 .UNSPECIFIED.,.F.,.F.,(4,1,4),(0.,0.0190588990332021,0.0394790989742435),
 .UNSPECIFIED.);
#741=B_SPLINE_CURVE_WITH_KNOTS('',3,(#2947,#2948,#2949,#2950,#2951),
 .UNSPECIFIED.,.F.,.F.,(4,1,4),(0.,0.0190588990332021,0.0394790989742435),
 .UNSPECIFIED.);
#742=B_SPLINE_CURVE_WITH_KNOTS('',3,(#2963,#2964,#2965,#2966,#2967),
 .UNSPECIFIED.,.F.,.F.,(4,1,4),(0.,0.0167648403108468,0.0346424103387077),
 .UNSPECIFIED.);
#743=B_SPLINE_CURVE_WITH_KNOTS('',3,(#2970,#2971,#2972,#2973,#2974),
 .UNSPECIFIED.,.F.,.F.,(4,1,4),(0.,0.0167648403108468,0.0346424103387077),
 .UNSPECIFIED.);
#744=B_SPLINE_CURVE_WITH_KNOTS('',3,(#2986,#2987,#2988,#2989,#2990),
 .UNSPECIFIED.,.F.,.F.,(4,1,4),(0.,0.0156857693415798,0.031843786480342),
 .UNSPECIFIED.);
#745=B_SPLINE_CURVE_WITH_KNOTS('',3,(#2993,#2994,#2995,#2996,#2997),
 .UNSPECIFIED.,.F.,.F.,(4,1,4),(0.,0.0156857693415798,0.031843786480342),
 .UNSPECIFIED.);
#746=B_SPLINE_CURVE_WITH_KNOTS('',3,(#3009,#3010,#3011,#3012,#3013),
 .UNSPECIFIED.,.F.,.F.,(4,1,4),(0.,0.0146313064878808,0.0299168016971733),
 .UNSPECIFIED.);
#747=B_SPLINE_CURVE_WITH_KNOTS('',3,(#3016,#3017,#3018,#3019,#3020),
 .UNSPECIFIED.,.F.,.F.,(4,1,4),(0.,0.0146313064878808,0.0299168016971733),
 .UNSPECIFIED.);
#748=B_SPLINE_CURVE_WITH_KNOTS('',3,(#3032,#3033,#3034,#3035,#3036),
 .UNSPECIFIED.,.F.,.F.,(4,1,4),(0.,0.0177172701833808,0.033232671152169),
 .UNSPECIFIED.);
#749=B_SPLINE_CURVE_WITH_KNOTS('',3,(#3039,#3040,#3041,#3042,#3043),
 .UNSPECIFIED.,.F.,.F.,(4,1,4),(0.,0.0177172701833808,0.033232671152169),
 .UNSPECIFIED.);
#750=B_SPLINE_CURVE_WITH_KNOTS('',3,(#3055,#3056,#3057,#3058,#3059),
 .UNSPECIFIED.,.F.,.F.,(4,1,4),(0.,0.0280835024080196,0.0461608838527889),
 .UNSPECIFIED.);
#751=B_SPLINE_CURVE_WITH_KNOTS('',3,(#3062,#3063,#3064,#3065,#3066),
 .UNSPECIFIED.,.F.,.F.,(4,1,4),(0.,0.0280835024080196,0.0461608838527889),
 .UNSPECIFIED.);
#752=B_SPLINE_CURVE_WITH_KNOTS('',3,(#3078,#3079,#3080,#3081,#3082),
 .UNSPECIFIED.,.F.,.F.,(4,1,4),(0.,0.0154823872172701,0.0425334307136419),
 .UNSPECIFIED.);
#753=B_SPLINE_CURVE_WITH_KNOTS('',3,(#3085,#3086,#3087,#3088,#3089),
 .UNSPECIFIED.,.F.,.F.,(4,1,4),(0.,0.0154823872172701,0.0425334307136419),
 .UNSPECIFIED.);
#754=B_SPLINE_CURVE_WITH_KNOTS('',3,(#3101,#3102,#3103,#3104,#3105),
 .UNSPECIFIED.,.F.,.F.,(4,1,4),(0.,0.010013141273342,0.0198429556370452),
 .UNSPECIFIED.);
#755=B_SPLINE_CURVE_WITH_KNOTS('',3,(#3108,#3109,#3110,#3111,#3112),
 .UNSPECIFIED.,.F.,.F.,(4,1,4),(0.,0.010013141273342,0.0198429556370452),
 .UNSPECIFIED.);
#756=B_SPLINE_CURVE_WITH_KNOTS('',3,(#3124,#3125,#3126,#3127,#3128),
 .UNSPECIFIED.,.F.,.F.,(4,1,4),(0.,0.0126557198672445,0.0244690042350007),
 .UNSPECIFIED.);
#757=B_SPLINE_CURVE_WITH_KNOTS('',3,(#3131,#3132,#3133,#3134,#3135),
 .UNSPECIFIED.,.F.,.F.,(4,1,4),(0.,0.0126557198672445,0.0244690042350007),
 .UNSPECIFIED.);
#758=B_SPLINE_CURVE_WITH_KNOTS('',3,(#3147,#3148,#3149,#3150,#3151),
 .UNSPECIFIED.,.F.,.F.,(4,1,4),(0.,0.0208887635737931,0.0366511506454587),
 .UNSPECIFIED.);
#759=B_SPLINE_CURVE_WITH_KNOTS('',3,(#3154,#3155,#3156,#3157,#3158),
 .UNSPECIFIED.,.F.,.F.,(4,1,4),(0.,0.0208887635737931,0.0366511506454587),
 .UNSPECIFIED.);
#760=B_SPLINE_CURVE_WITH_KNOTS('',3,(#3170,#3171,#3172,#3173,#3174),
 .UNSPECIFIED.,.F.,.F.,(4,1,4),(0.,0.0162748592014628,0.0366443587514775),
 .UNSPECIFIED.);
#761=B_SPLINE_CURVE_WITH_KNOTS('',3,(#3177,#3178,#3179,#3180,#3181),
 .UNSPECIFIED.,.F.,.F.,(4,1,4),(0.,0.0162748592014628,0.0366443587514775),
 .UNSPECIFIED.);
#762=B_SPLINE_CURVE_WITH_KNOTS('',3,(#3193,#3194,#3195,#3196,#3197),
 .UNSPECIFIED.,.F.,.F.,(4,1,4),(0.,0.0172420509177543,0.0324979639064274),
 .UNSPECIFIED.);
#763=B_SPLINE_CURVE_WITH_KNOTS('',3,(#3200,#3201,#3202,#3203,#3204),
 .UNSPECIFIED.,.F.,.F.,(4,1,4),(0.,0.0172420509177543,0.0324979639064274),
 .UNSPECIFIED.);
#764=B_SPLINE_CURVE_WITH_KNOTS('',3,(#3222,#3223,#3224,#3225,#3226),
 .UNSPECIFIED.,.F.,.F.,(4,1,4),(0.,0.0164157998768361,0.0333266775493783),
 .UNSPECIFIED.);
#765=B_SPLINE_CURVE_WITH_KNOTS('',3,(#3229,#3230,#3231,#3232,#3233),
 .UNSPECIFIED.,.F.,.F.,(4,1,4),(0.,0.0164157998768361,0.0333266775493783),
 .UNSPECIFIED.);
#766=B_SPLINE_CURVE_WITH_KNOTS('',3,(#3245,#3246,#3247,#3248,#3249),
 .UNSPECIFIED.,.F.,.F.,(4,1,4),(0.,0.0174552864641277,0.0339692889075527),
 .UNSPECIFIED.);
#767=B_SPLINE_CURVE_WITH_KNOTS('',3,(#3252,#3253,#3254,#3255,#3256),
 .UNSPECIFIED.,.F.,.F.,(4,1,4),(0.,0.0174552864641277,0.0339692889075527),
 .UNSPECIFIED.);
#768=B_SPLINE_CURVE_WITH_KNOTS('',3,(#3268,#3269,#3270,#3271,#3272),
 .UNSPECIFIED.,.F.,.F.,(4,1,4),(0.,0.0209852212141388,0.0400209644880415),
 .UNSPECIFIED.);
#769=B_SPLINE_CURVE_WITH_KNOTS('',3,(#3275,#3276,#3277,#3278,#3279),
 .UNSPECIFIED.,.F.,.F.,(4,1,4),(0.,0.0209852212141388,0.0400209644880415),
 .UNSPECIFIED.);
#770=B_SPLINE_CURVE_WITH_KNOTS('',3,(#3291,#3292,#3293,#3294,#3295),
 .UNSPECIFIED.,.F.,.F.,(4,1,4),(0.,0.0181637653828863,0.0375091967738345),
 .UNSPECIFIED.);
#771=B_SPLINE_CURVE_WITH_KNOTS('',3,(#3298,#3299,#3300,#3301,#3302),
 .UNSPECIFIED.,.F.,.F.,(4,1,4),(0.,0.0181637653828863,0.0375091967738345),
 .UNSPECIFIED.);
#772=B_SPLINE_CURVE_WITH_KNOTS('',3,(#3314,#3315,#3316,#3317,#3318),
 .UNSPECIFIED.,.F.,.F.,(4,1,4),(0.,0.0157178497597164,0.032512751750372),
 .UNSPECIFIED.);
#773=B_SPLINE_CURVE_WITH_KNOTS('',3,(#3321,#3322,#3323,#3324,#3325),
 .UNSPECIFIED.,.F.,.F.,(4,1,4),(0.,0.0157178497597164,0.032512751750372),
 .UNSPECIFIED.);
#774=B_SPLINE_CURVE_WITH_KNOTS('',3,(#3337,#3338,#3339,#3340,#3341),
 .UNSPECIFIED.,.F.,.F.,(4,1,4),(0.,0.0147886249095203,0.0298465985020622),
 .UNSPECIFIED.);
#775=B_SPLINE_CURVE_WITH_KNOTS('',3,(#3344,#3345,#3346,#3347,#3348),
 .UNSPECIFIED.,.F.,.F.,(4,1,4),(0.,0.0147886249095203,0.0298465985020622),
 .UNSPECIFIED.);
#776=B_SPLINE_CURVE_WITH_KNOTS('',3,(#3360,#3361,#3362,#3363,#3364),
 .UNSPECIFIED.,.F.,.F.,(4,1,4),(0.,0.0129343053777271,0.0261799780679555),
 .UNSPECIFIED.);
#777=B_SPLINE_CURVE_WITH_KNOTS('',3,(#3367,#3368,#3369,#3370,#3371),
 .UNSPECIFIED.,.F.,.F.,(4,1,4),(0.,0.0129343053777271,0.0261799780679555),
 .UNSPECIFIED.);
#778=B_SPLINE_CURVE_WITH_KNOTS('',3,(#3383,#3384,#3385,#3386,#3387),
 .UNSPECIFIED.,.F.,.F.,(4,1,4),(0.,0.0150689221829209,0.0285797263424563),
 .UNSPECIFIED.);
#779=B_SPLINE_CURVE_WITH_KNOTS('',3,(#3390,#3391,#3392,#3393,#3394),
 .UNSPECIFIED.,.F.,.F.,(4,1,4),(0.,0.0150689221829209,0.0285797263424563),
 .UNSPECIFIED.);
#780=B_SPLINE_CURVE_WITH_KNOTS('',3,(#3406,#3407,#3408,#3409,#3410),
 .UNSPECIFIED.,.F.,.F.,(4,1,4),(0.,0.0243106542750767,0.040657178868962),
 .UNSPECIFIED.);
#781=B_SPLINE_CURVE_WITH_KNOTS('',3,(#3413,#3414,#3415,#3416,#3417),
 .UNSPECIFIED.,.F.,.F.,(4,1,4),(0.,0.0243106542750767,0.040657178868962),
 .UNSPECIFIED.);
#782=B_SPLINE_CURVE_WITH_KNOTS('',3,(#3429,#3430,#3431,#3432,#3433),
 .UNSPECIFIED.,.F.,.F.,(4,1,4),(0.,0.013528271514194,0.0369132781027104),
 .UNSPECIFIED.);
#783=B_SPLINE_CURVE_WITH_KNOTS('',3,(#3436,#3437,#3438,#3439,#3440),
 .UNSPECIFIED.,.F.,.F.,(4,1,4),(0.,0.013528271514194,0.0369132781027104),
 .UNSPECIFIED.);
#784=B_SPLINE_CURVE_WITH_KNOTS('',3,(#3452,#3453,#3454,#3455,#3456),
 .UNSPECIFIED.,.F.,.F.,(4,1,4),(0.,0.00973229318761985,0.0217667994963246),
 .UNSPECIFIED.);
#785=B_SPLINE_CURVE_WITH_KNOTS('',3,(#3459,#3460,#3461,#3462,#3463),
 .UNSPECIFIED.,.F.,.F.,(4,1,4),(0.,0.00973229318761985,0.0217667994963246),
 .UNSPECIFIED.);
#786=B_SPLINE_CURVE_WITH_KNOTS('',3,(#3475,#3476,#3477,#3478,#3479),
 .UNSPECIFIED.,.F.,.F.,(4,1,4),(0.,0.00890459697155811,0.0175115634335496),
 .UNSPECIFIED.);
#787=B_SPLINE_CURVE_WITH_KNOTS('',3,(#3482,#3483,#3484,#3485,#3486),
 .UNSPECIFIED.,.F.,.F.,(4,1,4),(0.,0.00890459697155811,0.0175115634335496),
 .UNSPECIFIED.);
#788=B_SPLINE_CURVE_WITH_KNOTS('',3,(#3498,#3499,#3500,#3501,#3502),
 .UNSPECIFIED.,.F.,.F.,(4,1,4),(0.,0.00930550220745261,0.0183554604717946),
 .UNSPECIFIED.);
#789=B_SPLINE_CURVE_WITH_KNOTS('',3,(#3505,#3506,#3507,#3508,#3509),
 .UNSPECIFIED.,.F.,.F.,(4,1,4),(0.,0.00930550220745261,0.0183554604717946),
 .UNSPECIFIED.);
#790=B_SPLINE_CURVE_WITH_KNOTS('',3,(#3521,#3522,#3523,#3524,#3525),
 .UNSPECIFIED.,.F.,.F.,(4,1,4),(0.,0.0114117140199179,0.0213483440450059),
 .UNSPECIFIED.);
#791=B_SPLINE_CURVE_WITH_KNOTS('',3,(#3528,#3529,#3530,#3531,#3532),
 .UNSPECIFIED.,.F.,.F.,(4,1,4),(0.,0.0114117140199179,0.0213483440450059),
 .UNSPECIFIED.);
#792=B_SPLINE_CURVE_WITH_KNOTS('',3,(#3544,#3545,#3546,#3547,#3548),
 .UNSPECIFIED.,.F.,.F.,(4,1,4),(0.,0.0143008366715743,0.0272324395889326),
 .UNSPECIFIED.);
#793=B_SPLINE_CURVE_WITH_KNOTS('',3,(#3551,#3552,#3553,#3554,#3555),
 .UNSPECIFIED.,.F.,.F.,(4,1,4),(0.,0.0143008366715743,0.0272324395889326),
 .UNSPECIFIED.);
#794=B_SPLINE_CURVE_WITH_KNOTS('',3,(#3567,#3568,#3569,#3570,#3571),
 .UNSPECIFIED.,.F.,.F.,(4,1,4),(0.,0.015148215027814,0.0314150035842229),
 .UNSPECIFIED.);
#795=B_SPLINE_CURVE_WITH_KNOTS('',3,(#3574,#3575,#3576,#3577,#3578),
 .UNSPECIFIED.,.F.,.F.,(4,1,4),(0.,0.015148215027814,0.0314150035842229),
 .UNSPECIFIED.);
#796=B_SPLINE_CURVE_WITH_KNOTS('',3,(#3590,#3591,#3592,#3593,#3594),
 .UNSPECIFIED.,.F.,.F.,(4,1,4),(0.,0.012012608490504,0.0257363104555375),
 .UNSPECIFIED.);
#797=B_SPLINE_CURVE_WITH_KNOTS('',3,(#3597,#3598,#3599,#3600,#3601),
 .UNSPECIFIED.,.F.,.F.,(4,1,4),(0.,0.012012608490504,0.0257363104555375),
 .UNSPECIFIED.);
#798=B_SPLINE_CURVE_WITH_KNOTS('',3,(#3613,#3614,#3615,#3616,#3617),
 .UNSPECIFIED.,.F.,.F.,(4,1,4),(0.,0.0139876633563573,0.0261920757630095),
 .UNSPECIFIED.);
#799=B_SPLINE_CURVE_WITH_KNOTS('',3,(#3620,#3621,#3622,#3623,#3624),
 .UNSPECIFIED.,.F.,.F.,(4,1,4),(0.,0.0139876633563573,0.0261920757630095),
 .UNSPECIFIED.);
#800=B_SPLINE_CURVE_WITH_KNOTS('',3,(#3641,#3642,#3643,#3644,#3645),
 .UNSPECIFIED.,.F.,.F.,(4,1,4),(0.,0.0187376608298074,0.0380042834353467),
 .UNSPECIFIED.);
#801=B_SPLINE_CURVE_WITH_KNOTS('',3,(#3646,#3647,#3648,#3649,#3650),
 .UNSPECIFIED.,.F.,.F.,(4,1,4),(0.,0.0187376608298074,0.0380042834353467),
 .UNSPECIFIED.);
#802=B_SPLINE_CURVE_WITH_KNOTS('',3,(#3714,#3715,#3716,#3717,#3718),
 .UNSPECIFIED.,.F.,.F.,(4,1,4),(0.,0.0190977455651386,0.0377181500337175),
 .UNSPECIFIED.);
#803=B_SPLINE_CURVE_WITH_KNOTS('',3,(#3722,#3723,#3724,#3725,#3726),
 .UNSPECIFIED.,.F.,.F.,(4,1,4),(0.,0.0190977455651386,0.0377181500337175),
 .UNSPECIFIED.);
#804=B_SPLINE_CURVE_WITH_KNOTS('',3,(#3739,#3740,#3741,#3742,#3743),
 .UNSPECIFIED.,.F.,.F.,(4,1,4),(0.,0.0250441335992487,0.046482210813674),
 .UNSPECIFIED.);
#805=B_SPLINE_CURVE_WITH_KNOTS('',3,(#3746,#3747,#3748,#3749,#3750),
 .UNSPECIFIED.,.F.,.F.,(4,1,4),(0.,0.0250441335992487,0.046482210813674),
 .UNSPECIFIED.);
#806=B_SPLINE_CURVE_WITH_KNOTS('',3,(#3762,#3763,#3764,#3765,#3766),
 .UNSPECIFIED.,.F.,.F.,(4,1,4),(0.,0.0190588899133967,0.0394790898544381),
 .UNSPECIFIED.);
#807=B_SPLINE_CURVE_WITH_KNOTS('',3,(#3769,#3770,#3771,#3772,#3773),
 .UNSPECIFIED.,.F.,.F.,(4,1,4),(0.,0.0190588899133967,0.0394790898544381),
 .UNSPECIFIED.);
#808=B_SPLINE_CURVE_WITH_KNOTS('',3,(#3785,#3786,#3787,#3788,#3789),
 .UNSPECIFIED.,.F.,.F.,(4,1,4),(0.,0.0167648848131622,0.0346424390918649),
 .UNSPECIFIED.);
#809=B_SPLINE_CURVE_WITH_KNOTS('',3,(#3792,#3793,#3794,#3795,#3796),
 .UNSPECIFIED.,.F.,.F.,(4,1,4),(0.,0.0167648848131622,0.0346424390918649),
 .UNSPECIFIED.);
#810=B_SPLINE_CURVE_WITH_KNOTS('',3,(#3808,#3809,#3810,#3811,#3812),
 .UNSPECIFIED.,.F.,.F.,(4,1,4),(0.,0.0156857693415798,0.0318437594932848),
 .UNSPECIFIED.);
#811=B_SPLINE_CURVE_WITH_KNOTS('',3,(#3815,#3816,#3817,#3818,#3819),
 .UNSPECIFIED.,.F.,.F.,(4,1,4),(0.,0.0156857693415798,0.0318437594932848),
 .UNSPECIFIED.);
#812=B_SPLINE_CURVE_WITH_KNOTS('',3,(#3831,#3832,#3833,#3834,#3835),
 .UNSPECIFIED.,.F.,.F.,(4,1,4),(0.,0.0146313049595671,0.0299168215812116),
 .UNSPECIFIED.);
#813=B_SPLINE_CURVE_WITH_KNOTS('',3,(#3838,#3839,#3840,#3841,#3842),
 .UNSPECIFIED.,.F.,.F.,(4,1,4),(0.,0.0146313049595671,0.0299168215812116),
 .UNSPECIFIED.);
#814=B_SPLINE_CURVE_WITH_KNOTS('',3,(#3854,#3855,#3856,#3857,#3858),
 .UNSPECIFIED.,.F.,.F.,(4,1,4),(0.,0.0177172548080756,0.0332326557768638),
 .UNSPECIFIED.);
#815=B_SPLINE_CURVE_WITH_KNOTS('',3,(#3861,#3862,#3863,#3864,#3865),
 .UNSPECIFIED.,.F.,.F.,(4,1,4),(0.,0.0177172548080756,0.0332326557768638),
 .UNSPECIFIED.);
#816=B_SPLINE_CURVE_WITH_KNOTS('',3,(#3877,#3878,#3879,#3880,#3881),
 .UNSPECIFIED.,.F.,.F.,(4,1,4),(0.,0.0280835024080196,0.0461609033075877),
 .UNSPECIFIED.);
#817=B_SPLINE_CURVE_WITH_KNOTS('',3,(#3884,#3885,#3886,#3887,#3888),
 .UNSPECIFIED.,.F.,.F.,(4,1,4),(0.,0.0280835024080196,0.0461609033075877),
 .UNSPECIFIED.);
#818=B_SPLINE_CURVE_WITH_KNOTS('',3,(#3900,#3901,#3902,#3903,#3904),
 .UNSPECIFIED.,.F.,.F.,(4,1,4),(0.,0.0154824266742276,0.0425334047520051),
 .UNSPECIFIED.);
#819=B_SPLINE_CURVE_WITH_KNOTS('',3,(#3907,#3908,#3909,#3910,#3911),
 .UNSPECIFIED.,.F.,.F.,(4,1,4),(0.,0.0154824266742276,0.0425334047520051),
 .UNSPECIFIED.);
#820=B_SPLINE_CURVE_WITH_KNOTS('',3,(#3923,#3924,#3925,#3926,#3927),
 .UNSPECIFIED.,.F.,.F.,(4,1,4),(0.,0.0100131997438114,0.0198430141075146),
 .UNSPECIFIED.);
#821=B_SPLINE_CURVE_WITH_KNOTS('',3,(#3930,#3931,#3932,#3933,#3934),
 .UNSPECIFIED.,.F.,.F.,(4,1,4),(0.,0.0100131997438114,0.0198430141075146),
 .UNSPECIFIED.);
#822=B_SPLINE_CURVE_WITH_KNOTS('',3,(#3946,#3947,#3948,#3949,#3950),
 .UNSPECIFIED.,.F.,.F.,(4,1,4),(0.,0.0126556744086293,0.0244689587763855),
 .UNSPECIFIED.);
#823=B_SPLINE_CURVE_WITH_KNOTS('',3,(#3953,#3954,#3955,#3956,#3957),
 .UNSPECIFIED.,.F.,.F.,(4,1,4),(0.,0.0126556744086293,0.0244689587763855),
 .UNSPECIFIED.);
#824=B_SPLINE_CURVE_WITH_KNOTS('',3,(#3969,#3970,#3971,#3972,#3973),
 .UNSPECIFIED.,.F.,.F.,(4,1,4),(0.,0.0208887635737931,0.0366511506454587),
 .UNSPECIFIED.);
#825=B_SPLINE_CURVE_WITH_KNOTS('',3,(#3976,#3977,#3978,#3979,#3980),
 .UNSPECIFIED.,.F.,.F.,(4,1,4),(0.,0.0208887635737931,0.0366511506454587),
 .UNSPECIFIED.);
#826=B_SPLINE_CURVE_WITH_KNOTS('',3,(#3992,#3993,#3994,#3995,#3996),
 .UNSPECIFIED.,.F.,.F.,(4,1,4),(0.,0.0162748058644764,0.0366443645964474),
 .UNSPECIFIED.);
#827=B_SPLINE_CURVE_WITH_KNOTS('',3,(#3999,#4000,#4001,#4002,#4003),
 .UNSPECIFIED.,.F.,.F.,(4,1,4),(0.,0.0162748058644764,0.0366443645964474),
 .UNSPECIFIED.);
#828=B_SPLINE_CURVE_WITH_KNOTS('',3,(#4015,#4016,#4017,#4018,#4019),
 .UNSPECIFIED.,.F.,.F.,(4,1,4),(0.,0.0172420221492979,0.0324979116853621),
 .UNSPECIFIED.);
#829=B_SPLINE_CURVE_WITH_KNOTS('',3,(#4022,#4023,#4024,#4025,#4026),
 .UNSPECIFIED.,.F.,.F.,(4,1,4),(0.,0.0172420221492979,0.0324979116853621),
 .UNSPECIFIED.);
#830=B_SPLINE_CURVE_WITH_KNOTS('',3,(#4044,#4045,#4046,#4047,#4048),
 .UNSPECIFIED.,.F.,.F.,(4,1,4),(0.,0.016415826811602,0.0333267338760727),
 .UNSPECIFIED.);
#831=B_SPLINE_CURVE_WITH_KNOTS('',3,(#4051,#4052,#4053,#4054,#4055),
 .UNSPECIFIED.,.F.,.F.,(4,1,4),(0.,0.016415826811602,0.0333267338760727),
 .UNSPECIFIED.);
#832=B_SPLINE_CURVE_WITH_KNOTS('',3,(#4067,#4068,#4069,#4070,#4071),
 .UNSPECIFIED.,.F.,.F.,(4,1,4),(0.,0.0174552714403629,0.0339692959190011),
 .UNSPECIFIED.);
#833=B_SPLINE_CURVE_WITH_KNOTS('',3,(#4074,#4075,#4076,#4077,#4078),
 .UNSPECIFIED.,.F.,.F.,(4,1,4),(0.,0.0174552714403629,0.0339692959190011),
 .UNSPECIFIED.);
#834=B_SPLINE_CURVE_WITH_KNOTS('',3,(#4090,#4091,#4092,#4093,#4094),
 .UNSPECIFIED.,.F.,.F.,(4,1,4),(0.,0.0209852212141388,0.0400209475078081),
 .UNSPECIFIED.);
#835=B_SPLINE_CURVE_WITH_KNOTS('',3,(#4097,#4098,#4099,#4100,#4101),
 .UNSPECIFIED.,.F.,.F.,(4,1,4),(0.,0.0209852212141388,0.0400209475078081),
 .UNSPECIFIED.);
#836=B_SPLINE_CURVE_WITH_KNOTS('',3,(#4113,#4114,#4115,#4116,#4117),
 .UNSPECIFIED.,.F.,.F.,(4,1,4),(0.,0.018163708191367,0.0375091963278542),
 .UNSPECIFIED.);
#837=B_SPLINE_CURVE_WITH_KNOTS('',3,(#4120,#4121,#4122,#4123,#4124),
 .UNSPECIFIED.,.F.,.F.,(4,1,4),(0.,0.018163708191367,0.0375091963278542),
 .UNSPECIFIED.);
#838=B_SPLINE_CURVE_WITH_KNOTS('',3,(#4136,#4137,#4138,#4139,#4140),
 .UNSPECIFIED.,.F.,.F.,(4,1,4),(0.,0.0157178317173569,0.0325127852720816),
 .UNSPECIFIED.);
#839=B_SPLINE_CURVE_WITH_KNOTS('',3,(#4143,#4144,#4145,#4146,#4147),
 .UNSPECIFIED.,.F.,.F.,(4,1,4),(0.,0.0157178317173569,0.0325127852720816),
 .UNSPECIFIED.);
#840=B_SPLINE_CURVE_WITH_KNOTS('',3,(#4159,#4160,#4161,#4162,#4163),
 .UNSPECIFIED.,.F.,.F.,(4,1,4),(0.,0.0147885659374002,0.0298465395299421),
 .UNSPECIFIED.);
#841=B_SPLINE_CURVE_WITH_KNOTS('',3,(#4166,#4167,#4168,#4169,#4170),
 .UNSPECIFIED.,.F.,.F.,(4,1,4),(0.,0.0147885659374002,0.0298465395299421),
 .UNSPECIFIED.);
#842=B_SPLINE_CURVE_WITH_KNOTS('',3,(#4182,#4183,#4184,#4185,#4186),
 .UNSPECIFIED.,.F.,.F.,(4,1,4),(0.,0.0129342748869863,0.0261799988384672),
 .UNSPECIFIED.);
#843=B_SPLINE_CURVE_WITH_KNOTS('',3,(#4189,#4190,#4191,#4192,#4193),
 .UNSPECIFIED.,.F.,.F.,(4,1,4),(0.,0.0129342748869863,0.0261799988384672),
 .UNSPECIFIED.);
#844=B_SPLINE_CURVE_WITH_KNOTS('',3,(#4205,#4206,#4207,#4208,#4209),
 .UNSPECIFIED.,.F.,.F.,(4,1,4),(0.,0.0150688397547563,0.0285797224567058),
 .UNSPECIFIED.);
#845=B_SPLINE_CURVE_WITH_KNOTS('',3,(#4212,#4213,#4214,#4215,#4216),
 .UNSPECIFIED.,.F.,.F.,(4,1,4),(0.,0.0150688397547563,0.0285797224567058),
 .UNSPECIFIED.);
#846=B_SPLINE_CURVE_WITH_KNOTS('',3,(#4228,#4229,#4230,#4231,#4232),
 .UNSPECIFIED.,.F.,.F.,(4,1,4),(0.,0.0243106383870065,0.0406571740492105),
 .UNSPECIFIED.);
#847=B_SPLINE_CURVE_WITH_KNOTS('',3,(#4235,#4236,#4237,#4238,#4239),
 .UNSPECIFIED.,.F.,.F.,(4,1,4),(0.,0.0243106383870065,0.0406571740492105),
 .UNSPECIFIED.);
#848=B_SPLINE_CURVE_WITH_KNOTS('',3,(#4251,#4252,#4253,#4254,#4255),
 .UNSPECIFIED.,.F.,.F.,(4,1,4),(0.,0.0135282539325682,0.0369132750387388),
 .UNSPECIFIED.);
#849=B_SPLINE_CURVE_WITH_KNOTS('',3,(#4258,#4259,#4260,#4261,#4262),
 .UNSPECIFIED.,.F.,.F.,(4,1,4),(0.,0.0135282539325682,0.0369132750387388),
 .UNSPECIFIED.);
#850=B_SPLINE_CURVE_WITH_KNOTS('',3,(#4274,#4275,#4276,#4277,#4278),
 .UNSPECIFIED.,.F.,.F.,(4,1,4),(0.,0.00973233308409198,0.021766892772214),
 .UNSPECIFIED.);
#851=B_SPLINE_CURVE_WITH_KNOTS('',3,(#4281,#4282,#4283,#4284,#4285),
 .UNSPECIFIED.,.F.,.F.,(4,1,4),(0.,0.00973233308409198,0.021766892772214),
 .UNSPECIFIED.);
#852=B_SPLINE_CURVE_WITH_KNOTS('',3,(#4297,#4298,#4299,#4300,#4301),
 .UNSPECIFIED.,.F.,.F.,(4,1,4),(0.,0.0089046172900969,0.0175115575347912),
 .UNSPECIFIED.);
#853=B_SPLINE_CURVE_WITH_KNOTS('',3,(#4304,#4305,#4306,#4307,#4308),
 .UNSPECIFIED.,.F.,.F.,(4,1,4),(0.,0.0089046172900969,0.0175115575347912),
 .UNSPECIFIED.);
#854=B_SPLINE_CURVE_WITH_KNOTS('',3,(#4320,#4321,#4322,#4323,#4324),
 .UNSPECIFIED.,.F.,.F.,(4,1,4),(0.,0.00930547577343526,0.0183554340377773),
 .UNSPECIFIED.);
#855=B_SPLINE_CURVE_WITH_KNOTS('',3,(#4327,#4328,#4329,#4330,#4331),
 .UNSPECIFIED.,.F.,.F.,(4,1,4),(0.,0.00930547577343526,0.0183554340377773),
 .UNSPECIFIED.);
#856=B_SPLINE_CURVE_WITH_KNOTS('',3,(#4343,#4344,#4345,#4346,#4347),
 .UNSPECIFIED.,.F.,.F.,(4,1,4),(0.,0.0114117279149343,0.0213483579400222),
 .UNSPECIFIED.);
#857=B_SPLINE_CURVE_WITH_KNOTS('',3,(#4350,#4351,#4352,#4353,#4354),
 .UNSPECIFIED.,.F.,.F.,(4,1,4),(0.,0.0114117279149343,0.0213483579400222),
 .UNSPECIFIED.);
#858=B_SPLINE_CURVE_WITH_KNOTS('',3,(#4366,#4367,#4368,#4369,#4370),
 .UNSPECIFIED.,.F.,.F.,(4,1,4),(0.,0.0143008366715743,0.0272324240258177),
 .UNSPECIFIED.);
#859=B_SPLINE_CURVE_WITH_KNOTS('',3,(#4373,#4374,#4375,#4376,#4377),
 .UNSPECIFIED.,.F.,.F.,(4,1,4),(0.,0.0143008366715743,0.0272324240258177),
 .UNSPECIFIED.);
#860=B_SPLINE_CURVE_WITH_KNOTS('',3,(#4389,#4390,#4391,#4392,#4393),
 .UNSPECIFIED.,.F.,.F.,(4,1,4),(0.,0.0151482634070631,0.031415051963472),
 .UNSPECIFIED.);
#861=B_SPLINE_CURVE_WITH_KNOTS('',3,(#4396,#4397,#4398,#4399,#4400),
 .UNSPECIFIED.,.F.,.F.,(4,1,4),(0.,0.0151482634070631,0.031415051963472),
 .UNSPECIFIED.);
#862=B_SPLINE_CURVE_WITH_KNOTS('',3,(#4412,#4413,#4414,#4415,#4416),
 .UNSPECIFIED.,.F.,.F.,(4,1,4),(0.,0.0120126299828036,0.0257362654370124),
 .UNSPECIFIED.);
#863=B_SPLINE_CURVE_WITH_KNOTS('',3,(#4419,#4420,#4421,#4422,#4423),
 .UNSPECIFIED.,.F.,.F.,(4,1,4),(0.,0.0120126299828036,0.0257362654370124),
 .UNSPECIFIED.);
#864=B_SPLINE_CURVE_WITH_KNOTS('',3,(#4435,#4436,#4437,#4438,#4439),
 .UNSPECIFIED.,.F.,.F.,(4,1,4),(0.,0.0139876342166366,0.0261920466232888),
 .UNSPECIFIED.);
#865=B_SPLINE_CURVE_WITH_KNOTS('',3,(#4442,#4443,#4444,#4445,#4446),
 .UNSPECIFIED.,.F.,.F.,(4,1,4),(0.,0.0139876342166366,0.0261920466232888),
 .UNSPECIFIED.);
#866=B_SPLINE_CURVE_WITH_KNOTS('',3,(#4463,#4464,#4465,#4466,#4467),
 .UNSPECIFIED.,.F.,.F.,(4,1,4),(0.,0.0187376878444715,0.038004291879716),
 .UNSPECIFIED.);
#867=B_SPLINE_CURVE_WITH_KNOTS('',3,(#4468,#4469,#4470,#4471,#4472),
 .UNSPECIFIED.,.F.,.F.,(4,1,4),(0.,0.0187376878444715,0.038004291879716),
 .UNSPECIFIED.);
#868=B_SPLINE_CURVE_WITH_KNOTS('',3,(#4486,#4487,#4488,#4489,#4490),
 .UNSPECIFIED.,.F.,.F.,(4,1,4),(0.,0.0214631950148563,0.0531638751858132),
 .UNSPECIFIED.);
#869=B_SPLINE_CURVE_WITH_KNOTS('',3,(#4494,#4495,#4496,#4497,#4498),
 .UNSPECIFIED.,.F.,.F.,(4,1,4),(0.,0.0214631950148563,0.0531638751858132),
 .UNSPECIFIED.);
#870=B_SPLINE_CURVE_WITH_KNOTS('',3,(#4511,#4512,#4513,#4514,#4515),
 .UNSPECIFIED.,.F.,.F.,(4,1,4),(0.,0.0252179228264049,0.0445671557755038),
 .UNSPECIFIED.);
#871=B_SPLINE_CURVE_WITH_KNOTS('',3,(#4518,#4519,#4520,#4521,#4522),
 .UNSPECIFIED.,.F.,.F.,(4,1,4),(0.,0.0252179228264049,0.0445671557755038),
 .UNSPECIFIED.);
#872=B_SPLINE_CURVE_WITH_KNOTS('',3,(#4534,#4535,#4536,#4537,#4538),
 .UNSPECIFIED.,.F.,.F.,(4,1,4),(0.,0.0140874181874784,0.0299330024826609),
 .UNSPECIFIED.);
#873=B_SPLINE_CURVE_WITH_KNOTS('',3,(#4541,#4542,#4543,#4544,#4545),
 .UNSPECIFIED.,.F.,.F.,(4,1,4),(0.,0.0140874181874784,0.0299330024826609),
 .UNSPECIFIED.);
#874=B_SPLINE_CURVE_WITH_KNOTS('',3,(#4557,#4558,#4559,#4560,#4561),
 .UNSPECIFIED.,.F.,.F.,(4,1,4),(0.,0.0127339327813551,0.0256135697153208),
 .UNSPECIFIED.);
#875=B_SPLINE_CURVE_WITH_KNOTS('',3,(#4564,#4565,#4566,#4567,#4568),
 .UNSPECIFIED.,.F.,.F.,(4,1,4),(0.,0.0127339327813551,0.0256135697153208),
 .UNSPECIFIED.);
#876=B_SPLINE_CURVE_WITH_KNOTS('',3,(#4580,#4581,#4582,#4583,#4584),
 .UNSPECIFIED.,.F.,.F.,(4,1,4),(0.,0.0226780441591334,0.0389035717716788),
 .UNSPECIFIED.);
#877=B_SPLINE_CURVE_WITH_KNOTS('',3,(#4587,#4588,#4589,#4590,#4591),
 .UNSPECIFIED.,.F.,.F.,(4,1,4),(0.,0.0226780441591334,0.0389035717716788),
 .UNSPECIFIED.);
#878=B_SPLINE_CURVE_WITH_KNOTS('',3,(#4621,#4622,#4623,#4624,#4625),
 .UNSPECIFIED.,.F.,.F.,(4,1,4),(0.,0.0225016388753634,0.0510104578567581),
 .UNSPECIFIED.);
#879=B_SPLINE_CURVE_WITH_KNOTS('',3,(#4628,#4629,#4630,#4631,#4632),
 .UNSPECIFIED.,.F.,.F.,(4,1,4),(0.,0.0225016388753634,0.0510104578567581),
 .UNSPECIFIED.);
#880=B_SPLINE_CURVE_WITH_KNOTS('',3,(#4644,#4645,#4646,#4647,#4648),
 .UNSPECIFIED.,.F.,.F.,(4,1,4),(0.,0.0193539683383051,0.0384392602405964),
 .UNSPECIFIED.);
#881=B_SPLINE_CURVE_WITH_KNOTS('',3,(#4651,#4652,#4653,#4654,#4655),
 .UNSPECIFIED.,.F.,.F.,(4,1,4),(0.,0.0193539683383051,0.0384392602405964),
 .UNSPECIFIED.);
#882=B_SPLINE_CURVE_WITH_KNOTS('',3,(#4667,#4668,#4669,#4670,#4671),
 .UNSPECIFIED.,.F.,.F.,(4,1,4),(0.,0.0256602331094,0.0473431611624677),
 .UNSPECIFIED.);
#883=B_SPLINE_CURVE_WITH_KNOTS('',3,(#4674,#4675,#4676,#4677,#4678),
 .UNSPECIFIED.,.F.,.F.,(4,1,4),(0.,0.0256602331094,0.0473431611624677),
 .UNSPECIFIED.);
#884=B_SPLINE_CURVE_WITH_KNOTS('',3,(#4690,#4691,#4692,#4693,#4694),
 .UNSPECIFIED.,.F.,.F.,(4,1,4),(0.,0.0221416332906392,0.0484128422904878),
 .UNSPECIFIED.);
#885=B_SPLINE_CURVE_WITH_KNOTS('',3,(#4697,#4698,#4699,#4700,#4701),
 .UNSPECIFIED.,.F.,.F.,(4,1,4),(0.,0.0221416332906392,0.0484128422904878),
 .UNSPECIFIED.);
#886=B_SPLINE_CURVE_WITH_KNOTS('',3,(#4713,#4714,#4715,#4716,#4717),
 .UNSPECIFIED.,.F.,.F.,(4,1,4),(0.,0.018735156838586,0.0385528385914634),
 .UNSPECIFIED.);
#887=B_SPLINE_CURVE_WITH_KNOTS('',3,(#4720,#4721,#4722,#4723,#4724),
 .UNSPECIFIED.,.F.,.F.,(4,1,4),(0.,0.018735156838586,0.0385528385914634),
 .UNSPECIFIED.);
#888=B_SPLINE_CURVE_WITH_KNOTS('',3,(#4736,#4737,#4738,#4739,#4740),
 .UNSPECIFIED.,.F.,.F.,(4,1,4),(0.,0.027100152030216,0.0485579156225059),
 .UNSPECIFIED.);
#889=B_SPLINE_CURVE_WITH_KNOTS('',3,(#4743,#4744,#4745,#4746,#4747),
 .UNSPECIFIED.,.F.,.F.,(4,1,4),(0.,0.027100152030216,0.0485579156225059),
 .UNSPECIFIED.);
#890=B_SPLINE_CURVE_WITH_KNOTS('',3,(#4801,#4802,#4803,#4804,#4805),
 .UNSPECIFIED.,.F.,.F.,(4,1,4),(0.,0.0214631681629251,0.0531639018166083),
 .UNSPECIFIED.);
#891=B_SPLINE_CURVE_WITH_KNOTS('',3,(#4809,#4810,#4811,#4812,#4813),
 .UNSPECIFIED.,.F.,.F.,(4,1,4),(0.,0.0214631681629251,0.0531639018166083),
 .UNSPECIFIED.);
#892=B_SPLINE_CURVE_WITH_KNOTS('',3,(#4826,#4827,#4828,#4829,#4830),
 .UNSPECIFIED.,.F.,.F.,(4,1,4),(0.,0.025217926736138,0.0445671802778278),
 .UNSPECIFIED.);
#893=B_SPLINE_CURVE_WITH_KNOTS('',3,(#4833,#4834,#4835,#4836,#4837),
 .UNSPECIFIED.,.F.,.F.,(4,1,4),(0.,0.025217926736138,0.0445671802778278),
 .UNSPECIFIED.);
#894=B_SPLINE_CURVE_WITH_KNOTS('',3,(#4849,#4850,#4851,#4852,#4853),
 .UNSPECIFIED.,.F.,.F.,(4,1,4),(0.,0.0140874738895768,0.0299329333538664),
 .UNSPECIFIED.);
#895=B_SPLINE_CURVE_WITH_KNOTS('',3,(#4856,#4857,#4858,#4859,#4860),
 .UNSPECIFIED.,.F.,.F.,(4,1,4),(0.,0.0140874738895768,0.0299329333538664),
 .UNSPECIFIED.);
#896=B_SPLINE_CURVE_WITH_KNOTS('',3,(#4872,#4873,#4874,#4875,#4876),
 .UNSPECIFIED.,.F.,.F.,(4,1,4),(0.,0.0127339327813551,0.0256135697153208),
 .UNSPECIFIED.);
#897=B_SPLINE_CURVE_WITH_KNOTS('',3,(#4879,#4880,#4881,#4882,#4883),
 .UNSPECIFIED.,.F.,.F.,(4,1,4),(0.,0.0127339327813551,0.0256135697153208),
 .UNSPECIFIED.);
#898=B_SPLINE_CURVE_WITH_KNOTS('',3,(#4895,#4896,#4897,#4898,#4899),
 .UNSPECIFIED.,.F.,.F.,(4,1,4),(0.,0.0226781068186238,0.0389036212758218),
 .UNSPECIFIED.);
#899=B_SPLINE_CURVE_WITH_KNOTS('',3,(#4902,#4903,#4904,#4905,#4906),
 .UNSPECIFIED.,.F.,.F.,(4,1,4),(0.,0.0226781068186238,0.0389036212758218),
 .UNSPECIFIED.);
#900=B_SPLINE_CURVE_WITH_KNOTS('',3,(#4936,#4937,#4938,#4939,#4940),
 .UNSPECIFIED.,.F.,.F.,(4,1,4),(0.,0.0225016388753634,0.0510104578567581),
 .UNSPECIFIED.);
#901=B_SPLINE_CURVE_WITH_KNOTS('',3,(#4943,#4944,#4945,#4946,#4947),
 .UNSPECIFIED.,.F.,.F.,(4,1,4),(0.,0.0225016388753634,0.0510104578567581),
 .UNSPECIFIED.);
#902=B_SPLINE_CURVE_WITH_KNOTS('',3,(#4959,#4960,#4961,#4962,#4963),
 .UNSPECIFIED.,.F.,.F.,(4,1,4),(0.,0.0193539972762474,0.0384392573301359),
 .UNSPECIFIED.);
#903=B_SPLINE_CURVE_WITH_KNOTS('',3,(#4966,#4967,#4968,#4969,#4970),
 .UNSPECIFIED.,.F.,.F.,(4,1,4),(0.,0.0193539972762474,0.0384392573301359),
 .UNSPECIFIED.);
#904=B_SPLINE_CURVE_WITH_KNOTS('',3,(#4982,#4983,#4984,#4985,#4986),
 .UNSPECIFIED.,.F.,.F.,(4,1,4),(0.,0.0256601737707602,0.0473431679685387),
 .UNSPECIFIED.);
#905=B_SPLINE_CURVE_WITH_KNOTS('',3,(#4989,#4990,#4991,#4992,#4993),
 .UNSPECIFIED.,.F.,.F.,(4,1,4),(0.,0.0256601737707602,0.0473431679685387),
 .UNSPECIFIED.);
#906=B_SPLINE_CURVE_WITH_KNOTS('',3,(#5005,#5006,#5007,#5008,#5009),
 .UNSPECIFIED.,.F.,.F.,(4,1,4),(0.,0.0221416444459802,0.0484128534458289),
 .UNSPECIFIED.);
#907=B_SPLINE_CURVE_WITH_KNOTS('',3,(#5012,#5013,#5014,#5015,#5016),
 .UNSPECIFIED.,.F.,.F.,(4,1,4),(0.,0.0221416444459802,0.0484128534458289),
 .UNSPECIFIED.);
#908=B_SPLINE_CURVE_WITH_KNOTS('',3,(#5028,#5029,#5030,#5031,#5032),
 .UNSPECIFIED.,.F.,.F.,(4,1,4),(0.,0.0187351007401578,0.0385528472210357),
 .UNSPECIFIED.);
#909=B_SPLINE_CURVE_WITH_KNOTS('',3,(#5035,#5036,#5037,#5038,#5039),
 .UNSPECIFIED.,.F.,.F.,(4,1,4),(0.,0.0187351007401578,0.0385528472210357),
 .UNSPECIFIED.);
#910=B_SPLINE_CURVE_WITH_KNOTS('',3,(#5051,#5052,#5053,#5054,#5055),
 .UNSPECIFIED.,.F.,.F.,(4,1,4),(0.,0.02710008879298,0.0485578955390745),
 .UNSPECIFIED.);
#911=B_SPLINE_CURVE_WITH_KNOTS('',3,(#5058,#5059,#5060,#5061,#5062),
 .UNSPECIFIED.,.F.,.F.,(4,1,4),(0.,0.02710008879298,0.0485578955390745),
 .UNSPECIFIED.);
#912=VERTEX_POINT('',#2890);
#913=VERTEX_POINT('',#2891);
#914=VERTEX_POINT('',#2897);
#915=VERTEX_POINT('',#2899);
#916=VERTEX_POINT('',#2916);
#917=VERTEX_POINT('',#2922);
#918=VERTEX_POINT('',#2939);
#919=VERTEX_POINT('',#2945);
#920=VERTEX_POINT('',#2962);
#921=VERTEX_POINT('',#2968);
#922=VERTEX_POINT('',#2985);
#923=VERTEX_POINT('',#2991);
#924=VERTEX_POINT('',#3008);
#925=VERTEX_POINT('',#3014);
#926=VERTEX_POINT('',#3031);
#927=VERTEX_POINT('',#3037);
#928=VERTEX_POINT('',#3054);
#929=VERTEX_POINT('',#3060);
#930=VERTEX_POINT('',#3077);
#931=VERTEX_POINT('',#3083);
#932=VERTEX_POINT('',#3100);
#933=VERTEX_POINT('',#3106);
#934=VERTEX_POINT('',#3123);
#935=VERTEX_POINT('',#3129);
#936=VERTEX_POINT('',#3146);
#937=VERTEX_POINT('',#3152);
#938=VERTEX_POINT('',#3169);
#939=VERTEX_POINT('',#3175);
#940=VERTEX_POINT('',#3192);
#941=VERTEX_POINT('',#3198);
#942=VERTEX_POINT('',#3206);
#943=VERTEX_POINT('',#3208);
#944=VERTEX_POINT('',#3221);
#945=VERTEX_POINT('',#3227);
#946=VERTEX_POINT('',#3244);
#947=VERTEX_POINT('',#3250);
#948=VERTEX_POINT('',#3267);
#949=VERTEX_POINT('',#3273);
#950=VERTEX_POINT('',#3290);
#951=VERTEX_POINT('',#3296);
#952=VERTEX_POINT('',#3313);
#953=VERTEX_POINT('',#3319);
#954=VERTEX_POINT('',#3336);
#955=VERTEX_POINT('',#3342);
#956=VERTEX_POINT('',#3359);
#957=VERTEX_POINT('',#3365);
#958=VERTEX_POINT('',#3382);
#959=VERTEX_POINT('',#3388);
#960=VERTEX_POINT('',#3405);
#961=VERTEX_POINT('',#3411);
#962=VERTEX_POINT('',#3428);
#963=VERTEX_POINT('',#3434);
#964=VERTEX_POINT('',#3451);
#965=VERTEX_POINT('',#3457);
#966=VERTEX_POINT('',#3474);
#967=VERTEX_POINT('',#3480);
#968=VERTEX_POINT('',#3497);
#969=VERTEX_POINT('',#3503);
#970=VERTEX_POINT('',#3520);
#971=VERTEX_POINT('',#3526);
#972=VERTEX_POINT('',#3543);
#973=VERTEX_POINT('',#3549);
#974=VERTEX_POINT('',#3566);
#975=VERTEX_POINT('',#3572);
#976=VERTEX_POINT('',#3589);
#977=VERTEX_POINT('',#3595);
#978=VERTEX_POINT('',#3612);
#979=VERTEX_POINT('',#3618);
#980=VERTEX_POINT('',#3626);
#981=VERTEX_POINT('',#3628);
#982=VERTEX_POINT('',#3653);
#983=VERTEX_POINT('',#3654);
#984=VERTEX_POINT('',#3656);
#985=VERTEX_POINT('',#3658);
#986=VERTEX_POINT('',#3662);
#987=VERTEX_POINT('',#3664);
#988=VERTEX_POINT('',#3668);
#989=VERTEX_POINT('',#3670);
#990=VERTEX_POINT('',#3678);
#991=VERTEX_POINT('',#3679);
#992=VERTEX_POINT('',#3681);
#993=VERTEX_POINT('',#3683);
#994=VERTEX_POINT('',#3687);
#995=VERTEX_POINT('',#3689);
#996=VERTEX_POINT('',#3693);
#997=VERTEX_POINT('',#3695);
#998=VERTEX_POINT('',#3712);
#999=VERTEX_POINT('',#3713);
#1000=VERTEX_POINT('',#3719);
#1001=VERTEX_POINT('',#3721);
#1002=VERTEX_POINT('',#3738);
#1003=VERTEX_POINT('',#3744);
#1004=VERTEX_POINT('',#3761);
#1005=VERTEX_POINT('',#3767);
#1006=VERTEX_POINT('',#3784);
#1007=VERTEX_POINT('',#3790);
#1008=VERTEX_POINT('',#3807);
#1009=VERTEX_POINT('',#3813);
#1010=VERTEX_POINT('',#3830);
#1011=VERTEX_POINT('',#3836);
#1012=VERTEX_POINT('',#3853);
#1013=VERTEX_POINT('',#3859);
#1014=VERTEX_POINT('',#3876);
#1015=VERTEX_POINT('',#3882);
#1016=VERTEX_POINT('',#3899);
#1017=VERTEX_POINT('',#3905);
#1018=VERTEX_POINT('',#3922);
#1019=VERTEX_POINT('',#3928);
#1020=VERTEX_POINT('',#3945);
#1021=VERTEX_POINT('',#3951);
#1022=VERTEX_POINT('',#3968);
#1023=VERTEX_POINT('',#3974);
#1024=VERTEX_POINT('',#3991);
#1025=VERTEX_POINT('',#3997);
#1026=VERTEX_POINT('',#4014);
#1027=VERTEX_POINT('',#4020);
#1028=VERTEX_POINT('',#4028);
#1029=VERTEX_POINT('',#4030);
#1030=VERTEX_POINT('',#4043);
#1031=VERTEX_POINT('',#4049);
#1032=VERTEX_POINT('',#4066);
#1033=VERTEX_POINT('',#4072);
#1034=VERTEX_POINT('',#4089);
#1035=VERTEX_POINT('',#4095);
#1036=VERTEX_POINT('',#4112);
#1037=VERTEX_POINT('',#4118);
#1038=VERTEX_POINT('',#4135);
#1039=VERTEX_POINT('',#4141);
#1040=VERTEX_POINT('',#4158);
#1041=VERTEX_POINT('',#4164);
#1042=VERTEX_POINT('',#4181);
#1043=VERTEX_POINT('',#4187);
#1044=VERTEX_POINT('',#4204);
#1045=VERTEX_POINT('',#4210);
#1046=VERTEX_POINT('',#4227);
#1047=VERTEX_POINT('',#4233);
#1048=VERTEX_POINT('',#4250);
#1049=VERTEX_POINT('',#4256);
#1050=VERTEX_POINT('',#4273);
#1051=VERTEX_POINT('',#4279);
#1052=VERTEX_POINT('',#4296);
#1053=VERTEX_POINT('',#4302);
#1054=VERTEX_POINT('',#4319);
#1055=VERTEX_POINT('',#4325);
#1056=VERTEX_POINT('',#4342);
#1057=VERTEX_POINT('',#4348);
#1058=VERTEX_POINT('',#4365);
#1059=VERTEX_POINT('',#4371);
#1060=VERTEX_POINT('',#4388);
#1061=VERTEX_POINT('',#4394);
#1062=VERTEX_POINT('',#4411);
#1063=VERTEX_POINT('',#4417);
#1064=VERTEX_POINT('',#4434);
#1065=VERTEX_POINT('',#4440);
#1066=VERTEX_POINT('',#4448);
#1067=VERTEX_POINT('',#4450);
#1068=VERTEX_POINT('',#4484);
#1069=VERTEX_POINT('',#4485);
#1070=VERTEX_POINT('',#4491);
#1071=VERTEX_POINT('',#4493);
#1072=VERTEX_POINT('',#4510);
#1073=VERTEX_POINT('',#4516);
#1074=VERTEX_POINT('',#4533);
#1075=VERTEX_POINT('',#4539);
#1076=VERTEX_POINT('',#4556);
#1077=VERTEX_POINT('',#4562);
#1078=VERTEX_POINT('',#4579);
#1079=VERTEX_POINT('',#4585);
#1080=VERTEX_POINT('',#4593);
#1081=VERTEX_POINT('',#4595);
#1082=VERTEX_POINT('',#4599);
#1083=VERTEX_POINT('',#4601);
#1084=VERTEX_POINT('',#4605);
#1085=VERTEX_POINT('',#4607);
#1086=VERTEX_POINT('',#4620);
#1087=VERTEX_POINT('',#4626);
#1088=VERTEX_POINT('',#4643);
#1089=VERTEX_POINT('',#4649);
#1090=VERTEX_POINT('',#4666);
#1091=VERTEX_POINT('',#4672);
#1092=VERTEX_POINT('',#4689);
#1093=VERTEX_POINT('',#4695);
#1094=VERTEX_POINT('',#4712);
#1095=VERTEX_POINT('',#4718);
#1096=VERTEX_POINT('',#4735);
#1097=VERTEX_POINT('',#4741);
#1098=VERTEX_POINT('',#4749);
#1099=VERTEX_POINT('',#4751);
#1100=VERTEX_POINT('',#4755);
#1101=VERTEX_POINT('',#4757);
#1102=VERTEX_POINT('',#4765);
#1103=VERTEX_POINT('',#4766);
#1104=VERTEX_POINT('',#4768);
#1105=VERTEX_POINT('',#4770);
#1106=VERTEX_POINT('',#4774);
#1107=VERTEX_POINT('',#4776);
#1108=VERTEX_POINT('',#4780);
#1109=VERTEX_POINT('',#4782);
#1110=VERTEX_POINT('',#4799);
#1111=VERTEX_POINT('',#4800);
#1112=VERTEX_POINT('',#4806);
#1113=VERTEX_POINT('',#4808);
#1114=VERTEX_POINT('',#4825);
#1115=VERTEX_POINT('',#4831);
#1116=VERTEX_POINT('',#4848);
#1117=VERTEX_POINT('',#4854);
#1118=VERTEX_POINT('',#4871);
#1119=VERTEX_POINT('',#4877);
#1120=VERTEX_POINT('',#4894);
#1121=VERTEX_POINT('',#4900);
#1122=VERTEX_POINT('',#4908);
#1123=VERTEX_POINT('',#4910);
#1124=VERTEX_POINT('',#4914);
#1125=VERTEX_POINT('',#4916);
#1126=VERTEX_POINT('',#4920);
#1127=VERTEX_POINT('',#4922);
#1128=VERTEX_POINT('',#4935);
#1129=VERTEX_POINT('',#4941);
#1130=VERTEX_POINT('',#4958);
#1131=VERTEX_POINT('',#4964);
#1132=VERTEX_POINT('',#4981);
#1133=VERTEX_POINT('',#4987);
#1134=VERTEX_POINT('',#5004);
#1135=VERTEX_POINT('',#5010);
#1136=VERTEX_POINT('',#5027);
#1137=VERTEX_POINT('',#5033);
#1138=VERTEX_POINT('',#5050);
#1139=VERTEX_POINT('',#5056);
#1140=VERTEX_POINT('',#5064);
#1141=VERTEX_POINT('',#5066);
#1142=VERTEX_POINT('',#5070);
#1143=VERTEX_POINT('',#5072);
#1144=VERTEX_POINT('',#5080);
#1145=VERTEX_POINT('',#5081);
#1146=VERTEX_POINT('',#5083);
#1147=VERTEX_POINT('',#5085);
#1148=VERTEX_POINT('',#5089);
#1149=VERTEX_POINT('',#5091);
#1150=VERTEX_POINT('',#5095);
#1151=VERTEX_POINT('',#5097);
#1152=VERTEX_POINT('',#5105);
#1153=VERTEX_POINT('',#5108);
#1154=VERTEX_POINT('',#5112);
#1155=VERTEX_POINT('',#5115);
#1156=VERTEX_POINT('',#5119);
#1157=VERTEX_POINT('',#5123);
#1158=VERTEX_POINT('',#5127);
#1159=VERTEX_POINT('',#5175);
#1160=EDGE_CURVE('',#912,#913,#736,.T.);
#1161=EDGE_CURVE('',#912,#914,#364,.T.);
#1162=EDGE_CURVE('',#914,#915,#737,.T.);
#1163=EDGE_CURVE('',#913,#915,#365,.T.);
#1164=EDGE_CURVE('',#916,#912,#738,.T.);
#1165=EDGE_CURVE('',#916,#917,#366,.T.);
#1166=EDGE_CURVE('',#917,#914,#739,.T.);
#1167=EDGE_CURVE('',#918,#916,#740,.T.);
#1168=EDGE_CURVE('',#918,#919,#367,.T.);
#1169=EDGE_CURVE('',#919,#917,#741,.T.);
#1170=EDGE_CURVE('',#920,#918,#742,.T.);
#1171=EDGE_CURVE('',#920,#921,#368,.T.);
#1172=EDGE_CURVE('',#921,#919,#743,.T.);
#1173=EDGE_CURVE('',#922,#920,#744,.T.);
#1174=EDGE_CURVE('',#922,#923,#369,.T.);
#1175=EDGE_CURVE('',#923,#921,#745,.T.);
#1176=EDGE_CURVE('',#924,#922,#746,.T.);
#1177=EDGE_CURVE('',#924,#925,#370,.T.);
#1178=EDGE_CURVE('',#925,#923,#747,.T.);
#1179=EDGE_CURVE('',#926,#924,#748,.T.);
#1180=EDGE_CURVE('',#926,#927,#371,.T.);
#1181=EDGE_CURVE('',#927,#925,#749,.T.);
#1182=EDGE_CURVE('',#928,#926,#750,.T.);
#1183=EDGE_CURVE('',#928,#929,#372,.T.);
#1184=EDGE_CURVE('',#929,#927,#751,.T.);
#1185=EDGE_CURVE('',#930,#928,#752,.T.);
#1186=EDGE_CURVE('',#930,#931,#373,.T.);
#1187=EDGE_CURVE('',#931,#929,#753,.T.);
#1188=EDGE_CURVE('',#932,#930,#754,.T.);
#1189=EDGE_CURVE('',#932,#933,#374,.T.);
#1190=EDGE_CURVE('',#933,#931,#755,.T.);
#1191=EDGE_CURVE('',#934,#932,#756,.T.);
#1192=EDGE_CURVE('',#934,#935,#375,.T.);
#1193=EDGE_CURVE('',#935,#933,#757,.T.);
#1194=EDGE_CURVE('',#936,#934,#758,.T.);
#1195=EDGE_CURVE('',#936,#937,#376,.T.);
#1196=EDGE_CURVE('',#937,#935,#759,.T.);
#1197=EDGE_CURVE('',#938,#936,#760,.T.);
#1198=EDGE_CURVE('',#938,#939,#377,.T.);
#1199=EDGE_CURVE('',#939,#937,#761,.T.);
#1200=EDGE_CURVE('',#940,#938,#762,.T.);
#1201=EDGE_CURVE('',#940,#941,#378,.T.);
#1202=EDGE_CURVE('',#941,#939,#763,.T.);
#1203=EDGE_CURVE('',#942,#940,#379,.T.);
#1204=EDGE_CURVE('',#942,#943,#380,.T.);
#1205=EDGE_CURVE('',#943,#941,#381,.T.);
#1206=EDGE_CURVE('',#944,#942,#764,.T.);
#1207=EDGE_CURVE('',#944,#945,#382,.T.);
#1208=EDGE_CURVE('',#945,#943,#765,.T.);
#1209=EDGE_CURVE('',#946,#944,#766,.T.);
#1210=EDGE_CURVE('',#946,#947,#383,.T.);
#1211=EDGE_CURVE('',#947,#945,#767,.T.);
#1212=EDGE_CURVE('',#948,#946,#768,.T.);
#1213=EDGE_CURVE('',#948,#949,#384,.T.);
#1214=EDGE_CURVE('',#949,#947,#769,.T.);
#1215=EDGE_CURVE('',#950,#948,#770,.T.);
#1216=EDGE_CURVE('',#950,#951,#385,.T.);
#1217=EDGE_CURVE('',#951,#949,#771,.T.);
#1218=EDGE_CURVE('',#952,#950,#772,.T.);
#1219=EDGE_CURVE('',#952,#953,#386,.T.);
#1220=EDGE_CURVE('',#953,#951,#773,.T.);
#1221=EDGE_CURVE('',#954,#952,#774,.T.);
#1222=EDGE_CURVE('',#954,#955,#387,.T.);
#1223=EDGE_CURVE('',#955,#953,#775,.T.);
#1224=EDGE_CURVE('',#956,#954,#776,.T.);
#1225=EDGE_CURVE('',#956,#957,#388,.T.);
#1226=EDGE_CURVE('',#957,#955,#777,.T.);
#1227=EDGE_CURVE('',#958,#956,#778,.T.);
#1228=EDGE_CURVE('',#958,#959,#389,.T.);
#1229=EDGE_CURVE('',#959,#957,#779,.T.);
#1230=EDGE_CURVE('',#960,#958,#780,.T.);
#1231=EDGE_CURVE('',#960,#961,#390,.T.);
#1232=EDGE_CURVE('',#961,#959,#781,.T.);
#1233=EDGE_CURVE('',#962,#960,#782,.T.);
#1234=EDGE_CURVE('',#962,#963,#391,.T.);
#1235=EDGE_CURVE('',#963,#961,#783,.T.);
#1236=EDGE_CURVE('',#964,#962,#784,.T.);
#1237=EDGE_CURVE('',#964,#965,#392,.T.);
#1238=EDGE_CURVE('',#965,#963,#785,.T.);
#1239=EDGE_CURVE('',#966,#964,#786,.T.);
#1240=EDGE_CURVE('',#966,#967,#393,.T.);
#1241=EDGE_CURVE('',#967,#965,#787,.T.);
#1242=EDGE_CURVE('',#968,#966,#788,.T.);
#1243=EDGE_CURVE('',#968,#969,#394,.T.);
#1244=EDGE_CURVE('',#969,#967,#789,.T.);
#1245=EDGE_CURVE('',#970,#968,#790,.T.);
#1246=EDGE_CURVE('',#970,#971,#395,.T.);
#1247=EDGE_CURVE('',#971,#969,#791,.T.);
#1248=EDGE_CURVE('',#972,#970,#792,.T.);
#1249=EDGE_CURVE('',#972,#973,#396,.T.);
#1250=EDGE_CURVE('',#973,#971,#793,.T.);
#1251=EDGE_CURVE('',#974,#972,#794,.T.);
#1252=EDGE_CURVE('',#974,#975,#397,.T.);
#1253=EDGE_CURVE('',#975,#973,#795,.T.);
#1254=EDGE_CURVE('',#976,#974,#796,.T.);
#1255=EDGE_CURVE('',#976,#977,#398,.T.);
#1256=EDGE_CURVE('',#977,#975,#797,.T.);
#1257=EDGE_CURVE('',#978,#976,#798,.T.);
#1258=EDGE_CURVE('',#978,#979,#399,.T.);
#1259=EDGE_CURVE('',#979,#977,#799,.T.);
#1260=EDGE_CURVE('',#980,#978,#400,.T.);
#1261=EDGE_CURVE('',#980,#981,#401,.T.);
#1262=EDGE_CURVE('',#981,#979,#402,.T.);
#1263=EDGE_CURVE('',#913,#980,#800,.T.);
#1264=EDGE_CURVE('',#915,#981,#801,.T.);
#1265=EDGE_CURVE('',#982,#983,#403,.T.);
#1266=EDGE_CURVE('',#982,#984,#404,.T.);
#1267=EDGE_CURVE('',#984,#985,#405,.T.);
#1268=EDGE_CURVE('',#983,#985,#406,.T.);
#1269=EDGE_CURVE('',#986,#982,#407,.T.);
#1270=EDGE_CURVE('',#986,#987,#408,.T.);
#1271=EDGE_CURVE('',#987,#984,#409,.T.);
#1272=EDGE_CURVE('',#988,#986,#410,.T.);
#1273=EDGE_CURVE('',#988,#989,#411,.T.);
#1274=EDGE_CURVE('',#989,#987,#412,.T.);
#1275=EDGE_CURVE('',#983,#988,#413,.T.);
#1276=EDGE_CURVE('',#985,#989,#414,.T.);
#1277=EDGE_CURVE('',#990,#991,#415,.T.);
#1278=EDGE_CURVE('',#990,#992,#416,.T.);
#1279=EDGE_CURVE('',#992,#993,#417,.T.);
#1280=EDGE_CURVE('',#991,#993,#418,.T.);
#1281=EDGE_CURVE('',#994,#990,#419,.T.);
#1282=EDGE_CURVE('',#994,#995,#420,.T.);
#1283=EDGE_CURVE('',#995,#992,#421,.T.);
#1284=EDGE_CURVE('',#996,#994,#422,.T.);
#1285=EDGE_CURVE('',#996,#997,#423,.T.);
#1286=EDGE_CURVE('',#997,#995,#424,.T.);
#1287=EDGE_CURVE('',#991,#996,#425,.T.);
#1288=EDGE_CURVE('',#993,#997,#426,.T.);
#1289=EDGE_CURVE('',#998,#999,#802,.T.);
#1290=EDGE_CURVE('',#998,#1000,#427,.T.);
#1291=EDGE_CURVE('',#1000,#1001,#803,.T.);
#1292=EDGE_CURVE('',#999,#1001,#428,.T.);
#1293=EDGE_CURVE('',#1002,#998,#804,.T.);
#1294=EDGE_CURVE('',#1002,#1003,#429,.T.);
#1295=EDGE_CURVE('',#1003,#1000,#805,.T.);
#1296=EDGE_CURVE('',#1004,#1002,#806,.T.);
#1297=EDGE_CURVE('',#1004,#1005,#430,.T.);
#1298=EDGE_CURVE('',#1005,#1003,#807,.T.);
#1299=EDGE_CURVE('',#1006,#1004,#808,.T.);
#1300=EDGE_CURVE('',#1006,#1007,#431,.T.);
#1301=EDGE_CURVE('',#1007,#1005,#809,.T.);
#1302=EDGE_CURVE('',#1008,#1006,#810,.T.);
#1303=EDGE_CURVE('',#1008,#1009,#432,.T.);
#1304=EDGE_CURVE('',#1009,#1007,#811,.T.);
#1305=EDGE_CURVE('',#1010,#1008,#812,.T.);
#1306=EDGE_CURVE('',#1010,#1011,#433,.T.);
#1307=EDGE_CURVE('',#1011,#1009,#813,.T.);
#1308=EDGE_CURVE('',#1012,#1010,#814,.T.);
#1309=EDGE_CURVE('',#1012,#1013,#434,.T.);
#1310=EDGE_CURVE('',#1013,#1011,#815,.T.);
#1311=EDGE_CURVE('',#1014,#1012,#816,.T.);
#1312=EDGE_CURVE('',#1014,#1015,#435,.T.);
#1313=EDGE_CURVE('',#1015,#1013,#817,.T.);
#1314=EDGE_CURVE('',#1016,#1014,#818,.T.);
#1315=EDGE_CURVE('',#1016,#1017,#436,.T.);
#1316=EDGE_CURVE('',#1017,#1015,#819,.T.);
#1317=EDGE_CURVE('',#1018,#1016,#820,.T.);
#1318=EDGE_CURVE('',#1018,#1019,#437,.T.);
#1319=EDGE_CURVE('',#1019,#1017,#821,.T.);
#1320=EDGE_CURVE('',#1020,#1018,#822,.T.);
#1321=EDGE_CURVE('',#1020,#1021,#438,.T.);
#1322=EDGE_CURVE('',#1021,#1019,#823,.T.);
#1323=EDGE_CURVE('',#1022,#1020,#824,.T.);
#1324=EDGE_CURVE('',#1022,#1023,#439,.T.);
#1325=EDGE_CURVE('',#1023,#1021,#825,.T.);
#1326=EDGE_CURVE('',#1024,#1022,#826,.T.);
#1327=EDGE_CURVE('',#1024,#1025,#440,.T.);
#1328=EDGE_CURVE('',#1025,#1023,#827,.T.);
#1329=EDGE_CURVE('',#1026,#1024,#828,.T.);
#1330=EDGE_CURVE('',#1026,#1027,#441,.T.);
#1331=EDGE_CURVE('',#1027,#1025,#829,.T.);
#1332=EDGE_CURVE('',#1028,#1026,#442,.T.);
#1333=EDGE_CURVE('',#1028,#1029,#443,.T.);
#1334=EDGE_CURVE('',#1029,#1027,#444,.T.);
#1335=EDGE_CURVE('',#1030,#1028,#830,.T.);
#1336=EDGE_CURVE('',#1030,#1031,#445,.T.);
#1337=EDGE_CURVE('',#1031,#1029,#831,.T.);
#1338=EDGE_CURVE('',#1032,#1030,#832,.T.);
#1339=EDGE_CURVE('',#1032,#1033,#446,.T.);
#1340=EDGE_CURVE('',#1033,#1031,#833,.T.);
#1341=EDGE_CURVE('',#1034,#1032,#834,.T.);
#1342=EDGE_CURVE('',#1034,#1035,#447,.T.);
#1343=EDGE_CURVE('',#1035,#1033,#835,.T.);
#1344=EDGE_CURVE('',#1036,#1034,#836,.T.);
#1345=EDGE_CURVE('',#1036,#1037,#448,.T.);
#1346=EDGE_CURVE('',#1037,#1035,#837,.T.);
#1347=EDGE_CURVE('',#1038,#1036,#838,.T.);
#1348=EDGE_CURVE('',#1038,#1039,#449,.T.);
#1349=EDGE_CURVE('',#1039,#1037,#839,.T.);
#1350=EDGE_CURVE('',#1040,#1038,#840,.T.);
#1351=EDGE_CURVE('',#1040,#1041,#450,.T.);
#1352=EDGE_CURVE('',#1041,#1039,#841,.T.);
#1353=EDGE_CURVE('',#1042,#1040,#842,.T.);
#1354=EDGE_CURVE('',#1042,#1043,#451,.T.);
#1355=EDGE_CURVE('',#1043,#1041,#843,.T.);
#1356=EDGE_CURVE('',#1044,#1042,#844,.T.);
#1357=EDGE_CURVE('',#1044,#1045,#452,.T.);
#1358=EDGE_CURVE('',#1045,#1043,#845,.T.);
#1359=EDGE_CURVE('',#1046,#1044,#846,.T.);
#1360=EDGE_CURVE('',#1046,#1047,#453,.T.);
#1361=EDGE_CURVE('',#1047,#1045,#847,.T.);
#1362=EDGE_CURVE('',#1048,#1046,#848,.T.);
#1363=EDGE_CURVE('',#1048,#1049,#454,.T.);
#1364=EDGE_CURVE('',#1049,#1047,#849,.T.);
#1365=EDGE_CURVE('',#1050,#1048,#850,.T.);
#1366=EDGE_CURVE('',#1050,#1051,#455,.T.);
#1367=EDGE_CURVE('',#1051,#1049,#851,.T.);
#1368=EDGE_CURVE('',#1052,#1050,#852,.T.);
#1369=EDGE_CURVE('',#1052,#1053,#456,.T.);
#1370=EDGE_CURVE('',#1053,#1051,#853,.T.);
#1371=EDGE_CURVE('',#1054,#1052,#854,.T.);
#1372=EDGE_CURVE('',#1054,#1055,#457,.T.);
#1373=EDGE_CURVE('',#1055,#1053,#855,.T.);
#1374=EDGE_CURVE('',#1056,#1054,#856,.T.);
#1375=EDGE_CURVE('',#1056,#1057,#458,.T.);
#1376=EDGE_CURVE('',#1057,#1055,#857,.T.);
#1377=EDGE_CURVE('',#1058,#1056,#858,.T.);
#1378=EDGE_CURVE('',#1058,#1059,#459,.T.);
#1379=EDGE_CURVE('',#1059,#1057,#859,.T.);
#1380=EDGE_CURVE('',#1060,#1058,#860,.T.);
#1381=EDGE_CURVE('',#1060,#1061,#460,.T.);
#1382=EDGE_CURVE('',#1061,#1059,#861,.T.);
#1383=EDGE_CURVE('',#1062,#1060,#862,.T.);
#1384=EDGE_CURVE('',#1062,#1063,#461,.T.);
#1385=EDGE_CURVE('',#1063,#1061,#863,.T.);
#1386=EDGE_CURVE('',#1064,#1062,#864,.T.);
#1387=EDGE_CURVE('',#1064,#1065,#462,.T.);
#1388=EDGE_CURVE('',#1065,#1063,#865,.T.);
#1389=EDGE_CURVE('',#1066,#1064,#463,.T.);
#1390=EDGE_CURVE('',#1066,#1067,#464,.T.);
#1391=EDGE_CURVE('',#1067,#1065,#465,.T.);
#1392=EDGE_CURVE('',#999,#1066,#866,.T.);
#1393=EDGE_CURVE('',#1001,#1067,#867,.T.);
#1394=EDGE_CURVE('',#1068,#1069,#868,.T.);
#1395=EDGE_CURVE('',#1068,#1070,#466,.T.);
#1396=EDGE_CURVE('',#1070,#1071,#869,.T.);
#1397=EDGE_CURVE('',#1069,#1071,#467,.T.);
#1398=EDGE_CURVE('',#1072,#1068,#870,.T.);
#1399=EDGE_CURVE('',#1072,#1073,#468,.T.);
#1400=EDGE_CURVE('',#1073,#1070,#871,.T.);
#1401=EDGE_CURVE('',#1074,#1072,#872,.T.);
#1402=EDGE_CURVE('',#1074,#1075,#469,.T.);
#1403=EDGE_CURVE('',#1075,#1073,#873,.T.);
#1404=EDGE_CURVE('',#1076,#1074,#874,.T.);
#1405=EDGE_CURVE('',#1076,#1077,#470,.T.);
#1406=EDGE_CURVE('',#1077,#1075,#875,.T.);
#1407=EDGE_CURVE('',#1078,#1076,#876,.T.);
#1408=EDGE_CURVE('',#1078,#1079,#471,.T.);
#1409=EDGE_CURVE('',#1079,#1077,#877,.T.);
#1410=EDGE_CURVE('',#1080,#1078,#472,.T.);
#1411=EDGE_CURVE('',#1080,#1081,#473,.T.);
#1412=EDGE_CURVE('',#1081,#1079,#474,.T.);
#1413=EDGE_CURVE('',#1082,#1080,#475,.T.);
#1414=EDGE_CURVE('',#1082,#1083,#476,.T.);
#1415=EDGE_CURVE('',#1083,#1081,#477,.T.);
#1416=EDGE_CURVE('',#1084,#1082,#478,.T.);
#1417=EDGE_CURVE('',#1084,#1085,#479,.T.);
#1418=EDGE_CURVE('',#1085,#1083,#480,.T.);
#1419=EDGE_CURVE('',#1086,#1084,#878,.T.);
#1420=EDGE_CURVE('',#1086,#1087,#481,.T.);
#1421=EDGE_CURVE('',#1087,#1085,#879,.T.);
#1422=EDGE_CURVE('',#1088,#1086,#880,.T.);
#1423=EDGE_CURVE('',#1088,#1089,#482,.T.);
#1424=EDGE_CURVE('',#1089,#1087,#881,.T.);
#1425=EDGE_CURVE('',#1090,#1088,#882,.T.);
#1426=EDGE_CURVE('',#1090,#1091,#483,.T.);
#1427=EDGE_CURVE('',#1091,#1089,#883,.T.);
#1428=EDGE_CURVE('',#1092,#1090,#884,.T.);
#1429=EDGE_CURVE('',#1092,#1093,#484,.T.);
#1430=EDGE_CURVE('',#1093,#1091,#885,.T.);
#1431=EDGE_CURVE('',#1094,#1092,#886,.T.);
#1432=EDGE_CURVE('',#1094,#1095,#485,.T.);
#1433=EDGE_CURVE('',#1095,#1093,#887,.T.);
#1434=EDGE_CURVE('',#1096,#1094,#888,.T.);
#1435=EDGE_CURVE('',#1096,#1097,#486,.T.);
#1436=EDGE_CURVE('',#1097,#1095,#889,.T.);
#1437=EDGE_CURVE('',#1098,#1096,#487,.T.);
#1438=EDGE_CURVE('',#1098,#1099,#488,.T.);
#1439=EDGE_CURVE('',#1099,#1097,#489,.T.);
#1440=EDGE_CURVE('',#1100,#1098,#490,.T.);
#1441=EDGE_CURVE('',#1100,#1101,#491,.T.);
#1442=EDGE_CURVE('',#1101,#1099,#492,.T.);
#1443=EDGE_CURVE('',#1069,#1100,#493,.T.);
#1444=EDGE_CURVE('',#1071,#1101,#494,.T.);
#1445=EDGE_CURVE('',#1102,#1103,#495,.T.);
#1446=EDGE_CURVE('',#1102,#1104,#496,.T.);
#1447=EDGE_CURVE('',#1104,#1105,#497,.T.);
#1448=EDGE_CURVE('',#1103,#1105,#498,.T.);
#1449=EDGE_CURVE('',#1106,#1102,#499,.T.);
#1450=EDGE_CURVE('',#1106,#1107,#500,.T.);
#1451=EDGE_CURVE('',#1107,#1104,#501,.T.);
#1452=EDGE_CURVE('',#1108,#1106,#502,.T.);
#1453=EDGE_CURVE('',#1108,#1109,#503,.T.);
#1454=EDGE_CURVE('',#1109,#1107,#504,.T.);
#1455=EDGE_CURVE('',#1103,#1108,#505,.T.);
#1456=EDGE_CURVE('',#1105,#1109,#506,.T.);
#1457=EDGE_CURVE('',#1110,#1111,#890,.T.);
#1458=EDGE_CURVE('',#1110,#1112,#507,.T.);
#1459=EDGE_CURVE('',#1112,#1113,#891,.T.);
#1460=EDGE_CURVE('',#1111,#1113,#508,.T.);
#1461=EDGE_CURVE('',#1114,#1110,#892,.T.);
#1462=EDGE_CURVE('',#1114,#1115,#509,.T.);
#1463=EDGE_CURVE('',#1115,#1112,#893,.T.);
#1464=EDGE_CURVE('',#1116,#1114,#894,.T.);
#1465=EDGE_CURVE('',#1116,#1117,#510,.T.);
#1466=EDGE_CURVE('',#1117,#1115,#895,.T.);
#1467=EDGE_CURVE('',#1118,#1116,#896,.T.);
#1468=EDGE_CURVE('',#1118,#1119,#511,.T.);
#1469=EDGE_CURVE('',#1119,#1117,#897,.T.);
#1470=EDGE_CURVE('',#1120,#1118,#898,.T.);
#1471=EDGE_CURVE('',#1120,#1121,#512,.T.);
#1472=EDGE_CURVE('',#1121,#1119,#899,.T.);
#1473=EDGE_CURVE('',#1122,#1120,#513,.T.);
#1474=EDGE_CURVE('',#1122,#1123,#514,.T.);
#1475=EDGE_CURVE('',#1123,#1121,#515,.T.);
#1476=EDGE_CURVE('',#1124,#1122,#516,.T.);
#1477=EDGE_CURVE('',#1124,#1125,#517,.T.);
#1478=EDGE_CURVE('',#1125,#1123,#518,.T.);
#1479=EDGE_CURVE('',#1126,#1124,#519,.T.);
#1480=EDGE_CURVE('',#1126,#1127,#520,.T.);
#1481=EDGE_CURVE('',#1127,#1125,#521,.T.);
#1482=EDGE_CURVE('',#1128,#1126,#900,.T.);
#1483=EDGE_CURVE('',#1128,#1129,#522,.T.);
#1484=EDGE_CURVE('',#1129,#1127,#901,.T.);
#1485=EDGE_CURVE('',#1130,#1128,#902,.T.);
#1486=EDGE_CURVE('',#1130,#1131,#523,.T.);
#1487=EDGE_CURVE('',#1131,#1129,#903,.T.);
#1488=EDGE_CURVE('',#1132,#1130,#904,.T.);
#1489=EDGE_CURVE('',#1132,#1133,#524,.T.);
#1490=EDGE_CURVE('',#1133,#1131,#905,.T.);
#1491=EDGE_CURVE('',#1134,#1132,#906,.T.);
#1492=EDGE_CURVE('',#1134,#1135,#525,.T.);
#1493=EDGE_CURVE('',#1135,#1133,#907,.T.);
#1494=EDGE_CURVE('',#1136,#1134,#908,.T.);
#1495=EDGE_CURVE('',#1136,#1137,#526,.T.);
#1496=EDGE_CURVE('',#1137,#1135,#909,.T.);
#1497=EDGE_CURVE('',#1138,#1136,#910,.T.);
#1498=EDGE_CURVE('',#1138,#1139,#527,.T.);
#1499=EDGE_CURVE('',#1139,#1137,#911,.T.);
#1500=EDGE_CURVE('',#1140,#1138,#528,.T.);
#1501=EDGE_CURVE('',#1140,#1141,#529,.T.);
#1502=EDGE_CURVE('',#1141,#1139,#530,.T.);
#1503=EDGE_CURVE('',#1142,#1140,#531,.T.);
#1504=EDGE_CURVE('',#1142,#1143,#532,.T.);
#1505=EDGE_CURVE('',#1143,#1141,#533,.T.);
#1506=EDGE_CURVE('',#1111,#1142,#534,.T.);
#1507=EDGE_CURVE('',#1113,#1143,#535,.T.);
#1508=EDGE_CURVE('',#1144,#1145,#536,.T.);
#1509=EDGE_CURVE('',#1144,#1146,#537,.T.);
#1510=EDGE_CURVE('',#1146,#1147,#538,.T.);
#1511=EDGE_CURVE('',#1145,#1147,#539,.T.);
#1512=EDGE_CURVE('',#1148,#1144,#540,.T.);
#1513=EDGE_CURVE('',#1148,#1149,#541,.T.);
#1514=EDGE_CURVE('',#1149,#1146,#542,.T.);
#1515=EDGE_CURVE('',#1150,#1148,#543,.T.);
#1516=EDGE_CURVE('',#1150,#1151,#544,.T.);
#1517=EDGE_CURVE('',#1151,#1149,#545,.T.);
#1518=EDGE_CURVE('',#1145,#1150,#546,.T.);
#1519=EDGE_CURVE('',#1147,#1151,#547,.T.);
#1520=EDGE_CURVE('',#1152,#1152,#30,.T.);
#1521=EDGE_CURVE('',#1153,#1153,#31,.T.);
#1522=EDGE_CURVE('',#1153,#1152,#32,.T.);
#1523=EDGE_CURVE('',#1154,#1154,#33,.T.);
#1524=EDGE_CURVE('',#1154,#1155,#34,.T.);
#1525=EDGE_CURVE('',#1155,#1155,#35,.T.);
#1526=EDGE_CURVE('',#1156,#1156,#36,.T.);
#1527=EDGE_CURVE('',#1156,#1155,#548,.T.);
#1528=EDGE_CURVE('',#1157,#1157,#37,.T.);
#1529=EDGE_CURVE('',#1157,#1156,#38,.T.);
#1530=EDGE_CURVE('',#1158,#1158,#39,.T.);
#1531=EDGE_CURVE('',#1158,#1157,#549,.T.);
#1532=EDGE_CURVE('',#1159,#1158,#40,.T.);
#1533=ORIENTED_EDGE('',*,*,#1160,.F.);
#1534=ORIENTED_EDGE('',*,*,#1161,.T.);
#1535=ORIENTED_EDGE('',*,*,#1162,.T.);
#1536=ORIENTED_EDGE('',*,*,#1163,.F.);
#1537=ORIENTED_EDGE('',*,*,#1164,.F.);
#1538=ORIENTED_EDGE('',*,*,#1165,.T.);
#1539=ORIENTED_EDGE('',*,*,#1166,.T.);
#1540=ORIENTED_EDGE('',*,*,#1161,.F.);
#1541=ORIENTED_EDGE('',*,*,#1167,.F.);
#1542=ORIENTED_EDGE('',*,*,#1168,.T.);
#1543=ORIENTED_EDGE('',*,*,#1169,.T.);
#1544=ORIENTED_EDGE('',*,*,#1165,.F.);
#1545=ORIENTED_EDGE('',*,*,#1170,.F.);
#1546=ORIENTED_EDGE('',*,*,#1171,.T.);
#1547=ORIENTED_EDGE('',*,*,#1172,.T.);
#1548=ORIENTED_EDGE('',*,*,#1168,.F.);
#1549=ORIENTED_EDGE('',*,*,#1173,.F.);
#1550=ORIENTED_EDGE('',*,*,#1174,.T.);
#1551=ORIENTED_EDGE('',*,*,#1175,.T.);
#1552=ORIENTED_EDGE('',*,*,#1171,.F.);
#1553=ORIENTED_EDGE('',*,*,#1176,.F.);
#1554=ORIENTED_EDGE('',*,*,#1177,.T.);
#1555=ORIENTED_EDGE('',*,*,#1178,.T.);
#1556=ORIENTED_EDGE('',*,*,#1174,.F.);
#1557=ORIENTED_EDGE('',*,*,#1179,.F.);
#1558=ORIENTED_EDGE('',*,*,#1180,.T.);
#1559=ORIENTED_EDGE('',*,*,#1181,.T.);
#1560=ORIENTED_EDGE('',*,*,#1177,.F.);
#1561=ORIENTED_EDGE('',*,*,#1182,.F.);
#1562=ORIENTED_EDGE('',*,*,#1183,.T.);
#1563=ORIENTED_EDGE('',*,*,#1184,.T.);
#1564=ORIENTED_EDGE('',*,*,#1180,.F.);
#1565=ORIENTED_EDGE('',*,*,#1185,.F.);
#1566=ORIENTED_EDGE('',*,*,#1186,.T.);
#1567=ORIENTED_EDGE('',*,*,#1187,.T.);
#1568=ORIENTED_EDGE('',*,*,#1183,.F.);
#1569=ORIENTED_EDGE('',*,*,#1188,.F.);
#1570=ORIENTED_EDGE('',*,*,#1189,.T.);
#1571=ORIENTED_EDGE('',*,*,#1190,.T.);
#1572=ORIENTED_EDGE('',*,*,#1186,.F.);
#1573=ORIENTED_EDGE('',*,*,#1191,.F.);
#1574=ORIENTED_EDGE('',*,*,#1192,.T.);
#1575=ORIENTED_EDGE('',*,*,#1193,.T.);
#1576=ORIENTED_EDGE('',*,*,#1189,.F.);
#1577=ORIENTED_EDGE('',*,*,#1194,.F.);
#1578=ORIENTED_EDGE('',*,*,#1195,.T.);
#1579=ORIENTED_EDGE('',*,*,#1196,.T.);
#1580=ORIENTED_EDGE('',*,*,#1192,.F.);
#1581=ORIENTED_EDGE('',*,*,#1197,.F.);
#1582=ORIENTED_EDGE('',*,*,#1198,.T.);
#1583=ORIENTED_EDGE('',*,*,#1199,.T.);
#1584=ORIENTED_EDGE('',*,*,#1195,.F.);
#1585=ORIENTED_EDGE('',*,*,#1200,.F.);
#1586=ORIENTED_EDGE('',*,*,#1201,.T.);
#1587=ORIENTED_EDGE('',*,*,#1202,.T.);
#1588=ORIENTED_EDGE('',*,*,#1198,.F.);
#1589=ORIENTED_EDGE('',*,*,#1203,.F.);
#1590=ORIENTED_EDGE('',*,*,#1204,.T.);
#1591=ORIENTED_EDGE('',*,*,#1205,.T.);
#1592=ORIENTED_EDGE('',*,*,#1201,.F.);
#1593=ORIENTED_EDGE('',*,*,#1206,.F.);
#1594=ORIENTED_EDGE('',*,*,#1207,.T.);
#1595=ORIENTED_EDGE('',*,*,#1208,.T.);
#1596=ORIENTED_EDGE('',*,*,#1204,.F.);
#1597=ORIENTED_EDGE('',*,*,#1209,.F.);
#1598=ORIENTED_EDGE('',*,*,#1210,.T.);
#1599=ORIENTED_EDGE('',*,*,#1211,.T.);
#1600=ORIENTED_EDGE('',*,*,#1207,.F.);
#1601=ORIENTED_EDGE('',*,*,#1212,.F.);
#1602=ORIENTED_EDGE('',*,*,#1213,.T.);
#1603=ORIENTED_EDGE('',*,*,#1214,.T.);
#1604=ORIENTED_EDGE('',*,*,#1210,.F.);
#1605=ORIENTED_EDGE('',*,*,#1215,.F.);
#1606=ORIENTED_EDGE('',*,*,#1216,.T.);
#1607=ORIENTED_EDGE('',*,*,#1217,.T.);
#1608=ORIENTED_EDGE('',*,*,#1213,.F.);
#1609=ORIENTED_EDGE('',*,*,#1218,.F.);
#1610=ORIENTED_EDGE('',*,*,#1219,.T.);
#1611=ORIENTED_EDGE('',*,*,#1220,.T.);
#1612=ORIENTED_EDGE('',*,*,#1216,.F.);
#1613=ORIENTED_EDGE('',*,*,#1221,.F.);
#1614=ORIENTED_EDGE('',*,*,#1222,.T.);
#1615=ORIENTED_EDGE('',*,*,#1223,.T.);
#1616=ORIENTED_EDGE('',*,*,#1219,.F.);
#1617=ORIENTED_EDGE('',*,*,#1224,.F.);
#1618=ORIENTED_EDGE('',*,*,#1225,.T.);
#1619=ORIENTED_EDGE('',*,*,#1226,.T.);
#1620=ORIENTED_EDGE('',*,*,#1222,.F.);
#1621=ORIENTED_EDGE('',*,*,#1227,.F.);
#1622=ORIENTED_EDGE('',*,*,#1228,.T.);
#1623=ORIENTED_EDGE('',*,*,#1229,.T.);
#1624=ORIENTED_EDGE('',*,*,#1225,.F.);
#1625=ORIENTED_EDGE('',*,*,#1230,.F.);
#1626=ORIENTED_EDGE('',*,*,#1231,.T.);
#1627=ORIENTED_EDGE('',*,*,#1232,.T.);
#1628=ORIENTED_EDGE('',*,*,#1228,.F.);
#1629=ORIENTED_EDGE('',*,*,#1233,.F.);
#1630=ORIENTED_EDGE('',*,*,#1234,.T.);
#1631=ORIENTED_EDGE('',*,*,#1235,.T.);
#1632=ORIENTED_EDGE('',*,*,#1231,.F.);
#1633=ORIENTED_EDGE('',*,*,#1236,.F.);
#1634=ORIENTED_EDGE('',*,*,#1237,.T.);
#1635=ORIENTED_EDGE('',*,*,#1238,.T.);
#1636=ORIENTED_EDGE('',*,*,#1234,.F.);
#1637=ORIENTED_EDGE('',*,*,#1239,.F.);
#1638=ORIENTED_EDGE('',*,*,#1240,.T.);
#1639=ORIENTED_EDGE('',*,*,#1241,.T.);
#1640=ORIENTED_EDGE('',*,*,#1237,.F.);
#1641=ORIENTED_EDGE('',*,*,#1242,.F.);
#1642=ORIENTED_EDGE('',*,*,#1243,.T.);
#1643=ORIENTED_EDGE('',*,*,#1244,.T.);
#1644=ORIENTED_EDGE('',*,*,#1240,.F.);
#1645=ORIENTED_EDGE('',*,*,#1245,.F.);
#1646=ORIENTED_EDGE('',*,*,#1246,.T.);
#1647=ORIENTED_EDGE('',*,*,#1247,.T.);
#1648=ORIENTED_EDGE('',*,*,#1243,.F.);
#1649=ORIENTED_EDGE('',*,*,#1248,.F.);
#1650=ORIENTED_EDGE('',*,*,#1249,.T.);
#1651=ORIENTED_EDGE('',*,*,#1250,.T.);
#1652=ORIENTED_EDGE('',*,*,#1246,.F.);
#1653=ORIENTED_EDGE('',*,*,#1251,.F.);
#1654=ORIENTED_EDGE('',*,*,#1252,.T.);
#1655=ORIENTED_EDGE('',*,*,#1253,.T.);
#1656=ORIENTED_EDGE('',*,*,#1249,.F.);
#1657=ORIENTED_EDGE('',*,*,#1254,.F.);
#1658=ORIENTED_EDGE('',*,*,#1255,.T.);
#1659=ORIENTED_EDGE('',*,*,#1256,.T.);
#1660=ORIENTED_EDGE('',*,*,#1252,.F.);
#1661=ORIENTED_EDGE('',*,*,#1257,.F.);
#1662=ORIENTED_EDGE('',*,*,#1258,.T.);
#1663=ORIENTED_EDGE('',*,*,#1259,.T.);
#1664=ORIENTED_EDGE('',*,*,#1255,.F.);
#1665=ORIENTED_EDGE('',*,*,#1260,.F.);
#1666=ORIENTED_EDGE('',*,*,#1261,.T.);
#1667=ORIENTED_EDGE('',*,*,#1262,.T.);
#1668=ORIENTED_EDGE('',*,*,#1258,.F.);
#1669=ORIENTED_EDGE('',*,*,#1263,.F.);
#1670=ORIENTED_EDGE('',*,*,#1163,.T.);
#1671=ORIENTED_EDGE('',*,*,#1264,.T.);
#1672=ORIENTED_EDGE('',*,*,#1261,.F.);
#1673=ORIENTED_EDGE('',*,*,#1264,.F.);
#1674=ORIENTED_EDGE('',*,*,#1162,.F.);
#1675=ORIENTED_EDGE('',*,*,#1166,.F.);
#1676=ORIENTED_EDGE('',*,*,#1169,.F.);
#1677=ORIENTED_EDGE('',*,*,#1172,.F.);
#1678=ORIENTED_EDGE('',*,*,#1175,.F.);
#1679=ORIENTED_EDGE('',*,*,#1178,.F.);
#1680=ORIENTED_EDGE('',*,*,#1181,.F.);
#1681=ORIENTED_EDGE('',*,*,#1184,.F.);
#1682=ORIENTED_EDGE('',*,*,#1187,.F.);
#1683=ORIENTED_EDGE('',*,*,#1190,.F.);
#1684=ORIENTED_EDGE('',*,*,#1193,.F.);
#1685=ORIENTED_EDGE('',*,*,#1196,.F.);
#1686=ORIENTED_EDGE('',*,*,#1199,.F.);
#1687=ORIENTED_EDGE('',*,*,#1202,.F.);
#1688=ORIENTED_EDGE('',*,*,#1205,.F.);
#1689=ORIENTED_EDGE('',*,*,#1208,.F.);
#1690=ORIENTED_EDGE('',*,*,#1211,.F.);
#1691=ORIENTED_EDGE('',*,*,#1214,.F.);
#1692=ORIENTED_EDGE('',*,*,#1217,.F.);
#1693=ORIENTED_EDGE('',*,*,#1220,.F.);
#1694=ORIENTED_EDGE('',*,*,#1223,.F.);
#1695=ORIENTED_EDGE('',*,*,#1226,.F.);
#1696=ORIENTED_EDGE('',*,*,#1229,.F.);
#1697=ORIENTED_EDGE('',*,*,#1232,.F.);
#1698=ORIENTED_EDGE('',*,*,#1235,.F.);
#1699=ORIENTED_EDGE('',*,*,#1238,.F.);
#1700=ORIENTED_EDGE('',*,*,#1241,.F.);
#1701=ORIENTED_EDGE('',*,*,#1244,.F.);
#1702=ORIENTED_EDGE('',*,*,#1247,.F.);
#1703=ORIENTED_EDGE('',*,*,#1250,.F.);
#1704=ORIENTED_EDGE('',*,*,#1253,.F.);
#1705=ORIENTED_EDGE('',*,*,#1256,.F.);
#1706=ORIENTED_EDGE('',*,*,#1259,.F.);
#1707=ORIENTED_EDGE('',*,*,#1262,.F.);
#1708=ORIENTED_EDGE('',*,*,#1265,.F.);
#1709=ORIENTED_EDGE('',*,*,#1266,.T.);
#1710=ORIENTED_EDGE('',*,*,#1267,.T.);
#1711=ORIENTED_EDGE('',*,*,#1268,.F.);
#1712=ORIENTED_EDGE('',*,*,#1269,.F.);
#1713=ORIENTED_EDGE('',*,*,#1270,.T.);
#1714=ORIENTED_EDGE('',*,*,#1271,.T.);
#1715=ORIENTED_EDGE('',*,*,#1266,.F.);
#1716=ORIENTED_EDGE('',*,*,#1272,.F.);
#1717=ORIENTED_EDGE('',*,*,#1273,.T.);
#1718=ORIENTED_EDGE('',*,*,#1274,.T.);
#1719=ORIENTED_EDGE('',*,*,#1270,.F.);
#1720=ORIENTED_EDGE('',*,*,#1275,.F.);
#1721=ORIENTED_EDGE('',*,*,#1268,.T.);
#1722=ORIENTED_EDGE('',*,*,#1276,.T.);
#1723=ORIENTED_EDGE('',*,*,#1273,.F.);
#1724=ORIENTED_EDGE('',*,*,#1276,.F.);
#1725=ORIENTED_EDGE('',*,*,#1267,.F.);
#1726=ORIENTED_EDGE('',*,*,#1271,.F.);
#1727=ORIENTED_EDGE('',*,*,#1274,.F.);
#1728=ORIENTED_EDGE('',*,*,#1277,.F.);
#1729=ORIENTED_EDGE('',*,*,#1278,.T.);
#1730=ORIENTED_EDGE('',*,*,#1279,.T.);
#1731=ORIENTED_EDGE('',*,*,#1280,.F.);
#1732=ORIENTED_EDGE('',*,*,#1281,.F.);
#1733=ORIENTED_EDGE('',*,*,#1282,.T.);
#1734=ORIENTED_EDGE('',*,*,#1283,.T.);
#1735=ORIENTED_EDGE('',*,*,#1278,.F.);
#1736=ORIENTED_EDGE('',*,*,#1284,.F.);
#1737=ORIENTED_EDGE('',*,*,#1285,.T.);
#1738=ORIENTED_EDGE('',*,*,#1286,.T.);
#1739=ORIENTED_EDGE('',*,*,#1282,.F.);
#1740=ORIENTED_EDGE('',*,*,#1287,.F.);
#1741=ORIENTED_EDGE('',*,*,#1280,.T.);
#1742=ORIENTED_EDGE('',*,*,#1288,.T.);
#1743=ORIENTED_EDGE('',*,*,#1285,.F.);
#1744=ORIENTED_EDGE('',*,*,#1288,.F.);
#1745=ORIENTED_EDGE('',*,*,#1279,.F.);
#1746=ORIENTED_EDGE('',*,*,#1283,.F.);
#1747=ORIENTED_EDGE('',*,*,#1286,.F.);
#1748=ORIENTED_EDGE('',*,*,#1289,.F.);
#1749=ORIENTED_EDGE('',*,*,#1290,.T.);
#1750=ORIENTED_EDGE('',*,*,#1291,.T.);
#1751=ORIENTED_EDGE('',*,*,#1292,.F.);
#1752=ORIENTED_EDGE('',*,*,#1293,.F.);
#1753=ORIENTED_EDGE('',*,*,#1294,.T.);
#1754=ORIENTED_EDGE('',*,*,#1295,.T.);
#1755=ORIENTED_EDGE('',*,*,#1290,.F.);
#1756=ORIENTED_EDGE('',*,*,#1296,.F.);
#1757=ORIENTED_EDGE('',*,*,#1297,.T.);
#1758=ORIENTED_EDGE('',*,*,#1298,.T.);
#1759=ORIENTED_EDGE('',*,*,#1294,.F.);
#1760=ORIENTED_EDGE('',*,*,#1299,.F.);
#1761=ORIENTED_EDGE('',*,*,#1300,.T.);
#1762=ORIENTED_EDGE('',*,*,#1301,.T.);
#1763=ORIENTED_EDGE('',*,*,#1297,.F.);
#1764=ORIENTED_EDGE('',*,*,#1302,.F.);
#1765=ORIENTED_EDGE('',*,*,#1303,.T.);
#1766=ORIENTED_EDGE('',*,*,#1304,.T.);
#1767=ORIENTED_EDGE('',*,*,#1300,.F.);
#1768=ORIENTED_EDGE('',*,*,#1305,.F.);
#1769=ORIENTED_EDGE('',*,*,#1306,.T.);
#1770=ORIENTED_EDGE('',*,*,#1307,.T.);
#1771=ORIENTED_EDGE('',*,*,#1303,.F.);
#1772=ORIENTED_EDGE('',*,*,#1308,.F.);
#1773=ORIENTED_EDGE('',*,*,#1309,.T.);
#1774=ORIENTED_EDGE('',*,*,#1310,.T.);
#1775=ORIENTED_EDGE('',*,*,#1306,.F.);
#1776=ORIENTED_EDGE('',*,*,#1311,.F.);
#1777=ORIENTED_EDGE('',*,*,#1312,.T.);
#1778=ORIENTED_EDGE('',*,*,#1313,.T.);
#1779=ORIENTED_EDGE('',*,*,#1309,.F.);
#1780=ORIENTED_EDGE('',*,*,#1314,.F.);
#1781=ORIENTED_EDGE('',*,*,#1315,.T.);
#1782=ORIENTED_EDGE('',*,*,#1316,.T.);
#1783=ORIENTED_EDGE('',*,*,#1312,.F.);
#1784=ORIENTED_EDGE('',*,*,#1317,.F.);
#1785=ORIENTED_EDGE('',*,*,#1318,.T.);
#1786=ORIENTED_EDGE('',*,*,#1319,.T.);
#1787=ORIENTED_EDGE('',*,*,#1315,.F.);
#1788=ORIENTED_EDGE('',*,*,#1320,.F.);
#1789=ORIENTED_EDGE('',*,*,#1321,.T.);
#1790=ORIENTED_EDGE('',*,*,#1322,.T.);
#1791=ORIENTED_EDGE('',*,*,#1318,.F.);
#1792=ORIENTED_EDGE('',*,*,#1323,.F.);
#1793=ORIENTED_EDGE('',*,*,#1324,.T.);
#1794=ORIENTED_EDGE('',*,*,#1325,.T.);
#1795=ORIENTED_EDGE('',*,*,#1321,.F.);
#1796=ORIENTED_EDGE('',*,*,#1326,.F.);
#1797=ORIENTED_EDGE('',*,*,#1327,.T.);
#1798=ORIENTED_EDGE('',*,*,#1328,.T.);
#1799=ORIENTED_EDGE('',*,*,#1324,.F.);
#1800=ORIENTED_EDGE('',*,*,#1329,.F.);
#1801=ORIENTED_EDGE('',*,*,#1330,.T.);
#1802=ORIENTED_EDGE('',*,*,#1331,.T.);
#1803=ORIENTED_EDGE('',*,*,#1327,.F.);
#1804=ORIENTED_EDGE('',*,*,#1332,.F.);
#1805=ORIENTED_EDGE('',*,*,#1333,.T.);
#1806=ORIENTED_EDGE('',*,*,#1334,.T.);
#1807=ORIENTED_EDGE('',*,*,#1330,.F.);
#1808=ORIENTED_EDGE('',*,*,#1335,.F.);
#1809=ORIENTED_EDGE('',*,*,#1336,.T.);
#1810=ORIENTED_EDGE('',*,*,#1337,.T.);
#1811=ORIENTED_EDGE('',*,*,#1333,.F.);
#1812=ORIENTED_EDGE('',*,*,#1338,.F.);
#1813=ORIENTED_EDGE('',*,*,#1339,.T.);
#1814=ORIENTED_EDGE('',*,*,#1340,.T.);
#1815=ORIENTED_EDGE('',*,*,#1336,.F.);
#1816=ORIENTED_EDGE('',*,*,#1341,.F.);
#1817=ORIENTED_EDGE('',*,*,#1342,.T.);
#1818=ORIENTED_EDGE('',*,*,#1343,.T.);
#1819=ORIENTED_EDGE('',*,*,#1339,.F.);
#1820=ORIENTED_EDGE('',*,*,#1344,.F.);
#1821=ORIENTED_EDGE('',*,*,#1345,.T.);
#1822=ORIENTED_EDGE('',*,*,#1346,.T.);
#1823=ORIENTED_EDGE('',*,*,#1342,.F.);
#1824=ORIENTED_EDGE('',*,*,#1347,.F.);
#1825=ORIENTED_EDGE('',*,*,#1348,.T.);
#1826=ORIENTED_EDGE('',*,*,#1349,.T.);
#1827=ORIENTED_EDGE('',*,*,#1345,.F.);
#1828=ORIENTED_EDGE('',*,*,#1350,.F.);
#1829=ORIENTED_EDGE('',*,*,#1351,.T.);
#1830=ORIENTED_EDGE('',*,*,#1352,.T.);
#1831=ORIENTED_EDGE('',*,*,#1348,.F.);
#1832=ORIENTED_EDGE('',*,*,#1353,.F.);
#1833=ORIENTED_EDGE('',*,*,#1354,.T.);
#1834=ORIENTED_EDGE('',*,*,#1355,.T.);
#1835=ORIENTED_EDGE('',*,*,#1351,.F.);
#1836=ORIENTED_EDGE('',*,*,#1356,.F.);
#1837=ORIENTED_EDGE('',*,*,#1357,.T.);
#1838=ORIENTED_EDGE('',*,*,#1358,.T.);
#1839=ORIENTED_EDGE('',*,*,#1354,.F.);
#1840=ORIENTED_EDGE('',*,*,#1359,.F.);
#1841=ORIENTED_EDGE('',*,*,#1360,.T.);
#1842=ORIENTED_EDGE('',*,*,#1361,.T.);
#1843=ORIENTED_EDGE('',*,*,#1357,.F.);
#1844=ORIENTED_EDGE('',*,*,#1362,.F.);
#1845=ORIENTED_EDGE('',*,*,#1363,.T.);
#1846=ORIENTED_EDGE('',*,*,#1364,.T.);
#1847=ORIENTED_EDGE('',*,*,#1360,.F.);
#1848=ORIENTED_EDGE('',*,*,#1365,.F.);
#1849=ORIENTED_EDGE('',*,*,#1366,.T.);
#1850=ORIENTED_EDGE('',*,*,#1367,.T.);
#1851=ORIENTED_EDGE('',*,*,#1363,.F.);
#1852=ORIENTED_EDGE('',*,*,#1368,.F.);
#1853=ORIENTED_EDGE('',*,*,#1369,.T.);
#1854=ORIENTED_EDGE('',*,*,#1370,.T.);
#1855=ORIENTED_EDGE('',*,*,#1366,.F.);
#1856=ORIENTED_EDGE('',*,*,#1371,.F.);
#1857=ORIENTED_EDGE('',*,*,#1372,.T.);
#1858=ORIENTED_EDGE('',*,*,#1373,.T.);
#1859=ORIENTED_EDGE('',*,*,#1369,.F.);
#1860=ORIENTED_EDGE('',*,*,#1374,.F.);
#1861=ORIENTED_EDGE('',*,*,#1375,.T.);
#1862=ORIENTED_EDGE('',*,*,#1376,.T.);
#1863=ORIENTED_EDGE('',*,*,#1372,.F.);
#1864=ORIENTED_EDGE('',*,*,#1377,.F.);
#1865=ORIENTED_EDGE('',*,*,#1378,.T.);
#1866=ORIENTED_EDGE('',*,*,#1379,.T.);
#1867=ORIENTED_EDGE('',*,*,#1375,.F.);
#1868=ORIENTED_EDGE('',*,*,#1380,.F.);
#1869=ORIENTED_EDGE('',*,*,#1381,.T.);
#1870=ORIENTED_EDGE('',*,*,#1382,.T.);
#1871=ORIENTED_EDGE('',*,*,#1378,.F.);
#1872=ORIENTED_EDGE('',*,*,#1383,.F.);
#1873=ORIENTED_EDGE('',*,*,#1384,.T.);
#1874=ORIENTED_EDGE('',*,*,#1385,.T.);
#1875=ORIENTED_EDGE('',*,*,#1381,.F.);
#1876=ORIENTED_EDGE('',*,*,#1386,.F.);
#1877=ORIENTED_EDGE('',*,*,#1387,.T.);
#1878=ORIENTED_EDGE('',*,*,#1388,.T.);
#1879=ORIENTED_EDGE('',*,*,#1384,.F.);
#1880=ORIENTED_EDGE('',*,*,#1389,.F.);
#1881=ORIENTED_EDGE('',*,*,#1390,.T.);
#1882=ORIENTED_EDGE('',*,*,#1391,.T.);
#1883=ORIENTED_EDGE('',*,*,#1387,.F.);
#1884=ORIENTED_EDGE('',*,*,#1392,.F.);
#1885=ORIENTED_EDGE('',*,*,#1292,.T.);
#1886=ORIENTED_EDGE('',*,*,#1393,.T.);
#1887=ORIENTED_EDGE('',*,*,#1390,.F.);
#1888=ORIENTED_EDGE('',*,*,#1393,.F.);
#1889=ORIENTED_EDGE('',*,*,#1291,.F.);
#1890=ORIENTED_EDGE('',*,*,#1295,.F.);
#1891=ORIENTED_EDGE('',*,*,#1298,.F.);
#1892=ORIENTED_EDGE('',*,*,#1301,.F.);
#1893=ORIENTED_EDGE('',*,*,#1304,.F.);
#1894=ORIENTED_EDGE('',*,*,#1307,.F.);
#1895=ORIENTED_EDGE('',*,*,#1310,.F.);
#1896=ORIENTED_EDGE('',*,*,#1313,.F.);
#1897=ORIENTED_EDGE('',*,*,#1316,.F.);
#1898=ORIENTED_EDGE('',*,*,#1319,.F.);
#1899=ORIENTED_EDGE('',*,*,#1322,.F.);
#1900=ORIENTED_EDGE('',*,*,#1325,.F.);
#1901=ORIENTED_EDGE('',*,*,#1328,.F.);
#1902=ORIENTED_EDGE('',*,*,#1331,.F.);
#1903=ORIENTED_EDGE('',*,*,#1334,.F.);
#1904=ORIENTED_EDGE('',*,*,#1337,.F.);
#1905=ORIENTED_EDGE('',*,*,#1340,.F.);
#1906=ORIENTED_EDGE('',*,*,#1343,.F.);
#1907=ORIENTED_EDGE('',*,*,#1346,.F.);
#1908=ORIENTED_EDGE('',*,*,#1349,.F.);
#1909=ORIENTED_EDGE('',*,*,#1352,.F.);
#1910=ORIENTED_EDGE('',*,*,#1355,.F.);
#1911=ORIENTED_EDGE('',*,*,#1358,.F.);
#1912=ORIENTED_EDGE('',*,*,#1361,.F.);
#1913=ORIENTED_EDGE('',*,*,#1364,.F.);
#1914=ORIENTED_EDGE('',*,*,#1367,.F.);
#1915=ORIENTED_EDGE('',*,*,#1370,.F.);
#1916=ORIENTED_EDGE('',*,*,#1373,.F.);
#1917=ORIENTED_EDGE('',*,*,#1376,.F.);
#1918=ORIENTED_EDGE('',*,*,#1379,.F.);
#1919=ORIENTED_EDGE('',*,*,#1382,.F.);
#1920=ORIENTED_EDGE('',*,*,#1385,.F.);
#1921=ORIENTED_EDGE('',*,*,#1388,.F.);
#1922=ORIENTED_EDGE('',*,*,#1391,.F.);
#1923=ORIENTED_EDGE('',*,*,#1394,.F.);
#1924=ORIENTED_EDGE('',*,*,#1395,.T.);
#1925=ORIENTED_EDGE('',*,*,#1396,.T.);
#1926=ORIENTED_EDGE('',*,*,#1397,.F.);
#1927=ORIENTED_EDGE('',*,*,#1398,.F.);
#1928=ORIENTED_EDGE('',*,*,#1399,.T.);
#1929=ORIENTED_EDGE('',*,*,#1400,.T.);
#1930=ORIENTED_EDGE('',*,*,#1395,.F.);
#1931=ORIENTED_EDGE('',*,*,#1401,.F.);
#1932=ORIENTED_EDGE('',*,*,#1402,.T.);
#1933=ORIENTED_EDGE('',*,*,#1403,.T.);
#1934=ORIENTED_EDGE('',*,*,#1399,.F.);
#1935=ORIENTED_EDGE('',*,*,#1404,.F.);
#1936=ORIENTED_EDGE('',*,*,#1405,.T.);
#1937=ORIENTED_EDGE('',*,*,#1406,.T.);
#1938=ORIENTED_EDGE('',*,*,#1402,.F.);
#1939=ORIENTED_EDGE('',*,*,#1407,.F.);
#1940=ORIENTED_EDGE('',*,*,#1408,.T.);
#1941=ORIENTED_EDGE('',*,*,#1409,.T.);
#1942=ORIENTED_EDGE('',*,*,#1405,.F.);
#1943=ORIENTED_EDGE('',*,*,#1410,.F.);
#1944=ORIENTED_EDGE('',*,*,#1411,.T.);
#1945=ORIENTED_EDGE('',*,*,#1412,.T.);
#1946=ORIENTED_EDGE('',*,*,#1408,.F.);
#1947=ORIENTED_EDGE('',*,*,#1413,.F.);
#1948=ORIENTED_EDGE('',*,*,#1414,.T.);
#1949=ORIENTED_EDGE('',*,*,#1415,.T.);
#1950=ORIENTED_EDGE('',*,*,#1411,.F.);
#1951=ORIENTED_EDGE('',*,*,#1416,.F.);
#1952=ORIENTED_EDGE('',*,*,#1417,.T.);
#1953=ORIENTED_EDGE('',*,*,#1418,.T.);
#1954=ORIENTED_EDGE('',*,*,#1414,.F.);
#1955=ORIENTED_EDGE('',*,*,#1419,.F.);
#1956=ORIENTED_EDGE('',*,*,#1420,.T.);
#1957=ORIENTED_EDGE('',*,*,#1421,.T.);
#1958=ORIENTED_EDGE('',*,*,#1417,.F.);
#1959=ORIENTED_EDGE('',*,*,#1422,.F.);
#1960=ORIENTED_EDGE('',*,*,#1423,.T.);
#1961=ORIENTED_EDGE('',*,*,#1424,.T.);
#1962=ORIENTED_EDGE('',*,*,#1420,.F.);
#1963=ORIENTED_EDGE('',*,*,#1425,.F.);
#1964=ORIENTED_EDGE('',*,*,#1426,.T.);
#1965=ORIENTED_EDGE('',*,*,#1427,.T.);
#1966=ORIENTED_EDGE('',*,*,#1423,.F.);
#1967=ORIENTED_EDGE('',*,*,#1428,.F.);
#1968=ORIENTED_EDGE('',*,*,#1429,.T.);
#1969=ORIENTED_EDGE('',*,*,#1430,.T.);
#1970=ORIENTED_EDGE('',*,*,#1426,.F.);
#1971=ORIENTED_EDGE('',*,*,#1431,.F.);
#1972=ORIENTED_EDGE('',*,*,#1432,.T.);
#1973=ORIENTED_EDGE('',*,*,#1433,.T.);
#1974=ORIENTED_EDGE('',*,*,#1429,.F.);
#1975=ORIENTED_EDGE('',*,*,#1434,.F.);
#1976=ORIENTED_EDGE('',*,*,#1435,.T.);
#1977=ORIENTED_EDGE('',*,*,#1436,.T.);
#1978=ORIENTED_EDGE('',*,*,#1432,.F.);
#1979=ORIENTED_EDGE('',*,*,#1437,.F.);
#1980=ORIENTED_EDGE('',*,*,#1438,.T.);
#1981=ORIENTED_EDGE('',*,*,#1439,.T.);
#1982=ORIENTED_EDGE('',*,*,#1435,.F.);
#1983=ORIENTED_EDGE('',*,*,#1440,.F.);
#1984=ORIENTED_EDGE('',*,*,#1441,.T.);
#1985=ORIENTED_EDGE('',*,*,#1442,.T.);
#1986=ORIENTED_EDGE('',*,*,#1438,.F.);
#1987=ORIENTED_EDGE('',*,*,#1443,.F.);
#1988=ORIENTED_EDGE('',*,*,#1397,.T.);
#1989=ORIENTED_EDGE('',*,*,#1444,.T.);
#1990=ORIENTED_EDGE('',*,*,#1441,.F.);
#1991=ORIENTED_EDGE('',*,*,#1444,.F.);
#1992=ORIENTED_EDGE('',*,*,#1396,.F.);
#1993=ORIENTED_EDGE('',*,*,#1400,.F.);
#1994=ORIENTED_EDGE('',*,*,#1403,.F.);
#1995=ORIENTED_EDGE('',*,*,#1406,.F.);
#1996=ORIENTED_EDGE('',*,*,#1409,.F.);
#1997=ORIENTED_EDGE('',*,*,#1412,.F.);
#1998=ORIENTED_EDGE('',*,*,#1415,.F.);
#1999=ORIENTED_EDGE('',*,*,#1418,.F.);
#2000=ORIENTED_EDGE('',*,*,#1421,.F.);
#2001=ORIENTED_EDGE('',*,*,#1424,.F.);
#2002=ORIENTED_EDGE('',*,*,#1427,.F.);
#2003=ORIENTED_EDGE('',*,*,#1430,.F.);
#2004=ORIENTED_EDGE('',*,*,#1433,.F.);
#2005=ORIENTED_EDGE('',*,*,#1436,.F.);
#2006=ORIENTED_EDGE('',*,*,#1439,.F.);
#2007=ORIENTED_EDGE('',*,*,#1442,.F.);
#2008=ORIENTED_EDGE('',*,*,#1445,.F.);
#2009=ORIENTED_EDGE('',*,*,#1446,.T.);
#2010=ORIENTED_EDGE('',*,*,#1447,.T.);
#2011=ORIENTED_EDGE('',*,*,#1448,.F.);
#2012=ORIENTED_EDGE('',*,*,#1449,.F.);
#2013=ORIENTED_EDGE('',*,*,#1450,.T.);
#2014=ORIENTED_EDGE('',*,*,#1451,.T.);
#2015=ORIENTED_EDGE('',*,*,#1446,.F.);
#2016=ORIENTED_EDGE('',*,*,#1452,.F.);
#2017=ORIENTED_EDGE('',*,*,#1453,.T.);
#2018=ORIENTED_EDGE('',*,*,#1454,.T.);
#2019=ORIENTED_EDGE('',*,*,#1450,.F.);
#2020=ORIENTED_EDGE('',*,*,#1455,.F.);
#2021=ORIENTED_EDGE('',*,*,#1448,.T.);
#2022=ORIENTED_EDGE('',*,*,#1456,.T.);
#2023=ORIENTED_EDGE('',*,*,#1453,.F.);
#2024=ORIENTED_EDGE('',*,*,#1456,.F.);
#2025=ORIENTED_EDGE('',*,*,#1447,.F.);
#2026=ORIENTED_EDGE('',*,*,#1451,.F.);
#2027=ORIENTED_EDGE('',*,*,#1454,.F.);
#2028=ORIENTED_EDGE('',*,*,#1457,.F.);
#2029=ORIENTED_EDGE('',*,*,#1458,.T.);
#2030=ORIENTED_EDGE('',*,*,#1459,.T.);
#2031=ORIENTED_EDGE('',*,*,#1460,.F.);
#2032=ORIENTED_EDGE('',*,*,#1461,.F.);
#2033=ORIENTED_EDGE('',*,*,#1462,.T.);
#2034=ORIENTED_EDGE('',*,*,#1463,.T.);
#2035=ORIENTED_EDGE('',*,*,#1458,.F.);
#2036=ORIENTED_EDGE('',*,*,#1464,.F.);
#2037=ORIENTED_EDGE('',*,*,#1465,.T.);
#2038=ORIENTED_EDGE('',*,*,#1466,.T.);
#2039=ORIENTED_EDGE('',*,*,#1462,.F.);
#2040=ORIENTED_EDGE('',*,*,#1467,.F.);
#2041=ORIENTED_EDGE('',*,*,#1468,.T.);
#2042=ORIENTED_EDGE('',*,*,#1469,.T.);
#2043=ORIENTED_EDGE('',*,*,#1465,.F.);
#2044=ORIENTED_EDGE('',*,*,#1470,.F.);
#2045=ORIENTED_EDGE('',*,*,#1471,.T.);
#2046=ORIENTED_EDGE('',*,*,#1472,.T.);
#2047=ORIENTED_EDGE('',*,*,#1468,.F.);
#2048=ORIENTED_EDGE('',*,*,#1473,.F.);
#2049=ORIENTED_EDGE('',*,*,#1474,.T.);
#2050=ORIENTED_EDGE('',*,*,#1475,.T.);
#2051=ORIENTED_EDGE('',*,*,#1471,.F.);
#2052=ORIENTED_EDGE('',*,*,#1476,.F.);
#2053=ORIENTED_EDGE('',*,*,#1477,.T.);
#2054=ORIENTED_EDGE('',*,*,#1478,.T.);
#2055=ORIENTED_EDGE('',*,*,#1474,.F.);
#2056=ORIENTED_EDGE('',*,*,#1479,.F.);
#2057=ORIENTED_EDGE('',*,*,#1480,.T.);
#2058=ORIENTED_EDGE('',*,*,#1481,.T.);
#2059=ORIENTED_EDGE('',*,*,#1477,.F.);
#2060=ORIENTED_EDGE('',*,*,#1482,.F.);
#2061=ORIENTED_EDGE('',*,*,#1483,.T.);
#2062=ORIENTED_EDGE('',*,*,#1484,.T.);
#2063=ORIENTED_EDGE('',*,*,#1480,.F.);
#2064=ORIENTED_EDGE('',*,*,#1485,.F.);
#2065=ORIENTED_EDGE('',*,*,#1486,.T.);
#2066=ORIENTED_EDGE('',*,*,#1487,.T.);
#2067=ORIENTED_EDGE('',*,*,#1483,.F.);
#2068=ORIENTED_EDGE('',*,*,#1488,.F.);
#2069=ORIENTED_EDGE('',*,*,#1489,.T.);
#2070=ORIENTED_EDGE('',*,*,#1490,.T.);
#2071=ORIENTED_EDGE('',*,*,#1486,.F.);
#2072=ORIENTED_EDGE('',*,*,#1491,.F.);
#2073=ORIENTED_EDGE('',*,*,#1492,.T.);
#2074=ORIENTED_EDGE('',*,*,#1493,.T.);
#2075=ORIENTED_EDGE('',*,*,#1489,.F.);
#2076=ORIENTED_EDGE('',*,*,#1494,.F.);
#2077=ORIENTED_EDGE('',*,*,#1495,.T.);
#2078=ORIENTED_EDGE('',*,*,#1496,.T.);
#2079=ORIENTED_EDGE('',*,*,#1492,.F.);
#2080=ORIENTED_EDGE('',*,*,#1497,.F.);
#2081=ORIENTED_EDGE('',*,*,#1498,.T.);
#2082=ORIENTED_EDGE('',*,*,#1499,.T.);
#2083=ORIENTED_EDGE('',*,*,#1495,.F.);
#2084=ORIENTED_EDGE('',*,*,#1500,.F.);
#2085=ORIENTED_EDGE('',*,*,#1501,.T.);
#2086=ORIENTED_EDGE('',*,*,#1502,.T.);
#2087=ORIENTED_EDGE('',*,*,#1498,.F.);
#2088=ORIENTED_EDGE('',*,*,#1503,.F.);
#2089=ORIENTED_EDGE('',*,*,#1504,.T.);
#2090=ORIENTED_EDGE('',*,*,#1505,.T.);
#2091=ORIENTED_EDGE('',*,*,#1501,.F.);
#2092=ORIENTED_EDGE('',*,*,#1506,.F.);
#2093=ORIENTED_EDGE('',*,*,#1460,.T.);
#2094=ORIENTED_EDGE('',*,*,#1507,.T.);
#2095=ORIENTED_EDGE('',*,*,#1504,.F.);
#2096=ORIENTED_EDGE('',*,*,#1507,.F.);
#2097=ORIENTED_EDGE('',*,*,#1459,.F.);
#2098=ORIENTED_EDGE('',*,*,#1463,.F.);
#2099=ORIENTED_EDGE('',*,*,#1466,.F.);
#2100=ORIENTED_EDGE('',*,*,#1469,.F.);
#2101=ORIENTED_EDGE('',*,*,#1472,.F.);
#2102=ORIENTED_EDGE('',*,*,#1475,.F.);
#2103=ORIENTED_EDGE('',*,*,#1478,.F.);
#2104=ORIENTED_EDGE('',*,*,#1481,.F.);
#2105=ORIENTED_EDGE('',*,*,#1484,.F.);
#2106=ORIENTED_EDGE('',*,*,#1487,.F.);
#2107=ORIENTED_EDGE('',*,*,#1490,.F.);
#2108=ORIENTED_EDGE('',*,*,#1493,.F.);
#2109=ORIENTED_EDGE('',*,*,#1496,.F.);
#2110=ORIENTED_EDGE('',*,*,#1499,.F.);
#2111=ORIENTED_EDGE('',*,*,#1502,.F.);
#2112=ORIENTED_EDGE('',*,*,#1505,.F.);
#2113=ORIENTED_EDGE('',*,*,#1508,.F.);
#2114=ORIENTED_EDGE('',*,*,#1509,.T.);
#2115=ORIENTED_EDGE('',*,*,#1510,.T.);
#2116=ORIENTED_EDGE('',*,*,#1511,.F.);
#2117=ORIENTED_EDGE('',*,*,#1512,.F.);
#2118=ORIENTED_EDGE('',*,*,#1513,.T.);
#2119=ORIENTED_EDGE('',*,*,#1514,.T.);
#2120=ORIENTED_EDGE('',*,*,#1509,.F.);
#2121=ORIENTED_EDGE('',*,*,#1515,.F.);
#2122=ORIENTED_EDGE('',*,*,#1516,.T.);
#2123=ORIENTED_EDGE('',*,*,#1517,.T.);
#2124=ORIENTED_EDGE('',*,*,#1513,.F.);
#2125=ORIENTED_EDGE('',*,*,#1518,.F.);
#2126=ORIENTED_EDGE('',*,*,#1511,.T.);
#2127=ORIENTED_EDGE('',*,*,#1519,.T.);
#2128=ORIENTED_EDGE('',*,*,#1516,.F.);
#2129=ORIENTED_EDGE('',*,*,#1519,.F.);
#2130=ORIENTED_EDGE('',*,*,#1510,.F.);
#2131=ORIENTED_EDGE('',*,*,#1514,.F.);
#2132=ORIENTED_EDGE('',*,*,#1517,.F.);
#2133=ORIENTED_EDGE('',*,*,#1520,.F.);
#2134=ORIENTED_EDGE('',*,*,#1508,.T.);
#2135=ORIENTED_EDGE('',*,*,#1518,.T.);
#2136=ORIENTED_EDGE('',*,*,#1515,.T.);
#2137=ORIENTED_EDGE('',*,*,#1512,.T.);
#2138=ORIENTED_EDGE('',*,*,#1457,.T.);
#2139=ORIENTED_EDGE('',*,*,#1506,.T.);
#2140=ORIENTED_EDGE('',*,*,#1503,.T.);
#2141=ORIENTED_EDGE('',*,*,#1500,.T.);
#2142=ORIENTED_EDGE('',*,*,#1497,.T.);
#2143=ORIENTED_EDGE('',*,*,#1494,.T.);
#2144=ORIENTED_EDGE('',*,*,#1491,.T.);
#2145=ORIENTED_EDGE('',*,*,#1488,.T.);
#2146=ORIENTED_EDGE('',*,*,#1485,.T.);
#2147=ORIENTED_EDGE('',*,*,#1482,.T.);
#2148=ORIENTED_EDGE('',*,*,#1479,.T.);
#2149=ORIENTED_EDGE('',*,*,#1476,.T.);
#2150=ORIENTED_EDGE('',*,*,#1473,.T.);
#2151=ORIENTED_EDGE('',*,*,#1470,.T.);
#2152=ORIENTED_EDGE('',*,*,#1467,.T.);
#2153=ORIENTED_EDGE('',*,*,#1464,.T.);
#2154=ORIENTED_EDGE('',*,*,#1461,.T.);
#2155=ORIENTED_EDGE('',*,*,#1445,.T.);
#2156=ORIENTED_EDGE('',*,*,#1455,.T.);
#2157=ORIENTED_EDGE('',*,*,#1452,.T.);
#2158=ORIENTED_EDGE('',*,*,#1449,.T.);
#2159=ORIENTED_EDGE('',*,*,#1394,.T.);
#2160=ORIENTED_EDGE('',*,*,#1443,.T.);
#2161=ORIENTED_EDGE('',*,*,#1440,.T.);
#2162=ORIENTED_EDGE('',*,*,#1437,.T.);
#2163=ORIENTED_EDGE('',*,*,#1434,.T.);
#2164=ORIENTED_EDGE('',*,*,#1431,.T.);
#2165=ORIENTED_EDGE('',*,*,#1428,.T.);
#2166=ORIENTED_EDGE('',*,*,#1425,.T.);
#2167=ORIENTED_EDGE('',*,*,#1422,.T.);
#2168=ORIENTED_EDGE('',*,*,#1419,.T.);
#2169=ORIENTED_EDGE('',*,*,#1416,.T.);
#2170=ORIENTED_EDGE('',*,*,#1413,.T.);
#2171=ORIENTED_EDGE('',*,*,#1410,.T.);
#2172=ORIENTED_EDGE('',*,*,#1407,.T.);
#2173=ORIENTED_EDGE('',*,*,#1404,.T.);
#2174=ORIENTED_EDGE('',*,*,#1401,.T.);
#2175=ORIENTED_EDGE('',*,*,#1398,.T.);
#2176=ORIENTED_EDGE('',*,*,#1289,.T.);
#2177=ORIENTED_EDGE('',*,*,#1392,.T.);
#2178=ORIENTED_EDGE('',*,*,#1389,.T.);
#2179=ORIENTED_EDGE('',*,*,#1386,.T.);
#2180=ORIENTED_EDGE('',*,*,#1383,.T.);
#2181=ORIENTED_EDGE('',*,*,#1380,.T.);
#2182=ORIENTED_EDGE('',*,*,#1377,.T.);
#2183=ORIENTED_EDGE('',*,*,#1374,.T.);
#2184=ORIENTED_EDGE('',*,*,#1371,.T.);
#2185=ORIENTED_EDGE('',*,*,#1368,.T.);
#2186=ORIENTED_EDGE('',*,*,#1365,.T.);
#2187=ORIENTED_EDGE('',*,*,#1362,.T.);
#2188=ORIENTED_EDGE('',*,*,#1359,.T.);
#2189=ORIENTED_EDGE('',*,*,#1356,.T.);
#2190=ORIENTED_EDGE('',*,*,#1353,.T.);
#2191=ORIENTED_EDGE('',*,*,#1350,.T.);
#2192=ORIENTED_EDGE('',*,*,#1347,.T.);
#2193=ORIENTED_EDGE('',*,*,#1344,.T.);
#2194=ORIENTED_EDGE('',*,*,#1341,.T.);
#2195=ORIENTED_EDGE('',*,*,#1338,.T.);
#2196=ORIENTED_EDGE('',*,*,#1335,.T.);
#2197=ORIENTED_EDGE('',*,*,#1332,.T.);
#2198=ORIENTED_EDGE('',*,*,#1329,.T.);
#2199=ORIENTED_EDGE('',*,*,#1326,.T.);
#2200=ORIENTED_EDGE('',*,*,#1323,.T.);
#2201=ORIENTED_EDGE('',*,*,#1320,.T.);
#2202=ORIENTED_EDGE('',*,*,#1317,.T.);
#2203=ORIENTED_EDGE('',*,*,#1314,.T.);
#2204=ORIENTED_EDGE('',*,*,#1311,.T.);
#2205=ORIENTED_EDGE('',*,*,#1308,.T.);
#2206=ORIENTED_EDGE('',*,*,#1305,.T.);
#2207=ORIENTED_EDGE('',*,*,#1302,.T.);
#2208=ORIENTED_EDGE('',*,*,#1299,.T.);
#2209=ORIENTED_EDGE('',*,*,#1296,.T.);
#2210=ORIENTED_EDGE('',*,*,#1293,.T.);
#2211=ORIENTED_EDGE('',*,*,#1277,.T.);
#2212=ORIENTED_EDGE('',*,*,#1287,.T.);
#2213=ORIENTED_EDGE('',*,*,#1284,.T.);
#2214=ORIENTED_EDGE('',*,*,#1281,.T.);
#2215=ORIENTED_EDGE('',*,*,#1265,.T.);
#2216=ORIENTED_EDGE('',*,*,#1275,.T.);
#2217=ORIENTED_EDGE('',*,*,#1272,.T.);
#2218=ORIENTED_EDGE('',*,*,#1269,.T.);
#2219=ORIENTED_EDGE('',*,*,#1160,.T.);
#2220=ORIENTED_EDGE('',*,*,#1263,.T.);
#2221=ORIENTED_EDGE('',*,*,#1260,.T.);
#2222=ORIENTED_EDGE('',*,*,#1257,.T.);
#2223=ORIENTED_EDGE('',*,*,#1254,.T.);
#2224=ORIENTED_EDGE('',*,*,#1251,.T.);
#2225=ORIENTED_EDGE('',*,*,#1248,.T.);
#2226=ORIENTED_EDGE('',*,*,#1245,.T.);
#2227=ORIENTED_EDGE('',*,*,#1242,.T.);
#2228=ORIENTED_EDGE('',*,*,#1239,.T.);
#2229=ORIENTED_EDGE('',*,*,#1236,.T.);
#2230=ORIENTED_EDGE('',*,*,#1233,.T.);
#2231=ORIENTED_EDGE('',*,*,#1230,.T.);
#2232=ORIENTED_EDGE('',*,*,#1227,.T.);
#2233=ORIENTED_EDGE('',*,*,#1224,.T.);
#2234=ORIENTED_EDGE('',*,*,#1221,.T.);
#2235=ORIENTED_EDGE('',*,*,#1218,.T.);
#2236=ORIENTED_EDGE('',*,*,#1215,.T.);
#2237=ORIENTED_EDGE('',*,*,#1212,.T.);
#2238=ORIENTED_EDGE('',*,*,#1209,.T.);
#2239=ORIENTED_EDGE('',*,*,#1206,.T.);
#2240=ORIENTED_EDGE('',*,*,#1203,.T.);
#2241=ORIENTED_EDGE('',*,*,#1200,.T.);
#2242=ORIENTED_EDGE('',*,*,#1197,.T.);
#2243=ORIENTED_EDGE('',*,*,#1194,.T.);
#2244=ORIENTED_EDGE('',*,*,#1191,.T.);
#2245=ORIENTED_EDGE('',*,*,#1188,.T.);
#2246=ORIENTED_EDGE('',*,*,#1185,.T.);
#2247=ORIENTED_EDGE('',*,*,#1182,.T.);
#2248=ORIENTED_EDGE('',*,*,#1179,.T.);
#2249=ORIENTED_EDGE('',*,*,#1176,.T.);
#2250=ORIENTED_EDGE('',*,*,#1173,.T.);
#2251=ORIENTED_EDGE('',*,*,#1170,.T.);
#2252=ORIENTED_EDGE('',*,*,#1167,.T.);
#2253=ORIENTED_EDGE('',*,*,#1164,.T.);
#2254=ORIENTED_EDGE('',*,*,#1521,.F.);
#2255=ORIENTED_EDGE('',*,*,#1522,.T.);
#2256=ORIENTED_EDGE('',*,*,#1520,.T.);
#2257=ORIENTED_EDGE('',*,*,#1522,.F.);
#2258=ORIENTED_EDGE('',*,*,#1521,.T.);
#2259=ORIENTED_EDGE('',*,*,#1523,.F.);
#2260=ORIENTED_EDGE('',*,*,#1523,.T.);
#2261=ORIENTED_EDGE('',*,*,#1524,.T.);
#2262=ORIENTED_EDGE('',*,*,#1525,.F.);
#2263=ORIENTED_EDGE('',*,*,#1524,.F.);
#2264=ORIENTED_EDGE('',*,*,#1526,.F.);
#2265=ORIENTED_EDGE('',*,*,#1527,.T.);
#2266=ORIENTED_EDGE('',*,*,#1525,.T.);
#2267=ORIENTED_EDGE('',*,*,#1527,.F.);
#2268=ORIENTED_EDGE('',*,*,#1528,.F.);
#2269=ORIENTED_EDGE('',*,*,#1529,.T.);
#2270=ORIENTED_EDGE('',*,*,#1526,.T.);
#2271=ORIENTED_EDGE('',*,*,#1529,.F.);
#2272=ORIENTED_EDGE('',*,*,#1530,.F.);
#2273=ORIENTED_EDGE('',*,*,#1531,.T.);
#2274=ORIENTED_EDGE('',*,*,#1528,.T.);
#2275=ORIENTED_EDGE('',*,*,#1531,.F.);
#2276=ORIENTED_EDGE('',*,*,#1532,.T.);
#2277=ORIENTED_EDGE('',*,*,#1530,.T.);
#2278=ORIENTED_EDGE('',*,*,#1532,.F.);
#2279=B_SPLINE_SURFACE_WITH_KNOTS('',3,1,((#2880,#2881),(#2882,#2883),(#2884,
#2885),(#2886,#2887),(#2888,#2889)),.UNSPECIFIED.,.F.,.F.,.F.,(4,1,4),(2,
2),(0.,0.0190977455651386,0.03771813234706),(0.,0.1),.UNSPECIFIED.);
#2280=B_SPLINE_SURFACE_WITH_KNOTS('',3,1,((#2906,#2907),(#2908,#2909),(#2910,
#2911),(#2912,#2913),(#2914,#2915)),.UNSPECIFIED.,.F.,.F.,.F.,(4,1,4),(2,
2),(0.,0.0250441312452018,0.0464822249594289),(0.,0.1),.UNSPECIFIED.);
#2281=B_SPLINE_SURFACE_WITH_KNOTS('',3,1,((#2929,#2930),(#2931,#2932),(#2933,
#2934),(#2935,#2936),(#2937,#2938)),.UNSPECIFIED.,.F.,.F.,.F.,(4,1,4),(2,
2),(0.,0.0190588990332021,0.0394790989742435),(0.,0.1),.UNSPECIFIED.);
#2282=B_SPLINE_SURFACE_WITH_KNOTS('',3,1,((#2952,#2953),(#2954,#2955),(#2956,
#2957),(#2958,#2959),(#2960,#2961)),.UNSPECIFIED.,.F.,.F.,.F.,(4,1,4),(2,
2),(0.,0.0167648403108468,0.0346424103387077),(0.,0.1),.UNSPECIFIED.);
#2283=B_SPLINE_SURFACE_WITH_KNOTS('',3,1,((#2975,#2976),(#2977,#2978),(#2979,
#2980),(#2981,#2982),(#2983,#2984)),.UNSPECIFIED.,.F.,.F.,.F.,(4,1,4),(2,
2),(0.,0.0156857693415798,0.031843786480342),(0.,0.1),.UNSPECIFIED.);
#2284=B_SPLINE_SURFACE_WITH_KNOTS('',3,1,((#2998,#2999),(#3000,#3001),(#3002,
#3003),(#3004,#3005),(#3006,#3007)),.UNSPECIFIED.,.F.,.F.,.F.,(4,1,4),(2,
2),(0.,0.0146313064878808,0.0299168016971733),(0.,0.1),.UNSPECIFIED.);
#2285=B_SPLINE_SURFACE_WITH_KNOTS('',3,1,((#3021,#3022),(#3023,#3024),(#3025,
#3026),(#3027,#3028),(#3029,#3030)),.UNSPECIFIED.,.F.,.F.,.F.,(4,1,4),(2,
2),(0.,0.0177172701833808,0.033232671152169),(0.,0.1),.UNSPECIFIED.);
#2286=B_SPLINE_SURFACE_WITH_KNOTS('',3,1,((#3044,#3045),(#3046,#3047),(#3048,
#3049),(#3050,#3051),(#3052,#3053)),.UNSPECIFIED.,.F.,.F.,.F.,(4,1,4),(2,
2),(0.,0.0280835024080196,0.0461608838527889),(0.,0.1),.UNSPECIFIED.);
#2287=B_SPLINE_SURFACE_WITH_KNOTS('',3,1,((#3067,#3068),(#3069,#3070),(#3071,
#3072),(#3073,#3074),(#3075,#3076)),.UNSPECIFIED.,.F.,.F.,.F.,(4,1,4),(2,
2),(0.,0.0154823872172701,0.0425334307136419),(0.,0.1),.UNSPECIFIED.);
#2288=B_SPLINE_SURFACE_WITH_KNOTS('',3,1,((#3090,#3091),(#3092,#3093),(#3094,
#3095),(#3096,#3097),(#3098,#3099)),.UNSPECIFIED.,.F.,.F.,.F.,(4,1,4),(2,
2),(0.,0.010013141273342,0.0198429556370452),(0.,0.1),.UNSPECIFIED.);
#2289=B_SPLINE_SURFACE_WITH_KNOTS('',3,1,((#3113,#3114),(#3115,#3116),(#3117,
#3118),(#3119,#3120),(#3121,#3122)),.UNSPECIFIED.,.F.,.F.,.F.,(4,1,4),(2,
2),(0.,0.0126557198672445,0.0244690042350007),(0.,0.1),.UNSPECIFIED.);
#2290=B_SPLINE_SURFACE_WITH_KNOTS('',3,1,((#3136,#3137),(#3138,#3139),(#3140,
#3141),(#3142,#3143),(#3144,#3145)),.UNSPECIFIED.,.F.,.F.,.F.,(4,1,4),(2,
2),(0.,0.0208887635737931,0.0366511506454587),(0.,0.1),.UNSPECIFIED.);
#2291=B_SPLINE_SURFACE_WITH_KNOTS('',3,1,((#3159,#3160),(#3161,#3162),(#3163,
#3164),(#3165,#3166),(#3167,#3168)),.UNSPECIFIED.,.F.,.F.,.F.,(4,1,4),(2,
2),(0.,0.0162748592014628,0.0366443587514775),(0.,0.1),.UNSPECIFIED.);
#2292=B_SPLINE_SURFACE_WITH_KNOTS('',3,1,((#3182,#3183),(#3184,#3185),(#3186,
#3187),(#3188,#3189),(#3190,#3191)),.UNSPECIFIED.,.F.,.F.,.F.,(4,1,4),(2,
2),(0.,0.0172420509177543,0.0324979639064274),(0.,0.1),.UNSPECIFIED.);
#2293=B_SPLINE_SURFACE_WITH_KNOTS('',3,1,((#3211,#3212),(#3213,#3214),(#3215,
#3216),(#3217,#3218),(#3219,#3220)),.UNSPECIFIED.,.F.,.F.,.F.,(4,1,4),(2,
2),(0.,0.0164157998768361,0.0333266775493783),(0.,0.1),.UNSPECIFIED.);
#2294=B_SPLINE_SURFACE_WITH_KNOTS('',3,1,((#3234,#3235),(#3236,#3237),(#3238,
#3239),(#3240,#3241),(#3242,#3243)),.UNSPECIFIED.,.F.,.F.,.F.,(4,1,4),(2,
2),(0.,0.0174552864641277,0.0339692889075527),(0.,0.1),.UNSPECIFIED.);
#2295=B_SPLINE_SURFACE_WITH_KNOTS('',3,1,((#3257,#3258),(#3259,#3260),(#3261,
#3262),(#3263,#3264),(#3265,#3266)),.UNSPECIFIED.,.F.,.F.,.F.,(4,1,4),(2,
2),(0.,0.0209852212141388,0.0400209644880415),(0.,0.1),.UNSPECIFIED.);
#2296=B_SPLINE_SURFACE_WITH_KNOTS('',3,1,((#3280,#3281),(#3282,#3283),(#3284,
#3285),(#3286,#3287),(#3288,#3289)),.UNSPECIFIED.,.F.,.F.,.F.,(4,1,4),(2,
2),(0.,0.0181637653828863,0.0375091967738345),(0.,0.1),.UNSPECIFIED.);
#2297=B_SPLINE_SURFACE_WITH_KNOTS('',3,1,((#3303,#3304),(#3305,#3306),(#3307,
#3308),(#3309,#3310),(#3311,#3312)),.UNSPECIFIED.,.F.,.F.,.F.,(4,1,4),(2,
2),(0.,0.0157178497597164,0.032512751750372),(0.,0.1),.UNSPECIFIED.);
#2298=B_SPLINE_SURFACE_WITH_KNOTS('',3,1,((#3326,#3327),(#3328,#3329),(#3330,
#3331),(#3332,#3333),(#3334,#3335)),.UNSPECIFIED.,.F.,.F.,.F.,(4,1,4),(2,
2),(0.,0.0147886249095203,0.0298465985020622),(0.,0.1),.UNSPECIFIED.);
#2299=B_SPLINE_SURFACE_WITH_KNOTS('',3,1,((#3349,#3350),(#3351,#3352),(#3353,
#3354),(#3355,#3356),(#3357,#3358)),.UNSPECIFIED.,.F.,.F.,.F.,(4,1,4),(2,
2),(0.,0.0129343053777271,0.0261799780679555),(0.,0.1),.UNSPECIFIED.);
#2300=B_SPLINE_SURFACE_WITH_KNOTS('',3,1,((#3372,#3373),(#3374,#3375),(#3376,
#3377),(#3378,#3379),(#3380,#3381)),.UNSPECIFIED.,.F.,.F.,.F.,(4,1,4),(2,
2),(0.,0.0150689221829209,0.0285797263424563),(0.,0.1),.UNSPECIFIED.);
#2301=B_SPLINE_SURFACE_WITH_KNOTS('',3,1,((#3395,#3396),(#3397,#3398),(#3399,
#3400),(#3401,#3402),(#3403,#3404)),.UNSPECIFIED.,.F.,.F.,.F.,(4,1,4),(2,
2),(0.,0.0243106542750767,0.040657178868962),(0.,0.1),.UNSPECIFIED.);
#2302=B_SPLINE_SURFACE_WITH_KNOTS('',3,1,((#3418,#3419),(#3420,#3421),(#3422,
#3423),(#3424,#3425),(#3426,#3427)),.UNSPECIFIED.,.F.,.F.,.F.,(4,1,4),(2,
2),(0.,0.013528271514194,0.0369132781027104),(0.,0.1),.UNSPECIFIED.);
#2303=B_SPLINE_SURFACE_WITH_KNOTS('',3,1,((#3441,#3442),(#3443,#3444),(#3445,
#3446),(#3447,#3448),(#3449,#3450)),.UNSPECIFIED.,.F.,.F.,.F.,(4,1,4),(2,
2),(0.,0.00973229318761985,0.0217667994963246),(0.,0.1),.UNSPECIFIED.);
#2304=B_SPLINE_SURFACE_WITH_KNOTS('',3,1,((#3464,#3465),(#3466,#3467),(#3468,
#3469),(#3470,#3471),(#3472,#3473)),.UNSPECIFIED.,.F.,.F.,.F.,(4,1,4),(2,
2),(0.,0.00890459697155811,0.0175115634335496),(0.,0.1),.UNSPECIFIED.);
#2305=B_SPLINE_SURFACE_WITH_KNOTS('',3,1,((#3487,#3488),(#3489,#3490),(#3491,
#3492),(#3493,#3494),(#3495,#3496)),.UNSPECIFIED.,.F.,.F.,.F.,(4,1,4),(2,
2),(0.,0.00930550220745261,0.0183554604717946),(0.,0.1),.UNSPECIFIED.);
#2306=B_SPLINE_SURFACE_WITH_KNOTS('',3,1,((#3510,#3511),(#3512,#3513),(#3514,
#3515),(#3516,#3517),(#3518,#3519)),.UNSPECIFIED.,.F.,.F.,.F.,(4,1,4),(2,
2),(0.,0.0114117140199179,0.0213483440450059),(0.,0.1),.UNSPECIFIED.);
#2307=B_SPLINE_SURFACE_WITH_KNOTS('',3,1,((#3533,#3534),(#3535,#3536),(#3537,
#3538),(#3539,#3540),(#3541,#3542)),.UNSPECIFIED.,.F.,.F.,.F.,(4,1,4),(2,
2),(0.,0.0143008366715743,0.0272324395889326),(0.,0.1),.UNSPECIFIED.);
#2308=B_SPLINE_SURFACE_WITH_KNOTS('',3,1,((#3556,#3557),(#3558,#3559),(#3560,
#3561),(#3562,#3563),(#3564,#3565)),.UNSPECIFIED.,.F.,.F.,.F.,(4,1,4),(2,
2),(0.,0.015148215027814,0.0314150035842229),(0.,0.1),.UNSPECIFIED.);
#2309=B_SPLINE_SURFACE_WITH_KNOTS('',3,1,((#3579,#3580),(#3581,#3582),(#3583,
#3584),(#3585,#3586),(#3587,#3588)),.UNSPECIFIED.,.F.,.F.,.F.,(4,1,4),(2,
2),(0.,0.012012608490504,0.0257363104555375),(0.,0.1),.UNSPECIFIED.);
#2310=B_SPLINE_SURFACE_WITH_KNOTS('',3,1,((#3602,#3603),(#3604,#3605),(#3606,
#3607),(#3608,#3609),(#3610,#3611)),.UNSPECIFIED.,.F.,.F.,.F.,(4,1,4),(2,
2),(0.,0.0139876633563573,0.0261920757630095),(0.,0.1),.UNSPECIFIED.);
#2311=B_SPLINE_SURFACE_WITH_KNOTS('',3,1,((#3631,#3632),(#3633,#3634),(#3635,
#3636),(#3637,#3638),(#3639,#3640)),.UNSPECIFIED.,.F.,.F.,.F.,(4,1,4),(2,
2),(0.,0.0187376608298074,0.0380042834353467),(0.,0.1),.UNSPECIFIED.);
#2312=B_SPLINE_SURFACE_WITH_KNOTS('',3,1,((#3702,#3703),(#3704,#3705),(#3706,
#3707),(#3708,#3709),(#3710,#3711)),.UNSPECIFIED.,.F.,.F.,.F.,(4,1,4),(2,
2),(0.,0.0190977455651386,0.0377181500337175),(0.,0.1),.UNSPECIFIED.);
#2313=B_SPLINE_SURFACE_WITH_KNOTS('',3,1,((#3728,#3729),(#3730,#3731),(#3732,
#3733),(#3734,#3735),(#3736,#3737)),.UNSPECIFIED.,.F.,.F.,.F.,(4,1,4),(2,
2),(0.,0.0250441335992487,0.046482210813674),(0.,0.1),.UNSPECIFIED.);
#2314=B_SPLINE_SURFACE_WITH_KNOTS('',3,1,((#3751,#3752),(#3753,#3754),(#3755,
#3756),(#3757,#3758),(#3759,#3760)),.UNSPECIFIED.,.F.,.F.,.F.,(4,1,4),(2,
2),(0.,0.0190588899133967,0.0394790898544381),(0.,0.1),.UNSPECIFIED.);
#2315=B_SPLINE_SURFACE_WITH_KNOTS('',3,1,((#3774,#3775),(#3776,#3777),(#3778,
#3779),(#3780,#3781),(#3782,#3783)),.UNSPECIFIED.,.F.,.F.,.F.,(4,1,4),(2,
2),(0.,0.0167648848131622,0.0346424390918649),(0.,0.1),.UNSPECIFIED.);
#2316=B_SPLINE_SURFACE_WITH_KNOTS('',3,1,((#3797,#3798),(#3799,#3800),(#3801,
#3802),(#3803,#3804),(#3805,#3806)),.UNSPECIFIED.,.F.,.F.,.F.,(4,1,4),(2,
2),(0.,0.0156857693415798,0.0318437594932848),(0.,0.1),.UNSPECIFIED.);
#2317=B_SPLINE_SURFACE_WITH_KNOTS('',3,1,((#3820,#3821),(#3822,#3823),(#3824,
#3825),(#3826,#3827),(#3828,#3829)),.UNSPECIFIED.,.F.,.F.,.F.,(4,1,4),(2,
2),(0.,0.0146313049595671,0.0299168215812116),(0.,0.1),.UNSPECIFIED.);
#2318=B_SPLINE_SURFACE_WITH_KNOTS('',3,1,((#3843,#3844),(#3845,#3846),(#3847,
#3848),(#3849,#3850),(#3851,#3852)),.UNSPECIFIED.,.F.,.F.,.F.,(4,1,4),(2,
2),(0.,0.0177172548080756,0.0332326557768638),(0.,0.1),.UNSPECIFIED.);
#2319=B_SPLINE_SURFACE_WITH_KNOTS('',3,1,((#3866,#3867),(#3868,#3869),(#3870,
#3871),(#3872,#3873),(#3874,#3875)),.UNSPECIFIED.,.F.,.F.,.F.,(4,1,4),(2,
2),(0.,0.0280835024080196,0.0461609033075877),(0.,0.1),.UNSPECIFIED.);
#2320=B_SPLINE_SURFACE_WITH_KNOTS('',3,1,((#3889,#3890),(#3891,#3892),(#3893,
#3894),(#3895,#3896),(#3897,#3898)),.UNSPECIFIED.,.F.,.F.,.F.,(4,1,4),(2,
2),(0.,0.0154824266742276,0.0425334047520051),(0.,0.1),.UNSPECIFIED.);
#2321=B_SPLINE_SURFACE_WITH_KNOTS('',3,1,((#3912,#3913),(#3914,#3915),(#3916,
#3917),(#3918,#3919),(#3920,#3921)),.UNSPECIFIED.,.F.,.F.,.F.,(4,1,4),(2,
2),(0.,0.0100131997438114,0.0198430141075146),(0.,0.1),.UNSPECIFIED.);
#2322=B_SPLINE_SURFACE_WITH_KNOTS('',3,1,((#3935,#3936),(#3937,#3938),(#3939,
#3940),(#3941,#3942),(#3943,#3944)),.UNSPECIFIED.,.F.,.F.,.F.,(4,1,4),(2,
2),(0.,0.0126556744086293,0.0244689587763855),(0.,0.1),.UNSPECIFIED.);
#2323=B_SPLINE_SURFACE_WITH_KNOTS('',3,1,((#3958,#3959),(#3960,#3961),(#3962,
#3963),(#3964,#3965),(#3966,#3967)),.UNSPECIFIED.,.F.,.F.,.F.,(4,1,4),(2,
2),(0.,0.0208887635737931,0.0366511506454587),(0.,0.1),.UNSPECIFIED.);
#2324=B_SPLINE_SURFACE_WITH_KNOTS('',3,1,((#3981,#3982),(#3983,#3984),(#3985,
#3986),(#3987,#3988),(#3989,#3990)),.UNSPECIFIED.,.F.,.F.,.F.,(4,1,4),(2,
2),(0.,0.0162748058644764,0.0366443645964474),(0.,0.1),.UNSPECIFIED.);
#2325=B_SPLINE_SURFACE_WITH_KNOTS('',3,1,((#4004,#4005),(#4006,#4007),(#4008,
#4009),(#4010,#4011),(#4012,#4013)),.UNSPECIFIED.,.F.,.F.,.F.,(4,1,4),(2,
2),(0.,0.0172420221492979,0.0324979116853621),(0.,0.1),.UNSPECIFIED.);
#2326=B_SPLINE_SURFACE_WITH_KNOTS('',3,1,((#4033,#4034),(#4035,#4036),(#4037,
#4038),(#4039,#4040),(#4041,#4042)),.UNSPECIFIED.,.F.,.F.,.F.,(4,1,4),(2,
2),(0.,0.016415826811602,0.0333267338760727),(0.,0.1),.UNSPECIFIED.);
#2327=B_SPLINE_SURFACE_WITH_KNOTS('',3,1,((#4056,#4057),(#4058,#4059),(#4060,
#4061),(#4062,#4063),(#4064,#4065)),.UNSPECIFIED.,.F.,.F.,.F.,(4,1,4),(2,
2),(0.,0.0174552714403629,0.0339692959190011),(0.,0.1),.UNSPECIFIED.);
#2328=B_SPLINE_SURFACE_WITH_KNOTS('',3,1,((#4079,#4080),(#4081,#4082),(#4083,
#4084),(#4085,#4086),(#4087,#4088)),.UNSPECIFIED.,.F.,.F.,.F.,(4,1,4),(2,
2),(0.,0.0209852212141388,0.0400209475078081),(0.,0.1),.UNSPECIFIED.);
#2329=B_SPLINE_SURFACE_WITH_KNOTS('',3,1,((#4102,#4103),(#4104,#4105),(#4106,
#4107),(#4108,#4109),(#4110,#4111)),.UNSPECIFIED.,.F.,.F.,.F.,(4,1,4),(2,
2),(0.,0.018163708191367,0.0375091963278542),(0.,0.1),.UNSPECIFIED.);
#2330=B_SPLINE_SURFACE_WITH_KNOTS('',3,1,((#4125,#4126),(#4127,#4128),(#4129,
#4130),(#4131,#4132),(#4133,#4134)),.UNSPECIFIED.,.F.,.F.,.F.,(4,1,4),(2,
2),(0.,0.0157178317173569,0.0325127852720816),(0.,0.1),.UNSPECIFIED.);
#2331=B_SPLINE_SURFACE_WITH_KNOTS('',3,1,((#4148,#4149),(#4150,#4151),(#4152,
#4153),(#4154,#4155),(#4156,#4157)),.UNSPECIFIED.,.F.,.F.,.F.,(4,1,4),(2,
2),(0.,0.0147885659374002,0.0298465395299421),(0.,0.1),.UNSPECIFIED.);
#2332=B_SPLINE_SURFACE_WITH_KNOTS('',3,1,((#4171,#4172),(#4173,#4174),(#4175,
#4176),(#4177,#4178),(#4179,#4180)),.UNSPECIFIED.,.F.,.F.,.F.,(4,1,4),(2,
2),(0.,0.0129342748869863,0.0261799988384672),(0.,0.1),.UNSPECIFIED.);
#2333=B_SPLINE_SURFACE_WITH_KNOTS('',3,1,((#4194,#4195),(#4196,#4197),(#4198,
#4199),(#4200,#4201),(#4202,#4203)),.UNSPECIFIED.,.F.,.F.,.F.,(4,1,4),(2,
2),(0.,0.0150688397547563,0.0285797224567058),(0.,0.1),.UNSPECIFIED.);
#2334=B_SPLINE_SURFACE_WITH_KNOTS('',3,1,((#4217,#4218),(#4219,#4220),(#4221,
#4222),(#4223,#4224),(#4225,#4226)),.UNSPECIFIED.,.F.,.F.,.F.,(4,1,4),(2,
2),(0.,0.0243106383870065,0.0406571740492105),(0.,0.1),.UNSPECIFIED.);
#2335=B_SPLINE_SURFACE_WITH_KNOTS('',3,1,((#4240,#4241),(#4242,#4243),(#4244,
#4245),(#4246,#4247),(#4248,#4249)),.UNSPECIFIED.,.F.,.F.,.F.,(4,1,4),(2,
2),(0.,0.0135282539325682,0.0369132750387388),(0.,0.1),.UNSPECIFIED.);
#2336=B_SPLINE_SURFACE_WITH_KNOTS('',3,1,((#4263,#4264),(#4265,#4266),(#4267,
#4268),(#4269,#4270),(#4271,#4272)),.UNSPECIFIED.,.F.,.F.,.F.,(4,1,4),(2,
2),(0.,0.00973233308409198,0.021766892772214),(0.,0.1),.UNSPECIFIED.);
#2337=B_SPLINE_SURFACE_WITH_KNOTS('',3,1,((#4286,#4287),(#4288,#4289),(#4290,
#4291),(#4292,#4293),(#4294,#4295)),.UNSPECIFIED.,.F.,.F.,.F.,(4,1,4),(2,
2),(0.,0.0089046172900969,0.0175115575347912),(0.,0.1),.UNSPECIFIED.);
#2338=B_SPLINE_SURFACE_WITH_KNOTS('',3,1,((#4309,#4310),(#4311,#4312),(#4313,
#4314),(#4315,#4316),(#4317,#4318)),.UNSPECIFIED.,.F.,.F.,.F.,(4,1,4),(2,
2),(0.,0.00930547577343526,0.0183554340377773),(0.,0.1),.UNSPECIFIED.);
#2339=B_SPLINE_SURFACE_WITH_KNOTS('',3,1,((#4332,#4333),(#4334,#4335),(#4336,
#4337),(#4338,#4339),(#4340,#4341)),.UNSPECIFIED.,.F.,.F.,.F.,(4,1,4),(2,
2),(0.,0.0114117279149343,0.0213483579400222),(0.,0.1),.UNSPECIFIED.);
#2340=B_SPLINE_SURFACE_WITH_KNOTS('',3,1,((#4355,#4356),(#4357,#4358),(#4359,
#4360),(#4361,#4362),(#4363,#4364)),.UNSPECIFIED.,.F.,.F.,.F.,(4,1,4),(2,
2),(0.,0.0143008366715743,0.0272324240258177),(0.,0.1),.UNSPECIFIED.);
#2341=B_SPLINE_SURFACE_WITH_KNOTS('',3,1,((#4378,#4379),(#4380,#4381),(#4382,
#4383),(#4384,#4385),(#4386,#4387)),.UNSPECIFIED.,.F.,.F.,.F.,(4,1,4),(2,
2),(0.,0.0151482634070631,0.031415051963472),(0.,0.1),.UNSPECIFIED.);
#2342=B_SPLINE_SURFACE_WITH_KNOTS('',3,1,((#4401,#4402),(#4403,#4404),(#4405,
#4406),(#4407,#4408),(#4409,#4410)),.UNSPECIFIED.,.F.,.F.,.F.,(4,1,4),(2,
2),(0.,0.0120126299828036,0.0257362654370124),(0.,0.1),.UNSPECIFIED.);
#2343=B_SPLINE_SURFACE_WITH_KNOTS('',3,1,((#4424,#4425),(#4426,#4427),(#4428,
#4429),(#4430,#4431),(#4432,#4433)),.UNSPECIFIED.,.F.,.F.,.F.,(4,1,4),(2,
2),(0.,0.0139876342166366,0.0261920466232888),(0.,0.1),.UNSPECIFIED.);
#2344=B_SPLINE_SURFACE_WITH_KNOTS('',3,1,((#4453,#4454),(#4455,#4456),(#4457,
#4458),(#4459,#4460),(#4461,#4462)),.UNSPECIFIED.,.F.,.F.,.F.,(4,1,4),(2,
2),(0.,0.0187376878444715,0.038004291879716),(0.,0.1),.UNSPECIFIED.);
#2345=B_SPLINE_SURFACE_WITH_KNOTS('',3,1,((#4474,#4475),(#4476,#4477),(#4478,
#4479),(#4480,#4481),(#4482,#4483)),.UNSPECIFIED.,.F.,.F.,.F.,(4,1,4),(2,
2),(0.,0.0214631950148563,0.0531638751858132),(0.,0.1),.UNSPECIFIED.);
#2346=B_SPLINE_SURFACE_WITH_KNOTS('',3,1,((#4500,#4501),(#4502,#4503),(#4504,
#4505),(#4506,#4507),(#4508,#4509)),.UNSPECIFIED.,.F.,.F.,.F.,(4,1,4),(2,
2),(0.,0.0252179228264049,0.0445671557755038),(0.,0.1),.UNSPECIFIED.);
#2347=B_SPLINE_SURFACE_WITH_KNOTS('',3,1,((#4523,#4524),(#4525,#4526),(#4527,
#4528),(#4529,#4530),(#4531,#4532)),.UNSPECIFIED.,.F.,.F.,.F.,(4,1,4),(2,
2),(0.,0.0140874181874784,0.0299330024826609),(0.,0.1),.UNSPECIFIED.);
#2348=B_SPLINE_SURFACE_WITH_KNOTS('',3,1,((#4546,#4547),(#4548,#4549),(#4550,
#4551),(#4552,#4553),(#4554,#4555)),.UNSPECIFIED.,.F.,.F.,.F.,(4,1,4),(2,
2),(0.,0.0127339327813551,0.0256135697153208),(0.,0.1),.UNSPECIFIED.);
#2349=B_SPLINE_SURFACE_WITH_KNOTS('',3,1,((#4569,#4570),(#4571,#4572),(#4573,
#4574),(#4575,#4576),(#4577,#4578)),.UNSPECIFIED.,.F.,.F.,.F.,(4,1,4),(2,
2),(0.,0.0226780441591334,0.0389035717716788),(0.,0.1),.UNSPECIFIED.);
#2350=B_SPLINE_SURFACE_WITH_KNOTS('',3,1,((#4610,#4611),(#4612,#4613),(#4614,
#4615),(#4616,#4617),(#4618,#4619)),.UNSPECIFIED.,.F.,.F.,.F.,(4,1,4),(2,
2),(0.,0.0225016388753634,0.0510104578567581),(0.,0.1),.UNSPECIFIED.);
#2351=B_SPLINE_SURFACE_WITH_KNOTS('',3,1,((#4633,#4634),(#4635,#4636),(#4637,
#4638),(#4639,#4640),(#4641,#4642)),.UNSPECIFIED.,.F.,.F.,.F.,(4,1,4),(2,
2),(0.,0.0193539683383051,0.0384392602405964),(0.,0.1),.UNSPECIFIED.);
#2352=B_SPLINE_SURFACE_WITH_KNOTS('',3,1,((#4656,#4657),(#4658,#4659),(#4660,
#4661),(#4662,#4663),(#4664,#4665)),.UNSPECIFIED.,.F.,.F.,.F.,(4,1,4),(2,
2),(0.,0.0256602331094,0.0473431611624677),(0.,0.1),.UNSPECIFIED.);
#2353=B_SPLINE_SURFACE_WITH_KNOTS('',3,1,((#4679,#4680),(#4681,#4682),(#4683,
#4684),(#4685,#4686),(#4687,#4688)),.UNSPECIFIED.,.F.,.F.,.F.,(4,1,4),(2,
2),(0.,0.0221416332906392,0.0484128422904878),(0.,0.1),.UNSPECIFIED.);
#2354=B_SPLINE_SURFACE_WITH_KNOTS('',3,1,((#4702,#4703),(#4704,#4705),(#4706,
#4707),(#4708,#4709),(#4710,#4711)),.UNSPECIFIED.,.F.,.F.,.F.,(4,1,4),(2,
2),(0.,0.018735156838586,0.0385528385914634),(0.,0.1),.UNSPECIFIED.);
#2355=B_SPLINE_SURFACE_WITH_KNOTS('',3,1,((#4725,#4726),(#4727,#4728),(#4729,
#4730),(#4731,#4732),(#4733,#4734)),.UNSPECIFIED.,.F.,.F.,.F.,(4,1,4),(2,
2),(0.,0.027100152030216,0.0485579156225059),(0.,0.1),.UNSPECIFIED.);
#2356=B_SPLINE_SURFACE_WITH_KNOTS('',3,1,((#4789,#4790),(#4791,#4792),(#4793,
#4794),(#4795,#4796),(#4797,#4798)),.UNSPECIFIED.,.F.,.F.,.F.,(4,1,4),(2,
2),(0.,0.0214631681629251,0.0531639018166083),(0.,0.1),.UNSPECIFIED.);
#2357=B_SPLINE_SURFACE_WITH_KNOTS('',3,1,((#4815,#4816),(#4817,#4818),(#4819,
#4820),(#4821,#4822),(#4823,#4824)),.UNSPECIFIED.,.F.,.F.,.F.,(4,1,4),(2,
2),(0.,0.025217926736138,0.0445671802778278),(0.,0.1),.UNSPECIFIED.);
#2358=B_SPLINE_SURFACE_WITH_KNOTS('',3,1,((#4838,#4839),(#4840,#4841),(#4842,
#4843),(#4844,#4845),(#4846,#4847)),.UNSPECIFIED.,.F.,.F.,.F.,(4,1,4),(2,
2),(0.,0.0140874738895768,0.0299329333538664),(0.,0.1),.UNSPECIFIED.);
#2359=B_SPLINE_SURFACE_WITH_KNOTS('',3,1,((#4861,#4862),(#4863,#4864),(#4865,
#4866),(#4867,#4868),(#4869,#4870)),.UNSPECIFIED.,.F.,.F.,.F.,(4,1,4),(2,
2),(0.,0.0127339327813551,0.0256135697153208),(0.,0.1),.UNSPECIFIED.);
#2360=B_SPLINE_SURFACE_WITH_KNOTS('',3,1,((#4884,#4885),(#4886,#4887),(#4888,
#4889),(#4890,#4891),(#4892,#4893)),.UNSPECIFIED.,.F.,.F.,.F.,(4,1,4),(2,
2),(0.,0.0226781068186238,0.0389036212758218),(0.,0.1),.UNSPECIFIED.);
#2361=B_SPLINE_SURFACE_WITH_KNOTS('',3,1,((#4925,#4926),(#4927,#4928),(#4929,
#4930),(#4931,#4932),(#4933,#4934)),.UNSPECIFIED.,.F.,.F.,.F.,(4,1,4),(2,
2),(0.,0.0225016388753634,0.0510104578567581),(0.,0.1),.UNSPECIFIED.);
#2362=B_SPLINE_SURFACE_WITH_KNOTS('',3,1,((#4948,#4949),(#4950,#4951),(#4952,
#4953),(#4954,#4955),(#4956,#4957)),.UNSPECIFIED.,.F.,.F.,.F.,(4,1,4),(2,
2),(0.,0.0193539972762474,0.0384392573301359),(0.,0.1),.UNSPECIFIED.);
#2363=B_SPLINE_SURFACE_WITH_KNOTS('',3,1,((#4971,#4972),(#4973,#4974),(#4975,
#4976),(#4977,#4978),(#4979,#4980)),.UNSPECIFIED.,.F.,.F.,.F.,(4,1,4),(2,
2),(0.,0.0256601737707602,0.0473431679685387),(0.,0.1),.UNSPECIFIED.);
#2364=B_SPLINE_SURFACE_WITH_KNOTS('',3,1,((#4994,#4995),(#4996,#4997),(#4998,
#4999),(#5000,#5001),(#5002,#5003)),.UNSPECIFIED.,.F.,.F.,.F.,(4,1,4),(2,
2),(0.,0.0221416444459802,0.0484128534458289),(0.,0.1),.UNSPECIFIED.);
#2365=B_SPLINE_SURFACE_WITH_KNOTS('',3,1,((#5017,#5018),(#5019,#5020),(#5021,
#5022),(#5023,#5024),(#5025,#5026)),.UNSPECIFIED.,.F.,.F.,.F.,(4,1,4),(2,
2),(0.,0.0187351007401578,0.0385528472210357),(0.,0.1),.UNSPECIFIED.);
#2366=B_SPLINE_SURFACE_WITH_KNOTS('',3,1,((#5040,#5041),(#5042,#5043),(#5044,
#5045),(#5046,#5047),(#5048,#5049)),.UNSPECIFIED.,.F.,.F.,.F.,(4,1,4),(2,
2),(0.,0.02710008879298,0.0485578955390745),(0.,0.1),.UNSPECIFIED.);
#2367=ADVANCED_FACE('',(#83),#2279,.F.);
#2368=ADVANCED_FACE('',(#84),#2280,.F.);
#2369=ADVANCED_FACE('',(#85),#2281,.F.);
#2370=ADVANCED_FACE('',(#86),#2282,.F.);
#2371=ADVANCED_FACE('',(#87),#2283,.F.);
#2372=ADVANCED_FACE('',(#88),#2284,.F.);
#2373=ADVANCED_FACE('',(#89),#2285,.F.);
#2374=ADVANCED_FACE('',(#90),#2286,.F.);
#2375=ADVANCED_FACE('',(#91),#2287,.F.);
#2376=ADVANCED_FACE('',(#92),#2288,.F.);
#2377=ADVANCED_FACE('',(#93),#2289,.F.);
#2378=ADVANCED_FACE('',(#94),#2290,.F.);
#2379=ADVANCED_FACE('',(#95),#2291,.F.);
#2380=ADVANCED_FACE('',(#96),#2292,.F.);
#2381=ADVANCED_FACE('',(#97),#41,.F.);
#2382=ADVANCED_FACE('',(#98),#2293,.F.);
#2383=ADVANCED_FACE('',(#99),#2294,.F.);
#2384=ADVANCED_FACE('',(#100),#2295,.F.);
#2385=ADVANCED_FACE('',(#101),#2296,.F.);
#2386=ADVANCED_FACE('',(#102),#2297,.F.);
#2387=ADVANCED_FACE('',(#103),#2298,.F.);
#2388=ADVANCED_FACE('',(#104),#2299,.F.);
#2389=ADVANCED_FACE('',(#105),#2300,.F.);
#2390=ADVANCED_FACE('',(#106),#2301,.F.);
#2391=ADVANCED_FACE('',(#107),#2302,.F.);
#2392=ADVANCED_FACE('',(#108),#2303,.F.);
#2393=ADVANCED_FACE('',(#109),#2304,.F.);
#2394=ADVANCED_FACE('',(#110),#2305,.F.);
#2395=ADVANCED_FACE('',(#111),#2306,.F.);
#2396=ADVANCED_FACE('',(#112),#2307,.F.);
#2397=ADVANCED_FACE('',(#113),#2308,.F.);
#2398=ADVANCED_FACE('',(#114),#2309,.F.);
#2399=ADVANCED_FACE('',(#115),#2310,.F.);
#2400=ADVANCED_FACE('',(#116),#42,.F.);
#2401=ADVANCED_FACE('',(#117),#2311,.F.);
#2402=ADVANCED_FACE('',(#118),#43,.T.);
#2403=ADVANCED_FACE('',(#119),#44,.F.);
#2404=ADVANCED_FACE('',(#120),#45,.F.);
#2405=ADVANCED_FACE('',(#121),#46,.F.);
#2406=ADVANCED_FACE('',(#122),#47,.F.);
#2407=ADVANCED_FACE('',(#123),#48,.F.);
#2408=ADVANCED_FACE('',(#124),#49,.F.);
#2409=ADVANCED_FACE('',(#125),#50,.F.);
#2410=ADVANCED_FACE('',(#126),#51,.F.);
#2411=ADVANCED_FACE('',(#127),#52,.F.);
#2412=ADVANCED_FACE('',(#128),#53,.F.);
#2413=ADVANCED_FACE('',(#129),#2312,.F.);
#2414=ADVANCED_FACE('',(#130),#2313,.F.);
#2415=ADVANCED_FACE('',(#131),#2314,.F.);
#2416=ADVANCED_FACE('',(#132),#2315,.F.);
#2417=ADVANCED_FACE('',(#133),#2316,.F.);
#2418=ADVANCED_FACE('',(#134),#2317,.F.);
#2419=ADVANCED_FACE('',(#135),#2318,.F.);
#2420=ADVANCED_FACE('',(#136),#2319,.F.);
#2421=ADVANCED_FACE('',(#137),#2320,.F.);
#2422=ADVANCED_FACE('',(#138),#2321,.F.);
#2423=ADVANCED_FACE('',(#139),#2322,.F.);
#2424=ADVANCED_FACE('',(#140),#2323,.F.);
#2425=ADVANCED_FACE('',(#141),#2324,.F.);
#2426=ADVANCED_FACE('',(#142),#2325,.F.);
#2427=ADVANCED_FACE('',(#143),#54,.F.);
#2428=ADVANCED_FACE('',(#144),#2326,.F.);
#2429=ADVANCED_FACE('',(#145),#2327,.F.);
#2430=ADVANCED_FACE('',(#146),#2328,.F.);
#2431=ADVANCED_FACE('',(#147),#2329,.F.);
#2432=ADVANCED_FACE('',(#148),#2330,.F.);
#2433=ADVANCED_FACE('',(#149),#2331,.F.);
#2434=ADVANCED_FACE('',(#150),#2332,.F.);
#2435=ADVANCED_FACE('',(#151),#2333,.F.);
#2436=ADVANCED_FACE('',(#152),#2334,.F.);
#2437=ADVANCED_FACE('',(#153),#2335,.F.);
#2438=ADVANCED_FACE('',(#154),#2336,.F.);
#2439=ADVANCED_FACE('',(#155),#2337,.F.);
#2440=ADVANCED_FACE('',(#156),#2338,.F.);
#2441=ADVANCED_FACE('',(#157),#2339,.F.);
#2442=ADVANCED_FACE('',(#158),#2340,.F.);
#2443=ADVANCED_FACE('',(#159),#2341,.F.);
#2444=ADVANCED_FACE('',(#160),#2342,.F.);
#2445=ADVANCED_FACE('',(#161),#2343,.F.);
#2446=ADVANCED_FACE('',(#162),#55,.F.);
#2447=ADVANCED_FACE('',(#163),#2344,.F.);
#2448=ADVANCED_FACE('',(#164),#56,.T.);
#2449=ADVANCED_FACE('',(#165),#2345,.F.);
#2450=ADVANCED_FACE('',(#166),#2346,.F.);
#2451=ADVANCED_FACE('',(#167),#2347,.F.);
#2452=ADVANCED_FACE('',(#168),#2348,.F.);
#2453=ADVANCED_FACE('',(#169),#2349,.F.);
#2454=ADVANCED_FACE('',(#170),#57,.F.);
#2455=ADVANCED_FACE('',(#171),#58,.F.);
#2456=ADVANCED_FACE('',(#172),#59,.F.);
#2457=ADVANCED_FACE('',(#173),#2350,.F.);
#2458=ADVANCED_FACE('',(#174),#2351,.F.);
#2459=ADVANCED_FACE('',(#175),#2352,.F.);
#2460=ADVANCED_FACE('',(#176),#2353,.F.);
#2461=ADVANCED_FACE('',(#177),#2354,.F.);
#2462=ADVANCED_FACE('',(#178),#2355,.F.);
#2463=ADVANCED_FACE('',(#179),#60,.F.);
#2464=ADVANCED_FACE('',(#180),#61,.F.);
#2465=ADVANCED_FACE('',(#181),#62,.F.);
#2466=ADVANCED_FACE('',(#182),#63,.T.);
#2467=ADVANCED_FACE('',(#183),#64,.F.);
#2468=ADVANCED_FACE('',(#184),#65,.F.);
#2469=ADVANCED_FACE('',(#185),#66,.F.);
#2470=ADVANCED_FACE('',(#186),#67,.F.);
#2471=ADVANCED_FACE('',(#187),#68,.F.);
#2472=ADVANCED_FACE('',(#188),#2356,.F.);
#2473=ADVANCED_FACE('',(#189),#2357,.F.);
#2474=ADVANCED_FACE('',(#190),#2358,.F.);
#2475=ADVANCED_FACE('',(#191),#2359,.F.);
#2476=ADVANCED_FACE('',(#192),#2360,.F.);
#2477=ADVANCED_FACE('',(#193),#69,.F.);
#2478=ADVANCED_FACE('',(#194),#70,.F.);
#2479=ADVANCED_FACE('',(#195),#71,.F.);
#2480=ADVANCED_FACE('',(#196),#2361,.F.);
#2481=ADVANCED_FACE('',(#197),#2362,.F.);
#2482=ADVANCED_FACE('',(#198),#2363,.F.);
#2483=ADVANCED_FACE('',(#199),#2364,.F.);
#2484=ADVANCED_FACE('',(#200),#2365,.F.);
#2485=ADVANCED_FACE('',(#201),#2366,.F.);
#2486=ADVANCED_FACE('',(#202),#72,.F.);
#2487=ADVANCED_FACE('',(#203),#73,.F.);
#2488=ADVANCED_FACE('',(#204),#74,.F.);
#2489=ADVANCED_FACE('',(#205),#75,.T.);
#2490=ADVANCED_FACE('',(#206),#76,.F.);
#2491=ADVANCED_FACE('',(#207),#77,.F.);
#2492=ADVANCED_FACE('',(#208),#78,.F.);
#2493=ADVANCED_FACE('',(#209),#79,.F.);
#2494=ADVANCED_FACE('',(#210),#80,.F.);
#2495=ADVANCED_FACE('',(#211,#21,#22,#23,#24,#25,#26,#27,#28),#81,.T.);
#2496=ADVANCED_FACE('',(#212),#18,.T.);
#2497=ADVANCED_FACE('',(#213,#29),#82,.T.);
#2498=ADVANCED_FACE('',(#214),#19,.F.);
#2499=ADVANCED_FACE('',(#215),#17,.T.);
#2500=ADVANCED_FACE('',(#216),#20,.T.);
#2501=ADVANCED_FACE('',(#217),#16,.T.);
#2502=ADVANCED_FACE('',(#218),#15,.F.);
#2503=CLOSED_SHELL('',(#2367,#2368,#2369,#2370,#2371,#2372,#2373,#2374,
#2375,#2376,#2377,#2378,#2379,#2380,#2381,#2382,#2383,#2384,#2385,#2386,
#2387,#2388,#2389,#2390,#2391,#2392,#2393,#2394,#2395,#2396,#2397,#2398,
#2399,#2400,#2401,#2402,#2403,#2404,#2405,#2406,#2407,#2408,#2409,#2410,
#2411,#2412,#2413,#2414,#2415,#2416,#2417,#2418,#2419,#2420,#2421,#2422,
#2423,#2424,#2425,#2426,#2427,#2428,#2429,#2430,#2431,#2432,#2433,#2434,
#2435,#2436,#2437,#2438,#2439,#2440,#2441,#2442,#2443,#2444,#2445,#2446,
#2447,#2448,#2449,#2450,#2451,#2452,#2453,#2454,#2455,#2456,#2457,#2458,
#2459,#2460,#2461,#2462,#2463,#2464,#2465,#2466,#2467,#2468,#2469,#2470,
#2471,#2472,#2473,#2474,#2475,#2476,#2477,#2478,#2479,#2480,#2481,#2482,
#2483,#2484,#2485,#2486,#2487,#2488,#2489,#2490,#2491,#2492,#2493,#2494,
#2495,#2496,#2497,#2498,#2499,#2500,#2501,#2502));
#2504=DERIVED_UNIT_ELEMENT(#2506,1.);
#2505=DERIVED_UNIT_ELEMENT(#5182,-3.);
#2506=(
MASS_UNIT()
NAMED_UNIT(*)
SI_UNIT(.KILO.,.GRAM.)
);
#2507=DERIVED_UNIT((#2504,#2505));
#2508=MEASURE_REPRESENTATION_ITEM('density measure',
POSITIVE_RATIO_MEASURE(7850.),#2507);
#2509=PROPERTY_DEFINITION_REPRESENTATION(#2514,#2511);
#2510=PROPERTY_DEFINITION_REPRESENTATION(#2515,#2512);
#2511=REPRESENTATION('material name',(#2513),#5179);
#2512=REPRESENTATION('density',(#2508),#5179);
#2513=DESCRIPTIVE_REPRESENTATION_ITEM('Steel','Steel');
#2514=PROPERTY_DEFINITION('material property','material name',#5189);
#2515=PROPERTY_DEFINITION('material property','density of part',#5189);
#2516=AXIS2_PLACEMENT_3D('',#2879,#2575,#2576);
#2517=AXIS2_PLACEMENT_3D('',#3205,#2592,#2593);
#2518=AXIS2_PLACEMENT_3D('',#3625,#2615,#2616);
#2519=AXIS2_PLACEMENT_3D('',#3651,#2620,#2621);
#2520=AXIS2_PLACEMENT_3D('',#3652,#2622,#2623);
#2521=AXIS2_PLACEMENT_3D('',#3661,#2628,#2629);
#2522=AXIS2_PLACEMENT_3D('',#3667,#2633,#2634);
#2523=AXIS2_PLACEMENT_3D('',#3673,#2638,#2639);
#2524=AXIS2_PLACEMENT_3D('',#3676,#2642,#2643);
#2525=AXIS2_PLACEMENT_3D('',#3677,#2644,#2645);
#2526=AXIS2_PLACEMENT_3D('',#3686,#2650,#2651);
#2527=AXIS2_PLACEMENT_3D('',#3692,#2655,#2656);
#2528=AXIS2_PLACEMENT_3D('',#3698,#2660,#2661);
#2529=AXIS2_PLACEMENT_3D('',#3701,#2664,#2665);
#2530=AXIS2_PLACEMENT_3D('',#4027,#2681,#2682);
#2531=AXIS2_PLACEMENT_3D('',#4447,#2704,#2705);
#2532=AXIS2_PLACEMENT_3D('',#4473,#2709,#2710);
#2533=AXIS2_PLACEMENT_3D('',#4592,#2717,#2718);
#2534=AXIS2_PLACEMENT_3D('',#4598,#2722,#2723);
#2535=AXIS2_PLACEMENT_3D('',#4604,#2727,#2728);
#2536=AXIS2_PLACEMENT_3D('',#4748,#2738,#2739);
#2537=AXIS2_PLACEMENT_3D('',#4754,#2743,#2744);
#2538=AXIS2_PLACEMENT_3D('',#4760,#2748,#2749);
#2539=AXIS2_PLACEMENT_3D('',#4763,#2752,#2753);
#2540=AXIS2_PLACEMENT_3D('',#4764,#2754,#2755);
#2541=AXIS2_PLACEMENT_3D('',#4773,#2760,#2761);
#2542=AXIS2_PLACEMENT_3D('',#4779,#2765,#2766);
#2543=AXIS2_PLACEMENT_3D('',#4785,#2770,#2771);
#2544=AXIS2_PLACEMENT_3D('',#4788,#2774,#2775);
#2545=AXIS2_PLACEMENT_3D('',#4907,#2782,#2783);
#2546=AXIS2_PLACEMENT_3D('',#4913,#2787,#2788);
#2547=AXIS2_PLACEMENT_3D('',#4919,#2792,#2793);
#2548=AXIS2_PLACEMENT_3D('',#5063,#2803,#2804);
#2549=AXIS2_PLACEMENT_3D('',#5069,#2808,#2809);
#2550=AXIS2_PLACEMENT_3D('',#5075,#2813,#2814);
#2551=AXIS2_PLACEMENT_3D('',#5078,#2817,#2818);
#2552=AXIS2_PLACEMENT_3D('',#5079,#2819,#2820);
#2553=AXIS2_PLACEMENT_3D('',#5088,#2825,#2826);
#2554=AXIS2_PLACEMENT_3D('',#5094,#2830,#2831);
#2555=AXIS2_PLACEMENT_3D('',#5100,#2835,#2836);
#2556=AXIS2_PLACEMENT_3D('',#5103,#2839,#2840);
#2557=AXIS2_PLACEMENT_3D('',#5104,#2841,#2842);
#2558=AXIS2_PLACEMENT_3D('',#5106,#2843,#2844);
#2559=AXIS2_PLACEMENT_3D('',#5107,#2845,#2846);
#2560=AXIS2_PLACEMENT_3D('',#5109,#2847,#2848);
#2561=AXIS2_PLACEMENT_3D('',#5110,#2849,#2850);
#2562=AXIS2_PLACEMENT_3D('',#5111,#2851,#2852);
#2563=AXIS2_PLACEMENT_3D('',#5113,#2853,#2854);
#2564=AXIS2_PLACEMENT_3D('',#5114,#2855,#2856);
#2565=AXIS2_PLACEMENT_3D('',#5116,#2857,#2858);
#2566=AXIS2_PLACEMENT_3D('',#5117,#2859,#2860);
#2567=AXIS2_PLACEMENT_3D('',#5118,#2861,#2862);
#2568=AXIS2_PLACEMENT_3D('',#5120,#2863,#2864);
#2569=AXIS2_PLACEMENT_3D('',#5122,#2866,#2867);
#2570=AXIS2_PLACEMENT_3D('',#5124,#2868,#2869);
#2571=AXIS2_PLACEMENT_3D('',#5125,#2870,#2871);
#2572=AXIS2_PLACEMENT_3D('',#5126,#2872,#2873);
#2573=AXIS2_PLACEMENT_3D('',#5128,#2874,#2875);
#2574=AXIS2_PLACEMENT_3D('',#5176,#2877,#2878);
#2575=DIRECTION('axis',(0.,0.,1.));
#2576=DIRECTION('refdir',(1.,0.,0.));
#2577=DIRECTION('',(0.,0.,1.));
#2578=DIRECTION('',(0.,0.,1.));
#2579=DIRECTION('',(0.,0.,1.));
#2580=DIRECTION('',(0.,0.,1.));
#2581=DIRECTION('',(0.,0.,1.));
#2582=DIRECTION('',(0.,0.,1.));
#2583=DIRECTION('',(0.,0.,1.));
#2584=DIRECTION('',(0.,0.,1.));
#2585=DIRECTION('',(0.,0.,1.));
#2586=DIRECTION('',(0.,0.,1.));
#2587=DIRECTION('',(0.,0.,1.));
#2588=DIRECTION('',(0.,0.,1.));
#2589=DIRECTION('',(0.,0.,1.));
#2590=DIRECTION('',(0.,0.,1.));
#2591=DIRECTION('',(0.,0.,1.));
#2592=DIRECTION('center_axis',(0.075056930870859,0.997179250249546,0.));
#2593=DIRECTION('ref_axis',(-0.997179250249546,0.075056930870859,0.));
#2594=DIRECTION('',(-0.997179250249546,0.075056930870859,0.));
#2595=DIRECTION('',(0.,0.,1.));
#2596=DIRECTION('',(-0.997179250249546,0.075056930870859,0.));
#2597=DIRECTION('',(0.,0.,1.));
#2598=DIRECTION('',(0.,0.,1.));
#2599=DIRECTION('',(0.,0.,1.));
#2600=DIRECTION('',(0.,0.,1.));
#2601=DIRECTION('',(0.,0.,1.));
#2602=DIRECTION('',(0.,0.,1.));
#2603=DIRECTION('',(0.,0.,1.));
#2604=DIRECTION('',(0.,0.,1.));
#2605=DIRECTION('',(0.,0.,1.));
#2606=DIRECTION('',(0.,0.,1.));
#2607=DIRECTION('',(0.,0.,1.));
#2608=DIRECTION('',(0.,0.,1.));
#2609=DIRECTION('',(0.,0.,1.));
#2610=DIRECTION('',(0.,0.,1.));
#2611=DIRECTION('',(0.,0.,1.));
#2612=DIRECTION('',(0.,0.,1.));
#2613=DIRECTION('',(0.,0.,1.));
#2614=DIRECTION('',(0.,0.,1.));
#2615=DIRECTION('center_axis',(-0.0870992981498205,-0.996199634742861,0.));
#2616=DIRECTION('ref_axis',(0.996199634742861,-0.0870992981498205,0.));
#2617=DIRECTION('',(0.996199634742861,-0.0870992981498205,0.));
#2618=DIRECTION('',(0.,0.,1.));
#2619=DIRECTION('',(0.996199634742861,-0.0870992981498205,0.));
#2620=DIRECTION('center_axis',(0.,0.,-1.));
#2621=DIRECTION('ref_axis',(1.,0.,0.));
#2622=DIRECTION('center_axis',(1.,0.,0.));
#2623=DIRECTION('ref_axis',(0.,1.,0.));
#2624=DIRECTION('',(0.,1.,0.));
#2625=DIRECTION('',(0.,0.,1.));
#2626=DIRECTION('',(0.,1.,0.));
#2627=DIRECTION('',(0.,0.,1.));
#2628=DIRECTION('center_axis',(0.,-1.,0.));
#2629=DIRECTION('ref_axis',(1.,0.,0.));
#2630=DIRECTION('',(1.,0.,0.));
#2631=DIRECTION('',(0.,0.,1.));
#2632=DIRECTION('',(1.,0.,0.));
#2633=DIRECTION('center_axis',(-1.,0.,0.));
#2634=DIRECTION('ref_axis',(0.,-1.,0.));
#2635=DIRECTION('',(0.,-1.,0.));
#2636=DIRECTION('',(0.,0.,1.));
#2637=DIRECTION('',(0.,-1.,0.));
#2638=DIRECTION('center_axis',(-4.0495215593662E-17,1.,0.));
#2639=DIRECTION('ref_axis',(-1.,-4.0495215593662E-17,0.));
#2640=DIRECTION('',(-1.,-4.0495215593662E-17,0.));
#2641=DIRECTION('',(-1.,-4.0495215593662E-17,0.));
#2642=DIRECTION('center_axis',(0.,0.,1.));
#2643=DIRECTION('ref_axis',(1.,0.,0.));
#2644=DIRECTION('center_axis',(1.,0.,0.));
#2645=DIRECTION('ref_axis',(0.,1.,0.));
#2646=DIRECTION('',(0.,1.,0.));
#2647=DIRECTION('',(0.,0.,1.));
#2648=DIRECTION('',(0.,1.,0.));
#2649=DIRECTION('',(0.,0.,1.));
#2650=DIRECTION('center_axis',(0.,-1.,0.));
#2651=DIRECTION('ref_axis',(1.,0.,0.));
#2652=DIRECTION('',(1.,0.,0.));
#2653=DIRECTION('',(0.,0.,1.));
#2654=DIRECTION('',(1.,0.,0.));
#2655=DIRECTION('center_axis',(-1.,0.,0.));
#2656=DIRECTION('ref_axis',(0.,-1.,0.));
#2657=DIRECTION('',(0.,-1.,0.));
#2658=DIRECTION('',(0.,0.,1.));
#2659=DIRECTION('',(0.,-1.,0.));
#2660=DIRECTION('center_axis',(0.,1.,0.));
#2661=DIRECTION('ref_axis',(-1.,0.,0.));
#2662=DIRECTION('',(-1.,0.,0.));
#2663=DIRECTION('',(-1.,0.,0.));
#2664=DIRECTION('center_axis',(0.,0.,1.));
#2665=DIRECTION('ref_axis',(1.,0.,0.));
#2666=DIRECTION('',(0.,0.,1.));
#2667=DIRECTION('',(0.,0.,1.));
#2668=DIRECTION('',(0.,0.,1.));
#2669=DIRECTION('',(0.,0.,1.));
#2670=DIRECTION('',(0.,0.,1.));
#2671=DIRECTION('',(0.,0.,1.));
#2672=DIRECTION('',(0.,0.,1.));
#2673=DIRECTION('',(0.,0.,1.));
#2674=DIRECTION('',(0.,0.,1.));
#2675=DIRECTION('',(0.,0.,1.));
#2676=DIRECTION('',(0.,0.,1.));
#2677=DIRECTION('',(0.,0.,1.));
#2678=DIRECTION('',(0.,0.,1.));
#2679=DIRECTION('',(0.,0.,1.));
#2680=DIRECTION('',(0.,0.,1.));
#2681=DIRECTION('center_axis',(0.0750546017573241,0.997179425557432,0.));
#2682=DIRECTION('ref_axis',(-0.997179425557432,0.0750546017573241,0.));
#2683=DIRECTION('',(-0.997179425557432,0.0750546017573241,0.));
#2684=DIRECTION('',(0.,0.,1.));
#2685=DIRECTION('',(-0.997179425557432,0.0750546017573241,0.));
#2686=DIRECTION('',(0.,0.,1.));
#2687=DIRECTION('',(0.,0.,1.));
#2688=DIRECTION('',(0.,0.,1.));
#2689=DIRECTION('',(0.,0.,1.));
#2690=DIRECTION('',(0.,0.,1.));
#2691=DIRECTION('',(0.,0.,1.));
#2692=DIRECTION('',(0.,0.,1.));
#2693=DIRECTION('',(0.,0.,1.));
#2694=DIRECTION('',(0.,0.,1.));
#2695=DIRECTION('',(0.,0.,1.));
#2696=DIRECTION('',(0.,0.,1.));
#2697=DIRECTION('',(0.,0.,1.));
#2698=DIRECTION('',(0.,0.,1.));
#2699=DIRECTION('',(0.,0.,1.));
#2700=DIRECTION('',(0.,0.,1.));
#2701=DIRECTION('',(0.,0.,1.));
#2702=DIRECTION('',(0.,0.,1.));
#2703=DIRECTION('',(0.,0.,1.));
#2704=DIRECTION('center_axis',(-0.087098324352965,-0.996199719882969,0.));
#2705=DIRECTION('ref_axis',(0.996199719882969,-0.087098324352965,0.));
#2706=DIRECTION('',(0.996199719882969,-0.087098324352965,0.));
#2707=DIRECTION('',(0.,0.,1.));
#2708=DIRECTION('',(0.996199719882969,-0.087098324352965,0.));
#2709=DIRECTION('center_axis',(0.,0.,-1.));
#2710=DIRECTION('ref_axis',(1.,0.,0.));
#2711=DIRECTION('',(0.,0.,1.));
#2712=DIRECTION('',(0.,0.,1.));
#2713=DIRECTION('',(0.,0.,1.));
#2714=DIRECTION('',(0.,0.,1.));
#2715=DIRECTION('',(0.,0.,1.));
#2716=DIRECTION('',(0.,0.,1.));
#2717=DIRECTION('center_axis',(1.,0.,0.));
#2718=DIRECTION('ref_axis',(0.,1.,0.));
#2719=DIRECTION('',(0.,1.,0.));
#2720=DIRECTION('',(0.,0.,1.));
#2721=DIRECTION('',(0.,1.,0.));
#2722=DIRECTION('center_axis',(0.,-1.,0.));
#2723=DIRECTION('ref_axis',(1.,0.,0.));
#2724=DIRECTION('',(1.,0.,0.));
#2725=DIRECTION('',(0.,0.,1.));
#2726=DIRECTION('',(1.,0.,0.));
#2727=DIRECTION('center_axis',(-1.,0.,0.));
#2728=DIRECTION('ref_axis',(0.,-1.,0.));
#2729=DIRECTION('',(0.,-1.,0.));
#2730=DIRECTION('',(0.,0.,1.));
#2731=DIRECTION('',(0.,-1.,0.));
#2732=DIRECTION('',(0.,0.,1.));
#2733=DIRECTION('',(0.,0.,1.));
#2734=DIRECTION('',(0.,0.,1.));
#2735=DIRECTION('',(0.,0.,1.));
#2736=DIRECTION('',(0.,0.,1.));
#2737=DIRECTION('',(0.,0.,1.));
#2738=DIRECTION('center_axis',(1.,0.,0.));
#2739=DIRECTION('ref_axis',(0.,1.,0.));
#2740=DIRECTION('',(0.,1.,0.));
#2741=DIRECTION('',(0.,0.,1.));
#2742=DIRECTION('',(0.,1.,0.));
#2743=DIRECTION('center_axis',(0.,-1.,0.));
#2744=DIRECTION('ref_axis',(1.,0.,0.));
#2745=DIRECTION('',(1.,0.,0.));
#2746=DIRECTION('',(0.,0.,1.));
#2747=DIRECTION('',(1.,0.,0.));
#2748=DIRECTION('center_axis',(-1.,0.,0.));
#2749=DIRECTION('ref_axis',(0.,-1.,0.));
#2750=DIRECTION('',(0.,-1.,0.));
#2751=DIRECTION('',(0.,-1.,0.));
#2752=DIRECTION('center_axis',(0.,0.,-1.));
#2753=DIRECTION('ref_axis',(1.,0.,0.));
#2754=DIRECTION('center_axis',(1.,0.,0.));
#2755=DIRECTION('ref_axis',(0.,1.,0.));
#2756=DIRECTION('',(0.,1.,0.));
#2757=DIRECTION('',(0.,0.,1.));
#2758=DIRECTION('',(0.,1.,0.));
#2759=DIRECTION('',(0.,0.,1.));
#2760=DIRECTION('center_axis',(0.,-1.,0.));
#2761=DIRECTION('ref_axis',(1.,0.,0.));
#2762=DIRECTION('',(1.,0.,0.));
#2763=DIRECTION('',(0.,0.,1.));
#2764=DIRECTION('',(1.,0.,0.));
#2765=DIRECTION('center_axis',(-1.,0.,0.));
#2766=DIRECTION('ref_axis',(0.,-1.,0.));
#2767=DIRECTION('',(0.,-1.,0.));
#2768=DIRECTION('',(0.,0.,1.));
#2769=DIRECTION('',(0.,-1.,0.));
#2770=DIRECTION('center_axis',(0.,1.,0.));
#2771=DIRECTION('ref_axis',(-1.,0.,0.));
#2772=DIRECTION('',(-1.,0.,0.));
#2773=DIRECTION('',(-1.,0.,0.));
#2774=DIRECTION('center_axis',(0.,0.,1.));
#2775=DIRECTION('ref_axis',(1.,0.,0.));
#2776=DIRECTION('',(0.,0.,1.));
#2777=DIRECTION('',(0.,0.,1.));
#2778=DIRECTION('',(0.,0.,1.));
#2779=DIRECTION('',(0.,0.,1.));
#2780=DIRECTION('',(0.,0.,1.));
#2781=DIRECTION('',(0.,0.,1.));
#2782=DIRECTION('center_axis',(1.,0.,0.));
#2783=DIRECTION('ref_axis',(0.,1.,0.));
#2784=DIRECTION('',(0.,1.,0.));
#2785=DIRECTION('',(0.,0.,1.));
#2786=DIRECTION('',(0.,1.,0.));
#2787=DIRECTION('center_axis',(0.,-1.,0.));
#2788=DIRECTION('ref_axis',(1.,0.,0.));
#2789=DIRECTION('',(1.,0.,0.));
#2790=DIRECTION('',(0.,0.,1.));
#2791=DIRECTION('',(1.,0.,0.));
#2792=DIRECTION('center_axis',(-1.,0.,0.));
#2793=DIRECTION('ref_axis',(0.,-1.,0.));
#2794=DIRECTION('',(0.,-1.,0.));
#2795=DIRECTION('',(0.,0.,1.));
#2796=DIRECTION('',(0.,-1.,0.));
#2797=DIRECTION('',(0.,0.,1.));
#2798=DIRECTION('',(0.,0.,1.));
#2799=DIRECTION('',(0.,0.,1.));
#2800=DIRECTION('',(0.,0.,1.));
#2801=DIRECTION('',(0.,0.,1.));
#2802=DIRECTION('',(0.,0.,1.));
#2803=DIRECTION('center_axis',(1.,0.,0.));
#2804=DIRECTION('ref_axis',(0.,1.,0.));
#2805=DIRECTION('',(0.,1.,0.));
#2806=DIRECTION('',(0.,0.,1.));
#2807=DIRECTION('',(0.,1.,0.));
#2808=DIRECTION('center_axis',(0.,-1.,0.));
#2809=DIRECTION('ref_axis',(1.,0.,0.));
#2810=DIRECTION('',(1.,0.,0.));
#2811=DIRECTION('',(0.,0.,1.));
#2812=DIRECTION('',(1.,0.,0.));
#2813=DIRECTION('center_axis',(-1.,0.,0.));
#2814=DIRECTION('ref_axis',(0.,-1.,0.));
#2815=DIRECTION('',(0.,-1.,0.));
#2816=DIRECTION('',(0.,-1.,0.));
#2817=DIRECTION('center_axis',(0.,0.,-1.));
#2818=DIRECTION('ref_axis',(1.,0.,0.));
#2819=DIRECTION('center_axis',(1.,0.,0.));
#2820=DIRECTION('ref_axis',(0.,1.,0.));
#2821=DIRECTION('',(0.,1.,0.));
#2822=DIRECTION('',(0.,0.,1.));
#2823=DIRECTION('',(0.,1.,0.));
#2824=DIRECTION('',(0.,0.,1.));
#2825=DIRECTION('center_axis',(0.,-1.,0.));
#2826=DIRECTION('ref_axis',(1.,0.,0.));
#2827=DIRECTION('',(1.,0.,0.));
#2828=DIRECTION('',(0.,0.,1.));
#2829=DIRECTION('',(1.,0.,0.));
#2830=DIRECTION('center_axis',(-1.,0.,0.));
#2831=DIRECTION('ref_axis',(0.,-1.,0.));
#2832=DIRECTION('',(0.,-1.,0.));
#2833=DIRECTION('',(0.,0.,1.));
#2834=DIRECTION('',(0.,-1.,0.));
#2835=DIRECTION('center_axis',(-4.04953282844676E-17,1.,0.));
#2836=DIRECTION('ref_axis',(-1.,-4.04953282844676E-17,0.));
#2837=DIRECTION('',(-1.,-4.04953282844676E-17,0.));
#2838=DIRECTION('',(-1.,-4.04953282844676E-17,0.));
#2839=DIRECTION('center_axis',(0.,0.,1.));
#2840=DIRECTION('ref_axis',(1.,0.,0.));
#2841=DIRECTION('center_axis',(0.,0.,-1.));
#2842=DIRECTION('ref_axis',(-1.,0.,0.));
#2843=DIRECTION('center_axis',(0.,0.,1.));
#2844=DIRECTION('ref_axis',(1.,0.,0.));
#2845=DIRECTION('center_axis',(0.,0.,1.));
#2846=DIRECTION('ref_axis',(1.,0.,0.));
#2847=DIRECTION('center_axis',(0.,0.,1.));
#2848=DIRECTION('ref_axis',(1.,0.,0.));
#2849=DIRECTION('center_axis',(1.22464679914735E-16,-1.,0.));
#2850=DIRECTION('ref_axis',(-1.,-1.22464679914735E-16,0.));
#2851=DIRECTION('center_axis',(0.,0.,1.));
#2852=DIRECTION('ref_axis',(1.,0.,0.));
#2853=DIRECTION('center_axis',(0.,0.,1.));
#2854=DIRECTION('ref_axis',(1.,0.,0.));
#2855=DIRECTION('center_axis',(0.,0.,1.));
#2856=DIRECTION('ref_axis',(1.,0.,0.));
#2857=DIRECTION('center_axis',(1.22464679914735E-16,-1.,0.));
#2858=DIRECTION('ref_axis',(-1.,-1.22464679914735E-16,0.));
#2859=DIRECTION('center_axis',(0.,0.,1.));
#2860=DIRECTION('ref_axis',(1.,0.,0.));
#2861=DIRECTION('center_axis',(0.,0.,1.));
#2862=DIRECTION('ref_axis',(1.,0.,0.));
#2863=DIRECTION('center_axis',(0.,0.,1.));
#2864=DIRECTION('ref_axis',(1.,0.,0.));
#2865=DIRECTION('',(0.,0.,-1.));
#2866=DIRECTION('center_axis',(0.,0.,1.));
#2867=DIRECTION('ref_axis',(1.,0.,0.));
#2868=DIRECTION('center_axis',(0.,0.,1.));
#2869=DIRECTION('ref_axis',(1.,0.,0.));
#2870=DIRECTION('center_axis',(1.22464679914735E-16,-1.,0.));
#2871=DIRECTION('ref_axis',(-1.,-1.22464679914735E-16,0.));
#2872=DIRECTION('center_axis',(0.,0.,-1.));
#2873=DIRECTION('ref_axis',(1.,0.,0.));
#2874=DIRECTION('center_axis',(0.,0.,1.));
#2875=DIRECTION('ref_axis',(1.,0.,0.));
#2876=DIRECTION('',(-0.888217643155949,-1.08775289363714E-16,-0.459422918873766));
#2877=DIRECTION('center_axis',(1.22464679914735E-16,-1.,0.));
#2878=DIRECTION('ref_axis',(-1.,-1.22464679914735E-16,0.));
#2879=CARTESIAN_POINT('',(0.,0.,0.));
#2880=CARTESIAN_POINT('Ctrl Pts',(-1.40867318919984,-0.619642311971943,
0.));
#2881=CARTESIAN_POINT('Ctrl Pts',(-1.40867318919984,-0.619642311971943,
1.));
#2882=CARTESIAN_POINT('Ctrl Pts',(-1.4661413285605,-0.648973573550761,0.));
#2883=CARTESIAN_POINT('Ctrl Pts',(-1.4661413285605,-0.648973573550761,1.));
#2884=CARTESIAN_POINT('Ctrl Pts',(-1.57964115914267,-0.706902945494828,
0.));
#2885=CARTESIAN_POINT('Ctrl Pts',(-1.57964115914267,-0.706902945494828,
1.));
#2886=CARTESIAN_POINT('Ctrl Pts',(-1.65789775081533,-0.807406890242303,
0.));
#2887=CARTESIAN_POINT('Ctrl Pts',(-1.65789775081533,-0.807406890242303,
1.));
#2888=CARTESIAN_POINT('Ctrl Pts',(-1.69653084091035,-0.857022876184742,
0.));
#2889=CARTESIAN_POINT('Ctrl Pts',(-1.69653084091035,-0.857022876184742,
1.));
#2890=CARTESIAN_POINT('',(-1.40867318919984,-0.619642311971943,0.));
#2891=CARTESIAN_POINT('',(-1.69653084091035,-0.857022876184742,0.));
#2892=CARTESIAN_POINT('Ctrl Pts',(-1.40867318919984,-0.619642311971943,
0.));
#2893=CARTESIAN_POINT('Ctrl Pts',(-1.4661413285605,-0.648973573550761,0.));
#2894=CARTESIAN_POINT('Ctrl Pts',(-1.57964115914267,-0.706902945494828,
0.));
#2895=CARTESIAN_POINT('Ctrl Pts',(-1.65789775081533,-0.807406890242303,
0.));
#2896=CARTESIAN_POINT('Ctrl Pts',(-1.69653084091035,-0.857022876184742,
0.));
#2897=CARTESIAN_POINT('',(-1.40867318919984,-0.619642311971943,1.));
#2898=CARTESIAN_POINT('',(-1.40867318919984,-0.619642311971943,0.));
#2899=CARTESIAN_POINT('',(-1.69653084091035,-0.857022876184742,1.));
#2900=CARTESIAN_POINT('Ctrl Pts',(-1.40867318919984,-0.619642311971943,
1.));
#2901=CARTESIAN_POINT('Ctrl Pts',(-1.4661413285605,-0.648973573550761,1.));
#2902=CARTESIAN_POINT('Ctrl Pts',(-1.57964115914267,-0.706902945494828,
1.));
#2903=CARTESIAN_POINT('Ctrl Pts',(-1.65789775081533,-0.807406890242303,
1.));
#2904=CARTESIAN_POINT('Ctrl Pts',(-1.69653084091035,-0.857022876184742,
1.));
#2905=CARTESIAN_POINT('',(-1.69653084091035,-0.857022876184742,0.));
#2906=CARTESIAN_POINT('Ctrl Pts',(-0.953011177099616,-0.540515059870045,
0.));
#2907=CARTESIAN_POINT('Ctrl Pts',(-0.953011177099616,-0.540515059870045,
1.));
#2908=CARTESIAN_POINT('Ctrl Pts',(-1.03703936891614,-0.542659898388609,
0.));
#2909=CARTESIAN_POINT('Ctrl Pts',(-1.03703936891614,-0.542659898388609,
1.));
#2910=CARTESIAN_POINT('Ctrl Pts',(-1.19299675776341,-0.546640745859238,
0.));
#2911=CARTESIAN_POINT('Ctrl Pts',(-1.19299675776341,-0.546640745859238,
1.));
#2912=CARTESIAN_POINT('Ctrl Pts',(-1.34059795575901,-0.596600393939593,
0.));
#2913=CARTESIAN_POINT('Ctrl Pts',(-1.34059795575901,-0.596600393939593,
1.));
#2914=CARTESIAN_POINT('Ctrl Pts',(-1.40867318919984,-0.619642311971943,
0.));
#2915=CARTESIAN_POINT('Ctrl Pts',(-1.40867318919984,-0.619642311971943,
1.));
#2916=CARTESIAN_POINT('',(-0.953011177099616,-0.540515059870045,0.));
#2917=CARTESIAN_POINT('Ctrl Pts',(-0.953011177099616,-0.540515059870045,
0.));
#2918=CARTESIAN_POINT('Ctrl Pts',(-1.03703936891614,-0.542659898388609,
0.));
#2919=CARTESIAN_POINT('Ctrl Pts',(-1.19299675776341,-0.546640745859238,
0.));
#2920=CARTESIAN_POINT('Ctrl Pts',(-1.34059795575901,-0.596600393939593,
0.));
#2921=CARTESIAN_POINT('Ctrl Pts',(-1.40867318919984,-0.619642311971943,
0.));
#2922=CARTESIAN_POINT('',(-0.953011177099616,-0.540515059870045,1.));
#2923=CARTESIAN_POINT('',(-0.953011177099616,-0.540515059870045,0.));
#2924=CARTESIAN_POINT('Ctrl Pts',(-0.953011177099616,-0.540515059870045,
1.));
#2925=CARTESIAN_POINT('Ctrl Pts',(-1.03703936891614,-0.542659898388609,
1.));
#2926=CARTESIAN_POINT('Ctrl Pts',(-1.19299675776341,-0.546640745859238,
1.));
#2927=CARTESIAN_POINT('Ctrl Pts',(-1.34059795575901,-0.596600393939593,
1.));
#2928=CARTESIAN_POINT('Ctrl Pts',(-1.40867318919984,-0.619642311971943,
1.));
#2929=CARTESIAN_POINT('Ctrl Pts',(-0.568290613211067,-0.618277961653034,
0.));
#2930=CARTESIAN_POINT('Ctrl Pts',(-0.568290613211067,-0.618277961653034,
1.));
#2931=CARTESIAN_POINT('Ctrl Pts',(-0.628106653031489,-0.595604526919069,
0.));
#2932=CARTESIAN_POINT('Ctrl Pts',(-0.628106653031489,-0.595604526919069,
1.));
#2933=CARTESIAN_POINT('Ctrl Pts',(-0.752011153087022,-0.548638184719087,
0.));
#2934=CARTESIAN_POINT('Ctrl Pts',(-0.752011153087022,-0.548638184719087,
1.));
#2935=CARTESIAN_POINT('Ctrl Pts',(-0.884488493982805,-0.543284304862346,
0.));
#2936=CARTESIAN_POINT('Ctrl Pts',(-0.884488493982805,-0.543284304862346,
1.));
#2937=CARTESIAN_POINT('Ctrl Pts',(-0.953011177099616,-0.540515059870045,
0.));
#2938=CARTESIAN_POINT('Ctrl Pts',(-0.953011177099616,-0.540515059870045,
1.));
#2939=CARTESIAN_POINT('',(-0.568290613211067,-0.618277961653034,0.));
#2940=CARTESIAN_POINT('Ctrl Pts',(-0.568290613211067,-0.618277961653034,
0.));
#2941=CARTESIAN_POINT('Ctrl Pts',(-0.628106653031489,-0.595604526919069,
0.));
#2942=CARTESIAN_POINT('Ctrl Pts',(-0.752011153087022,-0.548638184719087,
0.));
#2943=CARTESIAN_POINT('Ctrl Pts',(-0.884488493982805,-0.543284304862346,
0.));
#2944=CARTESIAN_POINT('Ctrl Pts',(-0.953011177099616,-0.540515059870045,
0.));
#2945=CARTESIAN_POINT('',(-0.568290613211067,-0.618277961653034,1.));
#2946=CARTESIAN_POINT('',(-0.568290613211067,-0.618277961653034,0.));
#2947=CARTESIAN_POINT('Ctrl Pts',(-0.568290613211067,-0.618277961653034,
1.));
#2948=CARTESIAN_POINT('Ctrl Pts',(-0.628106653031489,-0.595604526919069,
1.));
#2949=CARTESIAN_POINT('Ctrl Pts',(-0.752011153087022,-0.548638184719087,
1.));
#2950=CARTESIAN_POINT('Ctrl Pts',(-0.884488493982805,-0.543284304862346,
1.));
#2951=CARTESIAN_POINT('Ctrl Pts',(-0.953011177099616,-0.540515059870045,
1.));
#2952=CARTESIAN_POINT('Ctrl Pts',(-0.304989479101569,-0.837923163812916,
0.));
#2953=CARTESIAN_POINT('Ctrl Pts',(-0.304989479101569,-0.837923163812916,
1.));
#2954=CARTESIAN_POINT('Ctrl Pts',(-0.339681101403604,-0.793249635459001,
0.));
#2955=CARTESIAN_POINT('Ctrl Pts',(-0.339681101403604,-0.793249635459001,
1.));
#2956=CARTESIAN_POINT('Ctrl Pts',(-0.411366926786919,-0.700937470724994,
0.));
#2957=CARTESIAN_POINT('Ctrl Pts',(-0.411366926786919,-0.700937470724994,
1.));
#2958=CARTESIAN_POINT('Ctrl Pts',(-0.514874481417088,-0.646414894522934,
0.));
#2959=CARTESIAN_POINT('Ctrl Pts',(-0.514874481417088,-0.646414894522934,
1.));
#2960=CARTESIAN_POINT('Ctrl Pts',(-0.568290613211067,-0.618277961653034,
0.));
#2961=CARTESIAN_POINT('Ctrl Pts',(-0.568290613211067,-0.618277961653034,
1.));
#2962=CARTESIAN_POINT('',(-0.304989479101569,-0.837923163812916,0.));
#2963=CARTESIAN_POINT('Ctrl Pts',(-0.304989479101569,-0.837923163812916,
0.));
#2964=CARTESIAN_POINT('Ctrl Pts',(-0.339681101403604,-0.793249635459001,
0.));
#2965=CARTESIAN_POINT('Ctrl Pts',(-0.411366926786919,-0.700937470724994,
0.));
#2966=CARTESIAN_POINT('Ctrl Pts',(-0.514874481417088,-0.646414894522934,
0.));
#2967=CARTESIAN_POINT('Ctrl Pts',(-0.568290613211067,-0.618277961653034,
0.));
#2968=CARTESIAN_POINT('',(-0.304989479101569,-0.837923163812916,1.));
#2969=CARTESIAN_POINT('',(-0.304989479101569,-0.837923163812916,0.));
#2970=CARTESIAN_POINT('Ctrl Pts',(-0.304989479101569,-0.837923163812916,
1.));
#2971=CARTESIAN_POINT('Ctrl Pts',(-0.339681101403604,-0.793249635459001,
1.));
#2972=CARTESIAN_POINT('Ctrl Pts',(-0.411366926786919,-0.700937470724994,
1.));
#2973=CARTESIAN_POINT('Ctrl Pts',(-0.514874481417088,-0.646414894522934,
1.));
#2974=CARTESIAN_POINT('Ctrl Pts',(-0.568290613211067,-0.618277961653034,
1.));
#2975=CARTESIAN_POINT('Ctrl Pts',(-0.213584564245612,-1.13942402068929,
0.));
#2976=CARTESIAN_POINT('Ctrl Pts',(-0.213584564245612,-1.13942402068929,
1.));
#2977=CARTESIAN_POINT('Ctrl Pts',(-0.217614074674777,-1.08661683732743,
0.));
#2978=CARTESIAN_POINT('Ctrl Pts',(-0.217614074674777,-1.08661683732743,
1.));
#2979=CARTESIAN_POINT('Ctrl Pts',(-0.225794411063283,-0.979412617057181,
0.));
#2980=CARTESIAN_POINT('Ctrl Pts',(-0.225794411063283,-0.979412617057181,
1.));
#2981=CARTESIAN_POINT('Ctrl Pts',(-0.278331412733439,-0.885550311922099,
0.));
#2982=CARTESIAN_POINT('Ctrl Pts',(-0.278331412733439,-0.885550311922099,
1.));
#2983=CARTESIAN_POINT('Ctrl Pts',(-0.304989479101569,-0.837923163812916,
0.));
#2984=CARTESIAN_POINT('Ctrl Pts',(-0.304989479101569,-0.837923163812916,
1.));
#2985=CARTESIAN_POINT('',(-0.213584564245612,-1.13942402068929,0.));
#2986=CARTESIAN_POINT('Ctrl Pts',(-0.213584564245612,-1.13942402068929,
0.));
#2987=CARTESIAN_POINT('Ctrl Pts',(-0.217614074674777,-1.08661683732743,
0.));
#2988=CARTESIAN_POINT('Ctrl Pts',(-0.225794411063283,-0.979412617057181,
0.));
#2989=CARTESIAN_POINT('Ctrl Pts',(-0.278331412733439,-0.885550311922099,
0.));
#2990=CARTESIAN_POINT('Ctrl Pts',(-0.304989479101569,-0.837923163812916,
0.));
#2991=CARTESIAN_POINT('',(-0.213584564245612,-1.13942402068929,1.));
#2992=CARTESIAN_POINT('',(-0.213584564245612,-1.13942402068929,0.));
#2993=CARTESIAN_POINT('Ctrl Pts',(-0.213584564245612,-1.13942402068929,
1.));
#2994=CARTESIAN_POINT('Ctrl Pts',(-0.217614074674777,-1.08661683732743,
1.));
#2995=CARTESIAN_POINT('Ctrl Pts',(-0.225794411063283,-0.979412617057181,
1.));
#2996=CARTESIAN_POINT('Ctrl Pts',(-0.278331412733439,-0.885550311922099,
1.));
#2997=CARTESIAN_POINT('Ctrl Pts',(-0.304989479101569,-0.837923163812916,
1.));
#2998=CARTESIAN_POINT('Ctrl Pts',(-0.296803973234565,-1.42318921748952,
0.));
#2999=CARTESIAN_POINT('Ctrl Pts',(-0.296803973234565,-1.42318921748952,
1.));
#3000=CARTESIAN_POINT('Ctrl Pts',(-0.272534964131257,-1.38010686782011,
0.));
#3001=CARTESIAN_POINT('Ctrl Pts',(-0.272534964131257,-1.38010686782011,
1.));
#3002=CARTESIAN_POINT('Ctrl Pts',(-0.222911840363607,-1.29201588887877,
0.));
#3003=CARTESIAN_POINT('Ctrl Pts',(-0.222911840363607,-1.29201588887877,
1.));
#3004=CARTESIAN_POINT('Ctrl Pts',(-0.216738652514896,-1.19102410364555,
0.));
#3005=CARTESIAN_POINT('Ctrl Pts',(-0.216738652514896,-1.19102410364555,
1.));
#3006=CARTESIAN_POINT('Ctrl Pts',(-0.213584564245612,-1.13942402068929,
0.));
#3007=CARTESIAN_POINT('Ctrl Pts',(-0.213584564245612,-1.13942402068929,
1.));
#3008=CARTESIAN_POINT('',(-0.296803973234565,-1.42318921748952,0.));
#3009=CARTESIAN_POINT('Ctrl Pts',(-0.296803973234565,-1.42318921748952,
0.));
#3010=CARTESIAN_POINT('Ctrl Pts',(-0.272534964131257,-1.38010686782011,
0.));
#3011=CARTESIAN_POINT('Ctrl Pts',(-0.222911840363607,-1.29201588887877,
0.));
#3012=CARTESIAN_POINT('Ctrl Pts',(-0.216738652514896,-1.19102410364555,
0.));
#3013=CARTESIAN_POINT('Ctrl Pts',(-0.213584564245612,-1.13942402068929,
0.));
#3014=CARTESIAN_POINT('',(-0.296803973234565,-1.42318921748952,1.));
#3015=CARTESIAN_POINT('',(-0.296803973234565,-1.42318921748952,0.));
#3016=CARTESIAN_POINT('Ctrl Pts',(-0.296803973234565,-1.42318921748952,
1.));
#3017=CARTESIAN_POINT('Ctrl Pts',(-0.272534964131257,-1.38010686782011,
1.));
#3018=CARTESIAN_POINT('Ctrl Pts',(-0.222911840363607,-1.29201588887877,
1.));
#3019=CARTESIAN_POINT('Ctrl Pts',(-0.216738652514896,-1.19102410364555,
1.));
#3020=CARTESIAN_POINT('Ctrl Pts',(-0.213584564245612,-1.13942402068929,
1.));
#3021=CARTESIAN_POINT('Ctrl Pts',(-0.554648302114875,-1.6278277582343,0.));
#3022=CARTESIAN_POINT('Ctrl Pts',(-0.554648302114875,-1.6278277582343,1.));
#3023=CARTESIAN_POINT('Ctrl Pts',(-0.501333672978643,-1.60072673578782,
0.));
#3024=CARTESIAN_POINT('Ctrl Pts',(-0.501333672978643,-1.60072673578782,
1.));
#3025=CARTESIAN_POINT('Ctrl Pts',(-0.401330257139433,-1.54989275529705,
0.));
#3026=CARTESIAN_POINT('Ctrl Pts',(-0.401330257139433,-1.54989275529705,
1.));
#3027=CARTESIAN_POINT('Ctrl Pts',(-0.330072308493802,-1.46351606751079,
0.));
#3028=CARTESIAN_POINT('Ctrl Pts',(-0.330072308493802,-1.46351606751079,
1.));
#3029=CARTESIAN_POINT('Ctrl Pts',(-0.296803973234565,-1.42318921748952,
0.));
#3030=CARTESIAN_POINT('Ctrl Pts',(-0.296803973234565,-1.42318921748952,
1.));
#3031=CARTESIAN_POINT('',(-0.554648302114875,-1.6278277582343,0.));
#3032=CARTESIAN_POINT('Ctrl Pts',(-0.554648302114875,-1.6278277582343,0.));
#3033=CARTESIAN_POINT('Ctrl Pts',(-0.501333672978643,-1.60072673578782,
0.));
#3034=CARTESIAN_POINT('Ctrl Pts',(-0.401330257139433,-1.54989275529705,
0.));
#3035=CARTESIAN_POINT('Ctrl Pts',(-0.330072308493802,-1.46351606751079,
0.));
#3036=CARTESIAN_POINT('Ctrl Pts',(-0.296803973234565,-1.42318921748952,
0.));
#3037=CARTESIAN_POINT('',(-0.554648302114875,-1.6278277582343,1.));
#3038=CARTESIAN_POINT('',(-0.554648302114875,-1.6278277582343,0.));
#3039=CARTESIAN_POINT('Ctrl Pts',(-0.554648302114875,-1.6278277582343,1.));
#3040=CARTESIAN_POINT('Ctrl Pts',(-0.501333672978643,-1.60072673578782,
1.));
#3041=CARTESIAN_POINT('Ctrl Pts',(-0.401330257139433,-1.54989275529705,
1.));
#3042=CARTESIAN_POINT('Ctrl Pts',(-0.330072308493802,-1.46351606751079,
1.));
#3043=CARTESIAN_POINT('Ctrl Pts',(-0.296803973234565,-1.42318921748952,
1.));
#3044=CARTESIAN_POINT('Ctrl Pts',(-0.998031757391364,-1.75470339719609,
0.));
#3045=CARTESIAN_POINT('Ctrl Pts',(-0.998031757391364,-1.75470339719609,
1.));
#3046=CARTESIAN_POINT('Ctrl Pts',(-0.906479668171617,-1.73449186098645,
0.));
#3047=CARTESIAN_POINT('Ctrl Pts',(-0.906479668171617,-1.73449186098645,
1.));
#3048=CARTESIAN_POINT('Ctrl Pts',(-0.755995398241449,-1.70127013664793,
0.));
#3049=CARTESIAN_POINT('Ctrl Pts',(-0.755995398241449,-1.70127013664793,
1.));
#3050=CARTESIAN_POINT('Ctrl Pts',(-0.611309674314398,-1.64849528221933,
0.));
#3051=CARTESIAN_POINT('Ctrl Pts',(-0.611309674314398,-1.64849528221933,
1.));
#3052=CARTESIAN_POINT('Ctrl Pts',(-0.554648302114875,-1.6278277582343,0.));
#3053=CARTESIAN_POINT('Ctrl Pts',(-0.554648302114875,-1.6278277582343,1.));
#3054=CARTESIAN_POINT('',(-0.998031757391364,-1.75470339719609,0.));
#3055=CARTESIAN_POINT('Ctrl Pts',(-0.998031757391364,-1.75470339719609,
0.));
#3056=CARTESIAN_POINT('Ctrl Pts',(-0.906479668171617,-1.73449186098645,
0.));
#3057=CARTESIAN_POINT('Ctrl Pts',(-0.755995398241449,-1.70127013664793,
0.));
#3058=CARTESIAN_POINT('Ctrl Pts',(-0.611309674314398,-1.64849528221933,
0.));
#3059=CARTESIAN_POINT('Ctrl Pts',(-0.554648302114875,-1.6278277582343,0.));
#3060=CARTESIAN_POINT('',(-0.998031757391364,-1.75470339719609,1.));
#3061=CARTESIAN_POINT('',(-0.998031757391364,-1.75470339719609,0.));
#3062=CARTESIAN_POINT('Ctrl Pts',(-0.998031757391364,-1.75470339719609,
1.));
#3063=CARTESIAN_POINT('Ctrl Pts',(-0.906479668171617,-1.73449186098645,
1.));
#3064=CARTESIAN_POINT('Ctrl Pts',(-0.755995398241449,-1.70127013664793,
1.));
#3065=CARTESIAN_POINT('Ctrl Pts',(-0.611309674314398,-1.64849528221933,
1.));
#3066=CARTESIAN_POINT('Ctrl Pts',(-0.554648302114875,-1.6278277582343,1.));
#3067=CARTESIAN_POINT('Ctrl Pts',(-1.39639463237611,-1.89795064393834,0.));
#3068=CARTESIAN_POINT('Ctrl Pts',(-1.39639463237611,-1.89795064393834,1.));
#3069=CARTESIAN_POINT('Ctrl Pts',(-1.35115304518134,-1.87265658202352,0.));
#3070=CARTESIAN_POINT('Ctrl Pts',(-1.35115304518134,-1.87265658202352,1.));
#3071=CARTESIAN_POINT('Ctrl Pts',(-1.22686472405106,-1.803168381346,0.));
#3072=CARTESIAN_POINT('Ctrl Pts',(-1.22686472405106,-1.803168381346,1.));
#3073=CARTESIAN_POINT('Ctrl Pts',(-1.08699083346101,-1.77354421490973,0.));
#3074=CARTESIAN_POINT('Ctrl Pts',(-1.08699083346101,-1.77354421490973,1.));
#3075=CARTESIAN_POINT('Ctrl Pts',(-0.998031757391364,-1.75470339719609,
0.));
#3076=CARTESIAN_POINT('Ctrl Pts',(-0.998031757391364,-1.75470339719609,
1.));
#3077=CARTESIAN_POINT('',(-1.39639463237611,-1.89795064393834,0.));
#3078=CARTESIAN_POINT('Ctrl Pts',(-1.39639463237611,-1.89795064393834,0.));
#3079=CARTESIAN_POINT('Ctrl Pts',(-1.35115304518134,-1.87265658202352,0.));
#3080=CARTESIAN_POINT('Ctrl Pts',(-1.22686472405106,-1.803168381346,0.));
#3081=CARTESIAN_POINT('Ctrl Pts',(-1.08699083346101,-1.77354421490973,0.));
#3082=CARTESIAN_POINT('Ctrl Pts',(-0.998031757391364,-1.75470339719609,
0.));
#3083=CARTESIAN_POINT('',(-1.39639463237611,-1.89795064393834,1.));
#3084=CARTESIAN_POINT('',(-1.39639463237611,-1.89795064393834,0.));
#3085=CARTESIAN_POINT('Ctrl Pts',(-1.39639463237611,-1.89795064393834,1.));
#3086=CARTESIAN_POINT('Ctrl Pts',(-1.35115304518134,-1.87265658202352,1.));
#3087=CARTESIAN_POINT('Ctrl Pts',(-1.22686472405106,-1.803168381346,1.));
#3088=CARTESIAN_POINT('Ctrl Pts',(-1.08699083346101,-1.77354421490973,1.));
#3089=CARTESIAN_POINT('Ctrl Pts',(-0.998031757391364,-1.75470339719609,
1.));
#3090=CARTESIAN_POINT('Ctrl Pts',(-1.47415723613587,-2.07530366842107,0.));
#3091=CARTESIAN_POINT('Ctrl Pts',(-1.47415723613587,-2.07530366842107,1.));
#3092=CARTESIAN_POINT('Ctrl Pts',(-1.47103854255785,-2.04107946060194,0.));
#3093=CARTESIAN_POINT('Ctrl Pts',(-1.47103854255785,-2.04107946060194,1.));
#3094=CARTESIAN_POINT('Ctrl Pts',(-1.464858254412,-1.97325764335902,0.));
#3095=CARTESIAN_POINT('Ctrl Pts',(-1.464858254412,-1.97325764335902,1.));
#3096=CARTESIAN_POINT('Ctrl Pts',(-1.41907484373698,-1.92289788764272,0.));
#3097=CARTESIAN_POINT('Ctrl Pts',(-1.41907484373698,-1.92289788764272,1.));
#3098=CARTESIAN_POINT('Ctrl Pts',(-1.39639463237611,-1.89795064393834,0.));
#3099=CARTESIAN_POINT('Ctrl Pts',(-1.39639463237611,-1.89795064393834,1.));
#3100=CARTESIAN_POINT('',(-1.47415723613587,-2.07530366842107,0.));
#3101=CARTESIAN_POINT('Ctrl Pts',(-1.47415723613587,-2.07530366842107,0.));
#3102=CARTESIAN_POINT('Ctrl Pts',(-1.47103854255785,-2.04107946060194,0.));
#3103=CARTESIAN_POINT('Ctrl Pts',(-1.464858254412,-1.97325764335902,0.));
#3104=CARTESIAN_POINT('Ctrl Pts',(-1.41907484373698,-1.92289788764272,0.));
#3105=CARTESIAN_POINT('Ctrl Pts',(-1.39639463237611,-1.89795064393834,0.));
#3106=CARTESIAN_POINT('',(-1.47415723613587,-2.07530366842107,1.));
#3107=CARTESIAN_POINT('',(-1.47415723613587,-2.07530366842107,0.));
#3108=CARTESIAN_POINT('Ctrl Pts',(-1.47415723613587,-2.07530366842107,1.));
#3109=CARTESIAN_POINT('Ctrl Pts',(-1.47103854255785,-2.04107946060194,1.));
#3110=CARTESIAN_POINT('Ctrl Pts',(-1.464858254412,-1.97325764335902,1.));
#3111=CARTESIAN_POINT('Ctrl Pts',(-1.41907484373698,-1.92289788764272,1.));
#3112=CARTESIAN_POINT('Ctrl Pts',(-1.39639463237611,-1.89795064393834,1.));
#3113=CARTESIAN_POINT('Ctrl Pts',(-1.36501636318055,-2.28676366273717,0.));
#3114=CARTESIAN_POINT('Ctrl Pts',(-1.36501636318055,-2.28676366273717,1.));
#3115=CARTESIAN_POINT('Ctrl Pts',(-1.39683795269436,-2.25688404387266,0.));
#3116=CARTESIAN_POINT('Ctrl Pts',(-1.39683795269436,-2.25688404387266,1.));
#3117=CARTESIAN_POINT('Ctrl Pts',(-1.45836290874155,-2.19911376069594,0.));
#3118=CARTESIAN_POINT('Ctrl Pts',(-1.45836290874155,-2.19911376069594,1.));
#3119=CARTESIAN_POINT('Ctrl Pts',(-1.46901470273757,-2.11561545370162,0.));
#3120=CARTESIAN_POINT('Ctrl Pts',(-1.46901470273757,-2.11561545370162,1.));
#3121=CARTESIAN_POINT('Ctrl Pts',(-1.47415723613587,-2.07530366842107,0.));
#3122=CARTESIAN_POINT('Ctrl Pts',(-1.47415723613587,-2.07530366842107,1.));
#3123=CARTESIAN_POINT('',(-1.36501636318055,-2.28676366273717,0.));
#3124=CARTESIAN_POINT('Ctrl Pts',(-1.36501636318055,-2.28676366273717,0.));
#3125=CARTESIAN_POINT('Ctrl Pts',(-1.39683795269436,-2.25688404387266,0.));
#3126=CARTESIAN_POINT('Ctrl Pts',(-1.45836290874155,-2.19911376069594,0.));
#3127=CARTESIAN_POINT('Ctrl Pts',(-1.46901470273757,-2.11561545370162,0.));
#3128=CARTESIAN_POINT('Ctrl Pts',(-1.47415723613587,-2.07530366842107,0.));
#3129=CARTESIAN_POINT('',(-1.36501636318055,-2.28676366273717,1.));
#3130=CARTESIAN_POINT('',(-1.36501636318055,-2.28676366273717,0.));
#3131=CARTESIAN_POINT('Ctrl Pts',(-1.36501636318055,-2.28676366273717,1.));
#3132=CARTESIAN_POINT('Ctrl Pts',(-1.39683795269436,-2.25688404387266,1.));
#3133=CARTESIAN_POINT('Ctrl Pts',(-1.45836290874155,-2.19911376069594,1.));
#3134=CARTESIAN_POINT('Ctrl Pts',(-1.46901470273757,-2.11561545370162,1.));
#3135=CARTESIAN_POINT('Ctrl Pts',(-1.47415723613587,-2.07530366842107,1.));
#3136=CARTESIAN_POINT('Ctrl Pts',(-1.01440276912537,-2.37544047300176,0.));
#3137=CARTESIAN_POINT('Ctrl Pts',(-1.01440276912537,-2.37544047300176,1.));
#3138=CARTESIAN_POINT('Ctrl Pts',(-1.08537942142043,-2.37431695276761,0.));
#3139=CARTESIAN_POINT('Ctrl Pts',(-1.08537942142043,-2.37431695276761,1.));
#3140=CARTESIAN_POINT('Ctrl Pts',(-1.20991412479751,-2.37234563889787,0.));
#3141=CARTESIAN_POINT('Ctrl Pts',(-1.20991412479751,-2.37234563889787,1.));
#3142=CARTESIAN_POINT('Ctrl Pts',(-1.31837227801557,-2.31250083472284,0.));
#3143=CARTESIAN_POINT('Ctrl Pts',(-1.31837227801557,-2.31250083472284,1.));
#3144=CARTESIAN_POINT('Ctrl Pts',(-1.36501636318055,-2.28676366273717,0.));
#3145=CARTESIAN_POINT('Ctrl Pts',(-1.36501636318055,-2.28676366273717,1.));
#3146=CARTESIAN_POINT('',(-1.01440276912537,-2.37544047300176,0.));
#3147=CARTESIAN_POINT('Ctrl Pts',(-1.01440276912537,-2.37544047300176,0.));
#3148=CARTESIAN_POINT('Ctrl Pts',(-1.08537942142043,-2.37431695276761,0.));
#3149=CARTESIAN_POINT('Ctrl Pts',(-1.20991412479751,-2.37234563889787,0.));
#3150=CARTESIAN_POINT('Ctrl Pts',(-1.31837227801557,-2.31250083472284,0.));
#3151=CARTESIAN_POINT('Ctrl Pts',(-1.36501636318055,-2.28676366273717,0.));
#3152=CARTESIAN_POINT('',(-1.01440276912537,-2.37544047300176,1.));
#3153=CARTESIAN_POINT('',(-1.01440276912537,-2.37544047300176,0.));
#3154=CARTESIAN_POINT('Ctrl Pts',(-1.01440276912537,-2.37544047300176,1.));
#3155=CARTESIAN_POINT('Ctrl Pts',(-1.08537942142043,-2.37431695276761,1.));
#3156=CARTESIAN_POINT('Ctrl Pts',(-1.20991412479751,-2.37234563889787,1.));
#3157=CARTESIAN_POINT('Ctrl Pts',(-1.31837227801557,-2.31250083472284,1.));
#3158=CARTESIAN_POINT('Ctrl Pts',(-1.36501636318055,-2.28676366273717,1.));
#3159=CARTESIAN_POINT('Ctrl Pts',(-0.666517279661567,-2.27857815687017,
0.));
#3160=CARTESIAN_POINT('Ctrl Pts',(-0.666517279661567,-2.27857815687017,
1.));
#3161=CARTESIAN_POINT('Ctrl Pts',(-0.713880938081469,-2.30673901160117,
0.));
#3162=CARTESIAN_POINT('Ctrl Pts',(-0.713880938081469,-2.30673901160117,
1.));
#3163=CARTESIAN_POINT('Ctrl Pts',(-0.820524618953703,-2.37014579446404,
0.));
#3164=CARTESIAN_POINT('Ctrl Pts',(-0.820524618953703,-2.37014579446404,
1.));
#3165=CARTESIAN_POINT('Ctrl Pts',(-0.94513538378555,-2.37354882849103,0.));
#3166=CARTESIAN_POINT('Ctrl Pts',(-0.94513538378555,-2.37354882849103,1.));
#3167=CARTESIAN_POINT('Ctrl Pts',(-1.01440276912537,-2.37544047300176,0.));
#3168=CARTESIAN_POINT('Ctrl Pts',(-1.01440276912537,-2.37544047300176,1.));
#3169=CARTESIAN_POINT('',(-0.666517279661567,-2.27857815687017,0.));
#3170=CARTESIAN_POINT('Ctrl Pts',(-0.666517279661567,-2.27857815687017,
0.));
#3171=CARTESIAN_POINT('Ctrl Pts',(-0.713880938081469,-2.30673901160117,
0.));
#3172=CARTESIAN_POINT('Ctrl Pts',(-0.820524618953703,-2.37014579446404,
0.));
#3173=CARTESIAN_POINT('Ctrl Pts',(-0.94513538378555,-2.37354882849103,0.));
#3174=CARTESIAN_POINT('Ctrl Pts',(-1.01440276912537,-2.37544047300176,0.));
#3175=CARTESIAN_POINT('',(-0.666517279661567,-2.27857815687017,1.));
#3176=CARTESIAN_POINT('',(-0.666517279661567,-2.27857815687017,0.));
#3177=CARTESIAN_POINT('Ctrl Pts',(-0.666517279661567,-2.27857815687017,
1.));
#3178=CARTESIAN_POINT('Ctrl Pts',(-0.713880938081469,-2.30673901160117,
1.));
#3179=CARTESIAN_POINT('Ctrl Pts',(-0.820524618953703,-2.37014579446404,
1.));
#3180=CARTESIAN_POINT('Ctrl Pts',(-0.94513538378555,-2.37354882849103,1.));
#3181=CARTESIAN_POINT('Ctrl Pts',(-1.01440276912537,-2.37544047300176,1.));
#3182=CARTESIAN_POINT('Ctrl Pts',(-0.527363083876045,-1.99208425943212,
0.));
#3183=CARTESIAN_POINT('Ctrl Pts',(-0.527363083876045,-1.99208425943212,
1.));
#3184=CARTESIAN_POINT('Ctrl Pts',(-0.536943388285313,-2.05028348366333,
0.));
#3185=CARTESIAN_POINT('Ctrl Pts',(-0.536943388285313,-2.05028348366333,
1.));
#3186=CARTESIAN_POINT('Ctrl Pts',(-0.55500042734581,-2.15997787544248,0.));
#3187=CARTESIAN_POINT('Ctrl Pts',(-0.55500042734581,-2.15997787544248,1.));
#3188=CARTESIAN_POINT('Ctrl Pts',(-0.630891033033737,-2.24068896982327,
0.));
#3189=CARTESIAN_POINT('Ctrl Pts',(-0.630891033033737,-2.24068896982327,
1.));
#3190=CARTESIAN_POINT('Ctrl Pts',(-0.666517279661567,-2.27857815687017,
0.));
#3191=CARTESIAN_POINT('Ctrl Pts',(-0.666517279661567,-2.27857815687017,
1.));
#3192=CARTESIAN_POINT('',(-0.527363083876045,-1.99208425943212,0.));
#3193=CARTESIAN_POINT('Ctrl Pts',(-0.527363083876045,-1.99208425943212,
0.));
#3194=CARTESIAN_POINT('Ctrl Pts',(-0.536943388285313,-2.05028348366333,
0.));
#3195=CARTESIAN_POINT('Ctrl Pts',(-0.55500042734581,-2.15997787544248,0.));
#3196=CARTESIAN_POINT('Ctrl Pts',(-0.630891033033737,-2.24068896982327,
0.));
#3197=CARTESIAN_POINT('Ctrl Pts',(-0.666517279661567,-2.27857815687017,
0.));
#3198=CARTESIAN_POINT('',(-0.527363083876045,-1.99208425943212,1.));
#3199=CARTESIAN_POINT('',(-0.527363083876045,-1.99208425943212,0.));
#3200=CARTESIAN_POINT('Ctrl Pts',(-0.527363083876045,-1.99208425943212,
1.));
#3201=CARTESIAN_POINT('Ctrl Pts',(-0.536943388285313,-2.05028348366333,
1.));
#3202=CARTESIAN_POINT('Ctrl Pts',(-0.55500042734581,-2.15997787544248,1.));
#3203=CARTESIAN_POINT('Ctrl Pts',(-0.630891033033737,-2.24068896982327,
1.));
#3204=CARTESIAN_POINT('Ctrl Pts',(-0.666517279661567,-2.27857815687017,
1.));
#3205=CARTESIAN_POINT('Origin',(-0.273611209906013,-2.01118397180394,0.));
#3206=CARTESIAN_POINT('',(-0.273611209906013,-2.01118397180394,0.));
#3207=CARTESIAN_POINT('',(4.0132173901678,-2.33385033074637,0.));
#3208=CARTESIAN_POINT('',(-0.273611209906013,-2.01118397180394,1.));
#3209=CARTESIAN_POINT('',(-0.273611209906013,-2.01118397180394,0.));
#3210=CARTESIAN_POINT('',(-0.273611209906013,-2.01118397180394,1.));
#3211=CARTESIAN_POINT('Ctrl Pts',(-0.371837876356513,-2.32632684175328,
0.));
#3212=CARTESIAN_POINT('Ctrl Pts',(-0.371837876356513,-2.32632684175328,
1.));
#3213=CARTESIAN_POINT('Ctrl Pts',(-0.344879080968854,-2.27798370122017,
0.));
#3214=CARTESIAN_POINT('Ctrl Pts',(-0.344879080968854,-2.27798370122017,
1.));
#3215=CARTESIAN_POINT('Ctrl Pts',(-0.290148450250582,-2.17983945796919,
0.));
#3216=CARTESIAN_POINT('Ctrl Pts',(-0.290148450250582,-2.17983945796919,
1.));
#3217=CARTESIAN_POINT('Ctrl Pts',(-0.279177946728159,-2.06795648556869,
0.));
#3218=CARTESIAN_POINT('Ctrl Pts',(-0.279177946728159,-2.06795648556869,
1.));
#3219=CARTESIAN_POINT('Ctrl Pts',(-0.273611209906013,-2.01118397180394,
0.));
#3220=CARTESIAN_POINT('Ctrl Pts',(-0.273611209906013,-2.01118397180394,
1.));
#3221=CARTESIAN_POINT('',(-0.371837876356513,-2.32632684175328,0.));
#3222=CARTESIAN_POINT('Ctrl Pts',(-0.371837876356513,-2.32632684175328,
0.));
#3223=CARTESIAN_POINT('Ctrl Pts',(-0.344879080968854,-2.27798370122017,
0.));
#3224=CARTESIAN_POINT('Ctrl Pts',(-0.290148450250582,-2.17983945796919,
0.));
#3225=CARTESIAN_POINT('Ctrl Pts',(-0.279177946728159,-2.06795648556869,
0.));
#3226=CARTESIAN_POINT('Ctrl Pts',(-0.273611209906013,-2.01118397180394,
0.));
#3227=CARTESIAN_POINT('',(-0.371837876356513,-2.32632684175328,1.));
#3228=CARTESIAN_POINT('',(-0.371837876356513,-2.32632684175328,0.));
#3229=CARTESIAN_POINT('Ctrl Pts',(-0.371837876356513,-2.32632684175328,
1.));
#3230=CARTESIAN_POINT('Ctrl Pts',(-0.344879080968854,-2.27798370122017,
1.));
#3231=CARTESIAN_POINT('Ctrl Pts',(-0.290148450250582,-2.17983945796919,
1.));
#3232=CARTESIAN_POINT('Ctrl Pts',(-0.279177946728159,-2.06795648556869,
1.));
#3233=CARTESIAN_POINT('Ctrl Pts',(-0.273611209906013,-2.01118397180394,
1.));
#3234=CARTESIAN_POINT('Ctrl Pts',(-0.633775256193549,-2.53642248575048,
0.));
#3235=CARTESIAN_POINT('Ctrl Pts',(-0.633775256193549,-2.53642248575048,
1.));
#3236=CARTESIAN_POINT('Ctrl Pts',(-0.580679639207962,-2.51060793742337,
0.));
#3237=CARTESIAN_POINT('Ctrl Pts',(-0.580679639207962,-2.51060793742337,
1.));
#3238=CARTESIAN_POINT('Ctrl Pts',(-0.477351609798946,-2.46037090167243,
0.));
#3239=CARTESIAN_POINT('Ctrl Pts',(-0.477351609798946,-2.46037090167243,
1.));
#3240=CARTESIAN_POINT('Ctrl Pts',(-0.406353336922843,-2.37017509082329,
0.));
#3241=CARTESIAN_POINT('Ctrl Pts',(-0.406353336922843,-2.37017509082329,
1.));
#3242=CARTESIAN_POINT('Ctrl Pts',(-0.371837876356513,-2.32632684175328,
0.));
#3243=CARTESIAN_POINT('Ctrl Pts',(-0.371837876356513,-2.32632684175328,
1.));
#3244=CARTESIAN_POINT('',(-0.633775256193549,-2.53642248575048,0.));
#3245=CARTESIAN_POINT('Ctrl Pts',(-0.633775256193549,-2.53642248575048,
0.));
#3246=CARTESIAN_POINT('Ctrl Pts',(-0.580679639207962,-2.51060793742337,
0.));
#3247=CARTESIAN_POINT('Ctrl Pts',(-0.477351609798946,-2.46037090167243,
0.));
#3248=CARTESIAN_POINT('Ctrl Pts',(-0.406353336922843,-2.37017509082329,
0.));
#3249=CARTESIAN_POINT('Ctrl Pts',(-0.371837876356513,-2.32632684175328,
0.));
#3250=CARTESIAN_POINT('',(-0.633775256193549,-2.53642248575048,1.));
#3251=CARTESIAN_POINT('',(-0.633775256193549,-2.53642248575048,0.));
#3252=CARTESIAN_POINT('Ctrl Pts',(-0.633775256193549,-2.53642248575048,
1.));
#3253=CARTESIAN_POINT('Ctrl Pts',(-0.580679639207962,-2.51060793742337,
1.));
#3254=CARTESIAN_POINT('Ctrl Pts',(-0.477351609798946,-2.46037090167243,
1.));
#3255=CARTESIAN_POINT('Ctrl Pts',(-0.406353336922843,-2.37017509082329,
1.));
#3256=CARTESIAN_POINT('Ctrl Pts',(-0.371837876356513,-2.32632684175328,
1.));
#3257=CARTESIAN_POINT('Ctrl Pts',(-1.02531697563019,-2.60872828428106,0.));
#3258=CARTESIAN_POINT('Ctrl Pts',(-1.02531697563019,-2.60872828428106,1.));
#3259=CARTESIAN_POINT('Ctrl Pts',(-0.954934450674191,-2.60634772753896,
0.));
#3260=CARTESIAN_POINT('Ctrl Pts',(-0.954934450674191,-2.60634772753896,
1.));
#3261=CARTESIAN_POINT('Ctrl Pts',(-0.820707772618248,-2.60180776220503,
0.));
#3262=CARTESIAN_POINT('Ctrl Pts',(-0.820707772618248,-2.60180776220503,
1.));
#3263=CARTESIAN_POINT('Ctrl Pts',(-0.694029197313141,-2.55749811599893,
0.));
#3264=CARTESIAN_POINT('Ctrl Pts',(-0.694029197313141,-2.55749811599893,
1.));
#3265=CARTESIAN_POINT('Ctrl Pts',(-0.633775256193549,-2.53642248575048,
0.));
#3266=CARTESIAN_POINT('Ctrl Pts',(-0.633775256193549,-2.53642248575048,
1.));
#3267=CARTESIAN_POINT('',(-1.02531697563019,-2.60872828428106,0.));
#3268=CARTESIAN_POINT('Ctrl Pts',(-1.02531697563019,-2.60872828428106,0.));
#3269=CARTESIAN_POINT('Ctrl Pts',(-0.954934450674191,-2.60634772753896,
0.));
#3270=CARTESIAN_POINT('Ctrl Pts',(-0.820707772618248,-2.60180776220503,
0.));
#3271=CARTESIAN_POINT('Ctrl Pts',(-0.694029197313141,-2.55749811599893,
0.));
#3272=CARTESIAN_POINT('Ctrl Pts',(-0.633775256193549,-2.53642248575048,
0.));
#3273=CARTESIAN_POINT('',(-1.02531697563019,-2.60872828428106,1.));
#3274=CARTESIAN_POINT('',(-1.02531697563019,-2.60872828428106,0.));
#3275=CARTESIAN_POINT('Ctrl Pts',(-1.02531697563019,-2.60872828428106,1.));
#3276=CARTESIAN_POINT('Ctrl Pts',(-0.954934450674191,-2.60634772753896,
1.));
#3277=CARTESIAN_POINT('Ctrl Pts',(-0.820707772618248,-2.60180776220503,
1.));
#3278=CARTESIAN_POINT('Ctrl Pts',(-0.694029197313141,-2.55749811599893,
1.));
#3279=CARTESIAN_POINT('Ctrl Pts',(-0.633775256193549,-2.53642248575048,
1.));
#3280=CARTESIAN_POINT('Ctrl Pts',(-1.39230217746583,-2.54051523868398,0.));
#3281=CARTESIAN_POINT('Ctrl Pts',(-1.39230217746583,-2.54051523868398,1.));
#3282=CARTESIAN_POINT('Ctrl Pts',(-1.33474394954449,-2.56040527753913,0.));
#3283=CARTESIAN_POINT('Ctrl Pts',(-1.33474394954449,-2.56040527753913,1.));
#3284=CARTESIAN_POINT('Ctrl Pts',(-1.21588297267407,-2.60147932609296,0.));
#3285=CARTESIAN_POINT('Ctrl Pts',(-1.21588297267407,-2.60147932609296,1.));
#3286=CARTESIAN_POINT('Ctrl Pts',(-1.09015921522017,-2.6062617441275,0.));
#3287=CARTESIAN_POINT('Ctrl Pts',(-1.09015921522017,-2.6062617441275,1.));
#3288=CARTESIAN_POINT('Ctrl Pts',(-1.02531697563019,-2.60872828428106,0.));
#3289=CARTESIAN_POINT('Ctrl Pts',(-1.02531697563019,-2.60872828428106,1.));
#3290=CARTESIAN_POINT('',(-1.39230217746583,-2.54051523868398,0.));
#3291=CARTESIAN_POINT('Ctrl Pts',(-1.39230217746583,-2.54051523868398,0.));
#3292=CARTESIAN_POINT('Ctrl Pts',(-1.33474394954449,-2.56040527753913,0.));
#3293=CARTESIAN_POINT('Ctrl Pts',(-1.21588297267407,-2.60147932609296,0.));
#3294=CARTESIAN_POINT('Ctrl Pts',(-1.09015921522017,-2.6062617441275,0.));
#3295=CARTESIAN_POINT('Ctrl Pts',(-1.02531697563019,-2.60872828428106,0.));
#3296=CARTESIAN_POINT('',(-1.39230217746583,-2.54051523868398,1.));
#3297=CARTESIAN_POINT('',(-1.39230217746583,-2.54051523868398,0.));
#3298=CARTESIAN_POINT('Ctrl Pts',(-1.39230217746583,-2.54051523868398,1.));
#3299=CARTESIAN_POINT('Ctrl Pts',(-1.33474394954449,-2.56040527753913,1.));
#3300=CARTESIAN_POINT('Ctrl Pts',(-1.21588297267407,-2.60147932609296,1.));
#3301=CARTESIAN_POINT('Ctrl Pts',(-1.09015921522017,-2.6062617441275,1.));
#3302=CARTESIAN_POINT('Ctrl Pts',(-1.02531697563019,-2.60872828428106,1.));
#3303=CARTESIAN_POINT('Ctrl Pts',(-1.64332475475159,-2.33996974889592,0.));
#3304=CARTESIAN_POINT('Ctrl Pts',(-1.64332475475159,-2.33996974889592,1.));
#3305=CARTESIAN_POINT('Ctrl Pts',(-1.61051849177346,-2.38175574685828,0.));
#3306=CARTESIAN_POINT('Ctrl Pts',(-1.61051849177346,-2.38175574685828,1.));
#3307=CARTESIAN_POINT('Ctrl Pts',(-1.54265794466483,-2.46819109260599,0.));
#3308=CARTESIAN_POINT('Ctrl Pts',(-1.54265794466483,-2.46819109260599,1.));
#3309=CARTESIAN_POINT('Ctrl Pts',(-1.44351553243705,-2.51588058558697,0.));
#3310=CARTESIAN_POINT('Ctrl Pts',(-1.44351553243705,-2.51588058558697,1.));
#3311=CARTESIAN_POINT('Ctrl Pts',(-1.39230217746583,-2.54051523868398,0.));
#3312=CARTESIAN_POINT('Ctrl Pts',(-1.39230217746583,-2.54051523868398,1.));
#3313=CARTESIAN_POINT('',(-1.64332475475159,-2.33996974889592,0.));
#3314=CARTESIAN_POINT('Ctrl Pts',(-1.64332475475159,-2.33996974889592,0.));
#3315=CARTESIAN_POINT('Ctrl Pts',(-1.61051849177346,-2.38175574685828,0.));
#3316=CARTESIAN_POINT('Ctrl Pts',(-1.54265794466483,-2.46819109260599,0.));
#3317=CARTESIAN_POINT('Ctrl Pts',(-1.44351553243705,-2.51588058558697,0.));
#3318=CARTESIAN_POINT('Ctrl Pts',(-1.39230217746583,-2.54051523868398,0.));
#3319=CARTESIAN_POINT('',(-1.64332475475159,-2.33996974889592,1.));
#3320=CARTESIAN_POINT('',(-1.64332475475159,-2.33996974889592,0.));
#3321=CARTESIAN_POINT('Ctrl Pts',(-1.64332475475159,-2.33996974889592,1.));
#3322=CARTESIAN_POINT('Ctrl Pts',(-1.61051849177346,-2.38175574685828,1.));
#3323=CARTESIAN_POINT('Ctrl Pts',(-1.54265794466483,-2.46819109260599,1.));
#3324=CARTESIAN_POINT('Ctrl Pts',(-1.44351553243705,-2.51588058558697,1.));
#3325=CARTESIAN_POINT('Ctrl Pts',(-1.39230217746583,-2.54051523868398,1.));
#3326=CARTESIAN_POINT('Ctrl Pts',(-1.72927346042481,-2.05756830636815,0.));
#3327=CARTESIAN_POINT('Ctrl Pts',(-1.72927346042481,-2.05756830636815,1.));
#3328=CARTESIAN_POINT('Ctrl Pts',(-1.72556457742373,-2.10738662053025,0.));
#3329=CARTESIAN_POINT('Ctrl Pts',(-1.72556457742373,-2.10738662053025,1.));
#3330=CARTESIAN_POINT('Ctrl Pts',(-1.71807926066833,-2.20793060145768,0.));
#3331=CARTESIAN_POINT('Ctrl Pts',(-1.71807926066833,-2.20793060145768,1.));
#3332=CARTESIAN_POINT('Ctrl Pts',(-1.66839238870313,-2.29569269864104,0.));
#3333=CARTESIAN_POINT('Ctrl Pts',(-1.66839238870313,-2.29569269864104,1.));
#3334=CARTESIAN_POINT('Ctrl Pts',(-1.64332475475159,-2.33996974889592,0.));
#3335=CARTESIAN_POINT('Ctrl Pts',(-1.64332475475159,-2.33996974889592,1.));
#3336=CARTESIAN_POINT('',(-1.72927346042481,-2.05756830636815,0.));
#3337=CARTESIAN_POINT('Ctrl Pts',(-1.72927346042481,-2.05756830636815,0.));
#3338=CARTESIAN_POINT('Ctrl Pts',(-1.72556457742373,-2.10738662053025,0.));
#3339=CARTESIAN_POINT('Ctrl Pts',(-1.71807926066833,-2.20793060145768,0.));
#3340=CARTESIAN_POINT('Ctrl Pts',(-1.66839238870313,-2.29569269864104,0.));
#3341=CARTESIAN_POINT('Ctrl Pts',(-1.64332475475159,-2.33996974889592,0.));
#3342=CARTESIAN_POINT('',(-1.72927346042481,-2.05756830636815,1.));
#3343=CARTESIAN_POINT('',(-1.72927346042481,-2.05756830636815,0.));
#3344=CARTESIAN_POINT('Ctrl Pts',(-1.72927346042481,-2.05756830636815,1.));
#3345=CARTESIAN_POINT('Ctrl Pts',(-1.72556457742373,-2.10738662053025,1.));
#3346=CARTESIAN_POINT('Ctrl Pts',(-1.71807926066833,-2.20793060145768,1.));
#3347=CARTESIAN_POINT('Ctrl Pts',(-1.66839238870313,-2.29569269864104,1.));
#3348=CARTESIAN_POINT('Ctrl Pts',(-1.64332475475159,-2.33996974889592,1.));
#3349=CARTESIAN_POINT('Ctrl Pts',(-1.6596957664856,-1.80790948335485,0.));
#3350=CARTESIAN_POINT('Ctrl Pts',(-1.6596957664856,-1.80790948335485,1.));
#3351=CARTESIAN_POINT('Ctrl Pts',(-1.67998845003533,-1.84654619034404,0.));
#3352=CARTESIAN_POINT('Ctrl Pts',(-1.67998845003533,-1.84654619034404,1.));
#3353=CARTESIAN_POINT('Ctrl Pts',(-1.72106232255936,-1.92474970511005,0.));
#3354=CARTESIAN_POINT('Ctrl Pts',(-1.72106232255936,-1.92474970511005,1.));
#3355=CARTESIAN_POINT('Ctrl Pts',(-1.7265147984246,-2.01294579068086,0.));
#3356=CARTESIAN_POINT('Ctrl Pts',(-1.7265147984246,-2.01294579068086,1.));
#3357=CARTESIAN_POINT('Ctrl Pts',(-1.72927346042481,-2.05756830636815,0.));
#3358=CARTESIAN_POINT('Ctrl Pts',(-1.72927346042481,-2.05756830636815,1.));
#3359=CARTESIAN_POINT('',(-1.6596957664856,-1.80790948335485,0.));
#3360=CARTESIAN_POINT('Ctrl Pts',(-1.6596957664856,-1.80790948335485,0.));
#3361=CARTESIAN_POINT('Ctrl Pts',(-1.67998845003533,-1.84654619034404,0.));
#3362=CARTESIAN_POINT('Ctrl Pts',(-1.72106232255936,-1.92474970511005,0.));
#3363=CARTESIAN_POINT('Ctrl Pts',(-1.7265147984246,-2.01294579068086,0.));
#3364=CARTESIAN_POINT('Ctrl Pts',(-1.72927346042481,-2.05756830636815,0.));
#3365=CARTESIAN_POINT('',(-1.6596957664856,-1.80790948335485,1.));
#3366=CARTESIAN_POINT('',(-1.6596957664856,-1.80790948335485,0.));
#3367=CARTESIAN_POINT('Ctrl Pts',(-1.6596957664856,-1.80790948335485,1.));
#3368=CARTESIAN_POINT('Ctrl Pts',(-1.67998845003533,-1.84654619034404,1.));
#3369=CARTESIAN_POINT('Ctrl Pts',(-1.72106232255936,-1.92474970511005,1.));
#3370=CARTESIAN_POINT('Ctrl Pts',(-1.7265147984246,-2.01294579068086,1.));
#3371=CARTESIAN_POINT('Ctrl Pts',(-1.72927346042481,-2.05756830636815,1.));
#3372=CARTESIAN_POINT('Ctrl Pts',(-1.44550766757813,-1.62237065498189,0.));
#3373=CARTESIAN_POINT('Ctrl Pts',(-1.44550766757813,-1.62237065498189,1.));
#3374=CARTESIAN_POINT('Ctrl Pts',(-1.48950626306402,-1.64774928330498,0.));
#3375=CARTESIAN_POINT('Ctrl Pts',(-1.48950626306402,-1.64774928330498,1.));
#3376=CARTESIAN_POINT('Ctrl Pts',(-1.5729540241696,-1.69588240414907,0.));
#3377=CARTESIAN_POINT('Ctrl Pts',(-1.5729540241696,-1.69588240414907,1.));
#3378=CARTESIAN_POINT('Ctrl Pts',(-1.63185219504777,-1.77194947264312,0.));
#3379=CARTESIAN_POINT('Ctrl Pts',(-1.63185219504777,-1.77194947264312,1.));
#3380=CARTESIAN_POINT('Ctrl Pts',(-1.6596957664856,-1.80790948335485,0.));
#3381=CARTESIAN_POINT('Ctrl Pts',(-1.6596957664856,-1.80790948335485,1.));
#3382=CARTESIAN_POINT('',(-1.44550766757813,-1.62237065498189,0.));
#3383=CARTESIAN_POINT('Ctrl Pts',(-1.44550766757813,-1.62237065498189,0.));
#3384=CARTESIAN_POINT('Ctrl Pts',(-1.48950626306402,-1.64774928330498,0.));
#3385=CARTESIAN_POINT('Ctrl Pts',(-1.5729540241696,-1.69588240414907,0.));
#3386=CARTESIAN_POINT('Ctrl Pts',(-1.63185219504777,-1.77194947264312,0.));
#3387=CARTESIAN_POINT('Ctrl Pts',(-1.6596957664856,-1.80790948335485,0.));
#3388=CARTESIAN_POINT('',(-1.44550766757813,-1.62237065498189,1.));
#3389=CARTESIAN_POINT('',(-1.44550766757813,-1.62237065498189,0.));
#3390=CARTESIAN_POINT('Ctrl Pts',(-1.44550766757813,-1.62237065498189,1.));
#3391=CARTESIAN_POINT('Ctrl Pts',(-1.48950626306402,-1.64774928330498,1.));
#3392=CARTESIAN_POINT('Ctrl Pts',(-1.5729540241696,-1.69588240414907,1.));
#3393=CARTESIAN_POINT('Ctrl Pts',(-1.63185219504777,-1.77194947264312,1.));
#3394=CARTESIAN_POINT('Ctrl Pts',(-1.6596957664856,-1.80790948335485,1.));
#3395=CARTESIAN_POINT('Ctrl Pts',(-1.05942334941712,-1.49685906831578,0.));
#3396=CARTESIAN_POINT('Ctrl Pts',(-1.05942334941712,-1.49685906831578,1.));
#3397=CARTESIAN_POINT('Ctrl Pts',(-1.13838312923589,-1.51592000528382,0.));
#3398=CARTESIAN_POINT('Ctrl Pts',(-1.13838312923589,-1.51592000528382,1.));
#3399=CARTESIAN_POINT('Ctrl Pts',(-1.27043559706423,-1.54779754814839,0.));
#3400=CARTESIAN_POINT('Ctrl Pts',(-1.27043559706423,-1.54779754814839,1.));
#3401=CARTESIAN_POINT('Ctrl Pts',(-1.39530356271285,-1.60098588432939,0.));
#3402=CARTESIAN_POINT('Ctrl Pts',(-1.39530356271285,-1.60098588432939,1.));
#3403=CARTESIAN_POINT('Ctrl Pts',(-1.44550766757813,-1.62237065498189,0.));
#3404=CARTESIAN_POINT('Ctrl Pts',(-1.44550766757813,-1.62237065498189,1.));
#3405=CARTESIAN_POINT('',(-1.05942334941712,-1.49685906831578,0.));
#3406=CARTESIAN_POINT('Ctrl Pts',(-1.05942334941712,-1.49685906831578,0.));
#3407=CARTESIAN_POINT('Ctrl Pts',(-1.13838312923589,-1.51592000528382,0.));
#3408=CARTESIAN_POINT('Ctrl Pts',(-1.27043559706423,-1.54779754814839,0.));
#3409=CARTESIAN_POINT('Ctrl Pts',(-1.39530356271285,-1.60098588432939,0.));
#3410=CARTESIAN_POINT('Ctrl Pts',(-1.44550766757813,-1.62237065498189,0.));
#3411=CARTESIAN_POINT('',(-1.05942334941712,-1.49685906831578,1.));
#3412=CARTESIAN_POINT('',(-1.05942334941712,-1.49685906831578,0.));
#3413=CARTESIAN_POINT('Ctrl Pts',(-1.05942334941712,-1.49685906831578,1.));
#3414=CARTESIAN_POINT('Ctrl Pts',(-1.13838312923589,-1.51592000528382,1.));
#3415=CARTESIAN_POINT('Ctrl Pts',(-1.27043559706423,-1.54779754814839,1.));
#3416=CARTESIAN_POINT('Ctrl Pts',(-1.39530356271285,-1.60098588432939,1.));
#3417=CARTESIAN_POINT('Ctrl Pts',(-1.44550766757813,-1.62237065498189,1.));
#3418=CARTESIAN_POINT('Ctrl Pts',(-0.703352354086311,-1.39999675218419,
0.));
#3419=CARTESIAN_POINT('Ctrl Pts',(-0.703352354086311,-1.39999675218419,
1.));
#3420=CARTESIAN_POINT('Ctrl Pts',(-0.746321337163394,-1.41372312143608,
0.));
#3421=CARTESIAN_POINT('Ctrl Pts',(-0.746321337163394,-1.41372312143608,
1.));
#3422=CARTESIAN_POINT('Ctrl Pts',(-0.863566620158402,-1.45117692955959,
0.));
#3423=CARTESIAN_POINT('Ctrl Pts',(-0.863566620158402,-1.45117692955959,
1.));
#3424=CARTESIAN_POINT('Ctrl Pts',(-0.983465783997572,-1.47914252594212,
0.));
#3425=CARTESIAN_POINT('Ctrl Pts',(-0.983465783997572,-1.47914252594212,
1.));
#3426=CARTESIAN_POINT('Ctrl Pts',(-1.05942334941712,-1.49685906831578,0.));
#3427=CARTESIAN_POINT('Ctrl Pts',(-1.05942334941712,-1.49685906831578,1.));
#3428=CARTESIAN_POINT('',(-0.703352354086311,-1.39999675218419,0.));
#3429=CARTESIAN_POINT('Ctrl Pts',(-0.703352354086311,-1.39999675218419,
0.));
#3430=CARTESIAN_POINT('Ctrl Pts',(-0.746321337163394,-1.41372312143608,
0.));
#3431=CARTESIAN_POINT('Ctrl Pts',(-0.863566620158402,-1.45117692955959,
0.));
#3432=CARTESIAN_POINT('Ctrl Pts',(-0.983465783997572,-1.47914252594212,
0.));
#3433=CARTESIAN_POINT('Ctrl Pts',(-1.05942334941712,-1.49685906831578,0.));
#3434=CARTESIAN_POINT('',(-0.703352354086311,-1.39999675218419,1.));
#3435=CARTESIAN_POINT('',(-0.703352354086311,-1.39999675218419,0.));
#3436=CARTESIAN_POINT('Ctrl Pts',(-0.703352354086311,-1.39999675218419,
1.));
#3437=CARTESIAN_POINT('Ctrl Pts',(-0.746321337163394,-1.41372312143608,
1.));
#3438=CARTESIAN_POINT('Ctrl Pts',(-0.863566620158402,-1.45117692955959,
1.));
#3439=CARTESIAN_POINT('Ctrl Pts',(-0.983465783997572,-1.47914252594212,
1.));
#3440=CARTESIAN_POINT('Ctrl Pts',(-1.05942334941712,-1.49685906831578,1.));
#3441=CARTESIAN_POINT('Ctrl Pts',(-0.523270628965766,-1.28130661908941,
0.));
#3442=CARTESIAN_POINT('Ctrl Pts',(-0.523270628965766,-1.28130661908941,
1.));
#3443=CARTESIAN_POINT('Ctrl Pts',(-0.546265763501274,-1.30464846865625,
0.));
#3444=CARTESIAN_POINT('Ctrl Pts',(-0.546265763501274,-1.30464846865625,
1.));
#3445=CARTESIAN_POINT('Ctrl Pts',(-0.59769562419044,-1.35685377624412,0.));
#3446=CARTESIAN_POINT('Ctrl Pts',(-0.59769562419044,-1.35685377624412,1.));
#3447=CARTESIAN_POINT('Ctrl Pts',(-0.665734677721282,-1.38463626820994,
0.));
#3448=CARTESIAN_POINT('Ctrl Pts',(-0.665734677721282,-1.38463626820994,
1.));
#3449=CARTESIAN_POINT('Ctrl Pts',(-0.703352354086311,-1.39999675218419,
0.));
#3450=CARTESIAN_POINT('Ctrl Pts',(-0.703352354086311,-1.39999675218419,
1.));
#3451=CARTESIAN_POINT('',(-0.523270628965766,-1.28130661908941,0.));
#3452=CARTESIAN_POINT('Ctrl Pts',(-0.523270628965766,-1.28130661908941,
0.));
#3453=CARTESIAN_POINT('Ctrl Pts',(-0.546265763501274,-1.30464846865625,
0.));
#3454=CARTESIAN_POINT('Ctrl Pts',(-0.59769562419044,-1.35685377624412,0.));
#3455=CARTESIAN_POINT('Ctrl Pts',(-0.665734677721282,-1.38463626820994,
0.));
#3456=CARTESIAN_POINT('Ctrl Pts',(-0.703352354086311,-1.39999675218419,
0.));
#3457=CARTESIAN_POINT('',(-0.523270628965766,-1.28130661908941,1.));
#3458=CARTESIAN_POINT('',(-0.523270628965766,-1.28130661908941,0.));
#3459=CARTESIAN_POINT('Ctrl Pts',(-0.523270628965766,-1.28130661908941,
1.));
#3460=CARTESIAN_POINT('Ctrl Pts',(-0.546265763501274,-1.30464846865625,
1.));
#3461=CARTESIAN_POINT('Ctrl Pts',(-0.59769562419044,-1.35685377624412,1.));
#3462=CARTESIAN_POINT('Ctrl Pts',(-0.665734677721282,-1.38463626820994,
1.));
#3463=CARTESIAN_POINT('Ctrl Pts',(-0.703352354086311,-1.39999675218419,
1.));
#3464=CARTESIAN_POINT('Ctrl Pts',(-0.468700192488105,-1.11759590570287,
0.));
#3465=CARTESIAN_POINT('Ctrl Pts',(-0.468700192488105,-1.11759590570287,
1.));
#3466=CARTESIAN_POINT('Ctrl Pts',(-0.47081552037789,-1.14774615648826,0.));
#3467=CARTESIAN_POINT('Ctrl Pts',(-0.47081552037789,-1.14774615648826,1.));
#3468=CARTESIAN_POINT('Ctrl Pts',(-0.474975472663548,-1.20703890503737,
0.));
#3469=CARTESIAN_POINT('Ctrl Pts',(-0.474975472663548,-1.20703890503737,
1.));
#3470=CARTESIAN_POINT('Ctrl Pts',(-0.507355690711879,-1.2568328172862,0.));
#3471=CARTESIAN_POINT('Ctrl Pts',(-0.507355690711879,-1.2568328172862,1.));
#3472=CARTESIAN_POINT('Ctrl Pts',(-0.523270628965766,-1.28130661908941,
0.));
#3473=CARTESIAN_POINT('Ctrl Pts',(-0.523270628965766,-1.28130661908941,
1.));
#3474=CARTESIAN_POINT('',(-0.468700192488105,-1.11759590570287,0.));
#3475=CARTESIAN_POINT('Ctrl Pts',(-0.468700192488105,-1.11759590570287,
0.));
#3476=CARTESIAN_POINT('Ctrl Pts',(-0.47081552037789,-1.14774615648826,0.));
#3477=CARTESIAN_POINT('Ctrl Pts',(-0.474975472663548,-1.20703890503737,
0.));
#3478=CARTESIAN_POINT('Ctrl Pts',(-0.507355690711879,-1.2568328172862,0.));
#3479=CARTESIAN_POINT('Ctrl Pts',(-0.523270628965766,-1.28130661908941,
0.));
#3480=CARTESIAN_POINT('',(-0.468700192488105,-1.11759590570287,1.));
#3481=CARTESIAN_POINT('',(-0.468700192488105,-1.11759590570287,0.));
#3482=CARTESIAN_POINT('Ctrl Pts',(-0.468700192488105,-1.11759590570287,
1.));
#3483=CARTESIAN_POINT('Ctrl Pts',(-0.47081552037789,-1.14774615648826,1.));
#3484=CARTESIAN_POINT('Ctrl Pts',(-0.474975472663548,-1.20703890503737,
1.));
#3485=CARTESIAN_POINT('Ctrl Pts',(-0.507355690711879,-1.2568328172862,1.));
#3486=CARTESIAN_POINT('Ctrl Pts',(-0.523270628965766,-1.28130661908941,
1.));
#3487=CARTESIAN_POINT('Ctrl Pts',(-0.525998733557136,-0.945699388426106,
0.));
#3488=CARTESIAN_POINT('Ctrl Pts',(-0.525998733557136,-0.945699388426106,
1.));
#3489=CARTESIAN_POINT('Ctrl Pts',(-0.509287672823282,-0.972422484270665,
0.));
#3490=CARTESIAN_POINT('Ctrl Pts',(-0.509287672823282,-0.972422484270665,
1.));
#3491=CARTESIAN_POINT('Ctrl Pts',(-0.476324463755821,-1.02513481709521,
0.));
#3492=CARTESIAN_POINT('Ctrl Pts',(-0.476324463755821,-1.02513481709521,
1.));
#3493=CARTESIAN_POINT('Ctrl Pts',(-0.471217918541964,-1.08706292968701,
0.));
#3494=CARTESIAN_POINT('Ctrl Pts',(-0.471217918541964,-1.08706292968701,
1.));
#3495=CARTESIAN_POINT('Ctrl Pts',(-0.468700192488105,-1.11759590570287,
0.));
#3496=CARTESIAN_POINT('Ctrl Pts',(-0.468700192488105,-1.11759590570287,
1.));
#3497=CARTESIAN_POINT('',(-0.525998733557136,-0.945699388426106,0.));
#3498=CARTESIAN_POINT('Ctrl Pts',(-0.525998733557136,-0.945699388426106,
0.));
#3499=CARTESIAN_POINT('Ctrl Pts',(-0.509287672823282,-0.972422484270665,
0.));
#3500=CARTESIAN_POINT('Ctrl Pts',(-0.476324463755821,-1.02513481709521,
0.));
#3501=CARTESIAN_POINT('Ctrl Pts',(-0.471217918541964,-1.08706292968701,
0.));
#3502=CARTESIAN_POINT('Ctrl Pts',(-0.468700192488105,-1.11759590570287,
0.));
#3503=CARTESIAN_POINT('',(-0.525998733557136,-0.945699388426106,1.));
#3504=CARTESIAN_POINT('',(-0.525998733557136,-0.945699388426106,0.));
#3505=CARTESIAN_POINT('Ctrl Pts',(-0.525998733557136,-0.945699388426106,
1.));
#3506=CARTESIAN_POINT('Ctrl Pts',(-0.509287672823282,-0.972422484270665,
1.));
#3507=CARTESIAN_POINT('Ctrl Pts',(-0.476324463755821,-1.02513481709521,
1.));
#3508=CARTESIAN_POINT('Ctrl Pts',(-0.471217918541964,-1.08706292968701,
1.));
#3509=CARTESIAN_POINT('Ctrl Pts',(-0.468700192488105,-1.11759590570287,
1.));
#3510=CARTESIAN_POINT('Ctrl Pts',(-0.697894952810676,-0.822916502397816,
0.));
#3511=CARTESIAN_POINT('Ctrl Pts',(-0.697894952810676,-0.822916502397816,
1.));
#3512=CARTESIAN_POINT('Ctrl Pts',(-0.662507673866255,-0.838273029413337,
0.));
#3513=CARTESIAN_POINT('Ctrl Pts',(-0.662507673866255,-0.838273029413337,
1.));
#3514=CARTESIAN_POINT('Ctrl Pts',(-0.596307293765292,-0.867001090902748,
0.));
#3515=CARTESIAN_POINT('Ctrl Pts',(-0.596307293765292,-0.867001090902748,
1.));
#3516=CARTESIAN_POINT('Ctrl Pts',(-0.548329905985786,-0.920703495370807,
0.));
#3517=CARTESIAN_POINT('Ctrl Pts',(-0.548329905985786,-0.920703495370807,
1.));
#3518=CARTESIAN_POINT('Ctrl Pts',(-0.525998733557136,-0.945699388426106,
0.));
#3519=CARTESIAN_POINT('Ctrl Pts',(-0.525998733557136,-0.945699388426106,
1.));
#3520=CARTESIAN_POINT('',(-0.697894952810676,-0.822916502397816,0.));
#3521=CARTESIAN_POINT('Ctrl Pts',(-0.697894952810676,-0.822916502397816,
0.));
#3522=CARTESIAN_POINT('Ctrl Pts',(-0.662507673866255,-0.838273029413337,
0.));
#3523=CARTESIAN_POINT('Ctrl Pts',(-0.596307293765292,-0.867001090902748,
0.));
#3524=CARTESIAN_POINT('Ctrl Pts',(-0.548329905985786,-0.920703495370807,
0.));
#3525=CARTESIAN_POINT('Ctrl Pts',(-0.525998733557136,-0.945699388426106,
0.));
#3526=CARTESIAN_POINT('',(-0.697894952810676,-0.822916502397816,1.));
#3527=CARTESIAN_POINT('',(-0.697894952810676,-0.822916502397816,0.));
#3528=CARTESIAN_POINT('Ctrl Pts',(-0.697894952810676,-0.822916502397816,
1.));
#3529=CARTESIAN_POINT('Ctrl Pts',(-0.662507673866255,-0.838273029413337,
1.));
#3530=CARTESIAN_POINT('Ctrl Pts',(-0.596307293765292,-0.867001090902748,
1.));
#3531=CARTESIAN_POINT('Ctrl Pts',(-0.548329905985786,-0.920703495370807,
1.));
#3532=CARTESIAN_POINT('Ctrl Pts',(-0.525998733557136,-0.945699388426106,
1.));
#3533=CARTESIAN_POINT('Ctrl Pts',(-0.965289733923347,-0.777895922106068,
0.));
#3534=CARTESIAN_POINT('Ctrl Pts',(-0.965289733923347,-0.777895922106068,
1.));
#3535=CARTESIAN_POINT('Ctrl Pts',(-0.917372763194639,-0.779364551127401,
0.));
#3536=CARTESIAN_POINT('Ctrl Pts',(-0.917372763194639,-0.779364551127401,
1.));
#3537=CARTESIAN_POINT('Ctrl Pts',(-0.826126632592512,-0.782161195269315,
0.));
#3538=CARTESIAN_POINT('Ctrl Pts',(-0.826126632592512,-0.782161195269315,
1.));
#3539=CARTESIAN_POINT('Ctrl Pts',(-0.739181662536292,-0.80979453021391,
0.));
#3540=CARTESIAN_POINT('Ctrl Pts',(-0.739181662536292,-0.80979453021391,
1.));
#3541=CARTESIAN_POINT('Ctrl Pts',(-0.697894952810676,-0.822916502397816,
0.));
#3542=CARTESIAN_POINT('Ctrl Pts',(-0.697894952810676,-0.822916502397816,
1.));
#3543=CARTESIAN_POINT('',(-0.965289733923347,-0.777895922106068,0.));
#3544=CARTESIAN_POINT('Ctrl Pts',(-0.965289733923347,-0.777895922106068,
0.));
#3545=CARTESIAN_POINT('Ctrl Pts',(-0.917372763194639,-0.779364551127401,
0.));
#3546=CARTESIAN_POINT('Ctrl Pts',(-0.826126632592512,-0.782161195269315,
0.));
#3547=CARTESIAN_POINT('Ctrl Pts',(-0.739181662536292,-0.80979453021391,
0.));
#3548=CARTESIAN_POINT('Ctrl Pts',(-0.697894952810676,-0.822916502397816,
0.));
#3549=CARTESIAN_POINT('',(-0.965289733923347,-0.777895922106068,1.));
#3550=CARTESIAN_POINT('',(-0.965289733923347,-0.777895922106068,0.));
#3551=CARTESIAN_POINT('Ctrl Pts',(-0.965289733923347,-0.777895922106068,
1.));
#3552=CARTESIAN_POINT('Ctrl Pts',(-0.917372763194639,-0.779364551127401,
1.));
#3553=CARTESIAN_POINT('Ctrl Pts',(-0.826126632592512,-0.782161195269315,
1.));
#3554=CARTESIAN_POINT('Ctrl Pts',(-0.739181662536292,-0.80979453021391,
1.));
#3555=CARTESIAN_POINT('Ctrl Pts',(-0.697894952810676,-0.822916502397816,
1.));
#3556=CARTESIAN_POINT('Ctrl Pts',(-1.27224709800568,-0.836559111517231,
0.));
#3557=CARTESIAN_POINT('Ctrl Pts',(-1.27224709800568,-0.836559111517231,
1.));
#3558=CARTESIAN_POINT('Ctrl Pts',(-1.22440501415637,-0.819454962936724,
0.));
#3559=CARTESIAN_POINT('Ctrl Pts',(-1.22440501415637,-0.819454962936724,
1.));
#3560=CARTESIAN_POINT('Ctrl Pts',(-1.12518809435141,-0.783983662326381,
0.));
#3561=CARTESIAN_POINT('Ctrl Pts',(-1.12518809435141,-0.783983662326381,
1.));
#3562=CARTESIAN_POINT('Ctrl Pts',(-1.01983954639534,-0.779972773216406,
0.));
#3563=CARTESIAN_POINT('Ctrl Pts',(-1.01983954639534,-0.779972773216406,
1.));
#3564=CARTESIAN_POINT('Ctrl Pts',(-0.965289733923347,-0.777895922106068,
0.));
#3565=CARTESIAN_POINT('Ctrl Pts',(-0.965289733923347,-0.777895922106068,
1.));
#3566=CARTESIAN_POINT('',(-1.27224709800568,-0.836559111517231,0.));
#3567=CARTESIAN_POINT('Ctrl Pts',(-1.27224709800568,-0.836559111517231,
0.));
#3568=CARTESIAN_POINT('Ctrl Pts',(-1.22440501415637,-0.819454962936724,
0.));
#3569=CARTESIAN_POINT('Ctrl Pts',(-1.12518809435141,-0.783983662326381,
0.));
#3570=CARTESIAN_POINT('Ctrl Pts',(-1.01983954639534,-0.779972773216406,
0.));
#3571=CARTESIAN_POINT('Ctrl Pts',(-0.965289733923347,-0.777895922106068,
0.));
#3572=CARTESIAN_POINT('',(-1.27224709800568,-0.836559111517231,1.));
#3573=CARTESIAN_POINT('',(-1.27224709800568,-0.836559111517231,0.));
#3574=CARTESIAN_POINT('Ctrl Pts',(-1.27224709800568,-0.836559111517231,
1.));
#3575=CARTESIAN_POINT('Ctrl Pts',(-1.22440501415637,-0.819454962936724,
1.));
#3576=CARTESIAN_POINT('Ctrl Pts',(-1.12518809435141,-0.783983662326381,
1.));
#3577=CARTESIAN_POINT('Ctrl Pts',(-1.01983954639534,-0.779972773216406,
1.));
#3578=CARTESIAN_POINT('Ctrl Pts',(-0.965289733923347,-0.777895922106068,
1.));
#3579=CARTESIAN_POINT('Ctrl Pts',(-1.47415723613587,-0.992084319036762,
0.));
#3580=CARTESIAN_POINT('Ctrl Pts',(-1.47415723613587,-0.992084319036762,
1.));
#3581=CARTESIAN_POINT('Ctrl Pts',(-1.44802562698928,-0.961159637381808,
0.));
#3582=CARTESIAN_POINT('Ctrl Pts',(-1.44802562698928,-0.961159637381808,
1.));
#3583=CARTESIAN_POINT('Ctrl Pts',(-1.39204018417465,-0.89490531731138,0.));
#3584=CARTESIAN_POINT('Ctrl Pts',(-1.39204018417465,-0.89490531731138,1.));
#3585=CARTESIAN_POINT('Ctrl Pts',(-1.3139096447513,-0.85685119684592,0.));
#3586=CARTESIAN_POINT('Ctrl Pts',(-1.3139096447513,-0.85685119684592,1.));
#3587=CARTESIAN_POINT('Ctrl Pts',(-1.27224709800568,-0.836559111517231,
0.));
#3588=CARTESIAN_POINT('Ctrl Pts',(-1.27224709800568,-0.836559111517231,
1.));
#3589=CARTESIAN_POINT('',(-1.47415723613587,-0.992084319036762,0.));
#3590=CARTESIAN_POINT('Ctrl Pts',(-1.47415723613587,-0.992084319036762,
0.));
#3591=CARTESIAN_POINT('Ctrl Pts',(-1.44802562698928,-0.961159637381808,
0.));
#3592=CARTESIAN_POINT('Ctrl Pts',(-1.39204018417465,-0.89490531731138,0.));
#3593=CARTESIAN_POINT('Ctrl Pts',(-1.3139096447513,-0.85685119684592,0.));
#3594=CARTESIAN_POINT('Ctrl Pts',(-1.27224709800568,-0.836559111517231,
0.));
#3595=CARTESIAN_POINT('',(-1.47415723613587,-0.992084319036762,1.));
#3596=CARTESIAN_POINT('',(-1.47415723613587,-0.992084319036762,0.));
#3597=CARTESIAN_POINT('Ctrl Pts',(-1.47415723613587,-0.992084319036762,
1.));
#3598=CARTESIAN_POINT('Ctrl Pts',(-1.44802562698928,-0.961159637381808,
1.));
#3599=CARTESIAN_POINT('Ctrl Pts',(-1.39204018417465,-0.89490531731138,1.));
#3600=CARTESIAN_POINT('Ctrl Pts',(-1.3139096447513,-0.85685119684592,1.));
#3601=CARTESIAN_POINT('Ctrl Pts',(-1.27224709800568,-0.836559111517231,
1.));
#3602=CARTESIAN_POINT('Ctrl Pts',(-1.55601229480592,-1.23901473943547,0.));
#3603=CARTESIAN_POINT('Ctrl Pts',(-1.55601229480592,-1.23901473943547,1.));
#3604=CARTESIAN_POINT('Ctrl Pts',(-1.54898249482465,-1.19249068191352,0.));
#3605=CARTESIAN_POINT('Ctrl Pts',(-1.54898249482465,-1.19249068191352,1.));
#3606=CARTESIAN_POINT('Ctrl Pts',(-1.5358191058427,-1.10537379838744,0.));
#3607=CARTESIAN_POINT('Ctrl Pts',(-1.5358191058427,-1.10537379838744,1.));
#3608=CARTESIAN_POINT('Ctrl Pts',(-1.49375660377445,-1.02809364158785,0.));
#3609=CARTESIAN_POINT('Ctrl Pts',(-1.49375660377445,-1.02809364158785,1.));
#3610=CARTESIAN_POINT('Ctrl Pts',(-1.47415723613587,-0.992084319036762,
0.));
#3611=CARTESIAN_POINT('Ctrl Pts',(-1.47415723613587,-0.992084319036762,
1.));
#3612=CARTESIAN_POINT('',(-1.55601229480592,-1.23901473943547,0.));
#3613=CARTESIAN_POINT('Ctrl Pts',(-1.55601229480592,-1.23901473943547,0.));
#3614=CARTESIAN_POINT('Ctrl Pts',(-1.54898249482465,-1.19249068191352,0.));
#3615=CARTESIAN_POINT('Ctrl Pts',(-1.5358191058427,-1.10537379838744,0.));
#3616=CARTESIAN_POINT('Ctrl Pts',(-1.49375660377445,-1.02809364158785,0.));
#3617=CARTESIAN_POINT('Ctrl Pts',(-1.47415723613587,-0.992084319036762,
0.));
#3618=CARTESIAN_POINT('',(-1.55601229480592,-1.23901473943547,1.));
#3619=CARTESIAN_POINT('',(-1.55601229480592,-1.23901473943547,0.));
#3620=CARTESIAN_POINT('Ctrl Pts',(-1.55601229480592,-1.23901473943547,1.));
#3621=CARTESIAN_POINT('Ctrl Pts',(-1.54898249482465,-1.19249068191352,1.));
#3622=CARTESIAN_POINT('Ctrl Pts',(-1.5358191058427,-1.10537379838744,1.));
#3623=CARTESIAN_POINT('Ctrl Pts',(-1.49375660377445,-1.02809364158785,1.));
#3624=CARTESIAN_POINT('Ctrl Pts',(-1.47415723613587,-0.992084319036762,
1.));
#3625=CARTESIAN_POINT('Origin',(-1.80567171386567,-1.21718662444905,0.));
#3626=CARTESIAN_POINT('',(-1.80567171386567,-1.21718662444905,0.));
#3627=CARTESIAN_POINT('',(3.25526664718828,-1.65967241128744,0.));
#3628=CARTESIAN_POINT('',(-1.80567171386567,-1.21718662444905,1.));
#3629=CARTESIAN_POINT('',(-1.80567171386567,-1.21718662444905,0.));
#3630=CARTESIAN_POINT('',(-1.80567171386567,-1.21718662444905,1.));
#3631=CARTESIAN_POINT('Ctrl Pts',(-1.69653084091035,-0.857022876184742,
0.));
#3632=CARTESIAN_POINT('Ctrl Pts',(-1.69653084091035,-0.857022876184742,
1.));
#3633=CARTESIAN_POINT('Ctrl Pts',(-1.72700999345642,-0.912387173004698,
0.));
#3634=CARTESIAN_POINT('Ctrl Pts',(-1.72700999345642,-0.912387173004698,
1.));
#3635=CARTESIAN_POINT('Ctrl Pts',(-1.78882872113812,-1.02467869368358,0.));
#3636=CARTESIAN_POINT('Ctrl Pts',(-1.78882872113812,-1.02467869368358,1.));
#3637=CARTESIAN_POINT('Ctrl Pts',(-1.80000552824259,-1.15242463783086,0.));
#3638=CARTESIAN_POINT('Ctrl Pts',(-1.80000552824259,-1.15242463783086,1.));
#3639=CARTESIAN_POINT('Ctrl Pts',(-1.80567171386567,-1.21718662444905,0.));
#3640=CARTESIAN_POINT('Ctrl Pts',(-1.80567171386567,-1.21718662444905,1.));
#3641=CARTESIAN_POINT('Ctrl Pts',(-1.69653084091035,-0.857022876184742,
0.));
#3642=CARTESIAN_POINT('Ctrl Pts',(-1.72700999345642,-0.912387173004698,
0.));
#3643=CARTESIAN_POINT('Ctrl Pts',(-1.78882872113812,-1.02467869368358,0.));
#3644=CARTESIAN_POINT('Ctrl Pts',(-1.80000552824259,-1.15242463783086,0.));
#3645=CARTESIAN_POINT('Ctrl Pts',(-1.80567171386567,-1.21718662444905,0.));
#3646=CARTESIAN_POINT('Ctrl Pts',(-1.69653084091035,-0.857022876184742,
1.));
#3647=CARTESIAN_POINT('Ctrl Pts',(-1.72700999345642,-0.912387173004698,
1.));
#3648=CARTESIAN_POINT('Ctrl Pts',(-1.78882872113812,-1.02467869368358,1.));
#3649=CARTESIAN_POINT('Ctrl Pts',(-1.80000552824259,-1.15242463783086,1.));
#3650=CARTESIAN_POINT('Ctrl Pts',(-1.80567171386567,-1.21718662444905,1.));
#3651=CARTESIAN_POINT('Origin',(0.0101539868942191,0.263031547624309,1.));
#3652=CARTESIAN_POINT('Origin',(2.4207952994934,-2.60872828428105,0.));
#3653=CARTESIAN_POINT('',(2.4207952994934,-2.60872828428105,0.));
#3654=CARTESIAN_POINT('',(2.4207952994934,0.0133730226342282,0.));
#3655=CARTESIAN_POINT('',(2.4207952994934,-1.30436414214053,0.));
#3656=CARTESIAN_POINT('',(2.4207952994934,-2.60872828428105,1.));
#3657=CARTESIAN_POINT('',(2.4207952994934,-2.60872828428105,0.));
#3658=CARTESIAN_POINT('',(2.4207952994934,0.0133730226342282,1.));
#3659=CARTESIAN_POINT('',(2.4207952994934,-2.60872828428105,1.));
#3660=CARTESIAN_POINT('',(2.4207952994934,0.0133730226342282,0.));
#3661=CARTESIAN_POINT('Origin',(2.20660660453948,-2.60872828428105,0.));
#3662=CARTESIAN_POINT('',(2.20660660453948,-2.60872828428106,0.));
#3663=CARTESIAN_POINT('',(5.35330330226974,-2.60872828428105,0.));
#3664=CARTESIAN_POINT('',(2.20660660453948,-2.60872828428106,1.));
#3665=CARTESIAN_POINT('',(2.20660660453948,-2.60872828428106,0.));
#3666=CARTESIAN_POINT('',(2.20660660453948,-2.60872828428105,1.));
#3667=CARTESIAN_POINT('Origin',(2.20660660453948,0.0133730226342277,0.));
#3668=CARTESIAN_POINT('',(2.20660660453948,0.0133730226342277,0.));
#3669=CARTESIAN_POINT('',(2.20660660453948,0.00668651131711384,0.));
#3670=CARTESIAN_POINT('',(2.20660660453948,0.0133730226342277,1.));
#3671=CARTESIAN_POINT('',(2.20660660453948,0.0133730226342277,0.));
#3672=CARTESIAN_POINT('',(2.20660660453948,0.0133730226342277,1.));
#3673=CARTESIAN_POINT('Origin',(2.4207952994934,0.0133730226342277,0.));
#3674=CARTESIAN_POINT('',(5.4603976497467,0.0133730226342278,0.));
#3675=CARTESIAN_POINT('',(2.4207952994934,0.0133730226342277,1.));
#3676=CARTESIAN_POINT('Origin',(0.0101539868942191,0.263031547624309,1.));
#3677=CARTESIAN_POINT('Origin',(-2.18629922679749,0.512690668660839,0.));
#3678=CARTESIAN_POINT('',(-2.18629922679749,0.512690668660839,0.));
#3679=CARTESIAN_POINT('',(-2.18629922679749,3.13479137952967,0.));
#3680=CARTESIAN_POINT('',(-2.18629922679749,0.25634533433042,0.));
#3681=CARTESIAN_POINT('',(-2.18629922679749,0.512690668660839,1.));
#3682=CARTESIAN_POINT('',(-2.18629922679749,0.512690668660839,0.));
#3683=CARTESIAN_POINT('',(-2.18629922679749,3.13479137952967,1.));
#3684=CARTESIAN_POINT('',(-2.18629922679749,0.512690668660839,1.));
#3685=CARTESIAN_POINT('',(-2.18629922679749,3.13479137952967,0.));
#3686=CARTESIAN_POINT('Origin',(-2.40048732570496,0.512690668660839,0.));
#3687=CARTESIAN_POINT('',(-2.40048732570496,0.512690668660839,0.));
#3688=CARTESIAN_POINT('',(3.04975633714752,0.512690668660839,0.));
#3689=CARTESIAN_POINT('',(-2.40048732570496,0.512690668660839,1.));
#3690=CARTESIAN_POINT('',(-2.40048732570496,0.512690668660839,0.));
#3691=CARTESIAN_POINT('',(-2.40048732570496,0.512690668660839,1.));
#3692=CARTESIAN_POINT('Origin',(-2.40048732570496,3.13479137952967,0.));
#3693=CARTESIAN_POINT('',(-2.40048732570496,3.13479137952967,0.));
#3694=CARTESIAN_POINT('',(-2.40048732570496,1.56739568976484,0.));
#3695=CARTESIAN_POINT('',(-2.40048732570496,3.13479137952967,1.));
#3696=CARTESIAN_POINT('',(-2.40048732570496,3.13479137952967,0.));
#3697=CARTESIAN_POINT('',(-2.40048732570496,3.13479137952967,1.));
#3698=CARTESIAN_POINT('Origin',(-2.18629922679749,3.13479137952967,0.));
#3699=CARTESIAN_POINT('',(3.15685038660125,3.13479137952967,0.));
#3700=CARTESIAN_POINT('',(-2.18629922679749,3.13479137952967,1.));
#3701=CARTESIAN_POINT('Origin',(0.0101539868942191,0.263031547624309,1.));
#3702=CARTESIAN_POINT('Ctrl Pts',(0.609062053643792,2.50177634294673,0.));
#3703=CARTESIAN_POINT('Ctrl Pts',(0.609062053643792,2.50177634294673,1.));
#3704=CARTESIAN_POINT('Ctrl Pts',(0.551593957049634,2.47244504248365,0.));
#3705=CARTESIAN_POINT('Ctrl Pts',(0.551593957049634,2.47244504248365,1.));
#3706=CARTESIAN_POINT('Ctrl Pts',(0.438094157709576,2.4145155665789,0.));
#3707=CARTESIAN_POINT('Ctrl Pts',(0.438094157709576,2.4145155665789,1.));
#3708=CARTESIAN_POINT('Ctrl Pts',(0.359837129880356,2.31401193296418,0.));
#3709=CARTESIAN_POINT('Ctrl Pts',(0.359837129880356,2.31401193296418,1.));
#3710=CARTESIAN_POINT('Ctrl Pts',(0.321203805886834,2.26439607675715,0.));
#3711=CARTESIAN_POINT('Ctrl Pts',(0.321203805886834,2.26439607675715,1.));
#3712=CARTESIAN_POINT('',(0.609062053643792,2.50177634294673,0.));
#3713=CARTESIAN_POINT('',(0.321203805886834,2.26439607675715,0.));
#3714=CARTESIAN_POINT('Ctrl Pts',(0.609062053643792,2.50177634294673,0.));
#3715=CARTESIAN_POINT('Ctrl Pts',(0.551593957049634,2.47244504248365,0.));
#3716=CARTESIAN_POINT('Ctrl Pts',(0.438094157709576,2.4145155665789,0.));
#3717=CARTESIAN_POINT('Ctrl Pts',(0.359837129880356,2.31401193296418,0.));
#3718=CARTESIAN_POINT('Ctrl Pts',(0.321203805886834,2.26439607675715,0.));
#3719=CARTESIAN_POINT('',(0.609062053643792,2.50177634294673,1.));
#3720=CARTESIAN_POINT('',(0.609062053643792,2.50177634294673,0.));
#3721=CARTESIAN_POINT('',(0.321203805886834,2.26439607675715,1.));
#3722=CARTESIAN_POINT('Ctrl Pts',(0.609062053643792,2.50177634294673,1.));
#3723=CARTESIAN_POINT('Ctrl Pts',(0.551593957049634,2.47244504248365,1.));
#3724=CARTESIAN_POINT('Ctrl Pts',(0.438094157709576,2.4145155665789,1.));
#3725=CARTESIAN_POINT('Ctrl Pts',(0.359837129880356,2.31401193296418,1.));
#3726=CARTESIAN_POINT('Ctrl Pts',(0.321203805886834,2.26439607675715,1.));
#3727=CARTESIAN_POINT('',(0.321203805886834,2.26439607675715,0.));
#3728=CARTESIAN_POINT('Ctrl Pts',(1.06472406574401,2.5809032970254,0.));
#3729=CARTESIAN_POINT('Ctrl Pts',(1.06472406574401,2.5809032970254,1.));
#3730=CARTESIAN_POINT('Ctrl Pts',(0.980695892269083,2.57875827702551,0.));
#3731=CARTESIAN_POINT('Ctrl Pts',(0.980695892269083,2.57875827702551,1.));
#3732=CARTESIAN_POINT('Ctrl Pts',(0.824738599585308,2.57477709430903,0.));
#3733=CARTESIAN_POINT('Ctrl Pts',(0.824738599585308,2.57477709430903,1.));
#3734=CARTESIAN_POINT('Ctrl Pts',(0.677137301547951,2.52481799647694,0.));
#3735=CARTESIAN_POINT('Ctrl Pts',(0.677137301547951,2.52481799647694,1.));
#3736=CARTESIAN_POINT('Ctrl Pts',(0.609062053643792,2.50177634294673,0.));
#3737=CARTESIAN_POINT('Ctrl Pts',(0.609062053643792,2.50177634294673,1.));
#3738=CARTESIAN_POINT('',(1.06472406574401,2.5809032970254,0.));
#3739=CARTESIAN_POINT('Ctrl Pts',(1.06472406574401,2.5809032970254,0.));
#3740=CARTESIAN_POINT('Ctrl Pts',(0.980695892269083,2.57875827702551,0.));
#3741=CARTESIAN_POINT('Ctrl Pts',(0.824738599585308,2.57477709430903,0.));
#3742=CARTESIAN_POINT('Ctrl Pts',(0.677137301547951,2.52481799647694,0.));
#3743=CARTESIAN_POINT('Ctrl Pts',(0.609062053643792,2.50177634294673,0.));
#3744=CARTESIAN_POINT('',(1.06472406574401,2.5809032970254,1.));
#3745=CARTESIAN_POINT('',(1.06472406574401,2.5809032970254,0.));
#3746=CARTESIAN_POINT('Ctrl Pts',(1.06472406574401,2.5809032970254,1.));
#3747=CARTESIAN_POINT('Ctrl Pts',(0.980695892269083,2.57875827702551,1.));
#3748=CARTESIAN_POINT('Ctrl Pts',(0.824738599585308,2.57477709430903,1.));
#3749=CARTESIAN_POINT('Ctrl Pts',(0.677137301547951,2.52481799647694,1.));
#3750=CARTESIAN_POINT('Ctrl Pts',(0.609062053643792,2.50177634294673,1.));
#3751=CARTESIAN_POINT('Ctrl Pts',(1.44944462963256,2.50314069326564,0.));
#3752=CARTESIAN_POINT('Ctrl Pts',(1.44944462963256,2.50314069326564,1.));
#3753=CARTESIAN_POINT('Ctrl Pts',(1.38962858234285,2.5258140045781,0.));
#3754=CARTESIAN_POINT('Ctrl Pts',(1.38962858234285,2.5258140045781,1.));
#3755=CARTESIAN_POINT('Ctrl Pts',(1.26572403614849,2.57278010274384,0.));
#3756=CARTESIAN_POINT('Ctrl Pts',(1.26572403614849,2.57278010274384,1.));
#3757=CARTESIAN_POINT('Ctrl Pts',(1.13324674101808,2.57813402794131,0.));
#3758=CARTESIAN_POINT('Ctrl Pts',(1.13324674101808,2.57813402794131,1.));
#3759=CARTESIAN_POINT('Ctrl Pts',(1.06472406574401,2.5809032970254,0.));
#3760=CARTESIAN_POINT('Ctrl Pts',(1.06472406574401,2.5809032970254,1.));
#3761=CARTESIAN_POINT('',(1.44944462963256,2.50314069326564,0.));
#3762=CARTESIAN_POINT('Ctrl Pts',(1.44944462963256,2.50314069326564,0.));
#3763=CARTESIAN_POINT('Ctrl Pts',(1.38962858234285,2.5258140045781,0.));
#3764=CARTESIAN_POINT('Ctrl Pts',(1.26572403614849,2.57278010274384,0.));
#3765=CARTESIAN_POINT('Ctrl Pts',(1.13324674101808,2.57813402794131,0.));
#3766=CARTESIAN_POINT('Ctrl Pts',(1.06472406574401,2.5809032970254,0.));
#3767=CARTESIAN_POINT('',(1.44944462963256,2.50314069326564,1.));
#3768=CARTESIAN_POINT('',(1.44944462963256,2.50314069326564,0.));
#3769=CARTESIAN_POINT('Ctrl Pts',(1.44944462963256,2.50314069326564,1.));
#3770=CARTESIAN_POINT('Ctrl Pts',(1.38962858234285,2.5258140045781,1.));
#3771=CARTESIAN_POINT('Ctrl Pts',(1.26572403614849,2.57278010274384,1.));
#3772=CARTESIAN_POINT('Ctrl Pts',(1.13324674101808,2.57813402794131,1.));
#3773=CARTESIAN_POINT('Ctrl Pts',(1.06472406574401,2.5809032970254,1.));
#3774=CARTESIAN_POINT('Ctrl Pts',(1.71274576374206,2.28349519308253,0.));
#3775=CARTESIAN_POINT('Ctrl Pts',(1.71274576374206,2.28349519308253,1.));
#3776=CARTESIAN_POINT('Ctrl Pts',(1.67805418655815,2.32816897085428,0.));
#3777=CARTESIAN_POINT('Ctrl Pts',(1.67805418655815,2.32816897085428,1.));
#3778=CARTESIAN_POINT('Ctrl Pts',(1.60636858519625,2.4204814825541,0.));
#3779=CARTESIAN_POINT('Ctrl Pts',(1.60636858519625,2.4204814825541,1.));
#3780=CARTESIAN_POINT('Ctrl Pts',(1.5028607927578,2.47500389371001,0.));
#3781=CARTESIAN_POINT('Ctrl Pts',(1.5028607927578,2.47500389371001,1.));
#3782=CARTESIAN_POINT('Ctrl Pts',(1.44944462963256,2.50314069326564,0.));
#3783=CARTESIAN_POINT('Ctrl Pts',(1.44944462963256,2.50314069326564,1.));
#3784=CARTESIAN_POINT('',(1.71274576374206,2.28349519308253,0.));
#3785=CARTESIAN_POINT('Ctrl Pts',(1.71274576374206,2.28349519308253,0.));
#3786=CARTESIAN_POINT('Ctrl Pts',(1.67805418655815,2.32816897085428,0.));
#3787=CARTESIAN_POINT('Ctrl Pts',(1.60636858519625,2.4204814825541,0.));
#3788=CARTESIAN_POINT('Ctrl Pts',(1.5028607927578,2.47500389371001,0.));
#3789=CARTESIAN_POINT('Ctrl Pts',(1.44944462963256,2.50314069326564,0.));
#3790=CARTESIAN_POINT('',(1.71274576374206,2.28349519308253,1.));
#3791=CARTESIAN_POINT('',(1.71274576374206,2.28349519308253,0.));
#3792=CARTESIAN_POINT('Ctrl Pts',(1.71274576374206,2.28349519308253,1.));
#3793=CARTESIAN_POINT('Ctrl Pts',(1.67805418655815,2.32816897085428,1.));
#3794=CARTESIAN_POINT('Ctrl Pts',(1.60636858519625,2.4204814825541,1.));
#3795=CARTESIAN_POINT('Ctrl Pts',(1.5028607927578,2.47500389371001,1.));
#3796=CARTESIAN_POINT('Ctrl Pts',(1.44944462963256,2.50314069326564,1.));
#3797=CARTESIAN_POINT('Ctrl Pts',(1.80415067859802,1.98199463422938,0.));
#3798=CARTESIAN_POINT('Ctrl Pts',(1.80415067859802,1.98199463422938,1.));
#3799=CARTESIAN_POINT('Ctrl Pts',(1.80012118033455,2.03480182278123,0.));
#3800=CARTESIAN_POINT('Ctrl Pts',(1.80012118033455,2.03480182278123,1.));
#3801=CARTESIAN_POINT('Ctrl Pts',(1.79194087557639,2.14200596273399,0.));
#3802=CARTESIAN_POINT('Ctrl Pts',(1.79194087557639,2.14200596273399,1.));
#3803=CARTESIAN_POINT('Ctrl Pts',(1.73940383030309,2.2358681459967,0.));
#3804=CARTESIAN_POINT('Ctrl Pts',(1.73940383030309,2.2358681459967,1.));
#3805=CARTESIAN_POINT('Ctrl Pts',(1.71274576374206,2.28349519308253,0.));
#3806=CARTESIAN_POINT('Ctrl Pts',(1.71274576374206,2.28349519308253,1.));
#3807=CARTESIAN_POINT('',(1.80415067859802,1.98199463422938,0.));
#3808=CARTESIAN_POINT('Ctrl Pts',(1.80415067859802,1.98199463422938,0.));
#3809=CARTESIAN_POINT('Ctrl Pts',(1.80012118033455,2.03480182278123,0.));
#3810=CARTESIAN_POINT('Ctrl Pts',(1.79194087557639,2.14200596273399,0.));
#3811=CARTESIAN_POINT('Ctrl Pts',(1.73940383030309,2.2358681459967,0.));
#3812=CARTESIAN_POINT('Ctrl Pts',(1.71274576374206,2.28349519308253,0.));
#3813=CARTESIAN_POINT('',(1.80415067859802,1.98199463422938,1.));
#3814=CARTESIAN_POINT('',(1.80415067859802,1.98199463422938,0.));
#3815=CARTESIAN_POINT('Ctrl Pts',(1.80415067859802,1.98199463422938,1.));
#3816=CARTESIAN_POINT('Ctrl Pts',(1.80012118033455,2.03480182278123,1.));
#3817=CARTESIAN_POINT('Ctrl Pts',(1.79194087557639,2.14200596273399,1.));
#3818=CARTESIAN_POINT('Ctrl Pts',(1.73940383030309,2.2358681459967,1.));
#3819=CARTESIAN_POINT('Ctrl Pts',(1.71274576374206,2.28349519308253,1.));
#3820=CARTESIAN_POINT('Ctrl Pts',(1.72093126960906,1.69822943742915,0.));
#3821=CARTESIAN_POINT('Ctrl Pts',(1.72093126960906,1.69822943742915,1.));
#3822=CARTESIAN_POINT('Ctrl Pts',(1.74520057226299,1.741311658789,0.));
#3823=CARTESIAN_POINT('Ctrl Pts',(1.74520057226299,1.741311658789,1.));
#3824=CARTESIAN_POINT('Ctrl Pts',(1.79482433442259,1.82940244312482,0.));
#3825=CARTESIAN_POINT('Ctrl Pts',(1.79482433442259,1.82940244312482,1.));
#3826=CARTESIAN_POINT('Ctrl Pts',(1.80099690393545,1.93039441693544,0.));
#3827=CARTESIAN_POINT('Ctrl Pts',(1.80099690393545,1.93039441693544,1.));
#3828=CARTESIAN_POINT('Ctrl Pts',(1.80415067859802,1.98199463422938,0.));
#3829=CARTESIAN_POINT('Ctrl Pts',(1.80415067859802,1.98199463422938,1.));
#3830=CARTESIAN_POINT('',(1.72093126960906,1.69822943742915,0.));
#3831=CARTESIAN_POINT('Ctrl Pts',(1.72093126960906,1.69822943742915,0.));
#3832=CARTESIAN_POINT('Ctrl Pts',(1.74520057226299,1.741311658789,0.));
#3833=CARTESIAN_POINT('Ctrl Pts',(1.79482433442259,1.82940244312482,0.));
#3834=CARTESIAN_POINT('Ctrl Pts',(1.80099690393545,1.93039441693544,0.));
#3835=CARTESIAN_POINT('Ctrl Pts',(1.80415067859802,1.98199463422938,0.));
#3836=CARTESIAN_POINT('',(1.72093126960906,1.69822943742915,1.));
#3837=CARTESIAN_POINT('',(1.72093126960906,1.69822943742915,0.));
#3838=CARTESIAN_POINT('Ctrl Pts',(1.72093126960906,1.69822943742915,1.));
#3839=CARTESIAN_POINT('Ctrl Pts',(1.74520057226299,1.741311658789,1.));
#3840=CARTESIAN_POINT('Ctrl Pts',(1.79482433442259,1.82940244312482,1.));
#3841=CARTESIAN_POINT('Ctrl Pts',(1.80099690393545,1.93039441693544,1.));
#3842=CARTESIAN_POINT('Ctrl Pts',(1.80415067859802,1.98199463422938,1.));
#3843=CARTESIAN_POINT('Ctrl Pts',(1.46308694072875,1.49359119470759,0.));
#3844=CARTESIAN_POINT('Ctrl Pts',(1.46308694072875,1.49359119470759,1.));
#3845=CARTESIAN_POINT('Ctrl Pts',(1.51640157810135,1.52069210266704,0.));
#3846=CARTESIAN_POINT('Ctrl Pts',(1.51640157810135,1.52069210266704,1.));
#3847=CARTESIAN_POINT('Ctrl Pts',(1.61640504990692,1.5715258890077,0.));
#3848=CARTESIAN_POINT('Ctrl Pts',(1.61640504990692,1.5715258890077,1.));
#3849=CARTESIAN_POINT('Ctrl Pts',(1.68766294429115,1.65790257131048,0.));
#3850=CARTESIAN_POINT('Ctrl Pts',(1.68766294429115,1.65790257131048,1.));
#3851=CARTESIAN_POINT('Ctrl Pts',(1.72093126960906,1.69822943742915,0.));
#3852=CARTESIAN_POINT('Ctrl Pts',(1.72093126960906,1.69822943742915,1.));
#3853=CARTESIAN_POINT('',(1.46308694072875,1.49359119470759,0.));
#3854=CARTESIAN_POINT('Ctrl Pts',(1.46308694072875,1.49359119470759,0.));
#3855=CARTESIAN_POINT('Ctrl Pts',(1.51640157810135,1.52069210266704,0.));
#3856=CARTESIAN_POINT('Ctrl Pts',(1.61640504990692,1.5715258890077,0.));
#3857=CARTESIAN_POINT('Ctrl Pts',(1.68766294429115,1.65790257131048,0.));
#3858=CARTESIAN_POINT('Ctrl Pts',(1.72093126960906,1.69822943742915,0.));
#3859=CARTESIAN_POINT('',(1.46308694072875,1.49359119470759,1.));
#3860=CARTESIAN_POINT('',(1.46308694072875,1.49359119470759,0.));
#3861=CARTESIAN_POINT('Ctrl Pts',(1.46308694072875,1.49359119470759,1.));
#3862=CARTESIAN_POINT('Ctrl Pts',(1.51640157810135,1.52069210266704,1.));
#3863=CARTESIAN_POINT('Ctrl Pts',(1.61640504990692,1.5715258890077,1.));
#3864=CARTESIAN_POINT('Ctrl Pts',(1.68766294429115,1.65790257131048,1.));
#3865=CARTESIAN_POINT('Ctrl Pts',(1.72093126960906,1.69822943742915,1.));
#3866=CARTESIAN_POINT('Ctrl Pts',(1.01970348545226,1.36671495969935,0.));
#3867=CARTESIAN_POINT('Ctrl Pts',(1.01970348545226,1.36671495969935,1.));
#3868=CARTESIAN_POINT('Ctrl Pts',(1.11125560333771,1.38692641303792,0.));
#3869=CARTESIAN_POINT('Ctrl Pts',(1.11125560333771,1.38692641303792,1.));
#3870=CARTESIAN_POINT('Ctrl Pts',(1.2617399838083,1.42014801516263,0.));
#3871=CARTESIAN_POINT('Ctrl Pts',(1.2617399838083,1.42014801516263,1.));
#3872=CARTESIAN_POINT('Ctrl Pts',(1.40642558104495,1.47292343555113,0.));
#3873=CARTESIAN_POINT('Ctrl Pts',(1.40642558104495,1.47292343555113,1.));
#3874=CARTESIAN_POINT('Ctrl Pts',(1.46308694072875,1.49359119470759,0.));
#3875=CARTESIAN_POINT('Ctrl Pts',(1.46308694072875,1.49359119470759,1.));
#3876=CARTESIAN_POINT('',(1.01970348545226,1.36671495969935,0.));
#3877=CARTESIAN_POINT('Ctrl Pts',(1.01970348545226,1.36671495969935,0.));
#3878=CARTESIAN_POINT('Ctrl Pts',(1.11125560333771,1.38692641303792,0.));
#3879=CARTESIAN_POINT('Ctrl Pts',(1.2617399838083,1.42014801516263,0.));
#3880=CARTESIAN_POINT('Ctrl Pts',(1.40642558104495,1.47292343555113,0.));
#3881=CARTESIAN_POINT('Ctrl Pts',(1.46308694072875,1.49359119470759,0.));
#3882=CARTESIAN_POINT('',(1.01970348545226,1.36671495969935,1.));
#3883=CARTESIAN_POINT('',(1.01970348545226,1.36671495969935,0.));
#3884=CARTESIAN_POINT('Ctrl Pts',(1.01970348545226,1.36671495969935,1.));
#3885=CARTESIAN_POINT('Ctrl Pts',(1.11125560333771,1.38692641303792,1.));
#3886=CARTESIAN_POINT('Ctrl Pts',(1.2617399838083,1.42014801516263,1.));
#3887=CARTESIAN_POINT('Ctrl Pts',(1.40642558104495,1.47292343555113,1.));
#3888=CARTESIAN_POINT('Ctrl Pts',(1.46308694072875,1.49359119470759,1.));
#3889=CARTESIAN_POINT('Ctrl Pts',(0.621340610467522,1.22346830900355,0.));
#3890=CARTESIAN_POINT('Ctrl Pts',(0.621340610467522,1.22346830900355,1.));
#3891=CARTESIAN_POINT('Ctrl Pts',(0.666582406088179,1.24876225687797,0.));
#3892=CARTESIAN_POINT('Ctrl Pts',(0.666582406088179,1.24876225687797,1.));
#3893=CARTESIAN_POINT('Ctrl Pts',(0.790870907195312,1.31824992475818,0.));
#3894=CARTESIAN_POINT('Ctrl Pts',(0.790870907195312,1.31824992475818,1.));
#3895=CARTESIAN_POINT('Ctrl Pts',(0.930744658684303,1.34787414306181,0.));
#3896=CARTESIAN_POINT('Ctrl Pts',(0.930744658684303,1.34787414306181,1.));
#3897=CARTESIAN_POINT('Ctrl Pts',(1.01970348545226,1.36671495969935,0.));
#3898=CARTESIAN_POINT('Ctrl Pts',(1.01970348545226,1.36671495969935,1.));
#3899=CARTESIAN_POINT('',(0.621340610467522,1.22346830900355,0.));
#3900=CARTESIAN_POINT('Ctrl Pts',(0.621340610467522,1.22346830900355,0.));
#3901=CARTESIAN_POINT('Ctrl Pts',(0.666582406088179,1.24876225687797,0.));
#3902=CARTESIAN_POINT('Ctrl Pts',(0.790870907195312,1.31824992475818,0.));
#3903=CARTESIAN_POINT('Ctrl Pts',(0.930744658684303,1.34787414306181,0.));
#3904=CARTESIAN_POINT('Ctrl Pts',(1.01970348545226,1.36671495969935,0.));
#3905=CARTESIAN_POINT('',(0.621340610467522,1.22346830900355,1.));
#3906=CARTESIAN_POINT('',(0.621340610467522,1.22346830900355,0.));
#3907=CARTESIAN_POINT('Ctrl Pts',(0.621340610467522,1.22346830900355,1.));
#3908=CARTESIAN_POINT('Ctrl Pts',(0.666582406088179,1.24876225687797,1.));
#3909=CARTESIAN_POINT('Ctrl Pts',(0.790870907195312,1.31824992475818,1.));
#3910=CARTESIAN_POINT('Ctrl Pts',(0.930744658684303,1.34787414306181,1.));
#3911=CARTESIAN_POINT('Ctrl Pts',(1.01970348545226,1.36671495969935,1.));
#3912=CARTESIAN_POINT('Ctrl Pts',(0.543578006707757,1.04611468847438,0.));
#3913=CARTESIAN_POINT('Ctrl Pts',(0.543578006707757,1.04611468847438,1.));
#3914=CARTESIAN_POINT('Ctrl Pts',(0.546696661385113,1.08033910980785,0.));
#3915=CARTESIAN_POINT('Ctrl Pts',(0.546696661385113,1.08033910980785,1.));
#3916=CARTESIAN_POINT('Ctrl Pts',(0.552876854564375,1.14816115398123,0.));
#3917=CARTESIAN_POINT('Ctrl Pts',(0.552876854564375,1.14816115398123,1.));
#3918=CARTESIAN_POINT('Ctrl Pts',(0.598660399451486,1.19852106291119,0.));
#3919=CARTESIAN_POINT('Ctrl Pts',(0.598660399451486,1.19852106291119,1.));
#3920=CARTESIAN_POINT('Ctrl Pts',(0.621340610467522,1.22346830900355,0.));
#3921=CARTESIAN_POINT('Ctrl Pts',(0.621340610467522,1.22346830900355,1.));
#3922=CARTESIAN_POINT('',(0.543578006707757,1.04611468847438,0.));
#3923=CARTESIAN_POINT('Ctrl Pts',(0.543578006707757,1.04611468847438,0.));
#3924=CARTESIAN_POINT('Ctrl Pts',(0.546696661385113,1.08033910980785,0.));
#3925=CARTESIAN_POINT('Ctrl Pts',(0.552876854564375,1.14816115398123,0.));
#3926=CARTESIAN_POINT('Ctrl Pts',(0.598660399451486,1.19852106291119,0.));
#3927=CARTESIAN_POINT('Ctrl Pts',(0.621340610467522,1.22346830900355,0.));
#3928=CARTESIAN_POINT('',(0.543578006707757,1.04611468847438,1.));
#3929=CARTESIAN_POINT('',(0.543578006707757,1.04611468847438,0.));
#3930=CARTESIAN_POINT('Ctrl Pts',(0.543578006707757,1.04611468847438,1.));
#3931=CARTESIAN_POINT('Ctrl Pts',(0.546696661385113,1.08033910980785,1.));
#3932=CARTESIAN_POINT('Ctrl Pts',(0.552876854564375,1.14816115398123,1.));
#3933=CARTESIAN_POINT('Ctrl Pts',(0.598660399451486,1.19852106291119,1.));
#3934=CARTESIAN_POINT('Ctrl Pts',(0.621340610467522,1.22346830900355,1.));
#3935=CARTESIAN_POINT('Ctrl Pts',(0.652718879663079,0.834655290204723,0.));
#3936=CARTESIAN_POINT('Ctrl Pts',(0.652718879663079,0.834655290204723,1.));
#3937=CARTESIAN_POINT('Ctrl Pts',(0.620897288965083,0.864534701111743,0.));
#3938=CARTESIAN_POINT('Ctrl Pts',(0.620897288965083,0.864534701111743,1.));
#3939=CARTESIAN_POINT('Ctrl Pts',(0.559372223935179,0.922304682397612,0.));
#3940=CARTESIAN_POINT('Ctrl Pts',(0.559372223935179,0.922304682397612,1.));
#3941=CARTESIAN_POINT('Ctrl Pts',(0.548720510679531,1.00580288075213,0.));
#3942=CARTESIAN_POINT('Ctrl Pts',(0.548720510679531,1.00580288075213,1.));
#3943=CARTESIAN_POINT('Ctrl Pts',(0.543578006707757,1.04611468847438,0.));
#3944=CARTESIAN_POINT('Ctrl Pts',(0.543578006707757,1.04611468847438,1.));
#3945=CARTESIAN_POINT('',(0.652718879663079,0.834655290204723,0.));
#3946=CARTESIAN_POINT('Ctrl Pts',(0.652718879663079,0.834655290204723,0.));
#3947=CARTESIAN_POINT('Ctrl Pts',(0.620897288965083,0.864534701111743,0.));
#3948=CARTESIAN_POINT('Ctrl Pts',(0.559372223935179,0.922304682397612,0.));
#3949=CARTESIAN_POINT('Ctrl Pts',(0.548720510679531,1.00580288075213,0.));
#3950=CARTESIAN_POINT('Ctrl Pts',(0.543578006707757,1.04611468847438,0.));
#3951=CARTESIAN_POINT('',(0.652718879663079,0.834655290204723,1.));
#3952=CARTESIAN_POINT('',(0.652718879663079,0.834655290204723,0.));
#3953=CARTESIAN_POINT('Ctrl Pts',(0.652718879663079,0.834655290204723,1.));
#3954=CARTESIAN_POINT('Ctrl Pts',(0.620897288965083,0.864534701111743,1.));
#3955=CARTESIAN_POINT('Ctrl Pts',(0.559372223935179,0.922304682397612,1.));
#3956=CARTESIAN_POINT('Ctrl Pts',(0.548720510679531,1.00580288075213,1.));
#3957=CARTESIAN_POINT('Ctrl Pts',(0.543578006707757,1.04611468847438,1.));
#3958=CARTESIAN_POINT('Ctrl Pts',(1.00333247371825,0.745978479940136,0.));
#3959=CARTESIAN_POINT('Ctrl Pts',(1.00333247371825,0.745978479940136,1.));
#3960=CARTESIAN_POINT('Ctrl Pts',(0.932355821423203,0.747102000174281,0.));
#3961=CARTESIAN_POINT('Ctrl Pts',(0.932355821423203,0.747102000174281,1.));
#3962=CARTESIAN_POINT('Ctrl Pts',(0.80782111804612,0.749073314044026,0.));
#3963=CARTESIAN_POINT('Ctrl Pts',(0.80782111804612,0.749073314044026,1.));
#3964=CARTESIAN_POINT('Ctrl Pts',(0.699362964828056,0.808918118219055,0.));
#3965=CARTESIAN_POINT('Ctrl Pts',(0.699362964828056,0.808918118219055,1.));
#3966=CARTESIAN_POINT('Ctrl Pts',(0.652718879663079,0.834655290204723,0.));
#3967=CARTESIAN_POINT('Ctrl Pts',(0.652718879663079,0.834655290204723,1.));
#3968=CARTESIAN_POINT('',(1.00333247371825,0.745978479940136,0.));
#3969=CARTESIAN_POINT('Ctrl Pts',(1.00333247371825,0.745978479940136,0.));
#3970=CARTESIAN_POINT('Ctrl Pts',(0.932355821423203,0.747102000174281,0.));
#3971=CARTESIAN_POINT('Ctrl Pts',(0.80782111804612,0.749073314044026,0.));
#3972=CARTESIAN_POINT('Ctrl Pts',(0.699362964828056,0.808918118219055,0.));
#3973=CARTESIAN_POINT('Ctrl Pts',(0.652718879663079,0.834655290204723,0.));
#3974=CARTESIAN_POINT('',(1.00333247371825,0.745978479940136,1.));
#3975=CARTESIAN_POINT('',(1.00333247371825,0.745978479940136,0.));
#3976=CARTESIAN_POINT('Ctrl Pts',(1.00333247371825,0.745978479940136,1.));
#3977=CARTESIAN_POINT('Ctrl Pts',(0.932355821423203,0.747102000174281,1.));
#3978=CARTESIAN_POINT('Ctrl Pts',(0.80782111804612,0.749073314044026,1.));
#3979=CARTESIAN_POINT('Ctrl Pts',(0.699362964828056,0.808918118219055,1.));
#3980=CARTESIAN_POINT('Ctrl Pts',(0.652718879663079,0.834655290204723,1.));
#3981=CARTESIAN_POINT('Ctrl Pts',(1.35121796318206,0.842840796071728,0.));
#3982=CARTESIAN_POINT('Ctrl Pts',(1.35121796318206,0.842840796071728,1.));
#3983=CARTESIAN_POINT('Ctrl Pts',(1.30385450480189,0.814679946045206,0.));
#3984=CARTESIAN_POINT('Ctrl Pts',(1.30385450480189,0.814679946045206,1.));
#3985=CARTESIAN_POINT('Ctrl Pts',(1.19721090782848,0.751272955859832,0.));
#3986=CARTESIAN_POINT('Ctrl Pts',(1.19721090782848,0.751272955859832,1.));
#3987=CARTESIAN_POINT('Ctrl Pts',(1.07260008274986,0.747870055399344,0.));
#3988=CARTESIAN_POINT('Ctrl Pts',(1.07260008274986,0.747870055399344,1.));
#3989=CARTESIAN_POINT('Ctrl Pts',(1.00333247371825,0.745978479940136,0.));
#3990=CARTESIAN_POINT('Ctrl Pts',(1.00333247371825,0.745978479940136,1.));
#3991=CARTESIAN_POINT('',(1.35121796318206,0.842840796071728,0.));
#3992=CARTESIAN_POINT('Ctrl Pts',(1.35121796318206,0.842840796071728,0.));
#3993=CARTESIAN_POINT('Ctrl Pts',(1.30385450480189,0.814679946045206,0.));
#3994=CARTESIAN_POINT('Ctrl Pts',(1.19721090782848,0.751272955859832,0.));
#3995=CARTESIAN_POINT('Ctrl Pts',(1.07260008274986,0.747870055399344,0.));
#3996=CARTESIAN_POINT('Ctrl Pts',(1.00333247371825,0.745978479940136,0.));
#3997=CARTESIAN_POINT('',(1.35121796318206,0.842840796071728,1.));
#3998=CARTESIAN_POINT('',(1.35121796318206,0.842840796071728,0.));
#3999=CARTESIAN_POINT('Ctrl Pts',(1.35121796318206,0.842840796071728,1.));
#4000=CARTESIAN_POINT('Ctrl Pts',(1.30385450480189,0.814679946045206,1.));
#4001=CARTESIAN_POINT('Ctrl Pts',(1.19721090782848,0.751272955859832,1.));
#4002=CARTESIAN_POINT('Ctrl Pts',(1.07260008274986,0.747870055399344,1.));
#4003=CARTESIAN_POINT('Ctrl Pts',(1.00333247371825,0.745978479940136,1.));
#4004=CARTESIAN_POINT('Ctrl Pts',(1.49037215896758,1.12933409746333,0.));
#4005=CARTESIAN_POINT('Ctrl Pts',(1.49037215896758,1.12933409746333,1.));
#4006=CARTESIAN_POINT('Ctrl Pts',(1.48079185298951,1.07113496773541,0.));
#4007=CARTESIAN_POINT('Ctrl Pts',(1.48079185298951,1.07113496773541,1.));
#4008=CARTESIAN_POINT('Ctrl Pts',(1.46273480985975,0.961440747319385,0.));
#4009=CARTESIAN_POINT('Ctrl Pts',(1.46273480985975,0.961440747319385,1.));
#4010=CARTESIAN_POINT('Ctrl Pts',(1.38684420969669,0.880729879431338,0.));
#4011=CARTESIAN_POINT('Ctrl Pts',(1.38684420969669,0.880729879431338,1.));
#4012=CARTESIAN_POINT('Ctrl Pts',(1.35121796318206,0.842840796071728,0.));
#4013=CARTESIAN_POINT('Ctrl Pts',(1.35121796318206,0.842840796071728,1.));
#4014=CARTESIAN_POINT('',(1.49037215896758,1.12933409746333,0.));
#4015=CARTESIAN_POINT('Ctrl Pts',(1.49037215896758,1.12933409746333,0.));
#4016=CARTESIAN_POINT('Ctrl Pts',(1.48079185298951,1.07113496773541,0.));
#4017=CARTESIAN_POINT('Ctrl Pts',(1.46273480985975,0.961440747319385,0.));
#4018=CARTESIAN_POINT('Ctrl Pts',(1.38684420969669,0.880729879431338,0.));
#4019=CARTESIAN_POINT('Ctrl Pts',(1.35121796318206,0.842840796071728,0.));
#4020=CARTESIAN_POINT('',(1.49037215896758,1.12933409746333,1.));
#4021=CARTESIAN_POINT('',(1.49037215896758,1.12933409746333,0.));
#4022=CARTESIAN_POINT('Ctrl Pts',(1.49037215896758,1.12933409746333,1.));
#4023=CARTESIAN_POINT('Ctrl Pts',(1.48079185298951,1.07113496773541,1.));
#4024=CARTESIAN_POINT('Ctrl Pts',(1.46273480985975,0.961440747319385,1.));
#4025=CARTESIAN_POINT('Ctrl Pts',(1.38684420969669,0.880729879431338,1.));
#4026=CARTESIAN_POINT('Ctrl Pts',(1.35121796318206,0.842840796071728,1.));
#4027=CARTESIAN_POINT('Origin',(1.74412403293762,1.11023498113795,0.));
#4028=CARTESIAN_POINT('',(1.74412403293762,1.11023498113795,0.));
#4029=CARTESIAN_POINT('',(5.14458004446309,0.854293206571479,0.));
#4030=CARTESIAN_POINT('',(1.74412403293762,1.11023498113795,1.));
#4031=CARTESIAN_POINT('',(1.74412403293762,1.11023498113795,0.));
#4032=CARTESIAN_POINT('',(1.74412403293762,1.11023498113795,1.));
#4033=CARTESIAN_POINT('Ctrl Pts',(1.64589736648711,0.795091515142162,0.));
#4034=CARTESIAN_POINT('Ctrl Pts',(1.64589736648711,0.795091515142162,1.));
#4035=CARTESIAN_POINT('Ctrl Pts',(1.67285616191688,0.843434757080226,0.));
#4036=CARTESIAN_POINT('Ctrl Pts',(1.67285616191688,0.843434757080226,1.));
#4037=CARTESIAN_POINT('Ctrl Pts',(1.72758679542189,0.941579211043263,0.));
#4038=CARTESIAN_POINT('Ctrl Pts',(1.72758679542189,0.941579211043263,1.));
#4039=CARTESIAN_POINT('Ctrl Pts',(1.73855729689078,1.05346236999298,0.));
#4040=CARTESIAN_POINT('Ctrl Pts',(1.73855729689078,1.05346236999298,1.));
#4041=CARTESIAN_POINT('Ctrl Pts',(1.74412403293762,1.11023498113795,0.));
#4042=CARTESIAN_POINT('Ctrl Pts',(1.74412403293762,1.11023498113795,1.));
#4043=CARTESIAN_POINT('',(1.64589736648711,0.795091515142162,0.));
#4044=CARTESIAN_POINT('Ctrl Pts',(1.64589736648711,0.795091515142162,0.));
#4045=CARTESIAN_POINT('Ctrl Pts',(1.67285616191688,0.843434757080226,0.));
#4046=CARTESIAN_POINT('Ctrl Pts',(1.72758679542189,0.941579211043263,0.));
#4047=CARTESIAN_POINT('Ctrl Pts',(1.73855729689078,1.05346236999298,0.));
#4048=CARTESIAN_POINT('Ctrl Pts',(1.74412403293762,1.11023498113795,0.));
#4049=CARTESIAN_POINT('',(1.64589736648711,0.795091515142162,1.));
#4050=CARTESIAN_POINT('',(1.64589736648711,0.795091515142162,0.));
#4051=CARTESIAN_POINT('Ctrl Pts',(1.64589736648711,0.795091515142162,1.));
#4052=CARTESIAN_POINT('Ctrl Pts',(1.67285616191688,0.843434757080226,1.));
#4053=CARTESIAN_POINT('Ctrl Pts',(1.72758679542189,0.941579211043263,1.));
#4054=CARTESIAN_POINT('Ctrl Pts',(1.73855729689078,1.05346236999298,1.));
#4055=CARTESIAN_POINT('Ctrl Pts',(1.74412403293762,1.11023498113795,1.));
#4056=CARTESIAN_POINT('Ctrl Pts',(1.38395998665008,0.58499587114497,0.));
#4057=CARTESIAN_POINT('Ctrl Pts',(1.38395998665008,0.58499587114497,1.));
#4058=CARTESIAN_POINT('Ctrl Pts',(1.4370556226924,0.610810295644235,0.));
#4059=CARTESIAN_POINT('Ctrl Pts',(1.4370556226924,0.610810295644235,1.));
#4060=CARTESIAN_POINT('Ctrl Pts',(1.54038379944928,0.661047144024979,0.));
#4061=CARTESIAN_POINT('Ctrl Pts',(1.54038379944928,0.661047144024979,1.));
#4062=CARTESIAN_POINT('Ctrl Pts',(1.61138193415884,0.751243130994348,0.));
#4063=CARTESIAN_POINT('Ctrl Pts',(1.61138193415884,0.751243130994348,1.));
#4064=CARTESIAN_POINT('Ctrl Pts',(1.64589736648711,0.795091515142162,0.));
#4065=CARTESIAN_POINT('Ctrl Pts',(1.64589736648711,0.795091515142162,1.));
#4066=CARTESIAN_POINT('',(1.38395998665008,0.58499587114497,0.));
#4067=CARTESIAN_POINT('Ctrl Pts',(1.38395998665008,0.58499587114497,0.));
#4068=CARTESIAN_POINT('Ctrl Pts',(1.4370556226924,0.610810295644235,0.));
#4069=CARTESIAN_POINT('Ctrl Pts',(1.54038379944928,0.661047144024979,0.));
#4070=CARTESIAN_POINT('Ctrl Pts',(1.61138193415884,0.751243130994348,0.));
#4071=CARTESIAN_POINT('Ctrl Pts',(1.64589736648711,0.795091515142162,0.));
#4072=CARTESIAN_POINT('',(1.38395998665008,0.58499587114497,1.));
#4073=CARTESIAN_POINT('',(1.38395998665008,0.58499587114497,0.));
#4074=CARTESIAN_POINT('Ctrl Pts',(1.38395998665008,0.58499587114497,1.));
#4075=CARTESIAN_POINT('Ctrl Pts',(1.4370556226924,0.610810295644235,1.));
#4076=CARTESIAN_POINT('Ctrl Pts',(1.54038379944928,0.661047144024979,1.));
#4077=CARTESIAN_POINT('Ctrl Pts',(1.61138193415884,0.751243130994348,1.));
#4078=CARTESIAN_POINT('Ctrl Pts',(1.64589736648711,0.795091515142162,1.));
#4079=CARTESIAN_POINT('Ctrl Pts',(0.992418267213433,0.512690668660839,0.));
#4080=CARTESIAN_POINT('Ctrl Pts',(0.992418267213433,0.512690668660839,1.));
#4081=CARTESIAN_POINT('Ctrl Pts',(1.06280077678161,0.51507127662077,0.));
#4082=CARTESIAN_POINT('Ctrl Pts',(1.06280077678161,0.51507127662077,1.));
#4083=CARTESIAN_POINT('Ctrl Pts',(1.19702736854125,0.519611337706084,0.));
#4084=CARTESIAN_POINT('Ctrl Pts',(1.19702736854125,0.519611337706084,1.));
#4085=CARTESIAN_POINT('Ctrl Pts',(1.32370603185336,0.563920487072953,0.));
#4086=CARTESIAN_POINT('Ctrl Pts',(1.32370603185336,0.563920487072953,1.));
#4087=CARTESIAN_POINT('Ctrl Pts',(1.38395998665008,0.58499587114497,0.));
#4088=CARTESIAN_POINT('Ctrl Pts',(1.38395998665008,0.58499587114497,1.));
#4089=CARTESIAN_POINT('',(0.992418267213433,0.512690668660839,0.));
#4090=CARTESIAN_POINT('Ctrl Pts',(0.992418267213433,0.512690668660839,0.));
#4091=CARTESIAN_POINT('Ctrl Pts',(1.06280077678161,0.51507127662077,0.));
#4092=CARTESIAN_POINT('Ctrl Pts',(1.19702736854125,0.519611337706084,0.));
#4093=CARTESIAN_POINT('Ctrl Pts',(1.32370603185336,0.563920487072953,0.));
#4094=CARTESIAN_POINT('Ctrl Pts',(1.38395998665008,0.58499587114497,0.));
#4095=CARTESIAN_POINT('',(0.992418267213433,0.512690668660839,1.));
#4096=CARTESIAN_POINT('',(0.992418267213433,0.512690668660839,0.));
#4097=CARTESIAN_POINT('Ctrl Pts',(0.992418267213433,0.512690668660839,1.));
#4098=CARTESIAN_POINT('Ctrl Pts',(1.06280077678161,0.51507127662077,1.));
#4099=CARTESIAN_POINT('Ctrl Pts',(1.19702736854125,0.519611337706084,1.));
#4100=CARTESIAN_POINT('Ctrl Pts',(1.32370603185336,0.563920487072953,1.));
#4101=CARTESIAN_POINT('Ctrl Pts',(1.38395998665008,0.58499587114497,1.));
#4102=CARTESIAN_POINT('Ctrl Pts',(0.625433065377801,0.580903416234692,0.));
#4103=CARTESIAN_POINT('Ctrl Pts',(0.625433065377801,0.580903416234692,1.));
#4104=CARTESIAN_POINT('Ctrl Pts',(0.682991091838436,0.561013355834927,0.));
#4105=CARTESIAN_POINT('Ctrl Pts',(0.682991091838436,0.561013355834927,1.));
#4106=CARTESIAN_POINT('Ctrl Pts',(0.801852025520574,0.519939133949869,0.));
#4107=CARTESIAN_POINT('Ctrl Pts',(0.801852025520574,0.519939133949869,1.));
#4108=CARTESIAN_POINT('Ctrl Pts',(0.927575818387667,0.515157045892157,0.));
#4109=CARTESIAN_POINT('Ctrl Pts',(0.927575818387667,0.515157045892157,1.));
#4110=CARTESIAN_POINT('Ctrl Pts',(0.992418267213433,0.512690668660839,0.));
#4111=CARTESIAN_POINT('Ctrl Pts',(0.992418267213433,0.512690668660839,1.));
#4112=CARTESIAN_POINT('',(0.625433065377801,0.580903416234692,0.));
#4113=CARTESIAN_POINT('Ctrl Pts',(0.625433065377801,0.580903416234692,0.));
#4114=CARTESIAN_POINT('Ctrl Pts',(0.682991091838436,0.561013355834927,0.));
#4115=CARTESIAN_POINT('Ctrl Pts',(0.801852025520574,0.519939133949869,0.));
#4116=CARTESIAN_POINT('Ctrl Pts',(0.927575818387667,0.515157045892157,0.));
#4117=CARTESIAN_POINT('Ctrl Pts',(0.992418267213433,0.512690668660839,0.));
#4118=CARTESIAN_POINT('',(0.625433065377801,0.580903416234692,1.));
#4119=CARTESIAN_POINT('',(0.625433065377801,0.580903416234692,0.));
#4120=CARTESIAN_POINT('Ctrl Pts',(0.625433065377801,0.580903416234692,1.));
#4121=CARTESIAN_POINT('Ctrl Pts',(0.682991091838436,0.561013355834927,1.));
#4122=CARTESIAN_POINT('Ctrl Pts',(0.801852025520574,0.519939133949869,1.));
#4123=CARTESIAN_POINT('Ctrl Pts',(0.927575818387667,0.515157045892157,1.));
#4124=CARTESIAN_POINT('Ctrl Pts',(0.992418267213433,0.512690668660839,1.));
#4125=CARTESIAN_POINT('Ctrl Pts',(0.374410488092034,0.781449204045971,0.));
#4126=CARTESIAN_POINT('Ctrl Pts',(0.374410488092034,0.781449204045971,1.));
#4127=CARTESIAN_POINT('Ctrl Pts',(0.407216510940986,0.739663062512066,0.));
#4128=CARTESIAN_POINT('Ctrl Pts',(0.407216510940986,0.739663062512066,1.));
#4129=CARTESIAN_POINT('Ctrl Pts',(0.475076709198559,0.653227231446359,0.));
#4130=CARTESIAN_POINT('Ctrl Pts',(0.475076709198559,0.653227231446359,1.));
#4131=CARTESIAN_POINT('Ctrl Pts',(0.574219440929155,0.605537989757664,0.));
#4132=CARTESIAN_POINT('Ctrl Pts',(0.574219440929155,0.605537989757664,1.));
#4133=CARTESIAN_POINT('Ctrl Pts',(0.625433065377801,0.580903416234692,0.));
#4134=CARTESIAN_POINT('Ctrl Pts',(0.625433065377801,0.580903416234692,1.));
#4135=CARTESIAN_POINT('',(0.374410488092034,0.781449204045971,0.));
#4136=CARTESIAN_POINT('Ctrl Pts',(0.374410488092034,0.781449204045971,0.));
#4137=CARTESIAN_POINT('Ctrl Pts',(0.407216510940986,0.739663062512066,0.));
#4138=CARTESIAN_POINT('Ctrl Pts',(0.475076709198559,0.653227231446359,0.));
#4139=CARTESIAN_POINT('Ctrl Pts',(0.574219440929155,0.605537989757664,0.));
#4140=CARTESIAN_POINT('Ctrl Pts',(0.625433065377801,0.580903416234692,0.));
#4141=CARTESIAN_POINT('',(0.374410488092034,0.781449204045971,1.));
#4142=CARTESIAN_POINT('',(0.374410488092034,0.781449204045971,0.));
#4143=CARTESIAN_POINT('Ctrl Pts',(0.374410488092034,0.781449204045971,1.));
#4144=CARTESIAN_POINT('Ctrl Pts',(0.407216510940986,0.739663062512066,1.));
#4145=CARTESIAN_POINT('Ctrl Pts',(0.475076709198559,0.653227231446359,1.));
#4146=CARTESIAN_POINT('Ctrl Pts',(0.574219440929155,0.605537989757664,1.));
#4147=CARTESIAN_POINT('Ctrl Pts',(0.625433065377801,0.580903416234692,1.));
#4148=CARTESIAN_POINT('Ctrl Pts',(0.288461782418816,1.06385005052729,0.));
#4149=CARTESIAN_POINT('Ctrl Pts',(0.288461782418816,1.06385005052729,1.));
#4150=CARTESIAN_POINT('Ctrl Pts',(0.292170693215751,1.01403194236207,0.));
#4151=CARTESIAN_POINT('Ctrl Pts',(0.292170693215751,1.01403194236207,1.));
#4152=CARTESIAN_POINT('Ctrl Pts',(0.299656081128432,0.913488174903199,0.));
#4153=CARTESIAN_POINT('Ctrl Pts',(0.299656081128432,0.913488174903199,1.));
#4154=CARTESIAN_POINT('Ctrl Pts',(0.349342854401995,0.825726253235467,0.));
#4155=CARTESIAN_POINT('Ctrl Pts',(0.349342854401995,0.825726253235467,1.));
#4156=CARTESIAN_POINT('Ctrl Pts',(0.374410488092034,0.781449204045971,0.));
#4157=CARTESIAN_POINT('Ctrl Pts',(0.374410488092034,0.781449204045971,1.));
#4158=CARTESIAN_POINT('',(0.288461782418816,1.06385005052729,0.));
#4159=CARTESIAN_POINT('Ctrl Pts',(0.288461782418816,1.06385005052729,0.));
#4160=CARTESIAN_POINT('Ctrl Pts',(0.292170693215751,1.01403194236207,0.));
#4161=CARTESIAN_POINT('Ctrl Pts',(0.299656081128432,0.913488174903199,0.));
#4162=CARTESIAN_POINT('Ctrl Pts',(0.349342854401995,0.825726253235467,0.));
#4163=CARTESIAN_POINT('Ctrl Pts',(0.374410488092034,0.781449204045971,0.));
#4164=CARTESIAN_POINT('',(0.288461782418816,1.06385005052729,1.));
#4165=CARTESIAN_POINT('',(0.288461782418816,1.06385005052729,0.));
#4166=CARTESIAN_POINT('Ctrl Pts',(0.288461782418816,1.06385005052729,1.));
#4167=CARTESIAN_POINT('Ctrl Pts',(0.292170693215751,1.01403194236207,1.));
#4168=CARTESIAN_POINT('Ctrl Pts',(0.299656081128432,0.913488174903199,1.));
#4169=CARTESIAN_POINT('Ctrl Pts',(0.349342854401995,0.825726253235467,1.));
#4170=CARTESIAN_POINT('Ctrl Pts',(0.374410488092034,0.781449204045971,1.));
#4171=CARTESIAN_POINT('Ctrl Pts',(0.358039476358025,1.3135088735406,0.));
#4172=CARTESIAN_POINT('Ctrl Pts',(0.358039476358025,1.3135088735406,1.));
#4173=CARTESIAN_POINT('Ctrl Pts',(0.337746497542791,1.27487239392785,0.));
#4174=CARTESIAN_POINT('Ctrl Pts',(0.337746497542791,1.27487239392785,1.));
#4175=CARTESIAN_POINT('Ctrl Pts',(0.296671897965015,1.1966690929912,0.));
#4176=CARTESIAN_POINT('Ctrl Pts',(0.296671897965015,1.1966690929912,1.));
#4177=CARTESIAN_POINT('Ctrl Pts',(0.291220106589919,1.10847280560905,0.));
#4178=CARTESIAN_POINT('Ctrl Pts',(0.291220106589919,1.10847280560905,1.));
#4179=CARTESIAN_POINT('Ctrl Pts',(0.288461782418816,1.06385005052729,0.));
#4180=CARTESIAN_POINT('Ctrl Pts',(0.288461782418816,1.06385005052729,1.));
#4181=CARTESIAN_POINT('',(0.358039476358025,1.3135088735406,0.));
#4182=CARTESIAN_POINT('Ctrl Pts',(0.358039476358025,1.3135088735406,0.));
#4183=CARTESIAN_POINT('Ctrl Pts',(0.337746497542791,1.27487239392785,0.));
#4184=CARTESIAN_POINT('Ctrl Pts',(0.296671897965015,1.1966690929912,0.));
#4185=CARTESIAN_POINT('Ctrl Pts',(0.291220106589919,1.10847280560905,0.));
#4186=CARTESIAN_POINT('Ctrl Pts',(0.288461782418816,1.06385005052729,0.));
#4187=CARTESIAN_POINT('',(0.358039476358025,1.3135088735406,1.));
#4188=CARTESIAN_POINT('',(0.358039476358025,1.3135088735406,0.));
#4189=CARTESIAN_POINT('Ctrl Pts',(0.358039476358025,1.3135088735406,1.));
#4190=CARTESIAN_POINT('Ctrl Pts',(0.337746497542791,1.27487239392785,1.));
#4191=CARTESIAN_POINT('Ctrl Pts',(0.296671897965015,1.1966690929912,1.));
#4192=CARTESIAN_POINT('Ctrl Pts',(0.291220106589919,1.10847280560905,1.));
#4193=CARTESIAN_POINT('Ctrl Pts',(0.288461782418816,1.06385005052729,1.));
#4194=CARTESIAN_POINT('Ctrl Pts',(0.572227575265496,1.49904799993678,0.));
#4195=CARTESIAN_POINT('Ctrl Pts',(0.572227575265496,1.49904799993678,1.));
#4196=CARTESIAN_POINT('Ctrl Pts',(0.528229512428828,1.47366911987713,0.));
#4197=CARTESIAN_POINT('Ctrl Pts',(0.528229512428828,1.47366911987713,1.));
#4198=CARTESIAN_POINT('Ctrl Pts',(0.444782316429035,1.42553526483777,0.));
#4199=CARTESIAN_POINT('Ctrl Pts',(0.444782316429035,1.42553526483777,1.));
#4200=CARTESIAN_POINT('Ctrl Pts',(0.385883512646307,1.34946880870032,0.));
#4201=CARTESIAN_POINT('Ctrl Pts',(0.385883512646307,1.34946880870032,1.));
#4202=CARTESIAN_POINT('Ctrl Pts',(0.358039476358025,1.3135088735406,0.));
#4203=CARTESIAN_POINT('Ctrl Pts',(0.358039476358025,1.3135088735406,1.));
#4204=CARTESIAN_POINT('',(0.572227575265496,1.49904799993678,0.));
#4205=CARTESIAN_POINT('Ctrl Pts',(0.572227575265496,1.49904799993678,0.));
#4206=CARTESIAN_POINT('Ctrl Pts',(0.528229512428828,1.47366911987713,0.));
#4207=CARTESIAN_POINT('Ctrl Pts',(0.444782316429035,1.42553526483777,0.));
#4208=CARTESIAN_POINT('Ctrl Pts',(0.385883512646307,1.34946880870032,0.));
#4209=CARTESIAN_POINT('Ctrl Pts',(0.358039476358025,1.3135088735406,0.));
#4210=CARTESIAN_POINT('',(0.572227575265496,1.49904799993678,1.));
#4211=CARTESIAN_POINT('',(0.572227575265496,1.49904799993678,0.));
#4212=CARTESIAN_POINT('Ctrl Pts',(0.572227575265496,1.49904799993678,1.));
#4213=CARTESIAN_POINT('Ctrl Pts',(0.528229512428828,1.47366911987713,1.));
#4214=CARTESIAN_POINT('Ctrl Pts',(0.444782316429035,1.42553526483777,1.));
#4215=CARTESIAN_POINT('Ctrl Pts',(0.385883512646307,1.34946880870032,1.));
#4216=CARTESIAN_POINT('Ctrl Pts',(0.358039476358025,1.3135088735406,1.));
#4217=CARTESIAN_POINT('Ctrl Pts',(0.958311893426507,1.62455928857966,0.));
#4218=CARTESIAN_POINT('Ctrl Pts',(0.958311893426507,1.62455928857966,1.));
#4219=CARTESIAN_POINT('Ctrl Pts',(0.879352084133616,1.60549864053247,0.));
#4220=CARTESIAN_POINT('Ctrl Pts',(0.879352084133616,1.60549864053247,1.));
#4221=CARTESIAN_POINT('Ctrl Pts',(0.747299496364904,1.57362156380545,0.));
#4222=CARTESIAN_POINT('Ctrl Pts',(0.747299496364904,1.57362156380545,1.));
#4223=CARTESIAN_POINT('Ctrl Pts',(0.62243166577452,1.52043291378551,0.));
#4224=CARTESIAN_POINT('Ctrl Pts',(0.62243166577452,1.52043291378551,1.));
#4225=CARTESIAN_POINT('Ctrl Pts',(0.572227575265496,1.49904799993678,0.));
#4226=CARTESIAN_POINT('Ctrl Pts',(0.572227575265496,1.49904799993678,1.));
#4227=CARTESIAN_POINT('',(0.958311893426507,1.62455928857966,0.));
#4228=CARTESIAN_POINT('Ctrl Pts',(0.958311893426507,1.62455928857966,0.));
#4229=CARTESIAN_POINT('Ctrl Pts',(0.879352084133616,1.60549864053247,0.));
#4230=CARTESIAN_POINT('Ctrl Pts',(0.747299496364904,1.57362156380545,0.));
#4231=CARTESIAN_POINT('Ctrl Pts',(0.62243166577452,1.52043291378551,0.));
#4232=CARTESIAN_POINT('Ctrl Pts',(0.572227575265496,1.49904799993678,0.));
#4233=CARTESIAN_POINT('',(0.958311893426507,1.62455928857966,1.));
#4234=CARTESIAN_POINT('',(0.958311893426507,1.62455928857966,0.));
#4235=CARTESIAN_POINT('Ctrl Pts',(0.958311893426507,1.62455928857966,1.));
#4236=CARTESIAN_POINT('Ctrl Pts',(0.879352084133616,1.60549864053247,1.));
#4237=CARTESIAN_POINT('Ctrl Pts',(0.747299496364904,1.57362156380545,1.));
#4238=CARTESIAN_POINT('Ctrl Pts',(0.62243166577452,1.52043291378551,1.));
#4239=CARTESIAN_POINT('Ctrl Pts',(0.572227575265496,1.49904799993678,1.));
#4240=CARTESIAN_POINT('Ctrl Pts',(1.31438288875732,1.72142160471125,0.));
#4241=CARTESIAN_POINT('Ctrl Pts',(1.31438288875732,1.72142160471125,1.));
#4242=CARTESIAN_POINT('Ctrl Pts',(1.27141389014461,1.70769548826211,0.));
#4243=CARTESIAN_POINT('Ctrl Pts',(1.27141389014461,1.70769548826211,1.));
#4244=CARTESIAN_POINT('Ctrl Pts',(1.15416842211628,1.6702423243707,0.));
#4245=CARTESIAN_POINT('Ctrl Pts',(1.15416842211628,1.6702423243707,1.));
#4246=CARTESIAN_POINT('Ctrl Pts',(1.03426941378802,1.64227618647674,0.));
#4247=CARTESIAN_POINT('Ctrl Pts',(1.03426941378802,1.64227618647674,1.));
#4248=CARTESIAN_POINT('Ctrl Pts',(0.958311893426507,1.62455928857966,0.));
#4249=CARTESIAN_POINT('Ctrl Pts',(0.958311893426507,1.62455928857966,1.));
#4250=CARTESIAN_POINT('',(1.31438288875732,1.72142160471125,0.));
#4251=CARTESIAN_POINT('Ctrl Pts',(1.31438288875732,1.72142160471125,0.));
#4252=CARTESIAN_POINT('Ctrl Pts',(1.27141389014461,1.70769548826211,0.));
#4253=CARTESIAN_POINT('Ctrl Pts',(1.15416842211628,1.6702423243707,0.));
#4254=CARTESIAN_POINT('Ctrl Pts',(1.03426941378802,1.64227618647674,0.));
#4255=CARTESIAN_POINT('Ctrl Pts',(0.958311893426507,1.62455928857966,0.));
#4256=CARTESIAN_POINT('',(1.31438288875732,1.72142160471125,1.));
#4257=CARTESIAN_POINT('',(1.31438288875732,1.72142160471125,0.));
#4258=CARTESIAN_POINT('Ctrl Pts',(1.31438288875732,1.72142160471125,1.));
#4259=CARTESIAN_POINT('Ctrl Pts',(1.27141389014461,1.70769548826211,1.));
#4260=CARTESIAN_POINT('Ctrl Pts',(1.15416842211628,1.6702423243707,1.));
#4261=CARTESIAN_POINT('Ctrl Pts',(1.03426941378802,1.64227618647674,1.));
#4262=CARTESIAN_POINT('Ctrl Pts',(0.958311893426507,1.62455928857966,1.));
#4263=CARTESIAN_POINT('Ctrl Pts',(1.49446520992431,1.84011233385249,0.));
#4264=CARTESIAN_POINT('Ctrl Pts',(1.49446520992431,1.84011233385249,1.));
#4265=CARTESIAN_POINT('Ctrl Pts',(1.47147010891988,1.81677024040423,0.));
#4266=CARTESIAN_POINT('Ctrl Pts',(1.47147010891988,1.81677024040423,1.));
#4267=CARTESIAN_POINT('Ctrl Pts',(1.4200403136668,1.76456437766022,0.));
#4268=CARTESIAN_POINT('Ctrl Pts',(1.4200403136668,1.76456437766022,1.));
#4269=CARTESIAN_POINT('Ctrl Pts',(1.3520008162135,1.73678201789985,0.));
#4270=CARTESIAN_POINT('Ctrl Pts',(1.3520008162135,1.73678201789985,1.));
#4271=CARTESIAN_POINT('Ctrl Pts',(1.31438288875732,1.72142160471125,0.));
#4272=CARTESIAN_POINT('Ctrl Pts',(1.31438288875732,1.72142160471125,1.));
#4273=CARTESIAN_POINT('',(1.49446520992431,1.84011233385249,0.));
#4274=CARTESIAN_POINT('Ctrl Pts',(1.49446520992431,1.84011233385249,0.));
#4275=CARTESIAN_POINT('Ctrl Pts',(1.47147010891988,1.81677024040423,0.));
#4276=CARTESIAN_POINT('Ctrl Pts',(1.4200403136668,1.76456437766022,0.));
#4277=CARTESIAN_POINT('Ctrl Pts',(1.3520008162135,1.73678201789985,0.));
#4278=CARTESIAN_POINT('Ctrl Pts',(1.31438288875732,1.72142160471125,0.));
#4279=CARTESIAN_POINT('',(1.49446520992431,1.84011233385249,1.));
#4280=CARTESIAN_POINT('',(1.49446520992431,1.84011233385249,0.));
#4281=CARTESIAN_POINT('Ctrl Pts',(1.49446520992431,1.84011233385249,1.));
#4282=CARTESIAN_POINT('Ctrl Pts',(1.47147010891988,1.81677024040423,1.));
#4283=CARTESIAN_POINT('Ctrl Pts',(1.4200403136668,1.76456437766022,1.));
#4284=CARTESIAN_POINT('Ctrl Pts',(1.3520008162135,1.73678201789985,1.));
#4285=CARTESIAN_POINT('Ctrl Pts',(1.31438288875732,1.72142160471125,1.));
#4286=CARTESIAN_POINT('Ctrl Pts',(1.54903505035552,2.00382304723902,0.));
#4287=CARTESIAN_POINT('Ctrl Pts',(1.54903505035552,2.00382304723902,1.));
#4288=CARTESIAN_POINT('Ctrl Pts',(1.54691999715148,1.97367267895108,0.));
#4289=CARTESIAN_POINT('Ctrl Pts',(1.54691999715148,1.97367267895108,1.));
#4290=CARTESIAN_POINT('Ctrl Pts',(1.54276059594815,1.91437985459167,0.));
#4291=CARTESIAN_POINT('Ctrl Pts',(1.54276059594815,1.91437985459167,1.));
#4292=CARTESIAN_POINT('Ctrl Pts',(1.51038019497096,1.86458602749753,0.));
#4293=CARTESIAN_POINT('Ctrl Pts',(1.51038019497096,1.86458602749753,1.));
#4294=CARTESIAN_POINT('Ctrl Pts',(1.49446520992431,1.84011233385249,0.));
#4295=CARTESIAN_POINT('Ctrl Pts',(1.49446520992431,1.84011233385249,1.));
#4296=CARTESIAN_POINT('',(1.54903505035552,2.00382304723902,0.));
#4297=CARTESIAN_POINT('Ctrl Pts',(1.54903505035552,2.00382304723902,0.));
#4298=CARTESIAN_POINT('Ctrl Pts',(1.54691999715148,1.97367267895108,0.));
#4299=CARTESIAN_POINT('Ctrl Pts',(1.54276059594815,1.91437985459167,0.));
#4300=CARTESIAN_POINT('Ctrl Pts',(1.51038019497096,1.86458602749753,0.));
#4301=CARTESIAN_POINT('Ctrl Pts',(1.49446520992431,1.84011233385249,0.));
#4302=CARTESIAN_POINT('',(1.54903505035552,2.00382304723902,1.));
#4303=CARTESIAN_POINT('',(1.54903505035552,2.00382304723902,0.));
#4304=CARTESIAN_POINT('Ctrl Pts',(1.54903505035552,2.00382304723902,1.));
#4305=CARTESIAN_POINT('Ctrl Pts',(1.54691999715148,1.97367267895108,1.));
#4306=CARTESIAN_POINT('Ctrl Pts',(1.54276059594815,1.91437985459167,1.));
#4307=CARTESIAN_POINT('Ctrl Pts',(1.51038019497096,1.86458602749753,1.));
#4308=CARTESIAN_POINT('Ctrl Pts',(1.49446520992431,1.84011233385249,1.));
#4309=CARTESIAN_POINT('Ctrl Pts',(1.49173650928649,2.17571926649256,0.));
#4310=CARTESIAN_POINT('Ctrl Pts',(1.49173650928649,2.17571926649256,1.));
#4311=CARTESIAN_POINT('Ctrl Pts',(1.50844757021322,2.14899627201087,0.));
#4312=CARTESIAN_POINT('Ctrl Pts',(1.50844757021322,2.14899627201087,1.));
#4313=CARTESIAN_POINT('Ctrl Pts',(1.54141082582855,2.09628406530126,0.));
#4314=CARTESIAN_POINT('Ctrl Pts',(1.54141082582855,2.09628406530126,1.));
#4315=CARTESIAN_POINT('Ctrl Pts',(1.54651733730816,2.03435602940973,0.));
#4316=CARTESIAN_POINT('Ctrl Pts',(1.54651733730816,2.03435602940973,1.));
#4317=CARTESIAN_POINT('Ctrl Pts',(1.54903505035552,2.00382304723902,0.));
#4318=CARTESIAN_POINT('Ctrl Pts',(1.54903505035552,2.00382304723902,1.));
#4319=CARTESIAN_POINT('',(1.49173650928649,2.17571926649256,0.));
#4320=CARTESIAN_POINT('Ctrl Pts',(1.49173650928649,2.17571926649256,0.));
#4321=CARTESIAN_POINT('Ctrl Pts',(1.50844757021322,2.14899627201087,0.));
#4322=CARTESIAN_POINT('Ctrl Pts',(1.54141082582855,2.09628406530126,0.));
#4323=CARTESIAN_POINT('Ctrl Pts',(1.54651733730816,2.03435602940973,0.));
#4324=CARTESIAN_POINT('Ctrl Pts',(1.54903505035552,2.00382304723902,0.));
#4325=CARTESIAN_POINT('',(1.49173650928649,2.17571926649256,1.));
#4326=CARTESIAN_POINT('',(1.49173650928649,2.17571926649256,0.));
#4327=CARTESIAN_POINT('Ctrl Pts',(1.49173650928649,2.17571926649256,1.));
#4328=CARTESIAN_POINT('Ctrl Pts',(1.50844757021322,2.14899627201087,1.));
#4329=CARTESIAN_POINT('Ctrl Pts',(1.54141082582855,2.09628406530126,1.));
#4330=CARTESIAN_POINT('Ctrl Pts',(1.54651733730816,2.03435602940973,1.));
#4331=CARTESIAN_POINT('Ctrl Pts',(1.54903505035552,2.00382304723902,1.));
#4332=CARTESIAN_POINT('Ctrl Pts',(1.31984029003295,2.29850245054408,0.));
#4333=CARTESIAN_POINT('Ctrl Pts',(1.31984029003295,2.29850245054408,1.));
#4334=CARTESIAN_POINT('Ctrl Pts',(1.35522756112302,2.28314580765236,0.));
#4335=CARTESIAN_POINT('Ctrl Pts',(1.35522756112302,2.28314580765236,1.));
#4336=CARTESIAN_POINT('Ctrl Pts',(1.42142788901225,2.2544175456702,0.));
#4337=CARTESIAN_POINT('Ctrl Pts',(1.42142788901225,2.2544175456702,1.));
#4338=CARTESIAN_POINT('Ctrl Pts',(1.4694053276981,2.2007151426192,0.));
#4339=CARTESIAN_POINT('Ctrl Pts',(1.4694053276981,2.2007151426192,1.));
#4340=CARTESIAN_POINT('Ctrl Pts',(1.49173650928649,2.17571926649256,0.));
#4341=CARTESIAN_POINT('Ctrl Pts',(1.49173650928649,2.17571926649256,1.));
#4342=CARTESIAN_POINT('',(1.31984029003295,2.29850245054408,0.));
#4343=CARTESIAN_POINT('Ctrl Pts',(1.31984029003295,2.29850245054408,0.));
#4344=CARTESIAN_POINT('Ctrl Pts',(1.35522756112302,2.28314580765236,0.));
#4345=CARTESIAN_POINT('Ctrl Pts',(1.42142788901225,2.2544175456702,0.));
#4346=CARTESIAN_POINT('Ctrl Pts',(1.4694053276981,2.2007151426192,0.));
#4347=CARTESIAN_POINT('Ctrl Pts',(1.49173650928649,2.17571926649256,0.));
#4348=CARTESIAN_POINT('',(1.31984029003295,2.29850245054408,1.));
#4349=CARTESIAN_POINT('',(1.31984029003295,2.29850245054408,0.));
#4350=CARTESIAN_POINT('Ctrl Pts',(1.31984029003295,2.29850245054408,1.));
#4351=CARTESIAN_POINT('Ctrl Pts',(1.35522756112302,2.28314580765236,1.));
#4352=CARTESIAN_POINT('Ctrl Pts',(1.42142788901225,2.2544175456702,1.));
#4353=CARTESIAN_POINT('Ctrl Pts',(1.4694053276981,2.2007151426192,1.));
#4354=CARTESIAN_POINT('Ctrl Pts',(1.49173650928649,2.17571926649256,1.));
#4355=CARTESIAN_POINT('Ctrl Pts',(1.05244550892028,2.34352243478938,0.));
#4356=CARTESIAN_POINT('Ctrl Pts',(1.05244550892028,2.34352243478938,1.));
#4357=CARTESIAN_POINT('Ctrl Pts',(1.10036246533387,2.34205375331431,0.));
#4358=CARTESIAN_POINT('Ctrl Pts',(1.10036246533387,2.34205375331431,1.));
#4359=CARTESIAN_POINT('Ctrl Pts',(1.19160851652995,2.33925701088543,0.));
#4360=CARTESIAN_POINT('Ctrl Pts',(1.19160851652995,2.33925701088543,1.));
#4361=CARTESIAN_POINT('Ctrl Pts',(1.27855356782405,2.31162417666229,0.));
#4362=CARTESIAN_POINT('Ctrl Pts',(1.27855356782405,2.31162417666229,1.));
#4363=CARTESIAN_POINT('Ctrl Pts',(1.31984029003295,2.29850245054408,0.));
#4364=CARTESIAN_POINT('Ctrl Pts',(1.31984029003295,2.29850245054408,1.));
#4365=CARTESIAN_POINT('',(1.05244550892028,2.34352243478938,0.));
#4366=CARTESIAN_POINT('Ctrl Pts',(1.05244550892028,2.34352243478938,0.));
#4367=CARTESIAN_POINT('Ctrl Pts',(1.10036246533387,2.34205375331431,0.));
#4368=CARTESIAN_POINT('Ctrl Pts',(1.19160851652995,2.33925701088543,0.));
#4369=CARTESIAN_POINT('Ctrl Pts',(1.27855356782405,2.31162417666229,0.));
#4370=CARTESIAN_POINT('Ctrl Pts',(1.31984029003295,2.29850245054408,0.));
#4371=CARTESIAN_POINT('',(1.05244550892028,2.34352243478938,1.));
#4372=CARTESIAN_POINT('',(1.05244550892028,2.34352243478938,0.));
#4373=CARTESIAN_POINT('Ctrl Pts',(1.05244550892028,2.34352243478938,1.));
#4374=CARTESIAN_POINT('Ctrl Pts',(1.10036246533387,2.34205375331431,1.));
#4375=CARTESIAN_POINT('Ctrl Pts',(1.19160851652995,2.33925701088543,1.));
#4376=CARTESIAN_POINT('Ctrl Pts',(1.27855356782405,2.31162417666229,1.));
#4377=CARTESIAN_POINT('Ctrl Pts',(1.31984029003295,2.29850245054408,1.));
#4378=CARTESIAN_POINT('Ctrl Pts',(0.745487548791497,2.28485954340144,0.));
#4379=CARTESIAN_POINT('Ctrl Pts',(0.745487548791497,2.28485954340144,1.));
#4380=CARTESIAN_POINT('Ctrl Pts',(0.793329839716835,2.30196356921679,0.));
#4381=CARTESIAN_POINT('Ctrl Pts',(0.793329839716835,2.30196356921679,1.));
#4382=CARTESIAN_POINT('Ctrl Pts',(0.892547024887398,2.33743455657255,0.));
#4383=CARTESIAN_POINT('Ctrl Pts',(0.892547024887398,2.33743455657255,1.));
#4384=CARTESIAN_POINT('Ctrl Pts',(0.99789570962785,2.34144553870839,0.));
#4385=CARTESIAN_POINT('Ctrl Pts',(0.99789570962785,2.34144553870839,1.));
#4386=CARTESIAN_POINT('Ctrl Pts',(1.05244550892028,2.34352243478938,0.));
#4387=CARTESIAN_POINT('Ctrl Pts',(1.05244550892028,2.34352243478938,1.));
#4388=CARTESIAN_POINT('',(0.745487548791497,2.28485954340144,0.));
#4389=CARTESIAN_POINT('Ctrl Pts',(0.745487548791497,2.28485954340144,0.));
#4390=CARTESIAN_POINT('Ctrl Pts',(0.793329839716835,2.30196356921679,0.));
#4391=CARTESIAN_POINT('Ctrl Pts',(0.892547024887398,2.33743455657255,0.));
#4392=CARTESIAN_POINT('Ctrl Pts',(0.99789570962785,2.34144553870839,0.));
#4393=CARTESIAN_POINT('Ctrl Pts',(1.05244550892028,2.34352243478938,0.));
#4394=CARTESIAN_POINT('',(0.745487548791497,2.28485954340144,1.));
#4395=CARTESIAN_POINT('',(0.745487548791497,2.28485954340144,0.));
#4396=CARTESIAN_POINT('Ctrl Pts',(0.745487548791497,2.28485954340144,1.));
#4397=CARTESIAN_POINT('Ctrl Pts',(0.793329839716835,2.30196356921679,1.));
#4398=CARTESIAN_POINT('Ctrl Pts',(0.892547024887398,2.33743455657255,1.));
#4399=CARTESIAN_POINT('Ctrl Pts',(0.99789570962785,2.34144553870839,1.));
#4400=CARTESIAN_POINT('Ctrl Pts',(1.05244550892028,2.34352243478938,1.));
#4401=CARTESIAN_POINT('Ctrl Pts',(0.543578006707757,2.12933433588191,0.));
#4402=CARTESIAN_POINT('Ctrl Pts',(0.543578006707757,2.12933433588191,1.));
#4403=CARTESIAN_POINT('Ctrl Pts',(0.569709597121727,2.16025913647239,0.));
#4404=CARTESIAN_POINT('Ctrl Pts',(0.569709597121727,2.16025913647239,1.));
#4405=CARTESIAN_POINT('Ctrl Pts',(0.625694801706229,2.22651347692262,0.));
#4406=CARTESIAN_POINT('Ctrl Pts',(0.625694801706229,2.22651347692262,1.));
#4407=CARTESIAN_POINT('Ctrl Pts',(0.703825204134615,2.26456754751555,0.));
#4408=CARTESIAN_POINT('Ctrl Pts',(0.703825204134615,2.26456754751555,1.));
#4409=CARTESIAN_POINT('Ctrl Pts',(0.745487548791497,2.28485954340144,0.));
#4410=CARTESIAN_POINT('Ctrl Pts',(0.745487548791497,2.28485954340144,1.));
#4411=CARTESIAN_POINT('',(0.543578006707757,2.12933433588191,0.));
#4412=CARTESIAN_POINT('Ctrl Pts',(0.543578006707757,2.12933433588191,0.));
#4413=CARTESIAN_POINT('Ctrl Pts',(0.569709597121727,2.16025913647239,0.));
#4414=CARTESIAN_POINT('Ctrl Pts',(0.625694801706229,2.22651347692262,0.));
#4415=CARTESIAN_POINT('Ctrl Pts',(0.703825204134615,2.26456754751555,0.));
#4416=CARTESIAN_POINT('Ctrl Pts',(0.745487548791497,2.28485954340144,0.));
#4417=CARTESIAN_POINT('',(0.543578006707757,2.12933433588191,1.));
#4418=CARTESIAN_POINT('',(0.543578006707757,2.12933433588191,0.));
#4419=CARTESIAN_POINT('Ctrl Pts',(0.543578006707757,2.12933433588191,1.));
#4420=CARTESIAN_POINT('Ctrl Pts',(0.569709597121727,2.16025913647239,1.));
#4421=CARTESIAN_POINT('Ctrl Pts',(0.625694801706229,2.22651347692262,1.));
#4422=CARTESIAN_POINT('Ctrl Pts',(0.703825204134615,2.26456754751555,1.));
#4423=CARTESIAN_POINT('Ctrl Pts',(0.745487548791497,2.28485954340144,1.));
#4424=CARTESIAN_POINT('Ctrl Pts',(0.461722948037713,1.88240421350642,0.));
#4425=CARTESIAN_POINT('Ctrl Pts',(0.461722948037713,1.88240421350642,1.));
#4426=CARTESIAN_POINT('Ctrl Pts',(0.468752761847969,1.92892816766501,0.));
#4427=CARTESIAN_POINT('Ctrl Pts',(0.468752761847969,1.92892816766501,1.));
#4428=CARTESIAN_POINT('Ctrl Pts',(0.481916189502682,2.01604494220663,0.));
#4429=CARTESIAN_POINT('Ctrl Pts',(0.481916189502682,2.01604494220663,1.));
#4430=CARTESIAN_POINT('Ctrl Pts',(0.523978640882707,2.09332501323488,0.));
#4431=CARTESIAN_POINT('Ctrl Pts',(0.523978640882707,2.09332501323488,1.));
#4432=CARTESIAN_POINT('Ctrl Pts',(0.543578006707757,2.12933433588191,0.));
#4433=CARTESIAN_POINT('Ctrl Pts',(0.543578006707757,2.12933433588191,1.));
#4434=CARTESIAN_POINT('',(0.461722948037713,1.88240421350642,0.));
#4435=CARTESIAN_POINT('Ctrl Pts',(0.461722948037713,1.88240421350642,0.));
#4436=CARTESIAN_POINT('Ctrl Pts',(0.468752761847969,1.92892816766501,0.));
#4437=CARTESIAN_POINT('Ctrl Pts',(0.481916189502682,2.01604494220663,0.));
#4438=CARTESIAN_POINT('Ctrl Pts',(0.523978640882707,2.09332501323488,0.));
#4439=CARTESIAN_POINT('Ctrl Pts',(0.543578006707757,2.12933433588191,0.));
#4440=CARTESIAN_POINT('',(0.461722948037713,1.88240421350642,1.));
#4441=CARTESIAN_POINT('',(0.461722948037713,1.88240421350642,0.));
#4442=CARTESIAN_POINT('Ctrl Pts',(0.461722948037713,1.88240421350642,1.));
#4443=CARTESIAN_POINT('Ctrl Pts',(0.468752761847969,1.92892816766501,1.));
#4444=CARTESIAN_POINT('Ctrl Pts',(0.481916189502682,2.01604494220663,1.));
#4445=CARTESIAN_POINT('Ctrl Pts',(0.523978640882707,2.09332501323488,1.));
#4446=CARTESIAN_POINT('Ctrl Pts',(0.543578006707757,2.12933433588191,1.));
#4447=CARTESIAN_POINT('Origin',(0.212064125024407,1.90423203046962,0.));
#4448=CARTESIAN_POINT('',(0.212064125024407,1.90423203046962,0.));
#4449=CARTESIAN_POINT('',(4.40720799330564,1.53744814762548,0.));
#4450=CARTESIAN_POINT('',(0.212064125024407,1.90423203046962,1.));
#4451=CARTESIAN_POINT('',(0.212064125024407,1.90423203046962,0.));
#4452=CARTESIAN_POINT('',(0.212064125024407,1.90423203046962,1.));
#4453=CARTESIAN_POINT('Ctrl Pts',(0.321203805886834,2.26439607675715,0.));
#4454=CARTESIAN_POINT('Ctrl Pts',(0.321203805886834,2.26439607675715,1.));
#4455=CARTESIAN_POINT('Ctrl Pts',(0.290724558837229,2.20903169422134,0.));
#4456=CARTESIAN_POINT('Ctrl Pts',(0.290724558837229,2.20903169422134,1.));
#4457=CARTESIAN_POINT('Ctrl Pts',(0.228905714870897,2.09674013663452,0.));
#4458=CARTESIAN_POINT('Ctrl Pts',(0.228905714870897,2.09674013663452,1.));
#4459=CARTESIAN_POINT('Ctrl Pts',(0.217729834242194,1.96899402512326,0.));
#4460=CARTESIAN_POINT('Ctrl Pts',(0.217729834242194,1.96899402512326,1.));
#4461=CARTESIAN_POINT('Ctrl Pts',(0.212064125024407,1.90423203046962,0.));
#4462=CARTESIAN_POINT('Ctrl Pts',(0.212064125024407,1.90423203046962,1.));
#4463=CARTESIAN_POINT('Ctrl Pts',(0.321203805886834,2.26439607675715,0.));
#4464=CARTESIAN_POINT('Ctrl Pts',(0.290724558837229,2.20903169422134,0.));
#4465=CARTESIAN_POINT('Ctrl Pts',(0.228905714870897,2.09674013663452,0.));
#4466=CARTESIAN_POINT('Ctrl Pts',(0.217729834242194,1.96899402512326,0.));
#4467=CARTESIAN_POINT('Ctrl Pts',(0.212064125024407,1.90423203046962,0.));
#4468=CARTESIAN_POINT('Ctrl Pts',(0.321203805886834,2.26439607675715,1.));
#4469=CARTESIAN_POINT('Ctrl Pts',(0.290724558837229,2.20903169422134,1.));
#4470=CARTESIAN_POINT('Ctrl Pts',(0.228905714870897,2.09674013663452,1.));
#4471=CARTESIAN_POINT('Ctrl Pts',(0.217729834242194,1.96899402512326,1.));
#4472=CARTESIAN_POINT('Ctrl Pts',(0.212064125024407,1.90423203046962,1.));
#4473=CARTESIAN_POINT('Origin',(0.0101539868942191,0.263031547624309,1.));
#4474=CARTESIAN_POINT('Ctrl Pts',(-0.527363083876045,2.20982564027949,0.));
#4475=CARTESIAN_POINT('Ctrl Pts',(-0.527363083876045,2.20982564027949,1.));
#4476=CARTESIAN_POINT('Ctrl Pts',(-0.491475002944759,2.14672474254416,0.));
#4477=CARTESIAN_POINT('Ctrl Pts',(-0.491475002944759,2.14672474254416,1.));
#4478=CARTESIAN_POINT('Ctrl Pts',(-0.402580993736501,1.9904251679006,0.));
#4479=CARTESIAN_POINT('Ctrl Pts',(-0.402580993736501,1.9904251679006,1.));
#4480=CARTESIAN_POINT('Ctrl Pts',(-0.402978514745904,1.80908692863466,0.));
#4481=CARTESIAN_POINT('Ctrl Pts',(-0.402978514745904,1.80908692863466,1.));
#4482=CARTESIAN_POINT('Ctrl Pts',(-0.403215549505622,1.70095813806697,0.));
#4483=CARTESIAN_POINT('Ctrl Pts',(-0.403215549505622,1.70095813806697,1.));
#4484=CARTESIAN_POINT('',(-0.527363083876045,2.20982564027949,0.));
#4485=CARTESIAN_POINT('',(-0.403215549505622,1.70095813806697,0.));
#4486=CARTESIAN_POINT('Ctrl Pts',(-0.527363083876045,2.20982564027949,0.));
#4487=CARTESIAN_POINT('Ctrl Pts',(-0.491475002944759,2.14672474254416,0.));
#4488=CARTESIAN_POINT('Ctrl Pts',(-0.402580993736501,1.9904251679006,0.));
#4489=CARTESIAN_POINT('Ctrl Pts',(-0.402978514745904,1.80908692863466,0.));
#4490=CARTESIAN_POINT('Ctrl Pts',(-0.403215549505622,1.70095813806697,0.));
#4491=CARTESIAN_POINT('',(-0.527363083876045,2.20982564027949,1.));
#4492=CARTESIAN_POINT('',(-0.527363083876045,2.20982564027949,0.));
#4493=CARTESIAN_POINT('',(-0.403215549505622,1.70095813806697,1.));
#4494=CARTESIAN_POINT('Ctrl Pts',(-0.527363083876045,2.20982564027949,1.));
#4495=CARTESIAN_POINT('Ctrl Pts',(-0.491475002944759,2.14672474254416,1.));
#4496=CARTESIAN_POINT('Ctrl Pts',(-0.402580993736501,1.9904251679006,1.));
#4497=CARTESIAN_POINT('Ctrl Pts',(-0.402978514745904,1.80908692863466,1.));
#4498=CARTESIAN_POINT('Ctrl Pts',(-0.403215549505622,1.70095813806697,1.));
#4499=CARTESIAN_POINT('',(-0.403215549505622,1.70095813806697,0.));
#4500=CARTESIAN_POINT('Ctrl Pts',(-0.943461320913703,2.34215868051692,0.));
#4501=CARTESIAN_POINT('Ctrl Pts',(-0.943461320913703,2.34215868051692,1.));
#4502=CARTESIAN_POINT('Ctrl Pts',(-0.856966615558921,2.34020994599063,0.));
#4503=CARTESIAN_POINT('Ctrl Pts',(-0.856966615558921,2.34020994599063,1.));
#4504=CARTESIAN_POINT('Ctrl Pts',(-0.704106166510889,2.33676598449561,0.));
#4505=CARTESIAN_POINT('Ctrl Pts',(-0.704106166510889,2.33676598449561,1.));
#4506=CARTESIAN_POINT('Ctrl Pts',(-0.580868032235669,2.24825394231419,0.));
#4507=CARTESIAN_POINT('Ctrl Pts',(-0.580868032235669,2.24825394231419,1.));
#4508=CARTESIAN_POINT('Ctrl Pts',(-0.527363083876045,2.20982564027949,0.));
#4509=CARTESIAN_POINT('Ctrl Pts',(-0.527363083876045,2.20982564027949,1.));
#4510=CARTESIAN_POINT('',(-0.943461320913703,2.34215868051692,0.));
#4511=CARTESIAN_POINT('Ctrl Pts',(-0.943461320913703,2.34215868051692,0.));
#4512=CARTESIAN_POINT('Ctrl Pts',(-0.856966615558921,2.34020994599063,0.));
#4513=CARTESIAN_POINT('Ctrl Pts',(-0.704106166510889,2.33676598449561,0.));
#4514=CARTESIAN_POINT('Ctrl Pts',(-0.580868032235669,2.24825394231419,0.));
#4515=CARTESIAN_POINT('Ctrl Pts',(-0.527363083876045,2.20982564027949,0.));
#4516=CARTESIAN_POINT('',(-0.943461320913703,2.34215868051692,1.));
#4517=CARTESIAN_POINT('',(-0.943461320913703,2.34215868051692,0.));
#4518=CARTESIAN_POINT('Ctrl Pts',(-0.943461320913703,2.34215868051692,1.));
#4519=CARTESIAN_POINT('Ctrl Pts',(-0.856966615558921,2.34020994599063,1.));
#4520=CARTESIAN_POINT('Ctrl Pts',(-0.704106166510889,2.33676598449561,1.));
#4521=CARTESIAN_POINT('Ctrl Pts',(-0.580868032235669,2.24825394231419,1.));
#4522=CARTESIAN_POINT('Ctrl Pts',(-0.527363083876045,2.20982564027949,1.));
#4523=CARTESIAN_POINT('Ctrl Pts',(-1.23268391898957,2.27530968721553,0.));
#4524=CARTESIAN_POINT('Ctrl Pts',(-1.23268391898957,2.27530968721553,1.));
#4525=CARTESIAN_POINT('Ctrl Pts',(-1.18946225120023,2.29478901390812,0.));
#4526=CARTESIAN_POINT('Ctrl Pts',(-1.18946225120023,2.29478901390812,1.));
#4527=CARTESIAN_POINT('Ctrl Pts',(-1.09762467869224,2.33617876513793,0.));
#4528=CARTESIAN_POINT('Ctrl Pts',(-1.09762467869224,2.33617876513793,1.));
#4529=CARTESIAN_POINT('Ctrl Pts',(-0.996822699078626,2.34008882078805,0.));
#4530=CARTESIAN_POINT('Ctrl Pts',(-0.996822699078626,2.34008882078805,1.));
#4531=CARTESIAN_POINT('Ctrl Pts',(-0.943461320913703,2.34215868051692,0.));
#4532=CARTESIAN_POINT('Ctrl Pts',(-0.943461320913703,2.34215868051692,1.));
#4533=CARTESIAN_POINT('',(-1.23268391898957,2.27530968721553,0.));
#4534=CARTESIAN_POINT('Ctrl Pts',(-1.23268391898957,2.27530968721553,0.));
#4535=CARTESIAN_POINT('Ctrl Pts',(-1.18946225120023,2.29478901390812,0.));
#4536=CARTESIAN_POINT('Ctrl Pts',(-1.09762467869224,2.33617876513793,0.));
#4537=CARTESIAN_POINT('Ctrl Pts',(-0.996822699078626,2.34008882078805,0.));
#4538=CARTESIAN_POINT('Ctrl Pts',(-0.943461320913703,2.34215868051692,0.));
#4539=CARTESIAN_POINT('',(-1.23268391898957,2.27530968721553,1.));
#4540=CARTESIAN_POINT('',(-1.23268391898957,2.27530968721553,0.));
#4541=CARTESIAN_POINT('Ctrl Pts',(-1.23268391898957,2.27530968721553,1.));
#4542=CARTESIAN_POINT('Ctrl Pts',(-1.18946225120023,2.29478901390812,1.));
#4543=CARTESIAN_POINT('Ctrl Pts',(-1.09762467869224,2.33617876513793,1.));
#4544=CARTESIAN_POINT('Ctrl Pts',(-0.996822699078626,2.34008882078805,1.));
#4545=CARTESIAN_POINT('Ctrl Pts',(-0.943461320913703,2.34215868051692,1.));
#4546=CARTESIAN_POINT('Ctrl Pts',(-1.39912333301392,2.08567810590907,0.));
#4547=CARTESIAN_POINT('Ctrl Pts',(-1.39912333301392,2.08567810590907,1.));
#4548=CARTESIAN_POINT('Ctrl Pts',(-1.37979986366246,2.12433765506101,0.));
#4549=CARTESIAN_POINT('Ctrl Pts',(-1.37979986366246,2.12433765506101,1.));
#4550=CARTESIAN_POINT('Ctrl Pts',(-1.34093182203903,2.20209910349712,0.));
#4551=CARTESIAN_POINT('Ctrl Pts',(-1.34093182203903,2.20209910349712,1.));
#4552=CARTESIAN_POINT('Ctrl Pts',(-1.2689031330146,2.2508137872868,0.));
#4553=CARTESIAN_POINT('Ctrl Pts',(-1.2689031330146,2.2508137872868,1.));
#4554=CARTESIAN_POINT('Ctrl Pts',(-1.23268391898957,2.27530968721553,0.));
#4555=CARTESIAN_POINT('Ctrl Pts',(-1.23268391898957,2.27530968721553,1.));
#4556=CARTESIAN_POINT('',(-1.39912333301392,2.08567810590907,0.));
#4557=CARTESIAN_POINT('Ctrl Pts',(-1.39912333301392,2.08567810590907,0.));
#4558=CARTESIAN_POINT('Ctrl Pts',(-1.37979986366246,2.12433765506101,0.));
#4559=CARTESIAN_POINT('Ctrl Pts',(-1.34093182203903,2.20209910349712,0.));
#4560=CARTESIAN_POINT('Ctrl Pts',(-1.2689031330146,2.2508137872868,0.));
#4561=CARTESIAN_POINT('Ctrl Pts',(-1.23268391898957,2.27530968721553,0.));
#4562=CARTESIAN_POINT('',(-1.39912333301392,2.08567810590907,1.));
#4563=CARTESIAN_POINT('',(-1.39912333301392,2.08567810590907,0.));
#4564=CARTESIAN_POINT('Ctrl Pts',(-1.39912333301392,2.08567810590907,1.));
#4565=CARTESIAN_POINT('Ctrl Pts',(-1.37979986366246,2.12433765506101,1.));
#4566=CARTESIAN_POINT('Ctrl Pts',(-1.34093182203903,2.20209910349712,1.));
#4567=CARTESIAN_POINT('Ctrl Pts',(-1.2689031330146,2.2508137872868,1.));
#4568=CARTESIAN_POINT('Ctrl Pts',(-1.23268391898957,2.27530968721553,1.));
#4569=CARTESIAN_POINT('Ctrl Pts',(-1.44687201789704,1.70095813806697,0.));
#4570=CARTESIAN_POINT('Ctrl Pts',(-1.44687201789704,1.70095813806697,1.));
#4571=CARTESIAN_POINT('Ctrl Pts',(-1.44659617865526,1.77695963144841,0.));
#4572=CARTESIAN_POINT('Ctrl Pts',(-1.44659617865526,1.77695963144841,1.));
#4573=CARTESIAN_POINT('Ctrl Pts',(-1.44612298389187,1.90733813903804,0.));
#4574=CARTESIAN_POINT('Ctrl Pts',(-1.44612298389187,1.90733813903804,1.));
#4575=CARTESIAN_POINT('Ctrl Pts',(-1.41295621150492,2.03318930980669,0.));
#4576=CARTESIAN_POINT('Ctrl Pts',(-1.41295621150492,2.03318930980669,1.));
#4577=CARTESIAN_POINT('Ctrl Pts',(-1.39912333301392,2.08567810590907,0.));
#4578=CARTESIAN_POINT('Ctrl Pts',(-1.39912333301392,2.08567810590907,1.));
#4579=CARTESIAN_POINT('',(-1.44687201789704,1.70095813806697,0.));
#4580=CARTESIAN_POINT('Ctrl Pts',(-1.44687201789704,1.70095813806697,0.));
#4581=CARTESIAN_POINT('Ctrl Pts',(-1.44659617865526,1.77695963144841,0.));
#4582=CARTESIAN_POINT('Ctrl Pts',(-1.44612298389187,1.90733813903804,0.));
#4583=CARTESIAN_POINT('Ctrl Pts',(-1.41295621150492,2.03318930980669,0.));
#4584=CARTESIAN_POINT('Ctrl Pts',(-1.39912333301392,2.08567810590907,0.));
#4585=CARTESIAN_POINT('',(-1.44687201789704,1.70095813806697,1.));
#4586=CARTESIAN_POINT('',(-1.44687201789704,1.70095813806697,0.));
#4587=CARTESIAN_POINT('Ctrl Pts',(-1.44687201789704,1.70095813806697,1.));
#4588=CARTESIAN_POINT('Ctrl Pts',(-1.44659617865526,1.77695963144841,1.));
#4589=CARTESIAN_POINT('Ctrl Pts',(-1.44612298389187,1.90733813903804,1.));
#4590=CARTESIAN_POINT('Ctrl Pts',(-1.41295621150492,2.03318930980669,1.));
#4591=CARTESIAN_POINT('Ctrl Pts',(-1.39912333301392,2.08567810590907,1.));
#4592=CARTESIAN_POINT('Origin',(-1.44687201789704,0.546797042447765,0.));
#4593=CARTESIAN_POINT('',(-1.44687201789704,0.546797042447765,0.));
#4594=CARTESIAN_POINT('',(-1.44687201789704,0.273398521223883,0.));
#4595=CARTESIAN_POINT('',(-1.44687201789704,0.546797042447765,1.));
#4596=CARTESIAN_POINT('',(-1.44687201789704,0.546797042447765,0.));
#4597=CARTESIAN_POINT('',(-1.44687201789704,0.546797042447765,1.));
#4598=CARTESIAN_POINT('Origin',(-1.71153809837189,0.546797042447765,0.));
#4599=CARTESIAN_POINT('',(-1.71153809837189,0.546797042447765,0.));
#4600=CARTESIAN_POINT('',(3.39423095081405,0.546797042447765,0.));
#4601=CARTESIAN_POINT('',(-1.71153809837189,0.546797042447765,1.));
#4602=CARTESIAN_POINT('',(-1.71153809837189,0.546797042447765,0.));
#4603=CARTESIAN_POINT('',(-1.71153809837189,0.546797042447765,1.));
#4604=CARTESIAN_POINT('Origin',(-1.71153809837189,1.70232189233943,0.));
#4605=CARTESIAN_POINT('',(-1.71153809837189,1.70232189233943,0.));
#4606=CARTESIAN_POINT('',(-1.71153809837189,0.851160946169714,0.));
#4607=CARTESIAN_POINT('',(-1.71153809837189,1.70232189233943,1.));
#4608=CARTESIAN_POINT('',(-1.71153809837189,1.70232189233943,0.));
#4609=CARTESIAN_POINT('',(-1.71153809837189,1.70232189233943,1.));
#4610=CARTESIAN_POINT('Ctrl Pts',(-1.63513924888459,2.20436823900386,0.));
#4611=CARTESIAN_POINT('Ctrl Pts',(-1.63513924888459,2.20436823900386,1.));
#4612=CARTESIAN_POINT('Ctrl Pts',(-1.65734325550204,2.13234352651256,0.));
#4613=CARTESIAN_POINT('Ctrl Pts',(-1.65734325550204,2.13234352651256,1.));
#4614=CARTESIAN_POINT('Ctrl Pts',(-1.70767899104933,1.96906592786597,0.));
#4615=CARTESIAN_POINT('Ctrl Pts',(-1.70767899104933,1.96906592786597,1.));
#4616=CARTESIAN_POINT('Ctrl Pts',(-1.71015455218708,1.79795351432551,0.));
#4617=CARTESIAN_POINT('Ctrl Pts',(-1.71015455218708,1.79795351432551,1.));
#4618=CARTESIAN_POINT('Ctrl Pts',(-1.71153809837189,1.70232189233943,0.));
#4619=CARTESIAN_POINT('Ctrl Pts',(-1.71153809837189,1.70232189233943,1.));
#4620=CARTESIAN_POINT('',(-1.63513924888459,2.20436823900386,0.));
#4621=CARTESIAN_POINT('Ctrl Pts',(-1.63513924888459,2.20436823900386,0.));
#4622=CARTESIAN_POINT('Ctrl Pts',(-1.65734325550204,2.13234352651256,0.));
#4623=CARTESIAN_POINT('Ctrl Pts',(-1.70767899104933,1.96906592786597,0.));
#4624=CARTESIAN_POINT('Ctrl Pts',(-1.71015455218708,1.79795351432551,0.));
#4625=CARTESIAN_POINT('Ctrl Pts',(-1.71153809837189,1.70232189233943,0.));
#4626=CARTESIAN_POINT('',(-1.63513924888459,2.20436823900386,1.));
#4627=CARTESIAN_POINT('',(-1.63513924888459,2.20436823900386,0.));
#4628=CARTESIAN_POINT('Ctrl Pts',(-1.63513924888459,2.20436823900386,1.));
#4629=CARTESIAN_POINT('Ctrl Pts',(-1.65734325550204,2.13234352651256,1.));
#4630=CARTESIAN_POINT('Ctrl Pts',(-1.70767899104933,1.96906592786597,1.));
#4631=CARTESIAN_POINT('Ctrl Pts',(-1.71015455218708,1.79795351432551,1.));
#4632=CARTESIAN_POINT('Ctrl Pts',(-1.71153809837189,1.70232189233943,1.));
#4633=CARTESIAN_POINT('Ctrl Pts',(-1.3800236206421,2.48404098089381,0.));
#4634=CARTESIAN_POINT('Ctrl Pts',(-1.3800236206421,2.48404098089381,1.));
#4635=CARTESIAN_POINT('Ctrl Pts',(-1.43524203559834,2.44838805450306,0.));
#4636=CARTESIAN_POINT('Ctrl Pts',(-1.43524203559834,2.44838805450306,1.));
#4637=CARTESIAN_POINT('Ctrl Pts',(-1.54491231021459,2.37757714420718,0.));
#4638=CARTESIAN_POINT('Ctrl Pts',(-1.54491231021459,2.37757714420718,1.));
#4639=CARTESIAN_POINT('Ctrl Pts',(-1.60520407515756,2.26183487529631,0.));
#4640=CARTESIAN_POINT('Ctrl Pts',(-1.60520407515756,2.26183487529631,1.));
#4641=CARTESIAN_POINT('Ctrl Pts',(-1.63513924888459,2.20436823900386,0.));
#4642=CARTESIAN_POINT('Ctrl Pts',(-1.63513924888459,2.20436823900386,1.));
#4643=CARTESIAN_POINT('',(-1.3800236206421,2.48404098089381,0.));
#4644=CARTESIAN_POINT('Ctrl Pts',(-1.3800236206421,2.48404098089381,0.));
#4645=CARTESIAN_POINT('Ctrl Pts',(-1.43524203559834,2.44838805450306,0.));
#4646=CARTESIAN_POINT('Ctrl Pts',(-1.54491231021459,2.37757714420718,0.));
#4647=CARTESIAN_POINT('Ctrl Pts',(-1.60520407515756,2.26183487529631,0.));
#4648=CARTESIAN_POINT('Ctrl Pts',(-1.63513924888459,2.20436823900386,0.));
#4649=CARTESIAN_POINT('',(-1.3800236206421,2.48404098089381,1.));
#4650=CARTESIAN_POINT('',(-1.3800236206421,2.48404098089381,0.));
#4651=CARTESIAN_POINT('Ctrl Pts',(-1.3800236206421,2.48404098089381,1.));
#4652=CARTESIAN_POINT('Ctrl Pts',(-1.43524203559834,2.44838805450306,1.));
#4653=CARTESIAN_POINT('Ctrl Pts',(-1.54491231021459,2.37757714420718,1.));
#4654=CARTESIAN_POINT('Ctrl Pts',(-1.60520407515756,2.26183487529631,1.));
#4655=CARTESIAN_POINT('Ctrl Pts',(-1.63513924888459,2.20436823900386,1.));
#4656=CARTESIAN_POINT('Ctrl Pts',(-0.920269153631599,2.5809032970254,0.));
#4657=CARTESIAN_POINT('Ctrl Pts',(-0.920269153631599,2.5809032970254,1.));
#4658=CARTESIAN_POINT('Ctrl Pts',(-1.00665781431292,2.57841018415494,0.));
#4659=CARTESIAN_POINT('Ctrl Pts',(-1.00665781431292,2.57841018415494,1.));
#4660=CARTESIAN_POINT('Ctrl Pts',(-1.16604499789026,2.57381038788969,0.));
#4661=CARTESIAN_POINT('Ctrl Pts',(-1.16604499789026,2.57381038788969,1.));
#4662=CARTESIAN_POINT('Ctrl Pts',(-1.31280725166116,2.51223993603351,0.));
#4663=CARTESIAN_POINT('Ctrl Pts',(-1.31280725166116,2.51223993603351,1.));
#4664=CARTESIAN_POINT('Ctrl Pts',(-1.3800236206421,2.48404098089381,0.));
#4665=CARTESIAN_POINT('Ctrl Pts',(-1.3800236206421,2.48404098089381,1.));
#4666=CARTESIAN_POINT('',(-0.920269153631599,2.5809032970254,0.));
#4667=CARTESIAN_POINT('Ctrl Pts',(-0.920269153631599,2.5809032970254,0.));
#4668=CARTESIAN_POINT('Ctrl Pts',(-1.00665781431292,2.57841018415494,0.));
#4669=CARTESIAN_POINT('Ctrl Pts',(-1.16604499789026,2.57381038788969,0.));
#4670=CARTESIAN_POINT('Ctrl Pts',(-1.31280725166116,2.51223993603351,0.));
#4671=CARTESIAN_POINT('Ctrl Pts',(-1.3800236206421,2.48404098089381,0.));
#4672=CARTESIAN_POINT('',(-0.920269153631599,2.5809032970254,1.));
#4673=CARTESIAN_POINT('',(-0.920269153631599,2.5809032970254,0.));
#4674=CARTESIAN_POINT('Ctrl Pts',(-0.920269153631599,2.5809032970254,1.));
#4675=CARTESIAN_POINT('Ctrl Pts',(-1.00665781431292,2.57841018415494,1.));
#4676=CARTESIAN_POINT('Ctrl Pts',(-1.16604499789026,2.57381038788969,1.));
#4677=CARTESIAN_POINT('Ctrl Pts',(-1.31280725166116,2.51223993603351,1.));
#4678=CARTESIAN_POINT('Ctrl Pts',(-1.3800236206421,2.48404098089381,1.));
#4679=CARTESIAN_POINT('Ctrl Pts',(-0.453693531073005,2.47039866979762,0.));
#4680=CARTESIAN_POINT('Ctrl Pts',(-0.453693531073005,2.47039866979762,1.));
#4681=CARTESIAN_POINT('Ctrl Pts',(-0.521000211968278,2.5025674499359,0.));
#4682=CARTESIAN_POINT('Ctrl Pts',(-0.521000211968278,2.5025674499359,1.));
#4683=CARTESIAN_POINT('Ctrl Pts',(-0.668166759463062,2.57290472176537,0.));
#4684=CARTESIAN_POINT('Ctrl Pts',(-0.668166759463062,2.57290472176537,1.));
#4685=CARTESIAN_POINT('Ctrl Pts',(-0.831588443732553,2.578089681016,0.));
#4686=CARTESIAN_POINT('Ctrl Pts',(-0.831588443732553,2.578089681016,1.));
#4687=CARTESIAN_POINT('Ctrl Pts',(-0.920269153631599,2.5809032970254,0.));
#4688=CARTESIAN_POINT('Ctrl Pts',(-0.920269153631599,2.5809032970254,1.));
#4689=CARTESIAN_POINT('',(-0.453693531073005,2.47039866979762,0.));
#4690=CARTESIAN_POINT('Ctrl Pts',(-0.453693531073005,2.47039866979762,0.));
#4691=CARTESIAN_POINT('Ctrl Pts',(-0.521000211968278,2.5025674499359,0.));
#4692=CARTESIAN_POINT('Ctrl Pts',(-0.668166759463062,2.57290472176537,0.));
#4693=CARTESIAN_POINT('Ctrl Pts',(-0.831588443732553,2.578089681016,0.));
#4694=CARTESIAN_POINT('Ctrl Pts',(-0.920269153631599,2.5809032970254,0.));
#4695=CARTESIAN_POINT('',(-0.453693531073005,2.47039866979762,1.));
#4696=CARTESIAN_POINT('',(-0.453693531073005,2.47039866979762,0.));
#4697=CARTESIAN_POINT('Ctrl Pts',(-0.453693531073005,2.47039866979762,1.));
#4698=CARTESIAN_POINT('Ctrl Pts',(-0.521000211968278,2.5025674499359,1.));
#4699=CARTESIAN_POINT('Ctrl Pts',(-0.668166759463062,2.57290472176537,1.));
#4700=CARTESIAN_POINT('Ctrl Pts',(-0.831588443732553,2.578089681016,1.));
#4701=CARTESIAN_POINT('Ctrl Pts',(-0.920269153631599,2.5809032970254,1.));
#4702=CARTESIAN_POINT('Ctrl Pts',(-0.206762812651069,2.18117607172175,0.));
#4703=CARTESIAN_POINT('Ctrl Pts',(-0.206762812651069,2.18117607172175,1.));
#4704=CARTESIAN_POINT('Ctrl Pts',(-0.234902745182368,2.23805623735122,0.));
#4705=CARTESIAN_POINT('Ctrl Pts',(-0.234902745182368,2.23805623735122,1.));
#4706=CARTESIAN_POINT('Ctrl Pts',(-0.29280854688986,2.35510312750867,0.));
#4707=CARTESIAN_POINT('Ctrl Pts',(-0.29280854688986,2.35510312750867,1.));
#4708=CARTESIAN_POINT('Ctrl Pts',(-0.399070625596929,2.43125407504108,0.));
#4709=CARTESIAN_POINT('Ctrl Pts',(-0.399070625596929,2.43125407504108,1.));
#4710=CARTESIAN_POINT('Ctrl Pts',(-0.453693531073005,2.47039866979762,0.));
#4711=CARTESIAN_POINT('Ctrl Pts',(-0.453693531073005,2.47039866979762,1.));
#4712=CARTESIAN_POINT('',(-0.206762812651069,2.18117607172175,0.));
#4713=CARTESIAN_POINT('Ctrl Pts',(-0.206762812651069,2.18117607172175,0.));
#4714=CARTESIAN_POINT('Ctrl Pts',(-0.234902745182368,2.23805623735122,0.));
#4715=CARTESIAN_POINT('Ctrl Pts',(-0.29280854688986,2.35510312750867,0.));
#4716=CARTESIAN_POINT('Ctrl Pts',(-0.399070625596929,2.43125407504108,0.));
#4717=CARTESIAN_POINT('Ctrl Pts',(-0.453693531073005,2.47039866979762,0.));
#4718=CARTESIAN_POINT('',(-0.206762812651069,2.18117607172175,1.));
#4719=CARTESIAN_POINT('',(-0.206762812651069,2.18117607172175,0.));
#4720=CARTESIAN_POINT('Ctrl Pts',(-0.206762812651069,2.18117607172175,1.));
#4721=CARTESIAN_POINT('Ctrl Pts',(-0.234902745182368,2.23805623735122,1.));
#4722=CARTESIAN_POINT('Ctrl Pts',(-0.29280854688986,2.35510312750867,1.));
#4723=CARTESIAN_POINT('Ctrl Pts',(-0.399070625596929,2.43125407504108,1.));
#4724=CARTESIAN_POINT('Ctrl Pts',(-0.453693531073005,2.47039866979762,1.));
#4725=CARTESIAN_POINT('Ctrl Pts',(-0.138550065077216,1.70232189233943,0.));
#4726=CARTESIAN_POINT('Ctrl Pts',(-0.138550065077216,1.70232189233943,1.));
#4727=CARTESIAN_POINT('Ctrl Pts',(-0.139810851531992,1.79315366451391,0.));
#4728=CARTESIAN_POINT('Ctrl Pts',(-0.139810851531992,1.79315366451391,1.));
#4729=CARTESIAN_POINT('Ctrl Pts',(-0.142069922337966,1.9559055754321,0.));
#4730=CARTESIAN_POINT('Ctrl Pts',(-0.142069922337966,1.9559055754321,1.));
#4731=CARTESIAN_POINT('Ctrl Pts',(-0.186936328611946,2.11213723487962,0.));
#4732=CARTESIAN_POINT('Ctrl Pts',(-0.186936328611946,2.11213723487962,1.));
#4733=CARTESIAN_POINT('Ctrl Pts',(-0.206762812651069,2.18117607172175,0.));
#4734=CARTESIAN_POINT('Ctrl Pts',(-0.206762812651069,2.18117607172175,1.));
#4735=CARTESIAN_POINT('',(-0.138550065077216,1.70232189233943,0.));
#4736=CARTESIAN_POINT('Ctrl Pts',(-0.138550065077216,1.70232189233943,0.));
#4737=CARTESIAN_POINT('Ctrl Pts',(-0.139810851531992,1.79315366451391,0.));
#4738=CARTESIAN_POINT('Ctrl Pts',(-0.142069922337966,1.9559055754321,0.));
#4739=CARTESIAN_POINT('Ctrl Pts',(-0.186936328611946,2.11213723487962,0.));
#4740=CARTESIAN_POINT('Ctrl Pts',(-0.206762812651069,2.18117607172175,0.));
#4741=CARTESIAN_POINT('',(-0.138550065077216,1.70232189233943,1.));
#4742=CARTESIAN_POINT('',(-0.138550065077216,1.70232189233943,0.));
#4743=CARTESIAN_POINT('Ctrl Pts',(-0.138550065077216,1.70232189233943,1.));
#4744=CARTESIAN_POINT('Ctrl Pts',(-0.139810851531992,1.79315366451391,1.));
#4745=CARTESIAN_POINT('Ctrl Pts',(-0.142069922337966,1.9559055754321,1.));
#4746=CARTESIAN_POINT('Ctrl Pts',(-0.186936328611946,2.11213723487962,1.));
#4747=CARTESIAN_POINT('Ctrl Pts',(-0.206762812651069,2.18117607172175,1.));
#4748=CARTESIAN_POINT('Origin',(-0.138550065077216,0.546797042447765,0.));
#4749=CARTESIAN_POINT('',(-0.138550065077216,0.546797042447765,0.));
#4750=CARTESIAN_POINT('',(-0.138550065077216,0.273398521223883,0.));
#4751=CARTESIAN_POINT('',(-0.138550065077216,0.546797042447765,1.));
#4752=CARTESIAN_POINT('',(-0.138550065077216,0.546797042447765,0.));
#4753=CARTESIAN_POINT('',(-0.138550065077216,0.546797042447765,1.));
#4754=CARTESIAN_POINT('Origin',(-0.403215549505622,0.546797042447765,0.));
#4755=CARTESIAN_POINT('',(-0.403215549505622,0.546797042447765,0.));
#4756=CARTESIAN_POINT('',(4.04839222524719,0.546797042447765,0.));
#4757=CARTESIAN_POINT('',(-0.403215549505622,0.546797042447765,1.));
#4758=CARTESIAN_POINT('',(-0.403215549505622,0.546797042447765,0.));
#4759=CARTESIAN_POINT('',(-0.403215549505622,0.546797042447765,1.));
#4760=CARTESIAN_POINT('Origin',(-0.403215549505622,1.70095813806697,0.));
#4761=CARTESIAN_POINT('',(-0.403215549505622,0.850479069033483,0.));
#4762=CARTESIAN_POINT('',(-0.403215549505622,1.70095813806697,1.));
#4763=CARTESIAN_POINT('Origin',(0.0101539868942191,0.263031547624309,1.));
#4764=CARTESIAN_POINT('Origin',(2.4207952994934,0.512690668660839,0.));
#4765=CARTESIAN_POINT('',(2.4207952994934,0.512690668660839,0.));
#4766=CARTESIAN_POINT('',(2.4207952994934,3.13479137952967,0.));
#4767=CARTESIAN_POINT('',(2.4207952994934,0.25634533433042,0.));
#4768=CARTESIAN_POINT('',(2.4207952994934,0.512690668660839,1.));
#4769=CARTESIAN_POINT('',(2.4207952994934,0.512690668660839,0.));
#4770=CARTESIAN_POINT('',(2.4207952994934,3.13479137952967,1.));
#4771=CARTESIAN_POINT('',(2.4207952994934,0.512690668660839,1.));
#4772=CARTESIAN_POINT('',(2.4207952994934,3.13479137952967,0.));
#4773=CARTESIAN_POINT('Origin',(2.20660660453948,0.512690668660839,0.));
#4774=CARTESIAN_POINT('',(2.20660660453948,0.512690668660839,0.));
#4775=CARTESIAN_POINT('',(5.35330330226974,0.512690668660839,0.));
#4776=CARTESIAN_POINT('',(2.20660660453948,0.512690668660839,1.));
#4777=CARTESIAN_POINT('',(2.20660660453948,0.512690668660839,0.));
#4778=CARTESIAN_POINT('',(2.20660660453948,0.512690668660839,1.));
#4779=CARTESIAN_POINT('Origin',(2.20660660453948,3.13479137952967,0.));
#4780=CARTESIAN_POINT('',(2.20660660453948,3.13479137952967,0.));
#4781=CARTESIAN_POINT('',(2.20660660453948,1.56739568976484,0.));
#4782=CARTESIAN_POINT('',(2.20660660453948,3.13479137952967,1.));
#4783=CARTESIAN_POINT('',(2.20660660453948,3.13479137952967,0.));
#4784=CARTESIAN_POINT('',(2.20660660453948,3.13479137952967,1.));
#4785=CARTESIAN_POINT('Origin',(2.4207952994934,3.13479137952967,0.));
#4786=CARTESIAN_POINT('',(5.4603976497467,3.13479137952967,0.));
#4787=CARTESIAN_POINT('',(2.4207952994934,3.13479137952967,1.));
#4788=CARTESIAN_POINT('Origin',(0.0101539868942191,0.263031547624309,1.));
#4789=CARTESIAN_POINT('Ctrl Pts',(1.33621130176696,-0.911593014639179,0.));
#4790=CARTESIAN_POINT('Ctrl Pts',(1.33621130176696,-0.911593014639179,1.));
#4791=CARTESIAN_POINT('Ctrl Pts',(1.37209940550726,-0.974693810438726,0.));
#4792=CARTESIAN_POINT('Ctrl Pts',(1.37209940550726,-0.974693810438726,1.));
#4793=CARTESIAN_POINT('Ctrl Pts',(1.46099362695446,-1.13099340642437,0.));
#4794=CARTESIAN_POINT('Ctrl Pts',(1.46099362695446,-1.13099340642437,1.));
#4795=CARTESIAN_POINT('Ctrl Pts',(1.46059558547769,-1.31233180252648,0.));
#4796=CARTESIAN_POINT('Ctrl Pts',(1.46059558547769,-1.31233180252648,1.));
#4797=CARTESIAN_POINT('Ctrl Pts',(1.46035824009094,-1.42046081487493,0.));
#4798=CARTESIAN_POINT('Ctrl Pts',(1.46035824009094,-1.42046081487493,1.));
#4799=CARTESIAN_POINT('',(1.33621130176696,-0.911593014639179,0.));
#4800=CARTESIAN_POINT('',(1.46035824009094,-1.42046081487493,0.));
#4801=CARTESIAN_POINT('Ctrl Pts',(1.33621130176696,-0.911593014639179,0.));
#4802=CARTESIAN_POINT('Ctrl Pts',(1.37209940550726,-0.974693810438726,0.));
#4803=CARTESIAN_POINT('Ctrl Pts',(1.46099362695446,-1.13099340642437,0.));
#4804=CARTESIAN_POINT('Ctrl Pts',(1.46059558547769,-1.31233180252648,0.));
#4805=CARTESIAN_POINT('Ctrl Pts',(1.46035824009094,-1.42046081487493,0.));
#4806=CARTESIAN_POINT('',(1.33621130176696,-0.911593014639179,1.));
#4807=CARTESIAN_POINT('',(1.33621130176696,-0.911593014639179,0.));
#4808=CARTESIAN_POINT('',(1.46035824009094,-1.42046081487493,1.));
#4809=CARTESIAN_POINT('Ctrl Pts',(1.33621130176696,-0.911593014639179,1.));
#4810=CARTESIAN_POINT('Ctrl Pts',(1.37209940550726,-0.974693810438726,1.));
#4811=CARTESIAN_POINT('Ctrl Pts',(1.46099362695446,-1.13099340642437,1.));
#4812=CARTESIAN_POINT('Ctrl Pts',(1.46059558547769,-1.31233180252648,1.));
#4813=CARTESIAN_POINT('Ctrl Pts',(1.46035824009094,-1.42046081487493,1.));
#4814=CARTESIAN_POINT('',(1.46035824009094,-1.42046081487493,0.));
#4815=CARTESIAN_POINT('Ctrl Pts',(0.920112468682854,-0.779260272424976,
0.));
#4816=CARTESIAN_POINT('Ctrl Pts',(0.920112468682854,-0.779260272424976,
1.));
#4817=CARTESIAN_POINT('Ctrl Pts',(1.00660711809137,-0.781209222333499,0.));
#4818=CARTESIAN_POINT('Ctrl Pts',(1.00660711809137,-0.781209222333499,1.));
#4819=CARTESIAN_POINT('Ctrl Pts',(1.1594675286077,-0.784653565829078,0.));
#4820=CARTESIAN_POINT('Ctrl Pts',(1.1594675286077,-0.784653565829078,1.));
#4821=CARTESIAN_POINT('Ctrl Pts',(1.28270612517294,-0.873164969883042,0.));
#4822=CARTESIAN_POINT('Ctrl Pts',(1.28270612517294,-0.873164969883042,1.));
#4823=CARTESIAN_POINT('Ctrl Pts',(1.33621130176696,-0.911593014639179,0.));
#4824=CARTESIAN_POINT('Ctrl Pts',(1.33621130176696,-0.911593014639179,1.));
#4825=CARTESIAN_POINT('',(0.920112468682854,-0.779260272424976,0.));
#4826=CARTESIAN_POINT('Ctrl Pts',(0.920112468682854,-0.779260272424976,
0.));
#4827=CARTESIAN_POINT('Ctrl Pts',(1.00660711809137,-0.781209222333499,0.));
#4828=CARTESIAN_POINT('Ctrl Pts',(1.1594675286077,-0.784653565829078,0.));
#4829=CARTESIAN_POINT('Ctrl Pts',(1.28270612517294,-0.873164969883042,0.));
#4830=CARTESIAN_POINT('Ctrl Pts',(1.33621130176696,-0.911593014639179,0.));
#4831=CARTESIAN_POINT('',(0.920112468682854,-0.779260272424976,1.));
#4832=CARTESIAN_POINT('',(0.920112468682854,-0.779260272424976,0.));
#4833=CARTESIAN_POINT('Ctrl Pts',(0.920112468682854,-0.779260272424976,
1.));
#4834=CARTESIAN_POINT('Ctrl Pts',(1.00660711809137,-0.781209222333499,1.));
#4835=CARTESIAN_POINT('Ctrl Pts',(1.1594675286077,-0.784653565829078,1.));
#4836=CARTESIAN_POINT('Ctrl Pts',(1.28270612517294,-0.873164969883042,1.));
#4837=CARTESIAN_POINT('Ctrl Pts',(1.33621130176696,-0.911593014639179,1.));
#4838=CARTESIAN_POINT('Ctrl Pts',(0.630890466653435,-0.84610866967992,0.));
#4839=CARTESIAN_POINT('Ctrl Pts',(0.630890466653435,-0.84610866967992,1.));
#4840=CARTESIAN_POINT('Ctrl Pts',(0.674112328849454,-0.826629297878707,
0.));
#4841=CARTESIAN_POINT('Ctrl Pts',(0.674112328849454,-0.826629297878707,
1.));
#4842=CARTESIAN_POINT('Ctrl Pts',(0.765949739210208,-0.785239710045482,
0.));
#4843=CARTESIAN_POINT('Ctrl Pts',(0.765949739210208,-0.785239710045482,
1.));
#4844=CARTESIAN_POINT('Ctrl Pts',(0.866751502288373,-0.781329959248874,
0.));
#4845=CARTESIAN_POINT('Ctrl Pts',(0.866751502288373,-0.781329959248874,
1.));
#4846=CARTESIAN_POINT('Ctrl Pts',(0.920112468682854,-0.779260272424976,
0.));
#4847=CARTESIAN_POINT('Ctrl Pts',(0.920112468682854,-0.779260272424976,
1.));
#4848=CARTESIAN_POINT('',(0.630890466653435,-0.84610866967992,0.));
#4849=CARTESIAN_POINT('Ctrl Pts',(0.630890466653435,-0.84610866967992,0.));
#4850=CARTESIAN_POINT('Ctrl Pts',(0.674112328849454,-0.826629297878707,
0.));
#4851=CARTESIAN_POINT('Ctrl Pts',(0.765949739210208,-0.785239710045482,
0.));
#4852=CARTESIAN_POINT('Ctrl Pts',(0.866751502288373,-0.781329959248874,
0.));
#4853=CARTESIAN_POINT('Ctrl Pts',(0.920112468682854,-0.779260272424976,
0.));
#4854=CARTESIAN_POINT('',(0.630890466653435,-0.84610866967992,1.));
#4855=CARTESIAN_POINT('',(0.630890466653435,-0.84610866967992,0.));
#4856=CARTESIAN_POINT('Ctrl Pts',(0.630890466653435,-0.84610866967992,1.));
#4857=CARTESIAN_POINT('Ctrl Pts',(0.674112328849454,-0.826629297878707,
1.));
#4858=CARTESIAN_POINT('Ctrl Pts',(0.765949739210208,-0.785239710045482,
1.));
#4859=CARTESIAN_POINT('Ctrl Pts',(0.866751502288373,-0.781329959248874,
1.));
#4860=CARTESIAN_POINT('Ctrl Pts',(0.920112468682854,-0.779260272424976,
1.));
#4861=CARTESIAN_POINT('Ctrl Pts',(0.464451052629082,-1.03574025098638,0.));
#4862=CARTESIAN_POINT('Ctrl Pts',(0.464451052629082,-1.03574025098638,1.));
#4863=CARTESIAN_POINT('Ctrl Pts',(0.483774521980549,-0.997080701834432,
0.));
#4864=CARTESIAN_POINT('Ctrl Pts',(0.483774521980549,-0.997080701834432,
1.));
#4865=CARTESIAN_POINT('Ctrl Pts',(0.522642563603977,-0.919319253398324,
0.));
#4866=CARTESIAN_POINT('Ctrl Pts',(0.522642563603977,-0.919319253398324,
1.));
#4867=CARTESIAN_POINT('Ctrl Pts',(0.594671252628408,-0.870604569608647,
0.));
#4868=CARTESIAN_POINT('Ctrl Pts',(0.594671252628408,-0.870604569608647,
1.));
#4869=CARTESIAN_POINT('Ctrl Pts',(0.630890466653435,-0.84610866967992,0.));
#4870=CARTESIAN_POINT('Ctrl Pts',(0.630890466653435,-0.84610866967992,1.));
#4871=CARTESIAN_POINT('',(0.464451052629082,-1.03574025098638,0.));
#4872=CARTESIAN_POINT('Ctrl Pts',(0.464451052629082,-1.03574025098638,0.));
#4873=CARTESIAN_POINT('Ctrl Pts',(0.483774521980549,-0.997080701834432,
0.));
#4874=CARTESIAN_POINT('Ctrl Pts',(0.522642563603977,-0.919319253398324,
0.));
#4875=CARTESIAN_POINT('Ctrl Pts',(0.594671252628408,-0.870604569608647,
0.));
#4876=CARTESIAN_POINT('Ctrl Pts',(0.630890466653435,-0.84610866967992,0.));
#4877=CARTESIAN_POINT('',(0.464451052629082,-1.03574025098638,1.));
#4878=CARTESIAN_POINT('',(0.464451052629082,-1.03574025098638,0.));
#4879=CARTESIAN_POINT('Ctrl Pts',(0.464451052629082,-1.03574025098638,1.));
#4880=CARTESIAN_POINT('Ctrl Pts',(0.483774521980549,-0.997080701834432,
1.));
#4881=CARTESIAN_POINT('Ctrl Pts',(0.522642563603977,-0.919319253398324,
1.));
#4882=CARTESIAN_POINT('Ctrl Pts',(0.594671252628408,-0.870604569608647,
1.));
#4883=CARTESIAN_POINT('Ctrl Pts',(0.630890466653435,-0.84610866967992,1.));
#4884=CARTESIAN_POINT('Ctrl Pts',(0.416702367745965,-1.42046081487493,0.));
#4885=CARTESIAN_POINT('Ctrl Pts',(0.416702367745965,-1.42046081487493,1.));
#4886=CARTESIAN_POINT('Ctrl Pts',(0.41697852161845,-1.344459140937,0.));
#4887=CARTESIAN_POINT('Ctrl Pts',(0.41697852161845,-1.344459140937,1.));
#4888=CARTESIAN_POINT('Ctrl Pts',(0.417452255416204,-1.21408051793918,0.));
#4889=CARTESIAN_POINT('Ctrl Pts',(0.417452255416204,-1.21408051793918,1.));
#4890=CARTESIAN_POINT('Ctrl Pts',(0.450618445723333,-1.08822905824352,0.));
#4891=CARTESIAN_POINT('Ctrl Pts',(0.450618445723333,-1.08822905824352,1.));
#4892=CARTESIAN_POINT('Ctrl Pts',(0.464451052629082,-1.03574025098638,0.));
#4893=CARTESIAN_POINT('Ctrl Pts',(0.464451052629082,-1.03574025098638,1.));
#4894=CARTESIAN_POINT('',(0.416702367745965,-1.42046081487493,0.));
#4895=CARTESIAN_POINT('Ctrl Pts',(0.416702367745965,-1.42046081487493,0.));
#4896=CARTESIAN_POINT('Ctrl Pts',(0.41697852161845,-1.344459140937,0.));
#4897=CARTESIAN_POINT('Ctrl Pts',(0.417452255416204,-1.21408051793918,0.));
#4898=CARTESIAN_POINT('Ctrl Pts',(0.450618445723333,-1.08822905824352,0.));
#4899=CARTESIAN_POINT('Ctrl Pts',(0.464451052629082,-1.03574025098638,0.));
#4900=CARTESIAN_POINT('',(0.416702367745965,-1.42046081487493,1.));
#4901=CARTESIAN_POINT('',(0.416702367745965,-1.42046081487493,0.));
#4902=CARTESIAN_POINT('Ctrl Pts',(0.416702367745965,-1.42046081487493,1.));
#4903=CARTESIAN_POINT('Ctrl Pts',(0.41697852161845,-1.344459140937,1.));
#4904=CARTESIAN_POINT('Ctrl Pts',(0.417452255416204,-1.21408051793918,1.));
#4905=CARTESIAN_POINT('Ctrl Pts',(0.450618445723333,-1.08822905824352,1.));
#4906=CARTESIAN_POINT('Ctrl Pts',(0.464451052629082,-1.03574025098638,1.));
#4907=CARTESIAN_POINT('Origin',(0.416702367745965,-2.57462191049413,0.));
#4908=CARTESIAN_POINT('',(0.416702367745965,-2.57462191049413,0.));
#4909=CARTESIAN_POINT('',(0.416702367745965,-1.28731095524706,0.));
#4910=CARTESIAN_POINT('',(0.416702367745965,-2.57462191049413,1.));
#4911=CARTESIAN_POINT('',(0.416702367745965,-2.57462191049413,0.));
#4912=CARTESIAN_POINT('',(0.416702367745965,-2.57462191049413,1.));
#4913=CARTESIAN_POINT('Origin',(0.152036287271111,-2.57462191049413,0.));
#4914=CARTESIAN_POINT('',(0.152036287271111,-2.57462191049413,0.));
#4915=CARTESIAN_POINT('',(4.32601814363556,-2.57462191049413,0.));
#4916=CARTESIAN_POINT('',(0.152036287271111,-2.57462191049413,1.));
#4917=CARTESIAN_POINT('',(0.152036287271111,-2.57462191049413,0.));
#4918=CARTESIAN_POINT('',(0.152036287271111,-2.57462191049413,1.));
#4919=CARTESIAN_POINT('Origin',(0.152036287271111,-1.41909646455602,0.));
#4920=CARTESIAN_POINT('',(0.152036287271111,-1.41909646455602,0.));
#4921=CARTESIAN_POINT('',(0.152036287271111,-0.709548232278009,0.));
#4922=CARTESIAN_POINT('',(0.152036287271111,-1.41909646455602,1.));
#4923=CARTESIAN_POINT('',(0.152036287271111,-1.41909646455602,0.));
#4924=CARTESIAN_POINT('',(0.152036287271111,-1.41909646455602,1.));
#4925=CARTESIAN_POINT('Ctrl Pts',(0.228435136758416,-0.91705011789159,0.));
#4926=CARTESIAN_POINT('Ctrl Pts',(0.228435136758416,-0.91705011789159,1.));
#4927=CARTESIAN_POINT('Ctrl Pts',(0.206231130140961,-0.989074830382883,
0.));
#4928=CARTESIAN_POINT('Ctrl Pts',(0.206231130140961,-0.989074830382883,
1.));
#4929=CARTESIAN_POINT('Ctrl Pts',(0.155895394593675,-1.15235242902948,0.));
#4930=CARTESIAN_POINT('Ctrl Pts',(0.155895394593675,-1.15235242902948,1.));
#4931=CARTESIAN_POINT('Ctrl Pts',(0.153419833455928,-1.32346484256994,0.));
#4932=CARTESIAN_POINT('Ctrl Pts',(0.153419833455928,-1.32346484256994,1.));
#4933=CARTESIAN_POINT('Ctrl Pts',(0.152036287271111,-1.41909646455602,0.));
#4934=CARTESIAN_POINT('Ctrl Pts',(0.152036287271111,-1.41909646455602,1.));
#4935=CARTESIAN_POINT('',(0.228435136758416,-0.91705011789159,0.));
#4936=CARTESIAN_POINT('Ctrl Pts',(0.228435136758416,-0.91705011789159,0.));
#4937=CARTESIAN_POINT('Ctrl Pts',(0.206231130140961,-0.989074830382883,
0.));
#4938=CARTESIAN_POINT('Ctrl Pts',(0.155895394593675,-1.15235242902948,0.));
#4939=CARTESIAN_POINT('Ctrl Pts',(0.153419833455928,-1.32346484256994,0.));
#4940=CARTESIAN_POINT('Ctrl Pts',(0.152036287271111,-1.41909646455602,0.));
#4941=CARTESIAN_POINT('',(0.228435136758416,-0.91705011789159,1.));
#4942=CARTESIAN_POINT('',(0.228435136758416,-0.91705011789159,0.));
#4943=CARTESIAN_POINT('Ctrl Pts',(0.228435136758416,-0.91705011789159,1.));
#4944=CARTESIAN_POINT('Ctrl Pts',(0.206231130140961,-0.989074830382883,
1.));
#4945=CARTESIAN_POINT('Ctrl Pts',(0.155895394593675,-1.15235242902948,1.));
#4946=CARTESIAN_POINT('Ctrl Pts',(0.153419833455928,-1.32346484256994,1.));
#4947=CARTESIAN_POINT('Ctrl Pts',(0.152036287271111,-1.41909646455602,1.));
#4948=CARTESIAN_POINT('Ctrl Pts',(0.483550765000909,-0.63737767402486,0.));
#4949=CARTESIAN_POINT('Ctrl Pts',(0.483550765000909,-0.63737767402486,1.));
#4950=CARTESIAN_POINT('Ctrl Pts',(0.428332071524735,-0.673030426666014,
0.));
#4951=CARTESIAN_POINT('Ctrl Pts',(0.428332071524735,-0.673030426666014,
1.));
#4952=CARTESIAN_POINT('Ctrl Pts',(0.318661416017851,-0.74384088063786,0.));
#4953=CARTESIAN_POINT('Ctrl Pts',(0.318661416017851,-0.74384088063786,1.));
#4954=CARTESIAN_POINT('Ctrl Pts',(0.25837005984287,-0.859583432605828,0.));
#4955=CARTESIAN_POINT('Ctrl Pts',(0.25837005984287,-0.859583432605828,1.));
#4956=CARTESIAN_POINT('Ctrl Pts',(0.228435136758416,-0.91705011789159,0.));
#4957=CARTESIAN_POINT('Ctrl Pts',(0.228435136758416,-0.91705011789159,1.));
#4958=CARTESIAN_POINT('',(0.483550765000909,-0.63737767402486,0.));
#4959=CARTESIAN_POINT('Ctrl Pts',(0.483550765000909,-0.63737767402486,0.));
#4960=CARTESIAN_POINT('Ctrl Pts',(0.428332071524735,-0.673030426666014,
0.));
#4961=CARTESIAN_POINT('Ctrl Pts',(0.318661416017851,-0.74384088063786,0.));
#4962=CARTESIAN_POINT('Ctrl Pts',(0.25837005984287,-0.859583432605828,0.));
#4963=CARTESIAN_POINT('Ctrl Pts',(0.228435136758416,-0.91705011789159,0.));
#4964=CARTESIAN_POINT('',(0.483550765000909,-0.63737767402486,1.));
#4965=CARTESIAN_POINT('',(0.483550765000909,-0.63737767402486,0.));
#4966=CARTESIAN_POINT('Ctrl Pts',(0.483550765000909,-0.63737767402486,1.));
#4967=CARTESIAN_POINT('Ctrl Pts',(0.428332071524735,-0.673030426666014,
1.));
#4968=CARTESIAN_POINT('Ctrl Pts',(0.318661416017851,-0.74384088063786,1.));
#4969=CARTESIAN_POINT('Ctrl Pts',(0.25837005984287,-0.859583432605828,1.));
#4970=CARTESIAN_POINT('Ctrl Pts',(0.228435136758416,-0.91705011789159,1.));
#4971=CARTESIAN_POINT('Ctrl Pts',(0.943305232011407,-0.540515059870045,
0.));
#4972=CARTESIAN_POINT('Ctrl Pts',(0.943305232011407,-0.540515059870045,
1.));
#4973=CARTESIAN_POINT('Ctrl Pts',(0.856916773482467,-0.543008196233791,
0.));
#4974=CARTESIAN_POINT('Ctrl Pts',(0.856916773482467,-0.543008196233791,
1.));
#4975=CARTESIAN_POINT('Ctrl Pts',(0.697529571384123,-0.54760804714251,0.));
#4976=CARTESIAN_POINT('Ctrl Pts',(0.697529571384123,-0.54760804714251,1.));
#4977=CARTESIAN_POINT('Ctrl Pts',(0.550767325673592,-0.609178593593056,
0.));
#4978=CARTESIAN_POINT('Ctrl Pts',(0.550767325673592,-0.609178593593056,
1.));
#4979=CARTESIAN_POINT('Ctrl Pts',(0.483550765000909,-0.63737767402486,0.));
#4980=CARTESIAN_POINT('Ctrl Pts',(0.483550765000909,-0.63737767402486,1.));
#4981=CARTESIAN_POINT('',(0.943305232011407,-0.540515059870045,0.));
#4982=CARTESIAN_POINT('Ctrl Pts',(0.943305232011407,-0.540515059870045,
0.));
#4983=CARTESIAN_POINT('Ctrl Pts',(0.856916773482467,-0.543008196233791,
0.));
#4984=CARTESIAN_POINT('Ctrl Pts',(0.697529571384123,-0.54760804714251,0.));
#4985=CARTESIAN_POINT('Ctrl Pts',(0.550767325673592,-0.609178593593056,
0.));
#4986=CARTESIAN_POINT('Ctrl Pts',(0.483550765000909,-0.63737767402486,0.));
#4987=CARTESIAN_POINT('',(0.943305232011407,-0.540515059870045,1.));
#4988=CARTESIAN_POINT('',(0.943305232011407,-0.540515059870045,0.));
#4989=CARTESIAN_POINT('Ctrl Pts',(0.943305232011407,-0.540515059870045,
1.));
#4990=CARTESIAN_POINT('Ctrl Pts',(0.856916773482467,-0.543008196233791,
1.));
#4991=CARTESIAN_POINT('Ctrl Pts',(0.697529571384123,-0.54760804714251,1.));
#4992=CARTESIAN_POINT('Ctrl Pts',(0.550767325673592,-0.609178593593056,
1.));
#4993=CARTESIAN_POINT('Ctrl Pts',(0.483550765000909,-0.63737767402486,1.));
#4994=CARTESIAN_POINT('Ctrl Pts',(1.40988085457,-0.651019985121051,0.));
#4995=CARTESIAN_POINT('Ctrl Pts',(1.40988085457,-0.651019985121051,1.));
#4996=CARTESIAN_POINT('Ctrl Pts',(1.34257418244061,-0.618851082577081,0.));
#4997=CARTESIAN_POINT('Ctrl Pts',(1.34257418244061,-0.618851082577081,1.));
#4998=CARTESIAN_POINT('Ctrl Pts',(1.19540769434725,-0.548513562336707,0.));
#4999=CARTESIAN_POINT('Ctrl Pts',(1.19540769434725,-0.548513562336707,1.));
#5000=CARTESIAN_POINT('Ctrl Pts',(1.03198595264332,-0.543328649853053,0.));
#5001=CARTESIAN_POINT('Ctrl Pts',(1.03198595264332,-0.543328649853053,1.));
#5002=CARTESIAN_POINT('Ctrl Pts',(0.943305232011407,-0.540515059870045,
0.));
#5003=CARTESIAN_POINT('Ctrl Pts',(0.943305232011407,-0.540515059870045,
1.));
#5004=CARTESIAN_POINT('',(1.40988085457,-0.651019985121051,0.));
#5005=CARTESIAN_POINT('Ctrl Pts',(1.40988085457,-0.651019985121051,0.));
#5006=CARTESIAN_POINT('Ctrl Pts',(1.34257418244061,-0.618851082577081,0.));
#5007=CARTESIAN_POINT('Ctrl Pts',(1.19540769434725,-0.548513562336707,0.));
#5008=CARTESIAN_POINT('Ctrl Pts',(1.03198595264332,-0.543328649853053,0.));
#5009=CARTESIAN_POINT('Ctrl Pts',(0.943305232011407,-0.540515059870045,
0.));
#5010=CARTESIAN_POINT('',(1.40988085457,-0.651019985121051,1.));
#5011=CARTESIAN_POINT('',(1.40988085457,-0.651019985121051,0.));
#5012=CARTESIAN_POINT('Ctrl Pts',(1.40988085457,-0.651019985121051,1.));
#5013=CARTESIAN_POINT('Ctrl Pts',(1.34257418244061,-0.618851082577081,1.));
#5014=CARTESIAN_POINT('Ctrl Pts',(1.19540769434725,-0.548513562336707,1.));
#5015=CARTESIAN_POINT('Ctrl Pts',(1.03198595264332,-0.543328649853053,1.));
#5016=CARTESIAN_POINT('Ctrl Pts',(0.943305232011407,-0.540515059870045,
1.));
#5017=CARTESIAN_POINT('Ctrl Pts',(1.65681157299194,-0.940242583196918,0.));
#5018=CARTESIAN_POINT('Ctrl Pts',(1.65681157299194,-0.940242583196918,1.));
#5019=CARTESIAN_POINT('Ctrl Pts',(1.62867184838044,-0.883362512753107,0.));
#5020=CARTESIAN_POINT('Ctrl Pts',(1.62867184838044,-0.883362512753107,1.));
#5021=CARTESIAN_POINT('Ctrl Pts',(1.57076628817901,-0.76631544179492,0.));
#5022=CARTESIAN_POINT('Ctrl Pts',(1.57076628817901,-0.76631544179492,1.));
#5023=CARTESIAN_POINT('Ctrl Pts',(1.46450402239337,-0.690164629467624,0.));
#5024=CARTESIAN_POINT('Ctrl Pts',(1.46450402239337,-0.690164629467624,1.));
#5025=CARTESIAN_POINT('Ctrl Pts',(1.40988085457,-0.651019985121051,0.));
#5026=CARTESIAN_POINT('Ctrl Pts',(1.40988085457,-0.651019985121051,1.));
#5027=CARTESIAN_POINT('',(1.65681157299194,-0.940242583196918,0.));
#5028=CARTESIAN_POINT('Ctrl Pts',(1.65681157299194,-0.940242583196918,0.));
#5029=CARTESIAN_POINT('Ctrl Pts',(1.62867184838044,-0.883362512753107,0.));
#5030=CARTESIAN_POINT('Ctrl Pts',(1.57076628817901,-0.76631544179492,0.));
#5031=CARTESIAN_POINT('Ctrl Pts',(1.46450402239337,-0.690164629467624,0.));
#5032=CARTESIAN_POINT('Ctrl Pts',(1.40988085457,-0.651019985121051,0.));
#5033=CARTESIAN_POINT('',(1.65681157299194,-0.940242583196918,1.));
#5034=CARTESIAN_POINT('',(1.65681157299194,-0.940242583196918,0.));
#5035=CARTESIAN_POINT('Ctrl Pts',(1.65681157299194,-0.940242583196918,1.));
#5036=CARTESIAN_POINT('Ctrl Pts',(1.62867184838044,-0.883362512753107,1.));
#5037=CARTESIAN_POINT('Ctrl Pts',(1.57076628817901,-0.76631544179492,1.));
#5038=CARTESIAN_POINT('Ctrl Pts',(1.46450402239337,-0.690164629467624,1.));
#5039=CARTESIAN_POINT('Ctrl Pts',(1.40988085457,-0.651019985121051,1.));
#5040=CARTESIAN_POINT('Ctrl Pts',(1.72502432056579,-1.41909646455602,0.));
#5041=CARTESIAN_POINT('Ctrl Pts',(1.72502432056579,-1.41909646455602,1.));
#5042=CARTESIAN_POINT('Ctrl Pts',(1.72376382365221,-1.32826487645799,0.));
#5043=CARTESIAN_POINT('Ctrl Pts',(1.72376382365221,-1.32826487645799,1.));
#5044=CARTESIAN_POINT('Ctrl Pts',(1.72150526730856,-1.16551298290498,0.));
#5045=CARTESIAN_POINT('Ctrl Pts',(1.72150526730856,-1.16551298290498,1.));
#5046=CARTESIAN_POINT('Ctrl Pts',(1.67663833677534,-1.00928150653533,0.));
#5047=CARTESIAN_POINT('Ctrl Pts',(1.67663833677534,-1.00928150653533,1.));
#5048=CARTESIAN_POINT('Ctrl Pts',(1.65681157299194,-0.940242583196918,0.));
#5049=CARTESIAN_POINT('Ctrl Pts',(1.65681157299194,-0.940242583196918,1.));
#5050=CARTESIAN_POINT('',(1.72502432056579,-1.41909646455602,0.));
#5051=CARTESIAN_POINT('Ctrl Pts',(1.72502432056579,-1.41909646455602,0.));
#5052=CARTESIAN_POINT('Ctrl Pts',(1.72376382365221,-1.32826487645799,0.));
#5053=CARTESIAN_POINT('Ctrl Pts',(1.72150526730856,-1.16551298290498,0.));
#5054=CARTESIAN_POINT('Ctrl Pts',(1.67663833677534,-1.00928150653533,0.));
#5055=CARTESIAN_POINT('Ctrl Pts',(1.65681157299194,-0.940242583196918,0.));
#5056=CARTESIAN_POINT('',(1.72502432056579,-1.41909646455602,1.));
#5057=CARTESIAN_POINT('',(1.72502432056579,-1.41909646455602,0.));
#5058=CARTESIAN_POINT('Ctrl Pts',(1.72502432056579,-1.41909646455602,1.));
#5059=CARTESIAN_POINT('Ctrl Pts',(1.72376382365221,-1.32826487645799,1.));
#5060=CARTESIAN_POINT('Ctrl Pts',(1.72150526730856,-1.16551298290498,1.));
#5061=CARTESIAN_POINT('Ctrl Pts',(1.67663833677534,-1.00928150653533,1.));
#5062=CARTESIAN_POINT('Ctrl Pts',(1.65681157299194,-0.940242583196918,1.));
#5063=CARTESIAN_POINT('Origin',(1.72502432056579,-2.57462191049413,0.));
#5064=CARTESIAN_POINT('',(1.72502432056579,-2.57462191049413,0.));
#5065=CARTESIAN_POINT('',(1.72502432056579,-1.28731095524706,0.));
#5066=CARTESIAN_POINT('',(1.72502432056579,-2.57462191049413,1.));
#5067=CARTESIAN_POINT('',(1.72502432056579,-2.57462191049413,0.));
#5068=CARTESIAN_POINT('',(1.72502432056579,-2.57462191049413,1.));
#5069=CARTESIAN_POINT('Origin',(1.46035824009094,-2.57462191049413,0.));
#5070=CARTESIAN_POINT('',(1.46035824009094,-2.57462191049413,0.));
#5071=CARTESIAN_POINT('',(4.98017912004547,-2.57462191049413,0.));
#5072=CARTESIAN_POINT('',(1.46035824009094,-2.57462191049413,1.));
#5073=CARTESIAN_POINT('',(1.46035824009094,-2.57462191049413,0.));
#5074=CARTESIAN_POINT('',(1.46035824009094,-2.57462191049413,1.));
#5075=CARTESIAN_POINT('Origin',(1.46035824009094,-1.42046081487493,0.));
#5076=CARTESIAN_POINT('',(1.46035824009094,-0.710230407437463,0.));
#5077=CARTESIAN_POINT('',(1.46035824009094,-1.42046081487493,1.));
#5078=CARTESIAN_POINT('Origin',(0.0101539868942191,0.263031547624309,1.));
#5079=CARTESIAN_POINT('Origin',(-2.18629922679749,-2.60872828428106,0.));
#5080=CARTESIAN_POINT('',(-2.18629922679749,-2.60872828428106,0.));
#5081=CARTESIAN_POINT('',(-2.18629922679749,0.0133730226342277,0.));
#5082=CARTESIAN_POINT('',(-2.18629922679749,-1.30436414214053,0.));
#5083=CARTESIAN_POINT('',(-2.18629922679749,-2.60872828428106,1.));
#5084=CARTESIAN_POINT('',(-2.18629922679749,-2.60872828428106,0.));
#5085=CARTESIAN_POINT('',(-2.18629922679749,0.0133730226342277,1.));
#5086=CARTESIAN_POINT('',(-2.18629922679749,-2.60872828428106,1.));
#5087=CARTESIAN_POINT('',(-2.18629922679749,0.0133730226342277,0.));
#5088=CARTESIAN_POINT('Origin',(-2.40048732570496,-2.60872828428106,0.));
#5089=CARTESIAN_POINT('',(-2.40048732570496,-2.60872828428106,0.));
#5090=CARTESIAN_POINT('',(3.04975633714752,-2.60872828428106,0.));
#5091=CARTESIAN_POINT('',(-2.40048732570496,-2.60872828428106,1.));
#5092=CARTESIAN_POINT('',(-2.40048732570496,-2.60872828428106,0.));
#5093=CARTESIAN_POINT('',(-2.40048732570496,-2.60872828428106,1.));
#5094=CARTESIAN_POINT('Origin',(-2.40048732570496,0.0133730226342277,0.));
#5095=CARTESIAN_POINT('',(-2.40048732570496,0.0133730226342277,0.));
#5096=CARTESIAN_POINT('',(-2.40048732570496,0.00668651131711384,0.));
#5097=CARTESIAN_POINT('',(-2.40048732570496,0.0133730226342277,1.));
#5098=CARTESIAN_POINT('',(-2.40048732570496,0.0133730226342277,0.));
#5099=CARTESIAN_POINT('',(-2.40048732570496,0.0133730226342277,1.));
#5100=CARTESIAN_POINT('Origin',(-2.18629922679749,0.0133730226342277,0.));
#5101=CARTESIAN_POINT('',(3.15685038660125,0.0133730226342279,0.));
#5102=CARTESIAN_POINT('',(-2.18629922679749,0.0133730226342277,1.));
#5103=CARTESIAN_POINT('Origin',(0.0101539868942191,0.263031547624309,1.));
#5104=CARTESIAN_POINT('Origin',(8.5,0.,0.));
#5105=CARTESIAN_POINT('',(-8.5,-1.04094977927525E-15,0.));
#5106=CARTESIAN_POINT('Origin',(0.,0.,0.));
#5107=CARTESIAN_POINT('Origin',(0.,0.,1.5));
#5108=CARTESIAN_POINT('',(-8.5,-1.04094977927525E-15,3.));
#5109=CARTESIAN_POINT('Origin',(0.,0.,3.));
#5110=CARTESIAN_POINT('Origin',(-8.5,-1.04094977927525E-15,1.5));
#5111=CARTESIAN_POINT('Origin',(3.9,0.,3.));
#5112=CARTESIAN_POINT('',(-3.9,-4.77612251667468E-16,3.));
#5113=CARTESIAN_POINT('Origin',(0.,0.,3.));
#5114=CARTESIAN_POINT('Origin',(0.,0.,4.));
#5115=CARTESIAN_POINT('',(-2.9,-3.55147571752733E-16,4.));
#5116=CARTESIAN_POINT('Origin',(-3.9,-4.77612251667468E-16,4.));
#5117=CARTESIAN_POINT('Origin',(0.,0.,4.));
#5118=CARTESIAN_POINT('Origin',(0.,0.,7.19569559595467));
#5119=CARTESIAN_POINT('',(-2.9,-3.55147571752733E-16,10.3913911919093));
#5120=CARTESIAN_POINT('Origin',(0.,0.,10.3913911919093));
#5121=CARTESIAN_POINT('',(-2.9,-3.55147571752733E-16,7.19569559595467));
#5122=CARTESIAN_POINT('Origin',(0.,0.,10.3913911919093));
#5123=CARTESIAN_POINT('',(-2.35942291887377,-2.88945972543367E-16,11.2796088350653));
#5124=CARTESIAN_POINT('Origin',(0.,0.,11.2796088350653));
#5125=CARTESIAN_POINT('Origin',(-1.9,-2.32682891837997E-16,10.3913911919093));
#5126=CARTESIAN_POINT('Origin',(0.,0.,11.7954451770882));
#5127=CARTESIAN_POINT('',(-0.364855729718441,-4.46819401550261E-17,12.3112815191112));
#5128=CARTESIAN_POINT('Origin',(0.,0.,12.3112815191112));
#5129=CARTESIAN_POINT('',(-1.36213932429611,-1.66813956349196E-16,11.7954451770882));
#5130=CARTESIAN_POINT('Ctrl Pts',(-0.364855729718441,0.,12.3112815191112));
#5131=CARTESIAN_POINT('Ctrl Pts',(-0.364855729718441,-0.364855729718441,
12.3112815191112));
#5132=CARTESIAN_POINT('Ctrl Pts',(0.,-0.364855729718441,12.3112815191112));
#5133=CARTESIAN_POINT('Ctrl Pts',(0.364855729718441,-0.364855729718441,
12.3112815191112));
#5134=CARTESIAN_POINT('Ctrl Pts',(0.364855729718441,0.,12.3112815191112));
#5135=CARTESIAN_POINT('Ctrl Pts',(0.364855729718441,0.364855729718441,12.3112815191112));
#5136=CARTESIAN_POINT('Ctrl Pts',(0.,0.364855729718441,12.3112815191112));
#5137=CARTESIAN_POINT('Ctrl Pts',(-0.364855729718441,0.364855729718441,
12.3112815191112));
#5138=CARTESIAN_POINT('Ctrl Pts',(-0.364855729718441,0.,12.3112815191112));
#5139=CARTESIAN_POINT('Ctrl Pts',(-0.240053591790963,0.,12.3758343490736));
#5140=CARTESIAN_POINT('Ctrl Pts',(-0.240053591790963,-0.240053591790963,
12.3758343490736));
#5141=CARTESIAN_POINT('Ctrl Pts',(0.,-0.240053591790963,12.3758343490736));
#5142=CARTESIAN_POINT('Ctrl Pts',(0.240053591790963,-0.240053591790963,
12.3758343490736));
#5143=CARTESIAN_POINT('Ctrl Pts',(0.240053591790963,0.,12.3758343490736));
#5144=CARTESIAN_POINT('Ctrl Pts',(0.240053591790963,0.240053591790963,12.3758343490736));
#5145=CARTESIAN_POINT('Ctrl Pts',(0.,0.240053591790963,12.3758343490736));
#5146=CARTESIAN_POINT('Ctrl Pts',(-0.240053591790963,0.240053591790963,
12.3758343490736));
#5147=CARTESIAN_POINT('Ctrl Pts',(-0.240053591790963,0.,12.3758343490736));
#5148=CARTESIAN_POINT('Ctrl Pts',(-0.120026795895481,0.,12.3027849838848));
#5149=CARTESIAN_POINT('Ctrl Pts',(-0.120026795895481,-0.120026795895481,
12.3027849838848));
#5150=CARTESIAN_POINT('Ctrl Pts',(0.,-0.120026795895481,12.3027849838848));
#5151=CARTESIAN_POINT('Ctrl Pts',(0.120026795895481,-0.120026795895481,
12.3027849838848));
#5152=CARTESIAN_POINT('Ctrl Pts',(0.120026795895481,0.,12.3027849838848));
#5153=CARTESIAN_POINT('Ctrl Pts',(0.120026795895481,0.120026795895481,12.3027849838848));
#5154=CARTESIAN_POINT('Ctrl Pts',(0.,0.120026795895481,12.3027849838848));
#5155=CARTESIAN_POINT('Ctrl Pts',(-0.120026795895481,0.120026795895481,
12.3027849838848));
#5156=CARTESIAN_POINT('Ctrl Pts',(-0.120026795895481,0.,12.3027849838848));
#5157=CARTESIAN_POINT('Ctrl Pts',(2.77625708662068E-16,0.,12.2297356186959));
#5158=CARTESIAN_POINT('Ctrl Pts',(2.77625708662068E-16,2.77625708662068E-16,
12.2297356186959));
#5159=CARTESIAN_POINT('Ctrl Pts',(0.,2.77625708662068E-16,12.2297356186959));
#5160=CARTESIAN_POINT('Ctrl Pts',(-2.77625708662068E-16,2.77625708662068E-16,
12.2297356186959));
#5161=CARTESIAN_POINT('Ctrl Pts',(-2.77625708662068E-16,0.,12.2297356186959));
#5162=CARTESIAN_POINT('Ctrl Pts',(-2.77625708662068E-16,-2.77625708662068E-16,
12.2297356186959));
#5163=CARTESIAN_POINT('Ctrl Pts',(0.,-2.77625708662068E-16,12.2297356186959));
#5164=CARTESIAN_POINT('Ctrl Pts',(2.77625708662068E-16,-2.77625708662068E-16,
12.2297356186959));
#5165=CARTESIAN_POINT('Ctrl Pts',(2.77625708662068E-16,0.,12.2297356186959));
#5166=CARTESIAN_POINT('Ctrl Pts',(2.77555756156289E-16,0.,12.0892271083222));
#5167=CARTESIAN_POINT('Ctrl Pts',(2.77555756156289E-16,2.77555756156289E-16,
12.0892271083222));
#5168=CARTESIAN_POINT('Ctrl Pts',(0.,2.77555756156289E-16,12.0892271083222));
#5169=CARTESIAN_POINT('Ctrl Pts',(-2.77555756156289E-16,2.77555756156289E-16,
12.0892271083222));
#5170=CARTESIAN_POINT('Ctrl Pts',(-2.77555756156289E-16,0.,12.0892271083222));
#5171=CARTESIAN_POINT('Ctrl Pts',(-2.77555756156289E-16,-2.77555756156289E-16,
12.0892271083222));
#5172=CARTESIAN_POINT('Ctrl Pts',(0.,-2.77555756156289E-16,12.0892271083222));
#5173=CARTESIAN_POINT('Ctrl Pts',(2.77555756156289E-16,-2.77555756156289E-16,
12.0892271083222));
#5174=CARTESIAN_POINT('Ctrl Pts',(2.77555756156289E-16,0.,12.0892271083222));
#5175=CARTESIAN_POINT('',(-2.77555756156289E-16,0.,12.0892271083222));
#5176=CARTESIAN_POINT('Origin',(-0.25,-3.06161699786838E-17,12.0892271083222));
#5177=UNCERTAINTY_MEASURE_WITH_UNIT(LENGTH_MEASURE(0.01),#5181,
'DISTANCE_ACCURACY_VALUE',
'Maximum model space distance between geometric entities at asserted c
onnectivities');
#5178=UNCERTAINTY_MEASURE_WITH_UNIT(LENGTH_MEASURE(0.01),#5181,
'DISTANCE_ACCURACY_VALUE',
'Maximum model space distance between geometric entities at asserted c
onnectivities');
#5179=(
GEOMETRIC_REPRESENTATION_CONTEXT(3)
GLOBAL_UNCERTAINTY_ASSIGNED_CONTEXT((#5177))
GLOBAL_UNIT_ASSIGNED_CONTEXT((#5181,#5183,#5184))
REPRESENTATION_CONTEXT('','3D')
);
#5180=(
GEOMETRIC_REPRESENTATION_CONTEXT(3)
GLOBAL_UNCERTAINTY_ASSIGNED_CONTEXT((#5178))
GLOBAL_UNIT_ASSIGNED_CONTEXT((#5181,#5183,#5184))
REPRESENTATION_CONTEXT('','3D')
);
#5181=(
LENGTH_UNIT()
NAMED_UNIT(*)
SI_UNIT(.MILLI.,.METRE.)
);
#5182=(
LENGTH_UNIT()
NAMED_UNIT(*)
SI_UNIT($,.METRE.)
);
#5183=(
NAMED_UNIT(*)
PLANE_ANGLE_UNIT()
SI_UNIT($,.RADIAN.)
);
#5184=(
NAMED_UNIT(*)
SI_UNIT($,.STERADIAN.)
SOLID_ANGLE_UNIT()
);
#5185=SHAPE_DEFINITION_REPRESENTATION(#5186,#5187);
#5186=PRODUCT_DEFINITION_SHAPE('',$,#5189);
#5187=SHAPE_REPRESENTATION('',(#2516),#5179);
#5188=PRODUCT_DEFINITION_CONTEXT('part definition',#5193,'design');
#5189=PRODUCT_DEFINITION('2026-06-21-16-10-19-072',
'surreptor_tire_lock',#5190,#5188);
#5190=PRODUCT_DEFINITION_FORMATION('',$,#5195);
#5191=PRODUCT_RELATED_PRODUCT_CATEGORY('surreptor_tire_lock',
'surreptor_tire_lock',(#5195));
#5192=APPLICATION_PROTOCOL_DEFINITION('international standard',
'automotive_design',2009,#5193);
#5193=APPLICATION_CONTEXT(
'Core Data for Automotive Mechanical Design Process');
#5194=PRODUCT_CONTEXT('part definition',#5193,'mechanical');
#5195=PRODUCT('2026-06-21-16-10-19-072','surreptor_tire_lock',$,(#5194));
#5196=PRESENTATION_STYLE_ASSIGNMENT((#5197));
#5197=SURFACE_STYLE_USAGE(.BOTH.,#5198);
#5198=SURFACE_SIDE_STYLE('',(#5199));
#5199=SURFACE_STYLE_FILL_AREA(#5200);
#5200=FILL_AREA_STYLE('Steel - Satin',(#5201));
#5201=FILL_AREA_STYLE_COLOUR('Steel - Satin',#5202);
#5202=COLOUR_RGB('Steel - Satin',0.627450980392157,0.627450980392157,0.627450980392157);
ENDSEC;
END-ISO-10303-21;
