ISO-10303-21;
HEADER;
/* Generated by software containing ST-Developer
 * from STEP Tools, Inc. (www.steptools.com) 
 */

FILE_DESCRIPTION(
/* description */ (''),
/* implementation_level */ '2;1');

FILE_NAME(
/* name */ 'actuator_assem_x.step',
/* time_stamp */ '2026-10-06T13:44:31+03:00',
/* author */ (''),
/* organization */ (''),
/* preprocessor_version */ 'ST-DEVELOPER v20.2',
/* originating_system */ 'Autodesk Translation Framework v15.15.0.0',
/* authorisation */ '');

FILE_SCHEMA (('AUTOMOTIVE_DESIGN { 1 0 10303 214 3 1 1 }'));
ENDSEC;

DATA;
#10=MECHANICAL_DESIGN_GEOMETRIC_PRESENTATION_REPRESENTATION('',(#410,#411,
#412,#413,#414,#415,#416,#417,#418,#419,#420,#421,#422,#423,#424,#425,#426,
#427,#428,#429),#16722);
#11=CONTEXT_DEPENDENT_OVER_RIDING_STYLED_ITEM('',(#16910),#16803,#429,(#283));
#12=CONTEXT_DEPENDENT_OVER_RIDING_STYLED_ITEM('',(#16910),#16811,#429,(#297));
#13=CONTEXT_DEPENDENT_OVER_RIDING_STYLED_ITEM('',(#16910),#16813,#429,(#298));
#14=MAPPED_ITEM('',#15,#9881);
#15=REPRESENTATION_MAP(#9881,#16800);
#16=B_SPLINE_SURFACE_WITH_KNOTS('',3,3,((#14299,#14300,#14301,#14302),(#14303,
#14304,#14305,#14306),(#14307,#14308,#14309,#14310),(#14311,#14312,#14313,
#14314),(#14315,#14316,#14317,#14318),(#14319,#14320,#14321,#14322)),
 .UNSPECIFIED.,.F.,.F.,.F.,(4,1,1,4),(4,4),(0.,0.285714285714286,0.571428571428571,
1.),(7.21644966006352E-16,0.4),.UNSPECIFIED.);
#17=B_SPLINE_SURFACE_WITH_KNOTS('',3,3,((#14473,#14474,#14475,#14476),(#14477,
#14478,#14479,#14480),(#14481,#14482,#14483,#14484),(#14485,#14486,#14487,
#14488),(#14489,#14490,#14491,#14492),(#14493,#14494,#14495,#14496)),
 .UNSPECIFIED.,.F.,.F.,.F.,(4,1,1,4),(4,4),(0.,0.285714285714286,0.571428571428571,
1.),(-3.49318768745237E-33,0.4),.UNSPECIFIED.);
#18=B_SPLINE_SURFACE_WITH_KNOTS('',3,3,((#14603,#14604,#14605,#14606),(#14607,
#14608,#14609,#14610),(#14611,#14612,#14613,#14614),(#14615,#14616,#14617,
#14618),(#14619,#14620,#14621,#14622),(#14623,#14624,#14625,#14626)),
 .UNSPECIFIED.,.F.,.F.,.F.,(4,1,1,4),(4,4),(0.,0.285714285714286,0.571428571428571,
1.),(-1.94289029309402E-16,0.4),.UNSPECIFIED.);
#19=B_SPLINE_SURFACE_WITH_KNOTS('',3,3,((#14651,#14652,#14653,#14654),(#14655,
#14656,#14657,#14658),(#14659,#14660,#14661,#14662),(#14663,#14664,#14665,
#14666),(#14667,#14668,#14669,#14670),(#14671,#14672,#14673,#14674)),
 .UNSPECIFIED.,.F.,.F.,.F.,(4,1,1,4),(4,4),(0.,0.285714285714286,0.571428571428571,
1.),(-7.21644966006352E-16,0.4),.UNSPECIFIED.);
#20=B_SPLINE_SURFACE_WITH_KNOTS('',3,1,((#14707,#14708),(#14709,#14710),
(#14711,#14712),(#14713,#14714),(#14715,#14716),(#14717,#14718),(#14719,
#14720),(#14721,#14722),(#14723,#14724),(#14725,#14726),(#14727,#14728),
(#14729,#14730),(#14731,#14732)),.UNSPECIFIED.,.F.,.F.,.F.,(4,3,3,3,4),
(2,2),(-2.37461082520962,-2.205934678039,-1.57044507760876,-0.869973849915099,
-0.579290153271743),(0.,0.4),.UNSPECIFIED.);
#21=B_SPLINE_SURFACE_WITH_KNOTS('',3,1,((#14739,#14740),(#14741,#14742),
(#14743,#14744),(#14745,#14746),(#14747,#14748),(#14749,#14750),(#14751,
#14752),(#14753,#14754),(#14755,#14756),(#14757,#14758),(#14759,#14760),
(#14761,#14762),(#14763,#14764)),.UNSPECIFIED.,.F.,.F.,.F.,(4,3,3,3,4),
(2,2),(-2.37461082520962,-2.205934678039,-1.57044507760876,-0.869973849915099,
-0.579290153271743),(0.,0.4),.UNSPECIFIED.);
#22=B_SPLINE_SURFACE_WITH_KNOTS('',3,1,((#14822,#14823),(#14824,#14825),
(#14826,#14827),(#14828,#14829),(#14830,#14831),(#14832,#14833),(#14834,
#14835),(#14836,#14837),(#14838,#14839),(#14840,#14841),(#14842,#14843),
(#14844,#14845),(#14846,#14847),(#14848,#14849),(#14850,#14851),(#14852,
#14853),(#14854,#14855),(#14856,#14857),(#14858,#14859),(#14860,#14861),
(#14862,#14863),(#14864,#14865),(#14866,#14867),(#14868,#14869),(#14870,
#14871),(#14872,#14873),(#14874,#14875),(#14876,#14877),(#14878,#14879),
(#14880,#14881),(#14882,#14883),(#14884,#14885),(#14886,#14887),(#14888,
#14889),(#14890,#14891),(#14892,#14893),(#14894,#14895),(#14896,#14897),
(#14898,#14899),(#14900,#14901),(#14902,#14903),(#14904,#14905),(#14906,
#14907),(#14908,#14909),(#14910,#14911),(#14912,#14913),(#14914,#14915),
(#14916,#14917),(#14918,#14919),(#14920,#14921),(#14922,#14923),(#14924,
#14925)),.UNSPECIFIED.,.T.,.F.,.F.,(4,3,3,3,3,3,3,3,3,3,3,3,3,3,3,3,3,4),
(2,2),(-3.14159265358979,-2.92590081163459,-2.64447327001632,-2.21525650678336,
-1.45203714939272,-0.877833424019903,-0.492973928124831,-0.238667544315721,
-0.0229121690852689,0.191081875884137,0.460659071980881,0.869899822163448,
1.57048717595691,2.20608212964913,2.62161098997712,2.88160182178346,3.09990232998724,
3.14159265358979),(0.,0.4),.UNSPECIFIED.);
#23=B_SPLINE_SURFACE_WITH_KNOTS('',3,3,((#14980,#14981,#14982,#14983,#14984,
#14985,#14986,#14987),(#14988,#14989,#14990,#14991,#14992,#14993,#14994,
#14995),(#14996,#14997,#14998,#14999,#15000,#15001,#15002,#15003),(#15004,
#15005,#15006,#15007,#15008,#15009,#15010,#15011),(#15012,#15013,#15014,
#15015,#15016,#15017,#15018,#15019)),.UNSPECIFIED.,.F.,.F.,.F.,(4,1,4),
(4,1,1,1,1,4),(0.,0.571428571428571,1.),(1.36818063249269E-30,0.255208804326852,
0.425348007211421,0.510417608653705,0.552952409374847,0.595487210095989),
 .UNSPECIFIED.);
#24=B_SPLINE_SURFACE_WITH_KNOTS('',3,3,((#15043,#15044,#15045,#15046,#15047,
#15048,#15049,#15050),(#15051,#15052,#15053,#15054,#15055,#15056,#15057,
#15058),(#15059,#15060,#15061,#15062,#15063,#15064,#15065,#15066),(#15067,
#15068,#15069,#15070,#15071,#15072,#15073,#15074),(#15075,#15076,#15077,
#15078,#15079,#15080,#15081,#15082)),.UNSPECIFIED.,.F.,.F.,.F.,(4,1,4),
(4,1,1,1,1,4),(0.,0.571428571428571,1.),(0.,0.0425348007211421,0.0850696014422843,
0.170139202884569,0.255208804326853,0.59548721009599),.UNSPECIFIED.);
#25=B_SPLINE_SURFACE_WITH_KNOTS('',3,3,((#15104,#15105,#15106,#15107),(#15108,
#15109,#15110,#15111),(#15112,#15113,#15114,#15115),(#15116,#15117,#15118,
#15119),(#15120,#15121,#15122,#15123)),.UNSPECIFIED.,.F.,.F.,.F.,(4,1,4),
(4,4),(0.,0.571428571428571,1.),(7.40966043406597,7.52360444482314),
 .UNSPECIFIED.);
#26=B_SPLINE_SURFACE_WITH_KNOTS('',3,3,((#15141,#15142,#15143,#15144),(#15145,
#15146,#15147,#15148),(#15149,#15150,#15151,#15152),(#15153,#15154,#15155,
#15156),(#15157,#15158,#15159,#15160)),.UNSPECIFIED.,.F.,.F.,.F.,(4,1,4),
(4,4),(0.,0.571428571428571,1.),(1.0770772317693,1.19102124272271),
 .UNSPECIFIED.);
#27=B_SPLINE_SURFACE_WITH_KNOTS('',3,1,((#15178,#15179),(#15180,#15181),
(#15182,#15183),(#15184,#15185),(#15186,#15187),(#15188,#15189),(#15190,
#15191),(#15192,#15193),(#15194,#15195),(#15196,#15197),(#15198,#15199),
(#15200,#15201),(#15202,#15203),(#15204,#15205),(#15206,#15207),(#15208,
#15209)),.UNSPECIFIED.,.F.,.F.,.F.,(4,3,3,3,3,4),(2,2),(-0.81828365869632,
-0.639289756925426,-0.219789598083992,0.167451566293546,0.566765847792858,
0.81828365869632),(0.,1.8),.UNSPECIFIED.);
#28=B_SPLINE_SURFACE_WITH_KNOTS('',3,3,((#15230,#15231,#15232,#15233,#15234,
#15235,#15236,#15237),(#15238,#15239,#15240,#15241,#15242,#15243,#15244,
#15245),(#15246,#15247,#15248,#15249,#15250,#15251,#15252,#15253),(#15254,
#15255,#15256,#15257,#15258,#15259,#15260,#15261),(#15262,#15263,#15264,
#15265,#15266,#15267,#15268,#15269)),.UNSPECIFIED.,.F.,.F.,.F.,(4,1,4),
(4,1,1,1,1,4),(0.,0.571428571428571,1.),(-2.09138613524859E-16,0.255208804326852,
0.425348007211421,0.510417608653705,0.552952409374847,0.595487210095989),
 .UNSPECIFIED.);
#29=B_SPLINE_SURFACE_WITH_KNOTS('',3,3,((#15303,#15304,#15305,#15306,#15307,
#15308,#15309,#15310),(#15311,#15312,#15313,#15314,#15315,#15316,#15317,
#15318),(#15319,#15320,#15321,#15322,#15323,#15324,#15325,#15326),(#15327,
#15328,#15329,#15330,#15331,#15332,#15333,#15334),(#15335,#15336,#15337,
#15338,#15339,#15340,#15341,#15342)),.UNSPECIFIED.,.F.,.F.,.F.,(4,1,4),
(4,1,1,1,1,4),(0.,0.571428571428571,1.),(0.,0.0425348007211421,0.0850696014422842,
0.170139202884568,0.255208804326853,0.595487210095989),.UNSPECIFIED.);
#30=B_SPLINE_SURFACE_WITH_KNOTS('',3,1,((#15373,#15374),(#15375,#15376),
(#15377,#15378),(#15379,#15380),(#15381,#15382),(#15383,#15384),(#15385,
#15386)),.UNSPECIFIED.,.F.,.F.,.F.,(4,3,4),(2,2),(2.32330899489347,2.75568106644587,
3.14159265358979),(0.,1.8),.UNSPECIFIED.);
#31=B_SPLINE_SURFACE_WITH_KNOTS('',3,1,((#15389,#15390),(#15391,#15392),
(#15393,#15394),(#15395,#15396),(#15397,#15398),(#15399,#15400),(#15401,
#15402),(#15403,#15404),(#15405,#15406),(#15407,#15408)),.UNSPECIFIED.,
 .F.,.F.,.F.,(4,3,3,4),(2,2),(-3.14159265358979,-2.787626082006,-2.35327259488961,
-2.32330899489347),(0.,1.8),.UNSPECIFIED.);
#32=B_SPLINE_SURFACE_WITH_KNOTS('',3,3,((#15410,#15411,#15412,#15413,#15414,
#15415,#15416,#15417,#15418,#15419,#15420,#15421,#15422,#15423,#15424,#15425),
(#15426,#15427,#15428,#15429,#15430,#15431,#15432,#15433,#15434,#15435,
#15436,#15437,#15438,#15439,#15440,#15441),(#15442,#15443,#15444,#15445,
#15446,#15447,#15448,#15449,#15450,#15451,#15452,#15453,#15454,#15455,#15456,
#15457),(#15458,#15459,#15460,#15461,#15462,#15463,#15464,#15465,#15466,
#15467,#15468,#15469,#15470,#15471,#15472,#15473),(#15474,#15475,#15476,
#15477,#15478,#15479,#15480,#15481,#15482,#15483,#15484,#15485,#15486,#15487,
#15488,#15489)),.UNSPECIFIED.,.F.,.F.,.F.,(4,1,4),(4,1,1,1,1,1,1,1,1,1,
1,1,1,4),(0.,0.571428571428571,1.),(7.40961361151158,7.57975281442461,7.74989201733764,
7.83496161879415,7.92003122025066,7.96256602097892,8.00510082170718,8.04763562243543,
8.09017042316369,8.13270522389195,8.17524002462021,8.26030962607672,8.43044882898974,
8.60058803190277),.UNSPECIFIED.);
#33=B_SPLINE_SURFACE_WITH_KNOTS('',3,1,((#15532,#15533),(#15534,#15535),
(#15536,#15537),(#15538,#15539),(#15540,#15541),(#15542,#15543),(#15544,
#15545),(#15546,#15547),(#15548,#15549),(#15550,#15551)),.UNSPECIFIED.,
 .F.,.F.,.F.,(4,3,3,4),(2,2),(-3.14159265358979,-2.92585109113563,-2.64435867586397,
-2.37461082520962),(0.,1.80192276952789),.UNSPECIFIED.);
#34=B_SPLINE_SURFACE_WITH_KNOTS('',3,1,((#15583,#15584),(#15585,#15586),
(#15587,#15588),(#15589,#15590),(#15591,#15592),(#15593,#15594),(#15595,
#15596),(#15597,#15598),(#15599,#15600),(#15601,#15602),(#15603,#15604),
(#15605,#15606),(#15607,#15608)),.UNSPECIFIED.,.F.,.F.,.F.,(4,3,3,3,4),
(2,2),(2.37461082520962,2.62149203857611,2.88154234608295,3.09989279287709,
3.14159265358979),(0.,1.80192276952789),.UNSPECIFIED.);
#35=B_SPLINE_SURFACE_WITH_KNOTS('',3,1,((#15668,#15669),(#15670,#15671),
(#15672,#15673),(#15674,#15675),(#15676,#15677),(#15678,#15679),(#15680,
#15681),(#15682,#15683),(#15684,#15685),(#15686,#15687),(#15688,#15689),
(#15690,#15691),(#15692,#15693)),.UNSPECIFIED.,.F.,.F.,.F.,(4,3,3,3,4),
(2,2),(0.572111084606423,0.877860989773219,1.45198633916623,2.21510152087446,
2.37461082520962),(0.,0.4),.UNSPECIFIED.);
#36=B_SPLINE_SURFACE_WITH_KNOTS('',3,1,((#15728,#15729),(#15730,#15731),
(#15732,#15733),(#15734,#15735),(#15736,#15737),(#15738,#15739),(#15740,
#15741),(#15742,#15743),(#15744,#15745),(#15746,#15747),(#15748,#15749),
(#15750,#15751),(#15752,#15753),(#15754,#15755),(#15756,#15757),(#15758,
#15759),(#15760,#15761),(#15762,#15763),(#15764,#15765)),.UNSPECIFIED.,
 .F.,.F.,.F.,(4,3,3,3,3,3,4),(2,2),(-0.766981828380175,-0.493028898478393,
-0.238695874281507,-0.0229178971533956,0.191098565201898,0.460704001411738,
0.766981828380175),(0.,1.8),.UNSPECIFIED.);
#37=B_SPLINE_SURFACE_WITH_KNOTS('',3,1,((#15793,#15794),(#15795,#15796),
(#15797,#15798),(#15799,#15800),(#15801,#15802),(#15803,#15804),(#15805,
#15806),(#15807,#15808),(#15809,#15810),(#15811,#15812),(#15813,#15814),
(#15815,#15816),(#15817,#15818),(#15819,#15820),(#15821,#15822),(#15823,
#15824),(#15825,#15826),(#15827,#15828),(#15829,#15830),(#15831,#15832),
(#15833,#15834),(#15835,#15836),(#15837,#15838),(#15839,#15840),(#15841,
#15842),(#15843,#15844),(#15845,#15846),(#15847,#15848),(#15849,#15850),
(#15851,#15852),(#15853,#15854),(#15855,#15856),(#15857,#15858),(#15859,
#15860),(#15861,#15862),(#15863,#15864),(#15865,#15866),(#15867,#15868),
(#15869,#15870),(#15871,#15872),(#15873,#15874),(#15875,#15876),(#15877,
#15878),(#15879,#15880),(#15881,#15882),(#15883,#15884),(#15885,#15886),
(#15887,#15888),(#15889,#15890),(#15891,#15892),(#15893,#15894),(#15895,
#15896)),.UNSPECIFIED.,.T.,.F.,.F.,(4,3,3,3,3,3,3,3,3,3,3,3,3,3,3,3,3,4),
(2,2),(-3.14159265358979,-2.92590081163459,-2.64447327001632,-2.21525650678336,
-1.45203714939272,-0.877833424019903,-0.492973928124831,-0.238667544315721,
-0.0229121690852689,0.191081875884137,0.460659071980881,0.869899822163448,
1.57048717595691,2.20608212964913,2.62161098997712,2.88160182178346,3.09990232998724,
3.14159265358979),(0.,0.4),.UNSPECIFIED.);
#38=SPHERICAL_SURFACE('',#9442,6.);
#39=SPHERICAL_SURFACE('',#9724,3.19999999999974);
#40=SPHERICAL_SURFACE('',#9796,4.00000000000028);
#41=ELLIPSE('',#9375,1.08,0.54);
#42=ELLIPSE('',#9377,1.08,0.54);
#43=ELLIPSE('',#9381,1.08,0.54);
#44=ELLIPSE('',#9383,1.08,0.54);
#45=ELLIPSE('',#9387,1.08,0.54);
#46=ELLIPSE('',#9389,1.08,0.54);
#47=ELLIPSE('',#9393,1.08,0.54);
#48=ELLIPSE('',#9395,1.08,0.54);
#49=ELLIPSE('',#9684,0.251219465564622,0.25);
#50=ELLIPSE('',#9692,0.251219465564624,0.25);
#51=ELLIPSE('',#9700,0.251219465564624,0.25);
#52=ELLIPSE('',#9704,0.251219465564622,0.25);
#53=ELLIPSE('',#9756,0.271317022809797,0.27);
#54=ELLIPSE('',#9764,0.271317022809788,0.27);
#55=ELLIPSE('',#9772,0.271317022809794,0.27);
#56=ELLIPSE('',#9776,0.271317022809769,0.27);
#57=(
BOUNDED_CURVE()
B_SPLINE_CURVE(2,(#13170,#13171,#13172),.UNSPECIFIED.,.F.,.F.)
B_SPLINE_CURVE_WITH_KNOTS((3,3),(0.000144272746222923,0.321515614919824),
 .UNSPECIFIED.)
CURVE()
GEOMETRIC_REPRESENTATION_ITEM()
RATIONAL_B_SPLINE_CURVE((1.00013898062186,1.15486101937814,1.00013898062186))
REPRESENTATION_ITEM('')
);
#58=(
BOUNDED_CURVE()
B_SPLINE_CURVE(2,(#13175,#13176,#13177),.UNSPECIFIED.,.F.,.F.)
B_SPLINE_CURVE_WITH_KNOTS((3,3),(0.000144272746222937,0.321515614919824),
 .UNSPECIFIED.)
CURVE()
GEOMETRIC_REPRESENTATION_ITEM()
RATIONAL_B_SPLINE_CURVE((1.00013898062186,1.15486101937814,1.00013898062186))
REPRESENTATION_ITEM('')
);
#59=(
BOUNDED_CURVE()
B_SPLINE_CURVE(2,(#13180,#13181,#13182),.UNSPECIFIED.,.F.,.F.)
B_SPLINE_CURVE_WITH_KNOTS((3,3),(0.000144272746223131,0.321515614919824),
 .UNSPECIFIED.)
CURVE()
GEOMETRIC_REPRESENTATION_ITEM()
RATIONAL_B_SPLINE_CURVE((1.00013898062186,1.15486101937814,1.00013898062186))
REPRESENTATION_ITEM('')
);
#60=(
BOUNDED_CURVE()
B_SPLINE_CURVE(2,(#13185,#13186,#13187),.UNSPECIFIED.,.F.,.F.)
B_SPLINE_CURVE_WITH_KNOTS((3,3),(0.000144272746222929,0.321515614919823),
 .UNSPECIFIED.)
CURVE()
GEOMETRIC_REPRESENTATION_ITEM()
RATIONAL_B_SPLINE_CURVE((1.00013898062186,1.15486101937814,1.00013898062186))
REPRESENTATION_ITEM('')
);
#61=(
BOUNDED_CURVE()
B_SPLINE_CURVE(2,(#13194,#13195,#13196),.UNSPECIFIED.,.F.,.F.)
B_SPLINE_CURVE_WITH_KNOTS((3,3),(0.160829943833023,0.321515614919824),
 .UNSPECIFIED.)
CURVE()
GEOMETRIC_REPRESENTATION_ITEM()
RATIONAL_B_SPLINE_CURVE((1.0775,1.0775,1.00013898062186))
REPRESENTATION_ITEM('')
);
#62=(
BOUNDED_CURVE()
B_SPLINE_CURVE(2,(#13198,#13199,#13200),.UNSPECIFIED.,.F.,.F.)
B_SPLINE_CURVE_WITH_KNOTS((3,3),(0.00014427274622321,0.321515614919824),
 .UNSPECIFIED.)
CURVE()
GEOMETRIC_REPRESENTATION_ITEM()
RATIONAL_B_SPLINE_CURVE((1.00013898062186,1.15486101937814,1.00013898062186))
REPRESENTATION_ITEM('')
);
#63=(
BOUNDED_CURVE()
B_SPLINE_CURVE(2,(#13201,#13202,#13203),.UNSPECIFIED.,.F.,.F.)
B_SPLINE_CURVE_WITH_KNOTS((3,3),(0.000144272746223234,0.321515614919824),
 .UNSPECIFIED.)
CURVE()
GEOMETRIC_REPRESENTATION_ITEM()
RATIONAL_B_SPLINE_CURVE((1.00013898062186,1.15486101937814,1.00013898062186))
REPRESENTATION_ITEM('')
);
#64=(
BOUNDED_CURVE()
B_SPLINE_CURVE(2,(#13205,#13206,#13207),.UNSPECIFIED.,.F.,.F.)
B_SPLINE_CURVE_WITH_KNOTS((3,3),(0.000144272746223226,0.321515614919824),
 .UNSPECIFIED.)
CURVE()
GEOMETRIC_REPRESENTATION_ITEM()
RATIONAL_B_SPLINE_CURVE((1.00013898062186,1.15486101937814,1.00013898062186))
REPRESENTATION_ITEM('')
);
#65=(
BOUNDED_CURVE()
B_SPLINE_CURVE(2,(#13208,#13209,#13210),.UNSPECIFIED.,.F.,.F.)
B_SPLINE_CURVE_WITH_KNOTS((3,3),(0.000144272746223326,0.160829943833023),
 .UNSPECIFIED.)
CURVE()
GEOMETRIC_REPRESENTATION_ITEM()
RATIONAL_B_SPLINE_CURVE((1.00013898062186,1.0775,1.0775))
REPRESENTATION_ITEM('')
);
#66=(
BOUNDED_CURVE()
B_SPLINE_CURVE(2,(#13213,#13214,#13215),.UNSPECIFIED.,.F.,.F.)
B_SPLINE_CURVE_WITH_KNOTS((3,3),(0.000144272746223114,0.321515614919823),
 .UNSPECIFIED.)
CURVE()
GEOMETRIC_REPRESENTATION_ITEM()
RATIONAL_B_SPLINE_CURVE((1.00013898062186,1.15486101937814,1.00013898062186))
REPRESENTATION_ITEM('')
);
#67=(
BOUNDED_CURVE()
B_SPLINE_CURVE(2,(#13219,#13220,#13221),.UNSPECIFIED.,.F.,.F.)
B_SPLINE_CURVE_WITH_KNOTS((3,3),(0.160829943833023,0.321515614919823),
 .UNSPECIFIED.)
CURVE()
GEOMETRIC_REPRESENTATION_ITEM()
RATIONAL_B_SPLINE_CURVE((1.0775,1.0775,1.00013898062186))
REPRESENTATION_ITEM('')
);
#68=(
BOUNDED_CURVE()
B_SPLINE_CURVE(2,(#13223,#13224,#13225),.UNSPECIFIED.,.F.,.F.)
B_SPLINE_CURVE_WITH_KNOTS((3,3),(0.000144272746222966,0.160829943833023),
 .UNSPECIFIED.)
CURVE()
GEOMETRIC_REPRESENTATION_ITEM()
RATIONAL_B_SPLINE_CURVE((1.00013898062186,1.0775,1.0775))
REPRESENTATION_ITEM('')
);
#69=(
BOUNDED_CURVE()
B_SPLINE_CURVE(2,(#13229,#13230,#13231),.UNSPECIFIED.,.F.,.F.)
B_SPLINE_CURVE_WITH_KNOTS((3,3),(0.000144272746222982,0.321515614919824),
 .UNSPECIFIED.)
CURVE()
GEOMETRIC_REPRESENTATION_ITEM()
RATIONAL_B_SPLINE_CURVE((1.00013898062186,1.15486101937814,1.00013898062186))
REPRESENTATION_ITEM('')
);
#70=(
BOUNDED_CURVE()
B_SPLINE_CURVE(2,(#13234,#13235,#13236),.UNSPECIFIED.,.F.,.F.)
B_SPLINE_CURVE_WITH_KNOTS((3,3),(0.000144272746222975,0.321515614919823),
 .UNSPECIFIED.)
CURVE()
GEOMETRIC_REPRESENTATION_ITEM()
RATIONAL_B_SPLINE_CURVE((1.00013898062186,1.15486101937814,1.00013898062186))
REPRESENTATION_ITEM('')
);
#71=(
BOUNDED_CURVE()
B_SPLINE_CURVE(2,(#13878,#13879,#13880),.UNSPECIFIED.,.F.,.F.)
B_SPLINE_CURVE_WITH_KNOTS((3,3),(0.000131157042020706,0.292286922654385),
 .UNSPECIFIED.)
CURVE()
GEOMETRIC_REPRESENTATION_ITEM()
RATIONAL_B_SPLINE_CURVE((1.00013898062186,1.15486101937814,1.00013898062186))
REPRESENTATION_ITEM('')
);
#72=(
BOUNDED_CURVE()
B_SPLINE_CURVE(2,(#13886,#13887,#13888),.UNSPECIFIED.,.F.,.F.)
B_SPLINE_CURVE_WITH_KNOTS((3,3),(0.000131157042020832,0.292286922654385),
 .UNSPECIFIED.)
CURVE()
GEOMETRIC_REPRESENTATION_ITEM()
RATIONAL_B_SPLINE_CURVE((1.00013898062186,1.15486101937814,1.00013898062186))
REPRESENTATION_ITEM('')
);
#73=(
BOUNDED_CURVE()
B_SPLINE_CURVE(2,(#13900,#13901,#13902),.UNSPECIFIED.,.F.,.F.)
B_SPLINE_CURVE_WITH_KNOTS((3,3),(0.146209039848203,0.292286922654385),
 .UNSPECIFIED.)
CURVE()
GEOMETRIC_REPRESENTATION_ITEM()
RATIONAL_B_SPLINE_CURVE((1.0775,1.0775,1.00013898062186))
REPRESENTATION_ITEM('')
);
#74=(
BOUNDED_CURVE()
B_SPLINE_CURVE(2,(#13904,#13905,#13906),.UNSPECIFIED.,.F.,.F.)
B_SPLINE_CURVE_WITH_KNOTS((3,3),(0.000131157042020779,0.292286922654385),
 .UNSPECIFIED.)
CURVE()
GEOMETRIC_REPRESENTATION_ITEM()
RATIONAL_B_SPLINE_CURVE((1.00013898062186,1.15486101937814,1.00013898062186))
REPRESENTATION_ITEM('')
);
#75=(
BOUNDED_CURVE()
B_SPLINE_CURVE(2,(#13907,#13908,#13909),.UNSPECIFIED.,.F.,.F.)
B_SPLINE_CURVE_WITH_KNOTS((3,3),(0.000131157042020753,0.292286922654385),
 .UNSPECIFIED.)
CURVE()
GEOMETRIC_REPRESENTATION_ITEM()
RATIONAL_B_SPLINE_CURVE((1.00013898062186,1.15486101937814,1.00013898062186))
REPRESENTATION_ITEM('')
);
#76=(
BOUNDED_CURVE()
B_SPLINE_CURVE(2,(#13911,#13912,#13913),.UNSPECIFIED.,.F.,.F.)
B_SPLINE_CURVE_WITH_KNOTS((3,3),(0.00013115704202089,0.292286922654385),
 .UNSPECIFIED.)
CURVE()
GEOMETRIC_REPRESENTATION_ITEM()
RATIONAL_B_SPLINE_CURVE((1.00013898062186,1.15486101937814,1.00013898062186))
REPRESENTATION_ITEM('')
);
#77=(
BOUNDED_CURVE()
B_SPLINE_CURVE(2,(#13914,#13915,#13916),.UNSPECIFIED.,.F.,.F.)
B_SPLINE_CURVE_WITH_KNOTS((3,3),(0.000131157042020906,0.146209039848203),
 .UNSPECIFIED.)
CURVE()
GEOMETRIC_REPRESENTATION_ITEM()
RATIONAL_B_SPLINE_CURVE((1.00013898062186,1.0775,1.0775))
REPRESENTATION_ITEM('')
);
#78=(
BOUNDED_CURVE()
B_SPLINE_CURVE(2,(#16262,#16263,#16264),.UNSPECIFIED.,.F.,.F.)
B_SPLINE_CURVE_WITH_KNOTS((3,3),(0.000104925633616727,0.233829538123508),
 .UNSPECIFIED.)
CURVE()
GEOMETRIC_REPRESENTATION_ITEM()
RATIONAL_B_SPLINE_CURVE((1.00013898062186,1.15486101937814,1.00013898062186))
REPRESENTATION_ITEM('')
);
#79=(
BOUNDED_CURVE()
B_SPLINE_CURVE(2,(#16267,#16268,#16269),.UNSPECIFIED.,.F.,.F.)
B_SPLINE_CURVE_WITH_KNOTS((3,3),(0.000104925633616778,0.233829538123508),
 .UNSPECIFIED.)
CURVE()
GEOMETRIC_REPRESENTATION_ITEM()
RATIONAL_B_SPLINE_CURVE((1.00013898062186,1.15486101937814,1.00013898062186))
REPRESENTATION_ITEM('')
);
#80=(
BOUNDED_CURVE()
B_SPLINE_CURVE(2,(#16272,#16273,#16274),.UNSPECIFIED.,.F.,.F.)
B_SPLINE_CURVE_WITH_KNOTS((3,3),(0.000104925633616768,0.233829538123508),
 .UNSPECIFIED.)
CURVE()
GEOMETRIC_REPRESENTATION_ITEM()
RATIONAL_B_SPLINE_CURVE((1.00013898062186,1.15486101937814,1.00013898062186))
REPRESENTATION_ITEM('')
);
#81=(
BOUNDED_CURVE()
B_SPLINE_CURVE(2,(#16277,#16278,#16279),.UNSPECIFIED.,.F.,.F.)
B_SPLINE_CURVE_WITH_KNOTS((3,3),(0.000104925633616701,0.233829538123508),
 .UNSPECIFIED.)
CURVE()
GEOMETRIC_REPRESENTATION_ITEM()
RATIONAL_B_SPLINE_CURVE((1.00013898062186,1.15486101937814,1.00013898062186))
REPRESENTATION_ITEM('')
);
#82=(
BOUNDED_CURVE()
B_SPLINE_CURVE(2,(#16286,#16287,#16288),.UNSPECIFIED.,.F.,.F.)
B_SPLINE_CURVE_WITH_KNOTS((3,3),(0.116967231878562,0.233829538123508),
 .UNSPECIFIED.)
CURVE()
GEOMETRIC_REPRESENTATION_ITEM()
RATIONAL_B_SPLINE_CURVE((1.0775,1.0775,1.00013898062186))
REPRESENTATION_ITEM('')
);
#83=(
BOUNDED_CURVE()
B_SPLINE_CURVE(2,(#16290,#16291,#16292),.UNSPECIFIED.,.F.,.F.)
B_SPLINE_CURVE_WITH_KNOTS((3,3),(0.000104925633616785,0.233829538123508),
 .UNSPECIFIED.)
CURVE()
GEOMETRIC_REPRESENTATION_ITEM()
RATIONAL_B_SPLINE_CURVE((1.00013898062186,1.15486101937814,1.00013898062186))
REPRESENTATION_ITEM('')
);
#84=(
BOUNDED_CURVE()
B_SPLINE_CURVE(2,(#16293,#16294,#16295),.UNSPECIFIED.,.F.,.F.)
B_SPLINE_CURVE_WITH_KNOTS((3,3),(0.000104925633616848,0.233829538123508),
 .UNSPECIFIED.)
CURVE()
GEOMETRIC_REPRESENTATION_ITEM()
RATIONAL_B_SPLINE_CURVE((1.00013898062186,1.15486101937814,1.00013898062186))
REPRESENTATION_ITEM('')
);
#85=(
BOUNDED_CURVE()
B_SPLINE_CURVE(2,(#16297,#16298,#16299),.UNSPECIFIED.,.F.,.F.)
B_SPLINE_CURVE_WITH_KNOTS((3,3),(0.000104925633617014,0.233829538123508),
 .UNSPECIFIED.)
CURVE()
GEOMETRIC_REPRESENTATION_ITEM()
RATIONAL_B_SPLINE_CURVE((1.00013898062186,1.15486101937814,1.00013898062186))
REPRESENTATION_ITEM('')
);
#86=(
BOUNDED_CURVE()
B_SPLINE_CURVE(2,(#16300,#16301,#16302),.UNSPECIFIED.,.F.,.F.)
B_SPLINE_CURVE_WITH_KNOTS((3,3),(0.000104925633616843,0.116967231878562),
 .UNSPECIFIED.)
CURVE()
GEOMETRIC_REPRESENTATION_ITEM()
RATIONAL_B_SPLINE_CURVE((1.00013898062186,1.0775,1.0775))
REPRESENTATION_ITEM('')
);
#87=(
BOUNDED_CURVE()
B_SPLINE_CURVE(2,(#16305,#16306,#16307),.UNSPECIFIED.,.F.,.F.)
B_SPLINE_CURVE_WITH_KNOTS((3,3),(0.000104925633616656,0.233829538123508),
 .UNSPECIFIED.)
CURVE()
GEOMETRIC_REPRESENTATION_ITEM()
RATIONAL_B_SPLINE_CURVE((1.00013898062186,1.15486101937814,1.00013898062186))
REPRESENTATION_ITEM('')
);
#88=(
BOUNDED_CURVE()
B_SPLINE_CURVE(2,(#16311,#16312,#16313),.UNSPECIFIED.,.F.,.F.)
B_SPLINE_CURVE_WITH_KNOTS((3,3),(0.116967231878562,0.233829538123508),
 .UNSPECIFIED.)
CURVE()
GEOMETRIC_REPRESENTATION_ITEM()
RATIONAL_B_SPLINE_CURVE((1.0775,1.0775,1.00013898062186))
REPRESENTATION_ITEM('')
);
#89=(
BOUNDED_CURVE()
B_SPLINE_CURVE(2,(#16315,#16316,#16317),.UNSPECIFIED.,.F.,.F.)
B_SPLINE_CURVE_WITH_KNOTS((3,3),(0.000104925633616643,0.116967231878562),
 .UNSPECIFIED.)
CURVE()
GEOMETRIC_REPRESENTATION_ITEM()
RATIONAL_B_SPLINE_CURVE((1.00013898062186,1.0775,1.0775))
REPRESENTATION_ITEM('')
);
#90=(
BOUNDED_CURVE()
B_SPLINE_CURVE(2,(#16321,#16322,#16323),.UNSPECIFIED.,.F.,.F.)
B_SPLINE_CURVE_WITH_KNOTS((3,3),(0.00010492563361668,0.233829538123508),
 .UNSPECIFIED.)
CURVE()
GEOMETRIC_REPRESENTATION_ITEM()
RATIONAL_B_SPLINE_CURVE((1.00013898062186,1.15486101937814,1.00013898062186))
REPRESENTATION_ITEM('')
);
#91=(
BOUNDED_CURVE()
B_SPLINE_CURVE(2,(#16326,#16327,#16328),.UNSPECIFIED.,.F.,.F.)
B_SPLINE_CURVE_WITH_KNOTS((3,3),(0.000104925633616644,0.233829538123508),
 .UNSPECIFIED.)
CURVE()
GEOMETRIC_REPRESENTATION_ITEM()
RATIONAL_B_SPLINE_CURVE((1.00013898062186,1.15486101937814,1.00013898062186))
REPRESENTATION_ITEM('')
);
#92=(
BOUNDED_CURVE()
B_SPLINE_CURVE(2,(#16524,#16525,#16526),.UNSPECIFIED.,.F.,.F.)
B_SPLINE_CURVE_WITH_KNOTS((3,3),(0.000131157042020689,0.292286922654385),
 .UNSPECIFIED.)
CURVE()
GEOMETRIC_REPRESENTATION_ITEM()
RATIONAL_B_SPLINE_CURVE((1.00013898062186,1.15486101937814,1.00013898062186))
REPRESENTATION_ITEM('')
);
#93=(
BOUNDED_CURVE()
B_SPLINE_CURVE(2,(#16529,#16530,#16531),.UNSPECIFIED.,.F.,.F.)
B_SPLINE_CURVE_WITH_KNOTS((3,3),(0.000131157042021001,0.292286922654385),
 .UNSPECIFIED.)
CURVE()
GEOMETRIC_REPRESENTATION_ITEM()
RATIONAL_B_SPLINE_CURVE((1.00013898062186,1.15486101937814,1.00013898062186))
REPRESENTATION_ITEM('')
);
#94=(
BOUNDED_CURVE()
B_SPLINE_CURVE(2,(#16534,#16535,#16536),.UNSPECIFIED.,.F.,.F.)
B_SPLINE_CURVE_WITH_KNOTS((3,3),(0.000131157042020989,0.292286922654385),
 .UNSPECIFIED.)
CURVE()
GEOMETRIC_REPRESENTATION_ITEM()
RATIONAL_B_SPLINE_CURVE((1.00013898062186,1.15486101937814,1.00013898062186))
REPRESENTATION_ITEM('')
);
#95=(
BOUNDED_CURVE()
B_SPLINE_CURVE(2,(#16539,#16540,#16541),.UNSPECIFIED.,.F.,.F.)
B_SPLINE_CURVE_WITH_KNOTS((3,3),(0.000131157042020849,0.292286922654385),
 .UNSPECIFIED.)
CURVE()
GEOMETRIC_REPRESENTATION_ITEM()
RATIONAL_B_SPLINE_CURVE((1.00013898062186,1.15486101937814,1.00013898062186))
REPRESENTATION_ITEM('')
);
#96=(
BOUNDED_CURVE()
B_SPLINE_CURVE(2,(#16548,#16549,#16550),.UNSPECIFIED.,.F.,.F.)
B_SPLINE_CURVE_WITH_KNOTS((3,3),(0.146209039848203,0.292286922654385),
 .UNSPECIFIED.)
CURVE()
GEOMETRIC_REPRESENTATION_ITEM()
RATIONAL_B_SPLINE_CURVE((1.0775,1.0775,1.00013898062186))
REPRESENTATION_ITEM('')
);
#97=(
BOUNDED_CURVE()
B_SPLINE_CURVE(2,(#16552,#16553,#16554),.UNSPECIFIED.,.F.,.F.)
B_SPLINE_CURVE_WITH_KNOTS((3,3),(0.000131157042020947,0.292286922654385),
 .UNSPECIFIED.)
CURVE()
GEOMETRIC_REPRESENTATION_ITEM()
RATIONAL_B_SPLINE_CURVE((1.00013898062186,1.15486101937814,1.00013898062186))
REPRESENTATION_ITEM('')
);
#98=(
BOUNDED_CURVE()
B_SPLINE_CURVE(2,(#16555,#16556,#16557),.UNSPECIFIED.,.F.,.F.)
B_SPLINE_CURVE_WITH_KNOTS((3,3),(0.000131157042021021,0.292286922654385),
 .UNSPECIFIED.)
CURVE()
GEOMETRIC_REPRESENTATION_ITEM()
RATIONAL_B_SPLINE_CURVE((1.00013898062186,1.15486101937814,1.00013898062186))
REPRESENTATION_ITEM('')
);
#99=(
BOUNDED_CURVE()
B_SPLINE_CURVE(2,(#16559,#16560,#16561),.UNSPECIFIED.,.F.,.F.)
B_SPLINE_CURVE_WITH_KNOTS((3,3),(0.000131157042021059,0.292286922654385),
 .UNSPECIFIED.)
CURVE()
GEOMETRIC_REPRESENTATION_ITEM()
RATIONAL_B_SPLINE_CURVE((1.00013898062186,1.15486101937814,1.00013898062186))
REPRESENTATION_ITEM('')
);
#100=(
BOUNDED_CURVE()
B_SPLINE_CURVE(2,(#16562,#16563,#16564),.UNSPECIFIED.,.F.,.F.)
B_SPLINE_CURVE_WITH_KNOTS((3,3),(0.000131157042021131,0.146209039848203),
 .UNSPECIFIED.)
CURVE()
GEOMETRIC_REPRESENTATION_ITEM()
RATIONAL_B_SPLINE_CURVE((1.00013898062186,1.0775,1.0775))
REPRESENTATION_ITEM('')
);
#101=(
BOUNDED_CURVE()
B_SPLINE_CURVE(2,(#16567,#16568,#16569),.UNSPECIFIED.,.F.,.F.)
B_SPLINE_CURVE_WITH_KNOTS((3,3),(0.000131157042021066,0.292286922654385),
 .UNSPECIFIED.)
CURVE()
GEOMETRIC_REPRESENTATION_ITEM()
RATIONAL_B_SPLINE_CURVE((1.00013898062186,1.15486101937814,1.00013898062186))
REPRESENTATION_ITEM('')
);
#102=(
BOUNDED_CURVE()
B_SPLINE_CURVE(2,(#16573,#16574,#16575),.UNSPECIFIED.,.F.,.F.)
B_SPLINE_CURVE_WITH_KNOTS((3,3),(0.146209039848203,0.292286922654385),
 .UNSPECIFIED.)
CURVE()
GEOMETRIC_REPRESENTATION_ITEM()
RATIONAL_B_SPLINE_CURVE((1.0775,1.0775,1.00013898062186))
REPRESENTATION_ITEM('')
);
#103=(
BOUNDED_CURVE()
B_SPLINE_CURVE(2,(#16577,#16578,#16579),.UNSPECIFIED.,.F.,.F.)
B_SPLINE_CURVE_WITH_KNOTS((3,3),(0.000131157042021008,0.146209039848203),
 .UNSPECIFIED.)
CURVE()
GEOMETRIC_REPRESENTATION_ITEM()
RATIONAL_B_SPLINE_CURVE((1.00013898062186,1.0775,1.0775))
REPRESENTATION_ITEM('')
);
#104=(
BOUNDED_CURVE()
B_SPLINE_CURVE(2,(#16583,#16584,#16585),.UNSPECIFIED.,.F.,.F.)
B_SPLINE_CURVE_WITH_KNOTS((3,3),(0.00013115704202091,0.292286922654385),
 .UNSPECIFIED.)
CURVE()
GEOMETRIC_REPRESENTATION_ITEM()
RATIONAL_B_SPLINE_CURVE((1.00013898062186,1.15486101937814,1.00013898062186))
REPRESENTATION_ITEM('')
);
#105=(
BOUNDED_CURVE()
B_SPLINE_CURVE(2,(#16588,#16589,#16590),.UNSPECIFIED.,.F.,.F.)
B_SPLINE_CURVE_WITH_KNOTS((3,3),(0.000131157042020943,0.292286922654385),
 .UNSPECIFIED.)
CURVE()
GEOMETRIC_REPRESENTATION_ITEM()
RATIONAL_B_SPLINE_CURVE((1.00013898062186,1.15486101937814,1.00013898062186))
REPRESENTATION_ITEM('')
);
#106=CONICAL_SURFACE('',#9208,2.66251133647408,0.0872664625997167);
#107=CONICAL_SURFACE('',#9209,1.4125,0.26179938779915);
#108=CONICAL_SURFACE('',#9215,1.24019237886467,0.5235987755983);
#109=CONICAL_SURFACE('',#9218,1.24019237886467,0.5235987755983);
#110=CONICAL_SURFACE('',#9223,2.935625,1.0471975511966);
#111=CONICAL_SURFACE('',#9231,2.935625,1.0471975511966);
#112=CONICAL_SURFACE('',#9267,0.7731897009279,1.02974425867646);
#113=CONICAL_SURFACE('',#9271,0.7731897009279,1.02974425867646);
#114=CONICAL_SURFACE('',#9275,0.7731897009279,1.02974425867646);
#115=CONICAL_SURFACE('',#9279,0.7731897009279,1.02974425867646);
#116=CONICAL_SURFACE('',#9367,2.66251133647408,0.0872664625997167);
#117=CONICAL_SURFACE('',#9368,1.4125,0.26179938779915);
#118=CONICAL_SURFACE('',#9420,2.17126020282667,0.0872664625997167);
#119=CONICAL_SURFACE('',#9421,1.17125,0.26179938779915);
#120=CONICAL_SURFACE('',#9432,2.66875,1.04719755119659);
#121=CONICAL_SURFACE('',#9448,1.24999999999997,1.0471975511966);
#122=CONICAL_SURFACE('',#9612,4.6,0.78539816339743);
#123=CONICAL_SURFACE('',#9680,0.920000000000005,0.785398163397449);
#124=CONICAL_SURFACE('',#9728,1.95225084115638,0.0872664625997145);
#125=CONICAL_SURFACE('',#9732,0.826794919243112,0.523598775598299);
#126=CONICAL_SURFACE('',#9735,0.826794919243112,0.5235987755983);
#127=CONICAL_SURFACE('',#9740,2.135,1.0471975511966);
#128=CONICAL_SURFACE('',#9748,2.135,1.0471975511966);
#129=CONICAL_SURFACE('',#9752,1.16250000000002,0.785398163397467);
#130=CONICAL_SURFACE('',#9800,2.44171689326307,0.087266462599715);
#131=CONICAL_SURFACE('',#9804,1.01905989232415,0.5235987755983);
#132=CONICAL_SURFACE('',#9807,1.01905989232415,0.5235987755983);
#133=CONICAL_SURFACE('',#9812,2.66875,1.0471975511966);
#134=CONICAL_SURFACE('',#9820,2.66875,1.0471975511966);
#135=CONICAL_SURFACE('',#9827,3.83287181803823,1.39626340159548);
#136=CONICAL_SURFACE('',#9836,3.5,0.261799387799149);
#137=CONICAL_SURFACE('',#9841,3.23205080756888,0.26179938779915);
#138=TOROIDAL_SURFACE('',#9195,1.425,0.1);
#139=TOROIDAL_SURFACE('',#9203,2.39175643814467,0.2);
#140=TOROIDAL_SURFACE('',#9354,1.425,0.1);
#141=TOROIDAL_SURFACE('',#9362,2.39175643814467,0.2);
#142=TOROIDAL_SURFACE('',#9407,1.1925,0.1);
#143=TOROIDAL_SURFACE('',#9415,1.9275807943302,0.18);
#144=TOROIDAL_SURFACE('',#9514,6.,2.);
#145=TOROIDAL_SURFACE('',#9516,6.,2.);
#146=TOROIDAL_SURFACE('',#9626,2.5,2.);
#147=TOROIDAL_SURFACE('',#9636,9.5,5.);
#148=TOROIDAL_SURFACE('',#9830,3.7,0.399999999999999);
#149=TOROIDAL_SURFACE('',#9846,2.75,1.);
#150=B_SPLINE_CURVE_WITH_KNOTS('',3,(#12816,#12817,#12818,#12819,#12820,
#12821,#12822,#12823,#12824,#12825),.UNSPECIFIED.,.F.,.F.,(4,2,2,2,4),(2.01116843065988,
2.16753780746485,2.32390718426983,2.55468502705399,2.58023008849573),
 .UNSPECIFIED.);
#151=B_SPLINE_CURVE_WITH_KNOTS('',3,(#12827,#12828,#12829,#12830,#12831,
#12832,#12833,#12834),.UNSPECIFIED.,.F.,.F.,(4,2,2,4),(0.580768001519595,
0.607956455402381,0.669236180402021,0.730515905401662),.UNSPECIFIED.);
#152=B_SPLINE_CURVE_WITH_KNOTS('',3,(#12836,#12837,#12838,#12839),
 .UNSPECIFIED.,.F.,.F.,(4,4),(0.730515905401662,0.758353019754442),
 .UNSPECIFIED.);
#153=B_SPLINE_CURVE_WITH_KNOTS('',3,(#12843,#12844,#12845,#12846,#12847,
#12848,#12849,#12850,#12851,#12852),.UNSPECIFIED.,.F.,.F.,(4,2,2,2,4),(0.214301122510924,
0.242138236863703,0.303417961863344,0.364697686862984,0.39188614074577),
 .UNSPECIFIED.);
#154=B_SPLINE_CURVE_WITH_KNOTS('',3,(#12853,#12854,#12855,#12856,#12857,
#12858,#12859,#12860,#12861,#12862),.UNSPECIFIED.,.F.,.F.,(4,2,2,2,4),(0.205232781342414,
0.230777842784158,0.461555685568317,0.617925062373293,0.774294439178269),
 .UNSPECIFIED.);
#155=B_SPLINE_CURVE_WITH_KNOTS('',3,(#12893,#12894,#12895,#12896,#12897,
#12898,#12899,#12900,#12901,#12902),.UNSPECIFIED.,.F.,.F.,(4,2,2,2,4),(2.01116843065988,
2.16753780746485,2.32390718426983,2.55468502705399,2.58023008849573),
 .UNSPECIFIED.);
#156=B_SPLINE_CURVE_WITH_KNOTS('',3,(#12903,#12904,#12905,#12906,#12907,
#12908,#12909,#12910,#12911,#12912),.UNSPECIFIED.,.F.,.F.,(4,2,2,2,4),(0.580768001519595,
0.607956455402381,0.669236180402021,0.730515905401662,0.758353019754441),
 .UNSPECIFIED.);
#157=B_SPLINE_CURVE_WITH_KNOTS('',3,(#12914,#12915,#12916,#12917),
 .UNSPECIFIED.,.F.,.F.,(4,4),(0.214301122510923,0.242138236863703),
 .UNSPECIFIED.);
#158=B_SPLINE_CURVE_WITH_KNOTS('',3,(#12919,#12920,#12921,#12922,#12923,
#12924,#12925,#12926),.UNSPECIFIED.,.F.,.F.,(4,2,2,4),(0.242138236863703,
0.303417961863344,0.364697686862985,0.39188614074577),.UNSPECIFIED.);
#159=B_SPLINE_CURVE_WITH_KNOTS('',3,(#12927,#12928,#12929,#12930,#12931,
#12932,#12933,#12934,#12935,#12936),.UNSPECIFIED.,.F.,.F.,(4,2,2,2,4),(0.205232781342414,
0.230777842784158,0.461555685568317,0.617925062373293,0.774294439178269),
 .UNSPECIFIED.);
#160=B_SPLINE_CURVE_WITH_KNOTS('',3,(#12938,#12939,#12940,#12941,#12942,
#12943,#12944,#12945),.UNSPECIFIED.,.F.,.F.,(4,2,2,4),(0.683630457982446,
0.732857688890497,0.795716205154597,0.829190851179258),.UNSPECIFIED.);
#161=B_SPLINE_CURVE_WITH_KNOTS('',3,(#12947,#12948,#12949,#12950,#12951,
#12952,#12953,#12954),.UNSPECIFIED.,.F.,.F.,(4,2,2,4),(0.152042216678669,
0.18551686270333,0.24837537896743,0.297602609875481),.UNSPECIFIED.);
#162=B_SPLINE_CURVE_WITH_KNOTS('',3,(#12957,#12958,#12959,#12960,#12961,
#12962,#12963,#12964),.UNSPECIFIED.,.F.,.F.,(4,2,2,4),(0.152042216678669,
0.18551686270333,0.248375378967431,0.297602609875481),.UNSPECIFIED.);
#163=B_SPLINE_CURVE_WITH_KNOTS('',3,(#12965,#12966,#12967,#12968,#12969,
#12970,#12971,#12972),.UNSPECIFIED.,.F.,.F.,(4,2,2,4),(0.683630457982446,
0.732857688890497,0.795716205154598,0.829190851179259),.UNSPECIFIED.);
#164=B_SPLINE_CURVE_WITH_KNOTS('',3,(#13502,#13503,#13504,#13505,#13506,
#13507,#13508,#13509,#13510,#13511,#13512,#13513,#13514,#13515,#13516,#13517,
#13518,#13519,#13520,#13521,#13522,#13523,#13524,#13525,#13526,#13527,#13528),
 .UNSPECIFIED.,.F.,.F.,(4,2,2,2,2,2,3,2,2,2,2,2,4),(-0.154379129181769,
-0.145575225623624,-0.13677132206548,-0.123129911035039,-0.109488500004598,
-0.0547442500022991,0.,0.0547442500022991,0.109488500004598,0.123129911035039,
0.13677132206548,0.145575225623624,0.154379129181769),.UNSPECIFIED.);
#165=B_SPLINE_CURVE_WITH_KNOTS('',3,(#13530,#13531,#13532,#13533,#13534,
#13535,#13536,#13537,#13538,#13539,#13540,#13541,#13542,#13543,#13544,#13545,
#13546,#13547,#13548,#13549,#13550,#13551,#13552,#13553,#13554,#13555,#13556),
 .UNSPECIFIED.,.F.,.F.,(4,2,2,2,2,2,3,2,2,2,2,2,4),(-0.154379129181769,
-0.145575225623624,-0.13677132206548,-0.123129911035039,-0.109488500004598,
-0.0547442500022991,0.,0.0547442500022991,0.109488500004598,0.123129911035039,
0.13677132206548,0.145575225623624,0.154379129181769),.UNSPECIFIED.);
#166=B_SPLINE_CURVE_WITH_KNOTS('',3,(#13557,#13558,#13559,#13560,#13561,
#13562,#13563,#13564,#13565,#13566,#13567,#13568,#13569,#13570,#13571,#13572,
#13573,#13574,#13575,#13576,#13577,#13578,#13579,#13580,#13581,#13582,#13583),
 .UNSPECIFIED.,.F.,.F.,(4,2,2,2,2,2,3,2,2,2,2,2,4),(-0.154379129181768,
-0.145575225623624,-0.13677132206548,-0.123129911035039,-0.109488500004598,
-0.0547442500022991,0.,0.0547442500022991,0.109488500004598,0.123129911035039,
0.13677132206548,0.145575225623624,0.154379129181768),.UNSPECIFIED.);
#167=B_SPLINE_CURVE_WITH_KNOTS('',3,(#14078,#14079,#14080,#14081,#14082,
#14083,#14084,#14085,#14086,#14087),.UNSPECIFIED.,.F.,.F.,(4,2,2,2,4),(-0.386283709465128,
-0.315085931450097,-0.227901704951982,0.,0.000871880815241118),
 .UNSPECIFIED.);
#168=B_SPLINE_CURVE_WITH_KNOTS('',3,(#14114,#14115,#14116,#14117,#14118,
#14119,#14120,#14121,#14122,#14123),.UNSPECIFIED.,.F.,.F.,(4,2,2,2,4),(-0.400926838554002,
-0.400023944659135,-0.164015703109463,-0.0737303057684028,0.),
 .UNSPECIFIED.);
#169=B_SPLINE_CURVE_WITH_KNOTS('',3,(#14135,#14136,#14137,#14138,#14139,
#14140,#14141,#14142,#14143,#14144),.UNSPECIFIED.,.F.,.F.,(4,2,2,2,4),(-0.400926838788663,
-0.40002394489143,-0.164015703109464,-0.0737303057684029,0.),
 .UNSPECIFIED.);
#170=B_SPLINE_CURVE_WITH_KNOTS('',3,(#14156,#14157,#14158,#14159,#14160,
#14161,#14162,#14163,#14164,#14165),.UNSPECIFIED.,.F.,.F.,(4,2,2,2,4),(-0.386283707239621,
-0.315085929745061,-0.227901703884279,0.,0.000871880814924641),
 .UNSPECIFIED.);
#171=B_SPLINE_CURVE_WITH_KNOTS('',3,(#14325,#14326,#14327,#14328,#14329,
#14330,#14331,#14332,#14333,#14334),.UNSPECIFIED.,.F.,.F.,(4,3,3,4),(0.,
0.112280783010613,0.224561566021227,0.392982740537146),.UNSPECIFIED.);
#172=B_SPLINE_CURVE_WITH_KNOTS('',3,(#14336,#14337,#14338,#14339),
 .UNSPECIFIED.,.F.,.F.,(4,4),(-0.4,-7.21644966006352E-16),.UNSPECIFIED.);
#173=B_SPLINE_CURVE_WITH_KNOTS('',3,(#14341,#14342,#14343,#14344,#14345,
#14346,#14347,#14348,#14349,#14350),.UNSPECIFIED.,.F.,.F.,(4,3,3,4),(0.,
0.16842117451592,0.280701957526533,0.392982740537147),.UNSPECIFIED.);
#174=B_SPLINE_CURVE_WITH_KNOTS('',3,(#14351,#14352,#14353,#14354),
 .UNSPECIFIED.,.F.,.F.,(4,4),(7.21644966006352E-16,0.4),.UNSPECIFIED.);
#175=B_SPLINE_CURVE_WITH_KNOTS('',3,(#14363,#14364,#14365,#14366),
 .UNSPECIFIED.,.F.,.F.,(4,4),(-0.773369938085407,-0.766981828529332),
 .UNSPECIFIED.);
#176=B_SPLINE_CURVE_WITH_KNOTS('',3,(#14370,#14371,#14372,#14373),
 .UNSPECIFIED.,.F.,.F.,(4,4),(1.07707723194732,1.07776641512407),
 .UNSPECIFIED.);
#177=B_SPLINE_CURVE_WITH_KNOTS('',3,(#14377,#14378,#14379,#14380,#14381,
#14382,#14383,#14384,#14385,#14386,#14387,#14388,#14389,#14390,#14391,#14392),
 .UNSPECIFIED.,.F.,.F.,(4,3,3,3,3,4),(-0.817845194612591,-0.639289756925426,
-0.219789598083992,0.167451566293546,0.566765847792858,0.817845194612592),
 .UNSPECIFIED.);
#178=B_SPLINE_CURVE_WITH_KNOTS('',3,(#14396,#14397,#14398,#14399),
 .UNSPECIFIED.,.F.,.F.,(4,4),(7.52291526170002,7.52360444482314),
 .UNSPECIFIED.);
#179=B_SPLINE_CURVE_WITH_KNOTS('',3,(#14403,#14404,#14405,#14406,#14407,
#14408,#14409,#14410,#14411,#14412,#14413,#14414,#14415),.UNSPECIFIED.,
 .F.,.F.,(4,3,3,3,4),(0.766981828610932,0.877860989773219,1.45198633916623,
2.21510152087446,2.37461082520962),.UNSPECIFIED.);
#180=B_SPLINE_CURVE_WITH_KNOTS('',3,(#14419,#14420,#14421,#14422,#14423,
#14424,#14425,#14426),.UNSPECIFIED.,.F.,.F.,(4,1,1,1,1,4),(0.,0.0425348007211421,
0.0850696014422843,0.170139202884569,0.255208804326853,0.482452314124093),
 .UNSPECIFIED.);
#181=B_SPLINE_CURVE_WITH_KNOTS('',3,(#14428,#14429,#14430,#14431,#14432,
#14433,#14434,#14435),.UNSPECIFIED.,.F.,.F.,(4,1,1,1,1,4),(0.113205379033143,
0.255208804326852,0.425348007211421,0.510417608653705,0.552952409374847,
0.595487210095989),.UNSPECIFIED.);
#182=B_SPLINE_CURVE_WITH_KNOTS('',3,(#14439,#14440,#14441,#14442),
 .UNSPECIFIED.,.F.,.F.,(4,4),(-2.37461082520962,-2.36822271551541),
 .UNSPECIFIED.);
#183=B_SPLINE_CURVE_WITH_KNOTS('',3,(#14444,#14445,#14446,#14447,#14448,
#14449,#14450,#14451,#14452,#14453),.UNSPECIFIED.,.F.,.F.,(4,3,3,4),(0.,
0.112280783010613,0.224561566021226,0.392982740537146),.UNSPECIFIED.);
#184=B_SPLINE_CURVE_WITH_KNOTS('',3,(#14499,#14500,#14501,#14502,#14503,
#14504,#14505,#14506,#14507,#14508),.UNSPECIFIED.,.F.,.F.,(4,3,3,4),(0.,
0.112280783010613,0.224561566021226,0.392982740537146),.UNSPECIFIED.);
#185=B_SPLINE_CURVE_WITH_KNOTS('',3,(#14510,#14511,#14512,#14513),
 .UNSPECIFIED.,.F.,.F.,(4,4),(-0.4,3.49318768745237E-33),.UNSPECIFIED.);
#186=B_SPLINE_CURVE_WITH_KNOTS('',3,(#14515,#14516,#14517,#14518,#14519,
#14520,#14521,#14522,#14523,#14524),.UNSPECIFIED.,.F.,.F.,(4,3,3,4),(0.,
0.16842117451592,0.280701957526533,0.392982740537146),.UNSPECIFIED.);
#187=B_SPLINE_CURVE_WITH_KNOTS('',3,(#14525,#14526,#14527,#14528),
 .UNSPECIFIED.,.F.,.F.,(4,4),(-3.49318768745237E-33,0.4),.UNSPECIFIED.);
#188=B_SPLINE_CURVE_WITH_KNOTS('',3,(#14537,#14538,#14539,#14540,#14541,
#14542,#14543,#14544,#14545,#14546),.UNSPECIFIED.,.F.,.F.,(4,3,3,4),(-3.14159265358979,
-2.92590081163459,-2.64447327001632,-2.36822271552488),.UNSPECIFIED.);
#189=B_SPLINE_CURVE_WITH_KNOTS('',3,(#14548,#14549,#14550,#14551,#14552,
#14553,#14554,#14555,#14556,#14557,#14558,#14559,#14560,#14561,#14562,#14563,
#14564,#14565,#14566,#14567,#14568,#14569,#14570,#14571,#14572,#14573,#14574,
#14575,#14576,#14577,#14578,#14579,#14580,#14581,#14582,#14583,#14584),
 .UNSPECIFIED.,.F.,.F.,(4,3,3,3,3,3,3,3,3,3,3,3,4),(-0.773369938064909,
-0.492973928124831,-0.238667544315721,-0.0229121690852689,0.191081875884137,
0.460659071980881,0.869899822163448,1.57048717595691,2.20608212964913,2.62161098997712,
2.88160182178346,3.09990232998724,3.14159265358979),.UNSPECIFIED.);
#190=B_SPLINE_CURVE_WITH_KNOTS('',3,(#14586,#14587,#14588,#14589,#14590,
#14591,#14592,#14593,#14594,#14595),.UNSPECIFIED.,.F.,.F.,(4,3,3,4),(-2.77555756156289E-17,
0.112280783010613,0.224561566021226,0.392982740537146),.UNSPECIFIED.);
#191=B_SPLINE_CURVE_WITH_KNOTS('',3,(#14628,#14629,#14630,#14631),
 .UNSPECIFIED.,.F.,.F.,(4,4),(-0.4,1.94289029309402E-16),.UNSPECIFIED.);
#192=B_SPLINE_CURVE_WITH_KNOTS('',3,(#14633,#14634,#14635,#14636,#14637,
#14638,#14639,#14640,#14641,#14642),.UNSPECIFIED.,.F.,.F.,(4,3,3,4),(0.,
0.16842117451592,0.280701957526533,0.392982740537147),.UNSPECIFIED.);
#193=B_SPLINE_CURVE_WITH_KNOTS('',3,(#14643,#14644,#14645,#14646),
 .UNSPECIFIED.,.F.,.F.,(4,4),(-1.94289029309402E-16,0.4),.UNSPECIFIED.);
#194=B_SPLINE_CURVE_WITH_KNOTS('',3,(#14676,#14677,#14678,#14679),
 .UNSPECIFIED.,.F.,.F.,(4,4),(-0.4,7.21644966006352E-16),.UNSPECIFIED.);
#195=B_SPLINE_CURVE_WITH_KNOTS('',3,(#14681,#14682,#14683,#14684,#14685,
#14686,#14687,#14688,#14689,#14690),.UNSPECIFIED.,.F.,.F.,(4,3,3,4),(0.,
0.16842117451592,0.280701957526533,0.392982740537146),.UNSPECIFIED.);
#196=B_SPLINE_CURVE_WITH_KNOTS('',3,(#14691,#14692,#14693,#14694),
 .UNSPECIFIED.,.F.,.F.,(4,4),(-7.21644966006352E-16,0.4),.UNSPECIFIED.);
#197=B_SPLINE_CURVE_WITH_KNOTS('',3,(#14735,#14736,#14737,#14738),
 .UNSPECIFIED.,.F.,.F.,(4,4),(2.36822271552488,2.37461082520962),
 .UNSPECIFIED.);
#198=B_SPLINE_CURVE_WITH_KNOTS('',3,(#14766,#14767,#14768,#14769),
 .UNSPECIFIED.,.F.,.F.,(4,4),(0.766981828380175,0.773369938085407),
 .UNSPECIFIED.);
#199=B_SPLINE_CURVE_WITH_KNOTS('',3,(#14774,#14775,#14776,#14777),
 .UNSPECIFIED.,.F.,.F.,(4,4),(2.37461082520962,2.56230250031805),
 .UNSPECIFIED.);
#200=B_SPLINE_CURVE_WITH_KNOTS('',3,(#14785,#14786,#14787,#14788),
 .UNSPECIFIED.,.F.,.F.,(4,4),(-2.56948156898338,-2.37461082520962),
 .UNSPECIFIED.);
#201=B_SPLINE_CURVE_WITH_KNOTS('',3,(#14790,#14791,#14792,#14793,#14794,
#14795,#14796,#14797,#14798,#14799,#14800,#14801,#14802),.UNSPECIFIED.,
 .F.,.F.,(4,3,3,3,4),(-2.37461082520962,-2.21510152087446,-1.45198633916623,
-0.877860989773219,-0.766981828380175),.UNSPECIFIED.);
#202=B_SPLINE_CURVE_WITH_KNOTS('',3,(#14804,#14805,#14806,#14807),
 .UNSPECIFIED.,.F.,.F.,(4,4),(-0.766981828380175,-0.572111084606423),
 .UNSPECIFIED.);
#203=B_SPLINE_CURVE_WITH_KNOTS('',3,(#14814,#14815,#14816,#14817),
 .UNSPECIFIED.,.F.,.F.,(4,4),(0.579290153271742,0.766981828380175),
 .UNSPECIFIED.);
#204=B_SPLINE_CURVE_WITH_KNOTS('',3,(#14927,#14928,#14929,#14930),
 .UNSPECIFIED.,.F.,.F.,(4,4),(-2.37461082520962,-2.36822271552488),
 .UNSPECIFIED.);
#205=B_SPLINE_CURVE_WITH_KNOTS('',3,(#14932,#14933,#14934,#14935,#14936,
#14937,#14938,#14939,#14940,#14941),.UNSPECIFIED.,.F.,.F.,(4,3,3,4),(-3.14159265358979,
-2.92590081163459,-2.64447327001632,-2.37461082520962),.UNSPECIFIED.);
#206=B_SPLINE_CURVE_WITH_KNOTS('',3,(#14945,#14946,#14947,#14948),
 .UNSPECIFIED.,.F.,.F.,(4,4),(-0.6,-0.4),.UNSPECIFIED.);
#207=B_SPLINE_CURVE_WITH_KNOTS('',3,(#14949,#14950,#14951,#14952,#14953,
#14954,#14955,#14956,#14957,#14958,#14959,#14960),.UNSPECIFIED.,.F.,.F.,
(4,2,2,2,2,4),(0.,0.106771706958083,0.19724614736672,0.271844966834545,
0.307996948379325,0.343820164345823),.UNSPECIFIED.);
#208=B_SPLINE_CURVE_WITH_KNOTS('',3,(#14963,#14964,#14965,#14966,#14967,
#14968,#14969,#14970,#14971,#14972,#14973,#14974),.UNSPECIFIED.,.F.,.F.,
(4,2,2,2,2,4),(0.,0.0688522172594859,0.141873702855489,0.224836299284701,
0.28233836033343,0.341533848379575),.UNSPECIFIED.);
#209=B_SPLINE_CURVE_WITH_KNOTS('',3,(#14975,#14976,#14977,#14978),
 .UNSPECIFIED.,.F.,.F.,(4,4),(-1.4,-1.2),.UNSPECIFIED.);
#210=B_SPLINE_CURVE_WITH_KNOTS('',3,(#15021,#15022,#15023,#15024,#15025,
#15026,#15027,#15028,#15029,#15030,#15031,#15032),.UNSPECIFIED.,.F.,.F.,
(4,2,2,2,2,4),(0.,0.0688646404381045,0.14188890612835,0.224833772404314,
0.28232045663906,0.341483036652048),.UNSPECIFIED.);
#211=B_SPLINE_CURVE_WITH_KNOTS('',3,(#15035,#15036,#15037,#15038,#15039,
#15040,#15041,#15042),.UNSPECIFIED.,.F.,.F.,(4,1,1,1,1,4),(-0.595487210095989,
-0.552952409374847,-0.510417608653705,-0.425348007211421,-0.255208804326852,
-1.36818063249269E-30),.UNSPECIFIED.);
#212=B_SPLINE_CURVE_WITH_KNOTS('',3,(#15084,#15085,#15086,#15087,#15088,
#15089,#15090,#15091,#15092,#15093,#15094,#15095),.UNSPECIFIED.,.F.,.F.,
(4,2,2,2,2,4),(0.,0.106715854434965,0.197173250174389,0.271772833407231,
0.307931989600584,0.343764257044832),.UNSPECIFIED.);
#213=B_SPLINE_CURVE_WITH_KNOTS('',3,(#15096,#15097,#15098,#15099,#15100,
#15101,#15102,#15103),.UNSPECIFIED.,.F.,.F.,(4,1,1,1,1,4),(-0.59548721009599,
-0.255208804326853,-0.170139202884569,-0.0850696014422843,-0.0425348007211421,
0.),.UNSPECIFIED.);
#214=B_SPLINE_CURVE_WITH_KNOTS('',3,(#15125,#15126,#15127,#15128,#15129,
#15130,#15131,#15132,#15133,#15134,#15135,#15136),.UNSPECIFIED.,.F.,.F.,
(4,2,2,2,2,4),(0.,0.0688657388135252,0.141895979492224,0.224853909098348,
0.282324532356417,0.341482993995326),.UNSPECIFIED.);
#215=B_SPLINE_CURVE_WITH_KNOTS('',3,(#15137,#15138,#15139,#15140),
 .UNSPECIFIED.,.F.,.F.,(4,4),(-7.41024167779284,-7.40966043406597),
 .UNSPECIFIED.);
#216=B_SPLINE_CURVE_WITH_KNOTS('',3,(#15162,#15163,#15164,#15165,#15166,
#15167,#15168,#15169,#15170,#15171,#15172,#15173),.UNSPECIFIED.,.F.,.F.,
(4,2,2,2,2,4),(0.,0.106717553029938,0.197176170457841,0.271780415782855,
0.307936567034516,0.343764393837077),.UNSPECIFIED.);
#217=B_SPLINE_CURVE_WITH_KNOTS('',3,(#15174,#15175,#15176,#15177),
 .UNSPECIFIED.,.F.,.F.,(4,4),(-1.19102124252825,-1.19043999880139),
 .UNSPECIFIED.);
#218=B_SPLINE_CURVE_WITH_KNOTS('',3,(#15213,#15214,#15215,#15216,#15217,
#15218,#15219,#15220,#15221,#15222,#15223,#15224,#15225,#15226,#15227,#15228),
 .UNSPECIFIED.,.F.,.F.,(4,1,1,1,1,1,1,1,1,1,1,1,1,4),(7.40961361151158,
7.57975281442461,7.74989201733764,7.83496161879415,7.92003122025066,7.96256602097892,
8.00510082170718,8.04763562243543,8.09017042316369,8.13270522389195,8.17524002462021,
8.26030962607672,8.43044882898974,8.60058803190277),.UNSPECIFIED.);
#219=B_SPLINE_CURVE_WITH_KNOTS('',3,(#15272,#15273,#15274,#15275,#15276,
#15277,#15278,#15279,#15280,#15281,#15282,#15283),.UNSPECIFIED.,.F.,.F.,
(4,2,2,2,2,4),(0.,0.106716394956865,0.197174179397196,0.271775243624195,
0.307933444625623,0.34376430053076),.UNSPECIFIED.);
#220=B_SPLINE_CURVE_WITH_KNOTS('',3,(#15285,#15286,#15287,#15288,#15289,
#15290,#15291,#15292),.UNSPECIFIED.,.F.,.F.,(4,1,1,1,1,4),(-2.09138613524859E-16,
0.255208804326852,0.425348007211421,0.510417608653705,0.552952409374847,
0.595487210095989),.UNSPECIFIED.);
#221=B_SPLINE_CURVE_WITH_KNOTS('',3,(#15295,#15296,#15297,#15298,#15299,
#15300,#15301,#15302),.UNSPECIFIED.,.F.,.F.,(4,1,1,1,1,4),(-0.595487210095989,
-0.552952409374847,-0.510417608653705,-0.425348007211421,-0.255208804326852,
-0.113205165487033),.UNSPECIFIED.);
#222=B_SPLINE_CURVE_WITH_KNOTS('',3,(#15345,#15346,#15347,#15348,#15349,
#15350,#15351,#15352,#15353,#15354,#15355,#15356),.UNSPECIFIED.,.F.,.F.,
(4,2,2,2,2,4),(0.,0.0688649989648453,0.141891214737204,0.224840344491507,
0.282321786717904,0.341483022732436),.UNSPECIFIED.);
#223=B_SPLINE_CURVE_WITH_KNOTS('',3,(#15357,#15358,#15359,#15360,#15361,
#15362,#15363,#15364),.UNSPECIFIED.,.F.,.F.,(4,1,1,1,1,4),(-0.482450006962634,
-0.255208804326853,-0.170139202884568,-0.0850696014422842,-0.0425348007211421,
0.),.UNSPECIFIED.);
#224=B_SPLINE_CURVE_WITH_KNOTS('',3,(#15365,#15366,#15367,#15368,#15369,
#15370,#15371,#15372),.UNSPECIFIED.,.F.,.F.,(4,1,1,1,1,4),(0.,0.0425348007211421,
0.0850696014422842,0.170139202884568,0.255208804326853,0.595487210095989),
 .UNSPECIFIED.);
#225=B_SPLINE_CURVE_WITH_KNOTS('',3,(#15491,#15492,#15493,#15494,#15495,
#15496,#15497,#15498,#15499,#15500,#15501,#15502),.UNSPECIFIED.,.F.,.F.,
(4,2,2,2,2,4),(0.,0.0486151209470297,0.148143485878475,0.232249229508416,
0.288476258225887,0.343588087909761),.UNSPECIFIED.);
#226=B_SPLINE_CURVE_WITH_KNOTS('',3,(#15504,#15505,#15506,#15507,#15508,
#15509,#15510,#15511,#15512,#15513,#15514,#15515),.UNSPECIFIED.,.F.,.F.,
(4,2,2,2,2,4),(0.,0.068865738756414,0.141895980093321,0.224853911850107,
0.282324528509298,0.341482993989244),.UNSPECIFIED.);
#227=B_SPLINE_CURVE_WITH_KNOTS('',3,(#15516,#15517,#15518,#15519,#15520,
#15521,#15522,#15523,#15524,#15525,#15526,#15527,#15528,#15529,#15530,#15531),
 .UNSPECIFIED.,.F.,.F.,(4,1,1,1,1,1,1,1,1,1,1,1,1,4),(-8.48734074602742,
-8.43044882898974,-8.26030962607672,-8.17524002462021,-8.13270522389195,
-8.09017042316369,-8.04763562243543,-8.00510082170718,-7.96256602097892,
-7.92003122025066,-7.83496161879415,-7.74989201733764,-7.57975281442461,
-7.52289142790945),.UNSPECIFIED.);
#228=B_SPLINE_CURVE_WITH_KNOTS('',3,(#15554,#15555,#15556,#15557,#15558,
#15559,#15560,#15561,#15562,#15563),.UNSPECIFIED.,.F.,.F.,(4,3,3,4),(-1.03084580118492,
-0.895930129540027,-0.388729199240908,0.),.UNSPECIFIED.);
#229=B_SPLINE_CURVE_WITH_KNOTS('',3,(#15567,#15568,#15569,#15570,#15571,
#15572,#15573,#15574,#15575,#15576),.UNSPECIFIED.,.F.,.F.,(4,3,3,4),(7.44981875668016E-14,
0.215741562454168,0.497233977725823,0.766981828380175),.UNSPECIFIED.);
#230=B_SPLINE_CURVE_WITH_KNOTS('',3,(#15579,#15580,#15581,#15582),
 .UNSPECIFIED.,.F.,.F.,(4,4),(-0.45,-0.0499999999999998),.UNSPECIFIED.);
#231=B_SPLINE_CURVE_WITH_KNOTS('',3,(#15611,#15612,#15613,#15614,#15615,
#15616,#15617,#15618,#15619,#15620,#15621,#15622,#15623),.UNSPECIFIED.,
 .F.,.F.,(4,3,3,3,4),(-0.766981828380175,-0.520100615013663,-0.260050307506793,
-0.0416998607126284,7.44981875668016E-14),.UNSPECIFIED.);
#232=B_SPLINE_CURVE_WITH_KNOTS('',3,(#15625,#15626,#15627,#15628,#15629,
#15630,#15631,#15632,#15633,#15634,#15635,#15636,#15637),.UNSPECIFIED.,
 .F.,.F.,(4,3,3,3,4),(-1.33179313855255,-1.25664813337248,-0.863170908868927,
-0.394548679185302,-0.28788649655472),.UNSPECIFIED.);
#233=B_SPLINE_CURVE_WITH_KNOTS('',3,(#15638,#15639,#15640,#15641),
 .UNSPECIFIED.,.F.,.F.,(4,4),(-0.4,0.),.UNSPECIFIED.);
#234=B_SPLINE_CURVE_WITH_KNOTS('',3,(#15649,#15650,#15651,#15652,#15653,
#15654,#15655,#15656,#15657,#15658,#15659,#15660,#15661,#15662,#15663,#15664),
 .UNSPECIFIED.,.F.,.F.,(4,2,2,2,2,2,2,4),(-2.38304888087622,-2.25132574894728,
-1.88885641089232,-1.56931239947585,-1.23799878734145,-0.890547337531717,
-0.500070426716912,-0.298941038263173),.UNSPECIFIED.);
#235=B_SPLINE_CURVE_WITH_KNOTS('',3,(#15710,#15711,#15712,#15713),
 .UNSPECIFIED.,.F.,.F.,(4,4),(-0.4,0.),.UNSPECIFIED.);
#236=B_SPLINE_CURVE_WITH_KNOTS('',3,(#15718,#15719,#15720,#15721),
 .UNSPECIFIED.,.F.,.F.,(4,4),(-0.45,-0.0499999999999998),.UNSPECIFIED.);
#237=B_SPLINE_CURVE_WITH_KNOTS('',3,(#15768,#15769,#15770,#15771,#15772,
#15773,#15774,#15775,#15776,#15777,#15778,#15779,#15780),.UNSPECIFIED.,
 .F.,.F.,(4,3,3,3,4),(2.37461082520962,2.6485637551114,2.90289677930829,
3.1186747564364,3.14159265358979),.UNSPECIFIED.);
#238=B_SPLINE_CURVE_WITH_KNOTS('',3,(#15897,#15898,#15899,#15900,#15901,
#15902,#15903,#15904,#15905,#15906,#15907,#15908,#15909),.UNSPECIFIED.,
 .F.,.F.,(4,3,3,3,4),(0.766981828380175,0.869899822163448,1.57048717595691,
2.20608212964913,2.37461082520962),.UNSPECIFIED.);
#239=B_SPLINE_CURVE_WITH_KNOTS('',3,(#15910,#15911,#15912,#15913),
 .UNSPECIFIED.,.F.,.F.,(4,4),(-0.773369938064909,-0.766981828380175),
 .UNSPECIFIED.);
#240=B_SPLINE_CURVE_WITH_KNOTS('',3,(#16085,#16086,#16087,#16088,#16089,
#16090,#16091,#16092,#16093,#16094,#16095),.UNSPECIFIED.,.F.,.F.,(4,2,3,
2,4),(-0.0188024726192776,-0.00941342609599041,0.,0.00941342609598962,0.018802472619276),
 .UNSPECIFIED.);
#241=B_SPLINE_CURVE_WITH_KNOTS('',3,(#16121,#16122,#16123,#16124,#16125,
#16126,#16127,#16128,#16129,#16130,#16131),.UNSPECIFIED.,.F.,.F.,(4,2,3,
2,4),(-0.0188024726192996,-0.00941342609599038,0.,0.00943183574445228,0.0188026468591795),
 .UNSPECIFIED.);
#242=B_SPLINE_CURVE_WITH_KNOTS('',3,(#16156,#16157,#16158,#16159,#16160,
#16161,#16162,#16163,#16164,#16165,#16166),.UNSPECIFIED.,.F.,.F.,(4,2,3,
2,4),(-0.0188024726192942,-0.00941342609599016,0.,0.00941342609598987,0.0188024726192936),
 .UNSPECIFIED.);
#243=B_SPLINE_CURVE_WITH_KNOTS('',3,(#16180,#16181,#16182,#16183,#16184,
#16185,#16186,#16187,#16188,#16189,#16190),.UNSPECIFIED.,.F.,.F.,(4,2,3,
2,4),(-0.0188024726192768,-0.00941342609598902,0.,0.00941342609599106,0.0188024726192809),
 .UNSPECIFIED.);
#244=B_SPLINE_CURVE_WITH_KNOTS('',3,(#16347,#16348,#16349,#16350,#16351,
#16352,#16353,#16354,#16355,#16356,#16357),.UNSPECIFIED.,.F.,.F.,(4,2,3,
2,4),(-0.0202931518358385,-0.0101682596777972,0.,0.0101682596777961,0.0202931518358363),
 .UNSPECIFIED.);
#245=B_SPLINE_CURVE_WITH_KNOTS('',3,(#16383,#16384,#16385,#16386,#16387,
#16388,#16389,#16390,#16391,#16392,#16393),.UNSPECIFIED.,.F.,.F.,(4,2,3,
2,4),(-0.02029315183575,-0.0101682596777974,0.,0.0101682596777958,0.0202931518357466),
 .UNSPECIFIED.);
#246=B_SPLINE_CURVE_WITH_KNOTS('',3,(#16418,#16419,#16420,#16421,#16422,
#16423,#16424,#16425,#16426,#16427,#16428),.UNSPECIFIED.,.F.,.F.,(4,2,3,
2,4),(-0.0202931518358019,-0.0101682596777966,0.,0.0101682596777968,0.0202931518358023),
 .UNSPECIFIED.);
#247=B_SPLINE_CURVE_WITH_KNOTS('',3,(#16442,#16443,#16444,#16445,#16446,
#16447,#16448,#16449,#16450,#16451,#16452),.UNSPECIFIED.,.F.,.F.,(4,2,3,
2,4),(-0.0202931518355562,-0.010168259677797,0.,0.010168259677796,0.0202931518355542),
 .UNSPECIFIED.);
#248=ITEM_DEFINED_TRANSFORMATION($,$,#8974,#9101);
#249=ITEM_DEFINED_TRANSFORMATION($,$,#9235,#9327);
#250=ITEM_DEFINED_TRANSFORMATION($,$,#9450,#9540);
#251=ITEM_DEFINED_TRANSFORMATION($,$,#8973,#9853);
#252=ITEM_DEFINED_TRANSFORMATION($,$,#9102,#9854);
#253=ITEM_DEFINED_TRANSFORMATION($,$,#9169,#9855);
#254=ITEM_DEFINED_TRANSFORMATION($,$,#9169,#9856);
#255=ITEM_DEFINED_TRANSFORMATION($,$,#9169,#9857);
#256=ITEM_DEFINED_TRANSFORMATION($,$,#9214,#9858);
#257=ITEM_DEFINED_TRANSFORMATION($,$,#9214,#9859);
#258=ITEM_DEFINED_TRANSFORMATION($,$,#9214,#9860);
#259=ITEM_DEFINED_TRANSFORMATION($,$,#9234,#9861);
#260=ITEM_DEFINED_TRANSFORMATION($,$,#9328,#9862);
#261=ITEM_DEFINED_TRANSFORMATION($,$,#9328,#9863);
#262=ITEM_DEFINED_TRANSFORMATION($,$,#9328,#9864);
#263=ITEM_DEFINED_TRANSFORMATION($,$,#9328,#9865);
#264=ITEM_DEFINED_TRANSFORMATION($,$,#9373,#9866);
#265=ITEM_DEFINED_TRANSFORMATION($,$,#9426,#9867);
#266=ITEM_DEFINED_TRANSFORMATION($,$,#9449,#9868);
#267=ITEM_DEFINED_TRANSFORMATION($,$,#9541,#9869);
#268=ITEM_DEFINED_TRANSFORMATION($,$,#9679,#9870);
#269=ITEM_DEFINED_TRANSFORMATION($,$,#9610,#9871);
#270=ITEM_DEFINED_TRANSFORMATION($,$,#9611,#9872);
#271=ITEM_DEFINED_TRANSFORMATION($,$,#9679,#9873);
#272=ITEM_DEFINED_TRANSFORMATION($,$,#9731,#9874);
#273=ITEM_DEFINED_TRANSFORMATION($,$,#9731,#9875);
#274=ITEM_DEFINED_TRANSFORMATION($,$,#9751,#9876);
#275=ITEM_DEFINED_TRANSFORMATION($,$,#9751,#9877);
#276=ITEM_DEFINED_TRANSFORMATION($,$,#9803,#9878);
#277=ITEM_DEFINED_TRANSFORMATION($,$,#9803,#9879);
#278=ITEM_DEFINED_TRANSFORMATION($,$,#9823,#9880);
#279=(
REPRESENTATION_RELATIONSHIP($,$,#16802,#16801)
REPRESENTATION_RELATIONSHIP_WITH_TRANSFORMATION(#248)
SHAPE_REPRESENTATION_RELATIONSHIP()
);
#280=(
REPRESENTATION_RELATIONSHIP($,$,#16807,#16806)
REPRESENTATION_RELATIONSHIP_WITH_TRANSFORMATION(#249)
SHAPE_REPRESENTATION_RELATIONSHIP()
);
#281=(
REPRESENTATION_RELATIONSHIP($,$,#16812,#16811)
REPRESENTATION_RELATIONSHIP_WITH_TRANSFORMATION(#250)
SHAPE_REPRESENTATION_RELATIONSHIP()
);
#282=(
REPRESENTATION_RELATIONSHIP($,$,#16801,#16800)
REPRESENTATION_RELATIONSHIP_WITH_TRANSFORMATION(#251)
SHAPE_REPRESENTATION_RELATIONSHIP()
);
#283=(
REPRESENTATION_RELATIONSHIP($,$,#16803,#16800)
REPRESENTATION_RELATIONSHIP_WITH_TRANSFORMATION(#252)
SHAPE_REPRESENTATION_RELATIONSHIP()
);
#284=(
REPRESENTATION_RELATIONSHIP($,$,#16804,#16800)
REPRESENTATION_RELATIONSHIP_WITH_TRANSFORMATION(#253)
SHAPE_REPRESENTATION_RELATIONSHIP()
);
#285=(
REPRESENTATION_RELATIONSHIP($,$,#16804,#16800)
REPRESENTATION_RELATIONSHIP_WITH_TRANSFORMATION(#254)
SHAPE_REPRESENTATION_RELATIONSHIP()
);
#286=(
REPRESENTATION_RELATIONSHIP($,$,#16804,#16800)
REPRESENTATION_RELATIONSHIP_WITH_TRANSFORMATION(#255)
SHAPE_REPRESENTATION_RELATIONSHIP()
);
#287=(
REPRESENTATION_RELATIONSHIP($,$,#16805,#16800)
REPRESENTATION_RELATIONSHIP_WITH_TRANSFORMATION(#256)
SHAPE_REPRESENTATION_RELATIONSHIP()
);
#288=(
REPRESENTATION_RELATIONSHIP($,$,#16805,#16800)
REPRESENTATION_RELATIONSHIP_WITH_TRANSFORMATION(#257)
SHAPE_REPRESENTATION_RELATIONSHIP()
);
#289=(
REPRESENTATION_RELATIONSHIP($,$,#16805,#16800)
REPRESENTATION_RELATIONSHIP_WITH_TRANSFORMATION(#258)
SHAPE_REPRESENTATION_RELATIONSHIP()
);
#290=(
REPRESENTATION_RELATIONSHIP($,$,#16806,#16800)
REPRESENTATION_RELATIONSHIP_WITH_TRANSFORMATION(#259)
SHAPE_REPRESENTATION_RELATIONSHIP()
);
#291=(
REPRESENTATION_RELATIONSHIP($,$,#16808,#16800)
REPRESENTATION_RELATIONSHIP_WITH_TRANSFORMATION(#260)
SHAPE_REPRESENTATION_RELATIONSHIP()
);
#292=(
REPRESENTATION_RELATIONSHIP($,$,#16808,#16800)
REPRESENTATION_RELATIONSHIP_WITH_TRANSFORMATION(#261)
SHAPE_REPRESENTATION_RELATIONSHIP()
);
#293=(
REPRESENTATION_RELATIONSHIP($,$,#16808,#16800)
REPRESENTATION_RELATIONSHIP_WITH_TRANSFORMATION(#262)
SHAPE_REPRESENTATION_RELATIONSHIP()
);
#294=(
REPRESENTATION_RELATIONSHIP($,$,#16808,#16800)
REPRESENTATION_RELATIONSHIP_WITH_TRANSFORMATION(#263)
SHAPE_REPRESENTATION_RELATIONSHIP()
);
#295=(
REPRESENTATION_RELATIONSHIP($,$,#16809,#16800)
REPRESENTATION_RELATIONSHIP_WITH_TRANSFORMATION(#264)
SHAPE_REPRESENTATION_RELATIONSHIP()
);
#296=(
REPRESENTATION_RELATIONSHIP($,$,#16810,#16800)
REPRESENTATION_RELATIONSHIP_WITH_TRANSFORMATION(#265)
SHAPE_REPRESENTATION_RELATIONSHIP()
);
#297=(
REPRESENTATION_RELATIONSHIP($,$,#16811,#16800)
REPRESENTATION_RELATIONSHIP_WITH_TRANSFORMATION(#266)
SHAPE_REPRESENTATION_RELATIONSHIP()
);
#298=(
REPRESENTATION_RELATIONSHIP($,$,#16813,#16800)
REPRESENTATION_RELATIONSHIP_WITH_TRANSFORMATION(#267)
SHAPE_REPRESENTATION_RELATIONSHIP()
);
#299=(
REPRESENTATION_RELATIONSHIP($,$,#16816,#16800)
REPRESENTATION_RELATIONSHIP_WITH_TRANSFORMATION(#268)
SHAPE_REPRESENTATION_RELATIONSHIP()
);
#300=(
REPRESENTATION_RELATIONSHIP($,$,#16814,#16800)
REPRESENTATION_RELATIONSHIP_WITH_TRANSFORMATION(#269)
SHAPE_REPRESENTATION_RELATIONSHIP()
);
#301=(
REPRESENTATION_RELATIONSHIP($,$,#16815,#16800)
REPRESENTATION_RELATIONSHIP_WITH_TRANSFORMATION(#270)
SHAPE_REPRESENTATION_RELATIONSHIP()
);
#302=(
REPRESENTATION_RELATIONSHIP($,$,#16816,#16800)
REPRESENTATION_RELATIONSHIP_WITH_TRANSFORMATION(#271)
SHAPE_REPRESENTATION_RELATIONSHIP()
);
#303=(
REPRESENTATION_RELATIONSHIP($,$,#16817,#16800)
REPRESENTATION_RELATIONSHIP_WITH_TRANSFORMATION(#272)
SHAPE_REPRESENTATION_RELATIONSHIP()
);
#304=(
REPRESENTATION_RELATIONSHIP($,$,#16817,#16800)
REPRESENTATION_RELATIONSHIP_WITH_TRANSFORMATION(#273)
SHAPE_REPRESENTATION_RELATIONSHIP()
);
#305=(
REPRESENTATION_RELATIONSHIP($,$,#16818,#16800)
REPRESENTATION_RELATIONSHIP_WITH_TRANSFORMATION(#274)
SHAPE_REPRESENTATION_RELATIONSHIP()
);
#306=(
REPRESENTATION_RELATIONSHIP($,$,#16818,#16800)
REPRESENTATION_RELATIONSHIP_WITH_TRANSFORMATION(#275)
SHAPE_REPRESENTATION_RELATIONSHIP()
);
#307=(
REPRESENTATION_RELATIONSHIP($,$,#16819,#16800)
REPRESENTATION_RELATIONSHIP_WITH_TRANSFORMATION(#276)
SHAPE_REPRESENTATION_RELATIONSHIP()
);
#308=(
REPRESENTATION_RELATIONSHIP($,$,#16819,#16800)
REPRESENTATION_RELATIONSHIP_WITH_TRANSFORMATION(#277)
SHAPE_REPRESENTATION_RELATIONSHIP()
);
#309=(
REPRESENTATION_RELATIONSHIP($,$,#16820,#16800)
REPRESENTATION_RELATIONSHIP_WITH_TRANSFORMATION(#278)
SHAPE_REPRESENTATION_RELATIONSHIP()
);
#310=CONTEXT_DEPENDENT_SHAPE_REPRESENTATION(#279,#16751);
#311=CONTEXT_DEPENDENT_SHAPE_REPRESENTATION(#280,#16757);
#312=CONTEXT_DEPENDENT_SHAPE_REPRESENTATION(#281,#16763);
#313=CONTEXT_DEPENDENT_SHAPE_REPRESENTATION(#282,#16772);
#314=CONTEXT_DEPENDENT_SHAPE_REPRESENTATION(#283,#16773);
#315=CONTEXT_DEPENDENT_SHAPE_REPRESENTATION(#284,#16774);
#316=CONTEXT_DEPENDENT_SHAPE_REPRESENTATION(#285,#16775);
#317=CONTEXT_DEPENDENT_SHAPE_REPRESENTATION(#286,#16776);
#318=CONTEXT_DEPENDENT_SHAPE_REPRESENTATION(#287,#16777);
#319=CONTEXT_DEPENDENT_SHAPE_REPRESENTATION(#288,#16778);
#320=CONTEXT_DEPENDENT_SHAPE_REPRESENTATION(#289,#16779);
#321=CONTEXT_DEPENDENT_SHAPE_REPRESENTATION(#290,#16780);
#322=CONTEXT_DEPENDENT_SHAPE_REPRESENTATION(#291,#16781);
#323=CONTEXT_DEPENDENT_SHAPE_REPRESENTATION(#292,#16782);
#324=CONTEXT_DEPENDENT_SHAPE_REPRESENTATION(#293,#16783);
#325=CONTEXT_DEPENDENT_SHAPE_REPRESENTATION(#294,#16784);
#326=CONTEXT_DEPENDENT_SHAPE_REPRESENTATION(#295,#16785);
#327=CONTEXT_DEPENDENT_SHAPE_REPRESENTATION(#296,#16786);
#328=CONTEXT_DEPENDENT_SHAPE_REPRESENTATION(#297,#16787);
#329=CONTEXT_DEPENDENT_SHAPE_REPRESENTATION(#298,#16788);
#330=CONTEXT_DEPENDENT_SHAPE_REPRESENTATION(#299,#16789);
#331=CONTEXT_DEPENDENT_SHAPE_REPRESENTATION(#300,#16790);
#332=CONTEXT_DEPENDENT_SHAPE_REPRESENTATION(#301,#16791);
#333=CONTEXT_DEPENDENT_SHAPE_REPRESENTATION(#302,#16792);
#334=CONTEXT_DEPENDENT_SHAPE_REPRESENTATION(#303,#16793);
#335=CONTEXT_DEPENDENT_SHAPE_REPRESENTATION(#304,#16794);
#336=CONTEXT_DEPENDENT_SHAPE_REPRESENTATION(#305,#16795);
#337=CONTEXT_DEPENDENT_SHAPE_REPRESENTATION(#306,#16796);
#338=CONTEXT_DEPENDENT_SHAPE_REPRESENTATION(#307,#16797);
#339=CONTEXT_DEPENDENT_SHAPE_REPRESENTATION(#308,#16798);
#340=CONTEXT_DEPENDENT_SHAPE_REPRESENTATION(#309,#16799);
#341=NEXT_ASSEMBLY_USAGE_OCCURRENCE('lead nut:1','lead nut:1',
'lead nut:1',#16823,#16824,'lead nut:1');
#342=NEXT_ASSEMBLY_USAGE_OCCURRENCE('Component4:1','Component4:1',
'Component4:1',#16828,#16829,'Component4:1');
#343=NEXT_ASSEMBLY_USAGE_OCCURRENCE('Component3:1','Component3:1',
'Component3:1',#16833,#16834,'Component3:1');
#344=NEXT_ASSEMBLY_USAGE_OCCURRENCE('lead:1','lead:1','lead:1',#16822,#16823,
'lead:1');
#345=NEXT_ASSEMBLY_USAGE_OCCURRENCE('Pressing_tool:1','Pressing_tool:1',
'Pressing_tool:1',#16822,#16825,'Pressing_tool:1');
#346=NEXT_ASSEMBLY_USAGE_OCCURRENCE(
'Cheese Head Screw DIN EN ISO 7048 - M3 x 16 - H Steel 4.6 Plain:1',
'Cheese Head Screw DIN EN ISO 7048 - M3 x 16 - H Steel 4.6 Plain:1',
'Cheese Head Screw DIN EN ISO 7048 - M3 x 16 - H Steel 4.6 Plain:1',#16822,
#16826,
'Cheese Head Screw DIN EN ISO 7048 - M3 x 16 - H Steel 4.6 Plain:1');
#347=NEXT_ASSEMBLY_USAGE_OCCURRENCE(
'Cheese Head Screw DIN EN ISO 7048 - M3 x 16 - H Steel 4.6 Plain:2',
'Cheese Head Screw DIN EN ISO 7048 - M3 x 16 - H Steel 4.6 Plain:2',
'Cheese Head Screw DIN EN ISO 7048 - M3 x 16 - H Steel 4.6 Plain:2',#16822,
#16826,
'Cheese Head Screw DIN EN ISO 7048 - M3 x 16 - H Steel 4.6 Plain:2');
#348=NEXT_ASSEMBLY_USAGE_OCCURRENCE(
'Cheese Head Screw DIN EN ISO 7048 - M3 x 16 - H Steel 4.6 Plain:3',
'Cheese Head Screw DIN EN ISO 7048 - M3 x 16 - H Steel 4.6 Plain:3',
'Cheese Head Screw DIN EN ISO 7048 - M3 x 16 - H Steel 4.6 Plain:3',#16822,
#16826,
'Cheese Head Screw DIN EN ISO 7048 - M3 x 16 - H Steel 4.6 Plain:3');
#349=NEXT_ASSEMBLY_USAGE_OCCURRENCE(
'Hexagon Thin Nut DIN 439-2 - M3 x 0.5 Steel 6 Plain:1',
'Hexagon Thin Nut DIN 439-2 - M3 x 0.5 Steel 6 Plain:1',
'Hexagon Thin Nut DIN 439-2 - M3 x 0.5 Steel 6 Plain:1',#16822,#16827,
'Hexagon Thin Nut DIN 439-2 - M3 x 0.5 Steel 6 Plain:1');
#350=NEXT_ASSEMBLY_USAGE_OCCURRENCE(
'Hexagon Thin Nut DIN 439-2 - M3 x 0.5 Steel 6 Plain:2',
'Hexagon Thin Nut DIN 439-2 - M3 x 0.5 Steel 6 Plain:2',
'Hexagon Thin Nut DIN 439-2 - M3 x 0.5 Steel 6 Plain:2',#16822,#16827,
'Hexagon Thin Nut DIN 439-2 - M3 x 0.5 Steel 6 Plain:2');
#351=NEXT_ASSEMBLY_USAGE_OCCURRENCE(
'Hexagon Thin Nut DIN 439-2 - M3 x 0.5 Steel 6 Plain:3',
'Hexagon Thin Nut DIN 439-2 - M3 x 0.5 Steel 6 Plain:3',
'Hexagon Thin Nut DIN 439-2 - M3 x 0.5 Steel 6 Plain:3',#16822,#16827,
'Hexagon Thin Nut DIN 439-2 - M3 x 0.5 Steel 6 Plain:3');
#352=NEXT_ASSEMBLY_USAGE_OCCURRENCE('mgn12c_1:1','mgn12c_1:1',
'mgn12c_1:1',#16822,#16828,'mgn12c_1:1');
#353=NEXT_ASSEMBLY_USAGE_OCCURRENCE(
'Cheese Head Screw DIN EN ISO 7048 - M3 x 8 - H Steel 4.6 Plain:1',
'Cheese Head Screw DIN EN ISO 7048 - M3 x 8 - H Steel 4.6 Plain:1',
'Cheese Head Screw DIN EN ISO 7048 - M3 x 8 - H Steel 4.6 Plain:1',#16822,
#16830,
'Cheese Head Screw DIN EN ISO 7048 - M3 x 8 - H Steel 4.6 Plain:1');
#354=NEXT_ASSEMBLY_USAGE_OCCURRENCE(
'Cheese Head Screw DIN EN ISO 7048 - M3 x 8 - H Steel 4.6 Plain:2',
'Cheese Head Screw DIN EN ISO 7048 - M3 x 8 - H Steel 4.6 Plain:2',
'Cheese Head Screw DIN EN ISO 7048 - M3 x 8 - H Steel 4.6 Plain:2',#16822,
#16830,
'Cheese Head Screw DIN EN ISO 7048 - M3 x 8 - H Steel 4.6 Plain:2');
#355=NEXT_ASSEMBLY_USAGE_OCCURRENCE(
'Cheese Head Screw DIN EN ISO 7048 - M3 x 8 - H Steel 4.6 Plain:3',
'Cheese Head Screw DIN EN ISO 7048 - M3 x 8 - H Steel 4.6 Plain:3',
'Cheese Head Screw DIN EN ISO 7048 - M3 x 8 - H Steel 4.6 Plain:3',#16822,
#16830,
'Cheese Head Screw DIN EN ISO 7048 - M3 x 8 - H Steel 4.6 Plain:3');
#356=NEXT_ASSEMBLY_USAGE_OCCURRENCE(
'Cheese Head Screw DIN EN ISO 7048 - M3 x 8 - H Steel 4.6 Plain:4',
'Cheese Head Screw DIN EN ISO 7048 - M3 x 8 - H Steel 4.6 Plain:4',
'Cheese Head Screw DIN EN ISO 7048 - M3 x 8 - H Steel 4.6 Plain:4',#16822,
#16830,
'Cheese Head Screw DIN EN ISO 7048 - M3 x 8 - H Steel 4.6 Plain:4');
#357=NEXT_ASSEMBLY_USAGE_OCCURRENCE(
'Cheese Head Screw DIN EN ISO 7048 - M2.5 x 8 - H Steel 4.6 Plain:1',
'Cheese Head Screw DIN EN ISO 7048 - M2.5 x 8 - H Steel 4.6 Plain:1',
'Cheese Head Screw DIN EN ISO 7048 - M2.5 x 8 - H Steel 4.6 Plain:1',#16822,
#16831,
'Cheese Head Screw DIN EN ISO 7048 - M2.5 x 8 - H Steel 4.6 Plain:1');
#358=NEXT_ASSEMBLY_USAGE_OCCURRENCE(
'Hexagon Cap Nut DIN 917 - M2.5 Steel 6 Plain:1',
'Hexagon Cap Nut DIN 917 - M2.5 Steel 6 Plain:1',
'Hexagon Cap Nut DIN 917 - M2.5 Steel 6 Plain:1',#16822,#16832,
'Hexagon Cap Nut DIN 917 - M2.5 Steel 6 Plain:1');
#359=NEXT_ASSEMBLY_USAGE_OCCURRENCE('motor_lead_mount:1',
'motor_lead_mount:1','motor_lead_mount:1',#16822,#16833,
'motor_lead_mount:1');
#360=NEXT_ASSEMBLY_USAGE_OCCURRENCE('motor_mount_x:1','motor_mount_x:1',
'motor_mount_x:1',#16822,#16835,'motor_mount_x:1');
#361=NEXT_ASSEMBLY_USAGE_OCCURRENCE(
'Raised Cheese Head Screw DIN 7985 - M2 x 5 - H Steel 4.6 Plain:1',
'Raised Cheese Head Screw DIN 7985 - M2 x 5 - H Steel 4.6 Plain:1',
'Raised Cheese Head Screw DIN 7985 - M2 x 5 - H Steel 4.6 Plain:1',#16822,
#16838,
'Raised Cheese Head Screw DIN 7985 - M2 x 5 - H Steel 4.6 Plain:1');
#362=NEXT_ASSEMBLY_USAGE_OCCURRENCE('Component8:1','Component8:1',
'Component8:1',#16822,#16836,'Component8:1');
#363=NEXT_ASSEMBLY_USAGE_OCCURRENCE('bushing mount x:1',
'bushing mount x:1','bushing mount x:1',#16822,#16837,
'bushing mount x:1');
#364=NEXT_ASSEMBLY_USAGE_OCCURRENCE(
'Raised Cheese Head Screw DIN 7985 - M2 x 5 - H Steel 4.6 Plain:2',
'Raised Cheese Head Screw DIN 7985 - M2 x 5 - H Steel 4.6 Plain:2',
'Raised Cheese Head Screw DIN 7985 - M2 x 5 - H Steel 4.6 Plain:2',#16822,
#16838,
'Raised Cheese Head Screw DIN 7985 - M2 x 5 - H Steel 4.6 Plain:2');
#365=NEXT_ASSEMBLY_USAGE_OCCURRENCE(
'Hexagon Thin Nut DIN 439-2 - M2 x 0.4 Steel 6 Plain:1',
'Hexagon Thin Nut DIN 439-2 - M2 x 0.4 Steel 6 Plain:1',
'Hexagon Thin Nut DIN 439-2 - M2 x 0.4 Steel 6 Plain:1',#16822,#16839,
'Hexagon Thin Nut DIN 439-2 - M2 x 0.4 Steel 6 Plain:1');
#366=NEXT_ASSEMBLY_USAGE_OCCURRENCE(
'Hexagon Thin Nut DIN 439-2 - M2 x 0.4 Steel 6 Plain:2',
'Hexagon Thin Nut DIN 439-2 - M2 x 0.4 Steel 6 Plain:2',
'Hexagon Thin Nut DIN 439-2 - M2 x 0.4 Steel 6 Plain:2',#16822,#16839,
'Hexagon Thin Nut DIN 439-2 - M2 x 0.4 Steel 6 Plain:2');
#367=NEXT_ASSEMBLY_USAGE_OCCURRENCE(
'Raised Cheese Head Screw DIN 7985 - M2.5 x 14 - H Steel 4.6 Plain:1',
'Raised Cheese Head Screw DIN 7985 - M2.5 x 14 - H Steel 4.6 Plain:1',
'Raised Cheese Head Screw DIN 7985 - M2.5 x 14 - H Steel 4.6 Plain:1',#16822,
#16840,
'Raised Cheese Head Screw DIN 7985 - M2.5 x 14 - H Steel 4.6 Plain:1');
#368=NEXT_ASSEMBLY_USAGE_OCCURRENCE(
'Raised Cheese Head Screw DIN 7985 - M2.5 x 14 - H Steel 4.6 Plain:2',
'Raised Cheese Head Screw DIN 7985 - M2.5 x 14 - H Steel 4.6 Plain:2',
'Raised Cheese Head Screw DIN 7985 - M2.5 x 14 - H Steel 4.6 Plain:2',#16822,
#16840,
'Raised Cheese Head Screw DIN 7985 - M2.5 x 14 - H Steel 4.6 Plain:2');
#369=NEXT_ASSEMBLY_USAGE_OCCURRENCE(
'Hexagon Thin Nut DIN 439-2 - M2.5 x 0.45 Steel 6 Plain:1',
'Hexagon Thin Nut DIN 439-2 - M2.5 x 0.45 Steel 6 Plain:1',
'Hexagon Thin Nut DIN 439-2 - M2.5 x 0.45 Steel 6 Plain:1',#16822,#16841,
'Hexagon Thin Nut DIN 439-2 - M2.5 x 0.45 Steel 6 Plain:1');
#370=NEXT_ASSEMBLY_USAGE_OCCURRENCE(
'Hexagon Thin Nut DIN 439-2 - M2.5 x 0.45 Steel 6 Plain:2',
'Hexagon Thin Nut DIN 439-2 - M2.5 x 0.45 Steel 6 Plain:2',
'Hexagon Thin Nut DIN 439-2 - M2.5 x 0.45 Steel 6 Plain:2',#16822,#16841,
'Hexagon Thin Nut DIN 439-2 - M2.5 x 0.45 Steel 6 Plain:2');
#371=NEXT_ASSEMBLY_USAGE_OCCURRENCE('bushing:1','bushing:1','bushing:1',
#16822,#16842,'bushing:1');
#372=SHAPE_REPRESENTATION_RELATIONSHIP('SRR','None',#16802,#391);
#373=SHAPE_REPRESENTATION_RELATIONSHIP('SRR','None',#16801,#392);
#374=SHAPE_REPRESENTATION_RELATIONSHIP('SRR','None',#16803,#393);
#375=SHAPE_REPRESENTATION_RELATIONSHIP('SRR','None',#16804,#394);
#376=SHAPE_REPRESENTATION_RELATIONSHIP('SRR','None',#16805,#395);
#377=SHAPE_REPRESENTATION_RELATIONSHIP('SRR','None',#16807,#396);
#378=SHAPE_REPRESENTATION_RELATIONSHIP('SRR','None',#16806,#397);
#379=SHAPE_REPRESENTATION_RELATIONSHIP('SRR','None',#16808,#398);
#380=SHAPE_REPRESENTATION_RELATIONSHIP('SRR','None',#16809,#399);
#381=SHAPE_REPRESENTATION_RELATIONSHIP('SRR','None',#16810,#400);
#382=SHAPE_REPRESENTATION_RELATIONSHIP('SRR','None',#16812,#401);
#383=SHAPE_REPRESENTATION_RELATIONSHIP('SRR','None',#16811,#402);
#384=SHAPE_REPRESENTATION_RELATIONSHIP('SRR','None',#16813,#403);
#385=SHAPE_REPRESENTATION_RELATIONSHIP('SRR','None',#16815,#404);
#386=SHAPE_REPRESENTATION_RELATIONSHIP('SRR','None',#16816,#405);
#387=SHAPE_REPRESENTATION_RELATIONSHIP('SRR','None',#16817,#406);
#388=SHAPE_REPRESENTATION_RELATIONSHIP('SRR','None',#16818,#407);
#389=SHAPE_REPRESENTATION_RELATIONSHIP('SRR','None',#16819,#408);
#390=SHAPE_REPRESENTATION_RELATIONSHIP('SRR','None',#16820,#409);
#391=ADVANCED_BREP_SHAPE_REPRESENTATION('',(#430),#16703);
#392=ADVANCED_BREP_SHAPE_REPRESENTATION('',(#431),#16702);
#393=ADVANCED_BREP_SHAPE_REPRESENTATION('',(#432),#16704);
#394=ADVANCED_BREP_SHAPE_REPRESENTATION('',(#433),#16705);
#395=ADVANCED_BREP_SHAPE_REPRESENTATION('',(#434),#16706);
#396=ADVANCED_BREP_SHAPE_REPRESENTATION('',(#435),#16708);
#397=ADVANCED_BREP_SHAPE_REPRESENTATION('',(#436),#16707);
#398=ADVANCED_BREP_SHAPE_REPRESENTATION('',(#437),#16709);
#399=ADVANCED_BREP_SHAPE_REPRESENTATION('',(#438),#16710);
#400=ADVANCED_BREP_SHAPE_REPRESENTATION('',(#439),#16711);
#401=ADVANCED_BREP_SHAPE_REPRESENTATION('',(#440),#16713);
#402=ADVANCED_BREP_SHAPE_REPRESENTATION('',(#441),#16712);
#403=ADVANCED_BREP_SHAPE_REPRESENTATION('',(#442),#16714);
#404=ADVANCED_BREP_SHAPE_REPRESENTATION('',(#443),#16716);
#405=ADVANCED_BREP_SHAPE_REPRESENTATION('',(#444),#16717);
#406=ADVANCED_BREP_SHAPE_REPRESENTATION('',(#445),#16718);
#407=ADVANCED_BREP_SHAPE_REPRESENTATION('',(#446),#16719);
#408=ADVANCED_BREP_SHAPE_REPRESENTATION('',(#447),#16720);
#409=ADVANCED_BREP_SHAPE_REPRESENTATION('',(#448),#16721);
#410=STYLED_ITEM('',(#16909),#430);
#411=STYLED_ITEM('',(#16911),#431);
#412=STYLED_ITEM('',(#16910),#432);
#413=STYLED_ITEM('',(#16909),#433);
#414=STYLED_ITEM('',(#16912),#434);
#415=STYLED_ITEM('',(#16910),#435);
#416=STYLED_ITEM('',(#16909),#436);
#417=STYLED_ITEM('',(#16909),#437);
#418=STYLED_ITEM('',(#16909),#438);
#419=STYLED_ITEM('',(#16912),#439);
#420=STYLED_ITEM('',(#16910),#440);
#421=STYLED_ITEM('',(#16910),#441);
#422=STYLED_ITEM('',(#16910),#442);
#423=STYLED_ITEM('',(#16910),#443);
#424=STYLED_ITEM('',(#16909),#444);
#425=STYLED_ITEM('',(#16912),#445);
#426=STYLED_ITEM('',(#16909),#446);
#427=STYLED_ITEM('',(#16912),#447);
#428=STYLED_ITEM('',(#16913),#448);
#429=STYLED_ITEM('',(#16914),#14);
#430=MANIFOLD_SOLID_BREP('Body1',#8765);
#431=MANIFOLD_SOLID_BREP('Body1',#8766);
#432=MANIFOLD_SOLID_BREP('Body1',#8767);
#433=MANIFOLD_SOLID_BREP('Body1',#8768);
#434=MANIFOLD_SOLID_BREP('Body1',#8769);
#435=MANIFOLD_SOLID_BREP('Body1',#8770);
#436=MANIFOLD_SOLID_BREP('Body1',#8771);
#437=MANIFOLD_SOLID_BREP('Body1',#8772);
#438=MANIFOLD_SOLID_BREP('Body1',#8773);
#439=MANIFOLD_SOLID_BREP('Body1',#8774);
#440=MANIFOLD_SOLID_BREP('Body1',#8775);
#441=MANIFOLD_SOLID_BREP('Body3',#8776);
#442=MANIFOLD_SOLID_BREP('Body1',#8777);
#443=MANIFOLD_SOLID_BREP('Body1',#8778);
#444=MANIFOLD_SOLID_BREP('Body1',#8779);
#445=MANIFOLD_SOLID_BREP('Body1',#8780);
#446=MANIFOLD_SOLID_BREP('Body1',#8781);
#447=MANIFOLD_SOLID_BREP('Body1',#8782);
#448=MANIFOLD_SOLID_BREP('Body1',#8783);
#449=FACE_BOUND('',#1295,.T.);
#450=FACE_BOUND('',#1296,.T.);
#451=FACE_BOUND('',#1297,.T.);
#452=FACE_BOUND('',#1298,.T.);
#453=FACE_BOUND('',#1301,.T.);
#454=FACE_BOUND('',#1302,.T.);
#455=FACE_BOUND('',#1303,.T.);
#456=FACE_BOUND('',#1304,.T.);
#457=FACE_BOUND('',#1310,.T.);
#458=FACE_BOUND('',#1320,.T.);
#459=FACE_BOUND('',#1322,.T.);
#460=FACE_BOUND('',#1324,.T.);
#461=FACE_BOUND('',#1327,.T.);
#462=FACE_BOUND('',#1328,.T.);
#463=FACE_BOUND('',#1329,.T.);
#464=FACE_BOUND('',#1337,.T.);
#465=FACE_BOUND('',#1340,.T.);
#466=FACE_BOUND('',#1356,.T.);
#467=FACE_BOUND('',#1374,.T.);
#468=FACE_BOUND('',#1375,.T.);
#469=FACE_BOUND('',#1376,.T.);
#470=FACE_BOUND('',#1377,.T.);
#471=FACE_BOUND('',#1387,.T.);
#472=FACE_BOUND('',#1394,.T.);
#473=FACE_BOUND('',#1399,.T.);
#474=FACE_BOUND('',#1400,.T.);
#475=FACE_BOUND('',#1401,.T.);
#476=FACE_BOUND('',#1402,.T.);
#477=FACE_BOUND('',#1411,.T.);
#478=FACE_BOUND('',#1412,.T.);
#479=FACE_BOUND('',#1413,.T.);
#480=FACE_BOUND('',#1414,.T.);
#481=FACE_BOUND('',#1440,.T.);
#482=FACE_BOUND('',#1444,.T.);
#483=FACE_BOUND('',#1459,.T.);
#484=FACE_BOUND('',#1462,.T.);
#485=FACE_BOUND('',#1481,.T.);
#486=FACE_BOUND('',#1482,.T.);
#487=FACE_BOUND('',#1483,.T.);
#488=FACE_BOUND('',#1484,.T.);
#489=FACE_BOUND('',#1508,.T.);
#490=FACE_BOUND('',#1510,.T.);
#491=FACE_BOUND('',#1512,.T.);
#492=FACE_BOUND('',#1514,.T.);
#493=FACE_BOUND('',#1515,.T.);
#494=FACE_BOUND('',#1516,.T.);
#495=FACE_BOUND('',#1545,.T.);
#496=FACE_BOUND('',#1549,.T.);
#497=FACE_BOUND('',#1573,.T.);
#498=FACE_BOUND('',#1577,.T.);
#499=FACE_BOUND('',#1591,.T.);
#500=FACE_BOUND('',#1609,.T.);
#501=FACE_BOUND('',#1618,.T.);
#502=FACE_BOUND('',#1619,.T.);
#503=FACE_BOUND('',#1620,.T.);
#504=FACE_BOUND('',#1622,.T.);
#505=FACE_BOUND('',#1623,.T.);
#506=FACE_BOUND('',#1624,.T.);
#507=FACE_BOUND('',#1635,.T.);
#508=FACE_BOUND('',#1637,.T.);
#509=FACE_BOUND('',#1639,.T.);
#510=FACE_BOUND('',#1649,.T.);
#511=FACE_BOUND('',#1650,.T.);
#512=FACE_BOUND('',#1651,.T.);
#513=FACE_BOUND('',#1659,.T.);
#514=FACE_BOUND('',#1667,.T.);
#515=FACE_BOUND('',#1676,.T.);
#516=FACE_BOUND('',#1677,.T.);
#517=FACE_BOUND('',#1687,.T.);
#518=FACE_BOUND('',#1688,.T.);
#519=FACE_BOUND('',#1706,.T.);
#520=FACE_BOUND('',#1709,.T.);
#521=FACE_BOUND('',#1728,.T.);
#522=FACE_BOUND('',#1729,.T.);
#523=FACE_BOUND('',#1733,.T.);
#524=FACE_BOUND('',#1734,.T.);
#525=FACE_BOUND('',#1738,.T.);
#526=FACE_BOUND('',#1741,.T.);
#527=FACE_BOUND('',#1742,.T.);
#528=FACE_BOUND('',#1744,.T.);
#529=FACE_BOUND('',#1752,.T.);
#530=FACE_BOUND('',#1764,.T.);
#531=FACE_BOUND('',#1765,.T.);
#532=FACE_BOUND('',#1767,.T.);
#533=FACE_BOUND('',#1790,.T.);
#534=FACE_BOUND('',#1796,.T.);
#535=FACE_BOUND('',#1807,.T.);
#536=FACE_BOUND('',#1810,.T.);
#537=FACE_BOUND('',#1832,.T.);
#538=FACE_BOUND('',#1838,.T.);
#539=FACE_BOUND('',#1849,.T.);
#540=FACE_BOUND('',#1852,.T.);
#541=FACE_BOUND('',#1864,.T.);
#542=FACE_BOUND('',#1866,.T.);
#543=FACE_BOUND('',#1868,.T.);
#544=FACE_BOUND('',#1870,.T.);
#545=PLANE('',#8978);
#546=PLANE('',#8985);
#547=PLANE('',#8995);
#548=PLANE('',#8996);
#549=PLANE('',#9023);
#550=PLANE('',#9025);
#551=PLANE('',#9027);
#552=PLANE('',#9031);
#553=PLANE('',#9035);
#554=PLANE('',#9036);
#555=PLANE('',#9037);
#556=PLANE('',#9038);
#557=PLANE('',#9041);
#558=PLANE('',#9048);
#559=PLANE('',#9049);
#560=PLANE('',#9057);
#561=PLANE('',#9059);
#562=PLANE('',#9061);
#563=PLANE('',#9063);
#564=PLANE('',#9064);
#565=PLANE('',#9066);
#566=PLANE('',#9068);
#567=PLANE('',#9072);
#568=PLANE('',#9079);
#569=PLANE('',#9082);
#570=PLANE('',#9085);
#571=PLANE('',#9088);
#572=PLANE('',#9089);
#573=PLANE('',#9092);
#574=PLANE('',#9095);
#575=PLANE('',#9098);
#576=PLANE('',#9099);
#577=PLANE('',#9103);
#578=PLANE('',#9108);
#579=PLANE('',#9109);
#580=PLANE('',#9110);
#581=PLANE('',#9111);
#582=PLANE('',#9112);
#583=PLANE('',#9113);
#584=PLANE('',#9114);
#585=PLANE('',#9115);
#586=PLANE('',#9116);
#587=PLANE('',#9133);
#588=PLANE('',#9145);
#589=PLANE('',#9153);
#590=PLANE('',#9154);
#591=PLANE('',#9162);
#592=PLANE('',#9167);
#593=PLANE('',#9168);
#594=PLANE('',#9173);
#595=PLANE('',#9177);
#596=PLANE('',#9181);
#597=PLANE('',#9185);
#598=PLANE('',#9186);
#599=PLANE('',#9187);
#600=PLANE('',#9188);
#601=PLANE('',#9189);
#602=PLANE('',#9190);
#603=PLANE('',#9191);
#604=PLANE('',#9192);
#605=PLANE('',#9193);
#606=PLANE('',#9194);
#607=PLANE('',#9199);
#608=PLANE('',#9207);
#609=PLANE('',#9213);
#610=PLANE('',#9221);
#611=PLANE('',#9222);
#612=PLANE('',#9225);
#613=PLANE('',#9226);
#614=PLANE('',#9227);
#615=PLANE('',#9228);
#616=PLANE('',#9229);
#617=PLANE('',#9232);
#618=PLANE('',#9236);
#619=PLANE('',#9237);
#620=PLANE('',#9241);
#621=PLANE('',#9242);
#622=PLANE('',#9243);
#623=PLANE('',#9247);
#624=PLANE('',#9248);
#625=PLANE('',#9252);
#626=PLANE('',#9253);
#627=PLANE('',#9254);
#628=PLANE('',#9255);
#629=PLANE('',#9256);
#630=PLANE('',#9257);
#631=PLANE('',#9258);
#632=PLANE('',#9263);
#633=PLANE('',#9280);
#634=PLANE('',#9296);
#635=PLANE('',#9303);
#636=PLANE('',#9305);
#637=PLANE('',#9307);
#638=PLANE('',#9308);
#639=PLANE('',#9312);
#640=PLANE('',#9314);
#641=PLANE('',#9315);
#642=PLANE('',#9317);
#643=PLANE('',#9318);
#644=PLANE('',#9319);
#645=PLANE('',#9320);
#646=PLANE('',#9321);
#647=PLANE('',#9322);
#648=PLANE('',#9323);
#649=PLANE('',#9324);
#650=PLANE('',#9332);
#651=PLANE('',#9336);
#652=PLANE('',#9340);
#653=PLANE('',#9344);
#654=PLANE('',#9345);
#655=PLANE('',#9346);
#656=PLANE('',#9347);
#657=PLANE('',#9348);
#658=PLANE('',#9349);
#659=PLANE('',#9350);
#660=PLANE('',#9351);
#661=PLANE('',#9352);
#662=PLANE('',#9353);
#663=PLANE('',#9358);
#664=PLANE('',#9366);
#665=PLANE('',#9372);
#666=PLANE('',#9379);
#667=PLANE('',#9385);
#668=PLANE('',#9391);
#669=PLANE('',#9397);
#670=PLANE('',#9398);
#671=PLANE('',#9399);
#672=PLANE('',#9400);
#673=PLANE('',#9401);
#674=PLANE('',#9402);
#675=PLANE('',#9403);
#676=PLANE('',#9404);
#677=PLANE('',#9405);
#678=PLANE('',#9406);
#679=PLANE('',#9411);
#680=PLANE('',#9419);
#681=PLANE('',#9425);
#682=PLANE('',#9427);
#683=PLANE('',#9429);
#684=PLANE('',#9434);
#685=PLANE('',#9436);
#686=PLANE('',#9438);
#687=PLANE('',#9440);
#688=PLANE('',#9444);
#689=PLANE('',#9460);
#690=PLANE('',#9464);
#691=PLANE('',#9471);
#692=PLANE('',#9472);
#693=PLANE('',#9473);
#694=PLANE('',#9474);
#695=PLANE('',#9475);
#696=PLANE('',#9476);
#697=PLANE('',#9477);
#698=PLANE('',#9487);
#699=PLANE('',#9491);
#700=PLANE('',#9495);
#701=PLANE('',#9496);
#702=PLANE('',#9508);
#703=PLANE('',#9511);
#704=PLANE('',#9518);
#705=PLANE('',#9520);
#706=PLANE('',#9523);
#707=PLANE('',#9530);
#708=PLANE('',#9533);
#709=PLANE('',#9536);
#710=PLANE('',#9539);
#711=PLANE('',#9542);
#712=PLANE('',#9543);
#713=PLANE('',#9544);
#714=PLANE('',#9545);
#715=PLANE('',#9546);
#716=PLANE('',#9547);
#717=PLANE('',#9548);
#718=PLANE('',#9550);
#719=PLANE('',#9551);
#720=PLANE('',#9552);
#721=PLANE('',#9553);
#722=PLANE('',#9554);
#723=PLANE('',#9555);
#724=PLANE('',#9556);
#725=PLANE('',#9558);
#726=PLANE('',#9559);
#727=PLANE('',#9565);
#728=PLANE('',#9566);
#729=PLANE('',#9567);
#730=PLANE('',#9571);
#731=PLANE('',#9572);
#732=PLANE('',#9575);
#733=PLANE('',#9576);
#734=PLANE('',#9582);
#735=PLANE('',#9583);
#736=PLANE('',#9587);
#737=PLANE('',#9590);
#738=PLANE('',#9595);
#739=PLANE('',#9596);
#740=PLANE('',#9598);
#741=PLANE('',#9599);
#742=PLANE('',#9601);
#743=PLANE('',#9602);
#744=PLANE('',#9603);
#745=PLANE('',#9604);
#746=PLANE('',#9609);
#747=PLANE('',#9617);
#748=PLANE('',#9634);
#749=PLANE('',#9639);
#750=PLANE('',#9648);
#751=PLANE('',#9654);
#752=PLANE('',#9656);
#753=PLANE('',#9661);
#754=PLANE('',#9663);
#755=PLANE('',#9664);
#756=PLANE('',#9665);
#757=PLANE('',#9671);
#758=PLANE('',#9674);
#759=PLANE('',#9685);
#760=PLANE('',#9687);
#761=PLANE('',#9689);
#762=PLANE('',#9693);
#763=PLANE('',#9695);
#764=PLANE('',#9697);
#765=PLANE('',#9701);
#766=PLANE('',#9705);
#767=PLANE('',#9707);
#768=PLANE('',#9709);
#769=PLANE('',#9711);
#770=PLANE('',#9713);
#771=PLANE('',#9716);
#772=PLANE('',#9720);
#773=PLANE('',#9723);
#774=PLANE('',#9730);
#775=PLANE('',#9738);
#776=PLANE('',#9739);
#777=PLANE('',#9742);
#778=PLANE('',#9743);
#779=PLANE('',#9744);
#780=PLANE('',#9745);
#781=PLANE('',#9746);
#782=PLANE('',#9749);
#783=PLANE('',#9757);
#784=PLANE('',#9759);
#785=PLANE('',#9761);
#786=PLANE('',#9765);
#787=PLANE('',#9767);
#788=PLANE('',#9769);
#789=PLANE('',#9773);
#790=PLANE('',#9777);
#791=PLANE('',#9779);
#792=PLANE('',#9781);
#793=PLANE('',#9783);
#794=PLANE('',#9785);
#795=PLANE('',#9788);
#796=PLANE('',#9792);
#797=PLANE('',#9795);
#798=PLANE('',#9802);
#799=PLANE('',#9810);
#800=PLANE('',#9811);
#801=PLANE('',#9814);
#802=PLANE('',#9815);
#803=PLANE('',#9816);
#804=PLANE('',#9817);
#805=PLANE('',#9818);
#806=PLANE('',#9821);
#807=PLANE('',#9849);
#808=PLANE('',#9850);
#809=PLANE('',#9851);
#810=PLANE('',#9852);
#811=FACE_OUTER_BOUND('',#1293,.T.);
#812=FACE_OUTER_BOUND('',#1294,.T.);
#813=FACE_OUTER_BOUND('',#1299,.T.);
#814=FACE_OUTER_BOUND('',#1300,.T.);
#815=FACE_OUTER_BOUND('',#1305,.T.);
#816=FACE_OUTER_BOUND('',#1306,.T.);
#817=FACE_OUTER_BOUND('',#1307,.T.);
#818=FACE_OUTER_BOUND('',#1308,.T.);
#819=FACE_OUTER_BOUND('',#1309,.T.);
#820=FACE_OUTER_BOUND('',#1311,.T.);
#821=FACE_OUTER_BOUND('',#1312,.T.);
#822=FACE_OUTER_BOUND('',#1313,.T.);
#823=FACE_OUTER_BOUND('',#1314,.T.);
#824=FACE_OUTER_BOUND('',#1315,.T.);
#825=FACE_OUTER_BOUND('',#1316,.T.);
#826=FACE_OUTER_BOUND('',#1317,.T.);
#827=FACE_OUTER_BOUND('',#1318,.T.);
#828=FACE_OUTER_BOUND('',#1319,.T.);
#829=FACE_OUTER_BOUND('',#1321,.T.);
#830=FACE_OUTER_BOUND('',#1323,.T.);
#831=FACE_OUTER_BOUND('',#1325,.T.);
#832=FACE_OUTER_BOUND('',#1326,.T.);
#833=FACE_OUTER_BOUND('',#1330,.T.);
#834=FACE_OUTER_BOUND('',#1331,.T.);
#835=FACE_OUTER_BOUND('',#1332,.T.);
#836=FACE_OUTER_BOUND('',#1333,.T.);
#837=FACE_OUTER_BOUND('',#1334,.T.);
#838=FACE_OUTER_BOUND('',#1335,.T.);
#839=FACE_OUTER_BOUND('',#1336,.T.);
#840=FACE_OUTER_BOUND('',#1338,.T.);
#841=FACE_OUTER_BOUND('',#1339,.T.);
#842=FACE_OUTER_BOUND('',#1341,.T.);
#843=FACE_OUTER_BOUND('',#1342,.T.);
#844=FACE_OUTER_BOUND('',#1343,.T.);
#845=FACE_OUTER_BOUND('',#1344,.T.);
#846=FACE_OUTER_BOUND('',#1345,.T.);
#847=FACE_OUTER_BOUND('',#1346,.T.);
#848=FACE_OUTER_BOUND('',#1347,.T.);
#849=FACE_OUTER_BOUND('',#1348,.T.);
#850=FACE_OUTER_BOUND('',#1349,.T.);
#851=FACE_OUTER_BOUND('',#1350,.T.);
#852=FACE_OUTER_BOUND('',#1351,.T.);
#853=FACE_OUTER_BOUND('',#1352,.T.);
#854=FACE_OUTER_BOUND('',#1353,.T.);
#855=FACE_OUTER_BOUND('',#1354,.T.);
#856=FACE_OUTER_BOUND('',#1355,.T.);
#857=FACE_OUTER_BOUND('',#1357,.T.);
#858=FACE_OUTER_BOUND('',#1358,.T.);
#859=FACE_OUTER_BOUND('',#1359,.T.);
#860=FACE_OUTER_BOUND('',#1360,.T.);
#861=FACE_OUTER_BOUND('',#1361,.T.);
#862=FACE_OUTER_BOUND('',#1362,.T.);
#863=FACE_OUTER_BOUND('',#1363,.T.);
#864=FACE_OUTER_BOUND('',#1364,.T.);
#865=FACE_OUTER_BOUND('',#1365,.T.);
#866=FACE_OUTER_BOUND('',#1366,.T.);
#867=FACE_OUTER_BOUND('',#1367,.T.);
#868=FACE_OUTER_BOUND('',#1368,.T.);
#869=FACE_OUTER_BOUND('',#1369,.T.);
#870=FACE_OUTER_BOUND('',#1370,.T.);
#871=FACE_OUTER_BOUND('',#1371,.T.);
#872=FACE_OUTER_BOUND('',#1372,.T.);
#873=FACE_OUTER_BOUND('',#1373,.T.);
#874=FACE_OUTER_BOUND('',#1378,.T.);
#875=FACE_OUTER_BOUND('',#1379,.T.);
#876=FACE_OUTER_BOUND('',#1380,.T.);
#877=FACE_OUTER_BOUND('',#1381,.T.);
#878=FACE_OUTER_BOUND('',#1382,.T.);
#879=FACE_OUTER_BOUND('',#1383,.T.);
#880=FACE_OUTER_BOUND('',#1384,.T.);
#881=FACE_OUTER_BOUND('',#1385,.T.);
#882=FACE_OUTER_BOUND('',#1386,.T.);
#883=FACE_OUTER_BOUND('',#1388,.T.);
#884=FACE_OUTER_BOUND('',#1389,.T.);
#885=FACE_OUTER_BOUND('',#1390,.T.);
#886=FACE_OUTER_BOUND('',#1391,.T.);
#887=FACE_OUTER_BOUND('',#1392,.T.);
#888=FACE_OUTER_BOUND('',#1393,.T.);
#889=FACE_OUTER_BOUND('',#1395,.T.);
#890=FACE_OUTER_BOUND('',#1396,.T.);
#891=FACE_OUTER_BOUND('',#1397,.T.);
#892=FACE_OUTER_BOUND('',#1398,.T.);
#893=FACE_OUTER_BOUND('',#1403,.T.);
#894=FACE_OUTER_BOUND('',#1404,.T.);
#895=FACE_OUTER_BOUND('',#1405,.T.);
#896=FACE_OUTER_BOUND('',#1406,.T.);
#897=FACE_OUTER_BOUND('',#1407,.T.);
#898=FACE_OUTER_BOUND('',#1408,.T.);
#899=FACE_OUTER_BOUND('',#1409,.T.);
#900=FACE_OUTER_BOUND('',#1410,.T.);
#901=FACE_OUTER_BOUND('',#1415,.T.);
#902=FACE_OUTER_BOUND('',#1416,.T.);
#903=FACE_OUTER_BOUND('',#1417,.T.);
#904=FACE_OUTER_BOUND('',#1418,.T.);
#905=FACE_OUTER_BOUND('',#1419,.T.);
#906=FACE_OUTER_BOUND('',#1420,.T.);
#907=FACE_OUTER_BOUND('',#1421,.T.);
#908=FACE_OUTER_BOUND('',#1422,.T.);
#909=FACE_OUTER_BOUND('',#1423,.T.);
#910=FACE_OUTER_BOUND('',#1424,.T.);
#911=FACE_OUTER_BOUND('',#1425,.T.);
#912=FACE_OUTER_BOUND('',#1426,.T.);
#913=FACE_OUTER_BOUND('',#1427,.T.);
#914=FACE_OUTER_BOUND('',#1428,.T.);
#915=FACE_OUTER_BOUND('',#1429,.T.);
#916=FACE_OUTER_BOUND('',#1430,.T.);
#917=FACE_OUTER_BOUND('',#1431,.T.);
#918=FACE_OUTER_BOUND('',#1432,.T.);
#919=FACE_OUTER_BOUND('',#1433,.T.);
#920=FACE_OUTER_BOUND('',#1434,.T.);
#921=FACE_OUTER_BOUND('',#1435,.T.);
#922=FACE_OUTER_BOUND('',#1436,.T.);
#923=FACE_OUTER_BOUND('',#1437,.T.);
#924=FACE_OUTER_BOUND('',#1438,.T.);
#925=FACE_OUTER_BOUND('',#1439,.T.);
#926=FACE_OUTER_BOUND('',#1441,.T.);
#927=FACE_OUTER_BOUND('',#1442,.T.);
#928=FACE_OUTER_BOUND('',#1443,.T.);
#929=FACE_OUTER_BOUND('',#1445,.T.);
#930=FACE_OUTER_BOUND('',#1446,.T.);
#931=FACE_OUTER_BOUND('',#1447,.T.);
#932=FACE_OUTER_BOUND('',#1448,.T.);
#933=FACE_OUTER_BOUND('',#1449,.T.);
#934=FACE_OUTER_BOUND('',#1450,.T.);
#935=FACE_OUTER_BOUND('',#1451,.T.);
#936=FACE_OUTER_BOUND('',#1452,.T.);
#937=FACE_OUTER_BOUND('',#1453,.T.);
#938=FACE_OUTER_BOUND('',#1454,.T.);
#939=FACE_OUTER_BOUND('',#1455,.T.);
#940=FACE_OUTER_BOUND('',#1456,.T.);
#941=FACE_OUTER_BOUND('',#1457,.T.);
#942=FACE_OUTER_BOUND('',#1458,.T.);
#943=FACE_OUTER_BOUND('',#1460,.T.);
#944=FACE_OUTER_BOUND('',#1461,.T.);
#945=FACE_OUTER_BOUND('',#1463,.T.);
#946=FACE_OUTER_BOUND('',#1464,.T.);
#947=FACE_OUTER_BOUND('',#1465,.T.);
#948=FACE_OUTER_BOUND('',#1466,.T.);
#949=FACE_OUTER_BOUND('',#1467,.T.);
#950=FACE_OUTER_BOUND('',#1468,.T.);
#951=FACE_OUTER_BOUND('',#1469,.T.);
#952=FACE_OUTER_BOUND('',#1470,.T.);
#953=FACE_OUTER_BOUND('',#1471,.T.);
#954=FACE_OUTER_BOUND('',#1472,.T.);
#955=FACE_OUTER_BOUND('',#1473,.T.);
#956=FACE_OUTER_BOUND('',#1474,.T.);
#957=FACE_OUTER_BOUND('',#1475,.T.);
#958=FACE_OUTER_BOUND('',#1476,.T.);
#959=FACE_OUTER_BOUND('',#1477,.T.);
#960=FACE_OUTER_BOUND('',#1478,.T.);
#961=FACE_OUTER_BOUND('',#1479,.T.);
#962=FACE_OUTER_BOUND('',#1480,.T.);
#963=FACE_OUTER_BOUND('',#1485,.T.);
#964=FACE_OUTER_BOUND('',#1486,.T.);
#965=FACE_OUTER_BOUND('',#1487,.T.);
#966=FACE_OUTER_BOUND('',#1488,.T.);
#967=FACE_OUTER_BOUND('',#1489,.T.);
#968=FACE_OUTER_BOUND('',#1490,.T.);
#969=FACE_OUTER_BOUND('',#1491,.T.);
#970=FACE_OUTER_BOUND('',#1492,.T.);
#971=FACE_OUTER_BOUND('',#1493,.T.);
#972=FACE_OUTER_BOUND('',#1494,.T.);
#973=FACE_OUTER_BOUND('',#1495,.T.);
#974=FACE_OUTER_BOUND('',#1496,.T.);
#975=FACE_OUTER_BOUND('',#1497,.T.);
#976=FACE_OUTER_BOUND('',#1498,.T.);
#977=FACE_OUTER_BOUND('',#1499,.T.);
#978=FACE_OUTER_BOUND('',#1500,.T.);
#979=FACE_OUTER_BOUND('',#1501,.T.);
#980=FACE_OUTER_BOUND('',#1502,.T.);
#981=FACE_OUTER_BOUND('',#1503,.T.);
#982=FACE_OUTER_BOUND('',#1504,.T.);
#983=FACE_OUTER_BOUND('',#1505,.T.);
#984=FACE_OUTER_BOUND('',#1506,.T.);
#985=FACE_OUTER_BOUND('',#1507,.T.);
#986=FACE_OUTER_BOUND('',#1509,.T.);
#987=FACE_OUTER_BOUND('',#1511,.T.);
#988=FACE_OUTER_BOUND('',#1513,.T.);
#989=FACE_OUTER_BOUND('',#1517,.T.);
#990=FACE_OUTER_BOUND('',#1518,.T.);
#991=FACE_OUTER_BOUND('',#1519,.T.);
#992=FACE_OUTER_BOUND('',#1520,.T.);
#993=FACE_OUTER_BOUND('',#1521,.T.);
#994=FACE_OUTER_BOUND('',#1522,.T.);
#995=FACE_OUTER_BOUND('',#1523,.T.);
#996=FACE_OUTER_BOUND('',#1524,.T.);
#997=FACE_OUTER_BOUND('',#1525,.T.);
#998=FACE_OUTER_BOUND('',#1526,.T.);
#999=FACE_OUTER_BOUND('',#1527,.T.);
#1000=FACE_OUTER_BOUND('',#1528,.T.);
#1001=FACE_OUTER_BOUND('',#1529,.T.);
#1002=FACE_OUTER_BOUND('',#1530,.T.);
#1003=FACE_OUTER_BOUND('',#1531,.T.);
#1004=FACE_OUTER_BOUND('',#1532,.T.);
#1005=FACE_OUTER_BOUND('',#1533,.T.);
#1006=FACE_OUTER_BOUND('',#1534,.T.);
#1007=FACE_OUTER_BOUND('',#1535,.T.);
#1008=FACE_OUTER_BOUND('',#1536,.T.);
#1009=FACE_OUTER_BOUND('',#1537,.T.);
#1010=FACE_OUTER_BOUND('',#1538,.T.);
#1011=FACE_OUTER_BOUND('',#1539,.T.);
#1012=FACE_OUTER_BOUND('',#1540,.T.);
#1013=FACE_OUTER_BOUND('',#1541,.T.);
#1014=FACE_OUTER_BOUND('',#1542,.T.);
#1015=FACE_OUTER_BOUND('',#1543,.T.);
#1016=FACE_OUTER_BOUND('',#1544,.T.);
#1017=FACE_OUTER_BOUND('',#1546,.T.);
#1018=FACE_OUTER_BOUND('',#1547,.T.);
#1019=FACE_OUTER_BOUND('',#1548,.T.);
#1020=FACE_OUTER_BOUND('',#1550,.T.);
#1021=FACE_OUTER_BOUND('',#1551,.T.);
#1022=FACE_OUTER_BOUND('',#1552,.T.);
#1023=FACE_OUTER_BOUND('',#1553,.T.);
#1024=FACE_OUTER_BOUND('',#1554,.T.);
#1025=FACE_OUTER_BOUND('',#1555,.T.);
#1026=FACE_OUTER_BOUND('',#1556,.T.);
#1027=FACE_OUTER_BOUND('',#1557,.T.);
#1028=FACE_OUTER_BOUND('',#1558,.T.);
#1029=FACE_OUTER_BOUND('',#1559,.T.);
#1030=FACE_OUTER_BOUND('',#1560,.T.);
#1031=FACE_OUTER_BOUND('',#1561,.T.);
#1032=FACE_OUTER_BOUND('',#1562,.T.);
#1033=FACE_OUTER_BOUND('',#1563,.T.);
#1034=FACE_OUTER_BOUND('',#1564,.T.);
#1035=FACE_OUTER_BOUND('',#1565,.T.);
#1036=FACE_OUTER_BOUND('',#1566,.T.);
#1037=FACE_OUTER_BOUND('',#1567,.T.);
#1038=FACE_OUTER_BOUND('',#1568,.T.);
#1039=FACE_OUTER_BOUND('',#1569,.T.);
#1040=FACE_OUTER_BOUND('',#1570,.T.);
#1041=FACE_OUTER_BOUND('',#1571,.T.);
#1042=FACE_OUTER_BOUND('',#1572,.T.);
#1043=FACE_OUTER_BOUND('',#1574,.T.);
#1044=FACE_OUTER_BOUND('',#1575,.T.);
#1045=FACE_OUTER_BOUND('',#1576,.T.);
#1046=FACE_OUTER_BOUND('',#1578,.T.);
#1047=FACE_OUTER_BOUND('',#1579,.T.);
#1048=FACE_OUTER_BOUND('',#1580,.T.);
#1049=FACE_OUTER_BOUND('',#1581,.T.);
#1050=FACE_OUTER_BOUND('',#1582,.T.);
#1051=FACE_OUTER_BOUND('',#1583,.T.);
#1052=FACE_OUTER_BOUND('',#1584,.T.);
#1053=FACE_OUTER_BOUND('',#1585,.T.);
#1054=FACE_OUTER_BOUND('',#1586,.T.);
#1055=FACE_OUTER_BOUND('',#1587,.T.);
#1056=FACE_OUTER_BOUND('',#1588,.T.);
#1057=FACE_OUTER_BOUND('',#1589,.T.);
#1058=FACE_OUTER_BOUND('',#1590,.T.);
#1059=FACE_OUTER_BOUND('',#1592,.T.);
#1060=FACE_OUTER_BOUND('',#1593,.T.);
#1061=FACE_OUTER_BOUND('',#1594,.T.);
#1062=FACE_OUTER_BOUND('',#1595,.T.);
#1063=FACE_OUTER_BOUND('',#1596,.T.);
#1064=FACE_OUTER_BOUND('',#1597,.T.);
#1065=FACE_OUTER_BOUND('',#1598,.T.);
#1066=FACE_OUTER_BOUND('',#1599,.T.);
#1067=FACE_OUTER_BOUND('',#1600,.T.);
#1068=FACE_OUTER_BOUND('',#1601,.T.);
#1069=FACE_OUTER_BOUND('',#1602,.T.);
#1070=FACE_OUTER_BOUND('',#1603,.T.);
#1071=FACE_OUTER_BOUND('',#1604,.T.);
#1072=FACE_OUTER_BOUND('',#1605,.T.);
#1073=FACE_OUTER_BOUND('',#1606,.T.);
#1074=FACE_OUTER_BOUND('',#1607,.T.);
#1075=FACE_OUTER_BOUND('',#1608,.T.);
#1076=FACE_OUTER_BOUND('',#1610,.T.);
#1077=FACE_OUTER_BOUND('',#1611,.T.);
#1078=FACE_OUTER_BOUND('',#1612,.T.);
#1079=FACE_OUTER_BOUND('',#1613,.T.);
#1080=FACE_OUTER_BOUND('',#1614,.T.);
#1081=FACE_OUTER_BOUND('',#1615,.T.);
#1082=FACE_OUTER_BOUND('',#1616,.T.);
#1083=FACE_OUTER_BOUND('',#1617,.T.);
#1084=FACE_OUTER_BOUND('',#1621,.T.);
#1085=FACE_OUTER_BOUND('',#1625,.T.);
#1086=FACE_OUTER_BOUND('',#1626,.T.);
#1087=FACE_OUTER_BOUND('',#1627,.T.);
#1088=FACE_OUTER_BOUND('',#1628,.T.);
#1089=FACE_OUTER_BOUND('',#1629,.T.);
#1090=FACE_OUTER_BOUND('',#1630,.T.);
#1091=FACE_OUTER_BOUND('',#1631,.T.);
#1092=FACE_OUTER_BOUND('',#1632,.T.);
#1093=FACE_OUTER_BOUND('',#1633,.T.);
#1094=FACE_OUTER_BOUND('',#1634,.T.);
#1095=FACE_OUTER_BOUND('',#1636,.T.);
#1096=FACE_OUTER_BOUND('',#1638,.T.);
#1097=FACE_OUTER_BOUND('',#1640,.T.);
#1098=FACE_OUTER_BOUND('',#1641,.T.);
#1099=FACE_OUTER_BOUND('',#1642,.T.);
#1100=FACE_OUTER_BOUND('',#1643,.T.);
#1101=FACE_OUTER_BOUND('',#1644,.T.);
#1102=FACE_OUTER_BOUND('',#1645,.T.);
#1103=FACE_OUTER_BOUND('',#1646,.T.);
#1104=FACE_OUTER_BOUND('',#1647,.T.);
#1105=FACE_OUTER_BOUND('',#1648,.T.);
#1106=FACE_OUTER_BOUND('',#1652,.T.);
#1107=FACE_OUTER_BOUND('',#1653,.T.);
#1108=FACE_OUTER_BOUND('',#1654,.T.);
#1109=FACE_OUTER_BOUND('',#1655,.T.);
#1110=FACE_OUTER_BOUND('',#1656,.T.);
#1111=FACE_OUTER_BOUND('',#1657,.T.);
#1112=FACE_OUTER_BOUND('',#1658,.T.);
#1113=FACE_OUTER_BOUND('',#1660,.T.);
#1114=FACE_OUTER_BOUND('',#1661,.T.);
#1115=FACE_OUTER_BOUND('',#1662,.T.);
#1116=FACE_OUTER_BOUND('',#1663,.T.);
#1117=FACE_OUTER_BOUND('',#1664,.T.);
#1118=FACE_OUTER_BOUND('',#1665,.T.);
#1119=FACE_OUTER_BOUND('',#1666,.T.);
#1120=FACE_OUTER_BOUND('',#1668,.T.);
#1121=FACE_OUTER_BOUND('',#1669,.T.);
#1122=FACE_OUTER_BOUND('',#1670,.T.);
#1123=FACE_OUTER_BOUND('',#1671,.T.);
#1124=FACE_OUTER_BOUND('',#1672,.T.);
#1125=FACE_OUTER_BOUND('',#1673,.T.);
#1126=FACE_OUTER_BOUND('',#1674,.T.);
#1127=FACE_OUTER_BOUND('',#1675,.T.);
#1128=FACE_OUTER_BOUND('',#1678,.T.);
#1129=FACE_OUTER_BOUND('',#1679,.T.);
#1130=FACE_OUTER_BOUND('',#1680,.T.);
#1131=FACE_OUTER_BOUND('',#1681,.T.);
#1132=FACE_OUTER_BOUND('',#1682,.T.);
#1133=FACE_OUTER_BOUND('',#1683,.T.);
#1134=FACE_OUTER_BOUND('',#1684,.T.);
#1135=FACE_OUTER_BOUND('',#1685,.T.);
#1136=FACE_OUTER_BOUND('',#1686,.T.);
#1137=FACE_OUTER_BOUND('',#1689,.T.);
#1138=FACE_OUTER_BOUND('',#1690,.T.);
#1139=FACE_OUTER_BOUND('',#1691,.T.);
#1140=FACE_OUTER_BOUND('',#1692,.T.);
#1141=FACE_OUTER_BOUND('',#1693,.T.);
#1142=FACE_OUTER_BOUND('',#1694,.T.);
#1143=FACE_OUTER_BOUND('',#1695,.T.);
#1144=FACE_OUTER_BOUND('',#1696,.T.);
#1145=FACE_OUTER_BOUND('',#1697,.T.);
#1146=FACE_OUTER_BOUND('',#1698,.T.);
#1147=FACE_OUTER_BOUND('',#1699,.T.);
#1148=FACE_OUTER_BOUND('',#1700,.T.);
#1149=FACE_OUTER_BOUND('',#1701,.T.);
#1150=FACE_OUTER_BOUND('',#1702,.T.);
#1151=FACE_OUTER_BOUND('',#1703,.T.);
#1152=FACE_OUTER_BOUND('',#1704,.T.);
#1153=FACE_OUTER_BOUND('',#1705,.T.);
#1154=FACE_OUTER_BOUND('',#1707,.T.);
#1155=FACE_OUTER_BOUND('',#1708,.T.);
#1156=FACE_OUTER_BOUND('',#1710,.T.);
#1157=FACE_OUTER_BOUND('',#1711,.T.);
#1158=FACE_OUTER_BOUND('',#1712,.T.);
#1159=FACE_OUTER_BOUND('',#1713,.T.);
#1160=FACE_OUTER_BOUND('',#1714,.T.);
#1161=FACE_OUTER_BOUND('',#1715,.T.);
#1162=FACE_OUTER_BOUND('',#1716,.T.);
#1163=FACE_OUTER_BOUND('',#1717,.T.);
#1164=FACE_OUTER_BOUND('',#1718,.T.);
#1165=FACE_OUTER_BOUND('',#1719,.T.);
#1166=FACE_OUTER_BOUND('',#1720,.T.);
#1167=FACE_OUTER_BOUND('',#1721,.T.);
#1168=FACE_OUTER_BOUND('',#1722,.T.);
#1169=FACE_OUTER_BOUND('',#1723,.T.);
#1170=FACE_OUTER_BOUND('',#1724,.T.);
#1171=FACE_OUTER_BOUND('',#1725,.T.);
#1172=FACE_OUTER_BOUND('',#1726,.T.);
#1173=FACE_OUTER_BOUND('',#1727,.T.);
#1174=FACE_OUTER_BOUND('',#1730,.T.);
#1175=FACE_OUTER_BOUND('',#1731,.T.);
#1176=FACE_OUTER_BOUND('',#1732,.T.);
#1177=FACE_OUTER_BOUND('',#1735,.T.);
#1178=FACE_OUTER_BOUND('',#1736,.T.);
#1179=FACE_OUTER_BOUND('',#1737,.T.);
#1180=FACE_OUTER_BOUND('',#1739,.T.);
#1181=FACE_OUTER_BOUND('',#1740,.T.);
#1182=FACE_OUTER_BOUND('',#1743,.T.);
#1183=FACE_OUTER_BOUND('',#1745,.T.);
#1184=FACE_OUTER_BOUND('',#1746,.T.);
#1185=FACE_OUTER_BOUND('',#1747,.T.);
#1186=FACE_OUTER_BOUND('',#1748,.T.);
#1187=FACE_OUTER_BOUND('',#1749,.T.);
#1188=FACE_OUTER_BOUND('',#1750,.T.);
#1189=FACE_OUTER_BOUND('',#1751,.T.);
#1190=FACE_OUTER_BOUND('',#1753,.T.);
#1191=FACE_OUTER_BOUND('',#1754,.T.);
#1192=FACE_OUTER_BOUND('',#1755,.T.);
#1193=FACE_OUTER_BOUND('',#1756,.T.);
#1194=FACE_OUTER_BOUND('',#1757,.T.);
#1195=FACE_OUTER_BOUND('',#1758,.T.);
#1196=FACE_OUTER_BOUND('',#1759,.T.);
#1197=FACE_OUTER_BOUND('',#1760,.T.);
#1198=FACE_OUTER_BOUND('',#1761,.T.);
#1199=FACE_OUTER_BOUND('',#1762,.T.);
#1200=FACE_OUTER_BOUND('',#1763,.T.);
#1201=FACE_OUTER_BOUND('',#1766,.T.);
#1202=FACE_OUTER_BOUND('',#1768,.T.);
#1203=FACE_OUTER_BOUND('',#1769,.T.);
#1204=FACE_OUTER_BOUND('',#1770,.T.);
#1205=FACE_OUTER_BOUND('',#1771,.T.);
#1206=FACE_OUTER_BOUND('',#1772,.T.);
#1207=FACE_OUTER_BOUND('',#1773,.T.);
#1208=FACE_OUTER_BOUND('',#1774,.T.);
#1209=FACE_OUTER_BOUND('',#1775,.T.);
#1210=FACE_OUTER_BOUND('',#1776,.T.);
#1211=FACE_OUTER_BOUND('',#1777,.T.);
#1212=FACE_OUTER_BOUND('',#1778,.T.);
#1213=FACE_OUTER_BOUND('',#1779,.T.);
#1214=FACE_OUTER_BOUND('',#1780,.T.);
#1215=FACE_OUTER_BOUND('',#1781,.T.);
#1216=FACE_OUTER_BOUND('',#1782,.T.);
#1217=FACE_OUTER_BOUND('',#1783,.T.);
#1218=FACE_OUTER_BOUND('',#1784,.T.);
#1219=FACE_OUTER_BOUND('',#1785,.T.);
#1220=FACE_OUTER_BOUND('',#1786,.T.);
#1221=FACE_OUTER_BOUND('',#1787,.T.);
#1222=FACE_OUTER_BOUND('',#1788,.T.);
#1223=FACE_OUTER_BOUND('',#1789,.T.);
#1224=FACE_OUTER_BOUND('',#1791,.T.);
#1225=FACE_OUTER_BOUND('',#1792,.T.);
#1226=FACE_OUTER_BOUND('',#1793,.T.);
#1227=FACE_OUTER_BOUND('',#1794,.T.);
#1228=FACE_OUTER_BOUND('',#1795,.T.);
#1229=FACE_OUTER_BOUND('',#1797,.T.);
#1230=FACE_OUTER_BOUND('',#1798,.T.);
#1231=FACE_OUTER_BOUND('',#1799,.T.);
#1232=FACE_OUTER_BOUND('',#1800,.T.);
#1233=FACE_OUTER_BOUND('',#1801,.T.);
#1234=FACE_OUTER_BOUND('',#1802,.T.);
#1235=FACE_OUTER_BOUND('',#1803,.T.);
#1236=FACE_OUTER_BOUND('',#1804,.T.);
#1237=FACE_OUTER_BOUND('',#1805,.T.);
#1238=FACE_OUTER_BOUND('',#1806,.T.);
#1239=FACE_OUTER_BOUND('',#1808,.T.);
#1240=FACE_OUTER_BOUND('',#1809,.T.);
#1241=FACE_OUTER_BOUND('',#1811,.T.);
#1242=FACE_OUTER_BOUND('',#1812,.T.);
#1243=FACE_OUTER_BOUND('',#1813,.T.);
#1244=FACE_OUTER_BOUND('',#1814,.T.);
#1245=FACE_OUTER_BOUND('',#1815,.T.);
#1246=FACE_OUTER_BOUND('',#1816,.T.);
#1247=FACE_OUTER_BOUND('',#1817,.T.);
#1248=FACE_OUTER_BOUND('',#1818,.T.);
#1249=FACE_OUTER_BOUND('',#1819,.T.);
#1250=FACE_OUTER_BOUND('',#1820,.T.);
#1251=FACE_OUTER_BOUND('',#1821,.T.);
#1252=FACE_OUTER_BOUND('',#1822,.T.);
#1253=FACE_OUTER_BOUND('',#1823,.T.);
#1254=FACE_OUTER_BOUND('',#1824,.T.);
#1255=FACE_OUTER_BOUND('',#1825,.T.);
#1256=FACE_OUTER_BOUND('',#1826,.T.);
#1257=FACE_OUTER_BOUND('',#1827,.T.);
#1258=FACE_OUTER_BOUND('',#1828,.T.);
#1259=FACE_OUTER_BOUND('',#1829,.T.);
#1260=FACE_OUTER_BOUND('',#1830,.T.);
#1261=FACE_OUTER_BOUND('',#1831,.T.);
#1262=FACE_OUTER_BOUND('',#1833,.T.);
#1263=FACE_OUTER_BOUND('',#1834,.T.);
#1264=FACE_OUTER_BOUND('',#1835,.T.);
#1265=FACE_OUTER_BOUND('',#1836,.T.);
#1266=FACE_OUTER_BOUND('',#1837,.T.);
#1267=FACE_OUTER_BOUND('',#1839,.T.);
#1268=FACE_OUTER_BOUND('',#1840,.T.);
#1269=FACE_OUTER_BOUND('',#1841,.T.);
#1270=FACE_OUTER_BOUND('',#1842,.T.);
#1271=FACE_OUTER_BOUND('',#1843,.T.);
#1272=FACE_OUTER_BOUND('',#1844,.T.);
#1273=FACE_OUTER_BOUND('',#1845,.T.);
#1274=FACE_OUTER_BOUND('',#1846,.T.);
#1275=FACE_OUTER_BOUND('',#1847,.T.);
#1276=FACE_OUTER_BOUND('',#1848,.T.);
#1277=FACE_OUTER_BOUND('',#1850,.T.);
#1278=FACE_OUTER_BOUND('',#1851,.T.);
#1279=FACE_OUTER_BOUND('',#1853,.T.);
#1280=FACE_OUTER_BOUND('',#1854,.T.);
#1281=FACE_OUTER_BOUND('',#1855,.T.);
#1282=FACE_OUTER_BOUND('',#1856,.T.);
#1283=FACE_OUTER_BOUND('',#1857,.T.);
#1284=FACE_OUTER_BOUND('',#1858,.T.);
#1285=FACE_OUTER_BOUND('',#1859,.T.);
#1286=FACE_OUTER_BOUND('',#1860,.T.);
#1287=FACE_OUTER_BOUND('',#1861,.T.);
#1288=FACE_OUTER_BOUND('',#1862,.T.);
#1289=FACE_OUTER_BOUND('',#1863,.T.);
#1290=FACE_OUTER_BOUND('',#1865,.T.);
#1291=FACE_OUTER_BOUND('',#1867,.T.);
#1292=FACE_OUTER_BOUND('',#1869,.T.);
#1293=EDGE_LOOP('',(#5672,#5673,#5674,#5675));
#1294=EDGE_LOOP('',(#5676));
#1295=EDGE_LOOP('',(#5677));
#1296=EDGE_LOOP('',(#5678));
#1297=EDGE_LOOP('',(#5679));
#1298=EDGE_LOOP('',(#5680));
#1299=EDGE_LOOP('',(#5681,#5682,#5683,#5684));
#1300=EDGE_LOOP('',(#5685));
#1301=EDGE_LOOP('',(#5686));
#1302=EDGE_LOOP('',(#5687));
#1303=EDGE_LOOP('',(#5688));
#1304=EDGE_LOOP('',(#5689));
#1305=EDGE_LOOP('',(#5690,#5691,#5692,#5693));
#1306=EDGE_LOOP('',(#5694,#5695,#5696,#5697));
#1307=EDGE_LOOP('',(#5698,#5699,#5700,#5701));
#1308=EDGE_LOOP('',(#5702,#5703,#5704,#5705));
#1309=EDGE_LOOP('',(#5706));
#1310=EDGE_LOOP('',(#5707));
#1311=EDGE_LOOP('',(#5708));
#1312=EDGE_LOOP('',(#5709,#5710,#5711,#5712));
#1313=EDGE_LOOP('',(#5713,#5714,#5715,#5716));
#1314=EDGE_LOOP('',(#5717,#5718,#5719,#5720));
#1315=EDGE_LOOP('',(#5721,#5722,#5723,#5724));
#1316=EDGE_LOOP('',(#5725,#5726,#5727,#5728));
#1317=EDGE_LOOP('',(#5729,#5730,#5731,#5732));
#1318=EDGE_LOOP('',(#5733,#5734,#5735,#5736,#5737,#5738,#5739,#5740,#5741,
#5742,#5743,#5744));
#1319=EDGE_LOOP('',(#5745));
#1320=EDGE_LOOP('',(#5746));
#1321=EDGE_LOOP('',(#5747,#5748,#5749,#5750));
#1322=EDGE_LOOP('',(#5751));
#1323=EDGE_LOOP('',(#5752,#5753,#5754,#5755));
#1324=EDGE_LOOP('',(#5756));
#1325=EDGE_LOOP('',(#5757,#5758,#5759,#5760));
#1326=EDGE_LOOP('',(#5761,#5762,#5763,#5764,#5765,#5766,#5767,#5768,#5769));
#1327=EDGE_LOOP('',(#5770));
#1328=EDGE_LOOP('',(#5771));
#1329=EDGE_LOOP('',(#5772));
#1330=EDGE_LOOP('',(#5773,#5774,#5775,#5776));
#1331=EDGE_LOOP('',(#5777,#5778,#5779,#5780));
#1332=EDGE_LOOP('',(#5781,#5782,#5783,#5784));
#1333=EDGE_LOOP('',(#5785,#5786,#5787,#5788));
#1334=EDGE_LOOP('',(#5789,#5790,#5791,#5792));
#1335=EDGE_LOOP('',(#5793,#5794,#5795,#5796));
#1336=EDGE_LOOP('',(#5797));
#1337=EDGE_LOOP('',(#5798,#5799,#5800,#5801,#5802,#5803,#5804,#5805,#5806,
#5807,#5808,#5809,#5810,#5811,#5812,#5813));
#1338=EDGE_LOOP('',(#5814,#5815,#5816,#5817));
#1339=EDGE_LOOP('',(#5818,#5819,#5820,#5821,#5822,#5823,#5824,#5825,#5826,
#5827,#5828,#5829,#5830,#5831,#5832,#5833));
#1340=EDGE_LOOP('',(#5834));
#1341=EDGE_LOOP('',(#5835,#5836,#5837,#5838));
#1342=EDGE_LOOP('',(#5839,#5840,#5841,#5842));
#1343=EDGE_LOOP('',(#5843,#5844,#5845,#5846));
#1344=EDGE_LOOP('',(#5847,#5848,#5849,#5850));
#1345=EDGE_LOOP('',(#5851,#5852,#5853,#5854));
#1346=EDGE_LOOP('',(#5855,#5856,#5857,#5858));
#1347=EDGE_LOOP('',(#5859,#5860,#5861,#5862));
#1348=EDGE_LOOP('',(#5863,#5864,#5865,#5866));
#1349=EDGE_LOOP('',(#5867,#5868,#5869,#5870));
#1350=EDGE_LOOP('',(#5871,#5872,#5873,#5874));
#1351=EDGE_LOOP('',(#5875,#5876,#5877,#5878));
#1352=EDGE_LOOP('',(#5879,#5880,#5881,#5882));
#1353=EDGE_LOOP('',(#5883,#5884,#5885,#5886));
#1354=EDGE_LOOP('',(#5887,#5888,#5889,#5890));
#1355=EDGE_LOOP('',(#5891));
#1356=EDGE_LOOP('',(#5892,#5893,#5894,#5895,#5896,#5897,#5898,#5899,#5900,
#5901,#5902,#5903,#5904,#5905,#5906,#5907));
#1357=EDGE_LOOP('',(#5908,#5909,#5910,#5911));
#1358=EDGE_LOOP('',(#5912,#5913,#5914,#5915));
#1359=EDGE_LOOP('',(#5916,#5917,#5918,#5919));
#1360=EDGE_LOOP('',(#5920,#5921,#5922,#5923));
#1361=EDGE_LOOP('',(#5924,#5925,#5926,#5927));
#1362=EDGE_LOOP('',(#5928,#5929,#5930,#5931));
#1363=EDGE_LOOP('',(#5932,#5933,#5934,#5935));
#1364=EDGE_LOOP('',(#5936,#5937,#5938,#5939));
#1365=EDGE_LOOP('',(#5940,#5941,#5942,#5943));
#1366=EDGE_LOOP('',(#5944,#5945,#5946,#5947));
#1367=EDGE_LOOP('',(#5948,#5949,#5950,#5951));
#1368=EDGE_LOOP('',(#5952,#5953,#5954,#5955));
#1369=EDGE_LOOP('',(#5956,#5957,#5958,#5959));
#1370=EDGE_LOOP('',(#5960,#5961,#5962,#5963));
#1371=EDGE_LOOP('',(#5964,#5965,#5966,#5967,#5968,#5969,#5970,#5971,#5972,
#5973,#5974,#5975,#5976,#5977,#5978,#5979));
#1372=EDGE_LOOP('',(#5980,#5981,#5982,#5983));
#1373=EDGE_LOOP('',(#5984,#5985,#5986,#5987));
#1374=EDGE_LOOP('',(#5988));
#1375=EDGE_LOOP('',(#5989));
#1376=EDGE_LOOP('',(#5990));
#1377=EDGE_LOOP('',(#5991));
#1378=EDGE_LOOP('',(#5992,#5993,#5994,#5995));
#1379=EDGE_LOOP('',(#5996,#5997,#5998,#5999));
#1380=EDGE_LOOP('',(#6000,#6001,#6002,#6003));
#1381=EDGE_LOOP('',(#6004,#6005,#6006,#6007));
#1382=EDGE_LOOP('',(#6008,#6009,#6010,#6011));
#1383=EDGE_LOOP('',(#6012,#6013,#6014,#6015));
#1384=EDGE_LOOP('',(#6016,#6017,#6018,#6019));
#1385=EDGE_LOOP('',(#6020,#6021,#6022,#6023));
#1386=EDGE_LOOP('',(#6024,#6025,#6026,#6027,#6028,#6029));
#1387=EDGE_LOOP('',(#6030));
#1388=EDGE_LOOP('',(#6031,#6032,#6033,#6034));
#1389=EDGE_LOOP('',(#6035,#6036,#6037,#6038));
#1390=EDGE_LOOP('',(#6039,#6040,#6041,#6042));
#1391=EDGE_LOOP('',(#6043,#6044,#6045,#6046));
#1392=EDGE_LOOP('',(#6047,#6048,#6049,#6050,#6051,#6052,#6053,#6054,#6055));
#1393=EDGE_LOOP('',(#6056,#6057,#6058,#6059));
#1394=EDGE_LOOP('',(#6060,#6061,#6062,#6063,#6064,#6065,#6066,#6067,#6068,
#6069));
#1395=EDGE_LOOP('',(#6070,#6071,#6072,#6073,#6074,#6075,#6076,#6077,#6078));
#1396=EDGE_LOOP('',(#6079,#6080,#6081,#6082,#6083,#6084));
#1397=EDGE_LOOP('',(#6085,#6086,#6087,#6088,#6089,#6090));
#1398=EDGE_LOOP('',(#6091,#6092,#6093,#6094,#6095,#6096,#6097,#6098));
#1399=EDGE_LOOP('',(#6099,#6100));
#1400=EDGE_LOOP('',(#6101,#6102));
#1401=EDGE_LOOP('',(#6103));
#1402=EDGE_LOOP('',(#6104));
#1403=EDGE_LOOP('',(#6105,#6106,#6107,#6108));
#1404=EDGE_LOOP('',(#6109,#6110,#6111,#6112));
#1405=EDGE_LOOP('',(#6113,#6114,#6115,#6116));
#1406=EDGE_LOOP('',(#6117,#6118,#6119,#6120));
#1407=EDGE_LOOP('',(#6121,#6122,#6123,#6124));
#1408=EDGE_LOOP('',(#6125,#6126,#6127,#6128));
#1409=EDGE_LOOP('',(#6129,#6130,#6131,#6132));
#1410=EDGE_LOOP('',(#6133,#6134,#6135,#6136,#6137,#6138,#6139,#6140));
#1411=EDGE_LOOP('',(#6141,#6142,#6143,#6144,#6145,#6146));
#1412=EDGE_LOOP('',(#6147,#6148));
#1413=EDGE_LOOP('',(#6149,#6150));
#1414=EDGE_LOOP('',(#6151));
#1415=EDGE_LOOP('',(#6152,#6153,#6154,#6155,#6156,#6157,#6158));
#1416=EDGE_LOOP('',(#6159,#6160,#6161,#6162,#6163,#6164,#6165));
#1417=EDGE_LOOP('',(#6166,#6167,#6168,#6169,#6170,#6171,#6172));
#1418=EDGE_LOOP('',(#6173,#6174,#6175,#6176,#6177,#6178,#6179));
#1419=EDGE_LOOP('',(#6180,#6181,#6182,#6183));
#1420=EDGE_LOOP('',(#6184,#6185,#6186,#6187));
#1421=EDGE_LOOP('',(#6188,#6189,#6190,#6191));
#1422=EDGE_LOOP('',(#6192,#6193,#6194,#6195));
#1423=EDGE_LOOP('',(#6196,#6197,#6198,#6199));
#1424=EDGE_LOOP('',(#6200,#6201,#6202,#6203));
#1425=EDGE_LOOP('',(#6204,#6205,#6206,#6207));
#1426=EDGE_LOOP('',(#6208,#6209,#6210,#6211));
#1427=EDGE_LOOP('',(#6212,#6213,#6214,#6215));
#1428=EDGE_LOOP('',(#6216,#6217,#6218,#6219));
#1429=EDGE_LOOP('',(#6220,#6221,#6222,#6223));
#1430=EDGE_LOOP('',(#6224,#6225,#6226,#6227));
#1431=EDGE_LOOP('',(#6228,#6229,#6230,#6231));
#1432=EDGE_LOOP('',(#6232,#6233,#6234,#6235));
#1433=EDGE_LOOP('',(#6236,#6237,#6238,#6239));
#1434=EDGE_LOOP('',(#6240,#6241,#6242,#6243));
#1435=EDGE_LOOP('',(#6244,#6245,#6246,#6247));
#1436=EDGE_LOOP('',(#6248,#6249,#6250,#6251));
#1437=EDGE_LOOP('',(#6252,#6253,#6254,#6255,#6256,#6257,#6258,#6259,#6260,
#6261,#6262,#6263,#6264,#6265,#6266,#6267));
#1438=EDGE_LOOP('',(#6268,#6269,#6270,#6271));
#1439=EDGE_LOOP('',(#6272));
#1440=EDGE_LOOP('',(#6273));
#1441=EDGE_LOOP('',(#6274,#6275,#6276,#6277));
#1442=EDGE_LOOP('',(#6278,#6279,#6280,#6281));
#1443=EDGE_LOOP('',(#6282));
#1444=EDGE_LOOP('',(#6283,#6284,#6285,#6286,#6287,#6288,#6289,#6290,#6291,
#6292,#6293,#6294,#6295,#6296,#6297,#6298));
#1445=EDGE_LOOP('',(#6299,#6300,#6301,#6302));
#1446=EDGE_LOOP('',(#6303,#6304,#6305,#6306));
#1447=EDGE_LOOP('',(#6307,#6308,#6309,#6310));
#1448=EDGE_LOOP('',(#6311));
#1449=EDGE_LOOP('',(#6312,#6313,#6314,#6315));
#1450=EDGE_LOOP('',(#6316,#6317,#6318,#6319));
#1451=EDGE_LOOP('',(#6320,#6321,#6322,#6323));
#1452=EDGE_LOOP('',(#6324,#6325,#6326,#6327));
#1453=EDGE_LOOP('',(#6328,#6329,#6330,#6331,#6332,#6333,#6334,#6335,#6336,
#6337));
#1454=EDGE_LOOP('',(#6338,#6339,#6340,#6341));
#1455=EDGE_LOOP('',(#6342,#6343,#6344,#6345,#6346,#6347));
#1456=EDGE_LOOP('',(#6348,#6349,#6350,#6351));
#1457=EDGE_LOOP('',(#6352,#6353,#6354,#6355));
#1458=EDGE_LOOP('',(#6356));
#1459=EDGE_LOOP('',(#6357));
#1460=EDGE_LOOP('',(#6358,#6359,#6360,#6361,#6362,#6363,#6364,#6365,#6366,
#6367));
#1461=EDGE_LOOP('',(#6368));
#1462=EDGE_LOOP('',(#6369));
#1463=EDGE_LOOP('',(#6370,#6371,#6372,#6373));
#1464=EDGE_LOOP('',(#6374,#6375,#6376,#6377));
#1465=EDGE_LOOP('',(#6378,#6379,#6380,#6381));
#1466=EDGE_LOOP('',(#6382,#6383,#6384,#6385));
#1467=EDGE_LOOP('',(#6386,#6387,#6388,#6389));
#1468=EDGE_LOOP('',(#6390,#6391,#6392,#6393));
#1469=EDGE_LOOP('',(#6394,#6395,#6396,#6397));
#1470=EDGE_LOOP('',(#6398,#6399,#6400,#6401));
#1471=EDGE_LOOP('',(#6402,#6403,#6404,#6405));
#1472=EDGE_LOOP('',(#6406,#6407,#6408,#6409));
#1473=EDGE_LOOP('',(#6410,#6411,#6412,#6413));
#1474=EDGE_LOOP('',(#6414,#6415,#6416,#6417,#6418,#6419,#6420,#6421,#6422,
#6423,#6424,#6425,#6426,#6427,#6428,#6429,#6430));
#1475=EDGE_LOOP('',(#6431,#6432,#6433,#6434));
#1476=EDGE_LOOP('',(#6435,#6436,#6437,#6438,#6439,#6440,#6441,#6442,#6443,
#6444,#6445,#6446,#6447,#6448,#6449,#6450,#6451));
#1477=EDGE_LOOP('',(#6452,#6453,#6454,#6455));
#1478=EDGE_LOOP('',(#6456,#6457,#6458,#6459));
#1479=EDGE_LOOP('',(#6460,#6461,#6462,#6463));
#1480=EDGE_LOOP('',(#6464,#6465,#6466,#6467));
#1481=EDGE_LOOP('',(#6468));
#1482=EDGE_LOOP('',(#6469));
#1483=EDGE_LOOP('',(#6470));
#1484=EDGE_LOOP('',(#6471));
#1485=EDGE_LOOP('',(#6472,#6473,#6474,#6475));
#1486=EDGE_LOOP('',(#6476,#6477,#6478,#6479,#6480));
#1487=EDGE_LOOP('',(#6481,#6482,#6483,#6484));
#1488=EDGE_LOOP('',(#6485,#6486,#6487,#6488,#6489));
#1489=EDGE_LOOP('',(#6490,#6491,#6492,#6493));
#1490=EDGE_LOOP('',(#6494,#6495,#6496,#6497,#6498));
#1491=EDGE_LOOP('',(#6499,#6500,#6501,#6502));
#1492=EDGE_LOOP('',(#6503,#6504,#6505,#6506,#6507));
#1493=EDGE_LOOP('',(#6508,#6509,#6510,#6511));
#1494=EDGE_LOOP('',(#6512,#6513,#6514,#6515));
#1495=EDGE_LOOP('',(#6516,#6517,#6518,#6519));
#1496=EDGE_LOOP('',(#6520,#6521,#6522,#6523));
#1497=EDGE_LOOP('',(#6524,#6525,#6526,#6527));
#1498=EDGE_LOOP('',(#6528,#6529,#6530,#6531));
#1499=EDGE_LOOP('',(#6532,#6533,#6534,#6535));
#1500=EDGE_LOOP('',(#6536,#6537,#6538,#6539,#6540,#6541,#6542,#6543,#6544,
#6545,#6546,#6547,#6548));
#1501=EDGE_LOOP('',(#6549,#6550,#6551,#6552,#6553,#6554,#6555,#6556,#6557,
#6558,#6559,#6560,#6561,#6562));
#1502=EDGE_LOOP('',(#6563,#6564,#6565,#6566,#6567,#6568,#6569,#6570,#6571,
#6572,#6573,#6574,#6575,#6576));
#1503=EDGE_LOOP('',(#6577,#6578,#6579,#6580));
#1504=EDGE_LOOP('',(#6581,#6582,#6583,#6584));
#1505=EDGE_LOOP('',(#6585,#6586,#6587,#6588,#6589,#6590,#6591,#6592,#6593,
#6594));
#1506=EDGE_LOOP('',(#6595,#6596,#6597,#6598,#6599,#6600));
#1507=EDGE_LOOP('',(#6601));
#1508=EDGE_LOOP('',(#6602));
#1509=EDGE_LOOP('',(#6603));
#1510=EDGE_LOOP('',(#6604));
#1511=EDGE_LOOP('',(#6605));
#1512=EDGE_LOOP('',(#6606));
#1513=EDGE_LOOP('',(#6607,#6608,#6609,#6610));
#1514=EDGE_LOOP('',(#6611));
#1515=EDGE_LOOP('',(#6612));
#1516=EDGE_LOOP('',(#6613));
#1517=EDGE_LOOP('',(#6614,#6615,#6616,#6617));
#1518=EDGE_LOOP('',(#6618,#6619,#6620,#6621));
#1519=EDGE_LOOP('',(#6622,#6623,#6624,#6625));
#1520=EDGE_LOOP('',(#6626,#6627,#6628,#6629));
#1521=EDGE_LOOP('',(#6630,#6631,#6632,#6633));
#1522=EDGE_LOOP('',(#6634,#6635,#6636,#6637));
#1523=EDGE_LOOP('',(#6638,#6639,#6640,#6641));
#1524=EDGE_LOOP('',(#6642,#6643,#6644,#6645,#6646,#6647));
#1525=EDGE_LOOP('',(#6648,#6649,#6650,#6651,#6652,#6653));
#1526=EDGE_LOOP('',(#6654,#6655,#6656,#6657));
#1527=EDGE_LOOP('',(#6658,#6659,#6660,#6661));
#1528=EDGE_LOOP('',(#6662,#6663,#6664,#6665));
#1529=EDGE_LOOP('',(#6666,#6667,#6668,#6669));
#1530=EDGE_LOOP('',(#6670,#6671,#6672,#6673));
#1531=EDGE_LOOP('',(#6674,#6675,#6676,#6677));
#1532=EDGE_LOOP('',(#6678,#6679,#6680,#6681));
#1533=EDGE_LOOP('',(#6682,#6683,#6684,#6685));
#1534=EDGE_LOOP('',(#6686,#6687,#6688,#6689));
#1535=EDGE_LOOP('',(#6690,#6691,#6692,#6693));
#1536=EDGE_LOOP('',(#6694,#6695,#6696,#6697));
#1537=EDGE_LOOP('',(#6698,#6699,#6700,#6701));
#1538=EDGE_LOOP('',(#6702,#6703,#6704,#6705));
#1539=EDGE_LOOP('',(#6706,#6707,#6708,#6709));
#1540=EDGE_LOOP('',(#6710,#6711,#6712,#6713));
#1541=EDGE_LOOP('',(#6714,#6715,#6716,#6717));
#1542=EDGE_LOOP('',(#6718,#6719,#6720,#6721,#6722,#6723,#6724,#6725,#6726,
#6727,#6728,#6729,#6730,#6731,#6732,#6733));
#1543=EDGE_LOOP('',(#6734,#6735,#6736,#6737));
#1544=EDGE_LOOP('',(#6738));
#1545=EDGE_LOOP('',(#6739));
#1546=EDGE_LOOP('',(#6740,#6741,#6742,#6743));
#1547=EDGE_LOOP('',(#6744,#6745,#6746,#6747));
#1548=EDGE_LOOP('',(#6748));
#1549=EDGE_LOOP('',(#6749,#6750,#6751,#6752,#6753,#6754,#6755,#6756,#6757,
#6758,#6759,#6760,#6761,#6762,#6763,#6764));
#1550=EDGE_LOOP('',(#6765,#6766,#6767,#6768));
#1551=EDGE_LOOP('',(#6769,#6770,#6771,#6772));
#1552=EDGE_LOOP('',(#6773,#6774,#6775,#6776));
#1553=EDGE_LOOP('',(#6777));
#1554=EDGE_LOOP('',(#6778,#6779,#6780,#6781,#6782,#6783));
#1555=EDGE_LOOP('',(#6784,#6785,#6786));
#1556=EDGE_LOOP('',(#6787,#6788,#6789,#6790,#6791,#6792));
#1557=EDGE_LOOP('',(#6793,#6794,#6795));
#1558=EDGE_LOOP('',(#6796,#6797,#6798,#6799,#6800,#6801));
#1559=EDGE_LOOP('',(#6802,#6803,#6804));
#1560=EDGE_LOOP('',(#6805,#6806,#6807,#6808,#6809,#6810));
#1561=EDGE_LOOP('',(#6811,#6812,#6813));
#1562=EDGE_LOOP('',(#6814,#6815,#6816));
#1563=EDGE_LOOP('',(#6817,#6818,#6819,#6820,#6821,#6822));
#1564=EDGE_LOOP('',(#6823,#6824,#6825));
#1565=EDGE_LOOP('',(#6826,#6827,#6828,#6829,#6830,#6831));
#1566=EDGE_LOOP('',(#6832,#6833,#6834));
#1567=EDGE_LOOP('',(#6835,#6836,#6837,#6838,#6839,#6840));
#1568=EDGE_LOOP('',(#6841,#6842,#6843));
#1569=EDGE_LOOP('',(#6844,#6845,#6846,#6847,#6848,#6849));
#1570=EDGE_LOOP('',(#6850,#6851,#6852,#6853,#6854,#6855,#6856,#6857));
#1571=EDGE_LOOP('',(#6858,#6859,#6860,#6861));
#1572=EDGE_LOOP('',(#6862));
#1573=EDGE_LOOP('',(#6863));
#1574=EDGE_LOOP('',(#6864,#6865,#6866,#6867));
#1575=EDGE_LOOP('',(#6868,#6869,#6870,#6871));
#1576=EDGE_LOOP('',(#6872));
#1577=EDGE_LOOP('',(#6873,#6874,#6875,#6876,#6877,#6878,#6879,#6880,#6881,
#6882,#6883,#6884,#6885,#6886,#6887,#6888));
#1578=EDGE_LOOP('',(#6889,#6890,#6891,#6892));
#1579=EDGE_LOOP('',(#6893,#6894,#6895,#6896));
#1580=EDGE_LOOP('',(#6897,#6898,#6899,#6900));
#1581=EDGE_LOOP('',(#6901));
#1582=EDGE_LOOP('',(#6902,#6903,#6904,#6905));
#1583=EDGE_LOOP('',(#6906,#6907,#6908,#6909,#6910));
#1584=EDGE_LOOP('',(#6911,#6912,#6913,#6914,#6915,#6916,#6917,#6918,#6919,
#6920));
#1585=EDGE_LOOP('',(#6921,#6922,#6923,#6924));
#1586=EDGE_LOOP('',(#6925,#6926,#6927,#6928,#6929));
#1587=EDGE_LOOP('',(#6930,#6931,#6932,#6933));
#1588=EDGE_LOOP('',(#6934,#6935,#6936,#6937));
#1589=EDGE_LOOP('',(#6938,#6939,#6940,#6941,#6942,#6943,#6944,#6945,#6946));
#1590=EDGE_LOOP('',(#6947));
#1591=EDGE_LOOP('',(#6948));
#1592=EDGE_LOOP('',(#6949,#6950,#6951,#6952));
#1593=EDGE_LOOP('',(#6953,#6954,#6955));
#1594=EDGE_LOOP('',(#6956,#6957,#6958,#6959));
#1595=EDGE_LOOP('',(#6960,#6961,#6962,#6963));
#1596=EDGE_LOOP('',(#6964,#6965,#6966,#6967));
#1597=EDGE_LOOP('',(#6968,#6969,#6970,#6971));
#1598=EDGE_LOOP('',(#6972,#6973,#6974,#6975));
#1599=EDGE_LOOP('',(#6976,#6977,#6978,#6979));
#1600=EDGE_LOOP('',(#6980,#6981,#6982,#6983));
#1601=EDGE_LOOP('',(#6984,#6985,#6986,#6987));
#1602=EDGE_LOOP('',(#6988,#6989,#6990,#6991));
#1603=EDGE_LOOP('',(#6992,#6993,#6994,#6995));
#1604=EDGE_LOOP('',(#6996,#6997,#6998,#6999));
#1605=EDGE_LOOP('',(#7000,#7001,#7002,#7003));
#1606=EDGE_LOOP('',(#7004,#7005,#7006,#7007));
#1607=EDGE_LOOP('',(#7008,#7009,#7010,#7011));
#1608=EDGE_LOOP('',(#7012,#7013,#7014,#7015,#7016,#7017));
#1609=EDGE_LOOP('',(#7018));
#1610=EDGE_LOOP('',(#7019,#7020,#7021,#7022));
#1611=EDGE_LOOP('',(#7023,#7024,#7025,#7026));
#1612=EDGE_LOOP('',(#7027,#7028,#7029,#7030));
#1613=EDGE_LOOP('',(#7031,#7032,#7033,#7034));
#1614=EDGE_LOOP('',(#7035,#7036,#7037,#7038));
#1615=EDGE_LOOP('',(#7039,#7040,#7041,#7042));
#1616=EDGE_LOOP('',(#7043,#7044,#7045,#7046));
#1617=EDGE_LOOP('',(#7047,#7048,#7049,#7050,#7051,#7052,#7053,#7054,#7055,
#7056,#7057,#7058));
#1618=EDGE_LOOP('',(#7059));
#1619=EDGE_LOOP('',(#7060));
#1620=EDGE_LOOP('',(#7061));
#1621=EDGE_LOOP('',(#7062,#7063,#7064,#7065,#7066,#7067,#7068,#7069,#7070,
#7071,#7072,#7073));
#1622=EDGE_LOOP('',(#7074,#7075,#7076,#7077,#7078,#7079));
#1623=EDGE_LOOP('',(#7080));
#1624=EDGE_LOOP('',(#7081));
#1625=EDGE_LOOP('',(#7082,#7083,#7084,#7085));
#1626=EDGE_LOOP('',(#7086,#7087,#7088,#7089,#7090,#7091,#7092,#7093,#7094,
#7095,#7096,#7097));
#1627=EDGE_LOOP('',(#7098,#7099,#7100,#7101));
#1628=EDGE_LOOP('',(#7102,#7103,#7104,#7105));
#1629=EDGE_LOOP('',(#7106,#7107,#7108,#7109));
#1630=EDGE_LOOP('',(#7110,#7111,#7112,#7113));
#1631=EDGE_LOOP('',(#7114,#7115,#7116,#7117));
#1632=EDGE_LOOP('',(#7118,#7119,#7120,#7121));
#1633=EDGE_LOOP('',(#7122,#7123,#7124,#7125));
#1634=EDGE_LOOP('',(#7126));
#1635=EDGE_LOOP('',(#7127,#7128));
#1636=EDGE_LOOP('',(#7129,#7130,#7131,#7132));
#1637=EDGE_LOOP('',(#7133));
#1638=EDGE_LOOP('',(#7134,#7135,#7136,#7137));
#1639=EDGE_LOOP('',(#7138));
#1640=EDGE_LOOP('',(#7139,#7140,#7141,#7142));
#1641=EDGE_LOOP('',(#7143,#7144,#7145,#7146));
#1642=EDGE_LOOP('',(#7147,#7148,#7149,#7150));
#1643=EDGE_LOOP('',(#7151,#7152,#7153,#7154));
#1644=EDGE_LOOP('',(#7155,#7156,#7157,#7158));
#1645=EDGE_LOOP('',(#7159,#7160,#7161,#7162));
#1646=EDGE_LOOP('',(#7163,#7164,#7165,#7166));
#1647=EDGE_LOOP('',(#7167,#7168,#7169,#7170));
#1648=EDGE_LOOP('',(#7171,#7172,#7173,#7174,#7175,#7176,#7177,#7178,#7179,
#7180,#7181,#7182,#7183));
#1649=EDGE_LOOP('',(#7184,#7185));
#1650=EDGE_LOOP('',(#7186));
#1651=EDGE_LOOP('',(#7187));
#1652=EDGE_LOOP('',(#7188,#7189,#7190,#7191));
#1653=EDGE_LOOP('',(#7192,#7193,#7194,#7195));
#1654=EDGE_LOOP('',(#7196,#7197,#7198,#7199));
#1655=EDGE_LOOP('',(#7200,#7201,#7202,#7203));
#1656=EDGE_LOOP('',(#7204,#7205,#7206,#7207));
#1657=EDGE_LOOP('',(#7208,#7209,#7210,#7211));
#1658=EDGE_LOOP('',(#7212,#7213,#7214,#7215,#7216,#7217));
#1659=EDGE_LOOP('',(#7218));
#1660=EDGE_LOOP('',(#7219,#7220,#7221,#7222));
#1661=EDGE_LOOP('',(#7223,#7224,#7225,#7226));
#1662=EDGE_LOOP('',(#7227,#7228,#7229,#7230));
#1663=EDGE_LOOP('',(#7231,#7232,#7233,#7234));
#1664=EDGE_LOOP('',(#7235,#7236,#7237,#7238));
#1665=EDGE_LOOP('',(#7239,#7240,#7241,#7242));
#1666=EDGE_LOOP('',(#7243,#7244,#7245,#7246,#7247,#7248));
#1667=EDGE_LOOP('',(#7249));
#1668=EDGE_LOOP('',(#7250,#7251,#7252,#7253));
#1669=EDGE_LOOP('',(#7254,#7255,#7256,#7257));
#1670=EDGE_LOOP('',(#7258,#7259,#7260,#7261,#7262,#7263,#7264,#7265,#7266,
#7267,#7268,#7269,#7270,#7271,#7272,#7273,#7274,#7275,#7276,#7277,#7278,
#7279,#7280));
#1671=EDGE_LOOP('',(#7281,#7282,#7283,#7284));
#1672=EDGE_LOOP('',(#7285,#7286,#7287,#7288));
#1673=EDGE_LOOP('',(#7289,#7290,#7291,#7292));
#1674=EDGE_LOOP('',(#7293,#7294,#7295,#7296));
#1675=EDGE_LOOP('',(#7297,#7298,#7299,#7300,#7301,#7302,#7303));
#1676=EDGE_LOOP('',(#7304));
#1677=EDGE_LOOP('',(#7305));
#1678=EDGE_LOOP('',(#7306,#7307,#7308,#7309));
#1679=EDGE_LOOP('',(#7310,#7311,#7312,#7313));
#1680=EDGE_LOOP('',(#7314,#7315,#7316,#7317));
#1681=EDGE_LOOP('',(#7318,#7319,#7320,#7321));
#1682=EDGE_LOOP('',(#7322,#7323,#7324,#7325));
#1683=EDGE_LOOP('',(#7326,#7327,#7328,#7329));
#1684=EDGE_LOOP('',(#7330,#7331,#7332,#7333));
#1685=EDGE_LOOP('',(#7334,#7335,#7336,#7337));
#1686=EDGE_LOOP('',(#7338,#7339,#7340,#7341,#7342,#7343,#7344,#7345,#7346,
#7347,#7348,#7349,#7350,#7351,#7352,#7353,#7354,#7355,#7356,#7357,#7358,
#7359));
#1687=EDGE_LOOP('',(#7360));
#1688=EDGE_LOOP('',(#7361));
#1689=EDGE_LOOP('',(#7362,#7363,#7364,#7365,#7366));
#1690=EDGE_LOOP('',(#7367,#7368,#7369));
#1691=EDGE_LOOP('',(#7370,#7371,#7372));
#1692=EDGE_LOOP('',(#7373,#7374,#7375,#7376));
#1693=EDGE_LOOP('',(#7377,#7378,#7379,#7380));
#1694=EDGE_LOOP('',(#7381,#7382,#7383,#7384));
#1695=EDGE_LOOP('',(#7385,#7386,#7387,#7388));
#1696=EDGE_LOOP('',(#7389,#7390,#7391,#7392));
#1697=EDGE_LOOP('',(#7393,#7394,#7395,#7396,#7397,#7398,#7399,#7400));
#1698=EDGE_LOOP('',(#7401,#7402,#7403,#7404));
#1699=EDGE_LOOP('',(#7405,#7406,#7407,#7408));
#1700=EDGE_LOOP('',(#7409,#7410,#7411,#7412));
#1701=EDGE_LOOP('',(#7413,#7414,#7415,#7416));
#1702=EDGE_LOOP('',(#7417,#7418,#7419,#7420));
#1703=EDGE_LOOP('',(#7421,#7422,#7423,#7424,#7425,#7426,#7427));
#1704=EDGE_LOOP('',(#7428,#7429,#7430,#7431,#7432,#7433,#7434));
#1705=EDGE_LOOP('',(#7435,#7436,#7437,#7438));
#1706=EDGE_LOOP('',(#7439));
#1707=EDGE_LOOP('',(#7440,#7441,#7442,#7443));
#1708=EDGE_LOOP('',(#7444,#7445,#7446,#7447,#7448));
#1709=EDGE_LOOP('',(#7449));
#1710=EDGE_LOOP('',(#7450,#7451,#7452,#7453));
#1711=EDGE_LOOP('',(#7454,#7455,#7456,#7457));
#1712=EDGE_LOOP('',(#7458,#7459,#7460,#7461));
#1713=EDGE_LOOP('',(#7462,#7463,#7464,#7465));
#1714=EDGE_LOOP('',(#7466,#7467,#7468,#7469));
#1715=EDGE_LOOP('',(#7470,#7471,#7472,#7473));
#1716=EDGE_LOOP('',(#7474,#7475,#7476,#7477));
#1717=EDGE_LOOP('',(#7478,#7479,#7480,#7481));
#1718=EDGE_LOOP('',(#7482,#7483,#7484,#7485,#7486,#7487));
#1719=EDGE_LOOP('',(#7488,#7489,#7490,#7491,#7492,#7493,#7494,#7495,#7496,
#7497,#7498));
#1720=EDGE_LOOP('',(#7499,#7500,#7501,#7502,#7503,#7504));
#1721=EDGE_LOOP('',(#7505,#7506,#7507,#7508,#7509,#7510));
#1722=EDGE_LOOP('',(#7511,#7512,#7513,#7514,#7515,#7516));
#1723=EDGE_LOOP('',(#7517,#7518,#7519,#7520));
#1724=EDGE_LOOP('',(#7521,#7522,#7523,#7524));
#1725=EDGE_LOOP('',(#7525,#7526,#7527,#7528));
#1726=EDGE_LOOP('',(#7529,#7530,#7531,#7532,#7533,#7534,#7535,#7536));
#1727=EDGE_LOOP('',(#7537,#7538,#7539,#7540,#7541,#7542,#7543,#7544,#7545,
#7546,#7547,#7548,#7549,#7550,#7551));
#1728=EDGE_LOOP('',(#7552,#7553,#7554,#7555,#7556,#7557));
#1729=EDGE_LOOP('',(#7558,#7559,#7560,#7561,#7562,#7563));
#1730=EDGE_LOOP('',(#7564,#7565,#7566,#7567));
#1731=EDGE_LOOP('',(#7568,#7569,#7570,#7571));
#1732=EDGE_LOOP('',(#7572,#7573,#7574,#7575,#7576,#7577,#7578,#7579,#7580,
#7581));
#1733=EDGE_LOOP('',(#7582,#7583,#7584,#7585,#7586,#7587,#7588,#7589));
#1734=EDGE_LOOP('',(#7590));
#1735=EDGE_LOOP('',(#7591,#7592,#7593,#7594,#7595));
#1736=EDGE_LOOP('',(#7596,#7597,#7598,#7599,#7600,#7601));
#1737=EDGE_LOOP('',(#7602));
#1738=EDGE_LOOP('',(#7603));
#1739=EDGE_LOOP('',(#7604,#7605,#7606,#7607,#7608));
#1740=EDGE_LOOP('',(#7609,#7610,#7611,#7612,#7613,#7614,#7615,#7616,#7617,
#7618));
#1741=EDGE_LOOP('',(#7619,#7620,#7621,#7622,#7623,#7624,#7625,#7626));
#1742=EDGE_LOOP('',(#7627));
#1743=EDGE_LOOP('',(#7628));
#1744=EDGE_LOOP('',(#7629));
#1745=EDGE_LOOP('',(#7630,#7631,#7632,#7633));
#1746=EDGE_LOOP('',(#7634,#7635,#7636,#7637));
#1747=EDGE_LOOP('',(#7638,#7639,#7640,#7641));
#1748=EDGE_LOOP('',(#7642,#7643,#7644,#7645));
#1749=EDGE_LOOP('',(#7646,#7647,#7648,#7649));
#1750=EDGE_LOOP('',(#7650,#7651,#7652,#7653));
#1751=EDGE_LOOP('',(#7654,#7655,#7656,#7657));
#1752=EDGE_LOOP('',(#7658));
#1753=EDGE_LOOP('',(#7659,#7660,#7661,#7662));
#1754=EDGE_LOOP('',(#7663,#7664,#7665,#7666));
#1755=EDGE_LOOP('',(#7667,#7668,#7669,#7670));
#1756=EDGE_LOOP('',(#7671,#7672,#7673,#7674));
#1757=EDGE_LOOP('',(#7675,#7676,#7677,#7678));
#1758=EDGE_LOOP('',(#7679,#7680,#7681,#7682));
#1759=EDGE_LOOP('',(#7683,#7684,#7685,#7686));
#1760=EDGE_LOOP('',(#7687,#7688,#7689,#7690));
#1761=EDGE_LOOP('',(#7691,#7692,#7693,#7694));
#1762=EDGE_LOOP('',(#7695,#7696,#7697,#7698));
#1763=EDGE_LOOP('',(#7699,#7700,#7701,#7702));
#1764=EDGE_LOOP('',(#7703));
#1765=EDGE_LOOP('',(#7704));
#1766=EDGE_LOOP('',(#7705,#7706,#7707,#7708));
#1767=EDGE_LOOP('',(#7709));
#1768=EDGE_LOOP('',(#7710,#7711,#7712,#7713));
#1769=EDGE_LOOP('',(#7714,#7715,#7716,#7717));
#1770=EDGE_LOOP('',(#7718,#7719,#7720,#7721));
#1771=EDGE_LOOP('',(#7722,#7723,#7724,#7725));
#1772=EDGE_LOOP('',(#7726,#7727,#7728,#7729));
#1773=EDGE_LOOP('',(#7730,#7731,#7732,#7733));
#1774=EDGE_LOOP('',(#7734,#7735,#7736,#7737));
#1775=EDGE_LOOP('',(#7738,#7739,#7740,#7741));
#1776=EDGE_LOOP('',(#7742,#7743,#7744,#7745));
#1777=EDGE_LOOP('',(#7746,#7747,#7748,#7749));
#1778=EDGE_LOOP('',(#7750,#7751,#7752,#7753));
#1779=EDGE_LOOP('',(#7754,#7755,#7756,#7757));
#1780=EDGE_LOOP('',(#7758,#7759,#7760,#7761));
#1781=EDGE_LOOP('',(#7762,#7763,#7764,#7765));
#1782=EDGE_LOOP('',(#7766,#7767,#7768,#7769));
#1783=EDGE_LOOP('',(#7770,#7771,#7772,#7773));
#1784=EDGE_LOOP('',(#7774,#7775,#7776,#7777));
#1785=EDGE_LOOP('',(#7778,#7779,#7780,#7781));
#1786=EDGE_LOOP('',(#7782,#7783,#7784,#7785,#7786));
#1787=EDGE_LOOP('',(#7787,#7788,#7789,#7790,#7791,#7792,#7793,#7794,#7795,
#7796,#7797,#7798,#7799,#7800,#7801,#7802));
#1788=EDGE_LOOP('',(#7803,#7804,#7805,#7806));
#1789=EDGE_LOOP('',(#7807));
#1790=EDGE_LOOP('',(#7808));
#1791=EDGE_LOOP('',(#7809,#7810,#7811,#7812));
#1792=EDGE_LOOP('',(#7813));
#1793=EDGE_LOOP('',(#7814,#7815,#7816,#7817,#7818,#7819,#7820,#7821,#7822,
#7823,#7824,#7825,#7826,#7827,#7828,#7829,#7830,#7831,#7832,#7833,#7834));
#1794=EDGE_LOOP('',(#7835,#7836,#7837,#7838,#7839));
#1795=EDGE_LOOP('',(#7840));
#1796=EDGE_LOOP('',(#7841));
#1797=EDGE_LOOP('',(#7842,#7843,#7844,#7845));
#1798=EDGE_LOOP('',(#7846,#7847,#7848,#7849));
#1799=EDGE_LOOP('',(#7850,#7851,#7852,#7853));
#1800=EDGE_LOOP('',(#7854,#7855,#7856,#7857));
#1801=EDGE_LOOP('',(#7858,#7859,#7860,#7861,#7862,#7863,#7864,#7865,#7866,
#7867));
#1802=EDGE_LOOP('',(#7868,#7869,#7870,#7871));
#1803=EDGE_LOOP('',(#7872,#7873,#7874,#7875,#7876,#7877));
#1804=EDGE_LOOP('',(#7878,#7879,#7880,#7881));
#1805=EDGE_LOOP('',(#7882,#7883,#7884,#7885));
#1806=EDGE_LOOP('',(#7886));
#1807=EDGE_LOOP('',(#7887));
#1808=EDGE_LOOP('',(#7888,#7889,#7890,#7891,#7892,#7893,#7894,#7895,#7896,
#7897));
#1809=EDGE_LOOP('',(#7898));
#1810=EDGE_LOOP('',(#7899));
#1811=EDGE_LOOP('',(#7900,#7901,#7902,#7903));
#1812=EDGE_LOOP('',(#7904,#7905,#7906,#7907));
#1813=EDGE_LOOP('',(#7908,#7909,#7910,#7911));
#1814=EDGE_LOOP('',(#7912,#7913,#7914,#7915));
#1815=EDGE_LOOP('',(#7916,#7917,#7918,#7919));
#1816=EDGE_LOOP('',(#7920,#7921,#7922,#7923));
#1817=EDGE_LOOP('',(#7924,#7925,#7926,#7927));
#1818=EDGE_LOOP('',(#7928,#7929,#7930,#7931));
#1819=EDGE_LOOP('',(#7932,#7933,#7934,#7935));
#1820=EDGE_LOOP('',(#7936,#7937,#7938,#7939));
#1821=EDGE_LOOP('',(#7940,#7941,#7942,#7943));
#1822=EDGE_LOOP('',(#7944,#7945,#7946,#7947));
#1823=EDGE_LOOP('',(#7948,#7949,#7950,#7951));
#1824=EDGE_LOOP('',(#7952,#7953,#7954,#7955));
#1825=EDGE_LOOP('',(#7956,#7957,#7958,#7959));
#1826=EDGE_LOOP('',(#7960,#7961,#7962,#7963));
#1827=EDGE_LOOP('',(#7964,#7965,#7966,#7967));
#1828=EDGE_LOOP('',(#7968,#7969,#7970,#7971,#7972));
#1829=EDGE_LOOP('',(#7973,#7974,#7975,#7976,#7977,#7978,#7979,#7980,#7981,
#7982,#7983,#7984,#7985,#7986,#7987,#7988));
#1830=EDGE_LOOP('',(#7989,#7990,#7991,#7992));
#1831=EDGE_LOOP('',(#7993));
#1832=EDGE_LOOP('',(#7994));
#1833=EDGE_LOOP('',(#7995,#7996,#7997,#7998));
#1834=EDGE_LOOP('',(#7999));
#1835=EDGE_LOOP('',(#8000,#8001,#8002,#8003,#8004,#8005,#8006,#8007,#8008,
#8009,#8010,#8011,#8012,#8013,#8014,#8015,#8016,#8017,#8018,#8019,#8020));
#1836=EDGE_LOOP('',(#8021,#8022,#8023,#8024,#8025));
#1837=EDGE_LOOP('',(#8026));
#1838=EDGE_LOOP('',(#8027));
#1839=EDGE_LOOP('',(#8028,#8029,#8030,#8031));
#1840=EDGE_LOOP('',(#8032,#8033,#8034,#8035));
#1841=EDGE_LOOP('',(#8036,#8037,#8038,#8039));
#1842=EDGE_LOOP('',(#8040,#8041,#8042,#8043));
#1843=EDGE_LOOP('',(#8044,#8045,#8046,#8047,#8048,#8049,#8050,#8051,#8052,
#8053));
#1844=EDGE_LOOP('',(#8054,#8055,#8056,#8057));
#1845=EDGE_LOOP('',(#8058,#8059,#8060,#8061,#8062,#8063));
#1846=EDGE_LOOP('',(#8064,#8065,#8066,#8067));
#1847=EDGE_LOOP('',(#8068,#8069,#8070,#8071));
#1848=EDGE_LOOP('',(#8072));
#1849=EDGE_LOOP('',(#8073));
#1850=EDGE_LOOP('',(#8074,#8075,#8076,#8077,#8078,#8079,#8080,#8081,#8082,
#8083));
#1851=EDGE_LOOP('',(#8084));
#1852=EDGE_LOOP('',(#8085));
#1853=EDGE_LOOP('',(#8086,#8087,#8088,#8089));
#1854=EDGE_LOOP('',(#8090,#8091,#8092,#8093));
#1855=EDGE_LOOP('',(#8094,#8095,#8096,#8097));
#1856=EDGE_LOOP('',(#8098,#8099,#8100,#8101));
#1857=EDGE_LOOP('',(#8102,#8103,#8104,#8105));
#1858=EDGE_LOOP('',(#8106,#8107,#8108,#8109));
#1859=EDGE_LOOP('',(#8110,#8111,#8112,#8113,#8114));
#1860=EDGE_LOOP('',(#8115,#8116,#8117,#8118,#8119));
#1861=EDGE_LOOP('',(#8120,#8121,#8122,#8123));
#1862=EDGE_LOOP('',(#8124,#8125,#8126,#8127));
#1863=EDGE_LOOP('',(#8128));
#1864=EDGE_LOOP('',(#8129));
#1865=EDGE_LOOP('',(#8130));
#1866=EDGE_LOOP('',(#8131));
#1867=EDGE_LOOP('',(#8132));
#1868=EDGE_LOOP('',(#8133));
#1869=EDGE_LOOP('',(#8134));
#1870=EDGE_LOOP('',(#8135));
#1871=LINE('',#12397,#2559);
#1872=LINE('',#12410,#2560);
#1873=LINE('',#12422,#2561);
#1874=LINE('',#12424,#2562);
#1875=LINE('',#12426,#2563);
#1876=LINE('',#12429,#2564);
#1877=LINE('',#12440,#2565);
#1878=LINE('',#12443,#2566);
#1879=LINE('',#12449,#2567);
#1880=LINE('',#12452,#2568);
#1881=LINE('',#12458,#2569);
#1882=LINE('',#12461,#2570);
#1883=LINE('',#12467,#2571);
#1884=LINE('',#12470,#2572);
#1885=LINE('',#12476,#2573);
#1886=LINE('',#12479,#2574);
#1887=LINE('',#12485,#2575);
#1888=LINE('',#12488,#2576);
#1889=LINE('',#12492,#2577);
#1890=LINE('',#12496,#2578);
#1891=LINE('',#12500,#2579);
#1892=LINE('',#12504,#2580);
#1893=LINE('',#12509,#2581);
#1894=LINE('',#12515,#2582);
#1895=LINE('',#12516,#2583);
#1896=LINE('',#12520,#2584);
#1897=LINE('',#12521,#2585);
#1898=LINE('',#12527,#2586);
#1899=LINE('',#12529,#2587);
#1900=LINE('',#12530,#2588);
#1901=LINE('',#12531,#2589);
#1902=LINE('',#12532,#2590);
#1903=LINE('',#12538,#2591);
#1904=LINE('',#12546,#2592);
#1905=LINE('',#12549,#2593);
#1906=LINE('',#12553,#2594);
#1907=LINE('',#12557,#2595);
#1908=LINE('',#12560,#2596);
#1909=LINE('',#12562,#2597);
#1910=LINE('',#12566,#2598);
#1911=LINE('',#12570,#2599);
#1912=LINE('',#12573,#2600);
#1913=LINE('',#12576,#2601);
#1914=LINE('',#12577,#2602);
#1915=LINE('',#12582,#2603);
#1916=LINE('',#12586,#2604);
#1917=LINE('',#12589,#2605);
#1918=LINE('',#12591,#2606);
#1919=LINE('',#12595,#2607);
#1920=LINE('',#12599,#2608);
#1921=LINE('',#12602,#2609);
#1922=LINE('',#12606,#2610);
#1923=LINE('',#12608,#2611);
#1924=LINE('',#12610,#2612);
#1925=LINE('',#12612,#2613);
#1926=LINE('',#12614,#2614);
#1927=LINE('',#12616,#2615);
#1928=LINE('',#12619,#2616);
#1929=LINE('',#12621,#2617);
#1930=LINE('',#12623,#2618);
#1931=LINE('',#12625,#2619);
#1932=LINE('',#12627,#2620);
#1933=LINE('',#12631,#2621);
#1934=LINE('',#12635,#2622);
#1935=LINE('',#12639,#2623);
#1936=LINE('',#12643,#2624);
#1937=LINE('',#12646,#2625);
#1938=LINE('',#12648,#2626);
#1939=LINE('',#12652,#2627);
#1940=LINE('',#12656,#2628);
#1941=LINE('',#12659,#2629);
#1942=LINE('',#12662,#2630);
#1943=LINE('',#12663,#2631);
#1944=LINE('',#12667,#2632);
#1945=LINE('',#12670,#2633);
#1946=LINE('',#12671,#2634);
#1947=LINE('',#12675,#2635);
#1948=LINE('',#12678,#2636);
#1949=LINE('',#12679,#2637);
#1950=LINE('',#12683,#2638);
#1951=LINE('',#12685,#2639);
#1952=LINE('',#12688,#2640);
#1953=LINE('',#12689,#2641);
#1954=LINE('',#12693,#2642);
#1955=LINE('',#12696,#2643);
#1956=LINE('',#12697,#2644);
#1957=LINE('',#12701,#2645);
#1958=LINE('',#12704,#2646);
#1959=LINE('',#12705,#2647);
#1960=LINE('',#12709,#2648);
#1961=LINE('',#12711,#2649);
#1962=LINE('',#12714,#2650);
#1963=LINE('',#12720,#2651);
#1964=LINE('',#12722,#2652);
#1965=LINE('',#12724,#2653);
#1966=LINE('',#12725,#2654);
#1967=LINE('',#12736,#2655);
#1968=LINE('',#12738,#2656);
#1969=LINE('',#12739,#2657);
#1970=LINE('',#12742,#2658);
#1971=LINE('',#12743,#2659);
#1972=LINE('',#12747,#2660);
#1973=LINE('',#12749,#2661);
#1974=LINE('',#12751,#2662);
#1975=LINE('',#12752,#2663);
#1976=LINE('',#12755,#2664);
#1977=LINE('',#12757,#2665);
#1978=LINE('',#12758,#2666);
#1979=LINE('',#12761,#2667);
#1980=LINE('',#12763,#2668);
#1981=LINE('',#12764,#2669);
#1982=LINE('',#12767,#2670);
#1983=LINE('',#12769,#2671);
#1984=LINE('',#12770,#2672);
#1985=LINE('',#12773,#2673);
#1986=LINE('',#12775,#2674);
#1987=LINE('',#12776,#2675);
#1988=LINE('',#12778,#2676);
#1989=LINE('',#12779,#2677);
#1990=LINE('',#12788,#2678);
#1991=LINE('',#12791,#2679);
#1992=LINE('',#12796,#2680);
#1993=LINE('',#12803,#2681);
#1994=LINE('',#12808,#2682);
#1995=LINE('',#12841,#2683);
#1996=LINE('',#12865,#2684);
#1997=LINE('',#12866,#2685);
#1998=LINE('',#12869,#2686);
#1999=LINE('',#12876,#2687);
#2000=LINE('',#12880,#2688);
#2001=LINE('',#12889,#2689);
#2002=LINE('',#12946,#2690);
#2003=LINE('',#12956,#2691);
#2004=LINE('',#12977,#2692);
#2005=LINE('',#12982,#2693);
#2006=LINE('',#12989,#2694);
#2007=LINE('',#12991,#2695);
#2008=LINE('',#12994,#2696);
#2009=LINE('',#12997,#2697);
#2010=LINE('',#12999,#2698);
#2011=LINE('',#13000,#2699);
#2012=LINE('',#13005,#2700);
#2013=LINE('',#13008,#2701);
#2014=LINE('',#13013,#2702);
#2015=LINE('',#13015,#2703);
#2016=LINE('',#13017,#2704);
#2017=LINE('',#13019,#2705);
#2018=LINE('',#13021,#2706);
#2019=LINE('',#13029,#2707);
#2020=LINE('',#13032,#2708);
#2021=LINE('',#13035,#2709);
#2022=LINE('',#13037,#2710);
#2023=LINE('',#13038,#2711);
#2024=LINE('',#13044,#2712);
#2025=LINE('',#13047,#2713);
#2026=LINE('',#13050,#2714);
#2027=LINE('',#13052,#2715);
#2028=LINE('',#13053,#2716);
#2029=LINE('',#13059,#2717);
#2030=LINE('',#13062,#2718);
#2031=LINE('',#13065,#2719);
#2032=LINE('',#13067,#2720);
#2033=LINE('',#13068,#2721);
#2034=LINE('',#13074,#2722);
#2035=LINE('',#13077,#2723);
#2036=LINE('',#13080,#2724);
#2037=LINE('',#13082,#2725);
#2038=LINE('',#13083,#2726);
#2039=LINE('',#13086,#2727);
#2040=LINE('',#13088,#2728);
#2041=LINE('',#13089,#2729);
#2042=LINE('',#13091,#2730);
#2043=LINE('',#13092,#2731);
#2044=LINE('',#13095,#2732);
#2045=LINE('',#13097,#2733);
#2046=LINE('',#13098,#2734);
#2047=LINE('',#13100,#2735);
#2048=LINE('',#13101,#2736);
#2049=LINE('',#13104,#2737);
#2050=LINE('',#13106,#2738);
#2051=LINE('',#13107,#2739);
#2052=LINE('',#13109,#2740);
#2053=LINE('',#13110,#2741);
#2054=LINE('',#13113,#2742);
#2055=LINE('',#13115,#2743);
#2056=LINE('',#13116,#2744);
#2057=LINE('',#13118,#2745);
#2058=LINE('',#13119,#2746);
#2059=LINE('',#13133,#2747);
#2060=LINE('',#13142,#2748);
#2061=LINE('',#13146,#2749);
#2062=LINE('',#13150,#2750);
#2063=LINE('',#13157,#2751);
#2064=LINE('',#13163,#2752);
#2065=LINE('',#13168,#2753);
#2066=LINE('',#13174,#2754);
#2067=LINE('',#13184,#2755);
#2068=LINE('',#13192,#2756);
#2069=LINE('',#13216,#2757);
#2070=LINE('',#13226,#2758);
#2071=LINE('',#13232,#2759);
#2072=LINE('',#13241,#2760);
#2073=LINE('',#13244,#2761);
#2074=LINE('',#13250,#2762);
#2075=LINE('',#13252,#2763);
#2076=LINE('',#13254,#2764);
#2077=LINE('',#13255,#2765);
#2078=LINE('',#13258,#2766);
#2079=LINE('',#13260,#2767);
#2080=LINE('',#13261,#2768);
#2081=LINE('',#13266,#2769);
#2082=LINE('',#13270,#2770);
#2083=LINE('',#13272,#2771);
#2084=LINE('',#13273,#2772);
#2085=LINE('',#13276,#2773);
#2086=LINE('',#13278,#2774);
#2087=LINE('',#13279,#2775);
#2088=LINE('',#13282,#2776);
#2089=LINE('',#13284,#2777);
#2090=LINE('',#13285,#2778);
#2091=LINE('',#13290,#2779);
#2092=LINE('',#13295,#2780);
#2093=LINE('',#13297,#2781);
#2094=LINE('',#13299,#2782);
#2095=LINE('',#13300,#2783);
#2096=LINE('',#13302,#2784);
#2097=LINE('',#13303,#2785);
#2098=LINE('',#13309,#2786);
#2099=LINE('',#13312,#2787);
#2100=LINE('',#13314,#2788);
#2101=LINE('',#13316,#2789);
#2102=LINE('',#13318,#2790);
#2103=LINE('',#13320,#2791);
#2104=LINE('',#13322,#2792);
#2105=LINE('',#13324,#2793);
#2106=LINE('',#13325,#2794);
#2107=LINE('',#13328,#2795);
#2108=LINE('',#13330,#2796);
#2109=LINE('',#13331,#2797);
#2110=LINE('',#13333,#2798);
#2111=LINE('',#13335,#2799);
#2112=LINE('',#13337,#2800);
#2113=LINE('',#13339,#2801);
#2114=LINE('',#13340,#2802);
#2115=LINE('',#13341,#2803);
#2116=LINE('',#13344,#2804);
#2117=LINE('',#13346,#2805);
#2118=LINE('',#13348,#2806);
#2119=LINE('',#13363,#2807);
#2120=LINE('',#13366,#2808);
#2121=LINE('',#13372,#2809);
#2122=LINE('',#13375,#2810);
#2123=LINE('',#13381,#2811);
#2124=LINE('',#13384,#2812);
#2125=LINE('',#13390,#2813);
#2126=LINE('',#13393,#2814);
#2127=LINE('',#13399,#2815);
#2128=LINE('',#13405,#2816);
#2129=LINE('',#13412,#2817);
#2130=LINE('',#13415,#2818);
#2131=LINE('',#13420,#2819);
#2132=LINE('',#13427,#2820);
#2133=LINE('',#13430,#2821);
#2134=LINE('',#13434,#2822);
#2135=LINE('',#13436,#2823);
#2136=LINE('',#13438,#2824);
#2137=LINE('',#13444,#2825);
#2138=LINE('',#13450,#2826);
#2139=LINE('',#13456,#2827);
#2140=LINE('',#13457,#2828);
#2141=LINE('',#13460,#2829);
#2142=LINE('',#13461,#2830);
#2143=LINE('',#13465,#2831);
#2144=LINE('',#13467,#2832);
#2145=LINE('',#13468,#2833);
#2146=LINE('',#13470,#2834);
#2147=LINE('',#13472,#2835);
#2148=LINE('',#13474,#2836);
#2149=LINE('',#13476,#2837);
#2150=LINE('',#13477,#2838);
#2151=LINE('',#13480,#2839);
#2152=LINE('',#13482,#2840);
#2153=LINE('',#13484,#2841);
#2154=LINE('',#13486,#2842);
#2155=LINE('',#13487,#2843);
#2156=LINE('',#13489,#2844);
#2157=LINE('',#13491,#2845);
#2158=LINE('',#13493,#2846);
#2159=LINE('',#13496,#2847);
#2160=LINE('',#13497,#2848);
#2161=LINE('',#13499,#2849);
#2162=LINE('',#13529,#2850);
#2163=LINE('',#13586,#2851);
#2164=LINE('',#13596,#2852);
#2165=LINE('',#13597,#2853);
#2166=LINE('',#13599,#2854);
#2167=LINE('',#13602,#2855);
#2168=LINE('',#13604,#2856);
#2169=LINE('',#13607,#2857);
#2170=LINE('',#13610,#2858);
#2171=LINE('',#13612,#2859);
#2172=LINE('',#13620,#2860);
#2173=LINE('',#13623,#2861);
#2174=LINE('',#13626,#2862);
#2175=LINE('',#13628,#2863);
#2176=LINE('',#13629,#2864);
#2177=LINE('',#13635,#2865);
#2178=LINE('',#13638,#2866);
#2179=LINE('',#13641,#2867);
#2180=LINE('',#13643,#2868);
#2181=LINE('',#13644,#2869);
#2182=LINE('',#13650,#2870);
#2183=LINE('',#13653,#2871);
#2184=LINE('',#13656,#2872);
#2185=LINE('',#13658,#2873);
#2186=LINE('',#13659,#2874);
#2187=LINE('',#13665,#2875);
#2188=LINE('',#13668,#2876);
#2189=LINE('',#13671,#2877);
#2190=LINE('',#13673,#2878);
#2191=LINE('',#13674,#2879);
#2192=LINE('',#13677,#2880);
#2193=LINE('',#13679,#2881);
#2194=LINE('',#13680,#2882);
#2195=LINE('',#13682,#2883);
#2196=LINE('',#13683,#2884);
#2197=LINE('',#13686,#2885);
#2198=LINE('',#13688,#2886);
#2199=LINE('',#13689,#2887);
#2200=LINE('',#13691,#2888);
#2201=LINE('',#13692,#2889);
#2202=LINE('',#13695,#2890);
#2203=LINE('',#13697,#2891);
#2204=LINE('',#13698,#2892);
#2205=LINE('',#13700,#2893);
#2206=LINE('',#13701,#2894);
#2207=LINE('',#13704,#2895);
#2208=LINE('',#13706,#2896);
#2209=LINE('',#13707,#2897);
#2210=LINE('',#13709,#2898);
#2211=LINE('',#13710,#2899);
#2212=LINE('',#13724,#2900);
#2213=LINE('',#13733,#2901);
#2214=LINE('',#13737,#2902);
#2215=LINE('',#13741,#2903);
#2216=LINE('',#13753,#2904);
#2217=LINE('',#13756,#2905);
#2218=LINE('',#13759,#2906);
#2219=LINE('',#13760,#2907);
#2220=LINE('',#13770,#2908);
#2221=LINE('',#13773,#2909);
#2222=LINE('',#13776,#2910);
#2223=LINE('',#13777,#2911);
#2224=LINE('',#13787,#2912);
#2225=LINE('',#13790,#2913);
#2226=LINE('',#13793,#2914);
#2227=LINE('',#13794,#2915);
#2228=LINE('',#13804,#2916);
#2229=LINE('',#13807,#2917);
#2230=LINE('',#13810,#2918);
#2231=LINE('',#13811,#2919);
#2232=LINE('',#13814,#2920);
#2233=LINE('',#13815,#2921);
#2234=LINE('',#13817,#2922);
#2235=LINE('',#13818,#2923);
#2236=LINE('',#13821,#2924);
#2237=LINE('',#13822,#2925);
#2238=LINE('',#13824,#2926);
#2239=LINE('',#13825,#2927);
#2240=LINE('',#13828,#2928);
#2241=LINE('',#13829,#2929);
#2242=LINE('',#13831,#2930);
#2243=LINE('',#13832,#2931);
#2244=LINE('',#13835,#2932);
#2245=LINE('',#13836,#2933);
#2246=LINE('',#13838,#2934);
#2247=LINE('',#13839,#2935);
#2248=LINE('',#13853,#2936);
#2249=LINE('',#13862,#2937);
#2250=LINE('',#13866,#2938);
#2251=LINE('',#13870,#2939);
#2252=LINE('',#13876,#2940);
#2253=LINE('',#13882,#2941);
#2254=LINE('',#13890,#2942);
#2255=LINE('',#13898,#2943);
#2256=LINE('',#13920,#2944);
#2257=LINE('',#13924,#2945);
#2258=LINE('',#13928,#2946);
#2259=LINE('',#13939,#2947);
#2260=LINE('',#13943,#2948);
#2261=LINE('',#13951,#2949);
#2262=LINE('',#13954,#2950);
#2263=LINE('',#13959,#2951);
#2264=LINE('',#13965,#2952);
#2265=LINE('',#13969,#2953);
#2266=LINE('',#13971,#2954);
#2267=LINE('',#13972,#2955);
#2268=LINE('',#13978,#2956);
#2269=LINE('',#13981,#2957);
#2270=LINE('',#13984,#2958);
#2271=LINE('',#13986,#2959);
#2272=LINE('',#13987,#2960);
#2273=LINE('',#13993,#2961);
#2274=LINE('',#13996,#2962);
#2275=LINE('',#14003,#2963);
#2276=LINE('',#14005,#2964);
#2277=LINE('',#14007,#2965);
#2278=LINE('',#14008,#2966);
#2279=LINE('',#14011,#2967);
#2280=LINE('',#14013,#2968);
#2281=LINE('',#14014,#2969);
#2282=LINE('',#14017,#2970);
#2283=LINE('',#14019,#2971);
#2284=LINE('',#14020,#2972);
#2285=LINE('',#14023,#2973);
#2286=LINE('',#14025,#2974);
#2287=LINE('',#14026,#2975);
#2288=LINE('',#14029,#2976);
#2289=LINE('',#14031,#2977);
#2290=LINE('',#14032,#2978);
#2291=LINE('',#14034,#2979);
#2292=LINE('',#14035,#2980);
#2293=LINE('',#14042,#2981);
#2294=LINE('',#14047,#2982);
#2295=LINE('',#14053,#2983);
#2296=LINE('',#14057,#2984);
#2297=LINE('',#14059,#2985);
#2298=LINE('',#14060,#2986);
#2299=LINE('',#14066,#2987);
#2300=LINE('',#14068,#2988);
#2301=LINE('',#14069,#2989);
#2302=LINE('',#14089,#2990);
#2303=LINE('',#14092,#2991);
#2304=LINE('',#14097,#2992);
#2305=LINE('',#14101,#2993);
#2306=LINE('',#14105,#2994);
#2307=LINE('',#14109,#2995);
#2308=LINE('',#14125,#2996);
#2309=LINE('',#14129,#2997);
#2310=LINE('',#14131,#2998);
#2311=LINE('',#14132,#2999);
#2312=LINE('',#14146,#3000);
#2313=LINE('',#14150,#3001);
#2314=LINE('',#14152,#3002);
#2315=LINE('',#14153,#3003);
#2316=LINE('',#14168,#3004);
#2317=LINE('',#14177,#3005);
#2318=LINE('',#14180,#3006);
#2319=LINE('',#14186,#3007);
#2320=LINE('',#14193,#3008);
#2321=LINE('',#14197,#3009);
#2322=LINE('',#14200,#3010);
#2323=LINE('',#14202,#3011);
#2324=LINE('',#14203,#3012);
#2325=LINE('',#14208,#3013);
#2326=LINE('',#14209,#3014);
#2327=LINE('',#14214,#3015);
#2328=LINE('',#14215,#3016);
#2329=LINE('',#14224,#3017);
#2330=LINE('',#14226,#3018);
#2331=LINE('',#14228,#3019);
#2332=LINE('',#14229,#3020);
#2333=LINE('',#14232,#3021);
#2334=LINE('',#14234,#3022);
#2335=LINE('',#14235,#3023);
#2336=LINE('',#14238,#3024);
#2337=LINE('',#14240,#3025);
#2338=LINE('',#14241,#3026);
#2339=LINE('',#14244,#3027);
#2340=LINE('',#14246,#3028);
#2341=LINE('',#14247,#3029);
#2342=LINE('',#14250,#3030);
#2343=LINE('',#14252,#3031);
#2344=LINE('',#14253,#3032);
#2345=LINE('',#14255,#3033);
#2346=LINE('',#14256,#3034);
#2347=LINE('',#14263,#3035);
#2348=LINE('',#14265,#3036);
#2349=LINE('',#14267,#3037);
#2350=LINE('',#14268,#3038);
#2351=LINE('',#14271,#3039);
#2352=LINE('',#14273,#3040);
#2353=LINE('',#14274,#3041);
#2354=LINE('',#14277,#3042);
#2355=LINE('',#14279,#3043);
#2356=LINE('',#14280,#3044);
#2357=LINE('',#14283,#3045);
#2358=LINE('',#14285,#3046);
#2359=LINE('',#14286,#3047);
#2360=LINE('',#14289,#3048);
#2361=LINE('',#14291,#3049);
#2362=LINE('',#14292,#3050);
#2363=LINE('',#14294,#3051);
#2364=LINE('',#14295,#3052);
#2365=LINE('',#14357,#3053);
#2366=LINE('',#14359,#3054);
#2367=LINE('',#14360,#3055);
#2368=LINE('',#14368,#3056);
#2369=LINE('',#14375,#3057);
#2370=LINE('',#14394,#3058);
#2371=LINE('',#14401,#3059);
#2372=LINE('',#14417,#3060);
#2373=LINE('',#14437,#3061);
#2374=LINE('',#14455,#3062);
#2375=LINE('',#14459,#3063);
#2376=LINE('',#14463,#3064);
#2377=LINE('',#14467,#3065);
#2378=LINE('',#14471,#3066);
#2379=LINE('',#14472,#3067);
#2380=LINE('',#14531,#3068);
#2381=LINE('',#14533,#3069);
#2382=LINE('',#14534,#3070);
#2383=LINE('',#14597,#3071);
#2384=LINE('',#14649,#3072);
#2385=LINE('',#14650,#3073);
#2386=LINE('',#14697,#3074);
#2387=LINE('',#14698,#3075);
#2388=LINE('',#14702,#3076);
#2389=LINE('',#14705,#3077);
#2390=LINE('',#14706,#3078);
#2391=LINE('',#14734,#3079);
#2392=LINE('',#14770,#3080);
#2393=LINE('',#14779,#3081);
#2394=LINE('',#14783,#3082);
#2395=LINE('',#14809,#3083);
#2396=LINE('',#14813,#3084);
#2397=LINE('',#14942,#3085);
#2398=LINE('',#15211,#3086);
#2399=LINE('',#15229,#3087);
#2400=LINE('',#15387,#3088);
#2401=LINE('',#15388,#3089);
#2402=LINE('',#15409,#3090);
#2403=LINE('',#15565,#3091);
#2404=LINE('',#15577,#3092);
#2405=LINE('',#15578,#3093);
#2406=LINE('',#15610,#3094);
#2407=LINE('',#15647,#3095);
#2408=LINE('',#15665,#3096);
#2409=LINE('',#15694,#3097);
#2410=LINE('',#15697,#3098);
#2411=LINE('',#15699,#3099);
#2412=LINE('',#15704,#3100);
#2413=LINE('',#15706,#3101);
#2414=LINE('',#15708,#3102);
#2415=LINE('',#15714,#3103);
#2416=LINE('',#15716,#3104);
#2417=LINE('',#15723,#3105);
#2418=LINE('',#15726,#3106);
#2419=LINE('',#15727,#3107);
#2420=LINE('',#15767,#3108);
#2421=LINE('',#15782,#3109);
#2422=LINE('',#15784,#3110);
#2423=LINE('',#15786,#3111);
#2424=LINE('',#15790,#3112);
#2425=LINE('',#15792,#3113);
#2426=LINE('',#15921,#3114);
#2427=LINE('',#15926,#3115);
#2428=LINE('',#15930,#3116);
#2429=LINE('',#15932,#3117);
#2430=LINE('',#15934,#3118);
#2431=LINE('',#15938,#3119);
#2432=LINE('',#15942,#3120);
#2433=LINE('',#15946,#3121);
#2434=LINE('',#15947,#3122);
#2435=LINE('',#15950,#3123);
#2436=LINE('',#15954,#3124);
#2437=LINE('',#15962,#3125);
#2438=LINE('',#15974,#3126);
#2439=LINE('',#15988,#3127);
#2440=LINE('',#15990,#3128);
#2441=LINE('',#15992,#3129);
#2442=LINE('',#15996,#3130);
#2443=LINE('',#16000,#3131);
#2444=LINE('',#16004,#3132);
#2445=LINE('',#16005,#3133);
#2446=LINE('',#16008,#3134);
#2447=LINE('',#16012,#3135);
#2448=LINE('',#16020,#3136);
#2449=LINE('',#16026,#3137);
#2450=LINE('',#16028,#3138);
#2451=LINE('',#16029,#3139);
#2452=LINE('',#16031,#3140);
#2453=LINE('',#16033,#3141);
#2454=LINE('',#16035,#3142);
#2455=LINE('',#16037,#3143);
#2456=LINE('',#16038,#3144);
#2457=LINE('',#16044,#3145);
#2458=LINE('',#16046,#3146);
#2459=LINE('',#16047,#3147);
#2460=LINE('',#16049,#3148);
#2461=LINE('',#16051,#3149);
#2462=LINE('',#16052,#3150);
#2463=LINE('',#16055,#3151);
#2464=LINE('',#16060,#3152);
#2465=LINE('',#16073,#3153);
#2466=LINE('',#16080,#3154);
#2467=LINE('',#16097,#3155);
#2468=LINE('',#16100,#3156);
#2469=LINE('',#16105,#3157);
#2470=LINE('',#16106,#3158);
#2471=LINE('',#16111,#3159);
#2472=LINE('',#16112,#3160);
#2473=LINE('',#16117,#3161);
#2474=LINE('',#16118,#3162);
#2475=LINE('',#16134,#3163);
#2476=LINE('',#16139,#3164);
#2477=LINE('',#16140,#3165);
#2478=LINE('',#16145,#3166);
#2479=LINE('',#16146,#3167);
#2480=LINE('',#16151,#3168);
#2481=LINE('',#16152,#3169);
#2482=LINE('',#16168,#3170);
#2483=LINE('',#16171,#3171);
#2484=LINE('',#16176,#3172);
#2485=LINE('',#16177,#3173);
#2486=LINE('',#16193,#3174);
#2487=LINE('',#16198,#3175);
#2488=LINE('',#16199,#3176);
#2489=LINE('',#16204,#3177);
#2490=LINE('',#16205,#3178);
#2491=LINE('',#16208,#3179);
#2492=LINE('',#16213,#3180);
#2493=LINE('',#16214,#3181);
#2494=LINE('',#16218,#3182);
#2495=LINE('',#16225,#3183);
#2496=LINE('',#16231,#3184);
#2497=LINE('',#16242,#3185);
#2498=LINE('',#16249,#3186);
#2499=LINE('',#16255,#3187);
#2500=LINE('',#16260,#3188);
#2501=LINE('',#16266,#3189);
#2502=LINE('',#16276,#3190);
#2503=LINE('',#16284,#3191);
#2504=LINE('',#16308,#3192);
#2505=LINE('',#16318,#3193);
#2506=LINE('',#16324,#3194);
#2507=LINE('',#16333,#3195);
#2508=LINE('',#16336,#3196);
#2509=LINE('',#16342,#3197);
#2510=LINE('',#16359,#3198);
#2511=LINE('',#16362,#3199);
#2512=LINE('',#16367,#3200);
#2513=LINE('',#16368,#3201);
#2514=LINE('',#16373,#3202);
#2515=LINE('',#16374,#3203);
#2516=LINE('',#16379,#3204);
#2517=LINE('',#16380,#3205);
#2518=LINE('',#16396,#3206);
#2519=LINE('',#16401,#3207);
#2520=LINE('',#16402,#3208);
#2521=LINE('',#16407,#3209);
#2522=LINE('',#16408,#3210);
#2523=LINE('',#16413,#3211);
#2524=LINE('',#16414,#3212);
#2525=LINE('',#16430,#3213);
#2526=LINE('',#16433,#3214);
#2527=LINE('',#16438,#3215);
#2528=LINE('',#16439,#3216);
#2529=LINE('',#16455,#3217);
#2530=LINE('',#16460,#3218);
#2531=LINE('',#16461,#3219);
#2532=LINE('',#16466,#3220);
#2533=LINE('',#16467,#3221);
#2534=LINE('',#16470,#3222);
#2535=LINE('',#16475,#3223);
#2536=LINE('',#16476,#3224);
#2537=LINE('',#16480,#3225);
#2538=LINE('',#16487,#3226);
#2539=LINE('',#16493,#3227);
#2540=LINE('',#16504,#3228);
#2541=LINE('',#16511,#3229);
#2542=LINE('',#16517,#3230);
#2543=LINE('',#16522,#3231);
#2544=LINE('',#16528,#3232);
#2545=LINE('',#16538,#3233);
#2546=LINE('',#16546,#3234);
#2547=LINE('',#16570,#3235);
#2548=LINE('',#16580,#3236);
#2549=LINE('',#16586,#3237);
#2550=LINE('',#16595,#3238);
#2551=LINE('',#16598,#3239);
#2552=LINE('',#16604,#3240);
#2553=LINE('',#16610,#3241);
#2554=LINE('',#16621,#3242);
#2555=LINE('',#16625,#3243);
#2556=LINE('',#16630,#3244);
#2557=LINE('',#16634,#3245);
#2558=LINE('',#16640,#3246);
#2559=VECTOR('',#9892,1.75);
#2560=VECTOR('',#9907,9.525);
#2561=VECTOR('',#9922,1.6);
#2562=VECTOR('',#9925,1.6);
#2563=VECTOR('',#9928,1.6);
#2564=VECTOR('',#9931,3.175);
#2565=VECTOR('',#9944,0.5);
#2566=VECTOR('',#9947,0.5);
#2567=VECTOR('',#9952,0.5);
#2568=VECTOR('',#9955,0.5);
#2569=VECTOR('',#9960,0.5);
#2570=VECTOR('',#9963,0.5);
#2571=VECTOR('',#9968,0.5);
#2572=VECTOR('',#9971,0.5);
#2573=VECTOR('',#9976,1.);
#2574=VECTOR('',#9979,1.);
#2575=VECTOR('',#9984,1.);
#2576=VECTOR('',#9987,1.);
#2577=VECTOR('',#9990,1.);
#2578=VECTOR('',#9993,1.);
#2579=VECTOR('',#9996,1.);
#2580=VECTOR('',#9999,10.);
#2581=VECTOR('',#10004,1.);
#2582=VECTOR('',#10013,11.40208314301);
#2583=VECTOR('',#10014,11.40208314301);
#2584=VECTOR('',#10019,11.40208314301);
#2585=VECTOR('',#10020,11.40208314301);
#2586=VECTOR('',#10027,1.85);
#2587=VECTOR('',#10030,11.40208314301);
#2588=VECTOR('',#10031,11.40208314301);
#2589=VECTOR('',#10032,11.40208314301);
#2590=VECTOR('',#10033,11.40208314301);
#2591=VECTOR('',#10040,1.85);
#2592=VECTOR('',#10053,7.);
#2593=VECTOR('',#10056,1.697372707322);
#2594=VECTOR('',#10059,1.697372707322);
#2595=VECTOR('',#10062,1.697372707322);
#2596=VECTOR('',#10065,1.697372707322);
#2597=VECTOR('',#10066,1.697372707322);
#2598=VECTOR('',#10069,1.697372707322);
#2599=VECTOR('',#10072,1.697372707322);
#2600=VECTOR('',#10075,1.697372707322);
#2601=VECTOR('',#10078,0.5);
#2602=VECTOR('',#10079,1.697372707322);
#2603=VECTOR('',#10084,1.697372707322);
#2604=VECTOR('',#10087,1.697372707322);
#2605=VECTOR('',#10090,1.697372707322);
#2606=VECTOR('',#10091,1.697372707322);
#2607=VECTOR('',#10094,1.697372707322);
#2608=VECTOR('',#10097,1.697372707322);
#2609=VECTOR('',#10100,1.697372707322);
#2610=VECTOR('',#10105,0.5);
#2611=VECTOR('',#10108,0.5);
#2612=VECTOR('',#10111,0.5);
#2613=VECTOR('',#10114,0.5);
#2614=VECTOR('',#10117,0.5);
#2615=VECTOR('',#10120,0.5);
#2616=VECTOR('',#10125,0.5);
#2617=VECTOR('',#10128,0.5);
#2618=VECTOR('',#10131,0.5);
#2619=VECTOR('',#10134,0.5);
#2620=VECTOR('',#10137,0.5);
#2621=VECTOR('',#10142,7.);
#2622=VECTOR('',#10147,1.697372707322);
#2623=VECTOR('',#10150,1.697372707322);
#2624=VECTOR('',#10153,1.697372707322);
#2625=VECTOR('',#10156,1.697372707322);
#2626=VECTOR('',#10157,1.697372707322);
#2627=VECTOR('',#10160,1.697372707322);
#2628=VECTOR('',#10163,1.697372707322);
#2629=VECTOR('',#10166,1.697372707322);
#2630=VECTOR('',#10169,1.697372707322);
#2631=VECTOR('',#10170,0.5);
#2632=VECTOR('',#10175,0.5);
#2633=VECTOR('',#10178,1.697372707322);
#2634=VECTOR('',#10179,0.5);
#2635=VECTOR('',#10184,0.5);
#2636=VECTOR('',#10187,1.697372707322);
#2637=VECTOR('',#10188,0.5);
#2638=VECTOR('',#10193,0.5);
#2639=VECTOR('',#10196,1.697372707322);
#2640=VECTOR('',#10199,1.697372707322);
#2641=VECTOR('',#10200,0.5);
#2642=VECTOR('',#10205,0.5);
#2643=VECTOR('',#10208,1.697372707322);
#2644=VECTOR('',#10209,0.5);
#2645=VECTOR('',#10214,0.5);
#2646=VECTOR('',#10217,1.697372707322);
#2647=VECTOR('',#10218,0.5);
#2648=VECTOR('',#10223,0.5);
#2649=VECTOR('',#10226,1.697372707322);
#2650=VECTOR('',#10231,1.75);
#2651=VECTOR('',#10238,10.);
#2652=VECTOR('',#10239,10.);
#2653=VECTOR('',#10240,10.);
#2654=VECTOR('',#10241,10.);
#2655=VECTOR('',#10252,10.);
#2656=VECTOR('',#10253,10.);
#2657=VECTOR('',#10254,10.);
#2658=VECTOR('',#10257,10.);
#2659=VECTOR('',#10258,10.);
#2660=VECTOR('',#10261,10.);
#2661=VECTOR('',#10262,10.);
#2662=VECTOR('',#10263,10.);
#2663=VECTOR('',#10264,10.);
#2664=VECTOR('',#10267,10.);
#2665=VECTOR('',#10268,10.);
#2666=VECTOR('',#10269,10.);
#2667=VECTOR('',#10272,10.);
#2668=VECTOR('',#10273,10.);
#2669=VECTOR('',#10274,10.);
#2670=VECTOR('',#10277,10.);
#2671=VECTOR('',#10278,10.);
#2672=VECTOR('',#10279,10.);
#2673=VECTOR('',#10282,10.);
#2674=VECTOR('',#10283,10.);
#2675=VECTOR('',#10284,10.);
#2676=VECTOR('',#10287,10.);
#2677=VECTOR('',#10288,10.);
#2678=VECTOR('',#10297,100.);
#2679=VECTOR('',#10300,100.);
#2680=VECTOR('',#10305,100.);
#2681=VECTOR('',#10314,100.);
#2682=VECTOR('',#10319,5.);
#2683=VECTOR('',#10328,5.);
#2684=VECTOR('',#10331,10.);
#2685=VECTOR('',#10332,10.);
#2686=VECTOR('',#10333,10.);
#2687=VECTOR('',#10340,10.);
#2688=VECTOR('',#10343,5.);
#2689=VECTOR('',#10352,5.);
#2690=VECTOR('',#10357,10.);
#2691=VECTOR('',#10360,10.);
#2692=VECTOR('',#10365,10.);
#2693=VECTOR('',#10370,10.);
#2694=VECTOR('',#10377,10.);
#2695=VECTOR('',#10378,10.);
#2696=VECTOR('',#10383,10.);
#2697=VECTOR('',#10386,10.);
#2698=VECTOR('',#10387,10.);
#2699=VECTOR('',#10388,10.);
#2700=VECTOR('',#10395,1.6);
#2701=VECTOR('',#10400,1.35);
#2702=VECTOR('',#10409,1.6);
#2703=VECTOR('',#10412,1.6);
#2704=VECTOR('',#10415,1.6);
#2705=VECTOR('',#10418,1.6);
#2706=VECTOR('',#10421,10.);
#2707=VECTOR('',#10430,10.);
#2708=VECTOR('',#10433,10.);
#2709=VECTOR('',#10436,10.);
#2710=VECTOR('',#10437,10.);
#2711=VECTOR('',#10438,10.);
#2712=VECTOR('',#10443,10.);
#2713=VECTOR('',#10446,10.);
#2714=VECTOR('',#10449,10.);
#2715=VECTOR('',#10450,10.);
#2716=VECTOR('',#10451,10.);
#2717=VECTOR('',#10456,10.);
#2718=VECTOR('',#10459,10.);
#2719=VECTOR('',#10462,10.);
#2720=VECTOR('',#10463,10.);
#2721=VECTOR('',#10464,10.);
#2722=VECTOR('',#10469,10.);
#2723=VECTOR('',#10472,10.);
#2724=VECTOR('',#10475,10.);
#2725=VECTOR('',#10476,10.);
#2726=VECTOR('',#10477,10.);
#2727=VECTOR('',#10480,10.);
#2728=VECTOR('',#10481,10.);
#2729=VECTOR('',#10482,10.);
#2730=VECTOR('',#10485,10.);
#2731=VECTOR('',#10486,10.);
#2732=VECTOR('',#10489,10.);
#2733=VECTOR('',#10490,10.);
#2734=VECTOR('',#10491,10.);
#2735=VECTOR('',#10494,10.);
#2736=VECTOR('',#10495,10.);
#2737=VECTOR('',#10498,10.);
#2738=VECTOR('',#10499,10.);
#2739=VECTOR('',#10500,10.);
#2740=VECTOR('',#10503,10.);
#2741=VECTOR('',#10504,10.);
#2742=VECTOR('',#10507,10.);
#2743=VECTOR('',#10508,10.);
#2744=VECTOR('',#10509,10.);
#2745=VECTOR('',#10512,10.);
#2746=VECTOR('',#10513,10.);
#2747=VECTOR('',#10532,1.325);
#2748=VECTOR('',#10545,2.66251133647408);
#2749=VECTOR('',#10550,1.4125);
#2750=VECTOR('',#10555,1.5);
#2751=VECTOR('',#10564,1.24019237886467);
#2752=VECTOR('',#10571,1.24019237886467);
#2753=VECTOR('',#10576,10.);
#2754=VECTOR('',#10577,10.);
#2755=VECTOR('',#10580,10.);
#2756=VECTOR('',#10585,2.935625);
#2757=VECTOR('',#10588,10.);
#2758=VECTOR('',#10591,10.);
#2759=VECTOR('',#10594,10.);
#2760=VECTOR('',#10603,2.935625);
#2761=VECTOR('',#10608,1.5);
#2762=VECTOR('',#10615,10.);
#2763=VECTOR('',#10616,34.7);
#2764=VECTOR('',#10617,10.);
#2765=VECTOR('',#10618,21.7);
#2766=VECTOR('',#10621,10.);
#2767=VECTOR('',#10622,34.7);
#2768=VECTOR('',#10623,10.);
#2769=VECTOR('',#10628,34.7);
#2770=VECTOR('',#10633,10.);
#2771=VECTOR('',#10634,34.7);
#2772=VECTOR('',#10635,10.);
#2773=VECTOR('',#10638,10.);
#2774=VECTOR('',#10639,34.7);
#2775=VECTOR('',#10640,10.);
#2776=VECTOR('',#10643,10.);
#2777=VECTOR('',#10644,34.7);
#2778=VECTOR('',#10645,10.);
#2779=VECTOR('',#10650,34.7);
#2780=VECTOR('',#10655,0.4);
#2781=VECTOR('',#10656,21.7);
#2782=VECTOR('',#10657,0.4);
#2783=VECTOR('',#10658,34.7);
#2784=VECTOR('',#10661,10.);
#2785=VECTOR('',#10662,10.);
#2786=VECTOR('',#10667,21.7);
#2787=VECTOR('',#10670,21.7);
#2788=VECTOR('',#10673,2.7);
#2789=VECTOR('',#10674,6.4);
#2790=VECTOR('',#10675,0.4242640687119);
#2791=VECTOR('',#10676,6.7);
#2792=VECTOR('',#10677,0.4242640687119);
#2793=VECTOR('',#10678,9.4);
#2794=VECTOR('',#10679,0.4242640687119);
#2795=VECTOR('',#10682,21.7);
#2796=VECTOR('',#10683,21.7);
#2797=VECTOR('',#10684,9.4);
#2798=VECTOR('',#10687,0.4242640687119);
#2799=VECTOR('',#10688,0.4242640687119);
#2800=VECTOR('',#10689,6.7);
#2801=VECTOR('',#10690,0.4242640687119);
#2802=VECTOR('',#10691,6.4);
#2803=VECTOR('',#10692,2.7);
#2804=VECTOR('',#10697,21.7);
#2805=VECTOR('',#10700,21.7);
#2806=VECTOR('',#10703,21.7);
#2807=VECTOR('',#10720,1.5);
#2808=VECTOR('',#10723,0.7731897009279);
#2809=VECTOR('',#10730,1.5);
#2810=VECTOR('',#10733,0.7731897009279);
#2811=VECTOR('',#10740,1.5);
#2812=VECTOR('',#10743,0.7731897009279);
#2813=VECTOR('',#10750,1.5);
#2814=VECTOR('',#10753,0.7731897009279);
#2815=VECTOR('',#10760,3.);
#2816=VECTOR('',#10767,3.);
#2817=VECTOR('',#10774,70.);
#2818=VECTOR('',#10777,70.);
#2819=VECTOR('',#10782,3.);
#2820=VECTOR('',#10789,70.);
#2821=VECTOR('',#10792,70.);
#2822=VECTOR('',#10795,70.);
#2823=VECTOR('',#10796,6.9);
#2824=VECTOR('',#10797,8.726226079714);
#2825=VECTOR('',#10802,22.45245215943);
#2826=VECTOR('',#10807,22.45245215943);
#2827=VECTOR('',#10812,8.726226079714);
#2828=VECTOR('',#10813,6.9);
#2829=VECTOR('',#10816,3.95);
#2830=VECTOR('',#10817,0.4242640687119);
#2831=VECTOR('',#10820,3.9);
#2832=VECTOR('',#10821,0.4242640687119);
#2833=VECTOR('',#10822,3.95);
#2834=VECTOR('',#10823,0.95);
#2835=VECTOR('',#10824,0.4242640687119);
#2836=VECTOR('',#10825,11.4);
#2837=VECTOR('',#10826,0.4242640687119);
#2838=VECTOR('',#10827,0.95);
#2839=VECTOR('',#10830,0.95);
#2840=VECTOR('',#10831,0.4242640687119);
#2841=VECTOR('',#10832,11.4);
#2842=VECTOR('',#10833,0.4242640687119);
#2843=VECTOR('',#10834,0.95);
#2844=VECTOR('',#10835,3.95);
#2845=VECTOR('',#10836,0.4242640687119);
#2846=VECTOR('',#10837,3.9);
#2847=VECTOR('',#10840,0.4242640687119);
#2848=VECTOR('',#10841,3.95);
#2849=VECTOR('',#10844,70.);
#2850=VECTOR('',#10849,70.);
#2851=VECTOR('',#10852,1.75);
#2852=VECTOR('',#10867,70.);
#2853=VECTOR('',#10868,70.);
#2854=VECTOR('',#10871,70.);
#2855=VECTOR('',#10876,70.);
#2856=VECTOR('',#10879,70.);
#2857=VECTOR('',#10884,70.);
#2858=VECTOR('',#10889,1.75);
#2859=VECTOR('',#10892,1.75);
#2860=VECTOR('',#10901,10.);
#2861=VECTOR('',#10904,10.);
#2862=VECTOR('',#10907,10.);
#2863=VECTOR('',#10908,10.);
#2864=VECTOR('',#10909,10.);
#2865=VECTOR('',#10914,10.);
#2866=VECTOR('',#10917,10.);
#2867=VECTOR('',#10920,10.);
#2868=VECTOR('',#10921,10.);
#2869=VECTOR('',#10922,10.);
#2870=VECTOR('',#10927,10.);
#2871=VECTOR('',#10930,10.);
#2872=VECTOR('',#10933,10.);
#2873=VECTOR('',#10934,10.);
#2874=VECTOR('',#10935,10.);
#2875=VECTOR('',#10940,10.);
#2876=VECTOR('',#10943,10.);
#2877=VECTOR('',#10946,10.);
#2878=VECTOR('',#10947,10.);
#2879=VECTOR('',#10948,10.);
#2880=VECTOR('',#10951,10.);
#2881=VECTOR('',#10952,10.);
#2882=VECTOR('',#10953,10.);
#2883=VECTOR('',#10956,10.);
#2884=VECTOR('',#10957,10.);
#2885=VECTOR('',#10960,10.);
#2886=VECTOR('',#10961,10.);
#2887=VECTOR('',#10962,10.);
#2888=VECTOR('',#10965,10.);
#2889=VECTOR('',#10966,10.);
#2890=VECTOR('',#10969,10.);
#2891=VECTOR('',#10970,10.);
#2892=VECTOR('',#10971,10.);
#2893=VECTOR('',#10974,10.);
#2894=VECTOR('',#10975,10.);
#2895=VECTOR('',#10978,10.);
#2896=VECTOR('',#10979,10.);
#2897=VECTOR('',#10980,10.);
#2898=VECTOR('',#10983,10.);
#2899=VECTOR('',#10984,10.);
#2900=VECTOR('',#11003,1.325);
#2901=VECTOR('',#11016,2.66251133647408);
#2902=VECTOR('',#11021,1.4125);
#2903=VECTOR('',#11026,1.5);
#2904=VECTOR('',#11039,10.);
#2905=VECTOR('',#11042,10.);
#2906=VECTOR('',#11045,10.);
#2907=VECTOR('',#11046,10.);
#2908=VECTOR('',#11055,10.);
#2909=VECTOR('',#11058,10.);
#2910=VECTOR('',#11061,10.);
#2911=VECTOR('',#11062,10.);
#2912=VECTOR('',#11071,10.);
#2913=VECTOR('',#11074,10.);
#2914=VECTOR('',#11077,10.);
#2915=VECTOR('',#11078,10.);
#2916=VECTOR('',#11087,10.);
#2917=VECTOR('',#11090,10.);
#2918=VECTOR('',#11093,10.);
#2919=VECTOR('',#11094,10.);
#2920=VECTOR('',#11097,10.);
#2921=VECTOR('',#11098,10.);
#2922=VECTOR('',#11101,10.);
#2923=VECTOR('',#11102,10.);
#2924=VECTOR('',#11105,10.);
#2925=VECTOR('',#11106,10.);
#2926=VECTOR('',#11109,10.);
#2927=VECTOR('',#11110,10.);
#2928=VECTOR('',#11113,10.);
#2929=VECTOR('',#11114,10.);
#2930=VECTOR('',#11117,10.);
#2931=VECTOR('',#11118,10.);
#2932=VECTOR('',#11121,10.);
#2933=VECTOR('',#11122,10.);
#2934=VECTOR('',#11125,10.);
#2935=VECTOR('',#11126,10.);
#2936=VECTOR('',#11145,1.0925);
#2937=VECTOR('',#11158,2.17126020282667);
#2938=VECTOR('',#11163,1.17125);
#2939=VECTOR('',#11168,1.25);
#2940=VECTOR('',#11175,10.);
#2941=VECTOR('',#11176,10.);
#2942=VECTOR('',#11181,10.);
#2943=VECTOR('',#11190,2.66875);
#2944=VECTOR('',#11195,10.);
#2945=VECTOR('',#11200,10.);
#2946=VECTOR('',#11205,10.);
#2947=VECTOR('',#11220,1.24999999999999);
#2948=VECTOR('',#11225,1.24999999999997);
#2949=VECTOR('',#11234,10.);
#2950=VECTOR('',#11237,10.);
#2951=VECTOR('',#11242,10.);
#2952=VECTOR('',#11249,10.);
#2953=VECTOR('',#11254,10.);
#2954=VECTOR('',#11255,10.);
#2955=VECTOR('',#11256,10.);
#2956=VECTOR('',#11261,10.);
#2957=VECTOR('',#11264,10.);
#2958=VECTOR('',#11267,10.);
#2959=VECTOR('',#11268,10.);
#2960=VECTOR('',#11269,10.);
#2961=VECTOR('',#11274,10.);
#2962=VECTOR('',#11277,10.);
#2963=VECTOR('',#11286,10.);
#2964=VECTOR('',#11287,10.);
#2965=VECTOR('',#11288,10.);
#2966=VECTOR('',#11289,10.);
#2967=VECTOR('',#11292,10.);
#2968=VECTOR('',#11293,10.);
#2969=VECTOR('',#11294,10.);
#2970=VECTOR('',#11297,10.);
#2971=VECTOR('',#11298,10.);
#2972=VECTOR('',#11299,10.);
#2973=VECTOR('',#11302,10.);
#2974=VECTOR('',#11303,10.);
#2975=VECTOR('',#11304,10.);
#2976=VECTOR('',#11307,10.);
#2977=VECTOR('',#11308,10.);
#2978=VECTOR('',#11309,10.);
#2979=VECTOR('',#11312,10.);
#2980=VECTOR('',#11313,10.);
#2981=VECTOR('',#11322,1.85);
#2982=VECTOR('',#11327,1.35);
#2983=VECTOR('',#11334,1.35);
#2984=VECTOR('',#11339,10.);
#2985=VECTOR('',#11340,10.);
#2986=VECTOR('',#11341,10.);
#2987=VECTOR('',#11350,10.);
#2988=VECTOR('',#11351,10.);
#2989=VECTOR('',#11352,10.);
#2990=VECTOR('',#11365,10.);
#2991=VECTOR('',#11368,10.);
#2992=VECTOR('',#11373,10.);
#2993=VECTOR('',#11376,10.);
#2994=VECTOR('',#11379,10.);
#2995=VECTOR('',#11382,4.);
#2996=VECTOR('',#11389,10.);
#2997=VECTOR('',#11394,10.);
#2998=VECTOR('',#11395,10.);
#2999=VECTOR('',#11396,10.);
#3000=VECTOR('',#11399,10.);
#3001=VECTOR('',#11404,10.);
#3002=VECTOR('',#11405,10.);
#3003=VECTOR('',#11406,10.);
#3004=VECTOR('',#11411,10.);
#3005=VECTOR('',#11424,10.);
#3006=VECTOR('',#11427,10.);
#3007=VECTOR('',#11434,10.);
#3008=VECTOR('',#11443,1.35);
#3009=VECTOR('',#11448,1.35);
#3010=VECTOR('',#11451,10.);
#3011=VECTOR('',#11452,10.);
#3012=VECTOR('',#11453,10.);
#3013=VECTOR('',#11460,10.);
#3014=VECTOR('',#11461,10.);
#3015=VECTOR('',#11468,10.);
#3016=VECTOR('',#11469,10.);
#3017=VECTOR('',#11482,10.);
#3018=VECTOR('',#11483,10.);
#3019=VECTOR('',#11484,10.);
#3020=VECTOR('',#11485,10.);
#3021=VECTOR('',#11488,10.);
#3022=VECTOR('',#11489,10.);
#3023=VECTOR('',#11490,10.);
#3024=VECTOR('',#11493,10.);
#3025=VECTOR('',#11494,10.);
#3026=VECTOR('',#11495,10.);
#3027=VECTOR('',#11498,10.);
#3028=VECTOR('',#11499,10.);
#3029=VECTOR('',#11500,10.);
#3030=VECTOR('',#11503,10.);
#3031=VECTOR('',#11504,10.);
#3032=VECTOR('',#11505,10.);
#3033=VECTOR('',#11508,10.);
#3034=VECTOR('',#11509,10.);
#3035=VECTOR('',#11516,10.);
#3036=VECTOR('',#11517,10.);
#3037=VECTOR('',#11518,10.);
#3038=VECTOR('',#11519,10.);
#3039=VECTOR('',#11522,10.);
#3040=VECTOR('',#11523,10.);
#3041=VECTOR('',#11524,10.);
#3042=VECTOR('',#11527,10.);
#3043=VECTOR('',#11528,10.);
#3044=VECTOR('',#11529,10.);
#3045=VECTOR('',#11532,10.);
#3046=VECTOR('',#11533,10.);
#3047=VECTOR('',#11534,10.);
#3048=VECTOR('',#11537,10.);
#3049=VECTOR('',#11538,10.);
#3050=VECTOR('',#11539,10.);
#3051=VECTOR('',#11542,10.);
#3052=VECTOR('',#11543,10.);
#3053=VECTOR('',#11550,10.);
#3054=VECTOR('',#11551,10.);
#3055=VECTOR('',#11552,10.);
#3056=VECTOR('',#11555,10.);
#3057=VECTOR('',#11556,10.);
#3058=VECTOR('',#11557,10.);
#3059=VECTOR('',#11558,10.);
#3060=VECTOR('',#11559,10.);
#3061=VECTOR('',#11560,10.);
#3062=VECTOR('',#11561,10.);
#3063=VECTOR('',#11564,10.);
#3064=VECTOR('',#11567,10.);
#3065=VECTOR('',#11572,10.);
#3066=VECTOR('',#11577,10.);
#3067=VECTOR('',#11578,10.);
#3068=VECTOR('',#11581,10.);
#3069=VECTOR('',#11582,10.);
#3070=VECTOR('',#11583,10.);
#3071=VECTOR('',#11586,10.);
#3072=VECTOR('',#11595,10.);
#3073=VECTOR('',#11596,10.);
#3074=VECTOR('',#11599,10.);
#3075=VECTOR('',#11600,10.);
#3076=VECTOR('',#11605,10.);
#3077=VECTOR('',#11608,10.);
#3078=VECTOR('',#11609,10.);
#3079=VECTOR('',#11610,10.);
#3080=VECTOR('',#11611,10.);
#3081=VECTOR('',#11616,10.);
#3082=VECTOR('',#11619,10.);
#3083=VECTOR('',#11620,10.);
#3084=VECTOR('',#11623,10.);
#3085=VECTOR('',#11628,10.);
#3086=VECTOR('',#11637,10.);
#3087=VECTOR('',#11638,10.);
#3088=VECTOR('',#11641,10.);
#3089=VECTOR('',#11642,10.);
#3090=VECTOR('',#11643,10.);
#3091=VECTOR('',#11644,10.);
#3092=VECTOR('',#11645,10.);
#3093=VECTOR('',#11646,10.);
#3094=VECTOR('',#11647,10.);
#3095=VECTOR('',#11652,10.);
#3096=VECTOR('',#11653,10.);
#3097=VECTOR('',#11656,10.);
#3098=VECTOR('',#11659,10.);
#3099=VECTOR('',#11660,10.);
#3100=VECTOR('',#11667,2.1);
#3101=VECTOR('',#11670,2.1);
#3102=VECTOR('',#11673,10.);
#3103=VECTOR('',#11676,10.);
#3104=VECTOR('',#11679,10.);
#3105=VECTOR('',#11684,10.);
#3106=VECTOR('',#11689,10.);
#3107=VECTOR('',#11690,10.);
#3108=VECTOR('',#11691,10.);
#3109=VECTOR('',#11694,10.);
#3110=VECTOR('',#11697,10.);
#3111=VECTOR('',#11700,10.);
#3112=VECTOR('',#11707,1.1);
#3113=VECTOR('',#11710,1.1);
#3114=VECTOR('',#11721,4.59999999999999);
#3115=VECTOR('',#11728,8.6);
#3116=VECTOR('',#11731,10.);
#3117=VECTOR('',#11732,10.);
#3118=VECTOR('',#11733,10.);
#3119=VECTOR('',#11736,10.);
#3120=VECTOR('',#11739,10.);
#3121=VECTOR('',#11742,10.);
#3122=VECTOR('',#11743,10.);
#3123=VECTOR('',#11744,10.);
#3124=VECTOR('',#11747,10.);
#3125=VECTOR('',#11754,10.);
#3126=VECTOR('',#11769,4.5);
#3127=VECTOR('',#11786,10.);
#3128=VECTOR('',#11787,10.);
#3129=VECTOR('',#11788,10.);
#3130=VECTOR('',#11791,10.);
#3131=VECTOR('',#11794,10.);
#3132=VECTOR('',#11797,10.);
#3133=VECTOR('',#11798,10.);
#3134=VECTOR('',#11799,10.);
#3135=VECTOR('',#11802,10.);
#3136=VECTOR('',#11809,10.);
#3137=VECTOR('',#11818,2.);
#3138=VECTOR('',#11821,10.);
#3139=VECTOR('',#11822,10.);
#3140=VECTOR('',#11825,10.);
#3141=VECTOR('',#11828,10.);
#3142=VECTOR('',#11831,10.);
#3143=VECTOR('',#11834,10.);
#3144=VECTOR('',#11835,10.);
#3145=VECTOR('',#11844,10.);
#3146=VECTOR('',#11847,10.);
#3147=VECTOR('',#11848,10.);
#3148=VECTOR('',#11851,10.);
#3149=VECTOR('',#11854,10.);
#3150=VECTOR('',#11855,10.);
#3151=VECTOR('',#11860,10.);
#3152=VECTOR('',#11867,2.1);
#3153=VECTOR('',#11888,2.1);
#3154=VECTOR('',#11897,0.920000000000005);
#3155=VECTOR('',#11902,10.);
#3156=VECTOR('',#11905,10.);
#3157=VECTOR('',#11910,10.);
#3158=VECTOR('',#11911,10.);
#3159=VECTOR('',#11916,10.);
#3160=VECTOR('',#11917,10.);
#3161=VECTOR('',#11922,10.);
#3162=VECTOR('',#11923,10.);
#3163=VECTOR('',#11928,10.);
#3164=VECTOR('',#11933,10.);
#3165=VECTOR('',#11934,10.);
#3166=VECTOR('',#11939,10.);
#3167=VECTOR('',#11940,10.);
#3168=VECTOR('',#11945,10.);
#3169=VECTOR('',#11946,10.);
#3170=VECTOR('',#11949,10.);
#3171=VECTOR('',#11952,10.);
#3172=VECTOR('',#11957,10.);
#3173=VECTOR('',#11958,10.);
#3174=VECTOR('',#11963,10.);
#3175=VECTOR('',#11968,10.);
#3176=VECTOR('',#11969,10.);
#3177=VECTOR('',#11974,10.);
#3178=VECTOR('',#11975,10.);
#3179=VECTOR('',#11980,10.);
#3180=VECTOR('',#11985,10.);
#3181=VECTOR('',#11986,10.);
#3182=VECTOR('',#11991,10.);
#3183=VECTOR('',#12000,0.899999999999997);
#3184=VECTOR('',#12009,1.00000000000001);
#3185=VECTOR('',#12024,1.95225084115638);
#3186=VECTOR('',#12033,0.826794919243112);
#3187=VECTOR('',#12040,0.826794919243112);
#3188=VECTOR('',#12045,10.);
#3189=VECTOR('',#12046,10.);
#3190=VECTOR('',#12049,10.);
#3191=VECTOR('',#12054,2.135);
#3192=VECTOR('',#12057,10.);
#3193=VECTOR('',#12060,10.);
#3194=VECTOR('',#12063,10.);
#3195=VECTOR('',#12072,2.135);
#3196=VECTOR('',#12077,1.);
#3197=VECTOR('',#12084,1.16250000000002);
#3198=VECTOR('',#12089,10.);
#3199=VECTOR('',#12092,10.);
#3200=VECTOR('',#12097,10.);
#3201=VECTOR('',#12098,10.);
#3202=VECTOR('',#12103,10.);
#3203=VECTOR('',#12104,10.);
#3204=VECTOR('',#12109,10.);
#3205=VECTOR('',#12110,10.);
#3206=VECTOR('',#12115,10.);
#3207=VECTOR('',#12120,10.);
#3208=VECTOR('',#12121,10.);
#3209=VECTOR('',#12126,10.);
#3210=VECTOR('',#12127,10.);
#3211=VECTOR('',#12132,10.);
#3212=VECTOR('',#12133,10.);
#3213=VECTOR('',#12136,10.);
#3214=VECTOR('',#12139,10.);
#3215=VECTOR('',#12144,10.);
#3216=VECTOR('',#12145,10.);
#3217=VECTOR('',#12150,10.);
#3218=VECTOR('',#12155,10.);
#3219=VECTOR('',#12156,10.);
#3220=VECTOR('',#12161,10.);
#3221=VECTOR('',#12162,10.);
#3222=VECTOR('',#12167,10.);
#3223=VECTOR('',#12172,10.);
#3224=VECTOR('',#12173,10.);
#3225=VECTOR('',#12178,10.);
#3226=VECTOR('',#12187,1.13750000000001);
#3227=VECTOR('',#12196,1.25000000000005);
#3228=VECTOR('',#12211,2.44171689326307);
#3229=VECTOR('',#12220,1.01905989232415);
#3230=VECTOR('',#12227,1.01905989232415);
#3231=VECTOR('',#12232,10.);
#3232=VECTOR('',#12233,10.);
#3233=VECTOR('',#12236,10.);
#3234=VECTOR('',#12241,2.66875);
#3235=VECTOR('',#12244,10.);
#3236=VECTOR('',#12247,10.);
#3237=VECTOR('',#12250,10.);
#3238=VECTOR('',#12259,2.66875);
#3239=VECTOR('',#12264,1.25);
#3240=VECTOR('',#12271,5.);
#3241=VECTOR('',#12278,3.83287181803823);
#3242=VECTOR('',#12293,3.3);
#3243=VECTOR('',#12298,3.5);
#3244=VECTOR('',#12303,3.5);
#3245=VECTOR('',#12308,3.23205080756888);
#3246=VECTOR('',#12315,1.75);
#3247=CIRCLE('',#8976,1.75);
#3248=CIRCLE('',#8977,1.75);
#3249=CIRCLE('',#8979,9.525);
#3250=CIRCLE('',#8980,1.6);
#3251=CIRCLE('',#8981,1.6);
#3252=CIRCLE('',#8982,1.6);
#3253=CIRCLE('',#8984,9.525);
#3254=CIRCLE('',#8986,1.6);
#3255=CIRCLE('',#8987,1.6);
#3256=CIRCLE('',#8988,1.6);
#3257=CIRCLE('',#8989,3.175);
#3258=CIRCLE('',#8994,3.175);
#3259=CIRCLE('',#8997,1.75);
#3260=CIRCLE('',#8999,4.65);
#3261=CIRCLE('',#9000,4.65);
#3262=CIRCLE('',#9002,4.65);
#3263=CIRCLE('',#9003,4.65);
#3264=CIRCLE('',#9005,4.65);
#3265=CIRCLE('',#9006,4.65);
#3266=CIRCLE('',#9008,4.65);
#3267=CIRCLE('',#9009,4.65);
#3268=CIRCLE('',#9011,3.55);
#3269=CIRCLE('',#9012,3.55);
#3270=CIRCLE('',#9014,3.55);
#3271=CIRCLE('',#9015,3.55);
#3272=CIRCLE('',#9017,10.);
#3273=CIRCLE('',#9018,10.);
#3274=CIRCLE('',#9019,10.);
#3275=CIRCLE('',#9020,10.);
#3276=CIRCLE('',#9021,10.);
#3277=CIRCLE('',#9022,10.);
#3278=CIRCLE('',#9024,7.);
#3279=CIRCLE('',#9026,1.1);
#3280=CIRCLE('',#9028,1.1);
#3281=CIRCLE('',#9030,1.1);
#3282=CIRCLE('',#9032,1.1);
#3283=CIRCLE('',#9033,7.);
#3284=CIRCLE('',#9040,7.);
#3285=CIRCLE('',#9042,3.);
#3286=CIRCLE('',#9043,4.65);
#3287=CIRCLE('',#9044,3.);
#3288=CIRCLE('',#9045,3.);
#3289=CIRCLE('',#9046,4.65);
#3290=CIRCLE('',#9047,3.);
#3291=CIRCLE('',#9050,3.);
#3292=CIRCLE('',#9051,4.65);
#3293=CIRCLE('',#9052,3.);
#3294=CIRCLE('',#9053,3.);
#3295=CIRCLE('',#9054,4.65);
#3296=CIRCLE('',#9055,3.);
#3297=CIRCLE('',#9056,1.75);
#3298=CIRCLE('',#9071,7.);
#3299=CIRCLE('',#9073,3.);
#3300=CIRCLE('',#9074,4.65);
#3301=CIRCLE('',#9075,3.);
#3302=CIRCLE('',#9076,3.);
#3303=CIRCLE('',#9077,4.65);
#3304=CIRCLE('',#9078,3.);
#3305=CIRCLE('',#9081,3.);
#3306=CIRCLE('',#9084,4.65);
#3307=CIRCLE('',#9087,3.);
#3308=CIRCLE('',#9091,3.);
#3309=CIRCLE('',#9094,4.65);
#3310=CIRCLE('',#9097,3.);
#3311=CIRCLE('',#9104,1.6);
#3312=CIRCLE('',#9105,1.6);
#3313=CIRCLE('',#9106,1.6);
#3314=CIRCLE('',#9107,1.6);
#3315=CIRCLE('',#9117,1.35);
#3316=CIRCLE('',#9119,100.);
#3317=CIRCLE('',#9120,100.);
#3318=CIRCLE('',#9122,4.);
#3319=CIRCLE('',#9123,4.);
#3320=CIRCLE('',#9125,100.);
#3321=CIRCLE('',#9126,100.);
#3322=CIRCLE('',#9128,9.);
#3323=CIRCLE('',#9129,9.);
#3324=CIRCLE('',#9131,5.);
#3325=CIRCLE('',#9132,5.);
#3326=CIRCLE('',#9134,1.6);
#3327=CIRCLE('',#9135,1.6);
#3328=CIRCLE('',#9136,1.6);
#3329=CIRCLE('',#9137,1.6);
#3330=CIRCLE('',#9138,1.6);
#3331=CIRCLE('',#9139,1.6);
#3332=CIRCLE('',#9141,5.);
#3333=CIRCLE('',#9142,5.);
#3334=CIRCLE('',#9146,9.);
#3335=CIRCLE('',#9147,1.6);
#3336=CIRCLE('',#9148,1.6);
#3337=CIRCLE('',#9149,1.6);
#3338=CIRCLE('',#9150,1.35);
#3339=CIRCLE('',#9152,1.6);
#3340=CIRCLE('',#9156,1.6);
#3341=CIRCLE('',#9158,1.6);
#3342=CIRCLE('',#9161,9.);
#3343=CIRCLE('',#9171,0.7);
#3344=CIRCLE('',#9172,0.7);
#3345=CIRCLE('',#9175,0.7);
#3346=CIRCLE('',#9176,0.7);
#3347=CIRCLE('',#9179,0.7);
#3348=CIRCLE('',#9180,0.7);
#3349=CIRCLE('',#9183,0.7);
#3350=CIRCLE('',#9184,0.7);
#3351=CIRCLE('',#9196,1.425);
#3352=CIRCLE('',#9197,0.1);
#3353=CIRCLE('',#9198,1.325);
#3354=CIRCLE('',#9200,2.75);
#3355=CIRCLE('',#9202,1.325);
#3356=CIRCLE('',#9204,2.59099537776302);
#3357=CIRCLE('',#9205,0.2);
#3358=CIRCLE('',#9206,2.39175643814467);
#3359=CIRCLE('',#9210,1.4635);
#3360=CIRCLE('',#9212,1.4635);
#3361=CIRCLE('',#9216,1.2645);
#3362=CIRCLE('',#9217,1.5);
#3363=CIRCLE('',#9219,1.5);
#3364=CIRCLE('',#9220,1.2645);
#3365=CIRCLE('',#9224,2.695);
#3366=CIRCLE('',#9230,2.695);
#3367=CIRCLE('',#9239,1.25);
#3368=CIRCLE('',#9240,1.25);
#3369=CIRCLE('',#9245,1.25);
#3370=CIRCLE('',#9246,1.25);
#3371=CIRCLE('',#9250,0.3);
#3372=CIRCLE('',#9251,0.3);
#3373=CIRCLE('',#9259,1.5);
#3374=CIRCLE('',#9260,1.5);
#3375=CIRCLE('',#9261,1.5);
#3376=CIRCLE('',#9262,1.5);
#3377=CIRCLE('',#9265,1.5);
#3378=CIRCLE('',#9266,1.5);
#3379=CIRCLE('',#9269,1.5);
#3380=CIRCLE('',#9270,1.5);
#3381=CIRCLE('',#9273,1.5);
#3382=CIRCLE('',#9274,1.5);
#3383=CIRCLE('',#9277,1.5);
#3384=CIRCLE('',#9278,1.5);
#3385=CIRCLE('',#9282,3.);
#3386=CIRCLE('',#9283,3.);
#3387=CIRCLE('',#9285,3.);
#3388=CIRCLE('',#9286,3.);
#3389=CIRCLE('',#9288,1.25);
#3390=CIRCLE('',#9289,1.25);
#3391=CIRCLE('',#9291,3.);
#3392=CIRCLE('',#9292,3.);
#3393=CIRCLE('',#9294,1.25);
#3394=CIRCLE('',#9295,1.25);
#3395=CIRCLE('',#9297,1.75);
#3396=CIRCLE('',#9298,1.75);
#3397=CIRCLE('',#9299,1.75);
#3398=CIRCLE('',#9300,1.75);
#3399=CIRCLE('',#9301,1.75);
#3400=CIRCLE('',#9302,1.75);
#3401=CIRCLE('',#9304,0.3);
#3402=CIRCLE('',#9306,0.3);
#3403=CIRCLE('',#9311,1.75);
#3404=CIRCLE('',#9313,1.75);
#3405=CIRCLE('',#9316,1.75);
#3406=CIRCLE('',#9330,0.7);
#3407=CIRCLE('',#9331,0.7);
#3408=CIRCLE('',#9334,0.7);
#3409=CIRCLE('',#9335,0.7);
#3410=CIRCLE('',#9338,0.7);
#3411=CIRCLE('',#9339,0.7);
#3412=CIRCLE('',#9342,0.7);
#3413=CIRCLE('',#9343,0.7);
#3414=CIRCLE('',#9355,1.425);
#3415=CIRCLE('',#9356,0.1);
#3416=CIRCLE('',#9357,1.325);
#3417=CIRCLE('',#9359,2.75);
#3418=CIRCLE('',#9361,1.325);
#3419=CIRCLE('',#9363,2.59099537776302);
#3420=CIRCLE('',#9364,0.2);
#3421=CIRCLE('',#9365,2.39175643814467);
#3422=CIRCLE('',#9369,1.4635);
#3423=CIRCLE('',#9371,1.4635);
#3424=CIRCLE('',#9376,0.54);
#3425=CIRCLE('',#9378,0.54);
#3426=CIRCLE('',#9382,0.54);
#3427=CIRCLE('',#9384,0.54);
#3428=CIRCLE('',#9388,0.54);
#3429=CIRCLE('',#9390,0.54);
#3430=CIRCLE('',#9394,0.54);
#3431=CIRCLE('',#9396,0.54);
#3432=CIRCLE('',#9408,1.1925);
#3433=CIRCLE('',#9409,0.1);
#3434=CIRCLE('',#9410,1.0925);
#3435=CIRCLE('',#9412,2.25);
#3436=CIRCLE('',#9414,1.0925);
#3437=CIRCLE('',#9416,2.10689583998671);
#3438=CIRCLE('',#9417,0.18);
#3439=CIRCLE('',#9418,1.9275807943302);
#3440=CIRCLE('',#9422,1.215);
#3441=CIRCLE('',#9424,1.215);
#3442=CIRCLE('',#9428,5.45435605731786);
#3443=CIRCLE('',#9430,5.45435605731786);
#3444=CIRCLE('',#9431,5.45435605731786);
#3445=CIRCLE('',#9433,2.45);
#3446=CIRCLE('',#9435,5.45435605731786);
#3447=CIRCLE('',#9437,5.45435605731786);
#3448=CIRCLE('',#9439,5.45435605731786);
#3449=CIRCLE('',#9441,5.45435605731786);
#3450=CIRCLE('',#9443,6.);
#3451=CIRCLE('',#9445,1.03775);
#3452=CIRCLE('',#9447,1.03775);
#3453=CIRCLE('',#9452,5.);
#3454=CIRCLE('',#9453,5.);
#3455=CIRCLE('',#9455,4.);
#3456=CIRCLE('',#9456,4.);
#3457=CIRCLE('',#9458,5.);
#3458=CIRCLE('',#9459,5.);
#3459=CIRCLE('',#9462,5.);
#3460=CIRCLE('',#9463,5.);
#3461=CIRCLE('',#9466,5.);
#3462=CIRCLE('',#9467,5.);
#3463=CIRCLE('',#9469,4.);
#3464=CIRCLE('',#9470,4.);
#3465=CIRCLE('',#9478,1.85);
#3466=CIRCLE('',#9480,1.85);
#3467=CIRCLE('',#9482,1.35);
#3468=CIRCLE('',#9483,1.35);
#3469=CIRCLE('',#9485,1.35);
#3470=CIRCLE('',#9486,1.35);
#3471=CIRCLE('',#9489,2.);
#3472=CIRCLE('',#9490,2.);
#3473=CIRCLE('',#9493,2.);
#3474=CIRCLE('',#9494,2.);
#3475=CIRCLE('',#9498,5.);
#3476=CIRCLE('',#9500,4.);
#3477=CIRCLE('',#9501,4.);
#3478=CIRCLE('',#9502,4.);
#3479=CIRCLE('',#9503,4.);
#3480=CIRCLE('',#9504,4.);
#3481=CIRCLE('',#9505,4.);
#3482=CIRCLE('',#9507,5.);
#3483=CIRCLE('',#9510,5.);
#3484=CIRCLE('',#9513,5.);
#3485=CIRCLE('',#9515,6.);
#3486=CIRCLE('',#9517,6.);
#3487=CIRCLE('',#9519,1.6);
#3488=CIRCLE('',#9521,2.);
#3489=CIRCLE('',#9522,1.35);
#3490=CIRCLE('',#9524,2.);
#3491=CIRCLE('',#9525,1.35);
#3492=CIRCLE('',#9527,1.35);
#3493=CIRCLE('',#9529,1.35);
#3494=CIRCLE('',#9532,1.6);
#3495=CIRCLE('',#9535,2.);
#3496=CIRCLE('',#9538,2.);
#3497=CIRCLE('',#9549,1.1);
#3498=CIRCLE('',#9557,1.1);
#3499=CIRCLE('',#9560,2.);
#3500=CIRCLE('',#9561,7.6);
#3501=CIRCLE('',#9562,2.);
#3502=CIRCLE('',#9564,2.);
#3503=CIRCLE('',#9568,10.25);
#3504=CIRCLE('',#9569,1.1);
#3505=CIRCLE('',#9570,1.1);
#3506=CIRCLE('',#9574,2.);
#3507=CIRCLE('',#9577,7.6);
#3508=CIRCLE('',#9578,3.);
#3509=CIRCLE('',#9579,3.);
#3510=CIRCLE('',#9580,2.1);
#3511=CIRCLE('',#9581,2.1);
#3512=CIRCLE('',#9585,2.);
#3513=CIRCLE('',#9586,2.);
#3514=CIRCLE('',#9588,3.);
#3515=CIRCLE('',#9589,2.1);
#3516=CIRCLE('',#9591,3.);
#3517=CIRCLE('',#9592,2.1);
#3518=CIRCLE('',#9606,10.25);
#3519=CIRCLE('',#9613,5.6);
#3520=CIRCLE('',#9614,3.6);
#3521=CIRCLE('',#9616,3.6);
#3522=CIRCLE('',#9618,5.);
#3523=CIRCLE('',#9619,10.);
#3524=CIRCLE('',#9620,5.);
#3525=CIRCLE('',#9621,5.);
#3526=CIRCLE('',#9622,5.);
#3527=CIRCLE('',#9623,10.);
#3528=CIRCLE('',#9624,5.);
#3529=CIRCLE('',#9625,5.);
#3530=CIRCLE('',#9627,2.5);
#3531=CIRCLE('',#9628,2.);
#3532=CIRCLE('',#9629,4.5);
#3533=CIRCLE('',#9630,4.5);
#3534=CIRCLE('',#9632,4.5);
#3535=CIRCLE('',#9633,4.5);
#3536=CIRCLE('',#9635,2.);
#3537=CIRCLE('',#9637,5.);
#3538=CIRCLE('',#9638,9.5);
#3539=CIRCLE('',#9640,5.);
#3540=CIRCLE('',#9641,10.);
#3541=CIRCLE('',#9642,5.);
#3542=CIRCLE('',#9643,5.);
#3543=CIRCLE('',#9644,5.);
#3544=CIRCLE('',#9645,10.);
#3545=CIRCLE('',#9646,5.);
#3546=CIRCLE('',#9647,5.);
#3547=CIRCLE('',#9649,2.);
#3548=CIRCLE('',#9657,3.99999999999999);
#3549=CIRCLE('',#9658,2.1);
#3550=CIRCLE('',#9668,2.1);
#3551=CIRCLE('',#9670,3.99999999999999);
#3552=CIRCLE('',#9672,3.99999999999999);
#3553=CIRCLE('',#9673,2.1);
#3554=CIRCLE('',#9675,3.99999999999999);
#3555=CIRCLE('',#9676,2.1);
#3556=CIRCLE('',#9681,0.96675);
#3557=CIRCLE('',#9682,0.820000000000003);
#3558=CIRCLE('',#9686,3.19989298501918);
#3559=CIRCLE('',#9688,3.1101141097151);
#3560=CIRCLE('',#9690,3.19989298501924);
#3561=CIRCLE('',#9694,3.1998929850192);
#3562=CIRCLE('',#9696,3.11011410971499);
#3563=CIRCLE('',#9698,3.19989298501916);
#3564=CIRCLE('',#9702,3.1998929850192);
#3565=CIRCLE('',#9706,3.19989298501927);
#3566=CIRCLE('',#9708,3.19989298501923);
#3567=CIRCLE('',#9710,3.11011410971516);
#3568=CIRCLE('',#9712,3.19989298501922);
#3569=CIRCLE('',#9714,3.11011410971505);
#3570=CIRCLE('',#9715,3.11011410971505);
#3571=CIRCLE('',#9718,0.899999999999997);
#3572=CIRCLE('',#9719,0.899999999999997);
#3573=CIRCLE('',#9721,0.96675);
#3574=CIRCLE('',#9725,3.19999999999974);
#3575=CIRCLE('',#9726,1.90450168231276);
#3576=CIRCLE('',#9727,1.90450168231276);
#3577=CIRCLE('',#9729,2.);
#3578=CIRCLE('',#9733,0.8115);
#3579=CIRCLE('',#9734,1.);
#3580=CIRCLE('',#9736,1.);
#3581=CIRCLE('',#9737,0.8115);
#3582=CIRCLE('',#9741,1.96);
#3583=CIRCLE('',#9747,1.96);
#3584=CIRCLE('',#9753,1.215);
#3585=CIRCLE('',#9754,1.05000000000001);
#3586=CIRCLE('',#9758,3.99998827846609);
#3587=CIRCLE('',#9760,3.84070765663582);
#3588=CIRCLE('',#9762,3.99998827846606);
#3589=CIRCLE('',#9766,3.99998827846611);
#3590=CIRCLE('',#9768,3.8407076566364);
#3591=CIRCLE('',#9770,3.99998827846609);
#3592=CIRCLE('',#9774,3.99998827846607);
#3593=CIRCLE('',#9778,3.99998827846612);
#3594=CIRCLE('',#9780,3.99998827846606);
#3595=CIRCLE('',#9782,3.84070765663506);
#3596=CIRCLE('',#9784,3.99998827846608);
#3597=CIRCLE('',#9786,3.84070765663548);
#3598=CIRCLE('',#9787,3.84070765663548);
#3599=CIRCLE('',#9790,1.13750000000001);
#3600=CIRCLE('',#9791,1.13750000000001);
#3601=CIRCLE('',#9793,1.215);
#3602=CIRCLE('',#9797,4.00000000000028);
#3603=CIRCLE('',#9798,2.38343378652612);
#3604=CIRCLE('',#9799,2.38343378652612);
#3605=CIRCLE('',#9801,2.50000000000001);
#3606=CIRCLE('',#9805,1.03775);
#3607=CIRCLE('',#9806,1.25);
#3608=CIRCLE('',#9808,1.25);
#3609=CIRCLE('',#9809,1.03775);
#3610=CIRCLE('',#9813,2.45);
#3611=CIRCLE('',#9819,2.45);
#3612=CIRCLE('',#9825,5.);
#3613=CIRCLE('',#9826,5.);
#3614=CIRCLE('',#9828,3.83287181803823);
#3615=CIRCLE('',#9829,4.4);
#3616=CIRCLE('',#9831,3.3);
#3617=CIRCLE('',#9832,0.399999999999999);
#3618=CIRCLE('',#9833,3.7);
#3619=CIRCLE('',#9835,3.3);
#3620=CIRCLE('',#9837,3.5);
#3621=CIRCLE('',#9839,3.5);
#3622=CIRCLE('',#9840,3.5);
#3623=CIRCLE('',#9842,3.23205080756888);
#3624=CIRCLE('',#9844,1.75);
#3625=CIRCLE('',#9845,1.75);
#3626=CIRCLE('',#9847,2.75);
#3627=CIRCLE('',#9848,1.);
#3628=VERTEX_POINT('',#12394);
#3629=VERTEX_POINT('',#12396);
#3630=VERTEX_POINT('',#12400);
#3631=VERTEX_POINT('',#12402);
#3632=VERTEX_POINT('',#12404);
#3633=VERTEX_POINT('',#12406);
#3634=VERTEX_POINT('',#12409);
#3635=VERTEX_POINT('',#12413);
#3636=VERTEX_POINT('',#12415);
#3637=VERTEX_POINT('',#12417);
#3638=VERTEX_POINT('',#12419);
#3639=VERTEX_POINT('',#12428);
#3640=VERTEX_POINT('',#12433);
#3641=VERTEX_POINT('',#12436);
#3642=VERTEX_POINT('',#12437);
#3643=VERTEX_POINT('',#12439);
#3644=VERTEX_POINT('',#12441);
#3645=VERTEX_POINT('',#12445);
#3646=VERTEX_POINT('',#12446);
#3647=VERTEX_POINT('',#12448);
#3648=VERTEX_POINT('',#12450);
#3649=VERTEX_POINT('',#12454);
#3650=VERTEX_POINT('',#12455);
#3651=VERTEX_POINT('',#12457);
#3652=VERTEX_POINT('',#12459);
#3653=VERTEX_POINT('',#12463);
#3654=VERTEX_POINT('',#12464);
#3655=VERTEX_POINT('',#12466);
#3656=VERTEX_POINT('',#12468);
#3657=VERTEX_POINT('',#12472);
#3658=VERTEX_POINT('',#12473);
#3659=VERTEX_POINT('',#12475);
#3660=VERTEX_POINT('',#12477);
#3661=VERTEX_POINT('',#12481);
#3662=VERTEX_POINT('',#12482);
#3663=VERTEX_POINT('',#12484);
#3664=VERTEX_POINT('',#12486);
#3665=VERTEX_POINT('',#12490);
#3666=VERTEX_POINT('',#12491);
#3667=VERTEX_POINT('',#12493);
#3668=VERTEX_POINT('',#12495);
#3669=VERTEX_POINT('',#12497);
#3670=VERTEX_POINT('',#12499);
#3671=VERTEX_POINT('',#12501);
#3672=VERTEX_POINT('',#12503);
#3673=VERTEX_POINT('',#12506);
#3674=VERTEX_POINT('',#12508);
#3675=VERTEX_POINT('',#12512);
#3676=VERTEX_POINT('',#12517);
#3677=VERTEX_POINT('',#12522);
#3678=VERTEX_POINT('',#12525);
#3679=VERTEX_POINT('',#12533);
#3680=VERTEX_POINT('',#12535);
#3681=VERTEX_POINT('',#12544);
#3682=VERTEX_POINT('',#12548);
#3683=VERTEX_POINT('',#12550);
#3684=VERTEX_POINT('',#12552);
#3685=VERTEX_POINT('',#12554);
#3686=VERTEX_POINT('',#12556);
#3687=VERTEX_POINT('',#12558);
#3688=VERTEX_POINT('',#12561);
#3689=VERTEX_POINT('',#12563);
#3690=VERTEX_POINT('',#12565);
#3691=VERTEX_POINT('',#12567);
#3692=VERTEX_POINT('',#12569);
#3693=VERTEX_POINT('',#12571);
#3694=VERTEX_POINT('',#12575);
#3695=VERTEX_POINT('',#12579);
#3696=VERTEX_POINT('',#12581);
#3697=VERTEX_POINT('',#12583);
#3698=VERTEX_POINT('',#12585);
#3699=VERTEX_POINT('',#12587);
#3700=VERTEX_POINT('',#12590);
#3701=VERTEX_POINT('',#12592);
#3702=VERTEX_POINT('',#12594);
#3703=VERTEX_POINT('',#12596);
#3704=VERTEX_POINT('',#12598);
#3705=VERTEX_POINT('',#12600);
#3706=VERTEX_POINT('',#12603);
#3707=VERTEX_POINT('',#12630);
#3708=VERTEX_POINT('',#12634);
#3709=VERTEX_POINT('',#12636);
#3710=VERTEX_POINT('',#12638);
#3711=VERTEX_POINT('',#12640);
#3712=VERTEX_POINT('',#12642);
#3713=VERTEX_POINT('',#12644);
#3714=VERTEX_POINT('',#12647);
#3715=VERTEX_POINT('',#12649);
#3716=VERTEX_POINT('',#12651);
#3717=VERTEX_POINT('',#12653);
#3718=VERTEX_POINT('',#12655);
#3719=VERTEX_POINT('',#12657);
#3720=VERTEX_POINT('',#12661);
#3721=VERTEX_POINT('',#12665);
#3722=VERTEX_POINT('',#12669);
#3723=VERTEX_POINT('',#12673);
#3724=VERTEX_POINT('',#12677);
#3725=VERTEX_POINT('',#12681);
#3726=VERTEX_POINT('',#12687);
#3727=VERTEX_POINT('',#12691);
#3728=VERTEX_POINT('',#12695);
#3729=VERTEX_POINT('',#12699);
#3730=VERTEX_POINT('',#12703);
#3731=VERTEX_POINT('',#12707);
#3732=VERTEX_POINT('',#12718);
#3733=VERTEX_POINT('',#12719);
#3734=VERTEX_POINT('',#12721);
#3735=VERTEX_POINT('',#12723);
#3736=VERTEX_POINT('',#12726);
#3737=VERTEX_POINT('',#12728);
#3738=VERTEX_POINT('',#12730);
#3739=VERTEX_POINT('',#12732);
#3740=VERTEX_POINT('',#12735);
#3741=VERTEX_POINT('',#12737);
#3742=VERTEX_POINT('',#12741);
#3743=VERTEX_POINT('',#12745);
#3744=VERTEX_POINT('',#12746);
#3745=VERTEX_POINT('',#12748);
#3746=VERTEX_POINT('',#12750);
#3747=VERTEX_POINT('',#12754);
#3748=VERTEX_POINT('',#12756);
#3749=VERTEX_POINT('',#12760);
#3750=VERTEX_POINT('',#12762);
#3751=VERTEX_POINT('',#12766);
#3752=VERTEX_POINT('',#12768);
#3753=VERTEX_POINT('',#12772);
#3754=VERTEX_POINT('',#12774);
#3755=VERTEX_POINT('',#12781);
#3756=VERTEX_POINT('',#12784);
#3757=VERTEX_POINT('',#12785);
#3758=VERTEX_POINT('',#12787);
#3759=VERTEX_POINT('',#12789);
#3760=VERTEX_POINT('',#12793);
#3761=VERTEX_POINT('',#12795);
#3762=VERTEX_POINT('',#12799);
#3763=VERTEX_POINT('',#12801);
#3764=VERTEX_POINT('',#12805);
#3765=VERTEX_POINT('',#12807);
#3766=VERTEX_POINT('',#12811);
#3767=VERTEX_POINT('',#12813);
#3768=VERTEX_POINT('',#12815);
#3769=VERTEX_POINT('',#12826);
#3770=VERTEX_POINT('',#12835);
#3771=VERTEX_POINT('',#12840);
#3772=VERTEX_POINT('',#12842);
#3773=VERTEX_POINT('',#12864);
#3774=VERTEX_POINT('',#12867);
#3775=VERTEX_POINT('',#12868);
#3776=VERTEX_POINT('',#12870);
#3777=VERTEX_POINT('',#12873);
#3778=VERTEX_POINT('',#12875);
#3779=VERTEX_POINT('',#12877);
#3780=VERTEX_POINT('',#12879);
#3781=VERTEX_POINT('',#12881);
#3782=VERTEX_POINT('',#12885);
#3783=VERTEX_POINT('',#12886);
#3784=VERTEX_POINT('',#12888);
#3785=VERTEX_POINT('',#12890);
#3786=VERTEX_POINT('',#12892);
#3787=VERTEX_POINT('',#12913);
#3788=VERTEX_POINT('',#12918);
#3789=VERTEX_POINT('',#12975);
#3790=VERTEX_POINT('',#12976);
#3791=VERTEX_POINT('',#12979);
#3792=VERTEX_POINT('',#12980);
#3793=VERTEX_POINT('',#12983);
#3794=VERTEX_POINT('',#12985);
#3795=VERTEX_POINT('',#12988);
#3796=VERTEX_POINT('',#12990);
#3797=VERTEX_POINT('',#12996);
#3798=VERTEX_POINT('',#12998);
#3799=VERTEX_POINT('',#13004);
#3800=VERTEX_POINT('',#13025);
#3801=VERTEX_POINT('',#13026);
#3802=VERTEX_POINT('',#13028);
#3803=VERTEX_POINT('',#13030);
#3804=VERTEX_POINT('',#13034);
#3805=VERTEX_POINT('',#13036);
#3806=VERTEX_POINT('',#13040);
#3807=VERTEX_POINT('',#13041);
#3808=VERTEX_POINT('',#13043);
#3809=VERTEX_POINT('',#13045);
#3810=VERTEX_POINT('',#13049);
#3811=VERTEX_POINT('',#13051);
#3812=VERTEX_POINT('',#13055);
#3813=VERTEX_POINT('',#13056);
#3814=VERTEX_POINT('',#13058);
#3815=VERTEX_POINT('',#13060);
#3816=VERTEX_POINT('',#13064);
#3817=VERTEX_POINT('',#13066);
#3818=VERTEX_POINT('',#13070);
#3819=VERTEX_POINT('',#13071);
#3820=VERTEX_POINT('',#13073);
#3821=VERTEX_POINT('',#13075);
#3822=VERTEX_POINT('',#13079);
#3823=VERTEX_POINT('',#13081);
#3824=VERTEX_POINT('',#13085);
#3825=VERTEX_POINT('',#13087);
#3826=VERTEX_POINT('',#13094);
#3827=VERTEX_POINT('',#13096);
#3828=VERTEX_POINT('',#13103);
#3829=VERTEX_POINT('',#13105);
#3830=VERTEX_POINT('',#13112);
#3831=VERTEX_POINT('',#13114);
#3832=VERTEX_POINT('',#13122);
#3833=VERTEX_POINT('',#13124);
#3834=VERTEX_POINT('',#13128);
#3835=VERTEX_POINT('',#13131);
#3836=VERTEX_POINT('',#13135);
#3837=VERTEX_POINT('',#13137);
#3838=VERTEX_POINT('',#13144);
#3839=VERTEX_POINT('',#13148);
#3840=VERTEX_POINT('',#13154);
#3841=VERTEX_POINT('',#13156);
#3842=VERTEX_POINT('',#13160);
#3843=VERTEX_POINT('',#13162);
#3844=VERTEX_POINT('',#13166);
#3845=VERTEX_POINT('',#13167);
#3846=VERTEX_POINT('',#13169);
#3847=VERTEX_POINT('',#13173);
#3848=VERTEX_POINT('',#13179);
#3849=VERTEX_POINT('',#13183);
#3850=VERTEX_POINT('',#13189);
#3851=VERTEX_POINT('',#13191);
#3852=VERTEX_POINT('',#13193);
#3853=VERTEX_POINT('',#13197);
#3854=VERTEX_POINT('',#13204);
#3855=VERTEX_POINT('',#13212);
#3856=VERTEX_POINT('',#13218);
#3857=VERTEX_POINT('',#13222);
#3858=VERTEX_POINT('',#13228);
#3859=VERTEX_POINT('',#13238);
#3860=VERTEX_POINT('',#13248);
#3861=VERTEX_POINT('',#13249);
#3862=VERTEX_POINT('',#13251);
#3863=VERTEX_POINT('',#13253);
#3864=VERTEX_POINT('',#13257);
#3865=VERTEX_POINT('',#13259);
#3866=VERTEX_POINT('',#13263);
#3867=VERTEX_POINT('',#13265);
#3868=VERTEX_POINT('',#13269);
#3869=VERTEX_POINT('',#13271);
#3870=VERTEX_POINT('',#13275);
#3871=VERTEX_POINT('',#13277);
#3872=VERTEX_POINT('',#13281);
#3873=VERTEX_POINT('',#13283);
#3874=VERTEX_POINT('',#13287);
#3875=VERTEX_POINT('',#13289);
#3876=VERTEX_POINT('',#13293);
#3877=VERTEX_POINT('',#13294);
#3878=VERTEX_POINT('',#13296);
#3879=VERTEX_POINT('',#13298);
#3880=VERTEX_POINT('',#13305);
#3881=VERTEX_POINT('',#13306);
#3882=VERTEX_POINT('',#13308);
#3883=VERTEX_POINT('',#13310);
#3884=VERTEX_POINT('',#13315);
#3885=VERTEX_POINT('',#13317);
#3886=VERTEX_POINT('',#13319);
#3887=VERTEX_POINT('',#13321);
#3888=VERTEX_POINT('',#13323);
#3889=VERTEX_POINT('',#13327);
#3890=VERTEX_POINT('',#13329);
#3891=VERTEX_POINT('',#13334);
#3892=VERTEX_POINT('',#13336);
#3893=VERTEX_POINT('',#13338);
#3894=VERTEX_POINT('',#13349);
#3895=VERTEX_POINT('',#13351);
#3896=VERTEX_POINT('',#13353);
#3897=VERTEX_POINT('',#13355);
#3898=VERTEX_POINT('',#13359);
#3899=VERTEX_POINT('',#13360);
#3900=VERTEX_POINT('',#13365);
#3901=VERTEX_POINT('',#13368);
#3902=VERTEX_POINT('',#13369);
#3903=VERTEX_POINT('',#13374);
#3904=VERTEX_POINT('',#13377);
#3905=VERTEX_POINT('',#13378);
#3906=VERTEX_POINT('',#13383);
#3907=VERTEX_POINT('',#13386);
#3908=VERTEX_POINT('',#13387);
#3909=VERTEX_POINT('',#13392);
#3910=VERTEX_POINT('',#13396);
#3911=VERTEX_POINT('',#13398);
#3912=VERTEX_POINT('',#13402);
#3913=VERTEX_POINT('',#13404);
#3914=VERTEX_POINT('',#13408);
#3915=VERTEX_POINT('',#13409);
#3916=VERTEX_POINT('',#13411);
#3917=VERTEX_POINT('',#13413);
#3918=VERTEX_POINT('',#13417);
#3919=VERTEX_POINT('',#13419);
#3920=VERTEX_POINT('',#13423);
#3921=VERTEX_POINT('',#13424);
#3922=VERTEX_POINT('',#13426);
#3923=VERTEX_POINT('',#13428);
#3924=VERTEX_POINT('',#13432);
#3925=VERTEX_POINT('',#13433);
#3926=VERTEX_POINT('',#13435);
#3927=VERTEX_POINT('',#13437);
#3928=VERTEX_POINT('',#13439);
#3929=VERTEX_POINT('',#13441);
#3930=VERTEX_POINT('',#13443);
#3931=VERTEX_POINT('',#13445);
#3932=VERTEX_POINT('',#13447);
#3933=VERTEX_POINT('',#13449);
#3934=VERTEX_POINT('',#13451);
#3935=VERTEX_POINT('',#13453);
#3936=VERTEX_POINT('',#13455);
#3937=VERTEX_POINT('',#13459);
#3938=VERTEX_POINT('',#13462);
#3939=VERTEX_POINT('',#13464);
#3940=VERTEX_POINT('',#13466);
#3941=VERTEX_POINT('',#13469);
#3942=VERTEX_POINT('',#13471);
#3943=VERTEX_POINT('',#13473);
#3944=VERTEX_POINT('',#13475);
#3945=VERTEX_POINT('',#13479);
#3946=VERTEX_POINT('',#13481);
#3947=VERTEX_POINT('',#13483);
#3948=VERTEX_POINT('',#13485);
#3949=VERTEX_POINT('',#13488);
#3950=VERTEX_POINT('',#13490);
#3951=VERTEX_POINT('',#13492);
#3952=VERTEX_POINT('',#13495);
#3953=VERTEX_POINT('',#13585);
#3954=VERTEX_POINT('',#13589);
#3955=VERTEX_POINT('',#13593);
#3956=VERTEX_POINT('',#13616);
#3957=VERTEX_POINT('',#13617);
#3958=VERTEX_POINT('',#13619);
#3959=VERTEX_POINT('',#13621);
#3960=VERTEX_POINT('',#13625);
#3961=VERTEX_POINT('',#13627);
#3962=VERTEX_POINT('',#13631);
#3963=VERTEX_POINT('',#13632);
#3964=VERTEX_POINT('',#13634);
#3965=VERTEX_POINT('',#13636);
#3966=VERTEX_POINT('',#13640);
#3967=VERTEX_POINT('',#13642);
#3968=VERTEX_POINT('',#13646);
#3969=VERTEX_POINT('',#13647);
#3970=VERTEX_POINT('',#13649);
#3971=VERTEX_POINT('',#13651);
#3972=VERTEX_POINT('',#13655);
#3973=VERTEX_POINT('',#13657);
#3974=VERTEX_POINT('',#13661);
#3975=VERTEX_POINT('',#13662);
#3976=VERTEX_POINT('',#13664);
#3977=VERTEX_POINT('',#13666);
#3978=VERTEX_POINT('',#13670);
#3979=VERTEX_POINT('',#13672);
#3980=VERTEX_POINT('',#13676);
#3981=VERTEX_POINT('',#13678);
#3982=VERTEX_POINT('',#13685);
#3983=VERTEX_POINT('',#13687);
#3984=VERTEX_POINT('',#13694);
#3985=VERTEX_POINT('',#13696);
#3986=VERTEX_POINT('',#13703);
#3987=VERTEX_POINT('',#13705);
#3988=VERTEX_POINT('',#13713);
#3989=VERTEX_POINT('',#13715);
#3990=VERTEX_POINT('',#13719);
#3991=VERTEX_POINT('',#13722);
#3992=VERTEX_POINT('',#13726);
#3993=VERTEX_POINT('',#13728);
#3994=VERTEX_POINT('',#13735);
#3995=VERTEX_POINT('',#13739);
#3996=VERTEX_POINT('',#13745);
#3997=VERTEX_POINT('',#13746);
#3998=VERTEX_POINT('',#13748);
#3999=VERTEX_POINT('',#13750);
#4000=VERTEX_POINT('',#13752);
#4001=VERTEX_POINT('',#13754);
#4002=VERTEX_POINT('',#13758);
#4003=VERTEX_POINT('',#13762);
#4004=VERTEX_POINT('',#13763);
#4005=VERTEX_POINT('',#13765);
#4006=VERTEX_POINT('',#13767);
#4007=VERTEX_POINT('',#13769);
#4008=VERTEX_POINT('',#13771);
#4009=VERTEX_POINT('',#13775);
#4010=VERTEX_POINT('',#13779);
#4011=VERTEX_POINT('',#13780);
#4012=VERTEX_POINT('',#13782);
#4013=VERTEX_POINT('',#13784);
#4014=VERTEX_POINT('',#13786);
#4015=VERTEX_POINT('',#13788);
#4016=VERTEX_POINT('',#13792);
#4017=VERTEX_POINT('',#13796);
#4018=VERTEX_POINT('',#13797);
#4019=VERTEX_POINT('',#13799);
#4020=VERTEX_POINT('',#13801);
#4021=VERTEX_POINT('',#13803);
#4022=VERTEX_POINT('',#13805);
#4023=VERTEX_POINT('',#13809);
#4024=VERTEX_POINT('',#13813);
#4025=VERTEX_POINT('',#13820);
#4026=VERTEX_POINT('',#13827);
#4027=VERTEX_POINT('',#13834);
#4028=VERTEX_POINT('',#13842);
#4029=VERTEX_POINT('',#13844);
#4030=VERTEX_POINT('',#13848);
#4031=VERTEX_POINT('',#13851);
#4032=VERTEX_POINT('',#13855);
#4033=VERTEX_POINT('',#13857);
#4034=VERTEX_POINT('',#13864);
#4035=VERTEX_POINT('',#13868);
#4036=VERTEX_POINT('',#13874);
#4037=VERTEX_POINT('',#13875);
#4038=VERTEX_POINT('',#13877);
#4039=VERTEX_POINT('',#13881);
#4040=VERTEX_POINT('',#13885);
#4041=VERTEX_POINT('',#13889);
#4042=VERTEX_POINT('',#13891);
#4043=VERTEX_POINT('',#13895);
#4044=VERTEX_POINT('',#13897);
#4045=VERTEX_POINT('',#13899);
#4046=VERTEX_POINT('',#13903);
#4047=VERTEX_POINT('',#13910);
#4048=VERTEX_POINT('',#13918);
#4049=VERTEX_POINT('',#13922);
#4050=VERTEX_POINT('',#13926);
#4051=VERTEX_POINT('',#13932);
#4052=VERTEX_POINT('',#13935);
#4053=VERTEX_POINT('',#13938);
#4054=VERTEX_POINT('',#13942);
#4055=VERTEX_POINT('',#13947);
#4056=VERTEX_POINT('',#13948);
#4057=VERTEX_POINT('',#13950);
#4058=VERTEX_POINT('',#13952);
#4059=VERTEX_POINT('',#13956);
#4060=VERTEX_POINT('',#13958);
#4061=VERTEX_POINT('',#13962);
#4062=VERTEX_POINT('',#13964);
#4063=VERTEX_POINT('',#13968);
#4064=VERTEX_POINT('',#13970);
#4065=VERTEX_POINT('',#13974);
#4066=VERTEX_POINT('',#13975);
#4067=VERTEX_POINT('',#13977);
#4068=VERTEX_POINT('',#13979);
#4069=VERTEX_POINT('',#13983);
#4070=VERTEX_POINT('',#13985);
#4071=VERTEX_POINT('',#13989);
#4072=VERTEX_POINT('',#13990);
#4073=VERTEX_POINT('',#13992);
#4074=VERTEX_POINT('',#13994);
#4075=VERTEX_POINT('',#14001);
#4076=VERTEX_POINT('',#14002);
#4077=VERTEX_POINT('',#14004);
#4078=VERTEX_POINT('',#14006);
#4079=VERTEX_POINT('',#14010);
#4080=VERTEX_POINT('',#14012);
#4081=VERTEX_POINT('',#14016);
#4082=VERTEX_POINT('',#14018);
#4083=VERTEX_POINT('',#14022);
#4084=VERTEX_POINT('',#14024);
#4085=VERTEX_POINT('',#14028);
#4086=VERTEX_POINT('',#14030);
#4087=VERTEX_POINT('',#14037);
#4088=VERTEX_POINT('',#14040);
#4089=VERTEX_POINT('',#14044);
#4090=VERTEX_POINT('',#14046);
#4091=VERTEX_POINT('',#14050);
#4092=VERTEX_POINT('',#14052);
#4093=VERTEX_POINT('',#14056);
#4094=VERTEX_POINT('',#14058);
#4095=VERTEX_POINT('',#14065);
#4096=VERTEX_POINT('',#14067);
#4097=VERTEX_POINT('',#14076);
#4098=VERTEX_POINT('',#14077);
#4099=VERTEX_POINT('',#14088);
#4100=VERTEX_POINT('',#14090);
#4101=VERTEX_POINT('',#14094);
#4102=VERTEX_POINT('',#14096);
#4103=VERTEX_POINT('',#14098);
#4104=VERTEX_POINT('',#14100);
#4105=VERTEX_POINT('',#14102);
#4106=VERTEX_POINT('',#14104);
#4107=VERTEX_POINT('',#14106);
#4108=VERTEX_POINT('',#14108);
#4109=VERTEX_POINT('',#14113);
#4110=VERTEX_POINT('',#14124);
#4111=VERTEX_POINT('',#14128);
#4112=VERTEX_POINT('',#14130);
#4113=VERTEX_POINT('',#14134);
#4114=VERTEX_POINT('',#14145);
#4115=VERTEX_POINT('',#14149);
#4116=VERTEX_POINT('',#14151);
#4117=VERTEX_POINT('',#14155);
#4118=VERTEX_POINT('',#14166);
#4119=VERTEX_POINT('',#14174);
#4120=VERTEX_POINT('',#14175);
#4121=VERTEX_POINT('',#14179);
#4122=VERTEX_POINT('',#14182);
#4123=VERTEX_POINT('',#14185);
#4124=VERTEX_POINT('',#14188);
#4125=VERTEX_POINT('',#14191);
#4126=VERTEX_POINT('',#14195);
#4127=VERTEX_POINT('',#14199);
#4128=VERTEX_POINT('',#14201);
#4129=VERTEX_POINT('',#14207);
#4130=VERTEX_POINT('',#14213);
#4131=VERTEX_POINT('',#14222);
#4132=VERTEX_POINT('',#14223);
#4133=VERTEX_POINT('',#14225);
#4134=VERTEX_POINT('',#14227);
#4135=VERTEX_POINT('',#14231);
#4136=VERTEX_POINT('',#14233);
#4137=VERTEX_POINT('',#14237);
#4138=VERTEX_POINT('',#14239);
#4139=VERTEX_POINT('',#14243);
#4140=VERTEX_POINT('',#14245);
#4141=VERTEX_POINT('',#14249);
#4142=VERTEX_POINT('',#14251);
#4143=VERTEX_POINT('',#14258);
#4144=VERTEX_POINT('',#14261);
#4145=VERTEX_POINT('',#14262);
#4146=VERTEX_POINT('',#14264);
#4147=VERTEX_POINT('',#14266);
#4148=VERTEX_POINT('',#14270);
#4149=VERTEX_POINT('',#14272);
#4150=VERTEX_POINT('',#14276);
#4151=VERTEX_POINT('',#14278);
#4152=VERTEX_POINT('',#14282);
#4153=VERTEX_POINT('',#14284);
#4154=VERTEX_POINT('',#14288);
#4155=VERTEX_POINT('',#14290);
#4156=VERTEX_POINT('',#14297);
#4157=VERTEX_POINT('',#14323);
#4158=VERTEX_POINT('',#14324);
#4159=VERTEX_POINT('',#14335);
#4160=VERTEX_POINT('',#14340);
#4161=VERTEX_POINT('',#14356);
#4162=VERTEX_POINT('',#14358);
#4163=VERTEX_POINT('',#14362);
#4164=VERTEX_POINT('',#14367);
#4165=VERTEX_POINT('',#14369);
#4166=VERTEX_POINT('',#14374);
#4167=VERTEX_POINT('',#14376);
#4168=VERTEX_POINT('',#14393);
#4169=VERTEX_POINT('',#14395);
#4170=VERTEX_POINT('',#14400);
#4171=VERTEX_POINT('',#14402);
#4172=VERTEX_POINT('',#14416);
#4173=VERTEX_POINT('',#14418);
#4174=VERTEX_POINT('',#14427);
#4175=VERTEX_POINT('',#14436);
#4176=VERTEX_POINT('',#14438);
#4177=VERTEX_POINT('',#14443);
#4178=VERTEX_POINT('',#14454);
#4179=VERTEX_POINT('',#14456);
#4180=VERTEX_POINT('',#14458);
#4181=VERTEX_POINT('',#14460);
#4182=VERTEX_POINT('',#14462);
#4183=VERTEX_POINT('',#14466);
#4184=VERTEX_POINT('',#14470);
#4185=VERTEX_POINT('',#14497);
#4186=VERTEX_POINT('',#14498);
#4187=VERTEX_POINT('',#14509);
#4188=VERTEX_POINT('',#14514);
#4189=VERTEX_POINT('',#14530);
#4190=VERTEX_POINT('',#14532);
#4191=VERTEX_POINT('',#14536);
#4192=VERTEX_POINT('',#14547);
#4193=VERTEX_POINT('',#14585);
#4194=VERTEX_POINT('',#14596);
#4195=VERTEX_POINT('',#14599);
#4196=VERTEX_POINT('',#14601);
#4197=VERTEX_POINT('',#14627);
#4198=VERTEX_POINT('',#14632);
#4199=VERTEX_POINT('',#14648);
#4200=VERTEX_POINT('',#14675);
#4201=VERTEX_POINT('',#14680);
#4202=VERTEX_POINT('',#14696);
#4203=VERTEX_POINT('',#14700);
#4204=VERTEX_POINT('',#14704);
#4205=VERTEX_POINT('',#14733);
#4206=VERTEX_POINT('',#14765);
#4207=VERTEX_POINT('',#14773);
#4208=VERTEX_POINT('',#14778);
#4209=VERTEX_POINT('',#14780);
#4210=VERTEX_POINT('',#14782);
#4211=VERTEX_POINT('',#14784);
#4212=VERTEX_POINT('',#14789);
#4213=VERTEX_POINT('',#14803);
#4214=VERTEX_POINT('',#14808);
#4215=VERTEX_POINT('',#14810);
#4216=VERTEX_POINT('',#14812);
#4217=VERTEX_POINT('',#14818);
#4218=VERTEX_POINT('',#14820);
#4219=VERTEX_POINT('',#14926);
#4220=VERTEX_POINT('',#14931);
#4221=VERTEX_POINT('',#14944);
#4222=VERTEX_POINT('',#14962);
#4223=VERTEX_POINT('',#15020);
#4224=VERTEX_POINT('',#15033);
#4225=VERTEX_POINT('',#15083);
#4226=VERTEX_POINT('',#15124);
#4227=VERTEX_POINT('',#15161);
#4228=VERTEX_POINT('',#15210);
#4229=VERTEX_POINT('',#15212);
#4230=VERTEX_POINT('',#15270);
#4231=VERTEX_POINT('',#15271);
#4232=VERTEX_POINT('',#15284);
#4233=VERTEX_POINT('',#15293);
#4234=VERTEX_POINT('',#15343);
#4235=VERTEX_POINT('',#15344);
#4236=VERTEX_POINT('',#15490);
#4237=VERTEX_POINT('',#15503);
#4238=VERTEX_POINT('',#15552);
#4239=VERTEX_POINT('',#15553);
#4240=VERTEX_POINT('',#15564);
#4241=VERTEX_POINT('',#15566);
#4242=VERTEX_POINT('',#15609);
#4243=VERTEX_POINT('',#15624);
#4244=VERTEX_POINT('',#15643);
#4245=VERTEX_POINT('',#15644);
#4246=VERTEX_POINT('',#15646);
#4247=VERTEX_POINT('',#15648);
#4248=VERTEX_POINT('',#15666);
#4249=VERTEX_POINT('',#15696);
#4250=VERTEX_POINT('',#15698);
#4251=VERTEX_POINT('',#15701);
#4252=VERTEX_POINT('',#15766);
#4253=VERTEX_POINT('',#15918);
#4254=VERTEX_POINT('',#15920);
#4255=VERTEX_POINT('',#15924);
#4256=VERTEX_POINT('',#15928);
#4257=VERTEX_POINT('',#15929);
#4258=VERTEX_POINT('',#15931);
#4259=VERTEX_POINT('',#15933);
#4260=VERTEX_POINT('',#15935);
#4261=VERTEX_POINT('',#15937);
#4262=VERTEX_POINT('',#15939);
#4263=VERTEX_POINT('',#15941);
#4264=VERTEX_POINT('',#15943);
#4265=VERTEX_POINT('',#15945);
#4266=VERTEX_POINT('',#15948);
#4267=VERTEX_POINT('',#15949);
#4268=VERTEX_POINT('',#15951);
#4269=VERTEX_POINT('',#15953);
#4270=VERTEX_POINT('',#15955);
#4271=VERTEX_POINT('',#15957);
#4272=VERTEX_POINT('',#15959);
#4273=VERTEX_POINT('',#15961);
#4274=VERTEX_POINT('',#15965);
#4275=VERTEX_POINT('',#15967);
#4276=VERTEX_POINT('',#15969);
#4277=VERTEX_POINT('',#15973);
#4278=VERTEX_POINT('',#15975);
#4279=VERTEX_POINT('',#15979);
#4280=VERTEX_POINT('',#15982);
#4281=VERTEX_POINT('',#15986);
#4282=VERTEX_POINT('',#15987);
#4283=VERTEX_POINT('',#15989);
#4284=VERTEX_POINT('',#15991);
#4285=VERTEX_POINT('',#15993);
#4286=VERTEX_POINT('',#15995);
#4287=VERTEX_POINT('',#15997);
#4288=VERTEX_POINT('',#15999);
#4289=VERTEX_POINT('',#16001);
#4290=VERTEX_POINT('',#16003);
#4291=VERTEX_POINT('',#16006);
#4292=VERTEX_POINT('',#16007);
#4293=VERTEX_POINT('',#16009);
#4294=VERTEX_POINT('',#16011);
#4295=VERTEX_POINT('',#16013);
#4296=VERTEX_POINT('',#16015);
#4297=VERTEX_POINT('',#16017);
#4298=VERTEX_POINT('',#16019);
#4299=VERTEX_POINT('',#16023);
#4300=VERTEX_POINT('',#16041);
#4301=VERTEX_POINT('',#16059);
#4302=VERTEX_POINT('',#16066);
#4303=VERTEX_POINT('',#16070);
#4304=VERTEX_POINT('',#16077);
#4305=VERTEX_POINT('',#16079);
#4306=VERTEX_POINT('',#16083);
#4307=VERTEX_POINT('',#16084);
#4308=VERTEX_POINT('',#16096);
#4309=VERTEX_POINT('',#16098);
#4310=VERTEX_POINT('',#16102);
#4311=VERTEX_POINT('',#16104);
#4312=VERTEX_POINT('',#16108);
#4313=VERTEX_POINT('',#16110);
#4314=VERTEX_POINT('',#16114);
#4315=VERTEX_POINT('',#16116);
#4316=VERTEX_POINT('',#16120);
#4317=VERTEX_POINT('',#16132);
#4318=VERTEX_POINT('',#16136);
#4319=VERTEX_POINT('',#16138);
#4320=VERTEX_POINT('',#16142);
#4321=VERTEX_POINT('',#16144);
#4322=VERTEX_POINT('',#16148);
#4323=VERTEX_POINT('',#16150);
#4324=VERTEX_POINT('',#16154);
#4325=VERTEX_POINT('',#16155);
#4326=VERTEX_POINT('',#16167);
#4327=VERTEX_POINT('',#16169);
#4328=VERTEX_POINT('',#16173);
#4329=VERTEX_POINT('',#16175);
#4330=VERTEX_POINT('',#16179);
#4331=VERTEX_POINT('',#16191);
#4332=VERTEX_POINT('',#16195);
#4333=VERTEX_POINT('',#16197);
#4334=VERTEX_POINT('',#16201);
#4335=VERTEX_POINT('',#16203);
#4336=VERTEX_POINT('',#16210);
#4337=VERTEX_POINT('',#16212);
#4338=VERTEX_POINT('',#16216);
#4339=VERTEX_POINT('',#16222);
#4340=VERTEX_POINT('',#16224);
#4341=VERTEX_POINT('',#16228);
#4342=VERTEX_POINT('',#16234);
#4343=VERTEX_POINT('',#16236);
#4344=VERTEX_POINT('',#16240);
#4345=VERTEX_POINT('',#16246);
#4346=VERTEX_POINT('',#16248);
#4347=VERTEX_POINT('',#16252);
#4348=VERTEX_POINT('',#16254);
#4349=VERTEX_POINT('',#16258);
#4350=VERTEX_POINT('',#16259);
#4351=VERTEX_POINT('',#16261);
#4352=VERTEX_POINT('',#16265);
#4353=VERTEX_POINT('',#16271);
#4354=VERTEX_POINT('',#16275);
#4355=VERTEX_POINT('',#16281);
#4356=VERTEX_POINT('',#16283);
#4357=VERTEX_POINT('',#16285);
#4358=VERTEX_POINT('',#16289);
#4359=VERTEX_POINT('',#16296);
#4360=VERTEX_POINT('',#16304);
#4361=VERTEX_POINT('',#16310);
#4362=VERTEX_POINT('',#16314);
#4363=VERTEX_POINT('',#16320);
#4364=VERTEX_POINT('',#16330);
#4365=VERTEX_POINT('',#16339);
#4366=VERTEX_POINT('',#16341);
#4367=VERTEX_POINT('',#16345);
#4368=VERTEX_POINT('',#16346);
#4369=VERTEX_POINT('',#16358);
#4370=VERTEX_POINT('',#16360);
#4371=VERTEX_POINT('',#16364);
#4372=VERTEX_POINT('',#16366);
#4373=VERTEX_POINT('',#16370);
#4374=VERTEX_POINT('',#16372);
#4375=VERTEX_POINT('',#16376);
#4376=VERTEX_POINT('',#16378);
#4377=VERTEX_POINT('',#16382);
#4378=VERTEX_POINT('',#16394);
#4379=VERTEX_POINT('',#16398);
#4380=VERTEX_POINT('',#16400);
#4381=VERTEX_POINT('',#16404);
#4382=VERTEX_POINT('',#16406);
#4383=VERTEX_POINT('',#16410);
#4384=VERTEX_POINT('',#16412);
#4385=VERTEX_POINT('',#16416);
#4386=VERTEX_POINT('',#16417);
#4387=VERTEX_POINT('',#16429);
#4388=VERTEX_POINT('',#16431);
#4389=VERTEX_POINT('',#16435);
#4390=VERTEX_POINT('',#16437);
#4391=VERTEX_POINT('',#16441);
#4392=VERTEX_POINT('',#16453);
#4393=VERTEX_POINT('',#16457);
#4394=VERTEX_POINT('',#16459);
#4395=VERTEX_POINT('',#16463);
#4396=VERTEX_POINT('',#16465);
#4397=VERTEX_POINT('',#16472);
#4398=VERTEX_POINT('',#16474);
#4399=VERTEX_POINT('',#16478);
#4400=VERTEX_POINT('',#16484);
#4401=VERTEX_POINT('',#16486);
#4402=VERTEX_POINT('',#16490);
#4403=VERTEX_POINT('',#16496);
#4404=VERTEX_POINT('',#16498);
#4405=VERTEX_POINT('',#16502);
#4406=VERTEX_POINT('',#16508);
#4407=VERTEX_POINT('',#16510);
#4408=VERTEX_POINT('',#16514);
#4409=VERTEX_POINT('',#16516);
#4410=VERTEX_POINT('',#16520);
#4411=VERTEX_POINT('',#16521);
#4412=VERTEX_POINT('',#16523);
#4413=VERTEX_POINT('',#16527);
#4414=VERTEX_POINT('',#16533);
#4415=VERTEX_POINT('',#16537);
#4416=VERTEX_POINT('',#16543);
#4417=VERTEX_POINT('',#16545);
#4418=VERTEX_POINT('',#16547);
#4419=VERTEX_POINT('',#16551);
#4420=VERTEX_POINT('',#16558);
#4421=VERTEX_POINT('',#16566);
#4422=VERTEX_POINT('',#16572);
#4423=VERTEX_POINT('',#16576);
#4424=VERTEX_POINT('',#16582);
#4425=VERTEX_POINT('',#16592);
#4426=VERTEX_POINT('',#16601);
#4427=VERTEX_POINT('',#16603);
#4428=VERTEX_POINT('',#16607);
#4429=VERTEX_POINT('',#16609);
#4430=VERTEX_POINT('',#16613);
#4431=VERTEX_POINT('',#16615);
#4432=VERTEX_POINT('',#16619);
#4433=VERTEX_POINT('',#16623);
#4434=VERTEX_POINT('',#16627);
#4435=VERTEX_POINT('',#16628);
#4436=VERTEX_POINT('',#16633);
#4437=VERTEX_POINT('',#16637);
#4438=VERTEX_POINT('',#16639);
#4439=VERTEX_POINT('',#16643);
#4440=EDGE_CURVE('',#3628,#3628,#3247,.T.);
#4441=EDGE_CURVE('',#3628,#3629,#1871,.T.);
#4442=EDGE_CURVE('',#3629,#3629,#3248,.T.);
#4443=EDGE_CURVE('',#3630,#3630,#3249,.T.);
#4444=EDGE_CURVE('',#3631,#3631,#3250,.T.);
#4445=EDGE_CURVE('',#3632,#3632,#3251,.T.);
#4446=EDGE_CURVE('',#3633,#3633,#3252,.T.);
#4447=EDGE_CURVE('',#3630,#3634,#1872,.T.);
#4448=EDGE_CURVE('',#3634,#3634,#3253,.T.);
#4449=EDGE_CURVE('',#3635,#3635,#3254,.T.);
#4450=EDGE_CURVE('',#3636,#3636,#3255,.T.);
#4451=EDGE_CURVE('',#3637,#3637,#3256,.T.);
#4452=EDGE_CURVE('',#3638,#3638,#3257,.T.);
#4453=EDGE_CURVE('',#3635,#3631,#1873,.T.);
#4454=EDGE_CURVE('',#3636,#3632,#1874,.T.);
#4455=EDGE_CURVE('',#3637,#3633,#1875,.T.);
#4456=EDGE_CURVE('',#3638,#3639,#1876,.T.);
#4457=EDGE_CURVE('',#3639,#3639,#3258,.T.);
#4458=EDGE_CURVE('',#3640,#3640,#3259,.T.);
#4459=EDGE_CURVE('',#3641,#3642,#3260,.T.);
#4460=EDGE_CURVE('',#3642,#3643,#1877,.T.);
#4461=EDGE_CURVE('',#3644,#3643,#3261,.T.);
#4462=EDGE_CURVE('',#3641,#3644,#1878,.T.);
#4463=EDGE_CURVE('',#3645,#3646,#3262,.T.);
#4464=EDGE_CURVE('',#3647,#3645,#1879,.T.);
#4465=EDGE_CURVE('',#3647,#3648,#3263,.T.);
#4466=EDGE_CURVE('',#3648,#3646,#1880,.T.);
#4467=EDGE_CURVE('',#3649,#3650,#3264,.T.);
#4468=EDGE_CURVE('',#3651,#3650,#1881,.T.);
#4469=EDGE_CURVE('',#3652,#3651,#3265,.T.);
#4470=EDGE_CURVE('',#3652,#3649,#1882,.T.);
#4471=EDGE_CURVE('',#3653,#3654,#3266,.T.);
#4472=EDGE_CURVE('',#3653,#3655,#1883,.T.);
#4473=EDGE_CURVE('',#3655,#3656,#3267,.T.);
#4474=EDGE_CURVE('',#3654,#3656,#1884,.T.);
#4475=EDGE_CURVE('',#3657,#3658,#3268,.T.);
#4476=EDGE_CURVE('',#3659,#3657,#1885,.T.);
#4477=EDGE_CURVE('',#3659,#3660,#3269,.T.);
#4478=EDGE_CURVE('',#3660,#3658,#1886,.T.);
#4479=EDGE_CURVE('',#3661,#3662,#3270,.T.);
#4480=EDGE_CURVE('',#3662,#3663,#1887,.T.);
#4481=EDGE_CURVE('',#3664,#3663,#3271,.T.);
#4482=EDGE_CURVE('',#3661,#3664,#1888,.T.);
#4483=EDGE_CURVE('',#3665,#3666,#1889,.T.);
#4484=EDGE_CURVE('',#3667,#3666,#3272,.T.);
#4485=EDGE_CURVE('',#3668,#3667,#1890,.T.);
#4486=EDGE_CURVE('',#3668,#3669,#3273,.T.);
#4487=EDGE_CURVE('',#3669,#3670,#1891,.T.);
#4488=EDGE_CURVE('',#3671,#3670,#3274,.T.);
#4489=EDGE_CURVE('',#3671,#3672,#1892,.T.);
#4490=EDGE_CURVE('',#3672,#3672,#3275,.T.);
#4491=EDGE_CURVE('',#3673,#3671,#3276,.T.);
#4492=EDGE_CURVE('',#3674,#3673,#1893,.T.);
#4493=EDGE_CURVE('',#3674,#3665,#3277,.T.);
#4494=EDGE_CURVE('',#3675,#3675,#3278,.T.);
#4495=EDGE_CURVE('',#3662,#3668,#1894,.T.);
#4496=EDGE_CURVE('',#3669,#3661,#1895,.T.);
#4497=EDGE_CURVE('',#3676,#3676,#3279,.T.);
#4498=EDGE_CURVE('',#3660,#3674,#1896,.T.);
#4499=EDGE_CURVE('',#3665,#3659,#1897,.T.);
#4500=EDGE_CURVE('',#3677,#3677,#3280,.T.);
#4501=EDGE_CURVE('',#3678,#3678,#3281,.T.);
#4502=EDGE_CURVE('',#3678,#3677,#1898,.T.);
#4503=EDGE_CURVE('',#3666,#3657,#1899,.T.);
#4504=EDGE_CURVE('',#3658,#3673,#1900,.T.);
#4505=EDGE_CURVE('',#3670,#3664,#1901,.T.);
#4506=EDGE_CURVE('',#3663,#3667,#1902,.T.);
#4507=EDGE_CURVE('',#3679,#3679,#3282,.T.);
#4508=EDGE_CURVE('',#3680,#3680,#3283,.T.);
#4509=EDGE_CURVE('',#3679,#3676,#1903,.T.);
#4510=EDGE_CURVE('',#3681,#3681,#3284,.T.);
#4511=EDGE_CURVE('',#3681,#3680,#1904,.T.);
#4512=EDGE_CURVE('',#3654,#3682,#1905,.T.);
#4513=EDGE_CURVE('',#3682,#3683,#3285,.T.);
#4514=EDGE_CURVE('',#3683,#3684,#1906,.T.);
#4515=EDGE_CURVE('',#3684,#3685,#3286,.T.);
#4516=EDGE_CURVE('',#3685,#3686,#1907,.T.);
#4517=EDGE_CURVE('',#3686,#3687,#3287,.T.);
#4518=EDGE_CURVE('',#3687,#3652,#1908,.T.);
#4519=EDGE_CURVE('',#3651,#3688,#1909,.T.);
#4520=EDGE_CURVE('',#3688,#3689,#3288,.T.);
#4521=EDGE_CURVE('',#3689,#3690,#1910,.T.);
#4522=EDGE_CURVE('',#3690,#3691,#3289,.T.);
#4523=EDGE_CURVE('',#3691,#3692,#1911,.T.);
#4524=EDGE_CURVE('',#3692,#3693,#3290,.T.);
#4525=EDGE_CURVE('',#3693,#3653,#1912,.T.);
#4526=EDGE_CURVE('',#3693,#3694,#1913,.T.);
#4527=EDGE_CURVE('',#3694,#3655,#1914,.T.);
#4528=EDGE_CURVE('',#3695,#3694,#3291,.T.);
#4529=EDGE_CURVE('',#3696,#3695,#1915,.T.);
#4530=EDGE_CURVE('',#3697,#3696,#3292,.T.);
#4531=EDGE_CURVE('',#3698,#3697,#1916,.T.);
#4532=EDGE_CURVE('',#3699,#3698,#3293,.T.);
#4533=EDGE_CURVE('',#3650,#3699,#1917,.T.);
#4534=EDGE_CURVE('',#3700,#3649,#1918,.T.);
#4535=EDGE_CURVE('',#3701,#3700,#3294,.T.);
#4536=EDGE_CURVE('',#3702,#3701,#1919,.T.);
#4537=EDGE_CURVE('',#3703,#3702,#3295,.T.);
#4538=EDGE_CURVE('',#3704,#3703,#1920,.T.);
#4539=EDGE_CURVE('',#3705,#3704,#3296,.T.);
#4540=EDGE_CURVE('',#3656,#3705,#1921,.T.);
#4541=EDGE_CURVE('',#3706,#3706,#3297,.T.);
#4542=EDGE_CURVE('',#3682,#3705,#1922,.T.);
#4543=EDGE_CURVE('',#3683,#3704,#1923,.T.);
#4544=EDGE_CURVE('',#3684,#3703,#1924,.T.);
#4545=EDGE_CURVE('',#3685,#3702,#1925,.T.);
#4546=EDGE_CURVE('',#3686,#3701,#1926,.T.);
#4547=EDGE_CURVE('',#3687,#3700,#1927,.T.);
#4548=EDGE_CURVE('',#3688,#3699,#1928,.T.);
#4549=EDGE_CURVE('',#3689,#3698,#1929,.T.);
#4550=EDGE_CURVE('',#3690,#3697,#1930,.T.);
#4551=EDGE_CURVE('',#3691,#3696,#1931,.T.);
#4552=EDGE_CURVE('',#3692,#3695,#1932,.T.);
#4553=EDGE_CURVE('',#3675,#3707,#1933,.T.);
#4554=EDGE_CURVE('',#3707,#3707,#3298,.T.);
#4555=EDGE_CURVE('',#3708,#3647,#1934,.T.);
#4556=EDGE_CURVE('',#3709,#3708,#3299,.T.);
#4557=EDGE_CURVE('',#3710,#3709,#1935,.T.);
#4558=EDGE_CURVE('',#3711,#3710,#3300,.T.);
#4559=EDGE_CURVE('',#3712,#3711,#1936,.T.);
#4560=EDGE_CURVE('',#3713,#3712,#3301,.T.);
#4561=EDGE_CURVE('',#3642,#3713,#1937,.T.);
#4562=EDGE_CURVE('',#3714,#3641,#1938,.T.);
#4563=EDGE_CURVE('',#3715,#3714,#3302,.T.);
#4564=EDGE_CURVE('',#3716,#3715,#1939,.T.);
#4565=EDGE_CURVE('',#3717,#3716,#3303,.T.);
#4566=EDGE_CURVE('',#3718,#3717,#1940,.T.);
#4567=EDGE_CURVE('',#3719,#3718,#3304,.T.);
#4568=EDGE_CURVE('',#3648,#3719,#1941,.T.);
#4569=EDGE_CURVE('',#3720,#3645,#1942,.T.);
#4570=EDGE_CURVE('',#3708,#3720,#1943,.T.);
#4571=EDGE_CURVE('',#3721,#3720,#3305,.T.);
#4572=EDGE_CURVE('',#3709,#3721,#1944,.T.);
#4573=EDGE_CURVE('',#3722,#3721,#1945,.T.);
#4574=EDGE_CURVE('',#3710,#3722,#1946,.T.);
#4575=EDGE_CURVE('',#3723,#3722,#3306,.T.);
#4576=EDGE_CURVE('',#3711,#3723,#1947,.T.);
#4577=EDGE_CURVE('',#3724,#3723,#1948,.T.);
#4578=EDGE_CURVE('',#3712,#3724,#1949,.T.);
#4579=EDGE_CURVE('',#3725,#3724,#3307,.T.);
#4580=EDGE_CURVE('',#3713,#3725,#1950,.T.);
#4581=EDGE_CURVE('',#3643,#3725,#1951,.T.);
#4582=EDGE_CURVE('',#3726,#3644,#1952,.T.);
#4583=EDGE_CURVE('',#3714,#3726,#1953,.T.);
#4584=EDGE_CURVE('',#3727,#3726,#3308,.T.);
#4585=EDGE_CURVE('',#3715,#3727,#1954,.T.);
#4586=EDGE_CURVE('',#3728,#3727,#1955,.T.);
#4587=EDGE_CURVE('',#3716,#3728,#1956,.T.);
#4588=EDGE_CURVE('',#3729,#3728,#3309,.T.);
#4589=EDGE_CURVE('',#3717,#3729,#1957,.T.);
#4590=EDGE_CURVE('',#3730,#3729,#1958,.T.);
#4591=EDGE_CURVE('',#3718,#3730,#1959,.T.);
#4592=EDGE_CURVE('',#3731,#3730,#3310,.T.);
#4593=EDGE_CURVE('',#3719,#3731,#1960,.T.);
#4594=EDGE_CURVE('',#3646,#3731,#1961,.T.);
#4595=EDGE_CURVE('',#3706,#3640,#1962,.T.);
#4596=EDGE_CURVE('',#3732,#3733,#1963,.T.);
#4597=EDGE_CURVE('',#3734,#3732,#1964,.T.);
#4598=EDGE_CURVE('',#3735,#3734,#1965,.T.);
#4599=EDGE_CURVE('',#3733,#3735,#1966,.T.);
#4600=EDGE_CURVE('',#3736,#3736,#3311,.T.);
#4601=EDGE_CURVE('',#3737,#3737,#3312,.T.);
#4602=EDGE_CURVE('',#3738,#3738,#3313,.T.);
#4603=EDGE_CURVE('',#3739,#3739,#3314,.T.);
#4604=EDGE_CURVE('',#3732,#3740,#1967,.T.);
#4605=EDGE_CURVE('',#3741,#3740,#1968,.T.);
#4606=EDGE_CURVE('',#3734,#3741,#1969,.T.);
#4607=EDGE_CURVE('',#3733,#3742,#1970,.T.);
#4608=EDGE_CURVE('',#3740,#3742,#1971,.T.);
#4609=EDGE_CURVE('',#3743,#3744,#1972,.T.);
#4610=EDGE_CURVE('',#3743,#3745,#1973,.T.);
#4611=EDGE_CURVE('',#3745,#3746,#1974,.T.);
#4612=EDGE_CURVE('',#3744,#3746,#1975,.T.);
#4613=EDGE_CURVE('',#3747,#3743,#1976,.T.);
#4614=EDGE_CURVE('',#3747,#3748,#1977,.T.);
#4615=EDGE_CURVE('',#3748,#3745,#1978,.T.);
#4616=EDGE_CURVE('',#3749,#3747,#1979,.T.);
#4617=EDGE_CURVE('',#3749,#3750,#1980,.T.);
#4618=EDGE_CURVE('',#3750,#3748,#1981,.T.);
#4619=EDGE_CURVE('',#3751,#3749,#1982,.T.);
#4620=EDGE_CURVE('',#3751,#3752,#1983,.T.);
#4621=EDGE_CURVE('',#3752,#3750,#1984,.T.);
#4622=EDGE_CURVE('',#3753,#3751,#1985,.T.);
#4623=EDGE_CURVE('',#3753,#3754,#1986,.T.);
#4624=EDGE_CURVE('',#3754,#3752,#1987,.T.);
#4625=EDGE_CURVE('',#3744,#3753,#1988,.T.);
#4626=EDGE_CURVE('',#3746,#3754,#1989,.T.);
#4627=EDGE_CURVE('',#3755,#3755,#3315,.T.);
#4628=EDGE_CURVE('',#3756,#3757,#3316,.F.);
#4629=EDGE_CURVE('',#3756,#3758,#1990,.T.);
#4630=EDGE_CURVE('',#3758,#3759,#3317,.T.);
#4631=EDGE_CURVE('',#3759,#3757,#1991,.T.);
#4632=EDGE_CURVE('',#3760,#3759,#3318,.T.);
#4633=EDGE_CURVE('',#3761,#3760,#1992,.T.);
#4634=EDGE_CURVE('',#3757,#3761,#3319,.T.);
#4635=EDGE_CURVE('',#3761,#3762,#3320,.F.);
#4636=EDGE_CURVE('',#3760,#3763,#3321,.T.);
#4637=EDGE_CURVE('',#3763,#3762,#1993,.T.);
#4638=EDGE_CURVE('',#3764,#3763,#3322,.T.);
#4639=EDGE_CURVE('',#3765,#3764,#1994,.T.);
#4640=EDGE_CURVE('',#3762,#3765,#3323,.T.);
#4641=EDGE_CURVE('',#3766,#3765,#3324,.T.);
#4642=EDGE_CURVE('',#3767,#3764,#3325,.F.);
#4643=EDGE_CURVE('',#3767,#3768,#150,.T.);
#4644=EDGE_CURVE('',#3769,#3768,#151,.F.);
#4645=EDGE_CURVE('',#3770,#3769,#152,.F.);
#4646=EDGE_CURVE('',#3770,#3771,#1995,.T.);
#4647=EDGE_CURVE('',#3771,#3772,#153,.T.);
#4648=EDGE_CURVE('',#3766,#3772,#154,.F.);
#4649=EDGE_CURVE('',#3742,#3773,#1996,.T.);
#4650=EDGE_CURVE('',#3773,#3741,#1997,.T.);
#4651=EDGE_CURVE('',#3774,#3775,#1998,.T.);
#4652=EDGE_CURVE('',#3774,#3776,#3326,.T.);
#4653=EDGE_CURVE('',#3776,#3771,#3327,.T.);
#4654=EDGE_CURVE('',#3770,#3777,#3328,.T.);
#4655=EDGE_CURVE('',#3778,#3777,#1999,.T.);
#4656=EDGE_CURVE('',#3778,#3779,#3329,.T.);
#4657=EDGE_CURVE('',#3780,#3779,#2000,.T.);
#4658=EDGE_CURVE('',#3780,#3781,#3330,.T.);
#4659=EDGE_CURVE('',#3781,#3775,#3331,.T.);
#4660=EDGE_CURVE('',#3782,#3783,#3332,.T.);
#4661=EDGE_CURVE('',#3783,#3784,#2001,.T.);
#4662=EDGE_CURVE('',#3785,#3784,#3333,.F.);
#4663=EDGE_CURVE('',#3785,#3786,#155,.T.);
#4664=EDGE_CURVE('',#3780,#3786,#156,.F.);
#4665=EDGE_CURVE('',#3779,#3787,#157,.T.);
#4666=EDGE_CURVE('',#3787,#3788,#158,.T.);
#4667=EDGE_CURVE('',#3782,#3788,#159,.F.);
#4668=EDGE_CURVE('',#3786,#3775,#160,.F.);
#4669=EDGE_CURVE('',#3766,#3785,#2002,.T.);
#4670=EDGE_CURVE('',#3772,#3774,#161,.T.);
#4671=EDGE_CURVE('',#3782,#3767,#2003,.T.);
#4672=EDGE_CURVE('',#3788,#3778,#162,.T.);
#4673=EDGE_CURVE('',#3768,#3777,#163,.F.);
#4674=EDGE_CURVE('',#3758,#3783,#3334,.T.);
#4675=EDGE_CURVE('',#3789,#3790,#2004,.T.);
#4676=EDGE_CURVE('',#3790,#3789,#3335,.T.);
#4677=EDGE_CURVE('',#3791,#3792,#3336,.T.);
#4678=EDGE_CURVE('',#3792,#3791,#2005,.T.);
#4679=EDGE_CURVE('',#3793,#3793,#3337,.T.);
#4680=EDGE_CURVE('',#3794,#3794,#3338,.T.);
#4681=EDGE_CURVE('',#3789,#3795,#2006,.T.);
#4682=EDGE_CURVE('',#3796,#3790,#2007,.T.);
#4683=EDGE_CURVE('',#3795,#3796,#3339,.T.);
#4684=EDGE_CURVE('',#3796,#3795,#2008,.T.);
#4685=EDGE_CURVE('',#3791,#3797,#2009,.T.);
#4686=EDGE_CURVE('',#3798,#3792,#2010,.T.);
#4687=EDGE_CURVE('',#3797,#3798,#2011,.T.);
#4688=EDGE_CURVE('',#3798,#3797,#3340,.T.);
#4689=EDGE_CURVE('',#3793,#3799,#2012,.T.);
#4690=EDGE_CURVE('',#3799,#3799,#3341,.T.);
#4691=EDGE_CURVE('',#3794,#3755,#2013,.T.);
#4692=EDGE_CURVE('',#3784,#3756,#3342,.T.);
#4693=EDGE_CURVE('',#3781,#3739,#2014,.T.);
#4694=EDGE_CURVE('',#3787,#3738,#2015,.T.);
#4695=EDGE_CURVE('',#3769,#3737,#2016,.T.);
#4696=EDGE_CURVE('',#3776,#3736,#2017,.T.);
#4697=EDGE_CURVE('',#3735,#3773,#2018,.T.);
#4698=EDGE_CURVE('',#3800,#3801,#3343,.T.);
#4699=EDGE_CURVE('',#3802,#3800,#2019,.T.);
#4700=EDGE_CURVE('',#3803,#3802,#3344,.T.);
#4701=EDGE_CURVE('',#3801,#3803,#2020,.T.);
#4702=EDGE_CURVE('',#3803,#3804,#2021,.T.);
#4703=EDGE_CURVE('',#3805,#3804,#2022,.F.);
#4704=EDGE_CURVE('',#3801,#3805,#2023,.T.);
#4705=EDGE_CURVE('',#3806,#3807,#3345,.T.);
#4706=EDGE_CURVE('',#3808,#3806,#2024,.T.);
#4707=EDGE_CURVE('',#3809,#3808,#3346,.T.);
#4708=EDGE_CURVE('',#3807,#3809,#2025,.T.);
#4709=EDGE_CURVE('',#3809,#3810,#2026,.T.);
#4710=EDGE_CURVE('',#3811,#3810,#2027,.F.);
#4711=EDGE_CURVE('',#3807,#3811,#2028,.T.);
#4712=EDGE_CURVE('',#3812,#3813,#3347,.T.);
#4713=EDGE_CURVE('',#3814,#3812,#2029,.T.);
#4714=EDGE_CURVE('',#3815,#3814,#3348,.T.);
#4715=EDGE_CURVE('',#3813,#3815,#2030,.T.);
#4716=EDGE_CURVE('',#3815,#3816,#2031,.T.);
#4717=EDGE_CURVE('',#3817,#3816,#2032,.F.);
#4718=EDGE_CURVE('',#3813,#3817,#2033,.T.);
#4719=EDGE_CURVE('',#3818,#3819,#3349,.T.);
#4720=EDGE_CURVE('',#3820,#3818,#2034,.T.);
#4721=EDGE_CURVE('',#3821,#3820,#3350,.T.);
#4722=EDGE_CURVE('',#3819,#3821,#2035,.T.);
#4723=EDGE_CURVE('',#3821,#3822,#2036,.T.);
#4724=EDGE_CURVE('',#3823,#3822,#2037,.F.);
#4725=EDGE_CURVE('',#3819,#3823,#2038,.T.);
#4726=EDGE_CURVE('',#3824,#3818,#2039,.T.);
#4727=EDGE_CURVE('',#3824,#3825,#2040,.T.);
#4728=EDGE_CURVE('',#3825,#3820,#2041,.T.);
#4729=EDGE_CURVE('',#3817,#3824,#2042,.T.);
#4730=EDGE_CURVE('',#3816,#3825,#2043,.F.);
#4731=EDGE_CURVE('',#3826,#3812,#2044,.T.);
#4732=EDGE_CURVE('',#3826,#3827,#2045,.T.);
#4733=EDGE_CURVE('',#3827,#3814,#2046,.T.);
#4734=EDGE_CURVE('',#3811,#3826,#2047,.T.);
#4735=EDGE_CURVE('',#3810,#3827,#2048,.F.);
#4736=EDGE_CURVE('',#3828,#3806,#2049,.T.);
#4737=EDGE_CURVE('',#3828,#3829,#2050,.T.);
#4738=EDGE_CURVE('',#3829,#3808,#2051,.T.);
#4739=EDGE_CURVE('',#3805,#3828,#2052,.T.);
#4740=EDGE_CURVE('',#3804,#3829,#2053,.F.);
#4741=EDGE_CURVE('',#3830,#3800,#2054,.T.);
#4742=EDGE_CURVE('',#3830,#3831,#2055,.T.);
#4743=EDGE_CURVE('',#3831,#3802,#2056,.T.);
#4744=EDGE_CURVE('',#3823,#3830,#2057,.T.);
#4745=EDGE_CURVE('',#3822,#3831,#2058,.F.);
#4746=EDGE_CURVE('',#3832,#3832,#3351,.T.);
#4747=EDGE_CURVE('',#3832,#3833,#3352,.T.);
#4748=EDGE_CURVE('',#3833,#3833,#3353,.T.);
#4749=EDGE_CURVE('',#3834,#3834,#3354,.T.);
#4750=EDGE_CURVE('',#3835,#3835,#3355,.T.);
#4751=EDGE_CURVE('',#3835,#3833,#2059,.T.);
#4752=EDGE_CURVE('',#3836,#3836,#3356,.T.);
#4753=EDGE_CURVE('',#3836,#3837,#3357,.T.);
#4754=EDGE_CURVE('',#3837,#3837,#3358,.T.);
#4755=EDGE_CURVE('',#3834,#3836,#2060,.T.);
#4756=EDGE_CURVE('',#3838,#3838,#3359,.T.);
#4757=EDGE_CURVE('',#3838,#3835,#2061,.T.);
#4758=EDGE_CURVE('',#3839,#3839,#3360,.F.);
#4759=EDGE_CURVE('',#3839,#3838,#2062,.T.);
#4760=EDGE_CURVE('',#3840,#3840,#3361,.T.);
#4761=EDGE_CURVE('',#3840,#3841,#2063,.T.);
#4762=EDGE_CURVE('',#3841,#3841,#3362,.T.);
#4763=EDGE_CURVE('',#3842,#3842,#3363,.T.);
#4764=EDGE_CURVE('',#3842,#3843,#2064,.T.);
#4765=EDGE_CURVE('',#3843,#3843,#3364,.T.);
#4766=EDGE_CURVE('',#3844,#3845,#2065,.T.);
#4767=EDGE_CURVE('',#3846,#3844,#57,.T.);
#4768=EDGE_CURVE('',#3847,#3846,#2066,.T.);
#4769=EDGE_CURVE('',#3845,#3847,#58,.T.);
#4770=EDGE_CURVE('',#3848,#3846,#59,.T.);
#4771=EDGE_CURVE('',#3848,#3849,#2067,.T.);
#4772=EDGE_CURVE('',#3847,#3849,#60,.T.);
#4773=EDGE_CURVE('',#3850,#3850,#3365,.T.);
#4774=EDGE_CURVE('',#3850,#3851,#2068,.T.);
#4775=EDGE_CURVE('',#3851,#3852,#61,.T.);
#4776=EDGE_CURVE('',#3852,#3853,#62,.T.);
#4777=EDGE_CURVE('',#3853,#3848,#63,.T.);
#4778=EDGE_CURVE('',#3844,#3854,#64,.T.);
#4779=EDGE_CURVE('',#3854,#3851,#65,.T.);
#4780=EDGE_CURVE('',#3855,#3845,#66,.T.);
#4781=EDGE_CURVE('',#3854,#3855,#2069,.T.);
#4782=EDGE_CURVE('',#3856,#3855,#67,.T.);
#4783=EDGE_CURVE('',#3857,#3856,#68,.T.);
#4784=EDGE_CURVE('',#3852,#3857,#2070,.T.);
#4785=EDGE_CURVE('',#3858,#3857,#69,.T.);
#4786=EDGE_CURVE('',#3853,#3858,#2071,.T.);
#4787=EDGE_CURVE('',#3849,#3858,#70,.T.);
#4788=EDGE_CURVE('',#3859,#3859,#3366,.T.);
#4789=EDGE_CURVE('',#3856,#3859,#2072,.T.);
#4790=EDGE_CURVE('',#3840,#3843,#2073,.T.);
#4791=EDGE_CURVE('',#3860,#3861,#2074,.T.);
#4792=EDGE_CURVE('',#3862,#3861,#2075,.T.);
#4793=EDGE_CURVE('',#3862,#3863,#2076,.T.);
#4794=EDGE_CURVE('',#3863,#3860,#2077,.T.);
#4795=EDGE_CURVE('',#3861,#3864,#2078,.T.);
#4796=EDGE_CURVE('',#3865,#3864,#2079,.T.);
#4797=EDGE_CURVE('',#3865,#3862,#2080,.T.);
#4798=EDGE_CURVE('',#3864,#3866,#3367,.T.);
#4799=EDGE_CURVE('',#3866,#3867,#2081,.T.);
#4800=EDGE_CURVE('',#3867,#3865,#3368,.T.);
#4801=EDGE_CURVE('',#3866,#3868,#2082,.T.);
#4802=EDGE_CURVE('',#3869,#3868,#2083,.T.);
#4803=EDGE_CURVE('',#3869,#3867,#2084,.T.);
#4804=EDGE_CURVE('',#3868,#3870,#2085,.T.);
#4805=EDGE_CURVE('',#3871,#3870,#2086,.T.);
#4806=EDGE_CURVE('',#3871,#3869,#2087,.T.);
#4807=EDGE_CURVE('',#3870,#3872,#2088,.T.);
#4808=EDGE_CURVE('',#3873,#3872,#2089,.T.);
#4809=EDGE_CURVE('',#3873,#3871,#2090,.T.);
#4810=EDGE_CURVE('',#3872,#3874,#3369,.T.);
#4811=EDGE_CURVE('',#3874,#3875,#2091,.T.);
#4812=EDGE_CURVE('',#3875,#3873,#3370,.T.);
#4813=EDGE_CURVE('',#3876,#3877,#2092,.T.);
#4814=EDGE_CURVE('',#3878,#3877,#2093,.T.);
#4815=EDGE_CURVE('',#3879,#3878,#2094,.T.);
#4816=EDGE_CURVE('',#3876,#3879,#2095,.T.);
#4817=EDGE_CURVE('',#3874,#3876,#2096,.T.);
#4818=EDGE_CURVE('',#3879,#3875,#2097,.T.);
#4819=EDGE_CURVE('',#3880,#3881,#3371,.T.);
#4820=EDGE_CURVE('',#3880,#3882,#2098,.T.);
#4821=EDGE_CURVE('',#3883,#3882,#3372,.T.);
#4822=EDGE_CURVE('',#3883,#3881,#2099,.T.);
#4823=EDGE_CURVE('',#3860,#3883,#2100,.T.);
#4824=EDGE_CURVE('',#3882,#3884,#2101,.T.);
#4825=EDGE_CURVE('',#3884,#3885,#2102,.T.);
#4826=EDGE_CURVE('',#3885,#3886,#2103,.T.);
#4827=EDGE_CURVE('',#3886,#3887,#2104,.T.);
#4828=EDGE_CURVE('',#3888,#3887,#2105,.T.);
#4829=EDGE_CURVE('',#3888,#3877,#2106,.T.);
#4830=EDGE_CURVE('',#3888,#3889,#2107,.T.);
#4831=EDGE_CURVE('',#3890,#3887,#2108,.T.);
#4832=EDGE_CURVE('',#3889,#3890,#2109,.T.);
#4833=EDGE_CURVE('',#3878,#3889,#2110,.T.);
#4834=EDGE_CURVE('',#3890,#3891,#2111,.T.);
#4835=EDGE_CURVE('',#3891,#3892,#2112,.T.);
#4836=EDGE_CURVE('',#3892,#3893,#2113,.T.);
#4837=EDGE_CURVE('',#3880,#3893,#2114,.T.);
#4838=EDGE_CURVE('',#3863,#3881,#2115,.T.);
#4839=EDGE_CURVE('',#3884,#3893,#2116,.T.);
#4840=EDGE_CURVE('',#3892,#3885,#2117,.T.);
#4841=EDGE_CURVE('',#3886,#3891,#2118,.T.);
#4842=EDGE_CURVE('',#3894,#3894,#3373,.T.);
#4843=EDGE_CURVE('',#3895,#3895,#3374,.T.);
#4844=EDGE_CURVE('',#3896,#3896,#3375,.T.);
#4845=EDGE_CURVE('',#3897,#3897,#3376,.T.);
#4846=EDGE_CURVE('',#3898,#3899,#3377,.T.);
#4847=EDGE_CURVE('',#3899,#3898,#3378,.T.);
#4848=EDGE_CURVE('',#3899,#3896,#2119,.T.);
#4849=EDGE_CURVE('',#3900,#3898,#2120,.T.);
#4850=EDGE_CURVE('',#3901,#3902,#3379,.T.);
#4851=EDGE_CURVE('',#3902,#3901,#3380,.T.);
#4852=EDGE_CURVE('',#3902,#3897,#2121,.T.);
#4853=EDGE_CURVE('',#3903,#3901,#2122,.T.);
#4854=EDGE_CURVE('',#3904,#3905,#3381,.T.);
#4855=EDGE_CURVE('',#3905,#3904,#3382,.T.);
#4856=EDGE_CURVE('',#3905,#3895,#2123,.T.);
#4857=EDGE_CURVE('',#3906,#3904,#2124,.T.);
#4858=EDGE_CURVE('',#3907,#3908,#3383,.T.);
#4859=EDGE_CURVE('',#3908,#3907,#3384,.T.);
#4860=EDGE_CURVE('',#3908,#3894,#2125,.T.);
#4861=EDGE_CURVE('',#3909,#3907,#2126,.T.);
#4862=EDGE_CURVE('',#3910,#3910,#3385,.T.);
#4863=EDGE_CURVE('',#3910,#3911,#2127,.T.);
#4864=EDGE_CURVE('',#3911,#3911,#3386,.T.);
#4865=EDGE_CURVE('',#3912,#3912,#3387,.T.);
#4866=EDGE_CURVE('',#3912,#3913,#2128,.T.);
#4867=EDGE_CURVE('',#3913,#3913,#3388,.T.);
#4868=EDGE_CURVE('',#3914,#3915,#3389,.T.);
#4869=EDGE_CURVE('',#3914,#3916,#2129,.T.);
#4870=EDGE_CURVE('',#3917,#3916,#3390,.T.);
#4871=EDGE_CURVE('',#3917,#3915,#2130,.T.);
#4872=EDGE_CURVE('',#3918,#3918,#3391,.T.);
#4873=EDGE_CURVE('',#3918,#3919,#2131,.T.);
#4874=EDGE_CURVE('',#3919,#3919,#3392,.T.);
#4875=EDGE_CURVE('',#3920,#3921,#3393,.T.);
#4876=EDGE_CURVE('',#3920,#3922,#2132,.T.);
#4877=EDGE_CURVE('',#3923,#3922,#3394,.T.);
#4878=EDGE_CURVE('',#3923,#3921,#2133,.T.);
#4879=EDGE_CURVE('',#3924,#3925,#2134,.T.);
#4880=EDGE_CURVE('',#3926,#3924,#2135,.T.);
#4881=EDGE_CURVE('',#3927,#3926,#2136,.T.);
#4882=EDGE_CURVE('',#3927,#3928,#3395,.T.);
#4883=EDGE_CURVE('',#3928,#3929,#3396,.T.);
#4884=EDGE_CURVE('',#3930,#3929,#2137,.T.);
#4885=EDGE_CURVE('',#3930,#3931,#3397,.T.);
#4886=EDGE_CURVE('',#3931,#3932,#3398,.T.);
#4887=EDGE_CURVE('',#3933,#3932,#2138,.T.);
#4888=EDGE_CURVE('',#3933,#3934,#3399,.T.);
#4889=EDGE_CURVE('',#3934,#3935,#3400,.T.);
#4890=EDGE_CURVE('',#3936,#3935,#2139,.T.);
#4891=EDGE_CURVE('',#3936,#3925,#2140,.T.);
#4892=EDGE_CURVE('',#3937,#3921,#2141,.T.);
#4893=EDGE_CURVE('',#3937,#3925,#2142,.T.);
#4894=EDGE_CURVE('',#3936,#3938,#3401,.T.);
#4895=EDGE_CURVE('',#3939,#3938,#2143,.T.);
#4896=EDGE_CURVE('',#3939,#3940,#2144,.T.);
#4897=EDGE_CURVE('',#3917,#3940,#2145,.T.);
#4898=EDGE_CURVE('',#3941,#3916,#2146,.T.);
#4899=EDGE_CURVE('',#3941,#3942,#2147,.T.);
#4900=EDGE_CURVE('',#3943,#3942,#2148,.T.);
#4901=EDGE_CURVE('',#3943,#3944,#2149,.T.);
#4902=EDGE_CURVE('',#3920,#3944,#2150,.T.);
#4903=EDGE_CURVE('',#3922,#3945,#2151,.T.);
#4904=EDGE_CURVE('',#3945,#3946,#2152,.T.);
#4905=EDGE_CURVE('',#3946,#3947,#2153,.T.);
#4906=EDGE_CURVE('',#3947,#3948,#2154,.T.);
#4907=EDGE_CURVE('',#3948,#3914,#2155,.T.);
#4908=EDGE_CURVE('',#3915,#3949,#2156,.T.);
#4909=EDGE_CURVE('',#3949,#3950,#2157,.T.);
#4910=EDGE_CURVE('',#3950,#3951,#2158,.T.);
#4911=EDGE_CURVE('',#3951,#3926,#3402,.T.);
#4912=EDGE_CURVE('',#3924,#3952,#2159,.T.);
#4913=EDGE_CURVE('',#3952,#3923,#2160,.T.);
#4914=EDGE_CURVE('',#3937,#3952,#2161,.T.);
#4915=EDGE_CURVE('',#3927,#3929,#164,.T.);
#4916=EDGE_CURVE('',#3951,#3938,#2162,.T.);
#4917=EDGE_CURVE('',#3933,#3935,#165,.T.);
#4918=EDGE_CURVE('',#3930,#3932,#166,.T.);
#4919=EDGE_CURVE('',#3931,#3953,#2163,.T.);
#4920=EDGE_CURVE('',#3953,#3953,#3403,.T.);
#4921=EDGE_CURVE('',#3954,#3954,#3404,.T.);
#4922=EDGE_CURVE('',#3955,#3955,#3405,.T.);
#4923=EDGE_CURVE('',#3943,#3946,#2164,.T.);
#4924=EDGE_CURVE('',#3947,#3942,#2165,.T.);
#4925=EDGE_CURVE('',#3941,#3948,#2166,.T.);
#4926=EDGE_CURVE('',#3949,#3940,#2167,.T.);
#4927=EDGE_CURVE('',#3939,#3950,#2168,.T.);
#4928=EDGE_CURVE('',#3945,#3944,#2169,.T.);
#4929=EDGE_CURVE('',#3934,#3955,#2170,.T.);
#4930=EDGE_CURVE('',#3928,#3954,#2171,.T.);
#4931=EDGE_CURVE('',#3956,#3957,#3406,.T.);
#4932=EDGE_CURVE('',#3958,#3956,#2172,.T.);
#4933=EDGE_CURVE('',#3959,#3958,#3407,.T.);
#4934=EDGE_CURVE('',#3957,#3959,#2173,.T.);
#4935=EDGE_CURVE('',#3959,#3960,#2174,.T.);
#4936=EDGE_CURVE('',#3961,#3960,#2175,.F.);
#4937=EDGE_CURVE('',#3957,#3961,#2176,.T.);
#4938=EDGE_CURVE('',#3962,#3963,#3408,.T.);
#4939=EDGE_CURVE('',#3964,#3962,#2177,.T.);
#4940=EDGE_CURVE('',#3965,#3964,#3409,.T.);
#4941=EDGE_CURVE('',#3963,#3965,#2178,.T.);
#4942=EDGE_CURVE('',#3965,#3966,#2179,.T.);
#4943=EDGE_CURVE('',#3967,#3966,#2180,.F.);
#4944=EDGE_CURVE('',#3963,#3967,#2181,.T.);
#4945=EDGE_CURVE('',#3968,#3969,#3410,.T.);
#4946=EDGE_CURVE('',#3970,#3968,#2182,.T.);
#4947=EDGE_CURVE('',#3971,#3970,#3411,.T.);
#4948=EDGE_CURVE('',#3969,#3971,#2183,.T.);
#4949=EDGE_CURVE('',#3971,#3972,#2184,.T.);
#4950=EDGE_CURVE('',#3973,#3972,#2185,.F.);
#4951=EDGE_CURVE('',#3969,#3973,#2186,.T.);
#4952=EDGE_CURVE('',#3974,#3975,#3412,.T.);
#4953=EDGE_CURVE('',#3976,#3974,#2187,.T.);
#4954=EDGE_CURVE('',#3977,#3976,#3413,.T.);
#4955=EDGE_CURVE('',#3975,#3977,#2188,.T.);
#4956=EDGE_CURVE('',#3977,#3978,#2189,.T.);
#4957=EDGE_CURVE('',#3979,#3978,#2190,.F.);
#4958=EDGE_CURVE('',#3975,#3979,#2191,.T.);
#4959=EDGE_CURVE('',#3980,#3974,#2192,.T.);
#4960=EDGE_CURVE('',#3980,#3981,#2193,.T.);
#4961=EDGE_CURVE('',#3981,#3976,#2194,.T.);
#4962=EDGE_CURVE('',#3973,#3980,#2195,.T.);
#4963=EDGE_CURVE('',#3972,#3981,#2196,.F.);
#4964=EDGE_CURVE('',#3982,#3968,#2197,.T.);
#4965=EDGE_CURVE('',#3982,#3983,#2198,.T.);
#4966=EDGE_CURVE('',#3983,#3970,#2199,.T.);
#4967=EDGE_CURVE('',#3967,#3982,#2200,.T.);
#4968=EDGE_CURVE('',#3966,#3983,#2201,.F.);
#4969=EDGE_CURVE('',#3984,#3962,#2202,.T.);
#4970=EDGE_CURVE('',#3984,#3985,#2203,.T.);
#4971=EDGE_CURVE('',#3985,#3964,#2204,.T.);
#4972=EDGE_CURVE('',#3961,#3984,#2205,.T.);
#4973=EDGE_CURVE('',#3960,#3985,#2206,.F.);
#4974=EDGE_CURVE('',#3986,#3956,#2207,.T.);
#4975=EDGE_CURVE('',#3986,#3987,#2208,.T.);
#4976=EDGE_CURVE('',#3987,#3958,#2209,.T.);
#4977=EDGE_CURVE('',#3979,#3986,#2210,.T.);
#4978=EDGE_CURVE('',#3978,#3987,#2211,.F.);
#4979=EDGE_CURVE('',#3988,#3988,#3414,.T.);
#4980=EDGE_CURVE('',#3988,#3989,#3415,.T.);
#4981=EDGE_CURVE('',#3989,#3989,#3416,.T.);
#4982=EDGE_CURVE('',#3990,#3990,#3417,.T.);
#4983=EDGE_CURVE('',#3991,#3991,#3418,.T.);
#4984=EDGE_CURVE('',#3991,#3989,#2212,.T.);
#4985=EDGE_CURVE('',#3992,#3992,#3419,.T.);
#4986=EDGE_CURVE('',#3992,#3993,#3420,.T.);
#4987=EDGE_CURVE('',#3993,#3993,#3421,.T.);
#4988=EDGE_CURVE('',#3990,#3992,#2213,.T.);
#4989=EDGE_CURVE('',#3994,#3994,#3422,.T.);
#4990=EDGE_CURVE('',#3994,#3991,#2214,.T.);
#4991=EDGE_CURVE('',#3995,#3995,#3423,.F.);
#4992=EDGE_CURVE('',#3995,#3994,#2215,.T.);
#4993=EDGE_CURVE('',#3996,#3997,#41,.F.);
#4994=EDGE_CURVE('',#3997,#3998,#3424,.F.);
#4995=EDGE_CURVE('',#3999,#3998,#42,.T.);
#4996=EDGE_CURVE('',#4000,#3999,#2216,.T.);
#4997=EDGE_CURVE('',#4001,#4000,#3425,.T.);
#4998=EDGE_CURVE('',#3996,#4001,#2217,.T.);
#4999=EDGE_CURVE('',#4002,#3999,#2218,.F.);
#5000=EDGE_CURVE('',#4000,#4002,#2219,.T.);
#5001=EDGE_CURVE('',#4003,#4004,#43,.F.);
#5002=EDGE_CURVE('',#4004,#4005,#3426,.F.);
#5003=EDGE_CURVE('',#4006,#4005,#44,.T.);
#5004=EDGE_CURVE('',#4007,#4006,#2220,.T.);
#5005=EDGE_CURVE('',#4008,#4007,#3427,.T.);
#5006=EDGE_CURVE('',#4003,#4008,#2221,.T.);
#5007=EDGE_CURVE('',#4009,#4006,#2222,.F.);
#5008=EDGE_CURVE('',#4007,#4009,#2223,.T.);
#5009=EDGE_CURVE('',#4010,#4011,#45,.F.);
#5010=EDGE_CURVE('',#4011,#4012,#3428,.F.);
#5011=EDGE_CURVE('',#4013,#4012,#46,.T.);
#5012=EDGE_CURVE('',#4014,#4013,#2224,.T.);
#5013=EDGE_CURVE('',#4015,#4014,#3429,.T.);
#5014=EDGE_CURVE('',#4010,#4015,#2225,.T.);
#5015=EDGE_CURVE('',#4016,#4013,#2226,.F.);
#5016=EDGE_CURVE('',#4014,#4016,#2227,.T.);
#5017=EDGE_CURVE('',#4017,#4018,#47,.F.);
#5018=EDGE_CURVE('',#4018,#4019,#3430,.F.);
#5019=EDGE_CURVE('',#4020,#4019,#48,.T.);
#5020=EDGE_CURVE('',#4021,#4020,#2228,.T.);
#5021=EDGE_CURVE('',#4022,#4021,#3431,.T.);
#5022=EDGE_CURVE('',#4017,#4022,#2229,.T.);
#5023=EDGE_CURVE('',#4023,#4020,#2230,.F.);
#5024=EDGE_CURVE('',#4021,#4023,#2231,.T.);
#5025=EDGE_CURVE('',#4024,#4022,#2232,.T.);
#5026=EDGE_CURVE('',#4024,#4017,#2233,.T.);
#5027=EDGE_CURVE('',#4016,#4024,#2234,.T.);
#5028=EDGE_CURVE('',#4012,#4018,#2235,.F.);
#5029=EDGE_CURVE('',#4025,#4015,#2236,.T.);
#5030=EDGE_CURVE('',#4025,#4010,#2237,.T.);
#5031=EDGE_CURVE('',#4009,#4025,#2238,.T.);
#5032=EDGE_CURVE('',#4005,#4011,#2239,.F.);
#5033=EDGE_CURVE('',#4026,#4008,#2240,.T.);
#5034=EDGE_CURVE('',#4026,#4003,#2241,.T.);
#5035=EDGE_CURVE('',#4002,#4026,#2242,.T.);
#5036=EDGE_CURVE('',#3998,#4004,#2243,.F.);
#5037=EDGE_CURVE('',#4027,#4001,#2244,.T.);
#5038=EDGE_CURVE('',#4027,#3996,#2245,.T.);
#5039=EDGE_CURVE('',#4023,#4027,#2246,.T.);
#5040=EDGE_CURVE('',#4019,#3997,#2247,.F.);
#5041=EDGE_CURVE('',#4028,#4028,#3432,.T.);
#5042=EDGE_CURVE('',#4028,#4029,#3433,.T.);
#5043=EDGE_CURVE('',#4029,#4029,#3434,.T.);
#5044=EDGE_CURVE('',#4030,#4030,#3435,.T.);
#5045=EDGE_CURVE('',#4031,#4031,#3436,.T.);
#5046=EDGE_CURVE('',#4031,#4029,#2248,.T.);
#5047=EDGE_CURVE('',#4032,#4032,#3437,.T.);
#5048=EDGE_CURVE('',#4032,#4033,#3438,.T.);
#5049=EDGE_CURVE('',#4033,#4033,#3439,.T.);
#5050=EDGE_CURVE('',#4030,#4032,#2249,.T.);
#5051=EDGE_CURVE('',#4034,#4034,#3440,.T.);
#5052=EDGE_CURVE('',#4034,#4031,#2250,.T.);
#5053=EDGE_CURVE('',#4035,#4035,#3441,.F.);
#5054=EDGE_CURVE('',#4035,#4034,#2251,.T.);
#5055=EDGE_CURVE('',#4036,#4037,#2252,.T.);
#5056=EDGE_CURVE('',#4038,#4036,#71,.T.);
#5057=EDGE_CURVE('',#4039,#4038,#2253,.T.);
#5058=EDGE_CURVE('',#4037,#4039,#3442,.T.);
#5059=EDGE_CURVE('',#4040,#4038,#72,.T.);
#5060=EDGE_CURVE('',#4040,#4041,#2254,.T.);
#5061=EDGE_CURVE('',#4042,#4041,#3443,.T.);
#5062=EDGE_CURVE('',#4039,#4042,#3444,.T.);
#5063=EDGE_CURVE('',#4043,#4043,#3445,.T.);
#5064=EDGE_CURVE('',#4043,#4044,#2255,.T.);
#5065=EDGE_CURVE('',#4044,#4045,#73,.T.);
#5066=EDGE_CURVE('',#4045,#4046,#74,.T.);
#5067=EDGE_CURVE('',#4046,#4040,#75,.T.);
#5068=EDGE_CURVE('',#4036,#4047,#76,.T.);
#5069=EDGE_CURVE('',#4047,#4044,#77,.T.);
#5070=EDGE_CURVE('',#4048,#4037,#3446,.T.);
#5071=EDGE_CURVE('',#4047,#4048,#2256,.T.);
#5072=EDGE_CURVE('',#4049,#4048,#3447,.T.);
#5073=EDGE_CURVE('',#4045,#4049,#2257,.T.);
#5074=EDGE_CURVE('',#4050,#4049,#3448,.T.);
#5075=EDGE_CURVE('',#4046,#4050,#2258,.T.);
#5076=EDGE_CURVE('',#4041,#4050,#3449,.T.);
#5077=EDGE_CURVE('',#4051,#4042,#3450,.T.);
#5078=EDGE_CURVE('',#4052,#4052,#3451,.T.);
#5079=EDGE_CURVE('',#4052,#4053,#2259,.T.);
#5080=EDGE_CURVE('',#4053,#4053,#3452,.T.);
#5081=EDGE_CURVE('',#4053,#4054,#2260,.T.);
#5082=EDGE_CURVE('',#4055,#4056,#3453,.T.);
#5083=EDGE_CURVE('',#4056,#4057,#2261,.T.);
#5084=EDGE_CURVE('',#4057,#4058,#3454,.T.);
#5085=EDGE_CURVE('',#4058,#4055,#2262,.T.);
#5086=EDGE_CURVE('',#4056,#4059,#3455,.T.);
#5087=EDGE_CURVE('',#4060,#4059,#2263,.T.);
#5088=EDGE_CURVE('',#4057,#4060,#3456,.T.);
#5089=EDGE_CURVE('',#4059,#4061,#3457,.T.);
#5090=EDGE_CURVE('',#4061,#4062,#2264,.T.);
#5091=EDGE_CURVE('',#4062,#4060,#3458,.T.);
#5092=EDGE_CURVE('',#4061,#4063,#2265,.T.);
#5093=EDGE_CURVE('',#4063,#4064,#2266,.T.);
#5094=EDGE_CURVE('',#4062,#4064,#2267,.T.);
#5095=EDGE_CURVE('',#4065,#4066,#3459,.T.);
#5096=EDGE_CURVE('',#4066,#4067,#2268,.T.);
#5097=EDGE_CURVE('',#4067,#4068,#3460,.T.);
#5098=EDGE_CURVE('',#4068,#4065,#2269,.T.);
#5099=EDGE_CURVE('',#4066,#4069,#2270,.T.);
#5100=EDGE_CURVE('',#4069,#4070,#2271,.T.);
#5101=EDGE_CURVE('',#4067,#4070,#2272,.T.);
#5102=EDGE_CURVE('',#4071,#4072,#3461,.T.);
#5103=EDGE_CURVE('',#4072,#4073,#2273,.T.);
#5104=EDGE_CURVE('',#4073,#4074,#3462,.T.);
#5105=EDGE_CURVE('',#4074,#4071,#2274,.T.);
#5106=EDGE_CURVE('',#4073,#4068,#3463,.T.);
#5107=EDGE_CURVE('',#4072,#4065,#3464,.T.);
#5108=EDGE_CURVE('',#4075,#4076,#2275,.T.);
#5109=EDGE_CURVE('',#4075,#4077,#2276,.T.);
#5110=EDGE_CURVE('',#4077,#4078,#2277,.T.);
#5111=EDGE_CURVE('',#4076,#4078,#2278,.T.);
#5112=EDGE_CURVE('',#4079,#4075,#2279,.T.);
#5113=EDGE_CURVE('',#4079,#4080,#2280,.T.);
#5114=EDGE_CURVE('',#4080,#4077,#2281,.T.);
#5115=EDGE_CURVE('',#4081,#4079,#2282,.T.);
#5116=EDGE_CURVE('',#4081,#4082,#2283,.T.);
#5117=EDGE_CURVE('',#4082,#4080,#2284,.T.);
#5118=EDGE_CURVE('',#4083,#4081,#2285,.T.);
#5119=EDGE_CURVE('',#4083,#4084,#2286,.T.);
#5120=EDGE_CURVE('',#4084,#4082,#2287,.T.);
#5121=EDGE_CURVE('',#4085,#4083,#2288,.T.);
#5122=EDGE_CURVE('',#4085,#4086,#2289,.T.);
#5123=EDGE_CURVE('',#4086,#4084,#2290,.T.);
#5124=EDGE_CURVE('',#4076,#4085,#2291,.T.);
#5125=EDGE_CURVE('',#4078,#4086,#2292,.T.);
#5126=EDGE_CURVE('',#4087,#4087,#3465,.T.);
#5127=EDGE_CURVE('',#4088,#4088,#3466,.T.);
#5128=EDGE_CURVE('',#4088,#4087,#2293,.T.);
#5129=EDGE_CURVE('',#4089,#4089,#3467,.T.);
#5130=EDGE_CURVE('',#4089,#4090,#2294,.T.);
#5131=EDGE_CURVE('',#4090,#4090,#3468,.T.);
#5132=EDGE_CURVE('',#4091,#4091,#3469,.T.);
#5133=EDGE_CURVE('',#4091,#4092,#2295,.T.);
#5134=EDGE_CURVE('',#4092,#4092,#3470,.T.);
#5135=EDGE_CURVE('',#4093,#4074,#2296,.T.);
#5136=EDGE_CURVE('',#4094,#4093,#2297,.T.);
#5137=EDGE_CURVE('',#4094,#4071,#2298,.T.);
#5138=EDGE_CURVE('',#4063,#4094,#3471,.T.);
#5139=EDGE_CURVE('',#4064,#4093,#3472,.T.);
#5140=EDGE_CURVE('',#4095,#4058,#2299,.T.);
#5141=EDGE_CURVE('',#4096,#4095,#2300,.T.);
#5142=EDGE_CURVE('',#4096,#4055,#2301,.T.);
#5143=EDGE_CURVE('',#4069,#4096,#3473,.T.);
#5144=EDGE_CURVE('',#4070,#4095,#3474,.T.);
#5145=EDGE_CURVE('',#4097,#4098,#167,.T.);
#5146=EDGE_CURVE('',#4098,#4099,#2302,.T.);
#5147=EDGE_CURVE('',#4099,#4100,#3475,.T.);
#5148=EDGE_CURVE('',#4100,#4097,#2303,.T.);
#5149=EDGE_CURVE('',#4101,#4098,#3476,.T.);
#5150=EDGE_CURVE('',#4102,#4101,#2304,.T.);
#5151=EDGE_CURVE('',#4103,#4102,#3477,.T.);
#5152=EDGE_CURVE('',#4104,#4103,#2305,.T.);
#5153=EDGE_CURVE('',#4105,#4104,#3478,.T.);
#5154=EDGE_CURVE('',#4106,#4105,#2306,.T.);
#5155=EDGE_CURVE('',#4107,#4106,#3479,.T.);
#5156=EDGE_CURVE('',#4107,#4108,#2307,.T.);
#5157=EDGE_CURVE('',#4108,#4108,#3480,.T.);
#5158=EDGE_CURVE('',#4099,#4107,#3481,.T.);
#5159=EDGE_CURVE('',#4105,#4109,#168,.T.);
#5160=EDGE_CURVE('',#4109,#4110,#2308,.T.);
#5161=EDGE_CURVE('',#4110,#4106,#3482,.T.);
#5162=EDGE_CURVE('',#4109,#4111,#2309,.T.);
#5163=EDGE_CURVE('',#4111,#4112,#2310,.T.);
#5164=EDGE_CURVE('',#4110,#4112,#2311,.T.);
#5165=EDGE_CURVE('',#4101,#4113,#169,.T.);
#5166=EDGE_CURVE('',#4113,#4114,#2312,.T.);
#5167=EDGE_CURVE('',#4114,#4102,#3483,.T.);
#5168=EDGE_CURVE('',#4113,#4115,#2313,.T.);
#5169=EDGE_CURVE('',#4115,#4116,#2314,.T.);
#5170=EDGE_CURVE('',#4114,#4116,#2315,.T.);
#5171=EDGE_CURVE('',#4117,#4104,#170,.T.);
#5172=EDGE_CURVE('',#4103,#4118,#3484,.T.);
#5173=EDGE_CURVE('',#4118,#4117,#2316,.T.);
#5174=EDGE_CURVE('',#4097,#4113,#3485,.T.);
#5175=EDGE_CURVE('',#4117,#4109,#3486,.T.);
#5176=EDGE_CURVE('',#4119,#4120,#3487,.T.);
#5177=EDGE_CURVE('',#4120,#4119,#2317,.T.);
#5178=EDGE_CURVE('',#4121,#4117,#2318,.T.);
#5179=EDGE_CURVE('',#4111,#4121,#3488,.T.);
#5180=EDGE_CURVE('',#4122,#4122,#3489,.T.);
#5181=EDGE_CURVE('',#4123,#4097,#2319,.T.);
#5182=EDGE_CURVE('',#4115,#4123,#3490,.T.);
#5183=EDGE_CURVE('',#4124,#4124,#3491,.T.);
#5184=EDGE_CURVE('',#4125,#4125,#3492,.T.);
#5185=EDGE_CURVE('',#4125,#4122,#2320,.T.);
#5186=EDGE_CURVE('',#4126,#4126,#3493,.T.);
#5187=EDGE_CURVE('',#4126,#4124,#2321,.T.);
#5188=EDGE_CURVE('',#4127,#4120,#2322,.T.);
#5189=EDGE_CURVE('',#4128,#4127,#2323,.T.);
#5190=EDGE_CURVE('',#4119,#4128,#2324,.T.);
#5191=EDGE_CURVE('',#4127,#4128,#3494,.T.);
#5192=EDGE_CURVE('',#4129,#4118,#2325,.T.);
#5193=EDGE_CURVE('',#4121,#4129,#2326,.T.);
#5194=EDGE_CURVE('',#4112,#4129,#3495,.T.);
#5195=EDGE_CURVE('',#4130,#4100,#2327,.T.);
#5196=EDGE_CURVE('',#4123,#4130,#2328,.T.);
#5197=EDGE_CURVE('',#4116,#4130,#3496,.T.);
#5198=EDGE_CURVE('',#4131,#4132,#2329,.T.);
#5199=EDGE_CURVE('',#4131,#4133,#2330,.T.);
#5200=EDGE_CURVE('',#4133,#4134,#2331,.T.);
#5201=EDGE_CURVE('',#4132,#4134,#2332,.T.);
#5202=EDGE_CURVE('',#4135,#4131,#2333,.T.);
#5203=EDGE_CURVE('',#4135,#4136,#2334,.T.);
#5204=EDGE_CURVE('',#4136,#4133,#2335,.T.);
#5205=EDGE_CURVE('',#4137,#4135,#2336,.T.);
#5206=EDGE_CURVE('',#4137,#4138,#2337,.T.);
#5207=EDGE_CURVE('',#4138,#4136,#2338,.T.);
#5208=EDGE_CURVE('',#4139,#4137,#2339,.T.);
#5209=EDGE_CURVE('',#4139,#4140,#2340,.T.);
#5210=EDGE_CURVE('',#4140,#4138,#2341,.T.);
#5211=EDGE_CURVE('',#4141,#4139,#2342,.T.);
#5212=EDGE_CURVE('',#4141,#4142,#2343,.T.);
#5213=EDGE_CURVE('',#4142,#4140,#2344,.T.);
#5214=EDGE_CURVE('',#4132,#4141,#2345,.T.);
#5215=EDGE_CURVE('',#4134,#4142,#2346,.T.);
#5216=EDGE_CURVE('',#4143,#4143,#3497,.T.);
#5217=EDGE_CURVE('',#4144,#4145,#2347,.T.);
#5218=EDGE_CURVE('',#4144,#4146,#2348,.T.);
#5219=EDGE_CURVE('',#4146,#4147,#2349,.T.);
#5220=EDGE_CURVE('',#4145,#4147,#2350,.T.);
#5221=EDGE_CURVE('',#4148,#4144,#2351,.T.);
#5222=EDGE_CURVE('',#4148,#4149,#2352,.T.);
#5223=EDGE_CURVE('',#4149,#4146,#2353,.T.);
#5224=EDGE_CURVE('',#4150,#4148,#2354,.T.);
#5225=EDGE_CURVE('',#4150,#4151,#2355,.T.);
#5226=EDGE_CURVE('',#4151,#4149,#2356,.T.);
#5227=EDGE_CURVE('',#4152,#4150,#2357,.T.);
#5228=EDGE_CURVE('',#4152,#4153,#2358,.T.);
#5229=EDGE_CURVE('',#4153,#4151,#2359,.T.);
#5230=EDGE_CURVE('',#4154,#4152,#2360,.T.);
#5231=EDGE_CURVE('',#4154,#4155,#2361,.T.);
#5232=EDGE_CURVE('',#4155,#4153,#2362,.T.);
#5233=EDGE_CURVE('',#4145,#4154,#2363,.T.);
#5234=EDGE_CURVE('',#4147,#4155,#2364,.T.);
#5235=EDGE_CURVE('',#4156,#4156,#3498,.T.);
#5236=EDGE_CURVE('',#4157,#4158,#171,.T.);
#5237=EDGE_CURVE('',#4158,#4159,#172,.T.);
#5238=EDGE_CURVE('',#4159,#4160,#173,.T.);
#5239=EDGE_CURVE('',#4160,#4157,#174,.T.);
#5240=EDGE_CURVE('',#4161,#4160,#2365,.T.);
#5241=EDGE_CURVE('',#4162,#4161,#2366,.T.);
#5242=EDGE_CURVE('',#4157,#4162,#2367,.T.);
#5243=EDGE_CURVE('',#4159,#4163,#175,.T.);
#5244=EDGE_CURVE('',#4164,#4163,#2368,.T.);
#5245=EDGE_CURVE('',#4165,#4164,#176,.T.);
#5246=EDGE_CURVE('',#4166,#4165,#2369,.T.);
#5247=EDGE_CURVE('',#4166,#4167,#177,.T.);
#5248=EDGE_CURVE('',#4168,#4167,#2370,.T.);
#5249=EDGE_CURVE('',#4169,#4168,#178,.T.);
#5250=EDGE_CURVE('',#4170,#4169,#2371,.T.);
#5251=EDGE_CURVE('',#4170,#4171,#179,.T.);
#5252=EDGE_CURVE('',#4172,#4171,#2372,.T.);
#5253=EDGE_CURVE('',#4173,#4172,#180,.T.);
#5254=EDGE_CURVE('',#4174,#4173,#181,.T.);
#5255=EDGE_CURVE('',#4175,#4174,#2373,.T.);
#5256=EDGE_CURVE('',#4175,#4176,#182,.T.);
#5257=EDGE_CURVE('',#4177,#4176,#183,.T.);
#5258=EDGE_CURVE('',#4177,#4178,#2374,.T.);
#5259=EDGE_CURVE('',#4179,#4178,#3499,.T.);
#5260=EDGE_CURVE('',#4179,#4180,#2375,.T.);
#5261=EDGE_CURVE('',#4180,#4181,#3500,.T.);
#5262=EDGE_CURVE('',#4181,#4182,#2376,.T.);
#5263=EDGE_CURVE('',#4161,#4182,#3501,.T.);
#5264=EDGE_CURVE('',#4182,#4183,#2377,.T.);
#5265=EDGE_CURVE('',#4183,#4162,#3502,.T.);
#5266=EDGE_CURVE('',#4184,#4181,#2378,.T.);
#5267=EDGE_CURVE('',#4183,#4184,#2379,.T.);
#5268=EDGE_CURVE('',#4185,#4186,#184,.T.);
#5269=EDGE_CURVE('',#4186,#4187,#185,.T.);
#5270=EDGE_CURVE('',#4187,#4188,#186,.T.);
#5271=EDGE_CURVE('',#4188,#4185,#187,.T.);
#5272=EDGE_CURVE('',#4189,#4188,#2380,.T.);
#5273=EDGE_CURVE('',#4190,#4189,#2381,.T.);
#5274=EDGE_CURVE('',#4185,#4190,#2382,.T.);
#5275=EDGE_CURVE('',#4191,#4187,#188,.T.);
#5276=EDGE_CURVE('',#4192,#4191,#189,.T.);
#5277=EDGE_CURVE('',#4193,#4192,#190,.T.);
#5278=EDGE_CURVE('',#4193,#4194,#2383,.T.);
#5279=EDGE_CURVE('',#4194,#4189,#3503,.T.);
#5280=EDGE_CURVE('',#4195,#4195,#3504,.T.);
#5281=EDGE_CURVE('',#4196,#4196,#3505,.T.);
#5282=EDGE_CURVE('',#4192,#4197,#191,.T.);
#5283=EDGE_CURVE('',#4197,#4198,#192,.T.);
#5284=EDGE_CURVE('',#4198,#4193,#193,.T.);
#5285=EDGE_CURVE('',#4199,#4198,#2384,.T.);
#5286=EDGE_CURVE('',#4199,#4194,#2385,.T.);
#5287=EDGE_CURVE('',#4176,#4200,#194,.T.);
#5288=EDGE_CURVE('',#4200,#4201,#195,.T.);
#5289=EDGE_CURVE('',#4201,#4177,#196,.T.);
#5290=EDGE_CURVE('',#4202,#4201,#2386,.T.);
#5291=EDGE_CURVE('',#4178,#4202,#2387,.T.);
#5292=EDGE_CURVE('',#4202,#4203,#3506,.T.);
#5293=EDGE_CURVE('',#4203,#4179,#2388,.T.);
#5294=EDGE_CURVE('',#4204,#4203,#2389,.T.);
#5295=EDGE_CURVE('',#4180,#4204,#2390,.T.);
#5296=EDGE_CURVE('',#4175,#4205,#2391,.T.);
#5297=EDGE_CURVE('',#4200,#4205,#197,.T.);
#5298=EDGE_CURVE('',#4206,#4158,#198,.T.);
#5299=EDGE_CURVE('',#4163,#4206,#2392,.T.);
#5300=EDGE_CURVE('',#4184,#4204,#3507,.T.);
#5301=EDGE_CURVE('',#4205,#4207,#199,.T.);
#5302=EDGE_CURVE('',#4208,#4207,#2393,.T.);
#5303=EDGE_CURVE('',#4208,#4209,#3508,.T.);
#5304=EDGE_CURVE('',#4209,#4210,#2394,.T.);
#5305=EDGE_CURVE('',#4210,#4211,#200,.T.);
#5306=EDGE_CURVE('',#4211,#4212,#201,.T.);
#5307=EDGE_CURVE('',#4212,#4213,#202,.T.);
#5308=EDGE_CURVE('',#4214,#4213,#2395,.T.);
#5309=EDGE_CURVE('',#4214,#4215,#3509,.T.);
#5310=EDGE_CURVE('',#4215,#4216,#2396,.T.);
#5311=EDGE_CURVE('',#4216,#4206,#203,.T.);
#5312=EDGE_CURVE('',#4217,#4217,#3510,.T.);
#5313=EDGE_CURVE('',#4218,#4218,#3511,.T.);
#5314=EDGE_CURVE('',#4219,#4186,#204,.T.);
#5315=EDGE_CURVE('',#4220,#4219,#205,.T.);
#5316=EDGE_CURVE('',#4191,#4220,#2397,.T.);
#5317=EDGE_CURVE('',#4221,#4167,#206,.T.);
#5318=EDGE_CURVE('',#4168,#4221,#207,.T.);
#5319=EDGE_CURVE('',#4222,#4165,#208,.T.);
#5320=EDGE_CURVE('',#4166,#4222,#209,.T.);
#5321=EDGE_CURVE('',#4223,#4174,#210,.T.);
#5322=EDGE_CURVE('',#4173,#4224,#3512,.T.);
#5323=EDGE_CURVE('',#4224,#4223,#211,.T.);
#5324=EDGE_CURVE('',#4172,#4225,#212,.T.);
#5325=EDGE_CURVE('',#4225,#4224,#213,.T.);
#5326=EDGE_CURVE('',#4226,#4169,#214,.T.);
#5327=EDGE_CURVE('',#4221,#4226,#215,.T.);
#5328=EDGE_CURVE('',#4164,#4227,#216,.T.);
#5329=EDGE_CURVE('',#4227,#4222,#217,.T.);
#5330=EDGE_CURVE('',#4228,#4227,#2398,.T.);
#5331=EDGE_CURVE('',#4229,#4228,#218,.T.);
#5332=EDGE_CURVE('',#4229,#4226,#2399,.T.);
#5333=EDGE_CURVE('',#4230,#4231,#219,.T.);
#5334=EDGE_CURVE('',#4231,#4232,#220,.T.);
#5335=EDGE_CURVE('',#4232,#4233,#3513,.T.);
#5336=EDGE_CURVE('',#4233,#4230,#221,.T.);
#5337=EDGE_CURVE('',#4234,#4235,#222,.T.);
#5338=EDGE_CURVE('',#4235,#4233,#223,.T.);
#5339=EDGE_CURVE('',#4232,#4234,#224,.T.);
#5340=EDGE_CURVE('',#4234,#4225,#2400,.T.);
#5341=EDGE_CURVE('',#4232,#4224,#2401,.T.);
#5342=EDGE_CURVE('',#4231,#4223,#2402,.T.);
#5343=EDGE_CURVE('',#4236,#4229,#225,.T.);
#5344=EDGE_CURVE('',#4228,#4237,#226,.T.);
#5345=EDGE_CURVE('',#4237,#4236,#227,.T.);
#5346=EDGE_CURVE('',#4238,#4239,#228,.T.);
#5347=EDGE_CURVE('',#4240,#4239,#2403,.T.);
#5348=EDGE_CURVE('',#4240,#4241,#229,.T.);
#5349=EDGE_CURVE('',#4241,#4171,#2404,.T.);
#5350=EDGE_CURVE('',#4171,#4211,#2405,.T.);
#5351=EDGE_CURVE('',#4210,#4238,#230,.T.);
#5352=EDGE_CURVE('',#4242,#4175,#2406,.T.);
#5353=EDGE_CURVE('',#4242,#4240,#231,.T.);
#5354=EDGE_CURVE('',#4239,#4243,#232,.T.);
#5355=EDGE_CURVE('',#4243,#4207,#233,.T.);
#5356=EDGE_CURVE('',#4244,#4245,#3514,.T.);
#5357=EDGE_CURVE('',#4245,#4246,#2407,.T.);
#5358=EDGE_CURVE('',#4247,#4246,#234,.T.);
#5359=EDGE_CURVE('',#4247,#4244,#2408,.T.);
#5360=EDGE_CURVE('',#4248,#4248,#3515,.T.);
#5361=EDGE_CURVE('',#4170,#4212,#2409,.T.);
#5362=EDGE_CURVE('',#4249,#4243,#2410,.T.);
#5363=EDGE_CURVE('',#4238,#4250,#2411,.T.);
#5364=EDGE_CURVE('',#4250,#4249,#3516,.T.);
#5365=EDGE_CURVE('',#4251,#4251,#3517,.T.);
#5366=EDGE_CURVE('',#4248,#4218,#2412,.T.);
#5367=EDGE_CURVE('',#4251,#4217,#2413,.T.);
#5368=EDGE_CURVE('',#4209,#4250,#2414,.T.);
#5369=EDGE_CURVE('',#4246,#4213,#235,.T.);
#5370=EDGE_CURVE('',#4214,#4245,#2415,.T.);
#5371=EDGE_CURVE('',#4215,#4244,#2416,.T.);
#5372=EDGE_CURVE('',#4216,#4247,#236,.T.);
#5373=EDGE_CURVE('',#4208,#4249,#2417,.T.);
#5374=EDGE_CURVE('',#4219,#4163,#2418,.T.);
#5375=EDGE_CURVE('',#4237,#4219,#2419,.T.);
#5376=EDGE_CURVE('',#4252,#4170,#2420,.T.);
#5377=EDGE_CURVE('',#4252,#4220,#237,.T.);
#5378=EDGE_CURVE('',#4252,#4236,#2421,.T.);
#5379=EDGE_CURVE('',#4242,#4230,#2422,.T.);
#5380=EDGE_CURVE('',#4235,#4241,#2423,.T.);
#5381=EDGE_CURVE('',#4190,#4199,#3518,.T.);
#5382=EDGE_CURVE('',#4156,#4195,#2424,.T.);
#5383=EDGE_CURVE('',#4143,#4196,#2425,.T.);
#5384=EDGE_CURVE('',#4241,#4252,#238,.T.);
#5385=EDGE_CURVE('',#4197,#4242,#239,.T.);
#5386=EDGE_CURVE('',#4253,#4253,#3519,.T.);
#5387=EDGE_CURVE('',#4253,#4254,#2426,.T.);
#5388=EDGE_CURVE('',#4254,#4254,#3520,.T.);
#5389=EDGE_CURVE('',#4255,#4255,#3521,.T.);
#5390=EDGE_CURVE('',#4255,#4254,#2427,.T.);
#5391=EDGE_CURVE('',#4256,#4257,#2428,.T.);
#5392=EDGE_CURVE('',#4257,#4258,#2429,.T.);
#5393=EDGE_CURVE('',#4258,#4259,#2430,.T.);
#5394=EDGE_CURVE('',#4260,#4259,#3522,.T.);
#5395=EDGE_CURVE('',#4260,#4261,#2431,.T.);
#5396=EDGE_CURVE('',#4261,#4262,#3523,.T.);
#5397=EDGE_CURVE('',#4262,#4263,#2432,.T.);
#5398=EDGE_CURVE('',#4264,#4263,#3524,.T.);
#5399=EDGE_CURVE('',#4265,#4264,#2433,.T.);
#5400=EDGE_CURVE('',#4256,#4265,#2434,.T.);
#5401=EDGE_CURVE('',#4266,#4267,#2435,.T.);
#5402=EDGE_CURVE('',#4268,#4267,#3525,.T.);
#5403=EDGE_CURVE('',#4268,#4269,#2436,.T.);
#5404=EDGE_CURVE('',#4270,#4269,#3526,.T.);
#5405=EDGE_CURVE('',#4270,#4271,#3527,.T.);
#5406=EDGE_CURVE('',#4272,#4271,#3528,.T.);
#5407=EDGE_CURVE('',#4272,#4273,#2437,.T.);
#5408=EDGE_CURVE('',#4266,#4273,#3529,.T.);
#5409=EDGE_CURVE('',#4274,#4274,#3530,.T.);
#5410=EDGE_CURVE('',#4274,#4275,#3531,.T.);
#5411=EDGE_CURVE('',#4275,#4276,#3532,.T.);
#5412=EDGE_CURVE('',#4276,#4275,#3533,.T.);
#5413=EDGE_CURVE('',#4276,#4277,#2438,.T.);
#5414=EDGE_CURVE('',#4278,#4277,#3534,.T.);
#5415=EDGE_CURVE('',#4277,#4278,#3535,.T.);
#5416=EDGE_CURVE('',#4279,#4279,#3536,.T.);
#5417=EDGE_CURVE('',#4278,#4280,#3537,.T.);
#5418=EDGE_CURVE('',#4280,#4280,#3538,.T.);
#5419=EDGE_CURVE('',#4281,#4282,#2439,.T.);
#5420=EDGE_CURVE('',#4281,#4283,#2440,.T.);
#5421=EDGE_CURVE('',#4283,#4284,#2441,.T.);
#5422=EDGE_CURVE('',#4285,#4284,#3539,.T.);
#5423=EDGE_CURVE('',#4285,#4286,#2442,.T.);
#5424=EDGE_CURVE('',#4286,#4287,#3540,.T.);
#5425=EDGE_CURVE('',#4287,#4288,#2443,.T.);
#5426=EDGE_CURVE('',#4289,#4288,#3541,.T.);
#5427=EDGE_CURVE('',#4290,#4289,#2444,.T.);
#5428=EDGE_CURVE('',#4282,#4290,#2445,.T.);
#5429=EDGE_CURVE('',#4291,#4292,#2446,.T.);
#5430=EDGE_CURVE('',#4293,#4292,#3542,.T.);
#5431=EDGE_CURVE('',#4293,#4294,#2447,.T.);
#5432=EDGE_CURVE('',#4295,#4294,#3543,.T.);
#5433=EDGE_CURVE('',#4295,#4296,#3544,.T.);
#5434=EDGE_CURVE('',#4297,#4296,#3545,.T.);
#5435=EDGE_CURVE('',#4297,#4298,#2448,.T.);
#5436=EDGE_CURVE('',#4291,#4298,#3546,.T.);
#5437=EDGE_CURVE('',#4299,#4299,#3547,.T.);
#5438=EDGE_CURVE('',#4279,#4299,#2449,.T.);
#5439=EDGE_CURVE('',#4271,#4295,#2450,.T.);
#5440=EDGE_CURVE('',#4294,#4272,#2451,.T.);
#5441=EDGE_CURVE('',#4296,#4270,#2452,.T.);
#5442=EDGE_CURVE('',#4269,#4297,#2453,.T.);
#5443=EDGE_CURVE('',#4298,#4268,#2454,.T.);
#5444=EDGE_CURVE('',#4284,#4264,#2455,.T.);
#5445=EDGE_CURVE('',#4263,#4285,#2456,.T.);
#5446=EDGE_CURVE('',#4283,#4265,#3548,.T.);
#5447=EDGE_CURVE('',#4300,#4300,#3549,.T.);
#5448=EDGE_CURVE('',#4267,#4291,#2457,.T.);
#5449=EDGE_CURVE('',#4288,#4260,#2458,.T.);
#5450=EDGE_CURVE('',#4259,#4289,#2459,.T.);
#5451=EDGE_CURVE('',#4261,#4287,#2460,.T.);
#5452=EDGE_CURVE('',#4273,#4293,#2461,.T.);
#5453=EDGE_CURVE('',#4292,#4266,#2462,.T.);
#5454=EDGE_CURVE('',#4262,#4286,#2463,.T.);
#5455=EDGE_CURVE('',#4300,#4301,#2464,.T.);
#5456=EDGE_CURVE('',#4301,#4301,#3550,.T.);
#5457=EDGE_CURVE('',#4256,#4281,#3551,.T.);
#5458=EDGE_CURVE('',#4282,#4257,#3552,.T.);
#5459=EDGE_CURVE('',#4302,#4302,#3553,.T.);
#5460=EDGE_CURVE('',#4258,#4290,#3554,.T.);
#5461=EDGE_CURVE('',#4303,#4303,#3555,.T.);
#5462=EDGE_CURVE('',#4303,#4302,#2465,.T.);
#5463=EDGE_CURVE('',#4304,#4304,#3556,.T.);
#5464=EDGE_CURVE('',#4304,#4305,#2466,.T.);
#5465=EDGE_CURVE('',#4305,#4305,#3557,.T.);
#5466=EDGE_CURVE('',#4306,#4307,#240,.T.);
#5467=EDGE_CURVE('',#4308,#4306,#2467,.T.);
#5468=EDGE_CURVE('',#4309,#4308,#49,.T.);
#5469=EDGE_CURVE('',#4307,#4309,#2468,.T.);
#5470=EDGE_CURVE('',#4307,#4310,#3558,.T.);
#5471=EDGE_CURVE('',#4311,#4309,#2469,.T.);
#5472=EDGE_CURVE('',#4310,#4311,#2470,.F.);
#5473=EDGE_CURVE('',#4310,#4312,#3559,.T.);
#5474=EDGE_CURVE('',#4313,#4311,#2471,.F.);
#5475=EDGE_CURVE('',#4312,#4313,#2472,.T.);
#5476=EDGE_CURVE('',#4312,#4314,#3560,.T.);
#5477=EDGE_CURVE('',#4315,#4313,#2473,.T.);
#5478=EDGE_CURVE('',#4315,#4314,#2474,.T.);
#5479=EDGE_CURVE('',#4314,#4316,#241,.T.);
#5480=EDGE_CURVE('',#4317,#4315,#50,.T.);
#5481=EDGE_CURVE('',#4316,#4317,#2475,.T.);
#5482=EDGE_CURVE('',#4316,#4318,#3561,.T.);
#5483=EDGE_CURVE('',#4319,#4317,#2476,.T.);
#5484=EDGE_CURVE('',#4318,#4319,#2477,.F.);
#5485=EDGE_CURVE('',#4318,#4320,#3562,.T.);
#5486=EDGE_CURVE('',#4321,#4319,#2478,.F.);
#5487=EDGE_CURVE('',#4320,#4321,#2479,.T.);
#5488=EDGE_CURVE('',#4320,#4322,#3563,.T.);
#5489=EDGE_CURVE('',#4323,#4321,#2480,.T.);
#5490=EDGE_CURVE('',#4323,#4322,#2481,.T.);
#5491=EDGE_CURVE('',#4324,#4325,#242,.T.);
#5492=EDGE_CURVE('',#4326,#4324,#2482,.T.);
#5493=EDGE_CURVE('',#4327,#4326,#51,.T.);
#5494=EDGE_CURVE('',#4325,#4327,#2483,.T.);
#5495=EDGE_CURVE('',#4325,#4328,#3564,.T.);
#5496=EDGE_CURVE('',#4329,#4327,#2484,.T.);
#5497=EDGE_CURVE('',#4328,#4329,#2485,.F.);
#5498=EDGE_CURVE('',#4322,#4330,#243,.T.);
#5499=EDGE_CURVE('',#4331,#4323,#52,.T.);
#5500=EDGE_CURVE('',#4330,#4331,#2486,.T.);
#5501=EDGE_CURVE('',#4330,#4332,#3565,.T.);
#5502=EDGE_CURVE('',#4333,#4331,#2487,.T.);
#5503=EDGE_CURVE('',#4332,#4333,#2488,.F.);
#5504=EDGE_CURVE('',#4334,#4306,#3566,.T.);
#5505=EDGE_CURVE('',#4334,#4335,#2489,.T.);
#5506=EDGE_CURVE('',#4308,#4335,#2490,.T.);
#5507=EDGE_CURVE('',#4328,#4334,#3567,.T.);
#5508=EDGE_CURVE('',#4335,#4329,#2491,.F.);
#5509=EDGE_CURVE('',#4336,#4324,#3568,.T.);
#5510=EDGE_CURVE('',#4336,#4337,#2492,.T.);
#5511=EDGE_CURVE('',#4326,#4337,#2493,.T.);
#5512=EDGE_CURVE('',#4332,#4338,#3569,.T.);
#5513=EDGE_CURVE('',#4337,#4333,#2494,.F.);
#5514=EDGE_CURVE('',#4338,#4336,#3570,.T.);
#5515=EDGE_CURVE('',#4339,#4339,#3571,.T.);
#5516=EDGE_CURVE('',#4339,#4340,#2495,.T.);
#5517=EDGE_CURVE('',#4340,#4340,#3572,.T.);
#5518=EDGE_CURVE('',#4341,#4341,#3573,.T.);
#5519=EDGE_CURVE('',#4304,#4341,#2496,.T.);
#5520=EDGE_CURVE('',#4338,#4342,#3574,.T.);
#5521=EDGE_CURVE('',#4343,#4342,#3575,.T.);
#5522=EDGE_CURVE('',#4342,#4343,#3576,.T.);
#5523=EDGE_CURVE('',#4344,#4344,#3577,.T.);
#5524=EDGE_CURVE('',#4344,#4343,#2497,.T.);
#5525=EDGE_CURVE('',#4345,#4345,#3578,.T.);
#5526=EDGE_CURVE('',#4345,#4346,#2498,.T.);
#5527=EDGE_CURVE('',#4346,#4346,#3579,.T.);
#5528=EDGE_CURVE('',#4347,#4347,#3580,.T.);
#5529=EDGE_CURVE('',#4347,#4348,#2499,.T.);
#5530=EDGE_CURVE('',#4348,#4348,#3581,.T.);
#5531=EDGE_CURVE('',#4349,#4350,#2500,.T.);
#5532=EDGE_CURVE('',#4351,#4349,#78,.T.);
#5533=EDGE_CURVE('',#4352,#4351,#2501,.T.);
#5534=EDGE_CURVE('',#4350,#4352,#79,.T.);
#5535=EDGE_CURVE('',#4353,#4351,#80,.T.);
#5536=EDGE_CURVE('',#4353,#4354,#2502,.T.);
#5537=EDGE_CURVE('',#4352,#4354,#81,.T.);
#5538=EDGE_CURVE('',#4355,#4355,#3582,.T.);
#5539=EDGE_CURVE('',#4355,#4356,#2503,.T.);
#5540=EDGE_CURVE('',#4356,#4357,#82,.T.);
#5541=EDGE_CURVE('',#4357,#4358,#83,.T.);
#5542=EDGE_CURVE('',#4358,#4353,#84,.T.);
#5543=EDGE_CURVE('',#4349,#4359,#85,.T.);
#5544=EDGE_CURVE('',#4359,#4356,#86,.T.);
#5545=EDGE_CURVE('',#4360,#4350,#87,.T.);
#5546=EDGE_CURVE('',#4359,#4360,#2504,.T.);
#5547=EDGE_CURVE('',#4361,#4360,#88,.T.);
#5548=EDGE_CURVE('',#4362,#4361,#89,.T.);
#5549=EDGE_CURVE('',#4357,#4362,#2505,.T.);
#5550=EDGE_CURVE('',#4363,#4362,#90,.T.);
#5551=EDGE_CURVE('',#4358,#4363,#2506,.T.);
#5552=EDGE_CURVE('',#4354,#4363,#91,.T.);
#5553=EDGE_CURVE('',#4364,#4364,#3583,.T.);
#5554=EDGE_CURVE('',#4361,#4364,#2507,.T.);
#5555=EDGE_CURVE('',#4345,#4348,#2508,.T.);
#5556=EDGE_CURVE('',#4365,#4365,#3584,.T.);
#5557=EDGE_CURVE('',#4365,#4366,#2509,.T.);
#5558=EDGE_CURVE('',#4366,#4366,#3585,.T.);
#5559=EDGE_CURVE('',#4367,#4368,#244,.T.);
#5560=EDGE_CURVE('',#4369,#4367,#2510,.T.);
#5561=EDGE_CURVE('',#4370,#4369,#53,.T.);
#5562=EDGE_CURVE('',#4368,#4370,#2511,.T.);
#5563=EDGE_CURVE('',#4368,#4371,#3586,.T.);
#5564=EDGE_CURVE('',#4372,#4370,#2512,.T.);
#5565=EDGE_CURVE('',#4371,#4372,#2513,.F.);
#5566=EDGE_CURVE('',#4371,#4373,#3587,.T.);
#5567=EDGE_CURVE('',#4374,#4372,#2514,.F.);
#5568=EDGE_CURVE('',#4373,#4374,#2515,.T.);
#5569=EDGE_CURVE('',#4373,#4375,#3588,.T.);
#5570=EDGE_CURVE('',#4376,#4374,#2516,.T.);
#5571=EDGE_CURVE('',#4376,#4375,#2517,.T.);
#5572=EDGE_CURVE('',#4375,#4377,#245,.T.);
#5573=EDGE_CURVE('',#4378,#4376,#54,.T.);
#5574=EDGE_CURVE('',#4377,#4378,#2518,.T.);
#5575=EDGE_CURVE('',#4377,#4379,#3589,.T.);
#5576=EDGE_CURVE('',#4380,#4378,#2519,.T.);
#5577=EDGE_CURVE('',#4379,#4380,#2520,.F.);
#5578=EDGE_CURVE('',#4379,#4381,#3590,.T.);
#5579=EDGE_CURVE('',#4382,#4380,#2521,.F.);
#5580=EDGE_CURVE('',#4381,#4382,#2522,.T.);
#5581=EDGE_CURVE('',#4381,#4383,#3591,.T.);
#5582=EDGE_CURVE('',#4384,#4382,#2523,.T.);
#5583=EDGE_CURVE('',#4384,#4383,#2524,.T.);
#5584=EDGE_CURVE('',#4385,#4386,#246,.T.);
#5585=EDGE_CURVE('',#4387,#4385,#2525,.T.);
#5586=EDGE_CURVE('',#4388,#4387,#55,.T.);
#5587=EDGE_CURVE('',#4386,#4388,#2526,.T.);
#5588=EDGE_CURVE('',#4386,#4389,#3592,.T.);
#5589=EDGE_CURVE('',#4390,#4388,#2527,.T.);
#5590=EDGE_CURVE('',#4389,#4390,#2528,.F.);
#5591=EDGE_CURVE('',#4383,#4391,#247,.T.);
#5592=EDGE_CURVE('',#4392,#4384,#56,.T.);
#5593=EDGE_CURVE('',#4391,#4392,#2529,.T.);
#5594=EDGE_CURVE('',#4391,#4393,#3593,.T.);
#5595=EDGE_CURVE('',#4394,#4392,#2530,.T.);
#5596=EDGE_CURVE('',#4393,#4394,#2531,.F.);
#5597=EDGE_CURVE('',#4395,#4367,#3594,.T.);
#5598=EDGE_CURVE('',#4395,#4396,#2532,.T.);
#5599=EDGE_CURVE('',#4369,#4396,#2533,.T.);
#5600=EDGE_CURVE('',#4389,#4395,#3595,.T.);
#5601=EDGE_CURVE('',#4396,#4390,#2534,.F.);
#5602=EDGE_CURVE('',#4397,#4385,#3596,.T.);
#5603=EDGE_CURVE('',#4397,#4398,#2535,.T.);
#5604=EDGE_CURVE('',#4387,#4398,#2536,.T.);
#5605=EDGE_CURVE('',#4393,#4399,#3597,.T.);
#5606=EDGE_CURVE('',#4398,#4394,#2537,.F.);
#5607=EDGE_CURVE('',#4399,#4397,#3598,.T.);
#5608=EDGE_CURVE('',#4400,#4400,#3599,.T.);
#5609=EDGE_CURVE('',#4400,#4401,#2538,.T.);
#5610=EDGE_CURVE('',#4401,#4401,#3600,.T.);
#5611=EDGE_CURVE('',#4402,#4402,#3601,.T.);
#5612=EDGE_CURVE('',#4365,#4402,#2539,.T.);
#5613=EDGE_CURVE('',#4399,#4403,#3602,.T.);
#5614=EDGE_CURVE('',#4404,#4403,#3603,.T.);
#5615=EDGE_CURVE('',#4403,#4404,#3604,.T.);
#5616=EDGE_CURVE('',#4405,#4405,#3605,.T.);
#5617=EDGE_CURVE('',#4405,#4404,#2540,.T.);
#5618=EDGE_CURVE('',#4406,#4406,#3606,.T.);
#5619=EDGE_CURVE('',#4406,#4407,#2541,.T.);
#5620=EDGE_CURVE('',#4407,#4407,#3607,.T.);
#5621=EDGE_CURVE('',#4408,#4408,#3608,.T.);
#5622=EDGE_CURVE('',#4408,#4409,#2542,.T.);
#5623=EDGE_CURVE('',#4409,#4409,#3609,.T.);
#5624=EDGE_CURVE('',#4410,#4411,#2543,.T.);
#5625=EDGE_CURVE('',#4412,#4410,#92,.T.);
#5626=EDGE_CURVE('',#4413,#4412,#2544,.T.);
#5627=EDGE_CURVE('',#4411,#4413,#93,.T.);
#5628=EDGE_CURVE('',#4414,#4412,#94,.T.);
#5629=EDGE_CURVE('',#4414,#4415,#2545,.T.);
#5630=EDGE_CURVE('',#4413,#4415,#95,.T.);
#5631=EDGE_CURVE('',#4416,#4416,#3610,.T.);
#5632=EDGE_CURVE('',#4416,#4417,#2546,.T.);
#5633=EDGE_CURVE('',#4417,#4418,#96,.T.);
#5634=EDGE_CURVE('',#4418,#4419,#97,.T.);
#5635=EDGE_CURVE('',#4419,#4414,#98,.T.);
#5636=EDGE_CURVE('',#4410,#4420,#99,.T.);
#5637=EDGE_CURVE('',#4420,#4417,#100,.T.);
#5638=EDGE_CURVE('',#4421,#4411,#101,.T.);
#5639=EDGE_CURVE('',#4420,#4421,#2547,.T.);
#5640=EDGE_CURVE('',#4422,#4421,#102,.T.);
#5641=EDGE_CURVE('',#4423,#4422,#103,.T.);
#5642=EDGE_CURVE('',#4418,#4423,#2548,.T.);
#5643=EDGE_CURVE('',#4424,#4423,#104,.T.);
#5644=EDGE_CURVE('',#4419,#4424,#2549,.T.);
#5645=EDGE_CURVE('',#4415,#4424,#105,.T.);
#5646=EDGE_CURVE('',#4425,#4425,#3611,.T.);
#5647=EDGE_CURVE('',#4422,#4425,#2550,.T.);
#5648=EDGE_CURVE('',#4406,#4409,#2551,.T.);
#5649=EDGE_CURVE('',#4426,#4426,#3612,.T.);
#5650=EDGE_CURVE('',#4426,#4427,#2552,.T.);
#5651=EDGE_CURVE('',#4427,#4427,#3613,.T.);
#5652=EDGE_CURVE('',#4428,#4428,#3614,.T.);
#5653=EDGE_CURVE('',#4428,#4429,#2553,.T.);
#5654=EDGE_CURVE('',#4429,#4429,#3615,.T.);
#5655=EDGE_CURVE('',#4430,#4430,#3616,.T.);
#5656=EDGE_CURVE('',#4430,#4431,#3617,.T.);
#5657=EDGE_CURVE('',#4431,#4431,#3618,.T.);
#5658=EDGE_CURVE('',#4432,#4432,#3619,.T.);
#5659=EDGE_CURVE('',#4432,#4430,#2554,.T.);
#5660=EDGE_CURVE('',#4433,#4433,#3620,.T.);
#5661=EDGE_CURVE('',#4433,#4432,#2555,.T.);
#5662=EDGE_CURVE('',#4434,#4435,#3621,.T.);
#5663=EDGE_CURVE('',#4434,#4433,#2556,.T.);
#5664=EDGE_CURVE('',#4435,#4434,#3622,.T.);
#5665=EDGE_CURVE('',#4435,#4436,#2557,.T.);
#5666=EDGE_CURVE('',#4436,#4436,#3623,.T.);
#5667=EDGE_CURVE('',#4437,#4437,#3624,.T.);
#5668=EDGE_CURVE('',#4437,#4438,#2558,.T.);
#5669=EDGE_CURVE('',#4438,#4438,#3625,.T.);
#5670=EDGE_CURVE('',#4439,#4439,#3626,.T.);
#5671=EDGE_CURVE('',#4439,#4437,#3627,.T.);
#5672=ORIENTED_EDGE('',*,*,#4440,.T.);
#5673=ORIENTED_EDGE('',*,*,#4441,.T.);
#5674=ORIENTED_EDGE('',*,*,#4442,.F.);
#5675=ORIENTED_EDGE('',*,*,#4441,.F.);
#5676=ORIENTED_EDGE('',*,*,#4443,.F.);
#5677=ORIENTED_EDGE('',*,*,#4444,.F.);
#5678=ORIENTED_EDGE('',*,*,#4445,.F.);
#5679=ORIENTED_EDGE('',*,*,#4446,.F.);
#5680=ORIENTED_EDGE('',*,*,#4442,.T.);
#5681=ORIENTED_EDGE('',*,*,#4443,.T.);
#5682=ORIENTED_EDGE('',*,*,#4447,.T.);
#5683=ORIENTED_EDGE('',*,*,#4448,.F.);
#5684=ORIENTED_EDGE('',*,*,#4447,.F.);
#5685=ORIENTED_EDGE('',*,*,#4448,.T.);
#5686=ORIENTED_EDGE('',*,*,#4449,.T.);
#5687=ORIENTED_EDGE('',*,*,#4450,.T.);
#5688=ORIENTED_EDGE('',*,*,#4451,.T.);
#5689=ORIENTED_EDGE('',*,*,#4452,.F.);
#5690=ORIENTED_EDGE('',*,*,#4449,.F.);
#5691=ORIENTED_EDGE('',*,*,#4453,.T.);
#5692=ORIENTED_EDGE('',*,*,#4444,.T.);
#5693=ORIENTED_EDGE('',*,*,#4453,.F.);
#5694=ORIENTED_EDGE('',*,*,#4450,.F.);
#5695=ORIENTED_EDGE('',*,*,#4454,.T.);
#5696=ORIENTED_EDGE('',*,*,#4445,.T.);
#5697=ORIENTED_EDGE('',*,*,#4454,.F.);
#5698=ORIENTED_EDGE('',*,*,#4451,.F.);
#5699=ORIENTED_EDGE('',*,*,#4455,.T.);
#5700=ORIENTED_EDGE('',*,*,#4446,.T.);
#5701=ORIENTED_EDGE('',*,*,#4455,.F.);
#5702=ORIENTED_EDGE('',*,*,#4452,.T.);
#5703=ORIENTED_EDGE('',*,*,#4456,.T.);
#5704=ORIENTED_EDGE('',*,*,#4457,.F.);
#5705=ORIENTED_EDGE('',*,*,#4456,.F.);
#5706=ORIENTED_EDGE('',*,*,#4457,.T.);
#5707=ORIENTED_EDGE('',*,*,#4440,.F.);
#5708=ORIENTED_EDGE('',*,*,#4458,.T.);
#5709=ORIENTED_EDGE('',*,*,#4459,.T.);
#5710=ORIENTED_EDGE('',*,*,#4460,.T.);
#5711=ORIENTED_EDGE('',*,*,#4461,.F.);
#5712=ORIENTED_EDGE('',*,*,#4462,.F.);
#5713=ORIENTED_EDGE('',*,*,#4463,.F.);
#5714=ORIENTED_EDGE('',*,*,#4464,.F.);
#5715=ORIENTED_EDGE('',*,*,#4465,.T.);
#5716=ORIENTED_EDGE('',*,*,#4466,.T.);
#5717=ORIENTED_EDGE('',*,*,#4467,.T.);
#5718=ORIENTED_EDGE('',*,*,#4468,.F.);
#5719=ORIENTED_EDGE('',*,*,#4469,.F.);
#5720=ORIENTED_EDGE('',*,*,#4470,.T.);
#5721=ORIENTED_EDGE('',*,*,#4471,.F.);
#5722=ORIENTED_EDGE('',*,*,#4472,.T.);
#5723=ORIENTED_EDGE('',*,*,#4473,.T.);
#5724=ORIENTED_EDGE('',*,*,#4474,.F.);
#5725=ORIENTED_EDGE('',*,*,#4475,.F.);
#5726=ORIENTED_EDGE('',*,*,#4476,.F.);
#5727=ORIENTED_EDGE('',*,*,#4477,.T.);
#5728=ORIENTED_EDGE('',*,*,#4478,.T.);
#5729=ORIENTED_EDGE('',*,*,#4479,.T.);
#5730=ORIENTED_EDGE('',*,*,#4480,.T.);
#5731=ORIENTED_EDGE('',*,*,#4481,.F.);
#5732=ORIENTED_EDGE('',*,*,#4482,.F.);
#5733=ORIENTED_EDGE('',*,*,#4483,.T.);
#5734=ORIENTED_EDGE('',*,*,#4484,.F.);
#5735=ORIENTED_EDGE('',*,*,#4485,.F.);
#5736=ORIENTED_EDGE('',*,*,#4486,.T.);
#5737=ORIENTED_EDGE('',*,*,#4487,.T.);
#5738=ORIENTED_EDGE('',*,*,#4488,.F.);
#5739=ORIENTED_EDGE('',*,*,#4489,.T.);
#5740=ORIENTED_EDGE('',*,*,#4490,.F.);
#5741=ORIENTED_EDGE('',*,*,#4489,.F.);
#5742=ORIENTED_EDGE('',*,*,#4491,.F.);
#5743=ORIENTED_EDGE('',*,*,#4492,.F.);
#5744=ORIENTED_EDGE('',*,*,#4493,.T.);
#5745=ORIENTED_EDGE('',*,*,#4490,.T.);
#5746=ORIENTED_EDGE('',*,*,#4494,.F.);
#5747=ORIENTED_EDGE('',*,*,#4495,.F.);
#5748=ORIENTED_EDGE('',*,*,#4479,.F.);
#5749=ORIENTED_EDGE('',*,*,#4496,.F.);
#5750=ORIENTED_EDGE('',*,*,#4486,.F.);
#5751=ORIENTED_EDGE('',*,*,#4497,.F.);
#5752=ORIENTED_EDGE('',*,*,#4498,.F.);
#5753=ORIENTED_EDGE('',*,*,#4477,.F.);
#5754=ORIENTED_EDGE('',*,*,#4499,.F.);
#5755=ORIENTED_EDGE('',*,*,#4493,.F.);
#5756=ORIENTED_EDGE('',*,*,#4500,.F.);
#5757=ORIENTED_EDGE('',*,*,#4501,.F.);
#5758=ORIENTED_EDGE('',*,*,#4502,.T.);
#5759=ORIENTED_EDGE('',*,*,#4500,.T.);
#5760=ORIENTED_EDGE('',*,*,#4502,.F.);
#5761=ORIENTED_EDGE('',*,*,#4503,.T.);
#5762=ORIENTED_EDGE('',*,*,#4475,.T.);
#5763=ORIENTED_EDGE('',*,*,#4504,.T.);
#5764=ORIENTED_EDGE('',*,*,#4491,.T.);
#5765=ORIENTED_EDGE('',*,*,#4488,.T.);
#5766=ORIENTED_EDGE('',*,*,#4505,.T.);
#5767=ORIENTED_EDGE('',*,*,#4481,.T.);
#5768=ORIENTED_EDGE('',*,*,#4506,.T.);
#5769=ORIENTED_EDGE('',*,*,#4484,.T.);
#5770=ORIENTED_EDGE('',*,*,#4507,.T.);
#5771=ORIENTED_EDGE('',*,*,#4501,.T.);
#5772=ORIENTED_EDGE('',*,*,#4508,.T.);
#5773=ORIENTED_EDGE('',*,*,#4507,.F.);
#5774=ORIENTED_EDGE('',*,*,#4509,.T.);
#5775=ORIENTED_EDGE('',*,*,#4497,.T.);
#5776=ORIENTED_EDGE('',*,*,#4509,.F.);
#5777=ORIENTED_EDGE('',*,*,#4485,.T.);
#5778=ORIENTED_EDGE('',*,*,#4506,.F.);
#5779=ORIENTED_EDGE('',*,*,#4480,.F.);
#5780=ORIENTED_EDGE('',*,*,#4495,.T.);
#5781=ORIENTED_EDGE('',*,*,#4482,.T.);
#5782=ORIENTED_EDGE('',*,*,#4505,.F.);
#5783=ORIENTED_EDGE('',*,*,#4487,.F.);
#5784=ORIENTED_EDGE('',*,*,#4496,.T.);
#5785=ORIENTED_EDGE('',*,*,#4492,.T.);
#5786=ORIENTED_EDGE('',*,*,#4504,.F.);
#5787=ORIENTED_EDGE('',*,*,#4478,.F.);
#5788=ORIENTED_EDGE('',*,*,#4498,.T.);
#5789=ORIENTED_EDGE('',*,*,#4476,.T.);
#5790=ORIENTED_EDGE('',*,*,#4503,.F.);
#5791=ORIENTED_EDGE('',*,*,#4483,.F.);
#5792=ORIENTED_EDGE('',*,*,#4499,.T.);
#5793=ORIENTED_EDGE('',*,*,#4510,.T.);
#5794=ORIENTED_EDGE('',*,*,#4511,.T.);
#5795=ORIENTED_EDGE('',*,*,#4508,.F.);
#5796=ORIENTED_EDGE('',*,*,#4511,.F.);
#5797=ORIENTED_EDGE('',*,*,#4510,.F.);
#5798=ORIENTED_EDGE('',*,*,#4512,.T.);
#5799=ORIENTED_EDGE('',*,*,#4513,.T.);
#5800=ORIENTED_EDGE('',*,*,#4514,.T.);
#5801=ORIENTED_EDGE('',*,*,#4515,.T.);
#5802=ORIENTED_EDGE('',*,*,#4516,.T.);
#5803=ORIENTED_EDGE('',*,*,#4517,.T.);
#5804=ORIENTED_EDGE('',*,*,#4518,.T.);
#5805=ORIENTED_EDGE('',*,*,#4469,.T.);
#5806=ORIENTED_EDGE('',*,*,#4519,.T.);
#5807=ORIENTED_EDGE('',*,*,#4520,.T.);
#5808=ORIENTED_EDGE('',*,*,#4521,.T.);
#5809=ORIENTED_EDGE('',*,*,#4522,.T.);
#5810=ORIENTED_EDGE('',*,*,#4523,.T.);
#5811=ORIENTED_EDGE('',*,*,#4524,.T.);
#5812=ORIENTED_EDGE('',*,*,#4525,.T.);
#5813=ORIENTED_EDGE('',*,*,#4471,.T.);
#5814=ORIENTED_EDGE('',*,*,#4525,.F.);
#5815=ORIENTED_EDGE('',*,*,#4526,.T.);
#5816=ORIENTED_EDGE('',*,*,#4527,.T.);
#5817=ORIENTED_EDGE('',*,*,#4472,.F.);
#5818=ORIENTED_EDGE('',*,*,#4527,.F.);
#5819=ORIENTED_EDGE('',*,*,#4528,.F.);
#5820=ORIENTED_EDGE('',*,*,#4529,.F.);
#5821=ORIENTED_EDGE('',*,*,#4530,.F.);
#5822=ORIENTED_EDGE('',*,*,#4531,.F.);
#5823=ORIENTED_EDGE('',*,*,#4532,.F.);
#5824=ORIENTED_EDGE('',*,*,#4533,.F.);
#5825=ORIENTED_EDGE('',*,*,#4467,.F.);
#5826=ORIENTED_EDGE('',*,*,#4534,.F.);
#5827=ORIENTED_EDGE('',*,*,#4535,.F.);
#5828=ORIENTED_EDGE('',*,*,#4536,.F.);
#5829=ORIENTED_EDGE('',*,*,#4537,.F.);
#5830=ORIENTED_EDGE('',*,*,#4538,.F.);
#5831=ORIENTED_EDGE('',*,*,#4539,.F.);
#5832=ORIENTED_EDGE('',*,*,#4540,.F.);
#5833=ORIENTED_EDGE('',*,*,#4473,.F.);
#5834=ORIENTED_EDGE('',*,*,#4541,.F.);
#5835=ORIENTED_EDGE('',*,*,#4540,.T.);
#5836=ORIENTED_EDGE('',*,*,#4542,.F.);
#5837=ORIENTED_EDGE('',*,*,#4512,.F.);
#5838=ORIENTED_EDGE('',*,*,#4474,.T.);
#5839=ORIENTED_EDGE('',*,*,#4539,.T.);
#5840=ORIENTED_EDGE('',*,*,#4543,.F.);
#5841=ORIENTED_EDGE('',*,*,#4513,.F.);
#5842=ORIENTED_EDGE('',*,*,#4542,.T.);
#5843=ORIENTED_EDGE('',*,*,#4538,.T.);
#5844=ORIENTED_EDGE('',*,*,#4544,.F.);
#5845=ORIENTED_EDGE('',*,*,#4514,.F.);
#5846=ORIENTED_EDGE('',*,*,#4543,.T.);
#5847=ORIENTED_EDGE('',*,*,#4537,.T.);
#5848=ORIENTED_EDGE('',*,*,#4545,.F.);
#5849=ORIENTED_EDGE('',*,*,#4515,.F.);
#5850=ORIENTED_EDGE('',*,*,#4544,.T.);
#5851=ORIENTED_EDGE('',*,*,#4536,.T.);
#5852=ORIENTED_EDGE('',*,*,#4546,.F.);
#5853=ORIENTED_EDGE('',*,*,#4516,.F.);
#5854=ORIENTED_EDGE('',*,*,#4545,.T.);
#5855=ORIENTED_EDGE('',*,*,#4535,.T.);
#5856=ORIENTED_EDGE('',*,*,#4547,.F.);
#5857=ORIENTED_EDGE('',*,*,#4517,.F.);
#5858=ORIENTED_EDGE('',*,*,#4546,.T.);
#5859=ORIENTED_EDGE('',*,*,#4534,.T.);
#5860=ORIENTED_EDGE('',*,*,#4470,.F.);
#5861=ORIENTED_EDGE('',*,*,#4518,.F.);
#5862=ORIENTED_EDGE('',*,*,#4547,.T.);
#5863=ORIENTED_EDGE('',*,*,#4533,.T.);
#5864=ORIENTED_EDGE('',*,*,#4548,.F.);
#5865=ORIENTED_EDGE('',*,*,#4519,.F.);
#5866=ORIENTED_EDGE('',*,*,#4468,.T.);
#5867=ORIENTED_EDGE('',*,*,#4532,.T.);
#5868=ORIENTED_EDGE('',*,*,#4549,.F.);
#5869=ORIENTED_EDGE('',*,*,#4520,.F.);
#5870=ORIENTED_EDGE('',*,*,#4548,.T.);
#5871=ORIENTED_EDGE('',*,*,#4531,.T.);
#5872=ORIENTED_EDGE('',*,*,#4550,.F.);
#5873=ORIENTED_EDGE('',*,*,#4521,.F.);
#5874=ORIENTED_EDGE('',*,*,#4549,.T.);
#5875=ORIENTED_EDGE('',*,*,#4530,.T.);
#5876=ORIENTED_EDGE('',*,*,#4551,.F.);
#5877=ORIENTED_EDGE('',*,*,#4522,.F.);
#5878=ORIENTED_EDGE('',*,*,#4550,.T.);
#5879=ORIENTED_EDGE('',*,*,#4529,.T.);
#5880=ORIENTED_EDGE('',*,*,#4552,.F.);
#5881=ORIENTED_EDGE('',*,*,#4523,.F.);
#5882=ORIENTED_EDGE('',*,*,#4551,.T.);
#5883=ORIENTED_EDGE('',*,*,#4528,.T.);
#5884=ORIENTED_EDGE('',*,*,#4526,.F.);
#5885=ORIENTED_EDGE('',*,*,#4524,.F.);
#5886=ORIENTED_EDGE('',*,*,#4552,.T.);
#5887=ORIENTED_EDGE('',*,*,#4494,.T.);
#5888=ORIENTED_EDGE('',*,*,#4553,.T.);
#5889=ORIENTED_EDGE('',*,*,#4554,.F.);
#5890=ORIENTED_EDGE('',*,*,#4553,.F.);
#5891=ORIENTED_EDGE('',*,*,#4554,.T.);
#5892=ORIENTED_EDGE('',*,*,#4555,.F.);
#5893=ORIENTED_EDGE('',*,*,#4556,.F.);
#5894=ORIENTED_EDGE('',*,*,#4557,.F.);
#5895=ORIENTED_EDGE('',*,*,#4558,.F.);
#5896=ORIENTED_EDGE('',*,*,#4559,.F.);
#5897=ORIENTED_EDGE('',*,*,#4560,.F.);
#5898=ORIENTED_EDGE('',*,*,#4561,.F.);
#5899=ORIENTED_EDGE('',*,*,#4459,.F.);
#5900=ORIENTED_EDGE('',*,*,#4562,.F.);
#5901=ORIENTED_EDGE('',*,*,#4563,.F.);
#5902=ORIENTED_EDGE('',*,*,#4564,.F.);
#5903=ORIENTED_EDGE('',*,*,#4565,.F.);
#5904=ORIENTED_EDGE('',*,*,#4566,.F.);
#5905=ORIENTED_EDGE('',*,*,#4567,.F.);
#5906=ORIENTED_EDGE('',*,*,#4568,.F.);
#5907=ORIENTED_EDGE('',*,*,#4465,.F.);
#5908=ORIENTED_EDGE('',*,*,#4464,.T.);
#5909=ORIENTED_EDGE('',*,*,#4569,.F.);
#5910=ORIENTED_EDGE('',*,*,#4570,.F.);
#5911=ORIENTED_EDGE('',*,*,#4555,.T.);
#5912=ORIENTED_EDGE('',*,*,#4570,.T.);
#5913=ORIENTED_EDGE('',*,*,#4571,.F.);
#5914=ORIENTED_EDGE('',*,*,#4572,.F.);
#5915=ORIENTED_EDGE('',*,*,#4556,.T.);
#5916=ORIENTED_EDGE('',*,*,#4572,.T.);
#5917=ORIENTED_EDGE('',*,*,#4573,.F.);
#5918=ORIENTED_EDGE('',*,*,#4574,.F.);
#5919=ORIENTED_EDGE('',*,*,#4557,.T.);
#5920=ORIENTED_EDGE('',*,*,#4574,.T.);
#5921=ORIENTED_EDGE('',*,*,#4575,.F.);
#5922=ORIENTED_EDGE('',*,*,#4576,.F.);
#5923=ORIENTED_EDGE('',*,*,#4558,.T.);
#5924=ORIENTED_EDGE('',*,*,#4576,.T.);
#5925=ORIENTED_EDGE('',*,*,#4577,.F.);
#5926=ORIENTED_EDGE('',*,*,#4578,.F.);
#5927=ORIENTED_EDGE('',*,*,#4559,.T.);
#5928=ORIENTED_EDGE('',*,*,#4578,.T.);
#5929=ORIENTED_EDGE('',*,*,#4579,.F.);
#5930=ORIENTED_EDGE('',*,*,#4580,.F.);
#5931=ORIENTED_EDGE('',*,*,#4560,.T.);
#5932=ORIENTED_EDGE('',*,*,#4580,.T.);
#5933=ORIENTED_EDGE('',*,*,#4581,.F.);
#5934=ORIENTED_EDGE('',*,*,#4460,.F.);
#5935=ORIENTED_EDGE('',*,*,#4561,.T.);
#5936=ORIENTED_EDGE('',*,*,#4462,.T.);
#5937=ORIENTED_EDGE('',*,*,#4582,.F.);
#5938=ORIENTED_EDGE('',*,*,#4583,.F.);
#5939=ORIENTED_EDGE('',*,*,#4562,.T.);
#5940=ORIENTED_EDGE('',*,*,#4583,.T.);
#5941=ORIENTED_EDGE('',*,*,#4584,.F.);
#5942=ORIENTED_EDGE('',*,*,#4585,.F.);
#5943=ORIENTED_EDGE('',*,*,#4563,.T.);
#5944=ORIENTED_EDGE('',*,*,#4585,.T.);
#5945=ORIENTED_EDGE('',*,*,#4586,.F.);
#5946=ORIENTED_EDGE('',*,*,#4587,.F.);
#5947=ORIENTED_EDGE('',*,*,#4564,.T.);
#5948=ORIENTED_EDGE('',*,*,#4587,.T.);
#5949=ORIENTED_EDGE('',*,*,#4588,.F.);
#5950=ORIENTED_EDGE('',*,*,#4589,.F.);
#5951=ORIENTED_EDGE('',*,*,#4565,.T.);
#5952=ORIENTED_EDGE('',*,*,#4589,.T.);
#5953=ORIENTED_EDGE('',*,*,#4590,.F.);
#5954=ORIENTED_EDGE('',*,*,#4591,.F.);
#5955=ORIENTED_EDGE('',*,*,#4566,.T.);
#5956=ORIENTED_EDGE('',*,*,#4591,.T.);
#5957=ORIENTED_EDGE('',*,*,#4592,.F.);
#5958=ORIENTED_EDGE('',*,*,#4593,.F.);
#5959=ORIENTED_EDGE('',*,*,#4567,.T.);
#5960=ORIENTED_EDGE('',*,*,#4593,.T.);
#5961=ORIENTED_EDGE('',*,*,#4594,.F.);
#5962=ORIENTED_EDGE('',*,*,#4466,.F.);
#5963=ORIENTED_EDGE('',*,*,#4568,.T.);
#5964=ORIENTED_EDGE('',*,*,#4594,.T.);
#5965=ORIENTED_EDGE('',*,*,#4592,.T.);
#5966=ORIENTED_EDGE('',*,*,#4590,.T.);
#5967=ORIENTED_EDGE('',*,*,#4588,.T.);
#5968=ORIENTED_EDGE('',*,*,#4586,.T.);
#5969=ORIENTED_EDGE('',*,*,#4584,.T.);
#5970=ORIENTED_EDGE('',*,*,#4582,.T.);
#5971=ORIENTED_EDGE('',*,*,#4461,.T.);
#5972=ORIENTED_EDGE('',*,*,#4581,.T.);
#5973=ORIENTED_EDGE('',*,*,#4579,.T.);
#5974=ORIENTED_EDGE('',*,*,#4577,.T.);
#5975=ORIENTED_EDGE('',*,*,#4575,.T.);
#5976=ORIENTED_EDGE('',*,*,#4573,.T.);
#5977=ORIENTED_EDGE('',*,*,#4571,.T.);
#5978=ORIENTED_EDGE('',*,*,#4569,.T.);
#5979=ORIENTED_EDGE('',*,*,#4463,.T.);
#5980=ORIENTED_EDGE('',*,*,#4541,.T.);
#5981=ORIENTED_EDGE('',*,*,#4595,.T.);
#5982=ORIENTED_EDGE('',*,*,#4458,.F.);
#5983=ORIENTED_EDGE('',*,*,#4595,.F.);
#5984=ORIENTED_EDGE('',*,*,#4596,.F.);
#5985=ORIENTED_EDGE('',*,*,#4597,.F.);
#5986=ORIENTED_EDGE('',*,*,#4598,.F.);
#5987=ORIENTED_EDGE('',*,*,#4599,.F.);
#5988=ORIENTED_EDGE('',*,*,#4600,.F.);
#5989=ORIENTED_EDGE('',*,*,#4601,.F.);
#5990=ORIENTED_EDGE('',*,*,#4602,.F.);
#5991=ORIENTED_EDGE('',*,*,#4603,.F.);
#5992=ORIENTED_EDGE('',*,*,#4597,.T.);
#5993=ORIENTED_EDGE('',*,*,#4604,.T.);
#5994=ORIENTED_EDGE('',*,*,#4605,.F.);
#5995=ORIENTED_EDGE('',*,*,#4606,.F.);
#5996=ORIENTED_EDGE('',*,*,#4596,.T.);
#5997=ORIENTED_EDGE('',*,*,#4607,.T.);
#5998=ORIENTED_EDGE('',*,*,#4608,.F.);
#5999=ORIENTED_EDGE('',*,*,#4604,.F.);
#6000=ORIENTED_EDGE('',*,*,#4609,.F.);
#6001=ORIENTED_EDGE('',*,*,#4610,.T.);
#6002=ORIENTED_EDGE('',*,*,#4611,.T.);
#6003=ORIENTED_EDGE('',*,*,#4612,.F.);
#6004=ORIENTED_EDGE('',*,*,#4613,.F.);
#6005=ORIENTED_EDGE('',*,*,#4614,.T.);
#6006=ORIENTED_EDGE('',*,*,#4615,.T.);
#6007=ORIENTED_EDGE('',*,*,#4610,.F.);
#6008=ORIENTED_EDGE('',*,*,#4616,.F.);
#6009=ORIENTED_EDGE('',*,*,#4617,.T.);
#6010=ORIENTED_EDGE('',*,*,#4618,.T.);
#6011=ORIENTED_EDGE('',*,*,#4614,.F.);
#6012=ORIENTED_EDGE('',*,*,#4619,.F.);
#6013=ORIENTED_EDGE('',*,*,#4620,.T.);
#6014=ORIENTED_EDGE('',*,*,#4621,.T.);
#6015=ORIENTED_EDGE('',*,*,#4617,.F.);
#6016=ORIENTED_EDGE('',*,*,#4622,.F.);
#6017=ORIENTED_EDGE('',*,*,#4623,.T.);
#6018=ORIENTED_EDGE('',*,*,#4624,.T.);
#6019=ORIENTED_EDGE('',*,*,#4620,.F.);
#6020=ORIENTED_EDGE('',*,*,#4625,.F.);
#6021=ORIENTED_EDGE('',*,*,#4612,.T.);
#6022=ORIENTED_EDGE('',*,*,#4626,.T.);
#6023=ORIENTED_EDGE('',*,*,#4623,.F.);
#6024=ORIENTED_EDGE('',*,*,#4626,.F.);
#6025=ORIENTED_EDGE('',*,*,#4611,.F.);
#6026=ORIENTED_EDGE('',*,*,#4615,.F.);
#6027=ORIENTED_EDGE('',*,*,#4618,.F.);
#6028=ORIENTED_EDGE('',*,*,#4621,.F.);
#6029=ORIENTED_EDGE('',*,*,#4624,.F.);
#6030=ORIENTED_EDGE('',*,*,#4627,.F.);
#6031=ORIENTED_EDGE('',*,*,#4628,.F.);
#6032=ORIENTED_EDGE('',*,*,#4629,.T.);
#6033=ORIENTED_EDGE('',*,*,#4630,.T.);
#6034=ORIENTED_EDGE('',*,*,#4631,.T.);
#6035=ORIENTED_EDGE('',*,*,#4631,.F.);
#6036=ORIENTED_EDGE('',*,*,#4632,.F.);
#6037=ORIENTED_EDGE('',*,*,#4633,.F.);
#6038=ORIENTED_EDGE('',*,*,#4634,.F.);
#6039=ORIENTED_EDGE('',*,*,#4635,.F.);
#6040=ORIENTED_EDGE('',*,*,#4633,.T.);
#6041=ORIENTED_EDGE('',*,*,#4636,.T.);
#6042=ORIENTED_EDGE('',*,*,#4637,.T.);
#6043=ORIENTED_EDGE('',*,*,#4637,.F.);
#6044=ORIENTED_EDGE('',*,*,#4638,.F.);
#6045=ORIENTED_EDGE('',*,*,#4639,.F.);
#6046=ORIENTED_EDGE('',*,*,#4640,.F.);
#6047=ORIENTED_EDGE('',*,*,#4641,.T.);
#6048=ORIENTED_EDGE('',*,*,#4639,.T.);
#6049=ORIENTED_EDGE('',*,*,#4642,.F.);
#6050=ORIENTED_EDGE('',*,*,#4643,.T.);
#6051=ORIENTED_EDGE('',*,*,#4644,.F.);
#6052=ORIENTED_EDGE('',*,*,#4645,.F.);
#6053=ORIENTED_EDGE('',*,*,#4646,.T.);
#6054=ORIENTED_EDGE('',*,*,#4647,.T.);
#6055=ORIENTED_EDGE('',*,*,#4648,.F.);
#6056=ORIENTED_EDGE('',*,*,#4608,.T.);
#6057=ORIENTED_EDGE('',*,*,#4649,.T.);
#6058=ORIENTED_EDGE('',*,*,#4650,.T.);
#6059=ORIENTED_EDGE('',*,*,#4605,.T.);
#6060=ORIENTED_EDGE('',*,*,#4651,.F.);
#6061=ORIENTED_EDGE('',*,*,#4652,.T.);
#6062=ORIENTED_EDGE('',*,*,#4653,.T.);
#6063=ORIENTED_EDGE('',*,*,#4646,.F.);
#6064=ORIENTED_EDGE('',*,*,#4654,.T.);
#6065=ORIENTED_EDGE('',*,*,#4655,.F.);
#6066=ORIENTED_EDGE('',*,*,#4656,.T.);
#6067=ORIENTED_EDGE('',*,*,#4657,.F.);
#6068=ORIENTED_EDGE('',*,*,#4658,.T.);
#6069=ORIENTED_EDGE('',*,*,#4659,.T.);
#6070=ORIENTED_EDGE('',*,*,#4660,.T.);
#6071=ORIENTED_EDGE('',*,*,#4661,.T.);
#6072=ORIENTED_EDGE('',*,*,#4662,.F.);
#6073=ORIENTED_EDGE('',*,*,#4663,.T.);
#6074=ORIENTED_EDGE('',*,*,#4664,.F.);
#6075=ORIENTED_EDGE('',*,*,#4657,.T.);
#6076=ORIENTED_EDGE('',*,*,#4665,.T.);
#6077=ORIENTED_EDGE('',*,*,#4666,.T.);
#6078=ORIENTED_EDGE('',*,*,#4667,.F.);
#6079=ORIENTED_EDGE('',*,*,#4651,.T.);
#6080=ORIENTED_EDGE('',*,*,#4668,.F.);
#6081=ORIENTED_EDGE('',*,*,#4663,.F.);
#6082=ORIENTED_EDGE('',*,*,#4669,.F.);
#6083=ORIENTED_EDGE('',*,*,#4648,.T.);
#6084=ORIENTED_EDGE('',*,*,#4670,.T.);
#6085=ORIENTED_EDGE('',*,*,#4671,.F.);
#6086=ORIENTED_EDGE('',*,*,#4667,.T.);
#6087=ORIENTED_EDGE('',*,*,#4672,.T.);
#6088=ORIENTED_EDGE('',*,*,#4655,.T.);
#6089=ORIENTED_EDGE('',*,*,#4673,.F.);
#6090=ORIENTED_EDGE('',*,*,#4643,.F.);
#6091=ORIENTED_EDGE('',*,*,#4671,.T.);
#6092=ORIENTED_EDGE('',*,*,#4642,.T.);
#6093=ORIENTED_EDGE('',*,*,#4638,.T.);
#6094=ORIENTED_EDGE('',*,*,#4636,.F.);
#6095=ORIENTED_EDGE('',*,*,#4632,.T.);
#6096=ORIENTED_EDGE('',*,*,#4630,.F.);
#6097=ORIENTED_EDGE('',*,*,#4674,.T.);
#6098=ORIENTED_EDGE('',*,*,#4660,.F.);
#6099=ORIENTED_EDGE('',*,*,#4675,.T.);
#6100=ORIENTED_EDGE('',*,*,#4676,.T.);
#6101=ORIENTED_EDGE('',*,*,#4677,.T.);
#6102=ORIENTED_EDGE('',*,*,#4678,.T.);
#6103=ORIENTED_EDGE('',*,*,#4679,.T.);
#6104=ORIENTED_EDGE('',*,*,#4680,.T.);
#6105=ORIENTED_EDGE('',*,*,#4681,.F.);
#6106=ORIENTED_EDGE('',*,*,#4676,.F.);
#6107=ORIENTED_EDGE('',*,*,#4682,.F.);
#6108=ORIENTED_EDGE('',*,*,#4683,.F.);
#6109=ORIENTED_EDGE('',*,*,#4682,.T.);
#6110=ORIENTED_EDGE('',*,*,#4675,.F.);
#6111=ORIENTED_EDGE('',*,*,#4681,.T.);
#6112=ORIENTED_EDGE('',*,*,#4684,.F.);
#6113=ORIENTED_EDGE('',*,*,#4685,.F.);
#6114=ORIENTED_EDGE('',*,*,#4678,.F.);
#6115=ORIENTED_EDGE('',*,*,#4686,.F.);
#6116=ORIENTED_EDGE('',*,*,#4687,.F.);
#6117=ORIENTED_EDGE('',*,*,#4686,.T.);
#6118=ORIENTED_EDGE('',*,*,#4677,.F.);
#6119=ORIENTED_EDGE('',*,*,#4685,.T.);
#6120=ORIENTED_EDGE('',*,*,#4688,.F.);
#6121=ORIENTED_EDGE('',*,*,#4679,.F.);
#6122=ORIENTED_EDGE('',*,*,#4689,.T.);
#6123=ORIENTED_EDGE('',*,*,#4690,.F.);
#6124=ORIENTED_EDGE('',*,*,#4689,.F.);
#6125=ORIENTED_EDGE('',*,*,#4680,.F.);
#6126=ORIENTED_EDGE('',*,*,#4691,.T.);
#6127=ORIENTED_EDGE('',*,*,#4627,.T.);
#6128=ORIENTED_EDGE('',*,*,#4691,.F.);
#6129=ORIENTED_EDGE('',*,*,#4629,.F.);
#6130=ORIENTED_EDGE('',*,*,#4692,.F.);
#6131=ORIENTED_EDGE('',*,*,#4661,.F.);
#6132=ORIENTED_EDGE('',*,*,#4674,.F.);
#6133=ORIENTED_EDGE('',*,*,#4669,.T.);
#6134=ORIENTED_EDGE('',*,*,#4662,.T.);
#6135=ORIENTED_EDGE('',*,*,#4692,.T.);
#6136=ORIENTED_EDGE('',*,*,#4628,.T.);
#6137=ORIENTED_EDGE('',*,*,#4634,.T.);
#6138=ORIENTED_EDGE('',*,*,#4635,.T.);
#6139=ORIENTED_EDGE('',*,*,#4640,.T.);
#6140=ORIENTED_EDGE('',*,*,#4641,.F.);
#6141=ORIENTED_EDGE('',*,*,#4609,.T.);
#6142=ORIENTED_EDGE('',*,*,#4625,.T.);
#6143=ORIENTED_EDGE('',*,*,#4622,.T.);
#6144=ORIENTED_EDGE('',*,*,#4619,.T.);
#6145=ORIENTED_EDGE('',*,*,#4616,.T.);
#6146=ORIENTED_EDGE('',*,*,#4613,.T.);
#6147=ORIENTED_EDGE('',*,*,#4684,.T.);
#6148=ORIENTED_EDGE('',*,*,#4683,.T.);
#6149=ORIENTED_EDGE('',*,*,#4688,.T.);
#6150=ORIENTED_EDGE('',*,*,#4687,.T.);
#6151=ORIENTED_EDGE('',*,*,#4690,.T.);
#6152=ORIENTED_EDGE('',*,*,#4658,.F.);
#6153=ORIENTED_EDGE('',*,*,#4664,.T.);
#6154=ORIENTED_EDGE('',*,*,#4668,.T.);
#6155=ORIENTED_EDGE('',*,*,#4659,.F.);
#6156=ORIENTED_EDGE('',*,*,#4693,.T.);
#6157=ORIENTED_EDGE('',*,*,#4603,.T.);
#6158=ORIENTED_EDGE('',*,*,#4693,.F.);
#6159=ORIENTED_EDGE('',*,*,#4672,.F.);
#6160=ORIENTED_EDGE('',*,*,#4666,.F.);
#6161=ORIENTED_EDGE('',*,*,#4694,.T.);
#6162=ORIENTED_EDGE('',*,*,#4602,.T.);
#6163=ORIENTED_EDGE('',*,*,#4694,.F.);
#6164=ORIENTED_EDGE('',*,*,#4665,.F.);
#6165=ORIENTED_EDGE('',*,*,#4656,.F.);
#6166=ORIENTED_EDGE('',*,*,#4654,.F.);
#6167=ORIENTED_EDGE('',*,*,#4645,.T.);
#6168=ORIENTED_EDGE('',*,*,#4695,.T.);
#6169=ORIENTED_EDGE('',*,*,#4601,.T.);
#6170=ORIENTED_EDGE('',*,*,#4695,.F.);
#6171=ORIENTED_EDGE('',*,*,#4644,.T.);
#6172=ORIENTED_EDGE('',*,*,#4673,.T.);
#6173=ORIENTED_EDGE('',*,*,#4652,.F.);
#6174=ORIENTED_EDGE('',*,*,#4670,.F.);
#6175=ORIENTED_EDGE('',*,*,#4647,.F.);
#6176=ORIENTED_EDGE('',*,*,#4653,.F.);
#6177=ORIENTED_EDGE('',*,*,#4696,.T.);
#6178=ORIENTED_EDGE('',*,*,#4600,.T.);
#6179=ORIENTED_EDGE('',*,*,#4696,.F.);
#6180=ORIENTED_EDGE('',*,*,#4598,.T.);
#6181=ORIENTED_EDGE('',*,*,#4606,.T.);
#6182=ORIENTED_EDGE('',*,*,#4650,.F.);
#6183=ORIENTED_EDGE('',*,*,#4697,.F.);
#6184=ORIENTED_EDGE('',*,*,#4599,.T.);
#6185=ORIENTED_EDGE('',*,*,#4697,.T.);
#6186=ORIENTED_EDGE('',*,*,#4649,.F.);
#6187=ORIENTED_EDGE('',*,*,#4607,.F.);
#6188=ORIENTED_EDGE('',*,*,#4698,.F.);
#6189=ORIENTED_EDGE('',*,*,#4699,.F.);
#6190=ORIENTED_EDGE('',*,*,#4700,.F.);
#6191=ORIENTED_EDGE('',*,*,#4701,.F.);
#6192=ORIENTED_EDGE('',*,*,#4701,.T.);
#6193=ORIENTED_EDGE('',*,*,#4702,.T.);
#6194=ORIENTED_EDGE('',*,*,#4703,.F.);
#6195=ORIENTED_EDGE('',*,*,#4704,.F.);
#6196=ORIENTED_EDGE('',*,*,#4705,.F.);
#6197=ORIENTED_EDGE('',*,*,#4706,.F.);
#6198=ORIENTED_EDGE('',*,*,#4707,.F.);
#6199=ORIENTED_EDGE('',*,*,#4708,.F.);
#6200=ORIENTED_EDGE('',*,*,#4708,.T.);
#6201=ORIENTED_EDGE('',*,*,#4709,.T.);
#6202=ORIENTED_EDGE('',*,*,#4710,.F.);
#6203=ORIENTED_EDGE('',*,*,#4711,.F.);
#6204=ORIENTED_EDGE('',*,*,#4712,.F.);
#6205=ORIENTED_EDGE('',*,*,#4713,.F.);
#6206=ORIENTED_EDGE('',*,*,#4714,.F.);
#6207=ORIENTED_EDGE('',*,*,#4715,.F.);
#6208=ORIENTED_EDGE('',*,*,#4715,.T.);
#6209=ORIENTED_EDGE('',*,*,#4716,.T.);
#6210=ORIENTED_EDGE('',*,*,#4717,.F.);
#6211=ORIENTED_EDGE('',*,*,#4718,.F.);
#6212=ORIENTED_EDGE('',*,*,#4719,.F.);
#6213=ORIENTED_EDGE('',*,*,#4720,.F.);
#6214=ORIENTED_EDGE('',*,*,#4721,.F.);
#6215=ORIENTED_EDGE('',*,*,#4722,.F.);
#6216=ORIENTED_EDGE('',*,*,#4722,.T.);
#6217=ORIENTED_EDGE('',*,*,#4723,.T.);
#6218=ORIENTED_EDGE('',*,*,#4724,.F.);
#6219=ORIENTED_EDGE('',*,*,#4725,.F.);
#6220=ORIENTED_EDGE('',*,*,#4720,.T.);
#6221=ORIENTED_EDGE('',*,*,#4726,.F.);
#6222=ORIENTED_EDGE('',*,*,#4727,.T.);
#6223=ORIENTED_EDGE('',*,*,#4728,.T.);
#6224=ORIENTED_EDGE('',*,*,#4729,.F.);
#6225=ORIENTED_EDGE('',*,*,#4717,.T.);
#6226=ORIENTED_EDGE('',*,*,#4730,.T.);
#6227=ORIENTED_EDGE('',*,*,#4727,.F.);
#6228=ORIENTED_EDGE('',*,*,#4713,.T.);
#6229=ORIENTED_EDGE('',*,*,#4731,.F.);
#6230=ORIENTED_EDGE('',*,*,#4732,.T.);
#6231=ORIENTED_EDGE('',*,*,#4733,.T.);
#6232=ORIENTED_EDGE('',*,*,#4734,.F.);
#6233=ORIENTED_EDGE('',*,*,#4710,.T.);
#6234=ORIENTED_EDGE('',*,*,#4735,.T.);
#6235=ORIENTED_EDGE('',*,*,#4732,.F.);
#6236=ORIENTED_EDGE('',*,*,#4706,.T.);
#6237=ORIENTED_EDGE('',*,*,#4736,.F.);
#6238=ORIENTED_EDGE('',*,*,#4737,.T.);
#6239=ORIENTED_EDGE('',*,*,#4738,.T.);
#6240=ORIENTED_EDGE('',*,*,#4739,.F.);
#6241=ORIENTED_EDGE('',*,*,#4703,.T.);
#6242=ORIENTED_EDGE('',*,*,#4740,.T.);
#6243=ORIENTED_EDGE('',*,*,#4737,.F.);
#6244=ORIENTED_EDGE('',*,*,#4699,.T.);
#6245=ORIENTED_EDGE('',*,*,#4741,.F.);
#6246=ORIENTED_EDGE('',*,*,#4742,.T.);
#6247=ORIENTED_EDGE('',*,*,#4743,.T.);
#6248=ORIENTED_EDGE('',*,*,#4744,.F.);
#6249=ORIENTED_EDGE('',*,*,#4724,.T.);
#6250=ORIENTED_EDGE('',*,*,#4745,.T.);
#6251=ORIENTED_EDGE('',*,*,#4742,.F.);
#6252=ORIENTED_EDGE('',*,*,#4723,.F.);
#6253=ORIENTED_EDGE('',*,*,#4721,.T.);
#6254=ORIENTED_EDGE('',*,*,#4728,.F.);
#6255=ORIENTED_EDGE('',*,*,#4730,.F.);
#6256=ORIENTED_EDGE('',*,*,#4716,.F.);
#6257=ORIENTED_EDGE('',*,*,#4714,.T.);
#6258=ORIENTED_EDGE('',*,*,#4733,.F.);
#6259=ORIENTED_EDGE('',*,*,#4735,.F.);
#6260=ORIENTED_EDGE('',*,*,#4709,.F.);
#6261=ORIENTED_EDGE('',*,*,#4707,.T.);
#6262=ORIENTED_EDGE('',*,*,#4738,.F.);
#6263=ORIENTED_EDGE('',*,*,#4740,.F.);
#6264=ORIENTED_EDGE('',*,*,#4702,.F.);
#6265=ORIENTED_EDGE('',*,*,#4700,.T.);
#6266=ORIENTED_EDGE('',*,*,#4743,.F.);
#6267=ORIENTED_EDGE('',*,*,#4745,.F.);
#6268=ORIENTED_EDGE('',*,*,#4746,.T.);
#6269=ORIENTED_EDGE('',*,*,#4747,.T.);
#6270=ORIENTED_EDGE('',*,*,#4748,.T.);
#6271=ORIENTED_EDGE('',*,*,#4747,.F.);
#6272=ORIENTED_EDGE('',*,*,#4749,.T.);
#6273=ORIENTED_EDGE('',*,*,#4746,.F.);
#6274=ORIENTED_EDGE('',*,*,#4750,.F.);
#6275=ORIENTED_EDGE('',*,*,#4751,.T.);
#6276=ORIENTED_EDGE('',*,*,#4748,.F.);
#6277=ORIENTED_EDGE('',*,*,#4751,.F.);
#6278=ORIENTED_EDGE('',*,*,#4752,.T.);
#6279=ORIENTED_EDGE('',*,*,#4753,.T.);
#6280=ORIENTED_EDGE('',*,*,#4754,.T.);
#6281=ORIENTED_EDGE('',*,*,#4753,.F.);
#6282=ORIENTED_EDGE('',*,*,#4754,.F.);
#6283=ORIENTED_EDGE('',*,*,#4719,.T.);
#6284=ORIENTED_EDGE('',*,*,#4725,.T.);
#6285=ORIENTED_EDGE('',*,*,#4744,.T.);
#6286=ORIENTED_EDGE('',*,*,#4741,.T.);
#6287=ORIENTED_EDGE('',*,*,#4698,.T.);
#6288=ORIENTED_EDGE('',*,*,#4704,.T.);
#6289=ORIENTED_EDGE('',*,*,#4739,.T.);
#6290=ORIENTED_EDGE('',*,*,#4736,.T.);
#6291=ORIENTED_EDGE('',*,*,#4705,.T.);
#6292=ORIENTED_EDGE('',*,*,#4711,.T.);
#6293=ORIENTED_EDGE('',*,*,#4734,.T.);
#6294=ORIENTED_EDGE('',*,*,#4731,.T.);
#6295=ORIENTED_EDGE('',*,*,#4712,.T.);
#6296=ORIENTED_EDGE('',*,*,#4718,.T.);
#6297=ORIENTED_EDGE('',*,*,#4729,.T.);
#6298=ORIENTED_EDGE('',*,*,#4726,.T.);
#6299=ORIENTED_EDGE('',*,*,#4749,.F.);
#6300=ORIENTED_EDGE('',*,*,#4755,.T.);
#6301=ORIENTED_EDGE('',*,*,#4752,.F.);
#6302=ORIENTED_EDGE('',*,*,#4755,.F.);
#6303=ORIENTED_EDGE('',*,*,#4756,.F.);
#6304=ORIENTED_EDGE('',*,*,#4757,.T.);
#6305=ORIENTED_EDGE('',*,*,#4750,.T.);
#6306=ORIENTED_EDGE('',*,*,#4757,.F.);
#6307=ORIENTED_EDGE('',*,*,#4758,.F.);
#6308=ORIENTED_EDGE('',*,*,#4759,.T.);
#6309=ORIENTED_EDGE('',*,*,#4756,.T.);
#6310=ORIENTED_EDGE('',*,*,#4759,.F.);
#6311=ORIENTED_EDGE('',*,*,#4758,.T.);
#6312=ORIENTED_EDGE('',*,*,#4760,.F.);
#6313=ORIENTED_EDGE('',*,*,#4761,.T.);
#6314=ORIENTED_EDGE('',*,*,#4762,.F.);
#6315=ORIENTED_EDGE('',*,*,#4761,.F.);
#6316=ORIENTED_EDGE('',*,*,#4763,.F.);
#6317=ORIENTED_EDGE('',*,*,#4764,.T.);
#6318=ORIENTED_EDGE('',*,*,#4765,.F.);
#6319=ORIENTED_EDGE('',*,*,#4764,.F.);
#6320=ORIENTED_EDGE('',*,*,#4766,.F.);
#6321=ORIENTED_EDGE('',*,*,#4767,.F.);
#6322=ORIENTED_EDGE('',*,*,#4768,.F.);
#6323=ORIENTED_EDGE('',*,*,#4769,.F.);
#6324=ORIENTED_EDGE('',*,*,#4768,.T.);
#6325=ORIENTED_EDGE('',*,*,#4770,.F.);
#6326=ORIENTED_EDGE('',*,*,#4771,.T.);
#6327=ORIENTED_EDGE('',*,*,#4772,.F.);
#6328=ORIENTED_EDGE('',*,*,#4773,.F.);
#6329=ORIENTED_EDGE('',*,*,#4774,.T.);
#6330=ORIENTED_EDGE('',*,*,#4775,.T.);
#6331=ORIENTED_EDGE('',*,*,#4776,.T.);
#6332=ORIENTED_EDGE('',*,*,#4777,.T.);
#6333=ORIENTED_EDGE('',*,*,#4770,.T.);
#6334=ORIENTED_EDGE('',*,*,#4767,.T.);
#6335=ORIENTED_EDGE('',*,*,#4778,.T.);
#6336=ORIENTED_EDGE('',*,*,#4779,.T.);
#6337=ORIENTED_EDGE('',*,*,#4774,.F.);
#6338=ORIENTED_EDGE('',*,*,#4766,.T.);
#6339=ORIENTED_EDGE('',*,*,#4780,.F.);
#6340=ORIENTED_EDGE('',*,*,#4781,.F.);
#6341=ORIENTED_EDGE('',*,*,#4778,.F.);
#6342=ORIENTED_EDGE('',*,*,#4781,.T.);
#6343=ORIENTED_EDGE('',*,*,#4782,.F.);
#6344=ORIENTED_EDGE('',*,*,#4783,.F.);
#6345=ORIENTED_EDGE('',*,*,#4784,.F.);
#6346=ORIENTED_EDGE('',*,*,#4775,.F.);
#6347=ORIENTED_EDGE('',*,*,#4779,.F.);
#6348=ORIENTED_EDGE('',*,*,#4784,.T.);
#6349=ORIENTED_EDGE('',*,*,#4785,.F.);
#6350=ORIENTED_EDGE('',*,*,#4786,.F.);
#6351=ORIENTED_EDGE('',*,*,#4776,.F.);
#6352=ORIENTED_EDGE('',*,*,#4786,.T.);
#6353=ORIENTED_EDGE('',*,*,#4787,.F.);
#6354=ORIENTED_EDGE('',*,*,#4771,.F.);
#6355=ORIENTED_EDGE('',*,*,#4777,.F.);
#6356=ORIENTED_EDGE('',*,*,#4788,.F.);
#6357=ORIENTED_EDGE('',*,*,#4763,.T.);
#6358=ORIENTED_EDGE('',*,*,#4769,.T.);
#6359=ORIENTED_EDGE('',*,*,#4772,.T.);
#6360=ORIENTED_EDGE('',*,*,#4787,.T.);
#6361=ORIENTED_EDGE('',*,*,#4785,.T.);
#6362=ORIENTED_EDGE('',*,*,#4783,.T.);
#6363=ORIENTED_EDGE('',*,*,#4789,.T.);
#6364=ORIENTED_EDGE('',*,*,#4788,.T.);
#6365=ORIENTED_EDGE('',*,*,#4789,.F.);
#6366=ORIENTED_EDGE('',*,*,#4782,.T.);
#6367=ORIENTED_EDGE('',*,*,#4780,.T.);
#6368=ORIENTED_EDGE('',*,*,#4773,.T.);
#6369=ORIENTED_EDGE('',*,*,#4762,.T.);
#6370=ORIENTED_EDGE('',*,*,#4760,.T.);
#6371=ORIENTED_EDGE('',*,*,#4790,.T.);
#6372=ORIENTED_EDGE('',*,*,#4765,.T.);
#6373=ORIENTED_EDGE('',*,*,#4790,.F.);
#6374=ORIENTED_EDGE('',*,*,#4791,.T.);
#6375=ORIENTED_EDGE('',*,*,#4792,.F.);
#6376=ORIENTED_EDGE('',*,*,#4793,.T.);
#6377=ORIENTED_EDGE('',*,*,#4794,.T.);
#6378=ORIENTED_EDGE('',*,*,#4795,.T.);
#6379=ORIENTED_EDGE('',*,*,#4796,.F.);
#6380=ORIENTED_EDGE('',*,*,#4797,.T.);
#6381=ORIENTED_EDGE('',*,*,#4792,.T.);
#6382=ORIENTED_EDGE('',*,*,#4798,.T.);
#6383=ORIENTED_EDGE('',*,*,#4799,.T.);
#6384=ORIENTED_EDGE('',*,*,#4800,.T.);
#6385=ORIENTED_EDGE('',*,*,#4796,.T.);
#6386=ORIENTED_EDGE('',*,*,#4801,.T.);
#6387=ORIENTED_EDGE('',*,*,#4802,.F.);
#6388=ORIENTED_EDGE('',*,*,#4803,.T.);
#6389=ORIENTED_EDGE('',*,*,#4799,.F.);
#6390=ORIENTED_EDGE('',*,*,#4804,.T.);
#6391=ORIENTED_EDGE('',*,*,#4805,.F.);
#6392=ORIENTED_EDGE('',*,*,#4806,.T.);
#6393=ORIENTED_EDGE('',*,*,#4802,.T.);
#6394=ORIENTED_EDGE('',*,*,#4807,.T.);
#6395=ORIENTED_EDGE('',*,*,#4808,.F.);
#6396=ORIENTED_EDGE('',*,*,#4809,.T.);
#6397=ORIENTED_EDGE('',*,*,#4805,.T.);
#6398=ORIENTED_EDGE('',*,*,#4810,.T.);
#6399=ORIENTED_EDGE('',*,*,#4811,.T.);
#6400=ORIENTED_EDGE('',*,*,#4812,.T.);
#6401=ORIENTED_EDGE('',*,*,#4808,.T.);
#6402=ORIENTED_EDGE('',*,*,#4813,.T.);
#6403=ORIENTED_EDGE('',*,*,#4814,.F.);
#6404=ORIENTED_EDGE('',*,*,#4815,.F.);
#6405=ORIENTED_EDGE('',*,*,#4816,.F.);
#6406=ORIENTED_EDGE('',*,*,#4817,.T.);
#6407=ORIENTED_EDGE('',*,*,#4816,.T.);
#6408=ORIENTED_EDGE('',*,*,#4818,.T.);
#6409=ORIENTED_EDGE('',*,*,#4811,.F.);
#6410=ORIENTED_EDGE('',*,*,#4819,.F.);
#6411=ORIENTED_EDGE('',*,*,#4820,.T.);
#6412=ORIENTED_EDGE('',*,*,#4821,.F.);
#6413=ORIENTED_EDGE('',*,*,#4822,.T.);
#6414=ORIENTED_EDGE('',*,*,#4791,.F.);
#6415=ORIENTED_EDGE('',*,*,#4823,.T.);
#6416=ORIENTED_EDGE('',*,*,#4821,.T.);
#6417=ORIENTED_EDGE('',*,*,#4824,.T.);
#6418=ORIENTED_EDGE('',*,*,#4825,.T.);
#6419=ORIENTED_EDGE('',*,*,#4826,.T.);
#6420=ORIENTED_EDGE('',*,*,#4827,.T.);
#6421=ORIENTED_EDGE('',*,*,#4828,.F.);
#6422=ORIENTED_EDGE('',*,*,#4829,.T.);
#6423=ORIENTED_EDGE('',*,*,#4813,.F.);
#6424=ORIENTED_EDGE('',*,*,#4817,.F.);
#6425=ORIENTED_EDGE('',*,*,#4810,.F.);
#6426=ORIENTED_EDGE('',*,*,#4807,.F.);
#6427=ORIENTED_EDGE('',*,*,#4804,.F.);
#6428=ORIENTED_EDGE('',*,*,#4801,.F.);
#6429=ORIENTED_EDGE('',*,*,#4798,.F.);
#6430=ORIENTED_EDGE('',*,*,#4795,.F.);
#6431=ORIENTED_EDGE('',*,*,#4830,.F.);
#6432=ORIENTED_EDGE('',*,*,#4828,.T.);
#6433=ORIENTED_EDGE('',*,*,#4831,.F.);
#6434=ORIENTED_EDGE('',*,*,#4832,.F.);
#6435=ORIENTED_EDGE('',*,*,#4793,.F.);
#6436=ORIENTED_EDGE('',*,*,#4797,.F.);
#6437=ORIENTED_EDGE('',*,*,#4800,.F.);
#6438=ORIENTED_EDGE('',*,*,#4803,.F.);
#6439=ORIENTED_EDGE('',*,*,#4806,.F.);
#6440=ORIENTED_EDGE('',*,*,#4809,.F.);
#6441=ORIENTED_EDGE('',*,*,#4812,.F.);
#6442=ORIENTED_EDGE('',*,*,#4818,.F.);
#6443=ORIENTED_EDGE('',*,*,#4815,.T.);
#6444=ORIENTED_EDGE('',*,*,#4833,.T.);
#6445=ORIENTED_EDGE('',*,*,#4832,.T.);
#6446=ORIENTED_EDGE('',*,*,#4834,.T.);
#6447=ORIENTED_EDGE('',*,*,#4835,.T.);
#6448=ORIENTED_EDGE('',*,*,#4836,.T.);
#6449=ORIENTED_EDGE('',*,*,#4837,.F.);
#6450=ORIENTED_EDGE('',*,*,#4819,.T.);
#6451=ORIENTED_EDGE('',*,*,#4838,.F.);
#6452=ORIENTED_EDGE('',*,*,#4822,.F.);
#6453=ORIENTED_EDGE('',*,*,#4823,.F.);
#6454=ORIENTED_EDGE('',*,*,#4794,.F.);
#6455=ORIENTED_EDGE('',*,*,#4838,.T.);
#6456=ORIENTED_EDGE('',*,*,#4839,.F.);
#6457=ORIENTED_EDGE('',*,*,#4824,.F.);
#6458=ORIENTED_EDGE('',*,*,#4820,.F.);
#6459=ORIENTED_EDGE('',*,*,#4837,.T.);
#6460=ORIENTED_EDGE('',*,*,#4839,.T.);
#6461=ORIENTED_EDGE('',*,*,#4836,.F.);
#6462=ORIENTED_EDGE('',*,*,#4840,.T.);
#6463=ORIENTED_EDGE('',*,*,#4825,.F.);
#6464=ORIENTED_EDGE('',*,*,#4841,.F.);
#6465=ORIENTED_EDGE('',*,*,#4826,.F.);
#6466=ORIENTED_EDGE('',*,*,#4840,.F.);
#6467=ORIENTED_EDGE('',*,*,#4835,.F.);
#6468=ORIENTED_EDGE('',*,*,#4842,.T.);
#6469=ORIENTED_EDGE('',*,*,#4843,.T.);
#6470=ORIENTED_EDGE('',*,*,#4844,.T.);
#6471=ORIENTED_EDGE('',*,*,#4845,.T.);
#6472=ORIENTED_EDGE('',*,*,#4841,.T.);
#6473=ORIENTED_EDGE('',*,*,#4834,.F.);
#6474=ORIENTED_EDGE('',*,*,#4831,.T.);
#6475=ORIENTED_EDGE('',*,*,#4827,.F.);
#6476=ORIENTED_EDGE('',*,*,#4846,.F.);
#6477=ORIENTED_EDGE('',*,*,#4847,.F.);
#6478=ORIENTED_EDGE('',*,*,#4848,.T.);
#6479=ORIENTED_EDGE('',*,*,#4844,.F.);
#6480=ORIENTED_EDGE('',*,*,#4848,.F.);
#6481=ORIENTED_EDGE('',*,*,#4849,.T.);
#6482=ORIENTED_EDGE('',*,*,#4846,.T.);
#6483=ORIENTED_EDGE('',*,*,#4847,.T.);
#6484=ORIENTED_EDGE('',*,*,#4849,.F.);
#6485=ORIENTED_EDGE('',*,*,#4850,.F.);
#6486=ORIENTED_EDGE('',*,*,#4851,.F.);
#6487=ORIENTED_EDGE('',*,*,#4852,.T.);
#6488=ORIENTED_EDGE('',*,*,#4845,.F.);
#6489=ORIENTED_EDGE('',*,*,#4852,.F.);
#6490=ORIENTED_EDGE('',*,*,#4853,.T.);
#6491=ORIENTED_EDGE('',*,*,#4850,.T.);
#6492=ORIENTED_EDGE('',*,*,#4851,.T.);
#6493=ORIENTED_EDGE('',*,*,#4853,.F.);
#6494=ORIENTED_EDGE('',*,*,#4854,.F.);
#6495=ORIENTED_EDGE('',*,*,#4855,.F.);
#6496=ORIENTED_EDGE('',*,*,#4856,.T.);
#6497=ORIENTED_EDGE('',*,*,#4843,.F.);
#6498=ORIENTED_EDGE('',*,*,#4856,.F.);
#6499=ORIENTED_EDGE('',*,*,#4857,.T.);
#6500=ORIENTED_EDGE('',*,*,#4854,.T.);
#6501=ORIENTED_EDGE('',*,*,#4855,.T.);
#6502=ORIENTED_EDGE('',*,*,#4857,.F.);
#6503=ORIENTED_EDGE('',*,*,#4858,.F.);
#6504=ORIENTED_EDGE('',*,*,#4859,.F.);
#6505=ORIENTED_EDGE('',*,*,#4860,.T.);
#6506=ORIENTED_EDGE('',*,*,#4842,.F.);
#6507=ORIENTED_EDGE('',*,*,#4860,.F.);
#6508=ORIENTED_EDGE('',*,*,#4861,.T.);
#6509=ORIENTED_EDGE('',*,*,#4858,.T.);
#6510=ORIENTED_EDGE('',*,*,#4859,.T.);
#6511=ORIENTED_EDGE('',*,*,#4861,.F.);
#6512=ORIENTED_EDGE('',*,*,#4830,.T.);
#6513=ORIENTED_EDGE('',*,*,#4833,.F.);
#6514=ORIENTED_EDGE('',*,*,#4814,.T.);
#6515=ORIENTED_EDGE('',*,*,#4829,.F.);
#6516=ORIENTED_EDGE('',*,*,#4862,.F.);
#6517=ORIENTED_EDGE('',*,*,#4863,.T.);
#6518=ORIENTED_EDGE('',*,*,#4864,.F.);
#6519=ORIENTED_EDGE('',*,*,#4863,.F.);
#6520=ORIENTED_EDGE('',*,*,#4865,.F.);
#6521=ORIENTED_EDGE('',*,*,#4866,.T.);
#6522=ORIENTED_EDGE('',*,*,#4867,.F.);
#6523=ORIENTED_EDGE('',*,*,#4866,.F.);
#6524=ORIENTED_EDGE('',*,*,#4868,.F.);
#6525=ORIENTED_EDGE('',*,*,#4869,.T.);
#6526=ORIENTED_EDGE('',*,*,#4870,.F.);
#6527=ORIENTED_EDGE('',*,*,#4871,.T.);
#6528=ORIENTED_EDGE('',*,*,#4872,.F.);
#6529=ORIENTED_EDGE('',*,*,#4873,.T.);
#6530=ORIENTED_EDGE('',*,*,#4874,.F.);
#6531=ORIENTED_EDGE('',*,*,#4873,.F.);
#6532=ORIENTED_EDGE('',*,*,#4875,.F.);
#6533=ORIENTED_EDGE('',*,*,#4876,.T.);
#6534=ORIENTED_EDGE('',*,*,#4877,.F.);
#6535=ORIENTED_EDGE('',*,*,#4878,.T.);
#6536=ORIENTED_EDGE('',*,*,#4879,.F.);
#6537=ORIENTED_EDGE('',*,*,#4880,.F.);
#6538=ORIENTED_EDGE('',*,*,#4881,.F.);
#6539=ORIENTED_EDGE('',*,*,#4882,.T.);
#6540=ORIENTED_EDGE('',*,*,#4883,.T.);
#6541=ORIENTED_EDGE('',*,*,#4884,.F.);
#6542=ORIENTED_EDGE('',*,*,#4885,.T.);
#6543=ORIENTED_EDGE('',*,*,#4886,.T.);
#6544=ORIENTED_EDGE('',*,*,#4887,.F.);
#6545=ORIENTED_EDGE('',*,*,#4888,.T.);
#6546=ORIENTED_EDGE('',*,*,#4889,.T.);
#6547=ORIENTED_EDGE('',*,*,#4890,.F.);
#6548=ORIENTED_EDGE('',*,*,#4891,.T.);
#6549=ORIENTED_EDGE('',*,*,#4892,.F.);
#6550=ORIENTED_EDGE('',*,*,#4893,.T.);
#6551=ORIENTED_EDGE('',*,*,#4891,.F.);
#6552=ORIENTED_EDGE('',*,*,#4894,.T.);
#6553=ORIENTED_EDGE('',*,*,#4895,.F.);
#6554=ORIENTED_EDGE('',*,*,#4896,.T.);
#6555=ORIENTED_EDGE('',*,*,#4897,.F.);
#6556=ORIENTED_EDGE('',*,*,#4870,.T.);
#6557=ORIENTED_EDGE('',*,*,#4898,.F.);
#6558=ORIENTED_EDGE('',*,*,#4899,.T.);
#6559=ORIENTED_EDGE('',*,*,#4900,.F.);
#6560=ORIENTED_EDGE('',*,*,#4901,.T.);
#6561=ORIENTED_EDGE('',*,*,#4902,.F.);
#6562=ORIENTED_EDGE('',*,*,#4875,.T.);
#6563=ORIENTED_EDGE('',*,*,#4903,.T.);
#6564=ORIENTED_EDGE('',*,*,#4904,.T.);
#6565=ORIENTED_EDGE('',*,*,#4905,.T.);
#6566=ORIENTED_EDGE('',*,*,#4906,.T.);
#6567=ORIENTED_EDGE('',*,*,#4907,.T.);
#6568=ORIENTED_EDGE('',*,*,#4868,.T.);
#6569=ORIENTED_EDGE('',*,*,#4908,.T.);
#6570=ORIENTED_EDGE('',*,*,#4909,.T.);
#6571=ORIENTED_EDGE('',*,*,#4910,.T.);
#6572=ORIENTED_EDGE('',*,*,#4911,.T.);
#6573=ORIENTED_EDGE('',*,*,#4880,.T.);
#6574=ORIENTED_EDGE('',*,*,#4912,.T.);
#6575=ORIENTED_EDGE('',*,*,#4913,.T.);
#6576=ORIENTED_EDGE('',*,*,#4877,.T.);
#6577=ORIENTED_EDGE('',*,*,#4914,.F.);
#6578=ORIENTED_EDGE('',*,*,#4892,.T.);
#6579=ORIENTED_EDGE('',*,*,#4878,.F.);
#6580=ORIENTED_EDGE('',*,*,#4913,.F.);
#6581=ORIENTED_EDGE('',*,*,#4914,.T.);
#6582=ORIENTED_EDGE('',*,*,#4912,.F.);
#6583=ORIENTED_EDGE('',*,*,#4879,.T.);
#6584=ORIENTED_EDGE('',*,*,#4893,.F.);
#6585=ORIENTED_EDGE('',*,*,#4915,.F.);
#6586=ORIENTED_EDGE('',*,*,#4881,.T.);
#6587=ORIENTED_EDGE('',*,*,#4911,.F.);
#6588=ORIENTED_EDGE('',*,*,#4916,.T.);
#6589=ORIENTED_EDGE('',*,*,#4894,.F.);
#6590=ORIENTED_EDGE('',*,*,#4890,.T.);
#6591=ORIENTED_EDGE('',*,*,#4917,.F.);
#6592=ORIENTED_EDGE('',*,*,#4887,.T.);
#6593=ORIENTED_EDGE('',*,*,#4918,.F.);
#6594=ORIENTED_EDGE('',*,*,#4884,.T.);
#6595=ORIENTED_EDGE('',*,*,#4885,.F.);
#6596=ORIENTED_EDGE('',*,*,#4918,.T.);
#6597=ORIENTED_EDGE('',*,*,#4886,.F.);
#6598=ORIENTED_EDGE('',*,*,#4919,.T.);
#6599=ORIENTED_EDGE('',*,*,#4920,.F.);
#6600=ORIENTED_EDGE('',*,*,#4919,.F.);
#6601=ORIENTED_EDGE('',*,*,#4872,.T.);
#6602=ORIENTED_EDGE('',*,*,#4921,.T.);
#6603=ORIENTED_EDGE('',*,*,#4865,.T.);
#6604=ORIENTED_EDGE('',*,*,#4920,.T.);
#6605=ORIENTED_EDGE('',*,*,#4862,.T.);
#6606=ORIENTED_EDGE('',*,*,#4922,.T.);
#6607=ORIENTED_EDGE('',*,*,#4923,.F.);
#6608=ORIENTED_EDGE('',*,*,#4900,.T.);
#6609=ORIENTED_EDGE('',*,*,#4924,.F.);
#6610=ORIENTED_EDGE('',*,*,#4905,.F.);
#6611=ORIENTED_EDGE('',*,*,#4874,.T.);
#6612=ORIENTED_EDGE('',*,*,#4867,.T.);
#6613=ORIENTED_EDGE('',*,*,#4864,.T.);
#6614=ORIENTED_EDGE('',*,*,#4925,.T.);
#6615=ORIENTED_EDGE('',*,*,#4906,.F.);
#6616=ORIENTED_EDGE('',*,*,#4924,.T.);
#6617=ORIENTED_EDGE('',*,*,#4899,.F.);
#6618=ORIENTED_EDGE('',*,*,#4925,.F.);
#6619=ORIENTED_EDGE('',*,*,#4898,.T.);
#6620=ORIENTED_EDGE('',*,*,#4869,.F.);
#6621=ORIENTED_EDGE('',*,*,#4907,.F.);
#6622=ORIENTED_EDGE('',*,*,#4926,.F.);
#6623=ORIENTED_EDGE('',*,*,#4908,.F.);
#6624=ORIENTED_EDGE('',*,*,#4871,.F.);
#6625=ORIENTED_EDGE('',*,*,#4897,.T.);
#6626=ORIENTED_EDGE('',*,*,#4927,.T.);
#6627=ORIENTED_EDGE('',*,*,#4909,.F.);
#6628=ORIENTED_EDGE('',*,*,#4926,.T.);
#6629=ORIENTED_EDGE('',*,*,#4896,.F.);
#6630=ORIENTED_EDGE('',*,*,#4927,.F.);
#6631=ORIENTED_EDGE('',*,*,#4895,.T.);
#6632=ORIENTED_EDGE('',*,*,#4916,.F.);
#6633=ORIENTED_EDGE('',*,*,#4910,.F.);
#6634=ORIENTED_EDGE('',*,*,#4923,.T.);
#6635=ORIENTED_EDGE('',*,*,#4904,.F.);
#6636=ORIENTED_EDGE('',*,*,#4928,.T.);
#6637=ORIENTED_EDGE('',*,*,#4901,.F.);
#6638=ORIENTED_EDGE('',*,*,#4928,.F.);
#6639=ORIENTED_EDGE('',*,*,#4903,.F.);
#6640=ORIENTED_EDGE('',*,*,#4876,.F.);
#6641=ORIENTED_EDGE('',*,*,#4902,.T.);
#6642=ORIENTED_EDGE('',*,*,#4888,.F.);
#6643=ORIENTED_EDGE('',*,*,#4917,.T.);
#6644=ORIENTED_EDGE('',*,*,#4889,.F.);
#6645=ORIENTED_EDGE('',*,*,#4929,.T.);
#6646=ORIENTED_EDGE('',*,*,#4922,.F.);
#6647=ORIENTED_EDGE('',*,*,#4929,.F.);
#6648=ORIENTED_EDGE('',*,*,#4882,.F.);
#6649=ORIENTED_EDGE('',*,*,#4915,.T.);
#6650=ORIENTED_EDGE('',*,*,#4883,.F.);
#6651=ORIENTED_EDGE('',*,*,#4930,.T.);
#6652=ORIENTED_EDGE('',*,*,#4921,.F.);
#6653=ORIENTED_EDGE('',*,*,#4930,.F.);
#6654=ORIENTED_EDGE('',*,*,#4931,.F.);
#6655=ORIENTED_EDGE('',*,*,#4932,.F.);
#6656=ORIENTED_EDGE('',*,*,#4933,.F.);
#6657=ORIENTED_EDGE('',*,*,#4934,.F.);
#6658=ORIENTED_EDGE('',*,*,#4934,.T.);
#6659=ORIENTED_EDGE('',*,*,#4935,.T.);
#6660=ORIENTED_EDGE('',*,*,#4936,.F.);
#6661=ORIENTED_EDGE('',*,*,#4937,.F.);
#6662=ORIENTED_EDGE('',*,*,#4938,.F.);
#6663=ORIENTED_EDGE('',*,*,#4939,.F.);
#6664=ORIENTED_EDGE('',*,*,#4940,.F.);
#6665=ORIENTED_EDGE('',*,*,#4941,.F.);
#6666=ORIENTED_EDGE('',*,*,#4941,.T.);
#6667=ORIENTED_EDGE('',*,*,#4942,.T.);
#6668=ORIENTED_EDGE('',*,*,#4943,.F.);
#6669=ORIENTED_EDGE('',*,*,#4944,.F.);
#6670=ORIENTED_EDGE('',*,*,#4945,.F.);
#6671=ORIENTED_EDGE('',*,*,#4946,.F.);
#6672=ORIENTED_EDGE('',*,*,#4947,.F.);
#6673=ORIENTED_EDGE('',*,*,#4948,.F.);
#6674=ORIENTED_EDGE('',*,*,#4948,.T.);
#6675=ORIENTED_EDGE('',*,*,#4949,.T.);
#6676=ORIENTED_EDGE('',*,*,#4950,.F.);
#6677=ORIENTED_EDGE('',*,*,#4951,.F.);
#6678=ORIENTED_EDGE('',*,*,#4952,.F.);
#6679=ORIENTED_EDGE('',*,*,#4953,.F.);
#6680=ORIENTED_EDGE('',*,*,#4954,.F.);
#6681=ORIENTED_EDGE('',*,*,#4955,.F.);
#6682=ORIENTED_EDGE('',*,*,#4955,.T.);
#6683=ORIENTED_EDGE('',*,*,#4956,.T.);
#6684=ORIENTED_EDGE('',*,*,#4957,.F.);
#6685=ORIENTED_EDGE('',*,*,#4958,.F.);
#6686=ORIENTED_EDGE('',*,*,#4953,.T.);
#6687=ORIENTED_EDGE('',*,*,#4959,.F.);
#6688=ORIENTED_EDGE('',*,*,#4960,.T.);
#6689=ORIENTED_EDGE('',*,*,#4961,.T.);
#6690=ORIENTED_EDGE('',*,*,#4962,.F.);
#6691=ORIENTED_EDGE('',*,*,#4950,.T.);
#6692=ORIENTED_EDGE('',*,*,#4963,.T.);
#6693=ORIENTED_EDGE('',*,*,#4960,.F.);
#6694=ORIENTED_EDGE('',*,*,#4946,.T.);
#6695=ORIENTED_EDGE('',*,*,#4964,.F.);
#6696=ORIENTED_EDGE('',*,*,#4965,.T.);
#6697=ORIENTED_EDGE('',*,*,#4966,.T.);
#6698=ORIENTED_EDGE('',*,*,#4967,.F.);
#6699=ORIENTED_EDGE('',*,*,#4943,.T.);
#6700=ORIENTED_EDGE('',*,*,#4968,.T.);
#6701=ORIENTED_EDGE('',*,*,#4965,.F.);
#6702=ORIENTED_EDGE('',*,*,#4939,.T.);
#6703=ORIENTED_EDGE('',*,*,#4969,.F.);
#6704=ORIENTED_EDGE('',*,*,#4970,.T.);
#6705=ORIENTED_EDGE('',*,*,#4971,.T.);
#6706=ORIENTED_EDGE('',*,*,#4972,.F.);
#6707=ORIENTED_EDGE('',*,*,#4936,.T.);
#6708=ORIENTED_EDGE('',*,*,#4973,.T.);
#6709=ORIENTED_EDGE('',*,*,#4970,.F.);
#6710=ORIENTED_EDGE('',*,*,#4932,.T.);
#6711=ORIENTED_EDGE('',*,*,#4974,.F.);
#6712=ORIENTED_EDGE('',*,*,#4975,.T.);
#6713=ORIENTED_EDGE('',*,*,#4976,.T.);
#6714=ORIENTED_EDGE('',*,*,#4977,.F.);
#6715=ORIENTED_EDGE('',*,*,#4957,.T.);
#6716=ORIENTED_EDGE('',*,*,#4978,.T.);
#6717=ORIENTED_EDGE('',*,*,#4975,.F.);
#6718=ORIENTED_EDGE('',*,*,#4956,.F.);
#6719=ORIENTED_EDGE('',*,*,#4954,.T.);
#6720=ORIENTED_EDGE('',*,*,#4961,.F.);
#6721=ORIENTED_EDGE('',*,*,#4963,.F.);
#6722=ORIENTED_EDGE('',*,*,#4949,.F.);
#6723=ORIENTED_EDGE('',*,*,#4947,.T.);
#6724=ORIENTED_EDGE('',*,*,#4966,.F.);
#6725=ORIENTED_EDGE('',*,*,#4968,.F.);
#6726=ORIENTED_EDGE('',*,*,#4942,.F.);
#6727=ORIENTED_EDGE('',*,*,#4940,.T.);
#6728=ORIENTED_EDGE('',*,*,#4971,.F.);
#6729=ORIENTED_EDGE('',*,*,#4973,.F.);
#6730=ORIENTED_EDGE('',*,*,#4935,.F.);
#6731=ORIENTED_EDGE('',*,*,#4933,.T.);
#6732=ORIENTED_EDGE('',*,*,#4976,.F.);
#6733=ORIENTED_EDGE('',*,*,#4978,.F.);
#6734=ORIENTED_EDGE('',*,*,#4979,.T.);
#6735=ORIENTED_EDGE('',*,*,#4980,.T.);
#6736=ORIENTED_EDGE('',*,*,#4981,.T.);
#6737=ORIENTED_EDGE('',*,*,#4980,.F.);
#6738=ORIENTED_EDGE('',*,*,#4982,.T.);
#6739=ORIENTED_EDGE('',*,*,#4979,.F.);
#6740=ORIENTED_EDGE('',*,*,#4983,.F.);
#6741=ORIENTED_EDGE('',*,*,#4984,.T.);
#6742=ORIENTED_EDGE('',*,*,#4981,.F.);
#6743=ORIENTED_EDGE('',*,*,#4984,.F.);
#6744=ORIENTED_EDGE('',*,*,#4985,.T.);
#6745=ORIENTED_EDGE('',*,*,#4986,.T.);
#6746=ORIENTED_EDGE('',*,*,#4987,.T.);
#6747=ORIENTED_EDGE('',*,*,#4986,.F.);
#6748=ORIENTED_EDGE('',*,*,#4987,.F.);
#6749=ORIENTED_EDGE('',*,*,#4952,.T.);
#6750=ORIENTED_EDGE('',*,*,#4958,.T.);
#6751=ORIENTED_EDGE('',*,*,#4977,.T.);
#6752=ORIENTED_EDGE('',*,*,#4974,.T.);
#6753=ORIENTED_EDGE('',*,*,#4931,.T.);
#6754=ORIENTED_EDGE('',*,*,#4937,.T.);
#6755=ORIENTED_EDGE('',*,*,#4972,.T.);
#6756=ORIENTED_EDGE('',*,*,#4969,.T.);
#6757=ORIENTED_EDGE('',*,*,#4938,.T.);
#6758=ORIENTED_EDGE('',*,*,#4944,.T.);
#6759=ORIENTED_EDGE('',*,*,#4967,.T.);
#6760=ORIENTED_EDGE('',*,*,#4964,.T.);
#6761=ORIENTED_EDGE('',*,*,#4945,.T.);
#6762=ORIENTED_EDGE('',*,*,#4951,.T.);
#6763=ORIENTED_EDGE('',*,*,#4962,.T.);
#6764=ORIENTED_EDGE('',*,*,#4959,.T.);
#6765=ORIENTED_EDGE('',*,*,#4982,.F.);
#6766=ORIENTED_EDGE('',*,*,#4988,.T.);
#6767=ORIENTED_EDGE('',*,*,#4985,.F.);
#6768=ORIENTED_EDGE('',*,*,#4988,.F.);
#6769=ORIENTED_EDGE('',*,*,#4989,.F.);
#6770=ORIENTED_EDGE('',*,*,#4990,.T.);
#6771=ORIENTED_EDGE('',*,*,#4983,.T.);
#6772=ORIENTED_EDGE('',*,*,#4990,.F.);
#6773=ORIENTED_EDGE('',*,*,#4991,.F.);
#6774=ORIENTED_EDGE('',*,*,#4992,.T.);
#6775=ORIENTED_EDGE('',*,*,#4989,.T.);
#6776=ORIENTED_EDGE('',*,*,#4992,.F.);
#6777=ORIENTED_EDGE('',*,*,#4991,.T.);
#6778=ORIENTED_EDGE('',*,*,#4993,.T.);
#6779=ORIENTED_EDGE('',*,*,#4994,.T.);
#6780=ORIENTED_EDGE('',*,*,#4995,.F.);
#6781=ORIENTED_EDGE('',*,*,#4996,.F.);
#6782=ORIENTED_EDGE('',*,*,#4997,.F.);
#6783=ORIENTED_EDGE('',*,*,#4998,.F.);
#6784=ORIENTED_EDGE('',*,*,#4996,.T.);
#6785=ORIENTED_EDGE('',*,*,#4999,.F.);
#6786=ORIENTED_EDGE('',*,*,#5000,.F.);
#6787=ORIENTED_EDGE('',*,*,#5001,.T.);
#6788=ORIENTED_EDGE('',*,*,#5002,.T.);
#6789=ORIENTED_EDGE('',*,*,#5003,.F.);
#6790=ORIENTED_EDGE('',*,*,#5004,.F.);
#6791=ORIENTED_EDGE('',*,*,#5005,.F.);
#6792=ORIENTED_EDGE('',*,*,#5006,.F.);
#6793=ORIENTED_EDGE('',*,*,#5004,.T.);
#6794=ORIENTED_EDGE('',*,*,#5007,.F.);
#6795=ORIENTED_EDGE('',*,*,#5008,.F.);
#6796=ORIENTED_EDGE('',*,*,#5009,.T.);
#6797=ORIENTED_EDGE('',*,*,#5010,.T.);
#6798=ORIENTED_EDGE('',*,*,#5011,.F.);
#6799=ORIENTED_EDGE('',*,*,#5012,.F.);
#6800=ORIENTED_EDGE('',*,*,#5013,.F.);
#6801=ORIENTED_EDGE('',*,*,#5014,.F.);
#6802=ORIENTED_EDGE('',*,*,#5012,.T.);
#6803=ORIENTED_EDGE('',*,*,#5015,.F.);
#6804=ORIENTED_EDGE('',*,*,#5016,.F.);
#6805=ORIENTED_EDGE('',*,*,#5017,.T.);
#6806=ORIENTED_EDGE('',*,*,#5018,.T.);
#6807=ORIENTED_EDGE('',*,*,#5019,.F.);
#6808=ORIENTED_EDGE('',*,*,#5020,.F.);
#6809=ORIENTED_EDGE('',*,*,#5021,.F.);
#6810=ORIENTED_EDGE('',*,*,#5022,.F.);
#6811=ORIENTED_EDGE('',*,*,#5020,.T.);
#6812=ORIENTED_EDGE('',*,*,#5023,.F.);
#6813=ORIENTED_EDGE('',*,*,#5024,.F.);
#6814=ORIENTED_EDGE('',*,*,#5022,.T.);
#6815=ORIENTED_EDGE('',*,*,#5025,.F.);
#6816=ORIENTED_EDGE('',*,*,#5026,.T.);
#6817=ORIENTED_EDGE('',*,*,#5027,.F.);
#6818=ORIENTED_EDGE('',*,*,#5015,.T.);
#6819=ORIENTED_EDGE('',*,*,#5011,.T.);
#6820=ORIENTED_EDGE('',*,*,#5028,.T.);
#6821=ORIENTED_EDGE('',*,*,#5017,.F.);
#6822=ORIENTED_EDGE('',*,*,#5026,.F.);
#6823=ORIENTED_EDGE('',*,*,#5014,.T.);
#6824=ORIENTED_EDGE('',*,*,#5029,.F.);
#6825=ORIENTED_EDGE('',*,*,#5030,.T.);
#6826=ORIENTED_EDGE('',*,*,#5031,.F.);
#6827=ORIENTED_EDGE('',*,*,#5007,.T.);
#6828=ORIENTED_EDGE('',*,*,#5003,.T.);
#6829=ORIENTED_EDGE('',*,*,#5032,.T.);
#6830=ORIENTED_EDGE('',*,*,#5009,.F.);
#6831=ORIENTED_EDGE('',*,*,#5030,.F.);
#6832=ORIENTED_EDGE('',*,*,#5006,.T.);
#6833=ORIENTED_EDGE('',*,*,#5033,.F.);
#6834=ORIENTED_EDGE('',*,*,#5034,.T.);
#6835=ORIENTED_EDGE('',*,*,#5035,.F.);
#6836=ORIENTED_EDGE('',*,*,#4999,.T.);
#6837=ORIENTED_EDGE('',*,*,#4995,.T.);
#6838=ORIENTED_EDGE('',*,*,#5036,.T.);
#6839=ORIENTED_EDGE('',*,*,#5001,.F.);
#6840=ORIENTED_EDGE('',*,*,#5034,.F.);
#6841=ORIENTED_EDGE('',*,*,#4998,.T.);
#6842=ORIENTED_EDGE('',*,*,#5037,.F.);
#6843=ORIENTED_EDGE('',*,*,#5038,.T.);
#6844=ORIENTED_EDGE('',*,*,#5039,.F.);
#6845=ORIENTED_EDGE('',*,*,#5023,.T.);
#6846=ORIENTED_EDGE('',*,*,#5019,.T.);
#6847=ORIENTED_EDGE('',*,*,#5040,.T.);
#6848=ORIENTED_EDGE('',*,*,#4993,.F.);
#6849=ORIENTED_EDGE('',*,*,#5038,.F.);
#6850=ORIENTED_EDGE('',*,*,#5040,.F.);
#6851=ORIENTED_EDGE('',*,*,#5018,.F.);
#6852=ORIENTED_EDGE('',*,*,#5028,.F.);
#6853=ORIENTED_EDGE('',*,*,#5010,.F.);
#6854=ORIENTED_EDGE('',*,*,#5032,.F.);
#6855=ORIENTED_EDGE('',*,*,#5002,.F.);
#6856=ORIENTED_EDGE('',*,*,#5036,.F.);
#6857=ORIENTED_EDGE('',*,*,#4994,.F.);
#6858=ORIENTED_EDGE('',*,*,#5041,.T.);
#6859=ORIENTED_EDGE('',*,*,#5042,.T.);
#6860=ORIENTED_EDGE('',*,*,#5043,.T.);
#6861=ORIENTED_EDGE('',*,*,#5042,.F.);
#6862=ORIENTED_EDGE('',*,*,#5044,.T.);
#6863=ORIENTED_EDGE('',*,*,#5041,.F.);
#6864=ORIENTED_EDGE('',*,*,#5045,.F.);
#6865=ORIENTED_EDGE('',*,*,#5046,.T.);
#6866=ORIENTED_EDGE('',*,*,#5043,.F.);
#6867=ORIENTED_EDGE('',*,*,#5046,.F.);
#6868=ORIENTED_EDGE('',*,*,#5047,.T.);
#6869=ORIENTED_EDGE('',*,*,#5048,.T.);
#6870=ORIENTED_EDGE('',*,*,#5049,.T.);
#6871=ORIENTED_EDGE('',*,*,#5048,.F.);
#6872=ORIENTED_EDGE('',*,*,#5049,.F.);
#6873=ORIENTED_EDGE('',*,*,#5021,.T.);
#6874=ORIENTED_EDGE('',*,*,#5024,.T.);
#6875=ORIENTED_EDGE('',*,*,#5039,.T.);
#6876=ORIENTED_EDGE('',*,*,#5037,.T.);
#6877=ORIENTED_EDGE('',*,*,#4997,.T.);
#6878=ORIENTED_EDGE('',*,*,#5000,.T.);
#6879=ORIENTED_EDGE('',*,*,#5035,.T.);
#6880=ORIENTED_EDGE('',*,*,#5033,.T.);
#6881=ORIENTED_EDGE('',*,*,#5005,.T.);
#6882=ORIENTED_EDGE('',*,*,#5008,.T.);
#6883=ORIENTED_EDGE('',*,*,#5031,.T.);
#6884=ORIENTED_EDGE('',*,*,#5029,.T.);
#6885=ORIENTED_EDGE('',*,*,#5013,.T.);
#6886=ORIENTED_EDGE('',*,*,#5016,.T.);
#6887=ORIENTED_EDGE('',*,*,#5027,.T.);
#6888=ORIENTED_EDGE('',*,*,#5025,.T.);
#6889=ORIENTED_EDGE('',*,*,#5044,.F.);
#6890=ORIENTED_EDGE('',*,*,#5050,.T.);
#6891=ORIENTED_EDGE('',*,*,#5047,.F.);
#6892=ORIENTED_EDGE('',*,*,#5050,.F.);
#6893=ORIENTED_EDGE('',*,*,#5051,.F.);
#6894=ORIENTED_EDGE('',*,*,#5052,.T.);
#6895=ORIENTED_EDGE('',*,*,#5045,.T.);
#6896=ORIENTED_EDGE('',*,*,#5052,.F.);
#6897=ORIENTED_EDGE('',*,*,#5053,.F.);
#6898=ORIENTED_EDGE('',*,*,#5054,.T.);
#6899=ORIENTED_EDGE('',*,*,#5051,.T.);
#6900=ORIENTED_EDGE('',*,*,#5054,.F.);
#6901=ORIENTED_EDGE('',*,*,#5053,.T.);
#6902=ORIENTED_EDGE('',*,*,#5055,.F.);
#6903=ORIENTED_EDGE('',*,*,#5056,.F.);
#6904=ORIENTED_EDGE('',*,*,#5057,.F.);
#6905=ORIENTED_EDGE('',*,*,#5058,.F.);
#6906=ORIENTED_EDGE('',*,*,#5057,.T.);
#6907=ORIENTED_EDGE('',*,*,#5059,.F.);
#6908=ORIENTED_EDGE('',*,*,#5060,.T.);
#6909=ORIENTED_EDGE('',*,*,#5061,.F.);
#6910=ORIENTED_EDGE('',*,*,#5062,.F.);
#6911=ORIENTED_EDGE('',*,*,#5063,.F.);
#6912=ORIENTED_EDGE('',*,*,#5064,.T.);
#6913=ORIENTED_EDGE('',*,*,#5065,.T.);
#6914=ORIENTED_EDGE('',*,*,#5066,.T.);
#6915=ORIENTED_EDGE('',*,*,#5067,.T.);
#6916=ORIENTED_EDGE('',*,*,#5059,.T.);
#6917=ORIENTED_EDGE('',*,*,#5056,.T.);
#6918=ORIENTED_EDGE('',*,*,#5068,.T.);
#6919=ORIENTED_EDGE('',*,*,#5069,.T.);
#6920=ORIENTED_EDGE('',*,*,#5064,.F.);
#6921=ORIENTED_EDGE('',*,*,#5055,.T.);
#6922=ORIENTED_EDGE('',*,*,#5070,.F.);
#6923=ORIENTED_EDGE('',*,*,#5071,.F.);
#6924=ORIENTED_EDGE('',*,*,#5068,.F.);
#6925=ORIENTED_EDGE('',*,*,#5071,.T.);
#6926=ORIENTED_EDGE('',*,*,#5072,.F.);
#6927=ORIENTED_EDGE('',*,*,#5073,.F.);
#6928=ORIENTED_EDGE('',*,*,#5065,.F.);
#6929=ORIENTED_EDGE('',*,*,#5069,.F.);
#6930=ORIENTED_EDGE('',*,*,#5073,.T.);
#6931=ORIENTED_EDGE('',*,*,#5074,.F.);
#6932=ORIENTED_EDGE('',*,*,#5075,.F.);
#6933=ORIENTED_EDGE('',*,*,#5066,.F.);
#6934=ORIENTED_EDGE('',*,*,#5075,.T.);
#6935=ORIENTED_EDGE('',*,*,#5076,.F.);
#6936=ORIENTED_EDGE('',*,*,#5060,.F.);
#6937=ORIENTED_EDGE('',*,*,#5067,.F.);
#6938=ORIENTED_EDGE('',*,*,#5058,.T.);
#6939=ORIENTED_EDGE('',*,*,#5062,.T.);
#6940=ORIENTED_EDGE('',*,*,#5077,.F.);
#6941=ORIENTED_EDGE('',*,*,#5077,.T.);
#6942=ORIENTED_EDGE('',*,*,#5061,.T.);
#6943=ORIENTED_EDGE('',*,*,#5076,.T.);
#6944=ORIENTED_EDGE('',*,*,#5074,.T.);
#6945=ORIENTED_EDGE('',*,*,#5072,.T.);
#6946=ORIENTED_EDGE('',*,*,#5070,.T.);
#6947=ORIENTED_EDGE('',*,*,#5063,.T.);
#6948=ORIENTED_EDGE('',*,*,#5078,.F.);
#6949=ORIENTED_EDGE('',*,*,#5078,.T.);
#6950=ORIENTED_EDGE('',*,*,#5079,.T.);
#6951=ORIENTED_EDGE('',*,*,#5080,.F.);
#6952=ORIENTED_EDGE('',*,*,#5079,.F.);
#6953=ORIENTED_EDGE('',*,*,#5080,.T.);
#6954=ORIENTED_EDGE('',*,*,#5081,.T.);
#6955=ORIENTED_EDGE('',*,*,#5081,.F.);
#6956=ORIENTED_EDGE('',*,*,#5082,.T.);
#6957=ORIENTED_EDGE('',*,*,#5083,.T.);
#6958=ORIENTED_EDGE('',*,*,#5084,.T.);
#6959=ORIENTED_EDGE('',*,*,#5085,.T.);
#6960=ORIENTED_EDGE('',*,*,#5083,.F.);
#6961=ORIENTED_EDGE('',*,*,#5086,.T.);
#6962=ORIENTED_EDGE('',*,*,#5087,.F.);
#6963=ORIENTED_EDGE('',*,*,#5088,.F.);
#6964=ORIENTED_EDGE('',*,*,#5089,.T.);
#6965=ORIENTED_EDGE('',*,*,#5090,.T.);
#6966=ORIENTED_EDGE('',*,*,#5091,.T.);
#6967=ORIENTED_EDGE('',*,*,#5087,.T.);
#6968=ORIENTED_EDGE('',*,*,#5090,.F.);
#6969=ORIENTED_EDGE('',*,*,#5092,.T.);
#6970=ORIENTED_EDGE('',*,*,#5093,.T.);
#6971=ORIENTED_EDGE('',*,*,#5094,.F.);
#6972=ORIENTED_EDGE('',*,*,#5095,.T.);
#6973=ORIENTED_EDGE('',*,*,#5096,.T.);
#6974=ORIENTED_EDGE('',*,*,#5097,.T.);
#6975=ORIENTED_EDGE('',*,*,#5098,.T.);
#6976=ORIENTED_EDGE('',*,*,#5096,.F.);
#6977=ORIENTED_EDGE('',*,*,#5099,.T.);
#6978=ORIENTED_EDGE('',*,*,#5100,.T.);
#6979=ORIENTED_EDGE('',*,*,#5101,.F.);
#6980=ORIENTED_EDGE('',*,*,#5102,.T.);
#6981=ORIENTED_EDGE('',*,*,#5103,.T.);
#6982=ORIENTED_EDGE('',*,*,#5104,.T.);
#6983=ORIENTED_EDGE('',*,*,#5105,.T.);
#6984=ORIENTED_EDGE('',*,*,#5098,.F.);
#6985=ORIENTED_EDGE('',*,*,#5106,.F.);
#6986=ORIENTED_EDGE('',*,*,#5103,.F.);
#6987=ORIENTED_EDGE('',*,*,#5107,.T.);
#6988=ORIENTED_EDGE('',*,*,#5108,.F.);
#6989=ORIENTED_EDGE('',*,*,#5109,.T.);
#6990=ORIENTED_EDGE('',*,*,#5110,.T.);
#6991=ORIENTED_EDGE('',*,*,#5111,.F.);
#6992=ORIENTED_EDGE('',*,*,#5112,.F.);
#6993=ORIENTED_EDGE('',*,*,#5113,.T.);
#6994=ORIENTED_EDGE('',*,*,#5114,.T.);
#6995=ORIENTED_EDGE('',*,*,#5109,.F.);
#6996=ORIENTED_EDGE('',*,*,#5115,.F.);
#6997=ORIENTED_EDGE('',*,*,#5116,.T.);
#6998=ORIENTED_EDGE('',*,*,#5117,.T.);
#6999=ORIENTED_EDGE('',*,*,#5113,.F.);
#7000=ORIENTED_EDGE('',*,*,#5118,.F.);
#7001=ORIENTED_EDGE('',*,*,#5119,.T.);
#7002=ORIENTED_EDGE('',*,*,#5120,.T.);
#7003=ORIENTED_EDGE('',*,*,#5116,.F.);
#7004=ORIENTED_EDGE('',*,*,#5121,.F.);
#7005=ORIENTED_EDGE('',*,*,#5122,.T.);
#7006=ORIENTED_EDGE('',*,*,#5123,.T.);
#7007=ORIENTED_EDGE('',*,*,#5119,.F.);
#7008=ORIENTED_EDGE('',*,*,#5124,.F.);
#7009=ORIENTED_EDGE('',*,*,#5111,.T.);
#7010=ORIENTED_EDGE('',*,*,#5125,.T.);
#7011=ORIENTED_EDGE('',*,*,#5122,.F.);
#7012=ORIENTED_EDGE('',*,*,#5125,.F.);
#7013=ORIENTED_EDGE('',*,*,#5110,.F.);
#7014=ORIENTED_EDGE('',*,*,#5114,.F.);
#7015=ORIENTED_EDGE('',*,*,#5117,.F.);
#7016=ORIENTED_EDGE('',*,*,#5120,.F.);
#7017=ORIENTED_EDGE('',*,*,#5123,.F.);
#7018=ORIENTED_EDGE('',*,*,#5126,.F.);
#7019=ORIENTED_EDGE('',*,*,#5127,.F.);
#7020=ORIENTED_EDGE('',*,*,#5128,.T.);
#7021=ORIENTED_EDGE('',*,*,#5126,.T.);
#7022=ORIENTED_EDGE('',*,*,#5128,.F.);
#7023=ORIENTED_EDGE('',*,*,#5129,.F.);
#7024=ORIENTED_EDGE('',*,*,#5130,.T.);
#7025=ORIENTED_EDGE('',*,*,#5131,.T.);
#7026=ORIENTED_EDGE('',*,*,#5130,.F.);
#7027=ORIENTED_EDGE('',*,*,#5132,.F.);
#7028=ORIENTED_EDGE('',*,*,#5133,.T.);
#7029=ORIENTED_EDGE('',*,*,#5134,.T.);
#7030=ORIENTED_EDGE('',*,*,#5133,.F.);
#7031=ORIENTED_EDGE('',*,*,#5105,.F.);
#7032=ORIENTED_EDGE('',*,*,#5135,.F.);
#7033=ORIENTED_EDGE('',*,*,#5136,.F.);
#7034=ORIENTED_EDGE('',*,*,#5137,.T.);
#7035=ORIENTED_EDGE('',*,*,#5138,.T.);
#7036=ORIENTED_EDGE('',*,*,#5136,.T.);
#7037=ORIENTED_EDGE('',*,*,#5139,.F.);
#7038=ORIENTED_EDGE('',*,*,#5093,.F.);
#7039=ORIENTED_EDGE('',*,*,#5085,.F.);
#7040=ORIENTED_EDGE('',*,*,#5140,.F.);
#7041=ORIENTED_EDGE('',*,*,#5141,.F.);
#7042=ORIENTED_EDGE('',*,*,#5142,.T.);
#7043=ORIENTED_EDGE('',*,*,#5143,.T.);
#7044=ORIENTED_EDGE('',*,*,#5141,.T.);
#7045=ORIENTED_EDGE('',*,*,#5144,.F.);
#7046=ORIENTED_EDGE('',*,*,#5100,.F.);
#7047=ORIENTED_EDGE('',*,*,#5144,.T.);
#7048=ORIENTED_EDGE('',*,*,#5140,.T.);
#7049=ORIENTED_EDGE('',*,*,#5084,.F.);
#7050=ORIENTED_EDGE('',*,*,#5088,.T.);
#7051=ORIENTED_EDGE('',*,*,#5091,.F.);
#7052=ORIENTED_EDGE('',*,*,#5094,.T.);
#7053=ORIENTED_EDGE('',*,*,#5139,.T.);
#7054=ORIENTED_EDGE('',*,*,#5135,.T.);
#7055=ORIENTED_EDGE('',*,*,#5104,.F.);
#7056=ORIENTED_EDGE('',*,*,#5106,.T.);
#7057=ORIENTED_EDGE('',*,*,#5097,.F.);
#7058=ORIENTED_EDGE('',*,*,#5101,.T.);
#7059=ORIENTED_EDGE('',*,*,#5132,.T.);
#7060=ORIENTED_EDGE('',*,*,#5129,.T.);
#7061=ORIENTED_EDGE('',*,*,#5127,.T.);
#7062=ORIENTED_EDGE('',*,*,#5143,.F.);
#7063=ORIENTED_EDGE('',*,*,#5099,.F.);
#7064=ORIENTED_EDGE('',*,*,#5095,.F.);
#7065=ORIENTED_EDGE('',*,*,#5107,.F.);
#7066=ORIENTED_EDGE('',*,*,#5102,.F.);
#7067=ORIENTED_EDGE('',*,*,#5137,.F.);
#7068=ORIENTED_EDGE('',*,*,#5138,.F.);
#7069=ORIENTED_EDGE('',*,*,#5092,.F.);
#7070=ORIENTED_EDGE('',*,*,#5089,.F.);
#7071=ORIENTED_EDGE('',*,*,#5086,.F.);
#7072=ORIENTED_EDGE('',*,*,#5082,.F.);
#7073=ORIENTED_EDGE('',*,*,#5142,.F.);
#7074=ORIENTED_EDGE('',*,*,#5108,.T.);
#7075=ORIENTED_EDGE('',*,*,#5124,.T.);
#7076=ORIENTED_EDGE('',*,*,#5121,.T.);
#7077=ORIENTED_EDGE('',*,*,#5118,.T.);
#7078=ORIENTED_EDGE('',*,*,#5115,.T.);
#7079=ORIENTED_EDGE('',*,*,#5112,.T.);
#7080=ORIENTED_EDGE('',*,*,#5134,.F.);
#7081=ORIENTED_EDGE('',*,*,#5131,.F.);
#7082=ORIENTED_EDGE('',*,*,#5145,.T.);
#7083=ORIENTED_EDGE('',*,*,#5146,.T.);
#7084=ORIENTED_EDGE('',*,*,#5147,.T.);
#7085=ORIENTED_EDGE('',*,*,#5148,.T.);
#7086=ORIENTED_EDGE('',*,*,#5146,.F.);
#7087=ORIENTED_EDGE('',*,*,#5149,.F.);
#7088=ORIENTED_EDGE('',*,*,#5150,.F.);
#7089=ORIENTED_EDGE('',*,*,#5151,.F.);
#7090=ORIENTED_EDGE('',*,*,#5152,.F.);
#7091=ORIENTED_EDGE('',*,*,#5153,.F.);
#7092=ORIENTED_EDGE('',*,*,#5154,.F.);
#7093=ORIENTED_EDGE('',*,*,#5155,.F.);
#7094=ORIENTED_EDGE('',*,*,#5156,.T.);
#7095=ORIENTED_EDGE('',*,*,#5157,.F.);
#7096=ORIENTED_EDGE('',*,*,#5156,.F.);
#7097=ORIENTED_EDGE('',*,*,#5158,.F.);
#7098=ORIENTED_EDGE('',*,*,#5159,.T.);
#7099=ORIENTED_EDGE('',*,*,#5160,.T.);
#7100=ORIENTED_EDGE('',*,*,#5161,.T.);
#7101=ORIENTED_EDGE('',*,*,#5154,.T.);
#7102=ORIENTED_EDGE('',*,*,#5160,.F.);
#7103=ORIENTED_EDGE('',*,*,#5162,.T.);
#7104=ORIENTED_EDGE('',*,*,#5163,.T.);
#7105=ORIENTED_EDGE('',*,*,#5164,.F.);
#7106=ORIENTED_EDGE('',*,*,#5165,.T.);
#7107=ORIENTED_EDGE('',*,*,#5166,.T.);
#7108=ORIENTED_EDGE('',*,*,#5167,.T.);
#7109=ORIENTED_EDGE('',*,*,#5150,.T.);
#7110=ORIENTED_EDGE('',*,*,#5166,.F.);
#7111=ORIENTED_EDGE('',*,*,#5168,.T.);
#7112=ORIENTED_EDGE('',*,*,#5169,.T.);
#7113=ORIENTED_EDGE('',*,*,#5170,.F.);
#7114=ORIENTED_EDGE('',*,*,#5171,.T.);
#7115=ORIENTED_EDGE('',*,*,#5152,.T.);
#7116=ORIENTED_EDGE('',*,*,#5172,.T.);
#7117=ORIENTED_EDGE('',*,*,#5173,.T.);
#7118=ORIENTED_EDGE('',*,*,#5149,.T.);
#7119=ORIENTED_EDGE('',*,*,#5145,.F.);
#7120=ORIENTED_EDGE('',*,*,#5174,.T.);
#7121=ORIENTED_EDGE('',*,*,#5165,.F.);
#7122=ORIENTED_EDGE('',*,*,#5153,.T.);
#7123=ORIENTED_EDGE('',*,*,#5171,.F.);
#7124=ORIENTED_EDGE('',*,*,#5175,.T.);
#7125=ORIENTED_EDGE('',*,*,#5159,.F.);
#7126=ORIENTED_EDGE('',*,*,#5157,.T.);
#7127=ORIENTED_EDGE('',*,*,#5176,.T.);
#7128=ORIENTED_EDGE('',*,*,#5177,.T.);
#7129=ORIENTED_EDGE('',*,*,#5175,.F.);
#7130=ORIENTED_EDGE('',*,*,#5178,.F.);
#7131=ORIENTED_EDGE('',*,*,#5179,.F.);
#7132=ORIENTED_EDGE('',*,*,#5162,.F.);
#7133=ORIENTED_EDGE('',*,*,#5180,.F.);
#7134=ORIENTED_EDGE('',*,*,#5174,.F.);
#7135=ORIENTED_EDGE('',*,*,#5181,.F.);
#7136=ORIENTED_EDGE('',*,*,#5182,.F.);
#7137=ORIENTED_EDGE('',*,*,#5168,.F.);
#7138=ORIENTED_EDGE('',*,*,#5183,.F.);
#7139=ORIENTED_EDGE('',*,*,#5184,.F.);
#7140=ORIENTED_EDGE('',*,*,#5185,.T.);
#7141=ORIENTED_EDGE('',*,*,#5180,.T.);
#7142=ORIENTED_EDGE('',*,*,#5185,.F.);
#7143=ORIENTED_EDGE('',*,*,#5186,.F.);
#7144=ORIENTED_EDGE('',*,*,#5187,.T.);
#7145=ORIENTED_EDGE('',*,*,#5183,.T.);
#7146=ORIENTED_EDGE('',*,*,#5187,.F.);
#7147=ORIENTED_EDGE('',*,*,#5188,.F.);
#7148=ORIENTED_EDGE('',*,*,#5189,.F.);
#7149=ORIENTED_EDGE('',*,*,#5190,.F.);
#7150=ORIENTED_EDGE('',*,*,#5177,.F.);
#7151=ORIENTED_EDGE('',*,*,#5190,.T.);
#7152=ORIENTED_EDGE('',*,*,#5191,.F.);
#7153=ORIENTED_EDGE('',*,*,#5188,.T.);
#7154=ORIENTED_EDGE('',*,*,#5176,.F.);
#7155=ORIENTED_EDGE('',*,*,#5173,.F.);
#7156=ORIENTED_EDGE('',*,*,#5192,.F.);
#7157=ORIENTED_EDGE('',*,*,#5193,.F.);
#7158=ORIENTED_EDGE('',*,*,#5178,.T.);
#7159=ORIENTED_EDGE('',*,*,#5179,.T.);
#7160=ORIENTED_EDGE('',*,*,#5193,.T.);
#7161=ORIENTED_EDGE('',*,*,#5194,.F.);
#7162=ORIENTED_EDGE('',*,*,#5163,.F.);
#7163=ORIENTED_EDGE('',*,*,#5148,.F.);
#7164=ORIENTED_EDGE('',*,*,#5195,.F.);
#7165=ORIENTED_EDGE('',*,*,#5196,.F.);
#7166=ORIENTED_EDGE('',*,*,#5181,.T.);
#7167=ORIENTED_EDGE('',*,*,#5182,.T.);
#7168=ORIENTED_EDGE('',*,*,#5196,.T.);
#7169=ORIENTED_EDGE('',*,*,#5197,.F.);
#7170=ORIENTED_EDGE('',*,*,#5169,.F.);
#7171=ORIENTED_EDGE('',*,*,#5197,.T.);
#7172=ORIENTED_EDGE('',*,*,#5195,.T.);
#7173=ORIENTED_EDGE('',*,*,#5147,.F.);
#7174=ORIENTED_EDGE('',*,*,#5158,.T.);
#7175=ORIENTED_EDGE('',*,*,#5155,.T.);
#7176=ORIENTED_EDGE('',*,*,#5161,.F.);
#7177=ORIENTED_EDGE('',*,*,#5164,.T.);
#7178=ORIENTED_EDGE('',*,*,#5194,.T.);
#7179=ORIENTED_EDGE('',*,*,#5192,.T.);
#7180=ORIENTED_EDGE('',*,*,#5172,.F.);
#7181=ORIENTED_EDGE('',*,*,#5151,.T.);
#7182=ORIENTED_EDGE('',*,*,#5167,.F.);
#7183=ORIENTED_EDGE('',*,*,#5170,.T.);
#7184=ORIENTED_EDGE('',*,*,#5191,.T.);
#7185=ORIENTED_EDGE('',*,*,#5189,.T.);
#7186=ORIENTED_EDGE('',*,*,#5186,.T.);
#7187=ORIENTED_EDGE('',*,*,#5184,.T.);
#7188=ORIENTED_EDGE('',*,*,#5198,.F.);
#7189=ORIENTED_EDGE('',*,*,#5199,.T.);
#7190=ORIENTED_EDGE('',*,*,#5200,.T.);
#7191=ORIENTED_EDGE('',*,*,#5201,.F.);
#7192=ORIENTED_EDGE('',*,*,#5202,.F.);
#7193=ORIENTED_EDGE('',*,*,#5203,.T.);
#7194=ORIENTED_EDGE('',*,*,#5204,.T.);
#7195=ORIENTED_EDGE('',*,*,#5199,.F.);
#7196=ORIENTED_EDGE('',*,*,#5205,.F.);
#7197=ORIENTED_EDGE('',*,*,#5206,.T.);
#7198=ORIENTED_EDGE('',*,*,#5207,.T.);
#7199=ORIENTED_EDGE('',*,*,#5203,.F.);
#7200=ORIENTED_EDGE('',*,*,#5208,.F.);
#7201=ORIENTED_EDGE('',*,*,#5209,.T.);
#7202=ORIENTED_EDGE('',*,*,#5210,.T.);
#7203=ORIENTED_EDGE('',*,*,#5206,.F.);
#7204=ORIENTED_EDGE('',*,*,#5211,.F.);
#7205=ORIENTED_EDGE('',*,*,#5212,.T.);
#7206=ORIENTED_EDGE('',*,*,#5213,.T.);
#7207=ORIENTED_EDGE('',*,*,#5209,.F.);
#7208=ORIENTED_EDGE('',*,*,#5214,.F.);
#7209=ORIENTED_EDGE('',*,*,#5201,.T.);
#7210=ORIENTED_EDGE('',*,*,#5215,.T.);
#7211=ORIENTED_EDGE('',*,*,#5212,.F.);
#7212=ORIENTED_EDGE('',*,*,#5215,.F.);
#7213=ORIENTED_EDGE('',*,*,#5200,.F.);
#7214=ORIENTED_EDGE('',*,*,#5204,.F.);
#7215=ORIENTED_EDGE('',*,*,#5207,.F.);
#7216=ORIENTED_EDGE('',*,*,#5210,.F.);
#7217=ORIENTED_EDGE('',*,*,#5213,.F.);
#7218=ORIENTED_EDGE('',*,*,#5216,.F.);
#7219=ORIENTED_EDGE('',*,*,#5217,.F.);
#7220=ORIENTED_EDGE('',*,*,#5218,.T.);
#7221=ORIENTED_EDGE('',*,*,#5219,.T.);
#7222=ORIENTED_EDGE('',*,*,#5220,.F.);
#7223=ORIENTED_EDGE('',*,*,#5221,.F.);
#7224=ORIENTED_EDGE('',*,*,#5222,.T.);
#7225=ORIENTED_EDGE('',*,*,#5223,.T.);
#7226=ORIENTED_EDGE('',*,*,#5218,.F.);
#7227=ORIENTED_EDGE('',*,*,#5224,.F.);
#7228=ORIENTED_EDGE('',*,*,#5225,.T.);
#7229=ORIENTED_EDGE('',*,*,#5226,.T.);
#7230=ORIENTED_EDGE('',*,*,#5222,.F.);
#7231=ORIENTED_EDGE('',*,*,#5227,.F.);
#7232=ORIENTED_EDGE('',*,*,#5228,.T.);
#7233=ORIENTED_EDGE('',*,*,#5229,.T.);
#7234=ORIENTED_EDGE('',*,*,#5225,.F.);
#7235=ORIENTED_EDGE('',*,*,#5230,.F.);
#7236=ORIENTED_EDGE('',*,*,#5231,.T.);
#7237=ORIENTED_EDGE('',*,*,#5232,.T.);
#7238=ORIENTED_EDGE('',*,*,#5228,.F.);
#7239=ORIENTED_EDGE('',*,*,#5233,.F.);
#7240=ORIENTED_EDGE('',*,*,#5220,.T.);
#7241=ORIENTED_EDGE('',*,*,#5234,.T.);
#7242=ORIENTED_EDGE('',*,*,#5231,.F.);
#7243=ORIENTED_EDGE('',*,*,#5234,.F.);
#7244=ORIENTED_EDGE('',*,*,#5219,.F.);
#7245=ORIENTED_EDGE('',*,*,#5223,.F.);
#7246=ORIENTED_EDGE('',*,*,#5226,.F.);
#7247=ORIENTED_EDGE('',*,*,#5229,.F.);
#7248=ORIENTED_EDGE('',*,*,#5232,.F.);
#7249=ORIENTED_EDGE('',*,*,#5235,.F.);
#7250=ORIENTED_EDGE('',*,*,#5236,.T.);
#7251=ORIENTED_EDGE('',*,*,#5237,.T.);
#7252=ORIENTED_EDGE('',*,*,#5238,.T.);
#7253=ORIENTED_EDGE('',*,*,#5239,.T.);
#7254=ORIENTED_EDGE('',*,*,#5239,.F.);
#7255=ORIENTED_EDGE('',*,*,#5240,.F.);
#7256=ORIENTED_EDGE('',*,*,#5241,.F.);
#7257=ORIENTED_EDGE('',*,*,#5242,.F.);
#7258=ORIENTED_EDGE('',*,*,#5238,.F.);
#7259=ORIENTED_EDGE('',*,*,#5243,.T.);
#7260=ORIENTED_EDGE('',*,*,#5244,.F.);
#7261=ORIENTED_EDGE('',*,*,#5245,.F.);
#7262=ORIENTED_EDGE('',*,*,#5246,.F.);
#7263=ORIENTED_EDGE('',*,*,#5247,.T.);
#7264=ORIENTED_EDGE('',*,*,#5248,.F.);
#7265=ORIENTED_EDGE('',*,*,#5249,.F.);
#7266=ORIENTED_EDGE('',*,*,#5250,.F.);
#7267=ORIENTED_EDGE('',*,*,#5251,.T.);
#7268=ORIENTED_EDGE('',*,*,#5252,.F.);
#7269=ORIENTED_EDGE('',*,*,#5253,.F.);
#7270=ORIENTED_EDGE('',*,*,#5254,.F.);
#7271=ORIENTED_EDGE('',*,*,#5255,.F.);
#7272=ORIENTED_EDGE('',*,*,#5256,.T.);
#7273=ORIENTED_EDGE('',*,*,#5257,.F.);
#7274=ORIENTED_EDGE('',*,*,#5258,.T.);
#7275=ORIENTED_EDGE('',*,*,#5259,.F.);
#7276=ORIENTED_EDGE('',*,*,#5260,.T.);
#7277=ORIENTED_EDGE('',*,*,#5261,.T.);
#7278=ORIENTED_EDGE('',*,*,#5262,.T.);
#7279=ORIENTED_EDGE('',*,*,#5263,.F.);
#7280=ORIENTED_EDGE('',*,*,#5240,.T.);
#7281=ORIENTED_EDGE('',*,*,#5263,.T.);
#7282=ORIENTED_EDGE('',*,*,#5264,.T.);
#7283=ORIENTED_EDGE('',*,*,#5265,.T.);
#7284=ORIENTED_EDGE('',*,*,#5241,.T.);
#7285=ORIENTED_EDGE('',*,*,#5264,.F.);
#7286=ORIENTED_EDGE('',*,*,#5262,.F.);
#7287=ORIENTED_EDGE('',*,*,#5266,.F.);
#7288=ORIENTED_EDGE('',*,*,#5267,.F.);
#7289=ORIENTED_EDGE('',*,*,#5268,.T.);
#7290=ORIENTED_EDGE('',*,*,#5269,.T.);
#7291=ORIENTED_EDGE('',*,*,#5270,.T.);
#7292=ORIENTED_EDGE('',*,*,#5271,.T.);
#7293=ORIENTED_EDGE('',*,*,#5271,.F.);
#7294=ORIENTED_EDGE('',*,*,#5272,.F.);
#7295=ORIENTED_EDGE('',*,*,#5273,.F.);
#7296=ORIENTED_EDGE('',*,*,#5274,.F.);
#7297=ORIENTED_EDGE('',*,*,#5270,.F.);
#7298=ORIENTED_EDGE('',*,*,#5275,.F.);
#7299=ORIENTED_EDGE('',*,*,#5276,.F.);
#7300=ORIENTED_EDGE('',*,*,#5277,.F.);
#7301=ORIENTED_EDGE('',*,*,#5278,.T.);
#7302=ORIENTED_EDGE('',*,*,#5279,.T.);
#7303=ORIENTED_EDGE('',*,*,#5272,.T.);
#7304=ORIENTED_EDGE('',*,*,#5280,.F.);
#7305=ORIENTED_EDGE('',*,*,#5281,.F.);
#7306=ORIENTED_EDGE('',*,*,#5277,.T.);
#7307=ORIENTED_EDGE('',*,*,#5282,.T.);
#7308=ORIENTED_EDGE('',*,*,#5283,.T.);
#7309=ORIENTED_EDGE('',*,*,#5284,.T.);
#7310=ORIENTED_EDGE('',*,*,#5284,.F.);
#7311=ORIENTED_EDGE('',*,*,#5285,.F.);
#7312=ORIENTED_EDGE('',*,*,#5286,.T.);
#7313=ORIENTED_EDGE('',*,*,#5278,.F.);
#7314=ORIENTED_EDGE('',*,*,#5257,.T.);
#7315=ORIENTED_EDGE('',*,*,#5287,.T.);
#7316=ORIENTED_EDGE('',*,*,#5288,.T.);
#7317=ORIENTED_EDGE('',*,*,#5289,.T.);
#7318=ORIENTED_EDGE('',*,*,#5289,.F.);
#7319=ORIENTED_EDGE('',*,*,#5290,.F.);
#7320=ORIENTED_EDGE('',*,*,#5291,.F.);
#7321=ORIENTED_EDGE('',*,*,#5258,.F.);
#7322=ORIENTED_EDGE('',*,*,#5259,.T.);
#7323=ORIENTED_EDGE('',*,*,#5291,.T.);
#7324=ORIENTED_EDGE('',*,*,#5292,.T.);
#7325=ORIENTED_EDGE('',*,*,#5293,.T.);
#7326=ORIENTED_EDGE('',*,*,#5293,.F.);
#7327=ORIENTED_EDGE('',*,*,#5294,.F.);
#7328=ORIENTED_EDGE('',*,*,#5295,.F.);
#7329=ORIENTED_EDGE('',*,*,#5260,.F.);
#7330=ORIENTED_EDGE('',*,*,#5287,.F.);
#7331=ORIENTED_EDGE('',*,*,#5256,.F.);
#7332=ORIENTED_EDGE('',*,*,#5296,.T.);
#7333=ORIENTED_EDGE('',*,*,#5297,.F.);
#7334=ORIENTED_EDGE('',*,*,#5237,.F.);
#7335=ORIENTED_EDGE('',*,*,#5298,.F.);
#7336=ORIENTED_EDGE('',*,*,#5299,.F.);
#7337=ORIENTED_EDGE('',*,*,#5243,.F.);
#7338=ORIENTED_EDGE('',*,*,#5236,.F.);
#7339=ORIENTED_EDGE('',*,*,#5242,.T.);
#7340=ORIENTED_EDGE('',*,*,#5265,.F.);
#7341=ORIENTED_EDGE('',*,*,#5267,.T.);
#7342=ORIENTED_EDGE('',*,*,#5300,.T.);
#7343=ORIENTED_EDGE('',*,*,#5294,.T.);
#7344=ORIENTED_EDGE('',*,*,#5292,.F.);
#7345=ORIENTED_EDGE('',*,*,#5290,.T.);
#7346=ORIENTED_EDGE('',*,*,#5288,.F.);
#7347=ORIENTED_EDGE('',*,*,#5297,.T.);
#7348=ORIENTED_EDGE('',*,*,#5301,.T.);
#7349=ORIENTED_EDGE('',*,*,#5302,.F.);
#7350=ORIENTED_EDGE('',*,*,#5303,.T.);
#7351=ORIENTED_EDGE('',*,*,#5304,.T.);
#7352=ORIENTED_EDGE('',*,*,#5305,.T.);
#7353=ORIENTED_EDGE('',*,*,#5306,.T.);
#7354=ORIENTED_EDGE('',*,*,#5307,.T.);
#7355=ORIENTED_EDGE('',*,*,#5308,.F.);
#7356=ORIENTED_EDGE('',*,*,#5309,.T.);
#7357=ORIENTED_EDGE('',*,*,#5310,.T.);
#7358=ORIENTED_EDGE('',*,*,#5311,.T.);
#7359=ORIENTED_EDGE('',*,*,#5298,.T.);
#7360=ORIENTED_EDGE('',*,*,#5312,.T.);
#7361=ORIENTED_EDGE('',*,*,#5313,.T.);
#7362=ORIENTED_EDGE('',*,*,#5269,.F.);
#7363=ORIENTED_EDGE('',*,*,#5314,.F.);
#7364=ORIENTED_EDGE('',*,*,#5315,.F.);
#7365=ORIENTED_EDGE('',*,*,#5316,.F.);
#7366=ORIENTED_EDGE('',*,*,#5275,.T.);
#7367=ORIENTED_EDGE('',*,*,#5248,.T.);
#7368=ORIENTED_EDGE('',*,*,#5317,.F.);
#7369=ORIENTED_EDGE('',*,*,#5318,.F.);
#7370=ORIENTED_EDGE('',*,*,#5246,.T.);
#7371=ORIENTED_EDGE('',*,*,#5319,.F.);
#7372=ORIENTED_EDGE('',*,*,#5320,.F.);
#7373=ORIENTED_EDGE('',*,*,#5266,.T.);
#7374=ORIENTED_EDGE('',*,*,#5261,.F.);
#7375=ORIENTED_EDGE('',*,*,#5295,.T.);
#7376=ORIENTED_EDGE('',*,*,#5300,.F.);
#7377=ORIENTED_EDGE('',*,*,#5321,.T.);
#7378=ORIENTED_EDGE('',*,*,#5254,.T.);
#7379=ORIENTED_EDGE('',*,*,#5322,.T.);
#7380=ORIENTED_EDGE('',*,*,#5323,.T.);
#7381=ORIENTED_EDGE('',*,*,#5324,.T.);
#7382=ORIENTED_EDGE('',*,*,#5325,.T.);
#7383=ORIENTED_EDGE('',*,*,#5322,.F.);
#7384=ORIENTED_EDGE('',*,*,#5253,.T.);
#7385=ORIENTED_EDGE('',*,*,#5326,.T.);
#7386=ORIENTED_EDGE('',*,*,#5249,.T.);
#7387=ORIENTED_EDGE('',*,*,#5318,.T.);
#7388=ORIENTED_EDGE('',*,*,#5327,.T.);
#7389=ORIENTED_EDGE('',*,*,#5328,.T.);
#7390=ORIENTED_EDGE('',*,*,#5329,.T.);
#7391=ORIENTED_EDGE('',*,*,#5319,.T.);
#7392=ORIENTED_EDGE('',*,*,#5245,.T.);
#7393=ORIENTED_EDGE('',*,*,#5247,.F.);
#7394=ORIENTED_EDGE('',*,*,#5320,.T.);
#7395=ORIENTED_EDGE('',*,*,#5329,.F.);
#7396=ORIENTED_EDGE('',*,*,#5330,.F.);
#7397=ORIENTED_EDGE('',*,*,#5331,.F.);
#7398=ORIENTED_EDGE('',*,*,#5332,.T.);
#7399=ORIENTED_EDGE('',*,*,#5327,.F.);
#7400=ORIENTED_EDGE('',*,*,#5317,.T.);
#7401=ORIENTED_EDGE('',*,*,#5333,.T.);
#7402=ORIENTED_EDGE('',*,*,#5334,.T.);
#7403=ORIENTED_EDGE('',*,*,#5335,.T.);
#7404=ORIENTED_EDGE('',*,*,#5336,.T.);
#7405=ORIENTED_EDGE('',*,*,#5337,.T.);
#7406=ORIENTED_EDGE('',*,*,#5338,.T.);
#7407=ORIENTED_EDGE('',*,*,#5335,.F.);
#7408=ORIENTED_EDGE('',*,*,#5339,.T.);
#7409=ORIENTED_EDGE('',*,*,#5325,.F.);
#7410=ORIENTED_EDGE('',*,*,#5340,.F.);
#7411=ORIENTED_EDGE('',*,*,#5339,.F.);
#7412=ORIENTED_EDGE('',*,*,#5341,.T.);
#7413=ORIENTED_EDGE('',*,*,#5323,.F.);
#7414=ORIENTED_EDGE('',*,*,#5341,.F.);
#7415=ORIENTED_EDGE('',*,*,#5334,.F.);
#7416=ORIENTED_EDGE('',*,*,#5342,.T.);
#7417=ORIENTED_EDGE('',*,*,#5343,.T.);
#7418=ORIENTED_EDGE('',*,*,#5331,.T.);
#7419=ORIENTED_EDGE('',*,*,#5344,.T.);
#7420=ORIENTED_EDGE('',*,*,#5345,.T.);
#7421=ORIENTED_EDGE('',*,*,#5346,.T.);
#7422=ORIENTED_EDGE('',*,*,#5347,.F.);
#7423=ORIENTED_EDGE('',*,*,#5348,.T.);
#7424=ORIENTED_EDGE('',*,*,#5349,.T.);
#7425=ORIENTED_EDGE('',*,*,#5350,.T.);
#7426=ORIENTED_EDGE('',*,*,#5305,.F.);
#7427=ORIENTED_EDGE('',*,*,#5351,.T.);
#7428=ORIENTED_EDGE('',*,*,#5352,.F.);
#7429=ORIENTED_EDGE('',*,*,#5353,.T.);
#7430=ORIENTED_EDGE('',*,*,#5347,.T.);
#7431=ORIENTED_EDGE('',*,*,#5354,.T.);
#7432=ORIENTED_EDGE('',*,*,#5355,.T.);
#7433=ORIENTED_EDGE('',*,*,#5301,.F.);
#7434=ORIENTED_EDGE('',*,*,#5296,.F.);
#7435=ORIENTED_EDGE('',*,*,#5356,.T.);
#7436=ORIENTED_EDGE('',*,*,#5357,.T.);
#7437=ORIENTED_EDGE('',*,*,#5358,.F.);
#7438=ORIENTED_EDGE('',*,*,#5359,.T.);
#7439=ORIENTED_EDGE('',*,*,#5360,.T.);
#7440=ORIENTED_EDGE('',*,*,#5361,.T.);
#7441=ORIENTED_EDGE('',*,*,#5306,.F.);
#7442=ORIENTED_EDGE('',*,*,#5350,.F.);
#7443=ORIENTED_EDGE('',*,*,#5251,.F.);
#7444=ORIENTED_EDGE('',*,*,#5362,.T.);
#7445=ORIENTED_EDGE('',*,*,#5354,.F.);
#7446=ORIENTED_EDGE('',*,*,#5346,.F.);
#7447=ORIENTED_EDGE('',*,*,#5363,.T.);
#7448=ORIENTED_EDGE('',*,*,#5364,.T.);
#7449=ORIENTED_EDGE('',*,*,#5365,.T.);
#7450=ORIENTED_EDGE('',*,*,#5360,.F.);
#7451=ORIENTED_EDGE('',*,*,#5366,.T.);
#7452=ORIENTED_EDGE('',*,*,#5313,.F.);
#7453=ORIENTED_EDGE('',*,*,#5366,.F.);
#7454=ORIENTED_EDGE('',*,*,#5365,.F.);
#7455=ORIENTED_EDGE('',*,*,#5367,.T.);
#7456=ORIENTED_EDGE('',*,*,#5312,.F.);
#7457=ORIENTED_EDGE('',*,*,#5367,.F.);
#7458=ORIENTED_EDGE('',*,*,#5304,.F.);
#7459=ORIENTED_EDGE('',*,*,#5368,.T.);
#7460=ORIENTED_EDGE('',*,*,#5363,.F.);
#7461=ORIENTED_EDGE('',*,*,#5351,.F.);
#7462=ORIENTED_EDGE('',*,*,#5308,.T.);
#7463=ORIENTED_EDGE('',*,*,#5369,.F.);
#7464=ORIENTED_EDGE('',*,*,#5357,.F.);
#7465=ORIENTED_EDGE('',*,*,#5370,.F.);
#7466=ORIENTED_EDGE('',*,*,#5309,.F.);
#7467=ORIENTED_EDGE('',*,*,#5370,.T.);
#7468=ORIENTED_EDGE('',*,*,#5356,.F.);
#7469=ORIENTED_EDGE('',*,*,#5371,.F.);
#7470=ORIENTED_EDGE('',*,*,#5310,.F.);
#7471=ORIENTED_EDGE('',*,*,#5371,.T.);
#7472=ORIENTED_EDGE('',*,*,#5359,.F.);
#7473=ORIENTED_EDGE('',*,*,#5372,.F.);
#7474=ORIENTED_EDGE('',*,*,#5302,.T.);
#7475=ORIENTED_EDGE('',*,*,#5355,.F.);
#7476=ORIENTED_EDGE('',*,*,#5362,.F.);
#7477=ORIENTED_EDGE('',*,*,#5373,.F.);
#7478=ORIENTED_EDGE('',*,*,#5303,.F.);
#7479=ORIENTED_EDGE('',*,*,#5373,.T.);
#7480=ORIENTED_EDGE('',*,*,#5364,.F.);
#7481=ORIENTED_EDGE('',*,*,#5368,.F.);
#7482=ORIENTED_EDGE('',*,*,#5244,.T.);
#7483=ORIENTED_EDGE('',*,*,#5374,.F.);
#7484=ORIENTED_EDGE('',*,*,#5375,.F.);
#7485=ORIENTED_EDGE('',*,*,#5344,.F.);
#7486=ORIENTED_EDGE('',*,*,#5330,.T.);
#7487=ORIENTED_EDGE('',*,*,#5328,.F.);
#7488=ORIENTED_EDGE('',*,*,#5376,.F.);
#7489=ORIENTED_EDGE('',*,*,#5377,.T.);
#7490=ORIENTED_EDGE('',*,*,#5315,.T.);
#7491=ORIENTED_EDGE('',*,*,#5374,.T.);
#7492=ORIENTED_EDGE('',*,*,#5299,.T.);
#7493=ORIENTED_EDGE('',*,*,#5311,.F.);
#7494=ORIENTED_EDGE('',*,*,#5372,.T.);
#7495=ORIENTED_EDGE('',*,*,#5358,.T.);
#7496=ORIENTED_EDGE('',*,*,#5369,.T.);
#7497=ORIENTED_EDGE('',*,*,#5307,.F.);
#7498=ORIENTED_EDGE('',*,*,#5361,.F.);
#7499=ORIENTED_EDGE('',*,*,#5250,.T.);
#7500=ORIENTED_EDGE('',*,*,#5326,.F.);
#7501=ORIENTED_EDGE('',*,*,#5332,.F.);
#7502=ORIENTED_EDGE('',*,*,#5343,.F.);
#7503=ORIENTED_EDGE('',*,*,#5378,.F.);
#7504=ORIENTED_EDGE('',*,*,#5376,.T.);
#7505=ORIENTED_EDGE('',*,*,#5255,.T.);
#7506=ORIENTED_EDGE('',*,*,#5321,.F.);
#7507=ORIENTED_EDGE('',*,*,#5342,.F.);
#7508=ORIENTED_EDGE('',*,*,#5333,.F.);
#7509=ORIENTED_EDGE('',*,*,#5379,.F.);
#7510=ORIENTED_EDGE('',*,*,#5352,.T.);
#7511=ORIENTED_EDGE('',*,*,#5252,.T.);
#7512=ORIENTED_EDGE('',*,*,#5349,.F.);
#7513=ORIENTED_EDGE('',*,*,#5380,.F.);
#7514=ORIENTED_EDGE('',*,*,#5337,.F.);
#7515=ORIENTED_EDGE('',*,*,#5340,.T.);
#7516=ORIENTED_EDGE('',*,*,#5324,.F.);
#7517=ORIENTED_EDGE('',*,*,#5286,.F.);
#7518=ORIENTED_EDGE('',*,*,#5381,.F.);
#7519=ORIENTED_EDGE('',*,*,#5273,.T.);
#7520=ORIENTED_EDGE('',*,*,#5279,.F.);
#7521=ORIENTED_EDGE('',*,*,#5235,.T.);
#7522=ORIENTED_EDGE('',*,*,#5382,.T.);
#7523=ORIENTED_EDGE('',*,*,#5280,.T.);
#7524=ORIENTED_EDGE('',*,*,#5382,.F.);
#7525=ORIENTED_EDGE('',*,*,#5216,.T.);
#7526=ORIENTED_EDGE('',*,*,#5383,.T.);
#7527=ORIENTED_EDGE('',*,*,#5281,.T.);
#7528=ORIENTED_EDGE('',*,*,#5383,.F.);
#7529=ORIENTED_EDGE('',*,*,#5282,.F.);
#7530=ORIENTED_EDGE('',*,*,#5276,.T.);
#7531=ORIENTED_EDGE('',*,*,#5316,.T.);
#7532=ORIENTED_EDGE('',*,*,#5377,.F.);
#7533=ORIENTED_EDGE('',*,*,#5384,.F.);
#7534=ORIENTED_EDGE('',*,*,#5348,.F.);
#7535=ORIENTED_EDGE('',*,*,#5353,.F.);
#7536=ORIENTED_EDGE('',*,*,#5385,.F.);
#7537=ORIENTED_EDGE('',*,*,#5268,.F.);
#7538=ORIENTED_EDGE('',*,*,#5274,.T.);
#7539=ORIENTED_EDGE('',*,*,#5381,.T.);
#7540=ORIENTED_EDGE('',*,*,#5285,.T.);
#7541=ORIENTED_EDGE('',*,*,#5283,.F.);
#7542=ORIENTED_EDGE('',*,*,#5385,.T.);
#7543=ORIENTED_EDGE('',*,*,#5379,.T.);
#7544=ORIENTED_EDGE('',*,*,#5336,.F.);
#7545=ORIENTED_EDGE('',*,*,#5338,.F.);
#7546=ORIENTED_EDGE('',*,*,#5380,.T.);
#7547=ORIENTED_EDGE('',*,*,#5384,.T.);
#7548=ORIENTED_EDGE('',*,*,#5378,.T.);
#7549=ORIENTED_EDGE('',*,*,#5345,.F.);
#7550=ORIENTED_EDGE('',*,*,#5375,.T.);
#7551=ORIENTED_EDGE('',*,*,#5314,.T.);
#7552=ORIENTED_EDGE('',*,*,#5198,.T.);
#7553=ORIENTED_EDGE('',*,*,#5214,.T.);
#7554=ORIENTED_EDGE('',*,*,#5211,.T.);
#7555=ORIENTED_EDGE('',*,*,#5208,.T.);
#7556=ORIENTED_EDGE('',*,*,#5205,.T.);
#7557=ORIENTED_EDGE('',*,*,#5202,.T.);
#7558=ORIENTED_EDGE('',*,*,#5217,.T.);
#7559=ORIENTED_EDGE('',*,*,#5233,.T.);
#7560=ORIENTED_EDGE('',*,*,#5230,.T.);
#7561=ORIENTED_EDGE('',*,*,#5227,.T.);
#7562=ORIENTED_EDGE('',*,*,#5224,.T.);
#7563=ORIENTED_EDGE('',*,*,#5221,.T.);
#7564=ORIENTED_EDGE('',*,*,#5386,.T.);
#7565=ORIENTED_EDGE('',*,*,#5387,.T.);
#7566=ORIENTED_EDGE('',*,*,#5388,.T.);
#7567=ORIENTED_EDGE('',*,*,#5387,.F.);
#7568=ORIENTED_EDGE('',*,*,#5389,.F.);
#7569=ORIENTED_EDGE('',*,*,#5390,.T.);
#7570=ORIENTED_EDGE('',*,*,#5388,.F.);
#7571=ORIENTED_EDGE('',*,*,#5390,.F.);
#7572=ORIENTED_EDGE('',*,*,#5391,.T.);
#7573=ORIENTED_EDGE('',*,*,#5392,.T.);
#7574=ORIENTED_EDGE('',*,*,#5393,.T.);
#7575=ORIENTED_EDGE('',*,*,#5394,.F.);
#7576=ORIENTED_EDGE('',*,*,#5395,.T.);
#7577=ORIENTED_EDGE('',*,*,#5396,.T.);
#7578=ORIENTED_EDGE('',*,*,#5397,.T.);
#7579=ORIENTED_EDGE('',*,*,#5398,.F.);
#7580=ORIENTED_EDGE('',*,*,#5399,.F.);
#7581=ORIENTED_EDGE('',*,*,#5400,.F.);
#7582=ORIENTED_EDGE('',*,*,#5401,.T.);
#7583=ORIENTED_EDGE('',*,*,#5402,.F.);
#7584=ORIENTED_EDGE('',*,*,#5403,.T.);
#7585=ORIENTED_EDGE('',*,*,#5404,.F.);
#7586=ORIENTED_EDGE('',*,*,#5405,.T.);
#7587=ORIENTED_EDGE('',*,*,#5406,.F.);
#7588=ORIENTED_EDGE('',*,*,#5407,.T.);
#7589=ORIENTED_EDGE('',*,*,#5408,.F.);
#7590=ORIENTED_EDGE('',*,*,#5386,.F.);
#7591=ORIENTED_EDGE('',*,*,#5409,.T.);
#7592=ORIENTED_EDGE('',*,*,#5410,.T.);
#7593=ORIENTED_EDGE('',*,*,#5411,.T.);
#7594=ORIENTED_EDGE('',*,*,#5412,.T.);
#7595=ORIENTED_EDGE('',*,*,#5410,.F.);
#7596=ORIENTED_EDGE('',*,*,#5412,.F.);
#7597=ORIENTED_EDGE('',*,*,#5413,.T.);
#7598=ORIENTED_EDGE('',*,*,#5414,.F.);
#7599=ORIENTED_EDGE('',*,*,#5415,.F.);
#7600=ORIENTED_EDGE('',*,*,#5413,.F.);
#7601=ORIENTED_EDGE('',*,*,#5411,.F.);
#7602=ORIENTED_EDGE('',*,*,#5409,.F.);
#7603=ORIENTED_EDGE('',*,*,#5416,.T.);
#7604=ORIENTED_EDGE('',*,*,#5415,.T.);
#7605=ORIENTED_EDGE('',*,*,#5417,.T.);
#7606=ORIENTED_EDGE('',*,*,#5418,.T.);
#7607=ORIENTED_EDGE('',*,*,#5417,.F.);
#7608=ORIENTED_EDGE('',*,*,#5414,.T.);
#7609=ORIENTED_EDGE('',*,*,#5419,.F.);
#7610=ORIENTED_EDGE('',*,*,#5420,.T.);
#7611=ORIENTED_EDGE('',*,*,#5421,.T.);
#7612=ORIENTED_EDGE('',*,*,#5422,.F.);
#7613=ORIENTED_EDGE('',*,*,#5423,.T.);
#7614=ORIENTED_EDGE('',*,*,#5424,.T.);
#7615=ORIENTED_EDGE('',*,*,#5425,.T.);
#7616=ORIENTED_EDGE('',*,*,#5426,.F.);
#7617=ORIENTED_EDGE('',*,*,#5427,.F.);
#7618=ORIENTED_EDGE('',*,*,#5428,.F.);
#7619=ORIENTED_EDGE('',*,*,#5429,.T.);
#7620=ORIENTED_EDGE('',*,*,#5430,.F.);
#7621=ORIENTED_EDGE('',*,*,#5431,.T.);
#7622=ORIENTED_EDGE('',*,*,#5432,.F.);
#7623=ORIENTED_EDGE('',*,*,#5433,.T.);
#7624=ORIENTED_EDGE('',*,*,#5434,.F.);
#7625=ORIENTED_EDGE('',*,*,#5435,.T.);
#7626=ORIENTED_EDGE('',*,*,#5436,.F.);
#7627=ORIENTED_EDGE('',*,*,#5418,.F.);
#7628=ORIENTED_EDGE('',*,*,#5389,.T.);
#7629=ORIENTED_EDGE('',*,*,#5437,.F.);
#7630=ORIENTED_EDGE('',*,*,#5416,.F.);
#7631=ORIENTED_EDGE('',*,*,#5438,.T.);
#7632=ORIENTED_EDGE('',*,*,#5437,.T.);
#7633=ORIENTED_EDGE('',*,*,#5438,.F.);
#7634=ORIENTED_EDGE('',*,*,#5406,.T.);
#7635=ORIENTED_EDGE('',*,*,#5439,.T.);
#7636=ORIENTED_EDGE('',*,*,#5432,.T.);
#7637=ORIENTED_EDGE('',*,*,#5440,.T.);
#7638=ORIENTED_EDGE('',*,*,#5439,.F.);
#7639=ORIENTED_EDGE('',*,*,#5405,.F.);
#7640=ORIENTED_EDGE('',*,*,#5441,.F.);
#7641=ORIENTED_EDGE('',*,*,#5433,.F.);
#7642=ORIENTED_EDGE('',*,*,#5404,.T.);
#7643=ORIENTED_EDGE('',*,*,#5442,.T.);
#7644=ORIENTED_EDGE('',*,*,#5434,.T.);
#7645=ORIENTED_EDGE('',*,*,#5441,.T.);
#7646=ORIENTED_EDGE('',*,*,#5442,.F.);
#7647=ORIENTED_EDGE('',*,*,#5403,.F.);
#7648=ORIENTED_EDGE('',*,*,#5443,.F.);
#7649=ORIENTED_EDGE('',*,*,#5435,.F.);
#7650=ORIENTED_EDGE('',*,*,#5422,.T.);
#7651=ORIENTED_EDGE('',*,*,#5444,.T.);
#7652=ORIENTED_EDGE('',*,*,#5398,.T.);
#7653=ORIENTED_EDGE('',*,*,#5445,.T.);
#7654=ORIENTED_EDGE('',*,*,#5444,.F.);
#7655=ORIENTED_EDGE('',*,*,#5421,.F.);
#7656=ORIENTED_EDGE('',*,*,#5446,.T.);
#7657=ORIENTED_EDGE('',*,*,#5399,.T.);
#7658=ORIENTED_EDGE('',*,*,#5447,.T.);
#7659=ORIENTED_EDGE('',*,*,#5436,.T.);
#7660=ORIENTED_EDGE('',*,*,#5443,.T.);
#7661=ORIENTED_EDGE('',*,*,#5402,.T.);
#7662=ORIENTED_EDGE('',*,*,#5448,.T.);
#7663=ORIENTED_EDGE('',*,*,#5426,.T.);
#7664=ORIENTED_EDGE('',*,*,#5449,.T.);
#7665=ORIENTED_EDGE('',*,*,#5394,.T.);
#7666=ORIENTED_EDGE('',*,*,#5450,.T.);
#7667=ORIENTED_EDGE('',*,*,#5449,.F.);
#7668=ORIENTED_EDGE('',*,*,#5425,.F.);
#7669=ORIENTED_EDGE('',*,*,#5451,.F.);
#7670=ORIENTED_EDGE('',*,*,#5395,.F.);
#7671=ORIENTED_EDGE('',*,*,#5408,.T.);
#7672=ORIENTED_EDGE('',*,*,#5452,.T.);
#7673=ORIENTED_EDGE('',*,*,#5430,.T.);
#7674=ORIENTED_EDGE('',*,*,#5453,.T.);
#7675=ORIENTED_EDGE('',*,*,#5440,.F.);
#7676=ORIENTED_EDGE('',*,*,#5431,.F.);
#7677=ORIENTED_EDGE('',*,*,#5452,.F.);
#7678=ORIENTED_EDGE('',*,*,#5407,.F.);
#7679=ORIENTED_EDGE('',*,*,#5445,.F.);
#7680=ORIENTED_EDGE('',*,*,#5397,.F.);
#7681=ORIENTED_EDGE('',*,*,#5454,.T.);
#7682=ORIENTED_EDGE('',*,*,#5423,.F.);
#7683=ORIENTED_EDGE('',*,*,#5448,.F.);
#7684=ORIENTED_EDGE('',*,*,#5401,.F.);
#7685=ORIENTED_EDGE('',*,*,#5453,.F.);
#7686=ORIENTED_EDGE('',*,*,#5429,.F.);
#7687=ORIENTED_EDGE('',*,*,#5451,.T.);
#7688=ORIENTED_EDGE('',*,*,#5424,.F.);
#7689=ORIENTED_EDGE('',*,*,#5454,.F.);
#7690=ORIENTED_EDGE('',*,*,#5396,.F.);
#7691=ORIENTED_EDGE('',*,*,#5447,.F.);
#7692=ORIENTED_EDGE('',*,*,#5455,.T.);
#7693=ORIENTED_EDGE('',*,*,#5456,.F.);
#7694=ORIENTED_EDGE('',*,*,#5455,.F.);
#7695=ORIENTED_EDGE('',*,*,#5457,.F.);
#7696=ORIENTED_EDGE('',*,*,#5400,.T.);
#7697=ORIENTED_EDGE('',*,*,#5446,.F.);
#7698=ORIENTED_EDGE('',*,*,#5420,.F.);
#7699=ORIENTED_EDGE('',*,*,#5457,.T.);
#7700=ORIENTED_EDGE('',*,*,#5419,.T.);
#7701=ORIENTED_EDGE('',*,*,#5458,.T.);
#7702=ORIENTED_EDGE('',*,*,#5391,.F.);
#7703=ORIENTED_EDGE('',*,*,#5459,.T.);
#7704=ORIENTED_EDGE('',*,*,#5456,.T.);
#7705=ORIENTED_EDGE('',*,*,#5450,.F.);
#7706=ORIENTED_EDGE('',*,*,#5393,.F.);
#7707=ORIENTED_EDGE('',*,*,#5460,.T.);
#7708=ORIENTED_EDGE('',*,*,#5427,.T.);
#7709=ORIENTED_EDGE('',*,*,#5461,.T.);
#7710=ORIENTED_EDGE('',*,*,#5461,.F.);
#7711=ORIENTED_EDGE('',*,*,#5462,.T.);
#7712=ORIENTED_EDGE('',*,*,#5459,.F.);
#7713=ORIENTED_EDGE('',*,*,#5462,.F.);
#7714=ORIENTED_EDGE('',*,*,#5458,.F.);
#7715=ORIENTED_EDGE('',*,*,#5428,.T.);
#7716=ORIENTED_EDGE('',*,*,#5460,.F.);
#7717=ORIENTED_EDGE('',*,*,#5392,.F.);
#7718=ORIENTED_EDGE('',*,*,#5463,.F.);
#7719=ORIENTED_EDGE('',*,*,#5464,.T.);
#7720=ORIENTED_EDGE('',*,*,#5465,.F.);
#7721=ORIENTED_EDGE('',*,*,#5464,.F.);
#7722=ORIENTED_EDGE('',*,*,#5466,.F.);
#7723=ORIENTED_EDGE('',*,*,#5467,.F.);
#7724=ORIENTED_EDGE('',*,*,#5468,.F.);
#7725=ORIENTED_EDGE('',*,*,#5469,.F.);
#7726=ORIENTED_EDGE('',*,*,#5470,.F.);
#7727=ORIENTED_EDGE('',*,*,#5469,.T.);
#7728=ORIENTED_EDGE('',*,*,#5471,.F.);
#7729=ORIENTED_EDGE('',*,*,#5472,.F.);
#7730=ORIENTED_EDGE('',*,*,#5473,.F.);
#7731=ORIENTED_EDGE('',*,*,#5472,.T.);
#7732=ORIENTED_EDGE('',*,*,#5474,.F.);
#7733=ORIENTED_EDGE('',*,*,#5475,.F.);
#7734=ORIENTED_EDGE('',*,*,#5476,.F.);
#7735=ORIENTED_EDGE('',*,*,#5475,.T.);
#7736=ORIENTED_EDGE('',*,*,#5477,.F.);
#7737=ORIENTED_EDGE('',*,*,#5478,.T.);
#7738=ORIENTED_EDGE('',*,*,#5479,.F.);
#7739=ORIENTED_EDGE('',*,*,#5478,.F.);
#7740=ORIENTED_EDGE('',*,*,#5480,.F.);
#7741=ORIENTED_EDGE('',*,*,#5481,.F.);
#7742=ORIENTED_EDGE('',*,*,#5482,.F.);
#7743=ORIENTED_EDGE('',*,*,#5481,.T.);
#7744=ORIENTED_EDGE('',*,*,#5483,.F.);
#7745=ORIENTED_EDGE('',*,*,#5484,.F.);
#7746=ORIENTED_EDGE('',*,*,#5485,.F.);
#7747=ORIENTED_EDGE('',*,*,#5484,.T.);
#7748=ORIENTED_EDGE('',*,*,#5486,.F.);
#7749=ORIENTED_EDGE('',*,*,#5487,.F.);
#7750=ORIENTED_EDGE('',*,*,#5488,.F.);
#7751=ORIENTED_EDGE('',*,*,#5487,.T.);
#7752=ORIENTED_EDGE('',*,*,#5489,.F.);
#7753=ORIENTED_EDGE('',*,*,#5490,.T.);
#7754=ORIENTED_EDGE('',*,*,#5491,.F.);
#7755=ORIENTED_EDGE('',*,*,#5492,.F.);
#7756=ORIENTED_EDGE('',*,*,#5493,.F.);
#7757=ORIENTED_EDGE('',*,*,#5494,.F.);
#7758=ORIENTED_EDGE('',*,*,#5495,.F.);
#7759=ORIENTED_EDGE('',*,*,#5494,.T.);
#7760=ORIENTED_EDGE('',*,*,#5496,.F.);
#7761=ORIENTED_EDGE('',*,*,#5497,.F.);
#7762=ORIENTED_EDGE('',*,*,#5498,.F.);
#7763=ORIENTED_EDGE('',*,*,#5490,.F.);
#7764=ORIENTED_EDGE('',*,*,#5499,.F.);
#7765=ORIENTED_EDGE('',*,*,#5500,.F.);
#7766=ORIENTED_EDGE('',*,*,#5501,.F.);
#7767=ORIENTED_EDGE('',*,*,#5500,.T.);
#7768=ORIENTED_EDGE('',*,*,#5502,.F.);
#7769=ORIENTED_EDGE('',*,*,#5503,.F.);
#7770=ORIENTED_EDGE('',*,*,#5504,.F.);
#7771=ORIENTED_EDGE('',*,*,#5505,.T.);
#7772=ORIENTED_EDGE('',*,*,#5506,.F.);
#7773=ORIENTED_EDGE('',*,*,#5467,.T.);
#7774=ORIENTED_EDGE('',*,*,#5507,.F.);
#7775=ORIENTED_EDGE('',*,*,#5497,.T.);
#7776=ORIENTED_EDGE('',*,*,#5508,.F.);
#7777=ORIENTED_EDGE('',*,*,#5505,.F.);
#7778=ORIENTED_EDGE('',*,*,#5509,.F.);
#7779=ORIENTED_EDGE('',*,*,#5510,.T.);
#7780=ORIENTED_EDGE('',*,*,#5511,.F.);
#7781=ORIENTED_EDGE('',*,*,#5492,.T.);
#7782=ORIENTED_EDGE('',*,*,#5512,.F.);
#7783=ORIENTED_EDGE('',*,*,#5503,.T.);
#7784=ORIENTED_EDGE('',*,*,#5513,.F.);
#7785=ORIENTED_EDGE('',*,*,#5510,.F.);
#7786=ORIENTED_EDGE('',*,*,#5514,.F.);
#7787=ORIENTED_EDGE('',*,*,#5502,.T.);
#7788=ORIENTED_EDGE('',*,*,#5499,.T.);
#7789=ORIENTED_EDGE('',*,*,#5489,.T.);
#7790=ORIENTED_EDGE('',*,*,#5486,.T.);
#7791=ORIENTED_EDGE('',*,*,#5483,.T.);
#7792=ORIENTED_EDGE('',*,*,#5480,.T.);
#7793=ORIENTED_EDGE('',*,*,#5477,.T.);
#7794=ORIENTED_EDGE('',*,*,#5474,.T.);
#7795=ORIENTED_EDGE('',*,*,#5471,.T.);
#7796=ORIENTED_EDGE('',*,*,#5468,.T.);
#7797=ORIENTED_EDGE('',*,*,#5506,.T.);
#7798=ORIENTED_EDGE('',*,*,#5508,.T.);
#7799=ORIENTED_EDGE('',*,*,#5496,.T.);
#7800=ORIENTED_EDGE('',*,*,#5493,.T.);
#7801=ORIENTED_EDGE('',*,*,#5511,.T.);
#7802=ORIENTED_EDGE('',*,*,#5513,.T.);
#7803=ORIENTED_EDGE('',*,*,#5515,.F.);
#7804=ORIENTED_EDGE('',*,*,#5516,.T.);
#7805=ORIENTED_EDGE('',*,*,#5517,.T.);
#7806=ORIENTED_EDGE('',*,*,#5516,.F.);
#7807=ORIENTED_EDGE('',*,*,#5518,.F.);
#7808=ORIENTED_EDGE('',*,*,#5515,.T.);
#7809=ORIENTED_EDGE('',*,*,#5463,.T.);
#7810=ORIENTED_EDGE('',*,*,#5519,.T.);
#7811=ORIENTED_EDGE('',*,*,#5518,.T.);
#7812=ORIENTED_EDGE('',*,*,#5519,.F.);
#7813=ORIENTED_EDGE('',*,*,#5465,.T.);
#7814=ORIENTED_EDGE('',*,*,#5498,.T.);
#7815=ORIENTED_EDGE('',*,*,#5501,.T.);
#7816=ORIENTED_EDGE('',*,*,#5512,.T.);
#7817=ORIENTED_EDGE('',*,*,#5520,.T.);
#7818=ORIENTED_EDGE('',*,*,#5521,.F.);
#7819=ORIENTED_EDGE('',*,*,#5522,.F.);
#7820=ORIENTED_EDGE('',*,*,#5520,.F.);
#7821=ORIENTED_EDGE('',*,*,#5514,.T.);
#7822=ORIENTED_EDGE('',*,*,#5509,.T.);
#7823=ORIENTED_EDGE('',*,*,#5491,.T.);
#7824=ORIENTED_EDGE('',*,*,#5495,.T.);
#7825=ORIENTED_EDGE('',*,*,#5507,.T.);
#7826=ORIENTED_EDGE('',*,*,#5504,.T.);
#7827=ORIENTED_EDGE('',*,*,#5466,.T.);
#7828=ORIENTED_EDGE('',*,*,#5470,.T.);
#7829=ORIENTED_EDGE('',*,*,#5473,.T.);
#7830=ORIENTED_EDGE('',*,*,#5476,.T.);
#7831=ORIENTED_EDGE('',*,*,#5479,.T.);
#7832=ORIENTED_EDGE('',*,*,#5482,.T.);
#7833=ORIENTED_EDGE('',*,*,#5485,.T.);
#7834=ORIENTED_EDGE('',*,*,#5488,.T.);
#7835=ORIENTED_EDGE('',*,*,#5523,.F.);
#7836=ORIENTED_EDGE('',*,*,#5524,.T.);
#7837=ORIENTED_EDGE('',*,*,#5521,.T.);
#7838=ORIENTED_EDGE('',*,*,#5522,.T.);
#7839=ORIENTED_EDGE('',*,*,#5524,.F.);
#7840=ORIENTED_EDGE('',*,*,#5523,.T.);
#7841=ORIENTED_EDGE('',*,*,#5517,.F.);
#7842=ORIENTED_EDGE('',*,*,#5525,.F.);
#7843=ORIENTED_EDGE('',*,*,#5526,.T.);
#7844=ORIENTED_EDGE('',*,*,#5527,.F.);
#7845=ORIENTED_EDGE('',*,*,#5526,.F.);
#7846=ORIENTED_EDGE('',*,*,#5528,.F.);
#7847=ORIENTED_EDGE('',*,*,#5529,.T.);
#7848=ORIENTED_EDGE('',*,*,#5530,.F.);
#7849=ORIENTED_EDGE('',*,*,#5529,.F.);
#7850=ORIENTED_EDGE('',*,*,#5531,.F.);
#7851=ORIENTED_EDGE('',*,*,#5532,.F.);
#7852=ORIENTED_EDGE('',*,*,#5533,.F.);
#7853=ORIENTED_EDGE('',*,*,#5534,.F.);
#7854=ORIENTED_EDGE('',*,*,#5533,.T.);
#7855=ORIENTED_EDGE('',*,*,#5535,.F.);
#7856=ORIENTED_EDGE('',*,*,#5536,.T.);
#7857=ORIENTED_EDGE('',*,*,#5537,.F.);
#7858=ORIENTED_EDGE('',*,*,#5538,.F.);
#7859=ORIENTED_EDGE('',*,*,#5539,.T.);
#7860=ORIENTED_EDGE('',*,*,#5540,.T.);
#7861=ORIENTED_EDGE('',*,*,#5541,.T.);
#7862=ORIENTED_EDGE('',*,*,#5542,.T.);
#7863=ORIENTED_EDGE('',*,*,#5535,.T.);
#7864=ORIENTED_EDGE('',*,*,#5532,.T.);
#7865=ORIENTED_EDGE('',*,*,#5543,.T.);
#7866=ORIENTED_EDGE('',*,*,#5544,.T.);
#7867=ORIENTED_EDGE('',*,*,#5539,.F.);
#7868=ORIENTED_EDGE('',*,*,#5531,.T.);
#7869=ORIENTED_EDGE('',*,*,#5545,.F.);
#7870=ORIENTED_EDGE('',*,*,#5546,.F.);
#7871=ORIENTED_EDGE('',*,*,#5543,.F.);
#7872=ORIENTED_EDGE('',*,*,#5546,.T.);
#7873=ORIENTED_EDGE('',*,*,#5547,.F.);
#7874=ORIENTED_EDGE('',*,*,#5548,.F.);
#7875=ORIENTED_EDGE('',*,*,#5549,.F.);
#7876=ORIENTED_EDGE('',*,*,#5540,.F.);
#7877=ORIENTED_EDGE('',*,*,#5544,.F.);
#7878=ORIENTED_EDGE('',*,*,#5549,.T.);
#7879=ORIENTED_EDGE('',*,*,#5550,.F.);
#7880=ORIENTED_EDGE('',*,*,#5551,.F.);
#7881=ORIENTED_EDGE('',*,*,#5541,.F.);
#7882=ORIENTED_EDGE('',*,*,#5551,.T.);
#7883=ORIENTED_EDGE('',*,*,#5552,.F.);
#7884=ORIENTED_EDGE('',*,*,#5536,.F.);
#7885=ORIENTED_EDGE('',*,*,#5542,.F.);
#7886=ORIENTED_EDGE('',*,*,#5553,.F.);
#7887=ORIENTED_EDGE('',*,*,#5528,.T.);
#7888=ORIENTED_EDGE('',*,*,#5534,.T.);
#7889=ORIENTED_EDGE('',*,*,#5537,.T.);
#7890=ORIENTED_EDGE('',*,*,#5552,.T.);
#7891=ORIENTED_EDGE('',*,*,#5550,.T.);
#7892=ORIENTED_EDGE('',*,*,#5548,.T.);
#7893=ORIENTED_EDGE('',*,*,#5554,.T.);
#7894=ORIENTED_EDGE('',*,*,#5553,.T.);
#7895=ORIENTED_EDGE('',*,*,#5554,.F.);
#7896=ORIENTED_EDGE('',*,*,#5547,.T.);
#7897=ORIENTED_EDGE('',*,*,#5545,.T.);
#7898=ORIENTED_EDGE('',*,*,#5538,.T.);
#7899=ORIENTED_EDGE('',*,*,#5527,.T.);
#7900=ORIENTED_EDGE('',*,*,#5525,.T.);
#7901=ORIENTED_EDGE('',*,*,#5555,.T.);
#7902=ORIENTED_EDGE('',*,*,#5530,.T.);
#7903=ORIENTED_EDGE('',*,*,#5555,.F.);
#7904=ORIENTED_EDGE('',*,*,#5556,.F.);
#7905=ORIENTED_EDGE('',*,*,#5557,.T.);
#7906=ORIENTED_EDGE('',*,*,#5558,.F.);
#7907=ORIENTED_EDGE('',*,*,#5557,.F.);
#7908=ORIENTED_EDGE('',*,*,#5559,.F.);
#7909=ORIENTED_EDGE('',*,*,#5560,.F.);
#7910=ORIENTED_EDGE('',*,*,#5561,.F.);
#7911=ORIENTED_EDGE('',*,*,#5562,.F.);
#7912=ORIENTED_EDGE('',*,*,#5563,.F.);
#7913=ORIENTED_EDGE('',*,*,#5562,.T.);
#7914=ORIENTED_EDGE('',*,*,#5564,.F.);
#7915=ORIENTED_EDGE('',*,*,#5565,.F.);
#7916=ORIENTED_EDGE('',*,*,#5566,.F.);
#7917=ORIENTED_EDGE('',*,*,#5565,.T.);
#7918=ORIENTED_EDGE('',*,*,#5567,.F.);
#7919=ORIENTED_EDGE('',*,*,#5568,.F.);
#7920=ORIENTED_EDGE('',*,*,#5569,.F.);
#7921=ORIENTED_EDGE('',*,*,#5568,.T.);
#7922=ORIENTED_EDGE('',*,*,#5570,.F.);
#7923=ORIENTED_EDGE('',*,*,#5571,.T.);
#7924=ORIENTED_EDGE('',*,*,#5572,.F.);
#7925=ORIENTED_EDGE('',*,*,#5571,.F.);
#7926=ORIENTED_EDGE('',*,*,#5573,.F.);
#7927=ORIENTED_EDGE('',*,*,#5574,.F.);
#7928=ORIENTED_EDGE('',*,*,#5575,.F.);
#7929=ORIENTED_EDGE('',*,*,#5574,.T.);
#7930=ORIENTED_EDGE('',*,*,#5576,.F.);
#7931=ORIENTED_EDGE('',*,*,#5577,.F.);
#7932=ORIENTED_EDGE('',*,*,#5578,.F.);
#7933=ORIENTED_EDGE('',*,*,#5577,.T.);
#7934=ORIENTED_EDGE('',*,*,#5579,.F.);
#7935=ORIENTED_EDGE('',*,*,#5580,.F.);
#7936=ORIENTED_EDGE('',*,*,#5581,.F.);
#7937=ORIENTED_EDGE('',*,*,#5580,.T.);
#7938=ORIENTED_EDGE('',*,*,#5582,.F.);
#7939=ORIENTED_EDGE('',*,*,#5583,.T.);
#7940=ORIENTED_EDGE('',*,*,#5584,.F.);
#7941=ORIENTED_EDGE('',*,*,#5585,.F.);
#7942=ORIENTED_EDGE('',*,*,#5586,.F.);
#7943=ORIENTED_EDGE('',*,*,#5587,.F.);
#7944=ORIENTED_EDGE('',*,*,#5588,.F.);
#7945=ORIENTED_EDGE('',*,*,#5587,.T.);
#7946=ORIENTED_EDGE('',*,*,#5589,.F.);
#7947=ORIENTED_EDGE('',*,*,#5590,.F.);
#7948=ORIENTED_EDGE('',*,*,#5591,.F.);
#7949=ORIENTED_EDGE('',*,*,#5583,.F.);
#7950=ORIENTED_EDGE('',*,*,#5592,.F.);
#7951=ORIENTED_EDGE('',*,*,#5593,.F.);
#7952=ORIENTED_EDGE('',*,*,#5594,.F.);
#7953=ORIENTED_EDGE('',*,*,#5593,.T.);
#7954=ORIENTED_EDGE('',*,*,#5595,.F.);
#7955=ORIENTED_EDGE('',*,*,#5596,.F.);
#7956=ORIENTED_EDGE('',*,*,#5597,.F.);
#7957=ORIENTED_EDGE('',*,*,#5598,.T.);
#7958=ORIENTED_EDGE('',*,*,#5599,.F.);
#7959=ORIENTED_EDGE('',*,*,#5560,.T.);
#7960=ORIENTED_EDGE('',*,*,#5600,.F.);
#7961=ORIENTED_EDGE('',*,*,#5590,.T.);
#7962=ORIENTED_EDGE('',*,*,#5601,.F.);
#7963=ORIENTED_EDGE('',*,*,#5598,.F.);
#7964=ORIENTED_EDGE('',*,*,#5602,.F.);
#7965=ORIENTED_EDGE('',*,*,#5603,.T.);
#7966=ORIENTED_EDGE('',*,*,#5604,.F.);
#7967=ORIENTED_EDGE('',*,*,#5585,.T.);
#7968=ORIENTED_EDGE('',*,*,#5605,.F.);
#7969=ORIENTED_EDGE('',*,*,#5596,.T.);
#7970=ORIENTED_EDGE('',*,*,#5606,.F.);
#7971=ORIENTED_EDGE('',*,*,#5603,.F.);
#7972=ORIENTED_EDGE('',*,*,#5607,.F.);
#7973=ORIENTED_EDGE('',*,*,#5595,.T.);
#7974=ORIENTED_EDGE('',*,*,#5592,.T.);
#7975=ORIENTED_EDGE('',*,*,#5582,.T.);
#7976=ORIENTED_EDGE('',*,*,#5579,.T.);
#7977=ORIENTED_EDGE('',*,*,#5576,.T.);
#7978=ORIENTED_EDGE('',*,*,#5573,.T.);
#7979=ORIENTED_EDGE('',*,*,#5570,.T.);
#7980=ORIENTED_EDGE('',*,*,#5567,.T.);
#7981=ORIENTED_EDGE('',*,*,#5564,.T.);
#7982=ORIENTED_EDGE('',*,*,#5561,.T.);
#7983=ORIENTED_EDGE('',*,*,#5599,.T.);
#7984=ORIENTED_EDGE('',*,*,#5601,.T.);
#7985=ORIENTED_EDGE('',*,*,#5589,.T.);
#7986=ORIENTED_EDGE('',*,*,#5586,.T.);
#7987=ORIENTED_EDGE('',*,*,#5604,.T.);
#7988=ORIENTED_EDGE('',*,*,#5606,.T.);
#7989=ORIENTED_EDGE('',*,*,#5608,.F.);
#7990=ORIENTED_EDGE('',*,*,#5609,.T.);
#7991=ORIENTED_EDGE('',*,*,#5610,.T.);
#7992=ORIENTED_EDGE('',*,*,#5609,.F.);
#7993=ORIENTED_EDGE('',*,*,#5611,.F.);
#7994=ORIENTED_EDGE('',*,*,#5608,.T.);
#7995=ORIENTED_EDGE('',*,*,#5556,.T.);
#7996=ORIENTED_EDGE('',*,*,#5612,.T.);
#7997=ORIENTED_EDGE('',*,*,#5611,.T.);
#7998=ORIENTED_EDGE('',*,*,#5612,.F.);
#7999=ORIENTED_EDGE('',*,*,#5558,.T.);
#8000=ORIENTED_EDGE('',*,*,#5591,.T.);
#8001=ORIENTED_EDGE('',*,*,#5594,.T.);
#8002=ORIENTED_EDGE('',*,*,#5605,.T.);
#8003=ORIENTED_EDGE('',*,*,#5613,.T.);
#8004=ORIENTED_EDGE('',*,*,#5614,.F.);
#8005=ORIENTED_EDGE('',*,*,#5615,.F.);
#8006=ORIENTED_EDGE('',*,*,#5613,.F.);
#8007=ORIENTED_EDGE('',*,*,#5607,.T.);
#8008=ORIENTED_EDGE('',*,*,#5602,.T.);
#8009=ORIENTED_EDGE('',*,*,#5584,.T.);
#8010=ORIENTED_EDGE('',*,*,#5588,.T.);
#8011=ORIENTED_EDGE('',*,*,#5600,.T.);
#8012=ORIENTED_EDGE('',*,*,#5597,.T.);
#8013=ORIENTED_EDGE('',*,*,#5559,.T.);
#8014=ORIENTED_EDGE('',*,*,#5563,.T.);
#8015=ORIENTED_EDGE('',*,*,#5566,.T.);
#8016=ORIENTED_EDGE('',*,*,#5569,.T.);
#8017=ORIENTED_EDGE('',*,*,#5572,.T.);
#8018=ORIENTED_EDGE('',*,*,#5575,.T.);
#8019=ORIENTED_EDGE('',*,*,#5578,.T.);
#8020=ORIENTED_EDGE('',*,*,#5581,.T.);
#8021=ORIENTED_EDGE('',*,*,#5616,.F.);
#8022=ORIENTED_EDGE('',*,*,#5617,.T.);
#8023=ORIENTED_EDGE('',*,*,#5614,.T.);
#8024=ORIENTED_EDGE('',*,*,#5615,.T.);
#8025=ORIENTED_EDGE('',*,*,#5617,.F.);
#8026=ORIENTED_EDGE('',*,*,#5616,.T.);
#8027=ORIENTED_EDGE('',*,*,#5610,.F.);
#8028=ORIENTED_EDGE('',*,*,#5618,.F.);
#8029=ORIENTED_EDGE('',*,*,#5619,.T.);
#8030=ORIENTED_EDGE('',*,*,#5620,.F.);
#8031=ORIENTED_EDGE('',*,*,#5619,.F.);
#8032=ORIENTED_EDGE('',*,*,#5621,.F.);
#8033=ORIENTED_EDGE('',*,*,#5622,.T.);
#8034=ORIENTED_EDGE('',*,*,#5623,.F.);
#8035=ORIENTED_EDGE('',*,*,#5622,.F.);
#8036=ORIENTED_EDGE('',*,*,#5624,.F.);
#8037=ORIENTED_EDGE('',*,*,#5625,.F.);
#8038=ORIENTED_EDGE('',*,*,#5626,.F.);
#8039=ORIENTED_EDGE('',*,*,#5627,.F.);
#8040=ORIENTED_EDGE('',*,*,#5626,.T.);
#8041=ORIENTED_EDGE('',*,*,#5628,.F.);
#8042=ORIENTED_EDGE('',*,*,#5629,.T.);
#8043=ORIENTED_EDGE('',*,*,#5630,.F.);
#8044=ORIENTED_EDGE('',*,*,#5631,.F.);
#8045=ORIENTED_EDGE('',*,*,#5632,.T.);
#8046=ORIENTED_EDGE('',*,*,#5633,.T.);
#8047=ORIENTED_EDGE('',*,*,#5634,.T.);
#8048=ORIENTED_EDGE('',*,*,#5635,.T.);
#8049=ORIENTED_EDGE('',*,*,#5628,.T.);
#8050=ORIENTED_EDGE('',*,*,#5625,.T.);
#8051=ORIENTED_EDGE('',*,*,#5636,.T.);
#8052=ORIENTED_EDGE('',*,*,#5637,.T.);
#8053=ORIENTED_EDGE('',*,*,#5632,.F.);
#8054=ORIENTED_EDGE('',*,*,#5624,.T.);
#8055=ORIENTED_EDGE('',*,*,#5638,.F.);
#8056=ORIENTED_EDGE('',*,*,#5639,.F.);
#8057=ORIENTED_EDGE('',*,*,#5636,.F.);
#8058=ORIENTED_EDGE('',*,*,#5639,.T.);
#8059=ORIENTED_EDGE('',*,*,#5640,.F.);
#8060=ORIENTED_EDGE('',*,*,#5641,.F.);
#8061=ORIENTED_EDGE('',*,*,#5642,.F.);
#8062=ORIENTED_EDGE('',*,*,#5633,.F.);
#8063=ORIENTED_EDGE('',*,*,#5637,.F.);
#8064=ORIENTED_EDGE('',*,*,#5642,.T.);
#8065=ORIENTED_EDGE('',*,*,#5643,.F.);
#8066=ORIENTED_EDGE('',*,*,#5644,.F.);
#8067=ORIENTED_EDGE('',*,*,#5634,.F.);
#8068=ORIENTED_EDGE('',*,*,#5644,.T.);
#8069=ORIENTED_EDGE('',*,*,#5645,.F.);
#8070=ORIENTED_EDGE('',*,*,#5629,.F.);
#8071=ORIENTED_EDGE('',*,*,#5635,.F.);
#8072=ORIENTED_EDGE('',*,*,#5646,.F.);
#8073=ORIENTED_EDGE('',*,*,#5621,.T.);
#8074=ORIENTED_EDGE('',*,*,#5627,.T.);
#8075=ORIENTED_EDGE('',*,*,#5630,.T.);
#8076=ORIENTED_EDGE('',*,*,#5645,.T.);
#8077=ORIENTED_EDGE('',*,*,#5643,.T.);
#8078=ORIENTED_EDGE('',*,*,#5641,.T.);
#8079=ORIENTED_EDGE('',*,*,#5647,.T.);
#8080=ORIENTED_EDGE('',*,*,#5646,.T.);
#8081=ORIENTED_EDGE('',*,*,#5647,.F.);
#8082=ORIENTED_EDGE('',*,*,#5640,.T.);
#8083=ORIENTED_EDGE('',*,*,#5638,.T.);
#8084=ORIENTED_EDGE('',*,*,#5631,.T.);
#8085=ORIENTED_EDGE('',*,*,#5620,.T.);
#8086=ORIENTED_EDGE('',*,*,#5618,.T.);
#8087=ORIENTED_EDGE('',*,*,#5648,.T.);
#8088=ORIENTED_EDGE('',*,*,#5623,.T.);
#8089=ORIENTED_EDGE('',*,*,#5648,.F.);
#8090=ORIENTED_EDGE('',*,*,#5649,.F.);
#8091=ORIENTED_EDGE('',*,*,#5650,.T.);
#8092=ORIENTED_EDGE('',*,*,#5651,.T.);
#8093=ORIENTED_EDGE('',*,*,#5650,.F.);
#8094=ORIENTED_EDGE('',*,*,#5652,.F.);
#8095=ORIENTED_EDGE('',*,*,#5653,.T.);
#8096=ORIENTED_EDGE('',*,*,#5654,.T.);
#8097=ORIENTED_EDGE('',*,*,#5653,.F.);
#8098=ORIENTED_EDGE('',*,*,#5655,.F.);
#8099=ORIENTED_EDGE('',*,*,#5656,.T.);
#8100=ORIENTED_EDGE('',*,*,#5657,.T.);
#8101=ORIENTED_EDGE('',*,*,#5656,.F.);
#8102=ORIENTED_EDGE('',*,*,#5658,.F.);
#8103=ORIENTED_EDGE('',*,*,#5659,.T.);
#8104=ORIENTED_EDGE('',*,*,#5655,.T.);
#8105=ORIENTED_EDGE('',*,*,#5659,.F.);
#8106=ORIENTED_EDGE('',*,*,#5660,.F.);
#8107=ORIENTED_EDGE('',*,*,#5661,.T.);
#8108=ORIENTED_EDGE('',*,*,#5658,.T.);
#8109=ORIENTED_EDGE('',*,*,#5661,.F.);
#8110=ORIENTED_EDGE('',*,*,#5662,.F.);
#8111=ORIENTED_EDGE('',*,*,#5663,.T.);
#8112=ORIENTED_EDGE('',*,*,#5660,.T.);
#8113=ORIENTED_EDGE('',*,*,#5663,.F.);
#8114=ORIENTED_EDGE('',*,*,#5664,.F.);
#8115=ORIENTED_EDGE('',*,*,#5662,.T.);
#8116=ORIENTED_EDGE('',*,*,#5665,.T.);
#8117=ORIENTED_EDGE('',*,*,#5666,.F.);
#8118=ORIENTED_EDGE('',*,*,#5665,.F.);
#8119=ORIENTED_EDGE('',*,*,#5664,.T.);
#8120=ORIENTED_EDGE('',*,*,#5667,.F.);
#8121=ORIENTED_EDGE('',*,*,#5668,.T.);
#8122=ORIENTED_EDGE('',*,*,#5669,.T.);
#8123=ORIENTED_EDGE('',*,*,#5668,.F.);
#8124=ORIENTED_EDGE('',*,*,#5670,.F.);
#8125=ORIENTED_EDGE('',*,*,#5671,.T.);
#8126=ORIENTED_EDGE('',*,*,#5667,.T.);
#8127=ORIENTED_EDGE('',*,*,#5671,.F.);
#8128=ORIENTED_EDGE('',*,*,#5651,.F.);
#8129=ORIENTED_EDGE('',*,*,#5670,.T.);
#8130=ORIENTED_EDGE('',*,*,#5666,.T.);
#8131=ORIENTED_EDGE('',*,*,#5669,.F.);
#8132=ORIENTED_EDGE('',*,*,#5652,.T.);
#8133=ORIENTED_EDGE('',*,*,#5657,.F.);
#8134=ORIENTED_EDGE('',*,*,#5649,.T.);
#8135=ORIENTED_EDGE('',*,*,#5654,.F.);
#8136=CYLINDRICAL_SURFACE('',#8975,1.75);
#8137=CYLINDRICAL_SURFACE('',#8983,9.525);
#8138=CYLINDRICAL_SURFACE('',#8990,1.6);
#8139=CYLINDRICAL_SURFACE('',#8991,1.6);
#8140=CYLINDRICAL_SURFACE('',#8992,1.6);
#8141=CYLINDRICAL_SURFACE('',#8993,3.175);
#8142=CYLINDRICAL_SURFACE('',#8998,4.65);
#8143=CYLINDRICAL_SURFACE('',#9001,4.65);
#8144=CYLINDRICAL_SURFACE('',#9004,4.65);
#8145=CYLINDRICAL_SURFACE('',#9007,4.65);
#8146=CYLINDRICAL_SURFACE('',#9010,3.55);
#8147=CYLINDRICAL_SURFACE('',#9013,3.55);
#8148=CYLINDRICAL_SURFACE('',#9016,10.);
#8149=CYLINDRICAL_SURFACE('',#9029,1.1);
#8150=CYLINDRICAL_SURFACE('',#9034,1.1);
#8151=CYLINDRICAL_SURFACE('',#9039,7.);
#8152=CYLINDRICAL_SURFACE('',#9058,3.);
#8153=CYLINDRICAL_SURFACE('',#9060,4.65);
#8154=CYLINDRICAL_SURFACE('',#9062,3.);
#8155=CYLINDRICAL_SURFACE('',#9065,3.);
#8156=CYLINDRICAL_SURFACE('',#9067,4.65);
#8157=CYLINDRICAL_SURFACE('',#9069,3.);
#8158=CYLINDRICAL_SURFACE('',#9070,7.);
#8159=CYLINDRICAL_SURFACE('',#9080,3.);
#8160=CYLINDRICAL_SURFACE('',#9083,4.65);
#8161=CYLINDRICAL_SURFACE('',#9086,3.);
#8162=CYLINDRICAL_SURFACE('',#9090,3.);
#8163=CYLINDRICAL_SURFACE('',#9093,4.65);
#8164=CYLINDRICAL_SURFACE('',#9096,3.);
#8165=CYLINDRICAL_SURFACE('',#9100,1.75);
#8166=CYLINDRICAL_SURFACE('',#9118,100.);
#8167=CYLINDRICAL_SURFACE('',#9121,4.);
#8168=CYLINDRICAL_SURFACE('',#9124,100.);
#8169=CYLINDRICAL_SURFACE('',#9127,9.);
#8170=CYLINDRICAL_SURFACE('',#9130,5.);
#8171=CYLINDRICAL_SURFACE('',#9140,5.);
#8172=CYLINDRICAL_SURFACE('',#9143,4.);
#8173=CYLINDRICAL_SURFACE('',#9144,4.);
#8174=CYLINDRICAL_SURFACE('',#9151,1.6);
#8175=CYLINDRICAL_SURFACE('',#9155,1.6);
#8176=CYLINDRICAL_SURFACE('',#9157,1.6);
#8177=CYLINDRICAL_SURFACE('',#9159,1.35);
#8178=CYLINDRICAL_SURFACE('',#9160,9.);
#8179=CYLINDRICAL_SURFACE('',#9163,1.6);
#8180=CYLINDRICAL_SURFACE('',#9164,1.6);
#8181=CYLINDRICAL_SURFACE('',#9165,1.6);
#8182=CYLINDRICAL_SURFACE('',#9166,1.6);
#8183=CYLINDRICAL_SURFACE('',#9170,0.7);
#8184=CYLINDRICAL_SURFACE('',#9174,0.7);
#8185=CYLINDRICAL_SURFACE('',#9178,0.7);
#8186=CYLINDRICAL_SURFACE('',#9182,0.7);
#8187=CYLINDRICAL_SURFACE('',#9201,1.325);
#8188=CYLINDRICAL_SURFACE('',#9211,1.4635);
#8189=CYLINDRICAL_SURFACE('',#9233,1.2645);
#8190=CYLINDRICAL_SURFACE('',#9238,1.25);
#8191=CYLINDRICAL_SURFACE('',#9244,1.25);
#8192=CYLINDRICAL_SURFACE('',#9249,0.3);
#8193=CYLINDRICAL_SURFACE('',#9264,1.5);
#8194=CYLINDRICAL_SURFACE('',#9268,1.5);
#8195=CYLINDRICAL_SURFACE('',#9272,1.5);
#8196=CYLINDRICAL_SURFACE('',#9276,1.5);
#8197=CYLINDRICAL_SURFACE('',#9281,3.);
#8198=CYLINDRICAL_SURFACE('',#9284,3.);
#8199=CYLINDRICAL_SURFACE('',#9287,1.25);
#8200=CYLINDRICAL_SURFACE('',#9290,3.);
#8201=CYLINDRICAL_SURFACE('',#9293,1.25);
#8202=CYLINDRICAL_SURFACE('',#9309,0.3);
#8203=CYLINDRICAL_SURFACE('',#9310,1.75);
#8204=CYLINDRICAL_SURFACE('',#9325,1.75);
#8205=CYLINDRICAL_SURFACE('',#9326,1.75);
#8206=CYLINDRICAL_SURFACE('',#9329,0.7);
#8207=CYLINDRICAL_SURFACE('',#9333,0.7);
#8208=CYLINDRICAL_SURFACE('',#9337,0.7);
#8209=CYLINDRICAL_SURFACE('',#9341,0.7);
#8210=CYLINDRICAL_SURFACE('',#9360,1.325);
#8211=CYLINDRICAL_SURFACE('',#9370,1.4635);
#8212=CYLINDRICAL_SURFACE('',#9374,0.54);
#8213=CYLINDRICAL_SURFACE('',#9380,0.54);
#8214=CYLINDRICAL_SURFACE('',#9386,0.54);
#8215=CYLINDRICAL_SURFACE('',#9392,0.54);
#8216=CYLINDRICAL_SURFACE('',#9413,1.0925);
#8217=CYLINDRICAL_SURFACE('',#9423,1.215);
#8218=CYLINDRICAL_SURFACE('',#9446,1.03775);
#8219=CYLINDRICAL_SURFACE('',#9451,5.);
#8220=CYLINDRICAL_SURFACE('',#9454,4.);
#8221=CYLINDRICAL_SURFACE('',#9457,5.);
#8222=CYLINDRICAL_SURFACE('',#9461,5.);
#8223=CYLINDRICAL_SURFACE('',#9465,5.);
#8224=CYLINDRICAL_SURFACE('',#9468,4.);
#8225=CYLINDRICAL_SURFACE('',#9479,1.85);
#8226=CYLINDRICAL_SURFACE('',#9481,1.35);
#8227=CYLINDRICAL_SURFACE('',#9484,1.35);
#8228=CYLINDRICAL_SURFACE('',#9488,2.);
#8229=CYLINDRICAL_SURFACE('',#9492,2.);
#8230=CYLINDRICAL_SURFACE('',#9497,5.);
#8231=CYLINDRICAL_SURFACE('',#9499,4.);
#8232=CYLINDRICAL_SURFACE('',#9506,5.);
#8233=CYLINDRICAL_SURFACE('',#9509,5.);
#8234=CYLINDRICAL_SURFACE('',#9512,5.);
#8235=CYLINDRICAL_SURFACE('',#9526,1.35);
#8236=CYLINDRICAL_SURFACE('',#9528,1.35);
#8237=CYLINDRICAL_SURFACE('',#9531,1.6);
#8238=CYLINDRICAL_SURFACE('',#9534,2.);
#8239=CYLINDRICAL_SURFACE('',#9537,2.);
#8240=CYLINDRICAL_SURFACE('',#9563,2.);
#8241=CYLINDRICAL_SURFACE('',#9573,2.);
#8242=CYLINDRICAL_SURFACE('',#9584,7.6);
#8243=CYLINDRICAL_SURFACE('',#9593,2.1);
#8244=CYLINDRICAL_SURFACE('',#9594,2.1);
#8245=CYLINDRICAL_SURFACE('',#9597,3.);
#8246=CYLINDRICAL_SURFACE('',#9600,3.);
#8247=CYLINDRICAL_SURFACE('',#9605,10.25);
#8248=CYLINDRICAL_SURFACE('',#9607,1.1);
#8249=CYLINDRICAL_SURFACE('',#9608,1.1);
#8250=CYLINDRICAL_SURFACE('',#9615,3.6);
#8251=CYLINDRICAL_SURFACE('',#9631,4.5);
#8252=CYLINDRICAL_SURFACE('',#9650,2.);
#8253=CYLINDRICAL_SURFACE('',#9651,5.);
#8254=CYLINDRICAL_SURFACE('',#9652,10.);
#8255=CYLINDRICAL_SURFACE('',#9653,5.);
#8256=CYLINDRICAL_SURFACE('',#9655,5.);
#8257=CYLINDRICAL_SURFACE('',#9659,5.);
#8258=CYLINDRICAL_SURFACE('',#9660,5.);
#8259=CYLINDRICAL_SURFACE('',#9662,5.);
#8260=CYLINDRICAL_SURFACE('',#9666,10.);
#8261=CYLINDRICAL_SURFACE('',#9667,2.1);
#8262=CYLINDRICAL_SURFACE('',#9669,3.99999999999999);
#8263=CYLINDRICAL_SURFACE('',#9677,2.1);
#8264=CYLINDRICAL_SURFACE('',#9678,3.99999999999999);
#8265=CYLINDRICAL_SURFACE('',#9683,0.25);
#8266=CYLINDRICAL_SURFACE('',#9691,0.25);
#8267=CYLINDRICAL_SURFACE('',#9699,0.25);
#8268=CYLINDRICAL_SURFACE('',#9703,0.25);
#8269=CYLINDRICAL_SURFACE('',#9717,0.899999999999997);
#8270=CYLINDRICAL_SURFACE('',#9722,0.96675);
#8271=CYLINDRICAL_SURFACE('',#9750,0.8115);
#8272=CYLINDRICAL_SURFACE('',#9755,0.27);
#8273=CYLINDRICAL_SURFACE('',#9763,0.27);
#8274=CYLINDRICAL_SURFACE('',#9771,0.27);
#8275=CYLINDRICAL_SURFACE('',#9775,0.27);
#8276=CYLINDRICAL_SURFACE('',#9789,1.13750000000001);
#8277=CYLINDRICAL_SURFACE('',#9794,1.215);
#8278=CYLINDRICAL_SURFACE('',#9822,1.03775);
#8279=CYLINDRICAL_SURFACE('',#9824,5.);
#8280=CYLINDRICAL_SURFACE('',#9834,3.3);
#8281=CYLINDRICAL_SURFACE('',#9838,3.5);
#8282=CYLINDRICAL_SURFACE('',#9843,1.75);
#8283=ADVANCED_FACE('',(#811),#8136,.F.);
#8284=ADVANCED_FACE('',(#812,#449,#450,#451,#452),#545,.F.);
#8285=ADVANCED_FACE('',(#813),#8137,.T.);
#8286=ADVANCED_FACE('',(#814,#453,#454,#455,#456),#546,.T.);
#8287=ADVANCED_FACE('',(#815),#8138,.F.);
#8288=ADVANCED_FACE('',(#816),#8139,.F.);
#8289=ADVANCED_FACE('',(#817),#8140,.F.);
#8290=ADVANCED_FACE('',(#818),#8141,.T.);
#8291=ADVANCED_FACE('',(#819,#457),#547,.T.);
#8292=ADVANCED_FACE('',(#820),#548,.T.);
#8293=ADVANCED_FACE('',(#821),#8142,.T.);
#8294=ADVANCED_FACE('',(#822),#8143,.T.);
#8295=ADVANCED_FACE('',(#823),#8144,.T.);
#8296=ADVANCED_FACE('',(#824),#8145,.T.);
#8297=ADVANCED_FACE('',(#825),#8146,.T.);
#8298=ADVANCED_FACE('',(#826),#8147,.T.);
#8299=ADVANCED_FACE('',(#827),#8148,.T.);
#8300=ADVANCED_FACE('',(#828,#458),#549,.T.);
#8301=ADVANCED_FACE('',(#829,#459),#550,.F.);
#8302=ADVANCED_FACE('',(#830,#460),#551,.F.);
#8303=ADVANCED_FACE('',(#831),#8149,.F.);
#8304=ADVANCED_FACE('',(#832,#461,#462,#463),#552,.T.);
#8305=ADVANCED_FACE('',(#833),#8150,.F.);
#8306=ADVANCED_FACE('',(#834),#553,.T.);
#8307=ADVANCED_FACE('',(#835),#554,.T.);
#8308=ADVANCED_FACE('',(#836),#555,.T.);
#8309=ADVANCED_FACE('',(#837),#556,.T.);
#8310=ADVANCED_FACE('',(#838),#8151,.T.);
#8311=ADVANCED_FACE('',(#839,#464),#557,.F.);
#8312=ADVANCED_FACE('',(#840),#558,.F.);
#8313=ADVANCED_FACE('',(#841,#465),#559,.F.);
#8314=ADVANCED_FACE('',(#842),#560,.F.);
#8315=ADVANCED_FACE('',(#843),#8152,.T.);
#8316=ADVANCED_FACE('',(#844),#561,.F.);
#8317=ADVANCED_FACE('',(#845),#8153,.T.);
#8318=ADVANCED_FACE('',(#846),#562,.F.);
#8319=ADVANCED_FACE('',(#847),#8154,.T.);
#8320=ADVANCED_FACE('',(#848),#563,.F.);
#8321=ADVANCED_FACE('',(#849),#564,.F.);
#8322=ADVANCED_FACE('',(#850),#8155,.T.);
#8323=ADVANCED_FACE('',(#851),#565,.F.);
#8324=ADVANCED_FACE('',(#852),#8156,.T.);
#8325=ADVANCED_FACE('',(#853),#566,.F.);
#8326=ADVANCED_FACE('',(#854),#8157,.T.);
#8327=ADVANCED_FACE('',(#855),#8158,.T.);
#8328=ADVANCED_FACE('',(#856,#466),#567,.T.);
#8329=ADVANCED_FACE('',(#857),#568,.T.);
#8330=ADVANCED_FACE('',(#858),#8159,.T.);
#8331=ADVANCED_FACE('',(#859),#569,.T.);
#8332=ADVANCED_FACE('',(#860),#8160,.T.);
#8333=ADVANCED_FACE('',(#861),#570,.T.);
#8334=ADVANCED_FACE('',(#862),#8161,.T.);
#8335=ADVANCED_FACE('',(#863),#571,.T.);
#8336=ADVANCED_FACE('',(#864),#572,.T.);
#8337=ADVANCED_FACE('',(#865),#8162,.T.);
#8338=ADVANCED_FACE('',(#866),#573,.T.);
#8339=ADVANCED_FACE('',(#867),#8163,.T.);
#8340=ADVANCED_FACE('',(#868),#574,.T.);
#8341=ADVANCED_FACE('',(#869),#8164,.T.);
#8342=ADVANCED_FACE('',(#870),#575,.T.);
#8343=ADVANCED_FACE('',(#871),#576,.T.);
#8344=ADVANCED_FACE('',(#872),#8165,.T.);
#8345=ADVANCED_FACE('',(#873,#467,#468,#469,#470),#577,.F.);
#8346=ADVANCED_FACE('',(#874),#578,.T.);
#8347=ADVANCED_FACE('',(#875),#579,.T.);
#8348=ADVANCED_FACE('',(#876),#580,.F.);
#8349=ADVANCED_FACE('',(#877),#581,.F.);
#8350=ADVANCED_FACE('',(#878),#582,.F.);
#8351=ADVANCED_FACE('',(#879),#583,.F.);
#8352=ADVANCED_FACE('',(#880),#584,.F.);
#8353=ADVANCED_FACE('',(#881),#585,.F.);
#8354=ADVANCED_FACE('',(#882,#471),#586,.T.);
#8355=ADVANCED_FACE('',(#883),#8166,.F.);
#8356=ADVANCED_FACE('',(#884),#8167,.T.);
#8357=ADVANCED_FACE('',(#885),#8168,.F.);
#8358=ADVANCED_FACE('',(#886),#8169,.T.);
#8359=ADVANCED_FACE('',(#887),#8170,.F.);
#8360=ADVANCED_FACE('',(#888,#472),#587,.T.);
#8361=ADVANCED_FACE('',(#889),#8171,.F.);
#8362=ADVANCED_FACE('',(#890),#8172,.F.);
#8363=ADVANCED_FACE('',(#891),#8173,.F.);
#8364=ADVANCED_FACE('',(#892,#473,#474,#475,#476),#588,.T.);
#8365=ADVANCED_FACE('',(#893),#8174,.F.);
#8366=ADVANCED_FACE('',(#894),#589,.T.);
#8367=ADVANCED_FACE('',(#895),#590,.T.);
#8368=ADVANCED_FACE('',(#896),#8175,.F.);
#8369=ADVANCED_FACE('',(#897),#8176,.F.);
#8370=ADVANCED_FACE('',(#898),#8177,.F.);
#8371=ADVANCED_FACE('',(#899),#8178,.T.);
#8372=ADVANCED_FACE('',(#900,#477,#478,#479,#480),#591,.T.);
#8373=ADVANCED_FACE('',(#901),#8179,.F.);
#8374=ADVANCED_FACE('',(#902),#8180,.F.);
#8375=ADVANCED_FACE('',(#903),#8181,.F.);
#8376=ADVANCED_FACE('',(#904),#8182,.F.);
#8377=ADVANCED_FACE('',(#905),#592,.T.);
#8378=ADVANCED_FACE('',(#906),#593,.T.);
#8379=ADVANCED_FACE('',(#907),#8183,.T.);
#8380=ADVANCED_FACE('',(#908),#594,.F.);
#8381=ADVANCED_FACE('',(#909),#8184,.T.);
#8382=ADVANCED_FACE('',(#910),#595,.F.);
#8383=ADVANCED_FACE('',(#911),#8185,.T.);
#8384=ADVANCED_FACE('',(#912),#596,.F.);
#8385=ADVANCED_FACE('',(#913),#8186,.T.);
#8386=ADVANCED_FACE('',(#914),#597,.F.);
#8387=ADVANCED_FACE('',(#915),#598,.F.);
#8388=ADVANCED_FACE('',(#916),#599,.F.);
#8389=ADVANCED_FACE('',(#917),#600,.F.);
#8390=ADVANCED_FACE('',(#918),#601,.F.);
#8391=ADVANCED_FACE('',(#919),#602,.F.);
#8392=ADVANCED_FACE('',(#920),#603,.F.);
#8393=ADVANCED_FACE('',(#921),#604,.F.);
#8394=ADVANCED_FACE('',(#922),#605,.F.);
#8395=ADVANCED_FACE('',(#923),#606,.F.);
#8396=ADVANCED_FACE('',(#924),#138,.F.);
#8397=ADVANCED_FACE('',(#925,#481),#607,.T.);
#8398=ADVANCED_FACE('',(#926),#8187,.T.);
#8399=ADVANCED_FACE('',(#927),#139,.T.);
#8400=ADVANCED_FACE('',(#928,#482),#608,.T.);
#8401=ADVANCED_FACE('',(#929),#106,.T.);
#8402=ADVANCED_FACE('',(#930),#107,.T.);
#8403=ADVANCED_FACE('',(#931),#8188,.T.);
#8404=ADVANCED_FACE('',(#932),#609,.T.);
#8405=ADVANCED_FACE('',(#933),#108,.F.);
#8406=ADVANCED_FACE('',(#934),#109,.F.);
#8407=ADVANCED_FACE('',(#935),#610,.F.);
#8408=ADVANCED_FACE('',(#936),#611,.F.);
#8409=ADVANCED_FACE('',(#937),#110,.T.);
#8410=ADVANCED_FACE('',(#938),#612,.F.);
#8411=ADVANCED_FACE('',(#939),#613,.F.);
#8412=ADVANCED_FACE('',(#940),#614,.F.);
#8413=ADVANCED_FACE('',(#941),#615,.F.);
#8414=ADVANCED_FACE('',(#942,#483),#616,.T.);
#8415=ADVANCED_FACE('',(#943),#111,.T.);
#8416=ADVANCED_FACE('',(#944,#484),#617,.T.);
#8417=ADVANCED_FACE('',(#945),#8189,.F.);
#8418=ADVANCED_FACE('',(#946),#618,.T.);
#8419=ADVANCED_FACE('',(#947),#619,.T.);
#8420=ADVANCED_FACE('',(#948),#8190,.T.);
#8421=ADVANCED_FACE('',(#949),#620,.T.);
#8422=ADVANCED_FACE('',(#950),#621,.T.);
#8423=ADVANCED_FACE('',(#951),#622,.T.);
#8424=ADVANCED_FACE('',(#952),#8191,.T.);
#8425=ADVANCED_FACE('',(#953),#623,.T.);
#8426=ADVANCED_FACE('',(#954),#624,.T.);
#8427=ADVANCED_FACE('',(#955),#8192,.F.);
#8428=ADVANCED_FACE('',(#956),#625,.T.);
#8429=ADVANCED_FACE('',(#957),#626,.T.);
#8430=ADVANCED_FACE('',(#958),#627,.T.);
#8431=ADVANCED_FACE('',(#959),#628,.T.);
#8432=ADVANCED_FACE('',(#960),#629,.T.);
#8433=ADVANCED_FACE('',(#961),#630,.F.);
#8434=ADVANCED_FACE('',(#962,#485,#486,#487,#488),#631,.T.);
#8435=ADVANCED_FACE('',(#963),#632,.F.);
#8436=ADVANCED_FACE('',(#964),#8193,.F.);
#8437=ADVANCED_FACE('',(#965),#112,.F.);
#8438=ADVANCED_FACE('',(#966),#8194,.F.);
#8439=ADVANCED_FACE('',(#967),#113,.F.);
#8440=ADVANCED_FACE('',(#968),#8195,.F.);
#8441=ADVANCED_FACE('',(#969),#114,.F.);
#8442=ADVANCED_FACE('',(#970),#8196,.F.);
#8443=ADVANCED_FACE('',(#971),#115,.F.);
#8444=ADVANCED_FACE('',(#972),#633,.F.);
#8445=ADVANCED_FACE('',(#973),#8197,.F.);
#8446=ADVANCED_FACE('',(#974),#8198,.F.);
#8447=ADVANCED_FACE('',(#975),#8199,.F.);
#8448=ADVANCED_FACE('',(#976),#8200,.F.);
#8449=ADVANCED_FACE('',(#977),#8201,.F.);
#8450=ADVANCED_FACE('',(#978),#634,.F.);
#8451=ADVANCED_FACE('',(#979),#635,.F.);
#8452=ADVANCED_FACE('',(#980),#636,.T.);
#8453=ADVANCED_FACE('',(#981),#637,.F.);
#8454=ADVANCED_FACE('',(#982),#638,.F.);
#8455=ADVANCED_FACE('',(#983),#8202,.F.);
#8456=ADVANCED_FACE('',(#984),#8203,.F.);
#8457=ADVANCED_FACE('',(#985,#489),#639,.T.);
#8458=ADVANCED_FACE('',(#986,#490),#640,.T.);
#8459=ADVANCED_FACE('',(#987,#491),#641,.T.);
#8460=ADVANCED_FACE('',(#988,#492,#493,#494),#642,.F.);
#8461=ADVANCED_FACE('',(#989),#643,.F.);
#8462=ADVANCED_FACE('',(#990),#644,.F.);
#8463=ADVANCED_FACE('',(#991),#645,.F.);
#8464=ADVANCED_FACE('',(#992),#646,.F.);
#8465=ADVANCED_FACE('',(#993),#647,.F.);
#8466=ADVANCED_FACE('',(#994),#648,.F.);
#8467=ADVANCED_FACE('',(#995),#649,.F.);
#8468=ADVANCED_FACE('',(#996),#8204,.F.);
#8469=ADVANCED_FACE('',(#997),#8205,.F.);
#8470=ADVANCED_FACE('',(#998),#8206,.T.);
#8471=ADVANCED_FACE('',(#999),#650,.F.);
#8472=ADVANCED_FACE('',(#1000),#8207,.T.);
#8473=ADVANCED_FACE('',(#1001),#651,.F.);
#8474=ADVANCED_FACE('',(#1002),#8208,.T.);
#8475=ADVANCED_FACE('',(#1003),#652,.F.);
#8476=ADVANCED_FACE('',(#1004),#8209,.T.);
#8477=ADVANCED_FACE('',(#1005),#653,.F.);
#8478=ADVANCED_FACE('',(#1006),#654,.F.);
#8479=ADVANCED_FACE('',(#1007),#655,.F.);
#8480=ADVANCED_FACE('',(#1008),#656,.F.);
#8481=ADVANCED_FACE('',(#1009),#657,.F.);
#8482=ADVANCED_FACE('',(#1010),#658,.F.);
#8483=ADVANCED_FACE('',(#1011),#659,.F.);
#8484=ADVANCED_FACE('',(#1012),#660,.F.);
#8485=ADVANCED_FACE('',(#1013),#661,.F.);
#8486=ADVANCED_FACE('',(#1014),#662,.F.);
#8487=ADVANCED_FACE('',(#1015),#140,.F.);
#8488=ADVANCED_FACE('',(#1016,#495),#663,.T.);
#8489=ADVANCED_FACE('',(#1017),#8210,.T.);
#8490=ADVANCED_FACE('',(#1018),#141,.T.);
#8491=ADVANCED_FACE('',(#1019,#496),#664,.T.);
#8492=ADVANCED_FACE('',(#1020),#116,.T.);
#8493=ADVANCED_FACE('',(#1021),#117,.T.);
#8494=ADVANCED_FACE('',(#1022),#8211,.T.);
#8495=ADVANCED_FACE('',(#1023),#665,.T.);
#8496=ADVANCED_FACE('',(#1024),#8212,.T.);
#8497=ADVANCED_FACE('',(#1025),#666,.F.);
#8498=ADVANCED_FACE('',(#1026),#8213,.T.);
#8499=ADVANCED_FACE('',(#1027),#667,.F.);
#8500=ADVANCED_FACE('',(#1028),#8214,.T.);
#8501=ADVANCED_FACE('',(#1029),#668,.F.);
#8502=ADVANCED_FACE('',(#1030),#8215,.T.);
#8503=ADVANCED_FACE('',(#1031),#669,.F.);
#8504=ADVANCED_FACE('',(#1032),#670,.F.);
#8505=ADVANCED_FACE('',(#1033),#671,.F.);
#8506=ADVANCED_FACE('',(#1034),#672,.F.);
#8507=ADVANCED_FACE('',(#1035),#673,.F.);
#8508=ADVANCED_FACE('',(#1036),#674,.F.);
#8509=ADVANCED_FACE('',(#1037),#675,.F.);
#8510=ADVANCED_FACE('',(#1038),#676,.F.);
#8511=ADVANCED_FACE('',(#1039),#677,.F.);
#8512=ADVANCED_FACE('',(#1040),#678,.F.);
#8513=ADVANCED_FACE('',(#1041),#142,.F.);
#8514=ADVANCED_FACE('',(#1042,#497),#679,.T.);
#8515=ADVANCED_FACE('',(#1043),#8216,.T.);
#8516=ADVANCED_FACE('',(#1044),#143,.T.);
#8517=ADVANCED_FACE('',(#1045,#498),#680,.T.);
#8518=ADVANCED_FACE('',(#1046),#118,.T.);
#8519=ADVANCED_FACE('',(#1047),#119,.T.);
#8520=ADVANCED_FACE('',(#1048),#8217,.T.);
#8521=ADVANCED_FACE('',(#1049),#681,.T.);
#8522=ADVANCED_FACE('',(#1050),#682,.F.);
#8523=ADVANCED_FACE('',(#1051),#683,.F.);
#8524=ADVANCED_FACE('',(#1052),#120,.T.);
#8525=ADVANCED_FACE('',(#1053),#684,.F.);
#8526=ADVANCED_FACE('',(#1054),#685,.F.);
#8527=ADVANCED_FACE('',(#1055),#686,.F.);
#8528=ADVANCED_FACE('',(#1056),#687,.F.);
#8529=ADVANCED_FACE('',(#1057),#38,.T.);
#8530=ADVANCED_FACE('',(#1058,#499),#688,.T.);
#8531=ADVANCED_FACE('',(#1059),#8218,.F.);
#8532=ADVANCED_FACE('',(#1060),#121,.F.);
#8533=ADVANCED_FACE('',(#1061),#8219,.F.);
#8534=ADVANCED_FACE('',(#1062),#8220,.T.);
#8535=ADVANCED_FACE('',(#1063),#8221,.F.);
#8536=ADVANCED_FACE('',(#1064),#689,.T.);
#8537=ADVANCED_FACE('',(#1065),#8222,.F.);
#8538=ADVANCED_FACE('',(#1066),#690,.T.);
#8539=ADVANCED_FACE('',(#1067),#8223,.F.);
#8540=ADVANCED_FACE('',(#1068),#8224,.T.);
#8541=ADVANCED_FACE('',(#1069),#691,.F.);
#8542=ADVANCED_FACE('',(#1070),#692,.F.);
#8543=ADVANCED_FACE('',(#1071),#693,.F.);
#8544=ADVANCED_FACE('',(#1072),#694,.F.);
#8545=ADVANCED_FACE('',(#1073),#695,.F.);
#8546=ADVANCED_FACE('',(#1074),#696,.F.);
#8547=ADVANCED_FACE('',(#1075,#500),#697,.F.);
#8548=ADVANCED_FACE('',(#1076),#8225,.F.);
#8549=ADVANCED_FACE('',(#1077),#8226,.F.);
#8550=ADVANCED_FACE('',(#1078),#8227,.F.);
#8551=ADVANCED_FACE('',(#1079),#698,.T.);
#8552=ADVANCED_FACE('',(#1080),#8228,.T.);
#8553=ADVANCED_FACE('',(#1081),#699,.T.);
#8554=ADVANCED_FACE('',(#1082),#8229,.T.);
#8555=ADVANCED_FACE('',(#1083,#501,#502,#503),#700,.T.);
#8556=ADVANCED_FACE('',(#1084,#504,#505,#506),#701,.F.);
#8557=ADVANCED_FACE('',(#1085),#8230,.F.);
#8558=ADVANCED_FACE('',(#1086),#8231,.T.);
#8559=ADVANCED_FACE('',(#1087),#8232,.F.);
#8560=ADVANCED_FACE('',(#1088),#702,.T.);
#8561=ADVANCED_FACE('',(#1089),#8233,.F.);
#8562=ADVANCED_FACE('',(#1090),#703,.T.);
#8563=ADVANCED_FACE('',(#1091),#8234,.F.);
#8564=ADVANCED_FACE('',(#1092),#144,.F.);
#8565=ADVANCED_FACE('',(#1093),#145,.F.);
#8566=ADVANCED_FACE('',(#1094,#507),#704,.T.);
#8567=ADVANCED_FACE('',(#1095,#508),#705,.F.);
#8568=ADVANCED_FACE('',(#1096,#509),#706,.F.);
#8569=ADVANCED_FACE('',(#1097),#8235,.F.);
#8570=ADVANCED_FACE('',(#1098),#8236,.F.);
#8571=ADVANCED_FACE('',(#1099),#707,.T.);
#8572=ADVANCED_FACE('',(#1100),#8237,.F.);
#8573=ADVANCED_FACE('',(#1101),#708,.T.);
#8574=ADVANCED_FACE('',(#1102),#8238,.T.);
#8575=ADVANCED_FACE('',(#1103),#709,.T.);
#8576=ADVANCED_FACE('',(#1104),#8239,.T.);
#8577=ADVANCED_FACE('',(#1105,#510,#511,#512),#710,.T.);
#8578=ADVANCED_FACE('',(#1106),#711,.F.);
#8579=ADVANCED_FACE('',(#1107),#712,.F.);
#8580=ADVANCED_FACE('',(#1108),#713,.F.);
#8581=ADVANCED_FACE('',(#1109),#714,.F.);
#8582=ADVANCED_FACE('',(#1110),#715,.F.);
#8583=ADVANCED_FACE('',(#1111),#716,.F.);
#8584=ADVANCED_FACE('',(#1112,#513),#717,.T.);
#8585=ADVANCED_FACE('',(#1113),#718,.F.);
#8586=ADVANCED_FACE('',(#1114),#719,.F.);
#8587=ADVANCED_FACE('',(#1115),#720,.F.);
#8588=ADVANCED_FACE('',(#1116),#721,.F.);
#8589=ADVANCED_FACE('',(#1117),#722,.F.);
#8590=ADVANCED_FACE('',(#1118),#723,.F.);
#8591=ADVANCED_FACE('',(#1119,#514),#724,.T.);
#8592=ADVANCED_FACE('',(#1120),#16,.F.);
#8593=ADVANCED_FACE('',(#1121),#725,.F.);
#8594=ADVANCED_FACE('',(#1122),#726,.F.);
#8595=ADVANCED_FACE('',(#1123),#8240,.F.);
#8596=ADVANCED_FACE('',(#1124),#727,.F.);
#8597=ADVANCED_FACE('',(#1125),#17,.F.);
#8598=ADVANCED_FACE('',(#1126),#728,.F.);
#8599=ADVANCED_FACE('',(#1127,#515,#516),#729,.F.);
#8600=ADVANCED_FACE('',(#1128),#18,.F.);
#8601=ADVANCED_FACE('',(#1129),#730,.F.);
#8602=ADVANCED_FACE('',(#1130),#19,.F.);
#8603=ADVANCED_FACE('',(#1131),#731,.F.);
#8604=ADVANCED_FACE('',(#1132),#8241,.F.);
#8605=ADVANCED_FACE('',(#1133),#732,.F.);
#8606=ADVANCED_FACE('',(#1134),#20,.T.);
#8607=ADVANCED_FACE('',(#1135),#21,.T.);
#8608=ADVANCED_FACE('',(#1136,#517,#518),#733,.T.);
#8609=ADVANCED_FACE('',(#1137),#22,.T.);
#8610=ADVANCED_FACE('',(#1138),#734,.T.);
#8611=ADVANCED_FACE('',(#1139),#735,.T.);
#8612=ADVANCED_FACE('',(#1140),#8242,.F.);
#8613=ADVANCED_FACE('',(#1141),#23,.T.);
#8614=ADVANCED_FACE('',(#1142),#24,.T.);
#8615=ADVANCED_FACE('',(#1143),#25,.T.);
#8616=ADVANCED_FACE('',(#1144),#26,.T.);
#8617=ADVANCED_FACE('',(#1145),#27,.T.);
#8618=ADVANCED_FACE('',(#1146),#28,.T.);
#8619=ADVANCED_FACE('',(#1147),#29,.T.);
#8620=ADVANCED_FACE('',(#1148),#30,.T.);
#8621=ADVANCED_FACE('',(#1149),#31,.T.);
#8622=ADVANCED_FACE('',(#1150),#32,.T.);
#8623=ADVANCED_FACE('',(#1151),#33,.T.);
#8624=ADVANCED_FACE('',(#1152),#34,.T.);
#8625=ADVANCED_FACE('',(#1153,#519),#736,.F.);
#8626=ADVANCED_FACE('',(#1154),#35,.T.);
#8627=ADVANCED_FACE('',(#1155,#520),#737,.F.);
#8628=ADVANCED_FACE('',(#1156),#8243,.F.);
#8629=ADVANCED_FACE('',(#1157),#8244,.F.);
#8630=ADVANCED_FACE('',(#1158),#738,.T.);
#8631=ADVANCED_FACE('',(#1159),#739,.T.);
#8632=ADVANCED_FACE('',(#1160),#8245,.T.);
#8633=ADVANCED_FACE('',(#1161),#740,.T.);
#8634=ADVANCED_FACE('',(#1162),#741,.T.);
#8635=ADVANCED_FACE('',(#1163),#8246,.T.);
#8636=ADVANCED_FACE('',(#1164),#742,.T.);
#8637=ADVANCED_FACE('',(#1165),#36,.T.);
#8638=ADVANCED_FACE('',(#1166),#743,.T.);
#8639=ADVANCED_FACE('',(#1167),#744,.T.);
#8640=ADVANCED_FACE('',(#1168),#745,.T.);
#8641=ADVANCED_FACE('',(#1169),#8247,.F.);
#8642=ADVANCED_FACE('',(#1170),#8248,.F.);
#8643=ADVANCED_FACE('',(#1171),#8249,.F.);
#8644=ADVANCED_FACE('',(#1172),#37,.T.);
#8645=ADVANCED_FACE('',(#1173,#521,#522),#746,.T.);
#8646=ADVANCED_FACE('',(#1174),#122,.F.);
#8647=ADVANCED_FACE('',(#1175),#8250,.F.);
#8648=ADVANCED_FACE('',(#1176,#523,#524),#747,.T.);
#8649=ADVANCED_FACE('',(#1177),#146,.T.);
#8650=ADVANCED_FACE('',(#1178),#8251,.T.);
#8651=ADVANCED_FACE('',(#1179,#525),#748,.T.);
#8652=ADVANCED_FACE('',(#1180),#147,.F.);
#8653=ADVANCED_FACE('',(#1181,#526,#527),#749,.T.);
#8654=ADVANCED_FACE('',(#1182,#528),#750,.F.);
#8655=ADVANCED_FACE('',(#1183),#8252,.F.);
#8656=ADVANCED_FACE('',(#1184),#8253,.F.);
#8657=ADVANCED_FACE('',(#1185),#8254,.T.);
#8658=ADVANCED_FACE('',(#1186),#8255,.F.);
#8659=ADVANCED_FACE('',(#1187),#751,.T.);
#8660=ADVANCED_FACE('',(#1188),#8256,.F.);
#8661=ADVANCED_FACE('',(#1189,#529),#752,.F.);
#8662=ADVANCED_FACE('',(#1190),#8257,.F.);
#8663=ADVANCED_FACE('',(#1191),#8258,.F.);
#8664=ADVANCED_FACE('',(#1192),#753,.T.);
#8665=ADVANCED_FACE('',(#1193),#8259,.F.);
#8666=ADVANCED_FACE('',(#1194),#754,.T.);
#8667=ADVANCED_FACE('',(#1195),#755,.T.);
#8668=ADVANCED_FACE('',(#1196),#756,.T.);
#8669=ADVANCED_FACE('',(#1197),#8260,.T.);
#8670=ADVANCED_FACE('',(#1198),#8261,.F.);
#8671=ADVANCED_FACE('',(#1199),#8262,.T.);
#8672=ADVANCED_FACE('',(#1200,#530,#531),#757,.T.);
#8673=ADVANCED_FACE('',(#1201,#532),#758,.F.);
#8674=ADVANCED_FACE('',(#1202),#8263,.F.);
#8675=ADVANCED_FACE('',(#1203),#8264,.T.);
#8676=ADVANCED_FACE('',(#1204),#123,.T.);
#8677=ADVANCED_FACE('',(#1205),#8265,.T.);
#8678=ADVANCED_FACE('',(#1206),#759,.F.);
#8679=ADVANCED_FACE('',(#1207),#760,.F.);
#8680=ADVANCED_FACE('',(#1208),#761,.F.);
#8681=ADVANCED_FACE('',(#1209),#8266,.T.);
#8682=ADVANCED_FACE('',(#1210),#762,.F.);
#8683=ADVANCED_FACE('',(#1211),#763,.F.);
#8684=ADVANCED_FACE('',(#1212),#764,.F.);
#8685=ADVANCED_FACE('',(#1213),#8267,.T.);
#8686=ADVANCED_FACE('',(#1214),#765,.F.);
#8687=ADVANCED_FACE('',(#1215),#8268,.T.);
#8688=ADVANCED_FACE('',(#1216),#766,.F.);
#8689=ADVANCED_FACE('',(#1217),#767,.F.);
#8690=ADVANCED_FACE('',(#1218),#768,.F.);
#8691=ADVANCED_FACE('',(#1219),#769,.F.);
#8692=ADVANCED_FACE('',(#1220),#770,.F.);
#8693=ADVANCED_FACE('',(#1221),#771,.T.);
#8694=ADVANCED_FACE('',(#1222),#8269,.T.);
#8695=ADVANCED_FACE('',(#1223,#533),#772,.T.);
#8696=ADVANCED_FACE('',(#1224),#8270,.T.);
#8697=ADVANCED_FACE('',(#1225),#773,.T.);
#8698=ADVANCED_FACE('',(#1226),#39,.T.);
#8699=ADVANCED_FACE('',(#1227),#124,.T.);
#8700=ADVANCED_FACE('',(#1228,#534),#774,.T.);
#8701=ADVANCED_FACE('',(#1229),#125,.F.);
#8702=ADVANCED_FACE('',(#1230),#126,.F.);
#8703=ADVANCED_FACE('',(#1231),#775,.F.);
#8704=ADVANCED_FACE('',(#1232),#776,.F.);
#8705=ADVANCED_FACE('',(#1233),#127,.T.);
#8706=ADVANCED_FACE('',(#1234),#777,.F.);
#8707=ADVANCED_FACE('',(#1235),#778,.F.);
#8708=ADVANCED_FACE('',(#1236),#779,.F.);
#8709=ADVANCED_FACE('',(#1237),#780,.F.);
#8710=ADVANCED_FACE('',(#1238,#535),#781,.T.);
#8711=ADVANCED_FACE('',(#1239),#128,.T.);
#8712=ADVANCED_FACE('',(#1240,#536),#782,.T.);
#8713=ADVANCED_FACE('',(#1241),#8271,.F.);
#8714=ADVANCED_FACE('',(#1242),#129,.T.);
#8715=ADVANCED_FACE('',(#1243),#8272,.T.);
#8716=ADVANCED_FACE('',(#1244),#783,.F.);
#8717=ADVANCED_FACE('',(#1245),#784,.F.);
#8718=ADVANCED_FACE('',(#1246),#785,.F.);
#8719=ADVANCED_FACE('',(#1247),#8273,.T.);
#8720=ADVANCED_FACE('',(#1248),#786,.F.);
#8721=ADVANCED_FACE('',(#1249),#787,.F.);
#8722=ADVANCED_FACE('',(#1250),#788,.F.);
#8723=ADVANCED_FACE('',(#1251),#8274,.T.);
#8724=ADVANCED_FACE('',(#1252),#789,.F.);
#8725=ADVANCED_FACE('',(#1253),#8275,.T.);
#8726=ADVANCED_FACE('',(#1254),#790,.F.);
#8727=ADVANCED_FACE('',(#1255),#791,.F.);
#8728=ADVANCED_FACE('',(#1256),#792,.F.);
#8729=ADVANCED_FACE('',(#1257),#793,.F.);
#8730=ADVANCED_FACE('',(#1258),#794,.F.);
#8731=ADVANCED_FACE('',(#1259),#795,.T.);
#8732=ADVANCED_FACE('',(#1260),#8276,.T.);
#8733=ADVANCED_FACE('',(#1261,#537),#796,.T.);
#8734=ADVANCED_FACE('',(#1262),#8277,.T.);
#8735=ADVANCED_FACE('',(#1263),#797,.T.);
#8736=ADVANCED_FACE('',(#1264),#40,.T.);
#8737=ADVANCED_FACE('',(#1265),#130,.T.);
#8738=ADVANCED_FACE('',(#1266,#538),#798,.T.);
#8739=ADVANCED_FACE('',(#1267),#131,.F.);
#8740=ADVANCED_FACE('',(#1268),#132,.F.);
#8741=ADVANCED_FACE('',(#1269),#799,.F.);
#8742=ADVANCED_FACE('',(#1270),#800,.F.);
#8743=ADVANCED_FACE('',(#1271),#133,.T.);
#8744=ADVANCED_FACE('',(#1272),#801,.F.);
#8745=ADVANCED_FACE('',(#1273),#802,.F.);
#8746=ADVANCED_FACE('',(#1274),#803,.F.);
#8747=ADVANCED_FACE('',(#1275),#804,.F.);
#8748=ADVANCED_FACE('',(#1276,#539),#805,.T.);
#8749=ADVANCED_FACE('',(#1277),#134,.T.);
#8750=ADVANCED_FACE('',(#1278,#540),#806,.T.);
#8751=ADVANCED_FACE('',(#1279),#8278,.F.);
#8752=ADVANCED_FACE('',(#1280),#8279,.T.);
#8753=ADVANCED_FACE('',(#1281),#135,.F.);
#8754=ADVANCED_FACE('',(#1282),#148,.F.);
#8755=ADVANCED_FACE('',(#1283),#8280,.T.);
#8756=ADVANCED_FACE('',(#1284),#136,.T.);
#8757=ADVANCED_FACE('',(#1285),#8281,.T.);
#8758=ADVANCED_FACE('',(#1286),#137,.T.);
#8759=ADVANCED_FACE('',(#1287),#8282,.F.);
#8760=ADVANCED_FACE('',(#1288),#149,.T.);
#8761=ADVANCED_FACE('',(#1289,#541),#807,.T.);
#8762=ADVANCED_FACE('',(#1290,#542),#808,.T.);
#8763=ADVANCED_FACE('',(#1291,#543),#809,.T.);
#8764=ADVANCED_FACE('',(#1292,#544),#810,.T.);
#8765=CLOSED_SHELL('',(#8283,#8284,#8285,#8286,#8287,#8288,#8289,#8290,
#8291));
#8766=CLOSED_SHELL('',(#8292,#8293,#8294,#8295,#8296,#8297,#8298,#8299,
#8300,#8301,#8302,#8303,#8304,#8305,#8306,#8307,#8308,#8309,#8310,#8311,
#8312,#8313,#8314,#8315,#8316,#8317,#8318,#8319,#8320,#8321,#8322,#8323,
#8324,#8325,#8326,#8327,#8328,#8329,#8330,#8331,#8332,#8333,#8334,#8335,
#8336,#8337,#8338,#8339,#8340,#8341,#8342,#8343,#8344));
#8767=CLOSED_SHELL('',(#8345,#8346,#8347,#8348,#8349,#8350,#8351,#8352,
#8353,#8354,#8355,#8356,#8357,#8358,#8359,#8360,#8361,#8362,#8363,#8364,
#8365,#8366,#8367,#8368,#8369,#8370,#8371,#8372,#8373,#8374,#8375,#8376,
#8377,#8378));
#8768=CLOSED_SHELL('',(#8379,#8380,#8381,#8382,#8383,#8384,#8385,#8386,
#8387,#8388,#8389,#8390,#8391,#8392,#8393,#8394,#8395,#8396,#8397,#8398,
#8399,#8400,#8401,#8402,#8403,#8404));
#8769=CLOSED_SHELL('',(#8405,#8406,#8407,#8408,#8409,#8410,#8411,#8412,
#8413,#8414,#8415,#8416,#8417));
#8770=CLOSED_SHELL('',(#8418,#8419,#8420,#8421,#8422,#8423,#8424,#8425,
#8426,#8427,#8428,#8429,#8430,#8431,#8432,#8433,#8434,#8435,#8436,#8437,
#8438,#8439,#8440,#8441,#8442,#8443,#8444));
#8771=CLOSED_SHELL('',(#8445,#8446,#8447,#8448,#8449,#8450,#8451,#8452,
#8453,#8454,#8455,#8456,#8457,#8458,#8459,#8460,#8461,#8462,#8463,#8464,
#8465,#8466,#8467,#8468,#8469));
#8772=CLOSED_SHELL('',(#8470,#8471,#8472,#8473,#8474,#8475,#8476,#8477,
#8478,#8479,#8480,#8481,#8482,#8483,#8484,#8485,#8486,#8487,#8488,#8489,
#8490,#8491,#8492,#8493,#8494,#8495));
#8773=CLOSED_SHELL('',(#8496,#8497,#8498,#8499,#8500,#8501,#8502,#8503,
#8504,#8505,#8506,#8507,#8508,#8509,#8510,#8511,#8512,#8513,#8514,#8515,
#8516,#8517,#8518,#8519,#8520,#8521));
#8774=CLOSED_SHELL('',(#8522,#8523,#8524,#8525,#8526,#8527,#8528,#8529,
#8530,#8531,#8532));
#8775=CLOSED_SHELL('',(#8533,#8534,#8535,#8536,#8537,#8538,#8539,#8540,
#8541,#8542,#8543,#8544,#8545,#8546,#8547,#8548,#8549,#8550,#8551,#8552,
#8553,#8554,#8555,#8556));
#8776=CLOSED_SHELL('',(#8557,#8558,#8559,#8560,#8561,#8562,#8563,#8564,
#8565,#8566,#8567,#8568,#8569,#8570,#8571,#8572,#8573,#8574,#8575,#8576,
#8577));
#8777=CLOSED_SHELL('',(#8578,#8579,#8580,#8581,#8582,#8583,#8584,#8585,
#8586,#8587,#8588,#8589,#8590,#8591,#8592,#8593,#8594,#8595,#8596,#8597,
#8598,#8599,#8600,#8601,#8602,#8603,#8604,#8605,#8606,#8607,#8608,#8609,
#8610,#8611,#8612,#8613,#8614,#8615,#8616,#8617,#8618,#8619,#8620,#8621,
#8622,#8623,#8624,#8625,#8626,#8627,#8628,#8629,#8630,#8631,#8632,#8633,
#8634,#8635,#8636,#8637,#8638,#8639,#8640,#8641,#8642,#8643,#8644,#8645));
#8778=CLOSED_SHELL('',(#8646,#8647,#8648,#8649,#8650,#8651,#8652,#8653,
#8654,#8655,#8656,#8657,#8658,#8659,#8660,#8661,#8662,#8663,#8664,#8665,
#8666,#8667,#8668,#8669,#8670,#8671,#8672,#8673,#8674,#8675));
#8779=CLOSED_SHELL('',(#8676,#8677,#8678,#8679,#8680,#8681,#8682,#8683,
#8684,#8685,#8686,#8687,#8688,#8689,#8690,#8691,#8692,#8693,#8694,#8695,
#8696,#8697,#8698,#8699,#8700));
#8780=CLOSED_SHELL('',(#8701,#8702,#8703,#8704,#8705,#8706,#8707,#8708,
#8709,#8710,#8711,#8712,#8713));
#8781=CLOSED_SHELL('',(#8714,#8715,#8716,#8717,#8718,#8719,#8720,#8721,
#8722,#8723,#8724,#8725,#8726,#8727,#8728,#8729,#8730,#8731,#8732,#8733,
#8734,#8735,#8736,#8737,#8738));
#8782=CLOSED_SHELL('',(#8739,#8740,#8741,#8742,#8743,#8744,#8745,#8746,
#8747,#8748,#8749,#8750,#8751));
#8783=CLOSED_SHELL('',(#8752,#8753,#8754,#8755,#8756,#8757,#8758,#8759,
#8760,#8761,#8762,#8763,#8764));
#8784=DERIVED_UNIT_ELEMENT(#8818,1.);
#8785=DERIVED_UNIT_ELEMENT(#16724,-3.);
#8786=DERIVED_UNIT_ELEMENT(#8818,1.);
#8787=DERIVED_UNIT_ELEMENT(#16724,-3.);
#8788=DERIVED_UNIT_ELEMENT(#8818,1.);
#8789=DERIVED_UNIT_ELEMENT(#16724,-3.);
#8790=DERIVED_UNIT_ELEMENT(#8818,1.);
#8791=DERIVED_UNIT_ELEMENT(#16724,-3.);
#8792=DERIVED_UNIT_ELEMENT(#8818,1.);
#8793=DERIVED_UNIT_ELEMENT(#16724,-3.);
#8794=DERIVED_UNIT_ELEMENT(#8818,1.);
#8795=DERIVED_UNIT_ELEMENT(#16724,-3.);
#8796=DERIVED_UNIT_ELEMENT(#8818,1.);
#8797=DERIVED_UNIT_ELEMENT(#16724,-3.);
#8798=DERIVED_UNIT_ELEMENT(#8818,1.);
#8799=DERIVED_UNIT_ELEMENT(#16724,-3.);
#8800=DERIVED_UNIT_ELEMENT(#8818,1.);
#8801=DERIVED_UNIT_ELEMENT(#16724,-3.);
#8802=DERIVED_UNIT_ELEMENT(#8818,1.);
#8803=DERIVED_UNIT_ELEMENT(#16724,-3.);
#8804=DERIVED_UNIT_ELEMENT(#8818,1.);
#8805=DERIVED_UNIT_ELEMENT(#16724,-3.);
#8806=DERIVED_UNIT_ELEMENT(#8818,1.);
#8807=DERIVED_UNIT_ELEMENT(#16724,-3.);
#8808=DERIVED_UNIT_ELEMENT(#8818,1.);
#8809=DERIVED_UNIT_ELEMENT(#16724,-3.);
#8810=DERIVED_UNIT_ELEMENT(#8818,1.);
#8811=DERIVED_UNIT_ELEMENT(#16724,-3.);
#8812=DERIVED_UNIT_ELEMENT(#8818,1.);
#8813=DERIVED_UNIT_ELEMENT(#16724,-3.);
#8814=DERIVED_UNIT_ELEMENT(#8818,1.);
#8815=DERIVED_UNIT_ELEMENT(#16724,-3.);
#8816=DERIVED_UNIT_ELEMENT(#8818,1.);
#8817=DERIVED_UNIT_ELEMENT(#16724,-3.);
#8818=(
MASS_UNIT()
NAMED_UNIT(*)
SI_UNIT(.KILO.,.GRAM.)
);
#8819=DERIVED_UNIT((#8784,#8785));
#8820=DERIVED_UNIT((#8786,#8787));
#8821=DERIVED_UNIT((#8788,#8789));
#8822=DERIVED_UNIT((#8790,#8791));
#8823=DERIVED_UNIT((#8792,#8793));
#8824=DERIVED_UNIT((#8794,#8795));
#8825=DERIVED_UNIT((#8796,#8797));
#8826=DERIVED_UNIT((#8798,#8799));
#8827=DERIVED_UNIT((#8800,#8801));
#8828=DERIVED_UNIT((#8802,#8803));
#8829=DERIVED_UNIT((#8804,#8805));
#8830=DERIVED_UNIT((#8806,#8807));
#8831=DERIVED_UNIT((#8808,#8809));
#8832=DERIVED_UNIT((#8810,#8811));
#8833=DERIVED_UNIT((#8812,#8813));
#8834=DERIVED_UNIT((#8814,#8815));
#8835=DERIVED_UNIT((#8816,#8817));
#8836=MEASURE_REPRESENTATION_ITEM('density measure',
POSITIVE_RATIO_MEASURE(7850.),#8819);
#8837=MEASURE_REPRESENTATION_ITEM('density measure',
POSITIVE_RATIO_MEASURE(7850.),#8820);
#8838=MEASURE_REPRESENTATION_ITEM('density measure',
POSITIVE_RATIO_MEASURE(7750.),#8821);
#8839=MEASURE_REPRESENTATION_ITEM('density measure',
POSITIVE_RATIO_MEASURE(8030.),#8822);
#8840=MEASURE_REPRESENTATION_ITEM('density measure',
POSITIVE_RATIO_MEASURE(7850.),#8823);
#8841=MEASURE_REPRESENTATION_ITEM('density measure',
POSITIVE_RATIO_MEASURE(7750.),#8824);
#8842=MEASURE_REPRESENTATION_ITEM('density measure',
POSITIVE_RATIO_MEASURE(7750.),#8825);
#8843=MEASURE_REPRESENTATION_ITEM('density measure',
POSITIVE_RATIO_MEASURE(8030.),#8826);
#8844=MEASURE_REPRESENTATION_ITEM('density measure',
POSITIVE_RATIO_MEASURE(7850.),#8827);
#8845=MEASURE_REPRESENTATION_ITEM('density measure',
POSITIVE_RATIO_MEASURE(7850.),#8828);
#8846=MEASURE_REPRESENTATION_ITEM('density measure',
POSITIVE_RATIO_MEASURE(7850.),#8829);
#8847=MEASURE_REPRESENTATION_ITEM('density measure',
POSITIVE_RATIO_MEASURE(7850.),#8830);
#8848=MEASURE_REPRESENTATION_ITEM('density measure',
POSITIVE_RATIO_MEASURE(7750.),#8831);
#8849=MEASURE_REPRESENTATION_ITEM('density measure',
POSITIVE_RATIO_MEASURE(8030.),#8832);
#8850=MEASURE_REPRESENTATION_ITEM('density measure',
POSITIVE_RATIO_MEASURE(7750.),#8833);
#8851=MEASURE_REPRESENTATION_ITEM('density measure',
POSITIVE_RATIO_MEASURE(8030.),#8834);
#8852=MEASURE_REPRESENTATION_ITEM('density measure',
POSITIVE_RATIO_MEASURE(7850.),#8835);
#8853=PROPERTY_DEFINITION_REPRESENTATION(#8938,#8887);
#8854=PROPERTY_DEFINITION_REPRESENTATION(#8939,#8888);
#8855=PROPERTY_DEFINITION_REPRESENTATION(#8940,#8889);
#8856=PROPERTY_DEFINITION_REPRESENTATION(#8941,#8890);
#8857=PROPERTY_DEFINITION_REPRESENTATION(#8942,#8891);
#8858=PROPERTY_DEFINITION_REPRESENTATION(#8943,#8892);
#8859=PROPERTY_DEFINITION_REPRESENTATION(#8944,#8893);
#8860=PROPERTY_DEFINITION_REPRESENTATION(#8945,#8894);
#8861=PROPERTY_DEFINITION_REPRESENTATION(#8946,#8895);
#8862=PROPERTY_DEFINITION_REPRESENTATION(#8947,#8896);
#8863=PROPERTY_DEFINITION_REPRESENTATION(#8948,#8897);
#8864=PROPERTY_DEFINITION_REPRESENTATION(#8949,#8898);
#8865=PROPERTY_DEFINITION_REPRESENTATION(#8950,#8899);
#8866=PROPERTY_DEFINITION_REPRESENTATION(#8951,#8900);
#8867=PROPERTY_DEFINITION_REPRESENTATION(#8952,#8901);
#8868=PROPERTY_DEFINITION_REPRESENTATION(#8953,#8902);
#8869=PROPERTY_DEFINITION_REPRESENTATION(#8954,#8903);
#8870=PROPERTY_DEFINITION_REPRESENTATION(#8955,#8904);
#8871=PROPERTY_DEFINITION_REPRESENTATION(#8956,#8905);
#8872=PROPERTY_DEFINITION_REPRESENTATION(#8957,#8906);
#8873=PROPERTY_DEFINITION_REPRESENTATION(#8958,#8907);
#8874=PROPERTY_DEFINITION_REPRESENTATION(#8959,#8908);
#8875=PROPERTY_DEFINITION_REPRESENTATION(#8960,#8909);
#8876=PROPERTY_DEFINITION_REPRESENTATION(#8961,#8910);
#8877=PROPERTY_DEFINITION_REPRESENTATION(#8962,#8911);
#8878=PROPERTY_DEFINITION_REPRESENTATION(#8963,#8912);
#8879=PROPERTY_DEFINITION_REPRESENTATION(#8964,#8913);
#8880=PROPERTY_DEFINITION_REPRESENTATION(#8965,#8914);
#8881=PROPERTY_DEFINITION_REPRESENTATION(#8966,#8915);
#8882=PROPERTY_DEFINITION_REPRESENTATION(#8967,#8916);
#8883=PROPERTY_DEFINITION_REPRESENTATION(#8968,#8917);
#8884=PROPERTY_DEFINITION_REPRESENTATION(#8969,#8918);
#8885=PROPERTY_DEFINITION_REPRESENTATION(#8970,#8919);
#8886=PROPERTY_DEFINITION_REPRESENTATION(#8971,#8920);
#8887=REPRESENTATION('material name',(#8921),#16703);
#8888=REPRESENTATION('density',(#8836),#16703);
#8889=REPRESENTATION('material name',(#8922),#16704);
#8890=REPRESENTATION('density',(#8837),#16704);
#8891=REPRESENTATION('material name',(#8923),#16705);
#8892=REPRESENTATION('density',(#8838),#16705);
#8893=REPRESENTATION('material name',(#8924),#16706);
#8894=REPRESENTATION('density',(#8839),#16706);
#8895=REPRESENTATION('material name',(#8925),#16708);
#8896=REPRESENTATION('density',(#8840),#16708);
#8897=REPRESENTATION('material name',(#8926),#16709);
#8898=REPRESENTATION('density',(#8841),#16709);
#8899=REPRESENTATION('material name',(#8927),#16710);
#8900=REPRESENTATION('density',(#8842),#16710);
#8901=REPRESENTATION('material name',(#8928),#16711);
#8902=REPRESENTATION('density',(#8843),#16711);
#8903=REPRESENTATION('material name',(#8929),#16713);
#8904=REPRESENTATION('density',(#8844),#16713);
#8905=REPRESENTATION('material name',(#8930),#16714);
#8906=REPRESENTATION('density',(#8845),#16714);
#8907=REPRESENTATION('material name',(#8931),#16715);
#8908=REPRESENTATION('density',(#8846),#16715);
#8909=REPRESENTATION('material name',(#8932),#16716);
#8910=REPRESENTATION('density',(#8847),#16716);
#8911=REPRESENTATION('material name',(#8933),#16717);
#8912=REPRESENTATION('density',(#8848),#16717);
#8913=REPRESENTATION('material name',(#8934),#16718);
#8914=REPRESENTATION('density',(#8849),#16718);
#8915=REPRESENTATION('material name',(#8935),#16719);
#8916=REPRESENTATION('density',(#8850),#16719);
#8917=REPRESENTATION('material name',(#8936),#16720);
#8918=REPRESENTATION('density',(#8851),#16720);
#8919=REPRESENTATION('material name',(#8937),#16721);
#8920=REPRESENTATION('density',(#8852),#16721);
#8921=DESCRIPTIVE_REPRESENTATION_ITEM('Steel','Steel');
#8922=DESCRIPTIVE_REPRESENTATION_ITEM('Steel','Steel');
#8923=DESCRIPTIVE_REPRESENTATION_ITEM('Steel 4.6, Plain',
'Steel 4.6, Plain');
#8924=DESCRIPTIVE_REPRESENTATION_ITEM('Steel 6, Plain','Steel 6, Plain');
#8925=DESCRIPTIVE_REPRESENTATION_ITEM('Steel','Steel');
#8926=DESCRIPTIVE_REPRESENTATION_ITEM('Steel 4.6, Plain',
'Steel 4.6, Plain');
#8927=DESCRIPTIVE_REPRESENTATION_ITEM('Steel 4.6, Plain',
'Steel 4.6, Plain');
#8928=DESCRIPTIVE_REPRESENTATION_ITEM('Steel 6, Plain','Steel 6, Plain');
#8929=DESCRIPTIVE_REPRESENTATION_ITEM('Steel','Steel');
#8930=DESCRIPTIVE_REPRESENTATION_ITEM('Steel','Steel');
#8931=DESCRIPTIVE_REPRESENTATION_ITEM('Steel','Steel');
#8932=DESCRIPTIVE_REPRESENTATION_ITEM('Steel','Steel');
#8933=DESCRIPTIVE_REPRESENTATION_ITEM('Steel 4.6, Plain',
'Steel 4.6, Plain');
#8934=DESCRIPTIVE_REPRESENTATION_ITEM('Steel 6, Plain','Steel 6, Plain');
#8935=DESCRIPTIVE_REPRESENTATION_ITEM('Steel 4.6, Plain',
'Steel 4.6, Plain');
#8936=DESCRIPTIVE_REPRESENTATION_ITEM('Steel 6, Plain','Steel 6, Plain');
#8937=DESCRIPTIVE_REPRESENTATION_ITEM('Steel','Steel');
#8938=PROPERTY_DEFINITION('material property','material name',#16824);
#8939=PROPERTY_DEFINITION('material property','density of part',#16824);
#8940=PROPERTY_DEFINITION('material property','material name',#16825);
#8941=PROPERTY_DEFINITION('material property','density of part',#16825);
#8942=PROPERTY_DEFINITION('material property','material name',#16826);
#8943=PROPERTY_DEFINITION('material property','density of part',#16826);
#8944=PROPERTY_DEFINITION('material property','material name',#16827);
#8945=PROPERTY_DEFINITION('material property','density of part',#16827);
#8946=PROPERTY_DEFINITION('material property','material name',#16829);
#8947=PROPERTY_DEFINITION('material property','density of part',#16829);
#8948=PROPERTY_DEFINITION('material property','material name',#16830);
#8949=PROPERTY_DEFINITION('material property','density of part',#16830);
#8950=PROPERTY_DEFINITION('material property','material name',#16831);
#8951=PROPERTY_DEFINITION('material property','density of part',#16831);
#8952=PROPERTY_DEFINITION('material property','material name',#16832);
#8953=PROPERTY_DEFINITION('material property','density of part',#16832);
#8954=PROPERTY_DEFINITION('material property','material name',#16834);
#8955=PROPERTY_DEFINITION('material property','density of part',#16834);
#8956=PROPERTY_DEFINITION('material property','material name',#16835);
#8957=PROPERTY_DEFINITION('material property','density of part',#16835);
#8958=PROPERTY_DEFINITION('material property','material name',#16836);
#8959=PROPERTY_DEFINITION('material property','density of part',#16836);
#8960=PROPERTY_DEFINITION('material property','material name',#16837);
#8961=PROPERTY_DEFINITION('material property','density of part',#16837);
#8962=PROPERTY_DEFINITION('material property','material name',#16838);
#8963=PROPERTY_DEFINITION('material property','density of part',#16838);
#8964=PROPERTY_DEFINITION('material property','material name',#16839);
#8965=PROPERTY_DEFINITION('material property','density of part',#16839);
#8966=PROPERTY_DEFINITION('material property','material name',#16840);
#8967=PROPERTY_DEFINITION('material property','density of part',#16840);
#8968=PROPERTY_DEFINITION('material property','material name',#16841);
#8969=PROPERTY_DEFINITION('material property','density of part',#16841);
#8970=PROPERTY_DEFINITION('material property','material name',#16842);
#8971=PROPERTY_DEFINITION('material property','density of part',#16842);
#8972=AXIS2_PLACEMENT_3D('',#12390,#9882,#9883);
#8973=AXIS2_PLACEMENT_3D('',#12391,#9884,#9885);
#8974=AXIS2_PLACEMENT_3D('',#12392,#9886,#9887);
#8975=AXIS2_PLACEMENT_3D('',#12393,#9888,#9889);
#8976=AXIS2_PLACEMENT_3D('',#12395,#9890,#9891);
#8977=AXIS2_PLACEMENT_3D('',#12398,#9893,#9894);
#8978=AXIS2_PLACEMENT_3D('',#12399,#9895,#9896);
#8979=AXIS2_PLACEMENT_3D('',#12401,#9897,#9898);
#8980=AXIS2_PLACEMENT_3D('',#12403,#9899,#9900);
#8981=AXIS2_PLACEMENT_3D('',#12405,#9901,#9902);
#8982=AXIS2_PLACEMENT_3D('',#12407,#9903,#9904);
#8983=AXIS2_PLACEMENT_3D('',#12408,#9905,#9906);
#8984=AXIS2_PLACEMENT_3D('',#12411,#9908,#9909);
#8985=AXIS2_PLACEMENT_3D('',#12412,#9910,#9911);
#8986=AXIS2_PLACEMENT_3D('',#12414,#9912,#9913);
#8987=AXIS2_PLACEMENT_3D('',#12416,#9914,#9915);
#8988=AXIS2_PLACEMENT_3D('',#12418,#9916,#9917);
#8989=AXIS2_PLACEMENT_3D('',#12420,#9918,#9919);
#8990=AXIS2_PLACEMENT_3D('',#12421,#9920,#9921);
#8991=AXIS2_PLACEMENT_3D('',#12423,#9923,#9924);
#8992=AXIS2_PLACEMENT_3D('',#12425,#9926,#9927);
#8993=AXIS2_PLACEMENT_3D('',#12427,#9929,#9930);
#8994=AXIS2_PLACEMENT_3D('',#12430,#9932,#9933);
#8995=AXIS2_PLACEMENT_3D('',#12431,#9934,#9935);
#8996=AXIS2_PLACEMENT_3D('',#12432,#9936,#9937);
#8997=AXIS2_PLACEMENT_3D('',#12434,#9938,#9939);
#8998=AXIS2_PLACEMENT_3D('',#12435,#9940,#9941);
#8999=AXIS2_PLACEMENT_3D('',#12438,#9942,#9943);
#9000=AXIS2_PLACEMENT_3D('',#12442,#9945,#9946);
#9001=AXIS2_PLACEMENT_3D('',#12444,#9948,#9949);
#9002=AXIS2_PLACEMENT_3D('',#12447,#9950,#9951);
#9003=AXIS2_PLACEMENT_3D('',#12451,#9953,#9954);
#9004=AXIS2_PLACEMENT_3D('',#12453,#9956,#9957);
#9005=AXIS2_PLACEMENT_3D('',#12456,#9958,#9959);
#9006=AXIS2_PLACEMENT_3D('',#12460,#9961,#9962);
#9007=AXIS2_PLACEMENT_3D('',#12462,#9964,#9965);
#9008=AXIS2_PLACEMENT_3D('',#12465,#9966,#9967);
#9009=AXIS2_PLACEMENT_3D('',#12469,#9969,#9970);
#9010=AXIS2_PLACEMENT_3D('',#12471,#9972,#9973);
#9011=AXIS2_PLACEMENT_3D('',#12474,#9974,#9975);
#9012=AXIS2_PLACEMENT_3D('',#12478,#9977,#9978);
#9013=AXIS2_PLACEMENT_3D('',#12480,#9980,#9981);
#9014=AXIS2_PLACEMENT_3D('',#12483,#9982,#9983);
#9015=AXIS2_PLACEMENT_3D('',#12487,#9985,#9986);
#9016=AXIS2_PLACEMENT_3D('',#12489,#9988,#9989);
#9017=AXIS2_PLACEMENT_3D('',#12494,#9991,#9992);
#9018=AXIS2_PLACEMENT_3D('',#12498,#9994,#9995);
#9019=AXIS2_PLACEMENT_3D('',#12502,#9997,#9998);
#9020=AXIS2_PLACEMENT_3D('',#12505,#10000,#10001);
#9021=AXIS2_PLACEMENT_3D('',#12507,#10002,#10003);
#9022=AXIS2_PLACEMENT_3D('',#12510,#10005,#10006);
#9023=AXIS2_PLACEMENT_3D('',#12511,#10007,#10008);
#9024=AXIS2_PLACEMENT_3D('',#12513,#10009,#10010);
#9025=AXIS2_PLACEMENT_3D('',#12514,#10011,#10012);
#9026=AXIS2_PLACEMENT_3D('',#12518,#10015,#10016);
#9027=AXIS2_PLACEMENT_3D('',#12519,#10017,#10018);
#9028=AXIS2_PLACEMENT_3D('',#12523,#10021,#10022);
#9029=AXIS2_PLACEMENT_3D('',#12524,#10023,#10024);
#9030=AXIS2_PLACEMENT_3D('',#12526,#10025,#10026);
#9031=AXIS2_PLACEMENT_3D('',#12528,#10028,#10029);
#9032=AXIS2_PLACEMENT_3D('',#12534,#10034,#10035);
#9033=AXIS2_PLACEMENT_3D('',#12536,#10036,#10037);
#9034=AXIS2_PLACEMENT_3D('',#12537,#10038,#10039);
#9035=AXIS2_PLACEMENT_3D('',#12539,#10041,#10042);
#9036=AXIS2_PLACEMENT_3D('',#12540,#10043,#10044);
#9037=AXIS2_PLACEMENT_3D('',#12541,#10045,#10046);
#9038=AXIS2_PLACEMENT_3D('',#12542,#10047,#10048);
#9039=AXIS2_PLACEMENT_3D('',#12543,#10049,#10050);
#9040=AXIS2_PLACEMENT_3D('',#12545,#10051,#10052);
#9041=AXIS2_PLACEMENT_3D('',#12547,#10054,#10055);
#9042=AXIS2_PLACEMENT_3D('',#12551,#10057,#10058);
#9043=AXIS2_PLACEMENT_3D('',#12555,#10060,#10061);
#9044=AXIS2_PLACEMENT_3D('',#12559,#10063,#10064);
#9045=AXIS2_PLACEMENT_3D('',#12564,#10067,#10068);
#9046=AXIS2_PLACEMENT_3D('',#12568,#10070,#10071);
#9047=AXIS2_PLACEMENT_3D('',#12572,#10073,#10074);
#9048=AXIS2_PLACEMENT_3D('',#12574,#10076,#10077);
#9049=AXIS2_PLACEMENT_3D('',#12578,#10080,#10081);
#9050=AXIS2_PLACEMENT_3D('',#12580,#10082,#10083);
#9051=AXIS2_PLACEMENT_3D('',#12584,#10085,#10086);
#9052=AXIS2_PLACEMENT_3D('',#12588,#10088,#10089);
#9053=AXIS2_PLACEMENT_3D('',#12593,#10092,#10093);
#9054=AXIS2_PLACEMENT_3D('',#12597,#10095,#10096);
#9055=AXIS2_PLACEMENT_3D('',#12601,#10098,#10099);
#9056=AXIS2_PLACEMENT_3D('',#12604,#10101,#10102);
#9057=AXIS2_PLACEMENT_3D('',#12605,#10103,#10104);
#9058=AXIS2_PLACEMENT_3D('',#12607,#10106,#10107);
#9059=AXIS2_PLACEMENT_3D('',#12609,#10109,#10110);
#9060=AXIS2_PLACEMENT_3D('',#12611,#10112,#10113);
#9061=AXIS2_PLACEMENT_3D('',#12613,#10115,#10116);
#9062=AXIS2_PLACEMENT_3D('',#12615,#10118,#10119);
#9063=AXIS2_PLACEMENT_3D('',#12617,#10121,#10122);
#9064=AXIS2_PLACEMENT_3D('',#12618,#10123,#10124);
#9065=AXIS2_PLACEMENT_3D('',#12620,#10126,#10127);
#9066=AXIS2_PLACEMENT_3D('',#12622,#10129,#10130);
#9067=AXIS2_PLACEMENT_3D('',#12624,#10132,#10133);
#9068=AXIS2_PLACEMENT_3D('',#12626,#10135,#10136);
#9069=AXIS2_PLACEMENT_3D('',#12628,#10138,#10139);
#9070=AXIS2_PLACEMENT_3D('',#12629,#10140,#10141);
#9071=AXIS2_PLACEMENT_3D('',#12632,#10143,#10144);
#9072=AXIS2_PLACEMENT_3D('',#12633,#10145,#10146);
#9073=AXIS2_PLACEMENT_3D('',#12637,#10148,#10149);
#9074=AXIS2_PLACEMENT_3D('',#12641,#10151,#10152);
#9075=AXIS2_PLACEMENT_3D('',#12645,#10154,#10155);
#9076=AXIS2_PLACEMENT_3D('',#12650,#10158,#10159);
#9077=AXIS2_PLACEMENT_3D('',#12654,#10161,#10162);
#9078=AXIS2_PLACEMENT_3D('',#12658,#10164,#10165);
#9079=AXIS2_PLACEMENT_3D('',#12660,#10167,#10168);
#9080=AXIS2_PLACEMENT_3D('',#12664,#10171,#10172);
#9081=AXIS2_PLACEMENT_3D('',#12666,#10173,#10174);
#9082=AXIS2_PLACEMENT_3D('',#12668,#10176,#10177);
#9083=AXIS2_PLACEMENT_3D('',#12672,#10180,#10181);
#9084=AXIS2_PLACEMENT_3D('',#12674,#10182,#10183);
#9085=AXIS2_PLACEMENT_3D('',#12676,#10185,#10186);
#9086=AXIS2_PLACEMENT_3D('',#12680,#10189,#10190);
#9087=AXIS2_PLACEMENT_3D('',#12682,#10191,#10192);
#9088=AXIS2_PLACEMENT_3D('',#12684,#10194,#10195);
#9089=AXIS2_PLACEMENT_3D('',#12686,#10197,#10198);
#9090=AXIS2_PLACEMENT_3D('',#12690,#10201,#10202);
#9091=AXIS2_PLACEMENT_3D('',#12692,#10203,#10204);
#9092=AXIS2_PLACEMENT_3D('',#12694,#10206,#10207);
#9093=AXIS2_PLACEMENT_3D('',#12698,#10210,#10211);
#9094=AXIS2_PLACEMENT_3D('',#12700,#10212,#10213);
#9095=AXIS2_PLACEMENT_3D('',#12702,#10215,#10216);
#9096=AXIS2_PLACEMENT_3D('',#12706,#10219,#10220);
#9097=AXIS2_PLACEMENT_3D('',#12708,#10221,#10222);
#9098=AXIS2_PLACEMENT_3D('',#12710,#10224,#10225);
#9099=AXIS2_PLACEMENT_3D('',#12712,#10227,#10228);
#9100=AXIS2_PLACEMENT_3D('',#12713,#10229,#10230);
#9101=AXIS2_PLACEMENT_3D('',#12715,#10232,#10233);
#9102=AXIS2_PLACEMENT_3D('',#12716,#10234,#10235);
#9103=AXIS2_PLACEMENT_3D('',#12717,#10236,#10237);
#9104=AXIS2_PLACEMENT_3D('',#12727,#10242,#10243);
#9105=AXIS2_PLACEMENT_3D('',#12729,#10244,#10245);
#9106=AXIS2_PLACEMENT_3D('',#12731,#10246,#10247);
#9107=AXIS2_PLACEMENT_3D('',#12733,#10248,#10249);
#9108=AXIS2_PLACEMENT_3D('',#12734,#10250,#10251);
#9109=AXIS2_PLACEMENT_3D('',#12740,#10255,#10256);
#9110=AXIS2_PLACEMENT_3D('',#12744,#10259,#10260);
#9111=AXIS2_PLACEMENT_3D('',#12753,#10265,#10266);
#9112=AXIS2_PLACEMENT_3D('',#12759,#10270,#10271);
#9113=AXIS2_PLACEMENT_3D('',#12765,#10275,#10276);
#9114=AXIS2_PLACEMENT_3D('',#12771,#10280,#10281);
#9115=AXIS2_PLACEMENT_3D('',#12777,#10285,#10286);
#9116=AXIS2_PLACEMENT_3D('',#12780,#10289,#10290);
#9117=AXIS2_PLACEMENT_3D('',#12782,#10291,#10292);
#9118=AXIS2_PLACEMENT_3D('',#12783,#10293,#10294);
#9119=AXIS2_PLACEMENT_3D('',#12786,#10295,#10296);
#9120=AXIS2_PLACEMENT_3D('',#12790,#10298,#10299);
#9121=AXIS2_PLACEMENT_3D('',#12792,#10301,#10302);
#9122=AXIS2_PLACEMENT_3D('',#12794,#10303,#10304);
#9123=AXIS2_PLACEMENT_3D('',#12797,#10306,#10307);
#9124=AXIS2_PLACEMENT_3D('',#12798,#10308,#10309);
#9125=AXIS2_PLACEMENT_3D('',#12800,#10310,#10311);
#9126=AXIS2_PLACEMENT_3D('',#12802,#10312,#10313);
#9127=AXIS2_PLACEMENT_3D('',#12804,#10315,#10316);
#9128=AXIS2_PLACEMENT_3D('',#12806,#10317,#10318);
#9129=AXIS2_PLACEMENT_3D('',#12809,#10320,#10321);
#9130=AXIS2_PLACEMENT_3D('',#12810,#10322,#10323);
#9131=AXIS2_PLACEMENT_3D('',#12812,#10324,#10325);
#9132=AXIS2_PLACEMENT_3D('',#12814,#10326,#10327);
#9133=AXIS2_PLACEMENT_3D('',#12863,#10329,#10330);
#9134=AXIS2_PLACEMENT_3D('',#12871,#10334,#10335);
#9135=AXIS2_PLACEMENT_3D('',#12872,#10336,#10337);
#9136=AXIS2_PLACEMENT_3D('',#12874,#10338,#10339);
#9137=AXIS2_PLACEMENT_3D('',#12878,#10341,#10342);
#9138=AXIS2_PLACEMENT_3D('',#12882,#10344,#10345);
#9139=AXIS2_PLACEMENT_3D('',#12883,#10346,#10347);
#9140=AXIS2_PLACEMENT_3D('',#12884,#10348,#10349);
#9141=AXIS2_PLACEMENT_3D('',#12887,#10350,#10351);
#9142=AXIS2_PLACEMENT_3D('',#12891,#10353,#10354);
#9143=AXIS2_PLACEMENT_3D('',#12937,#10355,#10356);
#9144=AXIS2_PLACEMENT_3D('',#12955,#10358,#10359);
#9145=AXIS2_PLACEMENT_3D('',#12973,#10361,#10362);
#9146=AXIS2_PLACEMENT_3D('',#12974,#10363,#10364);
#9147=AXIS2_PLACEMENT_3D('',#12978,#10366,#10367);
#9148=AXIS2_PLACEMENT_3D('',#12981,#10368,#10369);
#9149=AXIS2_PLACEMENT_3D('',#12984,#10371,#10372);
#9150=AXIS2_PLACEMENT_3D('',#12986,#10373,#10374);
#9151=AXIS2_PLACEMENT_3D('',#12987,#10375,#10376);
#9152=AXIS2_PLACEMENT_3D('',#12992,#10379,#10380);
#9153=AXIS2_PLACEMENT_3D('',#12993,#10381,#10382);
#9154=AXIS2_PLACEMENT_3D('',#12995,#10384,#10385);
#9155=AXIS2_PLACEMENT_3D('',#13001,#10389,#10390);
#9156=AXIS2_PLACEMENT_3D('',#13002,#10391,#10392);
#9157=AXIS2_PLACEMENT_3D('',#13003,#10393,#10394);
#9158=AXIS2_PLACEMENT_3D('',#13006,#10396,#10397);
#9159=AXIS2_PLACEMENT_3D('',#13007,#10398,#10399);
#9160=AXIS2_PLACEMENT_3D('',#13009,#10401,#10402);
#9161=AXIS2_PLACEMENT_3D('',#13010,#10403,#10404);
#9162=AXIS2_PLACEMENT_3D('',#13011,#10405,#10406);
#9163=AXIS2_PLACEMENT_3D('',#13012,#10407,#10408);
#9164=AXIS2_PLACEMENT_3D('',#13014,#10410,#10411);
#9165=AXIS2_PLACEMENT_3D('',#13016,#10413,#10414);
#9166=AXIS2_PLACEMENT_3D('',#13018,#10416,#10417);
#9167=AXIS2_PLACEMENT_3D('',#13020,#10419,#10420);
#9168=AXIS2_PLACEMENT_3D('',#13022,#10422,#10423);
#9169=AXIS2_PLACEMENT_3D('',#13023,#10424,#10425);
#9170=AXIS2_PLACEMENT_3D('',#13024,#10426,#10427);
#9171=AXIS2_PLACEMENT_3D('',#13027,#10428,#10429);
#9172=AXIS2_PLACEMENT_3D('',#13031,#10431,#10432);
#9173=AXIS2_PLACEMENT_3D('',#13033,#10434,#10435);
#9174=AXIS2_PLACEMENT_3D('',#13039,#10439,#10440);
#9175=AXIS2_PLACEMENT_3D('',#13042,#10441,#10442);
#9176=AXIS2_PLACEMENT_3D('',#13046,#10444,#10445);
#9177=AXIS2_PLACEMENT_3D('',#13048,#10447,#10448);
#9178=AXIS2_PLACEMENT_3D('',#13054,#10452,#10453);
#9179=AXIS2_PLACEMENT_3D('',#13057,#10454,#10455);
#9180=AXIS2_PLACEMENT_3D('',#13061,#10457,#10458);
#9181=AXIS2_PLACEMENT_3D('',#13063,#10460,#10461);
#9182=AXIS2_PLACEMENT_3D('',#13069,#10465,#10466);
#9183=AXIS2_PLACEMENT_3D('',#13072,#10467,#10468);
#9184=AXIS2_PLACEMENT_3D('',#13076,#10470,#10471);
#9185=AXIS2_PLACEMENT_3D('',#13078,#10473,#10474);
#9186=AXIS2_PLACEMENT_3D('',#13084,#10478,#10479);
#9187=AXIS2_PLACEMENT_3D('',#13090,#10483,#10484);
#9188=AXIS2_PLACEMENT_3D('',#13093,#10487,#10488);
#9189=AXIS2_PLACEMENT_3D('',#13099,#10492,#10493);
#9190=AXIS2_PLACEMENT_3D('',#13102,#10496,#10497);
#9191=AXIS2_PLACEMENT_3D('',#13108,#10501,#10502);
#9192=AXIS2_PLACEMENT_3D('',#13111,#10505,#10506);
#9193=AXIS2_PLACEMENT_3D('',#13117,#10510,#10511);
#9194=AXIS2_PLACEMENT_3D('',#13120,#10514,#10515);
#9195=AXIS2_PLACEMENT_3D('',#13121,#10516,#10517);
#9196=AXIS2_PLACEMENT_3D('',#13123,#10518,#10519);
#9197=AXIS2_PLACEMENT_3D('',#13125,#10520,#10521);
#9198=AXIS2_PLACEMENT_3D('',#13126,#10522,#10523);
#9199=AXIS2_PLACEMENT_3D('',#13127,#10524,#10525);
#9200=AXIS2_PLACEMENT_3D('',#13129,#10526,#10527);
#9201=AXIS2_PLACEMENT_3D('',#13130,#10528,#10529);
#9202=AXIS2_PLACEMENT_3D('',#13132,#10530,#10531);
#9203=AXIS2_PLACEMENT_3D('',#13134,#10533,#10534);
#9204=AXIS2_PLACEMENT_3D('',#13136,#10535,#10536);
#9205=AXIS2_PLACEMENT_3D('',#13138,#10537,#10538);
#9206=AXIS2_PLACEMENT_3D('',#13139,#10539,#10540);
#9207=AXIS2_PLACEMENT_3D('',#13140,#10541,#10542);
#9208=AXIS2_PLACEMENT_3D('',#13141,#10543,#10544);
#9209=AXIS2_PLACEMENT_3D('',#13143,#10546,#10547);
#9210=AXIS2_PLACEMENT_3D('',#13145,#10548,#10549);
#9211=AXIS2_PLACEMENT_3D('',#13147,#10551,#10552);
#9212=AXIS2_PLACEMENT_3D('',#13149,#10553,#10554);
#9213=AXIS2_PLACEMENT_3D('',#13151,#10556,#10557);
#9214=AXIS2_PLACEMENT_3D('',#13152,#10558,#10559);
#9215=AXIS2_PLACEMENT_3D('',#13153,#10560,#10561);
#9216=AXIS2_PLACEMENT_3D('',#13155,#10562,#10563);
#9217=AXIS2_PLACEMENT_3D('',#13158,#10565,#10566);
#9218=AXIS2_PLACEMENT_3D('',#13159,#10567,#10568);
#9219=AXIS2_PLACEMENT_3D('',#13161,#10569,#10570);
#9220=AXIS2_PLACEMENT_3D('',#13164,#10572,#10573);
#9221=AXIS2_PLACEMENT_3D('',#13165,#10574,#10575);
#9222=AXIS2_PLACEMENT_3D('',#13178,#10578,#10579);
#9223=AXIS2_PLACEMENT_3D('',#13188,#10581,#10582);
#9224=AXIS2_PLACEMENT_3D('',#13190,#10583,#10584);
#9225=AXIS2_PLACEMENT_3D('',#13211,#10586,#10587);
#9226=AXIS2_PLACEMENT_3D('',#13217,#10589,#10590);
#9227=AXIS2_PLACEMENT_3D('',#13227,#10592,#10593);
#9228=AXIS2_PLACEMENT_3D('',#13233,#10595,#10596);
#9229=AXIS2_PLACEMENT_3D('',#13237,#10597,#10598);
#9230=AXIS2_PLACEMENT_3D('',#13239,#10599,#10600);
#9231=AXIS2_PLACEMENT_3D('',#13240,#10601,#10602);
#9232=AXIS2_PLACEMENT_3D('',#13242,#10604,#10605);
#9233=AXIS2_PLACEMENT_3D('',#13243,#10606,#10607);
#9234=AXIS2_PLACEMENT_3D('',#13245,#10609,#10610);
#9235=AXIS2_PLACEMENT_3D('',#13246,#10611,#10612);
#9236=AXIS2_PLACEMENT_3D('',#13247,#10613,#10614);
#9237=AXIS2_PLACEMENT_3D('',#13256,#10619,#10620);
#9238=AXIS2_PLACEMENT_3D('',#13262,#10624,#10625);
#9239=AXIS2_PLACEMENT_3D('',#13264,#10626,#10627);
#9240=AXIS2_PLACEMENT_3D('',#13267,#10629,#10630);
#9241=AXIS2_PLACEMENT_3D('',#13268,#10631,#10632);
#9242=AXIS2_PLACEMENT_3D('',#13274,#10636,#10637);
#9243=AXIS2_PLACEMENT_3D('',#13280,#10641,#10642);
#9244=AXIS2_PLACEMENT_3D('',#13286,#10646,#10647);
#9245=AXIS2_PLACEMENT_3D('',#13288,#10648,#10649);
#9246=AXIS2_PLACEMENT_3D('',#13291,#10651,#10652);
#9247=AXIS2_PLACEMENT_3D('',#13292,#10653,#10654);
#9248=AXIS2_PLACEMENT_3D('',#13301,#10659,#10660);
#9249=AXIS2_PLACEMENT_3D('',#13304,#10663,#10664);
#9250=AXIS2_PLACEMENT_3D('',#13307,#10665,#10666);
#9251=AXIS2_PLACEMENT_3D('',#13311,#10668,#10669);
#9252=AXIS2_PLACEMENT_3D('',#13313,#10671,#10672);
#9253=AXIS2_PLACEMENT_3D('',#13326,#10680,#10681);
#9254=AXIS2_PLACEMENT_3D('',#13332,#10685,#10686);
#9255=AXIS2_PLACEMENT_3D('',#13342,#10693,#10694);
#9256=AXIS2_PLACEMENT_3D('',#13343,#10695,#10696);
#9257=AXIS2_PLACEMENT_3D('',#13345,#10698,#10699);
#9258=AXIS2_PLACEMENT_3D('',#13347,#10701,#10702);
#9259=AXIS2_PLACEMENT_3D('',#13350,#10704,#10705);
#9260=AXIS2_PLACEMENT_3D('',#13352,#10706,#10707);
#9261=AXIS2_PLACEMENT_3D('',#13354,#10708,#10709);
#9262=AXIS2_PLACEMENT_3D('',#13356,#10710,#10711);
#9263=AXIS2_PLACEMENT_3D('',#13357,#10712,#10713);
#9264=AXIS2_PLACEMENT_3D('',#13358,#10714,#10715);
#9265=AXIS2_PLACEMENT_3D('',#13361,#10716,#10717);
#9266=AXIS2_PLACEMENT_3D('',#13362,#10718,#10719);
#9267=AXIS2_PLACEMENT_3D('',#13364,#10721,#10722);
#9268=AXIS2_PLACEMENT_3D('',#13367,#10724,#10725);
#9269=AXIS2_PLACEMENT_3D('',#13370,#10726,#10727);
#9270=AXIS2_PLACEMENT_3D('',#13371,#10728,#10729);
#9271=AXIS2_PLACEMENT_3D('',#13373,#10731,#10732);
#9272=AXIS2_PLACEMENT_3D('',#13376,#10734,#10735);
#9273=AXIS2_PLACEMENT_3D('',#13379,#10736,#10737);
#9274=AXIS2_PLACEMENT_3D('',#13380,#10738,#10739);
#9275=AXIS2_PLACEMENT_3D('',#13382,#10741,#10742);
#9276=AXIS2_PLACEMENT_3D('',#13385,#10744,#10745);
#9277=AXIS2_PLACEMENT_3D('',#13388,#10746,#10747);
#9278=AXIS2_PLACEMENT_3D('',#13389,#10748,#10749);
#9279=AXIS2_PLACEMENT_3D('',#13391,#10751,#10752);
#9280=AXIS2_PLACEMENT_3D('',#13394,#10754,#10755);
#9281=AXIS2_PLACEMENT_3D('',#13395,#10756,#10757);
#9282=AXIS2_PLACEMENT_3D('',#13397,#10758,#10759);
#9283=AXIS2_PLACEMENT_3D('',#13400,#10761,#10762);
#9284=AXIS2_PLACEMENT_3D('',#13401,#10763,#10764);
#9285=AXIS2_PLACEMENT_3D('',#13403,#10765,#10766);
#9286=AXIS2_PLACEMENT_3D('',#13406,#10768,#10769);
#9287=AXIS2_PLACEMENT_3D('',#13407,#10770,#10771);
#9288=AXIS2_PLACEMENT_3D('',#13410,#10772,#10773);
#9289=AXIS2_PLACEMENT_3D('',#13414,#10775,#10776);
#9290=AXIS2_PLACEMENT_3D('',#13416,#10778,#10779);
#9291=AXIS2_PLACEMENT_3D('',#13418,#10780,#10781);
#9292=AXIS2_PLACEMENT_3D('',#13421,#10783,#10784);
#9293=AXIS2_PLACEMENT_3D('',#13422,#10785,#10786);
#9294=AXIS2_PLACEMENT_3D('',#13425,#10787,#10788);
#9295=AXIS2_PLACEMENT_3D('',#13429,#10790,#10791);
#9296=AXIS2_PLACEMENT_3D('',#13431,#10793,#10794);
#9297=AXIS2_PLACEMENT_3D('',#13440,#10798,#10799);
#9298=AXIS2_PLACEMENT_3D('',#13442,#10800,#10801);
#9299=AXIS2_PLACEMENT_3D('',#13446,#10803,#10804);
#9300=AXIS2_PLACEMENT_3D('',#13448,#10805,#10806);
#9301=AXIS2_PLACEMENT_3D('',#13452,#10808,#10809);
#9302=AXIS2_PLACEMENT_3D('',#13454,#10810,#10811);
#9303=AXIS2_PLACEMENT_3D('',#13458,#10814,#10815);
#9304=AXIS2_PLACEMENT_3D('',#13463,#10818,#10819);
#9305=AXIS2_PLACEMENT_3D('',#13478,#10828,#10829);
#9306=AXIS2_PLACEMENT_3D('',#13494,#10838,#10839);
#9307=AXIS2_PLACEMENT_3D('',#13498,#10842,#10843);
#9308=AXIS2_PLACEMENT_3D('',#13500,#10845,#10846);
#9309=AXIS2_PLACEMENT_3D('',#13501,#10847,#10848);
#9310=AXIS2_PLACEMENT_3D('',#13584,#10850,#10851);
#9311=AXIS2_PLACEMENT_3D('',#13587,#10853,#10854);
#9312=AXIS2_PLACEMENT_3D('',#13588,#10855,#10856);
#9313=AXIS2_PLACEMENT_3D('',#13590,#10857,#10858);
#9314=AXIS2_PLACEMENT_3D('',#13591,#10859,#10860);
#9315=AXIS2_PLACEMENT_3D('',#13592,#10861,#10862);
#9316=AXIS2_PLACEMENT_3D('',#13594,#10863,#10864);
#9317=AXIS2_PLACEMENT_3D('',#13595,#10865,#10866);
#9318=AXIS2_PLACEMENT_3D('',#13598,#10869,#10870);
#9319=AXIS2_PLACEMENT_3D('',#13600,#10872,#10873);
#9320=AXIS2_PLACEMENT_3D('',#13601,#10874,#10875);
#9321=AXIS2_PLACEMENT_3D('',#13603,#10877,#10878);
#9322=AXIS2_PLACEMENT_3D('',#13605,#10880,#10881);
#9323=AXIS2_PLACEMENT_3D('',#13606,#10882,#10883);
#9324=AXIS2_PLACEMENT_3D('',#13608,#10885,#10886);
#9325=AXIS2_PLACEMENT_3D('',#13609,#10887,#10888);
#9326=AXIS2_PLACEMENT_3D('',#13611,#10890,#10891);
#9327=AXIS2_PLACEMENT_3D('',#13613,#10893,#10894);
#9328=AXIS2_PLACEMENT_3D('',#13614,#10895,#10896);
#9329=AXIS2_PLACEMENT_3D('',#13615,#10897,#10898);
#9330=AXIS2_PLACEMENT_3D('',#13618,#10899,#10900);
#9331=AXIS2_PLACEMENT_3D('',#13622,#10902,#10903);
#9332=AXIS2_PLACEMENT_3D('',#13624,#10905,#10906);
#9333=AXIS2_PLACEMENT_3D('',#13630,#10910,#10911);
#9334=AXIS2_PLACEMENT_3D('',#13633,#10912,#10913);
#9335=AXIS2_PLACEMENT_3D('',#13637,#10915,#10916);
#9336=AXIS2_PLACEMENT_3D('',#13639,#10918,#10919);
#9337=AXIS2_PLACEMENT_3D('',#13645,#10923,#10924);
#9338=AXIS2_PLACEMENT_3D('',#13648,#10925,#10926);
#9339=AXIS2_PLACEMENT_3D('',#13652,#10928,#10929);
#9340=AXIS2_PLACEMENT_3D('',#13654,#10931,#10932);
#9341=AXIS2_PLACEMENT_3D('',#13660,#10936,#10937);
#9342=AXIS2_PLACEMENT_3D('',#13663,#10938,#10939);
#9343=AXIS2_PLACEMENT_3D('',#13667,#10941,#10942);
#9344=AXIS2_PLACEMENT_3D('',#13669,#10944,#10945);
#9345=AXIS2_PLACEMENT_3D('',#13675,#10949,#10950);
#9346=AXIS2_PLACEMENT_3D('',#13681,#10954,#10955);
#9347=AXIS2_PLACEMENT_3D('',#13684,#10958,#10959);
#9348=AXIS2_PLACEMENT_3D('',#13690,#10963,#10964);
#9349=AXIS2_PLACEMENT_3D('',#13693,#10967,#10968);
#9350=AXIS2_PLACEMENT_3D('',#13699,#10972,#10973);
#9351=AXIS2_PLACEMENT_3D('',#13702,#10976,#10977);
#9352=AXIS2_PLACEMENT_3D('',#13708,#10981,#10982);
#9353=AXIS2_PLACEMENT_3D('',#13711,#10985,#10986);
#9354=AXIS2_PLACEMENT_3D('',#13712,#10987,#10988);
#9355=AXIS2_PLACEMENT_3D('',#13714,#10989,#10990);
#9356=AXIS2_PLACEMENT_3D('',#13716,#10991,#10992);
#9357=AXIS2_PLACEMENT_3D('',#13717,#10993,#10994);
#9358=AXIS2_PLACEMENT_3D('',#13718,#10995,#10996);
#9359=AXIS2_PLACEMENT_3D('',#13720,#10997,#10998);
#9360=AXIS2_PLACEMENT_3D('',#13721,#10999,#11000);
#9361=AXIS2_PLACEMENT_3D('',#13723,#11001,#11002);
#9362=AXIS2_PLACEMENT_3D('',#13725,#11004,#11005);
#9363=AXIS2_PLACEMENT_3D('',#13727,#11006,#11007);
#9364=AXIS2_PLACEMENT_3D('',#13729,#11008,#11009);
#9365=AXIS2_PLACEMENT_3D('',#13730,#11010,#11011);
#9366=AXIS2_PLACEMENT_3D('',#13731,#11012,#11013);
#9367=AXIS2_PLACEMENT_3D('',#13732,#11014,#11015);
#9368=AXIS2_PLACEMENT_3D('',#13734,#11017,#11018);
#9369=AXIS2_PLACEMENT_3D('',#13736,#11019,#11020);
#9370=AXIS2_PLACEMENT_3D('',#13738,#11022,#11023);
#9371=AXIS2_PLACEMENT_3D('',#13740,#11024,#11025);
#9372=AXIS2_PLACEMENT_3D('',#13742,#11027,#11028);
#9373=AXIS2_PLACEMENT_3D('',#13743,#11029,#11030);
#9374=AXIS2_PLACEMENT_3D('',#13744,#11031,#11032);
#9375=AXIS2_PLACEMENT_3D('',#13747,#11033,#11034);
#9376=AXIS2_PLACEMENT_3D('',#13749,#11035,#11036);
#9377=AXIS2_PLACEMENT_3D('',#13751,#11037,#11038);
#9378=AXIS2_PLACEMENT_3D('',#13755,#11040,#11041);
#9379=AXIS2_PLACEMENT_3D('',#13757,#11043,#11044);
#9380=AXIS2_PLACEMENT_3D('',#13761,#11047,#11048);
#9381=AXIS2_PLACEMENT_3D('',#13764,#11049,#11050);
#9382=AXIS2_PLACEMENT_3D('',#13766,#11051,#11052);
#9383=AXIS2_PLACEMENT_3D('',#13768,#11053,#11054);
#9384=AXIS2_PLACEMENT_3D('',#13772,#11056,#11057);
#9385=AXIS2_PLACEMENT_3D('',#13774,#11059,#11060);
#9386=AXIS2_PLACEMENT_3D('',#13778,#11063,#11064);
#9387=AXIS2_PLACEMENT_3D('',#13781,#11065,#11066);
#9388=AXIS2_PLACEMENT_3D('',#13783,#11067,#11068);
#9389=AXIS2_PLACEMENT_3D('',#13785,#11069,#11070);
#9390=AXIS2_PLACEMENT_3D('',#13789,#11072,#11073);
#9391=AXIS2_PLACEMENT_3D('',#13791,#11075,#11076);
#9392=AXIS2_PLACEMENT_3D('',#13795,#11079,#11080);
#9393=AXIS2_PLACEMENT_3D('',#13798,#11081,#11082);
#9394=AXIS2_PLACEMENT_3D('',#13800,#11083,#11084);
#9395=AXIS2_PLACEMENT_3D('',#13802,#11085,#11086);
#9396=AXIS2_PLACEMENT_3D('',#13806,#11088,#11089);
#9397=AXIS2_PLACEMENT_3D('',#13808,#11091,#11092);
#9398=AXIS2_PLACEMENT_3D('',#13812,#11095,#11096);
#9399=AXIS2_PLACEMENT_3D('',#13816,#11099,#11100);
#9400=AXIS2_PLACEMENT_3D('',#13819,#11103,#11104);
#9401=AXIS2_PLACEMENT_3D('',#13823,#11107,#11108);
#9402=AXIS2_PLACEMENT_3D('',#13826,#11111,#11112);
#9403=AXIS2_PLACEMENT_3D('',#13830,#11115,#11116);
#9404=AXIS2_PLACEMENT_3D('',#13833,#11119,#11120);
#9405=AXIS2_PLACEMENT_3D('',#13837,#11123,#11124);
#9406=AXIS2_PLACEMENT_3D('',#13840,#11127,#11128);
#9407=AXIS2_PLACEMENT_3D('',#13841,#11129,#11130);
#9408=AXIS2_PLACEMENT_3D('',#13843,#11131,#11132);
#9409=AXIS2_PLACEMENT_3D('',#13845,#11133,#11134);
#9410=AXIS2_PLACEMENT_3D('',#13846,#11135,#11136);
#9411=AXIS2_PLACEMENT_3D('',#13847,#11137,#11138);
#9412=AXIS2_PLACEMENT_3D('',#13849,#11139,#11140);
#9413=AXIS2_PLACEMENT_3D('',#13850,#11141,#11142);
#9414=AXIS2_PLACEMENT_3D('',#13852,#11143,#11144);
#9415=AXIS2_PLACEMENT_3D('',#13854,#11146,#11147);
#9416=AXIS2_PLACEMENT_3D('',#13856,#11148,#11149);
#9417=AXIS2_PLACEMENT_3D('',#13858,#11150,#11151);
#9418=AXIS2_PLACEMENT_3D('',#13859,#11152,#11153);
#9419=AXIS2_PLACEMENT_3D('',#13860,#11154,#11155);
#9420=AXIS2_PLACEMENT_3D('',#13861,#11156,#11157);
#9421=AXIS2_PLACEMENT_3D('',#13863,#11159,#11160);
#9422=AXIS2_PLACEMENT_3D('',#13865,#11161,#11162);
#9423=AXIS2_PLACEMENT_3D('',#13867,#11164,#11165);
#9424=AXIS2_PLACEMENT_3D('',#13869,#11166,#11167);
#9425=AXIS2_PLACEMENT_3D('',#13871,#11169,#11170);
#9426=AXIS2_PLACEMENT_3D('',#13872,#11171,#11172);
#9427=AXIS2_PLACEMENT_3D('',#13873,#11173,#11174);
#9428=AXIS2_PLACEMENT_3D('',#13883,#11177,#11178);
#9429=AXIS2_PLACEMENT_3D('',#13884,#11179,#11180);
#9430=AXIS2_PLACEMENT_3D('',#13892,#11182,#11183);
#9431=AXIS2_PLACEMENT_3D('',#13893,#11184,#11185);
#9432=AXIS2_PLACEMENT_3D('',#13894,#11186,#11187);
#9433=AXIS2_PLACEMENT_3D('',#13896,#11188,#11189);
#9434=AXIS2_PLACEMENT_3D('',#13917,#11191,#11192);
#9435=AXIS2_PLACEMENT_3D('',#13919,#11193,#11194);
#9436=AXIS2_PLACEMENT_3D('',#13921,#11196,#11197);
#9437=AXIS2_PLACEMENT_3D('',#13923,#11198,#11199);
#9438=AXIS2_PLACEMENT_3D('',#13925,#11201,#11202);
#9439=AXIS2_PLACEMENT_3D('',#13927,#11203,#11204);
#9440=AXIS2_PLACEMENT_3D('',#13929,#11206,#11207);
#9441=AXIS2_PLACEMENT_3D('',#13930,#11208,#11209);
#9442=AXIS2_PLACEMENT_3D('',#13931,#11210,#11211);
#9443=AXIS2_PLACEMENT_3D('',#13933,#11212,#11213);
#9444=AXIS2_PLACEMENT_3D('',#13934,#11214,#11215);
#9445=AXIS2_PLACEMENT_3D('',#13936,#11216,#11217);
#9446=AXIS2_PLACEMENT_3D('',#13937,#11218,#11219);
#9447=AXIS2_PLACEMENT_3D('',#13940,#11221,#11222);
#9448=AXIS2_PLACEMENT_3D('',#13941,#11223,#11224);
#9449=AXIS2_PLACEMENT_3D('',#13944,#11226,#11227);
#9450=AXIS2_PLACEMENT_3D('',#13945,#11228,#11229);
#9451=AXIS2_PLACEMENT_3D('',#13946,#11230,#11231);
#9452=AXIS2_PLACEMENT_3D('',#13949,#11232,#11233);
#9453=AXIS2_PLACEMENT_3D('',#13953,#11235,#11236);
#9454=AXIS2_PLACEMENT_3D('',#13955,#11238,#11239);
#9455=AXIS2_PLACEMENT_3D('',#13957,#11240,#11241);
#9456=AXIS2_PLACEMENT_3D('',#13960,#11243,#11244);
#9457=AXIS2_PLACEMENT_3D('',#13961,#11245,#11246);
#9458=AXIS2_PLACEMENT_3D('',#13963,#11247,#11248);
#9459=AXIS2_PLACEMENT_3D('',#13966,#11250,#11251);
#9460=AXIS2_PLACEMENT_3D('',#13967,#11252,#11253);
#9461=AXIS2_PLACEMENT_3D('',#13973,#11257,#11258);
#9462=AXIS2_PLACEMENT_3D('',#13976,#11259,#11260);
#9463=AXIS2_PLACEMENT_3D('',#13980,#11262,#11263);
#9464=AXIS2_PLACEMENT_3D('',#13982,#11265,#11266);
#9465=AXIS2_PLACEMENT_3D('',#13988,#11270,#11271);
#9466=AXIS2_PLACEMENT_3D('',#13991,#11272,#11273);
#9467=AXIS2_PLACEMENT_3D('',#13995,#11275,#11276);
#9468=AXIS2_PLACEMENT_3D('',#13997,#11278,#11279);
#9469=AXIS2_PLACEMENT_3D('',#13998,#11280,#11281);
#9470=AXIS2_PLACEMENT_3D('',#13999,#11282,#11283);
#9471=AXIS2_PLACEMENT_3D('',#14000,#11284,#11285);
#9472=AXIS2_PLACEMENT_3D('',#14009,#11290,#11291);
#9473=AXIS2_PLACEMENT_3D('',#14015,#11295,#11296);
#9474=AXIS2_PLACEMENT_3D('',#14021,#11300,#11301);
#9475=AXIS2_PLACEMENT_3D('',#14027,#11305,#11306);
#9476=AXIS2_PLACEMENT_3D('',#14033,#11310,#11311);
#9477=AXIS2_PLACEMENT_3D('',#14036,#11314,#11315);
#9478=AXIS2_PLACEMENT_3D('',#14038,#11316,#11317);
#9479=AXIS2_PLACEMENT_3D('',#14039,#11318,#11319);
#9480=AXIS2_PLACEMENT_3D('',#14041,#11320,#11321);
#9481=AXIS2_PLACEMENT_3D('',#14043,#11323,#11324);
#9482=AXIS2_PLACEMENT_3D('',#14045,#11325,#11326);
#9483=AXIS2_PLACEMENT_3D('',#14048,#11328,#11329);
#9484=AXIS2_PLACEMENT_3D('',#14049,#11330,#11331);
#9485=AXIS2_PLACEMENT_3D('',#14051,#11332,#11333);
#9486=AXIS2_PLACEMENT_3D('',#14054,#11335,#11336);
#9487=AXIS2_PLACEMENT_3D('',#14055,#11337,#11338);
#9488=AXIS2_PLACEMENT_3D('',#14061,#11342,#11343);
#9489=AXIS2_PLACEMENT_3D('',#14062,#11344,#11345);
#9490=AXIS2_PLACEMENT_3D('',#14063,#11346,#11347);
#9491=AXIS2_PLACEMENT_3D('',#14064,#11348,#11349);
#9492=AXIS2_PLACEMENT_3D('',#14070,#11353,#11354);
#9493=AXIS2_PLACEMENT_3D('',#14071,#11355,#11356);
#9494=AXIS2_PLACEMENT_3D('',#14072,#11357,#11358);
#9495=AXIS2_PLACEMENT_3D('',#14073,#11359,#11360);
#9496=AXIS2_PLACEMENT_3D('',#14074,#11361,#11362);
#9497=AXIS2_PLACEMENT_3D('',#14075,#11363,#11364);
#9498=AXIS2_PLACEMENT_3D('',#14091,#11366,#11367);
#9499=AXIS2_PLACEMENT_3D('',#14093,#11369,#11370);
#9500=AXIS2_PLACEMENT_3D('',#14095,#11371,#11372);
#9501=AXIS2_PLACEMENT_3D('',#14099,#11374,#11375);
#9502=AXIS2_PLACEMENT_3D('',#14103,#11377,#11378);
#9503=AXIS2_PLACEMENT_3D('',#14107,#11380,#11381);
#9504=AXIS2_PLACEMENT_3D('',#14110,#11383,#11384);
#9505=AXIS2_PLACEMENT_3D('',#14111,#11385,#11386);
#9506=AXIS2_PLACEMENT_3D('',#14112,#11387,#11388);
#9507=AXIS2_PLACEMENT_3D('',#14126,#11390,#11391);
#9508=AXIS2_PLACEMENT_3D('',#14127,#11392,#11393);
#9509=AXIS2_PLACEMENT_3D('',#14133,#11397,#11398);
#9510=AXIS2_PLACEMENT_3D('',#14147,#11400,#11401);
#9511=AXIS2_PLACEMENT_3D('',#14148,#11402,#11403);
#9512=AXIS2_PLACEMENT_3D('',#14154,#11407,#11408);
#9513=AXIS2_PLACEMENT_3D('',#14167,#11409,#11410);
#9514=AXIS2_PLACEMENT_3D('',#14169,#11412,#11413);
#9515=AXIS2_PLACEMENT_3D('',#14170,#11414,#11415);
#9516=AXIS2_PLACEMENT_3D('',#14171,#11416,#11417);
#9517=AXIS2_PLACEMENT_3D('',#14172,#11418,#11419);
#9518=AXIS2_PLACEMENT_3D('',#14173,#11420,#11421);
#9519=AXIS2_PLACEMENT_3D('',#14176,#11422,#11423);
#9520=AXIS2_PLACEMENT_3D('',#14178,#11425,#11426);
#9521=AXIS2_PLACEMENT_3D('',#14181,#11428,#11429);
#9522=AXIS2_PLACEMENT_3D('',#14183,#11430,#11431);
#9523=AXIS2_PLACEMENT_3D('',#14184,#11432,#11433);
#9524=AXIS2_PLACEMENT_3D('',#14187,#11435,#11436);
#9525=AXIS2_PLACEMENT_3D('',#14189,#11437,#11438);
#9526=AXIS2_PLACEMENT_3D('',#14190,#11439,#11440);
#9527=AXIS2_PLACEMENT_3D('',#14192,#11441,#11442);
#9528=AXIS2_PLACEMENT_3D('',#14194,#11444,#11445);
#9529=AXIS2_PLACEMENT_3D('',#14196,#11446,#11447);
#9530=AXIS2_PLACEMENT_3D('',#14198,#11449,#11450);
#9531=AXIS2_PLACEMENT_3D('',#14204,#11454,#11455);
#9532=AXIS2_PLACEMENT_3D('',#14205,#11456,#11457);
#9533=AXIS2_PLACEMENT_3D('',#14206,#11458,#11459);
#9534=AXIS2_PLACEMENT_3D('',#14210,#11462,#11463);
#9535=AXIS2_PLACEMENT_3D('',#14211,#11464,#11465);
#9536=AXIS2_PLACEMENT_3D('',#14212,#11466,#11467);
#9537=AXIS2_PLACEMENT_3D('',#14216,#11470,#11471);
#9538=AXIS2_PLACEMENT_3D('',#14217,#11472,#11473);
#9539=AXIS2_PLACEMENT_3D('',#14218,#11474,#11475);
#9540=AXIS2_PLACEMENT_3D('',#14219,#11476,#11477);
#9541=AXIS2_PLACEMENT_3D('',#14220,#11478,#11479);
#9542=AXIS2_PLACEMENT_3D('',#14221,#11480,#11481);
#9543=AXIS2_PLACEMENT_3D('',#14230,#11486,#11487);
#9544=AXIS2_PLACEMENT_3D('',#14236,#11491,#11492);
#9545=AXIS2_PLACEMENT_3D('',#14242,#11496,#11497);
#9546=AXIS2_PLACEMENT_3D('',#14248,#11501,#11502);
#9547=AXIS2_PLACEMENT_3D('',#14254,#11506,#11507);
#9548=AXIS2_PLACEMENT_3D('',#14257,#11510,#11511);
#9549=AXIS2_PLACEMENT_3D('',#14259,#11512,#11513);
#9550=AXIS2_PLACEMENT_3D('',#14260,#11514,#11515);
#9551=AXIS2_PLACEMENT_3D('',#14269,#11520,#11521);
#9552=AXIS2_PLACEMENT_3D('',#14275,#11525,#11526);
#9553=AXIS2_PLACEMENT_3D('',#14281,#11530,#11531);
#9554=AXIS2_PLACEMENT_3D('',#14287,#11535,#11536);
#9555=AXIS2_PLACEMENT_3D('',#14293,#11540,#11541);
#9556=AXIS2_PLACEMENT_3D('',#14296,#11544,#11545);
#9557=AXIS2_PLACEMENT_3D('',#14298,#11546,#11547);
#9558=AXIS2_PLACEMENT_3D('',#14355,#11548,#11549);
#9559=AXIS2_PLACEMENT_3D('',#14361,#11553,#11554);
#9560=AXIS2_PLACEMENT_3D('',#14457,#11562,#11563);
#9561=AXIS2_PLACEMENT_3D('',#14461,#11565,#11566);
#9562=AXIS2_PLACEMENT_3D('',#14464,#11568,#11569);
#9563=AXIS2_PLACEMENT_3D('',#14465,#11570,#11571);
#9564=AXIS2_PLACEMENT_3D('',#14468,#11573,#11574);
#9565=AXIS2_PLACEMENT_3D('',#14469,#11575,#11576);
#9566=AXIS2_PLACEMENT_3D('',#14529,#11579,#11580);
#9567=AXIS2_PLACEMENT_3D('',#14535,#11584,#11585);
#9568=AXIS2_PLACEMENT_3D('',#14598,#11587,#11588);
#9569=AXIS2_PLACEMENT_3D('',#14600,#11589,#11590);
#9570=AXIS2_PLACEMENT_3D('',#14602,#11591,#11592);
#9571=AXIS2_PLACEMENT_3D('',#14647,#11593,#11594);
#9572=AXIS2_PLACEMENT_3D('',#14695,#11597,#11598);
#9573=AXIS2_PLACEMENT_3D('',#14699,#11601,#11602);
#9574=AXIS2_PLACEMENT_3D('',#14701,#11603,#11604);
#9575=AXIS2_PLACEMENT_3D('',#14703,#11606,#11607);
#9576=AXIS2_PLACEMENT_3D('',#14771,#11612,#11613);
#9577=AXIS2_PLACEMENT_3D('',#14772,#11614,#11615);
#9578=AXIS2_PLACEMENT_3D('',#14781,#11617,#11618);
#9579=AXIS2_PLACEMENT_3D('',#14811,#11621,#11622);
#9580=AXIS2_PLACEMENT_3D('',#14819,#11624,#11625);
#9581=AXIS2_PLACEMENT_3D('',#14821,#11626,#11627);
#9582=AXIS2_PLACEMENT_3D('',#14943,#11629,#11630);
#9583=AXIS2_PLACEMENT_3D('',#14961,#11631,#11632);
#9584=AXIS2_PLACEMENT_3D('',#14979,#11633,#11634);
#9585=AXIS2_PLACEMENT_3D('',#15034,#11635,#11636);
#9586=AXIS2_PLACEMENT_3D('',#15294,#11639,#11640);
#9587=AXIS2_PLACEMENT_3D('',#15642,#11648,#11649);
#9588=AXIS2_PLACEMENT_3D('',#15645,#11650,#11651);
#9589=AXIS2_PLACEMENT_3D('',#15667,#11654,#11655);
#9590=AXIS2_PLACEMENT_3D('',#15695,#11657,#11658);
#9591=AXIS2_PLACEMENT_3D('',#15700,#11661,#11662);
#9592=AXIS2_PLACEMENT_3D('',#15702,#11663,#11664);
#9593=AXIS2_PLACEMENT_3D('',#15703,#11665,#11666);
#9594=AXIS2_PLACEMENT_3D('',#15705,#11668,#11669);
#9595=AXIS2_PLACEMENT_3D('',#15707,#11671,#11672);
#9596=AXIS2_PLACEMENT_3D('',#15709,#11674,#11675);
#9597=AXIS2_PLACEMENT_3D('',#15715,#11677,#11678);
#9598=AXIS2_PLACEMENT_3D('',#15717,#11680,#11681);
#9599=AXIS2_PLACEMENT_3D('',#15722,#11682,#11683);
#9600=AXIS2_PLACEMENT_3D('',#15724,#11685,#11686);
#9601=AXIS2_PLACEMENT_3D('',#15725,#11687,#11688);
#9602=AXIS2_PLACEMENT_3D('',#15781,#11692,#11693);
#9603=AXIS2_PLACEMENT_3D('',#15783,#11695,#11696);
#9604=AXIS2_PLACEMENT_3D('',#15785,#11698,#11699);
#9605=AXIS2_PLACEMENT_3D('',#15787,#11701,#11702);
#9606=AXIS2_PLACEMENT_3D('',#15788,#11703,#11704);
#9607=AXIS2_PLACEMENT_3D('',#15789,#11705,#11706);
#9608=AXIS2_PLACEMENT_3D('',#15791,#11708,#11709);
#9609=AXIS2_PLACEMENT_3D('',#15914,#11711,#11712);
#9610=AXIS2_PLACEMENT_3D('',#15915,#11713,#11714);
#9611=AXIS2_PLACEMENT_3D('',#15916,#11715,#11716);
#9612=AXIS2_PLACEMENT_3D('',#15917,#11717,#11718);
#9613=AXIS2_PLACEMENT_3D('',#15919,#11719,#11720);
#9614=AXIS2_PLACEMENT_3D('',#15922,#11722,#11723);
#9615=AXIS2_PLACEMENT_3D('',#15923,#11724,#11725);
#9616=AXIS2_PLACEMENT_3D('',#15925,#11726,#11727);
#9617=AXIS2_PLACEMENT_3D('',#15927,#11729,#11730);
#9618=AXIS2_PLACEMENT_3D('',#15936,#11734,#11735);
#9619=AXIS2_PLACEMENT_3D('',#15940,#11737,#11738);
#9620=AXIS2_PLACEMENT_3D('',#15944,#11740,#11741);
#9621=AXIS2_PLACEMENT_3D('',#15952,#11745,#11746);
#9622=AXIS2_PLACEMENT_3D('',#15956,#11748,#11749);
#9623=AXIS2_PLACEMENT_3D('',#15958,#11750,#11751);
#9624=AXIS2_PLACEMENT_3D('',#15960,#11752,#11753);
#9625=AXIS2_PLACEMENT_3D('',#15963,#11755,#11756);
#9626=AXIS2_PLACEMENT_3D('',#15964,#11757,#11758);
#9627=AXIS2_PLACEMENT_3D('',#15966,#11759,#11760);
#9628=AXIS2_PLACEMENT_3D('',#15968,#11761,#11762);
#9629=AXIS2_PLACEMENT_3D('',#15970,#11763,#11764);
#9630=AXIS2_PLACEMENT_3D('',#15971,#11765,#11766);
#9631=AXIS2_PLACEMENT_3D('',#15972,#11767,#11768);
#9632=AXIS2_PLACEMENT_3D('',#15976,#11770,#11771);
#9633=AXIS2_PLACEMENT_3D('',#15977,#11772,#11773);
#9634=AXIS2_PLACEMENT_3D('',#15978,#11774,#11775);
#9635=AXIS2_PLACEMENT_3D('',#15980,#11776,#11777);
#9636=AXIS2_PLACEMENT_3D('',#15981,#11778,#11779);
#9637=AXIS2_PLACEMENT_3D('',#15983,#11780,#11781);
#9638=AXIS2_PLACEMENT_3D('',#15984,#11782,#11783);
#9639=AXIS2_PLACEMENT_3D('',#15985,#11784,#11785);
#9640=AXIS2_PLACEMENT_3D('',#15994,#11789,#11790);
#9641=AXIS2_PLACEMENT_3D('',#15998,#11792,#11793);
#9642=AXIS2_PLACEMENT_3D('',#16002,#11795,#11796);
#9643=AXIS2_PLACEMENT_3D('',#16010,#11800,#11801);
#9644=AXIS2_PLACEMENT_3D('',#16014,#11803,#11804);
#9645=AXIS2_PLACEMENT_3D('',#16016,#11805,#11806);
#9646=AXIS2_PLACEMENT_3D('',#16018,#11807,#11808);
#9647=AXIS2_PLACEMENT_3D('',#16021,#11810,#11811);
#9648=AXIS2_PLACEMENT_3D('',#16022,#11812,#11813);
#9649=AXIS2_PLACEMENT_3D('',#16024,#11814,#11815);
#9650=AXIS2_PLACEMENT_3D('',#16025,#11816,#11817);
#9651=AXIS2_PLACEMENT_3D('',#16027,#11819,#11820);
#9652=AXIS2_PLACEMENT_3D('',#16030,#11823,#11824);
#9653=AXIS2_PLACEMENT_3D('',#16032,#11826,#11827);
#9654=AXIS2_PLACEMENT_3D('',#16034,#11829,#11830);
#9655=AXIS2_PLACEMENT_3D('',#16036,#11832,#11833);
#9656=AXIS2_PLACEMENT_3D('',#16039,#11836,#11837);
#9657=AXIS2_PLACEMENT_3D('',#16040,#11838,#11839);
#9658=AXIS2_PLACEMENT_3D('',#16042,#11840,#11841);
#9659=AXIS2_PLACEMENT_3D('',#16043,#11842,#11843);
#9660=AXIS2_PLACEMENT_3D('',#16045,#11845,#11846);
#9661=AXIS2_PLACEMENT_3D('',#16048,#11849,#11850);
#9662=AXIS2_PLACEMENT_3D('',#16050,#11852,#11853);
#9663=AXIS2_PLACEMENT_3D('',#16053,#11856,#11857);
#9664=AXIS2_PLACEMENT_3D('',#16054,#11858,#11859);
#9665=AXIS2_PLACEMENT_3D('',#16056,#11861,#11862);
#9666=AXIS2_PLACEMENT_3D('',#16057,#11863,#11864);
#9667=AXIS2_PLACEMENT_3D('',#16058,#11865,#11866);
#9668=AXIS2_PLACEMENT_3D('',#16061,#11868,#11869);
#9669=AXIS2_PLACEMENT_3D('',#16062,#11870,#11871);
#9670=AXIS2_PLACEMENT_3D('',#16063,#11872,#11873);
#9671=AXIS2_PLACEMENT_3D('',#16064,#11874,#11875);
#9672=AXIS2_PLACEMENT_3D('',#16065,#11876,#11877);
#9673=AXIS2_PLACEMENT_3D('',#16067,#11878,#11879);
#9674=AXIS2_PLACEMENT_3D('',#16068,#11880,#11881);
#9675=AXIS2_PLACEMENT_3D('',#16069,#11882,#11883);
#9676=AXIS2_PLACEMENT_3D('',#16071,#11884,#11885);
#9677=AXIS2_PLACEMENT_3D('',#16072,#11886,#11887);
#9678=AXIS2_PLACEMENT_3D('',#16074,#11889,#11890);
#9679=AXIS2_PLACEMENT_3D('',#16075,#11891,#11892);
#9680=AXIS2_PLACEMENT_3D('',#16076,#11893,#11894);
#9681=AXIS2_PLACEMENT_3D('',#16078,#11895,#11896);
#9682=AXIS2_PLACEMENT_3D('',#16081,#11898,#11899);
#9683=AXIS2_PLACEMENT_3D('',#16082,#11900,#11901);
#9684=AXIS2_PLACEMENT_3D('',#16099,#11903,#11904);
#9685=AXIS2_PLACEMENT_3D('',#16101,#11906,#11907);
#9686=AXIS2_PLACEMENT_3D('',#16103,#11908,#11909);
#9687=AXIS2_PLACEMENT_3D('',#16107,#11912,#11913);
#9688=AXIS2_PLACEMENT_3D('',#16109,#11914,#11915);
#9689=AXIS2_PLACEMENT_3D('',#16113,#11918,#11919);
#9690=AXIS2_PLACEMENT_3D('',#16115,#11920,#11921);
#9691=AXIS2_PLACEMENT_3D('',#16119,#11924,#11925);
#9692=AXIS2_PLACEMENT_3D('',#16133,#11926,#11927);
#9693=AXIS2_PLACEMENT_3D('',#16135,#11929,#11930);
#9694=AXIS2_PLACEMENT_3D('',#16137,#11931,#11932);
#9695=AXIS2_PLACEMENT_3D('',#16141,#11935,#11936);
#9696=AXIS2_PLACEMENT_3D('',#16143,#11937,#11938);
#9697=AXIS2_PLACEMENT_3D('',#16147,#11941,#11942);
#9698=AXIS2_PLACEMENT_3D('',#16149,#11943,#11944);
#9699=AXIS2_PLACEMENT_3D('',#16153,#11947,#11948);
#9700=AXIS2_PLACEMENT_3D('',#16170,#11950,#11951);
#9701=AXIS2_PLACEMENT_3D('',#16172,#11953,#11954);
#9702=AXIS2_PLACEMENT_3D('',#16174,#11955,#11956);
#9703=AXIS2_PLACEMENT_3D('',#16178,#11959,#11960);
#9704=AXIS2_PLACEMENT_3D('',#16192,#11961,#11962);
#9705=AXIS2_PLACEMENT_3D('',#16194,#11964,#11965);
#9706=AXIS2_PLACEMENT_3D('',#16196,#11966,#11967);
#9707=AXIS2_PLACEMENT_3D('',#16200,#11970,#11971);
#9708=AXIS2_PLACEMENT_3D('',#16202,#11972,#11973);
#9709=AXIS2_PLACEMENT_3D('',#16206,#11976,#11977);
#9710=AXIS2_PLACEMENT_3D('',#16207,#11978,#11979);
#9711=AXIS2_PLACEMENT_3D('',#16209,#11981,#11982);
#9712=AXIS2_PLACEMENT_3D('',#16211,#11983,#11984);
#9713=AXIS2_PLACEMENT_3D('',#16215,#11987,#11988);
#9714=AXIS2_PLACEMENT_3D('',#16217,#11989,#11990);
#9715=AXIS2_PLACEMENT_3D('',#16219,#11992,#11993);
#9716=AXIS2_PLACEMENT_3D('',#16220,#11994,#11995);
#9717=AXIS2_PLACEMENT_3D('',#16221,#11996,#11997);
#9718=AXIS2_PLACEMENT_3D('',#16223,#11998,#11999);
#9719=AXIS2_PLACEMENT_3D('',#16226,#12001,#12002);
#9720=AXIS2_PLACEMENT_3D('',#16227,#12003,#12004);
#9721=AXIS2_PLACEMENT_3D('',#16229,#12005,#12006);
#9722=AXIS2_PLACEMENT_3D('',#16230,#12007,#12008);
#9723=AXIS2_PLACEMENT_3D('',#16232,#12010,#12011);
#9724=AXIS2_PLACEMENT_3D('',#16233,#12012,#12013);
#9725=AXIS2_PLACEMENT_3D('',#16235,#12014,#12015);
#9726=AXIS2_PLACEMENT_3D('',#16237,#12016,#12017);
#9727=AXIS2_PLACEMENT_3D('',#16238,#12018,#12019);
#9728=AXIS2_PLACEMENT_3D('',#16239,#12020,#12021);
#9729=AXIS2_PLACEMENT_3D('',#16241,#12022,#12023);
#9730=AXIS2_PLACEMENT_3D('',#16243,#12025,#12026);
#9731=AXIS2_PLACEMENT_3D('',#16244,#12027,#12028);
#9732=AXIS2_PLACEMENT_3D('',#16245,#12029,#12030);
#9733=AXIS2_PLACEMENT_3D('',#16247,#12031,#12032);
#9734=AXIS2_PLACEMENT_3D('',#16250,#12034,#12035);
#9735=AXIS2_PLACEMENT_3D('',#16251,#12036,#12037);
#9736=AXIS2_PLACEMENT_3D('',#16253,#12038,#12039);
#9737=AXIS2_PLACEMENT_3D('',#16256,#12041,#12042);
#9738=AXIS2_PLACEMENT_3D('',#16257,#12043,#12044);
#9739=AXIS2_PLACEMENT_3D('',#16270,#12047,#12048);
#9740=AXIS2_PLACEMENT_3D('',#16280,#12050,#12051);
#9741=AXIS2_PLACEMENT_3D('',#16282,#12052,#12053);
#9742=AXIS2_PLACEMENT_3D('',#16303,#12055,#12056);
#9743=AXIS2_PLACEMENT_3D('',#16309,#12058,#12059);
#9744=AXIS2_PLACEMENT_3D('',#16319,#12061,#12062);
#9745=AXIS2_PLACEMENT_3D('',#16325,#12064,#12065);
#9746=AXIS2_PLACEMENT_3D('',#16329,#12066,#12067);
#9747=AXIS2_PLACEMENT_3D('',#16331,#12068,#12069);
#9748=AXIS2_PLACEMENT_3D('',#16332,#12070,#12071);
#9749=AXIS2_PLACEMENT_3D('',#16334,#12073,#12074);
#9750=AXIS2_PLACEMENT_3D('',#16335,#12075,#12076);
#9751=AXIS2_PLACEMENT_3D('',#16337,#12078,#12079);
#9752=AXIS2_PLACEMENT_3D('',#16338,#12080,#12081);
#9753=AXIS2_PLACEMENT_3D('',#16340,#12082,#12083);
#9754=AXIS2_PLACEMENT_3D('',#16343,#12085,#12086);
#9755=AXIS2_PLACEMENT_3D('',#16344,#12087,#12088);
#9756=AXIS2_PLACEMENT_3D('',#16361,#12090,#12091);
#9757=AXIS2_PLACEMENT_3D('',#16363,#12093,#12094);
#9758=AXIS2_PLACEMENT_3D('',#16365,#12095,#12096);
#9759=AXIS2_PLACEMENT_3D('',#16369,#12099,#12100);
#9760=AXIS2_PLACEMENT_3D('',#16371,#12101,#12102);
#9761=AXIS2_PLACEMENT_3D('',#16375,#12105,#12106);
#9762=AXIS2_PLACEMENT_3D('',#16377,#12107,#12108);
#9763=AXIS2_PLACEMENT_3D('',#16381,#12111,#12112);
#9764=AXIS2_PLACEMENT_3D('',#16395,#12113,#12114);
#9765=AXIS2_PLACEMENT_3D('',#16397,#12116,#12117);
#9766=AXIS2_PLACEMENT_3D('',#16399,#12118,#12119);
#9767=AXIS2_PLACEMENT_3D('',#16403,#12122,#12123);
#9768=AXIS2_PLACEMENT_3D('',#16405,#12124,#12125);
#9769=AXIS2_PLACEMENT_3D('',#16409,#12128,#12129);
#9770=AXIS2_PLACEMENT_3D('',#16411,#12130,#12131);
#9771=AXIS2_PLACEMENT_3D('',#16415,#12134,#12135);
#9772=AXIS2_PLACEMENT_3D('',#16432,#12137,#12138);
#9773=AXIS2_PLACEMENT_3D('',#16434,#12140,#12141);
#9774=AXIS2_PLACEMENT_3D('',#16436,#12142,#12143);
#9775=AXIS2_PLACEMENT_3D('',#16440,#12146,#12147);
#9776=AXIS2_PLACEMENT_3D('',#16454,#12148,#12149);
#9777=AXIS2_PLACEMENT_3D('',#16456,#12151,#12152);
#9778=AXIS2_PLACEMENT_3D('',#16458,#12153,#12154);
#9779=AXIS2_PLACEMENT_3D('',#16462,#12157,#12158);
#9780=AXIS2_PLACEMENT_3D('',#16464,#12159,#12160);
#9781=AXIS2_PLACEMENT_3D('',#16468,#12163,#12164);
#9782=AXIS2_PLACEMENT_3D('',#16469,#12165,#12166);
#9783=AXIS2_PLACEMENT_3D('',#16471,#12168,#12169);
#9784=AXIS2_PLACEMENT_3D('',#16473,#12170,#12171);
#9785=AXIS2_PLACEMENT_3D('',#16477,#12174,#12175);
#9786=AXIS2_PLACEMENT_3D('',#16479,#12176,#12177);
#9787=AXIS2_PLACEMENT_3D('',#16481,#12179,#12180);
#9788=AXIS2_PLACEMENT_3D('',#16482,#12181,#12182);
#9789=AXIS2_PLACEMENT_3D('',#16483,#12183,#12184);
#9790=AXIS2_PLACEMENT_3D('',#16485,#12185,#12186);
#9791=AXIS2_PLACEMENT_3D('',#16488,#12188,#12189);
#9792=AXIS2_PLACEMENT_3D('',#16489,#12190,#12191);
#9793=AXIS2_PLACEMENT_3D('',#16491,#12192,#12193);
#9794=AXIS2_PLACEMENT_3D('',#16492,#12194,#12195);
#9795=AXIS2_PLACEMENT_3D('',#16494,#12197,#12198);
#9796=AXIS2_PLACEMENT_3D('',#16495,#12199,#12200);
#9797=AXIS2_PLACEMENT_3D('',#16497,#12201,#12202);
#9798=AXIS2_PLACEMENT_3D('',#16499,#12203,#12204);
#9799=AXIS2_PLACEMENT_3D('',#16500,#12205,#12206);
#9800=AXIS2_PLACEMENT_3D('',#16501,#12207,#12208);
#9801=AXIS2_PLACEMENT_3D('',#16503,#12209,#12210);
#9802=AXIS2_PLACEMENT_3D('',#16505,#12212,#12213);
#9803=AXIS2_PLACEMENT_3D('',#16506,#12214,#12215);
#9804=AXIS2_PLACEMENT_3D('',#16507,#12216,#12217);
#9805=AXIS2_PLACEMENT_3D('',#16509,#12218,#12219);
#9806=AXIS2_PLACEMENT_3D('',#16512,#12221,#12222);
#9807=AXIS2_PLACEMENT_3D('',#16513,#12223,#12224);
#9808=AXIS2_PLACEMENT_3D('',#16515,#12225,#12226);
#9809=AXIS2_PLACEMENT_3D('',#16518,#12228,#12229);
#9810=AXIS2_PLACEMENT_3D('',#16519,#12230,#12231);
#9811=AXIS2_PLACEMENT_3D('',#16532,#12234,#12235);
#9812=AXIS2_PLACEMENT_3D('',#16542,#12237,#12238);
#9813=AXIS2_PLACEMENT_3D('',#16544,#12239,#12240);
#9814=AXIS2_PLACEMENT_3D('',#16565,#12242,#12243);
#9815=AXIS2_PLACEMENT_3D('',#16571,#12245,#12246);
#9816=AXIS2_PLACEMENT_3D('',#16581,#12248,#12249);
#9817=AXIS2_PLACEMENT_3D('',#16587,#12251,#12252);
#9818=AXIS2_PLACEMENT_3D('',#16591,#12253,#12254);
#9819=AXIS2_PLACEMENT_3D('',#16593,#12255,#12256);
#9820=AXIS2_PLACEMENT_3D('',#16594,#12257,#12258);
#9821=AXIS2_PLACEMENT_3D('',#16596,#12260,#12261);
#9822=AXIS2_PLACEMENT_3D('',#16597,#12262,#12263);
#9823=AXIS2_PLACEMENT_3D('',#16599,#12265,#12266);
#9824=AXIS2_PLACEMENT_3D('',#16600,#12267,#12268);
#9825=AXIS2_PLACEMENT_3D('',#16602,#12269,#12270);
#9826=AXIS2_PLACEMENT_3D('',#16605,#12272,#12273);
#9827=AXIS2_PLACEMENT_3D('',#16606,#12274,#12275);
#9828=AXIS2_PLACEMENT_3D('',#16608,#12276,#12277);
#9829=AXIS2_PLACEMENT_3D('',#16611,#12279,#12280);
#9830=AXIS2_PLACEMENT_3D('',#16612,#12281,#12282);
#9831=AXIS2_PLACEMENT_3D('',#16614,#12283,#12284);
#9832=AXIS2_PLACEMENT_3D('',#16616,#12285,#12286);
#9833=AXIS2_PLACEMENT_3D('',#16617,#12287,#12288);
#9834=AXIS2_PLACEMENT_3D('',#16618,#12289,#12290);
#9835=AXIS2_PLACEMENT_3D('',#16620,#12291,#12292);
#9836=AXIS2_PLACEMENT_3D('',#16622,#12294,#12295);
#9837=AXIS2_PLACEMENT_3D('',#16624,#12296,#12297);
#9838=AXIS2_PLACEMENT_3D('',#16626,#12299,#12300);
#9839=AXIS2_PLACEMENT_3D('',#16629,#12301,#12302);
#9840=AXIS2_PLACEMENT_3D('',#16631,#12304,#12305);
#9841=AXIS2_PLACEMENT_3D('',#16632,#12306,#12307);
#9842=AXIS2_PLACEMENT_3D('',#16635,#12309,#12310);
#9843=AXIS2_PLACEMENT_3D('',#16636,#12311,#12312);
#9844=AXIS2_PLACEMENT_3D('',#16638,#12313,#12314);
#9845=AXIS2_PLACEMENT_3D('',#16641,#12316,#12317);
#9846=AXIS2_PLACEMENT_3D('',#16642,#12318,#12319);
#9847=AXIS2_PLACEMENT_3D('',#16644,#12320,#12321);
#9848=AXIS2_PLACEMENT_3D('',#16645,#12322,#12323);
#9849=AXIS2_PLACEMENT_3D('',#16646,#12324,#12325);
#9850=AXIS2_PLACEMENT_3D('',#16647,#12326,#12327);
#9851=AXIS2_PLACEMENT_3D('',#16648,#12328,#12329);
#9852=AXIS2_PLACEMENT_3D('',#16649,#12330,#12331);
#9853=AXIS2_PLACEMENT_3D('',#16650,#12332,#12333);
#9854=AXIS2_PLACEMENT_3D('',#16651,#12334,#12335);
#9855=AXIS2_PLACEMENT_3D('',#16652,#12336,#12337);
#9856=AXIS2_PLACEMENT_3D('',#16653,#12338,#12339);
#9857=AXIS2_PLACEMENT_3D('',#16654,#12340,#12341);
#9858=AXIS2_PLACEMENT_3D('',#16655,#12342,#12343);
#9859=AXIS2_PLACEMENT_3D('',#16656,#12344,#12345);
#9860=AXIS2_PLACEMENT_3D('',#16657,#12346,#12347);
#9861=AXIS2_PLACEMENT_3D('',#16658,#12348,#12349);
#9862=AXIS2_PLACEMENT_3D('',#16659,#12350,#12351);
#9863=AXIS2_PLACEMENT_3D('',#16660,#12352,#12353);
#9864=AXIS2_PLACEMENT_3D('',#16661,#12354,#12355);
#9865=AXIS2_PLACEMENT_3D('',#16662,#12356,#12357);
#9866=AXIS2_PLACEMENT_3D('',#16663,#12358,#12359);
#9867=AXIS2_PLACEMENT_3D('',#16664,#12360,#12361);
#9868=AXIS2_PLACEMENT_3D('',#16665,#12362,#12363);
#9869=AXIS2_PLACEMENT_3D('',#16666,#12364,#12365);
#9870=AXIS2_PLACEMENT_3D('',#16667,#12366,#12367);
#9871=AXIS2_PLACEMENT_3D('',#16668,#12368,#12369);
#9872=AXIS2_PLACEMENT_3D('',#16669,#12370,#12371);
#9873=AXIS2_PLACEMENT_3D('',#16670,#12372,#12373);
#9874=AXIS2_PLACEMENT_3D('',#16671,#12374,#12375);
#9875=AXIS2_PLACEMENT_3D('',#16672,#12376,#12377);
#9876=AXIS2_PLACEMENT_3D('',#16673,#12378,#12379);
#9877=AXIS2_PLACEMENT_3D('',#16674,#12380,#12381);
#9878=AXIS2_PLACEMENT_3D('',#16675,#12382,#12383);
#9879=AXIS2_PLACEMENT_3D('',#16676,#12384,#12385);
#9880=AXIS2_PLACEMENT_3D('',#16677,#12386,#12387);
#9881=AXIS2_PLACEMENT_3D('',#16678,#12388,#12389);
#9882=DIRECTION('axis',(0.,0.,1.));
#9883=DIRECTION('refdir',(1.,0.,0.));
#9884=DIRECTION('axis',(0.,0.,1.));
#9885=DIRECTION('refdir',(1.,0.,0.));
#9886=DIRECTION('axis',(0.,0.,1.));
#9887=DIRECTION('refdir',(1.,0.,0.));
#9888=DIRECTION('center_axis',(-1.09476442525376E-47,1.,2.22044604925031E-16));
#9889=DIRECTION('ref_axis',(1.,4.93038065763132E-32,-2.22044604925031E-16));
#9890=DIRECTION('center_axis',(1.09476442525376E-47,-1.,-2.22044604925031E-16));
#9891=DIRECTION('ref_axis',(-1.,-4.93038065763132E-32,2.22044604925031E-16));
#9892=DIRECTION('',(-1.09476442525376E-47,1.,2.22044604925031E-16));
#9893=DIRECTION('center_axis',(1.09476442525376E-47,-1.,-2.22044604925031E-16));
#9894=DIRECTION('ref_axis',(-1.,-4.93038065763132E-32,2.22044604925031E-16));
#9895=DIRECTION('center_axis',(1.09476442525376E-47,-1.,-2.22044604925031E-16));
#9896=DIRECTION('ref_axis',(-1.,-4.93038065763133E-32,2.22044604925031E-16));
#9897=DIRECTION('center_axis',(1.09476442525376E-47,-1.,-2.22044604925031E-16));
#9898=DIRECTION('ref_axis',(-1.,-4.93038065763132E-32,2.22044604925031E-16));
#9899=DIRECTION('center_axis',(-1.09476442525376E-47,1.,2.22044604925031E-16));
#9900=DIRECTION('ref_axis',(-1.,-4.93038065763132E-32,2.22044604925031E-16));
#9901=DIRECTION('center_axis',(-1.09476442525376E-47,1.,2.22044604925031E-16));
#9902=DIRECTION('ref_axis',(-1.,-4.93038065763132E-32,2.22044604925031E-16));
#9903=DIRECTION('center_axis',(-1.09476442525376E-47,1.,2.22044604925031E-16));
#9904=DIRECTION('ref_axis',(-1.,-4.93038065763132E-32,2.22044604925031E-16));
#9905=DIRECTION('center_axis',(-1.09476442525376E-47,1.,2.22044604925031E-16));
#9906=DIRECTION('ref_axis',(1.,4.93038065763132E-32,-2.22044604925031E-16));
#9907=DIRECTION('',(1.09476442525376E-47,-1.,-2.22044604925031E-16));
#9908=DIRECTION('center_axis',(1.09476442525376E-47,-1.,-2.22044604925031E-16));
#9909=DIRECTION('ref_axis',(1.,4.93038065763132E-32,-2.22044604925031E-16));
#9910=DIRECTION('center_axis',(1.09476442525376E-47,-1.,-2.22044604925031E-16));
#9911=DIRECTION('ref_axis',(-1.,-4.93038065763133E-32,2.22044604925031E-16));
#9912=DIRECTION('center_axis',(-1.09476442525376E-47,1.,2.22044604925031E-16));
#9913=DIRECTION('ref_axis',(-1.,-4.93038065763132E-32,2.22044604925031E-16));
#9914=DIRECTION('center_axis',(-1.09476442525376E-47,1.,2.22044604925031E-16));
#9915=DIRECTION('ref_axis',(-1.,-4.93038065763132E-32,2.22044604925031E-16));
#9916=DIRECTION('center_axis',(-1.09476442525376E-47,1.,2.22044604925031E-16));
#9917=DIRECTION('ref_axis',(-1.,-4.93038065763132E-32,2.22044604925031E-16));
#9918=DIRECTION('center_axis',(1.09476442525376E-47,-1.,-2.22044604925031E-16));
#9919=DIRECTION('ref_axis',(-2.22044604925031E-16,2.22044604925031E-16,
-1.));
#9920=DIRECTION('center_axis',(-1.09476442525376E-47,1.,2.22044604925031E-16));
#9921=DIRECTION('ref_axis',(1.,4.93038065763132E-32,-2.22044604925031E-16));
#9922=DIRECTION('',(-1.09476442525376E-47,1.,2.22044604925031E-16));
#9923=DIRECTION('center_axis',(-1.09476442525376E-47,1.,2.22044604925031E-16));
#9924=DIRECTION('ref_axis',(1.,4.93038065763132E-32,-2.22044604925031E-16));
#9925=DIRECTION('',(-1.09476442525376E-47,1.,2.22044604925031E-16));
#9926=DIRECTION('center_axis',(-1.09476442525376E-47,1.,2.22044604925031E-16));
#9927=DIRECTION('ref_axis',(1.,4.93038065763132E-32,-2.22044604925031E-16));
#9928=DIRECTION('',(-1.09476442525376E-47,1.,2.22044604925031E-16));
#9929=DIRECTION('center_axis',(-1.09476442525376E-47,1.,2.22044604925031E-16));
#9930=DIRECTION('ref_axis',(2.22044604925031E-16,-2.22044604925031E-16,
1.));
#9931=DIRECTION('',(1.09476442525376E-47,-1.,-2.22044604925031E-16));
#9932=DIRECTION('center_axis',(1.09476442525376E-47,-1.,-2.22044604925031E-16));
#9933=DIRECTION('ref_axis',(2.22044604925031E-16,-2.22044604925031E-16,
1.));
#9934=DIRECTION('center_axis',(1.09476442525376E-47,-1.,-2.22044604925031E-16));
#9935=DIRECTION('ref_axis',(-1.,-4.93038065763133E-32,2.22044604925031E-16));
#9936=DIRECTION('center_axis',(1.09476442525376E-47,-1.,-2.22044604925031E-16));
#9937=DIRECTION('ref_axis',(-1.,-4.93038065763133E-32,2.22044604925031E-16));
#9938=DIRECTION('center_axis',(1.09476442525376E-47,-1.,-2.22044604925031E-16));
#9939=DIRECTION('ref_axis',(1.,4.93038065763132E-32,-2.22044604925031E-16));
#9940=DIRECTION('center_axis',(1.09476442525376E-47,-1.,-2.22044604925031E-16));
#9941=DIRECTION('ref_axis',(2.22044604925031E-16,-2.22044604925031E-16,
1.));
#9942=DIRECTION('center_axis',(-1.09476442525376E-47,1.,2.22044604925031E-16));
#9943=DIRECTION('ref_axis',(-0.188172043010792,-2.18078018159153E-16,0.982136081319256));
#9944=DIRECTION('',(-1.09476442525376E-47,1.,2.22044604925031E-16));
#9945=DIRECTION('center_axis',(-1.09476442525376E-47,1.,2.22044604925031E-16));
#9946=DIRECTION('ref_axis',(-0.188172043010792,-2.18078018159153E-16,0.982136081319256));
#9947=DIRECTION('',(-1.09476442525376E-47,1.,2.22044604925031E-16));
#9948=DIRECTION('center_axis',(1.09476442525376E-47,-1.,-2.22044604925031E-16));
#9949=DIRECTION('ref_axis',(-3.44509284839767E-16,2.22044604925031E-16,
-1.));
#9950=DIRECTION('center_axis',(-1.09476442525376E-47,1.,2.22044604925031E-16));
#9951=DIRECTION('ref_axis',(0.188172043010792,2.18078018159153E-16,-0.982136081319256));
#9952=DIRECTION('',(-1.09476442525376E-47,1.,2.22044604925031E-16));
#9953=DIRECTION('center_axis',(-1.09476442525376E-47,1.,2.22044604925031E-16));
#9954=DIRECTION('ref_axis',(0.188172043010792,2.18078018159153E-16,-0.982136081319256));
#9955=DIRECTION('',(-1.09476442525376E-47,1.,2.22044604925031E-16));
#9956=DIRECTION('center_axis',(1.09476442525376E-47,-1.,-2.22044604925031E-16));
#9957=DIRECTION('ref_axis',(2.22044604925031E-16,-2.22044604925031E-16,
1.));
#9958=DIRECTION('center_axis',(-1.09476442525376E-47,1.,2.22044604925031E-16));
#9959=DIRECTION('ref_axis',(-0.188172043010792,-2.18078018159153E-16,0.982136081319256));
#9960=DIRECTION('',(1.09476442525376E-47,-1.,-2.22044604925031E-16));
#9961=DIRECTION('center_axis',(-1.09476442525376E-47,1.,2.22044604925031E-16));
#9962=DIRECTION('ref_axis',(-0.188172043010792,-2.18078018159153E-16,0.982136081319256));
#9963=DIRECTION('',(1.09476442525376E-47,-1.,-2.22044604925031E-16));
#9964=DIRECTION('center_axis',(1.09476442525376E-47,-1.,-2.22044604925031E-16));
#9965=DIRECTION('ref_axis',(-3.44509284839767E-16,2.22044604925031E-16,
-1.));
#9966=DIRECTION('center_axis',(-1.09476442525376E-47,1.,2.22044604925031E-16));
#9967=DIRECTION('ref_axis',(0.188172043010792,2.18078018159153E-16,-0.982136081319256));
#9968=DIRECTION('',(1.09476442525376E-47,-1.,-2.22044604925031E-16));
#9969=DIRECTION('center_axis',(-1.09476442525376E-47,1.,2.22044604925031E-16));
#9970=DIRECTION('ref_axis',(0.188172043010792,2.18078018159153E-16,-0.982136081319256));
#9971=DIRECTION('',(1.09476442525376E-47,-1.,-2.22044604925031E-16));
#9972=DIRECTION('center_axis',(-1.09476442525376E-47,1.,2.22044604925031E-16));
#9973=DIRECTION('ref_axis',(-1.,-2.21111851073754E-32,9.9579925010296E-17));
#9974=DIRECTION('center_axis',(1.09476442525376E-47,-1.,-2.22044604925031E-16));
#9975=DIRECTION('ref_axis',(-0.492366412213706,-1.93264965405418E-16,0.870388026183611));
#9976=DIRECTION('',(1.09476442525376E-47,-1.,-2.22044604925031E-16));
#9977=DIRECTION('center_axis',(1.09476442525376E-47,-1.,-2.22044604925031E-16));
#9978=DIRECTION('ref_axis',(-0.492366412213706,-1.93264965405418E-16,0.870388026183611));
#9979=DIRECTION('',(1.09476442525376E-47,-1.,-2.22044604925031E-16));
#9980=DIRECTION('center_axis',(-1.09476442525376E-47,1.,2.22044604925031E-16));
#9981=DIRECTION('ref_axis',(1.,4.93038065763132E-32,-2.22044604925031E-16));
#9982=DIRECTION('center_axis',(1.09476442525376E-47,-1.,-2.22044604925031E-16));
#9983=DIRECTION('ref_axis',(0.492366412213706,1.93264965405418E-16,-0.870388026183611));
#9984=DIRECTION('',(1.09476442525376E-47,-1.,-2.22044604925031E-16));
#9985=DIRECTION('center_axis',(1.09476442525376E-47,-1.,-2.22044604925031E-16));
#9986=DIRECTION('ref_axis',(0.492366412213706,1.93264965405418E-16,-0.870388026183611));
#9987=DIRECTION('',(1.09476442525376E-47,-1.,-2.22044604925031E-16));
#9988=DIRECTION('center_axis',(1.09476442525376E-47,-1.,-2.22044604925031E-16));
#9989=DIRECTION('ref_axis',(2.22044604925031E-16,-2.22044604925031E-16,
1.));
#9990=DIRECTION('',(1.09476442525376E-47,-1.,-2.22044604925031E-16));
#9991=DIRECTION('center_axis',(1.09476442525376E-47,-1.,-2.22044604925031E-16));
#9992=DIRECTION('ref_axis',(0.492366412213706,-1.93264965405418E-16,0.870388026183611));
#9993=DIRECTION('',(1.09476442525376E-47,-1.,-2.22044604925031E-16));
#9994=DIRECTION('center_axis',(-1.09476442525376E-47,1.,2.22044604925031E-16));
#9995=DIRECTION('ref_axis',(0.492366412213706,-1.93264965405418E-16,0.870388026183611));
#9996=DIRECTION('',(1.09476442525376E-47,-1.,-2.22044604925031E-16));
#9997=DIRECTION('center_axis',(1.09476442525376E-47,-1.,-2.22044604925031E-16));
#9998=DIRECTION('ref_axis',(-0.492366412213706,1.93264965405418E-16,-0.870388026183611));
#9999=DIRECTION('',(-1.09476442525376E-47,1.,2.22044604925031E-16));
#10000=DIRECTION('center_axis',(-1.09476442525376E-47,1.,2.22044604925031E-16));
#10001=DIRECTION('ref_axis',(2.22044604925031E-16,-2.22044604925031E-16,
1.));
#10002=DIRECTION('center_axis',(1.09476442525376E-47,-1.,-2.22044604925031E-16));
#10003=DIRECTION('ref_axis',(-0.492366412213706,1.93264965405418E-16,-0.870388026183611));
#10004=DIRECTION('',(1.09476442525376E-47,-1.,-2.22044604925031E-16));
#10005=DIRECTION('center_axis',(-1.09476442525376E-47,1.,2.22044604925031E-16));
#10006=DIRECTION('ref_axis',(-0.492366412213706,1.93264965405418E-16,-0.870388026183611));
#10007=DIRECTION('center_axis',(-1.09476442525376E-47,1.,2.22044604925031E-16));
#10008=DIRECTION('ref_axis',(2.22044604925031E-16,-2.22044604925031E-16,
1.));
#10009=DIRECTION('center_axis',(-1.09476442525376E-47,1.,2.22044604925031E-16));
#10010=DIRECTION('ref_axis',(-2.22044604925031E-16,2.22044604925031E-16,
-1.));
#10011=DIRECTION('center_axis',(1.09476442525376E-47,-1.,-2.22044604925031E-16));
#10012=DIRECTION('ref_axis',(-1.,-4.93038065763133E-32,2.22044604925031E-16));
#10013=DIRECTION('',(-0.870388026183611,-1.09327305478348E-16,0.492366412213706));
#10014=DIRECTION('',(0.870388026183611,-1.09327305478347E-16,0.492366412213706));
#10015=DIRECTION('center_axis',(-1.09476442525376E-47,1.,2.22044604925031E-16));
#10016=DIRECTION('ref_axis',(1.,4.93038065763133E-32,-2.22044604925031E-16));
#10017=DIRECTION('center_axis',(1.09476442525376E-47,-1.,-2.22044604925031E-16));
#10018=DIRECTION('ref_axis',(-1.,-4.93038065763133E-32,2.22044604925031E-16));
#10019=DIRECTION('',(0.870388026183611,1.09327305478348E-16,-0.492366412213706));
#10020=DIRECTION('',(-0.870388026183611,1.09327305478347E-16,-0.492366412213706));
#10021=DIRECTION('center_axis',(-1.09476442525376E-47,1.,2.22044604925031E-16));
#10022=DIRECTION('ref_axis',(1.,4.93038065763133E-32,-2.22044604925031E-16));
#10023=DIRECTION('center_axis',(-1.09476442525376E-47,1.,2.22044604925031E-16));
#10024=DIRECTION('ref_axis',(1.,4.93038065763133E-32,-2.22044604925031E-16));
#10025=DIRECTION('center_axis',(-1.09476442525376E-47,1.,2.22044604925031E-16));
#10026=DIRECTION('ref_axis',(1.,4.93038065763133E-32,-2.22044604925031E-16));
#10027=DIRECTION('',(-1.09476442525376E-47,1.,2.22044604925031E-16));
#10028=DIRECTION('center_axis',(1.09476442525376E-47,-1.,-2.22044604925031E-16));
#10029=DIRECTION('ref_axis',(-1.,-4.93038065763133E-32,2.22044604925031E-16));
#10030=DIRECTION('',(-0.870388026183611,1.09327305478347E-16,-0.492366412213706));
#10031=DIRECTION('',(0.870388026183611,1.09327305478348E-16,-0.492366412213706));
#10032=DIRECTION('',(0.870388026183611,-1.09327305478347E-16,0.492366412213706));
#10033=DIRECTION('',(-0.870388026183611,-1.09327305478348E-16,0.492366412213706));
#10034=DIRECTION('center_axis',(-1.09476442525376E-47,1.,2.22044604925031E-16));
#10035=DIRECTION('ref_axis',(1.,4.93038065763133E-32,-2.22044604925031E-16));
#10036=DIRECTION('center_axis',(-1.09476442525376E-47,1.,2.22044604925031E-16));
#10037=DIRECTION('ref_axis',(-2.22044604925031E-16,2.22044604925031E-16,
-1.));
#10038=DIRECTION('center_axis',(-1.09476442525376E-47,1.,2.22044604925031E-16));
#10039=DIRECTION('ref_axis',(1.,4.93038065763133E-32,-2.22044604925031E-16));
#10040=DIRECTION('',(-1.09476442525376E-47,1.,2.22044604925031E-16));
#10041=DIRECTION('center_axis',(0.492366412213706,-1.93264965405418E-16,
0.870388026183611));
#10042=DIRECTION('ref_axis',(1.09476442525376E-47,-1.,-2.22044604925031E-16));
#10043=DIRECTION('center_axis',(0.492366412213706,1.93264965405418E-16,
-0.870388026183611));
#10044=DIRECTION('ref_axis',(-1.09476442525376E-47,1.,2.22044604925031E-16));
#10045=DIRECTION('center_axis',(-0.492366412213706,1.93264965405418E-16,
-0.870388026183611));
#10046=DIRECTION('ref_axis',(0.870388026183611,1.09327305478348E-16,-0.492366412213706));
#10047=DIRECTION('center_axis',(-0.492366412213706,-1.93264965405418E-16,
0.870388026183611));
#10048=DIRECTION('ref_axis',(1.09476442525376E-47,-1.,-2.22044604925031E-16));
#10049=DIRECTION('center_axis',(1.09476442525376E-47,-1.,-2.22044604925031E-16));
#10050=DIRECTION('ref_axis',(2.22044604925031E-16,-2.22044604925031E-16,
1.));
#10051=DIRECTION('center_axis',(-1.09476442525376E-47,1.,2.22044604925031E-16));
#10052=DIRECTION('ref_axis',(2.22044604925031E-16,-2.22044604925031E-16,
1.));
#10053=DIRECTION('',(-1.09476442525376E-47,1.,2.22044604925031E-16));
#10054=DIRECTION('center_axis',(-1.09476442525376E-47,1.,2.22044604925031E-16));
#10055=DIRECTION('ref_axis',(2.22044604925031E-16,-2.22044604925031E-16,
1.));
#10056=DIRECTION('',(2.22044604925031E-16,-2.22044604925031E-16,1.));
#10057=DIRECTION('center_axis',(-1.09476442525376E-47,1.,2.22044604925031E-16));
#10058=DIRECTION('ref_axis',(-0.291666666666692,2.12390110744049E-16,-0.956520023604075));
#10059=DIRECTION('',(-1.,-4.93038065763132E-32,2.22044604925031E-16));
#10060=DIRECTION('center_axis',(-1.09476442525376E-47,1.,2.22044604925031E-16));
#10061=DIRECTION('ref_axis',(-0.982136081319256,4.17825869482673E-17,-0.188172043010792));
#10062=DIRECTION('',(1.,4.93038065763132E-32,-2.22044604925031E-16));
#10063=DIRECTION('center_axis',(-1.09476442525376E-47,1.,2.22044604925031E-16));
#10064=DIRECTION('ref_axis',(-0.956520023604075,-6.47630097698065E-17,0.291666666666692));
#10065=DIRECTION('',(2.22044604925031E-16,-2.22044604925031E-16,1.));
#10066=DIRECTION('',(-2.22044604925031E-16,2.22044604925031E-16,-1.));
#10067=DIRECTION('center_axis',(-1.09476442525376E-47,1.,2.22044604925031E-16));
#10068=DIRECTION('ref_axis',(0.291666666666692,-2.12390110744049E-16,0.956520023604075));
#10069=DIRECTION('',(1.,4.93038065763132E-32,-2.22044604925031E-16));
#10070=DIRECTION('center_axis',(-1.09476442525376E-47,1.,2.22044604925031E-16));
#10071=DIRECTION('ref_axis',(0.982136081319256,-4.17825869482673E-17,0.188172043010792));
#10072=DIRECTION('',(-1.,-4.93038065763132E-32,2.22044604925031E-16));
#10073=DIRECTION('center_axis',(-1.09476442525376E-47,1.,2.22044604925031E-16));
#10074=DIRECTION('ref_axis',(0.956520023604075,6.47630097698065E-17,-0.291666666666692));
#10075=DIRECTION('',(-2.22044604925031E-16,2.22044604925031E-16,-1.));
#10076=DIRECTION('center_axis',(-1.,-4.93038065763132E-32,2.22044604925031E-16));
#10077=DIRECTION('ref_axis',(1.09476442525376E-47,-1.,-2.22044604925031E-16));
#10078=DIRECTION('',(1.09476442525376E-47,-1.,-2.22044604925031E-16));
#10079=DIRECTION('',(-2.22044604925031E-16,2.22044604925031E-16,-1.));
#10080=DIRECTION('center_axis',(-1.09476442525376E-47,1.,2.22044604925031E-16));
#10081=DIRECTION('ref_axis',(2.22044604925031E-16,-2.22044604925031E-16,
1.));
#10082=DIRECTION('center_axis',(-1.09476442525376E-47,1.,2.22044604925031E-16));
#10083=DIRECTION('ref_axis',(0.956520023604075,6.47630097698065E-17,-0.291666666666692));
#10084=DIRECTION('',(-1.,-4.93038065763132E-32,2.22044604925031E-16));
#10085=DIRECTION('center_axis',(-1.09476442525376E-47,1.,2.22044604925031E-16));
#10086=DIRECTION('ref_axis',(0.982136081319256,-4.17825869482673E-17,0.188172043010792));
#10087=DIRECTION('',(1.,4.93038065763132E-32,-2.22044604925031E-16));
#10088=DIRECTION('center_axis',(-1.09476442525376E-47,1.,2.22044604925031E-16));
#10089=DIRECTION('ref_axis',(0.291666666666692,-2.12390110744049E-16,0.956520023604075));
#10090=DIRECTION('',(-2.22044604925031E-16,2.22044604925031E-16,-1.));
#10091=DIRECTION('',(2.22044604925031E-16,-2.22044604925031E-16,1.));
#10092=DIRECTION('center_axis',(-1.09476442525376E-47,1.,2.22044604925031E-16));
#10093=DIRECTION('ref_axis',(-0.956520023604075,-6.47630097698065E-17,0.291666666666692));
#10094=DIRECTION('',(1.,4.93038065763132E-32,-2.22044604925031E-16));
#10095=DIRECTION('center_axis',(-1.09476442525376E-47,1.,2.22044604925031E-16));
#10096=DIRECTION('ref_axis',(-0.982136081319256,4.17825869482673E-17,-0.188172043010792));
#10097=DIRECTION('',(-1.,-4.93038065763132E-32,2.22044604925031E-16));
#10098=DIRECTION('center_axis',(-1.09476442525376E-47,1.,2.22044604925031E-16));
#10099=DIRECTION('ref_axis',(-0.291666666666692,2.12390110744049E-16,-0.956520023604075));
#10100=DIRECTION('',(2.22044604925031E-16,-2.22044604925031E-16,1.));
#10101=DIRECTION('center_axis',(1.09476442525376E-47,-1.,-2.22044604925031E-16));
#10102=DIRECTION('ref_axis',(1.,4.93038065763132E-32,-2.22044604925031E-16));
#10103=DIRECTION('center_axis',(1.,4.93038065763132E-32,-2.22044604925031E-16));
#10104=DIRECTION('ref_axis',(2.22044604925031E-16,-2.22044604925031E-16,
1.));
#10105=DIRECTION('',(1.09476442525376E-47,-1.,-2.22044604925031E-16));
#10106=DIRECTION('center_axis',(1.09476442525376E-47,-1.,-2.22044604925031E-16));
#10107=DIRECTION('ref_axis',(2.22044604925031E-16,-2.22044604925031E-16,
1.));
#10108=DIRECTION('',(1.09476442525376E-47,-1.,-2.22044604925031E-16));
#10109=DIRECTION('center_axis',(2.22044604925031E-16,-2.22044604925031E-16,
1.));
#10110=DIRECTION('ref_axis',(1.,4.93038065763133E-32,-2.22044604925031E-16));
#10111=DIRECTION('',(1.09476442525376E-47,-1.,-2.22044604925031E-16));
#10112=DIRECTION('center_axis',(1.09476442525376E-47,-1.,-2.22044604925031E-16));
#10113=DIRECTION('ref_axis',(2.22044604925031E-16,-2.22044604925031E-16,
1.));
#10114=DIRECTION('',(1.09476442525376E-47,-1.,-2.22044604925031E-16));
#10115=DIRECTION('center_axis',(-2.22044604925031E-16,2.22044604925031E-16,
-1.));
#10116=DIRECTION('ref_axis',(-1.09476442525376E-47,1.,2.22044604925031E-16));
#10117=DIRECTION('',(1.09476442525376E-47,-1.,-2.22044604925031E-16));
#10118=DIRECTION('center_axis',(1.09476442525376E-47,-1.,-2.22044604925031E-16));
#10119=DIRECTION('ref_axis',(2.22044604925031E-16,-2.22044604925031E-16,
1.));
#10120=DIRECTION('',(1.09476442525376E-47,-1.,-2.22044604925031E-16));
#10121=DIRECTION('center_axis',(1.,4.93038065763132E-32,-2.22044604925031E-16));
#10122=DIRECTION('ref_axis',(2.22044604925031E-16,-2.22044604925031E-16,
1.));
#10123=DIRECTION('center_axis',(-1.,-4.93038065763132E-32,2.22044604925031E-16));
#10124=DIRECTION('ref_axis',(1.09476442525376E-47,-1.,-2.22044604925031E-16));
#10125=DIRECTION('',(1.09476442525376E-47,-1.,-2.22044604925031E-16));
#10126=DIRECTION('center_axis',(1.09476442525376E-47,-1.,-2.22044604925031E-16));
#10127=DIRECTION('ref_axis',(2.22044604925031E-16,-2.22044604925031E-16,
1.));
#10128=DIRECTION('',(1.09476442525376E-47,-1.,-2.22044604925031E-16));
#10129=DIRECTION('center_axis',(-2.22044604925031E-16,2.22044604925031E-16,
-1.));
#10130=DIRECTION('ref_axis',(-1.09476442525376E-47,1.,2.22044604925031E-16));
#10131=DIRECTION('',(1.09476442525376E-47,-1.,-2.22044604925031E-16));
#10132=DIRECTION('center_axis',(1.09476442525376E-47,-1.,-2.22044604925031E-16));
#10133=DIRECTION('ref_axis',(2.22044604925031E-16,-2.22044604925031E-16,
1.));
#10134=DIRECTION('',(1.09476442525376E-47,-1.,-2.22044604925031E-16));
#10135=DIRECTION('center_axis',(2.22044604925031E-16,-2.22044604925031E-16,
1.));
#10136=DIRECTION('ref_axis',(1.,4.93038065763133E-32,-2.22044604925031E-16));
#10137=DIRECTION('',(1.09476442525376E-47,-1.,-2.22044604925031E-16));
#10138=DIRECTION('center_axis',(1.09476442525376E-47,-1.,-2.22044604925031E-16));
#10139=DIRECTION('ref_axis',(2.22044604925031E-16,-2.22044604925031E-16,
1.));
#10140=DIRECTION('center_axis',(1.09476442525376E-47,-1.,-2.22044604925031E-16));
#10141=DIRECTION('ref_axis',(2.22044604925031E-16,-2.22044604925031E-16,
1.));
#10142=DIRECTION('',(-1.09476442525376E-47,1.,2.22044604925031E-16));
#10143=DIRECTION('center_axis',(-1.09476442525376E-47,1.,2.22044604925031E-16));
#10144=DIRECTION('ref_axis',(2.22044604925031E-16,-2.22044604925031E-16,
1.));
#10145=DIRECTION('center_axis',(-1.09476442525376E-47,1.,2.22044604925031E-16));
#10146=DIRECTION('ref_axis',(2.22044604925031E-16,-2.22044604925031E-16,
1.));
#10147=DIRECTION('',(-2.22044604925031E-16,2.22044604925031E-16,-1.));
#10148=DIRECTION('center_axis',(-1.09476442525376E-47,1.,2.22044604925031E-16));
#10149=DIRECTION('ref_axis',(0.956520023604075,6.47630097698065E-17,-0.291666666666692));
#10150=DIRECTION('',(-1.,-4.93038065763132E-32,2.22044604925031E-16));
#10151=DIRECTION('center_axis',(-1.09476442525376E-47,1.,2.22044604925031E-16));
#10152=DIRECTION('ref_axis',(0.982136081319256,-4.17825869482673E-17,0.188172043010792));
#10153=DIRECTION('',(1.,4.93038065763132E-32,-2.22044604925031E-16));
#10154=DIRECTION('center_axis',(-1.09476442525376E-47,1.,2.22044604925031E-16));
#10155=DIRECTION('ref_axis',(0.291666666666692,-2.12390110744049E-16,0.956520023604075));
#10156=DIRECTION('',(-2.22044604925031E-16,2.22044604925031E-16,-1.));
#10157=DIRECTION('',(2.22044604925031E-16,-2.22044604925031E-16,1.));
#10158=DIRECTION('center_axis',(-1.09476442525376E-47,1.,2.22044604925031E-16));
#10159=DIRECTION('ref_axis',(-0.956520023604075,-6.47630097698065E-17,0.291666666666692));
#10160=DIRECTION('',(1.,4.93038065763132E-32,-2.22044604925031E-16));
#10161=DIRECTION('center_axis',(-1.09476442525376E-47,1.,2.22044604925031E-16));
#10162=DIRECTION('ref_axis',(-0.982136081319256,4.17825869482673E-17,-0.188172043010792));
#10163=DIRECTION('',(-1.,-4.93038065763132E-32,2.22044604925031E-16));
#10164=DIRECTION('center_axis',(-1.09476442525376E-47,1.,2.22044604925031E-16));
#10165=DIRECTION('ref_axis',(-0.291666666666692,2.12390110744049E-16,-0.956520023604075));
#10166=DIRECTION('',(2.22044604925031E-16,-2.22044604925031E-16,1.));
#10167=DIRECTION('center_axis',(1.,4.93038065763132E-32,-2.22044604925031E-16));
#10168=DIRECTION('ref_axis',(2.22044604925031E-16,-2.22044604925031E-16,
1.));
#10169=DIRECTION('',(-2.22044604925031E-16,2.22044604925031E-16,-1.));
#10170=DIRECTION('',(-1.09476442525376E-47,1.,2.22044604925031E-16));
#10171=DIRECTION('center_axis',(1.09476442525376E-47,-1.,-2.22044604925031E-16));
#10172=DIRECTION('ref_axis',(2.22044604925031E-16,-2.22044604925031E-16,
1.));
#10173=DIRECTION('center_axis',(-1.09476442525376E-47,1.,2.22044604925031E-16));
#10174=DIRECTION('ref_axis',(0.956520023604075,6.47630097698065E-17,-0.291666666666692));
#10175=DIRECTION('',(-1.09476442525376E-47,1.,2.22044604925031E-16));
#10176=DIRECTION('center_axis',(-2.22044604925031E-16,2.22044604925031E-16,
-1.));
#10177=DIRECTION('ref_axis',(-1.09476442525376E-47,1.,2.22044604925031E-16));
#10178=DIRECTION('',(-1.,-4.93038065763132E-32,2.22044604925031E-16));
#10179=DIRECTION('',(-1.09476442525376E-47,1.,2.22044604925031E-16));
#10180=DIRECTION('center_axis',(1.09476442525376E-47,-1.,-2.22044604925031E-16));
#10181=DIRECTION('ref_axis',(2.22044604925031E-16,-2.22044604925031E-16,
1.));
#10182=DIRECTION('center_axis',(-1.09476442525376E-47,1.,2.22044604925031E-16));
#10183=DIRECTION('ref_axis',(0.982136081319256,-4.17825869482673E-17,0.188172043010792));
#10184=DIRECTION('',(-1.09476442525376E-47,1.,2.22044604925031E-16));
#10185=DIRECTION('center_axis',(2.22044604925031E-16,-2.22044604925031E-16,
1.));
#10186=DIRECTION('ref_axis',(1.,4.93038065763133E-32,-2.22044604925031E-16));
#10187=DIRECTION('',(1.,4.93038065763132E-32,-2.22044604925031E-16));
#10188=DIRECTION('',(-1.09476442525376E-47,1.,2.22044604925031E-16));
#10189=DIRECTION('center_axis',(1.09476442525376E-47,-1.,-2.22044604925031E-16));
#10190=DIRECTION('ref_axis',(2.22044604925031E-16,-2.22044604925031E-16,
1.));
#10191=DIRECTION('center_axis',(-1.09476442525376E-47,1.,2.22044604925031E-16));
#10192=DIRECTION('ref_axis',(0.291666666666692,-2.12390110744049E-16,0.956520023604075));
#10193=DIRECTION('',(-1.09476442525376E-47,1.,2.22044604925031E-16));
#10194=DIRECTION('center_axis',(1.,4.93038065763132E-32,-2.22044604925031E-16));
#10195=DIRECTION('ref_axis',(2.22044604925031E-16,-2.22044604925031E-16,
1.));
#10196=DIRECTION('',(-2.22044604925031E-16,2.22044604925031E-16,-1.));
#10197=DIRECTION('center_axis',(-1.,-4.93038065763132E-32,2.22044604925031E-16));
#10198=DIRECTION('ref_axis',(1.09476442525376E-47,-1.,-2.22044604925031E-16));
#10199=DIRECTION('',(2.22044604925031E-16,-2.22044604925031E-16,1.));
#10200=DIRECTION('',(-1.09476442525376E-47,1.,2.22044604925031E-16));
#10201=DIRECTION('center_axis',(1.09476442525376E-47,-1.,-2.22044604925031E-16));
#10202=DIRECTION('ref_axis',(2.22044604925031E-16,-2.22044604925031E-16,
1.));
#10203=DIRECTION('center_axis',(-1.09476442525376E-47,1.,2.22044604925031E-16));
#10204=DIRECTION('ref_axis',(-0.956520023604075,-6.47630097698065E-17,0.291666666666692));
#10205=DIRECTION('',(-1.09476442525376E-47,1.,2.22044604925031E-16));
#10206=DIRECTION('center_axis',(2.22044604925031E-16,-2.22044604925031E-16,
1.));
#10207=DIRECTION('ref_axis',(1.,4.93038065763133E-32,-2.22044604925031E-16));
#10208=DIRECTION('',(1.,4.93038065763132E-32,-2.22044604925031E-16));
#10209=DIRECTION('',(-1.09476442525376E-47,1.,2.22044604925031E-16));
#10210=DIRECTION('center_axis',(1.09476442525376E-47,-1.,-2.22044604925031E-16));
#10211=DIRECTION('ref_axis',(2.22044604925031E-16,-2.22044604925031E-16,
1.));
#10212=DIRECTION('center_axis',(-1.09476442525376E-47,1.,2.22044604925031E-16));
#10213=DIRECTION('ref_axis',(-0.982136081319256,4.17825869482673E-17,-0.188172043010792));
#10214=DIRECTION('',(-1.09476442525376E-47,1.,2.22044604925031E-16));
#10215=DIRECTION('center_axis',(-2.22044604925031E-16,2.22044604925031E-16,
-1.));
#10216=DIRECTION('ref_axis',(-1.09476442525376E-47,1.,2.22044604925031E-16));
#10217=DIRECTION('',(-1.,-4.93038065763132E-32,2.22044604925031E-16));
#10218=DIRECTION('',(-1.09476442525376E-47,1.,2.22044604925031E-16));
#10219=DIRECTION('center_axis',(1.09476442525376E-47,-1.,-2.22044604925031E-16));
#10220=DIRECTION('ref_axis',(2.22044604925031E-16,-2.22044604925031E-16,
1.));
#10221=DIRECTION('center_axis',(-1.09476442525376E-47,1.,2.22044604925031E-16));
#10222=DIRECTION('ref_axis',(-0.291666666666692,2.12390110744049E-16,-0.956520023604075));
#10223=DIRECTION('',(-1.09476442525376E-47,1.,2.22044604925031E-16));
#10224=DIRECTION('center_axis',(-1.,-4.93038065763132E-32,2.22044604925031E-16));
#10225=DIRECTION('ref_axis',(1.09476442525376E-47,-1.,-2.22044604925031E-16));
#10226=DIRECTION('',(2.22044604925031E-16,-2.22044604925031E-16,1.));
#10227=DIRECTION('center_axis',(-1.09476442525376E-47,1.,2.22044604925031E-16));
#10228=DIRECTION('ref_axis',(2.22044604925031E-16,-2.22044604925031E-16,
1.));
#10229=DIRECTION('center_axis',(-1.09476442525376E-47,1.,2.22044604925031E-16));
#10230=DIRECTION('ref_axis',(1.,4.93038065763132E-32,-2.22044604925031E-16));
#10231=DIRECTION('',(1.09476442525376E-47,-1.,-2.22044604925031E-16));
#10232=DIRECTION('',(1.29488673661608E-33,-1.05735526154776E-17,1.));
#10233=DIRECTION('',(1.,1.11417641363832E-79,0.));
#10234=DIRECTION('axis',(0.,0.,1.));
#10235=DIRECTION('refdir',(1.,0.,0.));
#10236=DIRECTION('center_axis',(0.,0.,1.));
#10237=DIRECTION('ref_axis',(0.,-1.,0.));
#10238=DIRECTION('',(-1.6821560979169E-16,1.,0.));
#10239=DIRECTION('',(1.,2.04649405460858E-16,0.));
#10240=DIRECTION('',(1.6821560979169E-16,-1.,0.));
#10241=DIRECTION('',(-1.,-2.04649405460858E-16,0.));
#10242=DIRECTION('center_axis',(0.,0.,-1.));
#10243=DIRECTION('ref_axis',(-1.,0.,0.));
#10244=DIRECTION('center_axis',(0.,0.,-1.));
#10245=DIRECTION('ref_axis',(-1.,0.,0.));
#10246=DIRECTION('center_axis',(0.,0.,-1.));
#10247=DIRECTION('ref_axis',(-1.,0.,0.));
#10248=DIRECTION('center_axis',(0.,0.,-1.));
#10249=DIRECTION('ref_axis',(-1.,0.,0.));
#10250=DIRECTION('center_axis',(2.04649405460858E-16,-1.,0.));
#10251=DIRECTION('ref_axis',(1.,2.04649405460858E-16,0.));
#10252=DIRECTION('',(0.,0.,1.));
#10253=DIRECTION('',(1.,2.04649405460858E-16,0.));
#10254=DIRECTION('',(0.,0.,1.));
#10255=DIRECTION('center_axis',(1.,1.6821560979169E-16,0.));
#10256=DIRECTION('ref_axis',(-1.6821560979169E-16,1.,0.));
#10257=DIRECTION('',(0.,0.,1.));
#10258=DIRECTION('',(-1.6821560979169E-16,1.,0.));
#10259=DIRECTION('center_axis',(0.,0.5,-0.866025403784439));
#10260=DIRECTION('ref_axis',(0.,-0.866025403784439,-0.5));
#10261=DIRECTION('',(0.,-0.866025403784439,-0.5));
#10262=DIRECTION('',(-1.,0.,0.));
#10263=DIRECTION('',(0.,-0.866025403784439,-0.5));
#10264=DIRECTION('',(-1.,0.,0.));
#10265=DIRECTION('center_axis',(0.,1.,0.));
#10266=DIRECTION('ref_axis',(0.,0.,-1.));
#10267=DIRECTION('',(0.,0.,-1.));
#10268=DIRECTION('',(-1.,0.,0.));
#10269=DIRECTION('',(0.,0.,-1.));
#10270=DIRECTION('center_axis',(0.,0.499999999999999,0.866025403784439));
#10271=DIRECTION('ref_axis',(0.,0.866025403784439,-0.499999999999999));
#10272=DIRECTION('',(0.,0.866025403784439,-0.499999999999999));
#10273=DIRECTION('',(-1.,0.,0.));
#10274=DIRECTION('',(0.,0.866025403784439,-0.499999999999999));
#10275=DIRECTION('center_axis',(0.,-0.499999999999999,0.866025403784439));
#10276=DIRECTION('ref_axis',(0.,0.866025403784439,0.499999999999999));
#10277=DIRECTION('',(0.,0.866025403784439,0.499999999999999));
#10278=DIRECTION('',(-1.,0.,0.));
#10279=DIRECTION('',(0.,0.866025403784439,0.499999999999999));
#10280=DIRECTION('center_axis',(0.,-1.,7.52693576017057E-16));
#10281=DIRECTION('ref_axis',(0.,7.52693576017057E-16,1.));
#10282=DIRECTION('',(0.,7.52693576017057E-16,1.));
#10283=DIRECTION('',(-1.,0.,0.));
#10284=DIRECTION('',(0.,7.52693576017057E-16,1.));
#10285=DIRECTION('center_axis',(0.,-0.500000000000001,-0.866025403784438));
#10286=DIRECTION('ref_axis',(0.,-0.866025403784438,0.500000000000001));
#10287=DIRECTION('',(0.,-0.866025403784438,0.500000000000001));
#10288=DIRECTION('',(0.,-0.866025403784438,0.500000000000001));
#10289=DIRECTION('center_axis',(1.,0.,0.));
#10290=DIRECTION('ref_axis',(0.,1.,0.));
#10291=DIRECTION('center_axis',(1.,0.,0.));
#10292=DIRECTION('ref_axis',(0.,-1.,0.));
#10293=DIRECTION('center_axis',(1.,0.,0.));
#10294=DIRECTION('ref_axis',(0.,0.987140381629502,0.159855769230769));
#10295=DIRECTION('center_axis',(1.,0.,0.));
#10296=DIRECTION('ref_axis',(0.,0.987140381629502,0.159855769230769));
#10297=DIRECTION('',(-1.,0.,0.));
#10298=DIRECTION('center_axis',(-1.,0.,0.));
#10299=DIRECTION('ref_axis',(0.,0.987140381629502,0.159855769230769));
#10300=DIRECTION('',(1.,0.,0.));
#10301=DIRECTION('center_axis',(-1.,0.,0.));
#10302=DIRECTION('ref_axis',(0.,-1.,0.));
#10303=DIRECTION('center_axis',(-1.,0.,0.));
#10304=DIRECTION('ref_axis',(0.,-1.,0.));
#10305=DIRECTION('',(-1.,0.,0.));
#10306=DIRECTION('center_axis',(1.,0.,0.));
#10307=DIRECTION('ref_axis',(0.,-1.,0.));
#10308=DIRECTION('center_axis',(1.,0.,0.));
#10309=DIRECTION('ref_axis',(0.,-0.941858712747415,0.336009174311926));
#10310=DIRECTION('center_axis',(1.,0.,0.));
#10311=DIRECTION('ref_axis',(0.,-0.941858712747415,0.336009174311926));
#10312=DIRECTION('center_axis',(-1.,0.,0.));
#10313=DIRECTION('ref_axis',(0.,-0.941858712747415,0.336009174311926));
#10314=DIRECTION('',(1.,0.,0.));
#10315=DIRECTION('center_axis',(-1.,0.,0.));
#10316=DIRECTION('ref_axis',(0.,-1.,0.));
#10317=DIRECTION('center_axis',(-1.,0.,0.));
#10318=DIRECTION('ref_axis',(0.,-1.,0.));
#10319=DIRECTION('',(-1.,0.,0.));
#10320=DIRECTION('center_axis',(1.,0.,0.));
#10321=DIRECTION('ref_axis',(0.,-1.,0.));
#10322=DIRECTION('center_axis',(1.,0.,0.));
#10323=DIRECTION('ref_axis',(0.,0.,1.));
#10324=DIRECTION('center_axis',(1.,0.,0.));
#10325=DIRECTION('ref_axis',(0.,0.,1.));
#10326=DIRECTION('center_axis',(-1.,0.,0.));
#10327=DIRECTION('ref_axis',(0.,0.,1.));
#10328=DIRECTION('',(1.,0.,0.));
#10329=DIRECTION('center_axis',(0.,0.,1.));
#10330=DIRECTION('ref_axis',(0.,-1.,0.));
#10331=DIRECTION('',(-1.,-2.04649405460858E-16,0.));
#10332=DIRECTION('',(1.6821560979169E-16,-1.,0.));
#10333=DIRECTION('',(0.,1.,0.));
#10334=DIRECTION('center_axis',(0.,0.,-1.));
#10335=DIRECTION('ref_axis',(-1.,0.,0.));
#10336=DIRECTION('center_axis',(0.,0.,-1.));
#10337=DIRECTION('ref_axis',(-1.,0.,0.));
#10338=DIRECTION('center_axis',(0.,0.,-1.));
#10339=DIRECTION('ref_axis',(-1.,0.,0.));
#10340=DIRECTION('',(0.,-1.,0.));
#10341=DIRECTION('center_axis',(0.,0.,-1.));
#10342=DIRECTION('ref_axis',(-1.,0.,0.));
#10343=DIRECTION('',(-1.,0.,0.));
#10344=DIRECTION('center_axis',(0.,0.,-1.));
#10345=DIRECTION('ref_axis',(-1.,0.,0.));
#10346=DIRECTION('center_axis',(0.,0.,-1.));
#10347=DIRECTION('ref_axis',(-1.,0.,0.));
#10348=DIRECTION('center_axis',(-1.,0.,0.));
#10349=DIRECTION('ref_axis',(0.,0.,1.));
#10350=DIRECTION('center_axis',(-1.,0.,0.));
#10351=DIRECTION('ref_axis',(0.,0.,1.));
#10352=DIRECTION('',(1.,0.,0.));
#10353=DIRECTION('center_axis',(1.,0.,0.));
#10354=DIRECTION('ref_axis',(0.,0.,1.));
#10355=DIRECTION('center_axis',(0.,-1.,0.));
#10356=DIRECTION('ref_axis',(-0.707106781186548,0.,-0.707106781186548));
#10357=DIRECTION('',(0.,1.,0.));
#10358=DIRECTION('center_axis',(0.,1.,0.));
#10359=DIRECTION('ref_axis',(0.707106781186548,0.,-0.707106781186548));
#10360=DIRECTION('',(0.,-1.,0.));
#10361=DIRECTION('center_axis',(-1.,0.,0.));
#10362=DIRECTION('ref_axis',(0.,-1.,0.));
#10363=DIRECTION('center_axis',(-1.,0.,0.));
#10364=DIRECTION('ref_axis',(0.,-1.,0.));
#10365=DIRECTION('',(0.,-7.13531489713378E-17,-1.));
#10366=DIRECTION('center_axis',(1.,0.,0.));
#10367=DIRECTION('ref_axis',(0.,-1.,0.));
#10368=DIRECTION('center_axis',(1.,0.,0.));
#10369=DIRECTION('ref_axis',(0.,-1.,0.));
#10370=DIRECTION('',(0.,0.,1.));
#10371=DIRECTION('center_axis',(1.,0.,0.));
#10372=DIRECTION('ref_axis',(0.,-1.,0.));
#10373=DIRECTION('center_axis',(1.,0.,0.));
#10374=DIRECTION('ref_axis',(0.,-1.,0.));
#10375=DIRECTION('center_axis',(-1.,0.,0.));
#10376=DIRECTION('ref_axis',(0.,1.,1.22464679914735E-16));
#10377=DIRECTION('',(1.,0.,0.));
#10378=DIRECTION('',(-1.,0.,0.));
#10379=DIRECTION('center_axis',(-1.,0.,0.));
#10380=DIRECTION('ref_axis',(0.,-1.,0.));
#10381=DIRECTION('center_axis',(0.,1.,-7.13531489713378E-17));
#10382=DIRECTION('ref_axis',(0.,-7.13531489713378E-17,-1.));
#10383=DIRECTION('',(0.,7.13531489713378E-17,1.));
#10384=DIRECTION('center_axis',(0.,-1.,0.));
#10385=DIRECTION('ref_axis',(0.,0.,1.));
#10386=DIRECTION('',(1.,0.,0.));
#10387=DIRECTION('',(-1.,0.,0.));
#10388=DIRECTION('',(0.,0.,-1.));
#10389=DIRECTION('center_axis',(-1.,0.,0.));
#10390=DIRECTION('ref_axis',(0.,-1.,0.));
#10391=DIRECTION('center_axis',(-1.,0.,0.));
#10392=DIRECTION('ref_axis',(0.,-1.,0.));
#10393=DIRECTION('center_axis',(-1.,0.,0.));
#10394=DIRECTION('ref_axis',(0.,-1.,0.));
#10395=DIRECTION('',(1.,0.,0.));
#10396=DIRECTION('center_axis',(-1.,0.,0.));
#10397=DIRECTION('ref_axis',(0.,-1.,0.));
#10398=DIRECTION('center_axis',(-1.,0.,0.));
#10399=DIRECTION('ref_axis',(0.,-1.,0.));
#10400=DIRECTION('',(1.,0.,0.));
#10401=DIRECTION('center_axis',(-1.,0.,0.));
#10402=DIRECTION('ref_axis',(0.,0.979753507291962,-0.20020755467539));
#10403=DIRECTION('center_axis',(1.,0.,0.));
#10404=DIRECTION('ref_axis',(0.,-1.,0.));
#10405=DIRECTION('center_axis',(1.,0.,0.));
#10406=DIRECTION('ref_axis',(0.,1.,0.));
#10407=DIRECTION('center_axis',(0.,0.,1.));
#10408=DIRECTION('ref_axis',(-1.,0.,0.));
#10409=DIRECTION('',(0.,0.,-1.));
#10410=DIRECTION('center_axis',(0.,0.,1.));
#10411=DIRECTION('ref_axis',(-1.,0.,0.));
#10412=DIRECTION('',(0.,0.,-1.));
#10413=DIRECTION('center_axis',(0.,0.,1.));
#10414=DIRECTION('ref_axis',(-1.,0.,0.));
#10415=DIRECTION('',(0.,0.,-1.));
#10416=DIRECTION('center_axis',(0.,0.,1.));
#10417=DIRECTION('ref_axis',(-1.,0.,0.));
#10418=DIRECTION('',(0.,0.,-1.));
#10419=DIRECTION('center_axis',(-1.,-1.6821560979169E-16,0.));
#10420=DIRECTION('ref_axis',(1.6821560979169E-16,-1.,0.));
#10421=DIRECTION('',(0.,0.,1.));
#10422=DIRECTION('center_axis',(-2.04649405460858E-16,1.,0.));
#10423=DIRECTION('ref_axis',(-1.,-2.04649405460858E-16,0.));
#10424=DIRECTION('axis',(0.,0.,1.));
#10425=DIRECTION('refdir',(1.,0.,0.));
#10426=DIRECTION('center_axis',(0.,0.,-1.));
#10427=DIRECTION('ref_axis',(-0.707106781186548,-0.707106781186547,0.));
#10428=DIRECTION('center_axis',(0.,0.,1.));
#10429=DIRECTION('ref_axis',(-0.707106781186548,-0.707106781186547,0.));
#10430=DIRECTION('',(0.,0.,1.));
#10431=DIRECTION('center_axis',(0.,0.,-1.));
#10432=DIRECTION('ref_axis',(-0.707106781186548,-0.707106781186547,0.));
#10433=DIRECTION('',(0.,0.,-1.));
#10434=DIRECTION('center_axis',(1.98254111540206E-16,1.,0.));
#10435=DIRECTION('ref_axis',(1.,-1.98254111540206E-16,0.));
#10436=DIRECTION('',(1.,-1.98254111540206E-16,0.));
#10437=DIRECTION('',(0.5,-9.91270557701031E-17,0.866025403784439));
#10438=DIRECTION('',(1.,-1.98254111540206E-16,0.));
#10439=DIRECTION('center_axis',(0.,0.,-1.));
#10440=DIRECTION('ref_axis',(-0.707106781186548,0.707106781186548,0.));
#10441=DIRECTION('center_axis',(0.,0.,1.));
#10442=DIRECTION('ref_axis',(-0.707106781186548,0.707106781186548,0.));
#10443=DIRECTION('',(0.,0.,1.));
#10444=DIRECTION('center_axis',(0.,0.,-1.));
#10445=DIRECTION('ref_axis',(-0.707106781186548,0.707106781186548,0.));
#10446=DIRECTION('',(0.,0.,-1.));
#10447=DIRECTION('center_axis',(1.,3.46944695195361E-16,0.));
#10448=DIRECTION('ref_axis',(3.46944695195361E-16,-1.,0.));
#10449=DIRECTION('',(3.46944695195361E-16,-1.,0.));
#10450=DIRECTION('',(1.7347234759768E-16,-0.5,0.866025403784439));
#10451=DIRECTION('',(3.46944695195361E-16,-1.,0.));
#10452=DIRECTION('center_axis',(0.,0.,-1.));
#10453=DIRECTION('ref_axis',(0.707106781186548,0.707106781186547,0.));
#10454=DIRECTION('center_axis',(0.,0.,1.));
#10455=DIRECTION('ref_axis',(0.707106781186548,0.707106781186547,0.));
#10456=DIRECTION('',(0.,0.,1.));
#10457=DIRECTION('center_axis',(0.,0.,-1.));
#10458=DIRECTION('ref_axis',(0.707106781186548,0.707106781186547,0.));
#10459=DIRECTION('',(0.,0.,-1.));
#10460=DIRECTION('center_axis',(1.48690583655155E-16,-1.,0.));
#10461=DIRECTION('ref_axis',(-1.,-1.48690583655155E-16,0.));
#10462=DIRECTION('',(-1.,-1.48690583655155E-16,0.));
#10463=DIRECTION('',(-0.5,-7.43452918275773E-17,0.866025403784439));
#10464=DIRECTION('',(-1.,-1.48690583655155E-16,0.));
#10465=DIRECTION('center_axis',(0.,0.,-1.));
#10466=DIRECTION('ref_axis',(0.707106781186548,-0.707106781186547,0.));
#10467=DIRECTION('center_axis',(0.,0.,1.));
#10468=DIRECTION('ref_axis',(0.707106781186548,-0.707106781186547,0.));
#10469=DIRECTION('',(0.,0.,1.));
#10470=DIRECTION('center_axis',(0.,0.,-1.));
#10471=DIRECTION('ref_axis',(0.707106781186548,-0.707106781186547,0.));
#10472=DIRECTION('',(0.,0.,-1.));
#10473=DIRECTION('center_axis',(-1.,-3.96508223080412E-16,0.));
#10474=DIRECTION('ref_axis',(-3.96508223080412E-16,1.,0.));
#10475=DIRECTION('',(-3.96508223080412E-16,1.,0.));
#10476=DIRECTION('',(-1.98254111540206E-16,0.5,0.866025403784439));
#10477=DIRECTION('',(-3.96508223080412E-16,1.,0.));
#10478=DIRECTION('center_axis',(-1.48690583655155E-16,1.,0.));
#10479=DIRECTION('ref_axis',(1.,1.48690583655155E-16,0.));
#10480=DIRECTION('',(1.,1.48690583655155E-16,0.));
#10481=DIRECTION('',(0.5,7.43452918275774E-17,-0.866025403784439));
#10482=DIRECTION('',(1.,1.48690583655155E-16,0.));
#10483=DIRECTION('center_axis',(-0.866025403784439,2.74708955197652E-15,
-0.5));
#10484=DIRECTION('ref_axis',(3.17206578464331E-15,1.,0.));
#10485=DIRECTION('',(3.17206578464331E-15,1.,0.));
#10486=DIRECTION('',(-3.17206578464331E-15,-1.,0.));
#10487=DIRECTION('center_axis',(-1.,4.46071750965464E-16,0.));
#10488=DIRECTION('ref_axis',(4.46071750965464E-16,1.,0.));
#10489=DIRECTION('',(4.46071750965464E-16,1.,0.));
#10490=DIRECTION('',(2.23035875482732E-16,0.5,-0.866025403784439));
#10491=DIRECTION('',(4.46071750965464E-16,1.,0.));
#10492=DIRECTION('center_axis',(-2.74708955197652E-15,-0.866025403784439,
-0.5));
#10493=DIRECTION('ref_axis',(-1.,3.17206578464331E-15,0.));
#10494=DIRECTION('',(-1.,3.17206578464331E-15,0.));
#10495=DIRECTION('',(1.,-3.17206578464331E-15,0.));
#10496=DIRECTION('center_axis',(-6.93889390390723E-16,-1.,0.));
#10497=DIRECTION('ref_axis',(-1.,6.93889390390723E-16,0.));
#10498=DIRECTION('',(-1.,6.93889390390723E-16,0.));
#10499=DIRECTION('',(-0.5,3.46944695195361E-16,-0.866025403784439));
#10500=DIRECTION('',(-1.,6.93889390390723E-16,0.));
#10501=DIRECTION('center_axis',(0.866025403784439,-2.0603171639824E-15,
-0.5));
#10502=DIRECTION('ref_axis',(-2.37904933848249E-15,-1.,0.));
#10503=DIRECTION('',(-2.37904933848249E-15,-1.,0.));
#10504=DIRECTION('',(2.37904933848249E-15,1.,0.));
#10505=DIRECTION('center_axis',(1.,-4.46071750965465E-16,0.));
#10506=DIRECTION('ref_axis',(-4.46071750965465E-16,-1.,0.));
#10507=DIRECTION('',(-4.46071750965465E-16,-1.,0.));
#10508=DIRECTION('',(-2.23035875482732E-16,-0.5,-0.866025403784439));
#10509=DIRECTION('',(-4.46071750965465E-16,-1.,0.));
#10510=DIRECTION('center_axis',(1.71693096998533E-15,0.866025403784439,
-0.5));
#10511=DIRECTION('ref_axis',(1.,-1.98254111540207E-15,0.));
#10512=DIRECTION('',(1.,-1.98254111540207E-15,0.));
#10513=DIRECTION('',(-1.,1.98254111540207E-15,0.));
#10514=DIRECTION('center_axis',(0.,0.,-1.));
#10515=DIRECTION('ref_axis',(-1.,0.,0.));
#10516=DIRECTION('center_axis',(0.,0.,-1.));
#10517=DIRECTION('ref_axis',(-1.,0.,0.));
#10518=DIRECTION('center_axis',(0.,0.,-1.));
#10519=DIRECTION('ref_axis',(1.,0.,0.));
#10520=DIRECTION('center_axis',(-1.22464679914735E-16,-1.,0.));
#10521=DIRECTION('ref_axis',(1.,-1.22464679914735E-16,0.));
#10522=DIRECTION('center_axis',(0.,0.,1.));
#10523=DIRECTION('ref_axis',(1.,0.,0.));
#10524=DIRECTION('center_axis',(0.,0.,-1.));
#10525=DIRECTION('ref_axis',(-1.,0.,0.));
#10526=DIRECTION('center_axis',(0.,0.,-1.));
#10527=DIRECTION('ref_axis',(1.,0.,0.));
#10528=DIRECTION('center_axis',(0.,0.,-1.));
#10529=DIRECTION('ref_axis',(-1.,0.,0.));
#10530=DIRECTION('center_axis',(0.,0.,-1.));
#10531=DIRECTION('ref_axis',(1.,0.,0.));
#10532=DIRECTION('',(0.,0.,1.));
#10533=DIRECTION('center_axis',(0.,0.,-1.));
#10534=DIRECTION('ref_axis',(-1.,0.,0.));
#10535=DIRECTION('center_axis',(0.,0.,1.));
#10536=DIRECTION('ref_axis',(1.,-6.12323399573677E-17,0.));
#10537=DIRECTION('center_axis',(-1.22464679914735E-16,-1.,0.));
#10538=DIRECTION('ref_axis',(1.,-1.22464679914735E-16,0.));
#10539=DIRECTION('center_axis',(0.,0.,-1.));
#10540=DIRECTION('ref_axis',(1.,0.,0.));
#10541=DIRECTION('center_axis',(0.,0.,1.));
#10542=DIRECTION('ref_axis',(1.,0.,0.));
#10543=DIRECTION('center_axis',(0.,0.,-1.));
#10544=DIRECTION('ref_axis',(-1.,0.,0.));
#10545=DIRECTION('',(-0.0871557427476584,1.0673500138323E-17,0.996194698091746));
#10546=DIRECTION('center_axis',(0.,0.,-1.));
#10547=DIRECTION('ref_axis',(-1.,0.,0.));
#10548=DIRECTION('center_axis',(0.,0.,-1.));
#10549=DIRECTION('ref_axis',(-1.,0.,0.));
#10550=DIRECTION('',(-0.258819045102521,3.16961915143177E-17,0.965925826289068));
#10551=DIRECTION('center_axis',(0.,0.,-1.));
#10552=DIRECTION('ref_axis',(-1.,0.,0.));
#10553=DIRECTION('center_axis',(0.,0.,1.));
#10554=DIRECTION('ref_axis',(-1.,0.,0.));
#10555=DIRECTION('',(0.,0.,1.));
#10556=DIRECTION('center_axis',(0.,0.,-1.));
#10557=DIRECTION('ref_axis',(-1.,0.,0.));
#10558=DIRECTION('axis',(0.,0.,1.));
#10559=DIRECTION('refdir',(1.,0.,0.));
#10560=DIRECTION('center_axis',(0.,0.,-1.));
#10561=DIRECTION('ref_axis',(-1.,0.,0.));
#10562=DIRECTION('center_axis',(0.,0.,-1.));
#10563=DIRECTION('ref_axis',(-1.,0.,0.));
#10564=DIRECTION('',(0.500000000000001,-6.12323399573677E-17,-0.866025403784438));
#10565=DIRECTION('center_axis',(0.,0.,1.));
#10566=DIRECTION('ref_axis',(-1.,0.,0.));
#10567=DIRECTION('center_axis',(0.,0.,1.));
#10568=DIRECTION('ref_axis',(-1.,0.,0.));
#10569=DIRECTION('center_axis',(0.,0.,-1.));
#10570=DIRECTION('ref_axis',(-1.,0.,0.));
#10571=DIRECTION('',(-0.500000000000001,6.12323399573677E-17,-0.866025403784438));
#10572=DIRECTION('center_axis',(0.,0.,1.));
#10573=DIRECTION('ref_axis',(-1.,0.,0.));
#10574=DIRECTION('center_axis',(0.499999999999998,-0.86602540378444,0.));
#10575=DIRECTION('ref_axis',(-0.86602540378444,-0.499999999999998,0.));
#10576=DIRECTION('',(0.,0.,1.));
#10577=DIRECTION('',(0.,0.,-1.));
#10578=DIRECTION('center_axis',(1.,-1.04780220658417E-15,0.));
#10579=DIRECTION('ref_axis',(-1.04780220658417E-15,-1.,0.));
#10580=DIRECTION('',(0.,0.,1.));
#10581=DIRECTION('center_axis',(0.,0.,1.));
#10582=DIRECTION('ref_axis',(-1.,0.,0.));
#10583=DIRECTION('center_axis',(0.,0.,-1.));
#10584=DIRECTION('ref_axis',(1.,0.,0.));
#10585=DIRECTION('',(0.866025403784439,-1.06057523872491E-16,0.5));
#10586=DIRECTION('center_axis',(-0.500000000000001,-0.866025403784438,0.));
#10587=DIRECTION('ref_axis',(-0.866025403784438,0.500000000000001,0.));
#10588=DIRECTION('',(0.,0.,1.));
#10589=DIRECTION('center_axis',(-1.,1.1702668864989E-15,0.));
#10590=DIRECTION('ref_axis',(1.1702668864989E-15,1.,0.));
#10591=DIRECTION('',(0.,0.,1.));
#10592=DIRECTION('center_axis',(-0.499999999999999,0.866025403784439,0.));
#10593=DIRECTION('ref_axis',(0.866025403784439,0.499999999999999,0.));
#10594=DIRECTION('',(0.,0.,1.));
#10595=DIRECTION('center_axis',(0.500000000000001,0.866025403784438,0.));
#10596=DIRECTION('ref_axis',(0.866025403784438,-0.500000000000001,0.));
#10597=DIRECTION('center_axis',(0.,0.,1.));
#10598=DIRECTION('ref_axis',(1.,0.,0.));
#10599=DIRECTION('center_axis',(0.,0.,-1.));
#10600=DIRECTION('ref_axis',(1.,0.,0.));
#10601=DIRECTION('center_axis',(0.,0.,-1.));
#10602=DIRECTION('ref_axis',(-1.,0.,0.));
#10603=DIRECTION('',(-0.866025403784439,1.06057523872491E-16,0.499999999999999));
#10604=DIRECTION('center_axis',(0.,0.,-1.));
#10605=DIRECTION('ref_axis',(-1.,0.,0.));
#10606=DIRECTION('center_axis',(0.,0.,-1.));
#10607=DIRECTION('ref_axis',(-1.,0.,0.));
#10608=DIRECTION('',(0.,0.,1.));
#10609=DIRECTION('axis',(0.,0.,1.));
#10610=DIRECTION('refdir',(1.,0.,0.));
#10611=DIRECTION('axis',(0.,0.,1.));
#10612=DIRECTION('refdir',(1.,0.,0.));
#10613=DIRECTION('center_axis',(0.,-1.,0.));
#10614=DIRECTION('ref_axis',(0.,0.,-1.));
#10615=DIRECTION('',(-1.,0.,0.));
#10616=DIRECTION('',(0.,0.,1.));
#10617=DIRECTION('',(1.,0.,0.));
#10618=DIRECTION('',(0.,0.,1.));
#10619=DIRECTION('center_axis',(-1.,0.,0.));
#10620=DIRECTION('ref_axis',(0.,0.,1.));
#10621=DIRECTION('',(0.,1.,0.));
#10622=DIRECTION('',(0.,0.,1.));
#10623=DIRECTION('',(0.,-1.,0.));
#10624=DIRECTION('center_axis',(0.,0.,1.));
#10625=DIRECTION('ref_axis',(-1.,0.,0.));
#10626=DIRECTION('center_axis',(0.,0.,-1.));
#10627=DIRECTION('ref_axis',(-1.,0.,0.));
#10628=DIRECTION('',(0.,0.,-1.));
#10629=DIRECTION('center_axis',(0.,0.,1.));
#10630=DIRECTION('ref_axis',(-1.,0.,0.));
#10631=DIRECTION('center_axis',(-1.,0.,0.));
#10632=DIRECTION('ref_axis',(0.,0.,1.));
#10633=DIRECTION('',(0.,1.,0.));
#10634=DIRECTION('',(0.,0.,1.));
#10635=DIRECTION('',(0.,-1.,0.));
#10636=DIRECTION('center_axis',(0.,-1.,0.));
#10637=DIRECTION('ref_axis',(0.,0.,-1.));
#10638=DIRECTION('',(-1.,0.,0.));
#10639=DIRECTION('',(0.,0.,1.));
#10640=DIRECTION('',(1.,0.,0.));
#10641=DIRECTION('center_axis',(1.,0.,0.));
#10642=DIRECTION('ref_axis',(0.,1.,0.));
#10643=DIRECTION('',(0.,-1.,0.));
#10644=DIRECTION('',(0.,0.,1.));
#10645=DIRECTION('',(0.,1.,0.));
#10646=DIRECTION('center_axis',(0.,0.,1.));
#10647=DIRECTION('ref_axis',(1.,-1.22464679914735E-16,0.));
#10648=DIRECTION('center_axis',(0.,0.,-1.));
#10649=DIRECTION('ref_axis',(-1.,0.,0.));
#10650=DIRECTION('',(0.,0.,-1.));
#10651=DIRECTION('center_axis',(0.,0.,1.));
#10652=DIRECTION('ref_axis',(-1.,0.,0.));
#10653=DIRECTION('center_axis',(0.,-1.,0.));
#10654=DIRECTION('ref_axis',(0.,0.,-1.));
#10655=DIRECTION('',(-1.,0.,0.));
#10656=DIRECTION('',(0.,0.,1.));
#10657=DIRECTION('',(-1.,0.,0.));
#10658=DIRECTION('',(0.,0.,-1.));
#10659=DIRECTION('center_axis',(1.,0.,0.));
#10660=DIRECTION('ref_axis',(0.,1.,0.));
#10661=DIRECTION('',(0.,-1.,0.));
#10662=DIRECTION('',(0.,1.,0.));
#10663=DIRECTION('center_axis',(0.,0.,1.));
#10664=DIRECTION('ref_axis',(-1.,0.,0.));
#10665=DIRECTION('center_axis',(0.,0.,1.));
#10666=DIRECTION('ref_axis',(0.,1.,0.));
#10667=DIRECTION('',(0.,0.,1.));
#10668=DIRECTION('center_axis',(0.,0.,-1.));
#10669=DIRECTION('ref_axis',(0.,-1.,0.));
#10670=DIRECTION('',(0.,0.,-1.));
#10671=DIRECTION('center_axis',(0.,0.,1.));
#10672=DIRECTION('ref_axis',(1.,0.,0.));
#10673=DIRECTION('',(0.,1.,0.));
#10674=DIRECTION('',(0.,1.,0.));
#10675=DIRECTION('',(-0.707106781186597,0.707106781186498,0.));
#10676=DIRECTION('',(-1.,0.,0.));
#10677=DIRECTION('',(-0.707106781186547,-0.707106781186547,0.));
#10678=DIRECTION('',(0.,1.,0.));
#10679=DIRECTION('',(0.707106781186547,-0.707106781186547,0.));
#10680=DIRECTION('center_axis',(-1.,0.,0.));
#10681=DIRECTION('ref_axis',(0.,0.,1.));
#10682=DIRECTION('',(0.,0.,-1.));
#10683=DIRECTION('',(0.,0.,1.));
#10684=DIRECTION('',(0.,1.,0.));
#10685=DIRECTION('center_axis',(0.,0.,-1.));
#10686=DIRECTION('ref_axis',(0.,-1.,0.));
#10687=DIRECTION('',(-0.707106781186547,0.707106781186547,0.));
#10688=DIRECTION('',(0.707106781186597,0.707106781186498,0.));
#10689=DIRECTION('',(1.,0.,0.));
#10690=DIRECTION('',(0.707106781186547,-0.707106781186547,0.));
#10691=DIRECTION('',(0.,1.,0.));
#10692=DIRECTION('',(0.,1.,0.));
#10693=DIRECTION('center_axis',(1.,0.,0.));
#10694=DIRECTION('ref_axis',(0.,1.,0.));
#10695=DIRECTION('center_axis',(1.,0.,0.));
#10696=DIRECTION('ref_axis',(0.,1.,0.));
#10697=DIRECTION('',(0.,0.,-1.));
#10698=DIRECTION('center_axis',(-0.707106781186548,-0.707106781186548,0.));
#10699=DIRECTION('ref_axis',(-0.707106781186548,0.707106781186548,0.));
#10700=DIRECTION('',(0.,0.,1.));
#10701=DIRECTION('center_axis',(0.,1.,0.));
#10702=DIRECTION('ref_axis',(1.,0.,0.));
#10703=DIRECTION('',(0.,0.,-1.));
#10704=DIRECTION('center_axis',(0.,-1.,0.));
#10705=DIRECTION('ref_axis',(0.,0.,1.));
#10706=DIRECTION('center_axis',(0.,-1.,0.));
#10707=DIRECTION('ref_axis',(0.,0.,1.));
#10708=DIRECTION('center_axis',(0.,-1.,0.));
#10709=DIRECTION('ref_axis',(0.,0.,1.));
#10710=DIRECTION('center_axis',(0.,-1.,0.));
#10711=DIRECTION('ref_axis',(0.,0.,1.));
#10712=DIRECTION('center_axis',(0.707106781186498,-0.707106781186598,0.));
#10713=DIRECTION('ref_axis',(0.,0.,-1.));
#10714=DIRECTION('center_axis',(0.,1.,0.));
#10715=DIRECTION('ref_axis',(0.,0.,-1.));
#10716=DIRECTION('center_axis',(0.,1.,0.));
#10717=DIRECTION('ref_axis',(0.,0.,-1.));
#10718=DIRECTION('center_axis',(0.,1.,0.));
#10719=DIRECTION('ref_axis',(0.,0.,-1.));
#10720=DIRECTION('',(0.,1.,0.));
#10721=DIRECTION('center_axis',(0.,1.,0.));
#10722=DIRECTION('ref_axis',(0.,0.,1.));
#10723=DIRECTION('',(-1.0497271911385E-16,0.515038074910221,-0.857167300702012));
#10724=DIRECTION('center_axis',(0.,1.,0.));
#10725=DIRECTION('ref_axis',(0.,0.,-1.));
#10726=DIRECTION('center_axis',(0.,1.,0.));
#10727=DIRECTION('ref_axis',(0.,0.,-1.));
#10728=DIRECTION('center_axis',(0.,1.,0.));
#10729=DIRECTION('ref_axis',(0.,0.,-1.));
#10730=DIRECTION('',(0.,1.,0.));
#10731=DIRECTION('center_axis',(0.,1.,0.));
#10732=DIRECTION('ref_axis',(0.,0.,1.));
#10733=DIRECTION('',(-1.0497271911385E-16,0.515038074910221,-0.857167300702012));
#10734=DIRECTION('center_axis',(0.,1.,0.));
#10735=DIRECTION('ref_axis',(0.,0.,-1.));
#10736=DIRECTION('center_axis',(0.,1.,0.));
#10737=DIRECTION('ref_axis',(0.,0.,-1.));
#10738=DIRECTION('center_axis',(0.,1.,0.));
#10739=DIRECTION('ref_axis',(0.,0.,-1.));
#10740=DIRECTION('',(0.,1.,0.));
#10741=DIRECTION('center_axis',(0.,1.,0.));
#10742=DIRECTION('ref_axis',(0.,0.,1.));
#10743=DIRECTION('',(-1.0497271911385E-16,0.515038074910221,-0.857167300702012));
#10744=DIRECTION('center_axis',(0.,1.,0.));
#10745=DIRECTION('ref_axis',(0.,0.,-1.));
#10746=DIRECTION('center_axis',(0.,1.,0.));
#10747=DIRECTION('ref_axis',(0.,0.,-1.));
#10748=DIRECTION('center_axis',(0.,1.,0.));
#10749=DIRECTION('ref_axis',(0.,0.,-1.));
#10750=DIRECTION('',(0.,1.,0.));
#10751=DIRECTION('center_axis',(0.,1.,0.));
#10752=DIRECTION('ref_axis',(0.,0.,1.));
#10753=DIRECTION('',(-1.0497271911385E-16,0.515038074910221,-0.857167300702012));
#10754=DIRECTION('center_axis',(0.707106781186548,0.707106781186548,0.));
#10755=DIRECTION('ref_axis',(0.,0.,-1.));
#10756=DIRECTION('center_axis',(0.,1.,0.));
#10757=DIRECTION('ref_axis',(0.,0.,-1.));
#10758=DIRECTION('center_axis',(0.,1.,0.));
#10759=DIRECTION('ref_axis',(-1.,0.,0.));
#10760=DIRECTION('',(0.,1.,0.));
#10761=DIRECTION('center_axis',(0.,-1.,0.));
#10762=DIRECTION('ref_axis',(0.,0.,-1.));
#10763=DIRECTION('center_axis',(0.,1.,0.));
#10764=DIRECTION('ref_axis',(0.,0.,-1.));
#10765=DIRECTION('center_axis',(0.,1.,0.));
#10766=DIRECTION('ref_axis',(-1.,0.,0.));
#10767=DIRECTION('',(0.,1.,0.));
#10768=DIRECTION('center_axis',(0.,-1.,0.));
#10769=DIRECTION('ref_axis',(0.,0.,-1.));
#10770=DIRECTION('center_axis',(0.,0.,1.));
#10771=DIRECTION('ref_axis',(-1.,0.,0.));
#10772=DIRECTION('center_axis',(0.,0.,1.));
#10773=DIRECTION('ref_axis',(0.,1.,0.));
#10774=DIRECTION('',(0.,0.,1.));
#10775=DIRECTION('center_axis',(0.,0.,-1.));
#10776=DIRECTION('ref_axis',(0.,-1.,0.));
#10777=DIRECTION('',(0.,0.,-1.));
#10778=DIRECTION('center_axis',(0.,1.,0.));
#10779=DIRECTION('ref_axis',(0.,0.,-1.));
#10780=DIRECTION('center_axis',(0.,1.,0.));
#10781=DIRECTION('ref_axis',(-1.,0.,0.));
#10782=DIRECTION('',(0.,1.,0.));
#10783=DIRECTION('center_axis',(0.,-1.,0.));
#10784=DIRECTION('ref_axis',(0.,0.,-1.));
#10785=DIRECTION('center_axis',(0.,0.,1.));
#10786=DIRECTION('ref_axis',(1.,-1.22464679914735E-16,0.));
#10787=DIRECTION('center_axis',(0.,0.,-1.));
#10788=DIRECTION('ref_axis',(0.,1.,0.));
#10789=DIRECTION('',(0.,0.,-1.));
#10790=DIRECTION('center_axis',(0.,0.,1.));
#10791=DIRECTION('ref_axis',(0.,-1.,0.));
#10792=DIRECTION('',(0.,0.,1.));
#10793=DIRECTION('center_axis',(0.,1.,0.));
#10794=DIRECTION('ref_axis',(1.,0.,0.));
#10795=DIRECTION('',(0.,0.,1.));
#10796=DIRECTION('',(-1.,0.,0.));
#10797=DIRECTION('',(0.,0.,-1.));
#10798=DIRECTION('center_axis',(0.,1.,0.));
#10799=DIRECTION('ref_axis',(0.685714285714307,0.,-0.727870811591808));
#10800=DIRECTION('center_axis',(0.,1.,0.));
#10801=DIRECTION('ref_axis',(0.685714285714307,0.,-0.727870811591808));
#10802=DIRECTION('',(0.,0.,-1.));
#10803=DIRECTION('center_axis',(0.,1.,0.));
#10804=DIRECTION('ref_axis',(0.685714285714307,0.,-0.727870811591808));
#10805=DIRECTION('center_axis',(0.,1.,0.));
#10806=DIRECTION('ref_axis',(0.685714285714307,0.,-0.727870811591808));
#10807=DIRECTION('',(0.,0.,-1.));
#10808=DIRECTION('center_axis',(0.,1.,0.));
#10809=DIRECTION('ref_axis',(0.685714285714307,0.,-0.727870811591808));
#10810=DIRECTION('center_axis',(0.,1.,0.));
#10811=DIRECTION('ref_axis',(0.685714285714307,0.,-0.727870811591808));
#10812=DIRECTION('',(0.,0.,-1.));
#10813=DIRECTION('',(-1.,0.,0.));
#10814=DIRECTION('center_axis',(0.,0.,-1.));
#10815=DIRECTION('ref_axis',(0.,-1.,0.));
#10816=DIRECTION('',(0.,1.,0.));
#10817=DIRECTION('',(0.707106781186547,-0.707106781186547,0.));
#10818=DIRECTION('center_axis',(0.,0.,-1.));
#10819=DIRECTION('ref_axis',(-1.,0.,0.));
#10820=DIRECTION('',(-1.,0.,0.));
#10821=DIRECTION('',(0.707106781186547,0.707106781186547,0.));
#10822=DIRECTION('',(0.,-1.,0.));
#10823=DIRECTION('',(0.,-1.,0.));
#10824=DIRECTION('',(-0.707106781186547,0.707106781186547,0.));
#10825=DIRECTION('',(1.,0.,0.));
#10826=DIRECTION('',(-0.707106781186547,-0.707106781186547,0.));
#10827=DIRECTION('',(0.,1.,0.));
#10828=DIRECTION('center_axis',(0.,0.,-1.));
#10829=DIRECTION('ref_axis',(0.,-1.,0.));
#10830=DIRECTION('',(0.,1.,0.));
#10831=DIRECTION('',(0.707106781186547,0.707106781186547,0.));
#10832=DIRECTION('',(1.,0.,0.));
#10833=DIRECTION('',(0.707106781186547,-0.707106781186547,0.));
#10834=DIRECTION('',(0.,-1.,0.));
#10835=DIRECTION('',(0.,-1.,0.));
#10836=DIRECTION('',(-0.707106781186547,-0.707106781186547,0.));
#10837=DIRECTION('',(-1.,0.,0.));
#10838=DIRECTION('center_axis',(0.,0.,1.));
#10839=DIRECTION('ref_axis',(1.,0.,0.));
#10840=DIRECTION('',(-0.707106781186547,0.707106781186547,0.));
#10841=DIRECTION('',(0.,1.,0.));
#10842=DIRECTION('center_axis',(1.,0.,0.));
#10843=DIRECTION('ref_axis',(0.,1.,0.));
#10844=DIRECTION('',(0.,0.,-1.));
#10845=DIRECTION('center_axis',(0.707106781186548,0.707106781186548,0.));
#10846=DIRECTION('ref_axis',(0.,0.,-1.));
#10847=DIRECTION('center_axis',(0.,0.,1.));
#10848=DIRECTION('ref_axis',(-1.,0.,0.));
#10849=DIRECTION('',(0.,0.,1.));
#10850=DIRECTION('center_axis',(0.,1.,0.));
#10851=DIRECTION('ref_axis',(0.,0.,-1.));
#10852=DIRECTION('',(0.,1.,0.));
#10853=DIRECTION('center_axis',(0.,-1.,0.));
#10854=DIRECTION('ref_axis',(0.,0.,1.));
#10855=DIRECTION('center_axis',(0.,1.,0.));
#10856=DIRECTION('ref_axis',(1.,0.,0.));
#10857=DIRECTION('center_axis',(0.,-1.,0.));
#10858=DIRECTION('ref_axis',(0.,0.,1.));
#10859=DIRECTION('center_axis',(0.,1.,0.));
#10860=DIRECTION('ref_axis',(1.,0.,0.));
#10861=DIRECTION('center_axis',(0.,1.,0.));
#10862=DIRECTION('ref_axis',(1.,0.,0.));
#10863=DIRECTION('center_axis',(0.,-1.,0.));
#10864=DIRECTION('ref_axis',(0.,0.,1.));
#10865=DIRECTION('center_axis',(0.,-1.,0.));
#10866=DIRECTION('ref_axis',(0.,0.,-1.));
#10867=DIRECTION('',(0.,0.,-1.));
#10868=DIRECTION('',(0.,0.,1.));
#10869=DIRECTION('center_axis',(-0.707106781186548,-0.707106781186548,0.));
#10870=DIRECTION('ref_axis',(-0.707106781186548,0.707106781186548,0.));
#10871=DIRECTION('',(0.,0.,-1.));
#10872=DIRECTION('center_axis',(-1.,0.,0.));
#10873=DIRECTION('ref_axis',(0.,0.,1.));
#10874=DIRECTION('center_axis',(-1.,0.,0.));
#10875=DIRECTION('ref_axis',(0.,0.,1.));
#10876=DIRECTION('',(0.,0.,1.));
#10877=DIRECTION('center_axis',(-0.707106781186548,0.707106781186548,0.));
#10878=DIRECTION('ref_axis',(0.,0.,1.));
#10879=DIRECTION('',(0.,0.,-1.));
#10880=DIRECTION('center_axis',(0.,1.,0.));
#10881=DIRECTION('ref_axis',(1.,0.,0.));
#10882=DIRECTION('center_axis',(0.707106781186548,-0.707106781186548,0.));
#10883=DIRECTION('ref_axis',(0.,0.,-1.));
#10884=DIRECTION('',(0.,0.,1.));
#10885=DIRECTION('center_axis',(1.,0.,0.));
#10886=DIRECTION('ref_axis',(0.,1.,0.));
#10887=DIRECTION('center_axis',(0.,1.,0.));
#10888=DIRECTION('ref_axis',(0.,0.,-1.));
#10889=DIRECTION('',(0.,1.,0.));
#10890=DIRECTION('center_axis',(0.,1.,0.));
#10891=DIRECTION('ref_axis',(0.,0.,-1.));
#10892=DIRECTION('',(0.,1.,0.));
#10893=DIRECTION('',(-1.22464679914735E-16,0.,1.));
#10894=DIRECTION('',(1.,1.23259516440783E-32,1.22464679914735E-16));
#10895=DIRECTION('axis',(0.,0.,1.));
#10896=DIRECTION('refdir',(1.,0.,0.));
#10897=DIRECTION('center_axis',(0.,0.,-1.));
#10898=DIRECTION('ref_axis',(-0.707106781186548,-0.707106781186547,0.));
#10899=DIRECTION('center_axis',(0.,0.,1.));
#10900=DIRECTION('ref_axis',(-0.707106781186548,-0.707106781186547,0.));
#10901=DIRECTION('',(0.,0.,1.));
#10902=DIRECTION('center_axis',(0.,0.,-1.));
#10903=DIRECTION('ref_axis',(-0.707106781186548,-0.707106781186547,0.));
#10904=DIRECTION('',(0.,0.,-1.));
#10905=DIRECTION('center_axis',(1.98254111540206E-16,1.,0.));
#10906=DIRECTION('ref_axis',(1.,-1.98254111540206E-16,0.));
#10907=DIRECTION('',(1.,-1.98254111540206E-16,0.));
#10908=DIRECTION('',(0.5,-9.91270557701031E-17,0.866025403784439));
#10909=DIRECTION('',(1.,-1.98254111540206E-16,0.));
#10910=DIRECTION('center_axis',(0.,0.,-1.));
#10911=DIRECTION('ref_axis',(-0.707106781186548,0.707106781186548,0.));
#10912=DIRECTION('center_axis',(0.,0.,1.));
#10913=DIRECTION('ref_axis',(-0.707106781186548,0.707106781186548,0.));
#10914=DIRECTION('',(0.,0.,1.));
#10915=DIRECTION('center_axis',(0.,0.,-1.));
#10916=DIRECTION('ref_axis',(-0.707106781186548,0.707106781186548,0.));
#10917=DIRECTION('',(0.,0.,-1.));
#10918=DIRECTION('center_axis',(1.,3.46944695195361E-16,0.));
#10919=DIRECTION('ref_axis',(3.46944695195361E-16,-1.,0.));
#10920=DIRECTION('',(3.46944695195361E-16,-1.,0.));
#10921=DIRECTION('',(1.7347234759768E-16,-0.5,0.866025403784439));
#10922=DIRECTION('',(3.46944695195361E-16,-1.,0.));
#10923=DIRECTION('center_axis',(0.,0.,-1.));
#10924=DIRECTION('ref_axis',(0.707106781186548,0.707106781186547,0.));
#10925=DIRECTION('center_axis',(0.,0.,1.));
#10926=DIRECTION('ref_axis',(0.707106781186548,0.707106781186547,0.));
#10927=DIRECTION('',(0.,0.,1.));
#10928=DIRECTION('center_axis',(0.,0.,-1.));
#10929=DIRECTION('ref_axis',(0.707106781186548,0.707106781186547,0.));
#10930=DIRECTION('',(0.,0.,-1.));
#10931=DIRECTION('center_axis',(1.48690583655155E-16,-1.,0.));
#10932=DIRECTION('ref_axis',(-1.,-1.48690583655155E-16,0.));
#10933=DIRECTION('',(-1.,-1.48690583655155E-16,0.));
#10934=DIRECTION('',(-0.5,-7.43452918275773E-17,0.866025403784439));
#10935=DIRECTION('',(-1.,-1.48690583655155E-16,0.));
#10936=DIRECTION('center_axis',(0.,0.,-1.));
#10937=DIRECTION('ref_axis',(0.707106781186548,-0.707106781186547,0.));
#10938=DIRECTION('center_axis',(0.,0.,1.));
#10939=DIRECTION('ref_axis',(0.707106781186548,-0.707106781186547,0.));
#10940=DIRECTION('',(0.,0.,1.));
#10941=DIRECTION('center_axis',(0.,0.,-1.));
#10942=DIRECTION('ref_axis',(0.707106781186548,-0.707106781186547,0.));
#10943=DIRECTION('',(0.,0.,-1.));
#10944=DIRECTION('center_axis',(-1.,-3.96508223080412E-16,0.));
#10945=DIRECTION('ref_axis',(-3.96508223080412E-16,1.,0.));
#10946=DIRECTION('',(-3.96508223080412E-16,1.,0.));
#10947=DIRECTION('',(-1.98254111540206E-16,0.5,0.866025403784439));
#10948=DIRECTION('',(-3.96508223080412E-16,1.,0.));
#10949=DIRECTION('center_axis',(-1.48690583655155E-16,1.,0.));
#10950=DIRECTION('ref_axis',(1.,1.48690583655155E-16,0.));
#10951=DIRECTION('',(1.,1.48690583655155E-16,0.));
#10952=DIRECTION('',(0.5,7.43452918275774E-17,-0.866025403784439));
#10953=DIRECTION('',(1.,1.48690583655155E-16,0.));
#10954=DIRECTION('center_axis',(-0.866025403784439,2.74708955197652E-15,
-0.5));
#10955=DIRECTION('ref_axis',(3.17206578464331E-15,1.,0.));
#10956=DIRECTION('',(3.17206578464331E-15,1.,0.));
#10957=DIRECTION('',(-3.17206578464331E-15,-1.,0.));
#10958=DIRECTION('center_axis',(-1.,4.46071750965464E-16,0.));
#10959=DIRECTION('ref_axis',(4.46071750965464E-16,1.,0.));
#10960=DIRECTION('',(4.46071750965464E-16,1.,0.));
#10961=DIRECTION('',(2.23035875482732E-16,0.5,-0.866025403784439));
#10962=DIRECTION('',(4.46071750965464E-16,1.,0.));
#10963=DIRECTION('center_axis',(-2.74708955197652E-15,-0.866025403784439,
-0.5));
#10964=DIRECTION('ref_axis',(-1.,3.17206578464331E-15,0.));
#10965=DIRECTION('',(-1.,3.17206578464331E-15,0.));
#10966=DIRECTION('',(1.,-3.17206578464331E-15,0.));
#10967=DIRECTION('center_axis',(-6.93889390390723E-16,-1.,0.));
#10968=DIRECTION('ref_axis',(-1.,6.93889390390723E-16,0.));
#10969=DIRECTION('',(-1.,6.93889390390723E-16,0.));
#10970=DIRECTION('',(-0.5,3.46944695195361E-16,-0.866025403784439));
#10971=DIRECTION('',(-1.,6.93889390390723E-16,0.));
#10972=DIRECTION('center_axis',(0.866025403784439,-2.0603171639824E-15,
-0.5));
#10973=DIRECTION('ref_axis',(-2.37904933848249E-15,-1.,0.));
#10974=DIRECTION('',(-2.37904933848249E-15,-1.,0.));
#10975=DIRECTION('',(2.37904933848249E-15,1.,0.));
#10976=DIRECTION('center_axis',(1.,-4.46071750965465E-16,0.));
#10977=DIRECTION('ref_axis',(-4.46071750965465E-16,-1.,0.));
#10978=DIRECTION('',(-4.46071750965465E-16,-1.,0.));
#10979=DIRECTION('',(-2.23035875482732E-16,-0.5,-0.866025403784439));
#10980=DIRECTION('',(-4.46071750965465E-16,-1.,0.));
#10981=DIRECTION('center_axis',(1.71693096998533E-15,0.866025403784439,
-0.5));
#10982=DIRECTION('ref_axis',(1.,-1.98254111540207E-15,0.));
#10983=DIRECTION('',(1.,-1.98254111540207E-15,0.));
#10984=DIRECTION('',(-1.,1.98254111540207E-15,0.));
#10985=DIRECTION('center_axis',(0.,0.,-1.));
#10986=DIRECTION('ref_axis',(-1.,0.,0.));
#10987=DIRECTION('center_axis',(0.,0.,-1.));
#10988=DIRECTION('ref_axis',(-1.,0.,0.));
#10989=DIRECTION('center_axis',(0.,0.,-1.));
#10990=DIRECTION('ref_axis',(1.,0.,0.));
#10991=DIRECTION('center_axis',(-1.22464679914735E-16,-1.,0.));
#10992=DIRECTION('ref_axis',(1.,-1.22464679914735E-16,0.));
#10993=DIRECTION('center_axis',(0.,0.,1.));
#10994=DIRECTION('ref_axis',(1.,0.,0.));
#10995=DIRECTION('center_axis',(0.,0.,-1.));
#10996=DIRECTION('ref_axis',(-1.,0.,0.));
#10997=DIRECTION('center_axis',(0.,0.,-1.));
#10998=DIRECTION('ref_axis',(1.,0.,0.));
#10999=DIRECTION('center_axis',(0.,0.,-1.));
#11000=DIRECTION('ref_axis',(-1.,0.,0.));
#11001=DIRECTION('center_axis',(0.,0.,-1.));
#11002=DIRECTION('ref_axis',(1.,0.,0.));
#11003=DIRECTION('',(0.,0.,1.));
#11004=DIRECTION('center_axis',(0.,0.,-1.));
#11005=DIRECTION('ref_axis',(-1.,0.,0.));
#11006=DIRECTION('center_axis',(0.,0.,1.));
#11007=DIRECTION('ref_axis',(1.,-6.12323399573677E-17,0.));
#11008=DIRECTION('center_axis',(-1.22464679914735E-16,-1.,0.));
#11009=DIRECTION('ref_axis',(1.,-1.22464679914735E-16,0.));
#11010=DIRECTION('center_axis',(0.,0.,-1.));
#11011=DIRECTION('ref_axis',(1.,0.,0.));
#11012=DIRECTION('center_axis',(0.,0.,1.));
#11013=DIRECTION('ref_axis',(1.,0.,0.));
#11014=DIRECTION('center_axis',(0.,0.,-1.));
#11015=DIRECTION('ref_axis',(-1.,0.,0.));
#11016=DIRECTION('',(-0.0871557427476584,1.0673500138323E-17,0.996194698091746));
#11017=DIRECTION('center_axis',(0.,0.,-1.));
#11018=DIRECTION('ref_axis',(-1.,0.,0.));
#11019=DIRECTION('center_axis',(0.,0.,-1.));
#11020=DIRECTION('ref_axis',(-1.,0.,0.));
#11021=DIRECTION('',(-0.258819045102521,3.16961915143177E-17,0.965925826289068));
#11022=DIRECTION('center_axis',(0.,0.,-1.));
#11023=DIRECTION('ref_axis',(-1.,0.,0.));
#11024=DIRECTION('center_axis',(0.,0.,1.));
#11025=DIRECTION('ref_axis',(-1.,0.,0.));
#11026=DIRECTION('',(0.,0.,1.));
#11027=DIRECTION('center_axis',(0.,0.,-1.));
#11028=DIRECTION('ref_axis',(-1.,0.,0.));
#11029=DIRECTION('axis',(0.,0.,1.));
#11030=DIRECTION('refdir',(1.,0.,0.));
#11031=DIRECTION('center_axis',(0.,0.,-1.));
#11032=DIRECTION('ref_axis',(-0.707106781186548,-0.707106781186547,0.));
#11033=DIRECTION('center_axis',(3.11591176034374E-15,0.866025403784439,
-0.5));
#11034=DIRECTION('ref_axis',(-1.86322151123435E-15,-0.5,-0.866025403784439));
#11035=DIRECTION('center_axis',(0.,0.,-1.));
#11036=DIRECTION('ref_axis',(-0.707106781186548,-0.707106781186547,0.));
#11037=DIRECTION('center_axis',(0.866025403784439,-2.22565125738838E-15,
-0.5));
#11038=DIRECTION('ref_axis',(-0.5,1.3171048613898E-15,-0.866025403784439));
#11039=DIRECTION('',(0.,0.,-1.));
#11040=DIRECTION('center_axis',(0.,0.,1.));
#11041=DIRECTION('ref_axis',(-0.707106781186548,-0.707106781186547,0.));
#11042=DIRECTION('',(0.,0.,1.));
#11043=DIRECTION('center_axis',(2.56996070515082E-16,1.,0.));
#11044=DIRECTION('ref_axis',(1.,-2.56996070515082E-16,0.));
#11045=DIRECTION('',(0.5,-1.28498035257541E-16,0.866025403784439));
#11046=DIRECTION('',(1.,-2.56996070515082E-16,0.));
#11047=DIRECTION('center_axis',(0.,0.,-1.));
#11048=DIRECTION('ref_axis',(-0.707106781186547,0.707106781186548,0.));
#11049=DIRECTION('center_axis',(0.866025403784439,-2.22565125738838E-15,
-0.5));
#11050=DIRECTION('ref_axis',(-0.5,1.28498035257541E-15,-0.866025403784439));
#11051=DIRECTION('center_axis',(0.,0.,-1.));
#11052=DIRECTION('ref_axis',(-0.707106781186547,0.707106781186548,0.));
#11053=DIRECTION('center_axis',(-1.33539075443303E-15,-0.866025403784439,
-0.5));
#11054=DIRECTION('ref_axis',(7.38863702730862E-16,0.5,-0.866025403784439));
#11055=DIRECTION('',(0.,0.,-1.));
#11056=DIRECTION('center_axis',(0.,0.,1.));
#11057=DIRECTION('ref_axis',(-0.707106781186547,0.707106781186548,0.));
#11058=DIRECTION('',(0.,0.,1.));
#11059=DIRECTION('center_axis',(1.,3.21245088143853E-16,0.));
#11060=DIRECTION('ref_axis',(3.21245088143853E-16,-1.,0.));
#11061=DIRECTION('',(1.60622544071926E-16,-0.5,0.866025403784439));
#11062=DIRECTION('',(3.21245088143853E-16,-1.,0.));
#11063=DIRECTION('center_axis',(0.,0.,-1.));
#11064=DIRECTION('ref_axis',(0.707106781186548,0.707106781186548,0.));
#11065=DIRECTION('center_axis',(-1.33539075443303E-15,-0.866025403784439,
-0.5));
#11066=DIRECTION('ref_axis',(6.74614685102092E-16,0.5,-0.866025403784439));
#11067=DIRECTION('center_axis',(0.,0.,-1.));
#11068=DIRECTION('ref_axis',(0.707106781186548,0.707106781186548,0.));
#11069=DIRECTION('center_axis',(-0.866025403784439,2.22565125738839E-15,
-0.5));
#11070=DIRECTION('ref_axis',(0.5,-1.25285584376103E-15,-0.866025403784439));
#11071=DIRECTION('',(0.,0.,-1.));
#11072=DIRECTION('center_axis',(0.,0.,1.));
#11073=DIRECTION('ref_axis',(0.707106781186548,0.707106781186548,0.));
#11074=DIRECTION('',(0.,0.,1.));
#11075=DIRECTION('center_axis',(2.24871561700697E-16,-1.,0.));
#11076=DIRECTION('ref_axis',(-1.,-2.24871561700697E-16,0.));
#11077=DIRECTION('',(-0.5,-1.12435780850348E-16,0.866025403784439));
#11078=DIRECTION('',(-1.,-2.24871561700697E-16,0.));
#11079=DIRECTION('center_axis',(0.,0.,-1.));
#11080=DIRECTION('ref_axis',(0.707106781186548,-0.707106781186547,0.));
#11081=DIRECTION('center_axis',(-0.866025403784439,2.22565125738839E-15,
-0.5));
#11082=DIRECTION('ref_axis',(0.5,-1.25285584376103E-15,-0.866025403784439));
#11083=DIRECTION('center_axis',(0.,0.,-1.));
#11084=DIRECTION('ref_axis',(0.707106781186548,-0.707106781186547,0.));
#11085=DIRECTION('center_axis',(3.11591176034374E-15,0.866025403784439,
-0.5));
#11086=DIRECTION('ref_axis',(-1.76684798479119E-15,-0.5,-0.866025403784439));
#11087=DIRECTION('',(0.,0.,-1.));
#11088=DIRECTION('center_axis',(0.,0.,1.));
#11089=DIRECTION('ref_axis',(0.707106781186548,-0.707106781186547,0.));
#11090=DIRECTION('',(0.,0.,1.));
#11091=DIRECTION('center_axis',(-1.,-1.92747052886312E-16,0.));
#11092=DIRECTION('ref_axis',(-1.92747052886312E-16,1.,0.));
#11093=DIRECTION('',(-9.63735264431558E-17,0.5,0.866025403784439));
#11094=DIRECTION('',(-1.92747052886312E-16,1.,0.));
#11095=DIRECTION('center_axis',(-2.24871561700697E-16,1.,0.));
#11096=DIRECTION('ref_axis',(1.,2.24871561700697E-16,0.));
#11097=DIRECTION('',(1.,2.24871561700697E-16,0.));
#11098=DIRECTION('',(0.5,1.12435780850349E-16,-0.866025403784439));
#11099=DIRECTION('center_axis',(-0.866025403784439,2.22565125738839E-15,
-0.5));
#11100=DIRECTION('ref_axis',(2.56996070515083E-15,1.,0.));
#11101=DIRECTION('',(2.56996070515083E-15,1.,0.));
#11102=DIRECTION('',(-2.56996070515083E-15,-1.,0.));
#11103=DIRECTION('center_axis',(-1.,2.56996070515082E-16,0.));
#11104=DIRECTION('ref_axis',(2.56996070515082E-16,1.,0.));
#11105=DIRECTION('',(2.56996070515082E-16,1.,0.));
#11106=DIRECTION('',(1.28498035257541E-16,0.5,-0.866025403784439));
#11107=DIRECTION('center_axis',(-1.33539075443303E-15,-0.866025403784439,
-0.5));
#11108=DIRECTION('ref_axis',(-1.,1.5419764230905E-15,0.));
#11109=DIRECTION('',(-1.,1.5419764230905E-15,0.));
#11110=DIRECTION('',(1.,-1.5419764230905E-15,0.));
#11111=DIRECTION('center_axis',(-8.67361737988403E-16,-1.,0.));
#11112=DIRECTION('ref_axis',(-1.,8.67361737988403E-16,0.));
#11113=DIRECTION('',(-1.,8.67361737988403E-16,0.));
#11114=DIRECTION('',(-0.5,4.33680868994202E-16,-0.866025403784439));
#11115=DIRECTION('center_axis',(0.866025403784439,-2.22565125738838E-15,
-0.5));
#11116=DIRECTION('ref_axis',(-2.56996070515082E-15,-1.,0.));
#11117=DIRECTION('',(-2.56996070515082E-15,-1.,0.));
#11118=DIRECTION('',(2.56996070515082E-15,1.,0.));
#11119=DIRECTION('center_axis',(1.,-5.13992141030165E-16,0.));
#11120=DIRECTION('ref_axis',(-5.13992141030165E-16,-1.,0.));
#11121=DIRECTION('',(-5.13992141030165E-16,-1.,0.));
#11122=DIRECTION('',(-2.56996070515083E-16,-0.5,-0.866025403784439));
#11123=DIRECTION('center_axis',(3.11591176034374E-15,0.866025403784439,
-0.5));
#11124=DIRECTION('ref_axis',(1.,-3.59794498721116E-15,0.));
#11125=DIRECTION('',(1.,-3.59794498721116E-15,0.));
#11126=DIRECTION('',(-1.,3.59794498721116E-15,0.));
#11127=DIRECTION('center_axis',(0.,0.,-1.));
#11128=DIRECTION('ref_axis',(-1.,0.,0.));
#11129=DIRECTION('center_axis',(0.,0.,-1.));
#11130=DIRECTION('ref_axis',(-1.,0.,0.));
#11131=DIRECTION('center_axis',(0.,0.,-1.));
#11132=DIRECTION('ref_axis',(1.,0.,0.));
#11133=DIRECTION('center_axis',(-1.22464679914735E-16,-1.,0.));
#11134=DIRECTION('ref_axis',(1.,-1.22464679914735E-16,0.));
#11135=DIRECTION('center_axis',(0.,0.,1.));
#11136=DIRECTION('ref_axis',(1.,0.,0.));
#11137=DIRECTION('center_axis',(0.,0.,-1.));
#11138=DIRECTION('ref_axis',(-1.,0.,0.));
#11139=DIRECTION('center_axis',(0.,0.,-1.));
#11140=DIRECTION('ref_axis',(1.,0.,0.));
#11141=DIRECTION('center_axis',(0.,0.,-1.));
#11142=DIRECTION('ref_axis',(-1.,0.,0.));
#11143=DIRECTION('center_axis',(0.,0.,-1.));
#11144=DIRECTION('ref_axis',(1.,0.,0.));
#11145=DIRECTION('',(0.,0.,1.));
#11146=DIRECTION('center_axis',(0.,0.,-1.));
#11147=DIRECTION('ref_axis',(-1.,0.,0.));
#11148=DIRECTION('center_axis',(0.,0.,1.));
#11149=DIRECTION('ref_axis',(1.,-6.12323399573676E-17,0.));
#11150=DIRECTION('center_axis',(-1.22464679914735E-16,-1.,0.));
#11151=DIRECTION('ref_axis',(1.,-1.22464679914735E-16,0.));
#11152=DIRECTION('center_axis',(0.,0.,-1.));
#11153=DIRECTION('ref_axis',(1.,0.,0.));
#11154=DIRECTION('center_axis',(0.,0.,1.));
#11155=DIRECTION('ref_axis',(1.,0.,0.));
#11156=DIRECTION('center_axis',(0.,0.,-1.));
#11157=DIRECTION('ref_axis',(-1.,0.,0.));
#11158=DIRECTION('',(-0.0871557427476584,1.0673500138323E-17,0.996194698091746));
#11159=DIRECTION('center_axis',(0.,0.,-1.));
#11160=DIRECTION('ref_axis',(-1.,0.,0.));
#11161=DIRECTION('center_axis',(0.,0.,-1.));
#11162=DIRECTION('ref_axis',(-1.,0.,0.));
#11163=DIRECTION('',(-0.258819045102521,3.16961915143177E-17,0.965925826289068));
#11164=DIRECTION('center_axis',(0.,0.,-1.));
#11165=DIRECTION('ref_axis',(-1.,0.,0.));
#11166=DIRECTION('center_axis',(0.,0.,1.));
#11167=DIRECTION('ref_axis',(-1.,0.,0.));
#11168=DIRECTION('',(0.,0.,1.));
#11169=DIRECTION('center_axis',(0.,0.,-1.));
#11170=DIRECTION('ref_axis',(-1.,0.,0.));
#11171=DIRECTION('axis',(0.,0.,1.));
#11172=DIRECTION('refdir',(1.,0.,0.));
#11173=DIRECTION('center_axis',(0.5,-0.866025403784439,0.));
#11174=DIRECTION('ref_axis',(-0.866025403784439,-0.5,0.));
#11175=DIRECTION('',(0.,0.,1.));
#11176=DIRECTION('',(0.,0.,-1.));
#11177=DIRECTION('center_axis',(0.5,-0.866025403784439,0.));
#11178=DIRECTION('ref_axis',(0.,0.,1.));
#11179=DIRECTION('center_axis',(1.,3.84194142414196E-16,0.));
#11180=DIRECTION('ref_axis',(3.84194142414196E-16,-1.,0.));
#11181=DIRECTION('',(0.,0.,1.));
#11182=DIRECTION('center_axis',(1.,3.84194142414196E-16,0.));
#11183=DIRECTION('ref_axis',(0.,0.,1.));
#11184=DIRECTION('center_axis',(1.,3.84194142414196E-16,0.));
#11185=DIRECTION('ref_axis',(0.,0.,1.));
#11186=DIRECTION('center_axis',(-2.53921483995415E-17,0.,1.));
#11187=DIRECTION('ref_axis',(-1.,0.,0.));
#11188=DIRECTION('center_axis',(2.53921483995415E-17,0.,-1.));
#11189=DIRECTION('ref_axis',(1.,0.,2.53921483995415E-17));
#11190=DIRECTION('',(0.866025403784436,-1.0605752387249E-16,0.500000000000004));
#11191=DIRECTION('center_axis',(-0.5,-0.866025403784439,0.));
#11192=DIRECTION('ref_axis',(-0.866025403784439,0.5,0.));
#11193=DIRECTION('center_axis',(-0.5,-0.866025403784439,0.));
#11194=DIRECTION('ref_axis',(0.,0.,1.));
#11195=DIRECTION('',(0.,0.,1.));
#11196=DIRECTION('center_axis',(-1.,-2.61729462499461E-16,0.));
#11197=DIRECTION('ref_axis',(-2.61729462499461E-16,1.,0.));
#11198=DIRECTION('center_axis',(-1.,-2.61729462499461E-16,0.));
#11199=DIRECTION('ref_axis',(0.,0.,-1.));
#11200=DIRECTION('',(0.,0.,1.));
#11201=DIRECTION('center_axis',(-0.5,0.866025403784439,0.));
#11202=DIRECTION('ref_axis',(0.866025403784439,0.5,0.));
#11203=DIRECTION('center_axis',(-0.5,0.866025403784439,0.));
#11204=DIRECTION('ref_axis',(0.,0.,-1.));
#11205=DIRECTION('',(0.,0.,1.));
#11206=DIRECTION('center_axis',(0.5,0.866025403784439,0.));
#11207=DIRECTION('ref_axis',(0.866025403784439,-0.5,0.));
#11208=DIRECTION('center_axis',(0.5,0.866025403784439,0.));
#11209=DIRECTION('ref_axis',(0.,0.,-1.));
#11210=DIRECTION('center_axis',(6.12323399573677E-17,0.,1.));
#11211=DIRECTION('ref_axis',(1.,0.,0.));
#11212=DIRECTION('center_axis',(1.22464679914735E-16,-1.,0.));
#11213=DIRECTION('ref_axis',(-1.,-1.22464679914735E-16,0.));
#11214=DIRECTION('center_axis',(2.53921483995415E-17,0.,-1.));
#11215=DIRECTION('ref_axis',(-1.,0.,-2.53921483995415E-17));
#11216=DIRECTION('center_axis',(2.53921483995415E-17,0.,-1.));
#11217=DIRECTION('ref_axis',(-1.,0.,0.));
#11218=DIRECTION('center_axis',(2.53921483995415E-17,0.,-1.));
#11219=DIRECTION('ref_axis',(-1.,0.,0.));
#11220=DIRECTION('',(-2.53921483995415E-17,0.,1.));
#11221=DIRECTION('center_axis',(2.53921483995415E-17,0.,-1.));
#11222=DIRECTION('ref_axis',(-1.,0.,0.));
#11223=DIRECTION('center_axis',(2.53921483995415E-17,0.,-1.));
#11224=DIRECTION('ref_axis',(-1.,0.,0.));
#11225=DIRECTION('',(-0.866025403784439,1.06057523872491E-16,0.5));
#11226=DIRECTION('axis',(0.,0.,1.));
#11227=DIRECTION('refdir',(1.,0.,0.));
#11228=DIRECTION('axis',(0.,0.,1.));
#11229=DIRECTION('refdir',(1.,0.,0.));
#11230=DIRECTION('center_axis',(0.,1.,0.));
#11231=DIRECTION('ref_axis',(0.942809041582063,0.,0.333333333333334));
#11232=DIRECTION('center_axis',(0.,-1.,0.));
#11233=DIRECTION('ref_axis',(0.942809041582063,0.,0.333333333333334));
#11234=DIRECTION('',(0.,1.,0.));
#11235=DIRECTION('center_axis',(0.,1.,0.));
#11236=DIRECTION('ref_axis',(0.942809041582063,0.,0.333333333333334));
#11237=DIRECTION('',(0.,-1.,0.));
#11238=DIRECTION('center_axis',(0.,1.,0.));
#11239=DIRECTION('ref_axis',(-1.,0.,-1.22464679914735E-16));
#11240=DIRECTION('center_axis',(0.,1.,0.));
#11241=DIRECTION('ref_axis',(1.,0.,0.));
#11242=DIRECTION('',(0.,-1.,0.));
#11243=DIRECTION('center_axis',(0.,1.,0.));
#11244=DIRECTION('ref_axis',(1.,0.,0.));
#11245=DIRECTION('center_axis',(0.,1.,0.));
#11246=DIRECTION('ref_axis',(0.942809041582063,0.,-0.333333333333333));
#11247=DIRECTION('center_axis',(0.,-1.,0.));
#11248=DIRECTION('ref_axis',(0.942809041582063,0.,-0.333333333333333));
#11249=DIRECTION('',(0.,1.,0.));
#11250=DIRECTION('center_axis',(0.,1.,0.));
#11251=DIRECTION('ref_axis',(0.942809041582063,0.,-0.333333333333333));
#11252=DIRECTION('center_axis',(-1.,0.,-2.59052039079203E-16));
#11253=DIRECTION('ref_axis',(-2.59052039079203E-16,0.,1.));
#11254=DIRECTION('',(-2.59052039079203E-16,0.,1.));
#11255=DIRECTION('',(0.,1.,0.));
#11256=DIRECTION('',(-2.59052039079203E-16,0.,1.));
#11257=DIRECTION('center_axis',(0.,1.,0.));
#11258=DIRECTION('ref_axis',(-0.942809041582063,0.,0.333333333333333));
#11259=DIRECTION('center_axis',(0.,-1.,0.));
#11260=DIRECTION('ref_axis',(-0.942809041582063,0.,0.333333333333333));
#11261=DIRECTION('',(0.,1.,0.));
#11262=DIRECTION('center_axis',(0.,1.,0.));
#11263=DIRECTION('ref_axis',(-0.942809041582063,0.,0.333333333333333));
#11264=DIRECTION('',(0.,-1.,0.));
#11265=DIRECTION('center_axis',(1.,0.,-1.85037170770859E-17));
#11266=DIRECTION('ref_axis',(-1.85037170770859E-17,0.,-1.));
#11267=DIRECTION('',(-1.85037170770859E-17,0.,-1.));
#11268=DIRECTION('',(0.,1.,0.));
#11269=DIRECTION('',(-1.85037170770859E-17,0.,-1.));
#11270=DIRECTION('center_axis',(0.,1.,0.));
#11271=DIRECTION('ref_axis',(-0.942809041582063,0.,-0.333333333333333));
#11272=DIRECTION('center_axis',(0.,-1.,0.));
#11273=DIRECTION('ref_axis',(-0.942809041582063,0.,-0.333333333333333));
#11274=DIRECTION('',(0.,1.,0.));
#11275=DIRECTION('center_axis',(0.,1.,0.));
#11276=DIRECTION('ref_axis',(-0.942809041582063,0.,-0.333333333333333));
#11277=DIRECTION('',(0.,-1.,0.));
#11278=DIRECTION('center_axis',(0.,1.,0.));
#11279=DIRECTION('ref_axis',(1.,0.,0.));
#11280=DIRECTION('center_axis',(0.,1.,0.));
#11281=DIRECTION('ref_axis',(1.,0.,0.));
#11282=DIRECTION('center_axis',(0.,1.,0.));
#11283=DIRECTION('ref_axis',(1.,0.,0.));
#11284=DIRECTION('center_axis',(1.,0.,4.77173219752933E-16));
#11285=DIRECTION('ref_axis',(4.77173219752933E-16,0.,-1.));
#11286=DIRECTION('',(4.77173219752933E-16,0.,-1.));
#11287=DIRECTION('',(0.,1.,0.));
#11288=DIRECTION('',(4.77173219752933E-16,0.,-1.));
#11289=DIRECTION('',(0.,1.,0.));
#11290=DIRECTION('center_axis',(0.5,0.,0.866025403784439));
#11291=DIRECTION('ref_axis',(0.866025403784439,0.,-0.5));
#11292=DIRECTION('',(0.866025403784439,0.,-0.5));
#11293=DIRECTION('',(0.,1.,0.));
#11294=DIRECTION('',(0.866025403784439,0.,-0.5));
#11295=DIRECTION('center_axis',(-0.5,0.,0.866025403784438));
#11296=DIRECTION('ref_axis',(0.866025403784438,0.,0.5));
#11297=DIRECTION('',(0.866025403784438,0.,0.5));
#11298=DIRECTION('',(0.,1.,0.));
#11299=DIRECTION('',(0.866025403784438,0.,0.5));
#11300=DIRECTION('center_axis',(-1.,0.,-1.59057739917644E-16));
#11301=DIRECTION('ref_axis',(-1.59057739917644E-16,0.,1.));
#11302=DIRECTION('',(-1.59057739917644E-16,0.,1.));
#11303=DIRECTION('',(0.,1.,0.));
#11304=DIRECTION('',(-1.59057739917644E-16,0.,1.));
#11305=DIRECTION('center_axis',(-0.5,0.,-0.866025403784439));
#11306=DIRECTION('ref_axis',(-0.866025403784439,0.,0.5));
#11307=DIRECTION('',(-0.866025403784439,0.,0.5));
#11308=DIRECTION('',(0.,1.,0.));
#11309=DIRECTION('',(-0.866025403784439,0.,0.5));
#11310=DIRECTION('center_axis',(0.5,0.,-0.866025403784438));
#11311=DIRECTION('ref_axis',(-0.866025403784438,0.,-0.5));
#11312=DIRECTION('',(-0.866025403784438,0.,-0.5));
#11313=DIRECTION('',(-0.866025403784438,0.,-0.5));
#11314=DIRECTION('center_axis',(0.,1.,0.));
#11315=DIRECTION('ref_axis',(1.,0.,0.));
#11316=DIRECTION('center_axis',(0.,-1.,0.));
#11317=DIRECTION('ref_axis',(1.,0.,0.));
#11318=DIRECTION('center_axis',(0.,1.,0.));
#11319=DIRECTION('ref_axis',(1.,0.,0.));
#11320=DIRECTION('center_axis',(0.,-1.,0.));
#11321=DIRECTION('ref_axis',(1.,0.,0.));
#11322=DIRECTION('',(0.,-1.,0.));
#11323=DIRECTION('center_axis',(0.,1.,0.));
#11324=DIRECTION('ref_axis',(1.,0.,0.));
#11325=DIRECTION('center_axis',(0.,-1.,0.));
#11326=DIRECTION('ref_axis',(1.,0.,0.));
#11327=DIRECTION('',(0.,-1.,0.));
#11328=DIRECTION('center_axis',(0.,-1.,0.));
#11329=DIRECTION('ref_axis',(1.,0.,0.));
#11330=DIRECTION('center_axis',(0.,1.,0.));
#11331=DIRECTION('ref_axis',(1.,0.,0.));
#11332=DIRECTION('center_axis',(0.,-1.,0.));
#11333=DIRECTION('ref_axis',(1.,0.,0.));
#11334=DIRECTION('',(0.,-1.,0.));
#11335=DIRECTION('center_axis',(0.,-1.,0.));
#11336=DIRECTION('ref_axis',(1.,0.,0.));
#11337=DIRECTION('center_axis',(1.,0.,-1.85037170770859E-17));
#11338=DIRECTION('ref_axis',(-1.85037170770859E-17,0.,-1.));
#11339=DIRECTION('',(-1.85037170770859E-17,0.,-1.));
#11340=DIRECTION('',(0.,1.,0.));
#11341=DIRECTION('',(-1.85037170770859E-17,0.,-1.));
#11342=DIRECTION('center_axis',(0.,1.,0.));
#11343=DIRECTION('ref_axis',(1.,0.,0.));
#11344=DIRECTION('center_axis',(0.,1.,0.));
#11345=DIRECTION('ref_axis',(1.,0.,0.));
#11346=DIRECTION('center_axis',(0.,1.,0.));
#11347=DIRECTION('ref_axis',(1.,0.,0.));
#11348=DIRECTION('center_axis',(-1.,0.,-2.59052039079203E-16));
#11349=DIRECTION('ref_axis',(-2.59052039079203E-16,0.,1.));
#11350=DIRECTION('',(-2.59052039079203E-16,0.,1.));
#11351=DIRECTION('',(0.,1.,0.));
#11352=DIRECTION('',(-2.59052039079203E-16,0.,1.));
#11353=DIRECTION('center_axis',(0.,1.,0.));
#11354=DIRECTION('ref_axis',(1.,0.,0.));
#11355=DIRECTION('center_axis',(0.,1.,0.));
#11356=DIRECTION('ref_axis',(1.,0.,0.));
#11357=DIRECTION('center_axis',(0.,1.,0.));
#11358=DIRECTION('ref_axis',(1.,0.,0.));
#11359=DIRECTION('center_axis',(0.,1.,0.));
#11360=DIRECTION('ref_axis',(1.,0.,0.));
#11361=DIRECTION('center_axis',(0.,1.,0.));
#11362=DIRECTION('ref_axis',(1.,0.,0.));
#11363=DIRECTION('center_axis',(0.,1.,0.));
#11364=DIRECTION('ref_axis',(0.942809041582063,0.,0.333333333333334));
#11365=DIRECTION('',(0.,1.,0.));
#11366=DIRECTION('center_axis',(0.,1.,0.));
#11367=DIRECTION('ref_axis',(0.942809041582063,0.,0.333333333333334));
#11368=DIRECTION('',(0.,-1.,0.));
#11369=DIRECTION('center_axis',(0.,1.,0.));
#11370=DIRECTION('ref_axis',(1.,0.,0.));
#11371=DIRECTION('center_axis',(0.,1.,0.));
#11372=DIRECTION('ref_axis',(-1.60812264967664E-16,0.,-1.));
#11373=DIRECTION('',(0.,-1.,0.));
#11374=DIRECTION('center_axis',(0.,1.,0.));
#11375=DIRECTION('ref_axis',(1.,0.,0.));
#11376=DIRECTION('',(0.,1.,0.));
#11377=DIRECTION('center_axis',(0.,1.,0.));
#11378=DIRECTION('ref_axis',(6.12323399573677E-17,0.,1.));
#11379=DIRECTION('',(0.,-1.,0.));
#11380=DIRECTION('center_axis',(0.,1.,0.));
#11381=DIRECTION('ref_axis',(1.,0.,0.));
#11382=DIRECTION('',(0.,-1.,0.));
#11383=DIRECTION('center_axis',(0.,-1.,0.));
#11384=DIRECTION('ref_axis',(1.,0.,0.));
#11385=DIRECTION('center_axis',(0.,1.,0.));
#11386=DIRECTION('ref_axis',(1.,0.,0.));
#11387=DIRECTION('center_axis',(0.,1.,0.));
#11388=DIRECTION('ref_axis',(0.942809041582063,0.,-0.333333333333333));
#11389=DIRECTION('',(0.,1.,0.));
#11390=DIRECTION('center_axis',(0.,1.,0.));
#11391=DIRECTION('ref_axis',(0.942809041582063,0.,-0.333333333333333));
#11392=DIRECTION('center_axis',(-1.,0.,-2.59052039079203E-16));
#11393=DIRECTION('ref_axis',(-2.59052039079203E-16,0.,1.));
#11394=DIRECTION('',(-2.59052039079203E-16,0.,1.));
#11395=DIRECTION('',(0.,1.,0.));
#11396=DIRECTION('',(-2.59052039079203E-16,0.,1.));
#11397=DIRECTION('center_axis',(0.,1.,0.));
#11398=DIRECTION('ref_axis',(-0.942809041582063,0.,0.333333333333333));
#11399=DIRECTION('',(0.,1.,0.));
#11400=DIRECTION('center_axis',(0.,1.,0.));
#11401=DIRECTION('ref_axis',(-0.942809041582063,0.,0.333333333333333));
#11402=DIRECTION('center_axis',(1.,0.,-1.85037170770859E-17));
#11403=DIRECTION('ref_axis',(-1.85037170770859E-17,0.,-1.));
#11404=DIRECTION('',(-1.85037170770859E-17,0.,-1.));
#11405=DIRECTION('',(0.,1.,0.));
#11406=DIRECTION('',(-1.85037170770859E-17,0.,-1.));
#11407=DIRECTION('center_axis',(0.,1.,0.));
#11408=DIRECTION('ref_axis',(-0.942809041582063,0.,-0.333333333333333));
#11409=DIRECTION('center_axis',(0.,1.,0.));
#11410=DIRECTION('ref_axis',(-0.942809041582063,0.,-0.333333333333333));
#11411=DIRECTION('',(0.,-1.,0.));
#11412=DIRECTION('center_axis',(0.,1.,0.));
#11413=DIRECTION('ref_axis',(-3.21624529935327E-16,0.,-1.));
#11414=DIRECTION('center_axis',(0.,-1.,0.));
#11415=DIRECTION('ref_axis',(-1.60812264967664E-16,0.,-1.));
#11416=DIRECTION('center_axis',(0.,1.,0.));
#11417=DIRECTION('ref_axis',(0.,0.,1.));
#11418=DIRECTION('center_axis',(0.,-1.,0.));
#11419=DIRECTION('ref_axis',(6.12323399573677E-17,0.,1.));
#11420=DIRECTION('center_axis',(0.,-1.,0.));
#11421=DIRECTION('ref_axis',(1.,0.,0.));
#11422=DIRECTION('center_axis',(0.,1.,0.));
#11423=DIRECTION('ref_axis',(1.,0.,0.));
#11424=DIRECTION('',(1.,0.,0.));
#11425=DIRECTION('center_axis',(0.,1.,0.));
#11426=DIRECTION('ref_axis',(1.,0.,0.));
#11427=DIRECTION('',(-1.85037170770859E-17,0.,-1.));
#11428=DIRECTION('center_axis',(0.,1.,0.));
#11429=DIRECTION('ref_axis',(1.,0.,0.));
#11430=DIRECTION('center_axis',(0.,-1.,0.));
#11431=DIRECTION('ref_axis',(1.,0.,0.));
#11432=DIRECTION('center_axis',(0.,1.,0.));
#11433=DIRECTION('ref_axis',(1.,0.,0.));
#11434=DIRECTION('',(-2.59052039079203E-16,0.,1.));
#11435=DIRECTION('center_axis',(0.,1.,0.));
#11436=DIRECTION('ref_axis',(1.,0.,0.));
#11437=DIRECTION('center_axis',(0.,-1.,0.));
#11438=DIRECTION('ref_axis',(1.,0.,0.));
#11439=DIRECTION('center_axis',(0.,1.,0.));
#11440=DIRECTION('ref_axis',(1.,0.,0.));
#11441=DIRECTION('center_axis',(0.,-1.,0.));
#11442=DIRECTION('ref_axis',(1.,0.,0.));
#11443=DIRECTION('',(0.,-1.,0.));
#11444=DIRECTION('center_axis',(0.,1.,0.));
#11445=DIRECTION('ref_axis',(1.,0.,0.));
#11446=DIRECTION('center_axis',(0.,-1.,0.));
#11447=DIRECTION('ref_axis',(1.,0.,0.));
#11448=DIRECTION('',(0.,-1.,0.));
#11449=DIRECTION('center_axis',(0.,0.,-1.));
#11450=DIRECTION('ref_axis',(-1.,0.,0.));
#11451=DIRECTION('',(0.,-1.,0.));
#11452=DIRECTION('',(-1.,0.,0.));
#11453=DIRECTION('',(0.,1.,0.));
#11454=DIRECTION('center_axis',(0.,1.,0.));
#11455=DIRECTION('ref_axis',(2.83276944882399E-16,0.,-1.));
#11456=DIRECTION('center_axis',(0.,-1.,0.));
#11457=DIRECTION('ref_axis',(1.,0.,0.));
#11458=DIRECTION('center_axis',(1.,0.,-1.85037170770859E-17));
#11459=DIRECTION('ref_axis',(-1.85037170770859E-17,0.,-1.));
#11460=DIRECTION('',(-1.85037170770859E-17,0.,-1.));
#11461=DIRECTION('',(0.,1.,0.));
#11462=DIRECTION('center_axis',(0.,1.,0.));
#11463=DIRECTION('ref_axis',(1.,0.,0.));
#11464=DIRECTION('center_axis',(0.,1.,0.));
#11465=DIRECTION('ref_axis',(1.,0.,0.));
#11466=DIRECTION('center_axis',(-1.,0.,-2.59052039079203E-16));
#11467=DIRECTION('ref_axis',(-2.59052039079203E-16,0.,1.));
#11468=DIRECTION('',(-2.59052039079203E-16,0.,1.));
#11469=DIRECTION('',(0.,1.,0.));
#11470=DIRECTION('center_axis',(0.,1.,0.));
#11471=DIRECTION('ref_axis',(1.,0.,0.));
#11472=DIRECTION('center_axis',(0.,1.,0.));
#11473=DIRECTION('ref_axis',(1.,0.,0.));
#11474=DIRECTION('center_axis',(0.,1.,0.));
#11475=DIRECTION('ref_axis',(1.,0.,0.));
#11476=DIRECTION('',(0.,0.,1.));
#11477=DIRECTION('',(1.,0.,0.));
#11478=DIRECTION('axis',(0.,0.,1.));
#11479=DIRECTION('refdir',(1.,0.,0.));
#11480=DIRECTION('center_axis',(-0.5,0.,-0.866025403784439));
#11481=DIRECTION('ref_axis',(0.866025403784439,0.,-0.5));
#11482=DIRECTION('',(0.866025403784439,0.,-0.5));
#11483=DIRECTION('',(0.,-1.,0.));
#11484=DIRECTION('',(0.866025403784438,0.,-0.5));
#11485=DIRECTION('',(0.,-1.,0.));
#11486=DIRECTION('center_axis',(-1.,0.,-9.25185853854298E-16));
#11487=DIRECTION('ref_axis',(9.25185853854298E-16,0.,-1.));
#11488=DIRECTION('',(9.25185853854298E-16,0.,-1.));
#11489=DIRECTION('',(0.,-1.,0.));
#11490=DIRECTION('',(9.25185853854298E-16,0.,-1.));
#11491=DIRECTION('center_axis',(-0.500000000000001,0.,0.866025403784438));
#11492=DIRECTION('ref_axis',(-0.866025403784438,0.,-0.500000000000001));
#11493=DIRECTION('',(-0.866025403784438,0.,-0.500000000000001));
#11494=DIRECTION('',(0.,-1.,0.));
#11495=DIRECTION('',(-0.866025403784438,0.,-0.500000000000001));
#11496=DIRECTION('center_axis',(0.499999999999999,0.,0.866025403784439));
#11497=DIRECTION('ref_axis',(-0.866025403784439,0.,0.499999999999999));
#11498=DIRECTION('',(-0.866025403784439,0.,0.499999999999999));
#11499=DIRECTION('',(0.,-1.,0.));
#11500=DIRECTION('',(-0.866025403784439,0.,0.499999999999999));
#11501=DIRECTION('center_axis',(1.,0.,9.25185853854297E-16));
#11502=DIRECTION('ref_axis',(-9.25185853854297E-16,0.,1.));
#11503=DIRECTION('',(-9.25185853854297E-16,0.,1.));
#11504=DIRECTION('',(0.,-1.,0.));
#11505=DIRECTION('',(-9.25185853854297E-16,0.,1.));
#11506=DIRECTION('center_axis',(0.500000000000001,0.,-0.866025403784438));
#11507=DIRECTION('ref_axis',(0.866025403784438,0.,0.500000000000001));
#11508=DIRECTION('',(0.866025403784438,0.,0.500000000000001));
#11509=DIRECTION('',(0.866025403784438,0.,0.500000000000001));
#11510=DIRECTION('center_axis',(0.,1.,0.));
#11511=DIRECTION('ref_axis',(-1.,0.,0.));
#11512=DIRECTION('center_axis',(0.,1.,0.));
#11513=DIRECTION('ref_axis',(1.,0.,0.));
#11514=DIRECTION('center_axis',(-0.5,0.,-0.866025403784439));
#11515=DIRECTION('ref_axis',(0.866025403784439,0.,-0.5));
#11516=DIRECTION('',(0.866025403784438,0.,-0.5));
#11517=DIRECTION('',(0.,-1.,0.));
#11518=DIRECTION('',(0.866025403784438,0.,-0.5));
#11519=DIRECTION('',(0.,-1.,0.));
#11520=DIRECTION('center_axis',(-1.,0.,-9.25185853854298E-16));
#11521=DIRECTION('ref_axis',(9.25185853854298E-16,0.,-1.));
#11522=DIRECTION('',(9.25185853854298E-16,0.,-1.));
#11523=DIRECTION('',(0.,-1.,0.));
#11524=DIRECTION('',(9.25185853854298E-16,0.,-1.));
#11525=DIRECTION('center_axis',(-0.500000000000001,0.,0.866025403784438));
#11526=DIRECTION('ref_axis',(-0.866025403784438,0.,-0.500000000000001));
#11527=DIRECTION('',(-0.866025403784438,0.,-0.500000000000001));
#11528=DIRECTION('',(0.,-1.,0.));
#11529=DIRECTION('',(-0.866025403784438,0.,-0.500000000000001));
#11530=DIRECTION('center_axis',(0.499999999999999,0.,0.866025403784439));
#11531=DIRECTION('ref_axis',(-0.866025403784439,0.,0.499999999999999));
#11532=DIRECTION('',(-0.866025403784439,0.,0.499999999999999));
#11533=DIRECTION('',(0.,-1.,0.));
#11534=DIRECTION('',(-0.866025403784439,0.,0.499999999999999));
#11535=DIRECTION('center_axis',(1.,0.,9.25185853854297E-16));
#11536=DIRECTION('ref_axis',(-9.25185853854297E-16,0.,1.));
#11537=DIRECTION('',(-9.25185853854297E-16,0.,1.));
#11538=DIRECTION('',(0.,-1.,0.));
#11539=DIRECTION('',(-9.25185853854297E-16,0.,1.));
#11540=DIRECTION('center_axis',(0.500000000000001,0.,-0.866025403784438));
#11541=DIRECTION('ref_axis',(0.866025403784438,0.,0.500000000000001));
#11542=DIRECTION('',(0.866025403784438,0.,0.500000000000001));
#11543=DIRECTION('',(0.866025403784438,0.,0.500000000000001));
#11544=DIRECTION('center_axis',(0.,1.,0.));
#11545=DIRECTION('ref_axis',(-1.,0.,0.));
#11546=DIRECTION('center_axis',(0.,1.,0.));
#11547=DIRECTION('ref_axis',(1.,0.,0.));
#11548=DIRECTION('center_axis',(-1.,0.,0.));
#11549=DIRECTION('ref_axis',(0.,0.,1.));
#11550=DIRECTION('',(0.,0.,1.));
#11551=DIRECTION('',(0.,-1.,0.));
#11552=DIRECTION('',(0.,0.,-1.));
#11553=DIRECTION('center_axis',(0.,1.,0.));
#11554=DIRECTION('ref_axis',(-1.,0.,0.));
#11555=DIRECTION('',(0.,0.,1.));
#11556=DIRECTION('',(0.,0.,-1.));
#11557=DIRECTION('',(0.,0.,-1.));
#11558=DIRECTION('',(0.,0.,1.));
#11559=DIRECTION('',(0.,0.,-1.));
#11560=DIRECTION('',(0.,0.,-1.));
#11561=DIRECTION('',(0.,0.,-1.));
#11562=DIRECTION('center_axis',(0.,-1.,0.));
#11563=DIRECTION('ref_axis',(0.707106781186547,0.,-0.707106781186548));
#11564=DIRECTION('',(-1.,0.,1.38930611405528E-16));
#11565=DIRECTION('center_axis',(0.,1.,0.));
#11566=DIRECTION('ref_axis',(-1.,0.,0.));
#11567=DIRECTION('',(-1.,0.,1.38930611405528E-16));
#11568=DIRECTION('center_axis',(0.,-1.,0.));
#11569=DIRECTION('ref_axis',(-0.707106781186547,0.,-0.707106781186548));
#11570=DIRECTION('center_axis',(0.,1.,0.));
#11571=DIRECTION('ref_axis',(-0.707106781186547,0.,-0.707106781186548));
#11572=DIRECTION('',(0.,1.,0.));
#11573=DIRECTION('center_axis',(0.,1.,0.));
#11574=DIRECTION('ref_axis',(-0.707106781186547,0.,-0.707106781186548));
#11575=DIRECTION('center_axis',(-1.38930611405528E-16,0.,-1.));
#11576=DIRECTION('ref_axis',(1.,0.,-1.38930611405528E-16));
#11577=DIRECTION('',(0.,-1.,0.));
#11578=DIRECTION('',(1.,0.,-1.38930611405528E-16));
#11579=DIRECTION('center_axis',(-1.,0.,0.));
#11580=DIRECTION('ref_axis',(0.,0.,1.));
#11581=DIRECTION('',(0.,0.,1.));
#11582=DIRECTION('',(0.,-1.,0.));
#11583=DIRECTION('',(0.,0.,-1.));
#11584=DIRECTION('center_axis',(0.,1.,0.));
#11585=DIRECTION('ref_axis',(1.,0.,0.));
#11586=DIRECTION('',(0.,0.,-1.));
#11587=DIRECTION('center_axis',(0.,1.,0.));
#11588=DIRECTION('ref_axis',(1.,0.,0.));
#11589=DIRECTION('center_axis',(0.,-1.,0.));
#11590=DIRECTION('ref_axis',(1.,0.,0.));
#11591=DIRECTION('center_axis',(0.,-1.,0.));
#11592=DIRECTION('ref_axis',(1.,0.,0.));
#11593=DIRECTION('center_axis',(1.,0.,0.));
#11594=DIRECTION('ref_axis',(0.,0.,-1.));
#11595=DIRECTION('',(0.,0.,1.));
#11596=DIRECTION('',(0.,-1.,0.));
#11597=DIRECTION('center_axis',(1.,0.,0.));
#11598=DIRECTION('ref_axis',(0.,0.,-1.));
#11599=DIRECTION('',(0.,0.,1.));
#11600=DIRECTION('',(0.,1.,0.));
#11601=DIRECTION('center_axis',(0.,1.,0.));
#11602=DIRECTION('ref_axis',(0.707106781186547,0.,-0.707106781186548));
#11603=DIRECTION('center_axis',(0.,1.,0.));
#11604=DIRECTION('ref_axis',(0.707106781186547,0.,-0.707106781186548));
#11605=DIRECTION('',(0.,-1.,0.));
#11606=DIRECTION('center_axis',(-1.38930611405528E-16,0.,-1.));
#11607=DIRECTION('ref_axis',(1.,0.,-1.38930611405528E-16));
#11608=DIRECTION('',(1.,0.,-1.38930611405528E-16));
#11609=DIRECTION('',(0.,1.,0.));
#11610=DIRECTION('',(0.,1.,0.));
#11611=DIRECTION('',(0.,1.,0.));
#11612=DIRECTION('center_axis',(0.,1.,0.));
#11613=DIRECTION('ref_axis',(-1.,0.,0.));
#11614=DIRECTION('center_axis',(0.,-1.,0.));
#11615=DIRECTION('ref_axis',(-1.,0.,0.));
#11616=DIRECTION('',(-0.897480530169539,0.,0.441054076011778));
#11617=DIRECTION('center_axis',(0.,1.,0.));
#11618=DIRECTION('ref_axis',(-1.,0.,0.));
#11619=DIRECTION('',(-0.897480530169539,0.,-0.441054076011778));
#11620=DIRECTION('',(0.897480530169539,0.,-0.441054076011778));
#11621=DIRECTION('center_axis',(0.,1.,0.));
#11622=DIRECTION('ref_axis',(-1.,0.,0.));
#11623=DIRECTION('',(0.897480530169539,0.,0.441054076011778));
#11624=DIRECTION('center_axis',(0.,-1.,0.));
#11625=DIRECTION('ref_axis',(-1.,0.,0.));
#11626=DIRECTION('center_axis',(0.,-1.,0.));
#11627=DIRECTION('ref_axis',(-1.,0.,0.));
#11628=DIRECTION('',(0.,1.,0.));
#11629=DIRECTION('center_axis',(-1.,0.,0.));
#11630=DIRECTION('ref_axis',(0.,0.,-1.));
#11631=DIRECTION('center_axis',(-1.,0.,0.));
#11632=DIRECTION('ref_axis',(0.,0.,-1.));
#11633=DIRECTION('center_axis',(0.,-1.,0.));
#11634=DIRECTION('ref_axis',(-1.,0.,0.));
#11635=DIRECTION('center_axis',(3.82422153090868E-19,-8.04324142609564E-19,
-1.));
#11636=DIRECTION('ref_axis',(0.,1.,-8.04324142609564E-19));
#11637=DIRECTION('',(0.,1.,0.));
#11638=DIRECTION('',(0.,1.,0.));
#11639=DIRECTION('center_axis',(1.50636775122907E-16,8.04324142609564E-19,
-1.));
#11640=DIRECTION('ref_axis',(1.,0.,1.50636775122907E-16));
#11641=DIRECTION('',(0.,1.,0.));
#11642=DIRECTION('',(0.,1.,0.));
#11643=DIRECTION('',(0.,1.,0.));
#11644=DIRECTION('',(0.,1.,0.));
#11645=DIRECTION('',(0.,1.,0.));
#11646=DIRECTION('',(0.,1.,0.));
#11647=DIRECTION('',(0.,1.,0.));
#11648=DIRECTION('center_axis',(0.,1.,0.));
#11649=DIRECTION('ref_axis',(-1.,0.,0.));
#11650=DIRECTION('center_axis',(0.,-1.,0.));
#11651=DIRECTION('ref_axis',(-1.,0.,0.));
#11652=DIRECTION('',(0.897480530169539,0.,-0.441054076011778));
#11653=DIRECTION('',(-0.897480530169539,0.,-0.441054076011778));
#11654=DIRECTION('center_axis',(0.,1.,0.));
#11655=DIRECTION('ref_axis',(-1.,0.,0.));
#11656=DIRECTION('',(0.,1.,0.));
#11657=DIRECTION('center_axis',(0.,1.,0.));
#11658=DIRECTION('ref_axis',(-1.,0.,0.));
#11659=DIRECTION('',(-0.897480530169539,0.,0.441054076011778));
#11660=DIRECTION('',(0.897480530169539,0.,0.441054076011778));
#11661=DIRECTION('center_axis',(0.,-1.,0.));
#11662=DIRECTION('ref_axis',(-1.,0.,0.));
#11663=DIRECTION('center_axis',(0.,1.,0.));
#11664=DIRECTION('ref_axis',(-1.,0.,0.));
#11665=DIRECTION('center_axis',(0.,-1.,0.));
#11666=DIRECTION('ref_axis',(-1.,0.,0.));
#11667=DIRECTION('',(0.,1.,0.));
#11668=DIRECTION('center_axis',(0.,-1.,0.));
#11669=DIRECTION('ref_axis',(-1.,0.,0.));
#11670=DIRECTION('',(0.,1.,0.));
#11671=DIRECTION('center_axis',(0.441054076011778,0.,-0.897480530169539));
#11672=DIRECTION('ref_axis',(0.897480530169539,0.,0.441054076011778));
#11673=DIRECTION('',(0.,-1.,0.));
#11674=DIRECTION('center_axis',(-0.441054076011778,0.,-0.897480530169539));
#11675=DIRECTION('ref_axis',(0.897480530169539,0.,-0.441054076011778));
#11676=DIRECTION('',(0.,-1.,0.));
#11677=DIRECTION('center_axis',(0.,-1.,0.));
#11678=DIRECTION('ref_axis',(-1.,0.,0.));
#11679=DIRECTION('',(0.,-1.,0.));
#11680=DIRECTION('center_axis',(-0.441054076011778,0.,0.897480530169539));
#11681=DIRECTION('ref_axis',(-0.897480530169539,0.,-0.441054076011778));
#11682=DIRECTION('center_axis',(0.441054076011778,0.,0.897480530169539));
#11683=DIRECTION('ref_axis',(-0.897480530169539,0.,0.441054076011778));
#11684=DIRECTION('',(0.,-1.,0.));
#11685=DIRECTION('center_axis',(0.,-1.,0.));
#11686=DIRECTION('ref_axis',(1.,0.,-1.22464679914735E-16));
#11687=DIRECTION('center_axis',(1.,0.,0.));
#11688=DIRECTION('ref_axis',(0.,0.,-1.));
#11689=DIRECTION('',(0.,1.,0.));
#11690=DIRECTION('',(0.,0.,1.));
#11691=DIRECTION('',(0.,1.,0.));
#11692=DIRECTION('center_axis',(1.,0.,0.));
#11693=DIRECTION('ref_axis',(0.,0.,-1.));
#11694=DIRECTION('',(0.,0.,1.));
#11695=DIRECTION('center_axis',(-1.,0.,0.));
#11696=DIRECTION('ref_axis',(0.,0.,1.));
#11697=DIRECTION('',(0.,0.,-1.));
#11698=DIRECTION('center_axis',(-1.,0.,0.));
#11699=DIRECTION('ref_axis',(0.,0.,1.));
#11700=DIRECTION('',(0.,0.,-1.));
#11701=DIRECTION('center_axis',(0.,1.,0.));
#11702=DIRECTION('ref_axis',(1.,0.,0.));
#11703=DIRECTION('center_axis',(0.,-1.,0.));
#11704=DIRECTION('ref_axis',(1.,0.,0.));
#11705=DIRECTION('center_axis',(0.,1.,0.));
#11706=DIRECTION('ref_axis',(1.,0.,0.));
#11707=DIRECTION('',(0.,-1.,0.));
#11708=DIRECTION('center_axis',(0.,1.,0.));
#11709=DIRECTION('ref_axis',(1.,0.,0.));
#11710=DIRECTION('',(0.,-1.,0.));
#11711=DIRECTION('center_axis',(0.,1.,0.));
#11712=DIRECTION('ref_axis',(1.,0.,0.));
#11713=DIRECTION('axis',(0.,0.,1.));
#11714=DIRECTION('refdir',(1.,0.,0.));
#11715=DIRECTION('axis',(0.,0.,1.));
#11716=DIRECTION('refdir',(1.,0.,0.));
#11717=DIRECTION('center_axis',(1.48029736616688E-15,1.,0.));
#11718=DIRECTION('ref_axis',(1.,-9.01050570710272E-16,0.));
#11719=DIRECTION('center_axis',(1.48029736616688E-15,1.,0.));
#11720=DIRECTION('ref_axis',(1.,-1.48029736616688E-15,0.));
#11721=DIRECTION('',(0.707106781186535,-0.70710678118656,-8.65956056235479E-17));
#11722=DIRECTION('center_axis',(-1.48029736616688E-15,-1.,0.));
#11723=DIRECTION('ref_axis',(1.,0.,0.));
#11724=DIRECTION('center_axis',(0.,-1.,0.));
#11725=DIRECTION('ref_axis',(1.,0.,0.));
#11726=DIRECTION('center_axis',(1.22464674570954E-16,1.,1.97601576096109E-55));
#11727=DIRECTION('ref_axis',(1.,0.,0.));
#11728=DIRECTION('',(0.,1.,0.));
#11729=DIRECTION('center_axis',(1.48029736616688E-15,1.,0.));
#11730=DIRECTION('ref_axis',(-1.,1.48029736616688E-15,0.));
#11731=DIRECTION('',(-1.,1.48029736616688E-15,0.));
#11732=DIRECTION('',(0.,0.,1.));
#11733=DIRECTION('',(1.,0.,0.));
#11734=DIRECTION('center_axis',(1.48029736616688E-15,1.,0.));
#11735=DIRECTION('ref_axis',(0.590699631821681,0.,-0.806891532342316));
#11736=DIRECTION('',(0.302147889931461,-3.70024430127568E-17,0.953261062149276));
#11737=DIRECTION('center_axis',(1.22464674570954E-16,1.,1.97601576096109E-55));
#11738=DIRECTION('ref_axis',(1.,-1.22464674570954E-16,0.));
#11739=DIRECTION('',(0.302147889931461,-3.70024430127568E-17,-0.953261062149276));
#11740=DIRECTION('center_axis',(1.48029736616688E-15,1.,0.));
#11741=DIRECTION('ref_axis',(-0.590699631821681,0.,-0.806891532342316));
#11742=DIRECTION('',(-1.,1.48029736616688E-15,0.));
#11743=DIRECTION('',(0.,0.,1.));
#11744=DIRECTION('',(1.,-1.22464674570954E-16,0.));
#11745=DIRECTION('center_axis',(1.48029736616688E-15,1.,0.));
#11746=DIRECTION('ref_axis',(0.806891532342316,0.,-0.590699631821681));
#11747=DIRECTION('',(-0.302147889931461,3.70024430127567E-17,0.953261062149276));
#11748=DIRECTION('center_axis',(1.48029736616688E-15,1.,0.));
#11749=DIRECTION('ref_axis',(0.349718097556093,0.,0.936854979301357));
#11750=DIRECTION('center_axis',(1.22464674570954E-16,1.,1.97601576096109E-55));
#11751=DIRECTION('ref_axis',(1.,-1.22464674570954E-16,0.));
#11752=DIRECTION('center_axis',(1.48029736616688E-15,1.,0.));
#11753=DIRECTION('ref_axis',(-0.349718097556094,0.,0.936854979301357));
#11754=DIRECTION('',(-0.302147889931461,3.70024430127568E-17,-0.953261062149276));
#11755=DIRECTION('center_axis',(1.48029736616688E-15,1.,0.));
#11756=DIRECTION('ref_axis',(-0.806891532342316,0.,-0.590699631821681));
#11757=DIRECTION('center_axis',(-2.46519032881566E-32,-1.,4.93038065763132E-32));
#11758=DIRECTION('ref_axis',(0.,0.,-1.));
#11759=DIRECTION('center_axis',(2.46519032881566E-32,1.,-4.93038065763132E-32));
#11760=DIRECTION('ref_axis',(1.,-2.46519032881566E-32,-2.19128029228059E-32));
#11761=DIRECTION('center_axis',(-1.,2.46519032881566E-32,-1.22464679914735E-16));
#11762=DIRECTION('ref_axis',(-1.22464679914735E-16,0.,1.));
#11763=DIRECTION('center_axis',(-2.46519032881566E-32,-1.,4.93038065763132E-32));
#11764=DIRECTION('ref_axis',(1.,0.,-2.19128029228059E-32));
#11765=DIRECTION('center_axis',(-2.46519032881566E-32,-1.,4.93038065763132E-32));
#11766=DIRECTION('ref_axis',(1.,0.,-2.19128029228059E-32));
#11767=DIRECTION('center_axis',(0.,-1.,0.));
#11768=DIRECTION('ref_axis',(1.,0.,-2.58886651392277E-33));
#11769=DIRECTION('',(0.,1.,0.));
#11770=DIRECTION('center_axis',(0.,1.,0.));
#11771=DIRECTION('ref_axis',(1.,0.,0.));
#11772=DIRECTION('center_axis',(0.,1.,0.));
#11773=DIRECTION('ref_axis',(1.,0.,0.));
#11774=DIRECTION('center_axis',(-2.46519032881566E-32,-1.,4.93038065763132E-32));
#11775=DIRECTION('ref_axis',(1.,-2.46519032881566E-32,-2.58886651392277E-33));
#11776=DIRECTION('center_axis',(2.46519032881566E-32,1.,-4.93038065763132E-32));
#11777=DIRECTION('ref_axis',(1.,-2.46519032881566E-32,-2.58886651392277E-33));
#11778=DIRECTION('center_axis',(0.,1.,0.));
#11779=DIRECTION('ref_axis',(0.,0.,1.));
#11780=DIRECTION('center_axis',(-1.,0.,1.22464679914735E-16));
#11781=DIRECTION('ref_axis',(-1.22464679914735E-16,0.,-1.));
#11782=DIRECTION('center_axis',(0.,-1.,0.));
#11783=DIRECTION('ref_axis',(1.,0.,0.));
#11784=DIRECTION('center_axis',(0.,-1.,0.));
#11785=DIRECTION('ref_axis',(1.,0.,0.));
#11786=DIRECTION('',(-1.,1.48029736616688E-15,0.));
#11787=DIRECTION('',(0.,0.,1.));
#11788=DIRECTION('',(-1.,0.,0.));
#11789=DIRECTION('center_axis',(0.,-1.,0.));
#11790=DIRECTION('ref_axis',(-0.590699631821681,0.,-0.806891532342316));
#11791=DIRECTION('',(-0.302147889931461,3.70024430127568E-17,0.953261062149276));
#11792=DIRECTION('center_axis',(-1.22464674570954E-16,-1.,-1.97601576096109E-55));
#11793=DIRECTION('ref_axis',(1.,-1.22464674570954E-16,0.));
#11794=DIRECTION('',(-0.302147889931461,3.70024430127568E-17,-0.953261062149276));
#11795=DIRECTION('center_axis',(0.,-1.,0.));
#11796=DIRECTION('ref_axis',(0.590699631821681,0.,-0.806891532342316));
#11797=DIRECTION('',(1.,-1.48029736616688E-15,0.));
#11798=DIRECTION('',(0.,0.,1.));
#11799=DIRECTION('',(-1.,1.22464674570954E-16,0.));
#11800=DIRECTION('center_axis',(0.,-1.,0.));
#11801=DIRECTION('ref_axis',(-0.806891532342316,0.,-0.590699631821681));
#11802=DIRECTION('',(0.302147889931461,-3.70024430127568E-17,0.953261062149276));
#11803=DIRECTION('center_axis',(0.,-1.,0.));
#11804=DIRECTION('ref_axis',(-0.349718097556094,0.,0.936854979301357));
#11805=DIRECTION('center_axis',(-1.22464674570954E-16,-1.,-1.97601576096109E-55));
#11806=DIRECTION('ref_axis',(1.,-1.22464674570954E-16,0.));
#11807=DIRECTION('center_axis',(0.,-1.,0.));
#11808=DIRECTION('ref_axis',(0.349718097556093,0.,0.936854979301357));
#11809=DIRECTION('',(0.302147889931461,-3.70024430127567E-17,-0.953261062149276));
#11810=DIRECTION('center_axis',(0.,-1.,0.));
#11811=DIRECTION('ref_axis',(0.806891532342316,0.,-0.590699631821681));
#11812=DIRECTION('center_axis',(-2.46519032881566E-32,-1.,4.93038065763132E-32));
#11813=DIRECTION('ref_axis',(1.,-2.46519032881566E-32,-2.58886651392277E-33));
#11814=DIRECTION('center_axis',(2.46519032881566E-32,1.,-4.93038065763132E-32));
#11815=DIRECTION('ref_axis',(1.,-2.46519032881566E-32,-2.58886651392277E-33));
#11816=DIRECTION('center_axis',(0.,-1.,0.));
#11817=DIRECTION('ref_axis',(1.,0.,-2.58886651392277E-33));
#11818=DIRECTION('',(0.,1.,0.));
#11819=DIRECTION('center_axis',(0.,-1.,0.));
#11820=DIRECTION('ref_axis',(-0.349718097556094,0.,0.936854979301357));
#11821=DIRECTION('',(0.,-1.,0.));
#11822=DIRECTION('',(0.,1.,0.));
#11823=DIRECTION('center_axis',(0.,-1.,0.));
#11824=DIRECTION('ref_axis',(1.,0.,0.));
#11825=DIRECTION('',(0.,1.,0.));
#11826=DIRECTION('center_axis',(0.,-1.,0.));
#11827=DIRECTION('ref_axis',(0.349718097556093,0.,0.936854979301357));
#11828=DIRECTION('',(0.,-1.,0.));
#11829=DIRECTION('center_axis',(-0.953261062149276,0.,-0.302147889931461));
#11830=DIRECTION('ref_axis',(0.302147889931461,-3.70024430127567E-17,-0.953261062149276));
#11831=DIRECTION('',(0.,1.,0.));
#11832=DIRECTION('center_axis',(0.,1.,0.));
#11833=DIRECTION('ref_axis',(-0.590699631821681,0.,-0.806891532342316));
#11834=DIRECTION('',(0.,1.,0.));
#11835=DIRECTION('',(0.,-1.,0.));
#11836=DIRECTION('center_axis',(0.,0.,-1.));
#11837=DIRECTION('ref_axis',(1.,0.,0.));
#11838=DIRECTION('center_axis',(0.,0.,1.));
#11839=DIRECTION('ref_axis',(2.22044604925032E-15,1.,0.));
#11840=DIRECTION('center_axis',(0.,0.,-1.));
#11841=DIRECTION('ref_axis',(1.,0.,0.));
#11842=DIRECTION('center_axis',(0.,1.,0.));
#11843=DIRECTION('ref_axis',(0.806891532342316,0.,-0.590699631821681));
#11844=DIRECTION('',(0.,-1.,0.));
#11845=DIRECTION('center_axis',(0.,1.,0.));
#11846=DIRECTION('ref_axis',(0.590699631821681,0.,-0.806891532342316));
#11847=DIRECTION('',(0.,1.,0.));
#11848=DIRECTION('',(0.,-1.,0.));
#11849=DIRECTION('center_axis',(-0.953261062149276,0.,0.302147889931461));
#11850=DIRECTION('ref_axis',(-0.302147889931461,3.70024430127568E-17,-0.953261062149276));
#11851=DIRECTION('',(0.,-1.,0.));
#11852=DIRECTION('center_axis',(0.,-1.,0.));
#11853=DIRECTION('ref_axis',(-0.806891532342316,0.,-0.590699631821681));
#11854=DIRECTION('',(0.,-1.,0.));
#11855=DIRECTION('',(0.,1.,0.));
#11856=DIRECTION('center_axis',(0.953261062149276,0.,-0.302147889931461));
#11857=DIRECTION('ref_axis',(0.302147889931461,-3.70024430127568E-17,0.953261062149276));
#11858=DIRECTION('center_axis',(0.953261062149276,0.,0.302147889931461));
#11859=DIRECTION('ref_axis',(-0.302147889931461,3.70024430127568E-17,0.953261062149276));
#11860=DIRECTION('',(0.,-1.,0.));
#11861=DIRECTION('center_axis',(0.,0.,1.));
#11862=DIRECTION('ref_axis',(-1.,1.22464674570954E-16,0.));
#11863=DIRECTION('center_axis',(0.,-1.,0.));
#11864=DIRECTION('ref_axis',(1.,0.,0.));
#11865=DIRECTION('center_axis',(0.,0.,1.));
#11866=DIRECTION('ref_axis',(1.,0.,0.));
#11867=DIRECTION('',(0.,0.,-1.));
#11868=DIRECTION('center_axis',(0.,0.,1.));
#11869=DIRECTION('ref_axis',(1.,0.,0.));
#11870=DIRECTION('center_axis',(0.,0.,1.));
#11871=DIRECTION('ref_axis',(2.22044604925032E-15,1.,0.));
#11872=DIRECTION('center_axis',(0.,0.,-1.));
#11873=DIRECTION('ref_axis',(2.22044604925032E-15,1.,0.));
#11874=DIRECTION('center_axis',(0.,0.,-1.));
#11875=DIRECTION('ref_axis',(1.,0.,0.));
#11876=DIRECTION('center_axis',(0.,0.,-1.));
#11877=DIRECTION('ref_axis',(0.,-1.,0.));
#11878=DIRECTION('center_axis',(0.,0.,1.));
#11879=DIRECTION('ref_axis',(1.,0.,0.));
#11880=DIRECTION('center_axis',(0.,0.,-1.));
#11881=DIRECTION('ref_axis',(1.,0.,0.));
#11882=DIRECTION('center_axis',(0.,0.,1.));
#11883=DIRECTION('ref_axis',(0.,-1.,0.));
#11884=DIRECTION('center_axis',(0.,0.,-1.));
#11885=DIRECTION('ref_axis',(1.,0.,0.));
#11886=DIRECTION('center_axis',(0.,0.,1.));
#11887=DIRECTION('ref_axis',(1.,0.,0.));
#11888=DIRECTION('',(0.,0.,-1.));
#11889=DIRECTION('center_axis',(0.,0.,1.));
#11890=DIRECTION('ref_axis',(0.,-1.,0.));
#11891=DIRECTION('axis',(0.,0.,1.));
#11892=DIRECTION('refdir',(1.,0.,0.));
#11893=DIRECTION('center_axis',(0.,0.,1.));
#11894=DIRECTION('ref_axis',(-1.,0.,0.));
#11895=DIRECTION('center_axis',(5.39703273470886E-16,0.,1.));
#11896=DIRECTION('ref_axis',(-1.,0.,8.05807313435313E-16));
#11897=DIRECTION('',(-0.707106781186548,8.65956056235494E-17,-0.707106781186547));
#11898=DIRECTION('center_axis',(-5.39703273470886E-16,0.,-1.));
#11899=DIRECTION('ref_axis',(-1.,0.,0.));
#11900=DIRECTION('center_axis',(-0.0695873743168841,-0.0695873743166052,
-0.995145815783497));
#11901=DIRECTION('ref_axis',(-0.70367435461134,-0.70367435460852,0.0984114085286742));
#11902=DIRECTION('',(0.0695873743168841,0.0695873743166052,0.995145815783497));
#11903=DIRECTION('center_axis',(0.,0.,-1.));
#11904=DIRECTION('ref_axis',(-0.707106781187965,-0.707106781185131,0.));
#11905=DIRECTION('',(-0.0695873743168841,-0.0695873743166052,-0.995145815783497));
#11906=DIRECTION('center_axis',(8.41194969287864E-13,0.997564050259824,
-0.0697564737441253));
#11907=DIRECTION('ref_axis',(1.,-8.43249081669259E-13,0.));
#11908=DIRECTION('center_axis',(8.41194969287864E-13,0.997564050259824,
-0.0697564737441253));
#11909=DIRECTION('ref_axis',(0.,-0.0697564737441253,-0.997564050259824));
#11910=DIRECTION('',(-1.,8.43249081669259E-13,0.));
#11911=DIRECTION('',(0.558255612233307,0.0578747847328512,0.827647981150285));
#11912=DIRECTION('center_axis',(0.829037572555042,-4.60208300664627E-16,
-0.559192903470747));
#11913=DIRECTION('ref_axis',(-5.55111512312155E-16,-1.,0.));
#11914=DIRECTION('center_axis',(0.829037572555042,-4.60208300664627E-16,
-0.559192903470747));
#11915=DIRECTION('ref_axis',(0.,-1.,8.22986661326081E-16));
#11916=DIRECTION('',(-5.55111512312155E-16,-1.,0.));
#11917=DIRECTION('',(-0.558255612233223,0.0578747847354491,-0.82764798115016));
#11918=DIRECTION('center_axis',(-3.81647440684819E-12,-0.997564050259824,
-0.0697564737441253));
#11919=DIRECTION('ref_axis',(-1.,3.82579384837911E-12,0.));
#11920=DIRECTION('center_axis',(-3.81647440684819E-12,-0.997564050259824,
-0.0697564737441253));
#11921=DIRECTION('ref_axis',(0.,-0.0697564737441253,0.997564050259824));
#11922=DIRECTION('',(1.,-3.82579384837911E-12,0.));
#11923=DIRECTION('',(0.0695873743166831,-0.0695873743169295,0.995145815783489));
#11924=DIRECTION('center_axis',(-0.0695873743166831,0.0695873743169295,
-0.995145815783489));
#11925=DIRECTION('ref_axis',(-0.703674354608678,0.70367435461117,0.0984114085287614));
#11926=DIRECTION('center_axis',(0.,0.,-1.));
#11927=DIRECTION('ref_axis',(-0.707106781185296,0.7071067811878,0.));
#11928=DIRECTION('',(-0.0695873743166831,0.0695873743169295,-0.995145815783489));
#11929=DIRECTION('center_axis',(0.997564050259824,2.83732415479407E-13,
-0.0697564737441253));
#11930=DIRECTION('ref_axis',(2.84425261120333E-13,-1.,0.));
#11931=DIRECTION('center_axis',(0.997564050259824,2.83732415479407E-13,
-0.0697564737441253));
#11932=DIRECTION('ref_axis',(0.0697564737441253,0.,0.997564050259824));
#11933=DIRECTION('',(-2.84425261120333E-13,1.,0.));
#11934=DIRECTION('',(0.0578747847334787,-0.558255612233287,0.827647981150254));
#11935=DIRECTION('center_axis',(-9.20416601329255E-16,-0.829037572555042,
-0.559192903470747));
#11936=DIRECTION('ref_axis',(-1.,1.11022302462431E-15,-9.86076131526265E-32));
#11937=DIRECTION('center_axis',(-9.20416601329255E-16,-0.829037572555042,
-0.559192903470747));
#11938=DIRECTION('ref_axis',(0.,-0.559192903470747,0.829037572555042));
#11939=DIRECTION('',(-1.,1.11022302462431E-15,0.));
#11940=DIRECTION('',(0.057874784731172,0.558255612233361,-0.827647981150365));
#11941=DIRECTION('center_axis',(-0.997564050259824,-3.85198422122782E-12,
-0.0697564737441253));
#11942=DIRECTION('ref_axis',(-3.86139037410635E-12,1.,0.));
#11943=DIRECTION('center_axis',(-0.997564050259824,-3.85198422122782E-12,
-0.0697564737441253));
#11944=DIRECTION('ref_axis',(0.0697564737441253,0.,-0.997564050259824));
#11945=DIRECTION('',(3.86139037410635E-12,-1.,0.));
#11946=DIRECTION('',(-0.0695873743163951,-0.0695873743171067,0.995145815783496));
#11947=DIRECTION('center_axis',(0.0695873743168907,-0.0695873743166932,
-0.995145815783491));
#11948=DIRECTION('ref_axis',(0.703674354610924,-0.703674354608927,0.0984114085287412));
#11949=DIRECTION('',(-0.0695873743168907,0.0695873743166932,0.995145815783491));
#11950=DIRECTION('center_axis',(0.,0.,-1.));
#11951=DIRECTION('ref_axis',(0.707106781187551,-0.707106781185544,0.));
#11952=DIRECTION('',(0.0695873743168907,-0.0695873743166932,-0.995145815783491));
#11953=DIRECTION('center_axis',(-0.997564050259824,-3.25780050459487E-12,
-0.0697564737441253));
#11954=DIRECTION('ref_axis',(-3.26575572139588E-12,1.,0.));
#11955=DIRECTION('center_axis',(-0.997564050259824,-3.25780050459487E-12,
-0.0697564737441253));
#11956=DIRECTION('ref_axis',(0.0697564737441253,0.,-0.997564050259824));
#11957=DIRECTION('',(3.26575572139588E-12,-1.,0.));
#11958=DIRECTION('',(-0.0578747847351374,0.558255612233233,0.827647981150175));
#11959=DIRECTION('center_axis',(0.0695873743163951,0.0695873743171067,-0.995145815783497));
#11960=DIRECTION('ref_axis',(0.703674354606332,0.703674354613527,0.098411408528683));
#11961=DIRECTION('center_axis',(0.,0.,-1.));
#11962=DIRECTION('ref_axis',(0.707106781182933,0.707106781190162,0.));
#11963=DIRECTION('',(0.0695873743163951,0.0695873743171067,-0.995145815783496));
#11964=DIRECTION('center_axis',(6.34801960451272E-12,-0.997564050259824,
-0.0697564737441254));
#11965=DIRECTION('ref_axis',(-1.,-6.36352082140422E-12,0.));
#11966=DIRECTION('center_axis',(6.34801960451272E-12,-0.997564050259824,
-0.0697564737441254));
#11967=DIRECTION('ref_axis',(0.,-0.0697564737441254,0.997564050259824));
#11968=DIRECTION('',(1.,6.36352082140422E-12,0.));
#11969=DIRECTION('',(-0.558255612233177,-0.057874784736861,0.827647981150092));
#11970=DIRECTION('center_axis',(0.997564050259824,-3.15604723531907E-12,
-0.0697564737441253));
#11971=DIRECTION('ref_axis',(-3.16375398100708E-12,-1.,0.));
#11972=DIRECTION('center_axis',(0.997564050259824,-3.15604723531907E-12,
-0.0697564737441253));
#11973=DIRECTION('ref_axis',(0.0697564737441253,0.,0.997564050259824));
#11974=DIRECTION('',(-0.0578747847350807,-0.558255612233235,-0.827647981150177));
#11975=DIRECTION('',(3.16375398100708E-12,1.,0.));
#11976=DIRECTION('center_axis',(4.60208300661164E-16,0.829037572555042,
-0.559192903470747));
#11977=DIRECTION('ref_axis',(1.,-5.55111512307978E-16,0.));
#11978=DIRECTION('center_axis',(4.60208300661164E-16,0.829037572555042,
-0.559192903470747));
#11979=DIRECTION('ref_axis',(0.,-0.559192903470747,-0.829037572555042));
#11980=DIRECTION('',(1.,-5.55111512307978E-16,0.));
#11981=DIRECTION('center_axis',(4.27363730952946E-13,0.997564050259824,
-0.0697564737441253));
#11982=DIRECTION('ref_axis',(1.,-4.28407309627523E-13,0.));
#11983=DIRECTION('center_axis',(4.27363730952946E-13,0.997564050259824,
-0.0697564737441253));
#11984=DIRECTION('ref_axis',(0.,-0.0697564737441253,-0.997564050259824));
#11985=DIRECTION('',(0.558255612233284,-0.0578747847335588,-0.82764798115025));
#11986=DIRECTION('',(-1.,4.28407309627523E-13,0.));
#11987=DIRECTION('center_axis',(-0.829037572555042,4.60208300667665E-16,
-0.559192903470747));
#11988=DIRECTION('ref_axis',(5.55111512315819E-16,1.,0.));
#11989=DIRECTION('center_axis',(-0.829037572555042,4.60208300667665E-16,
-0.559192903470747));
#11990=DIRECTION('ref_axis',(0.,-1.,-8.22986661331513E-16));
#11991=DIRECTION('',(5.55111512315819E-16,1.,0.));
#11992=DIRECTION('center_axis',(-0.829037572555042,4.60208300667665E-16,
-0.559192903470747));
#11993=DIRECTION('ref_axis',(0.,-1.,-8.22986661331513E-16));
#11994=DIRECTION('center_axis',(0.,0.,1.));
#11995=DIRECTION('ref_axis',(1.,0.,0.));
#11996=DIRECTION('center_axis',(-5.39703273470886E-16,0.,-1.));
#11997=DIRECTION('ref_axis',(-1.,0.,8.05807313435313E-16));
#11998=DIRECTION('center_axis',(-5.39703273470886E-16,0.,-1.));
#11999=DIRECTION('ref_axis',(1.,0.,-5.39703273470886E-16));
#12000=DIRECTION('',(5.39703273470886E-16,0.,1.));
#12001=DIRECTION('center_axis',(-5.39703273470886E-16,0.,-1.));
#12002=DIRECTION('ref_axis',(1.,0.,-5.39703273470886E-16));
#12003=DIRECTION('center_axis',(5.39703273470886E-16,0.,1.));
#12004=DIRECTION('ref_axis',(1.,0.,-5.39703273470886E-16));
#12005=DIRECTION('center_axis',(-5.39703273470886E-16,0.,-1.));
#12006=DIRECTION('ref_axis',(-1.,0.,8.05807313435313E-16));
#12007=DIRECTION('center_axis',(-5.39703273470886E-16,0.,-1.));
#12008=DIRECTION('ref_axis',(-1.,0.,8.05807313435313E-16));
#12009=DIRECTION('',(5.39703273470886E-16,0.,1.));
#12010=DIRECTION('center_axis',(-5.39703273470886E-16,0.,-1.));
#12011=DIRECTION('ref_axis',(-1.,0.,5.39703273470886E-16));
#12012=DIRECTION('center_axis',(6.12323399573678E-17,0.,1.));
#12013=DIRECTION('ref_axis',(1.,0.,0.));
#12014=DIRECTION('center_axis',(1.22464679914735E-16,-1.,0.));
#12015=DIRECTION('ref_axis',(-1.,-1.22464679914735E-16,0.));
#12016=DIRECTION('center_axis',(-5.39703273470886E-16,0.,-1.));
#12017=DIRECTION('ref_axis',(1.,0.,-5.39703273470886E-16));
#12018=DIRECTION('center_axis',(-5.39703273470886E-16,0.,-1.));
#12019=DIRECTION('ref_axis',(1.,0.,-5.39703273470886E-16));
#12020=DIRECTION('center_axis',(-5.39703273470886E-16,0.,-1.));
#12021=DIRECTION('ref_axis',(-1.,0.,8.05807313435313E-16));
#12022=DIRECTION('center_axis',(-5.39703273470886E-16,0.,-1.));
#12023=DIRECTION('ref_axis',(1.,0.,-5.39703273470886E-16));
#12024=DIRECTION('',(-0.0871557427476557,1.06735001383227E-17,0.996194698091746));
#12025=DIRECTION('center_axis',(-5.39703273470886E-16,0.,-1.));
#12026=DIRECTION('ref_axis',(-1.,0.,5.39703273470886E-16));
#12027=DIRECTION('axis',(0.,0.,1.));
#12028=DIRECTION('refdir',(1.,0.,0.));
#12029=DIRECTION('center_axis',(0.,0.,-1.));
#12030=DIRECTION('ref_axis',(-1.,0.,0.));
#12031=DIRECTION('center_axis',(0.,0.,-1.));
#12032=DIRECTION('ref_axis',(-1.,0.,0.));
#12033=DIRECTION('',(0.500000000000001,-6.12323399573677E-17,-0.866025403784438));
#12034=DIRECTION('center_axis',(0.,0.,1.));
#12035=DIRECTION('ref_axis',(-1.,0.,0.));
#12036=DIRECTION('center_axis',(0.,0.,1.));
#12037=DIRECTION('ref_axis',(-1.,0.,0.));
#12038=DIRECTION('center_axis',(0.,0.,-1.));
#12039=DIRECTION('ref_axis',(-1.,0.,0.));
#12040=DIRECTION('',(-0.500000000000001,6.12323399573677E-17,-0.866025403784438));
#12041=DIRECTION('center_axis',(0.,0.,1.));
#12042=DIRECTION('ref_axis',(-1.,0.,0.));
#12043=DIRECTION('center_axis',(0.499999999999999,-0.866025403784439,0.));
#12044=DIRECTION('ref_axis',(-0.866025403784439,-0.499999999999999,0.));
#12045=DIRECTION('',(0.,0.,1.));
#12046=DIRECTION('',(0.,0.,-1.));
#12047=DIRECTION('center_axis',(1.,-9.60485356035487E-16,0.));
#12048=DIRECTION('ref_axis',(-9.60485356035487E-16,-1.,0.));
#12049=DIRECTION('',(0.,0.,1.));
#12050=DIRECTION('center_axis',(0.,0.,1.));
#12051=DIRECTION('ref_axis',(-1.,0.,0.));
#12052=DIRECTION('center_axis',(0.,0.,-1.));
#12053=DIRECTION('ref_axis',(1.,0.,0.));
#12054=DIRECTION('',(0.866025403784439,-1.06057523872491E-16,0.5));
#12055=DIRECTION('center_axis',(-0.500000000000001,-0.866025403784438,0.));
#12056=DIRECTION('ref_axis',(-0.866025403784438,0.500000000000001,0.));
#12057=DIRECTION('',(0.,0.,1.));
#12058=DIRECTION('center_axis',(-1.,1.08295003595022E-15,0.));
#12059=DIRECTION('ref_axis',(1.08295003595022E-15,1.,0.));
#12060=DIRECTION('',(0.,0.,1.));
#12061=DIRECTION('center_axis',(-0.499999999999999,0.866025403784439,0.));
#12062=DIRECTION('ref_axis',(0.866025403784439,0.499999999999999,0.));
#12063=DIRECTION('',(0.,0.,1.));
#12064=DIRECTION('center_axis',(0.500000000000001,0.866025403784438,0.));
#12065=DIRECTION('ref_axis',(0.866025403784438,-0.500000000000001,0.));
#12066=DIRECTION('center_axis',(0.,0.,1.));
#12067=DIRECTION('ref_axis',(1.,0.,0.));
#12068=DIRECTION('center_axis',(0.,0.,-1.));
#12069=DIRECTION('ref_axis',(1.,0.,0.));
#12070=DIRECTION('center_axis',(0.,0.,-1.));
#12071=DIRECTION('ref_axis',(-1.,0.,0.));
#12072=DIRECTION('',(-0.866025403784439,1.06057523872491E-16,0.499999999999999));
#12073=DIRECTION('center_axis',(0.,0.,-1.));
#12074=DIRECTION('ref_axis',(-1.,0.,0.));
#12075=DIRECTION('center_axis',(0.,0.,-1.));
#12076=DIRECTION('ref_axis',(-1.,0.,0.));
#12077=DIRECTION('',(0.,0.,1.));
#12078=DIRECTION('axis',(0.,0.,1.));
#12079=DIRECTION('refdir',(1.,0.,0.));
#12080=DIRECTION('center_axis',(0.,0.,1.));
#12081=DIRECTION('ref_axis',(-1.,0.,0.));
#12082=DIRECTION('center_axis',(1.03505732191264E-15,0.,1.));
#12083=DIRECTION('ref_axis',(-1.,0.,1.28402005901463E-15));
#12084=DIRECTION('',(-0.70710678118656,8.65956056235509E-17,-0.707106781186535));
#12085=DIRECTION('center_axis',(-1.03505732191264E-15,0.,-1.));
#12086=DIRECTION('ref_axis',(-1.,0.,0.));
#12087=DIRECTION('center_axis',(-0.0695873743168827,-0.0695873743168803,
-0.995145815783478));
#12088=DIRECTION('ref_axis',(-0.703674354609929,-0.703674354609904,0.0984114085288669));
#12089=DIRECTION('',(0.0695873743168827,0.0695873743168803,0.995145815783478));
#12090=DIRECTION('center_axis',(0.,0.,-1.));
#12091=DIRECTION('ref_axis',(-0.70710678118656,-0.707106781186535,0.));
#12092=DIRECTION('',(-0.0695873743168827,-0.0695873743168803,-0.995145815783478));
#12093=DIRECTION('center_axis',(-3.12181798929647E-12,0.997564050259824,
-0.0697564737441253));
#12094=DIRECTION('ref_axis',(1.,3.1294411506543E-12,0.));
#12095=DIRECTION('center_axis',(-3.12181798929647E-12,0.997564050259824,
-0.0697564737441253));
#12096=DIRECTION('ref_axis',(0.,-0.0697564737441253,-0.997564050259824));
#12097=DIRECTION('',(-1.,-3.1294411506543E-12,0.));
#12098=DIRECTION('',(0.558255612233198,0.0578747847350633,0.827647981150203));
#12099=DIRECTION('center_axis',(0.829037572555042,7.68292190827044E-13,
-0.559192903470747));
#12100=DIRECTION('ref_axis',(9.26727830270967E-13,-1.,0.));
#12101=DIRECTION('center_axis',(0.829037572555042,7.68292190827044E-13,
-0.559192903470747));
#12102=DIRECTION('ref_axis',(0.,-1.,-1.37393050959424E-12));
#12103=DIRECTION('',(9.26727830270967E-13,-1.,0.));
#12104=DIRECTION('',(-0.558255612233288,0.0578747847345571,-0.827647981150178));
#12105=DIRECTION('center_axis',(-2.22038887883988E-12,-0.997564050259824,
-0.0697564737441253));
#12106=DIRECTION('ref_axis',(-1.,2.22581084218257E-12,0.));
#12107=DIRECTION('center_axis',(-2.22038887883988E-12,-0.997564050259824,
-0.0697564737441253));
#12108=DIRECTION('ref_axis',(0.,-0.0697564737441253,0.997564050259824));
#12109=DIRECTION('',(1.,-2.22581084218257E-12,0.));
#12110=DIRECTION('',(0.0695873743164845,-0.0695873743168197,0.99514581578351));
#12111=DIRECTION('center_axis',(-0.0695873743164845,0.0695873743168197,
-0.99514581578351));
#12112=DIRECTION('ref_axis',(-0.703674354608245,0.703674354611634,0.0984114085285425));
#12113=DIRECTION('center_axis',(0.,0.,-1.));
#12114=DIRECTION('ref_axis',(-0.707106781184845,0.70710678118825,0.));
#12115=DIRECTION('',(-0.0695873743164845,0.0695873743168197,-0.99514581578351));
#12116=DIRECTION('center_axis',(0.997564050259824,-2.58392159699926E-12,
-0.0697564737441253));
#12117=DIRECTION('ref_axis',(-2.59023127018887E-12,-1.,0.));
#12118=DIRECTION('center_axis',(0.997564050259824,-2.58392159699926E-12,
-0.0697564737441253));
#12119=DIRECTION('ref_axis',(0.0697564737441253,0.,0.997564050259824));
#12120=DIRECTION('',(2.59023127018887E-12,1.,0.));
#12121=DIRECTION('',(0.0578747847318632,-0.55825561223368,0.827647981150102));
#12122=DIRECTION('center_axis',(-7.10084363170789E-12,-0.829037572555042,
-0.559192903470747));
#12123=DIRECTION('ref_axis',(-1.,8.56516503808571E-12,0.));
#12124=DIRECTION('center_axis',(-7.10084363170789E-12,-0.829037572555042,
-0.559192903470747));
#12125=DIRECTION('ref_axis',(0.,-0.559192903470747,0.829037572555042));
#12126=DIRECTION('',(-1.,8.56516503808571E-12,0.));
#12127=DIRECTION('',(0.0578747847295502,0.558255612233073,-0.827647981150673));
#12128=DIRECTION('center_axis',(-0.997564050259824,-6.78851845445045E-12,
-0.0697564737441253));
#12129=DIRECTION('ref_axis',(-6.80509532463838E-12,1.,0.));
#12130=DIRECTION('center_axis',(-0.997564050259824,-6.78851845445045E-12,
-0.0697564737441253));
#12131=DIRECTION('ref_axis',(0.0697564737441253,0.,-0.997564050259824));
#12132=DIRECTION('',(6.80509532463838E-12,-1.,0.));
#12133=DIRECTION('',(-0.0695873743161961,-0.0695873743161153,0.99514581578358));
#12134=DIRECTION('center_axis',(0.0695873743168907,-0.069587374316691,-0.995145815783491));
#12135=DIRECTION('ref_axis',(0.703674354610935,-0.703674354608916,0.0984114085287388));
#12136=DIRECTION('',(-0.0695873743168907,0.069587374316691,0.995145815783491));
#12137=DIRECTION('center_axis',(0.,0.,-1.));
#12138=DIRECTION('ref_axis',(0.707106781187562,-0.707106781185533,0.));
#12139=DIRECTION('',(0.0695873743168907,-0.069587374316691,-0.995145815783491));
#12140=DIRECTION('center_axis',(-0.997564050259824,-3.25769411104714E-12,
-0.0697564737441253));
#12141=DIRECTION('ref_axis',(-3.26564906804595E-12,1.,0.));
#12142=DIRECTION('center_axis',(-0.997564050259824,-3.25769411104714E-12,
-0.0697564737441253));
#12143=DIRECTION('ref_axis',(0.0697564737441253,0.,-0.997564050259824));
#12144=DIRECTION('',(3.26564906804595E-12,-1.,0.));
#12145=DIRECTION('',(-0.0578747847351463,0.558255612233043,0.827647981150302));
#12146=DIRECTION('center_axis',(0.0695873743161961,0.0695873743161153,-0.99514581578358));
#12147=DIRECTION('ref_axis',(0.703674354610397,0.703674354609579,0.0984114085278405));
#12148=DIRECTION('center_axis',(0.,0.,-1.));
#12149=DIRECTION('ref_axis',(0.707106781186958,0.707106781186137,0.));
#12150=DIRECTION('',(0.0695873743161961,0.0695873743161153,-0.99514581578358));
#12151=DIRECTION('center_axis',(-7.94596509714833E-12,-0.997564050259824,
-0.0697564737441253));
#12152=DIRECTION('ref_axis',(-1.,7.96536833407211E-12,0.));
#12153=DIRECTION('center_axis',(-7.94596509714833E-12,-0.997564050259824,
-0.0697564737441253));
#12154=DIRECTION('ref_axis',(0.,-0.0697564737441253,0.997564050259824));
#12155=DIRECTION('',(1.,-7.96536833407211E-12,0.));
#12156=DIRECTION('',(-0.558255612233435,-0.0578747847288886,0.827647981150475));
#12157=DIRECTION('center_axis',(0.997564050259824,-3.15578701971669E-12,
-0.0697564737441253));
#12158=DIRECTION('ref_axis',(-3.16349312998473E-12,-1.,0.));
#12159=DIRECTION('center_axis',(0.997564050259824,-3.15578701971669E-12,
-0.0697564737441253));
#12160=DIRECTION('ref_axis',(0.0697564737441253,0.,0.997564050259824));
#12161=DIRECTION('',(-0.0578747847350717,-0.558255612233424,-0.82764798115005));
#12162=DIRECTION('',(3.16349312998473E-12,1.,0.));
#12163=DIRECTION('center_axis',(-3.94245110904548E-12,0.829037572555042,
-0.559192903470747));
#12164=DIRECTION('ref_axis',(1.,4.75545528882979E-12,0.));
#12165=DIRECTION('center_axis',(-3.94245110904548E-12,0.829037572555042,
-0.559192903470747));
#12166=DIRECTION('ref_axis',(0.,-0.559192903470747,-0.829037572555042));
#12167=DIRECTION('',(1.,4.75545528882979E-12,0.));
#12168=DIRECTION('center_axis',(3.9570715828923E-13,0.997564050259824,-0.0697564737441253));
#12169=DIRECTION('ref_axis',(1.,-3.96673434839763E-13,0.));
#12170=DIRECTION('center_axis',(3.9570715828923E-13,0.997564050259824,-0.0697564737441253));
#12171=DIRECTION('ref_axis',(0.,-0.0697564737441253,-0.997564050259824));
#12172=DIRECTION('',(0.558255612233284,-0.0578747847335411,-0.827647981150252));
#12173=DIRECTION('',(-1.,3.96673434839763E-13,0.));
#12174=DIRECTION('center_axis',(-0.829037572555042,8.52237593817471E-16,
-0.559192903470747));
#12175=DIRECTION('ref_axis',(1.02798428205241E-15,1.,-9.86076131526265E-32));
#12176=DIRECTION('center_axis',(-0.829037572555042,8.52237593817471E-16,
-0.559192903470747));
#12177=DIRECTION('ref_axis',(0.,-1.,-1.5240493728155E-15));
#12178=DIRECTION('',(1.02798428205241E-15,1.,0.));
#12179=DIRECTION('center_axis',(-0.829037572555042,8.52237593817471E-16,
-0.559192903470747));
#12180=DIRECTION('ref_axis',(0.,-1.,-1.5240493728155E-15));
#12181=DIRECTION('center_axis',(0.,0.,1.));
#12182=DIRECTION('ref_axis',(1.,0.,0.));
#12183=DIRECTION('center_axis',(-1.03505732191264E-15,0.,-1.));
#12184=DIRECTION('ref_axis',(-1.,0.,1.28402005901463E-15));
#12185=DIRECTION('center_axis',(-1.03505732191264E-15,0.,-1.));
#12186=DIRECTION('ref_axis',(1.,0.,-1.03505732191264E-15));
#12187=DIRECTION('',(1.03505732191264E-15,0.,1.));
#12188=DIRECTION('center_axis',(-1.03505732191264E-15,0.,-1.));
#12189=DIRECTION('ref_axis',(1.,0.,-1.03505732191264E-15));
#12190=DIRECTION('center_axis',(1.03505732191264E-15,0.,1.));
#12191=DIRECTION('ref_axis',(1.,0.,-1.03505732191264E-15));
#12192=DIRECTION('center_axis',(-1.03505732191264E-15,0.,-1.));
#12193=DIRECTION('ref_axis',(-1.,0.,1.28402005901463E-15));
#12194=DIRECTION('center_axis',(-1.03505732191264E-15,0.,-1.));
#12195=DIRECTION('ref_axis',(-1.,0.,1.28402005901463E-15));
#12196=DIRECTION('',(1.03505732191264E-15,0.,1.));
#12197=DIRECTION('center_axis',(-1.03505732191264E-15,0.,-1.));
#12198=DIRECTION('ref_axis',(-1.,0.,1.03505732191264E-15));
#12199=DIRECTION('center_axis',(6.12323399573676E-17,0.,1.));
#12200=DIRECTION('ref_axis',(1.,0.,0.));
#12201=DIRECTION('center_axis',(1.22464679914735E-16,-1.,0.));
#12202=DIRECTION('ref_axis',(-1.,-1.22464679914735E-16,0.));
#12203=DIRECTION('center_axis',(-1.03505732191264E-15,0.,-1.));
#12204=DIRECTION('ref_axis',(1.,0.,-1.03505732191264E-15));
#12205=DIRECTION('center_axis',(-1.03505732191264E-15,0.,-1.));
#12206=DIRECTION('ref_axis',(1.,0.,-1.03505732191264E-15));
#12207=DIRECTION('center_axis',(-1.03505732191264E-15,0.,-1.));
#12208=DIRECTION('ref_axis',(-1.,0.,1.28402005901463E-15));
#12209=DIRECTION('center_axis',(-1.03505732191264E-15,0.,-1.));
#12210=DIRECTION('ref_axis',(1.,0.,-1.03505732191264E-15));
#12211=DIRECTION('',(-0.0871557427476557,1.06735001383228E-17,0.996194698091746));
#12212=DIRECTION('center_axis',(-1.03505732191264E-15,0.,-1.));
#12213=DIRECTION('ref_axis',(-1.,0.,1.03505732191264E-15));
#12214=DIRECTION('axis',(0.,0.,1.));
#12215=DIRECTION('refdir',(1.,0.,0.));
#12216=DIRECTION('center_axis',(0.,0.,-1.));
#12217=DIRECTION('ref_axis',(-1.,0.,0.));
#12218=DIRECTION('center_axis',(0.,0.,-1.));
#12219=DIRECTION('ref_axis',(-1.,0.,0.));
#12220=DIRECTION('',(0.500000000000001,-6.12323399573677E-17,-0.866025403784438));
#12221=DIRECTION('center_axis',(0.,0.,1.));
#12222=DIRECTION('ref_axis',(-1.,0.,0.));
#12223=DIRECTION('center_axis',(0.,0.,1.));
#12224=DIRECTION('ref_axis',(-1.,0.,0.));
#12225=DIRECTION('center_axis',(0.,0.,-1.));
#12226=DIRECTION('ref_axis',(-1.,0.,0.));
#12227=DIRECTION('',(-0.500000000000001,6.12323399573677E-17,-0.866025403784438));
#12228=DIRECTION('center_axis',(0.,0.,1.));
#12229=DIRECTION('ref_axis',(-1.,0.,0.));
#12230=DIRECTION('center_axis',(0.499999999999999,-0.866025403784439,0.));
#12231=DIRECTION('ref_axis',(-0.866025403784439,-0.499999999999999,0.));
#12232=DIRECTION('',(0.,0.,1.));
#12233=DIRECTION('',(0.,0.,-1.));
#12234=DIRECTION('center_axis',(1.,-8.64436820431938E-16,0.));
#12235=DIRECTION('ref_axis',(-8.64436820431938E-16,-1.,0.));
#12236=DIRECTION('',(0.,0.,1.));
#12237=DIRECTION('center_axis',(0.,0.,1.));
#12238=DIRECTION('ref_axis',(-1.,0.,0.));
#12239=DIRECTION('center_axis',(0.,0.,-1.));
#12240=DIRECTION('ref_axis',(1.,0.,0.));
#12241=DIRECTION('',(0.866025403784438,-1.06057523872491E-16,0.5));
#12242=DIRECTION('center_axis',(-0.500000000000001,-0.866025403784438,0.));
#12243=DIRECTION('ref_axis',(-0.866025403784438,0.500000000000001,0.));
#12244=DIRECTION('',(0.,0.,1.));
#12245=DIRECTION('center_axis',(-1.,9.86901500346674E-16,0.));
#12246=DIRECTION('ref_axis',(9.86901500346674E-16,1.,0.));
#12247=DIRECTION('',(0.,0.,1.));
#12248=DIRECTION('center_axis',(-0.499999999999999,0.866025403784439,0.));
#12249=DIRECTION('ref_axis',(0.866025403784439,0.499999999999999,0.));
#12250=DIRECTION('',(0.,0.,1.));
#12251=DIRECTION('center_axis',(0.500000000000001,0.866025403784438,0.));
#12252=DIRECTION('ref_axis',(0.866025403784438,-0.500000000000001,0.));
#12253=DIRECTION('center_axis',(0.,0.,1.));
#12254=DIRECTION('ref_axis',(1.,0.,0.));
#12255=DIRECTION('center_axis',(0.,0.,-1.));
#12256=DIRECTION('ref_axis',(1.,0.,0.));
#12257=DIRECTION('center_axis',(0.,0.,-1.));
#12258=DIRECTION('ref_axis',(-1.,0.,0.));
#12259=DIRECTION('',(-0.866025403784439,1.06057523872491E-16,0.499999999999999));
#12260=DIRECTION('center_axis',(0.,0.,-1.));
#12261=DIRECTION('ref_axis',(-1.,0.,0.));
#12262=DIRECTION('center_axis',(0.,0.,-1.));
#12263=DIRECTION('ref_axis',(-1.,0.,0.));
#12264=DIRECTION('',(0.,0.,1.));
#12265=DIRECTION('axis',(0.,0.,1.));
#12266=DIRECTION('refdir',(1.,0.,0.));
#12267=DIRECTION('center_axis',(1.60812264967664E-16,-1.,0.));
#12268=DIRECTION('ref_axis',(1.,1.60812264967664E-16,0.));
#12269=DIRECTION('center_axis',(1.60812264967664E-16,-1.,0.));
#12270=DIRECTION('ref_axis',(1.,1.60812264967664E-16,0.));
#12271=DIRECTION('',(-1.60812264967664E-16,1.,0.));
#12272=DIRECTION('center_axis',(1.60812264967664E-16,-1.,0.));
#12273=DIRECTION('ref_axis',(1.,1.60812264967664E-16,0.));
#12274=DIRECTION('center_axis',(1.60812264967664E-16,-1.,0.));
#12275=DIRECTION('ref_axis',(1.,1.60812264967664E-16,0.));
#12276=DIRECTION('center_axis',(1.60812264967664E-16,-1.,0.));
#12277=DIRECTION('ref_axis',(1.,1.60812264967664E-16,0.));
#12278=DIRECTION('',(-0.984807753012211,-0.173648177666914,-1.2060416625019E-16));
#12279=DIRECTION('center_axis',(1.60812264967664E-16,-1.,0.));
#12280=DIRECTION('ref_axis',(1.,1.60812264967664E-16,0.));
#12281=DIRECTION('center_axis',(1.60812264967664E-16,-1.,0.));
#12282=DIRECTION('ref_axis',(1.,2.16628882853689E-16,0.));
#12283=DIRECTION('center_axis',(1.60812264967664E-16,-1.,0.));
#12284=DIRECTION('ref_axis',(1.,1.60812264967664E-16,0.));
#12285=DIRECTION('center_axis',(-1.22464679914735E-16,-1.96938225556285E-32,
1.));
#12286=DIRECTION('ref_axis',(-1.,-1.35393051783556E-16,-1.22464679914735E-16));
#12287=DIRECTION('center_axis',(1.60812264967664E-16,-1.,0.));
#12288=DIRECTION('ref_axis',(1.,1.60812264967664E-16,0.));
#12289=DIRECTION('center_axis',(1.60812264967664E-16,-1.,0.));
#12290=DIRECTION('ref_axis',(1.,1.60812264967664E-16,0.));
#12291=DIRECTION('center_axis',(1.60812264967664E-16,-1.,0.));
#12292=DIRECTION('ref_axis',(1.,1.60812264967664E-16,0.));
#12293=DIRECTION('',(-1.60812264967664E-16,1.,0.));
#12294=DIRECTION('center_axis',(1.60812264967664E-16,-1.,0.));
#12295=DIRECTION('ref_axis',(1.,1.60812264967664E-16,0.));
#12296=DIRECTION('center_axis',(1.60812264967664E-16,-1.,0.));
#12297=DIRECTION('ref_axis',(1.,1.60812264967664E-16,0.));
#12298=DIRECTION('',(0.25881904510252,0.965925826289068,3.16961915143176E-17));
#12299=DIRECTION('center_axis',(1.60812264967664E-16,-1.,0.));
#12300=DIRECTION('ref_axis',(1.,1.60812264967664E-16,0.));
#12301=DIRECTION('center_axis',(1.60812264967664E-16,-1.,0.));
#12302=DIRECTION('ref_axis',(1.,1.60812264967664E-16,0.));
#12303=DIRECTION('',(-1.60812264967664E-16,1.,0.));
#12304=DIRECTION('center_axis',(1.60812264967664E-16,-1.,0.));
#12305=DIRECTION('ref_axis',(1.,1.60812264967664E-16,0.));
#12306=DIRECTION('center_axis',(-1.60812264967664E-16,1.,0.));
#12307=DIRECTION('ref_axis',(-1.,-1.60812264967664E-16,0.));
#12308=DIRECTION('',(-0.258819045102521,-0.965925826289068,3.16961915143177E-17));
#12309=DIRECTION('center_axis',(1.60812264967664E-16,-1.,0.));
#12310=DIRECTION('ref_axis',(1.,1.60812264967664E-16,0.));
#12311=DIRECTION('center_axis',(1.60812264967664E-16,-1.,0.));
#12312=DIRECTION('ref_axis',(1.,1.60812264967664E-16,0.));
#12313=DIRECTION('center_axis',(1.60812264967664E-16,-1.,0.));
#12314=DIRECTION('ref_axis',(1.,1.60812264967664E-16,0.));
#12315=DIRECTION('',(1.60812264967664E-16,-1.,0.));
#12316=DIRECTION('center_axis',(1.60812264967664E-16,-1.,0.));
#12317=DIRECTION('ref_axis',(1.,1.60812264967664E-16,0.));
#12318=DIRECTION('center_axis',(1.60812264967664E-16,-1.,0.));
#12319=DIRECTION('ref_axis',(1.,0.,0.));
#12320=DIRECTION('center_axis',(1.60812264967664E-16,-1.,0.));
#12321=DIRECTION('ref_axis',(1.,1.60812264967664E-16,0.));
#12322=DIRECTION('center_axis',(1.22464679914735E-16,1.96938225556285E-32,
-1.));
#12323=DIRECTION('ref_axis',(-1.,-2.96059473233375E-16,-1.22464679914735E-16));
#12324=DIRECTION('center_axis',(-1.60812264967664E-16,1.,0.));
#12325=DIRECTION('ref_axis',(0.,0.,1.));
#12326=DIRECTION('center_axis',(1.60812264967664E-16,-1.,0.));
#12327=DIRECTION('ref_axis',(-1.,-1.60812264967664E-16,0.));
#12328=DIRECTION('center_axis',(1.60812264967664E-16,-1.,0.));
#12329=DIRECTION('ref_axis',(-1.,-1.60812264967664E-16,0.));
#12330=DIRECTION('center_axis',(1.60812264967664E-16,-1.,0.));
#12331=DIRECTION('ref_axis',(-1.,-1.60812264967664E-16,0.));
#12332=DIRECTION('',(3.69778549322349E-32,0.,1.));
#12333=DIRECTION('',(1.,-1.22464679914735E-16,-2.46037550395469E-32));
#12334=DIRECTION('',(6.12323399573676E-17,-2.32618157540509E-16,1.));
#12335=DIRECTION('',(1.27335500625925E-16,-1.,-2.32618157540509E-16));
#12336=DIRECTION('',(1.22464679914735E-16,1.,2.32618157540509E-16));
#12337=DIRECTION('',(1.,-1.22464679914735E-16,-2.46037550395469E-32));
#12338=DIRECTION('',(1.22464679914735E-16,1.,2.32618157540509E-16));
#12339=DIRECTION('',(1.,-1.22464679914735E-16,-2.46037550395469E-32));
#12340=DIRECTION('',(1.22464679914735E-16,1.,2.32618157540509E-16));
#12341=DIRECTION('',(1.,-1.22464679914735E-16,-2.46037550395469E-32));
#12342=DIRECTION('',(1.27335500625925E-16,-1.,-2.32618157540509E-16));
#12343=DIRECTION('',(1.,-1.22464679914735E-16,-2.44929359829471E-16));
#12344=DIRECTION('',(1.27335500625925E-16,-1.,-2.32618157540509E-16));
#12345=DIRECTION('',(1.,-1.22464679914735E-16,-2.44929359829471E-16));
#12346=DIRECTION('',(1.27335500625925E-16,-1.,-2.32618157540509E-16));
#12347=DIRECTION('',(1.,-1.22464679914735E-16,-2.44929359829471E-16));
#12348=DIRECTION('',(1.88567840583292E-16,-1.,-2.32618157540509E-16));
#12349=DIRECTION('',(1.,1.88567840583292E-16,-6.12323399573675E-17));
#12350=DIRECTION('',(6.12323399573676E-17,-2.32618157540509E-16,1.));
#12351=DIRECTION('',(1.27335500625925E-16,-1.,-2.32618157540509E-16));
#12352=DIRECTION('',(6.12323399573676E-17,-2.32618157540509E-16,1.));
#12353=DIRECTION('',(1.27335500625925E-16,-1.,-2.32618157540509E-16));
#12354=DIRECTION('',(6.12323399573676E-17,-2.32618157540509E-16,1.));
#12355=DIRECTION('',(1.27335500625925E-16,-1.,-2.32618157540509E-16));
#12356=DIRECTION('',(6.12323399573676E-17,-2.32618157540509E-16,1.));
#12357=DIRECTION('',(1.,6.61031606685569E-17,4.33680868994219E-19));
#12358=DIRECTION('',(-1.27335500625925E-16,1.,2.32618157540509E-16));
#12359=DIRECTION('',(6.12323399573675E-17,-2.32618157540509E-16,0.999999999999999));
#12360=DIRECTION('',(2.4980018054066E-16,-1.,-2.32618157540509E-16));
#12361=DIRECTION('',(6.12323399573675E-17,-2.32618157540509E-16,0.999999999999999));
#12362=DIRECTION('',(-1.22464679914735E-16,-2.22044604925031E-16,1.));
#12363=DIRECTION('',(-1.,4.93038065763132E-32,-1.22464679914735E-16));
#12364=DIRECTION('',(-2.58886642939088E-33,-2.22044604925031E-16,1.));
#12365=DIRECTION('',(1.,0.,2.58886642939088E-33));
#12366=DIRECTION('',(-1.22464679914735E-16,-1.,-2.22044604925031E-16));
#12367=DIRECTION('',(1.,-1.22464679914735E-16,-2.46037550395469E-32));
#12368=DIRECTION('',(0.,0.,1.));
#12369=DIRECTION('',(1.,0.,0.));
#12370=DIRECTION('',(-2.58886642939088E-33,-2.22044604925031E-16,1.));
#12371=DIRECTION('',(1.,0.,2.58886642939088E-33));
#12372=DIRECTION('',(-1.22464679914735E-16,-1.,-2.22044604925031E-16));
#12373=DIRECTION('',(1.,-1.22464679914735E-16,-2.46037550395469E-32));
#12374=DIRECTION('',(4.93038065763132E-32,1.,2.22044604925031E-16));
#12375=DIRECTION('',(1.,-1.22464679914735E-16,-2.46037550395469E-32));
#12376=DIRECTION('',(4.93038065763132E-32,1.,2.22044604925031E-16));
#12377=DIRECTION('',(1.,-1.22464679914735E-16,-2.46037550395469E-32));
#12378=DIRECTION('',(3.7108782933994E-32,-1.,-3.44509284839767E-16));
#12379=DIRECTION('',(-1.,4.93038065763132E-32,-1.22464679914735E-16));
#12380=DIRECTION('',(3.7108782933994E-32,-1.,-3.44509284839767E-16));
#12381=DIRECTION('',(-1.,4.93038065763132E-32,-1.22464679914735E-16));
#12382=DIRECTION('',(-2.21111851073754E-32,1.,2.22044604925031E-16));
#12383=DIRECTION('',(-1.,4.93038065763132E-32,-1.22464679914735E-16));
#12384=DIRECTION('',(-2.21111851073754E-32,1.,2.22044604925031E-16));
#12385=DIRECTION('',(-1.,4.93038065763132E-32,-1.22464679914735E-16));
#12386=DIRECTION('',(-2.58886642939088E-33,-2.22044604925031E-16,1.));
#12387=DIRECTION('',(1.,0.,2.58886642939088E-33));
#12388=DIRECTION('center_axis',(0.,0.,1.));
#12389=DIRECTION('ref_axis',(1.,0.,0.));
#12390=CARTESIAN_POINT('',(0.,0.,0.));
#12391=CARTESIAN_POINT('',(0.,0.,0.));
#12392=CARTESIAN_POINT('',(0.,0.,0.));
#12393=CARTESIAN_POINT('Origin',(1.47793197409258E-46,0.,-13.5));
#12394=CARTESIAN_POINT('',(-1.75,-45.,-13.5));
#12395=CARTESIAN_POINT('Origin',(6.40437188773452E-46,-45.,-13.5));
#12396=CARTESIAN_POINT('',(-1.75,-29.5,-13.5));
#12397=CARTESIAN_POINT('',(-1.75,-1.33868749079189E-31,-13.5));
#12398=CARTESIAN_POINT('Origin',(4.70748702859118E-46,-29.5,-13.5));
#12399=CARTESIAN_POINT('Origin',(4.70748702859118E-46,-29.5,-13.5));
#12400=CARTESIAN_POINT('',(-9.525,-29.5,-13.5));
#12401=CARTESIAN_POINT('Origin',(4.70748702859118E-46,-29.5,-13.5));
#12402=CARTESIAN_POINT('',(-1.6,-29.5,-7.15000000000001));
#12403=CARTESIAN_POINT('Origin',(1.40998324127395E-15,-29.5,-7.15000000000001));
#12404=CARTESIAN_POINT('',(3.899261314031,-29.5,-16.675));
#12405=CARTESIAN_POINT('Origin',(5.499261314031,-29.5,-16.675));
#12406=CARTESIAN_POINT('',(-7.099261314031,-29.5,-16.675));
#12407=CARTESIAN_POINT('Origin',(-5.499261314031,-29.5,-16.675));
#12408=CARTESIAN_POINT('Origin',(4.70748702859118E-46,-29.5,-13.5));
#12409=CARTESIAN_POINT('',(-9.525,-32.04,-13.5));
#12410=CARTESIAN_POINT('',(-9.525,-29.5,-13.5));
#12411=CARTESIAN_POINT('Origin',(4.98555719260564E-46,-32.04,-13.5));
#12412=CARTESIAN_POINT('Origin',(4.98555719260564E-46,-32.04,-13.5));
#12413=CARTESIAN_POINT('',(-1.6,-32.04,-7.15000000000001));
#12414=CARTESIAN_POINT('Origin',(1.40998324127395E-15,-32.04,-7.15000000000001));
#12415=CARTESIAN_POINT('',(3.899261314031,-32.04,-16.675));
#12416=CARTESIAN_POINT('Origin',(5.499261314031,-32.04,-16.675));
#12417=CARTESIAN_POINT('',(-7.099261314031,-32.04,-16.675));
#12418=CARTESIAN_POINT('Origin',(-5.499261314031,-32.04,-16.675));
#12419=CARTESIAN_POINT('',(-1.09381697936626E-15,-32.04,-16.675));
#12420=CARTESIAN_POINT('Origin',(4.98555719260564E-46,-32.04,-13.5));
#12421=CARTESIAN_POINT('Origin',(1.40998324127395E-15,-29.5,-7.15000000000001));
#12422=CARTESIAN_POINT('',(-1.6,-29.5,-7.15000000000001));
#12423=CARTESIAN_POINT('Origin',(5.499261314031,-29.5,-16.675));
#12424=CARTESIAN_POINT('',(3.899261314031,-29.5,-16.675));
#12425=CARTESIAN_POINT('Origin',(-5.499261314031,-29.5,-16.675));
#12426=CARTESIAN_POINT('',(-7.099261314031,-29.5,-16.675));
#12427=CARTESIAN_POINT('Origin',(4.98555719260564E-46,-32.04,-13.5));
#12428=CARTESIAN_POINT('',(-1.09381697936626E-15,-45.,-16.675));
#12429=CARTESIAN_POINT('',(-1.09381697936626E-15,-32.04,-16.675));
#12430=CARTESIAN_POINT('Origin',(6.40437188773452E-46,-45.,-13.5));
#12431=CARTESIAN_POINT('Origin',(6.40437188773452E-46,-45.,-13.5));
#12432=CARTESIAN_POINT('Origin',(1.29729584392571E-45,-100.,-13.5));
#12433=CARTESIAN_POINT('',(-1.75,-100.,-13.5));
#12434=CARTESIAN_POINT('Origin',(9.14128295086893E-46,-100.,-13.5));
#12435=CARTESIAN_POINT('Origin',(-1.42319375282989E-46,26.5,-13.5));
#12436=CARTESIAN_POINT('',(-0.874999999999999,26.5,-8.933067221865));
#12437=CARTESIAN_POINT('',(0.875000000000001,26.5,-8.933067221865));
#12438=CARTESIAN_POINT('Origin',(-1.42319375282989E-46,26.5,-13.5));
#12439=CARTESIAN_POINT('',(0.875000000000001,27.,-8.933067221865));
#12440=CARTESIAN_POINT('',(0.875000000000001,26.5,-8.933067221865));
#12441=CARTESIAN_POINT('',(-0.874999999999999,27.,-8.933067221865));
#12442=CARTESIAN_POINT('Origin',(-1.47793197409258E-46,27.,-13.5));
#12443=CARTESIAN_POINT('',(-0.874999999999999,26.5,-8.933067221865));
#12444=CARTESIAN_POINT('Origin',(-1.42319375282989E-46,26.5,-13.5));
#12445=CARTESIAN_POINT('',(0.874999999999999,27.,-18.066932778135));
#12446=CARTESIAN_POINT('',(-0.875000000000001,27.,-18.066932778135));
#12447=CARTESIAN_POINT('Origin',(-1.47793197409258E-46,27.,-13.5));
#12448=CARTESIAN_POINT('',(0.874999999999999,26.5,-18.066932778135));
#12449=CARTESIAN_POINT('',(0.874999999999999,26.5,-18.066932778135));
#12450=CARTESIAN_POINT('',(-0.875000000000001,26.5,-18.066932778135));
#12451=CARTESIAN_POINT('Origin',(-1.42319375282989E-46,26.5,-13.5));
#12452=CARTESIAN_POINT('',(-0.875000000000001,26.5,-18.066932778135));
#12453=CARTESIAN_POINT('Origin',(1.42319375282989E-46,0.5,-13.5));
#12454=CARTESIAN_POINT('',(-0.874999999999999,0.,-8.933067221865));
#12455=CARTESIAN_POINT('',(0.875000000000001,0.,-8.933067221865));
#12456=CARTESIAN_POINT('Origin',(1.47793197409258E-46,0.,-13.5));
#12457=CARTESIAN_POINT('',(0.875000000000001,0.5,-8.933067221865));
#12458=CARTESIAN_POINT('',(0.875000000000001,0.5,-8.933067221865));
#12459=CARTESIAN_POINT('',(-0.874999999999999,0.5,-8.933067221865));
#12460=CARTESIAN_POINT('Origin',(1.42319375282989E-46,0.5,-13.5));
#12461=CARTESIAN_POINT('',(-0.874999999999999,0.5,-8.933067221865));
#12462=CARTESIAN_POINT('Origin',(1.42319375282989E-46,0.5,-13.5));
#12463=CARTESIAN_POINT('',(0.874999999999999,0.5,-18.066932778135));
#12464=CARTESIAN_POINT('',(-0.875000000000001,0.5,-18.066932778135));
#12465=CARTESIAN_POINT('Origin',(1.42319375282989E-46,0.5,-13.5));
#12466=CARTESIAN_POINT('',(0.874999999999999,0.,-18.066932778135));
#12467=CARTESIAN_POINT('',(0.874999999999999,0.5,-18.066932778135));
#12468=CARTESIAN_POINT('',(-0.875000000000001,0.,-18.066932778135));
#12469=CARTESIAN_POINT('Origin',(1.47793197409258E-46,0.,-13.5));
#12470=CARTESIAN_POINT('',(-0.875000000000001,0.5,-18.066932778135));
#12471=CARTESIAN_POINT('Origin',(-13.1,6.,-13.5));
#12472=CARTESIAN_POINT('',(-14.84790076336,5.,-10.410122507048));
#12473=CARTESIAN_POINT('',(-14.84790076336,5.,-16.589877492952));
#12474=CARTESIAN_POINT('Origin',(-13.1,5.,-13.5));
#12475=CARTESIAN_POINT('',(-14.84790076336,6.,-10.410122507048));
#12476=CARTESIAN_POINT('',(-14.84790076336,6.,-10.410122507048));
#12477=CARTESIAN_POINT('',(-14.84790076336,6.,-16.589877492952));
#12478=CARTESIAN_POINT('Origin',(-13.1,6.,-13.5));
#12479=CARTESIAN_POINT('',(-14.84790076336,6.,-16.589877492952));
#12480=CARTESIAN_POINT('Origin',(13.1,6.,-13.5));
#12481=CARTESIAN_POINT('',(14.84790076336,6.,-16.589877492952));
#12482=CARTESIAN_POINT('',(14.84790076336,6.,-10.410122507048));
#12483=CARTESIAN_POINT('Origin',(13.1,6.,-13.5));
#12484=CARTESIAN_POINT('',(14.84790076336,5.,-10.410122507048));
#12485=CARTESIAN_POINT('',(14.84790076336,6.,-10.410122507048));
#12486=CARTESIAN_POINT('',(14.84790076336,5.,-16.589877492952));
#12487=CARTESIAN_POINT('Origin',(13.1,5.,-13.5));
#12488=CARTESIAN_POINT('',(14.84790076336,6.,-16.589877492952));
#12489=CARTESIAN_POINT('Origin',(8.21073318940323E-47,6.,-13.5));
#12490=CARTESIAN_POINT('',(-4.923664122137,6.,-4.796119738164));
#12491=CARTESIAN_POINT('',(-4.923664122137,5.,-4.796119738164));
#12492=CARTESIAN_POINT('',(-4.923664122137,6.,-4.796119738164));
#12493=CARTESIAN_POINT('',(4.923664122137,5.,-4.796119738164));
#12494=CARTESIAN_POINT('Origin',(9.30549761465699E-47,5.,-13.5));
#12495=CARTESIAN_POINT('',(4.923664122137,6.,-4.796119738164));
#12496=CARTESIAN_POINT('',(4.923664122137,6.,-4.796119738164));
#12497=CARTESIAN_POINT('',(4.923664122137,6.,-22.203880261836));
#12498=CARTESIAN_POINT('Origin',(8.21073318940323E-47,6.,-13.5));
#12499=CARTESIAN_POINT('',(4.923664122137,5.,-22.203880261836));
#12500=CARTESIAN_POINT('',(4.923664122137,6.,-22.203880261836));
#12501=CARTESIAN_POINT('',(-9.9579925010296E-16,5.,-23.5));
#12502=CARTESIAN_POINT('Origin',(9.30549761465699E-47,5.,-13.5));
#12503=CARTESIAN_POINT('',(-9.9579925010296E-16,21.,-23.5));
#12504=CARTESIAN_POINT('',(-9.9579925010296E-16,6.,-23.5));
#12505=CARTESIAN_POINT('Origin',(-8.21073318940323E-47,21.,-13.5));
#12506=CARTESIAN_POINT('',(-4.923664122137,5.,-22.203880261836));
#12507=CARTESIAN_POINT('Origin',(9.30549761465699E-47,5.,-13.5));
#12508=CARTESIAN_POINT('',(-4.923664122137,6.,-22.203880261836));
#12509=CARTESIAN_POINT('',(-4.923664122137,6.,-22.203880261836));
#12510=CARTESIAN_POINT('Origin',(8.21073318940323E-47,6.,-13.5));
#12511=CARTESIAN_POINT('Origin',(-8.21073318940323E-47,21.,-13.5));
#12512=CARTESIAN_POINT('',(-6.97059475072072E-16,21.,-20.5));
#12513=CARTESIAN_POINT('Origin',(-8.21073318940323E-47,21.,-13.5));
#12514=CARTESIAN_POINT('Origin',(8.21073318940323E-47,6.,-13.5));
#12515=CARTESIAN_POINT('',(14.84790076336,6.,-10.410122507048));
#12516=CARTESIAN_POINT('',(4.923664122137,6.,-22.203880261836));
#12517=CARTESIAN_POINT('',(12.,6.,-13.5));
#12518=CARTESIAN_POINT('Origin',(13.1,6.,-13.5));
#12519=CARTESIAN_POINT('Origin',(8.21073318940323E-47,6.,-13.5));
#12520=CARTESIAN_POINT('',(-14.84790076336,6.,-16.589877492952));
#12521=CARTESIAN_POINT('',(-4.923664122137,6.,-4.796119738164));
#12522=CARTESIAN_POINT('',(-14.2,6.,-13.5));
#12523=CARTESIAN_POINT('Origin',(-13.1,6.,-13.5));
#12524=CARTESIAN_POINT('Origin',(-13.1,6.,-13.5));
#12525=CARTESIAN_POINT('',(-14.2,5.,-13.5));
#12526=CARTESIAN_POINT('Origin',(-13.1,5.,-13.5));
#12527=CARTESIAN_POINT('',(-14.2,6.,-13.5));
#12528=CARTESIAN_POINT('Origin',(9.30549761465699E-47,5.,-13.5));
#12529=CARTESIAN_POINT('',(-4.923664122137,5.,-4.796119738164));
#12530=CARTESIAN_POINT('',(-14.84790076336,5.,-16.589877492952));
#12531=CARTESIAN_POINT('',(4.923664122137,5.,-22.203880261836));
#12532=CARTESIAN_POINT('',(14.84790076336,5.,-10.410122507048));
#12533=CARTESIAN_POINT('',(12.,5.,-13.5));
#12534=CARTESIAN_POINT('Origin',(13.1,5.,-13.5));
#12535=CARTESIAN_POINT('',(-1.55431223447522E-15,5.,-20.5));
#12536=CARTESIAN_POINT('Origin',(9.30549761465699E-47,5.,-13.5));
#12537=CARTESIAN_POINT('Origin',(13.1,6.,-13.5));
#12538=CARTESIAN_POINT('',(12.,6.,-13.5));
#12539=CARTESIAN_POINT('Origin',(14.84790076336,6.,-10.410122507048));
#12540=CARTESIAN_POINT('Origin',(4.923664122137,6.,-22.203880261836));
#12541=CARTESIAN_POINT('Origin',(-14.84790076336,6.,-16.589877492952));
#12542=CARTESIAN_POINT('Origin',(-4.923664122137,6.,-4.796119738164));
#12543=CARTESIAN_POINT('Origin',(8.21073318940323E-47,6.,-13.5));
#12544=CARTESIAN_POINT('',(-1.55431223447522E-15,0.500000000000003,-20.5));
#12545=CARTESIAN_POINT('Origin',(1.42319375282989E-46,0.5,-13.5));
#12546=CARTESIAN_POINT('',(-6.97059475072072E-16,6.,-20.5));
#12547=CARTESIAN_POINT('Origin',(1.42319375282989E-46,0.5,-13.5));
#12548=CARTESIAN_POINT('',(-0.875000000000001,0.5,-16.369560070812));
#12549=CARTESIAN_POINT('',(-0.875000000000001,0.5,-18.066932778135));
#12550=CARTESIAN_POINT('',(-2.869560070812,0.5,-14.375));
#12551=CARTESIAN_POINT('Origin',(1.42319375282989E-46,0.5,-13.5));
#12552=CARTESIAN_POINT('',(-4.566932778135,0.5,-14.375));
#12553=CARTESIAN_POINT('',(-2.869560070812,0.5,-14.375));
#12554=CARTESIAN_POINT('',(-4.566932778135,0.5,-12.625));
#12555=CARTESIAN_POINT('Origin',(1.42319375282989E-46,0.5,-13.5));
#12556=CARTESIAN_POINT('',(-2.869560070812,0.5,-12.625));
#12557=CARTESIAN_POINT('',(-4.566932778135,0.5,-12.625));
#12558=CARTESIAN_POINT('',(-0.874999999999999,0.5,-10.630439929188));
#12559=CARTESIAN_POINT('Origin',(1.42319375282989E-46,0.5,-13.5));
#12560=CARTESIAN_POINT('',(-0.874999999999999,0.5,-10.630439929188));
#12561=CARTESIAN_POINT('',(0.875000000000001,0.5,-10.630439929188));
#12562=CARTESIAN_POINT('',(0.875000000000001,0.5,-8.933067221865));
#12563=CARTESIAN_POINT('',(2.869560070812,0.5,-12.625));
#12564=CARTESIAN_POINT('Origin',(1.42319375282989E-46,0.5,-13.5));
#12565=CARTESIAN_POINT('',(4.566932778135,0.5,-12.625));
#12566=CARTESIAN_POINT('',(2.869560070812,0.5,-12.625));
#12567=CARTESIAN_POINT('',(4.566932778135,0.5,-14.375));
#12568=CARTESIAN_POINT('Origin',(1.42319375282989E-46,0.5,-13.5));
#12569=CARTESIAN_POINT('',(2.869560070812,0.5,-14.375));
#12570=CARTESIAN_POINT('',(4.566932778135,0.5,-14.375));
#12571=CARTESIAN_POINT('',(0.874999999999999,0.5,-16.369560070812));
#12572=CARTESIAN_POINT('Origin',(1.42319375282989E-46,0.5,-13.5));
#12573=CARTESIAN_POINT('',(0.874999999999999,0.5,-16.369560070812));
#12574=CARTESIAN_POINT('Origin',(0.874999999999999,0.5,-16.369560070812));
#12575=CARTESIAN_POINT('',(0.874999999999999,0.,-16.369560070812));
#12576=CARTESIAN_POINT('',(0.874999999999999,0.5,-16.369560070812));
#12577=CARTESIAN_POINT('',(0.874999999999999,0.,-16.369560070812));
#12578=CARTESIAN_POINT('Origin',(1.47793197409258E-46,0.,-13.5));
#12579=CARTESIAN_POINT('',(2.869560070812,0.,-14.375));
#12580=CARTESIAN_POINT('Origin',(1.47793197409258E-46,0.,-13.5));
#12581=CARTESIAN_POINT('',(4.566932778135,0.,-14.375));
#12582=CARTESIAN_POINT('',(4.566932778135,0.,-14.375));
#12583=CARTESIAN_POINT('',(4.566932778135,0.,-12.625));
#12584=CARTESIAN_POINT('Origin',(1.47793197409258E-46,0.,-13.5));
#12585=CARTESIAN_POINT('',(2.869560070812,0.,-12.625));
#12586=CARTESIAN_POINT('',(2.869560070812,0.,-12.625));
#12587=CARTESIAN_POINT('',(0.875000000000001,0.,-10.630439929188));
#12588=CARTESIAN_POINT('Origin',(1.47793197409258E-46,0.,-13.5));
#12589=CARTESIAN_POINT('',(0.875000000000001,0.,-8.933067221865));
#12590=CARTESIAN_POINT('',(-0.874999999999999,0.,-10.630439929188));
#12591=CARTESIAN_POINT('',(-0.874999999999999,0.,-10.630439929188));
#12592=CARTESIAN_POINT('',(-2.869560070812,0.,-12.625));
#12593=CARTESIAN_POINT('Origin',(1.47793197409258E-46,0.,-13.5));
#12594=CARTESIAN_POINT('',(-4.566932778135,0.,-12.625));
#12595=CARTESIAN_POINT('',(-4.566932778135,0.,-12.625));
#12596=CARTESIAN_POINT('',(-4.566932778135,0.,-14.375));
#12597=CARTESIAN_POINT('Origin',(1.47793197409258E-46,0.,-13.5));
#12598=CARTESIAN_POINT('',(-2.869560070812,0.,-14.375));
#12599=CARTESIAN_POINT('',(-2.869560070812,0.,-14.375));
#12600=CARTESIAN_POINT('',(-0.875000000000001,0.,-16.369560070812));
#12601=CARTESIAN_POINT('Origin',(1.47793197409258E-46,0.,-13.5));
#12602=CARTESIAN_POINT('',(-0.875000000000001,0.,-18.066932778135));
#12603=CARTESIAN_POINT('',(-1.75,0.,-13.5));
#12604=CARTESIAN_POINT('Origin',(1.47793197409258E-46,0.,-13.5));
#12605=CARTESIAN_POINT('Origin',(-0.875000000000001,0.5,-18.066932778135));
#12606=CARTESIAN_POINT('',(-0.875000000000001,0.5,-16.369560070812));
#12607=CARTESIAN_POINT('Origin',(1.42319375282989E-46,0.5,-13.5));
#12608=CARTESIAN_POINT('',(-2.869560070812,0.5,-14.375));
#12609=CARTESIAN_POINT('Origin',(-2.869560070812,0.5,-14.375));
#12610=CARTESIAN_POINT('',(-4.566932778135,0.5,-14.375));
#12611=CARTESIAN_POINT('Origin',(1.42319375282989E-46,0.5,-13.5));
#12612=CARTESIAN_POINT('',(-4.566932778135,0.5,-12.625));
#12613=CARTESIAN_POINT('Origin',(-4.566932778135,0.5,-12.625));
#12614=CARTESIAN_POINT('',(-2.869560070812,0.5,-12.625));
#12615=CARTESIAN_POINT('Origin',(1.42319375282989E-46,0.5,-13.5));
#12616=CARTESIAN_POINT('',(-0.874999999999999,0.5,-10.630439929188));
#12617=CARTESIAN_POINT('Origin',(-0.874999999999999,0.5,-10.630439929188));
#12618=CARTESIAN_POINT('Origin',(0.875000000000001,0.5,-8.933067221865));
#12619=CARTESIAN_POINT('',(0.875000000000001,0.5,-10.630439929188));
#12620=CARTESIAN_POINT('Origin',(1.42319375282989E-46,0.5,-13.5));
#12621=CARTESIAN_POINT('',(2.869560070812,0.5,-12.625));
#12622=CARTESIAN_POINT('Origin',(2.869560070812,0.5,-12.625));
#12623=CARTESIAN_POINT('',(4.566932778135,0.5,-12.625));
#12624=CARTESIAN_POINT('Origin',(1.42319375282989E-46,0.5,-13.5));
#12625=CARTESIAN_POINT('',(4.566932778135,0.5,-14.375));
#12626=CARTESIAN_POINT('Origin',(4.566932778135,0.5,-14.375));
#12627=CARTESIAN_POINT('',(2.869560070812,0.5,-14.375));
#12628=CARTESIAN_POINT('Origin',(1.42319375282989E-46,0.5,-13.5));
#12629=CARTESIAN_POINT('Origin',(-8.21073318940323E-47,21.,-13.5));
#12630=CARTESIAN_POINT('',(-6.97059475072072E-16,26.5,-20.5));
#12631=CARTESIAN_POINT('',(-6.97059475072072E-16,21.,-20.5));
#12632=CARTESIAN_POINT('Origin',(-1.42319375282989E-46,26.5,-13.5));
#12633=CARTESIAN_POINT('Origin',(-1.42319375282989E-46,26.5,-13.5));
#12634=CARTESIAN_POINT('',(0.874999999999999,26.5,-16.369560070812));
#12635=CARTESIAN_POINT('',(0.874999999999999,26.5,-16.369560070812));
#12636=CARTESIAN_POINT('',(2.869560070812,26.5,-14.375));
#12637=CARTESIAN_POINT('Origin',(-1.42319375282989E-46,26.5,-13.5));
#12638=CARTESIAN_POINT('',(4.566932778135,26.5,-14.375));
#12639=CARTESIAN_POINT('',(4.566932778135,26.5,-14.375));
#12640=CARTESIAN_POINT('',(4.566932778135,26.5,-12.625));
#12641=CARTESIAN_POINT('Origin',(-1.42319375282989E-46,26.5,-13.5));
#12642=CARTESIAN_POINT('',(2.869560070812,26.5,-12.625));
#12643=CARTESIAN_POINT('',(2.869560070812,26.5,-12.625));
#12644=CARTESIAN_POINT('',(0.875000000000001,26.5,-10.630439929188));
#12645=CARTESIAN_POINT('Origin',(-1.42319375282989E-46,26.5,-13.5));
#12646=CARTESIAN_POINT('',(0.875000000000001,26.5,-8.933067221865));
#12647=CARTESIAN_POINT('',(-0.874999999999999,26.5,-10.630439929188));
#12648=CARTESIAN_POINT('',(-0.874999999999999,26.5,-10.630439929188));
#12649=CARTESIAN_POINT('',(-2.869560070812,26.5,-12.625));
#12650=CARTESIAN_POINT('Origin',(-1.42319375282989E-46,26.5,-13.5));
#12651=CARTESIAN_POINT('',(-4.566932778135,26.5,-12.625));
#12652=CARTESIAN_POINT('',(-4.566932778135,26.5,-12.625));
#12653=CARTESIAN_POINT('',(-4.566932778135,26.5,-14.375));
#12654=CARTESIAN_POINT('Origin',(-1.42319375282989E-46,26.5,-13.5));
#12655=CARTESIAN_POINT('',(-2.869560070812,26.5,-14.375));
#12656=CARTESIAN_POINT('',(-2.869560070812,26.5,-14.375));
#12657=CARTESIAN_POINT('',(-0.875000000000001,26.5,-16.369560070812));
#12658=CARTESIAN_POINT('Origin',(-1.42319375282989E-46,26.5,-13.5));
#12659=CARTESIAN_POINT('',(-0.875000000000001,26.5,-18.066932778135));
#12660=CARTESIAN_POINT('Origin',(0.874999999999999,26.5,-16.369560070812));
#12661=CARTESIAN_POINT('',(0.874999999999999,27.,-16.369560070812));
#12662=CARTESIAN_POINT('',(0.874999999999999,27.,-16.369560070812));
#12663=CARTESIAN_POINT('',(0.874999999999999,26.5,-16.369560070812));
#12664=CARTESIAN_POINT('Origin',(-1.42319375282989E-46,26.5,-13.5));
#12665=CARTESIAN_POINT('',(2.869560070812,27.,-14.375));
#12666=CARTESIAN_POINT('Origin',(-1.47793197409258E-46,27.,-13.5));
#12667=CARTESIAN_POINT('',(2.869560070812,26.5,-14.375));
#12668=CARTESIAN_POINT('Origin',(4.566932778135,26.5,-14.375));
#12669=CARTESIAN_POINT('',(4.566932778135,27.,-14.375));
#12670=CARTESIAN_POINT('',(4.566932778135,27.,-14.375));
#12671=CARTESIAN_POINT('',(4.566932778135,26.5,-14.375));
#12672=CARTESIAN_POINT('Origin',(-1.42319375282989E-46,26.5,-13.5));
#12673=CARTESIAN_POINT('',(4.566932778135,27.,-12.625));
#12674=CARTESIAN_POINT('Origin',(-1.47793197409258E-46,27.,-13.5));
#12675=CARTESIAN_POINT('',(4.566932778135,26.5,-12.625));
#12676=CARTESIAN_POINT('Origin',(2.869560070812,26.5,-12.625));
#12677=CARTESIAN_POINT('',(2.869560070812,27.,-12.625));
#12678=CARTESIAN_POINT('',(2.869560070812,27.,-12.625));
#12679=CARTESIAN_POINT('',(2.869560070812,26.5,-12.625));
#12680=CARTESIAN_POINT('Origin',(-1.42319375282989E-46,26.5,-13.5));
#12681=CARTESIAN_POINT('',(0.875000000000001,27.,-10.630439929188));
#12682=CARTESIAN_POINT('Origin',(-1.47793197409258E-46,27.,-13.5));
#12683=CARTESIAN_POINT('',(0.875000000000001,26.5,-10.630439929188));
#12684=CARTESIAN_POINT('Origin',(0.875000000000001,26.5,-8.933067221865));
#12685=CARTESIAN_POINT('',(0.875000000000001,27.,-8.933067221865));
#12686=CARTESIAN_POINT('Origin',(-0.874999999999999,26.5,-10.630439929188));
#12687=CARTESIAN_POINT('',(-0.874999999999999,27.,-10.630439929188));
#12688=CARTESIAN_POINT('',(-0.874999999999999,27.,-10.630439929188));
#12689=CARTESIAN_POINT('',(-0.874999999999999,26.5,-10.630439929188));
#12690=CARTESIAN_POINT('Origin',(-1.42319375282989E-46,26.5,-13.5));
#12691=CARTESIAN_POINT('',(-2.869560070812,27.,-12.625));
#12692=CARTESIAN_POINT('Origin',(-1.47793197409258E-46,27.,-13.5));
#12693=CARTESIAN_POINT('',(-2.869560070812,26.5,-12.625));
#12694=CARTESIAN_POINT('Origin',(-4.566932778135,26.5,-12.625));
#12695=CARTESIAN_POINT('',(-4.566932778135,27.,-12.625));
#12696=CARTESIAN_POINT('',(-4.566932778135,27.,-12.625));
#12697=CARTESIAN_POINT('',(-4.566932778135,26.5,-12.625));
#12698=CARTESIAN_POINT('Origin',(-1.42319375282989E-46,26.5,-13.5));
#12699=CARTESIAN_POINT('',(-4.566932778135,27.,-14.375));
#12700=CARTESIAN_POINT('Origin',(-1.47793197409258E-46,27.,-13.5));
#12701=CARTESIAN_POINT('',(-4.566932778135,26.5,-14.375));
#12702=CARTESIAN_POINT('Origin',(-2.869560070812,26.5,-14.375));
#12703=CARTESIAN_POINT('',(-2.869560070812,27.,-14.375));
#12704=CARTESIAN_POINT('',(-2.869560070812,27.,-14.375));
#12705=CARTESIAN_POINT('',(-2.869560070812,26.5,-14.375));
#12706=CARTESIAN_POINT('Origin',(-1.42319375282989E-46,26.5,-13.5));
#12707=CARTESIAN_POINT('',(-0.875000000000001,27.,-16.369560070812));
#12708=CARTESIAN_POINT('Origin',(-1.47793197409258E-46,27.,-13.5));
#12709=CARTESIAN_POINT('',(-0.875000000000001,26.5,-16.369560070812));
#12710=CARTESIAN_POINT('Origin',(-0.875000000000001,26.5,-18.066932778135));
#12711=CARTESIAN_POINT('',(-0.875000000000001,27.,-18.066932778135));
#12712=CARTESIAN_POINT('Origin',(-1.47793197409258E-46,27.,-13.5));
#12713=CARTESIAN_POINT('Origin',(1.47793197409258E-46,0.,-13.5));
#12714=CARTESIAN_POINT('',(-1.75,-1.33868749079189E-31,-13.5));
#12715=CARTESIAN_POINT('',(3.39994231922538E-15,8.49999999999999,-4.44089209850063E-15));
#12716=CARTESIAN_POINT('',(0.,0.,0.));
#12717=CARTESIAN_POINT('Origin',(0.,0.,1.5));
#12718=CARTESIAN_POINT('',(10.85,-13.2,1.5));
#12719=CARTESIAN_POINT('',(10.85,13.2,1.5));
#12720=CARTESIAN_POINT('',(10.85,-6.6,1.5));
#12721=CARTESIAN_POINT('',(-10.85,-13.2,1.5));
#12722=CARTESIAN_POINT('',(-5.425,-13.2,1.5));
#12723=CARTESIAN_POINT('',(-10.85,13.2,1.5));
#12724=CARTESIAN_POINT('',(-10.85,6.6,1.5));
#12725=CARTESIAN_POINT('',(5.425,13.2,1.5));
#12726=CARTESIAN_POINT('',(9.1,-10.,1.5));
#12727=CARTESIAN_POINT('Origin',(7.5,-10.,1.5));
#12728=CARTESIAN_POINT('',(-5.9,-10.,1.5));
#12729=CARTESIAN_POINT('Origin',(-7.5,-10.,1.5));
#12730=CARTESIAN_POINT('',(-5.9,9.99999999999999,1.5));
#12731=CARTESIAN_POINT('Origin',(-7.5,9.99999999999999,1.5));
#12732=CARTESIAN_POINT('',(9.1,10.,1.5));
#12733=CARTESIAN_POINT('Origin',(7.5,10.,1.5));
#12734=CARTESIAN_POINT('Origin',(-10.85,-13.2,0.));
#12735=CARTESIAN_POINT('',(10.85,-13.2,4.));
#12736=CARTESIAN_POINT('',(10.85,-13.2,0.));
#12737=CARTESIAN_POINT('',(-10.85,-13.2,4.));
#12738=CARTESIAN_POINT('',(10.85,-13.2,4.));
#12739=CARTESIAN_POINT('',(-10.85,-13.2,0.));
#12740=CARTESIAN_POINT('Origin',(10.85,-13.2,0.));
#12741=CARTESIAN_POINT('',(10.85,13.2,4.));
#12742=CARTESIAN_POINT('',(10.85,13.2,0.));
#12743=CARTESIAN_POINT('',(10.85,13.2,4.));
#12744=CARTESIAN_POINT('Origin',(3.99999999999998,2.55477494116409,37.025));
#12745=CARTESIAN_POINT('',(3.99999999999998,2.55477494116409,37.025));
#12746=CARTESIAN_POINT('',(3.99999999999998,1.11022302462516E-15,35.55));
#12747=CARTESIAN_POINT('',(4.,-7.05338790176771,31.4777245962156));
#12748=CARTESIAN_POINT('',(1.99999999999998,2.55477494116409,37.025));
#12749=CARTESIAN_POINT('',(3.99999999999998,2.55477494116409,37.025));
#12750=CARTESIAN_POINT('',(1.99999999999998,1.11022302462516E-15,35.55));
#12751=CARTESIAN_POINT('',(1.99999999999998,1.38375832808518E-15,35.55));
#12752=CARTESIAN_POINT('',(3.99999999999998,1.11022302462516E-15,35.55));
#12753=CARTESIAN_POINT('Origin',(3.99999999999998,2.55477494116409,39.975));
#12754=CARTESIAN_POINT('',(3.99999999999998,2.55477494116409,39.975));
#12755=CARTESIAN_POINT('',(4.,2.55477494116409,21.9875));
#12756=CARTESIAN_POINT('',(1.99999999999998,2.55477494116409,39.975));
#12757=CARTESIAN_POINT('',(3.99999999999998,2.55477494116409,39.975));
#12758=CARTESIAN_POINT('',(1.99999999999998,2.55477494116409,37.025));
#12759=CARTESIAN_POINT('Origin',(3.99999999999998,1.66533453693773E-15,
41.45));
#12760=CARTESIAN_POINT('',(3.99999999999998,1.66131408424147E-15,41.45));
#12761=CARTESIAN_POINT('',(4.,6.6081628429318,37.6347754037845));
#12762=CARTESIAN_POINT('',(1.99999999999998,1.66533453693773E-15,41.45));
#12763=CARTESIAN_POINT('',(3.99999999999998,1.66131408424147E-15,41.45));
#12764=CARTESIAN_POINT('',(1.99999999999998,2.55477494116409,39.975));
#12765=CARTESIAN_POINT('Origin',(3.99999999999998,-2.55477494116409,39.975));
#12766=CARTESIAN_POINT('',(3.99999999999998,-2.55477494116409,39.975));
#12767=CARTESIAN_POINT('',(4.,-10.8855503135138,35.1652245962156));
#12768=CARTESIAN_POINT('',(1.99999999999998,-2.55477494116409,39.975));
#12769=CARTESIAN_POINT('',(3.99999999999998,-2.55477494116409,39.975));
#12770=CARTESIAN_POINT('',(1.99999999999998,1.66131408424147E-15,41.45));
#12771=CARTESIAN_POINT('Origin',(3.99999999999998,-2.55477494116409,37.025));
#12772=CARTESIAN_POINT('',(3.99999999999998,-2.55477494116409,37.025));
#12773=CARTESIAN_POINT('',(4.,-2.5547749411641,20.5125));
#12774=CARTESIAN_POINT('',(1.99999999999998,-2.55477494116409,37.025));
#12775=CARTESIAN_POINT('',(3.99999999999998,-2.55477494116409,37.025));
#12776=CARTESIAN_POINT('',(1.99999999999998,-2.55477494116409,39.975));
#12777=CARTESIAN_POINT('Origin',(3.99999999999998,1.11022302462516E-15,
35.55));
#12778=CARTESIAN_POINT('',(4.,5.33077537234978,32.4722754037844));
#12779=CARTESIAN_POINT('',(1.99999999999998,-2.55477494116409,37.025));
#12780=CARTESIAN_POINT('Origin',(1.99999999999998,1.66533453693773E-15,
38.5));
#12781=CARTESIAN_POINT('',(1.99999999999998,1.35,38.5));
#12782=CARTESIAN_POINT('Origin',(1.99999999999998,1.38375832808518E-15,
38.5));
#12783=CARTESIAN_POINT('Origin',(0.,102.662599689468,55.125));
#12784=CARTESIAN_POINT('',(4.,8.47672841472674,21.5240825688073));
#12785=CARTESIAN_POINT('',(4.,3.94856152651801,39.1394230769231));
#12786=CARTESIAN_POINT('Origin',(4.,102.662599689468,55.125));
#12787=CARTESIAN_POINT('',(-4.,8.47672841472674,21.5240825688073));
#12788=CARTESIAN_POINT('',(0.,8.47672841472674,21.5240825688073));
#12789=CARTESIAN_POINT('',(-4.,3.94856152651801,39.1394230769231));
#12790=CARTESIAN_POINT('Origin',(-4.,102.662599689468,55.125));
#12791=CARTESIAN_POINT('',(0.,3.94856152651801,39.1394230769231));
#12792=CARTESIAN_POINT('Origin',(0.,1.38375832808518E-15,38.5));
#12793=CARTESIAN_POINT('',(-4.,-3.94856152651801,39.1394230769231));
#12794=CARTESIAN_POINT('Origin',(-4.,1.38375832808518E-15,38.5));
#12795=CARTESIAN_POINT('',(4.,-3.94856152651801,39.1394230769231));
#12796=CARTESIAN_POINT('',(0.,-3.94856152651801,39.1394230769231));
#12797=CARTESIAN_POINT('Origin',(4.,1.38375832808518E-15,38.5));
#12798=CARTESIAN_POINT('Origin',(0.,-102.662599689468,55.125));
#12799=CARTESIAN_POINT('',(4.,-8.47672841472673,21.5240825688073));
#12800=CARTESIAN_POINT('Origin',(4.,-102.662599689468,55.125));
#12801=CARTESIAN_POINT('',(-4.,-8.47672841472673,21.5240825688073));
#12802=CARTESIAN_POINT('Origin',(-4.,-102.662599689468,55.125));
#12803=CARTESIAN_POINT('',(0.,-8.47672841472674,21.5240825688074));
#12804=CARTESIAN_POINT('Origin',(0.,5.51091059616309E-16,18.5));
#12805=CARTESIAN_POINT('',(-4.,-6.61080979324386,12.3928571428571));
#12806=CARTESIAN_POINT('Origin',(-4.,5.51091059616309E-16,18.5));
#12807=CARTESIAN_POINT('',(4.,-6.61080979324386,12.3928571428571));
#12808=CARTESIAN_POINT('',(0.,-6.61080979324386,12.3928571428571));
#12809=CARTESIAN_POINT('Origin',(4.,5.51091059616309E-16,18.5));
#12810=CARTESIAN_POINT('Origin',(0.,-10.2834819006016,9.));
#12811=CARTESIAN_POINT('',(4.,-5.38450241503521,8.));
#12812=CARTESIAN_POINT('Origin',(4.,-10.2834819006016,9.));
#12813=CARTESIAN_POINT('',(-4.,-5.38450241503521,8.));
#12814=CARTESIAN_POINT('Origin',(-4.,-10.2834819006016,9.));
#12815=CARTESIAN_POINT('',(-6.58022719636898,-8.69079490159736,4.26044853143074));
#12816=CARTESIAN_POINT('Ctrl Pts',(-4.,-5.38450241503521,8.));
#12817=CARTESIAN_POINT('Ctrl Pts',(-4.,-5.48874866623853,7.48929975390775));
#12818=CARTESIAN_POINT('Ctrl Pts',(-4.10289101967859,-5.68219530654602,
6.97496710926936));
#12819=CARTESIAN_POINT('Ctrl Pts',(-4.46364530658437,-6.19980801363514,
6.06807198276585));
#12820=CARTESIAN_POINT('Ctrl Pts',(-4.72004789384478,-6.52312091663067,
5.67444261343202));
#12821=CARTESIAN_POINT('Ctrl Pts',(-5.38455144794069,-7.32683498288289,
4.91428140974779));
#12822=CARTESIAN_POINT('Ctrl Pts',(-5.8789689267681,-7.89632928310791,4.56054850704171));
#12823=CARTESIAN_POINT('Ctrl Pts',(-6.46282565076013,-8.55805721146399,
4.306611134033));
#12824=CARTESIAN_POINT('Ctrl Pts',(-6.52138784499987,-8.62431750192718,
4.28278771075846));
#12825=CARTESIAN_POINT('Ctrl Pts',(-6.58022719636874,-8.69079490159799,
4.26044853143201));
#12826=CARTESIAN_POINT('',(-5.9,-10.,4.00804266724651));
#12827=CARTESIAN_POINT('Ctrl Pts',(-6.58022719636543,-8.69079490159326,
4.2604485314336));
#12828=CARTESIAN_POINT('Ctrl Pts',(-6.50411414784591,-8.74426758674791,
4.24247947866295));
#12829=CARTESIAN_POINT('Ctrl Pts',(-6.43394916504744,-8.80358588896065,
4.22358202434344));
#12830=CARTESIAN_POINT('Ctrl Pts',(-6.22937861997614,-9.0072731406467,4.16337550219248));
#12831=CARTESIAN_POINT('Ctrl Pts',(-6.10603492251631,-9.18604798204007,
4.11780654711583));
#12832=CARTESIAN_POINT('Ctrl Pts',(-5.94129414752483,-9.58036603418093,
4.04562797138603));
#12833=CARTESIAN_POINT('Ctrl Pts',(-5.9,-9.79606281829261,4.01962379585401));
#12834=CARTESIAN_POINT('Ctrl Pts',(-5.9,-10.,4.00804266724651));
#12835=CARTESIAN_POINT('',(-5.92531336068685,-10.2834819006016,4.));
#12836=CARTESIAN_POINT('Ctrl Pts',(-5.9,-10.,4.00804266724651));
#12837=CARTESIAN_POINT('Ctrl Pts',(-5.9,-10.092641124744,4.00278178852385));
#12838=CARTESIAN_POINT('Ctrl Pts',(-5.90815802729009,-10.1881873712665,
4.));
#12839=CARTESIAN_POINT('Ctrl Pts',(-5.92531336068685,-10.2834819006016,
4.));
#12840=CARTESIAN_POINT('',(5.92531336068686,-10.2834819006016,4.));
#12841=CARTESIAN_POINT('',(0.,-10.2834819006016,4.));
#12842=CARTESIAN_POINT('',(6.58022719636898,-8.69079490159736,4.26044853143074));
#12843=CARTESIAN_POINT('Ctrl Pts',(5.92531336068686,-10.2834819006016,4.));
#12844=CARTESIAN_POINT('Ctrl Pts',(5.90815802729009,-10.1881873712665,4.));
#12845=CARTESIAN_POINT('Ctrl Pts',(5.9,-10.092641124744,4.00278178852385));
#12846=CARTESIAN_POINT('Ctrl Pts',(5.9,-9.79606281829262,4.019623795854));
#12847=CARTESIAN_POINT('Ctrl Pts',(5.94129414752484,-9.58036603418094,4.04562797138603));
#12848=CARTESIAN_POINT('Ctrl Pts',(6.10603492251631,-9.18604798204008,4.11780654711583));
#12849=CARTESIAN_POINT('Ctrl Pts',(6.22937861997615,-9.00727314064671,4.16337550219248));
#12850=CARTESIAN_POINT('Ctrl Pts',(6.43394916504744,-8.80358588896065,4.22358202434344));
#12851=CARTESIAN_POINT('Ctrl Pts',(6.50411414784591,-8.74426758674792,4.24247947866295));
#12852=CARTESIAN_POINT('Ctrl Pts',(6.58022719636543,-8.69079490159326,4.2604485314336));
#12853=CARTESIAN_POINT('Ctrl Pts',(6.58022719636874,-8.690794901598,4.26044853143201));
#12854=CARTESIAN_POINT('Ctrl Pts',(6.52138784499987,-8.62431750192718,4.28278771075846));
#12855=CARTESIAN_POINT('Ctrl Pts',(6.46282565076013,-8.558057211464,4.306611134033));
#12856=CARTESIAN_POINT('Ctrl Pts',(5.8789689267681,-7.89632928310791,4.56054850704171));
#12857=CARTESIAN_POINT('Ctrl Pts',(5.38455144794069,-7.32683498288289,4.91428140974779));
#12858=CARTESIAN_POINT('Ctrl Pts',(4.72004789384478,-6.52312091663067,5.67444261343202));
#12859=CARTESIAN_POINT('Ctrl Pts',(4.46364530658437,-6.19980801363514,6.06807198276585));
#12860=CARTESIAN_POINT('Ctrl Pts',(4.10289101967859,-5.68219530654602,6.97496710926936));
#12861=CARTESIAN_POINT('Ctrl Pts',(4.,-5.48874866623852,7.48929975390775));
#12862=CARTESIAN_POINT('Ctrl Pts',(4.,-5.38450241503521,8.));
#12863=CARTESIAN_POINT('Origin',(0.,0.,4.));
#12864=CARTESIAN_POINT('',(-10.85,13.2,4.));
#12865=CARTESIAN_POINT('',(-10.85,13.2,4.));
#12866=CARTESIAN_POINT('',(-10.85,-13.2,4.));
#12867=CARTESIAN_POINT('',(8.,-8.48013158464293,4.));
#12868=CARTESIAN_POINT('',(8.,8.48013158464294,4.));
#12869=CARTESIAN_POINT('',(8.,-2.,4.));
#12870=CARTESIAN_POINT('',(9.1,-10.,4.));
#12871=CARTESIAN_POINT('Origin',(7.5,-10.,4.));
#12872=CARTESIAN_POINT('Origin',(7.5,-10.,4.));
#12873=CARTESIAN_POINT('',(-8.,-8.48013158464293,4.));
#12874=CARTESIAN_POINT('Origin',(-7.5,-10.,4.));
#12875=CARTESIAN_POINT('',(-8.,8.48013158464292,4.));
#12876=CARTESIAN_POINT('',(-8.,2.,4.));
#12877=CARTESIAN_POINT('',(-5.92531336068686,10.2834819006016,4.));
#12878=CARTESIAN_POINT('Origin',(-7.5,9.99999999999999,4.));
#12879=CARTESIAN_POINT('',(5.92531336068685,10.2834819006016,4.));
#12880=CARTESIAN_POINT('',(0.,10.2834819006016,4.));
#12881=CARTESIAN_POINT('',(9.1,10.,4.));
#12882=CARTESIAN_POINT('Origin',(7.5,10.,4.));
#12883=CARTESIAN_POINT('Origin',(7.5,10.,4.));
#12884=CARTESIAN_POINT('Origin',(0.,10.2834819006016,9.));
#12885=CARTESIAN_POINT('',(-4.,5.38450241503521,8.));
#12886=CARTESIAN_POINT('',(-4.,6.61080979324386,12.3928571428571));
#12887=CARTESIAN_POINT('Origin',(-4.,10.2834819006016,9.));
#12888=CARTESIAN_POINT('',(4.,6.61080979324386,12.3928571428571));
#12889=CARTESIAN_POINT('',(0.,6.61080979324386,12.3928571428571));
#12890=CARTESIAN_POINT('',(4.,5.38450241503521,8.));
#12891=CARTESIAN_POINT('Origin',(4.,10.2834819006016,9.));
#12892=CARTESIAN_POINT('',(6.58022719636898,8.69079490159736,4.26044853143074));
#12893=CARTESIAN_POINT('Ctrl Pts',(4.,5.38450241503521,8.));
#12894=CARTESIAN_POINT('Ctrl Pts',(4.,5.48874866623853,7.48929975390775));
#12895=CARTESIAN_POINT('Ctrl Pts',(4.10289101967859,5.68219530654602,6.97496710926936));
#12896=CARTESIAN_POINT('Ctrl Pts',(4.46364530658437,6.19980801363514,6.06807198276585));
#12897=CARTESIAN_POINT('Ctrl Pts',(4.72004789384478,6.52312091663067,5.67444261343202));
#12898=CARTESIAN_POINT('Ctrl Pts',(5.38455144794069,7.32683498288289,4.91428140974779));
#12899=CARTESIAN_POINT('Ctrl Pts',(5.8789689267681,7.89632928310791,4.56054850704171));
#12900=CARTESIAN_POINT('Ctrl Pts',(6.46282565076013,8.558057211464,4.306611134033));
#12901=CARTESIAN_POINT('Ctrl Pts',(6.52138784499987,8.62431750192718,4.28278771075846));
#12902=CARTESIAN_POINT('Ctrl Pts',(6.58022719636874,8.690794901598,4.26044853143201));
#12903=CARTESIAN_POINT('Ctrl Pts',(6.58022719636543,8.69079490159326,4.2604485314336));
#12904=CARTESIAN_POINT('Ctrl Pts',(6.50411414784591,8.74426758674791,4.24247947866295));
#12905=CARTESIAN_POINT('Ctrl Pts',(6.43394916504744,8.80358588896065,4.22358202434344));
#12906=CARTESIAN_POINT('Ctrl Pts',(6.22937861997614,9.00727314064671,4.16337550219248));
#12907=CARTESIAN_POINT('Ctrl Pts',(6.10603492251631,9.18604798204008,4.11780654711583));
#12908=CARTESIAN_POINT('Ctrl Pts',(5.94129414752484,9.58036603418094,4.04562797138603));
#12909=CARTESIAN_POINT('Ctrl Pts',(5.9,9.79606281829262,4.019623795854));
#12910=CARTESIAN_POINT('Ctrl Pts',(5.9,10.092641124744,4.00278178852385));
#12911=CARTESIAN_POINT('Ctrl Pts',(5.90815802729009,10.1881873712665,4.));
#12912=CARTESIAN_POINT('Ctrl Pts',(5.92531336068685,10.2834819006016,4.));
#12913=CARTESIAN_POINT('',(-5.9,9.99999999999999,4.00804266724651));
#12914=CARTESIAN_POINT('Ctrl Pts',(-5.92531336068686,10.2834819006016,4.));
#12915=CARTESIAN_POINT('Ctrl Pts',(-5.90815802729009,10.1881873712665,4.));
#12916=CARTESIAN_POINT('Ctrl Pts',(-5.9,10.092641124744,4.00278178852385));
#12917=CARTESIAN_POINT('Ctrl Pts',(-5.9,9.99999999999999,4.00804266724651));
#12918=CARTESIAN_POINT('',(-6.58022719636898,8.69079490159736,4.26044853143074));
#12919=CARTESIAN_POINT('Ctrl Pts',(-5.9,9.99999999999999,4.00804266724651));
#12920=CARTESIAN_POINT('Ctrl Pts',(-5.9,9.79606281829261,4.01962379585401));
#12921=CARTESIAN_POINT('Ctrl Pts',(-5.94129414752484,9.58036603418093,4.04562797138603));
#12922=CARTESIAN_POINT('Ctrl Pts',(-6.10603492251631,9.18604798204007,4.11780654711583));
#12923=CARTESIAN_POINT('Ctrl Pts',(-6.22937861997615,9.0072731406467,4.16337550219248));
#12924=CARTESIAN_POINT('Ctrl Pts',(-6.43394916504744,8.80358588896065,4.22358202434344));
#12925=CARTESIAN_POINT('Ctrl Pts',(-6.50411414784591,8.74426758674791,4.24247947866295));
#12926=CARTESIAN_POINT('Ctrl Pts',(-6.58022719636543,8.69079490159326,4.2604485314336));
#12927=CARTESIAN_POINT('Ctrl Pts',(-6.58022719636874,8.690794901598,4.26044853143201));
#12928=CARTESIAN_POINT('Ctrl Pts',(-6.52138784499987,8.62431750192718,4.28278771075846));
#12929=CARTESIAN_POINT('Ctrl Pts',(-6.46282565076013,8.55805721146399,4.306611134033));
#12930=CARTESIAN_POINT('Ctrl Pts',(-5.8789689267681,7.89632928310791,4.56054850704171));
#12931=CARTESIAN_POINT('Ctrl Pts',(-5.38455144794069,7.32683498288289,4.91428140974779));
#12932=CARTESIAN_POINT('Ctrl Pts',(-4.72004789384478,6.52312091663067,5.67444261343202));
#12933=CARTESIAN_POINT('Ctrl Pts',(-4.46364530658437,6.19980801363514,6.06807198276585));
#12934=CARTESIAN_POINT('Ctrl Pts',(-4.10289101967859,5.68219530654602,6.97496710926936));
#12935=CARTESIAN_POINT('Ctrl Pts',(-4.,5.48874866623852,7.48929975390775));
#12936=CARTESIAN_POINT('Ctrl Pts',(-4.,5.38450241503521,8.));
#12937=CARTESIAN_POINT('Origin',(8.,-2.,8.));
#12938=CARTESIAN_POINT('Ctrl Pts',(8.,8.48013158464294,4.));
#12939=CARTESIAN_POINT('Ctrl Pts',(7.83531299564294,8.42595353781565,4.));
#12940=CARTESIAN_POINT('Ctrl Pts',(7.66280376339382,8.4,4.01086168719143));
#12941=CARTESIAN_POINT('Ctrl Pts',(7.29211499772835,8.4,4.05756408184649));
#12942=CARTESIAN_POINT('Ctrl Pts',(7.07443354524747,8.44277320166053,4.10311089109422));
#12943=CARTESIAN_POINT('Ctrl Pts',(6.77149749728923,8.57089286817751,4.19174432850237));
#12944=CARTESIAN_POINT('Ctrl Pts',(6.6715767722094,8.62661790168167,4.22576639254658));
#12945=CARTESIAN_POINT('Ctrl Pts',(6.58022719636643,8.69079490159256,4.26044853143289));
#12946=CARTESIAN_POINT('',(4.,-2.,8.));
#12947=CARTESIAN_POINT('Ctrl Pts',(6.58022719636643,-8.69079490159256,4.26044853143289));
#12948=CARTESIAN_POINT('Ctrl Pts',(6.67157677220941,-8.62661790168166,4.22576639254658));
#12949=CARTESIAN_POINT('Ctrl Pts',(6.77149749728923,-8.57089286817751,4.19174432850237));
#12950=CARTESIAN_POINT('Ctrl Pts',(7.07443354524747,-8.44277320166052,4.10311089109422));
#12951=CARTESIAN_POINT('Ctrl Pts',(7.29211499772835,-8.4,4.05756408184649));
#12952=CARTESIAN_POINT('Ctrl Pts',(7.66280376339382,-8.4,4.01086168719143));
#12953=CARTESIAN_POINT('Ctrl Pts',(7.83531299564294,-8.42595353781564,4.));
#12954=CARTESIAN_POINT('Ctrl Pts',(7.99999999999999,-8.48013158464293,4.));
#12955=CARTESIAN_POINT('Origin',(-8.,2.,8.));
#12956=CARTESIAN_POINT('',(-4.,2.,8.));
#12957=CARTESIAN_POINT('Ctrl Pts',(-6.58022719636642,8.69079490159256,4.26044853143289));
#12958=CARTESIAN_POINT('Ctrl Pts',(-6.6715767722094,8.62661790168166,4.22576639254658));
#12959=CARTESIAN_POINT('Ctrl Pts',(-6.77149749728923,8.5708928681775,4.19174432850237));
#12960=CARTESIAN_POINT('Ctrl Pts',(-7.07443354524748,8.44277320166051,4.10311089109422));
#12961=CARTESIAN_POINT('Ctrl Pts',(-7.29211499772835,8.39999999999999,4.05756408184649));
#12962=CARTESIAN_POINT('Ctrl Pts',(-7.66280376339382,8.39999999999999,4.01086168719143));
#12963=CARTESIAN_POINT('Ctrl Pts',(-7.83531299564294,8.42595353781564,4.));
#12964=CARTESIAN_POINT('Ctrl Pts',(-7.99999999999999,8.48013158464292,4.));
#12965=CARTESIAN_POINT('Ctrl Pts',(-7.99999999999999,-8.48013158464293,
4.));
#12966=CARTESIAN_POINT('Ctrl Pts',(-7.83531299564293,-8.42595353781564,
4.));
#12967=CARTESIAN_POINT('Ctrl Pts',(-7.66280376339382,-8.4,4.01086168719143));
#12968=CARTESIAN_POINT('Ctrl Pts',(-7.29211499772835,-8.4,4.05756408184649));
#12969=CARTESIAN_POINT('Ctrl Pts',(-7.07443354524747,-8.44277320166052,
4.10311089109422));
#12970=CARTESIAN_POINT('Ctrl Pts',(-6.77149749728923,-8.5708928681775,4.19174432850237));
#12971=CARTESIAN_POINT('Ctrl Pts',(-6.6715767722094,-8.62661790168166,4.22576639254658));
#12972=CARTESIAN_POINT('Ctrl Pts',(-6.58022719636642,-8.69079490159255,
4.26044853143289));
#12973=CARTESIAN_POINT('Origin',(-4.,4.,4.));
#12974=CARTESIAN_POINT('Origin',(-4.,5.51091059616309E-16,18.5));
#12975=CARTESIAN_POINT('',(-4.,4.,15.8837624828583));
#12976=CARTESIAN_POINT('',(-4.,4.,14.7662375171417));
#12977=CARTESIAN_POINT('',(-4.,4.,7.38089620063923));
#12978=CARTESIAN_POINT('Origin',(-4.,5.49926131403101,15.325));
#12979=CARTESIAN_POINT('',(-4.,-4.,15.8837624828584));
#12980=CARTESIAN_POINT('',(-4.,-4.,14.7662375171417));
#12981=CARTESIAN_POINT('Origin',(-4.,-5.49926131403101,15.325));
#12982=CARTESIAN_POINT('',(-4.,-4.,38.5));
#12983=CARTESIAN_POINT('',(-4.00000000000002,1.6,24.85));
#12984=CARTESIAN_POINT('Origin',(-4.00000000000002,-4.89743025969775E-16,
24.85));
#12985=CARTESIAN_POINT('',(-4.,1.35,38.5));
#12986=CARTESIAN_POINT('Origin',(-4.,1.38375832808518E-15,38.5));
#12987=CARTESIAN_POINT('Origin',(0.,5.49926131403101,15.325));
#12988=CARTESIAN_POINT('',(4.,4.,15.8837624828583));
#12989=CARTESIAN_POINT('',(0.,4.,15.8837624828583));
#12990=CARTESIAN_POINT('',(4.,4.,14.7662375171417));
#12991=CARTESIAN_POINT('',(0.,4.,14.7662375171417));
#12992=CARTESIAN_POINT('Origin',(4.,5.49926131403101,15.325));
#12993=CARTESIAN_POINT('Origin',(0.,4.,15.8837624828583));
#12994=CARTESIAN_POINT('',(4.,4.,7.38089620063923));
#12995=CARTESIAN_POINT('Origin',(0.,-4.,14.7662375171417));
#12996=CARTESIAN_POINT('',(4.,-4.,15.8837624828584));
#12997=CARTESIAN_POINT('',(0.,-4.,15.8837624828584));
#12998=CARTESIAN_POINT('',(4.,-4.,14.7662375171417));
#12999=CARTESIAN_POINT('',(0.,-4.,14.7662375171416));
#13000=CARTESIAN_POINT('',(4.,-4.,38.5));
#13001=CARTESIAN_POINT('Origin',(0.,-5.49926131403101,15.325));
#13002=CARTESIAN_POINT('Origin',(4.,-5.49926131403101,15.325));
#13003=CARTESIAN_POINT('Origin',(-1.77635683940025E-14,-4.89743025969775E-16,
24.85));
#13004=CARTESIAN_POINT('',(3.99999999999998,1.6,24.85));
#13005=CARTESIAN_POINT('',(-1.77635683940025E-14,1.6,24.85));
#13006=CARTESIAN_POINT('Origin',(3.99999999999998,-4.89743025969775E-16,
24.85));
#13007=CARTESIAN_POINT('Origin',(0.,1.38375832808518E-15,38.5));
#13008=CARTESIAN_POINT('',(0.,1.35,38.5));
#13009=CARTESIAN_POINT('Origin',(0.,5.51091059616309E-16,18.5));
#13010=CARTESIAN_POINT('Origin',(4.,5.51091059616309E-16,18.5));
#13011=CARTESIAN_POINT('Origin',(4.,-4.,4.));
#13012=CARTESIAN_POINT('Origin',(7.5,10.,0.));
#13013=CARTESIAN_POINT('',(9.1,10.,0.));
#13014=CARTESIAN_POINT('Origin',(-7.5,9.99999999999999,0.));
#13015=CARTESIAN_POINT('',(-5.9,9.99999999999999,0.));
#13016=CARTESIAN_POINT('Origin',(-7.5,-10.,0.));
#13017=CARTESIAN_POINT('',(-5.9,-10.,0.));
#13018=CARTESIAN_POINT('Origin',(7.5,-10.,0.));
#13019=CARTESIAN_POINT('',(9.1,-10.,0.));
#13020=CARTESIAN_POINT('Origin',(-10.85,13.2,0.));
#13021=CARTESIAN_POINT('',(-10.85,13.2,0.));
#13022=CARTESIAN_POINT('Origin',(10.85,13.2,0.));
#13023=CARTESIAN_POINT('',(0.,0.,0.));
#13024=CARTESIAN_POINT('Origin',(1.05,1.05,2.));
#13025=CARTESIAN_POINT('',(0.35,1.05,2.));
#13026=CARTESIAN_POINT('',(1.05,0.349999999999997,2.));
#13027=CARTESIAN_POINT('Origin',(1.05,1.05,2.));
#13028=CARTESIAN_POINT('',(0.35,1.05,1.14));
#13029=CARTESIAN_POINT('',(0.35,1.05,2.));
#13030=CARTESIAN_POINT('',(1.05,0.349999999999997,1.14));
#13031=CARTESIAN_POINT('Origin',(1.05,1.05,1.14));
#13032=CARTESIAN_POINT('',(1.05,0.349999999999997,2.));
#13033=CARTESIAN_POINT('Origin',(0.35,0.349999999999997,2.));
#13034=CARTESIAN_POINT('',(1.25347876849692,0.349999999999997,1.14));
#13035=CARTESIAN_POINT('',(1.75,0.349999999999996,1.14));
#13036=CARTESIAN_POINT('',(1.75,0.349999999999996,2.));
#13037=CARTESIAN_POINT('',(1.575,0.349999999999997,1.69689110867545));
#13038=CARTESIAN_POINT('',(-1.11251133647408,0.349999999999997,2.));
#13039=CARTESIAN_POINT('Origin',(1.05,-1.05,2.));
#13040=CARTESIAN_POINT('',(1.05,-0.35,2.));
#13041=CARTESIAN_POINT('',(0.349999999999998,-1.05,2.));
#13042=CARTESIAN_POINT('Origin',(1.05,-1.05,2.));
#13043=CARTESIAN_POINT('',(1.05,-0.35,1.14));
#13044=CARTESIAN_POINT('',(1.05,-0.35,2.));
#13045=CARTESIAN_POINT('',(0.349999999999998,-1.05,1.14));
#13046=CARTESIAN_POINT('Origin',(1.05,-1.05,1.14));
#13047=CARTESIAN_POINT('',(0.349999999999998,-1.05,2.));
#13048=CARTESIAN_POINT('Origin',(0.349999999999998,-0.35,2.));
#13049=CARTESIAN_POINT('',(0.349999999999998,-1.25347876849692,1.14));
#13050=CARTESIAN_POINT('',(0.349999999999998,-1.75,1.14));
#13051=CARTESIAN_POINT('',(0.349999999999998,-1.75,2.));
#13052=CARTESIAN_POINT('',(0.349999999999998,-1.575,1.69689110867545));
#13053=CARTESIAN_POINT('',(0.349999999999998,-0.174999999999999,2.));
#13054=CARTESIAN_POINT('Origin',(-1.05,-1.05,2.));
#13055=CARTESIAN_POINT('',(-0.35,-1.05,2.));
#13056=CARTESIAN_POINT('',(-1.05,-0.349999999999999,2.));
#13057=CARTESIAN_POINT('Origin',(-1.05,-1.05,2.));
#13058=CARTESIAN_POINT('',(-0.35,-1.05,1.14));
#13059=CARTESIAN_POINT('',(-0.35,-1.05,2.));
#13060=CARTESIAN_POINT('',(-1.05,-0.349999999999999,1.14));
#13061=CARTESIAN_POINT('Origin',(-1.05,-1.05,1.14));
#13062=CARTESIAN_POINT('',(-1.05,-0.349999999999999,2.));
#13063=CARTESIAN_POINT('Origin',(-0.35,-0.349999999999999,2.));
#13064=CARTESIAN_POINT('',(-1.25347876849692,-0.349999999999999,1.14));
#13065=CARTESIAN_POINT('',(-1.75,-0.349999999999999,1.14));
#13066=CARTESIAN_POINT('',(-1.75,-0.349999999999999,2.));
#13067=CARTESIAN_POINT('',(-1.575,-0.349999999999999,1.69689110867545));
#13068=CARTESIAN_POINT('',(-1.46251133647408,-0.349999999999999,2.));
#13069=CARTESIAN_POINT('Origin',(-1.05,1.05,2.));
#13070=CARTESIAN_POINT('',(-1.05,0.350000000000001,2.));
#13071=CARTESIAN_POINT('',(-0.349999999999999,1.05,2.));
#13072=CARTESIAN_POINT('Origin',(-1.05,1.05,2.));
#13073=CARTESIAN_POINT('',(-1.05,0.350000000000001,1.14));
#13074=CARTESIAN_POINT('',(-1.05,0.350000000000001,2.));
#13075=CARTESIAN_POINT('',(-0.349999999999999,1.05,1.14));
#13076=CARTESIAN_POINT('Origin',(-1.05,1.05,1.14));
#13077=CARTESIAN_POINT('',(-0.349999999999999,1.05,2.));
#13078=CARTESIAN_POINT('Origin',(-0.349999999999998,0.349999999999998,2.));
#13079=CARTESIAN_POINT('',(-0.349999999999999,1.25347876849692,1.14));
#13080=CARTESIAN_POINT('',(-0.349999999999999,1.75,1.14));
#13081=CARTESIAN_POINT('',(-0.349999999999999,1.75,2.));
#13082=CARTESIAN_POINT('',(-0.349999999999999,1.575,1.69689110867545));
#13083=CARTESIAN_POINT('',(-0.349999999999998,0.175,2.));
#13084=CARTESIAN_POINT('Origin',(-1.75,0.350000000000001,2.));
#13085=CARTESIAN_POINT('',(-1.75,0.350000000000001,2.));
#13086=CARTESIAN_POINT('',(-2.16251133647408,0.35,2.));
#13087=CARTESIAN_POINT('',(-1.25347876849692,0.350000000000001,1.14));
#13088=CARTESIAN_POINT('',(-1.75,0.350000000000001,2.));
#13089=CARTESIAN_POINT('',(-0.349999999999999,0.350000000000001,1.14));
#13090=CARTESIAN_POINT('Origin',(-1.75,-0.349999999999999,2.));
#13091=CARTESIAN_POINT('',(-1.75,-0.175000000000001,2.));
#13092=CARTESIAN_POINT('',(-1.25347876849692,-0.174999999999999,1.14));
#13093=CARTESIAN_POINT('Origin',(-0.350000000000001,-1.75,2.));
#13094=CARTESIAN_POINT('',(-0.350000000000001,-1.75,2.));
#13095=CARTESIAN_POINT('',(-0.35,-0.875,2.));
#13096=CARTESIAN_POINT('',(-0.35,-1.25347876849692,1.14));
#13097=CARTESIAN_POINT('',(-0.350000000000001,-1.75,2.));
#13098=CARTESIAN_POINT('',(-0.35,-0.349999999999999,1.14));
#13099=CARTESIAN_POINT('Origin',(0.349999999999998,-1.75,2.));
#13100=CARTESIAN_POINT('',(-1.11251133647408,-1.75,2.));
#13101=CARTESIAN_POINT('',(0.174999999999998,-1.25347876849692,1.14));
#13102=CARTESIAN_POINT('Origin',(1.75,-0.350000000000001,2.));
#13103=CARTESIAN_POINT('',(1.75,-0.350000000000001,2.));
#13104=CARTESIAN_POINT('',(-0.412511336474076,-0.349999999999999,2.));
#13105=CARTESIAN_POINT('',(1.25347876849692,-0.35,1.14));
#13106=CARTESIAN_POINT('',(1.75,-0.350000000000001,2.));
#13107=CARTESIAN_POINT('',(0.349999999999999,-0.35,1.14));
#13108=CARTESIAN_POINT('Origin',(1.75,0.349999999999997,2.));
#13109=CARTESIAN_POINT('',(1.75,0.174999999999993,2.));
#13110=CARTESIAN_POINT('',(1.25347876849692,0.174999999999997,1.14));
#13111=CARTESIAN_POINT('Origin',(0.350000000000001,1.75,2.));
#13112=CARTESIAN_POINT('',(0.350000000000001,1.75,2.));
#13113=CARTESIAN_POINT('',(0.350000000000001,0.874999999999999,2.));
#13114=CARTESIAN_POINT('',(0.350000000000001,1.25347876849692,1.14));
#13115=CARTESIAN_POINT('',(0.350000000000001,1.75,2.));
#13116=CARTESIAN_POINT('',(0.35,0.35,1.14));
#13117=CARTESIAN_POINT('Origin',(-0.349999999999999,1.75,2.));
#13118=CARTESIAN_POINT('',(-1.46251133647407,1.75,2.));
#13119=CARTESIAN_POINT('',(-0.174999999999999,1.25347876849692,1.14));
#13120=CARTESIAN_POINT('Origin',(-2.77555756156289E-16,-5.55111512312578E-16,
1.14));
#13121=CARTESIAN_POINT('Origin',(0.,0.,-0.1));
#13122=CARTESIAN_POINT('',(1.425,-1.74512168878498E-16,-5.20417042793042E-17));
#13123=CARTESIAN_POINT('Origin',(0.,0.,-5.20417042793042E-17));
#13124=CARTESIAN_POINT('',(1.325,-1.62265700887024E-16,-0.1));
#13125=CARTESIAN_POINT('Origin',(1.425,-1.74512168878498E-16,-0.1));
#13126=CARTESIAN_POINT('Origin',(0.,0.,-0.1));
#13127=CARTESIAN_POINT('Origin',(-1.325,0.,-4.47136895681714E-17));
#13128=CARTESIAN_POINT('',(2.75,-3.36777869765522E-16,-1.38777878078145E-16));
#13129=CARTESIAN_POINT('Origin',(0.,0.,0.));
#13130=CARTESIAN_POINT('Origin',(0.,0.,-0.173445554337723));
#13131=CARTESIAN_POINT('',(1.325,-1.62265700887024E-16,-0.346891108675447));
#13132=CARTESIAN_POINT('Origin',(0.,0.,-0.346891108675447));
#13133=CARTESIAN_POINT('',(1.325,-1.62265700887024E-16,-0.173445554337723));
#13134=CARTESIAN_POINT('Origin',(0.,0.,1.8));
#13135=CARTESIAN_POINT('',(2.59099537776302,-3.17305419598307E-16,1.81743114854953));
#13136=CARTESIAN_POINT('Origin',(0.,-1.58652709799153E-16,1.81743114854953));
#13137=CARTESIAN_POINT('',(2.39175643814467,-2.92905686631394E-16,2.));
#13138=CARTESIAN_POINT('Origin',(2.39175643814467,-2.92905686631394E-16,
1.8));
#13139=CARTESIAN_POINT('Origin',(0.,0.,2.));
#13140=CARTESIAN_POINT('Origin',(-2.57502267294815,0.,2.));
#13141=CARTESIAN_POINT('Origin',(0.,0.,1.));
#13142=CARTESIAN_POINT('',(2.66251133647408,-3.26063598590652E-16,1.));
#13143=CARTESIAN_POINT('Origin',(0.,0.,-0.673445554337724));
#13144=CARTESIAN_POINT('',(1.4635,-1.79227059055215E-16,-0.863780145523738));
#13145=CARTESIAN_POINT('Origin',(0.,0.,-0.863780145523738));
#13146=CARTESIAN_POINT('',(1.4125,-1.72981360379564E-16,-0.673445554337724));
#13147=CARTESIAN_POINT('Origin',(0.,0.,-8.5));
#13148=CARTESIAN_POINT('',(1.4635,1.79227059055215E-16,-16.));
#13149=CARTESIAN_POINT('Origin',(0.,0.,-16.));
#13150=CARTESIAN_POINT('',(1.4635,-1.79227059055215E-16,-8.5));
#13151=CARTESIAN_POINT('Origin',(0.,0.,-16.));
#13152=CARTESIAN_POINT('',(0.,0.,0.));
#13153=CARTESIAN_POINT('Origin',(0.,0.,0.45));
#13154=CARTESIAN_POINT('',(1.2645,-1.54856587752183E-16,0.40789796518247));
#13155=CARTESIAN_POINT('Origin',(0.,0.,0.40789796518247));
#13156=CARTESIAN_POINT('',(1.5,-1.83697019872103E-16,0.));
#13157=CARTESIAN_POINT('',(1.24019237886467,-1.51879762710356E-16,0.45));
#13158=CARTESIAN_POINT('Origin',(0.,0.,0.));
#13159=CARTESIAN_POINT('Origin',(0.,0.,1.35));
#13160=CARTESIAN_POINT('',(1.5,-1.83697019872103E-16,1.8));
#13161=CARTESIAN_POINT('Origin',(0.,0.,1.8));
#13162=CARTESIAN_POINT('',(1.2645,1.54856587752183E-16,1.39210203481753));
#13163=CARTESIAN_POINT('',(1.24019237886467,-1.51879762710356E-16,1.35));
#13164=CARTESIAN_POINT('Origin',(0.,0.,1.39210203481753));
#13165=CARTESIAN_POINT('Origin',(0.00142582323749502,3.17624967997292,1.8));
#13166=CARTESIAN_POINT('',(5.64662428748355E-15,3.17542648054294,0.277374357867291));
#13167=CARTESIAN_POINT('',(5.71150100242365E-15,3.17542648054294,1.52262564213271));
#13168=CARTESIAN_POINT('',(4.71844785465692E-15,3.17542648054294,1.8));
#13169=CARTESIAN_POINT('',(-2.75,1.58771324027147,0.277374357867291));
#13170=CARTESIAN_POINT('Ctrl Pts',(-2.75,1.58771324027147,0.277374357867291));
#13171=CARTESIAN_POINT('Ctrl Pts',(-1.375,2.38156986040721,-0.180958975466044));
#13172=CARTESIAN_POINT('Ctrl Pts',(5.64662428748355E-15,3.17542648054294,
0.277374357867291));
#13173=CARTESIAN_POINT('',(-2.75,1.58771324027147,1.52262564213271));
#13174=CARTESIAN_POINT('',(-2.75,1.58771324027147,1.8));
#13175=CARTESIAN_POINT('Ctrl Pts',(5.71150100242365E-15,3.17542648054294,
1.52262564213271));
#13176=CARTESIAN_POINT('Ctrl Pts',(-1.37499999999999,2.38156986040721,1.98095897546604));
#13177=CARTESIAN_POINT('Ctrl Pts',(-2.75,1.58771324027147,1.52262564213271));
#13178=CARTESIAN_POINT('Origin',(-2.75,1.58935963913144,1.8));
#13179=CARTESIAN_POINT('',(-2.75,-1.58771324027147,0.277374357867291));
#13180=CARTESIAN_POINT('Ctrl Pts',(-2.75,-1.58771324027147,0.277374357867291));
#13181=CARTESIAN_POINT('Ctrl Pts',(-2.75,4.71844785465692E-15,-0.180958975466042));
#13182=CARTESIAN_POINT('Ctrl Pts',(-2.75,1.58771324027147,0.277374357867292));
#13183=CARTESIAN_POINT('',(-2.75,-1.58771324027147,1.52262564213271));
#13184=CARTESIAN_POINT('',(-2.75,-1.58771324027147,1.8));
#13185=CARTESIAN_POINT('Ctrl Pts',(-2.75,1.58771324027147,1.52262564213271));
#13186=CARTESIAN_POINT('Ctrl Pts',(-2.75,2.77555756156289E-15,1.98095897546604));
#13187=CARTESIAN_POINT('Ctrl Pts',(-2.75,-1.58771324027147,1.52262564213271));
#13188=CARTESIAN_POINT('Origin',(0.,0.,0.138924908523754));
#13189=CARTESIAN_POINT('',(2.695,-3.30042312370212E-16,0.));
#13190=CARTESIAN_POINT('Origin',(0.,0.,0.));
#13191=CARTESIAN_POINT('',(2.75,-2.64986065795623E-16,0.0317542648054284));
#13192=CARTESIAN_POINT('',(2.935625,-3.59510375974695E-16,0.138924908523754));
#13193=CARTESIAN_POINT('',(2.75,-1.58771324027147,0.277374357867291));
#13194=CARTESIAN_POINT('Ctrl Pts',(2.75,-1.93194261825723E-16,0.0317542648054284));
#13195=CARTESIAN_POINT('Ctrl Pts',(2.75,-0.736860279185588,0.031754264805428));
#13196=CARTESIAN_POINT('Ctrl Pts',(2.75,-1.58771324027147,0.277374357867291));
#13197=CARTESIAN_POINT('',(-3.63652314924171E-15,-3.17542648054294,0.277374357867291));
#13198=CARTESIAN_POINT('Ctrl Pts',(2.75,-1.58771324027147,0.277374357867291));
#13199=CARTESIAN_POINT('Ctrl Pts',(1.375,-2.38156986040721,-0.180958975466042));
#13200=CARTESIAN_POINT('Ctrl Pts',(-3.63652314924171E-15,-3.17542648054294,
0.277374357867291));
#13201=CARTESIAN_POINT('Ctrl Pts',(-3.60338722034513E-15,-3.17542648054294,
0.277374357867291));
#13202=CARTESIAN_POINT('Ctrl Pts',(-1.375,-2.3815698604072,-0.180958975466043));
#13203=CARTESIAN_POINT('Ctrl Pts',(-2.75,-1.58771324027147,0.277374357867291));
#13204=CARTESIAN_POINT('',(2.75,1.58771324027147,0.277374357867291));
#13205=CARTESIAN_POINT('Ctrl Pts',(5.62338170341089E-15,3.17542648054294,
0.277374357867291));
#13206=CARTESIAN_POINT('Ctrl Pts',(1.375,2.3815698604072,-0.180958975466043));
#13207=CARTESIAN_POINT('Ctrl Pts',(2.75,1.58771324027147,0.277374357867291));
#13208=CARTESIAN_POINT('Ctrl Pts',(2.75,1.58771324027147,0.277374357867291));
#13209=CARTESIAN_POINT('Ctrl Pts',(2.75,0.736860279185586,0.0317542648054287));
#13210=CARTESIAN_POINT('Ctrl Pts',(2.75,-1.93194261825723E-16,0.0317542648054284));
#13211=CARTESIAN_POINT('Origin',(2.75142582323749,1.58689004084148,1.8));
#13212=CARTESIAN_POINT('',(2.75,1.58771324027147,1.52262564213271));
#13213=CARTESIAN_POINT('Ctrl Pts',(2.75,1.58771324027147,1.52262564213271));
#13214=CARTESIAN_POINT('Ctrl Pts',(1.375,2.3815698604072,1.98095897546604));
#13215=CARTESIAN_POINT('Ctrl Pts',(5.42283217399938E-15,3.17542648054294,
1.52262564213271));
#13216=CARTESIAN_POINT('',(2.75,1.58771324027147,1.8));
#13217=CARTESIAN_POINT('Origin',(2.75,-1.58935963913144,1.8));
#13218=CARTESIAN_POINT('',(2.75,-2.64986065795623E-16,1.76824573519457));
#13219=CARTESIAN_POINT('Ctrl Pts',(2.75,-1.93194261825723E-16,1.76824573519457));
#13220=CARTESIAN_POINT('Ctrl Pts',(2.75,0.736860279185586,1.76824573519457));
#13221=CARTESIAN_POINT('Ctrl Pts',(2.75,1.58771324027147,1.52262564213271));
#13222=CARTESIAN_POINT('',(2.75,-1.58771324027147,1.52262564213271));
#13223=CARTESIAN_POINT('Ctrl Pts',(2.75,-1.58771324027147,1.52262564213271));
#13224=CARTESIAN_POINT('Ctrl Pts',(2.75,-0.736860279185588,1.76824573519457));
#13225=CARTESIAN_POINT('Ctrl Pts',(2.75,-1.93194261825723E-16,1.76824573519457));
#13226=CARTESIAN_POINT('',(2.75,-1.58771324027147,1.8));
#13227=CARTESIAN_POINT('Origin',(-0.00142582323749307,-3.17624967997292,
1.8));
#13228=CARTESIAN_POINT('',(-4.15516804431321E-15,-3.17542648054294,1.52262564213271));
#13229=CARTESIAN_POINT('Ctrl Pts',(-4.15516804431321E-15,-3.17542648054294,
1.52262564213271));
#13230=CARTESIAN_POINT('Ctrl Pts',(1.375,-2.38156986040721,1.98095897546604));
#13231=CARTESIAN_POINT('Ctrl Pts',(2.75,-1.58771324027147,1.52262564213271));
#13232=CARTESIAN_POINT('',(-3.46944695195361E-15,-3.17542648054294,1.8));
#13233=CARTESIAN_POINT('Origin',(-2.75142582323749,-1.58689004084149,1.8));
#13234=CARTESIAN_POINT('Ctrl Pts',(-2.75,-1.58771324027147,1.52262564213271));
#13235=CARTESIAN_POINT('Ctrl Pts',(-1.375,-2.3815698604072,1.98095897546604));
#13236=CARTESIAN_POINT('Ctrl Pts',(-3.92142083218891E-15,-3.17542648054294,
1.52262564213271));
#13237=CARTESIAN_POINT('Origin',(-2.695,0.,1.8));
#13238=CARTESIAN_POINT('',(2.695,-3.30042312370212E-16,1.8));
#13239=CARTESIAN_POINT('Origin',(0.,0.,1.8));
#13240=CARTESIAN_POINT('Origin',(0.,0.,1.66107509147625));
#13241=CARTESIAN_POINT('',(2.935625,-3.59510375974695E-16,1.66107509147625));
#13242=CARTESIAN_POINT('Origin',(-1.5,0.,0.));
#13243=CARTESIAN_POINT('Origin',(0.,0.,0.9));
#13244=CARTESIAN_POINT('',(1.2645,-1.54856587752183E-16,0.9));
#13245=CARTESIAN_POINT('',(0.,0.,0.));
#13246=CARTESIAN_POINT('',(0.,0.,0.));
#13247=CARTESIAN_POINT('Origin',(13.5,3.,17.35));
#13248=CARTESIAN_POINT('',(13.5,3.,10.85));
#13249=CARTESIAN_POINT('',(6.,3.,10.85));
#13250=CARTESIAN_POINT('',(13.5,3.,10.85));
#13251=CARTESIAN_POINT('',(6.,3.,-10.85));
#13252=CARTESIAN_POINT('',(6.,3.,-17.35));
#13253=CARTESIAN_POINT('',(13.5,3.,-10.85));
#13254=CARTESIAN_POINT('',(13.5,3.,-10.85));
#13255=CARTESIAN_POINT('',(13.5,3.,-10.85));
#13256=CARTESIAN_POINT('Origin',(6.,0.,35.));
#13257=CARTESIAN_POINT('',(6.,4.25,10.85));
#13258=CARTESIAN_POINT('',(6.,3.,10.85));
#13259=CARTESIAN_POINT('',(6.,4.25,-10.85));
#13260=CARTESIAN_POINT('',(6.,4.25,-17.35));
#13261=CARTESIAN_POINT('',(6.,3.,-10.85));
#13262=CARTESIAN_POINT('Origin',(6.,5.5,35.));
#13263=CARTESIAN_POINT('',(6.,6.75,10.85));
#13264=CARTESIAN_POINT('Origin',(6.,5.5,10.85));
#13265=CARTESIAN_POINT('',(6.,6.75,-10.85));
#13266=CARTESIAN_POINT('',(6.,6.75,17.35));
#13267=CARTESIAN_POINT('Origin',(6.,5.5,-10.85));
#13268=CARTESIAN_POINT('Origin',(6.,6.75,35.));
#13269=CARTESIAN_POINT('',(6.,8.,10.85));
#13270=CARTESIAN_POINT('',(6.,6.375,10.85));
#13271=CARTESIAN_POINT('',(6.,8.,-10.85));
#13272=CARTESIAN_POINT('',(6.,8.,-17.35));
#13273=CARTESIAN_POINT('',(6.,6.375,-10.85));
#13274=CARTESIAN_POINT('Origin',(6.,8.,35.));
#13275=CARTESIAN_POINT('',(-6.,8.,10.85));
#13276=CARTESIAN_POINT('',(9.75,8.,10.85));
#13277=CARTESIAN_POINT('',(-6.,8.,-10.85));
#13278=CARTESIAN_POINT('',(-6.,8.,-17.35));
#13279=CARTESIAN_POINT('',(9.75,8.,-10.85));
#13280=CARTESIAN_POINT('Origin',(-6.,8.,35.));
#13281=CARTESIAN_POINT('',(-6.,6.75,10.85));
#13282=CARTESIAN_POINT('',(-6.,7.,10.85));
#13283=CARTESIAN_POINT('',(-6.,6.75,-10.85));
#13284=CARTESIAN_POINT('',(-6.,6.75,-17.35));
#13285=CARTESIAN_POINT('',(-6.,7.,-10.85));
#13286=CARTESIAN_POINT('Origin',(-6.,5.5,35.));
#13287=CARTESIAN_POINT('',(-6.,4.25,10.85));
#13288=CARTESIAN_POINT('Origin',(-6.,5.5,10.85));
#13289=CARTESIAN_POINT('',(-6.,4.25,-10.85));
#13290=CARTESIAN_POINT('',(-6.,4.25,17.35));
#13291=CARTESIAN_POINT('Origin',(-6.,5.5,-10.85));
#13292=CARTESIAN_POINT('Origin',(13.5,3.,17.35));
#13293=CARTESIAN_POINT('',(-6.,3.,10.85));
#13294=CARTESIAN_POINT('',(-13.2,3.,10.85));
#13295=CARTESIAN_POINT('',(-12.8,3.,10.85));
#13296=CARTESIAN_POINT('',(-13.2,3.,-10.85));
#13297=CARTESIAN_POINT('',(-13.2,3.,-10.85));
#13298=CARTESIAN_POINT('',(-6.,3.,-10.85));
#13299=CARTESIAN_POINT('',(-12.8,3.,-10.85));
#13300=CARTESIAN_POINT('',(-6.,3.,17.35));
#13301=CARTESIAN_POINT('Origin',(-6.,4.25,35.));
#13302=CARTESIAN_POINT('',(-6.,5.125,10.85));
#13303=CARTESIAN_POINT('',(-6.,5.125,-10.85));
#13304=CARTESIAN_POINT('Origin',(13.5,6.,17.35));
#13305=CARTESIAN_POINT('',(13.5,6.3,-10.85));
#13306=CARTESIAN_POINT('',(13.5,5.7,-10.85));
#13307=CARTESIAN_POINT('Origin',(13.5,6.,-10.85));
#13308=CARTESIAN_POINT('',(13.5,6.3,10.85));
#13309=CARTESIAN_POINT('',(13.5,6.3,-10.85));
#13310=CARTESIAN_POINT('',(13.5,5.7,10.85));
#13311=CARTESIAN_POINT('Origin',(13.5,6.,10.85));
#13312=CARTESIAN_POINT('',(13.5,5.7,10.85));
#13313=CARTESIAN_POINT('Origin',(-13.5,13.,10.85));
#13314=CARTESIAN_POINT('',(13.5,3.,10.85));
#13315=CARTESIAN_POINT('',(13.5,12.7,10.85));
#13316=CARTESIAN_POINT('',(13.5,6.3,10.85));
#13317=CARTESIAN_POINT('',(13.2,13.,10.85));
#13318=CARTESIAN_POINT('',(13.5,12.7,10.85));
#13319=CARTESIAN_POINT('',(-13.2,13.,10.85));
#13320=CARTESIAN_POINT('',(-6.5,13.,10.85));
#13321=CARTESIAN_POINT('',(-13.5,12.7,10.85));
#13322=CARTESIAN_POINT('',(-13.2,13.,10.85));
#13323=CARTESIAN_POINT('',(-13.5,3.3,10.85));
#13324=CARTESIAN_POINT('',(-13.5,3.3,10.85));
#13325=CARTESIAN_POINT('',(-13.5,3.3,10.85));
#13326=CARTESIAN_POINT('Origin',(-13.5,3.,17.35));
#13327=CARTESIAN_POINT('',(-13.5,3.3,-10.85));
#13328=CARTESIAN_POINT('',(-13.5,3.3,10.85));
#13329=CARTESIAN_POINT('',(-13.5,12.7,-10.85));
#13330=CARTESIAN_POINT('',(-13.5,12.7,-10.85));
#13331=CARTESIAN_POINT('',(-13.5,3.3,-10.85));
#13332=CARTESIAN_POINT('Origin',(13.5,13.,-10.85));
#13333=CARTESIAN_POINT('',(-13.2,3.,-10.85));
#13334=CARTESIAN_POINT('',(-13.2,13.,-10.85));
#13335=CARTESIAN_POINT('',(-13.5,12.7,-10.85));
#13336=CARTESIAN_POINT('',(13.2,13.,-10.85));
#13337=CARTESIAN_POINT('',(-13.2,13.,-10.85));
#13338=CARTESIAN_POINT('',(13.5,12.7,-10.85));
#13339=CARTESIAN_POINT('',(13.2,13.,-10.85));
#13340=CARTESIAN_POINT('',(13.5,6.3,-10.85));
#13341=CARTESIAN_POINT('',(13.5,3.,-10.85));
#13342=CARTESIAN_POINT('Origin',(13.5,5.7,17.35));
#13343=CARTESIAN_POINT('Origin',(13.5,13.,17.35));
#13344=CARTESIAN_POINT('',(13.5,12.7,10.85));
#13345=CARTESIAN_POINT('Origin',(13.2,13.,17.35));
#13346=CARTESIAN_POINT('',(13.2,13.,-10.85));
#13347=CARTESIAN_POINT('Origin',(-13.5,13.,17.35));
#13348=CARTESIAN_POINT('',(-13.2,13.,10.85));
#13349=CARTESIAN_POINT('',(10.,13.,9.));
#13350=CARTESIAN_POINT('Origin',(10.,13.,7.5));
#13351=CARTESIAN_POINT('',(10.,13.,-6.));
#13352=CARTESIAN_POINT('Origin',(10.,13.,-7.5));
#13353=CARTESIAN_POINT('',(-10.,13.,-6.));
#13354=CARTESIAN_POINT('Origin',(-10.,13.,-7.5));
#13355=CARTESIAN_POINT('',(-10.,13.,9.));
#13356=CARTESIAN_POINT('Origin',(-10.,13.,7.5));
#13357=CARTESIAN_POINT('Origin',(-13.5,12.7,17.35));
#13358=CARTESIAN_POINT('Origin',(-10.,13.,-7.5));
#13359=CARTESIAN_POINT('',(-10.,9.5,-9.));
#13360=CARTESIAN_POINT('',(-10.,9.5,-6.));
#13361=CARTESIAN_POINT('Origin',(-10.,9.5,-7.5));
#13362=CARTESIAN_POINT('Origin',(-10.,9.5,-7.5));
#13363=CARTESIAN_POINT('',(-10.,13.,-6.));
#13364=CARTESIAN_POINT('Origin',(-10.,9.063288313784,-7.5));
#13365=CARTESIAN_POINT('',(-10.,8.598709071459,-7.5));
#13366=CARTESIAN_POINT('',(-10.,9.063288313784,-8.2731897009279));
#13367=CARTESIAN_POINT('Origin',(-10.,13.,7.5));
#13368=CARTESIAN_POINT('',(-10.,9.5,6.));
#13369=CARTESIAN_POINT('',(-10.,9.5,9.));
#13370=CARTESIAN_POINT('Origin',(-10.,9.5,7.5));
#13371=CARTESIAN_POINT('Origin',(-10.,9.5,7.5));
#13372=CARTESIAN_POINT('',(-10.,13.,9.));
#13373=CARTESIAN_POINT('Origin',(-10.,9.063288313784,7.5));
#13374=CARTESIAN_POINT('',(-10.,8.598709071459,7.5));
#13375=CARTESIAN_POINT('',(-10.,9.063288313784,6.7268102990721));
#13376=CARTESIAN_POINT('Origin',(10.,13.,-7.5));
#13377=CARTESIAN_POINT('',(10.,9.5,-9.));
#13378=CARTESIAN_POINT('',(10.,9.5,-6.));
#13379=CARTESIAN_POINT('Origin',(10.,9.5,-7.5));
#13380=CARTESIAN_POINT('Origin',(10.,9.5,-7.5));
#13381=CARTESIAN_POINT('',(10.,13.,-6.));
#13382=CARTESIAN_POINT('Origin',(10.,9.063288313784,-7.5));
#13383=CARTESIAN_POINT('',(10.,8.598709071459,-7.5));
#13384=CARTESIAN_POINT('',(10.,9.063288313784,-8.2731897009279));
#13385=CARTESIAN_POINT('Origin',(10.,13.,7.5));
#13386=CARTESIAN_POINT('',(10.,9.5,6.));
#13387=CARTESIAN_POINT('',(10.,9.5,9.));
#13388=CARTESIAN_POINT('Origin',(10.,9.5,7.5));
#13389=CARTESIAN_POINT('Origin',(10.,9.5,7.5));
#13390=CARTESIAN_POINT('',(10.,13.,9.));
#13391=CARTESIAN_POINT('Origin',(10.,9.063288313784,7.5));
#13392=CARTESIAN_POINT('',(10.,8.598709071459,7.5));
#13393=CARTESIAN_POINT('',(10.,9.063288313784,6.7268102990721));
#13394=CARTESIAN_POINT('Origin',(-13.2,3.,17.35));
#13395=CARTESIAN_POINT('Origin',(0.,8.,25.));
#13396=CARTESIAN_POINT('',(3.67394039744206E-16,3.5,28.));
#13397=CARTESIAN_POINT('Origin',(0.,3.5,25.));
#13398=CARTESIAN_POINT('',(3.67394039744206E-16,8.,28.));
#13399=CARTESIAN_POINT('',(3.67394039744206E-16,8.,28.));
#13400=CARTESIAN_POINT('Origin',(0.,8.,25.));
#13401=CARTESIAN_POINT('Origin',(0.,8.,0.));
#13402=CARTESIAN_POINT('',(3.67394039744206E-16,3.5,3.));
#13403=CARTESIAN_POINT('Origin',(0.,3.5,0.));
#13404=CARTESIAN_POINT('',(3.67394039744206E-16,8.,3.));
#13405=CARTESIAN_POINT('',(3.67394039744206E-16,8.,3.));
#13406=CARTESIAN_POINT('Origin',(0.,8.,0.));
#13407=CARTESIAN_POINT('Origin',(6.,5.5,35.));
#13408=CARTESIAN_POINT('',(6.,6.75,-35.));
#13409=CARTESIAN_POINT('',(6.,4.25,-35.));
#13410=CARTESIAN_POINT('Origin',(6.,5.5,-35.));
#13411=CARTESIAN_POINT('',(6.,6.75,35.));
#13412=CARTESIAN_POINT('',(6.,6.75,-35.));
#13413=CARTESIAN_POINT('',(6.,4.25,35.));
#13414=CARTESIAN_POINT('Origin',(6.,5.5,35.));
#13415=CARTESIAN_POINT('',(6.,4.25,35.));
#13416=CARTESIAN_POINT('Origin',(0.,8.,-25.));
#13417=CARTESIAN_POINT('',(3.67394039744206E-16,3.5,-22.));
#13418=CARTESIAN_POINT('Origin',(0.,3.5,-25.));
#13419=CARTESIAN_POINT('',(3.67394039744206E-16,8.,-22.));
#13420=CARTESIAN_POINT('',(3.67394039744206E-16,8.,-22.));
#13421=CARTESIAN_POINT('Origin',(0.,8.,-25.));
#13422=CARTESIAN_POINT('Origin',(-6.,5.5,35.));
#13423=CARTESIAN_POINT('',(-6.,6.75,35.));
#13424=CARTESIAN_POINT('',(-6.,4.25,35.));
#13425=CARTESIAN_POINT('Origin',(-6.,5.5,35.));
#13426=CARTESIAN_POINT('',(-6.,6.75,-35.));
#13427=CARTESIAN_POINT('',(-6.,6.75,35.));
#13428=CARTESIAN_POINT('',(-6.,4.25,-35.));
#13429=CARTESIAN_POINT('Origin',(-6.,5.5,-35.));
#13430=CARTESIAN_POINT('',(-6.,4.25,-35.));
#13431=CARTESIAN_POINT('Origin',(-6.,0.,35.));
#13432=CARTESIAN_POINT('',(-5.7,0.,-35.));
#13433=CARTESIAN_POINT('',(-5.7,0.,35.));
#13434=CARTESIAN_POINT('',(-5.7,0.,-35.));
#13435=CARTESIAN_POINT('',(1.2,0.,-35.));
#13436=CARTESIAN_POINT('',(1.2,0.,-35.));
#13437=CARTESIAN_POINT('',(1.2,0.,-26.27377392029));
#13438=CARTESIAN_POINT('',(1.2,0.,-26.27377392029));
#13439=CARTESIAN_POINT('',(2.14313189850787E-16,0.,-23.25));
#13440=CARTESIAN_POINT('Origin',(0.,0.,-25.));
#13441=CARTESIAN_POINT('',(1.2,0.,-23.72622607971));
#13442=CARTESIAN_POINT('Origin',(0.,0.,-25.));
#13443=CARTESIAN_POINT('',(1.2,0.,-1.273773920286));
#13444=CARTESIAN_POINT('',(1.2,0.,-1.273773920286));
#13445=CARTESIAN_POINT('',(2.14313189850787E-16,0.,1.75));
#13446=CARTESIAN_POINT('Origin',(0.,0.,0.));
#13447=CARTESIAN_POINT('',(1.2,0.,1.273773920286));
#13448=CARTESIAN_POINT('Origin',(0.,0.,0.));
#13449=CARTESIAN_POINT('',(1.2,0.,23.72622607971));
#13450=CARTESIAN_POINT('',(1.2,0.,23.72622607971));
#13451=CARTESIAN_POINT('',(2.14313189850787E-16,0.,26.75));
#13452=CARTESIAN_POINT('Origin',(0.,0.,25.));
#13453=CARTESIAN_POINT('',(1.2,0.,26.27377392029));
#13454=CARTESIAN_POINT('Origin',(0.,0.,25.));
#13455=CARTESIAN_POINT('',(1.2,0.,35.));
#13456=CARTESIAN_POINT('',(1.2,0.,35.));
#13457=CARTESIAN_POINT('',(1.2,0.,35.));
#13458=CARTESIAN_POINT('Origin',(1.5,0.,35.));
#13459=CARTESIAN_POINT('',(-6.,0.3,35.));
#13460=CARTESIAN_POINT('',(-6.,0.3,35.));
#13461=CARTESIAN_POINT('',(-6.,0.3,35.));
#13462=CARTESIAN_POINT('',(1.8,0.,35.));
#13463=CARTESIAN_POINT('Origin',(1.5,0.,35.));
#13464=CARTESIAN_POINT('',(5.7,0.,35.));
#13465=CARTESIAN_POINT('',(5.7,0.,35.));
#13466=CARTESIAN_POINT('',(6.,0.3,35.));
#13467=CARTESIAN_POINT('',(5.7,0.,35.));
#13468=CARTESIAN_POINT('',(6.,4.25,35.));
#13469=CARTESIAN_POINT('',(6.,7.7,35.));
#13470=CARTESIAN_POINT('',(6.,7.7,35.));
#13471=CARTESIAN_POINT('',(5.7,8.,35.));
#13472=CARTESIAN_POINT('',(6.,7.7,35.));
#13473=CARTESIAN_POINT('',(-5.7,8.,35.));
#13474=CARTESIAN_POINT('',(-5.7,8.,35.));
#13475=CARTESIAN_POINT('',(-6.,7.7,35.));
#13476=CARTESIAN_POINT('',(-5.7,8.,35.));
#13477=CARTESIAN_POINT('',(-6.,6.75,35.));
#13478=CARTESIAN_POINT('Origin',(1.5,0.,-35.));
#13479=CARTESIAN_POINT('',(-6.,7.7,-35.));
#13480=CARTESIAN_POINT('',(-6.,6.75,-35.));
#13481=CARTESIAN_POINT('',(-5.7,8.,-35.));
#13482=CARTESIAN_POINT('',(-6.,7.7,-35.));
#13483=CARTESIAN_POINT('',(5.7,8.,-35.));
#13484=CARTESIAN_POINT('',(-5.7,8.,-35.));
#13485=CARTESIAN_POINT('',(6.,7.7,-35.));
#13486=CARTESIAN_POINT('',(5.7,8.,-35.));
#13487=CARTESIAN_POINT('',(6.,7.7,-35.));
#13488=CARTESIAN_POINT('',(6.,0.3,-35.));
#13489=CARTESIAN_POINT('',(6.,4.25,-35.));
#13490=CARTESIAN_POINT('',(5.7,0.,-35.));
#13491=CARTESIAN_POINT('',(6.,0.3,-35.));
#13492=CARTESIAN_POINT('',(1.8,0.,-35.));
#13493=CARTESIAN_POINT('',(5.7,0.,-35.));
#13494=CARTESIAN_POINT('Origin',(1.5,0.,-35.));
#13495=CARTESIAN_POINT('',(-6.,0.3,-35.));
#13496=CARTESIAN_POINT('',(-5.7,0.,-35.));
#13497=CARTESIAN_POINT('',(-6.,0.3,-35.));
#13498=CARTESIAN_POINT('Origin',(-6.,4.25,35.));
#13499=CARTESIAN_POINT('',(-6.,0.3,35.));
#13500=CARTESIAN_POINT('Origin',(-5.7,0.,35.));
#13501=CARTESIAN_POINT('Origin',(1.5,0.,35.));
#13502=CARTESIAN_POINT('Ctrl Pts',(1.2,1.73472347597681E-17,-26.2737739202857));
#13503=CARTESIAN_POINT('Ctrl Pts',(1.2,0.0293463451938141,-26.2737739202857));
#13504=CARTESIAN_POINT('Ctrl Pts',(1.20462560986074,0.06046219003078,-26.2694606999127));
#13505=CARTESIAN_POINT('Ctrl Pts',(1.22246935172946,0.117806755567489,-26.2522867195217));
#13506=CARTESIAN_POINT('Ctrl Pts',(1.23561124433619,0.144058443171725,-26.2394235266039));
#13507=CARTESIAN_POINT('Ctrl Pts',(1.27156393269683,0.198463417691487,-26.2027466473861));
#13508=CARTESIAN_POINT('Ctrl Pts',(1.2993469723654,0.225786490811262,-26.1731007417561));
#13509=CARTESIAN_POINT('Ctrl Pts',(1.35711457636808,0.266129490329366,-26.1057612637416));
#13510=CARTESIAN_POINT('Ctrl Pts',(1.38699902746469,0.279268705552539,-26.0680533651631));
#13511=CARTESIAN_POINT('Ctrl Pts',(1.51933682076531,0.319170051549062,-25.8867889226868));
#13512=CARTESIAN_POINT('Ctrl Pts',(1.60548111047399,0.289138077116772,-25.7206455671103));
#13513=CARTESIAN_POINT('Ctrl Pts',(1.72087078661798,0.214344235649167,-25.3681074153028));
#13514=CARTESIAN_POINT('Ctrl Pts',(1.75,0.16583123951777,-25.182480833341));
#13515=CARTESIAN_POINT('Ctrl Pts',(1.75,0.16583123951777,-25.));
#13516=CARTESIAN_POINT('Ctrl Pts',(1.75,0.16583123951777,-24.817519166659));
#13517=CARTESIAN_POINT('Ctrl Pts',(1.72087078661798,0.214344235649167,-24.6318925846972));
#13518=CARTESIAN_POINT('Ctrl Pts',(1.60548111047399,0.289138077116772,-24.2793544328897));
#13519=CARTESIAN_POINT('Ctrl Pts',(1.51933682076531,0.319170051549062,-24.1132110773132));
#13520=CARTESIAN_POINT('Ctrl Pts',(1.38699902746469,0.279268705552539,-23.9319466348369));
#13521=CARTESIAN_POINT('Ctrl Pts',(1.35711457636808,0.266129490329366,-23.8942387362584));
#13522=CARTESIAN_POINT('Ctrl Pts',(1.2993469723654,0.225786490811262,-23.8268992582439));
#13523=CARTESIAN_POINT('Ctrl Pts',(1.27156393269683,0.198463417691487,-23.7972533526139));
#13524=CARTESIAN_POINT('Ctrl Pts',(1.23561124433619,0.144058443171725,-23.7605764733961));
#13525=CARTESIAN_POINT('Ctrl Pts',(1.22246935172946,0.11780675556749,-23.7477132804783));
#13526=CARTESIAN_POINT('Ctrl Pts',(1.20462560986074,0.0604621900307808,
-23.7305393000873));
#13527=CARTESIAN_POINT('Ctrl Pts',(1.2,0.0293463451938142,-23.7262260797143));
#13528=CARTESIAN_POINT('Ctrl Pts',(1.2,-6.50521303491303E-18,-23.7262260797143));
#13529=CARTESIAN_POINT('',(1.8,0.,-35.));
#13530=CARTESIAN_POINT('Ctrl Pts',(1.2,1.73472347597681E-17,23.7262260797143));
#13531=CARTESIAN_POINT('Ctrl Pts',(1.2,0.0293463451938141,23.7262260797143));
#13532=CARTESIAN_POINT('Ctrl Pts',(1.20462560986074,0.06046219003078,23.7305393000873));
#13533=CARTESIAN_POINT('Ctrl Pts',(1.22246935172946,0.117806755567489,23.7477132804783));
#13534=CARTESIAN_POINT('Ctrl Pts',(1.23561124433619,0.144058443171725,23.7605764733961));
#13535=CARTESIAN_POINT('Ctrl Pts',(1.27156393269683,0.198463417691487,23.7972533526139));
#13536=CARTESIAN_POINT('Ctrl Pts',(1.2993469723654,0.225786490811261,23.8268992582439));
#13537=CARTESIAN_POINT('Ctrl Pts',(1.35711457636808,0.266129490329365,23.8942387362584));
#13538=CARTESIAN_POINT('Ctrl Pts',(1.38699902746469,0.279268705552539,23.9319466348369));
#13539=CARTESIAN_POINT('Ctrl Pts',(1.51933682076531,0.319170051549062,24.1132110773132));
#13540=CARTESIAN_POINT('Ctrl Pts',(1.60548111047399,0.289138077116773,24.2793544328897));
#13541=CARTESIAN_POINT('Ctrl Pts',(1.72087078661798,0.214344235649167,24.6318925846972));
#13542=CARTESIAN_POINT('Ctrl Pts',(1.75,0.16583123951777,24.817519166659));
#13543=CARTESIAN_POINT('Ctrl Pts',(1.75,0.16583123951777,25.));
#13544=CARTESIAN_POINT('Ctrl Pts',(1.75,0.16583123951777,25.182480833341));
#13545=CARTESIAN_POINT('Ctrl Pts',(1.72087078661798,0.214344235649167,25.3681074153028));
#13546=CARTESIAN_POINT('Ctrl Pts',(1.60548111047399,0.289138077116773,25.7206455671103));
#13547=CARTESIAN_POINT('Ctrl Pts',(1.51933682076531,0.319170051549062,25.8867889226868));
#13548=CARTESIAN_POINT('Ctrl Pts',(1.38699902746469,0.279268705552539,26.0680533651631));
#13549=CARTESIAN_POINT('Ctrl Pts',(1.35711457636808,0.266129490329365,26.1057612637416));
#13550=CARTESIAN_POINT('Ctrl Pts',(1.2993469723654,0.225786490811261,26.1731007417561));
#13551=CARTESIAN_POINT('Ctrl Pts',(1.27156393269683,0.198463417691487,26.2027466473861));
#13552=CARTESIAN_POINT('Ctrl Pts',(1.23561124433619,0.144058443171725,26.2394235266039));
#13553=CARTESIAN_POINT('Ctrl Pts',(1.22246935172946,0.11780675556749,26.2522867195217));
#13554=CARTESIAN_POINT('Ctrl Pts',(1.20462560986074,0.0604621900307808,
26.2694606999127));
#13555=CARTESIAN_POINT('Ctrl Pts',(1.2,0.0293463451938142,26.2737739202857));
#13556=CARTESIAN_POINT('Ctrl Pts',(1.2,-6.50521303491303E-18,26.2737739202857));
#13557=CARTESIAN_POINT('Ctrl Pts',(1.2,0.,-1.2737739202857));
#13558=CARTESIAN_POINT('Ctrl Pts',(1.2,0.0293463451938141,-1.2737739202857));
#13559=CARTESIAN_POINT('Ctrl Pts',(1.20462560986074,0.0604621900307794,
-1.26946069991267));
#13560=CARTESIAN_POINT('Ctrl Pts',(1.22246935172946,0.117806755567489,-1.25228671952169));
#13561=CARTESIAN_POINT('Ctrl Pts',(1.2356112443362,0.144058443171725,-1.23942352660386));
#13562=CARTESIAN_POINT('Ctrl Pts',(1.27156393269683,0.198463417691487,-1.20274664738611));
#13563=CARTESIAN_POINT('Ctrl Pts',(1.2993469723654,0.225786490811261,-1.17310074175607));
#13564=CARTESIAN_POINT('Ctrl Pts',(1.35711457636808,0.266129490329365,-1.10576126374158));
#13565=CARTESIAN_POINT('Ctrl Pts',(1.38699902746469,0.279268705552539,-1.06805336516315));
#13566=CARTESIAN_POINT('Ctrl Pts',(1.51933682076531,0.319170051549062,-0.886788922686793));
#13567=CARTESIAN_POINT('Ctrl Pts',(1.60548111047399,0.289138077116772,-0.720645567110259));
#13568=CARTESIAN_POINT('Ctrl Pts',(1.72087078661798,0.214344235649167,-0.368107415302768));
#13569=CARTESIAN_POINT('Ctrl Pts',(1.75,0.16583123951777,-0.182480833340997));
#13570=CARTESIAN_POINT('Ctrl Pts',(1.75,0.16583123951777,0.));
#13571=CARTESIAN_POINT('Ctrl Pts',(1.75,0.16583123951777,0.182480833340997));
#13572=CARTESIAN_POINT('Ctrl Pts',(1.72087078661798,0.214344235649167,0.368107415302768));
#13573=CARTESIAN_POINT('Ctrl Pts',(1.60548111047399,0.289138077116772,0.720645567110259));
#13574=CARTESIAN_POINT('Ctrl Pts',(1.51933682076531,0.319170051549062,0.886788922686793));
#13575=CARTESIAN_POINT('Ctrl Pts',(1.38699902746469,0.279268705552539,1.06805336516315));
#13576=CARTESIAN_POINT('Ctrl Pts',(1.35711457636808,0.266129490329365,1.10576126374158));
#13577=CARTESIAN_POINT('Ctrl Pts',(1.2993469723654,0.225786490811261,1.17310074175607));
#13578=CARTESIAN_POINT('Ctrl Pts',(1.27156393269683,0.198463417691487,1.20274664738611));
#13579=CARTESIAN_POINT('Ctrl Pts',(1.23561124433619,0.144058443171725,1.23942352660386));
#13580=CARTESIAN_POINT('Ctrl Pts',(1.22246935172946,0.117806755567489,1.25228671952169));
#13581=CARTESIAN_POINT('Ctrl Pts',(1.20462560986074,0.0604621900307794,
1.26946069991267));
#13582=CARTESIAN_POINT('Ctrl Pts',(1.2,0.029346345193814,1.2737739202857));
#13583=CARTESIAN_POINT('Ctrl Pts',(1.2,0.,1.2737739202857));
#13584=CARTESIAN_POINT('Origin',(0.,-8.977059346848,0.));
#13585=CARTESIAN_POINT('',(0.,3.5,1.75));
#13586=CARTESIAN_POINT('',(2.14313189850787E-16,-8.977059346848,1.75));
#13587=CARTESIAN_POINT('Origin',(0.,3.5,0.));
#13588=CARTESIAN_POINT('Origin',(1.5,3.5,-35.));
#13589=CARTESIAN_POINT('',(0.,3.5,-23.25));
#13590=CARTESIAN_POINT('Origin',(0.,3.5,-25.));
#13591=CARTESIAN_POINT('Origin',(1.5,3.5,-35.));
#13592=CARTESIAN_POINT('Origin',(1.5,3.5,-35.));
#13593=CARTESIAN_POINT('',(0.,3.5,26.75));
#13594=CARTESIAN_POINT('Origin',(0.,3.5,25.));
#13595=CARTESIAN_POINT('Origin',(6.,8.,35.));
#13596=CARTESIAN_POINT('',(-5.7,8.,35.));
#13597=CARTESIAN_POINT('',(5.7,8.,-35.));
#13598=CARTESIAN_POINT('Origin',(5.7,8.,35.));
#13599=CARTESIAN_POINT('',(6.,7.7,35.));
#13600=CARTESIAN_POINT('Origin',(6.,6.75,35.));
#13601=CARTESIAN_POINT('Origin',(6.,0.,35.));
#13602=CARTESIAN_POINT('',(6.,0.3,-35.));
#13603=CARTESIAN_POINT('Origin',(6.,0.3,35.));
#13604=CARTESIAN_POINT('',(5.7,0.,35.));
#13605=CARTESIAN_POINT('Origin',(1.8,0.,35.));
#13606=CARTESIAN_POINT('Origin',(-6.,7.7,35.));
#13607=CARTESIAN_POINT('',(-6.,7.7,-35.));
#13608=CARTESIAN_POINT('Origin',(-6.,8.,35.));
#13609=CARTESIAN_POINT('Origin',(0.,-8.977059346848,25.));
#13610=CARTESIAN_POINT('',(2.14313189850787E-16,-8.977059346848,26.75));
#13611=CARTESIAN_POINT('Origin',(0.,-8.977059346848,-25.));
#13612=CARTESIAN_POINT('',(2.14313189850787E-16,-8.977059346848,-23.25));
#13613=CARTESIAN_POINT('',(9.42839202916653E-18,0.,-0.0500000000000078));
#13614=CARTESIAN_POINT('',(0.,0.,0.));
#13615=CARTESIAN_POINT('Origin',(1.05,1.05,2.));
#13616=CARTESIAN_POINT('',(0.35,1.05,2.));
#13617=CARTESIAN_POINT('',(1.05,0.349999999999997,2.));
#13618=CARTESIAN_POINT('Origin',(1.05,1.05,2.));
#13619=CARTESIAN_POINT('',(0.35,1.05,1.14));
#13620=CARTESIAN_POINT('',(0.35,1.05,2.));
#13621=CARTESIAN_POINT('',(1.05,0.349999999999997,1.14));
#13622=CARTESIAN_POINT('Origin',(1.05,1.05,1.14));
#13623=CARTESIAN_POINT('',(1.05,0.349999999999997,2.));
#13624=CARTESIAN_POINT('Origin',(0.35,0.349999999999997,2.));
#13625=CARTESIAN_POINT('',(1.25347876849692,0.349999999999997,1.14));
#13626=CARTESIAN_POINT('',(1.75,0.349999999999996,1.14));
#13627=CARTESIAN_POINT('',(1.75,0.349999999999996,2.));
#13628=CARTESIAN_POINT('',(1.575,0.349999999999997,1.69689110867545));
#13629=CARTESIAN_POINT('',(-1.11251133647408,0.349999999999997,2.));
#13630=CARTESIAN_POINT('Origin',(1.05,-1.05,2.));
#13631=CARTESIAN_POINT('',(1.05,-0.35,2.));
#13632=CARTESIAN_POINT('',(0.349999999999998,-1.05,2.));
#13633=CARTESIAN_POINT('Origin',(1.05,-1.05,2.));
#13634=CARTESIAN_POINT('',(1.05,-0.35,1.14));
#13635=CARTESIAN_POINT('',(1.05,-0.35,2.));
#13636=CARTESIAN_POINT('',(0.349999999999998,-1.05,1.14));
#13637=CARTESIAN_POINT('Origin',(1.05,-1.05,1.14));
#13638=CARTESIAN_POINT('',(0.349999999999998,-1.05,2.));
#13639=CARTESIAN_POINT('Origin',(0.349999999999998,-0.35,2.));
#13640=CARTESIAN_POINT('',(0.349999999999998,-1.25347876849692,1.14));
#13641=CARTESIAN_POINT('',(0.349999999999998,-1.75,1.14));
#13642=CARTESIAN_POINT('',(0.349999999999998,-1.75,2.));
#13643=CARTESIAN_POINT('',(0.349999999999998,-1.575,1.69689110867545));
#13644=CARTESIAN_POINT('',(0.349999999999998,-0.174999999999999,2.));
#13645=CARTESIAN_POINT('Origin',(-1.05,-1.05,2.));
#13646=CARTESIAN_POINT('',(-0.35,-1.05,2.));
#13647=CARTESIAN_POINT('',(-1.05,-0.349999999999999,2.));
#13648=CARTESIAN_POINT('Origin',(-1.05,-1.05,2.));
#13649=CARTESIAN_POINT('',(-0.35,-1.05,1.14));
#13650=CARTESIAN_POINT('',(-0.35,-1.05,2.));
#13651=CARTESIAN_POINT('',(-1.05,-0.349999999999999,1.14));
#13652=CARTESIAN_POINT('Origin',(-1.05,-1.05,1.14));
#13653=CARTESIAN_POINT('',(-1.05,-0.349999999999999,2.));
#13654=CARTESIAN_POINT('Origin',(-0.35,-0.349999999999999,2.));
#13655=CARTESIAN_POINT('',(-1.25347876849692,-0.349999999999999,1.14));
#13656=CARTESIAN_POINT('',(-1.75,-0.349999999999999,1.14));
#13657=CARTESIAN_POINT('',(-1.75,-0.349999999999999,2.));
#13658=CARTESIAN_POINT('',(-1.575,-0.349999999999999,1.69689110867545));
#13659=CARTESIAN_POINT('',(-1.46251133647408,-0.349999999999999,2.));
#13660=CARTESIAN_POINT('Origin',(-1.05,1.05,2.));
#13661=CARTESIAN_POINT('',(-1.05,0.350000000000001,2.));
#13662=CARTESIAN_POINT('',(-0.349999999999999,1.05,2.));
#13663=CARTESIAN_POINT('Origin',(-1.05,1.05,2.));
#13664=CARTESIAN_POINT('',(-1.05,0.350000000000001,1.14));
#13665=CARTESIAN_POINT('',(-1.05,0.350000000000001,2.));
#13666=CARTESIAN_POINT('',(-0.349999999999999,1.05,1.14));
#13667=CARTESIAN_POINT('Origin',(-1.05,1.05,1.14));
#13668=CARTESIAN_POINT('',(-0.349999999999999,1.05,2.));
#13669=CARTESIAN_POINT('Origin',(-0.349999999999998,0.349999999999998,2.));
#13670=CARTESIAN_POINT('',(-0.349999999999999,1.25347876849692,1.14));
#13671=CARTESIAN_POINT('',(-0.349999999999999,1.75,1.14));
#13672=CARTESIAN_POINT('',(-0.349999999999999,1.75,2.));
#13673=CARTESIAN_POINT('',(-0.349999999999999,1.575,1.69689110867545));
#13674=CARTESIAN_POINT('',(-0.349999999999998,0.175,2.));
#13675=CARTESIAN_POINT('Origin',(-1.75,0.350000000000001,2.));
#13676=CARTESIAN_POINT('',(-1.75,0.350000000000001,2.));
#13677=CARTESIAN_POINT('',(-2.16251133647408,0.35,2.));
#13678=CARTESIAN_POINT('',(-1.25347876849692,0.350000000000001,1.14));
#13679=CARTESIAN_POINT('',(-1.75,0.350000000000001,2.));
#13680=CARTESIAN_POINT('',(-0.349999999999999,0.350000000000001,1.14));
#13681=CARTESIAN_POINT('Origin',(-1.75,-0.349999999999999,2.));
#13682=CARTESIAN_POINT('',(-1.75,-0.175000000000001,2.));
#13683=CARTESIAN_POINT('',(-1.25347876849692,-0.174999999999999,1.14));
#13684=CARTESIAN_POINT('Origin',(-0.350000000000001,-1.75,2.));
#13685=CARTESIAN_POINT('',(-0.350000000000001,-1.75,2.));
#13686=CARTESIAN_POINT('',(-0.35,-0.875,2.));
#13687=CARTESIAN_POINT('',(-0.35,-1.25347876849692,1.14));
#13688=CARTESIAN_POINT('',(-0.350000000000001,-1.75,2.));
#13689=CARTESIAN_POINT('',(-0.35,-0.349999999999999,1.14));
#13690=CARTESIAN_POINT('Origin',(0.349999999999998,-1.75,2.));
#13691=CARTESIAN_POINT('',(-1.11251133647408,-1.75,2.));
#13692=CARTESIAN_POINT('',(0.174999999999998,-1.25347876849692,1.14));
#13693=CARTESIAN_POINT('Origin',(1.75,-0.350000000000001,2.));
#13694=CARTESIAN_POINT('',(1.75,-0.350000000000001,2.));
#13695=CARTESIAN_POINT('',(-0.412511336474076,-0.349999999999999,2.));
#13696=CARTESIAN_POINT('',(1.25347876849692,-0.35,1.14));
#13697=CARTESIAN_POINT('',(1.75,-0.350000000000001,2.));
#13698=CARTESIAN_POINT('',(0.349999999999999,-0.35,1.14));
#13699=CARTESIAN_POINT('Origin',(1.75,0.349999999999997,2.));
#13700=CARTESIAN_POINT('',(1.75,0.174999999999993,2.));
#13701=CARTESIAN_POINT('',(1.25347876849692,0.174999999999997,1.14));
#13702=CARTESIAN_POINT('Origin',(0.350000000000001,1.75,2.));
#13703=CARTESIAN_POINT('',(0.350000000000001,1.75,2.));
#13704=CARTESIAN_POINT('',(0.350000000000001,0.874999999999999,2.));
#13705=CARTESIAN_POINT('',(0.350000000000001,1.25347876849692,1.14));
#13706=CARTESIAN_POINT('',(0.350000000000001,1.75,2.));
#13707=CARTESIAN_POINT('',(0.35,0.35,1.14));
#13708=CARTESIAN_POINT('Origin',(-0.349999999999999,1.75,2.));
#13709=CARTESIAN_POINT('',(-1.46251133647407,1.75,2.));
#13710=CARTESIAN_POINT('',(-0.174999999999999,1.25347876849692,1.14));
#13711=CARTESIAN_POINT('Origin',(-2.77555756156289E-16,-5.55111512312578E-16,
1.14));
#13712=CARTESIAN_POINT('Origin',(0.,0.,-0.1));
#13713=CARTESIAN_POINT('',(1.425,-1.74512168878498E-16,-5.20417042793042E-17));
#13714=CARTESIAN_POINT('Origin',(0.,0.,-5.20417042793042E-17));
#13715=CARTESIAN_POINT('',(1.325,-1.62265700887024E-16,-0.1));
#13716=CARTESIAN_POINT('Origin',(1.425,-1.74512168878498E-16,-0.1));
#13717=CARTESIAN_POINT('Origin',(0.,0.,-0.1));
#13718=CARTESIAN_POINT('Origin',(-1.325,0.,-4.47136895681714E-17));
#13719=CARTESIAN_POINT('',(2.75,-3.36777869765522E-16,-1.38777878078145E-16));
#13720=CARTESIAN_POINT('Origin',(0.,0.,0.));
#13721=CARTESIAN_POINT('Origin',(0.,0.,-0.173445554337723));
#13722=CARTESIAN_POINT('',(1.325,-1.62265700887024E-16,-0.346891108675447));
#13723=CARTESIAN_POINT('Origin',(0.,0.,-0.346891108675447));
#13724=CARTESIAN_POINT('',(1.325,-1.62265700887024E-16,-0.173445554337723));
#13725=CARTESIAN_POINT('Origin',(0.,0.,1.8));
#13726=CARTESIAN_POINT('',(2.59099537776302,-3.17305419598307E-16,1.81743114854953));
#13727=CARTESIAN_POINT('Origin',(0.,-1.58652709799153E-16,1.81743114854953));
#13728=CARTESIAN_POINT('',(2.39175643814467,-2.92905686631394E-16,2.));
#13729=CARTESIAN_POINT('Origin',(2.39175643814467,-2.92905686631394E-16,
1.8));
#13730=CARTESIAN_POINT('Origin',(0.,0.,2.));
#13731=CARTESIAN_POINT('Origin',(-2.57502267294815,0.,2.));
#13732=CARTESIAN_POINT('Origin',(0.,0.,1.));
#13733=CARTESIAN_POINT('',(2.66251133647408,-3.26063598590652E-16,1.));
#13734=CARTESIAN_POINT('Origin',(0.,0.,-0.673445554337723));
#13735=CARTESIAN_POINT('',(1.4635,-1.79227059055215E-16,-0.863780145523736));
#13736=CARTESIAN_POINT('Origin',(0.,0.,-0.863780145523736));
#13737=CARTESIAN_POINT('',(1.4125,-1.72981360379564E-16,-0.673445554337723));
#13738=CARTESIAN_POINT('Origin',(0.,0.,-4.5));
#13739=CARTESIAN_POINT('',(1.4635,1.79227059055215E-16,-8.));
#13740=CARTESIAN_POINT('Origin',(0.,0.,-8.));
#13741=CARTESIAN_POINT('',(1.4635,-1.79227059055215E-16,-4.5));
#13742=CARTESIAN_POINT('Origin',(0.,0.,-8.));
#13743=CARTESIAN_POINT('',(0.,0.,0.));
#13744=CARTESIAN_POINT('Origin',(0.81,0.81,1.8));
#13745=CARTESIAN_POINT('',(0.27,0.810000000000001,0.864692563912807));
#13746=CARTESIAN_POINT('',(0.292075344408326,0.657179676972449,0.6));
#13747=CARTESIAN_POINT('Origin',(0.81,0.81,0.86469256391281));
#13748=CARTESIAN_POINT('',(0.657179676972451,0.292075344408325,0.6));
#13749=CARTESIAN_POINT('Origin',(0.81,0.81,0.6));
#13750=CARTESIAN_POINT('',(0.81,0.27,0.864692563912804));
#13751=CARTESIAN_POINT('Origin',(0.81,0.81,0.864692563912802));
#13752=CARTESIAN_POINT('',(0.81,0.27,1.8));
#13753=CARTESIAN_POINT('',(0.81,0.27,1.8));
#13754=CARTESIAN_POINT('',(0.27,0.810000000000001,1.8));
#13755=CARTESIAN_POINT('Origin',(0.81,0.81,1.8));
#13756=CARTESIAN_POINT('',(0.27,0.810000000000001,1.8));
#13757=CARTESIAN_POINT('Origin',(0.27,0.27,1.8));
#13758=CARTESIAN_POINT('',(1.35,0.27,1.8));
#13759=CARTESIAN_POINT('',(1.215,0.27,1.5661731409782));
#13760=CARTESIAN_POINT('',(-0.911260202826668,0.270000000000001,1.8));
#13761=CARTESIAN_POINT('Origin',(0.809999999999999,-0.81,1.8));
#13762=CARTESIAN_POINT('',(0.81,-0.27,0.864692563912806));
#13763=CARTESIAN_POINT('',(0.657179676972449,-0.292075344408325,0.6));
#13764=CARTESIAN_POINT('Origin',(0.809999999999999,-0.81,0.864692563912808));
#13765=CARTESIAN_POINT('',(0.292075344408324,-0.65717967697245,0.6));
#13766=CARTESIAN_POINT('Origin',(0.809999999999999,-0.81,0.6));
#13767=CARTESIAN_POINT('',(0.269999999999999,-0.81,0.864692563912805));
#13768=CARTESIAN_POINT('Origin',(0.809999999999999,-0.81,0.864692563912803));
#13769=CARTESIAN_POINT('',(0.269999999999999,-0.81,1.8));
#13770=CARTESIAN_POINT('',(0.269999999999999,-0.81,1.8));
#13771=CARTESIAN_POINT('',(0.81,-0.27,1.8));
#13772=CARTESIAN_POINT('Origin',(0.809999999999999,-0.81,1.8));
#13773=CARTESIAN_POINT('',(0.81,-0.27,1.8));
#13774=CARTESIAN_POINT('Origin',(0.269999999999999,-0.27,1.8));
#13775=CARTESIAN_POINT('',(0.27,-1.35,1.8));
#13776=CARTESIAN_POINT('',(0.27,-1.215,1.5661731409782));
#13777=CARTESIAN_POINT('',(0.269999999999999,-0.134999999999999,1.8));
#13778=CARTESIAN_POINT('Origin',(-0.81,-0.809999999999999,1.8));
#13779=CARTESIAN_POINT('',(-0.27,-0.809999999999999,0.864692563912804));
#13780=CARTESIAN_POINT('',(-0.292075344408325,-0.657179676972449,0.6));
#13781=CARTESIAN_POINT('Origin',(-0.81,-0.809999999999999,0.864692563912806));
#13782=CARTESIAN_POINT('',(-0.657179676972451,-0.292075344408324,0.6));
#13783=CARTESIAN_POINT('Origin',(-0.81,-0.809999999999999,0.6));
#13784=CARTESIAN_POINT('',(-0.81,-0.269999999999999,0.864692563912804));
#13785=CARTESIAN_POINT('Origin',(-0.81,-0.809999999999999,0.864692563912802));
#13786=CARTESIAN_POINT('',(-0.81,-0.269999999999999,1.8));
#13787=CARTESIAN_POINT('',(-0.81,-0.269999999999999,1.8));
#13788=CARTESIAN_POINT('',(-0.27,-0.809999999999999,1.8));
#13789=CARTESIAN_POINT('Origin',(-0.81,-0.809999999999999,1.8));
#13790=CARTESIAN_POINT('',(-0.27,-0.809999999999999,1.8));
#13791=CARTESIAN_POINT('Origin',(-0.27,-0.269999999999999,1.8));
#13792=CARTESIAN_POINT('',(-1.35,-0.269999999999999,1.8));
#13793=CARTESIAN_POINT('',(-1.215,-0.269999999999999,1.5661731409782));
#13794=CARTESIAN_POINT('',(-1.18126020282667,-0.269999999999999,1.8));
#13795=CARTESIAN_POINT('Origin',(-0.809999999999999,0.81,1.8));
#13796=CARTESIAN_POINT('',(-0.809999999999999,0.270000000000001,0.864692563912805));
#13797=CARTESIAN_POINT('',(-0.657179676972449,0.292075344408325,0.6));
#13798=CARTESIAN_POINT('Origin',(-0.809999999999999,0.81,0.864692563912808));
#13799=CARTESIAN_POINT('',(-0.292075344408324,0.657179676972451,0.6));
#13800=CARTESIAN_POINT('Origin',(-0.809999999999999,0.81,0.6));
#13801=CARTESIAN_POINT('',(-0.269999999999999,0.810000000000001,0.864692563912804));
#13802=CARTESIAN_POINT('Origin',(-0.809999999999999,0.81,0.8646925639128));
#13803=CARTESIAN_POINT('',(-0.269999999999999,0.810000000000001,1.8));
#13804=CARTESIAN_POINT('',(-0.269999999999999,0.810000000000001,1.8));
#13805=CARTESIAN_POINT('',(-0.809999999999999,0.270000000000001,1.8));
#13806=CARTESIAN_POINT('Origin',(-0.809999999999999,0.81,1.8));
#13807=CARTESIAN_POINT('',(-0.809999999999999,0.270000000000001,1.8));
#13808=CARTESIAN_POINT('Origin',(-0.269999999999999,0.270000000000001,1.8));
#13809=CARTESIAN_POINT('',(-0.269999999999999,1.35,1.8));
#13810=CARTESIAN_POINT('',(-0.269999999999999,1.215,1.5661731409782));
#13811=CARTESIAN_POINT('',(-0.269999999999999,0.135000000000001,1.8));
#13812=CARTESIAN_POINT('Origin',(-1.35,0.27,1.8));
#13813=CARTESIAN_POINT('',(-1.35,0.27,1.8));
#13814=CARTESIAN_POINT('',(-1.72126020282667,0.27,1.8));
#13815=CARTESIAN_POINT('',(-1.35,0.27,1.8));
#13816=CARTESIAN_POINT('Origin',(-1.35,-0.269999999999999,1.8));
#13817=CARTESIAN_POINT('',(-1.35,-0.135,1.8));
#13818=CARTESIAN_POINT('',(-0.65717967697245,-0.134999999999999,0.6));
#13819=CARTESIAN_POINT('Origin',(-0.27,-1.35,1.8));
#13820=CARTESIAN_POINT('',(-0.27,-1.35,1.8));
#13821=CARTESIAN_POINT('',(-0.27,-0.675,1.8));
#13822=CARTESIAN_POINT('',(-0.27,-1.35,1.8));
#13823=CARTESIAN_POINT('Origin',(0.27,-1.35,1.8));
#13824=CARTESIAN_POINT('',(-0.911260202826669,-1.35,1.8));
#13825=CARTESIAN_POINT('',(0.135,-0.65717967697245,0.6));
#13826=CARTESIAN_POINT('Origin',(1.35,-0.270000000000001,1.8));
#13827=CARTESIAN_POINT('',(1.35,-0.270000000000001,1.8));
#13828=CARTESIAN_POINT('',(-0.371260202826668,-0.269999999999999,1.8));
#13829=CARTESIAN_POINT('',(1.35,-0.270000000000001,1.8));
#13830=CARTESIAN_POINT('Origin',(1.35,0.27,1.8));
#13831=CARTESIAN_POINT('',(1.35,0.134999999999996,1.8));
#13832=CARTESIAN_POINT('',(0.65717967697245,0.135,0.6));
#13833=CARTESIAN_POINT('Origin',(0.270000000000001,1.35,1.8));
#13834=CARTESIAN_POINT('',(0.270000000000001,1.35,1.8));
#13835=CARTESIAN_POINT('',(0.27,0.674999999999999,1.8));
#13836=CARTESIAN_POINT('',(0.270000000000001,1.35,1.8));
#13837=CARTESIAN_POINT('Origin',(-0.269999999999999,1.35,1.8));
#13838=CARTESIAN_POINT('',(-1.18126020282667,1.35000000000001,1.8));
#13839=CARTESIAN_POINT('',(-0.135,0.657179676972451,0.6));
#13840=CARTESIAN_POINT('Origin',(0.,5.55111512312578E-16,0.6));
#13841=CARTESIAN_POINT('Origin',(0.,0.,-0.1));
#13842=CARTESIAN_POINT('',(1.1925,-1.46039130798322E-16,-1.73472347597681E-17));
#13843=CARTESIAN_POINT('Origin',(0.,0.,-1.73472347597681E-17));
#13844=CARTESIAN_POINT('',(1.0925,-1.33792662806848E-16,-0.1));
#13845=CARTESIAN_POINT('Origin',(1.1925,-1.46039130798322E-16,-0.1));
#13846=CARTESIAN_POINT('Origin',(0.,0.,-0.1));
#13847=CARTESIAN_POINT('Origin',(-1.0925,0.,-9.44288496241226E-18));
#13848=CARTESIAN_POINT('',(2.25,-2.75545529808154E-16,0.));
#13849=CARTESIAN_POINT('Origin',(0.,0.,0.));
#13850=CARTESIAN_POINT('Origin',(0.,0.,-0.156100998903952));
#13851=CARTESIAN_POINT('',(1.0925,-1.33792662806848E-16,-0.312201997807903));
#13852=CARTESIAN_POINT('Origin',(0.,0.,-0.312201997807903));
#13853=CARTESIAN_POINT('',(1.0925,-1.33792662806848E-16,-0.156100998903952));
#13854=CARTESIAN_POINT('Origin',(0.,0.,1.62));
#13855=CARTESIAN_POINT('',(2.10689583998671,-2.5802032465766E-16,1.63568803369458));
#13856=CARTESIAN_POINT('Origin',(0.,-1.2901016232883E-16,1.63568803369458));
#13857=CARTESIAN_POINT('',(1.9275807943302,-2.36060564987439E-16,1.8));
#13858=CARTESIAN_POINT('Origin',(1.9275807943302,-2.36060564987439E-16,
1.62));
#13859=CARTESIAN_POINT('Origin',(0.,0.,1.8));
#13860=CARTESIAN_POINT('Origin',(-2.09252040565334,0.,1.8));
#13861=CARTESIAN_POINT('Origin',(0.,0.,0.9));
#13862=CARTESIAN_POINT('',(2.17126020282667,-2.65902685750771E-16,0.9));
#13863=CARTESIAN_POINT('Origin',(0.,0.,-0.606100998903951));
#13864=CARTESIAN_POINT('',(1.215,-1.48794586096403E-16,-0.769378221735089));
#13865=CARTESIAN_POINT('Origin',(0.,0.,-0.769378221735089));
#13866=CARTESIAN_POINT('',(1.17125,-1.43436756350134E-16,-0.606100998903951));
#13867=CARTESIAN_POINT('Origin',(0.,0.,-4.45));
#13868=CARTESIAN_POINT('',(1.215,1.48794586096403E-16,-8.));
#13869=CARTESIAN_POINT('Origin',(0.,0.,-8.));
#13870=CARTESIAN_POINT('',(1.215,-1.48794586096403E-16,-4.45));
#13871=CARTESIAN_POINT('Origin',(0.,0.,-8.));
#13872=CARTESIAN_POINT('',(0.,0.,0.));
#13873=CARTESIAN_POINT('Origin',(0.00129620294316901,2.88749970906629,4.));
#13874=CARTESIAN_POINT('',(2.9485057931957E-16,2.88675134594813,0.252158507151607));
#13875=CARTESIAN_POINT('',(2.77555756156289E-16,2.88675134594813,3.25991127935287));
#13876=CARTESIAN_POINT('',(2.77555756156289E-16,2.88675134594813,4.));
#13877=CARTESIAN_POINT('',(-2.5,1.44337567297406,0.252158507151608));
#13878=CARTESIAN_POINT('Ctrl Pts',(-2.5,1.44337567297406,0.252158507151608));
#13879=CARTESIAN_POINT('Ctrl Pts',(-1.25,2.1650635094611,-0.164508159515065));
#13880=CARTESIAN_POINT('Ctrl Pts',(2.9485057931957E-16,2.88675134594813,
0.252158507151607));
#13881=CARTESIAN_POINT('',(-2.5,1.44337567297407,3.25991127935287));
#13882=CARTESIAN_POINT('',(-2.5,1.44337567297406,4.));
#13883=CARTESIAN_POINT('Origin',(-1.25,2.1650635094611,-2.00000000000029));
#13884=CARTESIAN_POINT('Origin',(-2.5,1.44487239921039,4.));
#13885=CARTESIAN_POINT('',(-2.5,-1.44337567297406,0.252158507151607));
#13886=CARTESIAN_POINT('Ctrl Pts',(-2.5,-1.44337567297406,0.252158507151607));
#13887=CARTESIAN_POINT('Ctrl Pts',(-2.5,-5.55111512312578E-16,-0.164508159515064));
#13888=CARTESIAN_POINT('Ctrl Pts',(-2.5,1.44337567297406,0.252158507151608));
#13889=CARTESIAN_POINT('',(-2.5,-1.44337567297407,3.25991127935287));
#13890=CARTESIAN_POINT('',(-2.5,-1.44337567297407,4.));
#13891=CARTESIAN_POINT('',(-2.5,-3.06161699786838E-16,3.45435605731756));
#13892=CARTESIAN_POINT('Origin',(-2.5,-9.60485356035491E-16,-2.00000000000029));
#13893=CARTESIAN_POINT('Origin',(-2.5,-9.60485356035491E-16,-2.00000000000029));
#13894=CARTESIAN_POINT('Origin',(-3.20691081237686E-18,0.,0.126295371384753));
#13895=CARTESIAN_POINT('',(2.45,-3.00038465791102E-16,-4.78443101028365E-13));
#13896=CARTESIAN_POINT('Origin',(1.21410623694171E-29,0.,-4.78506123613442E-13));
#13897=CARTESIAN_POINT('',(2.5,-3.46275111719143E-16,0.0288675134590028));
#13898=CARTESIAN_POINT('',(2.66875,-3.2682761452245E-16,0.126295371384753));
#13899=CARTESIAN_POINT('',(2.5,-1.44337567297406,0.252158507151608));
#13900=CARTESIAN_POINT('Ctrl Pts',(2.5,-3.86388523651447E-16,0.0288675134590028));
#13901=CARTESIAN_POINT('Ctrl Pts',(2.5,-0.669872981077807,0.0288675134590032));
#13902=CARTESIAN_POINT('Ctrl Pts',(2.5,-1.44337567297406,0.252158507151608));
#13903=CARTESIAN_POINT('',(5.85232621899644E-17,-2.88675134594813,0.252158507151607));
#13904=CARTESIAN_POINT('Ctrl Pts',(2.5,-1.44337567297406,0.252158507151608));
#13905=CARTESIAN_POINT('Ctrl Pts',(1.25,-2.16506350946109,-0.164508159515064));
#13906=CARTESIAN_POINT('Ctrl Pts',(5.85232621899644E-17,-2.88675134594813,
0.252158507151607));
#13907=CARTESIAN_POINT('Ctrl Pts',(-7.35799962638163E-17,-2.88675134594813,
0.252158507151607));
#13908=CARTESIAN_POINT('Ctrl Pts',(-1.25,-2.1650635094611,-0.164508159515064));
#13909=CARTESIAN_POINT('Ctrl Pts',(-2.5,-1.44337567297406,0.252158507151607));
#13910=CARTESIAN_POINT('',(2.5,1.44337567297406,0.252158507151607));
#13911=CARTESIAN_POINT('Ctrl Pts',(3.77114419156908E-16,2.88675134594813,
0.252158507151607));
#13912=CARTESIAN_POINT('Ctrl Pts',(1.25,2.1650635094611,-0.164508159515064));
#13913=CARTESIAN_POINT('Ctrl Pts',(2.5,1.44337567297406,0.252158507151607));
#13914=CARTESIAN_POINT('Ctrl Pts',(2.5,1.44337567297406,0.252158507151607));
#13915=CARTESIAN_POINT('Ctrl Pts',(2.5,0.669872981077807,0.0288675134590025));
#13916=CARTESIAN_POINT('Ctrl Pts',(2.5,-3.86388523651447E-16,0.0288675134590028));
#13917=CARTESIAN_POINT('Origin',(2.50129620294317,1.4426273098559,4.));
#13918=CARTESIAN_POINT('',(2.5,1.44337567297406,3.25991127935287));
#13919=CARTESIAN_POINT('Origin',(1.25,2.1650635094611,-2.00000000000029));
#13920=CARTESIAN_POINT('',(2.5,1.44337567297406,4.));
#13921=CARTESIAN_POINT('Origin',(2.5,-1.44487239921039,4.));
#13922=CARTESIAN_POINT('',(2.5,-1.44337567297406,3.25991127935287));
#13923=CARTESIAN_POINT('Origin',(2.5,6.54323656248653E-16,-2.00000000000029));
#13924=CARTESIAN_POINT('',(2.5,-1.44337567297406,4.));
#13925=CARTESIAN_POINT('Origin',(-0.00129620294316735,-2.88749970906629,
4.));
#13926=CARTESIAN_POINT('',(2.77555756156289E-16,-2.88675134594813,3.25991127935287));
#13927=CARTESIAN_POINT('Origin',(1.25,-2.1650635094611,-2.00000000000029));
#13928=CARTESIAN_POINT('',(-2.77555756156289E-16,-2.88675134594813,4.));
#13929=CARTESIAN_POINT('Origin',(-2.50129620294317,-1.4426273098559,4.));
#13930=CARTESIAN_POINT('Origin',(-1.25,-2.1650635094611,-2.00000000000029));
#13931=CARTESIAN_POINT('Origin',(5.0784296799094E-17,0.,-2.00000000000029));
#13932=CARTESIAN_POINT('',(-3.16609742945112E-16,-4.49927934798557E-32,
3.99999999999971));
#13933=CARTESIAN_POINT('Origin',(5.0784296799094E-17,0.,-2.00000000000029));
#13934=CARTESIAN_POINT('Origin',(-1.25,0.,-2.44785870826388E-13));
#13935=CARTESIAN_POINT('',(1.03775,-1.27087721581517E-16,-2.44804176929847E-13));
#13936=CARTESIAN_POINT('Origin',(6.20919814070445E-30,0.,-2.44804176929847E-13));
#13937=CARTESIAN_POINT('Origin',(-3.36866481031083E-17,0.,1.32665608175622));
#13938=CARTESIAN_POINT('',(1.03775,-1.27087721581517E-16,2.77585475814817));
#13939=CARTESIAN_POINT('',(1.03775,-1.27087721581517E-16,1.32665608175622));
#13940=CARTESIAN_POINT('Origin',(-7.04849159544718E-17,0.,2.77585475814817));
#13941=CARTESIAN_POINT('Origin',(-6.73732962062227E-17,0.,2.65331216351269));
#13942=CARTESIAN_POINT('',(-8.56985008484451E-17,0.,3.37499999999971));
#13943=CARTESIAN_POINT('',(1.24999999999997,-1.53080849893416E-16,2.65331216351269));
#13944=CARTESIAN_POINT('',(0.,0.,0.));
#13945=CARTESIAN_POINT('',(0.,0.,0.));
#13946=CARTESIAN_POINT('Origin',(-7.,0.,-5.65685424949238));
#13947=CARTESIAN_POINT('',(-2.,0.,-5.65685424949238));
#13948=CARTESIAN_POINT('',(-3.11111111111111,0.,-2.51415744421884));
#13949=CARTESIAN_POINT('Origin',(-7.,0.,-5.65685424949238));
#13950=CARTESIAN_POINT('',(-3.11111111111111,6.,-2.51415744421884));
#13951=CARTESIAN_POINT('',(-3.11111111111111,0.,-2.51415744421884));
#13952=CARTESIAN_POINT('',(-2.,6.,-5.65685424949238));
#13953=CARTESIAN_POINT('Origin',(-7.,6.,-5.65685424949238));
#13954=CARTESIAN_POINT('',(-2.,0.,-5.65685424949238));
#13955=CARTESIAN_POINT('Origin',(0.,0.,0.));
#13956=CARTESIAN_POINT('',(-3.11111111111111,0.,2.51415744421884));
#13957=CARTESIAN_POINT('Origin',(0.,0.,0.));
#13958=CARTESIAN_POINT('',(-3.11111111111111,6.,2.51415744421884));
#13959=CARTESIAN_POINT('',(-3.11111111111111,0.,2.51415744421884));
#13960=CARTESIAN_POINT('Origin',(0.,6.,0.));
#13961=CARTESIAN_POINT('Origin',(-7.,0.,5.65685424949238));
#13962=CARTESIAN_POINT('',(-2.,0.,5.65685424949238));
#13963=CARTESIAN_POINT('Origin',(-7.,0.,5.65685424949238));
#13964=CARTESIAN_POINT('',(-2.,6.,5.65685424949238));
#13965=CARTESIAN_POINT('',(-2.,0.,5.65685424949238));
#13966=CARTESIAN_POINT('Origin',(-7.,6.,5.65685424949238));
#13967=CARTESIAN_POINT('Origin',(-2.,0.,3.46410161513776));
#13968=CARTESIAN_POINT('',(-2.,0.,7.5));
#13969=CARTESIAN_POINT('',(-2.,0.,-7.5));
#13970=CARTESIAN_POINT('',(-2.,6.,7.5));
#13971=CARTESIAN_POINT('',(-2.,0.,7.5));
#13972=CARTESIAN_POINT('',(-2.,6.,-7.5));
#13973=CARTESIAN_POINT('Origin',(7.,0.,-5.65685424949238));
#13974=CARTESIAN_POINT('',(3.11111111111111,0.,-2.51415744421884));
#13975=CARTESIAN_POINT('',(2.,0.,-5.65685424949238));
#13976=CARTESIAN_POINT('Origin',(7.,0.,-5.65685424949238));
#13977=CARTESIAN_POINT('',(2.,6.,-5.65685424949238));
#13978=CARTESIAN_POINT('',(2.,0.,-5.65685424949238));
#13979=CARTESIAN_POINT('',(3.11111111111111,6.,-2.51415744421884));
#13980=CARTESIAN_POINT('Origin',(7.,6.,-5.65685424949238));
#13981=CARTESIAN_POINT('',(3.11111111111111,0.,-2.51415744421884));
#13982=CARTESIAN_POINT('Origin',(2.,0.,-3.46410161513776));
#13983=CARTESIAN_POINT('',(2.,0.,-7.49999995279911));
#13984=CARTESIAN_POINT('',(2.,0.,7.5));
#13985=CARTESIAN_POINT('',(2.,6.,-7.49999995279911));
#13986=CARTESIAN_POINT('',(2.,0.,-7.49999995279911));
#13987=CARTESIAN_POINT('',(2.,6.,7.5));
#13988=CARTESIAN_POINT('Origin',(7.,0.,5.65685424949238));
#13989=CARTESIAN_POINT('',(2.,0.,5.65685424949238));
#13990=CARTESIAN_POINT('',(3.11111111111111,0.,2.51415744421884));
#13991=CARTESIAN_POINT('Origin',(7.,0.,5.65685424949238));
#13992=CARTESIAN_POINT('',(3.11111111111111,6.,2.51415744421884));
#13993=CARTESIAN_POINT('',(3.11111111111111,0.,2.51415744421884));
#13994=CARTESIAN_POINT('',(2.,6.,5.65685424949238));
#13995=CARTESIAN_POINT('Origin',(7.,6.,5.65685424949238));
#13996=CARTESIAN_POINT('',(2.,0.,5.65685424949238));
#13997=CARTESIAN_POINT('Origin',(0.,0.,0.));
#13998=CARTESIAN_POINT('Origin',(0.,6.,0.));
#13999=CARTESIAN_POINT('Origin',(0.,0.,0.));
#14000=CARTESIAN_POINT('Origin',(3.02242865920769,0.,1.745));
#14001=CARTESIAN_POINT('',(3.02242865920769,0.,1.745));
#14002=CARTESIAN_POINT('',(3.02242865920769,0.,-1.745));
#14003=CARTESIAN_POINT('',(3.02242865920769,0.,0.872500000000004));
#14004=CARTESIAN_POINT('',(3.02242865920769,3.,1.745));
#14005=CARTESIAN_POINT('',(3.02242865920769,0.,1.745));
#14006=CARTESIAN_POINT('',(3.02242865920769,3.,-1.745));
#14007=CARTESIAN_POINT('',(3.02242865920769,3.,1.745));
#14008=CARTESIAN_POINT('',(3.02242865920769,0.,-1.745));
#14009=CARTESIAN_POINT('Origin',(-1.38777878078145E-15,0.,3.49));
#14010=CARTESIAN_POINT('',(-1.38777878078145E-15,0.,3.49));
#14011=CARTESIAN_POINT('',(0.755607164801921,0.,3.05375));
#14012=CARTESIAN_POINT('',(-1.38777878078145E-15,3.,3.49));
#14013=CARTESIAN_POINT('',(-1.38777878078145E-15,0.,3.49));
#14014=CARTESIAN_POINT('',(-1.38777878078145E-15,3.,3.49));
#14015=CARTESIAN_POINT('Origin',(-3.02242865920769,0.,1.745));
#14016=CARTESIAN_POINT('',(-3.02242865920769,0.,1.745));
#14017=CARTESIAN_POINT('',(-2.26682149440577,0.,2.18125));
#14018=CARTESIAN_POINT('',(-3.02242865920769,3.,1.745));
#14019=CARTESIAN_POINT('',(-3.02242865920769,0.,1.745));
#14020=CARTESIAN_POINT('',(-3.02242865920769,3.,1.745));
#14021=CARTESIAN_POINT('Origin',(-3.02242865920769,0.,-1.745));
#14022=CARTESIAN_POINT('',(-3.02242865920769,0.,-1.745));
#14023=CARTESIAN_POINT('',(-3.02242865920769,0.,-0.872499999999998));
#14024=CARTESIAN_POINT('',(-3.02242865920769,3.,-1.745));
#14025=CARTESIAN_POINT('',(-3.02242865920769,0.,-1.745));
#14026=CARTESIAN_POINT('',(-3.02242865920769,3.,-1.745));
#14027=CARTESIAN_POINT('Origin',(0.,0.,-3.49));
#14028=CARTESIAN_POINT('',(0.,0.,-3.49));
#14029=CARTESIAN_POINT('',(-0.755607164801924,0.,-3.05375));
#14030=CARTESIAN_POINT('',(0.,3.,-3.49));
#14031=CARTESIAN_POINT('',(0.,0.,-3.49));
#14032=CARTESIAN_POINT('',(0.,3.,-3.49));
#14033=CARTESIAN_POINT('Origin',(3.02242865920769,0.,-1.745));
#14034=CARTESIAN_POINT('',(2.26682149440577,0.,-2.18125));
#14035=CARTESIAN_POINT('',(3.02242865920769,3.,-1.745));
#14036=CARTESIAN_POINT('Origin',(5.55111512312578E-16,3.,0.));
#14037=CARTESIAN_POINT('',(-1.85,3.,2.2655965784226E-16));
#14038=CARTESIAN_POINT('Origin',(0.,3.,0.));
#14039=CARTESIAN_POINT('Origin',(0.,0.,0.));
#14040=CARTESIAN_POINT('',(-1.85,6.,0.));
#14041=CARTESIAN_POINT('Origin',(0.,6.,0.));
#14042=CARTESIAN_POINT('',(-1.85,0.,2.2655965784226E-16));
#14043=CARTESIAN_POINT('Origin',(-1.30019053972296E-15,0.,7.5));
#14044=CARTESIAN_POINT('',(-1.35,6.,7.5));
#14045=CARTESIAN_POINT('Origin',(-1.30019053972296E-15,6.,7.5));
#14046=CARTESIAN_POINT('',(-1.35,0.,7.5));
#14047=CARTESIAN_POINT('',(-1.35,0.,7.5));
#14048=CARTESIAN_POINT('Origin',(-1.30019053972296E-15,0.,7.5));
#14049=CARTESIAN_POINT('Origin',(7.46785142891931E-16,0.,-7.49999999999999));
#14050=CARTESIAN_POINT('',(-1.35,6.,-7.49999999999999));
#14051=CARTESIAN_POINT('Origin',(7.46785142891931E-16,6.,-7.49999999999999));
#14052=CARTESIAN_POINT('',(-1.35,0.,-7.49999999999999));
#14053=CARTESIAN_POINT('',(-1.35,0.,-7.49999999999999));
#14054=CARTESIAN_POINT('Origin',(7.46785142891931E-16,0.,-7.49999999999999));
#14055=CARTESIAN_POINT('Origin',(2.,0.,7.5));
#14056=CARTESIAN_POINT('',(2.,6.,7.5));
#14057=CARTESIAN_POINT('',(2.,6.,7.5));
#14058=CARTESIAN_POINT('',(2.,0.,7.5));
#14059=CARTESIAN_POINT('',(2.,0.,7.5));
#14060=CARTESIAN_POINT('',(2.,0.,7.5));
#14061=CARTESIAN_POINT('Origin',(-1.30019070102318E-15,0.,7.5));
#14062=CARTESIAN_POINT('Origin',(-1.30019070102318E-15,0.,7.5));
#14063=CARTESIAN_POINT('Origin',(-1.30019070102318E-15,6.,7.5));
#14064=CARTESIAN_POINT('Origin',(-2.,0.,-7.49999999999999));
#14065=CARTESIAN_POINT('',(-2.,6.,-7.49999999999999));
#14066=CARTESIAN_POINT('',(-2.,6.,-7.5));
#14067=CARTESIAN_POINT('',(-2.,0.,-7.49999999999999));
#14068=CARTESIAN_POINT('',(-2.,0.,-7.49999999999999));
#14069=CARTESIAN_POINT('',(-2.,0.,-7.5));
#14070=CARTESIAN_POINT('Origin',(7.467828061067E-16,0.,-7.49999999999999));
#14071=CARTESIAN_POINT('Origin',(7.467828061067E-16,0.,-7.49999999999999));
#14072=CARTESIAN_POINT('Origin',(7.467828061067E-16,6.,-7.49999999999999));
#14073=CARTESIAN_POINT('Origin',(0.,6.,4.44089209850063E-15));
#14074=CARTESIAN_POINT('Origin',(0.,0.,4.44089209850063E-15));
#14075=CARTESIAN_POINT('Origin',(-7.,0.,-5.65685424949238));
#14076=CARTESIAN_POINT('',(-2.,0.,-5.65685424949238));
#14077=CARTESIAN_POINT('',(-3.11111111111111,-2.,-2.51415744421884));
#14078=CARTESIAN_POINT('Ctrl Pts',(-2.,-6.93889390390723E-17,-5.65685424949238));
#14079=CARTESIAN_POINT('Ctrl Pts',(-2.,-6.28018213345358E-17,-5.4110865635977));
#14080=CARTESIAN_POINT('Ctrl Pts',(-2.01827079246153,-0.0400646954626835,
-5.1688927640768));
#14081=CARTESIAN_POINT('Ctrl Pts',(-2.09405865537594,-0.196290831065841,
-4.64922860285792));
#14082=CARTESIAN_POINT('Ctrl Pts',(-2.15854360836046,-0.325990500167035,
-4.38095305965448));
#14083=CARTESIAN_POINT('Ctrl Pts',(-2.44491939040612,-0.882523768417666,
-3.48583542818237));
#14084=CARTESIAN_POINT('Ctrl Pts',(-2.7612769291452,-1.47115838749833,-2.94817077229724));
#14085=CARTESIAN_POINT('Ctrl Pts',(-3.10846168511548,-1.99599953416587,
-2.51743806343446));
#14086=CARTESIAN_POINT('Ctrl Pts',(-3.10978588023402,-1.99799976822924,
-2.51579733376354));
#14087=CARTESIAN_POINT('Ctrl Pts',(-3.11111111111111,-2.,-2.51415744421884));
#14088=CARTESIAN_POINT('',(-3.11111111111111,4.,-2.51415744421884));
#14089=CARTESIAN_POINT('',(-3.11111111111111,0.,-2.51415744421884));
#14090=CARTESIAN_POINT('',(-2.,4.,-5.65685424949238));
#14091=CARTESIAN_POINT('Origin',(-7.,4.,-5.65685424949238));
#14092=CARTESIAN_POINT('',(-2.,0.,-5.65685424949238));
#14093=CARTESIAN_POINT('Origin',(0.,0.,0.));
#14094=CARTESIAN_POINT('',(3.11111111111111,-2.,-2.51415744421884));
#14095=CARTESIAN_POINT('Origin',(0.,-2.,0.));
#14096=CARTESIAN_POINT('',(3.11111111111111,4.,-2.51415744421884));
#14097=CARTESIAN_POINT('',(3.11111111111111,0.,-2.51415744421884));
#14098=CARTESIAN_POINT('',(3.11111111111111,4.,2.51415744421884));
#14099=CARTESIAN_POINT('Origin',(0.,4.,0.));
#14100=CARTESIAN_POINT('',(3.11111111111111,-2.,2.51415744421884));
#14101=CARTESIAN_POINT('',(3.11111111111111,0.,2.51415744421884));
#14102=CARTESIAN_POINT('',(-3.11111111111111,-2.,2.51415744421884));
#14103=CARTESIAN_POINT('Origin',(0.,-2.,0.));
#14104=CARTESIAN_POINT('',(-3.11111111111111,4.,2.51415744421884));
#14105=CARTESIAN_POINT('',(-3.11111111111111,0.,2.51415744421884));
#14106=CARTESIAN_POINT('',(-4.,4.,4.89858719658941E-16));
#14107=CARTESIAN_POINT('Origin',(0.,4.,0.));
#14108=CARTESIAN_POINT('',(-4.,-4.,4.89858719658941E-16));
#14109=CARTESIAN_POINT('',(-4.,0.,4.89858719658941E-16));
#14110=CARTESIAN_POINT('Origin',(0.,-4.,0.));
#14111=CARTESIAN_POINT('Origin',(0.,4.,0.));
#14112=CARTESIAN_POINT('Origin',(-7.,0.,5.65685424949238));
#14113=CARTESIAN_POINT('',(-2.,0.,5.65685424949238));
#14114=CARTESIAN_POINT('Ctrl Pts',(-3.11111111111111,-2.,2.51415744421884));
#14115=CARTESIAN_POINT('Ctrl Pts',(-3.10978588023416,-1.99799976822945,
2.51579733376336));
#14116=CARTESIAN_POINT('Ctrl Pts',(-3.10846168511554,-1.99599953416597,
2.51743806343437));
#14117=CARTESIAN_POINT('Ctrl Pts',(-2.76127692915702,-1.47115838751608,
2.94817077228252));
#14118=CARTESIAN_POINT('Ctrl Pts',(-2.44491939041008,-0.882523768425365,
3.48583542816998));
#14119=CARTESIAN_POINT('Ctrl Pts',(-2.15854360836046,-0.325990500167035,
4.38095305965448));
#14120=CARTESIAN_POINT('Ctrl Pts',(-2.09405865537594,-0.196290831065841,
4.64922860285792));
#14121=CARTESIAN_POINT('Ctrl Pts',(-2.01827079246153,-0.0400646954626817,
5.1688927640768));
#14122=CARTESIAN_POINT('Ctrl Pts',(-2.,3.66504680055146E-16,5.41108656359771));
#14123=CARTESIAN_POINT('Ctrl Pts',(-2.,-8.67361737988404E-18,5.65685424949238));
#14124=CARTESIAN_POINT('',(-2.,4.,5.65685424949238));
#14125=CARTESIAN_POINT('',(-2.,0.,5.65685424949238));
#14126=CARTESIAN_POINT('Origin',(-7.,4.,5.65685424949238));
#14127=CARTESIAN_POINT('Origin',(-2.,0.,3.46410161513776));
#14128=CARTESIAN_POINT('',(-2.,0.,7.5));
#14129=CARTESIAN_POINT('',(-2.,0.,-7.5));
#14130=CARTESIAN_POINT('',(-2.,4.,7.5));
#14131=CARTESIAN_POINT('',(-2.,0.,7.5));
#14132=CARTESIAN_POINT('',(-2.,4.,-7.5));
#14133=CARTESIAN_POINT('Origin',(7.,0.,-5.65685424949238));
#14134=CARTESIAN_POINT('',(2.,0.,-5.65685424949238));
#14135=CARTESIAN_POINT('Ctrl Pts',(3.11111111111111,-2.,-2.51415744421884));
#14136=CARTESIAN_POINT('Ctrl Pts',(3.10978588023432,-1.99799976822969,-2.51579733376317));
#14137=CARTESIAN_POINT('Ctrl Pts',(3.1084616851153,-1.9959995341658,-2.51743806343467));
#14138=CARTESIAN_POINT('Ctrl Pts',(2.76127692976849,-1.47115838842808,-2.94817077152392));
#14139=CARTESIAN_POINT('Ctrl Pts',(2.44491939061396,-0.882523768821573,
-3.48583542753273));
#14140=CARTESIAN_POINT('Ctrl Pts',(2.15854360836046,-0.325990500167034,
-4.38095305965448));
#14141=CARTESIAN_POINT('Ctrl Pts',(2.09405865537594,-0.196290831065841,
-4.64922860285792));
#14142=CARTESIAN_POINT('Ctrl Pts',(2.01827079246153,-0.0400646954626825,
-5.1688927640768));
#14143=CARTESIAN_POINT('Ctrl Pts',(2.,2.27636662899537E-16,-5.41108656359771));
#14144=CARTESIAN_POINT('Ctrl Pts',(2.,-5.20417042793042E-17,-5.65685424949238));
#14145=CARTESIAN_POINT('',(2.,4.,-5.65685424949238));
#14146=CARTESIAN_POINT('',(2.,0.,-5.65685424949238));
#14147=CARTESIAN_POINT('Origin',(7.,4.,-5.65685424949238));
#14148=CARTESIAN_POINT('Origin',(2.,0.,-3.46410161513776));
#14149=CARTESIAN_POINT('',(2.,0.,-7.49999995279911));
#14150=CARTESIAN_POINT('',(2.,0.,7.5));
#14151=CARTESIAN_POINT('',(2.,4.,-7.49999995279911));
#14152=CARTESIAN_POINT('',(2.,0.,-7.49999995279911));
#14153=CARTESIAN_POINT('',(2.,4.,7.5));
#14154=CARTESIAN_POINT('Origin',(7.,0.,5.65685424949238));
#14155=CARTESIAN_POINT('',(2.,0.,5.65685424949238));
#14156=CARTESIAN_POINT('Ctrl Pts',(2.,-8.67361737988404E-18,5.65685424949239));
#14157=CARTESIAN_POINT('Ctrl Pts',(2.,7.68606266073353E-16,5.41108656359771));
#14158=CARTESIAN_POINT('Ctrl Pts',(2.01827079246153,-0.040064695462682,
5.1688927640768));
#14159=CARTESIAN_POINT('Ctrl Pts',(2.09405865537594,-0.196290831065838,
4.64922860285793));
#14160=CARTESIAN_POINT('Ctrl Pts',(2.15854360836046,-0.325990500167029,
4.38095305965449));
#14161=CARTESIAN_POINT('Ctrl Pts',(2.4449193909499,-0.882523769474438,3.48583542648267));
#14162=CARTESIAN_POINT('Ctrl Pts',(2.76127693077582,-1.47115838993074,2.94817077027424));
#14163=CARTESIAN_POINT('Ctrl Pts',(3.1084616851149,-1.9959995341655,2.51743806343517));
#14164=CARTESIAN_POINT('Ctrl Pts',(3.1097858802345,-1.99799976822996,2.51579733376294));
#14165=CARTESIAN_POINT('Ctrl Pts',(3.11111111111111,-2.,2.51415744421884));
#14166=CARTESIAN_POINT('',(2.,4.,5.65685424949238));
#14167=CARTESIAN_POINT('Origin',(7.,4.,5.65685424949238));
#14168=CARTESIAN_POINT('',(2.,0.,5.65685424949238));
#14169=CARTESIAN_POINT('Origin',(0.,-2.,0.));
#14170=CARTESIAN_POINT('Origin',(0.,0.,0.));
#14171=CARTESIAN_POINT('Origin',(0.,-2.,0.));
#14172=CARTESIAN_POINT('Origin',(0.,0.,0.));
#14173=CARTESIAN_POINT('Origin',(0.,-4.,0.));
#14174=CARTESIAN_POINT('',(0.858778201865885,-4.,1.35));
#14175=CARTESIAN_POINT('',(-0.858778201865884,-4.,1.35));
#14176=CARTESIAN_POINT('Origin',(0.,-4.,0.));
#14177=CARTESIAN_POINT('',(-0.858778201865884,-4.,1.35));
#14178=CARTESIAN_POINT('Origin',(0.,0.,4.44089209850063E-15));
#14179=CARTESIAN_POINT('',(2.,0.,7.5));
#14180=CARTESIAN_POINT('',(2.,0.,7.5));
#14181=CARTESIAN_POINT('Origin',(-1.30019070102318E-15,0.,7.5));
#14182=CARTESIAN_POINT('',(-1.35,0.,7.5));
#14183=CARTESIAN_POINT('Origin',(-1.30019053972296E-15,0.,7.5));
#14184=CARTESIAN_POINT('Origin',(0.,0.,4.44089209850063E-15));
#14185=CARTESIAN_POINT('',(-2.,0.,-7.49999999999999));
#14186=CARTESIAN_POINT('',(-2.,0.,-7.5));
#14187=CARTESIAN_POINT('Origin',(7.467828061067E-16,0.,-7.49999999999999));
#14188=CARTESIAN_POINT('',(-1.35,0.,-7.49999999999999));
#14189=CARTESIAN_POINT('Origin',(7.46785142891931E-16,0.,-7.49999999999999));
#14190=CARTESIAN_POINT('Origin',(-1.30019053972296E-15,0.,7.5));
#14191=CARTESIAN_POINT('',(-1.35,4.,7.5));
#14192=CARTESIAN_POINT('Origin',(-1.30019053972296E-15,4.,7.5));
#14193=CARTESIAN_POINT('',(-1.35,0.,7.5));
#14194=CARTESIAN_POINT('Origin',(7.46785142891931E-16,0.,-7.49999999999999));
#14195=CARTESIAN_POINT('',(-1.35,4.,-7.49999999999999));
#14196=CARTESIAN_POINT('Origin',(7.46785142891931E-16,4.,-7.49999999999999));
#14197=CARTESIAN_POINT('',(-1.35,0.,-7.49999999999999));
#14198=CARTESIAN_POINT('Origin',(0.858778201865883,0.,1.35));
#14199=CARTESIAN_POINT('',(-0.858778201865883,4.,1.35));
#14200=CARTESIAN_POINT('',(-0.858778201865884,0.,1.35));
#14201=CARTESIAN_POINT('',(0.858778201865883,4.,1.35));
#14202=CARTESIAN_POINT('',(-0.899999979883432,4.,1.35));
#14203=CARTESIAN_POINT('',(0.858778201865883,0.,1.35));
#14204=CARTESIAN_POINT('Origin',(0.,0.,0.));
#14205=CARTESIAN_POINT('Origin',(0.,4.,0.));
#14206=CARTESIAN_POINT('Origin',(2.,0.,7.5));
#14207=CARTESIAN_POINT('',(2.,4.,7.5));
#14208=CARTESIAN_POINT('',(2.,4.,7.5));
#14209=CARTESIAN_POINT('',(2.,0.,7.5));
#14210=CARTESIAN_POINT('Origin',(-1.30019070102318E-15,0.,7.5));
#14211=CARTESIAN_POINT('Origin',(-1.30019070102318E-15,4.,7.5));
#14212=CARTESIAN_POINT('Origin',(-2.,0.,-7.49999999999999));
#14213=CARTESIAN_POINT('',(-2.,4.,-7.49999999999999));
#14214=CARTESIAN_POINT('',(-2.,4.,-7.5));
#14215=CARTESIAN_POINT('',(-2.,0.,-7.49999999999999));
#14216=CARTESIAN_POINT('Origin',(7.467828061067E-16,0.,-7.49999999999999));
#14217=CARTESIAN_POINT('Origin',(7.467828061067E-16,4.,-7.49999999999999));
#14218=CARTESIAN_POINT('Origin',(0.,4.,4.44089209850063E-15));
#14219=CARTESIAN_POINT('',(0.,4.,2.22044604925031E-15));
#14220=CARTESIAN_POINT('',(0.,0.,0.));
#14221=CARTESIAN_POINT('Origin',(-15.1784609690827,4.,-1.2));
#14222=CARTESIAN_POINT('',(-15.1784609690827,4.,-1.2));
#14223=CARTESIAN_POINT('',(-13.1,4.,-2.4));
#14224=CARTESIAN_POINT('',(-9.75028997098996,4.,-4.33395598695614));
#14225=CARTESIAN_POINT('',(-15.1784609690827,2.,-1.2));
#14226=CARTESIAN_POINT('',(-15.1784609690827,4.,-1.2));
#14227=CARTESIAN_POINT('',(-13.1,2.,-2.4));
#14228=CARTESIAN_POINT('',(-13.1,2.,-2.4));
#14229=CARTESIAN_POINT('',(-13.1,4.,-2.4));
#14230=CARTESIAN_POINT('Origin',(-15.1784609690827,4.,1.2));
#14231=CARTESIAN_POINT('',(-15.1784609690827,4.,1.2));
#14232=CARTESIAN_POINT('',(-15.1784609690827,4.,0.640192331809215));
#14233=CARTESIAN_POINT('',(-15.1784609690827,2.,1.2));
#14234=CARTESIAN_POINT('',(-15.1784609690827,4.,1.2));
#14235=CARTESIAN_POINT('',(-15.1784609690827,2.,-1.2));
#14236=CARTESIAN_POINT('Origin',(-13.1,4.,2.4));
#14237=CARTESIAN_POINT('',(-13.1,4.,2.4));
#14238=CARTESIAN_POINT('',(-8.67625190606451,4.,4.95405215286075));
#14239=CARTESIAN_POINT('',(-13.1,2.,2.4));
#14240=CARTESIAN_POINT('',(-13.1,4.,2.4));
#14241=CARTESIAN_POINT('',(-15.1784609690827,2.,1.2));
#14242=CARTESIAN_POINT('Origin',(-11.0215390309173,4.,1.2));
#14243=CARTESIAN_POINT('',(-11.0215390309173,4.,1.2));
#14244=CARTESIAN_POINT('',(-6.63259851736597,4.,-1.33395598695613));
#14245=CARTESIAN_POINT('',(-11.0215390309173,2.,1.2));
#14246=CARTESIAN_POINT('',(-11.0215390309173,4.,1.2));
#14247=CARTESIAN_POINT('',(-13.1,2.,2.4));
#14248=CARTESIAN_POINT('Origin',(-11.0215390309173,4.,-1.2));
#14249=CARTESIAN_POINT('',(-11.0215390309173,4.,-1.2));
#14250=CARTESIAN_POINT('',(-11.0215390309173,4.,-0.559807668190782));
#14251=CARTESIAN_POINT('',(-11.0215390309173,2.,-1.2));
#14252=CARTESIAN_POINT('',(-11.0215390309173,4.,-1.2));
#14253=CARTESIAN_POINT('',(-11.0215390309173,2.,1.2));
#14254=CARTESIAN_POINT('Origin',(-13.1,4.,-2.4));
#14255=CARTESIAN_POINT('',(-7.63702142152319,4.,0.754052152860754));
#14256=CARTESIAN_POINT('',(-11.0215390309173,2.,-1.2));
#14257=CARTESIAN_POINT('Origin',(-13.1,2.,0.));
#14258=CARTESIAN_POINT('',(-14.2,2.,1.34711147906209E-16));
#14259=CARTESIAN_POINT('Origin',(-13.1,2.,0.));
#14260=CARTESIAN_POINT('Origin',(11.0215390309173,4.,-1.2));
#14261=CARTESIAN_POINT('',(11.0215390309173,4.,-1.2));
#14262=CARTESIAN_POINT('',(13.1,4.,-2.4));
#14263=CARTESIAN_POINT('',(6.62471002901005,4.,1.33851040783193));
#14264=CARTESIAN_POINT('',(11.0215390309173,2.,-1.2));
#14265=CARTESIAN_POINT('',(11.0215390309173,4.,-1.2));
#14266=CARTESIAN_POINT('',(13.1,2.,-2.4));
#14267=CARTESIAN_POINT('',(13.1,2.,-2.4));
#14268=CARTESIAN_POINT('',(13.1,4.,-2.4));
#14269=CARTESIAN_POINT('Origin',(11.0215390309173,4.,1.2));
#14270=CARTESIAN_POINT('',(11.0215390309173,4.,1.2));
#14271=CARTESIAN_POINT('',(11.0215390309173,4.,0.640192331809227));
#14272=CARTESIAN_POINT('',(11.0215390309173,2.,1.2));
#14273=CARTESIAN_POINT('',(11.0215390309173,4.,1.2));
#14274=CARTESIAN_POINT('',(11.0215390309173,2.,-1.2));
#14275=CARTESIAN_POINT('Origin',(13.1,4.,2.4));
#14276=CARTESIAN_POINT('',(13.1,4.,2.4));
#14277=CARTESIAN_POINT('',(7.6987480939355,4.,-0.718414241927326));
#14278=CARTESIAN_POINT('',(13.1,2.,2.4));
#14279=CARTESIAN_POINT('',(13.1,4.,2.4));
#14280=CARTESIAN_POINT('',(11.0215390309173,2.,1.2));
#14281=CARTESIAN_POINT('Origin',(15.1784609690827,4.,1.2));
#14282=CARTESIAN_POINT('',(15.1784609690827,4.,1.2));
#14283=CARTESIAN_POINT('',(9.74240148263402,4.,4.33851040783193));
#14284=CARTESIAN_POINT('',(15.1784609690827,2.,1.2));
#14285=CARTESIAN_POINT('',(15.1784609690827,4.,1.2));
#14286=CARTESIAN_POINT('',(13.1,2.,2.4));
#14287=CARTESIAN_POINT('Origin',(15.1784609690827,4.,-1.2));
#14288=CARTESIAN_POINT('',(15.1784609690827,4.,-1.2));
#14289=CARTESIAN_POINT('',(15.1784609690827,4.,-0.559807668190769));
#14290=CARTESIAN_POINT('',(15.1784609690827,2.,-1.2));
#14291=CARTESIAN_POINT('',(15.1784609690827,4.,-1.2));
#14292=CARTESIAN_POINT('',(15.1784609690827,2.,1.2));
#14293=CARTESIAN_POINT('Origin',(13.1,4.,-2.4));
#14294=CARTESIAN_POINT('',(8.73797857847682,4.,-4.91841424192732));
#14295=CARTESIAN_POINT('',(15.1784609690827,2.,-1.2));
#14296=CARTESIAN_POINT('Origin',(13.1,2.,0.));
#14297=CARTESIAN_POINT('',(12.,2.,1.34711147906209E-16));
#14298=CARTESIAN_POINT('Origin',(13.1,2.,0.));
#14299=CARTESIAN_POINT('Ctrl Pts',(-10.25,18.,7.89264862426896));
#14300=CARTESIAN_POINT('Ctrl Pts',(-10.25,19.3333333333333,7.89264862426896));
#14301=CARTESIAN_POINT('Ctrl Pts',(-10.25,20.6666666666667,7.89264862426896));
#14302=CARTESIAN_POINT('Ctrl Pts',(-10.25,22.,7.89264862426896));
#14303=CARTESIAN_POINT('Ctrl Pts',(-10.25,18.,8.26591931497835));
#14304=CARTESIAN_POINT('Ctrl Pts',(-10.25,19.3333333333333,8.26591931497835));
#14305=CARTESIAN_POINT('Ctrl Pts',(-10.25,20.6666666666667,8.26591931497835));
#14306=CARTESIAN_POINT('Ctrl Pts',(-10.25,22.,8.26591931497835));
#14307=CARTESIAN_POINT('Ctrl Pts',(-10.4645667409392,18.,9.00930957742574));
#14308=CARTESIAN_POINT('Ctrl Pts',(-10.4645667409392,19.3333333333333,9.00930957742574));
#14309=CARTESIAN_POINT('Ctrl Pts',(-10.4645667409392,20.6666666666667,9.00930957742574));
#14310=CARTESIAN_POINT('Ctrl Pts',(-10.4645667409392,22.,9.00930957742574));
#14311=CARTESIAN_POINT('Ctrl Pts',(-11.4762159899772,18.,9.92046805145982));
#14312=CARTESIAN_POINT('Ctrl Pts',(-11.4762159899772,19.3333333333333,9.92046805145982));
#14313=CARTESIAN_POINT('Ctrl Pts',(-11.4762159899772,20.6666666666667,9.92046805145982));
#14314=CARTESIAN_POINT('Ctrl Pts',(-11.4762159899772,22.,9.92046805145982));
#14315=CARTESIAN_POINT('Ctrl Pts',(-12.4901935741794,18.,9.95560810427431));
#14316=CARTESIAN_POINT('Ctrl Pts',(-12.4901935741794,19.3333333333333,9.95560810427431));
#14317=CARTESIAN_POINT('Ctrl Pts',(-12.4901935741794,20.6666666666667,9.95560810427431));
#14318=CARTESIAN_POINT('Ctrl Pts',(-12.4901935741794,22.,9.95560810427431));
#14319=CARTESIAN_POINT('Ctrl Pts',(-13.0082949329343,18.,9.74332114924096));
#14320=CARTESIAN_POINT('Ctrl Pts',(-13.0082949329343,19.3333333333333,9.74332114924096));
#14321=CARTESIAN_POINT('Ctrl Pts',(-13.0082949329343,20.6666666666667,9.74332114924096));
#14322=CARTESIAN_POINT('Ctrl Pts',(-13.0082949329343,22.,9.74332114924096));
#14323=CARTESIAN_POINT('',(-10.25,22.,7.89264862426896));
#14324=CARTESIAN_POINT('',(-13.0082949329343,22.,9.74332114924096));
#14325=CARTESIAN_POINT('Ctrl Pts',(-10.25,22.,7.89264862426896));
#14326=CARTESIAN_POINT('Ctrl Pts',(-10.25,22.,8.26591931497835));
#14327=CARTESIAN_POINT('Ctrl Pts',(-10.3572833704696,22.,8.63761444620205));
#14328=CARTESIAN_POINT('Ctrl Pts',(-10.5554463769956,22.,8.95362750810448));
#14329=CARTESIAN_POINT('Ctrl Pts',(-10.7536093835215,22.,9.26964057000691));
#14330=CARTESIAN_POINT('Ctrl Pts',(-11.0426520261038,22.,9.52997156258807));
#14331=CARTESIAN_POINT('Ctrl Pts',(-11.3783140251255,22.,9.69179256658709));
#14332=CARTESIAN_POINT('Ctrl Pts',(-11.881807023658,22.,9.93452407258562));
#14333=CARTESIAN_POINT('Ctrl Pts',(-12.4901935741794,22.,9.95560810427431));
#14334=CARTESIAN_POINT('Ctrl Pts',(-13.0082949329343,22.,9.74332114924096));
#14335=CARTESIAN_POINT('',(-13.0082949329343,18.,9.74332114924096));
#14336=CARTESIAN_POINT('Ctrl Pts',(-13.0082949329343,22.,9.74332114924096));
#14337=CARTESIAN_POINT('Ctrl Pts',(-13.0082949329343,20.6666666666667,9.74332114924096));
#14338=CARTESIAN_POINT('Ctrl Pts',(-13.0082949329343,19.3333333333333,9.74332114924096));
#14339=CARTESIAN_POINT('Ctrl Pts',(-13.0082949329343,18.,9.74332114924096));
#14340=CARTESIAN_POINT('',(-10.25,18.,7.89264862426896));
#14341=CARTESIAN_POINT('Ctrl Pts',(-13.0082949329343,18.,9.74332114924096));
#14342=CARTESIAN_POINT('Ctrl Pts',(-12.4901935741794,18.,9.95560810427431));
#14343=CARTESIAN_POINT('Ctrl Pts',(-11.881807023658,18.,9.93452407258562));
#14344=CARTESIAN_POINT('Ctrl Pts',(-11.3783140251255,18.,9.69179256658709));
#14345=CARTESIAN_POINT('Ctrl Pts',(-11.0426520261038,18.,9.52997156258807));
#14346=CARTESIAN_POINT('Ctrl Pts',(-10.7536093835215,18.,9.26964057000691));
#14347=CARTESIAN_POINT('Ctrl Pts',(-10.5554463769956,18.,8.95362750810448));
#14348=CARTESIAN_POINT('Ctrl Pts',(-10.3572833704696,18.,8.63761444620205));
#14349=CARTESIAN_POINT('Ctrl Pts',(-10.25,18.,8.26591931497835));
#14350=CARTESIAN_POINT('Ctrl Pts',(-10.25,18.,7.89264862426896));
#14351=CARTESIAN_POINT('Ctrl Pts',(-10.25,18.,7.89264862426896));
#14352=CARTESIAN_POINT('Ctrl Pts',(-10.25,19.3333333333333,7.89264862426896));
#14353=CARTESIAN_POINT('Ctrl Pts',(-10.25,20.6666666666667,7.89264862426896));
#14354=CARTESIAN_POINT('Ctrl Pts',(-10.25,22.,7.89264862426896));
#14355=CARTESIAN_POINT('Origin',(-10.25,0.,2.22044604925031E-15));
#14356=CARTESIAN_POINT('',(-10.25,18.,2.));
#14357=CARTESIAN_POINT('',(-10.25,18.,-0.0401923318092212));
#14358=CARTESIAN_POINT('',(-10.25,22.,2.));
#14359=CARTESIAN_POINT('',(-10.25,11.,2.));
#14360=CARTESIAN_POINT('',(-10.25,22.,1.11022302462516E-15));
#14361=CARTESIAN_POINT('Origin',(-9.59232693276135E-13,18.,-0.0803846636184447));
#14362=CARTESIAN_POINT('',(-13.0999999981356,18.,9.70550484917631));
#14363=CARTESIAN_POINT('Ctrl Pts',(-13.0086384530578,18.,9.74454669709166));
#14364=CARTESIAN_POINT('Ctrl Pts',(-13.0392213393074,18.,9.73204823101928));
#14365=CARTESIAN_POINT('Ctrl Pts',(-13.0697625978484,18.,9.71948555098611));
#14366=CARTESIAN_POINT('Ctrl Pts',(-13.1002623004355,18.,9.70685779651405));
#14367=CARTESIAN_POINT('',(-13.0999999977465,18.,3.65423289365618));
#14368=CARTESIAN_POINT('',(-13.1,18.,4.81256009200519));
#14369=CARTESIAN_POINT('',(-13.1057369379078,18.,3.65043331337456));
#14370=CARTESIAN_POINT('Ctrl Pts',(-13.1057369375614,18.,3.65043331285184));
#14371=CARTESIAN_POINT('Ctrl Pts',(-13.1038249662683,18.,3.65170034400403));
#14372=CARTESIAN_POINT('Ctrl Pts',(-13.1019126509281,18.,3.65296687615079));
#14373=CARTESIAN_POINT('Ctrl Pts',(-13.0999999921117,18.,3.65423290966214));
#14374=CARTESIAN_POINT('',(-13.105736939043,18.,5.98646270945641));
#14375=CARTESIAN_POINT('',(-13.105736939043,18.,2.9932313547282));
#14376=CARTESIAN_POINT('',(-13.105736939043,18.,-5.98646270945641));
#14377=CARTESIAN_POINT('Ctrl Pts',(-13.1057380800565,18.,5.98646206142349));
#14378=CARTESIAN_POINT('Ctrl Pts',(-13.8844291556153,18.,5.55525344835273));
#14379=CARTESIAN_POINT('Ctrl Pts',(-14.5760567360262,18.,5.09419793680533));
#14380=CARTESIAN_POINT('Ctrl Pts',(-15.167443929972,18.,4.62405577931117));
#14381=CARTESIAN_POINT('Ctrl Pts',(-16.5568556724008,18.,3.51949849278148));
#14382=CARTESIAN_POINT('Ctrl Pts',(-17.3660525847369,18.,2.38036761311007));
#14383=CARTESIAN_POINT('Ctrl Pts',(-17.7292029825463,18.,1.41982050657968));
#14384=CARTESIAN_POINT('Ctrl Pts',(-18.0644276062515,18.,0.533138172538171));
#14385=CARTESIAN_POINT('Ctrl Pts',(-18.0913242601389,18.,-0.210388661133148));
#14386=CARTESIAN_POINT('Ctrl Pts',(-17.8467084344515,18.,-1.06599366073818));
#14387=CARTESIAN_POINT('Ctrl Pts',(-17.5944661584147,18.,-1.94827407690646));
#14388=CARTESIAN_POINT('Ctrl Pts',(-16.9820039856444,18.,-2.98627085166207));
#14389=CARTESIAN_POINT('Ctrl Pts',(-15.8400029184744,18.,-4.04704263235001));
#14390=CARTESIAN_POINT('Ctrl Pts',(-15.1219397404286,18.,-4.71403076215069));
#14391=CARTESIAN_POINT('Ctrl Pts',(-14.1998813113396,18.,-5.38056245193777));
#14392=CARTESIAN_POINT('Ctrl Pts',(-13.1057337590367,18.,-5.98646443761531));
#14393=CARTESIAN_POINT('',(-13.105736938881,18.,-3.65043331208471));
#14394=CARTESIAN_POINT('',(-13.105736939043,18.,2.9932313547282));
#14395=CARTESIAN_POINT('',(-13.0999999996745,18.,-3.65423289238001));
#14396=CARTESIAN_POINT('Ctrl Pts',(-13.0999999940397,18.,-3.65423290838595));
#14397=CARTESIAN_POINT('Ctrl Pts',(-13.1019126527073,18.,-3.65296687497265));
#14398=CARTESIAN_POINT('Ctrl Pts',(-13.1038249678986,18.,-3.65170034292401));
#14399=CARTESIAN_POINT('Ctrl Pts',(-13.105736939043,18.,-3.65043331187002));
#14400=CARTESIAN_POINT('',(-13.0999999971157,18.,-9.70550485002289));
#14401=CARTESIAN_POINT('',(-13.1,18.,-3.03501141834333));
#14402=CARTESIAN_POINT('',(13.1,18.,-9.70550484762882));
#14403=CARTESIAN_POINT('Ctrl Pts',(-13.0997245370829,18.,-9.70740678421875));
#14404=CARTESIAN_POINT('Ctrl Pts',(-12.5701953453984,18.,-9.92657837667516));
#14405=CARTESIAN_POINT('Ctrl Pts',(-12.0281951495875,18.,-10.1260571372565));
#14406=CARTESIAN_POINT('Ctrl Pts',(-11.4735007473188,18.,-10.310288785374));
#14407=CARTESIAN_POINT('Ctrl Pts',(-8.60132788660595,18.,-11.26422871634));
#14408=CARTESIAN_POINT('Ctrl Pts',(-5.3783592903443,18.,-11.7926916279193));
#14409=CARTESIAN_POINT('Ctrl Pts',(-2.06324723376744,18.,-11.9509161709772));
#14410=CARTESIAN_POINT('Ctrl Pts',(2.34312907780351,18.,-12.1612248623701));
#14411=CARTESIAN_POINT('Ctrl Pts',(6.84894291600541,18.,-11.7118299635437));
#14412=CARTESIAN_POINT('Ctrl Pts',(10.7387540321353,18.,-10.5425533384341));
#14413=CARTESIAN_POINT('Ctrl Pts',(11.5518174857284,18.,-10.2981465889457));
#14414=CARTESIAN_POINT('Ctrl Pts',(12.3382900175681,18.,-10.0216230295177));
#14415=CARTESIAN_POINT('Ctrl Pts',(13.1,18.,-9.70550484762883));
#14416=CARTESIAN_POINT('',(13.0999999999985,18.,-3.65423289216554));
#14417=CARTESIAN_POINT('',(13.1,18.,-4.89294475562363));
#14418=CARTESIAN_POINT('',(16.0000003278255,18.,3.46944695195361E-16));
#14419=CARTESIAN_POINT('Ctrl Pts',(16.0000003278255,18.,-3.48553343480581E-16));
#14420=CARTESIAN_POINT('Ctrl Pts',(16.0000003278255,18.,-0.141782669070474));
#14421=CARTESIAN_POINT('Ctrl Pts',(15.9629360705971,18.,-0.424986106277152));
#14422=CARTESIAN_POINT('Ctrl Pts',(15.774912707484,18.,-0.962320600723204));
#14423=CARTESIAN_POINT('Ctrl Pts',(15.4105197469384,18.,-1.57476628601371));
#14424=CARTESIAN_POINT('Ctrl Pts',(14.5519693630623,18.,-2.58831734599032));
#14425=CARTESIAN_POINT('Ctrl Pts',(13.7345987700946,18.,-3.23879869466306));
#14426=CARTESIAN_POINT('Ctrl Pts',(13.1011802287557,18.,-3.65602468101377));
#14427=CARTESIAN_POINT('',(13.099999958166,18.,3.65423291985532));
#14428=CARTESIAN_POINT('Ctrl Pts',(13.100261805403,18.,3.65462858168285));
#14429=CARTESIAN_POINT('Ctrl Pts',(13.4946815380816,18.,3.39360335464514));
#14430=CARTESIAN_POINT('Ctrl Pts',(14.3290207999872,18.,2.77189147721984));
#14431=CARTESIAN_POINT('Ctrl Pts',(15.2614796436077,18.,1.81855292557878));
#14432=CARTESIAN_POINT('Ctrl Pts',(15.7754593671169,18.,0.962541555459547));
#14433=CARTESIAN_POINT('Ctrl Pts',(15.9625816106369,18.,0.42486121300844));
#14434=CARTESIAN_POINT('Ctrl Pts',(16.0000003278255,18.,0.141782669070474));
#14435=CARTESIAN_POINT('Ctrl Pts',(16.0000003278255,18.,3.48553343480581E-16));
#14436=CARTESIAN_POINT('',(13.1,18.,9.70550484762882));
#14437=CARTESIAN_POINT('',(13.1,18.,2.95462675472488));
#14438=CARTESIAN_POINT('',(13.0082949329343,18.,9.74332114924096));
#14439=CARTESIAN_POINT('Ctrl Pts',(13.1,18.,9.70550484762883));
#14440=CARTESIAN_POINT('Ctrl Pts',(13.0694871189503,18.,9.7181680353303));
#14441=CARTESIAN_POINT('Ctrl Pts',(13.0389346267123,18.,9.73076771261698));
#14442=CARTESIAN_POINT('Ctrl Pts',(13.0083424222902,18.,9.74330434786025));
#14443=CARTESIAN_POINT('',(10.25,18.,7.89264862426896));
#14444=CARTESIAN_POINT('Ctrl Pts',(10.25,18.,7.89264862426896));
#14445=CARTESIAN_POINT('Ctrl Pts',(10.25,18.,8.26591931497835));
#14446=CARTESIAN_POINT('Ctrl Pts',(10.3572833704696,18.,8.63761444620205));
#14447=CARTESIAN_POINT('Ctrl Pts',(10.5554463769956,18.,8.95362750810448));
#14448=CARTESIAN_POINT('Ctrl Pts',(10.7536093835215,18.,9.26964057000691));
#14449=CARTESIAN_POINT('Ctrl Pts',(11.0426520261038,18.,9.52997156258807));
#14450=CARTESIAN_POINT('Ctrl Pts',(11.3783140251255,18.,9.69179256658709));
#14451=CARTESIAN_POINT('Ctrl Pts',(11.881807023658,18.,9.93452407258562));
#14452=CARTESIAN_POINT('Ctrl Pts',(12.4901935741794,18.,9.95560810427431));
#14453=CARTESIAN_POINT('Ctrl Pts',(13.0082949329343,18.,9.74332114924096));
#14454=CARTESIAN_POINT('',(10.25,18.,2.));
#14455=CARTESIAN_POINT('',(10.25,18.,5.30214673002888));
#14456=CARTESIAN_POINT('',(8.25,18.,-3.49359081978263E-16));
#14457=CARTESIAN_POINT('Origin',(8.25,18.,2.));
#14458=CARTESIAN_POINT('',(7.6,18.,-9.30731567351989E-16));
#14459=CARTESIAN_POINT('',(3.79999999999952,18.,2.68882138776405E-16));
#14460=CARTESIAN_POINT('',(-7.6,18.,1.85227992902566E-15));
#14461=CARTESIAN_POINT('Origin',(0.,18.,0.));
#14462=CARTESIAN_POINT('',(-8.25,18.,1.94336758474203E-15));
#14463=CARTESIAN_POINT('',(-5.12500000000048,18.,1.50920942409982E-15));
#14464=CARTESIAN_POINT('Origin',(-8.25,18.,2.));
#14465=CARTESIAN_POINT('Origin',(-8.25,11.,2.));
#14466=CARTESIAN_POINT('',(-8.25,22.,1.94258482643926E-15));
#14467=CARTESIAN_POINT('',(-8.25,11.,1.94289029309402E-15));
#14468=CARTESIAN_POINT('Origin',(-8.25,22.,2.));
#14469=CARTESIAN_POINT('Origin',(-10.25,22.,2.22044604925031E-15));
#14470=CARTESIAN_POINT('',(-7.6,22.,1.85227992902566E-15));
#14471=CARTESIAN_POINT('',(-7.6,22.,1.85227992902566E-15));
#14472=CARTESIAN_POINT('',(-13.6679461172315,22.,2.69530339306843E-15));
#14473=CARTESIAN_POINT('Ctrl Pts',(-10.25,1.38777878078145E-16,7.89264862426896));
#14474=CARTESIAN_POINT('Ctrl Pts',(-10.25,1.33333333333333,7.89264862426896));
#14475=CARTESIAN_POINT('Ctrl Pts',(-10.25,2.66666666666667,7.89264862426896));
#14476=CARTESIAN_POINT('Ctrl Pts',(-10.25,4.,7.89264862426896));
#14477=CARTESIAN_POINT('Ctrl Pts',(-10.25,1.38777878078145E-16,8.26591931497835));
#14478=CARTESIAN_POINT('Ctrl Pts',(-10.25,1.33333333333334,8.26591931497835));
#14479=CARTESIAN_POINT('Ctrl Pts',(-10.25,2.66666666666667,8.26591931497835));
#14480=CARTESIAN_POINT('Ctrl Pts',(-10.25,4.,8.26591931497835));
#14481=CARTESIAN_POINT('Ctrl Pts',(-10.4645228108954,1.38777878078145E-16,
9.0094595592419));
#14482=CARTESIAN_POINT('Ctrl Pts',(-10.4645228108954,1.33333333333333,9.0094595592419));
#14483=CARTESIAN_POINT('Ctrl Pts',(-10.4645228108954,2.66666666666667,9.0094595592419));
#14484=CARTESIAN_POINT('Ctrl Pts',(-10.4645228108954,4.,9.0094595592419));
#14485=CARTESIAN_POINT('Ctrl Pts',(-11.4762066253018,1.38777878078145E-16,
9.92086813767235));
#14486=CARTESIAN_POINT('Ctrl Pts',(-11.4762066253018,1.33333333333333,9.92086813767235));
#14487=CARTESIAN_POINT('Ctrl Pts',(-11.4762066253018,2.66666666666667,9.92086813767235));
#14488=CARTESIAN_POINT('Ctrl Pts',(-11.4762066253018,4.,9.92086813767235));
#14489=CARTESIAN_POINT('Ctrl Pts',(-12.4901935741794,1.38777878078145E-16,
9.95560810427431));
#14490=CARTESIAN_POINT('Ctrl Pts',(-12.4901935741794,1.33333333333333,9.95560810427431));
#14491=CARTESIAN_POINT('Ctrl Pts',(-12.4901935741794,2.66666666666667,9.95560810427431));
#14492=CARTESIAN_POINT('Ctrl Pts',(-12.4901935741794,4.,9.95560810427431));
#14493=CARTESIAN_POINT('Ctrl Pts',(-13.0082949329343,1.38777878078145E-16,
9.74332114924096));
#14494=CARTESIAN_POINT('Ctrl Pts',(-13.0082949329343,1.33333333333333,9.74332114924096));
#14495=CARTESIAN_POINT('Ctrl Pts',(-13.0082949329343,2.66666666666667,9.74332114924096));
#14496=CARTESIAN_POINT('Ctrl Pts',(-13.0082949329343,4.,9.74332114924096));
#14497=CARTESIAN_POINT('',(-10.25,4.,7.89264862426896));
#14498=CARTESIAN_POINT('',(-13.0082949329343,4.,9.74332114924096));
#14499=CARTESIAN_POINT('Ctrl Pts',(-10.25,4.,7.89264862426896));
#14500=CARTESIAN_POINT('Ctrl Pts',(-10.25,4.,8.26591931497835));
#14501=CARTESIAN_POINT('Ctrl Pts',(-10.3572614054477,4.,8.63768943711013));
#14502=CARTESIAN_POINT('Ctrl Pts',(-10.5554183673725,4.,8.95377572366607));
#14503=CARTESIAN_POINT('Ctrl Pts',(-10.7535753292972,4.,9.26986201022203));
#14504=CARTESIAN_POINT('Ctrl Pts',(-11.0426278476991,4.,9.53026446120215));
#14505=CARTESIAN_POINT('Ctrl Pts',(-11.3782972705606,4.,9.69206432644654));
#14506=CARTESIAN_POINT('Ctrl Pts',(-11.8818014048528,4.,9.93476412431313));
#14507=CARTESIAN_POINT('Ctrl Pts',(-12.4901935741794,4.,9.95560810427431));
#14508=CARTESIAN_POINT('Ctrl Pts',(-13.0082949329343,4.,9.74332114924096));
#14509=CARTESIAN_POINT('',(-13.0082949329343,6.93889390390723E-17,9.74332114924096));
#14510=CARTESIAN_POINT('Ctrl Pts',(-13.0082949329343,4.,9.74332114924096));
#14511=CARTESIAN_POINT('Ctrl Pts',(-13.0082949329343,2.66666666666667,9.74332114924096));
#14512=CARTESIAN_POINT('Ctrl Pts',(-13.0082949329343,1.33333333333333,9.74332114924096));
#14513=CARTESIAN_POINT('Ctrl Pts',(-13.0082949329343,1.38777878078145E-16,
9.74332114924096));
#14514=CARTESIAN_POINT('',(-10.25,6.93889390390723E-17,7.89264862426896));
#14515=CARTESIAN_POINT('Ctrl Pts',(-13.0082949329343,1.38777878078145E-16,
9.74332114924096));
#14516=CARTESIAN_POINT('Ctrl Pts',(-12.4901935741794,1.38777878078145E-16,
9.95560810427431));
#14517=CARTESIAN_POINT('Ctrl Pts',(-11.8818014048528,1.38777878078145E-16,
9.93476412431313));
#14518=CARTESIAN_POINT('Ctrl Pts',(-11.3782972705606,1.38777878078145E-16,
9.69206432644654));
#14519=CARTESIAN_POINT('Ctrl Pts',(-11.0426278476991,1.38777878078145E-16,
9.53026446120215));
#14520=CARTESIAN_POINT('Ctrl Pts',(-10.7535753292972,1.38777878078145E-16,
9.26986201022203));
#14521=CARTESIAN_POINT('Ctrl Pts',(-10.5554183673725,1.38777878078145E-16,
8.95377572366607));
#14522=CARTESIAN_POINT('Ctrl Pts',(-10.3572614054477,1.38777878078145E-16,
8.63768943711013));
#14523=CARTESIAN_POINT('Ctrl Pts',(-10.25,1.38777878078145E-16,8.26591931497835));
#14524=CARTESIAN_POINT('Ctrl Pts',(-10.25,1.38777878078145E-16,7.89264862426896));
#14525=CARTESIAN_POINT('Ctrl Pts',(-10.25,1.38777878078145E-16,7.89264862426896));
#14526=CARTESIAN_POINT('Ctrl Pts',(-10.25,1.33333333333333,7.89264862426896));
#14527=CARTESIAN_POINT('Ctrl Pts',(-10.25,2.66666666666667,7.89264862426896));
#14528=CARTESIAN_POINT('Ctrl Pts',(-10.25,4.,7.89264862426896));
#14529=CARTESIAN_POINT('Origin',(-10.25,0.,2.22044604925031E-15));
#14530=CARTESIAN_POINT('',(-10.25,0.,-1.25526296912604E-15));
#14531=CARTESIAN_POINT('',(-10.25,0.,0.0401923318092234));
#14532=CARTESIAN_POINT('',(-10.25,4.,-1.25526296912604E-15));
#14533=CARTESIAN_POINT('',(-10.25,0.,0.));
#14534=CARTESIAN_POINT('',(-10.25,4.,0.0401923318092234));
#14535=CARTESIAN_POINT('Origin',(0.0358921227042552,0.,0.0803846636184447));
#14536=CARTESIAN_POINT('',(-21.0000002235174,0.,2.57175830558243E-15));
#14537=CARTESIAN_POINT('Ctrl Pts',(-21.0000002235174,0.,2.57175830558243E-15));
#14538=CARTESIAN_POINT('Ctrl Pts',(-21.0000002235174,0.,1.50984290975669));
#14539=CARTESIAN_POINT('Ctrl Pts',(-20.5631870321265,0.,2.9826768055663));
#14540=CARTESIAN_POINT('Ctrl Pts',(-19.914714966032,0.,4.16655921812667));
#14541=CARTESIAN_POINT('Ctrl Pts',(-19.0686101819344,0.,5.71124961490661));
#14542=CARTESIAN_POINT('Ctrl Pts',(-17.9321109223958,0.,6.81549263201784));
#14543=CARTESIAN_POINT('Ctrl Pts',(-16.7448226272667,0.,7.69080279484951));
#14544=CARTESIAN_POINT('Ctrl Pts',(-15.579375038219,0.,8.5500112306828));
#14545=CARTESIAN_POINT('Ctrl Pts',(-14.3323365912138,0.,9.2121376480778));
#14546=CARTESIAN_POINT('Ctrl Pts',(-13.0082857811727,0.,9.75026985085385));
#14547=CARTESIAN_POINT('',(13.0082949329343,4.85722573273506E-16,9.74332114924096));
#14548=CARTESIAN_POINT('Ctrl Pts',(13.0084714332583,0.,9.74693369044709));
#14549=CARTESIAN_POINT('Ctrl Pts',(14.3524415629948,0.,9.20073463066923));
#14550=CARTESIAN_POINT('Ctrl Pts',(15.6169267290875,0.,8.5308067343549));
#14551=CARTESIAN_POINT('Ctrl Pts',(16.797230949127,0.,7.65197359821581));
#14552=CARTESIAN_POINT('Ctrl Pts',(17.8677130079017,0.,6.85491205347089));
#14553=CARTESIAN_POINT('Ctrl Pts',(18.8895011110272,0.,5.870612347725));
#14554=CARTESIAN_POINT('Ctrl Pts',(19.7009855629238,0.,4.53650949332164));
#14555=CARTESIAN_POINT('Ctrl Pts',(20.3894548407695,0.,3.4046469830833));
#14556=CARTESIAN_POINT('Ctrl Pts',(20.899992893469,0.,1.986089649329));
#14557=CARTESIAN_POINT('Ctrl Pts',(20.9862407255357,0.,0.480640950927758));
#14558=CARTESIAN_POINT('Ctrl Pts',(21.0717844689259,0.,-1.01251793848905));
#14559=CARTESIAN_POINT('Ctrl Pts',(20.7233806361162,0.,-2.5216507278967));
#14560=CARTESIAN_POINT('Ctrl Pts',(20.1285091292315,0.,-3.75172819401238));
#14561=CARTESIAN_POINT('Ctrl Pts',(19.3791247578732,0.,-5.30130792341402));
#14562=CARTESIAN_POINT('Ctrl Pts',(18.3159232940409,0.,-6.44060718323604));
#14563=CARTESIAN_POINT('Ctrl Pts',(17.2016689427063,0.,-7.33871069830413));
#14564=CARTESIAN_POINT('Ctrl Pts',(15.5101375623196,0.,-8.70210701509113));
#14565=CARTESIAN_POINT('Ctrl Pts',(13.6329636435586,0.,-9.58172945408655));
#14566=CARTESIAN_POINT('Ctrl Pts',(11.5923657980843,0.,-10.2704900418607));
#14567=CARTESIAN_POINT('Ctrl Pts',(8.09902588977913,0.,-11.4495929473527));
#14568=CARTESIAN_POINT('Ctrl Pts',(4.0687857937466,0.,-11.9994971851748));
#14569=CARTESIAN_POINT('Ctrl Pts',(0.00537922458305671,0.,-11.9999996674016));
#14570=CARTESIAN_POINT('Ctrl Pts',(-3.68107143167805,0.,-12.0004555351332));
#14571=CARTESIAN_POINT('Ctrl Pts',(-7.34771296798176,0.,-11.5429599002077));
#14572=CARTESIAN_POINT('Ctrl Pts',(-10.5982381490362,0.,-10.5843905622622));
#14573=CARTESIAN_POINT('Ctrl Pts',(-12.7233132713365,0.,-9.95771279802262));
#14574=CARTESIAN_POINT('Ctrl Pts',(-14.6796502647957,0.,-9.1391524060551));
#14575=CARTESIAN_POINT('Ctrl Pts',(-16.4537216796516,0.,-7.89970769458572));
#14576=CARTESIAN_POINT('Ctrl Pts',(-17.563734357154,0.,-7.12420377108319));
#14577=CARTESIAN_POINT('Ctrl Pts',(-18.6233430836632,0.,-6.1710981382906));
#14578=CARTESIAN_POINT('Ctrl Pts',(-19.4919593170779,0.,-4.86496590476098));
#14579=CARTESIAN_POINT('Ctrl Pts',(-20.2212902856782,0.,-3.76827596235081));
#14580=CARTESIAN_POINT('Ctrl Pts',(-20.7969198842019,0.,-2.38443772126365));
#14581=CARTESIAN_POINT('Ctrl Pts',(-20.9546033693019,0.,-0.872411880439956));
#14582=CARTESIAN_POINT('Ctrl Pts',(-20.9847172502758,0.,-0.583650085435282));
#14583=CARTESIAN_POINT('Ctrl Pts',(-21.0000002235174,0.,-0.291832268324024));
#14584=CARTESIAN_POINT('Ctrl Pts',(-21.0000002235174,0.,-2.57175830558243E-15));
#14585=CARTESIAN_POINT('',(10.25,4.85722573273506E-16,7.89264862426896));
#14586=CARTESIAN_POINT('Ctrl Pts',(10.25,5.55111512312578E-16,7.89264862426896));
#14587=CARTESIAN_POINT('Ctrl Pts',(10.25,5.55111512312583E-16,8.26591931497835));
#14588=CARTESIAN_POINT('Ctrl Pts',(10.3572614054477,6.29126380620922E-16,
8.63768943711013));
#14589=CARTESIAN_POINT('Ctrl Pts',(10.5554183673725,5.55111512312578E-16,
8.95377572366607));
#14590=CARTESIAN_POINT('Ctrl Pts',(10.7535753292972,4.81096644004235E-16,
9.26986201022203));
#14591=CARTESIAN_POINT('Ctrl Pts',(11.0426278476991,5.55111512312583E-16,
9.53026446120215));
#14592=CARTESIAN_POINT('Ctrl Pts',(11.3782972705606,5.55111512312586E-16,
9.69206432644654));
#14593=CARTESIAN_POINT('Ctrl Pts',(11.8818014048528,5.55111512312578E-16,
9.93476412431313));
#14594=CARTESIAN_POINT('Ctrl Pts',(12.4901935741794,5.5511151231257E-16,
9.95560810427431));
#14595=CARTESIAN_POINT('Ctrl Pts',(13.0082949329343,5.55111512312578E-16,
9.74332114924096));
#14596=CARTESIAN_POINT('',(10.25,0.,0.));
#14597=CARTESIAN_POINT('',(10.25,0.,5.38253139364732));
#14598=CARTESIAN_POINT('Origin',(0.,0.,0.));
#14599=CARTESIAN_POINT('',(12.,0.,1.34711147906209E-16));
#14600=CARTESIAN_POINT('Origin',(13.1,0.,0.));
#14601=CARTESIAN_POINT('',(-14.2,0.,1.34711147906209E-16));
#14602=CARTESIAN_POINT('Origin',(-13.1,0.,0.));
#14603=CARTESIAN_POINT('Ctrl Pts',(10.25,4.,7.89264862426896));
#14604=CARTESIAN_POINT('Ctrl Pts',(10.25,2.66666666666667,7.89264862426896));
#14605=CARTESIAN_POINT('Ctrl Pts',(10.25,1.33333333333333,7.89264862426896));
#14606=CARTESIAN_POINT('Ctrl Pts',(10.25,-2.35922392732846E-15,7.89264862426896));
#14607=CARTESIAN_POINT('Ctrl Pts',(10.25,4.,8.26591931497835));
#14608=CARTESIAN_POINT('Ctrl Pts',(10.25,2.66666666666667,8.26591931497835));
#14609=CARTESIAN_POINT('Ctrl Pts',(10.25,1.33333333333334,8.26591931497835));
#14610=CARTESIAN_POINT('Ctrl Pts',(10.25,-2.35922392732846E-15,8.26591931497835));
#14611=CARTESIAN_POINT('Ctrl Pts',(10.4645228108954,4.,9.0094595592419));
#14612=CARTESIAN_POINT('Ctrl Pts',(10.4645228108954,2.66666666666667,9.0094595592419));
#14613=CARTESIAN_POINT('Ctrl Pts',(10.4645228108954,1.33333333333333,9.0094595592419));
#14614=CARTESIAN_POINT('Ctrl Pts',(10.4645228108954,-2.35922392732846E-15,
9.0094595592419));
#14615=CARTESIAN_POINT('Ctrl Pts',(11.4762066253018,4.,9.92086813767235));
#14616=CARTESIAN_POINT('Ctrl Pts',(11.4762066253018,2.66666666666666,9.92086813767235));
#14617=CARTESIAN_POINT('Ctrl Pts',(11.4762066253018,1.33333333333334,9.92086813767235));
#14618=CARTESIAN_POINT('Ctrl Pts',(11.4762066253018,-2.35922392732846E-15,
9.92086813767235));
#14619=CARTESIAN_POINT('Ctrl Pts',(12.4901935741794,4.,9.95560810427431));
#14620=CARTESIAN_POINT('Ctrl Pts',(12.4901935741794,2.66666666666667,9.95560810427431));
#14621=CARTESIAN_POINT('Ctrl Pts',(12.4901935741794,1.33333333333333,9.95560810427431));
#14622=CARTESIAN_POINT('Ctrl Pts',(12.4901935741794,-2.35922392732846E-15,
9.95560810427431));
#14623=CARTESIAN_POINT('Ctrl Pts',(13.0082949329343,4.,9.74332114924096));
#14624=CARTESIAN_POINT('Ctrl Pts',(13.0082949329343,2.66666666666667,9.74332114924096));
#14625=CARTESIAN_POINT('Ctrl Pts',(13.0082949329343,1.33333333333333,9.74332114924096));
#14626=CARTESIAN_POINT('Ctrl Pts',(13.0082949329343,-2.35922392732846E-15,
9.74332114924096));
#14627=CARTESIAN_POINT('',(13.0082949329343,4.,9.74332114924096));
#14628=CARTESIAN_POINT('Ctrl Pts',(13.0082949329343,-2.35922392732846E-15,
9.74332114924096));
#14629=CARTESIAN_POINT('Ctrl Pts',(13.0082949329343,1.33333333333333,9.74332114924096));
#14630=CARTESIAN_POINT('Ctrl Pts',(13.0082949329343,2.66666666666667,9.74332114924096));
#14631=CARTESIAN_POINT('Ctrl Pts',(13.0082949329343,4.,9.74332114924096));
#14632=CARTESIAN_POINT('',(10.25,4.,7.89264862426896));
#14633=CARTESIAN_POINT('Ctrl Pts',(13.0082949329343,4.,9.74332114924096));
#14634=CARTESIAN_POINT('Ctrl Pts',(12.4901935741794,4.,9.95560810427431));
#14635=CARTESIAN_POINT('Ctrl Pts',(11.8818014048528,4.,9.93476412431313));
#14636=CARTESIAN_POINT('Ctrl Pts',(11.3782972705606,4.,9.69206432644654));
#14637=CARTESIAN_POINT('Ctrl Pts',(11.0426278476991,4.,9.53026446120215));
#14638=CARTESIAN_POINT('Ctrl Pts',(10.7535753292972,4.,9.26986201022203));
#14639=CARTESIAN_POINT('Ctrl Pts',(10.5554183673725,4.,8.95377572366607));
#14640=CARTESIAN_POINT('Ctrl Pts',(10.3572614054477,4.,8.63768943711013));
#14641=CARTESIAN_POINT('Ctrl Pts',(10.25,4.,8.26591931497835));
#14642=CARTESIAN_POINT('Ctrl Pts',(10.25,4.,7.89264862426896));
#14643=CARTESIAN_POINT('Ctrl Pts',(10.25,4.,7.89264862426896));
#14644=CARTESIAN_POINT('Ctrl Pts',(10.25,2.66666666666667,7.89264862426896));
#14645=CARTESIAN_POINT('Ctrl Pts',(10.25,1.33333333333333,7.89264862426896));
#14646=CARTESIAN_POINT('Ctrl Pts',(10.25,-2.35922392732846E-15,7.89264862426896));
#14647=CARTESIAN_POINT('Origin',(10.25,0.,10.6846781236762));
#14648=CARTESIAN_POINT('',(10.25,4.,0.));
#14649=CARTESIAN_POINT('',(10.25,4.,5.38253139364732));
#14650=CARTESIAN_POINT('',(10.25,0.,0.));
#14651=CARTESIAN_POINT('Ctrl Pts',(10.25,22.,7.89264862426896));
#14652=CARTESIAN_POINT('Ctrl Pts',(10.25,20.6666666666667,7.89264862426896));
#14653=CARTESIAN_POINT('Ctrl Pts',(10.25,19.3333333333333,7.89264862426896));
#14654=CARTESIAN_POINT('Ctrl Pts',(10.25,18.,7.89264862426896));
#14655=CARTESIAN_POINT('Ctrl Pts',(10.25,22.,8.26591931497835));
#14656=CARTESIAN_POINT('Ctrl Pts',(10.25,20.6666666666667,8.26591931497835));
#14657=CARTESIAN_POINT('Ctrl Pts',(10.25,19.3333333333333,8.26591931497835));
#14658=CARTESIAN_POINT('Ctrl Pts',(10.25,18.,8.26591931497835));
#14659=CARTESIAN_POINT('Ctrl Pts',(10.4645667409392,22.,9.00930957742574));
#14660=CARTESIAN_POINT('Ctrl Pts',(10.4645667409392,20.6666666666667,9.00930957742574));
#14661=CARTESIAN_POINT('Ctrl Pts',(10.4645667409392,19.3333333333333,9.00930957742574));
#14662=CARTESIAN_POINT('Ctrl Pts',(10.4645667409392,18.,9.00930957742574));
#14663=CARTESIAN_POINT('Ctrl Pts',(11.4762159899772,22.,9.92046805145982));
#14664=CARTESIAN_POINT('Ctrl Pts',(11.4762159899772,20.6666666666667,9.92046805145982));
#14665=CARTESIAN_POINT('Ctrl Pts',(11.4762159899772,19.3333333333333,9.92046805145982));
#14666=CARTESIAN_POINT('Ctrl Pts',(11.4762159899772,18.,9.92046805145982));
#14667=CARTESIAN_POINT('Ctrl Pts',(12.4901935741794,22.,9.95560810427431));
#14668=CARTESIAN_POINT('Ctrl Pts',(12.4901935741794,20.6666666666667,9.95560810427431));
#14669=CARTESIAN_POINT('Ctrl Pts',(12.4901935741794,19.3333333333333,9.95560810427431));
#14670=CARTESIAN_POINT('Ctrl Pts',(12.4901935741794,18.,9.95560810427431));
#14671=CARTESIAN_POINT('Ctrl Pts',(13.0082949329343,22.,9.74332114924096));
#14672=CARTESIAN_POINT('Ctrl Pts',(13.0082949329343,20.6666666666667,9.74332114924096));
#14673=CARTESIAN_POINT('Ctrl Pts',(13.0082949329343,19.3333333333333,9.74332114924096));
#14674=CARTESIAN_POINT('Ctrl Pts',(13.0082949329343,18.,9.74332114924096));
#14675=CARTESIAN_POINT('',(13.0082949329343,22.,9.74332114924096));
#14676=CARTESIAN_POINT('Ctrl Pts',(13.0082949329343,18.,9.74332114924096));
#14677=CARTESIAN_POINT('Ctrl Pts',(13.0082949329343,19.3333333333333,9.74332114924096));
#14678=CARTESIAN_POINT('Ctrl Pts',(13.0082949329343,20.6666666666667,9.74332114924096));
#14679=CARTESIAN_POINT('Ctrl Pts',(13.0082949329343,22.,9.74332114924096));
#14680=CARTESIAN_POINT('',(10.25,22.,7.89264862426896));
#14681=CARTESIAN_POINT('Ctrl Pts',(13.0082949329343,22.,9.74332114924096));
#14682=CARTESIAN_POINT('Ctrl Pts',(12.4901935741794,22.,9.95560810427431));
#14683=CARTESIAN_POINT('Ctrl Pts',(11.881807023658,22.,9.93452407258562));
#14684=CARTESIAN_POINT('Ctrl Pts',(11.3783140251255,22.,9.69179256658709));
#14685=CARTESIAN_POINT('Ctrl Pts',(11.0426520261038,22.,9.52997156258807));
#14686=CARTESIAN_POINT('Ctrl Pts',(10.7536093835215,22.,9.26964057000691));
#14687=CARTESIAN_POINT('Ctrl Pts',(10.5554463769956,22.,8.95362750810448));
#14688=CARTESIAN_POINT('Ctrl Pts',(10.3572833704696,22.,8.63761444620205));
#14689=CARTESIAN_POINT('Ctrl Pts',(10.25,22.,8.26591931497835));
#14690=CARTESIAN_POINT('Ctrl Pts',(10.25,22.,7.89264862426896));
#14691=CARTESIAN_POINT('Ctrl Pts',(10.25,22.,7.89264862426896));
#14692=CARTESIAN_POINT('Ctrl Pts',(10.25,20.6666666666667,7.89264862426896));
#14693=CARTESIAN_POINT('Ctrl Pts',(10.25,19.3333333333333,7.89264862426896));
#14694=CARTESIAN_POINT('Ctrl Pts',(10.25,18.,7.89264862426896));
#14695=CARTESIAN_POINT('Origin',(10.25,0.,10.6846781236762));
#14696=CARTESIAN_POINT('',(10.25,22.,2.));
#14697=CARTESIAN_POINT('',(10.25,22.,5.3423390618381));
#14698=CARTESIAN_POINT('',(10.25,11.,2.));
#14699=CARTESIAN_POINT('Origin',(8.25,11.,2.));
#14700=CARTESIAN_POINT('',(8.25,22.,-3.49770261751962E-16));
#14701=CARTESIAN_POINT('Origin',(8.25,22.,2.));
#14702=CARTESIAN_POINT('',(8.25,11.,-2.77555756156289E-16));
#14703=CARTESIAN_POINT('Origin',(7.6,22.,-2.59465364338368E-16));
#14704=CARTESIAN_POINT('',(7.6,22.,-9.30731567351989E-16));
#14705=CARTESIAN_POINT('',(-4.74294611723148,22.,1.45534768627409E-15));
#14706=CARTESIAN_POINT('',(7.6,22.,-2.59465364338368E-16));
#14707=CARTESIAN_POINT('Ctrl Pts',(13.1,22.,9.70550484762882));
#14708=CARTESIAN_POINT('Ctrl Pts',(13.1,18.,9.70550484762882));
#14709=CARTESIAN_POINT('Ctrl Pts',(12.2943164001704,22.,10.0398725737058));
#14710=CARTESIAN_POINT('Ctrl Pts',(12.2943164001704,18.,10.0398725737058));
#14711=CARTESIAN_POINT('Ctrl Pts',(11.4610155468884,22.,10.3299603046922));
#14712=CARTESIAN_POINT('Ctrl Pts',(11.4610155468884,18.,10.3299603046922));
#14713=CARTESIAN_POINT('Ctrl Pts',(10.5982381490362,22.,10.5843905622622));
#14714=CARTESIAN_POINT('Ctrl Pts',(10.5982381490362,18.,10.5843905622622));
#14715=CARTESIAN_POINT('Ctrl Pts',(7.34771296798176,22.,11.5429599002077));
#14716=CARTESIAN_POINT('Ctrl Pts',(7.34771296798176,18.,11.5429599002077));
#14717=CARTESIAN_POINT('Ctrl Pts',(3.68107143167805,22.,12.0004555351332));
#14718=CARTESIAN_POINT('Ctrl Pts',(3.68107143167805,18.,12.0004555351332));
#14719=CARTESIAN_POINT('Ctrl Pts',(-0.00537922458305671,22.,11.9999996674016));
#14720=CARTESIAN_POINT('Ctrl Pts',(-0.00537922458305671,18.,11.9999996674016));
#14721=CARTESIAN_POINT('Ctrl Pts',(-4.0687857937466,22.,11.9994971851748));
#14722=CARTESIAN_POINT('Ctrl Pts',(-4.0687857937466,18.,11.9994971851748));
#14723=CARTESIAN_POINT('Ctrl Pts',(-8.09902588977913,22.,11.4495929473527));
#14724=CARTESIAN_POINT('Ctrl Pts',(-8.09902588977913,18.,11.4495929473527));
#14725=CARTESIAN_POINT('Ctrl Pts',(-11.5923657980843,22.,10.2704900418607));
#14726=CARTESIAN_POINT('Ctrl Pts',(-11.5923657980843,18.,10.2704900418607));
#14727=CARTESIAN_POINT('Ctrl Pts',(-13.042042698478,22.,9.7811823048109));
#14728=CARTESIAN_POINT('Ctrl Pts',(-13.042042698478,18.,9.7811823048109));
#14729=CARTESIAN_POINT('Ctrl Pts',(-14.4032783577175,22.,9.18585680662561));
#14730=CARTESIAN_POINT('Ctrl Pts',(-14.4032783577175,18.,9.18585680662561));
#14731=CARTESIAN_POINT('Ctrl Pts',(-15.6828335246413,22.,8.40343895719946));
#14732=CARTESIAN_POINT('Ctrl Pts',(-15.6828335246413,18.,8.40343895719946));
#14733=CARTESIAN_POINT('',(13.1,22.,9.70550484762882));
#14734=CARTESIAN_POINT('',(13.1,4.,9.70550484762882));
#14735=CARTESIAN_POINT('Ctrl Pts',(13.0083424224264,22.,9.74330434780446));
#14736=CARTESIAN_POINT('Ctrl Pts',(13.038934626803,22.,9.73076771257959));
#14737=CARTESIAN_POINT('Ctrl Pts',(13.0694871189956,22.,9.71816803531152));
#14738=CARTESIAN_POINT('Ctrl Pts',(13.1,22.,9.70550484762883));
#14739=CARTESIAN_POINT('Ctrl Pts',(13.1,22.,9.70550484762882));
#14740=CARTESIAN_POINT('Ctrl Pts',(13.1,18.,9.70550484762882));
#14741=CARTESIAN_POINT('Ctrl Pts',(12.2943164001704,22.,10.0398725737058));
#14742=CARTESIAN_POINT('Ctrl Pts',(12.2943164001704,18.,10.0398725737058));
#14743=CARTESIAN_POINT('Ctrl Pts',(11.4610155468884,22.,10.3299603046922));
#14744=CARTESIAN_POINT('Ctrl Pts',(11.4610155468884,18.,10.3299603046922));
#14745=CARTESIAN_POINT('Ctrl Pts',(10.5982381490362,22.,10.5843905622622));
#14746=CARTESIAN_POINT('Ctrl Pts',(10.5982381490362,18.,10.5843905622622));
#14747=CARTESIAN_POINT('Ctrl Pts',(7.34771296798176,22.,11.5429599002077));
#14748=CARTESIAN_POINT('Ctrl Pts',(7.34771296798176,18.,11.5429599002077));
#14749=CARTESIAN_POINT('Ctrl Pts',(3.68107143167805,22.,12.0004555351332));
#14750=CARTESIAN_POINT('Ctrl Pts',(3.68107143167805,18.,12.0004555351332));
#14751=CARTESIAN_POINT('Ctrl Pts',(-0.00537922458305671,22.,11.9999996674016));
#14752=CARTESIAN_POINT('Ctrl Pts',(-0.00537922458305671,18.,11.9999996674016));
#14753=CARTESIAN_POINT('Ctrl Pts',(-4.0687857937466,22.,11.9994971851748));
#14754=CARTESIAN_POINT('Ctrl Pts',(-4.0687857937466,18.,11.9994971851748));
#14755=CARTESIAN_POINT('Ctrl Pts',(-8.09902588977913,22.,11.4495929473527));
#14756=CARTESIAN_POINT('Ctrl Pts',(-8.09902588977913,18.,11.4495929473527));
#14757=CARTESIAN_POINT('Ctrl Pts',(-11.5923657980843,22.,10.2704900418607));
#14758=CARTESIAN_POINT('Ctrl Pts',(-11.5923657980843,18.,10.2704900418607));
#14759=CARTESIAN_POINT('Ctrl Pts',(-13.042042698478,22.,9.7811823048109));
#14760=CARTESIAN_POINT('Ctrl Pts',(-13.042042698478,18.,9.7811823048109));
#14761=CARTESIAN_POINT('Ctrl Pts',(-14.4032783577175,22.,9.18585680662561));
#14762=CARTESIAN_POINT('Ctrl Pts',(-14.4032783577175,18.,9.18585680662561));
#14763=CARTESIAN_POINT('Ctrl Pts',(-15.6828335246413,22.,8.40343895719946));
#14764=CARTESIAN_POINT('Ctrl Pts',(-15.6828335246413,18.,8.40343895719946));
#14765=CARTESIAN_POINT('',(-13.1,22.,9.70550484762882));
#14766=CARTESIAN_POINT('Ctrl Pts',(-13.1002623025719,22.,9.70685779562951));
#14767=CARTESIAN_POINT('Ctrl Pts',(-13.0697625992746,22.,9.71948555039945));
#14768=CARTESIAN_POINT('Ctrl Pts',(-13.0392213400215,22.,9.73204823072746));
#14769=CARTESIAN_POINT('Ctrl Pts',(-13.0086384530578,22.,9.74454669709166));
#14770=CARTESIAN_POINT('',(-13.1,4.,9.70550484762882));
#14771=CARTESIAN_POINT('Origin',(-17.085892234463,22.,0.));
#14772=CARTESIAN_POINT('Origin',(0.,22.,0.));
#14773=CARTESIAN_POINT('',(15.6828335246413,22.,8.40343895719946));
#14774=CARTESIAN_POINT('Ctrl Pts',(13.1,22.,9.70550484762882));
#14775=CARTESIAN_POINT('Ctrl Pts',(13.9961578852282,22.,9.33358927884593));
#14776=CARTESIAN_POINT('Ctrl Pts',(14.8590176048438,22.,8.90898314817895));
#14777=CARTESIAN_POINT('Ctrl Pts',(15.6842981386353,22.,8.40325446300188));
#14778=CARTESIAN_POINT('',(27.0581162600884,22.,2.81321761244495));
#14779=CARTESIAN_POINT('',(27.576526831493,22.,2.55845209065429));
#14780=CARTESIAN_POINT('',(27.0581162600884,22.,-2.801418929497));
#14781=CARTESIAN_POINT('Origin',(26.0003052535884,22.,0.00589934147397782));
#14782=CARTESIAN_POINT('',(15.7773254610229,22.,-8.3452035524616));
#14783=CARTESIAN_POINT('',(27.576526831493,22.,-2.54665340770633));
#14784=CARTESIAN_POINT('',(13.1,22.,-9.70550484762882));
#14785=CARTESIAN_POINT('Ctrl Pts',(15.7787763678495,22.,-8.34562903787354));
#14786=CARTESIAN_POINT('Ctrl Pts',(14.9248407850131,22.,-8.87748601991851));
#14787=CARTESIAN_POINT('Ctrl Pts',(14.0302311652014,22.,-9.31944848567718));
#14788=CARTESIAN_POINT('Ctrl Pts',(13.1,22.,-9.70550484762882));
#14789=CARTESIAN_POINT('',(-13.1,22.,-9.70550484762882));
#14790=CARTESIAN_POINT('Ctrl Pts',(13.1,22.,-9.70550484762882));
#14791=CARTESIAN_POINT('Ctrl Pts',(12.3382900175681,22.,-10.0216230295177));
#14792=CARTESIAN_POINT('Ctrl Pts',(11.5518174857284,22.,-10.2981465889457));
#14793=CARTESIAN_POINT('Ctrl Pts',(10.7387540321353,22.,-10.5425533384341));
#14794=CARTESIAN_POINT('Ctrl Pts',(6.84894291600541,22.,-11.7118299635437));
#14795=CARTESIAN_POINT('Ctrl Pts',(2.34312907780351,22.,-12.1612248623701));
#14796=CARTESIAN_POINT('Ctrl Pts',(-2.06324723376744,22.,-11.9509161709772));
#14797=CARTESIAN_POINT('Ctrl Pts',(-5.3783592903443,22.,-11.7926916279193));
#14798=CARTESIAN_POINT('Ctrl Pts',(-8.60132788660595,22.,-11.26422871634));
#14799=CARTESIAN_POINT('Ctrl Pts',(-11.4735007473188,22.,-10.310288785374));
#14800=CARTESIAN_POINT('Ctrl Pts',(-12.028195150742,22.,-10.126057136873));
#14801=CARTESIAN_POINT('Ctrl Pts',(-12.5701953476543,22.,-9.92657837584487));
#14802=CARTESIAN_POINT('Ctrl Pts',(-13.099724540389,22.,-9.70740678285036));
#14803=CARTESIAN_POINT('',(-15.7773254610227,22.,-8.34520355246166));
#14804=CARTESIAN_POINT('Ctrl Pts',(-13.1,22.,-9.70550484762882));
#14805=CARTESIAN_POINT('Ctrl Pts',(-14.0303382058777,22.,-9.31940406259653));
#14806=CARTESIAN_POINT('Ctrl Pts',(-14.9244452980925,22.,-8.87794453174827));
#14807=CARTESIAN_POINT('Ctrl Pts',(-15.7781403803026,22.,-8.34623246961532));
#14808=CARTESIAN_POINT('',(-27.0581162600818,22.,-2.80141892950022));
#14809=CARTESIAN_POINT('',(-27.576526831493,22.,-2.54665340770633));
#14810=CARTESIAN_POINT('',(-27.0581162600821,22.,2.81321761244804));
#14811=CARTESIAN_POINT('Origin',(-26.0003052535903,22.,0.00589934147397819));
#14812=CARTESIAN_POINT('',(-15.6828335246413,22.,8.40343895719946));
#14813=CARTESIAN_POINT('',(-27.576526831493,22.,2.55845209065429));
#14814=CARTESIAN_POINT('Ctrl Pts',(-15.6839508740997,22.,8.40620700501639));
#14815=CARTESIAN_POINT('Ctrl Pts',(-14.8588210269405,22.,8.91187549634713));
#14816=CARTESIAN_POINT('Ctrl Pts',(-13.996004599432,22.,9.33365289416976));
#14817=CARTESIAN_POINT('Ctrl Pts',(-13.1,22.,9.70550484762882));
#14818=CARTESIAN_POINT('',(28.1003052535884,22.,0.00589934147397757));
#14819=CARTESIAN_POINT('Origin',(26.0003052535884,22.,0.00589934147397782));
#14820=CARTESIAN_POINT('',(-23.9003052535901,22.,0.00589934147397794));
#14821=CARTESIAN_POINT('Origin',(-26.0003052535901,22.,0.00589934147397819));
#14822=CARTESIAN_POINT('Ctrl Pts',(-21.0000002235174,0.,2.57175830558243E-15));
#14823=CARTESIAN_POINT('Ctrl Pts',(-21.0000002235174,4.,2.57175830558243E-15));
#14824=CARTESIAN_POINT('Ctrl Pts',(-21.0000002235174,0.,1.50984290975669));
#14825=CARTESIAN_POINT('Ctrl Pts',(-21.0000002235174,4.,1.50984290975669));
#14826=CARTESIAN_POINT('Ctrl Pts',(-20.5631870321265,0.,2.9826768055663));
#14827=CARTESIAN_POINT('Ctrl Pts',(-20.5631870321265,4.,2.9826768055663));
#14828=CARTESIAN_POINT('Ctrl Pts',(-19.914714966032,0.,4.16655921812667));
#14829=CARTESIAN_POINT('Ctrl Pts',(-19.914714966032,4.,4.16655921812667));
#14830=CARTESIAN_POINT('Ctrl Pts',(-19.0686101819344,0.,5.71124961490661));
#14831=CARTESIAN_POINT('Ctrl Pts',(-19.0686101819344,4.,5.71124961490661));
#14832=CARTESIAN_POINT('Ctrl Pts',(-17.9321109223958,0.,6.81549263201784));
#14833=CARTESIAN_POINT('Ctrl Pts',(-17.9321109223958,4.,6.81549263201784));
#14834=CARTESIAN_POINT('Ctrl Pts',(-16.7448226272667,0.,7.69080279484951));
#14835=CARTESIAN_POINT('Ctrl Pts',(-16.7448226272667,4.,7.69080279484951));
#14836=CARTESIAN_POINT('Ctrl Pts',(-14.9340402278988,0.,9.02577446377425));
#14837=CARTESIAN_POINT('Ctrl Pts',(-14.9340402278988,4.,9.02577446377425));
#14838=CARTESIAN_POINT('Ctrl Pts',(-12.9262930675195,0.,9.8849794397986));
#14839=CARTESIAN_POINT('Ctrl Pts',(-12.9262930675195,4.,9.8849794397986));
#14840=CARTESIAN_POINT('Ctrl Pts',(-10.7387540321353,0.,10.5425533384341));
#14841=CARTESIAN_POINT('Ctrl Pts',(-10.7387540321353,4.,10.5425533384341));
#14842=CARTESIAN_POINT('Ctrl Pts',(-6.84894291600541,0.,11.7118299635437));
#14843=CARTESIAN_POINT('Ctrl Pts',(-6.84894291600541,4.,11.7118299635437));
#14844=CARTESIAN_POINT('Ctrl Pts',(-2.34312907780351,0.,12.1612248623701));
#14845=CARTESIAN_POINT('Ctrl Pts',(-2.34312907780351,4.,12.1612248623701));
#14846=CARTESIAN_POINT('Ctrl Pts',(2.06324723376744,0.,11.9509161709772));
#14847=CARTESIAN_POINT('Ctrl Pts',(2.06324723376744,4.,11.9509161709772));
#14848=CARTESIAN_POINT('Ctrl Pts',(5.3783592903443,0.,11.7926916279193));
#14849=CARTESIAN_POINT('Ctrl Pts',(5.3783592903443,4.,11.7926916279193));
#14850=CARTESIAN_POINT('Ctrl Pts',(8.60132788660595,0.,11.26422871634));
#14851=CARTESIAN_POINT('Ctrl Pts',(8.60132788660595,4.,11.26422871634));
#14852=CARTESIAN_POINT('Ctrl Pts',(11.4735007473188,0.,10.310288785374));
#14853=CARTESIAN_POINT('Ctrl Pts',(11.4735007473188,4.,10.310288785374));
#14854=CARTESIAN_POINT('Ctrl Pts',(13.3985718509236,0.,9.67091146209486));
#14855=CARTESIAN_POINT('Ctrl Pts',(13.3985718509236,4.,9.67091146209486));
#14856=CARTESIAN_POINT('Ctrl Pts',(15.1771961732245,0.,8.85822213870915));
#14857=CARTESIAN_POINT('Ctrl Pts',(15.1771961732245,4.,8.85822213870915));
#14858=CARTESIAN_POINT('Ctrl Pts',(16.797230949127,0.,7.65197359821581));
#14859=CARTESIAN_POINT('Ctrl Pts',(16.797230949127,4.,7.65197359821581));
#14860=CARTESIAN_POINT('Ctrl Pts',(17.8677130079017,0.,6.85491205347089));
#14861=CARTESIAN_POINT('Ctrl Pts',(17.8677130079017,4.,6.85491205347089));
#14862=CARTESIAN_POINT('Ctrl Pts',(18.8895011110272,0.,5.870612347725));
#14863=CARTESIAN_POINT('Ctrl Pts',(18.8895011110272,4.,5.870612347725));
#14864=CARTESIAN_POINT('Ctrl Pts',(19.7009855629238,0.,4.53650949332164));
#14865=CARTESIAN_POINT('Ctrl Pts',(19.7009855629238,4.,4.53650949332164));
#14866=CARTESIAN_POINT('Ctrl Pts',(20.3894548407695,0.,3.4046469830833));
#14867=CARTESIAN_POINT('Ctrl Pts',(20.3894548407695,4.,3.4046469830833));
#14868=CARTESIAN_POINT('Ctrl Pts',(20.899992893469,0.,1.986089649329));
#14869=CARTESIAN_POINT('Ctrl Pts',(20.899992893469,4.,1.986089649329));
#14870=CARTESIAN_POINT('Ctrl Pts',(20.9862407255357,0.,0.480640950927758));
#14871=CARTESIAN_POINT('Ctrl Pts',(20.9862407255357,4.,0.480640950927758));
#14872=CARTESIAN_POINT('Ctrl Pts',(21.0717844689259,0.,-1.01251793848905));
#14873=CARTESIAN_POINT('Ctrl Pts',(21.0717844689259,4.,-1.01251793848905));
#14874=CARTESIAN_POINT('Ctrl Pts',(20.7233806361162,0.,-2.5216507278967));
#14875=CARTESIAN_POINT('Ctrl Pts',(20.7233806361162,4.,-2.5216507278967));
#14876=CARTESIAN_POINT('Ctrl Pts',(20.1285091292315,0.,-3.75172819401238));
#14877=CARTESIAN_POINT('Ctrl Pts',(20.1285091292315,4.,-3.75172819401238));
#14878=CARTESIAN_POINT('Ctrl Pts',(19.3791247578732,0.,-5.30130792341402));
#14879=CARTESIAN_POINT('Ctrl Pts',(19.3791247578732,4.,-5.30130792341402));
#14880=CARTESIAN_POINT('Ctrl Pts',(18.3159232940409,0.,-6.44060718323604));
#14881=CARTESIAN_POINT('Ctrl Pts',(18.3159232940409,4.,-6.44060718323604));
#14882=CARTESIAN_POINT('Ctrl Pts',(17.2016689427063,0.,-7.33871069830413));
#14883=CARTESIAN_POINT('Ctrl Pts',(17.2016689427063,4.,-7.33871069830413));
#14884=CARTESIAN_POINT('Ctrl Pts',(15.5101375623196,0.,-8.70210701509113));
#14885=CARTESIAN_POINT('Ctrl Pts',(15.5101375623196,4.,-8.70210701509113));
#14886=CARTESIAN_POINT('Ctrl Pts',(13.6329636435586,0.,-9.58172945408655));
#14887=CARTESIAN_POINT('Ctrl Pts',(13.6329636435586,4.,-9.58172945408655));
#14888=CARTESIAN_POINT('Ctrl Pts',(11.5923657980843,0.,-10.2704900418607));
#14889=CARTESIAN_POINT('Ctrl Pts',(11.5923657980843,4.,-10.2704900418607));
#14890=CARTESIAN_POINT('Ctrl Pts',(8.09902588977913,0.,-11.4495929473527));
#14891=CARTESIAN_POINT('Ctrl Pts',(8.09902588977913,4.,-11.4495929473527));
#14892=CARTESIAN_POINT('Ctrl Pts',(4.0687857937466,0.,-11.9994971851748));
#14893=CARTESIAN_POINT('Ctrl Pts',(4.0687857937466,4.,-11.9994971851748));
#14894=CARTESIAN_POINT('Ctrl Pts',(0.00537922458305671,0.,-11.9999996674016));
#14895=CARTESIAN_POINT('Ctrl Pts',(0.00537922458305671,4.,-11.9999996674016));
#14896=CARTESIAN_POINT('Ctrl Pts',(-3.68107143167805,0.,-12.0004555351332));
#14897=CARTESIAN_POINT('Ctrl Pts',(-3.68107143167805,4.,-12.0004555351332));
#14898=CARTESIAN_POINT('Ctrl Pts',(-7.34771296798176,0.,-11.5429599002077));
#14899=CARTESIAN_POINT('Ctrl Pts',(-7.34771296798176,4.,-11.5429599002077));
#14900=CARTESIAN_POINT('Ctrl Pts',(-10.5982381490362,0.,-10.5843905622622));
#14901=CARTESIAN_POINT('Ctrl Pts',(-10.5982381490362,4.,-10.5843905622622));
#14902=CARTESIAN_POINT('Ctrl Pts',(-12.7233132713365,0.,-9.95771279802262));
#14903=CARTESIAN_POINT('Ctrl Pts',(-12.7233132713365,4.,-9.95771279802262));
#14904=CARTESIAN_POINT('Ctrl Pts',(-14.6796502647957,0.,-9.1391524060551));
#14905=CARTESIAN_POINT('Ctrl Pts',(-14.6796502647957,4.,-9.1391524060551));
#14906=CARTESIAN_POINT('Ctrl Pts',(-16.4537216796516,0.,-7.89970769458572));
#14907=CARTESIAN_POINT('Ctrl Pts',(-16.4537216796516,4.,-7.89970769458572));
#14908=CARTESIAN_POINT('Ctrl Pts',(-17.563734357154,0.,-7.12420377108319));
#14909=CARTESIAN_POINT('Ctrl Pts',(-17.563734357154,4.,-7.12420377108319));
#14910=CARTESIAN_POINT('Ctrl Pts',(-18.6233430836632,0.,-6.1710981382906));
#14911=CARTESIAN_POINT('Ctrl Pts',(-18.6233430836632,4.,-6.1710981382906));
#14912=CARTESIAN_POINT('Ctrl Pts',(-19.4919593170779,0.,-4.86496590476098));
#14913=CARTESIAN_POINT('Ctrl Pts',(-19.4919593170779,4.,-4.86496590476098));
#14914=CARTESIAN_POINT('Ctrl Pts',(-20.2212902856782,0.,-3.76827596235081));
#14915=CARTESIAN_POINT('Ctrl Pts',(-20.2212902856782,4.,-3.76827596235081));
#14916=CARTESIAN_POINT('Ctrl Pts',(-20.7969198842019,0.,-2.38443772126365));
#14917=CARTESIAN_POINT('Ctrl Pts',(-20.7969198842019,4.,-2.38443772126365));
#14918=CARTESIAN_POINT('Ctrl Pts',(-20.9546033693019,0.,-0.872411880439956));
#14919=CARTESIAN_POINT('Ctrl Pts',(-20.9546033693019,4.,-0.872411880439956));
#14920=CARTESIAN_POINT('Ctrl Pts',(-20.9847172502758,0.,-0.583650085435282));
#14921=CARTESIAN_POINT('Ctrl Pts',(-20.9847172502758,4.,-0.583650085435282));
#14922=CARTESIAN_POINT('Ctrl Pts',(-21.0000002235174,0.,-0.291832268324024));
#14923=CARTESIAN_POINT('Ctrl Pts',(-21.0000002235174,4.,-0.291832268324024));
#14924=CARTESIAN_POINT('Ctrl Pts',(-21.0000002235174,0.,-2.57175830558243E-15));
#14925=CARTESIAN_POINT('Ctrl Pts',(-21.0000002235174,4.,-2.57175830558243E-15));
#14926=CARTESIAN_POINT('',(-13.1,4.,9.70550484762882));
#14927=CARTESIAN_POINT('Ctrl Pts',(-13.1000155546661,4.,9.71273819103451));
#14928=CARTESIAN_POINT('Ctrl Pts',(-13.069480182432,4.,9.72531565082947));
#14929=CARTESIAN_POINT('Ctrl Pts',(-13.0389035723959,4.,9.73782590284966));
#14930=CARTESIAN_POINT('Ctrl Pts',(-13.0082857811727,4.,9.75026985085385));
#14931=CARTESIAN_POINT('',(-21.0000002235174,4.,2.57175830558243E-15));
#14932=CARTESIAN_POINT('Ctrl Pts',(-21.0000002235174,4.,2.57175830558243E-15));
#14933=CARTESIAN_POINT('Ctrl Pts',(-21.0000002235174,4.,1.50984290975669));
#14934=CARTESIAN_POINT('Ctrl Pts',(-20.5631870321265,4.,2.9826768055663));
#14935=CARTESIAN_POINT('Ctrl Pts',(-19.914714966032,4.,4.16655921812667));
#14936=CARTESIAN_POINT('Ctrl Pts',(-19.0686101819344,4.,5.71124961490661));
#14937=CARTESIAN_POINT('Ctrl Pts',(-17.9321109223958,4.,6.81549263201784));
#14938=CARTESIAN_POINT('Ctrl Pts',(-16.7448226272667,4.,7.69080279484951));
#14939=CARTESIAN_POINT('Ctrl Pts',(-15.606325235819,4.,8.53014260909666));
#14940=CARTESIAN_POINT('Ctrl Pts',(-14.3899668252086,4.,9.18140979856229));
#14941=CARTESIAN_POINT('Ctrl Pts',(-13.1000155546661,4.,9.71273819103451));
#14942=CARTESIAN_POINT('',(-21.0000002235174,0.,2.57175830558243E-15));
#14943=CARTESIAN_POINT('Origin',(-13.105736939043,22.,5.98646270945641));
#14944=CARTESIAN_POINT('',(-13.105736939043,16.,-5.98646270945641));
#14945=CARTESIAN_POINT('Ctrl Pts',(-13.105736939043,16.,-5.98646270945641));
#14946=CARTESIAN_POINT('Ctrl Pts',(-13.105736939043,16.6666666666667,-5.98646270945641));
#14947=CARTESIAN_POINT('Ctrl Pts',(-13.105736939043,17.3333333333333,-5.98646270945641));
#14948=CARTESIAN_POINT('Ctrl Pts',(-13.105736939043,18.,-5.98646270945641));
#14949=CARTESIAN_POINT('Ctrl Pts',(-13.105736939043,18.,-3.65043331187002));
#14950=CARTESIAN_POINT('Ctrl Pts',(-13.105736939043,18.,-4.0063390017303));
#14951=CARTESIAN_POINT('Ctrl Pts',(-13.1057369390552,17.9339876217261,-4.36155995998317));
#14952=CARTESIAN_POINT('Ctrl Pts',(-13.1057369390552,17.681345650399,-4.96687972986302));
#14953=CARTESIAN_POINT('Ctrl Pts',(-13.1057369390895,17.5158042463036,-5.22159052900532));
#14954=CARTESIAN_POINT('Ctrl Pts',(-13.1057369390895,17.1267905189075,-5.60670037112563));
#14955=CARTESIAN_POINT('Ctrl Pts',(-13.1057369390383,16.9218804671317,-5.74758109304738));
#14956=CARTESIAN_POINT('Ctrl Pts',(-13.1057369390383,16.5843628286664,-5.89076832238845));
#14957=CARTESIAN_POINT('Ctrl Pts',(-13.105736939043,16.4700304332846,-5.92657400359413));
#14958=CARTESIAN_POINT('Ctrl Pts',(-13.105736939043,16.2366439464449,-5.97441067284246));
#14959=CARTESIAN_POINT('Ctrl Pts',(-13.105736939043,16.1185696525751,-5.98646270945641));
#14960=CARTESIAN_POINT('Ctrl Pts',(-13.105736939043,16.,-5.98646270945641));
#14961=CARTESIAN_POINT('Origin',(-13.105736939043,22.,5.98646270945641));
#14962=CARTESIAN_POINT('',(-13.105736939043,16.,5.98646270945641));
#14963=CARTESIAN_POINT('Ctrl Pts',(-13.105736939043,16.,5.98646270945641));
#14964=CARTESIAN_POINT('Ctrl Pts',(-13.105736939043,16.229507390865,5.98646270945641));
#14965=CARTESIAN_POINT('Ctrl Pts',(-13.105736939043,16.4554641368376,5.94134008696135));
#14966=CARTESIAN_POINT('Ctrl Pts',(-13.105736939043,16.8938979714017,5.76331867329405));
#14967=CARTESIAN_POINT('Ctrl Pts',(-13.105736939044,17.0983268896633,5.62797906640409));
#14968=CARTESIAN_POINT('Ctrl Pts',(-13.105736939044,17.4754181592432,5.26832871632549));
#14969=CARTESIAN_POINT('Ctrl Pts',(-13.1057369390584,17.6357568405133,5.03865481680103));
#14970=CARTESIAN_POINT('Ctrl Pts',(-13.1057369390584,17.8356466347396,4.61291329489548));
#14971=CARTESIAN_POINT('Ctrl Pts',(-13.1057369390451,17.896676008614,4.42924367806391));
#14972=CARTESIAN_POINT('Ctrl Pts',(-13.1057369390451,17.9794907647323,4.04715402939749));
#14973=CARTESIAN_POINT('Ctrl Pts',(-13.105736939043,18.,3.84881289568391));
#14974=CARTESIAN_POINT('Ctrl Pts',(-13.105736939043,18.,3.65043331187003));
#14975=CARTESIAN_POINT('Ctrl Pts',(-13.105736939043,18.,5.98646270945641));
#14976=CARTESIAN_POINT('Ctrl Pts',(-13.105736939043,17.3333333333333,5.98646270945641));
#14977=CARTESIAN_POINT('Ctrl Pts',(-13.105736939043,16.6666666666667,5.98646270945641));
#14978=CARTESIAN_POINT('Ctrl Pts',(-13.105736939043,16.,5.98646270945641));
#14979=CARTESIAN_POINT('Origin',(0.,22.,0.));
#14980=CARTESIAN_POINT('Ctrl Pts',(13.1,16.,5.98963817306821));
#14981=CARTESIAN_POINT('Ctrl Pts',(13.9396921418796,16.,5.52506281954888));
#14982=CARTESIAN_POINT('Ctrl Pts',(15.3058386314353,16.,4.62666834317633));
#14983=CARTESIAN_POINT('Ctrl Pts',(16.8133429126203,16.,3.10657691745224));
#14984=CARTESIAN_POINT('Ctrl Pts',(17.5752889751844,16.,1.86504445703454));
#14985=CARTESIAN_POINT('Ctrl Pts',(17.9149986003083,16.,0.91683241159385));
#14986=CARTESIAN_POINT('Ctrl Pts',(18.0000003278255,16.,0.31038907486777));
#14987=CARTESIAN_POINT('Ctrl Pts',(18.0000003278255,16.,7.63049183191992E-16));
#14988=CARTESIAN_POINT('Ctrl Pts',(13.1,16.5983986006838,5.98963817306821));
#14989=CARTESIAN_POINT('Ctrl Pts',(13.9400021431016,16.5983986006838,5.52489130558546));
#14990=CARTESIAN_POINT('Ctrl Pts',(15.3049271305262,16.5983986006838,4.62868579373682));
#14991=CARTESIAN_POINT('Ctrl Pts',(16.8128667174954,16.5983986006838,3.10876966407593));
#14992=CARTESIAN_POINT('Ctrl Pts',(17.5748997097484,16.5983986006838,1.86734065459883));
#14993=CARTESIAN_POINT('Ctrl Pts',(17.9150243572223,16.5983986006838,0.918019455216958));
#14994=CARTESIAN_POINT('Ctrl Pts',(18.0000003278255,16.5983986006838,0.310937370385326));
#14995=CARTESIAN_POINT('Ctrl Pts',(18.0000003278255,16.5983986006838,7.63049183191992E-16));
#14996=CARTESIAN_POINT('Ctrl Pts',(12.8571397109483,17.6347812072329,5.55068273828994));
#14997=CARTESIAN_POINT('Ctrl Pts',(13.6728174093797,17.6347812072329,5.09939382392859));
#14998=CARTESIAN_POINT('Ctrl Pts',(14.9944684555114,17.6347812072329,4.22891378957112));
#14999=CARTESIAN_POINT('Ctrl Pts',(16.4242473653089,17.6347812072329,2.78277185533726));
#15000=CARTESIAN_POINT('Ctrl Pts',(17.1239670672472,17.6347812072329,1.63790526230577));
#15001=CARTESIAN_POINT('Ctrl Pts',(17.4252650419658,17.6347812072329,0.793036112343767));
#15002=CARTESIAN_POINT('Ctrl Pts',(17.4983400904939,17.6347812072329,0.267915011012206));
#15003=CARTESIAN_POINT('Ctrl Pts',(17.4983400904939,17.6347812072329,6.59081142530685E-16));
#15004=CARTESIAN_POINT('Ctrl Pts',(12.3490432623092,18.,4.63232882216589));
#15005=CARTESIAN_POINT('Ctrl Pts',(13.1147453441858,18.,4.20868985064707));
#15006=CARTESIAN_POINT('Ctrl Pts',(14.3422584540748,18.,3.39848769014418));
#15007=CARTESIAN_POINT('Ctrl Pts',(15.6097987011044,18.,2.10720837775256));
#15008=CARTESIAN_POINT('Ctrl Pts',(16.1794070166924,18.,1.16466851657764));
#15009=CARTESIAN_POINT('Ctrl Pts',(16.4006985365954,18.,0.535055497467168));
#15010=CARTESIAN_POINT('Ctrl Pts',(16.4487992783384,18.,0.17952372543657));
#15011=CARTESIAN_POINT('Ctrl Pts',(16.4487992783384,18.,4.41565992407788E-16));
#15012=CARTESIAN_POINT('Ctrl Pts',(12.1317738143111,18.,4.23962730071733));
#15013=CARTESIAN_POINT('Ctrl Pts',(12.8761374514639,18.,3.82779422210462));
#15014=CARTESIAN_POINT('Ctrl Pts',(14.0632702793506,18.,3.0435927090488));
#15015=CARTESIAN_POINT('Ctrl Pts',(15.2614796436077,18.,1.81855292557878));
#15016=CARTESIAN_POINT('Ctrl Pts',(15.7754593671169,18.,0.962541555459547));
#15017=CARTESIAN_POINT('Ctrl Pts',(15.9625816106369,18.,0.42486121300844));
#15018=CARTESIAN_POINT('Ctrl Pts',(16.0000003278255,18.,0.141782669070474));
#15019=CARTESIAN_POINT('Ctrl Pts',(16.0000003278255,18.,3.48553343480581E-16));
#15020=CARTESIAN_POINT('',(13.1,16.,5.98963817306821));
#15021=CARTESIAN_POINT('Ctrl Pts',(13.1,16.,5.98963817306821));
#15022=CARTESIAN_POINT('Ctrl Pts',(13.1,16.2295488014603,5.98963817306821));
#15023=CARTESIAN_POINT('Ctrl Pts',(13.1,16.4555480761799,5.94450853008219));
#15024=CARTESIAN_POINT('Ctrl Pts',(13.1,16.894028883531,5.76646882961213));
#15025=CARTESIAN_POINT('Ctrl Pts',(13.1000000000012,17.0984689016599,5.63112878784663));
#15026=CARTESIAN_POINT('Ctrl Pts',(13.1000000000012,17.4755277890576,5.27151898796691));
#15027=CARTESIAN_POINT('Ctrl Pts',(13.1000000000186,17.6358422499721,5.04190420027021));
#15028=CARTESIAN_POINT('Ctrl Pts',(13.1000000000186,17.8356985637638,4.61627316259066));
#15029=CARTESIAN_POINT('Ctrl Pts',(13.1000000000025,17.8967168436946,4.43265629275788));
#15030=CARTESIAN_POINT('Ctrl Pts',(13.1000000000025,17.9794995364072,4.05072855501599));
#15031=CARTESIAN_POINT('Ctrl Pts',(13.1,17.9999999980912,3.85250032449596));
#15032=CARTESIAN_POINT('Ctrl Pts',(13.1,18.,3.65423291985532));
#15033=CARTESIAN_POINT('',(18.0000003278255,16.,3.49318187786762E-16));
#15034=CARTESIAN_POINT('Origin',(16.0000003278255,16.,3.48553343480581E-16));
#15035=CARTESIAN_POINT('Ctrl Pts',(18.0000003278255,16.,7.63049183191992E-16));
#15036=CARTESIAN_POINT('Ctrl Pts',(18.0000003278255,16.,0.31038907486777));
#15037=CARTESIAN_POINT('Ctrl Pts',(17.9149986003083,16.,0.91683241159385));
#15038=CARTESIAN_POINT('Ctrl Pts',(17.5752889751844,16.,1.86504445703454));
#15039=CARTESIAN_POINT('Ctrl Pts',(16.8133429126203,16.,3.10657691745224));
#15040=CARTESIAN_POINT('Ctrl Pts',(15.3058386314353,16.,4.62666834317633));
#15041=CARTESIAN_POINT('Ctrl Pts',(13.9396921418796,16.,5.52506281954888));
#15042=CARTESIAN_POINT('Ctrl Pts',(13.1,16.,5.98963817306821));
#15043=CARTESIAN_POINT('Ctrl Pts',(18.0000003278255,16.,-7.63049183191992E-16));
#15044=CARTESIAN_POINT('Ctrl Pts',(18.0000003278255,16.,-0.310389074867771));
#15045=CARTESIAN_POINT('Ctrl Pts',(17.9152323090491,16.,-0.917661433210664));
#15046=CARTESIAN_POINT('Ctrl Pts',(17.5749580214481,16.,-1.86374863908908));
#15047=CARTESIAN_POINT('Ctrl Pts',(17.0324735589849,16.,-2.75698378509317));
#15048=CARTESIAN_POINT('Ctrl Pts',(15.5854268149917,16.,-4.45556569285871));
#15049=CARTESIAN_POINT('Ctrl Pts',(14.2195895225061,16.,-5.3702043683758));
#15050=CARTESIAN_POINT('Ctrl Pts',(13.1,16.,-5.98963817306821));
#15051=CARTESIAN_POINT('Ctrl Pts',(18.0000003278255,16.5983986006838,-7.63049183191992E-16));
#15052=CARTESIAN_POINT('Ctrl Pts',(18.0000003278255,16.5983986006838,-0.310937370385327));
#15053=CARTESIAN_POINT('Ctrl Pts',(17.9152459937822,16.5983986006838,-0.918859775481999));
#15054=CARTESIAN_POINT('Ctrl Pts',(17.5745726076309,16.5983986006838,-1.86601731547032));
#15055=CARTESIAN_POINT('Ctrl Pts',(17.0319712426133,16.5983986006838,-2.759252682349));
#15056=CARTESIAN_POINT('Ctrl Pts',(15.5840762932089,16.5983986006838,-4.45850179352093));
#15057=CARTESIAN_POINT('Ctrl Pts',(14.2200028574688,16.5983986006838,-5.36997568309123));
#15058=CARTESIAN_POINT('Ctrl Pts',(13.1,16.5983986006838,-5.98963817306821));
#15059=CARTESIAN_POINT('Ctrl Pts',(17.4983400904939,17.6347812072329,-6.59081142530685E-16));
#15060=CARTESIAN_POINT('Ctrl Pts',(17.4983400904939,17.6347812072329,-0.267915011012207));
#15061=CARTESIAN_POINT('Ctrl Pts',(17.4255330569509,17.6347812072329,-0.793684756630696));
#15062=CARTESIAN_POINT('Ctrl Pts',(17.1235807259715,17.6347812072329,-1.6368882127981));
#15063=CARTESIAN_POINT('Ctrl Pts',(16.6258058868524,17.6347812072329,-2.45969283153361));
#15064=CARTESIAN_POINT('Ctrl Pts',(15.2653980210578,17.6347812072329,-4.05854137539467));
#15065=CARTESIAN_POINT('Ctrl Pts',(13.9447099755235,17.6347812072329,-4.94896418580817));
#15066=CARTESIAN_POINT('Ctrl Pts',(12.8571397109483,17.6347812072329,-5.55068273828995));
#15067=CARTESIAN_POINT('Ctrl Pts',(16.4487992783384,18.,-4.41565992407788E-16));
#15068=CARTESIAN_POINT('Ctrl Pts',(16.4487992783384,18.,-0.17952372543657));
#15069=CARTESIAN_POINT('Ctrl Pts',(16.4010279726247,18.,-0.535336456990117));
#15070=CARTESIAN_POINT('Ctrl Pts',(16.1789081000948,18.,-1.16421108800041));
#15071=CARTESIAN_POINT('Ctrl Pts',(15.7745715700673,18.,-1.83966574301232));
#15072=CARTESIAN_POINT('Ctrl Pts',(14.5946965510583,18.,-3.23043079717884));
#15073=CARTESIAN_POINT('Ctrl Pts',(13.369979371478,18.,-4.06747686014082));
#15074=CARTESIAN_POINT('Ctrl Pts',(12.3490432623092,18.,-4.63232882216589));
#15075=CARTESIAN_POINT('Ctrl Pts',(16.0000003278255,18.,-3.48553343480581E-16));
#15076=CARTESIAN_POINT('Ctrl Pts',(16.0000003278255,18.,-0.141782669070474));
#15077=CARTESIAN_POINT('Ctrl Pts',(15.9629360705971,18.,-0.424986106277152));
#15078=CARTESIAN_POINT('Ctrl Pts',(15.774912707484,18.,-0.962320600723204));
#15079=CARTESIAN_POINT('Ctrl Pts',(15.4105197469384,18.,-1.57476628601371));
#15080=CARTESIAN_POINT('Ctrl Pts',(14.3077560386499,18.,-2.87662037219267));
#15081=CARTESIAN_POINT('Ctrl Pts',(13.1242586638481,18.,-3.69051652923374));
#15082=CARTESIAN_POINT('Ctrl Pts',(12.1317738143111,18.,-4.23962730071734));
#15083=CARTESIAN_POINT('',(13.1,16.,-5.98963817306821));
#15084=CARTESIAN_POINT('Ctrl Pts',(13.1,18.,-3.65423289216458));
#15085=CARTESIAN_POINT('Ctrl Pts',(13.1,18.,-4.00995240694779));
#15086=CARTESIAN_POINT('Ctrl Pts',(13.100000000014,17.9340102593614,-4.36498398769572));
#15087=CARTESIAN_POINT('Ctrl Pts',(13.100000000014,17.6814612159417,-4.9700852867905));
#15088=CARTESIAN_POINT('Ctrl Pts',(13.1000000000545,17.5159437575894,-5.224745924506));
#15089=CARTESIAN_POINT('Ctrl Pts',(13.1000000000545,17.126965601646,-5.60982484101345));
#15090=CARTESIAN_POINT('Ctrl Pts',(13.0999999999965,16.9220497230945,-5.75070866360495));
#15091=CARTESIAN_POINT('Ctrl Pts',(13.0999999999965,16.5845059383074,-5.89391565642451));
#15092=CARTESIAN_POINT('Ctrl Pts',(13.1,16.4701494928473,-5.92973082689703));
#15093=CARTESIAN_POINT('Ctrl Pts',(13.1,16.2367075038399,-5.97758216368256));
#15094=CARTESIAN_POINT('Ctrl Pts',(13.1,16.1186014117523,-5.98963817306821));
#15095=CARTESIAN_POINT('Ctrl Pts',(13.1,16.,-5.98963817306821));
#15096=CARTESIAN_POINT('Ctrl Pts',(13.1,16.,-5.98963817306821));
#15097=CARTESIAN_POINT('Ctrl Pts',(14.2195895225061,16.,-5.3702043683758));
#15098=CARTESIAN_POINT('Ctrl Pts',(15.5854268149917,16.,-4.45556569285871));
#15099=CARTESIAN_POINT('Ctrl Pts',(17.0324735589849,16.,-2.75698378509317));
#15100=CARTESIAN_POINT('Ctrl Pts',(17.5749580214481,16.,-1.86374863908908));
#15101=CARTESIAN_POINT('Ctrl Pts',(17.9152323090491,16.,-0.917661433210664));
#15102=CARTESIAN_POINT('Ctrl Pts',(18.0000003278255,16.,-0.310389074867771));
#15103=CARTESIAN_POINT('Ctrl Pts',(18.0000003278255,16.,-7.63049183191992E-16));
#15104=CARTESIAN_POINT('Ctrl Pts',(-13.1,16.,-5.98963817306822));
#15105=CARTESIAN_POINT('Ctrl Pts',(-13.4749004298633,16.,-5.78221751131423));
#15106=CARTESIAN_POINT('Ctrl Pts',(-13.8455983350687,16.,-5.55943032304435));
#15107=CARTESIAN_POINT('Ctrl Pts',(-14.2105353688943,16.,-5.31759270119013));
#15108=CARTESIAN_POINT('Ctrl Pts',(-13.1,16.5983986006838,-5.98963817306822));
#15109=CARTESIAN_POINT('Ctrl Pts',(-13.4750388372457,16.5983986006838,-5.78214093484601));
#15110=CARTESIAN_POINT('Ctrl Pts',(-13.8454395531012,16.5983986006838,-5.55953554517814));
#15111=CARTESIAN_POINT('Ctrl Pts',(-14.2105353688943,16.5983986006838,-5.31759270119013));
#15112=CARTESIAN_POINT('Ctrl Pts',(-12.8571420391352,17.6347852132764,-5.55068694634846));
#15113=CARTESIAN_POINT('Ctrl Pts',(-13.2213206523676,17.6347852132764,-5.34919832980872));
#15114=CARTESIAN_POINT('Ctrl Pts',(-13.5807844173192,17.6347852132764,-5.13310944435432));
#15115=CARTESIAN_POINT('Ctrl Pts',(-13.93342130422,17.6347852132764,-4.89942292256678));
#15116=CARTESIAN_POINT('Ctrl Pts',(-12.3490432623092,18.,-4.6323288221659));
#15117=CARTESIAN_POINT('Ctrl Pts',(-12.6909090787502,18.,-4.44318517700359));
#15118=CARTESIAN_POINT('Ctrl Pts',(-13.0266136447105,18.,-4.24126655713676));
#15119=CARTESIAN_POINT('Ctrl Pts',(-13.3536531269657,18.,-4.02454300400226));
#15120=CARTESIAN_POINT('Ctrl Pts',(-12.1317738143111,18.,-4.23962730071734));
#15121=CARTESIAN_POINT('Ctrl Pts',(-12.4641125770849,18.,-4.05575467585482));
#15122=CARTESIAN_POINT('Ctrl Pts',(-12.78962696285,18.,-3.85991406553734));
#15123=CARTESIAN_POINT('Ctrl Pts',(-13.105736939043,18.,-3.65043331187002));
#15124=CARTESIAN_POINT('',(-13.1,16.,-5.98963817306821));
#15125=CARTESIAN_POINT('Ctrl Pts',(-13.1,16.,-5.98963817306821));
#15126=CARTESIAN_POINT('Ctrl Pts',(-13.1,16.2295524627118,-5.98963817306821));
#15127=CARTESIAN_POINT('Ctrl Pts',(-13.1,16.4555552306582,-5.94450709255461));
#15128=CARTESIAN_POINT('Ctrl Pts',(-13.1,16.8940568588889,-5.76645591429212));
#15129=CARTESIAN_POINT('Ctrl Pts',(-13.100000000001,17.0985109026362,-5.63110017277666));
#15130=CARTESIAN_POINT('Ctrl Pts',(-13.100000000001,17.4756037736896,-5.27143351846009));
#15131=CARTESIAN_POINT('Ctrl Pts',(-13.1000000000155,17.6359298216406,-5.04177170656478));
#15132=CARTESIAN_POINT('Ctrl Pts',(-13.1000000000155,17.8357469624576,-4.61613264156711));
#15133=CARTESIAN_POINT('Ctrl Pts',(-13.1000000000022,17.8967397257603,-4.43256456479162));
#15134=CARTESIAN_POINT('Ctrl Pts',(-13.1000000000022,17.9795023565677,-4.05070129324663));
#15135=CARTESIAN_POINT('Ctrl Pts',(-13.1,18.,-3.85248665893945));
#15136=CARTESIAN_POINT('Ctrl Pts',(-13.1,18.,-3.65423289216457));
#15137=CARTESIAN_POINT('Ctrl Pts',(-13.1057369446711,16.,-5.98646271962008));
#15138=CARTESIAN_POINT('Ctrl Pts',(-13.1038247392757,16.,-5.98752160429283));
#15139=CARTESIAN_POINT('Ctrl Pts',(-13.1019124243164,16.,-5.98858008861254));
#15140=CARTESIAN_POINT('Ctrl Pts',(-13.1,16.,-5.98963817306822));
#15141=CARTESIAN_POINT('Ctrl Pts',(-14.2105353688943,16.,5.31759270119013));
#15142=CARTESIAN_POINT('Ctrl Pts',(-13.8455983344843,16.,5.55943032343156));
#15143=CARTESIAN_POINT('Ctrl Pts',(-13.4749004286032,16.,5.78221751207235));
#15144=CARTESIAN_POINT('Ctrl Pts',(-13.0999999980806,16.,5.98963817413018));
#15145=CARTESIAN_POINT('Ctrl Pts',(-14.2105353688943,16.5983986006838,5.31759270119013));
#15146=CARTESIAN_POINT('Ctrl Pts',(-13.8454395525167,16.5983986006838,5.55953554556552));
#15147=CARTESIAN_POINT('Ctrl Pts',(-13.4750388359859,16.5983986006838,5.78214093560404));
#15148=CARTESIAN_POINT('Ctrl Pts',(-13.0999999980806,16.5983986006838,5.98963817413018));
#15149=CARTESIAN_POINT('Ctrl Pts',(-13.93342130422,17.6347852132764,4.89942292256678));
#15150=CARTESIAN_POINT('Ctrl Pts',(-13.5807844167546,17.6347852132764,5.13310944472848));
#15151=CARTESIAN_POINT('Ctrl Pts',(-13.221320651146,17.6347852132764,5.34919833054379));
#15152=CARTESIAN_POINT('Ctrl Pts',(-12.8571420372704,17.6347852132764,5.55068694738017));
#15153=CARTESIAN_POINT('Ctrl Pts',(-13.3536531269657,18.,4.02454300400227));
#15154=CARTESIAN_POINT('Ctrl Pts',(-13.0266136441868,18.,4.24126655748377));
#15155=CARTESIAN_POINT('Ctrl Pts',(-12.6909090776094,18.,4.44318517769037));
#15156=CARTESIAN_POINT('Ctrl Pts',(-12.3490432605588,18.,4.63232882313434));
#15157=CARTESIAN_POINT('Ctrl Pts',(-13.105736939043,18.,3.65043331187003));
#15158=CARTESIAN_POINT('Ctrl Pts',(-12.7896269623439,18.,3.85991406587275));
#15159=CARTESIAN_POINT('Ctrl Pts',(-12.4641125759786,18.,4.05575467652094));
#15160=CARTESIAN_POINT('Ctrl Pts',(-12.1317738126095,18.,4.23962730165873));
#15161=CARTESIAN_POINT('',(-13.0999999980964,16.,5.98963817415871));
#15162=CARTESIAN_POINT('Ctrl Pts',(-13.1,18.,3.65423289216457));
#15163=CARTESIAN_POINT('Ctrl Pts',(-13.1,18.,4.00995806893103));
#15164=CARTESIAN_POINT('Ctrl Pts',(-13.100000000012,17.9340081586289,4.36499525953931));
#15165=CARTESIAN_POINT('Ctrl Pts',(-13.100000000012,17.6814513105913,4.9701037314275));
#15166=CARTESIAN_POINT('Ctrl Pts',(-13.1000000000463,17.5159291294589,5.22476620561504));
#15167=CARTESIAN_POINT('Ctrl Pts',(-13.1000000000463,17.1269319180884,5.6098534032832));
#15168=CARTESIAN_POINT('Ctrl Pts',(-13.0999999999953,16.9219995593031,5.75074074666246));
#15169=CARTESIAN_POINT('Ctrl Pts',(-13.0999999999953,16.5844451404553,5.89393621390774));
#15170=CARTESIAN_POINT('Ctrl Pts',(-13.1,16.4700971001847,5.92974460476733));
#15171=CARTESIAN_POINT('Ctrl Pts',(-13.1,16.2366781799391,5.97758516268863));
#15172=CARTESIAN_POINT('Ctrl Pts',(-13.1,16.1185866576452,5.98963817306821));
#15173=CARTESIAN_POINT('Ctrl Pts',(-13.1,16.,5.98963817306821));
#15174=CARTESIAN_POINT('Ctrl Pts',(-13.0999999980806,16.,5.98963817413018));
#15175=CARTESIAN_POINT('Ctrl Pts',(-13.1019124230369,16.,5.98858008932078));
#15176=CARTESIAN_POINT('Ctrl Pts',(-13.103824738636,16.,5.98752160464708));
#15177=CARTESIAN_POINT('Ctrl Pts',(-13.1057369446711,16.,5.98646271962008));
#15178=CARTESIAN_POINT('Ctrl Pts',(-13.1,4.,5.98963817306821));
#15179=CARTESIAN_POINT('Ctrl Pts',(-13.1,22.,5.98963817306821));
#15180=CARTESIAN_POINT('Ctrl Pts',(-13.881031803827,4.,5.55751774669322));
#15181=CARTESIAN_POINT('Ctrl Pts',(-13.881031803827,22.,5.55751774669322));
#15182=CARTESIAN_POINT('Ctrl Pts',(-14.5746045145342,4.,5.09535242671042));
#15183=CARTESIAN_POINT('Ctrl Pts',(-14.5746045145342,22.,5.09535242671042));
#15184=CARTESIAN_POINT('Ctrl Pts',(-15.167443929972,4.,4.62405577931117));
#15185=CARTESIAN_POINT('Ctrl Pts',(-15.167443929972,22.,4.62405577931117));
#15186=CARTESIAN_POINT('Ctrl Pts',(-16.5568556724008,4.,3.51949849278148));
#15187=CARTESIAN_POINT('Ctrl Pts',(-16.5568556724008,22.,3.51949849278148));
#15188=CARTESIAN_POINT('Ctrl Pts',(-17.3660525847369,4.,2.38036761311007));
#15189=CARTESIAN_POINT('Ctrl Pts',(-17.3660525847369,22.,2.38036761311007));
#15190=CARTESIAN_POINT('Ctrl Pts',(-17.7292029825463,4.,1.41982050657968));
#15191=CARTESIAN_POINT('Ctrl Pts',(-17.7292029825463,22.,1.41982050657968));
#15192=CARTESIAN_POINT('Ctrl Pts',(-18.0644276062515,4.,0.533138172538171));
#15193=CARTESIAN_POINT('Ctrl Pts',(-18.0644276062515,22.,0.533138172538171));
#15194=CARTESIAN_POINT('Ctrl Pts',(-18.0913242601389,4.,-0.210388661133149));
#15195=CARTESIAN_POINT('Ctrl Pts',(-18.0913242601389,22.,-0.210388661133149));
#15196=CARTESIAN_POINT('Ctrl Pts',(-17.8467084344515,4.,-1.06599366073818));
#15197=CARTESIAN_POINT('Ctrl Pts',(-17.8467084344515,22.,-1.06599366073818));
#15198=CARTESIAN_POINT('Ctrl Pts',(-17.5944661584147,4.,-1.94827407690646));
#15199=CARTESIAN_POINT('Ctrl Pts',(-17.5944661584147,22.,-1.94827407690646));
#15200=CARTESIAN_POINT('Ctrl Pts',(-16.9820039856444,4.,-2.98627085166207));
#15201=CARTESIAN_POINT('Ctrl Pts',(-16.9820039856444,22.,-2.98627085166207));
#15202=CARTESIAN_POINT('Ctrl Pts',(-15.8400029184744,4.,-4.04704263235001));
#15203=CARTESIAN_POINT('Ctrl Pts',(-15.8400029184744,22.,-4.04704263235001));
#15204=CARTESIAN_POINT('Ctrl Pts',(-15.1206857746309,4.,-4.71519553473312));
#15205=CARTESIAN_POINT('Ctrl Pts',(-15.1206857746309,22.,-4.71519553473312));
#15206=CARTESIAN_POINT('Ctrl Pts',(-14.196660276964,4.,-5.38289040153293));
#15207=CARTESIAN_POINT('Ctrl Pts',(-14.196660276964,22.,-5.38289040153293));
#15208=CARTESIAN_POINT('Ctrl Pts',(-13.1,4.,-5.98963817306821));
#15209=CARTESIAN_POINT('Ctrl Pts',(-13.1,22.,-5.98963817306821));
#15210=CARTESIAN_POINT('',(-13.1,6.,5.98963817306821));
#15211=CARTESIAN_POINT('',(-13.1,4.,5.98963817306821));
#15212=CARTESIAN_POINT('',(-13.0999999980499,6.,-5.98963817418535));
#15213=CARTESIAN_POINT('Ctrl Pts',(-13.0999999980337,6.,-5.9896381741561));
#15214=CARTESIAN_POINT('Ctrl Pts',(-13.6597947594048,6.,-5.67992127183784));
#15215=CARTESIAN_POINT('Ctrl Pts',(-14.7590810952183,6.,-4.99153310823869));
#15216=CARTESIAN_POINT('Ctrl Pts',(-16.0699499144888,6.,-3.89297875250435));
#15217=CARTESIAN_POINT('Ctrl Pts',(-17.0328469325713,6.,-2.75704841937314));
#15218=CARTESIAN_POINT('Ctrl Pts',(-17.5754202459233,6.,-1.86187282110928));
#15219=CARTESIAN_POINT('Ctrl Pts',(-17.9153753986228,6.,-0.920237062454607));
#15220=CARTESIAN_POINT('Ctrl Pts',(-18.0429954048751,6.,0.0029289524199884));
#15221=CARTESIAN_POINT('Ctrl Pts',(-17.9151687937817,6.,0.919565117342555));
#15222=CARTESIAN_POINT('Ctrl Pts',(-17.6608193915955,6.,1.62663733919954));
#15223=CARTESIAN_POINT('Ctrl Pts',(-17.3572362059436,6.,2.21971465439431));
#15224=CARTESIAN_POINT('Ctrl Pts',(-16.9125715180357,6.,2.89772390397153));
#15225=CARTESIAN_POINT('Ctrl Pts',(-16.0689000951393,6.,3.89281538961686));
#15226=CARTESIAN_POINT('Ctrl Pts',(-14.7600372536859,6.,4.99221420656271));
#15227=CARTESIAN_POINT('Ctrl Pts',(-13.6597947613467,6.,5.67992127067021));
#15228=CARTESIAN_POINT('Ctrl Pts',(-13.1,6.,5.98963817306821));
#15229=CARTESIAN_POINT('',(-13.1,4.,-5.98963817306821));
#15230=CARTESIAN_POINT('Ctrl Pts',(12.1317738143111,4.,4.23962730071733));
#15231=CARTESIAN_POINT('Ctrl Pts',(12.8761374514637,4.,3.82779422210472));
#15232=CARTESIAN_POINT('Ctrl Pts',(14.0632694376271,4.,3.04357736875781));
#15233=CARTESIAN_POINT('Ctrl Pts',(15.2614863364888,4.,1.8185464414262));
#15234=CARTESIAN_POINT('Ctrl Pts',(15.7754625181641,4.,0.962543562065824));
#15235=CARTESIAN_POINT('Ctrl Pts',(15.9625837662957,4.,0.424861633961557));
#15236=CARTESIAN_POINT('Ctrl Pts',(16.0000003278255,4.,0.141782669070474));
#15237=CARTESIAN_POINT('Ctrl Pts',(16.0000003278255,4.,3.46944695195361E-16));
#15238=CARTESIAN_POINT('Ctrl Pts',(12.4214664116419,4.,4.7632293293154));
#15239=CARTESIAN_POINT('Ctrl Pts',(13.1944795853001,4.,4.33554535977932));
#15240=CARTESIAN_POINT('Ctrl Pts',(14.4347155658205,4.,3.51798581754389));
#15241=CARTESIAN_POINT('Ctrl Pts',(15.7256330166923,4.,2.2047739606952));
#15242=CARTESIAN_POINT('Ctrl Pts',(16.3138223961967,4.,1.23349038757913));
#15243=CARTESIAN_POINT('Ctrl Pts',(16.5467628070947,4.,0.572533657003587));
#15244=CARTESIAN_POINT('Ctrl Pts',(16.5983989285093,4.,0.192454767534644));
#15245=CARTESIAN_POINT('Ctrl Pts',(16.5983989285093,4.,4.70961560431638E-16));
#15246=CARTESIAN_POINT('Ctrl Pts',(12.9232673684298,4.50147532765886,5.67020452076825));
#15247=CARTESIAN_POINT('Ctrl Pts',(13.7454877285988,4.50147532765886,5.21529575665712));
#15248=CARTESIAN_POINT('Ctrl Pts',(15.0792565546415,4.50147532765886,4.3373759200283));
#15249=CARTESIAN_POINT('Ctrl Pts',(16.5302104084013,4.50147532765886,2.87105398661976));
#15250=CARTESIAN_POINT('Ctrl Pts',(17.2468621749054,4.50147532765886,1.69984312609827));
#15251=CARTESIAN_POINT('Ctrl Pts',(17.5586213232264,4.50147532765886,0.826792078937501));
#15252=CARTESIAN_POINT('Ctrl Pts',(17.6349355646897,4.50147532765886,0.279486939923805));
#15253=CARTESIAN_POINT('Ctrl Pts',(17.6349355646897,4.50147532765886,6.86184970847215E-16));
#15254=CARTESIAN_POINT('Ctrl Pts',(13.1,5.55120104948717,5.98963817306821));
#15255=CARTESIAN_POINT('Ctrl Pts',(13.9397653617163,5.55120104948717,5.52502230930734));
#15256=CARTESIAN_POINT('Ctrl Pts',(15.3056847758448,5.55120104948717,4.62717622004916));
#15257=CARTESIAN_POINT('Ctrl Pts',(16.8132781617427,5.55120104948717,3.10711587198477));
#15258=CARTESIAN_POINT('Ctrl Pts',(17.5752192521071,5.55120104948717,1.86561400209423));
#15259=CARTESIAN_POINT('Ctrl Pts',(17.9150186918856,5.55120104948717,0.917127197481184));
#15260=CARTESIAN_POINT('Ctrl Pts',(18.0000003278255,5.55120104948717,0.31051857793256));
#15261=CARTESIAN_POINT('Ctrl Pts',(18.0000003278255,5.55120104948717,7.62688203360917E-16));
#15262=CARTESIAN_POINT('Ctrl Pts',(13.1,6.,5.98963817306821));
#15263=CARTESIAN_POINT('Ctrl Pts',(13.9396921418794,6.,5.525062819549));
#15264=CARTESIAN_POINT('Ctrl Pts',(15.3058818248646,6.,4.62676167397533));
#15265=CARTESIAN_POINT('Ctrl Pts',(16.8133812099549,6.,3.10663765075308));
#15266=CARTESIAN_POINT('Ctrl Pts',(17.575306830298,6.,1.86509387026199));
#15267=CARTESIAN_POINT('Ctrl Pts',(17.9150104416072,6.,0.916858712554715));
#15268=CARTESIAN_POINT('Ctrl Pts',(18.0000003278255,6.,0.31038907486777));
#15269=CARTESIAN_POINT('Ctrl Pts',(18.0000003278255,6.,7.63049183191993E-16));
#15270=CARTESIAN_POINT('',(13.099999958166,4.,3.65423291985531));
#15271=CARTESIAN_POINT('',(13.1,6.,5.98963817306821));
#15272=CARTESIAN_POINT('Ctrl Pts',(13.1,4.,3.65423291985532));
#15273=CARTESIAN_POINT('Ctrl Pts',(13.1,4.00000000342463,4.0099542363782));
#15274=CARTESIAN_POINT('Ctrl Pts',(13.100000000014,4.06599040912388,4.36498757458833));
#15275=CARTESIAN_POINT('Ctrl Pts',(13.100000000014,4.31854193601452,4.9700911560092));
#15276=CARTESIAN_POINT('Ctrl Pts',(13.1000000000544,4.48406089708253,5.22475237796996));
#15277=CARTESIAN_POINT('Ctrl Pts',(13.1000000000544,4.87304511045245,5.60983392372449));
#15278=CARTESIAN_POINT('Ctrl Pts',(13.0999999999965,5.07796622525846,5.75071886322698));
#15279=CARTESIAN_POINT('Ctrl Pts',(13.0999999999965,5.41551338741653,5.89392219125349));
#15280=CARTESIAN_POINT('Ctrl Pts',(13.1,5.52986716111832,5.9297352066198));
#15281=CARTESIAN_POINT('Ctrl Pts',(13.1,5.76330181729016,5.97758311701158));
#15282=CARTESIAN_POINT('Ctrl Pts',(13.1,5.88140327810884,5.98963817306821));
#15283=CARTESIAN_POINT('Ctrl Pts',(13.1,6.,5.98963817306821));
#15284=CARTESIAN_POINT('',(18.0000003278255,6.,6.49826893726394E-16));
#15285=CARTESIAN_POINT('Ctrl Pts',(13.1,6.,5.98963817306821));
#15286=CARTESIAN_POINT('Ctrl Pts',(13.9396921418794,6.,5.525062819549));
#15287=CARTESIAN_POINT('Ctrl Pts',(15.3058818248646,6.,4.62676167397533));
#15288=CARTESIAN_POINT('Ctrl Pts',(16.8133812099549,6.,3.10663765075308));
#15289=CARTESIAN_POINT('Ctrl Pts',(17.575306830298,6.,1.86509387026199));
#15290=CARTESIAN_POINT('Ctrl Pts',(17.9150104416072,6.,0.916858712554715));
#15291=CARTESIAN_POINT('Ctrl Pts',(18.0000003278255,6.,0.31038907486777));
#15292=CARTESIAN_POINT('Ctrl Pts',(18.0000003278255,6.,7.63049183191993E-16));
#15293=CARTESIAN_POINT('',(16.0000003278255,4.,3.46944695195361E-16));
#15294=CARTESIAN_POINT('Origin',(16.0000003278255,6.,3.48553343480581E-16));
#15295=CARTESIAN_POINT('Ctrl Pts',(16.0000003278255,4.,3.46944695195361E-16));
#15296=CARTESIAN_POINT('Ctrl Pts',(16.0000003278255,4.,0.141782669070474));
#15297=CARTESIAN_POINT('Ctrl Pts',(15.9625837662957,4.,0.424861633961557));
#15298=CARTESIAN_POINT('Ctrl Pts',(15.7754625181641,4.,0.962543562065824));
#15299=CARTESIAN_POINT('Ctrl Pts',(15.2614863364888,4.,1.8185464414262));
#15300=CARTESIAN_POINT('Ctrl Pts',(14.3290211280572,4.,2.77187861365198));
#15301=CARTESIAN_POINT('Ctrl Pts',(13.4946804528239,4.,3.39359764914303));
#15302=CARTESIAN_POINT('Ctrl Pts',(13.100259995703,4.,3.65462584340798));
#15303=CARTESIAN_POINT('Ctrl Pts',(16.0000003278255,4.,-3.46944695195361E-16));
#15304=CARTESIAN_POINT('Ctrl Pts',(16.0000003278255,4.,-0.141782669070474));
#15305=CARTESIAN_POINT('Ctrl Pts',(15.9629312440829,4.,-0.424986336138007));
#15306=CARTESIAN_POINT('Ctrl Pts',(15.7748897852453,4.,-0.96231953565163));
#15307=CARTESIAN_POINT('Ctrl Pts',(15.410504479497,4.,-1.57476333719916));
#15308=CARTESIAN_POINT('Ctrl Pts',(14.3075998526823,4.,-2.87659874322315));
#15309=CARTESIAN_POINT('Ctrl Pts',(13.1242586638483,4.,-3.69051652923362));
#15310=CARTESIAN_POINT('Ctrl Pts',(12.1317738143111,4.,-4.23962730071734));
#15311=CARTESIAN_POINT('Ctrl Pts',(16.5983989285093,4.,-4.70961560431638E-16));
#15312=CARTESIAN_POINT('Ctrl Pts',(16.5983989285093,4.,-0.192454767534643));
#15313=CARTESIAN_POINT('Ctrl Pts',(16.5470711547021,4.,-0.572868371021344));
#15314=CARTESIAN_POINT('Ctrl Pts',(16.3133204462739,4.,-1.23291671135188));
#15315=CARTESIAN_POINT('Ctrl Pts',(15.8956155714672,4.,-1.92935345536256));
#15316=CARTESIAN_POINT('Ctrl Pts',(14.6893819945385,4.,-3.35007131083813));
#15317=CARTESIAN_POINT('Ctrl Pts',(13.4521506431865,4.,-4.19298403660039));
#15318=CARTESIAN_POINT('Ctrl Pts',(12.4214664116419,4.,-4.76322932931541));
#15319=CARTESIAN_POINT('Ctrl Pts',(17.6349355646897,4.50147532765886,-6.86184970847215E-16));
#15320=CARTESIAN_POINT('Ctrl Pts',(17.6349355646897,4.50147532765886,-0.279486939923806));
#15321=CARTESIAN_POINT('Ctrl Pts',(17.5588740443095,4.50147532765886,-0.827486082231712));
#15322=CARTESIAN_POINT('Ctrl Pts',(17.2464691777677,4.50147532765886,-1.69872132630287));
#15323=CARTESIAN_POINT('Ctrl Pts',(16.7365325568259,4.50147532765886,-2.54074940338135));
#15324=CARTESIAN_POINT('Ctrl Pts',(15.3524028488575,4.50147532765886,-4.16664177951328));
#15325=CARTESIAN_POINT('Ctrl Pts',(14.0195611819889,4.50147532765886,-5.06365950195316));
#15326=CARTESIAN_POINT('Ctrl Pts',(12.9232673684298,4.50147532765886,-5.67020452076826));
#15327=CARTESIAN_POINT('Ctrl Pts',(18.0000003278255,5.55120104948717,-7.62688203360917E-16));
#15328=CARTESIAN_POINT('Ctrl Pts',(18.0000003278255,5.55120104948717,-0.31051857793256));
#15329=CARTESIAN_POINT('Ctrl Pts',(17.9152456037867,5.55120104948718,-0.917950038180109));
#15330=CARTESIAN_POINT('Ctrl Pts',(17.5748716139894,5.55120104948717,-1.86426972214572));
#15331=CARTESIAN_POINT('Ctrl Pts',(17.0323860161092,5.55120104948718,-2.75752338541105));
#15332=CARTESIAN_POINT('Ctrl Pts',(15.5850449604129,5.55120104948718,-4.45606213853156));
#15333=CARTESIAN_POINT('Ctrl Pts',(14.2196871489555,5.55120104948717,-5.37015035472012));
#15334=CARTESIAN_POINT('Ctrl Pts',(13.1,5.55120104948717,-5.98963817306821));
#15335=CARTESIAN_POINT('Ctrl Pts',(18.0000003278255,6.,-7.63049183191993E-16));
#15336=CARTESIAN_POINT('Ctrl Pts',(18.0000003278255,6.,-0.310389074867771));
#15337=CARTESIAN_POINT('Ctrl Pts',(17.9152394769811,6.,-0.917680768810759));
#15338=CARTESIAN_POINT('Ctrl Pts',(17.5749568062472,6.,-1.86375964223144));
#15339=CARTESIAN_POINT('Ctrl Pts',(17.0324934966871,6.,-2.75703079069743));
#15340=CARTESIAN_POINT('Ctrl Pts',(15.5853426407772,6.,-4.45543819790289));
#15341=CARTESIAN_POINT('Ctrl Pts',(14.2195895225064,6.,-5.37020436837567));
#15342=CARTESIAN_POINT('Ctrl Pts',(13.1,6.,-5.98963817306821));
#15343=CARTESIAN_POINT('',(13.1,6.,-5.98963817306821));
#15344=CARTESIAN_POINT('',(13.0999999999985,4.,-3.65423289216554));
#15345=CARTESIAN_POINT('Ctrl Pts',(13.1,6.,-5.98963817306821));
#15346=CARTESIAN_POINT('Ctrl Pts',(13.1,5.77045000345052,-5.98963817306821));
#15347=CARTESIAN_POINT('Ctrl Pts',(13.1,5.5444495884871,-5.94450806085344));
#15348=CARTESIAN_POINT('Ctrl Pts',(13.1,5.10596198562785,-5.76646461419108));
#15349=CARTESIAN_POINT('Ctrl Pts',(13.1000000000012,4.90151738987391,-5.63111944846096));
#15350=CARTESIAN_POINT('Ctrl Pts',(13.1000000000012,4.52444741094961,-5.27149109309192));
#15351=CARTESIAN_POINT('Ctrl Pts',(13.1000000000185,4.36412916794804,-5.04186095833016));
#15352=CARTESIAN_POINT('Ctrl Pts',(13.1000000000185,4.16428563958757,-4.61622730083857));
#15353=CARTESIAN_POINT('Ctrl Pts',(13.1000000000024,4.10327568822727,-4.43262635602963));
#15354=CARTESIAN_POINT('Ctrl Pts',(13.1000000000024,4.02049954323353,-4.05071965834472));
#15355=CARTESIAN_POINT('Ctrl Pts',(13.1,4.,-3.8524958461912));
#15356=CARTESIAN_POINT('Ctrl Pts',(13.1,4.,-3.65423289216458));
#15357=CARTESIAN_POINT('Ctrl Pts',(13.1011691567991,4.,-3.65600775162956));
#15358=CARTESIAN_POINT('Ctrl Pts',(13.7345471569908,4.,-3.23878021503624));
#15359=CARTESIAN_POINT('Ctrl Pts',(14.5518493695961,4.,-2.58829396936343));
#15360=CARTESIAN_POINT('Ctrl Pts',(15.410504479497,4.,-1.57476333719916));
#15361=CARTESIAN_POINT('Ctrl Pts',(15.7748897852453,4.,-0.96231953565163));
#15362=CARTESIAN_POINT('Ctrl Pts',(15.9629312440829,4.,-0.424986336138007));
#15363=CARTESIAN_POINT('Ctrl Pts',(16.0000003278255,4.,-0.141782669070474));
#15364=CARTESIAN_POINT('Ctrl Pts',(16.0000003278255,4.,-3.46944695195361E-16));
#15365=CARTESIAN_POINT('Ctrl Pts',(18.0000003278255,6.,-7.63049183191993E-16));
#15366=CARTESIAN_POINT('Ctrl Pts',(18.0000003278255,6.,-0.310389074867771));
#15367=CARTESIAN_POINT('Ctrl Pts',(17.9152394769811,6.,-0.917680768810759));
#15368=CARTESIAN_POINT('Ctrl Pts',(17.5749568062472,6.,-1.86375964223144));
#15369=CARTESIAN_POINT('Ctrl Pts',(17.0324934966871,6.,-2.75703079069743));
#15370=CARTESIAN_POINT('Ctrl Pts',(15.5853426407772,6.,-4.45543819790289));
#15371=CARTESIAN_POINT('Ctrl Pts',(14.2195895225064,6.,-5.37020436837567));
#15372=CARTESIAN_POINT('Ctrl Pts',(13.1,6.,-5.98963817306821));
#15373=CARTESIAN_POINT('Ctrl Pts',(13.1,4.,-5.98963817306821));
#15374=CARTESIAN_POINT('Ctrl Pts',(13.1,22.,-5.98963817306821));
#15375=CARTESIAN_POINT('Ctrl Pts',(14.9834223104956,4.,-4.9475996185975));
#15376=CARTESIAN_POINT('Ctrl Pts',(14.9834223104956,22.,-4.9475996185975));
#15377=CARTESIAN_POINT('Ctrl Pts',(16.3298508527406,4.,-3.72672596030498));
#15378=CARTESIAN_POINT('Ctrl Pts',(16.3298508527406,22.,-3.72672596030498));
#15379=CARTESIAN_POINT('Ctrl Pts',(17.0860053721594,4.,-2.62692010690687));
#15380=CARTESIAN_POINT('Ctrl Pts',(17.0860053721594,22.,-2.62692010690687));
#15381=CARTESIAN_POINT('Ctrl Pts',(17.7609074065744,4.,-1.64529374766685));
#15382=CARTESIAN_POINT('Ctrl Pts',(17.7609074065744,22.,-1.64529374766685));
#15383=CARTESIAN_POINT('Ctrl Pts',(18.0000003278255,4.,-0.801485038342456));
#15384=CARTESIAN_POINT('Ctrl Pts',(18.0000003278255,22.,-0.801485038342456));
#15385=CARTESIAN_POINT('Ctrl Pts',(18.0000003278255,4.,-7.63049183191992E-16));
#15386=CARTESIAN_POINT('Ctrl Pts',(18.0000003278255,22.,-7.63049183191992E-16));
#15387=CARTESIAN_POINT('',(13.1,4.,-5.98963817306821));
#15388=CARTESIAN_POINT('',(18.0000003278255,4.,-7.63049183191992E-16));
#15389=CARTESIAN_POINT('Ctrl Pts',(18.0000003278255,4.,7.63049183191992E-16));
#15390=CARTESIAN_POINT('Ctrl Pts',(18.0000003278255,22.,7.63049183191992E-16));
#15391=CARTESIAN_POINT('Ctrl Pts',(18.0000003278255,4.,0.735159389830406));
#15392=CARTESIAN_POINT('Ctrl Pts',(18.0000003278255,22.,0.735159389830406));
#15393=CARTESIAN_POINT('Ctrl Pts',(17.7984147537017,4.,1.49971632292511));
#15394=CARTESIAN_POINT('Ctrl Pts',(17.7984147537017,22.,1.49971632292511));
#15395=CARTESIAN_POINT('Ctrl Pts',(17.2446727539048,4.,2.38519792631455));
#15396=CARTESIAN_POINT('Ctrl Pts',(17.2446727539048,22.,2.38519792631455));
#15397=CARTESIAN_POINT('Ctrl Pts',(16.5651742139766,4.,3.47177517141625));
#15398=CARTESIAN_POINT('Ctrl Pts',(16.5651742139766,22.,3.47177517141625));
#15399=CARTESIAN_POINT('Ctrl Pts',(15.3074495774424,4.,4.69951625606842));
#15400=CARTESIAN_POINT('Ctrl Pts',(15.3074495774424,22.,4.69951625606842));
#15401=CARTESIAN_POINT('Ctrl Pts',(13.4847466996119,4.,5.77029674441475));
#15402=CARTESIAN_POINT('Ctrl Pts',(13.4847466996119,22.,5.77029674441475));
#15403=CARTESIAN_POINT('Ctrl Pts',(13.3590086968951,4.,5.84416385769494));
#15404=CARTESIAN_POINT('Ctrl Pts',(13.3590086968951,22.,5.84416385769494));
#15405=CARTESIAN_POINT('Ctrl Pts',(13.2307352907046,4.,5.91730643281804));
#15406=CARTESIAN_POINT('Ctrl Pts',(13.2307352907046,22.,5.91730643281804));
#15407=CARTESIAN_POINT('Ctrl Pts',(13.1,4.,5.98963817306821));
#15408=CARTESIAN_POINT('Ctrl Pts',(13.1,22.,5.98963817306821));
#15409=CARTESIAN_POINT('',(13.1,4.,5.98963817306821));
#15410=CARTESIAN_POINT('Ctrl Pts',(-12.131773812568,4.,-4.23962730168172));
#15411=CARTESIAN_POINT('Ctrl Pts',(-12.6280162374576,4.,-3.96507191595561));
#15412=CARTESIAN_POINT('Ctrl Pts',(-13.5886390617999,4.,-3.36324691076876));
#15413=CARTESIAN_POINT('Ctrl Pts',(-14.6778340874426,4.,-2.44332713795558));
#15414=CARTESIAN_POINT('Ctrl Pts',(-15.4098124890987,4.,-1.57412321360314));
#15415=CARTESIAN_POINT('Ctrl Pts',(-15.7752149059539,4.,-0.962474301664987));
#15416=CARTESIAN_POINT('Ctrl Pts',(-15.9627266022302,4.,-0.424864572317042));
#15417=CARTESIAN_POINT('Ctrl Pts',(-16.0187870144231,4.,0.000106351410842031));
#15418=CARTESIAN_POINT('Ctrl Pts',(-15.962566993868,4.,0.424816782451522));
#15419=CARTESIAN_POINT('Ctrl Pts',(-15.8223636678078,4.,0.827980398691923));
#15420=CARTESIAN_POINT('Ctrl Pts',(-15.6282949260493,4.,1.20720764770903));
#15421=CARTESIAN_POINT('Ctrl Pts',(-15.318456862042,4.,1.68268899364712));
#15422=CARTESIAN_POINT('Ctrl Pts',(-14.6769116200924,4.,2.44342706040231));
#15423=CARTESIAN_POINT('Ctrl Pts',(-13.5897323145349,4.,3.36323230051232));
#15424=CARTESIAN_POINT('Ctrl Pts',(-12.6280162391626,4.,3.96507191492962));
#15425=CARTESIAN_POINT('Ctrl Pts',(-12.1317738143111,4.,4.23962730071733));
#15426=CARTESIAN_POINT('Ctrl Pts',(-12.421466409832,4.,-4.76322933031675));
#15427=CARTESIAN_POINT('Ctrl Pts',(-12.9368085257244,4.,-4.47810668397867));
#15428=CARTESIAN_POINT('Ctrl Pts',(-13.938674794464,4.,-3.85078762662512));
#15429=CARTESIAN_POINT('Ctrl Pts',(-15.0941970958341,4.,-2.87780997193985));
#15430=CARTESIAN_POINT('Ctrl Pts',(-15.8954675529152,4.,-1.92864265578743));
#15431=CARTESIAN_POINT('Ctrl Pts',(-16.3139671542453,4.,-1.23246650969138));
#15432=CARTESIAN_POINT('Ctrl Pts',(-16.5472589487983,4.,-0.573637588373909));
#15433=CARTESIAN_POINT('Ctrl Pts',(-16.624813734357,4.,0.000768921184421691));
#15434=CARTESIAN_POINT('Ctrl Pts',(-16.5470746808255,4.,0.573203551454228));
#15435=CARTESIAN_POINT('Ctrl Pts',(-16.3725977050156,4.,1.0674824531206));
#15436=CARTESIAN_POINT('Ctrl Pts',(-16.145659113436,4.,1.51078169084992));
#15437=CARTESIAN_POINT('Ctrl Pts',(-15.7953209432201,4.,2.04705822726994));
#15438=CARTESIAN_POINT('Ctrl Pts',(-15.0933304180952,4.,2.87757862594324));
#15439=CARTESIAN_POINT('Ctrl Pts',(-13.9397000795704,4.,3.85100924366321));
#15440=CARTESIAN_POINT('Ctrl Pts',(-12.9368085275003,4.,4.47810668291028));
#15441=CARTESIAN_POINT('Ctrl Pts',(-12.4214664116419,4.,4.7632293293154));
#15442=CARTESIAN_POINT('Ctrl Pts',(-12.9232673664588,4.50147532777157,-5.67020452175145));
#15443=CARTESIAN_POINT('Ctrl Pts',(-13.4714142733568,4.50147532777157,-5.36693201236966));
#15444=CARTESIAN_POINT('Ctrl Pts',(-14.5455268909542,4.50147532777157,-4.69411747136241));
#15445=CARTESIAN_POINT('Ctrl Pts',(-15.8159315920464,4.50147532777157,-3.62795177723345));
#15446=CARTESIAN_POINT('Ctrl Pts',(-16.7365658041783,4.50147532777157,-2.54079664462239));
#15447=CARTESIAN_POINT('Ctrl Pts',(-17.2467505740262,4.50147532777157,-1.69720387408778));
#15448=CARTESIAN_POINT('Ctrl Pts',(-17.5587852218293,4.50147532777157,-0.829503344710481));
#15449=CARTESIAN_POINT('Ctrl Pts',(-17.6732963961187,4.50147532777157,0.00251555219479051));
#15450=CARTESIAN_POINT('Ctrl Pts',(-17.5585931259632,4.50147532777157,0.829056964501668));
#15451=CARTESIAN_POINT('Ctrl Pts',(-17.3251469132354,4.50147532777158,1.48055191868242));
#15452=CARTESIAN_POINT('Ctrl Pts',(-17.0416114112155,4.50147532777157,2.03454531784726));
#15453=CARTESIAN_POINT('Ctrl Pts',(-16.621646522669,4.50147532777157,2.67547531967666));
#15454=CARTESIAN_POINT('Ctrl Pts',(-15.8148524777742,4.50147532777157,3.62797776286341));
#15455=CARTESIAN_POINT('Ctrl Pts',(-14.5465231537554,4.50147532777157,4.69465587193696));
#15456=CARTESIAN_POINT('Ctrl Pts',(-13.4714142752554,4.50147532777157,5.3669320112279));
#15457=CARTESIAN_POINT('Ctrl Pts',(-12.9232673683843,4.50147532777157,5.6702045206861));
#15458=CARTESIAN_POINT('Ctrl Pts',(-13.0999999980337,5.55120104948717,-5.9896381741561));
#15459=CARTESIAN_POINT('Ctrl Pts',(-13.6598435726294,5.55120104948717,-5.67989426501007));
#15460=CARTESIAN_POINT('Ctrl Pts',(-14.7589892474467,5.55120104948717,-4.99173935679881));
#15461=CARTESIAN_POINT('Ctrl Pts',(-16.0698595802732,5.55120104948717,-3.89340898343709));
#15462=CARTESIAN_POINT('Ctrl Pts',(-17.0328724064158,5.55120104948717,-2.75738718665843));
#15463=CARTESIAN_POINT('Ctrl Pts',(-17.5754962007007,5.55120104948717,-1.86238627908407));
#15464=CARTESIAN_POINT('Ctrl Pts',(-17.9155486175235,5.55120104948717,-0.92055792389817));
#15465=CARTESIAN_POINT('Ctrl Pts',(-18.0432168138681,5.55120104948717,0.00282431096353324));
#15466=CARTESIAN_POINT('Ctrl Pts',(-17.9153359175005,5.55120104948717,0.919771244290573));
#15467=CARTESIAN_POINT('Ctrl Pts',(-17.6609167984426,5.55120104948717,1.62695046140327));
#15468=CARTESIAN_POINT('Ctrl Pts',(-17.357274258706,5.55120104948717,2.22007850041786));
#15469=CARTESIAN_POINT('Ctrl Pts',(-16.9125175103253,5.55120104948717,2.89820218725807));
#15470=CARTESIAN_POINT('Ctrl Pts',(-16.0688637598236,5.55120104948717,3.89310040903488));
#15471=CARTESIAN_POINT('Ctrl Pts',(-14.759929907218,5.55120104948717,4.99243659946839));
#15472=CARTESIAN_POINT('Ctrl Pts',(-13.6598435745713,5.55120104948717,5.67989426384243));
#15473=CARTESIAN_POINT('Ctrl Pts',(-13.1,5.55120104948717,5.98963817306821));
#15474=CARTESIAN_POINT('Ctrl Pts',(-13.0999999980337,6.,-5.9896381741561));
#15475=CARTESIAN_POINT('Ctrl Pts',(-13.6597947594048,6.,-5.67992127183784));
#15476=CARTESIAN_POINT('Ctrl Pts',(-14.7590810952183,6.,-4.99153310823869));
#15477=CARTESIAN_POINT('Ctrl Pts',(-16.0699499144888,6.,-3.89297875250435));
#15478=CARTESIAN_POINT('Ctrl Pts',(-17.0328469325713,6.,-2.75704841937314));
#15479=CARTESIAN_POINT('Ctrl Pts',(-17.5754202459233,6.,-1.86187282110928));
#15480=CARTESIAN_POINT('Ctrl Pts',(-17.9153753986228,6.,-0.920237062454607));
#15481=CARTESIAN_POINT('Ctrl Pts',(-18.0429954048751,6.,0.0029289524199884));
#15482=CARTESIAN_POINT('Ctrl Pts',(-17.9151687937817,6.,0.919565117342555));
#15483=CARTESIAN_POINT('Ctrl Pts',(-17.6608193915955,6.,1.62663733919954));
#15484=CARTESIAN_POINT('Ctrl Pts',(-17.3572362059436,6.,2.21971465439431));
#15485=CARTESIAN_POINT('Ctrl Pts',(-16.9125715180357,6.,2.89772390397153));
#15486=CARTESIAN_POINT('Ctrl Pts',(-16.0689000951393,6.,3.89281538961686));
#15487=CARTESIAN_POINT('Ctrl Pts',(-14.7600372536859,6.,4.99221420656271));
#15488=CARTESIAN_POINT('Ctrl Pts',(-13.6597947613467,6.,5.67992127067021));
#15489=CARTESIAN_POINT('Ctrl Pts',(-13.1,6.,5.98963817306821));
#15490=CARTESIAN_POINT('',(-13.0999999999983,4.,-3.65423289216568));
#15491=CARTESIAN_POINT('Ctrl Pts',(-13.1,4.,-3.65423289216458));
#15492=CARTESIAN_POINT('Ctrl Pts',(-13.1,4.,-3.81628329532135));
#15493=CARTESIAN_POINT('Ctrl Pts',(-13.0999999999979,4.01369497584557,-3.97832054719506));
#15494=CARTESIAN_POINT('Ctrl Pts',(-13.0999999999979,4.09883204033793,-4.46465906246528));
#15495=CARTESIAN_POINT('Ctrl Pts',(-13.1000000000299,4.21547001314709,-4.77961426756571));
#15496=CARTESIAN_POINT('Ctrl Pts',(-13.1000000000299,4.54397032301483,-5.2939364415531));
#15497=CARTESIAN_POINT('Ctrl Pts',(-13.1000000001005,4.7361006539689,-5.49990338868941));
#15498=CARTESIAN_POINT('Ctrl Pts',(-13.1000000001005,5.11816411906393,-5.76532751240807));
#15499=CARTESIAN_POINT('Ctrl Pts',(-13.1000000000007,5.28533219073995,-5.84895916823745));
#15500=CARTESIAN_POINT('Ctrl Pts',(-13.1000000000007,5.63672836216867,-5.96108901769901));
#15501=CARTESIAN_POINT('Ctrl Pts',(-13.1,5.81746654759275,-5.98963817306821));
#15502=CARTESIAN_POINT('Ctrl Pts',(-13.1,6.,-5.98963817306821));
#15503=CARTESIAN_POINT('',(-13.0999999999983,4.,3.65423289216569));
#15504=CARTESIAN_POINT('Ctrl Pts',(-13.1,6.,5.98963817306821));
#15505=CARTESIAN_POINT('Ctrl Pts',(-13.1,5.77044753747862,5.98963817306821));
#15506=CARTESIAN_POINT('Ctrl Pts',(-13.1,5.54444476971383,5.94450709262941));
#15507=CARTESIAN_POINT('Ctrl Pts',(-13.1,5.10594313957103,5.76645591374768));
#15508=CARTESIAN_POINT('Ctrl Pts',(-13.1000000000008,4.90148909415699,5.63110017069123));
#15509=CARTESIAN_POINT('Ctrl Pts',(-13.1000000000008,4.52439621733398,5.27143350879327));
#15510=CARTESIAN_POINT('Ctrl Pts',(-13.1000000000142,4.36407016690957,5.04177168956316));
#15511=CARTESIAN_POINT('Ctrl Pts',(-13.1000000000142,4.1642530371889,4.61613263569714));
#15512=CARTESIAN_POINT('Ctrl Pts',(-13.1000000000022,4.10326028044609,4.43256458034339));
#15513=CARTESIAN_POINT('Ctrl Pts',(-13.1000000000022,4.02049764609765,4.05070131901259));
#15514=CARTESIAN_POINT('Ctrl Pts',(-13.1,4.,3.85248667182908));
#15515=CARTESIAN_POINT('Ctrl Pts',(-13.1,4.,3.65423289216458));
#15516=CARTESIAN_POINT('Ctrl Pts',(-13.1000020398087,4.,3.65423597217632));
#15517=CARTESIAN_POINT('Ctrl Pts',(-13.2579623591504,4.,3.54963567625243));
#15518=CARTESIAN_POINT('Ctrl Pts',(-13.8791896612398,4.,3.11833766084568));
#15519=CARTESIAN_POINT('Ctrl Pts',(-14.6769116200924,4.,2.44342706040231));
#15520=CARTESIAN_POINT('Ctrl Pts',(-15.318456862042,4.,1.68268899364712));
#15521=CARTESIAN_POINT('Ctrl Pts',(-15.6282949260493,4.,1.20720764770903));
#15522=CARTESIAN_POINT('Ctrl Pts',(-15.8223636678078,4.,0.827980398691923));
#15523=CARTESIAN_POINT('Ctrl Pts',(-15.962566993868,4.,0.424816782451522));
#15524=CARTESIAN_POINT('Ctrl Pts',(-16.0187870144231,4.,0.000106351410842031));
#15525=CARTESIAN_POINT('Ctrl Pts',(-15.9627266022302,4.,-0.424864572317042));
#15526=CARTESIAN_POINT('Ctrl Pts',(-15.7752149059539,4.,-0.962474301664987));
#15527=CARTESIAN_POINT('Ctrl Pts',(-15.4098124890987,4.,-1.57412321360314));
#15528=CARTESIAN_POINT('Ctrl Pts',(-14.6778340874426,4.,-2.44332713795558));
#15529=CARTESIAN_POINT('Ctrl Pts',(-13.8787112662625,4.,-3.11825574743585));
#15530=CARTESIAN_POINT('Ctrl Pts',(-13.2577014193162,4.,-3.5495176303195));
#15531=CARTESIAN_POINT('Ctrl Pts',(-13.0998903857702,4.,-3.65406729156514));
#15532=CARTESIAN_POINT('Ctrl Pts',(21.0000002235174,4.,-2.57175830558243E-15));
#15533=CARTESIAN_POINT('Ctrl Pts',(21.0000002235174,22.0192276952789,-2.57175830558243E-15));
#15534=CARTESIAN_POINT('Ctrl Pts',(21.0000002235174,4.,-1.50984290975669));
#15535=CARTESIAN_POINT('Ctrl Pts',(21.0000002235174,22.0192276952789,-1.50984290975669));
#15536=CARTESIAN_POINT('Ctrl Pts',(20.5631870321265,4.,-2.9826768055663));
#15537=CARTESIAN_POINT('Ctrl Pts',(20.5631870321265,22.0192276952789,-2.9826768055663));
#15538=CARTESIAN_POINT('Ctrl Pts',(19.914714966032,4.,-4.16655921812667));
#15539=CARTESIAN_POINT('Ctrl Pts',(19.914714966032,22.0192276952789,-4.16655921812667));
#15540=CARTESIAN_POINT('Ctrl Pts',(19.0686101819344,4.,-5.71124961490661));
#15541=CARTESIAN_POINT('Ctrl Pts',(19.0686101819344,22.0192276952789,-5.71124961490661));
#15542=CARTESIAN_POINT('Ctrl Pts',(17.9321109223958,4.,-6.81549263201784));
#15543=CARTESIAN_POINT('Ctrl Pts',(17.9321109223958,22.0192276952789,-6.81549263201784));
#15544=CARTESIAN_POINT('Ctrl Pts',(16.7448226272667,4.,-7.69080279484951));
#15545=CARTESIAN_POINT('Ctrl Pts',(16.7448226272667,22.0192276952789,-7.69080279484951));
#15546=CARTESIAN_POINT('Ctrl Pts',(15.607070956732,4.,-8.52959283774247));
#15547=CARTESIAN_POINT('Ctrl Pts',(15.607070956732,22.0192276952789,-8.52959283774247));
#15548=CARTESIAN_POINT('Ctrl Pts',(14.3876630558567,4.,-9.171110244051));
#15549=CARTESIAN_POINT('Ctrl Pts',(14.3876630558567,22.0192276952789,-9.171110244051));
#15550=CARTESIAN_POINT('Ctrl Pts',(13.1,4.,-9.70550484762882));
#15551=CARTESIAN_POINT('Ctrl Pts',(13.1,22.0192276952789,-9.70550484762882));
#15552=CARTESIAN_POINT('',(15.7773254610229,18.,-8.3452035524616));
#15553=CARTESIAN_POINT('',(21.0000002235174,18.,-2.57175830558243E-15));
#15554=CARTESIAN_POINT('Ctrl Pts',(15.7787763678138,18.,-8.34562903789578));
#15555=CARTESIAN_POINT('Ctrl Pts',(16.1068924547613,18.,-8.14126838672866));
#15556=CARTESIAN_POINT('Ctrl Pts',(16.429003415975,18.,-7.92363568505418));
#15557=CARTESIAN_POINT('Ctrl Pts',(16.7448226272667,18.,-7.69080279484951));
#15558=CARTESIAN_POINT('Ctrl Pts',(17.9321109223958,18.,-6.81549263201784));
#15559=CARTESIAN_POINT('Ctrl Pts',(19.0686101819344,18.,-5.71124961490661));
#15560=CARTESIAN_POINT('Ctrl Pts',(19.914714966032,18.,-4.16655921812667));
#15561=CARTESIAN_POINT('Ctrl Pts',(20.5631870321265,18.,-2.9826768055663));
#15562=CARTESIAN_POINT('Ctrl Pts',(21.0000002235174,18.,-1.50984290975669));
#15563=CARTESIAN_POINT('Ctrl Pts',(21.0000002235174,18.,-2.57175830558243E-15));
#15564=CARTESIAN_POINT('',(21.0000002235174,4.,-2.57175830558243E-15));
#15565=CARTESIAN_POINT('',(21.0000002235174,4.,-2.57175830558243E-15));
#15566=CARTESIAN_POINT('',(13.1,4.,-9.70550484762882));
#15567=CARTESIAN_POINT('Ctrl Pts',(21.0000002235174,4.,-1.55963370556915E-12));
#15568=CARTESIAN_POINT('Ctrl Pts',(21.0000002235171,4.,-1.5098429097577));
#15569=CARTESIAN_POINT('Ctrl Pts',(20.5631870321263,4.,-2.9826768055667));
#15570=CARTESIAN_POINT('Ctrl Pts',(19.914714966032,4.,-4.16655921812666));
#15571=CARTESIAN_POINT('Ctrl Pts',(19.0686101819344,4.,-5.71124961490661));
#15572=CARTESIAN_POINT('Ctrl Pts',(17.9321109223958,4.,-6.81549263201784));
#15573=CARTESIAN_POINT('Ctrl Pts',(16.7448226272667,4.,-7.69080279484951));
#15574=CARTESIAN_POINT('Ctrl Pts',(15.607070956732,4.,-8.52959283774247));
#15575=CARTESIAN_POINT('Ctrl Pts',(14.3876630558567,4.,-9.171110244051));
#15576=CARTESIAN_POINT('Ctrl Pts',(13.1,4.,-9.70550484762882));
#15577=CARTESIAN_POINT('',(13.1,4.,-9.70550484762882));
#15578=CARTESIAN_POINT('',(13.1,4.,-9.70550484762882));
#15579=CARTESIAN_POINT('Ctrl Pts',(15.7773254610229,22.,-8.34520355246158));
#15580=CARTESIAN_POINT('Ctrl Pts',(15.7773254610229,20.6666666666667,-8.34520355246158));
#15581=CARTESIAN_POINT('Ctrl Pts',(15.7773254610229,19.3333333333333,-8.3452035524616));
#15582=CARTESIAN_POINT('Ctrl Pts',(15.7773254610229,18.,-8.3452035524616));
#15583=CARTESIAN_POINT('Ctrl Pts',(13.1,4.,9.70550484762882));
#15584=CARTESIAN_POINT('Ctrl Pts',(13.1,22.0192276952789,9.70550484762882));
#15585=CARTESIAN_POINT('Ctrl Pts',(14.2787658986221,4.,9.21630378509921));
#15586=CARTESIAN_POINT('Ctrl Pts',(14.2787658986221,22.0192276952789,9.21630378509921));
#15587=CARTESIAN_POINT('Ctrl Pts',(15.3999206697574,4.,8.63593966231656));
#15588=CARTESIAN_POINT('Ctrl Pts',(15.3999206697574,22.0192276952789,8.63593966231656));
#15589=CARTESIAN_POINT('Ctrl Pts',(16.4537216796516,4.,7.89970769458572));
#15590=CARTESIAN_POINT('Ctrl Pts',(16.4537216796516,22.0192276952789,7.89970769458572));
#15591=CARTESIAN_POINT('Ctrl Pts',(17.563734357154,4.,7.12420377108319));
#15592=CARTESIAN_POINT('Ctrl Pts',(17.563734357154,22.0192276952789,7.12420377108319));
#15593=CARTESIAN_POINT('Ctrl Pts',(18.6233430836632,4.,6.1710981382906));
#15594=CARTESIAN_POINT('Ctrl Pts',(18.6233430836632,22.0192276952789,6.1710981382906));
#15595=CARTESIAN_POINT('Ctrl Pts',(19.4919593170779,4.,4.86496590476098));
#15596=CARTESIAN_POINT('Ctrl Pts',(19.4919593170779,22.0192276952789,4.86496590476098));
#15597=CARTESIAN_POINT('Ctrl Pts',(20.2212902856782,4.,3.76827596235081));
#15598=CARTESIAN_POINT('Ctrl Pts',(20.2212902856782,22.0192276952789,3.76827596235081));
#15599=CARTESIAN_POINT('Ctrl Pts',(20.7969198842019,4.,2.38443772126365));
#15600=CARTESIAN_POINT('Ctrl Pts',(20.7969198842019,22.0192276952789,2.38443772126365));
#15601=CARTESIAN_POINT('Ctrl Pts',(20.9546033693019,4.,0.872411880439956));
#15602=CARTESIAN_POINT('Ctrl Pts',(20.9546033693019,22.0192276952789,0.872411880439956));
#15603=CARTESIAN_POINT('Ctrl Pts',(20.9847172502758,4.,0.583650085435282));
#15604=CARTESIAN_POINT('Ctrl Pts',(20.9847172502758,22.0192276952789,0.583650085435282));
#15605=CARTESIAN_POINT('Ctrl Pts',(21.0000002235174,4.,0.291832268324024));
#15606=CARTESIAN_POINT('Ctrl Pts',(21.0000002235174,22.0192276952789,0.291832268324024));
#15607=CARTESIAN_POINT('Ctrl Pts',(21.0000002235174,4.,2.57175830558243E-15));
#15608=CARTESIAN_POINT('Ctrl Pts',(21.0000002235174,22.0192276952789,2.57175830558243E-15));
#15609=CARTESIAN_POINT('',(13.1,4.,9.70550484762882));
#15610=CARTESIAN_POINT('',(13.1,4.,9.70550484762882));
#15611=CARTESIAN_POINT('Ctrl Pts',(13.1,4.,9.70550484762882));
#15612=CARTESIAN_POINT('Ctrl Pts',(14.2787658986221,4.,9.21630378509921));
#15613=CARTESIAN_POINT('Ctrl Pts',(15.3999206697574,4.,8.63593966231657));
#15614=CARTESIAN_POINT('Ctrl Pts',(16.4537216796516,4.,7.89970769458572));
#15615=CARTESIAN_POINT('Ctrl Pts',(17.563734357154,4.,7.12420377108319));
#15616=CARTESIAN_POINT('Ctrl Pts',(18.6233430836632,4.,6.1710981382906));
#15617=CARTESIAN_POINT('Ctrl Pts',(19.4919593170779,4.,4.86496590476097));
#15618=CARTESIAN_POINT('Ctrl Pts',(20.2212902856782,4.,3.7682759623508));
#15619=CARTESIAN_POINT('Ctrl Pts',(20.7969198842019,4.,2.38443772126365));
#15620=CARTESIAN_POINT('Ctrl Pts',(20.9546033693019,4.,0.872411880439956));
#15621=CARTESIAN_POINT('Ctrl Pts',(20.9847172502758,4.,0.583650085435282));
#15622=CARTESIAN_POINT('Ctrl Pts',(21.0000002235174,4.,0.291832268324025));
#15623=CARTESIAN_POINT('Ctrl Pts',(21.0000002235174,4.,2.77555756156289E-15));
#15624=CARTESIAN_POINT('',(15.6828335246413,18.,8.40343895719946));
#15625=CARTESIAN_POINT('Ctrl Pts',(21.0000002235174,18.,2.77555756156289E-15));
#15626=CARTESIAN_POINT('Ctrl Pts',(21.0000002235174,18.,0.291832268324025));
#15627=CARTESIAN_POINT('Ctrl Pts',(20.9847172502758,18.,0.583650085435282));
#15628=CARTESIAN_POINT('Ctrl Pts',(20.9546033693019,18.,0.872411880439956));
#15629=CARTESIAN_POINT('Ctrl Pts',(20.7969198842019,18.,2.38443772126366));
#15630=CARTESIAN_POINT('Ctrl Pts',(20.2212902856782,18.,3.76827596235081));
#15631=CARTESIAN_POINT('Ctrl Pts',(19.4919593170779,18.,4.86496590476098));
#15632=CARTESIAN_POINT('Ctrl Pts',(18.6233430836632,18.,6.1710981382906));
#15633=CARTESIAN_POINT('Ctrl Pts',(17.563734357154,18.,7.12420377108319));
#15634=CARTESIAN_POINT('Ctrl Pts',(16.4537216796516,18.,7.89970769458572));
#15635=CARTESIAN_POINT('Ctrl Pts',(16.2010738805705,18.,8.07621861506681));
#15636=CARTESIAN_POINT('Ctrl Pts',(15.9445546135176,18.,8.24377031250776));
#15637=CARTESIAN_POINT('Ctrl Pts',(15.6842981386353,18.,8.40325446300187));
#15638=CARTESIAN_POINT('Ctrl Pts',(15.6828335246413,18.,8.40343895719946));
#15639=CARTESIAN_POINT('Ctrl Pts',(15.6828335246413,19.3333333333333,8.40343895719946));
#15640=CARTESIAN_POINT('Ctrl Pts',(15.6828335246413,20.6666666666667,8.40343895719946));
#15641=CARTESIAN_POINT('Ctrl Pts',(15.6828335246413,22.,8.40343895719946));
#15642=CARTESIAN_POINT('Origin',(-9.59232693276135E-13,18.,-0.0803846636184447));
#15643=CARTESIAN_POINT('',(-27.0581162600821,18.,2.81321761244804));
#15644=CARTESIAN_POINT('',(-27.0581162600818,18.,-2.80141892950022));
#15645=CARTESIAN_POINT('Origin',(-26.0003052535903,18.,0.00589934147397819));
#15646=CARTESIAN_POINT('',(-15.7773254610227,18.,-8.34520355246166));
#15647=CARTESIAN_POINT('',(-27.576526831493,18.,-2.54665340770633));
#15648=CARTESIAN_POINT('',(-15.6828335246413,18.,8.40343895719946));
#15649=CARTESIAN_POINT('Ctrl Pts',(-15.6828335246413,18.,8.40343895719946));
#15650=CARTESIAN_POINT('Ctrl Pts',(-16.0589393680207,18.,8.17345909174278));
#15651=CARTESIAN_POINT('Ctrl Pts',(-16.4248867758335,18.,7.92820528405342));
#15652=CARTESIAN_POINT('Ctrl Pts',(-17.7477392143982,18.,6.94691575396002));
#15653=CARTESIAN_POINT('Ctrl Pts',(-18.6152231714746,18.,6.10502982838546));
#15654=CARTESIAN_POINT('Ctrl Pts',(-19.9305851827385,18.,4.25742122351676));
#15655=CARTESIAN_POINT('Ctrl Pts',(-20.3988399539231,18.,3.30615659859025));
#15656=CARTESIAN_POINT('Ctrl Pts',(-20.9809071660204,18.,1.22724047865318));
#15657=CARTESIAN_POINT('Ctrl Pts',(-21.0703432691376,18.,0.129964671304414));
#15658=CARTESIAN_POINT('Ctrl Pts',(-20.8133007069975,18.,-2.10535175287495));
#15659=CARTESIAN_POINT('Ctrl Pts',(-20.4508642051661,18.,-3.20025934935379));
#15660=CARTESIAN_POINT('Ctrl Pts',(-19.2612650262714,18.,-5.34487402456595));
#15661=CARTESIAN_POINT('Ctrl Pts',(-18.4094286311719,18.,-6.32574033805292));
#15662=CARTESIAN_POINT('Ctrl Pts',(-16.8994541791832,18.,-7.59698378753055));
#15663=CARTESIAN_POINT('Ctrl Pts',(-16.3504537339396,18.,-7.98919617421891));
#15664=CARTESIAN_POINT('Ctrl Pts',(-15.7773254610227,18.,-8.34520355246168));
#15665=CARTESIAN_POINT('',(-27.576526831493,18.,2.55845209065429));
#15666=CARTESIAN_POINT('',(-23.9003052535901,18.,0.00589934147397794));
#15667=CARTESIAN_POINT('Origin',(-26.0003052535901,18.,0.00589934147397819));
#15668=CARTESIAN_POINT('Ctrl Pts',(-15.7773254610227,22.,-8.34520355246168));
#15669=CARTESIAN_POINT('Ctrl Pts',(-15.7773254610227,18.,-8.34520355246168));
#15670=CARTESIAN_POINT('Ctrl Pts',(-14.4361218850071,22.,-9.17831263353547));
#15671=CARTESIAN_POINT('Ctrl Pts',(-14.4361218850071,18.,-9.17831263353547));
#15672=CARTESIAN_POINT('Ctrl Pts',(-13.0030736545489,22.,-9.80226898841493));
#15673=CARTESIAN_POINT('Ctrl Pts',(-13.0030736545489,18.,-9.80226898841493));
#15674=CARTESIAN_POINT('Ctrl Pts',(-11.4735007473188,22.,-10.310288785374));
#15675=CARTESIAN_POINT('Ctrl Pts',(-11.4735007473188,18.,-10.310288785374));
#15676=CARTESIAN_POINT('Ctrl Pts',(-8.60132788660595,22.,-11.26422871634));
#15677=CARTESIAN_POINT('Ctrl Pts',(-8.60132788660595,18.,-11.26422871634));
#15678=CARTESIAN_POINT('Ctrl Pts',(-5.3783592903443,22.,-11.7926916279193));
#15679=CARTESIAN_POINT('Ctrl Pts',(-5.3783592903443,18.,-11.7926916279193));
#15680=CARTESIAN_POINT('Ctrl Pts',(-2.06324723376744,22.,-11.9509161709772));
#15681=CARTESIAN_POINT('Ctrl Pts',(-2.06324723376744,18.,-11.9509161709772));
#15682=CARTESIAN_POINT('Ctrl Pts',(2.34312907780351,22.,-12.1612248623701));
#15683=CARTESIAN_POINT('Ctrl Pts',(2.34312907780351,18.,-12.1612248623701));
#15684=CARTESIAN_POINT('Ctrl Pts',(6.84894291600541,22.,-11.7118299635437));
#15685=CARTESIAN_POINT('Ctrl Pts',(6.84894291600541,18.,-11.7118299635437));
#15686=CARTESIAN_POINT('Ctrl Pts',(10.7387540321353,22.,-10.5425533384341));
#15687=CARTESIAN_POINT('Ctrl Pts',(10.7387540321353,18.,-10.5425533384341));
#15688=CARTESIAN_POINT('Ctrl Pts',(11.5518174857284,22.,-10.2981465889457));
#15689=CARTESIAN_POINT('Ctrl Pts',(11.5518174857284,18.,-10.2981465889457));
#15690=CARTESIAN_POINT('Ctrl Pts',(12.3382900175681,22.,-10.0216230295177));
#15691=CARTESIAN_POINT('Ctrl Pts',(12.3382900175681,18.,-10.0216230295177));
#15692=CARTESIAN_POINT('Ctrl Pts',(13.1,22.,-9.70550484762882));
#15693=CARTESIAN_POINT('Ctrl Pts',(13.1,18.,-9.70550484762882));
#15694=CARTESIAN_POINT('',(-13.1,4.,-9.70550484762882));
#15695=CARTESIAN_POINT('Origin',(-9.59232693276135E-13,18.,-0.0803846636184447));
#15696=CARTESIAN_POINT('',(27.0581162600884,18.,2.81321761244495));
#15697=CARTESIAN_POINT('',(27.576526831493,18.,2.55845209065429));
#15698=CARTESIAN_POINT('',(27.0581162600884,18.,-2.801418929497));
#15699=CARTESIAN_POINT('',(27.576526831493,18.,-2.54665340770633));
#15700=CARTESIAN_POINT('Origin',(26.0003052535884,18.,0.00589934147397782));
#15701=CARTESIAN_POINT('',(28.1003052535884,18.,0.00589934147397757));
#15702=CARTESIAN_POINT('Origin',(26.0003052535884,18.,0.00589934147397782));
#15703=CARTESIAN_POINT('Origin',(-26.0003052535901,22.,0.00589934147397819));
#15704=CARTESIAN_POINT('',(-23.9003052535901,22.,0.00589934147397845));
#15705=CARTESIAN_POINT('Origin',(26.0003052535884,22.,0.00589934147397782));
#15706=CARTESIAN_POINT('',(28.1003052535884,22.,0.00589934147397808));
#15707=CARTESIAN_POINT('Origin',(15.7773254610229,22.,-8.3452035524616));
#15708=CARTESIAN_POINT('',(27.0581162600884,22.,-2.801418929497));
#15709=CARTESIAN_POINT('Origin',(-27.0581162600818,22.,-2.80141892950022));
#15710=CARTESIAN_POINT('Ctrl Pts',(-15.7773254610227,18.,-8.34520355246166));
#15711=CARTESIAN_POINT('Ctrl Pts',(-15.7773254610227,19.3333333333333,-8.34520355246166));
#15712=CARTESIAN_POINT('Ctrl Pts',(-15.7773254610229,20.6666666666667,-8.34520355246158));
#15713=CARTESIAN_POINT('Ctrl Pts',(-15.7773254610229,22.,-8.34520355246158));
#15714=CARTESIAN_POINT('',(-27.0581162600818,22.,-2.80141892950022));
#15715=CARTESIAN_POINT('Origin',(-26.0003052535903,22.,0.00589934147397819));
#15716=CARTESIAN_POINT('',(-27.0581162600821,22.,2.81321761244804));
#15717=CARTESIAN_POINT('Origin',(-15.6828335246413,22.,8.40343895719945));
#15718=CARTESIAN_POINT('Ctrl Pts',(-15.6828335246413,22.,8.40343895719945));
#15719=CARTESIAN_POINT('Ctrl Pts',(-15.6828335246413,20.6666666666667,8.40343895719945));
#15720=CARTESIAN_POINT('Ctrl Pts',(-15.6828335246413,19.3333333333333,8.40343895719946));
#15721=CARTESIAN_POINT('Ctrl Pts',(-15.6828335246413,18.,8.40343895719946));
#15722=CARTESIAN_POINT('Origin',(27.0581162600884,22.,2.81321761244495));
#15723=CARTESIAN_POINT('',(27.0581162600884,22.,2.81321761244495));
#15724=CARTESIAN_POINT('Origin',(26.0003052535884,22.,0.00589934147397782));
#15725=CARTESIAN_POINT('Origin',(-13.1,4.,9.70550484762882));
#15726=CARTESIAN_POINT('',(-13.1,4.,9.70550484762882));
#15727=CARTESIAN_POINT('',(-13.1,4.,4.89294475562363));
#15728=CARTESIAN_POINT('Ctrl Pts',(-13.1,4.,-9.70550484762882));
#15729=CARTESIAN_POINT('Ctrl Pts',(-13.1,22.,-9.70550484762882));
#15730=CARTESIAN_POINT('Ctrl Pts',(-14.4078868195612,4.,-9.16271715539433));
#15731=CARTESIAN_POINT('Ctrl Pts',(-14.4078868195612,22.,-9.16271715539433));
#15732=CARTESIAN_POINT('Ctrl Pts',(-15.6441691423299,4.,-8.51052252706382));
#15733=CARTESIAN_POINT('Ctrl Pts',(-15.6441691423299,22.,-8.51052252706382));
#15734=CARTESIAN_POINT('Ctrl Pts',(-16.797230949127,4.,-7.65197359821581));
#15735=CARTESIAN_POINT('Ctrl Pts',(-16.797230949127,22.,-7.65197359821581));
#15736=CARTESIAN_POINT('Ctrl Pts',(-17.8677130079017,4.,-6.85491205347089));
#15737=CARTESIAN_POINT('Ctrl Pts',(-17.8677130079017,22.,-6.85491205347089));
#15738=CARTESIAN_POINT('Ctrl Pts',(-18.8895011110272,4.,-5.870612347725));
#15739=CARTESIAN_POINT('Ctrl Pts',(-18.8895011110272,22.,-5.870612347725));
#15740=CARTESIAN_POINT('Ctrl Pts',(-19.7009855629238,4.,-4.53650949332164));
#15741=CARTESIAN_POINT('Ctrl Pts',(-19.7009855629238,22.,-4.53650949332164));
#15742=CARTESIAN_POINT('Ctrl Pts',(-20.3894548407695,4.,-3.4046469830833));
#15743=CARTESIAN_POINT('Ctrl Pts',(-20.3894548407695,22.,-3.4046469830833));
#15744=CARTESIAN_POINT('Ctrl Pts',(-20.899992893469,4.,-1.986089649329));
#15745=CARTESIAN_POINT('Ctrl Pts',(-20.899992893469,22.,-1.986089649329));
#15746=CARTESIAN_POINT('Ctrl Pts',(-20.9862407255357,4.,-0.480640950927758));
#15747=CARTESIAN_POINT('Ctrl Pts',(-20.9862407255357,22.,-0.480640950927758));
#15748=CARTESIAN_POINT('Ctrl Pts',(-21.0717844689259,4.,1.01251793848905));
#15749=CARTESIAN_POINT('Ctrl Pts',(-21.0717844689259,22.,1.01251793848905));
#15750=CARTESIAN_POINT('Ctrl Pts',(-20.7233806361162,4.,2.5216507278967));
#15751=CARTESIAN_POINT('Ctrl Pts',(-20.7233806361162,22.,2.5216507278967));
#15752=CARTESIAN_POINT('Ctrl Pts',(-20.1285091292315,4.,3.75172819401238));
#15753=CARTESIAN_POINT('Ctrl Pts',(-20.1285091292315,22.,3.75172819401238));
#15754=CARTESIAN_POINT('Ctrl Pts',(-19.3791247578732,4.,5.30130792341402));
#15755=CARTESIAN_POINT('Ctrl Pts',(-19.3791247578732,22.,5.30130792341402));
#15756=CARTESIAN_POINT('Ctrl Pts',(-18.3159232940409,4.,6.44060718323604));
#15757=CARTESIAN_POINT('Ctrl Pts',(-18.3159232940409,22.,6.44060718323604));
#15758=CARTESIAN_POINT('Ctrl Pts',(-17.2016689427063,4.,7.33871069830413));
#15759=CARTESIAN_POINT('Ctrl Pts',(-17.2016689427063,22.,7.33871069830413));
#15760=CARTESIAN_POINT('Ctrl Pts',(-15.9358509895726,4.,8.35897644982139));
#15761=CARTESIAN_POINT('Ctrl Pts',(-15.9358509895726,22.,8.35897644982139));
#15762=CARTESIAN_POINT('Ctrl Pts',(-14.5621124858586,4.,9.098711774928));
#15763=CARTESIAN_POINT('Ctrl Pts',(-14.5621124858586,22.,9.098711774928));
#15764=CARTESIAN_POINT('Ctrl Pts',(-13.1,4.,9.70550484762882));
#15765=CARTESIAN_POINT('Ctrl Pts',(-13.1,22.,9.70550484762882));
#15766=CARTESIAN_POINT('',(-13.1,4.,-9.70550484762882));
#15767=CARTESIAN_POINT('',(-13.1,4.,-9.70550484762882));
#15768=CARTESIAN_POINT('Ctrl Pts',(-13.1,4.,-9.70550484762882));
#15769=CARTESIAN_POINT('Ctrl Pts',(-14.4078868195612,4.,-9.16271715539433));
#15770=CARTESIAN_POINT('Ctrl Pts',(-15.6441691423299,4.,-8.51052252706382));
#15771=CARTESIAN_POINT('Ctrl Pts',(-16.797230949127,4.,-7.65197359821581));
#15772=CARTESIAN_POINT('Ctrl Pts',(-17.8677130079017,4.,-6.85491205347089));
#15773=CARTESIAN_POINT('Ctrl Pts',(-18.8895011110272,4.,-5.870612347725));
#15774=CARTESIAN_POINT('Ctrl Pts',(-19.7009855629238,4.,-4.53650949332164));
#15775=CARTESIAN_POINT('Ctrl Pts',(-20.3894548407695,4.,-3.4046469830833));
#15776=CARTESIAN_POINT('Ctrl Pts',(-20.899992893469,4.,-1.986089649329));
#15777=CARTESIAN_POINT('Ctrl Pts',(-20.9862407255357,4.,-0.48064095092776));
#15778=CARTESIAN_POINT('Ctrl Pts',(-20.9954011550258,4.,-0.320746419989654));
#15779=CARTESIAN_POINT('Ctrl Pts',(-20.9995854462703,4.,-0.160668714080569));
#15780=CARTESIAN_POINT('Ctrl Pts',(-20.9990238163134,4.,-0.000770116063697618));
#15781=CARTESIAN_POINT('Origin',(-13.1,4.,-5.98963817306821));
#15782=CARTESIAN_POINT('',(-13.1,4.,-2.95462675472488));
#15783=CARTESIAN_POINT('Origin',(13.1,4.,5.98963817306821));
#15784=CARTESIAN_POINT('',(13.1,4.,3.03501141834333));
#15785=CARTESIAN_POINT('Origin',(13.1,4.,-9.70550484762882));
#15786=CARTESIAN_POINT('',(13.1,4.,-4.81256009200519));
#15787=CARTESIAN_POINT('Origin',(0.,0.,0.));
#15788=CARTESIAN_POINT('Origin',(0.,4.,0.));
#15789=CARTESIAN_POINT('Origin',(13.1,0.,0.));
#15790=CARTESIAN_POINT('',(12.,0.,1.34711147906209E-16));
#15791=CARTESIAN_POINT('Origin',(-13.1,0.,0.));
#15792=CARTESIAN_POINT('',(-14.2,0.,1.34711147906209E-16));
#15793=CARTESIAN_POINT('Ctrl Pts',(-21.0000002235174,0.,2.57175830558243E-15));
#15794=CARTESIAN_POINT('Ctrl Pts',(-21.0000002235174,4.,2.57175830558243E-15));
#15795=CARTESIAN_POINT('Ctrl Pts',(-21.0000002235174,0.,1.50984290975669));
#15796=CARTESIAN_POINT('Ctrl Pts',(-21.0000002235174,4.,1.50984290975669));
#15797=CARTESIAN_POINT('Ctrl Pts',(-20.5631870321265,0.,2.9826768055663));
#15798=CARTESIAN_POINT('Ctrl Pts',(-20.5631870321265,4.,2.9826768055663));
#15799=CARTESIAN_POINT('Ctrl Pts',(-19.914714966032,0.,4.16655921812667));
#15800=CARTESIAN_POINT('Ctrl Pts',(-19.914714966032,4.,4.16655921812667));
#15801=CARTESIAN_POINT('Ctrl Pts',(-19.0686101819344,0.,5.71124961490661));
#15802=CARTESIAN_POINT('Ctrl Pts',(-19.0686101819344,4.,5.71124961490661));
#15803=CARTESIAN_POINT('Ctrl Pts',(-17.9321109223958,0.,6.81549263201784));
#15804=CARTESIAN_POINT('Ctrl Pts',(-17.9321109223958,4.,6.81549263201784));
#15805=CARTESIAN_POINT('Ctrl Pts',(-16.7448226272667,0.,7.69080279484951));
#15806=CARTESIAN_POINT('Ctrl Pts',(-16.7448226272667,4.,7.69080279484951));
#15807=CARTESIAN_POINT('Ctrl Pts',(-14.9340402278988,0.,9.02577446377425));
#15808=CARTESIAN_POINT('Ctrl Pts',(-14.9340402278988,4.,9.02577446377425));
#15809=CARTESIAN_POINT('Ctrl Pts',(-12.9262930675195,0.,9.8849794397986));
#15810=CARTESIAN_POINT('Ctrl Pts',(-12.9262930675195,4.,9.8849794397986));
#15811=CARTESIAN_POINT('Ctrl Pts',(-10.7387540321353,0.,10.5425533384341));
#15812=CARTESIAN_POINT('Ctrl Pts',(-10.7387540321353,4.,10.5425533384341));
#15813=CARTESIAN_POINT('Ctrl Pts',(-6.84894291600541,0.,11.7118299635437));
#15814=CARTESIAN_POINT('Ctrl Pts',(-6.84894291600541,4.,11.7118299635437));
#15815=CARTESIAN_POINT('Ctrl Pts',(-2.34312907780351,0.,12.1612248623701));
#15816=CARTESIAN_POINT('Ctrl Pts',(-2.34312907780351,4.,12.1612248623701));
#15817=CARTESIAN_POINT('Ctrl Pts',(2.06324723376744,0.,11.9509161709772));
#15818=CARTESIAN_POINT('Ctrl Pts',(2.06324723376744,4.,11.9509161709772));
#15819=CARTESIAN_POINT('Ctrl Pts',(5.3783592903443,0.,11.7926916279193));
#15820=CARTESIAN_POINT('Ctrl Pts',(5.3783592903443,4.,11.7926916279193));
#15821=CARTESIAN_POINT('Ctrl Pts',(8.60132788660595,0.,11.26422871634));
#15822=CARTESIAN_POINT('Ctrl Pts',(8.60132788660595,4.,11.26422871634));
#15823=CARTESIAN_POINT('Ctrl Pts',(11.4735007473188,0.,10.310288785374));
#15824=CARTESIAN_POINT('Ctrl Pts',(11.4735007473188,4.,10.310288785374));
#15825=CARTESIAN_POINT('Ctrl Pts',(13.3985718509236,0.,9.67091146209486));
#15826=CARTESIAN_POINT('Ctrl Pts',(13.3985718509236,4.,9.67091146209486));
#15827=CARTESIAN_POINT('Ctrl Pts',(15.1771961732245,0.,8.85822213870915));
#15828=CARTESIAN_POINT('Ctrl Pts',(15.1771961732245,4.,8.85822213870915));
#15829=CARTESIAN_POINT('Ctrl Pts',(16.797230949127,0.,7.65197359821581));
#15830=CARTESIAN_POINT('Ctrl Pts',(16.797230949127,4.,7.65197359821581));
#15831=CARTESIAN_POINT('Ctrl Pts',(17.8677130079017,0.,6.85491205347089));
#15832=CARTESIAN_POINT('Ctrl Pts',(17.8677130079017,4.,6.85491205347089));
#15833=CARTESIAN_POINT('Ctrl Pts',(18.8895011110272,0.,5.870612347725));
#15834=CARTESIAN_POINT('Ctrl Pts',(18.8895011110272,4.,5.870612347725));
#15835=CARTESIAN_POINT('Ctrl Pts',(19.7009855629238,0.,4.53650949332164));
#15836=CARTESIAN_POINT('Ctrl Pts',(19.7009855629238,4.,4.53650949332164));
#15837=CARTESIAN_POINT('Ctrl Pts',(20.3894548407695,0.,3.4046469830833));
#15838=CARTESIAN_POINT('Ctrl Pts',(20.3894548407695,4.,3.4046469830833));
#15839=CARTESIAN_POINT('Ctrl Pts',(20.899992893469,0.,1.986089649329));
#15840=CARTESIAN_POINT('Ctrl Pts',(20.899992893469,4.,1.986089649329));
#15841=CARTESIAN_POINT('Ctrl Pts',(20.9862407255357,0.,0.480640950927758));
#15842=CARTESIAN_POINT('Ctrl Pts',(20.9862407255357,4.,0.480640950927758));
#15843=CARTESIAN_POINT('Ctrl Pts',(21.0717844689259,0.,-1.01251793848905));
#15844=CARTESIAN_POINT('Ctrl Pts',(21.0717844689259,4.,-1.01251793848905));
#15845=CARTESIAN_POINT('Ctrl Pts',(20.7233806361162,0.,-2.5216507278967));
#15846=CARTESIAN_POINT('Ctrl Pts',(20.7233806361162,4.,-2.5216507278967));
#15847=CARTESIAN_POINT('Ctrl Pts',(20.1285091292315,0.,-3.75172819401238));
#15848=CARTESIAN_POINT('Ctrl Pts',(20.1285091292315,4.,-3.75172819401238));
#15849=CARTESIAN_POINT('Ctrl Pts',(19.3791247578732,0.,-5.30130792341402));
#15850=CARTESIAN_POINT('Ctrl Pts',(19.3791247578732,4.,-5.30130792341402));
#15851=CARTESIAN_POINT('Ctrl Pts',(18.3159232940409,0.,-6.44060718323604));
#15852=CARTESIAN_POINT('Ctrl Pts',(18.3159232940409,4.,-6.44060718323604));
#15853=CARTESIAN_POINT('Ctrl Pts',(17.2016689427063,0.,-7.33871069830413));
#15854=CARTESIAN_POINT('Ctrl Pts',(17.2016689427063,4.,-7.33871069830413));
#15855=CARTESIAN_POINT('Ctrl Pts',(15.5101375623196,0.,-8.70210701509113));
#15856=CARTESIAN_POINT('Ctrl Pts',(15.5101375623196,4.,-8.70210701509113));
#15857=CARTESIAN_POINT('Ctrl Pts',(13.6329636435586,0.,-9.58172945408655));
#15858=CARTESIAN_POINT('Ctrl Pts',(13.6329636435586,4.,-9.58172945408655));
#15859=CARTESIAN_POINT('Ctrl Pts',(11.5923657980843,0.,-10.2704900418607));
#15860=CARTESIAN_POINT('Ctrl Pts',(11.5923657980843,4.,-10.2704900418607));
#15861=CARTESIAN_POINT('Ctrl Pts',(8.09902588977913,0.,-11.4495929473527));
#15862=CARTESIAN_POINT('Ctrl Pts',(8.09902588977913,4.,-11.4495929473527));
#15863=CARTESIAN_POINT('Ctrl Pts',(4.0687857937466,0.,-11.9994971851748));
#15864=CARTESIAN_POINT('Ctrl Pts',(4.0687857937466,4.,-11.9994971851748));
#15865=CARTESIAN_POINT('Ctrl Pts',(0.00537922458305671,0.,-11.9999996674016));
#15866=CARTESIAN_POINT('Ctrl Pts',(0.00537922458305671,4.,-11.9999996674016));
#15867=CARTESIAN_POINT('Ctrl Pts',(-3.68107143167805,0.,-12.0004555351332));
#15868=CARTESIAN_POINT('Ctrl Pts',(-3.68107143167805,4.,-12.0004555351332));
#15869=CARTESIAN_POINT('Ctrl Pts',(-7.34771296798176,0.,-11.5429599002077));
#15870=CARTESIAN_POINT('Ctrl Pts',(-7.34771296798176,4.,-11.5429599002077));
#15871=CARTESIAN_POINT('Ctrl Pts',(-10.5982381490362,0.,-10.5843905622622));
#15872=CARTESIAN_POINT('Ctrl Pts',(-10.5982381490362,4.,-10.5843905622622));
#15873=CARTESIAN_POINT('Ctrl Pts',(-12.7233132713365,0.,-9.95771279802262));
#15874=CARTESIAN_POINT('Ctrl Pts',(-12.7233132713365,4.,-9.95771279802262));
#15875=CARTESIAN_POINT('Ctrl Pts',(-14.6796502647957,0.,-9.1391524060551));
#15876=CARTESIAN_POINT('Ctrl Pts',(-14.6796502647957,4.,-9.1391524060551));
#15877=CARTESIAN_POINT('Ctrl Pts',(-16.4537216796516,0.,-7.89970769458572));
#15878=CARTESIAN_POINT('Ctrl Pts',(-16.4537216796516,4.,-7.89970769458572));
#15879=CARTESIAN_POINT('Ctrl Pts',(-17.563734357154,0.,-7.12420377108319));
#15880=CARTESIAN_POINT('Ctrl Pts',(-17.563734357154,4.,-7.12420377108319));
#15881=CARTESIAN_POINT('Ctrl Pts',(-18.6233430836632,0.,-6.1710981382906));
#15882=CARTESIAN_POINT('Ctrl Pts',(-18.6233430836632,4.,-6.1710981382906));
#15883=CARTESIAN_POINT('Ctrl Pts',(-19.4919593170779,0.,-4.86496590476098));
#15884=CARTESIAN_POINT('Ctrl Pts',(-19.4919593170779,4.,-4.86496590476098));
#15885=CARTESIAN_POINT('Ctrl Pts',(-20.2212902856782,0.,-3.76827596235081));
#15886=CARTESIAN_POINT('Ctrl Pts',(-20.2212902856782,4.,-3.76827596235081));
#15887=CARTESIAN_POINT('Ctrl Pts',(-20.7969198842019,0.,-2.38443772126365));
#15888=CARTESIAN_POINT('Ctrl Pts',(-20.7969198842019,4.,-2.38443772126365));
#15889=CARTESIAN_POINT('Ctrl Pts',(-20.9546033693019,0.,-0.872411880439956));
#15890=CARTESIAN_POINT('Ctrl Pts',(-20.9546033693019,4.,-0.872411880439956));
#15891=CARTESIAN_POINT('Ctrl Pts',(-20.9847172502758,0.,-0.583650085435282));
#15892=CARTESIAN_POINT('Ctrl Pts',(-20.9847172502758,4.,-0.583650085435282));
#15893=CARTESIAN_POINT('Ctrl Pts',(-21.0000002235174,0.,-0.291832268324024));
#15894=CARTESIAN_POINT('Ctrl Pts',(-21.0000002235174,4.,-0.291832268324024));
#15895=CARTESIAN_POINT('Ctrl Pts',(-21.0000002235174,0.,-2.57175830558243E-15));
#15896=CARTESIAN_POINT('Ctrl Pts',(-21.0000002235174,4.,-2.57175830558243E-15));
#15897=CARTESIAN_POINT('Ctrl Pts',(13.1005457633567,4.,-9.70997888152059));
#15898=CARTESIAN_POINT('Ctrl Pts',(12.608390416477,4.,-9.91199282605216));
#15899=CARTESIAN_POINT('Ctrl Pts',(12.1055459647246,4.,-10.0972769445358));
#15900=CARTESIAN_POINT('Ctrl Pts',(11.5923657980843,4.,-10.2704900418607));
#15901=CARTESIAN_POINT('Ctrl Pts',(8.09902588977913,4.,-11.4495929473527));
#15902=CARTESIAN_POINT('Ctrl Pts',(4.0687857937466,4.,-11.9994971851748));
#15903=CARTESIAN_POINT('Ctrl Pts',(0.00537922458305671,4.,-11.9999996674016));
#15904=CARTESIAN_POINT('Ctrl Pts',(-3.68107143167805,4.,-12.0004555351332));
#15905=CARTESIAN_POINT('Ctrl Pts',(-7.34771296798176,4.,-11.5429599002077));
#15906=CARTESIAN_POINT('Ctrl Pts',(-10.5982381490362,4.,-10.5843905622622));
#15907=CARTESIAN_POINT('Ctrl Pts',(-11.4601184479079,4.,-10.3302248562732));
#15908=CARTESIAN_POINT('Ctrl Pts',(-12.2942426392241,4.,-10.0444959529806));
#15909=CARTESIAN_POINT('Ctrl Pts',(-13.0997082505844,4.,-9.7119261976837));
#15910=CARTESIAN_POINT('Ctrl Pts',(13.0084714332583,4.,9.74693369044709));
#15911=CARTESIAN_POINT('Ctrl Pts',(13.0390903732482,4.,9.73448993454519));
#15912=CARTESIAN_POINT('Ctrl Pts',(13.0696680573395,4.,9.72198195839219));
#15913=CARTESIAN_POINT('Ctrl Pts',(13.1002044300023,4.,9.70940875477604));
#15914=CARTESIAN_POINT('Origin',(0.0358921227042552,4.,0.0803846636184447));
#15915=CARTESIAN_POINT('',(0.,0.,0.));
#15916=CARTESIAN_POINT('',(0.,0.,0.));
#15917=CARTESIAN_POINT('Origin',(-4.87178417861424E-15,-66.95,-13.5));
#15918=CARTESIAN_POINT('',(-5.6,-65.95,-13.5));
#15919=CARTESIAN_POINT('Origin',(-3.39148681244731E-15,-65.95,-13.5));
#15920=CARTESIAN_POINT('',(-3.60000000000001,-67.9500000000001,-13.5));
#15921=CARTESIAN_POINT('',(-4.6,-66.95,-13.5));
#15922=CARTESIAN_POINT('Origin',(-6.35208154478117E-15,-67.9500000000001,
-13.5));
#15923=CARTESIAN_POINT('Origin',(-6.35208154478117E-15,-69.95,-13.5));
#15924=CARTESIAN_POINT('',(-3.60000000000001,-73.95,-13.5));
#15925=CARTESIAN_POINT('Origin',(-6.35208154478117E-15,-73.95,-13.5));
#15926=CARTESIAN_POINT('',(-3.60000000000001,-69.95,-13.5));
#15927=CARTESIAN_POINT('Origin',(26.,-65.95,-43.5025965597161));
#15928=CARTESIAN_POINT('',(26.,-65.95,-43.5025965597161));
#15929=CARTESIAN_POINT('',(-26.,-65.95,-43.5025965597161));
#15930=CARTESIAN_POINT('',(26.,-65.95,-43.5025965597161));
#15931=CARTESIAN_POINT('',(-26.,-65.95,-42.1025965597161));
#15932=CARTESIAN_POINT('',(-26.,-65.95,-43.5025965597161));
#15933=CARTESIAN_POINT('',(-23.2165936763695,-65.95,-42.1025965597161));
#15934=CARTESIAN_POINT('',(-20.,-65.95,-42.1025965597161));
#15935=CARTESIAN_POINT('',(-18.4502883656232,-65.95,-38.6133360093734));
#15936=CARTESIAN_POINT('Origin',(-23.2165936763695,-65.95,-37.1025965597161));
#15937=CARTESIAN_POINT('',(-9.53261062148963,-65.95,-10.4785211006676));
#15938=CARTESIAN_POINT('',(-20.,-65.95,-43.5025965597161));
#15939=CARTESIAN_POINT('',(9.53261062148961,-65.95,-10.4785211006676));
#15940=CARTESIAN_POINT('Origin',(-6.35208154478117E-15,-65.95,-13.5));
#15941=CARTESIAN_POINT('',(18.4502883656231,-65.95,-38.6133360093734));
#15942=CARTESIAN_POINT('',(20.,-65.95,-43.5025965597161));
#15943=CARTESIAN_POINT('',(23.2165936763695,-65.95,-42.1025965597161));
#15944=CARTESIAN_POINT('Origin',(23.2165936763695,-65.95,-37.1025965597161));
#15945=CARTESIAN_POINT('',(26.,-65.95,-42.1025965597161));
#15946=CARTESIAN_POINT('',(26.,-65.95,-42.1025965597161));
#15947=CARTESIAN_POINT('',(26.,-65.95,-43.5025965597161));
#15948=CARTESIAN_POINT('',(-11.2576451231821,-65.95,-42.1025965597161));
#15949=CARTESIAN_POINT('',(11.2576451231821,-65.95,-42.1025965597161));
#15950=CARTESIAN_POINT('',(-6.35208154478116E-15,-65.95,-42.1025965597161));
#15951=CARTESIAN_POINT('',(16.0239504339285,-65.95,-35.5918571100588));
#15952=CARTESIAN_POINT('Origin',(11.2576451231821,-65.95,-37.1025965597161));
#15953=CARTESIAN_POINT('',(12.5977998299868,-65.95,-24.7825280608385));
#15954=CARTESIAN_POINT('',(18.0876098706961,-65.95,-42.1025965597161));
#15955=CARTESIAN_POINT('',(5.2209963461603,-65.95,-22.0288450069972));
#15956=CARTESIAN_POINT('Origin',(7.83149451924046,-65.95,-26.2932675104958));
#15957=CARTESIAN_POINT('',(-5.22099634616032,-65.95,-22.0288450069972));
#15958=CARTESIAN_POINT('Origin',(-6.35208154478117E-15,-65.95,-13.5));
#15959=CARTESIAN_POINT('',(-12.5977998299869,-65.95,-24.7825280608385));
#15960=CARTESIAN_POINT('Origin',(-7.83149451924047,-65.95,-26.2932675104958));
#15961=CARTESIAN_POINT('',(-16.0239504339285,-65.95,-35.5918571100588));
#15962=CARTESIAN_POINT('',(-18.0876098706961,-65.95,-42.1025965597161));
#15963=CARTESIAN_POINT('Origin',(-11.2576451231821,-65.95,-37.1025965597161));
#15964=CARTESIAN_POINT('Origin',(-6.35208154478117E-15,-79.95,-13.5));
#15965=CARTESIAN_POINT('',(-6.658243244568E-15,-81.95,-11.));
#15966=CARTESIAN_POINT('Origin',(-6.35208154478117E-15,-81.95,-13.5));
#15967=CARTESIAN_POINT('',(-6.90317260439748E-15,-79.95,-9.00000000000002));
#15968=CARTESIAN_POINT('Origin',(-6.658243244568E-15,-79.95,-11.));
#15969=CARTESIAN_POINT('',(-4.50000000000001,-79.95,-13.5));
#15970=CARTESIAN_POINT('Origin',(-6.35208154478117E-15,-79.95,-13.5));
#15971=CARTESIAN_POINT('Origin',(-6.35208154478117E-15,-79.95,-13.5));
#15972=CARTESIAN_POINT('Origin',(-6.35208154478117E-15,-73.95,-13.5));
#15973=CARTESIAN_POINT('',(-4.50000000000001,-78.95,-13.5));
#15974=CARTESIAN_POINT('',(-4.50000000000001,-73.95,-13.5));
#15975=CARTESIAN_POINT('',(-6.90317260439748E-15,-78.95,-18.));
#15976=CARTESIAN_POINT('Origin',(-6.35208154478117E-15,-78.95,-13.5));
#15977=CARTESIAN_POINT('Origin',(-6.35208154478117E-15,-78.95,-13.5));
#15978=CARTESIAN_POINT('Origin',(-6.10622663543836E-15,-81.95,-13.5));
#15979=CARTESIAN_POINT('',(-2.00000000000001,-81.95,-13.5));
#15980=CARTESIAN_POINT('Origin',(-6.35208154478117E-15,-81.95,-13.5));
#15981=CARTESIAN_POINT('Origin',(-6.35208154478117E-15,-78.95,-13.5));
#15982=CARTESIAN_POINT('',(-7.51549600397115E-15,-73.95,-23.));
#15983=CARTESIAN_POINT('Origin',(-7.51549600397115E-15,-78.95,-23.));
#15984=CARTESIAN_POINT('Origin',(-6.35208154478117E-15,-73.95,-13.5));
#15985=CARTESIAN_POINT('Origin',(20.,-73.95,-43.5025965597161));
#15986=CARTESIAN_POINT('',(26.,-73.95,-43.5025965597161));
#15987=CARTESIAN_POINT('',(-26.,-73.95,-43.5025965597161));
#15988=CARTESIAN_POINT('',(-20.,-73.95,-43.5025965597161));
#15989=CARTESIAN_POINT('',(26.,-73.95,-42.1025965597161));
#15990=CARTESIAN_POINT('',(26.,-73.95,-43.5025965597161));
#15991=CARTESIAN_POINT('',(23.2165936763695,-73.95,-42.1025965597161));
#15992=CARTESIAN_POINT('',(20.,-73.95,-42.1025965597161));
#15993=CARTESIAN_POINT('',(18.4502883656231,-73.95,-38.6133360093734));
#15994=CARTESIAN_POINT('Origin',(23.2165936763695,-73.95,-37.1025965597161));
#15995=CARTESIAN_POINT('',(9.53261062148961,-73.95,-10.4785211006676));
#15996=CARTESIAN_POINT('',(20.,-73.95,-43.5025965597161));
#15997=CARTESIAN_POINT('',(-9.53261062148963,-73.95,-10.4785211006676));
#15998=CARTESIAN_POINT('Origin',(-6.35208154478117E-15,-73.95,-13.5));
#15999=CARTESIAN_POINT('',(-18.4502883656232,-73.95,-38.6133360093734));
#16000=CARTESIAN_POINT('',(-20.,-73.95,-43.5025965597161));
#16001=CARTESIAN_POINT('',(-23.2165936763695,-73.95,-42.1025965597161));
#16002=CARTESIAN_POINT('Origin',(-23.2165936763695,-73.95,-37.1025965597161));
#16003=CARTESIAN_POINT('',(-26.,-73.95,-42.1025965597161));
#16004=CARTESIAN_POINT('',(-20.,-73.95,-42.1025965597161));
#16005=CARTESIAN_POINT('',(-26.,-73.95,-43.5025965597161));
#16006=CARTESIAN_POINT('',(11.2576451231821,-73.95,-42.1025965597161));
#16007=CARTESIAN_POINT('',(-11.2576451231821,-73.95,-42.1025965597161));
#16008=CARTESIAN_POINT('',(-6.35208154478116E-15,-73.95,-42.1025965597161));
#16009=CARTESIAN_POINT('',(-16.0239504339285,-73.95,-35.5918571100588));
#16010=CARTESIAN_POINT('Origin',(-11.2576451231821,-73.95,-37.1025965597161));
#16011=CARTESIAN_POINT('',(-12.5977998299869,-73.95,-24.7825280608385));
#16012=CARTESIAN_POINT('',(-18.0876098706961,-73.95,-42.1025965597161));
#16013=CARTESIAN_POINT('',(-5.22099634616032,-73.95,-22.0288450069972));
#16014=CARTESIAN_POINT('Origin',(-7.83149451924047,-73.95,-26.2932675104958));
#16015=CARTESIAN_POINT('',(5.2209963461603,-73.95,-22.0288450069972));
#16016=CARTESIAN_POINT('Origin',(-6.35208154478117E-15,-73.95,-13.5));
#16017=CARTESIAN_POINT('',(12.5977998299868,-73.95,-24.7825280608385));
#16018=CARTESIAN_POINT('Origin',(7.83149451924046,-73.95,-26.2932675104958));
#16019=CARTESIAN_POINT('',(16.0239504339285,-73.95,-35.5918571100588));
#16020=CARTESIAN_POINT('',(18.0876098706961,-73.95,-42.1025965597161));
#16021=CARTESIAN_POINT('Origin',(11.2576451231821,-73.95,-37.1025965597161));
#16022=CARTESIAN_POINT('Origin',(-6.10622663543836E-15,-73.95,-13.5));
#16023=CARTESIAN_POINT('',(-2.00000000000001,-73.95,-13.5));
#16024=CARTESIAN_POINT('Origin',(-6.35208154478117E-15,-73.95,-13.5));
#16025=CARTESIAN_POINT('Origin',(-6.35208154478117E-15,-73.95,-13.5));
#16026=CARTESIAN_POINT('',(-2.00000000000001,-73.95,-13.5));
#16027=CARTESIAN_POINT('Origin',(-7.83149451924047,-69.95,-26.2932675104958));
#16028=CARTESIAN_POINT('',(-5.22099634616032,-69.95,-22.0288450069972));
#16029=CARTESIAN_POINT('',(-12.5977998299869,-69.95,-24.7825280608385));
#16030=CARTESIAN_POINT('Origin',(-6.35208154478117E-15,-69.95,-13.5));
#16031=CARTESIAN_POINT('',(5.2209963461603,-69.95,-22.0288450069972));
#16032=CARTESIAN_POINT('Origin',(7.83149451924046,-69.95,-26.2932675104958));
#16033=CARTESIAN_POINT('',(12.5977998299868,-69.95,-24.7825280608385));
#16034=CARTESIAN_POINT('Origin',(9.73988778729882,-69.95,-15.7659624645671));
#16035=CARTESIAN_POINT('',(16.0239504339285,-69.95,-35.5918571100588));
#16036=CARTESIAN_POINT('Origin',(23.2165936763695,-69.95,-37.1025965597161));
#16037=CARTESIAN_POINT('',(23.2165936763695,-69.95,-42.1025965597161));
#16038=CARTESIAN_POINT('',(18.4502883656231,-69.95,-38.6133360093734));
#16039=CARTESIAN_POINT('Origin',(25.,-69.95,-42.1025965597161));
#16040=CARTESIAN_POINT('Origin',(26.,-69.95,-42.1025965597161));
#16041=CARTESIAN_POINT('',(23.9,-69.95,-42.1025965597161));
#16042=CARTESIAN_POINT('Origin',(26.,-69.95,-42.1025965597161));
#16043=CARTESIAN_POINT('Origin',(11.2576451231821,-69.95,-37.1025965597161));
#16044=CARTESIAN_POINT('',(11.2576451231821,-69.95,-42.1025965597161));
#16045=CARTESIAN_POINT('Origin',(-23.2165936763695,-69.95,-37.1025965597161));
#16046=CARTESIAN_POINT('',(-18.4502883656231,-69.95,-38.6133360093734));
#16047=CARTESIAN_POINT('',(-23.2165936763695,-69.95,-42.1025965597161));
#16048=CARTESIAN_POINT('Origin',(-9.53261062148962,-69.95,-10.4785211006676));
#16049=CARTESIAN_POINT('',(-9.53261062148962,-69.95,-10.4785211006676));
#16050=CARTESIAN_POINT('Origin',(-11.2576451231821,-69.95,-37.1025965597161));
#16051=CARTESIAN_POINT('',(-16.0239504339285,-69.95,-35.5918571100588));
#16052=CARTESIAN_POINT('',(-11.2576451231821,-69.95,-42.1025965597161));
#16053=CARTESIAN_POINT('Origin',(-18.0876098706961,-69.95,-42.1025965597161));
#16054=CARTESIAN_POINT('Origin',(20.,-69.95,-43.5025965597161));
#16055=CARTESIAN_POINT('',(9.53261062148961,-69.95,-10.4785211006676));
#16056=CARTESIAN_POINT('Origin',(18.0876098706961,-69.95,-42.1025965597161));
#16057=CARTESIAN_POINT('Origin',(-6.35208154478117E-15,-69.95,-13.5));
#16058=CARTESIAN_POINT('Origin',(26.,-69.95,-43.5025965597161));
#16059=CARTESIAN_POINT('',(23.9,-69.95,-43.5025965597161));
#16060=CARTESIAN_POINT('',(23.9,-69.95,-43.5025965597161));
#16061=CARTESIAN_POINT('Origin',(26.,-69.95,-43.5025965597161));
#16062=CARTESIAN_POINT('Origin',(26.,-69.95,-43.5025965597161));
#16063=CARTESIAN_POINT('Origin',(26.,-69.95,-43.5025965597161));
#16064=CARTESIAN_POINT('Origin',(25.,-69.95,-43.5025965597161));
#16065=CARTESIAN_POINT('Origin',(-26.,-69.95,-43.5025965597161));
#16066=CARTESIAN_POINT('',(-28.1,-69.95,-43.5025965597161));
#16067=CARTESIAN_POINT('Origin',(-26.,-69.95,-43.5025965597161));
#16068=CARTESIAN_POINT('Origin',(-25.,-69.95,-42.1025965597161));
#16069=CARTESIAN_POINT('Origin',(-26.,-69.95,-42.1025965597161));
#16070=CARTESIAN_POINT('',(-28.1,-69.95,-42.1025965597161));
#16071=CARTESIAN_POINT('Origin',(-26.,-69.95,-42.1025965597161));
#16072=CARTESIAN_POINT('Origin',(-26.,-69.95,-43.5025965597161));
#16073=CARTESIAN_POINT('',(-28.1,-69.95,-43.5025965597161));
#16074=CARTESIAN_POINT('Origin',(-26.,-69.95,-43.5025965597161));
#16075=CARTESIAN_POINT('',(0.,0.,0.));
#16076=CARTESIAN_POINT('Origin',(0.,0.,-4.9));
#16077=CARTESIAN_POINT('',(0.966749999999997,1.1839272930757E-16,-4.85325));
#16078=CARTESIAN_POINT('Origin',(-2.61931491197258E-15,0.,-4.85325));
#16079=CARTESIAN_POINT('',(0.820000000000003,-1.00421037530083E-16,-5.));
#16080=CARTESIAN_POINT('',(0.920000000000005,-1.12667505521557E-16,-4.9));
#16081=CARTESIAN_POINT('Origin',(0.,0.,-5.));
#16082=CARTESIAN_POINT('Origin',(0.500604562191365,0.500604562194624,1.71991544978635));
#16083=CARTESIAN_POINT('',(0.246621825545595,0.496012838114618,1.67168985459997));
#16084=CARTESIAN_POINT('',(0.49601283811037,0.246621825548902,1.67168985460038));
#16085=CARTESIAN_POINT('Ctrl Pts',(0.246621825545596,0.496012838114619,
1.67168985459997));
#16086=CARTESIAN_POINT('Ctrl Pts',(0.246960351976735,0.465083593473035,
1.67653100811217));
#16087=CARTESIAN_POINT('Ctrl Pts',(0.253464558238666,0.432012537545624,
1.68073172295628));
#16088=CARTESIAN_POINT('Ctrl Pts',(0.279228619164372,0.370913851941044,
1.68631713091327));
#16089=CARTESIAN_POINT('Ctrl Pts',(0.298524792713704,0.342900108895506,
1.68769427940828));
#16090=CARTESIAN_POINT('Ctrl Pts',(0.320712450802573,0.320712450806553,
1.68769427940832));
#16091=CARTESIAN_POINT('Ctrl Pts',(0.34290010889144,0.298524792717603,1.68769427940836));
#16092=CARTESIAN_POINT('Ctrl Pts',(0.370913851936904,0.279228619168164,
1.68631713091342));
#16093=CARTESIAN_POINT('Ctrl Pts',(0.432012537541392,0.253464558242222,
1.68073172295658));
#16094=CARTESIAN_POINT('Ctrl Pts',(0.465083593468782,0.246960351980162,
1.67653100811253));
#16095=CARTESIAN_POINT('Ctrl Pts',(0.49601283811037,0.246621825548902,1.67168985460038));
#16096=CARTESIAN_POINT('',(0.180073188054226,0.429464200623516,0.72));
#16097=CARTESIAN_POINT('',(0.251213549626408,0.500604562195413,1.73735456822238));
#16098=CARTESIAN_POINT('',(0.429464200618972,0.180073188057771,0.72));
#16099=CARTESIAN_POINT('Origin',(0.430683662574523,0.430683662578063,0.72));
#16100=CARTESIAN_POINT('',(0.500604562191154,0.251213549629668,1.73735456822238));
#16101=CARTESIAN_POINT('Origin',(1.25000000000013,0.250000000000589,1.72));
#16102=CARTESIAN_POINT('',(1.10979718231098,0.23546506705072,1.51214077481855));
#16103=CARTESIAN_POINT('Origin',(1.74458051574717E-14,0.0261065470582268,
-1.48182554760664));
#16104=CARTESIAN_POINT('',(0.575491483157706,0.180073188057648,0.72));
#16105=CARTESIAN_POINT('',(0.249999999996436,0.180073188057922,0.72));
#16106=CARTESIAN_POINT('',(1.24192276915415,0.24916262732362,1.70802501281408));
#16107=CARTESIAN_POINT('Origin',(1.25000000000013,-0.249999999999792,1.72));
#16108=CARTESIAN_POINT('',(1.10979718231104,-0.235465067049275,1.51214077481864));
#16109=CARTESIAN_POINT('Origin',(-0.624365046421826,3.46592225154066E-16,
-1.05886045856976));
#16110=CARTESIAN_POINT('',(0.575491483157706,-0.180073188053701,0.72));
#16111=CARTESIAN_POINT('',(0.575491483157706,-0.124999999999692,0.72));
#16112=CARTESIAN_POINT('',(1.09417533570473,-0.233845538307068,1.48898043478404));
#16113=CARTESIAN_POINT('Origin',(0.249999999997608,-0.249999999995966,1.72));
#16114=CARTESIAN_POINT('',(0.496012838113673,-0.246621825544572,1.6716898546002));
#16115=CARTESIAN_POINT('Origin',(-1.04446783787463E-13,-0.0261065470516257,
-1.48182554760617));
#16116=CARTESIAN_POINT('',(0.429464200622479,-0.180073188053143,0.72));
#16117=CARTESIAN_POINT('',(0.249999999997876,-0.180073188052456,0.72));
#16118=CARTESIAN_POINT('',(0.500604562194463,-0.251213549625378,1.73735456822246));
#16119=CARTESIAN_POINT('Origin',(0.500604562193509,-0.500604562190334,1.71991544978643));
#16120=CARTESIAN_POINT('',(0.24662182554779,-0.496012838109626,1.67168985460058));
#16121=CARTESIAN_POINT('Ctrl Pts',(0.496012838113673,-0.246621825544572,
1.6716898546002));
#16122=CARTESIAN_POINT('Ctrl Pts',(0.465083593472025,-0.246960351975691,
1.6765310081124));
#16123=CARTESIAN_POINT('Ctrl Pts',(0.432012537544531,-0.253464558237628,
1.68073172295652));
#16124=CARTESIAN_POINT('Ctrl Pts',(0.370913851939883,-0.279228619163378,
1.68631713091349));
#16125=CARTESIAN_POINT('Ctrl Pts',(0.342900108894349,-0.298524792712716,
1.6876942794085));
#16126=CARTESIAN_POINT('Ctrl Pts',(0.320712450805402,-0.32071245080159,
1.68769427940854));
#16127=CARTESIAN_POINT('Ctrl Pts',(0.298481400758899,-0.342943500848019,
1.68769427940857));
#16128=CARTESIAN_POINT('Ctrl Pts',(0.279158914249916,-0.37101740652865,
1.68631178445764));
#16129=CARTESIAN_POINT('Ctrl Pts',(0.253442541933124,-0.43212643636224,
1.68071719470175));
#16130=CARTESIAN_POINT('Ctrl Pts',(0.246959868530271,-0.465127763444387,
1.6765240944736));
#16131=CARTESIAN_POINT('Ctrl Pts',(0.24662182554779,-0.496012838109626,
1.67168985460059));
#16132=CARTESIAN_POINT('',(0.180073188056569,-0.42946420061817,0.72));
#16133=CARTESIAN_POINT('Origin',(0.430683662576863,-0.43068366257344,0.72));
#16134=CARTESIAN_POINT('',(0.251213549628552,-0.500604562190405,1.73735456822246));
#16135=CARTESIAN_POINT('Origin',(0.250000000000313,-1.24999999999959,1.72));
#16136=CARTESIAN_POINT('',(0.235465067050299,-1.10979718231056,1.51214077481874));
#16137=CARTESIAN_POINT('Origin',(0.026106547056549,7.42536146351051E-15,
-1.48182554760652));
#16138=CARTESIAN_POINT('',(0.180073188056611,-0.575491483157166,0.72));
#16139=CARTESIAN_POINT('',(0.180073188056518,-0.249999999996713,0.72));
#16140=CARTESIAN_POINT('',(0.249162627323326,-1.24192276915352,1.70802501281395));
#16141=CARTESIAN_POINT('Origin',(-0.250000000000068,-1.24999999999959,1.72));
#16142=CARTESIAN_POINT('',(-0.235465067050635,-1.10979718231055,1.51214077481872));
#16143=CARTESIAN_POINT('Origin',(-3.87533222462481E-15,0.624365046422195,
-1.05886045856951));
#16144=CARTESIAN_POINT('',(-0.180073188059163,-0.575491483157165,0.72));
#16145=CARTESIAN_POINT('',(-0.124999999999968,-0.575491483157165,0.72));
#16146=CARTESIAN_POINT('',(-0.233845538308548,-1.09417533570425,1.48898043478412));
#16147=CARTESIAN_POINT('Origin',(-0.25000000000393,-0.249999999997139,1.72));
#16148=CARTESIAN_POINT('',(-0.246621825550698,-0.496012838105771,1.67168985460096));
#16149=CARTESIAN_POINT('Origin',(-0.0261065470614629,-1.00807569524269E-13,
-1.48182554760686));
#16150=CARTESIAN_POINT('',(-0.180073188059726,-0.429464200614119,0.72));
#16151=CARTESIAN_POINT('',(-0.180073188060419,-0.249999999996869,0.72));
#16152=CARTESIAN_POINT('',(-0.251213549631413,-0.500604562186534,1.73735456822244));
#16153=CARTESIAN_POINT('Origin',(-0.500604562194776,0.500604562191314,1.71991544978648));
#16154=CARTESIAN_POINT('',(-0.496012838114067,0.246621825545555,1.67168985460006));
#16155=CARTESIAN_POINT('',(-0.246621825549015,0.496012838111336,1.67168985460022));
#16156=CARTESIAN_POINT('Ctrl Pts',(-0.496012838114067,0.246621825545555,
1.67168985460006));
#16157=CARTESIAN_POINT('Ctrl Pts',(-0.465083593472434,0.246960351976779,
1.67653100811226));
#16158=CARTESIAN_POINT('Ctrl Pts',(-0.432012537544979,0.253464558238821,
1.68073172295636));
#16159=CARTESIAN_POINT('Ctrl Pts',(-0.370913851940428,0.279228619164757,
1.68631713091331));
#16160=CARTESIAN_POINT('Ctrl Pts',(-0.342900108894955,0.298524792714183,
1.6876942794083));
#16161=CARTESIAN_POINT('Ctrl Pts',(-0.320712450806077,0.320712450803126,
1.68769427940831));
#16162=CARTESIAN_POINT('Ctrl Pts',(-0.2985247927172,0.342900108892068,1.68769427940833));
#16163=CARTESIAN_POINT('Ctrl Pts',(-0.279228619167855,0.370913851937597,
1.68631713091337));
#16164=CARTESIAN_POINT('Ctrl Pts',(-0.253464558242096,0.432012537542225,
1.68073172295647));
#16165=CARTESIAN_POINT('Ctrl Pts',(-0.24696035198015,0.465083593469701,
1.6765310081124));
#16166=CARTESIAN_POINT('Ctrl Pts',(-0.246621825549015,0.496012838111336,
1.67168985460022));
#16167=CARTESIAN_POINT('',(-0.429464200622684,0.180073188054361,0.72));
#16168=CARTESIAN_POINT('',(-0.500604562194883,0.251213549626358,1.73735456822251));
#16169=CARTESIAN_POINT('',(-0.180073188057621,0.429464200620131,0.72));
#16170=CARTESIAN_POINT('Origin',(-0.430683662577918,0.430683662574655,0.72));
#16171=CARTESIAN_POINT('',(-0.25121354962982,0.500604562192128,1.73735456822251));
#16172=CARTESIAN_POINT('Origin',(-0.250000000003811,1.25000000000041,1.72));
#16173=CARTESIAN_POINT('',(-0.235465067053349,1.10979718231109,1.5121407748183));
#16174=CARTESIAN_POINT('Origin',(-0.0261065470563218,-8.52576054150588E-14,
-1.4818255476065));
#16175=CARTESIAN_POINT('',(-0.180073188058098,0.575491483157982,0.72));
#16176=CARTESIAN_POINT('',(-0.180073188057035,0.249999999998023,0.72));
#16177=CARTESIAN_POINT('',(-0.24916262732677,1.24192276915405,1.70802501281352));
#16178=CARTESIAN_POINT('Origin',(-0.50060456219637,-0.500604562187497,1.71991544978641));
#16179=CARTESIAN_POINT('',(-0.496012838117165,-0.246621825541702,1.67168985459988));
#16180=CARTESIAN_POINT('Ctrl Pts',(-0.246621825550698,-0.496012838105771,
1.67168985460097));
#16181=CARTESIAN_POINT('Ctrl Pts',(-0.246960351982048,-0.465083593464173,
1.67653100811306));
#16182=CARTESIAN_POINT('Ctrl Pts',(-0.253464558244206,-0.432012537536789,
1.68073172295705));
#16183=CARTESIAN_POINT('Ctrl Pts',(-0.279228619170332,-0.370913851932365,
1.68631713091376));
#16184=CARTESIAN_POINT('Ctrl Pts',(-0.298524792719854,-0.342900108886957,
1.68769427940863));
#16185=CARTESIAN_POINT('Ctrl Pts',(-0.320712450808868,-0.320712450798156,
1.68769427940854));
#16186=CARTESIAN_POINT('Ctrl Pts',(-0.342900108897887,-0.298524792709351,
1.68769427940844));
#16187=CARTESIAN_POINT('Ctrl Pts',(-0.370913851943482,-0.279228619160101,
1.68631713091336));
#16188=CARTESIAN_POINT('Ctrl Pts',(-0.432012537548142,-0.253464558234575,
1.68073172295627));
#16189=CARTESIAN_POINT('Ctrl Pts',(-0.465083593475578,-0.246960351972745,
1.67653100811211));
#16190=CARTESIAN_POINT('Ctrl Pts',(-0.496012838117165,-0.246621825541702,
1.67168985459988));
#16191=CARTESIAN_POINT('',(-0.42946420062627,-0.180073188050126,0.72));
#16192=CARTESIAN_POINT('Origin',(-0.430683662580015,-0.430683662570427,
0.72));
#16193=CARTESIAN_POINT('',(-0.500604562197956,-0.25121354962254,1.73735456822244));
#16194=CARTESIAN_POINT('Origin',(-1.24999999999987,-0.249999999998858,1.72));
#16195=CARTESIAN_POINT('',(-1.10979718231088,-0.235465067047997,1.5121407748188));
#16196=CARTESIAN_POINT('Origin',(1.61561039037052E-13,-0.0261065470475393,
-1.48182554760589));
#16197=CARTESIAN_POINT('',(-0.575491483157442,-0.180073188051055,0.72));
#16198=CARTESIAN_POINT('',(-0.250000000001724,-0.180073188048984,0.72));
#16199=CARTESIAN_POINT('',(-1.24192276915338,-0.249162627321778,1.70802501281333));
#16200=CARTESIAN_POINT('Origin',(0.249999999997169,0.249999999997279,1.72));
#16201=CARTESIAN_POINT('',(0.2354650670499,1.10979718231123,1.51214077481852));
#16202=CARTESIAN_POINT('Origin',(0.0261065470529867,-8.259469216925E-14,
-1.48182554760627));
#16203=CARTESIAN_POINT('',(0.180073188054688,0.575491483157981,0.72));
#16204=CARTESIAN_POINT('',(0.233845538307702,1.09417533570492,1.48898043478391));
#16205=CARTESIAN_POINT('',(0.180073188053658,0.2499999999975,0.72));
#16206=CARTESIAN_POINT('Origin',(0.250000000000332,1.25000000000041,1.72));
#16207=CARTESIAN_POINT('Origin',(-4.91510890008471E-15,-0.624365046421635,
-1.05886045856989));
#16208=CARTESIAN_POINT('',(0.125000000000232,0.575491483157981,0.72));
#16209=CARTESIAN_POINT('Origin',(-0.250000000000545,0.249999999997795,1.72));
#16210=CARTESIAN_POINT('',(-1.10979718231087,0.235465067048193,1.51214077481879));
#16211=CARTESIAN_POINT('Origin',(6.6157189122595E-15,0.0261065470542904,
-1.48182554760636));
#16212=CARTESIAN_POINT('',(-0.575491483157441,0.180073188054424,0.72));
#16213=CARTESIAN_POINT('',(-1.09417533570499,0.233845538306082,1.48898043478481));
#16214=CARTESIAN_POINT('',(-0.250000000000575,0.180073188054284,0.72));
#16215=CARTESIAN_POINT('Origin',(-1.24999999999987,0.249999999998223,1.72));
#16216=CARTESIAN_POINT('',(-1.11478869271489,-1.36522240425895E-16,1.51954099331771));
#16217=CARTESIAN_POINT('Origin',(0.624365046422004,-3.46592225156458E-16,
-1.05886045856964));
#16218=CARTESIAN_POINT('',(-0.575491483157442,0.124999999999315,0.72));
#16219=CARTESIAN_POINT('Origin',(0.624365046422004,-3.46592225156458E-16,
-1.05886045856964));
#16220=CARTESIAN_POINT('Origin',(1.31838984174237E-13,4.08006961549745E-13,
0.72));
#16221=CARTESIAN_POINT('Origin',(-1.72705047511131E-16,0.,-0.320000000000828));
#16222=CARTESIAN_POINT('',(0.899999999999996,-1.10218211923261E-16,-0.640000000001461));
#16223=CARTESIAN_POINT('Origin',(-3.45410095022156E-16,0.,-0.64000000000146));
#16224=CARTESIAN_POINT('',(0.899999999999997,-1.10218211923261E-16,-1.96995197931926E-13));
#16225=CARTESIAN_POINT('',(0.899999999999997,-1.10218211923261E-16,-0.320000000000829));
#16226=CARTESIAN_POINT('Origin',(-1.0683871269601E-28,0.,-1.96448454775772E-13));
#16227=CARTESIAN_POINT('Origin',(-0.999999999999995,0.,-0.640000000001193));
#16228=CARTESIAN_POINT('',(0.96675,-1.1839272930757E-16,-0.640000000001195));
#16229=CARTESIAN_POINT('Origin',(-3.45410095022012E-16,0.,-0.640000000001194));
#16230=CARTESIAN_POINT('Origin',(-1.52196323118822E-15,0.,-2.8200000000006));
#16231=CARTESIAN_POINT('',(0.966749999999999,-1.1839272930757E-16,-2.8200000000006));
#16232=CARTESIAN_POINT('Origin',(-2.63677968348475E-15,0.,-5.));
#16233=CARTESIAN_POINT('Origin',(-4.56851667493336E-15,0.,-1.48));
#16234=CARTESIAN_POINT('',(-1.90450168231275,0.,1.09155076599048));
#16235=CARTESIAN_POINT('Origin',(-4.56851667493336E-15,0.,-1.48));
#16236=CARTESIAN_POINT('',(1.90450168231276,-2.33234188921507E-16,1.09155076599048));
#16237=CARTESIAN_POINT('Origin',(5.89113521564714E-16,0.,1.09155076599048));
#16238=CARTESIAN_POINT('Origin',(5.89113521564714E-16,0.,1.09155076599048));
#16239=CARTESIAN_POINT('Origin',(2.94556760782239E-16,0.,0.545775382995022));
#16240=CARTESIAN_POINT('',(2.,-2.4492935982947E-16,-4.38746261544054E-13));
#16241=CARTESIAN_POINT('Origin',(-2.36423447720299E-28,0.,-4.36552121723939E-13));
#16242=CARTESIAN_POINT('',(1.95225084115638,-2.39081774375488E-16,0.54577538299502));
#16243=CARTESIAN_POINT('Origin',(-0.899999999999997,0.,-1.95962721829648E-13));
#16244=CARTESIAN_POINT('',(0.,0.,0.));
#16245=CARTESIAN_POINT('Origin',(0.,0.,0.3));
#16246=CARTESIAN_POINT('',(0.8115,-9.93800877508077E-17,0.326491577226733));
#16247=CARTESIAN_POINT('Origin',(0.,0.,0.326491577226733));
#16248=CARTESIAN_POINT('',(1.,-1.22464679914735E-16,-1.73472347597681E-16));
#16249=CARTESIAN_POINT('',(0.826794919243112,-1.01253175140237E-16,0.3));
#16250=CARTESIAN_POINT('Origin',(0.,0.,0.));
#16251=CARTESIAN_POINT('Origin',(0.,0.,0.9));
#16252=CARTESIAN_POINT('',(1.,-1.22464679914735E-16,1.2));
#16253=CARTESIAN_POINT('Origin',(0.,0.,1.2));
#16254=CARTESIAN_POINT('',(0.8115,9.93800877508077E-17,0.873508422773267));
#16255=CARTESIAN_POINT('',(0.826794919243112,-1.01253175140237E-16,0.9));
#16256=CARTESIAN_POINT('Origin',(0.,0.,0.873508422773267));
#16257=CARTESIAN_POINT('Origin',(0.00103696235454406,2.30999976725304,1.2));
#16258=CARTESIAN_POINT('',(3.79530249403045E-15,2.3094010767585,0.201726805721666));
#16259=CARTESIAN_POINT('',(4.03748156969635E-15,2.3094010767585,0.998273194278335));
#16260=CARTESIAN_POINT('',(3.67761376907083E-15,2.3094010767585,1.2));
#16261=CARTESIAN_POINT('',(-2.,1.15470053837925,0.201726805721666));
#16262=CARTESIAN_POINT('Ctrl Pts',(-2.,1.15470053837925,0.201726805721666));
#16263=CARTESIAN_POINT('Ctrl Pts',(-0.999999999999996,1.73205080756888,
-0.131606527611669));
#16264=CARTESIAN_POINT('Ctrl Pts',(3.79530249403045E-15,2.3094010767585,
0.201726805721666));
#16265=CARTESIAN_POINT('',(-2.,1.15470053837925,0.998273194278334));
#16266=CARTESIAN_POINT('',(-2.,1.15470053837925,1.2));
#16267=CARTESIAN_POINT('Ctrl Pts',(4.03748156969635E-15,2.3094010767585,
0.998273194278335));
#16268=CARTESIAN_POINT('Ctrl Pts',(-0.999999999999997,1.73205080756888,
1.33160652761167));
#16269=CARTESIAN_POINT('Ctrl Pts',(-2.,1.15470053837925,0.998273194278334));
#16270=CARTESIAN_POINT('Origin',(-2.,1.15589791936832,1.2));
#16271=CARTESIAN_POINT('',(-2.,-1.15470053837925,0.201726805721666));
#16272=CARTESIAN_POINT('Ctrl Pts',(-2.,-1.15470053837925,0.201726805721666));
#16273=CARTESIAN_POINT('Ctrl Pts',(-2.,2.08166817117217E-15,-0.131606527611667));
#16274=CARTESIAN_POINT('Ctrl Pts',(-2.,1.15470053837925,0.201726805721666));
#16275=CARTESIAN_POINT('',(-2.,-1.15470053837925,0.998273194278334));
#16276=CARTESIAN_POINT('',(-2.,-1.15470053837925,1.2));
#16277=CARTESIAN_POINT('Ctrl Pts',(-2.,1.15470053837925,0.998273194278334));
#16278=CARTESIAN_POINT('Ctrl Pts',(-2.,1.94289029309402E-15,1.33160652761167));
#16279=CARTESIAN_POINT('Ctrl Pts',(-2.,-1.15470053837925,0.998273194278334));
#16280=CARTESIAN_POINT('Origin',(0.,0.,0.101036297108185));
#16281=CARTESIAN_POINT('',(1.96,-2.40030772632881E-16,0.));
#16282=CARTESIAN_POINT('Origin',(0.,0.,0.));
#16283=CARTESIAN_POINT('',(2.,-2.02962289008787E-16,0.0230940107675842));
#16284=CARTESIAN_POINT('',(2.135,-2.6146209161796E-16,0.101036297108185));
#16285=CARTESIAN_POINT('',(2.,-1.15470053837925,0.201726805721666));
#16286=CARTESIAN_POINT('Ctrl Pts',(2.,-1.60995218188103E-16,0.0230940107675842));
#16287=CARTESIAN_POINT('Ctrl Pts',(2.,-0.535898384862246,0.0230940107675839));
#16288=CARTESIAN_POINT('Ctrl Pts',(2.,-1.15470053837925,0.201726805721666));
#16289=CARTESIAN_POINT('',(-2.43835461381421E-15,-2.3094010767585,0.201726805721666));
#16290=CARTESIAN_POINT('Ctrl Pts',(2.,-1.15470053837925,0.201726805721666));
#16291=CARTESIAN_POINT('Ctrl Pts',(0.999999999999998,-1.73205080756888,
-0.131606527611667));
#16292=CARTESIAN_POINT('Ctrl Pts',(-2.43835461381421E-15,-2.3094010767585,
0.201726805721666));
#16293=CARTESIAN_POINT('Ctrl Pts',(-2.43159529089512E-15,-2.3094010767585,
0.201726805721666));
#16294=CARTESIAN_POINT('Ctrl Pts',(-1.,-1.73205080756888,-0.131606527611668));
#16295=CARTESIAN_POINT('Ctrl Pts',(-2.,-1.15470053837925,0.201726805721666));
#16296=CARTESIAN_POINT('',(2.,1.15470053837925,0.201726805721666));
#16297=CARTESIAN_POINT('Ctrl Pts',(3.76450437606829E-15,2.3094010767585,
0.201726805721666));
#16298=CARTESIAN_POINT('Ctrl Pts',(1.,1.73205080756888,-0.131606527611668));
#16299=CARTESIAN_POINT('Ctrl Pts',(2.,1.15470053837925,0.201726805721666));
#16300=CARTESIAN_POINT('Ctrl Pts',(2.,1.15470053837925,0.201726805721666));
#16301=CARTESIAN_POINT('Ctrl Pts',(2.,0.535898384862243,0.0230940107675845));
#16302=CARTESIAN_POINT('Ctrl Pts',(2.,-1.60995218188103E-16,0.0230940107675842));
#16303=CARTESIAN_POINT('Origin',(2.00103696235454,1.15410184788471,1.2));
#16304=CARTESIAN_POINT('',(2.,1.15470053837925,0.998273194278335));
#16305=CARTESIAN_POINT('Ctrl Pts',(2.,1.15470053837925,0.998273194278335));
#16306=CARTESIAN_POINT('Ctrl Pts',(1.,1.73205080756887,1.33160652761167));
#16307=CARTESIAN_POINT('Ctrl Pts',(4.04127627730005E-15,2.3094010767585,
0.998273194278335));
#16308=CARTESIAN_POINT('',(2.,1.15470053837925,1.2));
#16309=CARTESIAN_POINT('Origin',(2.,-1.15589791936832,1.2));
#16310=CARTESIAN_POINT('',(2.,-2.19061810827597E-16,1.17690598923242));
#16311=CARTESIAN_POINT('Ctrl Pts',(2.,-1.93194261825723E-16,1.17690598923242));
#16312=CARTESIAN_POINT('Ctrl Pts',(2.,0.535898384862243,1.17690598923242));
#16313=CARTESIAN_POINT('Ctrl Pts',(2.,1.15470053837925,0.998273194278335));
#16314=CARTESIAN_POINT('',(2.,-1.15470053837925,0.998273194278335));
#16315=CARTESIAN_POINT('Ctrl Pts',(2.,-1.15470053837925,0.998273194278335));
#16316=CARTESIAN_POINT('Ctrl Pts',(2.,-0.535898384862246,1.17690598923242));
#16317=CARTESIAN_POINT('Ctrl Pts',(2.,-1.93194261825723E-16,1.17690598923242));
#16318=CARTESIAN_POINT('',(2.,-1.15470053837925,1.2));
#16319=CARTESIAN_POINT('Origin',(-0.00103696235454254,-2.30999976725304,
1.2));
#16320=CARTESIAN_POINT('',(-2.47079082493169E-15,-2.3094010767585,0.998273194278334));
#16321=CARTESIAN_POINT('Ctrl Pts',(-2.47079082493169E-15,-2.3094010767585,
0.998273194278334));
#16322=CARTESIAN_POINT('Ctrl Pts',(0.999999999999998,-1.73205080756888,
1.33160652761167));
#16323=CARTESIAN_POINT('Ctrl Pts',(2.,-1.15470053837925,0.998273194278335));
#16324=CARTESIAN_POINT('',(-2.84494650060196E-15,-2.3094010767585,1.2));
#16325=CARTESIAN_POINT('Origin',(-2.00103696235454,-1.15410184788472,1.2));
#16326=CARTESIAN_POINT('Ctrl Pts',(-2.,-1.15470053837925,0.998273194278334));
#16327=CARTESIAN_POINT('Ctrl Pts',(-1.,-1.73205080756888,1.33160652761167));
#16328=CARTESIAN_POINT('Ctrl Pts',(-2.46865630190461E-15,-2.3094010767585,
0.998273194278334));
#16329=CARTESIAN_POINT('Origin',(-1.96,0.,1.2));
#16330=CARTESIAN_POINT('',(1.96,-2.40030772632881E-16,1.2));
#16331=CARTESIAN_POINT('Origin',(0.,0.,1.2));
#16332=CARTESIAN_POINT('Origin',(0.,0.,1.09896370289182));
#16333=CARTESIAN_POINT('',(2.135,-2.6146209161796E-16,1.09896370289182));
#16334=CARTESIAN_POINT('Origin',(-1.,0.,0.));
#16335=CARTESIAN_POINT('Origin',(0.,0.,0.6));
#16336=CARTESIAN_POINT('',(0.8115,-9.93800877508077E-17,0.6));
#16337=CARTESIAN_POINT('',(0.,0.,0.));
#16338=CARTESIAN_POINT('Origin',(0.,0.,-13.8875));
#16339=CARTESIAN_POINT('',(1.21499999999999,1.48794586096403E-16,-13.835));
#16340=CARTESIAN_POINT('Origin',(-1.19645369438514E-14,0.,-13.835));
#16341=CARTESIAN_POINT('',(1.05000000000001,-1.28587913910474E-16,-14.));
#16342=CARTESIAN_POINT('',(1.16250000000002,-1.42365190400882E-16,-13.8875));
#16343=CARTESIAN_POINT('Origin',(0.,0.,-14.));
#16344=CARTESIAN_POINT('Origin',(0.5406529271622,0.540652927173696,2.11990868576914));
#16345=CARTESIAN_POINT('',(0.266846831041435,0.536189124623935,2.07490758316808));
#16346=CARTESIAN_POINT('',(0.536189124612484,0.266846831052984,2.07490758316885));
#16347=CARTESIAN_POINT('Ctrl Pts',(0.266846831041435,0.536189124623935,
2.07490758316808));
#16348=CARTESIAN_POINT('Ctrl Pts',(0.267162593032379,0.502725059355639,
2.07942319001865));
#16349=CARTESIAN_POINT('Ctrl Pts',(0.274145002643634,0.466988026599823,
2.08333835496629));
#16350=CARTESIAN_POINT('Ctrl Pts',(0.301898725789923,0.400946746143458,
2.08855063043718));
#16351=CARTESIAN_POINT('Ctrl Pts',(0.322733119411623,0.370666755230033,
2.08983605542158));
#16352=CARTESIAN_POINT('Ctrl Pts',(0.346699937315082,0.346699937326584,
2.08983605542165));
#16353=CARTESIAN_POINT('Ctrl Pts',(0.370666755218537,0.322733119423137,
2.08983605542171));
#16354=CARTESIAN_POINT('Ctrl Pts',(0.40094674613197,0.301898725801446,2.08855063043747));
#16355=CARTESIAN_POINT('Ctrl Pts',(0.466988026588353,0.274145002655171,
2.08333835496684));
#16356=CARTESIAN_POINT('Ctrl Pts',(0.502725059344179,0.267162593043923,
2.07942319001932));
#16357=CARTESIAN_POINT('Ctrl Pts',(0.536189124612484,0.266846831052984,
2.07490758316885));
#16358=CARTESIAN_POINT('',(0.193080506855224,0.462422800437727,1.02));
#16359=CARTESIAN_POINT('',(0.271310633592048,0.540652927174548,2.13874293368006));
#16360=CARTESIAN_POINT('',(0.462422800426219,0.193080506866722,1.02));
#16361=CARTESIAN_POINT('Origin',(0.463739819337145,0.463739819348643,1.02));
#16362=CARTESIAN_POINT('',(0.540652927163043,0.271310633603543,2.13874293368006));
#16363=CARTESIAN_POINT('Origin',(1.35000000000032,0.270000000007361,2.12));
#16364=CARTESIAN_POINT('',(1.21640638196111,0.256150247821139,1.92193931625265));
#16365=CARTESIAN_POINT('Origin',(2.61957104300229E-14,-0.00966001263689788,
-1.87932450611297));
#16366=CARTESIAN_POINT('',(0.608040631473718,0.193080506867178,1.02));
#16367=CARTESIAN_POINT('',(0.269999999997844,0.19308050686612,1.02));
#16368=CARTESIAN_POINT('',(1.34127659068635,0.269095637516168,2.10706701383875));
#16369=CARTESIAN_POINT('Origin',(1.35000000000082,-0.26999999999638,2.12));
#16370=CARTESIAN_POINT('',(1.2164063819619,-0.256150247810312,1.92193931625313));
#16371=CARTESIAN_POINT('Origin',(-0.926508258577446,-8.58620988199605E-13,
-1.25506228866467));
#16372=CARTESIAN_POINT('',(0.608040631474076,-0.193080506856867,1.02));
#16373=CARTESIAN_POINT('',(0.608040631474022,-0.134999999999902,1.02));
#16374=CARTESIAN_POINT('',(1.18170936255919,-0.25255318136824,1.87049886956294));
#16375=CARTESIAN_POINT('Origin',(0.269999999981533,-0.269999999993976,2.12));
#16376=CARTESIAN_POINT('',(0.536189124628617,-0.266846831042635,2.07490758316736));
#16377=CARTESIAN_POINT('Origin',(1.74666302527229E-14,0.00966001264661155,
-1.87932450611229));
#16378=CARTESIAN_POINT('',(0.46242280044288,-0.193080506856543,1.02));
#16379=CARTESIAN_POINT('',(0.269999999981704,-0.193080506856115,1.02));
#16380=CARTESIAN_POINT('',(0.540652927179222,-0.271310633593262,2.1387429336796));
#16381=CARTESIAN_POINT('Origin',(0.540652927178623,-0.540652927163414,2.11990868576869));
#16382=CARTESIAN_POINT('',(0.266846831057948,-0.536189124612173,2.07490758316856));
#16383=CARTESIAN_POINT('Ctrl Pts',(0.536189124628617,-0.266846831042635,
2.07490758316736));
#16384=CARTESIAN_POINT('Ctrl Pts',(0.50272505936058,-0.267162593033611,
2.07942319001794));
#16385=CARTESIAN_POINT('Ctrl Pts',(0.466988026605091,-0.274145002644788,
2.08333835496559));
#16386=CARTESIAN_POINT('Ctrl Pts',(0.400946746148957,-0.301898725790805,
2.08855063043656));
#16387=CARTESIAN_POINT('Ctrl Pts',(0.370666755235486,-0.322733119412435,
2.089836055421));
#16388=CARTESIAN_POINT('Ctrl Pts',(0.346699937331982,-0.346699937315839,
2.08983605542111));
#16389=CARTESIAN_POINT('Ctrl Pts',(0.322733119428481,-0.370666755219239,
2.08983605542121));
#16390=CARTESIAN_POINT('Ctrl Pts',(0.30189872580672,-0.400946746132623,
2.088550630437));
#16391=CARTESIAN_POINT('Ctrl Pts',(0.274145002660413,-0.466988026588652,
2.08333835496644));
#16392=CARTESIAN_POINT('Ctrl Pts',(0.267162593049075,-0.502725059344124,
2.07942319001898));
#16393=CARTESIAN_POINT('Ctrl Pts',(0.266846831057948,-0.536189124612173,
2.07490758316856));
#16394=CARTESIAN_POINT('',(0.193080506872128,-0.462422800425998,1.02));
#16395=CARTESIAN_POINT('Origin',(0.463739819354041,-0.463739819338462,1.02));
#16396=CARTESIAN_POINT('',(0.27131063360847,-0.540652927162717,2.1387429336796));
#16397=CARTESIAN_POINT('Origin',(0.270000000007691,-1.3500000000053,2.12));
#16398=CARTESIAN_POINT('',(0.25615024782214,-1.21640638196506,1.92193931625132));
#16399=CARTESIAN_POINT('Origin',(-0.00966001262888597,2.50216667817494E-14,
-1.87932450611353));
#16400=CARTESIAN_POINT('',(0.193080506871751,-0.608040631477968,1.02));
#16401=CARTESIAN_POINT('',(0.193080506872627,-0.26999999999516,1.02));
#16402=CARTESIAN_POINT('',(0.269095637516516,-1.34127659069102,2.10706701383831));
#16403=CARTESIAN_POINT('Origin',(-0.269999999994892,-1.35000000000067,2.12));
#16404=CARTESIAN_POINT('',(-0.256150247810032,-1.2164063819619,1.92193931625315));
#16405=CARTESIAN_POINT('Origin',(7.93166141321925E-12,0.926508258575783,
-1.25506228866579));
#16406=CARTESIAN_POINT('',(-0.193080506862079,-0.608040631474661,1.02));
#16407=CARTESIAN_POINT('',(-0.134999999996464,-0.608040631475158,1.02));
#16408=CARTESIAN_POINT('',(-0.25255318136845,-1.18170936256093,1.87049886956549));
#16409=CARTESIAN_POINT('Origin',(-0.270000000002241,-0.269999999991635,
2.12));
#16410=CARTESIAN_POINT('',(-0.266846831048485,-0.536189124626888,2.07490758316721));
#16411=CARTESIAN_POINT('Origin',(0.00966001263596014,6.57373068249475E-14,
-1.87932450611303));
#16412=CARTESIAN_POINT('',(-0.19308050686307,-0.462422800441559,1.02));
#16413=CARTESIAN_POINT('',(-0.19308050686438,-0.269999999991112,1.02));
#16414=CARTESIAN_POINT('',(-0.271310633599067,-0.540652927177465,2.13874293367938));
#16415=CARTESIAN_POINT('Origin',(-0.54065292716821,0.540652927168676,2.11990868576917));
#16416=CARTESIAN_POINT('',(-0.536189124617729,0.266846831047949,2.07490758316848));
#16417=CARTESIAN_POINT('',(-0.266846831047461,0.536189124618972,2.07490758316835));
#16418=CARTESIAN_POINT('Ctrl Pts',(-0.536189124617729,0.266846831047949,
2.07490758316848));
#16419=CARTESIAN_POINT('Ctrl Pts',(-0.50272505934953,0.267162593038981,
2.07942319001898));
#16420=CARTESIAN_POINT('Ctrl Pts',(-0.466988026593852,0.274145002650285,
2.08333835496653));
#16421=CARTESIAN_POINT('Ctrl Pts',(-0.400946746137632,0.301898725796612,
2.08855063043726));
#16422=CARTESIAN_POINT('Ctrl Pts',(-0.370666755224232,0.32273311941835,
2.08983605542157));
#16423=CARTESIAN_POINT('Ctrl Pts',(-0.346699937320814,0.346699937321836,
2.08983605542156));
#16424=CARTESIAN_POINT('Ctrl Pts',(-0.322733119417394,0.370666755225322,
2.08983605542155));
#16425=CARTESIAN_POINT('Ctrl Pts',(-0.301898725795741,0.40094674613878,
2.08855063043722));
#16426=CARTESIAN_POINT('Ctrl Pts',(-0.274145002649601,0.466988026595077,
2.08333835496644));
#16427=CARTESIAN_POINT('Ctrl Pts',(-0.267162593038398,0.502725059350772,
2.07942319001886));
#16428=CARTESIAN_POINT('Ctrl Pts',(-0.266846831047461,0.536189124618971,
2.07490758316835));
#16429=CARTESIAN_POINT('',(-0.462422800431483,0.193080506861914,1.02));
#16430=CARTESIAN_POINT('',(-0.540652927168317,0.271310633598524,2.13874293368009));
#16431=CARTESIAN_POINT('',(-0.193080506861223,0.462422800432946,1.02));
#16432=CARTESIAN_POINT('Origin',(-0.463739819343144,0.463739819343831,1.02));
#16433=CARTESIAN_POINT('',(-0.271310633598058,0.540652927169556,2.13874293368009));
#16434=CARTESIAN_POINT('Origin',(-0.270000000001983,1.34999999999613,2.12));
#16435=CARTESIAN_POINT('',(-0.25615024781584,1.21640638195791,1.92193931625403));
#16436=CARTESIAN_POINT('Origin',(0.00966001264243227,3.15462112830842E-14,
-1.87932450611258));
#16437=CARTESIAN_POINT('',(-0.193080506861699,0.608040631469825,1.02));
#16438=CARTESIAN_POINT('',(-0.193080506860595,0.26999999999995,1.02));
#16439=CARTESIAN_POINT('',(-0.269095637510831,1.34127659068257,2.10706701383935));
#16440=CARTESIAN_POINT('Origin',(-0.54065292716922,-0.540652927179298,2.11990868576847));
#16441=CARTESIAN_POINT('',(-0.536189124616542,-0.266846831058618,2.07490758316792));
#16442=CARTESIAN_POINT('Ctrl Pts',(-0.266846831048485,-0.536189124626888,
2.07490758316721));
#16443=CARTESIAN_POINT('Ctrl Pts',(-0.267162593039756,-0.502725059359404,
2.07942319001767));
#16444=CARTESIAN_POINT('Ctrl Pts',(-0.274145002651009,-0.466988026604662,
2.0833383549652));
#16445=CARTESIAN_POINT('Ctrl Pts',(-0.301898725796877,-0.400946746149205,
2.08855063043608));
#16446=CARTESIAN_POINT('Ctrl Pts',(-0.32273311941856,-0.37066675523577,
2.08983605542048));
#16447=CARTESIAN_POINT('Ctrl Pts',(-0.346699937322004,-0.346699937332307,
2.08983605542054));
#16448=CARTESIAN_POINT('Ctrl Pts',(-0.370666755225445,-0.322733119428847,
2.08983605542061));
#16449=CARTESIAN_POINT('Ctrl Pts',(-0.400946746138864,-0.301898725807138,
2.08855063043634));
#16450=CARTESIAN_POINT('Ctrl Pts',(-0.466988026594306,-0.27414500266121,
2.08333835496572));
#16451=CARTESIAN_POINT('Ctrl Pts',(-0.50272505934905,-0.267162593049922,
2.0794231900183));
#16452=CARTESIAN_POINT('Ctrl Pts',(-0.536189124616542,-0.266846831058618,
2.07490758316792));
#16453=CARTESIAN_POINT('',(-0.462422800431078,-0.193080506873239,1.02));
#16454=CARTESIAN_POINT('Origin',(-0.463739819344978,-0.463739819355145,
1.02));
#16455=CARTESIAN_POINT('',(-0.540652927167074,-0.271310633609145,2.13874293367938));
#16456=CARTESIAN_POINT('Origin',(-1.34999999999918,-0.270000000004031,2.12));
#16457=CARTESIAN_POINT('',(-1.21640638196024,-0.256150247819319,1.92193931625306));
#16458=CARTESIAN_POINT('Origin',(7.29108280406287E-14,0.00966001262530666,
-1.87932450611378));
#16459=CARTESIAN_POINT('',(-0.608040631472515,-0.193080506872079,1.02));
#16460=CARTESIAN_POINT('',(-0.270000000001125,-0.193080506874772,1.02));
#16461=CARTESIAN_POINT('',(-1.34127659068606,-0.269095637513022,2.10706701384));
#16462=CARTESIAN_POINT('Origin',(0.269999999992477,0.269999999991635,2.12));
#16463=CARTESIAN_POINT('',(0.256150247809742,1.21640638196014,1.92193931625373));
#16464=CARTESIAN_POINT('Origin',(-0.0096600126483558,3.05593836486264E-14,
-1.87932450611217));
#16465=CARTESIAN_POINT('',(0.193080506855685,0.608040631471661,1.02));
#16466=CARTESIAN_POINT('',(0.25255318136779,1.18170936255888,1.87049886956572));
#16467=CARTESIAN_POINT('',(0.193080506854615,0.269999999991879,1.02));
#16468=CARTESIAN_POINT('Origin',(0.269999999995893,1.3499999999987,2.12));
#16469=CARTESIAN_POINT('Origin',(4.40193386777517E-12,-0.926508258579613,
-1.25506228866321));
#16470=CARTESIAN_POINT('',(0.134999999998673,0.608040631471385,1.02));
#16471=CARTESIAN_POINT('Origin',(-0.269999999998457,0.269999999999699,2.12));
#16472=CARTESIAN_POINT('',(-1.21640638196042,0.256150247814318,1.92193931625333));
#16473=CARTESIAN_POINT('Origin',(-7.86660102639874E-15,-0.00966001264042498,
-1.87932450611272));
#16474=CARTESIAN_POINT('',(-0.608040631472514,0.193080506861972,1.02));
#16475=CARTESIAN_POINT('',(-1.18170936256049,0.252553181372597,1.87049886956726));
#16476=CARTESIAN_POINT('',(-0.269999999998487,0.193080506861838,1.02));
#16477=CARTESIAN_POINT('Origin',(-1.34999999999918,0.270000000000127,2.12));
#16478=CARTESIAN_POINT('',(-1.22118820731793,-1.49552422924839E-16,1.92902866388662));
#16479=CARTESIAN_POINT('Origin',(0.926508258578394,-9.52435927010347E-16,
-1.25506228866403));
#16480=CARTESIAN_POINT('',(-0.608040631472515,0.134999999998414,1.02));
#16481=CARTESIAN_POINT('Origin',(0.926508258578394,-9.52435927010347E-16,
-1.25506228866403));
#16482=CARTESIAN_POINT('Origin',(8.16291478855646E-13,-3.30013794069828E-12,
1.02));
#16483=CARTESIAN_POINT('Origin',(1.98286046892117E-15,0.,-0.360000000000324));
#16484=CARTESIAN_POINT('',(1.13750000000001,-1.39303573403013E-16,-0.720000000000401));
#16485=CARTESIAN_POINT('Origin',(1.61023983303254E-15,0.,-0.720000000000399));
#16486=CARTESIAN_POINT('',(1.13750000000001,-1.39303573403013E-16,-2.50077736296817E-13));
#16487=CARTESIAN_POINT('',(1.13750000000001,-1.39303573403013E-16,-0.360000000000326));
#16488=CARTESIAN_POINT('Origin',(2.3554811048098E-15,0.,-2.48852479799579E-13));
#16489=CARTESIAN_POINT('Origin',(-1.24999999999992,0.,-0.720000000000098));
#16490=CARTESIAN_POINT('',(1.215,-1.48794586096403E-16,-0.720000000000101));
#16491=CARTESIAN_POINT('Origin',(1.61023983303285E-15,0.,-0.720000000000099));
#16492=CARTESIAN_POINT('Origin',(-5.26254078446704E-15,0.,-7.36000000000005));
#16493=CARTESIAN_POINT('',(1.21499999999999,-1.48794586096403E-16,-7.36000000000005));
#16494=CARTESIAN_POINT('Origin',(-1.22124532708767E-14,0.,-14.));
#16495=CARTESIAN_POINT('Origin',(-4.03473063172583E-15,0.,-1.88));
#16496=CARTESIAN_POINT('',(-2.38343378652612,0.,1.33235791674091));
#16497=CARTESIAN_POINT('Origin',(-4.03473063172583E-15,0.,-1.88));
#16498=CARTESIAN_POINT('',(2.38343378652612,-2.91886455764887E-16,1.3323579167409));
#16499=CARTESIAN_POINT('Origin',(3.73454792194101E-15,0.,1.33235791674091));
#16500=CARTESIAN_POINT('Origin',(3.73454792194101E-15,0.,1.33235791674091));
#16501=CARTESIAN_POINT('Origin',(3.04501451337525E-15,0.,0.66617895837018));
#16502=CARTESIAN_POINT('',(2.50000000000002,-3.0616169978684E-16,-5.50948175970234E-13));
#16503=CARTESIAN_POINT('Origin',(2.35548110480949E-15,0.,-5.4692852703204E-13));
#16504=CARTESIAN_POINT('',(2.44171689326307,-2.99024077775863E-16,0.666178958370177));
#16505=CARTESIAN_POINT('Origin',(-1.13750000000001,0.,-2.47675102095904E-13));
#16506=CARTESIAN_POINT('',(0.,0.,0.));
#16507=CARTESIAN_POINT('Origin',(0.,0.,0.4));
#16508=CARTESIAN_POINT('',(1.03775,-1.27087721581517E-16,0.367627783906493));
#16509=CARTESIAN_POINT('Origin',(0.,0.,0.367627783906493));
#16510=CARTESIAN_POINT('',(1.25,-1.53080849893419E-16,-6.93889390390723E-17));
#16511=CARTESIAN_POINT('',(1.01905989232415,-1.24798843527422E-16,0.4));
#16512=CARTESIAN_POINT('Origin',(0.,0.,0.));
#16513=CARTESIAN_POINT('Origin',(0.,0.,1.2));
#16514=CARTESIAN_POINT('',(1.25,-1.53080849893419E-16,1.6));
#16515=CARTESIAN_POINT('Origin',(0.,0.,1.6));
#16516=CARTESIAN_POINT('',(1.03775,1.27087721581517E-16,1.23237221609351));
#16517=CARTESIAN_POINT('',(1.01905989232415,-1.24798843527422E-16,1.2));
#16518=CARTESIAN_POINT('Origin',(0.,0.,1.23237221609351));
#16519=CARTESIAN_POINT('Origin',(0.00129620294317831,2.88749970906629,1.6));
#16520=CARTESIAN_POINT('',(4.03800836915767E-15,2.88675134594813,0.252158507152082));
#16521=CARTESIAN_POINT('',(3.78741326947525E-15,2.88675134594813,1.34784149284792));
#16522=CARTESIAN_POINT('',(4.85722573273506E-15,2.88675134594813,1.6));
#16523=CARTESIAN_POINT('',(-2.5,1.44337567297407,0.252158507152083));
#16524=CARTESIAN_POINT('Ctrl Pts',(-2.5,1.44337567297407,0.252158507152083));
#16525=CARTESIAN_POINT('Ctrl Pts',(-1.25,2.1650635094611,-0.164508159514586));
#16526=CARTESIAN_POINT('Ctrl Pts',(4.03800836915767E-15,2.88675134594813,
0.252158507152082));
#16527=CARTESIAN_POINT('',(-2.5,1.44337567297407,1.34784149284792));
#16528=CARTESIAN_POINT('',(-2.5,1.44337567297407,1.6));
#16529=CARTESIAN_POINT('Ctrl Pts',(3.78741326947525E-15,2.88675134594813,
1.34784149284792));
#16530=CARTESIAN_POINT('Ctrl Pts',(-1.25,2.1650635094611,1.76450815951459));
#16531=CARTESIAN_POINT('Ctrl Pts',(-2.5,1.44337567297407,1.34784149284792));
#16532=CARTESIAN_POINT('Origin',(-2.5,1.4448723992104,1.6));
#16533=CARTESIAN_POINT('',(-2.5,-1.44337567297406,0.252158507152083));
#16534=CARTESIAN_POINT('Ctrl Pts',(-2.5,-1.44337567297406,0.252158507152083));
#16535=CARTESIAN_POINT('Ctrl Pts',(-2.5,2.77555756156289E-15,-0.164508159514584));
#16536=CARTESIAN_POINT('Ctrl Pts',(-2.5,1.44337567297407,0.252158507152083));
#16537=CARTESIAN_POINT('',(-2.5,-1.44337567297406,1.34784149284792));
#16538=CARTESIAN_POINT('',(-2.5,-1.44337567297406,1.6));
#16539=CARTESIAN_POINT('Ctrl Pts',(-2.5,1.44337567297407,1.34784149284792));
#16540=CARTESIAN_POINT('Ctrl Pts',(-2.5,2.22044604925031E-15,1.76450815951458));
#16541=CARTESIAN_POINT('Ctrl Pts',(-2.5,-1.44337567297406,1.34784149284792));
#16542=CARTESIAN_POINT('Origin',(0.,0.,0.126295371385231));
#16543=CARTESIAN_POINT('',(2.45,-3.00038465791102E-16,0.));
#16544=CARTESIAN_POINT('Origin',(0.,0.,0.));
#16545=CARTESIAN_POINT('',(2.5,-2.81877024443901E-16,0.0288675134594798));
#16546=CARTESIAN_POINT('',(2.66875,-3.2682761452245E-16,0.126295371385231));
#16547=CARTESIAN_POINT('',(2.5,-1.44337567297407,0.252158507152083));
#16548=CARTESIAN_POINT('Ctrl Pts',(2.5,-2.57592349100964E-16,0.0288675134594798));
#16549=CARTESIAN_POINT('Ctrl Pts',(2.5,-0.669872981077807,0.0288675134594796));
#16550=CARTESIAN_POINT('Ctrl Pts',(2.5,-1.44337567297407,0.252158507152083));
#16551=CARTESIAN_POINT('',(-2.56562273276283E-15,-2.88675134594813,0.252158507152082));
#16552=CARTESIAN_POINT('Ctrl Pts',(2.5,-1.44337567297407,0.252158507152083));
#16553=CARTESIAN_POINT('Ctrl Pts',(1.25,-2.1650635094611,-0.164508159514584));
#16554=CARTESIAN_POINT('Ctrl Pts',(-2.56562273276283E-15,-2.88675134594813,
0.252158507152082));
#16555=CARTESIAN_POINT('Ctrl Pts',(-2.72611853560858E-15,-2.88675134594813,
0.252158507152082));
#16556=CARTESIAN_POINT('Ctrl Pts',(-1.25,-2.16506350946109,-0.164508159514585));
#16557=CARTESIAN_POINT('Ctrl Pts',(-2.5,-1.44337567297406,0.252158507152083));
#16558=CARTESIAN_POINT('',(2.5,1.44337567297406,0.252158507152082));
#16559=CARTESIAN_POINT('Ctrl Pts',(4.15137525881819E-15,2.88675134594813,
0.252158507152082));
#16560=CARTESIAN_POINT('Ctrl Pts',(1.25,2.16506350946109,-0.164508159514585));
#16561=CARTESIAN_POINT('Ctrl Pts',(2.5,1.44337567297406,0.252158507152082));
#16562=CARTESIAN_POINT('Ctrl Pts',(2.5,1.44337567297406,0.252158507152082));
#16563=CARTESIAN_POINT('Ctrl Pts',(2.5,0.669872981077805,0.02886751345948));
#16564=CARTESIAN_POINT('Ctrl Pts',(2.5,-2.57592349100964E-16,0.0288675134594798));
#16565=CARTESIAN_POINT('Origin',(2.50129620294317,1.44262730985589,1.6));
#16566=CARTESIAN_POINT('',(2.5,1.44337567297406,1.34784149284792));
#16567=CARTESIAN_POINT('Ctrl Pts',(2.5,1.44337567297406,1.34784149284792));
#16568=CARTESIAN_POINT('Ctrl Pts',(1.25,2.16506350946109,1.76450815951458));
#16569=CARTESIAN_POINT('Ctrl Pts',(3.72764662471698E-15,2.88675134594813,
1.34784149284792));
#16570=CARTESIAN_POINT('',(2.5,1.44337567297406,1.6));
#16571=CARTESIAN_POINT('Origin',(2.5,-1.4448723992104,1.6));
#16572=CARTESIAN_POINT('',(2.5,-1.8527989353104E-16,1.57113248654052));
#16573=CARTESIAN_POINT('Ctrl Pts',(2.5,-6.43980872752411E-17,1.57113248654052));
#16574=CARTESIAN_POINT('Ctrl Pts',(2.5,0.669872981077805,1.57113248654052));
#16575=CARTESIAN_POINT('Ctrl Pts',(2.5,1.44337567297406,1.34784149284792));
#16576=CARTESIAN_POINT('',(2.5,-1.44337567297407,1.34784149284792));
#16577=CARTESIAN_POINT('Ctrl Pts',(2.5,-1.44337567297407,1.34784149284792));
#16578=CARTESIAN_POINT('Ctrl Pts',(2.5,-0.669872981077808,1.57113248654052));
#16579=CARTESIAN_POINT('Ctrl Pts',(2.5,-6.43980872752411E-17,1.57113248654052));
#16580=CARTESIAN_POINT('',(2.5,-1.44337567297407,1.6));
#16581=CARTESIAN_POINT('Origin',(-0.00129620294317651,-2.88749970906629,
1.6));
#16582=CARTESIAN_POINT('',(-3.38157764477626E-15,-2.88675134594813,1.34784149284792));
#16583=CARTESIAN_POINT('Ctrl Pts',(-3.38157764477626E-15,-2.88675134594813,
1.34784149284792));
#16584=CARTESIAN_POINT('Ctrl Pts',(1.25,-2.1650635094611,1.76450815951458));
#16585=CARTESIAN_POINT('Ctrl Pts',(2.5,-1.44337567297407,1.34784149284792));
#16586=CARTESIAN_POINT('',(-3.05311331771918E-15,-2.88675134594813,1.6));
#16587=CARTESIAN_POINT('Origin',(-2.50129620294317,-1.4426273098559,1.6));
#16588=CARTESIAN_POINT('Ctrl Pts',(-2.5,-1.44337567297406,1.34784149284792));
#16589=CARTESIAN_POINT('Ctrl Pts',(-1.25,-2.16506350946109,1.76450815951458));
#16590=CARTESIAN_POINT('Ctrl Pts',(-3.52127031843744E-15,-2.88675134594813,
1.34784149284792));
#16591=CARTESIAN_POINT('Origin',(-2.45,0.,1.6));
#16592=CARTESIAN_POINT('',(2.45,-3.00038465791102E-16,1.6));
#16593=CARTESIAN_POINT('Origin',(0.,0.,1.6));
#16594=CARTESIAN_POINT('Origin',(0.,0.,1.47370462861477));
#16595=CARTESIAN_POINT('',(2.66875,-3.2682761452245E-16,1.47370462861477));
#16596=CARTESIAN_POINT('Origin',(-1.25,0.,0.));
#16597=CARTESIAN_POINT('Origin',(0.,0.,0.8));
#16598=CARTESIAN_POINT('',(1.03775,-1.27087721581517E-16,0.8));
#16599=CARTESIAN_POINT('',(0.,0.,0.));
#16600=CARTESIAN_POINT('Origin',(7.00000000000004,-193.,0.));
#16601=CARTESIAN_POINT('',(2.00000000000001,5.00000000000001,-6.12303176911189E-16));
#16602=CARTESIAN_POINT('Origin',(7.00000000000001,5.00000000000001,0.));
#16603=CARTESIAN_POINT('',(2.00000000000001,7.00000000000001,-6.12303176911189E-16));
#16604=CARTESIAN_POINT('',(2.00000000000004,-193.,-6.12323399573677E-16));
#16605=CARTESIAN_POINT('Origin',(7.00000000000001,7.00000000000001,0.));
#16606=CARTESIAN_POINT('Origin',(7.00000000000001,5.1,0.));
#16607=CARTESIAN_POINT('',(3.16712818196178,5.1,-4.69375918175634E-16));
#16608=CARTESIAN_POINT('Origin',(7.00000000000001,5.1,0.));
#16609=CARTESIAN_POINT('',(2.60000000000001,5.00000000000001,-5.38826795681846E-16));
#16610=CARTESIAN_POINT('',(3.16712818196178,5.1,-4.69391420350262E-16));
#16611=CARTESIAN_POINT('Origin',(7.00000000000001,5.00000000000001,0.));
#16612=CARTESIAN_POINT('Origin',(7.00000000000001,4.70000000000001,0.));
#16613=CARTESIAN_POINT('',(3.70000000000001,4.70000000000001,-4.04120096761384E-16));
#16614=CARTESIAN_POINT('Origin',(7.00000000000001,4.70000000000001,0.));
#16615=CARTESIAN_POINT('',(3.30000000000001,5.1,4.5310435091428E-16));
#16616=CARTESIAN_POINT('Origin',(3.30000000000001,4.70000000000001,-4.53119315684521E-16));
#16617=CARTESIAN_POINT('Origin',(7.00000000000001,5.1,0.));
#16618=CARTESIAN_POINT('Origin',(7.00000000000004,-193.,0.));
#16619=CARTESIAN_POINT('',(3.70000000000001,3.74641016151378,-4.04120096761384E-16));
#16620=CARTESIAN_POINT('Origin',(7.00000000000001,3.74641016151378,0.));
#16621=CARTESIAN_POINT('',(3.70000000000004,-193.,-4.04133443718627E-16));
#16622=CARTESIAN_POINT('Origin',(7.00000000000001,3.00000000000001,0.));
#16623=CARTESIAN_POINT('',(3.50000000000001,3.00000000000001,-4.28612223837832E-16));
#16624=CARTESIAN_POINT('Origin',(7.00000000000001,3.00000000000001,0.));
#16625=CARTESIAN_POINT('',(3.50000000000001,3.00000000000001,-4.28626379701574E-16));
#16626=CARTESIAN_POINT('Origin',(7.00000000000004,-193.,0.));
#16627=CARTESIAN_POINT('',(3.50000000000001,-1.11022302462516E-15,4.28612223837832E-16));
#16628=CARTESIAN_POINT('',(10.5,0.,-4.28626379701574E-16));
#16629=CARTESIAN_POINT('Origin',(7.00000000000001,0.,0.));
#16630=CARTESIAN_POINT('',(3.50000000000004,-193.,-4.28626379701574E-16));
#16631=CARTESIAN_POINT('Origin',(7.00000000000001,0.,0.));
#16632=CARTESIAN_POINT('Origin',(7.00000000000001,-1.,0.));
#16633=CARTESIAN_POINT('',(10.2320508075689,-1.,0.));
#16634=CARTESIAN_POINT('',(10.2320508075689,-1.,-3.95812067617085E-16));
#16635=CARTESIAN_POINT('Origin',(7.00000000000001,-1.,0.));
#16636=CARTESIAN_POINT('Origin',(7.00000000000004,-193.,0.));
#16637=CARTESIAN_POINT('',(5.25000000000001,6.00000000000001,2.14306111918916E-16));
#16638=CARTESIAN_POINT('Origin',(7.00000000000001,6.00000000000001,0.));
#16639=CARTESIAN_POINT('',(5.25000000000001,-1.,-2.14306111918916E-16));
#16640=CARTESIAN_POINT('',(5.25000000000004,-193.,-2.14313189850787E-16));
#16641=CARTESIAN_POINT('Origin',(7.00000000000001,-1.,0.));
#16642=CARTESIAN_POINT('Origin',(7.00000000000001,6.00000000000001,0.));
#16643=CARTESIAN_POINT('',(4.25000000000001,7.00000000000001,3.36766747301154E-16));
#16644=CARTESIAN_POINT('Origin',(7.00000000000001,7.00000000000001,0.));
#16645=CARTESIAN_POINT('Origin',(4.25000000000001,6.00000000000001,-3.36777869765522E-16));
#16646=CARTESIAN_POINT('Origin',(12.,7.00000000000001,0.));
#16647=CARTESIAN_POINT('Origin',(8.75000000000001,-0.99999999999999,0.));
#16648=CARTESIAN_POINT('Origin',(10.7,5.10000000000001,0.));
#16649=CARTESIAN_POINT('Origin',(11.4,5.00000000000001,0.));
#16650=CARTESIAN_POINT('',(2.22044604925031E-15,0.0500000000000167,0.));
#16651=CARTESIAN_POINT('',(4.44089209850063E-15,-27.49,-32.));
#16652=CARTESIAN_POINT('',(5.499261314031,-20.95,-16.675));
#16653=CARTESIAN_POINT('',(-5.499261314031,-20.95,-16.675));
#16654=CARTESIAN_POINT('',(4.44089209850063E-15,-20.95,-7.15000000000001));
#16655=CARTESIAN_POINT('',(5.49926131403102,-31.49,-16.675));
#16656=CARTESIAN_POINT('',(-5.49926131403101,-31.49,-16.675));
#16657=CARTESIAN_POINT('',(6.66133814775094E-15,-31.49,-7.15000000000001));
#16658=CARTESIAN_POINT('',(2.44249065417534E-14,-27.54,-43.5));
#16659=CARTESIAN_POINT('',(-10.,-34.99,-28.));
#16660=CARTESIAN_POINT('',(-10.,-19.99,-28.));
#16661=CARTESIAN_POINT('',(10.,-34.99,-28.));
#16662=CARTESIAN_POINT('',(10.,-19.99,-28.));
#16663=CARTESIAN_POINT('',(7.67275351244076E-15,-23.49,6.49999999999999));
#16664=CARTESIAN_POINT('',(8.4367665161963E-15,-29.49,6.49999999999999));
#16665=CARTESIAN_POINT('',(2.22044604925031E-15,-3.94999999999994,-13.5));
#16666=CARTESIAN_POINT('',(2.22044604925031E-15,6.05000000000002,-13.5));
#16667=CARTESIAN_POINT('',(-13.1,5.05000000000002,-13.5));
#16668=CARTESIAN_POINT('',(0.,0.,0.));
#16669=CARTESIAN_POINT('',(-8.88178419700125E-15,1.93999999999999,1.55431223447522E-14));
#16670=CARTESIAN_POINT('',(13.1,5.05000000000001,-13.5));
#16671=CARTESIAN_POINT('',(13.1,8.05000000000002,-13.5));
#16672=CARTESIAN_POINT('',(-13.1,8.05000000000002,-13.5));
#16673=CARTESIAN_POINT('',(2.3921460057189E-15,-13.9499999999999,-21.));
#16674=CARTESIAN_POINT('',(2.60215148961276E-15,-13.9499999999999,-6.));
#16675=CARTESIAN_POINT('',(1.03872381200353E-14,-3.94999999999994,-21.));
#16676=CARTESIAN_POINT('',(1.05972436039291E-14,-3.94999999999994,-6.));
#16677=CARTESIAN_POINT('',(-7.00000000000002,-69.01,-13.5));
#16678=CARTESIAN_POINT('Origin',(0.,0.,0.));
#16679=UNCERTAINTY_MEASURE_WITH_UNIT(LENGTH_MEASURE(0.01),#16723,
'DISTANCE_ACCURACY_VALUE',
'Maximum model space distance between geometric entities at asserted c
onnectivities');
#16680=UNCERTAINTY_MEASURE_WITH_UNIT(LENGTH_MEASURE(0.01),#16723,
'DISTANCE_ACCURACY_VALUE',
'Maximum model space distance between geometric entities at asserted c
onnectivities');
#16681=UNCERTAINTY_MEASURE_WITH_UNIT(LENGTH_MEASURE(0.01),#16723,
'DISTANCE_ACCURACY_VALUE',
'Maximum model space distance between geometric entities at asserted c
onnectivities');
#16682=UNCERTAINTY_MEASURE_WITH_UNIT(LENGTH_MEASURE(0.01),#16723,
'DISTANCE_ACCURACY_VALUE',
'Maximum model space distance between geometric entities at asserted c
onnectivities');
#16683=UNCERTAINTY_MEASURE_WITH_UNIT(LENGTH_MEASURE(0.01),#16723,
'DISTANCE_ACCURACY_VALUE',
'Maximum model space distance between geometric entities at asserted c
onnectivities');
#16684=UNCERTAINTY_MEASURE_WITH_UNIT(LENGTH_MEASURE(0.01),#16723,
'DISTANCE_ACCURACY_VALUE',
'Maximum model space distance between geometric entities at asserted c
onnectivities');
#16685=UNCERTAINTY_MEASURE_WITH_UNIT(LENGTH_MEASURE(0.01),#16723,
'DISTANCE_ACCURACY_VALUE',
'Maximum model space distance between geometric entities at asserted c
onnectivities');
#16686=UNCERTAINTY_MEASURE_WITH_UNIT(LENGTH_MEASURE(0.01),#16723,
'DISTANCE_ACCURACY_VALUE',
'Maximum model space distance between geometric entities at asserted c
onnectivities');
#16687=UNCERTAINTY_MEASURE_WITH_UNIT(LENGTH_MEASURE(0.01),#16723,
'DISTANCE_ACCURACY_VALUE',
'Maximum model space distance between geometric entities at asserted c
onnectivities');
#16688=UNCERTAINTY_MEASURE_WITH_UNIT(LENGTH_MEASURE(0.01),#16723,
'DISTANCE_ACCURACY_VALUE',
'Maximum model space distance between geometric entities at asserted c
onnectivities');
#16689=UNCERTAINTY_MEASURE_WITH_UNIT(LENGTH_MEASURE(0.01),#16723,
'DISTANCE_ACCURACY_VALUE',
'Maximum model space distance between geometric entities at asserted c
onnectivities');
#16690=UNCERTAINTY_MEASURE_WITH_UNIT(LENGTH_MEASURE(0.01),#16723,
'DISTANCE_ACCURACY_VALUE',
'Maximum model space distance between geometric entities at asserted c
onnectivities');
#16691=UNCERTAINTY_MEASURE_WITH_UNIT(LENGTH_MEASURE(0.01),#16723,
'DISTANCE_ACCURACY_VALUE',
'Maximum model space distance between geometric entities at asserted c
onnectivities');
#16692=UNCERTAINTY_MEASURE_WITH_UNIT(LENGTH_MEASURE(0.01),#16723,
'DISTANCE_ACCURACY_VALUE',
'Maximum model space distance between geometric entities at asserted c
onnectivities');
#16693=UNCERTAINTY_MEASURE_WITH_UNIT(LENGTH_MEASURE(0.01),#16723,
'DISTANCE_ACCURACY_VALUE',
'Maximum model space distance between geometric entities at asserted c
onnectivities');
#16694=UNCERTAINTY_MEASURE_WITH_UNIT(LENGTH_MEASURE(0.01),#16723,
'DISTANCE_ACCURACY_VALUE',
'Maximum model space distance between geometric entities at asserted c
onnectivities');
#16695=UNCERTAINTY_MEASURE_WITH_UNIT(LENGTH_MEASURE(0.01),#16723,
'DISTANCE_ACCURACY_VALUE',
'Maximum model space distance between geometric entities at asserted c
onnectivities');
#16696=UNCERTAINTY_MEASURE_WITH_UNIT(LENGTH_MEASURE(0.01),#16723,
'DISTANCE_ACCURACY_VALUE',
'Maximum model space distance between geometric entities at asserted c
onnectivities');
#16697=UNCERTAINTY_MEASURE_WITH_UNIT(LENGTH_MEASURE(0.01),#16723,
'DISTANCE_ACCURACY_VALUE',
'Maximum model space distance between geometric entities at asserted c
onnectivities');
#16698=UNCERTAINTY_MEASURE_WITH_UNIT(LENGTH_MEASURE(0.01),#16723,
'DISTANCE_ACCURACY_VALUE',
'Maximum model space distance between geometric entities at asserted c
onnectivities');
#16699=UNCERTAINTY_MEASURE_WITH_UNIT(LENGTH_MEASURE(0.01),#16723,
'DISTANCE_ACCURACY_VALUE',
'Maximum model space distance between geometric entities at asserted c
onnectivities');
#16700=UNCERTAINTY_MEASURE_WITH_UNIT(LENGTH_MEASURE(0.01),#16723,
'DISTANCE_ACCURACY_VALUE',
'Maximum model space distance between geometric entities at asserted c
onnectivities');
#16701=(
GEOMETRIC_REPRESENTATION_CONTEXT(3)
GLOBAL_UNCERTAINTY_ASSIGNED_CONTEXT((#16679))
GLOBAL_UNIT_ASSIGNED_CONTEXT((#16723,#16725,#16726))
REPRESENTATION_CONTEXT('','3D')
);
#16702=(
GEOMETRIC_REPRESENTATION_CONTEXT(3)
GLOBAL_UNCERTAINTY_ASSIGNED_CONTEXT((#16680))
GLOBAL_UNIT_ASSIGNED_CONTEXT((#16723,#16725,#16726))
REPRESENTATION_CONTEXT('','3D')
);
#16703=(
GEOMETRIC_REPRESENTATION_CONTEXT(3)
GLOBAL_UNCERTAINTY_ASSIGNED_CONTEXT((#16681))
GLOBAL_UNIT_ASSIGNED_CONTEXT((#16723,#16725,#16726))
REPRESENTATION_CONTEXT('','3D')
);
#16704=(
GEOMETRIC_REPRESENTATION_CONTEXT(3)
GLOBAL_UNCERTAINTY_ASSIGNED_CONTEXT((#16682))
GLOBAL_UNIT_ASSIGNED_CONTEXT((#16723,#16725,#16726))
REPRESENTATION_CONTEXT('','3D')
);
#16705=(
GEOMETRIC_REPRESENTATION_CONTEXT(3)
GLOBAL_UNCERTAINTY_ASSIGNED_CONTEXT((#16683))
GLOBAL_UNIT_ASSIGNED_CONTEXT((#16723,#16725,#16726))
REPRESENTATION_CONTEXT('','3D')
);
#16706=(
GEOMETRIC_REPRESENTATION_CONTEXT(3)
GLOBAL_UNCERTAINTY_ASSIGNED_CONTEXT((#16684))
GLOBAL_UNIT_ASSIGNED_CONTEXT((#16723,#16725,#16726))
REPRESENTATION_CONTEXT('','3D')
);
#16707=(
GEOMETRIC_REPRESENTATION_CONTEXT(3)
GLOBAL_UNCERTAINTY_ASSIGNED_CONTEXT((#16685))
GLOBAL_UNIT_ASSIGNED_CONTEXT((#16723,#16725,#16726))
REPRESENTATION_CONTEXT('','3D')
);
#16708=(
GEOMETRIC_REPRESENTATION_CONTEXT(3)
GLOBAL_UNCERTAINTY_ASSIGNED_CONTEXT((#16686))
GLOBAL_UNIT_ASSIGNED_CONTEXT((#16723,#16725,#16726))
REPRESENTATION_CONTEXT('','3D')
);
#16709=(
GEOMETRIC_REPRESENTATION_CONTEXT(3)
GLOBAL_UNCERTAINTY_ASSIGNED_CONTEXT((#16687))
GLOBAL_UNIT_ASSIGNED_CONTEXT((#16723,#16725,#16726))
REPRESENTATION_CONTEXT('','3D')
);
#16710=(
GEOMETRIC_REPRESENTATION_CONTEXT(3)
GLOBAL_UNCERTAINTY_ASSIGNED_CONTEXT((#16688))
GLOBAL_UNIT_ASSIGNED_CONTEXT((#16723,#16725,#16726))
REPRESENTATION_CONTEXT('','3D')
);
#16711=(
GEOMETRIC_REPRESENTATION_CONTEXT(3)
GLOBAL_UNCERTAINTY_ASSIGNED_CONTEXT((#16689))
GLOBAL_UNIT_ASSIGNED_CONTEXT((#16723,#16725,#16726))
REPRESENTATION_CONTEXT('','3D')
);
#16712=(
GEOMETRIC_REPRESENTATION_CONTEXT(3)
GLOBAL_UNCERTAINTY_ASSIGNED_CONTEXT((#16690))
GLOBAL_UNIT_ASSIGNED_CONTEXT((#16723,#16725,#16726))
REPRESENTATION_CONTEXT('','3D')
);
#16713=(
GEOMETRIC_REPRESENTATION_CONTEXT(3)
GLOBAL_UNCERTAINTY_ASSIGNED_CONTEXT((#16691))
GLOBAL_UNIT_ASSIGNED_CONTEXT((#16723,#16725,#16726))
REPRESENTATION_CONTEXT('','3D')
);
#16714=(
GEOMETRIC_REPRESENTATION_CONTEXT(3)
GLOBAL_UNCERTAINTY_ASSIGNED_CONTEXT((#16692))
GLOBAL_UNIT_ASSIGNED_CONTEXT((#16723,#16725,#16726))
REPRESENTATION_CONTEXT('','3D')
);
#16715=(
GEOMETRIC_REPRESENTATION_CONTEXT(3)
GLOBAL_UNCERTAINTY_ASSIGNED_CONTEXT((#16693))
GLOBAL_UNIT_ASSIGNED_CONTEXT((#16723,#16725,#16726))
REPRESENTATION_CONTEXT('','3D')
);
#16716=(
GEOMETRIC_REPRESENTATION_CONTEXT(3)
GLOBAL_UNCERTAINTY_ASSIGNED_CONTEXT((#16694))
GLOBAL_UNIT_ASSIGNED_CONTEXT((#16723,#16725,#16726))
REPRESENTATION_CONTEXT('','3D')
);
#16717=(
GEOMETRIC_REPRESENTATION_CONTEXT(3)
GLOBAL_UNCERTAINTY_ASSIGNED_CONTEXT((#16695))
GLOBAL_UNIT_ASSIGNED_CONTEXT((#16723,#16725,#16726))
REPRESENTATION_CONTEXT('','3D')
);
#16718=(
GEOMETRIC_REPRESENTATION_CONTEXT(3)
GLOBAL_UNCERTAINTY_ASSIGNED_CONTEXT((#16696))
GLOBAL_UNIT_ASSIGNED_CONTEXT((#16723,#16725,#16726))
REPRESENTATION_CONTEXT('','3D')
);
#16719=(
GEOMETRIC_REPRESENTATION_CONTEXT(3)
GLOBAL_UNCERTAINTY_ASSIGNED_CONTEXT((#16697))
GLOBAL_UNIT_ASSIGNED_CONTEXT((#16723,#16725,#16726))
REPRESENTATION_CONTEXT('','3D')
);
#16720=(
GEOMETRIC_REPRESENTATION_CONTEXT(3)
GLOBAL_UNCERTAINTY_ASSIGNED_CONTEXT((#16698))
GLOBAL_UNIT_ASSIGNED_CONTEXT((#16723,#16725,#16726))
REPRESENTATION_CONTEXT('','3D')
);
#16721=(
GEOMETRIC_REPRESENTATION_CONTEXT(3)
GLOBAL_UNCERTAINTY_ASSIGNED_CONTEXT((#16699))
GLOBAL_UNIT_ASSIGNED_CONTEXT((#16723,#16725,#16726))
REPRESENTATION_CONTEXT('','3D')
);
#16722=(
GEOMETRIC_REPRESENTATION_CONTEXT(3)
GLOBAL_UNCERTAINTY_ASSIGNED_CONTEXT((#16700))
GLOBAL_UNIT_ASSIGNED_CONTEXT((#16723,#16725,#16726))
REPRESENTATION_CONTEXT('','3D')
);
#16723=(
LENGTH_UNIT()
NAMED_UNIT(*)
SI_UNIT(.MILLI.,.METRE.)
);
#16724=(
LENGTH_UNIT()
NAMED_UNIT(*)
SI_UNIT($,.METRE.)
);
#16725=(
NAMED_UNIT(*)
PLANE_ANGLE_UNIT()
SI_UNIT($,.RADIAN.)
);
#16726=(
NAMED_UNIT(*)
SI_UNIT($,.STERADIAN.)
SOLID_ANGLE_UNIT()
);
#16727=SHAPE_DEFINITION_REPRESENTATION(#16748,#16800);
#16728=SHAPE_DEFINITION_REPRESENTATION(#16749,#16801);
#16729=SHAPE_DEFINITION_REPRESENTATION(#16750,#16802);
#16730=SHAPE_DEFINITION_REPRESENTATION(#16752,#16803);
#16731=SHAPE_DEFINITION_REPRESENTATION(#16753,#16804);
#16732=SHAPE_DEFINITION_REPRESENTATION(#16754,#16805);
#16733=SHAPE_DEFINITION_REPRESENTATION(#16755,#16806);
#16734=SHAPE_DEFINITION_REPRESENTATION(#16756,#16807);
#16735=SHAPE_DEFINITION_REPRESENTATION(#16758,#16808);
#16736=SHAPE_DEFINITION_REPRESENTATION(#16759,#16809);
#16737=SHAPE_DEFINITION_REPRESENTATION(#16760,#16810);
#16738=SHAPE_DEFINITION_REPRESENTATION(#16761,#16811);
#16739=SHAPE_DEFINITION_REPRESENTATION(#16762,#16812);
#16740=SHAPE_DEFINITION_REPRESENTATION(#16764,#16813);
#16741=SHAPE_DEFINITION_REPRESENTATION(#16765,#16814);
#16742=SHAPE_DEFINITION_REPRESENTATION(#16766,#16815);
#16743=SHAPE_DEFINITION_REPRESENTATION(#16767,#16816);
#16744=SHAPE_DEFINITION_REPRESENTATION(#16768,#16817);
#16745=SHAPE_DEFINITION_REPRESENTATION(#16769,#16818);
#16746=SHAPE_DEFINITION_REPRESENTATION(#16770,#16819);
#16747=SHAPE_DEFINITION_REPRESENTATION(#16771,#16820);
#16748=PRODUCT_DEFINITION_SHAPE('',$,#16822);
#16749=PRODUCT_DEFINITION_SHAPE('',$,#16823);
#16750=PRODUCT_DEFINITION_SHAPE('',$,#16824);
#16751=PRODUCT_DEFINITION_SHAPE($,$,#341);
#16752=PRODUCT_DEFINITION_SHAPE('',$,#16825);
#16753=PRODUCT_DEFINITION_SHAPE('',$,#16826);
#16754=PRODUCT_DEFINITION_SHAPE('',$,#16827);
#16755=PRODUCT_DEFINITION_SHAPE('',$,#16828);
#16756=PRODUCT_DEFINITION_SHAPE('',$,#16829);
#16757=PRODUCT_DEFINITION_SHAPE($,$,#342);
#16758=PRODUCT_DEFINITION_SHAPE('',$,#16830);
#16759=PRODUCT_DEFINITION_SHAPE('',$,#16831);
#16760=PRODUCT_DEFINITION_SHAPE('',$,#16832);
#16761=PRODUCT_DEFINITION_SHAPE('',$,#16833);
#16762=PRODUCT_DEFINITION_SHAPE('',$,#16834);
#16763=PRODUCT_DEFINITION_SHAPE($,$,#343);
#16764=PRODUCT_DEFINITION_SHAPE('',$,#16835);
#16765=PRODUCT_DEFINITION_SHAPE('',$,#16836);
#16766=PRODUCT_DEFINITION_SHAPE('',$,#16837);
#16767=PRODUCT_DEFINITION_SHAPE('',$,#16838);
#16768=PRODUCT_DEFINITION_SHAPE('',$,#16839);
#16769=PRODUCT_DEFINITION_SHAPE('',$,#16840);
#16770=PRODUCT_DEFINITION_SHAPE('',$,#16841);
#16771=PRODUCT_DEFINITION_SHAPE('',$,#16842);
#16772=PRODUCT_DEFINITION_SHAPE($,$,#344);
#16773=PRODUCT_DEFINITION_SHAPE($,$,#345);
#16774=PRODUCT_DEFINITION_SHAPE($,$,#346);
#16775=PRODUCT_DEFINITION_SHAPE($,$,#347);
#16776=PRODUCT_DEFINITION_SHAPE($,$,#348);
#16777=PRODUCT_DEFINITION_SHAPE($,$,#349);
#16778=PRODUCT_DEFINITION_SHAPE($,$,#350);
#16779=PRODUCT_DEFINITION_SHAPE($,$,#351);
#16780=PRODUCT_DEFINITION_SHAPE($,$,#352);
#16781=PRODUCT_DEFINITION_SHAPE($,$,#353);
#16782=PRODUCT_DEFINITION_SHAPE($,$,#354);
#16783=PRODUCT_DEFINITION_SHAPE($,$,#355);
#16784=PRODUCT_DEFINITION_SHAPE($,$,#356);
#16785=PRODUCT_DEFINITION_SHAPE($,$,#357);
#16786=PRODUCT_DEFINITION_SHAPE($,$,#358);
#16787=PRODUCT_DEFINITION_SHAPE($,$,#359);
#16788=PRODUCT_DEFINITION_SHAPE($,$,#360);
#16789=PRODUCT_DEFINITION_SHAPE($,$,#361);
#16790=PRODUCT_DEFINITION_SHAPE($,$,#362);
#16791=PRODUCT_DEFINITION_SHAPE($,$,#363);
#16792=PRODUCT_DEFINITION_SHAPE($,$,#364);
#16793=PRODUCT_DEFINITION_SHAPE($,$,#365);
#16794=PRODUCT_DEFINITION_SHAPE($,$,#366);
#16795=PRODUCT_DEFINITION_SHAPE($,$,#367);
#16796=PRODUCT_DEFINITION_SHAPE($,$,#368);
#16797=PRODUCT_DEFINITION_SHAPE($,$,#369);
#16798=PRODUCT_DEFINITION_SHAPE($,$,#370);
#16799=PRODUCT_DEFINITION_SHAPE($,$,#371);
#16800=SHAPE_REPRESENTATION('',(#8972,#9853,#9854,#9855,#9856,#9857,#9858,
#9859,#9860,#9861,#9862,#9863,#9864,#9865,#9866,#9867,#9868,#9869,#9870,
#9871,#9872,#9873,#9874,#9875,#9876,#9877,#9878,#9879,#9880),#16701);
#16801=SHAPE_REPRESENTATION('',(#8973,#9101),#16702);
#16802=SHAPE_REPRESENTATION('',(#8974),#16703);
#16803=SHAPE_REPRESENTATION('',(#9102),#16704);
#16804=SHAPE_REPRESENTATION('',(#9169),#16705);
#16805=SHAPE_REPRESENTATION('',(#9214),#16706);
#16806=SHAPE_REPRESENTATION('',(#9234,#9327),#16707);
#16807=SHAPE_REPRESENTATION('',(#9235),#16708);
#16808=SHAPE_REPRESENTATION('',(#9328),#16709);
#16809=SHAPE_REPRESENTATION('',(#9373),#16710);
#16810=SHAPE_REPRESENTATION('',(#9426),#16711);
#16811=SHAPE_REPRESENTATION('',(#9449,#9540),#16712);
#16812=SHAPE_REPRESENTATION('',(#9450),#16713);
#16813=SHAPE_REPRESENTATION('',(#9541),#16714);
#16814=SHAPE_REPRESENTATION('',(#9610),#16715);
#16815=SHAPE_REPRESENTATION('',(#9611),#16716);
#16816=SHAPE_REPRESENTATION('',(#9679),#16717);
#16817=SHAPE_REPRESENTATION('',(#9731),#16718);
#16818=SHAPE_REPRESENTATION('',(#9751),#16719);
#16819=SHAPE_REPRESENTATION('',(#9803),#16720);
#16820=SHAPE_REPRESENTATION('',(#9823),#16721);
#16821=PRODUCT_DEFINITION_CONTEXT('part definition',#16886,'design');
#16822=PRODUCT_DEFINITION('2026-09-11-17-12-05-553','actuator_assem_x',
#16843,#16821);
#16823=PRODUCT_DEFINITION('1','lead',#16844,#16821);
#16824=PRODUCT_DEFINITION('2026-09-12-11-02-16-368','lead nut',#16845,#16821);
#16825=PRODUCT_DEFINITION('2026-09-14-11-09-57-722','Pressing_tool',#16846,
#16821);
#16826=PRODUCT_DEFINITION(
'DIN EN ISO 7048 - H - M3 x 16 Steel 4.6 Plain',
'Cheese Head Screw DIN EN ISO 7048 - M3 x 16 - H Steel 4.6 Plain',#16847,
#16821);
#16827=PRODUCT_DEFINITION('DIN 439-2 - M3 x 0.5 Steel 6 Plain',
'Hexagon Thin Nut DIN 439-2 - M3 x 0.5 Steel 6 Plain',#16848,#16821);
#16828=PRODUCT_DEFINITION('mgn12c_1','mgn12c_1',#16849,#16821);
#16829=PRODUCT_DEFINITION('2026-09-14-13-12-19-197','Component4',#16850,
#16821);
#16830=PRODUCT_DEFINITION(
'DIN EN ISO 7048 - H - M3 x 8 Steel 4.6 Plain',
'Cheese Head Screw DIN EN ISO 7048 - M3 x 8 - H Steel 4.6 Plain',#16851,
#16821);
#16831=PRODUCT_DEFINITION(
'DIN EN ISO 7048 - H - M2.5 x 8 Steel 4.6 Plain',
'Cheese Head Screw DIN EN ISO 7048 - M2.5 x 8 - H Steel 4.6 Plain',#16852,
#16821);
#16832=PRODUCT_DEFINITION('DIN 917 - M2.5 Steel 6 Plain',
'Hexagon Cap Nut DIN 917 - M2.5 Steel 6 Plain',#16853,#16821);
#16833=PRODUCT_DEFINITION('2026-09-13-18-45-13-692','motor_lead_mount',
#16854,#16821);
#16834=PRODUCT_DEFINITION('2026-09-14-13-46-23-974','Component3',#16855,
#16821);
#16835=PRODUCT_DEFINITION('2026-09-11-16-42-42-634','motor_mount_x',#16856,
#16821);
#16836=PRODUCT_DEFINITION('2026-09-17-12-18-49-075','Component8',#16857,
#16821);
#16837=PRODUCT_DEFINITION('2026-09-17-12-23-43-583','bushing mount x',#16858,
#16821);
#16838=PRODUCT_DEFINITION('DIN 7985 - M2x8-H H Steel 4.6 Plain',
'Raised Cheese Head Screw DIN 7985 - M2 x 5 - H Steel 4.6 Plain',#16859,
#16821);
#16839=PRODUCT_DEFINITION('DIN 439-2 - M2 x 0.4 Steel 6 Plain',
'Hexagon Thin Nut DIN 439-2 - M2 x 0.4 Steel 6 Plain',#16860,#16821);
#16840=PRODUCT_DEFINITION('DIN 7985 - M2.5x14-H H Steel 4.6 Plain',
'Raised Cheese Head Screw DIN 7985 - M2.5 x 14 - H Steel 4.6 Plain',#16861,
#16821);
#16841=PRODUCT_DEFINITION('DIN 439-2 - M2.5 x 0.45 Steel 6 Plain',
'Hexagon Thin Nut DIN 439-2 - M2.5 x 0.45 Steel 6 Plain',#16862,#16821);
#16842=PRODUCT_DEFINITION('1_1','bushing',#16863,#16821);
#16843=PRODUCT_DEFINITION_FORMATION('',$,#16888);
#16844=PRODUCT_DEFINITION_FORMATION('',$,#16889);
#16845=PRODUCT_DEFINITION_FORMATION('',$,#16890);
#16846=PRODUCT_DEFINITION_FORMATION('',$,#16891);
#16847=PRODUCT_DEFINITION_FORMATION('',$,#16892);
#16848=PRODUCT_DEFINITION_FORMATION('',$,#16893);
#16849=PRODUCT_DEFINITION_FORMATION('',$,#16894);
#16850=PRODUCT_DEFINITION_FORMATION('',$,#16895);
#16851=PRODUCT_DEFINITION_FORMATION('',$,#16896);
#16852=PRODUCT_DEFINITION_FORMATION('',$,#16897);
#16853=PRODUCT_DEFINITION_FORMATION('',$,#16898);
#16854=PRODUCT_DEFINITION_FORMATION('',$,#16899);
#16855=PRODUCT_DEFINITION_FORMATION('',$,#16900);
#16856=PRODUCT_DEFINITION_FORMATION('',$,#16901);
#16857=PRODUCT_DEFINITION_FORMATION('',$,#16902);
#16858=PRODUCT_DEFINITION_FORMATION('',$,#16903);
#16859=PRODUCT_DEFINITION_FORMATION('',$,#16904);
#16860=PRODUCT_DEFINITION_FORMATION('',$,#16905);
#16861=PRODUCT_DEFINITION_FORMATION('',$,#16906);
#16862=PRODUCT_DEFINITION_FORMATION('',$,#16907);
#16863=PRODUCT_DEFINITION_FORMATION('',$,#16908);
#16864=PRODUCT_RELATED_PRODUCT_CATEGORY('actuator_assem_x',
'actuator_assem_x',(#16888));
#16865=PRODUCT_RELATED_PRODUCT_CATEGORY('lead','lead',(#16889));
#16866=PRODUCT_RELATED_PRODUCT_CATEGORY('lead nut','lead nut',(#16890));
#16867=PRODUCT_RELATED_PRODUCT_CATEGORY('Pressing_tool','Pressing_tool',
(#16891));
#16868=PRODUCT_RELATED_PRODUCT_CATEGORY(
'Cheese Head Screw DIN EN ISO 7048 - M3 x 16 - H Steel 4.6 Plain',
'Cheese Head Screw DIN EN ISO 7048 - M3 x 16 - H Steel 4.6 Plain',(#16892));
#16869=PRODUCT_RELATED_PRODUCT_CATEGORY(
'Hexagon Thin Nut DIN 439-2 - M3 x 0.5 Steel 6 Plain',
'Hexagon Thin Nut DIN 439-2 - M3 x 0.5 Steel 6 Plain',(#16893));
#16870=PRODUCT_RELATED_PRODUCT_CATEGORY('mgn12c_1','mgn12c_1',(#16894));
#16871=PRODUCT_RELATED_PRODUCT_CATEGORY('Component4','Component4',(#16895));
#16872=PRODUCT_RELATED_PRODUCT_CATEGORY(
'Cheese Head Screw DIN EN ISO 7048 - M3 x 8 - H Steel 4.6 Plain',
'Cheese Head Screw DIN EN ISO 7048 - M3 x 8 - H Steel 4.6 Plain',(#16896));
#16873=PRODUCT_RELATED_PRODUCT_CATEGORY(
'Cheese Head Screw DIN EN ISO 7048 - M2.5 x 8 - H Steel 4.6 Plain',
'Cheese Head Screw DIN EN ISO 7048 - M2.5 x 8 - H Steel 4.6 Plain',(#16897));
#16874=PRODUCT_RELATED_PRODUCT_CATEGORY(
'Hexagon Cap Nut DIN 917 - M2.5 Steel 6 Plain',
'Hexagon Cap Nut DIN 917 - M2.5 Steel 6 Plain',(#16898));
#16875=PRODUCT_RELATED_PRODUCT_CATEGORY('motor_lead_mount',
'motor_lead_mount',(#16899));
#16876=PRODUCT_RELATED_PRODUCT_CATEGORY('Component3','Component3',(#16900));
#16877=PRODUCT_RELATED_PRODUCT_CATEGORY('motor_mount_x','motor_mount_x',
(#16901));
#16878=PRODUCT_RELATED_PRODUCT_CATEGORY('Component8','Component8',(#16902));
#16879=PRODUCT_RELATED_PRODUCT_CATEGORY('bushing mount x',
'bushing mount x',(#16903));
#16880=PRODUCT_RELATED_PRODUCT_CATEGORY(
'Raised Cheese Head Screw DIN 7985 - M2 x 5 - H Steel 4.6 Plain',
'Raised Cheese Head Screw DIN 7985 - M2 x 5 - H Steel 4.6 Plain',(#16904));
#16881=PRODUCT_RELATED_PRODUCT_CATEGORY(
'Hexagon Thin Nut DIN 439-2 - M2 x 0.4 Steel 6 Plain',
'Hexagon Thin Nut DIN 439-2 - M2 x 0.4 Steel 6 Plain',(#16905));
#16882=PRODUCT_RELATED_PRODUCT_CATEGORY(
'Raised Cheese Head Screw DIN 7985 - M2.5 x 14 - H Steel 4.6 Plain',
'Raised Cheese Head Screw DIN 7985 - M2.5 x 14 - H Steel 4.6 Plain',(#16906));
#16883=PRODUCT_RELATED_PRODUCT_CATEGORY(
'Hexagon Thin Nut DIN 439-2 - M2.5 x 0.45 Steel 6 Plain',
'Hexagon Thin Nut DIN 439-2 - M2.5 x 0.45 Steel 6 Plain',(#16907));
#16884=PRODUCT_RELATED_PRODUCT_CATEGORY('bushing','bushing',(#16908));
#16885=APPLICATION_PROTOCOL_DEFINITION('international standard',
'automotive_design',2009,#16886);
#16886=APPLICATION_CONTEXT(
'Core Data for Automotive Mechanical Design Process');
#16887=PRODUCT_CONTEXT('part definition',#16886,'mechanical');
#16888=PRODUCT('2026-09-11-17-12-05-553','actuator_assem_x',$,(#16887));
#16889=PRODUCT('1','lead','PART--DESC',(#16887));
#16890=PRODUCT('2026-09-12-11-02-16-368','lead nut',$,(#16887));
#16891=PRODUCT('2026-09-14-11-09-57-722','Pressing_tool',$,(#16887));
#16892=PRODUCT('DIN EN ISO 7048 - H - M3 x 16 Steel 4.6 Plain',
'Cheese Head Screw DIN EN ISO 7048 - M3 x 16 - H Steel 4.6 Plain',
'Cheese Head Screw DIN EN ISO 7048 - M3 x 16 - H',(#16887));
#16893=PRODUCT('DIN 439-2 - M3 x 0.5 Steel 6 Plain',
'Hexagon Thin Nut DIN 439-2 - M3 x 0.5 Steel 6 Plain',
'Hexagon Thin Nut DIN 439-2 - M3 x 0.5',(#16887));
#16894=PRODUCT('mgn12c_1','mgn12c_1','PART-mgn12c_1-DESC',(#16887));
#16895=PRODUCT('2026-09-14-13-12-19-197','Component4',$,(#16887));
#16896=PRODUCT('DIN EN ISO 7048 - H - M3 x 8 Steel 4.6 Plain',
'Cheese Head Screw DIN EN ISO 7048 - M3 x 8 - H Steel 4.6 Plain',
'Cheese Head Screw DIN EN ISO 7048 - M3 x 8 - H',(#16887));
#16897=PRODUCT('DIN EN ISO 7048 - H - M2.5 x 8 Steel 4.6 Plain',
'Cheese Head Screw DIN EN ISO 7048 - M2.5 x 8 - H Steel 4.6 Plain',
'Cheese Head Screw DIN EN ISO 7048 - M2.5 x 8 - H',(#16887));
#16898=PRODUCT('DIN 917 - M2.5 Steel 6 Plain',
'Hexagon Cap Nut DIN 917 - M2.5 Steel 6 Plain',
'Hexagon Cap Nut DIN 917 - M2.5',(#16887));
#16899=PRODUCT('2026-09-13-18-45-13-692','motor_lead_mount',$,(#16887));
#16900=PRODUCT('2026-09-14-13-46-23-974','Component3',$,(#16887));
#16901=PRODUCT('2026-09-11-16-42-42-634','motor_mount_x',$,(#16887));
#16902=PRODUCT('2026-09-17-12-18-49-075','Component8',$,(#16887));
#16903=PRODUCT('2026-09-17-12-23-43-583','bushing mount x',$,(#16887));
#16904=PRODUCT('DIN 7985 - M2x8-H H Steel 4.6 Plain',
'Raised Cheese Head Screw DIN 7985 - M2 x 5 - H Steel 4.6 Plain',
'Raised Cheese Head Screw DIN 7985 - M2 x 8 - H',(#16887));
#16905=PRODUCT('DIN 439-2 - M2 x 0.4 Steel 6 Plain',
'Hexagon Thin Nut DIN 439-2 - M2 x 0.4 Steel 6 Plain',
'Hexagon Thin Nut DIN 439-2 - M2 x 0.4',(#16887));
#16906=PRODUCT('DIN 7985 - M2.5x14-H H Steel 4.6 Plain',
'Raised Cheese Head Screw DIN 7985 - M2.5 x 14 - H Steel 4.6 Plain',
'Raised Cheese Head Screw DIN 7985 - M2.5 x 14 - H',(#16887));
#16907=PRODUCT('DIN 439-2 - M2.5 x 0.45 Steel 6 Plain',
'Hexagon Thin Nut DIN 439-2 - M2.5 x 0.45 Steel 6 Plain',
'Hexagon Thin Nut DIN 439-2 - M2.5 x 0.45',(#16887));
#16908=PRODUCT('1_1','bushing','PART--DESC',(#16887));
#16909=PRESENTATION_STYLE_ASSIGNMENT((#16915));
#16910=PRESENTATION_STYLE_ASSIGNMENT((#16916));
#16911=PRESENTATION_STYLE_ASSIGNMENT((#16917));
#16912=PRESENTATION_STYLE_ASSIGNMENT((#16918));
#16913=PRESENTATION_STYLE_ASSIGNMENT((#16919));
#16914=PRESENTATION_STYLE_ASSIGNMENT((NULL_STYLE(.NULL.)));
#16915=SURFACE_STYLE_USAGE(.BOTH.,#16920);
#16916=SURFACE_STYLE_USAGE(.BOTH.,#16921);
#16917=SURFACE_STYLE_USAGE(.BOTH.,#16922);
#16918=SURFACE_STYLE_USAGE(.BOTH.,#16923);
#16919=SURFACE_STYLE_USAGE(.BOTH.,#16924);
#16920=SURFACE_SIDE_STYLE('',(#16925));
#16921=SURFACE_SIDE_STYLE('',(#16926));
#16922=SURFACE_SIDE_STYLE('',(#16927));
#16923=SURFACE_SIDE_STYLE('',(#16928));
#16924=SURFACE_SIDE_STYLE('',(#16929));
#16925=SURFACE_STYLE_FILL_AREA(#16930);
#16926=SURFACE_STYLE_FILL_AREA(#16931);
#16927=SURFACE_STYLE_FILL_AREA(#16932);
#16928=SURFACE_STYLE_FILL_AREA(#16933);
#16929=SURFACE_STYLE_FILL_AREA(#16934);
#16930=FILL_AREA_STYLE('Steel - Satin',(#16935));
#16931=FILL_AREA_STYLE('EPX 82 (with Carbon M2 M3 L1 3D Printers)',(#16936));
#16932=FILL_AREA_STYLE('Aluminum - Satin',(#16937));
#16933=FILL_AREA_STYLE('Stainless Steel - Satin',(#16938));
#16934=FILL_AREA_STYLE('Opaque(176,176,176)',(#16939));
#16935=FILL_AREA_STYLE_COLOUR('Steel - Satin',#16940);
#16936=FILL_AREA_STYLE_COLOUR(
'EPX 82 (with Carbon M2 M3 L1 3D Printers)',#16941);
#16937=FILL_AREA_STYLE_COLOUR('Aluminum - Satin',#16942);
#16938=FILL_AREA_STYLE_COLOUR('Stainless Steel - Satin',#16943);
#16939=FILL_AREA_STYLE_COLOUR('Opaque(176,176,176)',#16944);
#16940=COLOUR_RGB('Steel - Satin',0.627450980392157,0.627450980392157,0.627450980392157);
#16941=COLOUR_RGB('EPX 82 (with Carbon M2 M3 L1 3D Printers)',0.247058823529412,
0.247058823529412,0.247058823529412);
#16942=COLOUR_RGB('Aluminum - Satin',0.96078431372549,0.96078431372549,
0.964705882352941);
#16943=COLOUR_RGB('Stainless Steel - Satin',0.796078431372549,0.796078431372549,
0.796078431372549);
#16944=COLOUR_RGB('Opaque(176,176,176)',0.690196078431373,0.690196078431373,
0.690196078431373);
ENDSEC;
END-ISO-10303-21;
