ISO-10303-21;
HEADER;
/* Generated by software containing ST-Developer
 * from STEP Tools, Inc. (www.steptools.com) 
 */

FILE_DESCRIPTION(
/* description */ (''),
/* implementation_level */ '2;1');

FILE_NAME(
/* name */ 'flexure_stage_v6.step',
/* time_stamp */ '2026-10-06T13:42:10+03:00',
/* author */ (''),
/* organization */ (''),
/* preprocessor_version */ 'ST-DEVELOPER v20.2',
/* originating_system */ 'Autodesk Translation Framework v15.15.0.0',
/* authorisation */ '');

FILE_SCHEMA (('AUTOMOTIVE_DESIGN { 1 0 10303 214 3 1 1 }'));
ENDSEC;

DATA;
#10=MECHANICAL_DESIGN_GEOMETRIC_PRESENTATION_REPRESENTATION('',(#17),#16959);
#11=ITEM_DEFINED_TRANSFORMATION($,$,#9979,#10984);
#12=(
REPRESENTATION_RELATIONSHIP($,$,#16970,#16969)
REPRESENTATION_RELATIONSHIP_WITH_TRANSFORMATION(#11)
SHAPE_REPRESENTATION_RELATIONSHIP()
);
#13=CONTEXT_DEPENDENT_SHAPE_REPRESENTATION(#12,#16968);
#14=NEXT_ASSEMBLY_USAGE_OCCURRENCE('2_leaf:1','2_leaf:1','2_leaf:1',#16972,
#16973,'2_leaf:1');
#15=SHAPE_REPRESENTATION_RELATIONSHIP('SRR','None',#16970,#16);
#16=ADVANCED_BREP_SHAPE_REPRESENTATION('',(#18),#16958);
#17=STYLED_ITEM('',(#16983),#18);
#18=MANIFOLD_SOLID_BREP('Body1',#9965);
#19=SPHERICAL_SURFACE('',#10577,1.5);
#20=SPHERICAL_SURFACE('',#10582,1.5);
#21=SPHERICAL_SURFACE('',#10584,1.5);
#22=SPHERICAL_SURFACE('',#10587,1.5);
#23=SPHERICAL_SURFACE('',#10590,1.5);
#24=SPHERICAL_SURFACE('',#10593,1.5);
#25=ELLIPSE('',#10415,8.,1.25);
#26=ELLIPSE('',#10416,8.,1.25);
#27=ELLIPSE('',#10420,8.,1.25);
#28=ELLIPSE('',#10421,8.,1.25);
#29=(
BOUNDED_SURFACE()
B_SPLINE_SURFACE(1,2,((#15365,#15366,#15367,#15368,#15369),(#15370,#15371,
#15372,#15373,#15374)),.UNSPECIFIED.,.F.,.F.,.F.)
B_SPLINE_SURFACE_WITH_KNOTS((2,2),(3,2,3),(0.125,0.375),(-3.14159265358979,
-1.5707963267949,1.11022302462516E-16),.UNSPECIFIED.)
GEOMETRIC_REPRESENTATION_ITEM()
RATIONAL_B_SPLINE_SURFACE(((1.,0.707106781186548,1.,0.707106781186548,1.),
(1.,0.707106781186548,1.,0.707106781186548,1.)))
REPRESENTATION_ITEM('')
SURFACE()
);
#30=(
BOUNDED_SURFACE()
B_SPLINE_SURFACE(1,2,((#15409,#15410,#15411,#15412,#15413),(#15414,#15415,
#15416,#15417,#15418)),.UNSPECIFIED.,.F.,.F.,.F.)
B_SPLINE_SURFACE_WITH_KNOTS((2,2),(3,2,3),(0.125,0.375),(-2.22044604925031E-16,
1.5707963267949,3.14159265358979),.UNSPECIFIED.)
GEOMETRIC_REPRESENTATION_ITEM()
RATIONAL_B_SPLINE_SURFACE(((1.,0.707106781186547,1.,0.707106781186547,1.),
(1.,0.707106781186547,1.,0.707106781186547,1.)))
REPRESENTATION_ITEM('')
SURFACE()
);
#31=FACE_BOUND('',#821,.T.);
#32=FACE_BOUND('',#822,.T.);
#33=FACE_BOUND('',#823,.T.);
#34=FACE_BOUND('',#824,.T.);
#35=FACE_BOUND('',#825,.T.);
#36=FACE_BOUND('',#826,.T.);
#37=FACE_BOUND('',#827,.T.);
#38=FACE_BOUND('',#828,.T.);
#39=FACE_BOUND('',#829,.T.);
#40=FACE_BOUND('',#830,.T.);
#41=FACE_BOUND('',#831,.T.);
#42=FACE_BOUND('',#832,.T.);
#43=FACE_BOUND('',#833,.T.);
#44=FACE_BOUND('',#834,.T.);
#45=FACE_BOUND('',#835,.T.);
#46=FACE_BOUND('',#836,.T.);
#47=FACE_BOUND('',#837,.T.);
#48=FACE_BOUND('',#1047,.T.);
#49=FACE_BOUND('',#1053,.T.);
#50=FACE_BOUND('',#1059,.T.);
#51=FACE_BOUND('',#1065,.T.);
#52=FACE_BOUND('',#1071,.T.);
#53=FACE_BOUND('',#1072,.T.);
#54=FACE_BOUND('',#1219,.T.);
#55=FACE_BOUND('',#1250,.T.);
#56=FACE_BOUND('',#1251,.T.);
#57=FACE_BOUND('',#1283,.T.);
#58=FACE_BOUND('',#1344,.T.);
#59=FACE_BOUND('',#1345,.T.);
#60=FACE_BOUND('',#1346,.T.);
#61=FACE_BOUND('',#1347,.T.);
#62=FACE_BOUND('',#1348,.T.);
#63=FACE_BOUND('',#1349,.T.);
#64=FACE_BOUND('',#1350,.T.);
#65=FACE_BOUND('',#1351,.T.);
#66=FACE_BOUND('',#1352,.T.);
#67=FACE_BOUND('',#1353,.T.);
#68=FACE_BOUND('',#1354,.T.);
#69=FACE_BOUND('',#1355,.T.);
#70=FACE_BOUND('',#1356,.T.);
#71=FACE_BOUND('',#1357,.T.);
#72=FACE_BOUND('',#1358,.T.);
#73=PLANE('',#9983);
#74=PLANE('',#9984);
#75=PLANE('',#10236);
#76=PLANE('',#10243);
#77=PLANE('',#10260);
#78=PLANE('',#10269);
#79=PLANE('',#10272);
#80=PLANE('',#10275);
#81=PLANE('',#10276);
#82=PLANE('',#10283);
#83=PLANE('',#10286);
#84=PLANE('',#10289);
#85=PLANE('',#10294);
#86=PLANE('',#10297);
#87=PLANE('',#10300);
#88=PLANE('',#10319);
#89=PLANE('',#10326);
#90=PLANE('',#10337);
#91=PLANE('',#10342);
#92=PLANE('',#10351);
#93=PLANE('',#10354);
#94=PLANE('',#10357);
#95=PLANE('',#10360);
#96=PLANE('',#10367);
#97=PLANE('',#10374);
#98=PLANE('',#10379);
#99=PLANE('',#10382);
#100=PLANE('',#10385);
#101=PLANE('',#10388);
#102=PLANE('',#10391);
#103=PLANE('',#10394);
#104=PLANE('',#10399);
#105=PLANE('',#10402);
#106=PLANE('',#10405);
#107=PLANE('',#10410);
#108=PLANE('',#10413);
#109=PLANE('',#10414);
#110=PLANE('',#10417);
#111=PLANE('',#10418);
#112=PLANE('',#10419);
#113=PLANE('',#10422);
#114=PLANE('',#10423);
#115=PLANE('',#10424);
#116=PLANE('',#10425);
#117=PLANE('',#10426);
#118=PLANE('',#10427);
#119=PLANE('',#10428);
#120=PLANE('',#10429);
#121=PLANE('',#10430);
#122=PLANE('',#10431);
#123=PLANE('',#10432);
#124=PLANE('',#10433);
#125=PLANE('',#10434);
#126=PLANE('',#10435);
#127=PLANE('',#10436);
#128=PLANE('',#10439);
#129=PLANE('',#10442);
#130=PLANE('',#10445);
#131=PLANE('',#10448);
#132=PLANE('',#10451);
#133=PLANE('',#10454);
#134=PLANE('',#10457);
#135=PLANE('',#10460);
#136=PLANE('',#10463);
#137=PLANE('',#10466);
#138=PLANE('',#10469);
#139=PLANE('',#10472);
#140=PLANE('',#10475);
#141=PLANE('',#10478);
#142=PLANE('',#10481);
#143=PLANE('',#10486);
#144=PLANE('',#10489);
#145=PLANE('',#10492);
#146=PLANE('',#10495);
#147=PLANE('',#10498);
#148=PLANE('',#10501);
#149=PLANE('',#10504);
#150=PLANE('',#10507);
#151=PLANE('',#10510);
#152=PLANE('',#10513);
#153=PLANE('',#10518);
#154=PLANE('',#10521);
#155=PLANE('',#10524);
#156=PLANE('',#10527);
#157=PLANE('',#10528);
#158=PLANE('',#10529);
#159=PLANE('',#10530);
#160=PLANE('',#10547);
#161=PLANE('',#10548);
#162=PLANE('',#10549);
#163=PLANE('',#10550);
#164=PLANE('',#10551);
#165=PLANE('',#10552);
#166=PLANE('',#10555);
#167=PLANE('',#10556);
#168=PLANE('',#10557);
#169=PLANE('',#10558);
#170=PLANE('',#10561);
#171=PLANE('',#10562);
#172=PLANE('',#10563);
#173=PLANE('',#10564);
#174=PLANE('',#10567);
#175=PLANE('',#10568);
#176=PLANE('',#10569);
#177=PLANE('',#10570);
#178=PLANE('',#10573);
#179=PLANE('',#10574);
#180=PLANE('',#10575);
#181=PLANE('',#10576);
#182=PLANE('',#10580);
#183=PLANE('',#10596);
#184=PLANE('',#10597);
#185=PLANE('',#10598);
#186=PLANE('',#10599);
#187=PLANE('',#10600);
#188=PLANE('',#10601);
#189=PLANE('',#10602);
#190=PLANE('',#10603);
#191=PLANE('',#10604);
#192=PLANE('',#10605);
#193=PLANE('',#10606);
#194=PLANE('',#10607);
#195=PLANE('',#10612);
#196=PLANE('',#10615);
#197=PLANE('',#10618);
#198=PLANE('',#10621);
#199=PLANE('',#10624);
#200=PLANE('',#10627);
#201=PLANE('',#10630);
#202=PLANE('',#10633);
#203=PLANE('',#10636);
#204=PLANE('',#10639);
#205=PLANE('',#10642);
#206=PLANE('',#10645);
#207=PLANE('',#10648);
#208=PLANE('',#10651);
#209=PLANE('',#10652);
#210=PLANE('',#10653);
#211=PLANE('',#10658);
#212=PLANE('',#10661);
#213=PLANE('',#10664);
#214=PLANE('',#10667);
#215=PLANE('',#10670);
#216=PLANE('',#10673);
#217=PLANE('',#10676);
#218=PLANE('',#10679);
#219=PLANE('',#10682);
#220=PLANE('',#10685);
#221=PLANE('',#10688);
#222=PLANE('',#10691);
#223=PLANE('',#10694);
#224=PLANE('',#10699);
#225=PLANE('',#10700);
#226=PLANE('',#10701);
#227=PLANE('',#10704);
#228=PLANE('',#10707);
#229=PLANE('',#10710);
#230=PLANE('',#10715);
#231=PLANE('',#10716);
#232=PLANE('',#10721);
#233=PLANE('',#10724);
#234=PLANE('',#10727);
#235=PLANE('',#10730);
#236=PLANE('',#10733);
#237=PLANE('',#10736);
#238=PLANE('',#10739);
#239=PLANE('',#10742);
#240=PLANE('',#10745);
#241=PLANE('',#10748);
#242=PLANE('',#10751);
#243=PLANE('',#10754);
#244=PLANE('',#10757);
#245=PLANE('',#10760);
#246=PLANE('',#10763);
#247=PLANE('',#10766);
#248=PLANE('',#10769);
#249=PLANE('',#10772);
#250=PLANE('',#10775);
#251=PLANE('',#10778);
#252=PLANE('',#10781);
#253=PLANE('',#10782);
#254=PLANE('',#10783);
#255=PLANE('',#10788);
#256=PLANE('',#10791);
#257=PLANE('',#10794);
#258=PLANE('',#10795);
#259=PLANE('',#10796);
#260=PLANE('',#10797);
#261=PLANE('',#10798);
#262=PLANE('',#10801);
#263=PLANE('',#10804);
#264=PLANE('',#10807);
#265=PLANE('',#10810);
#266=PLANE('',#10813);
#267=PLANE('',#10816);
#268=PLANE('',#10821);
#269=PLANE('',#10826);
#270=PLANE('',#10829);
#271=PLANE('',#10832);
#272=PLANE('',#10835);
#273=PLANE('',#10838);
#274=PLANE('',#10841);
#275=PLANE('',#10844);
#276=PLANE('',#10847);
#277=PLANE('',#10850);
#278=PLANE('',#10853);
#279=PLANE('',#10856);
#280=PLANE('',#10859);
#281=PLANE('',#10862);
#282=PLANE('',#10867);
#283=PLANE('',#10868);
#284=PLANE('',#10873);
#285=PLANE('',#10876);
#286=PLANE('',#10879);
#287=PLANE('',#10882);
#288=PLANE('',#10885);
#289=PLANE('',#10888);
#290=PLANE('',#10891);
#291=PLANE('',#10894);
#292=PLANE('',#10897);
#293=PLANE('',#10900);
#294=PLANE('',#10903);
#295=PLANE('',#10906);
#296=PLANE('',#10909);
#297=PLANE('',#10914);
#298=PLANE('',#10915);
#299=PLANE('',#10920);
#300=PLANE('',#10923);
#301=PLANE('',#10926);
#302=PLANE('',#10929);
#303=PLANE('',#10932);
#304=PLANE('',#10935);
#305=PLANE('',#10940);
#306=PLANE('',#10943);
#307=PLANE('',#10946);
#308=PLANE('',#10949);
#309=PLANE('',#10952);
#310=PLANE('',#10955);
#311=PLANE('',#10960);
#312=PLANE('',#10965);
#313=PLANE('',#10968);
#314=PLANE('',#10971);
#315=PLANE('',#10974);
#316=PLANE('',#10977);
#317=PLANE('',#10980);
#318=PLANE('',#10983);
#319=FACE_OUTER_BOUND('',#818,.T.);
#320=FACE_OUTER_BOUND('',#819,.T.);
#321=FACE_OUTER_BOUND('',#820,.T.);
#322=FACE_OUTER_BOUND('',#838,.T.);
#323=FACE_OUTER_BOUND('',#839,.T.);
#324=FACE_OUTER_BOUND('',#840,.T.);
#325=FACE_OUTER_BOUND('',#841,.T.);
#326=FACE_OUTER_BOUND('',#842,.T.);
#327=FACE_OUTER_BOUND('',#843,.T.);
#328=FACE_OUTER_BOUND('',#844,.T.);
#329=FACE_OUTER_BOUND('',#845,.T.);
#330=FACE_OUTER_BOUND('',#846,.T.);
#331=FACE_OUTER_BOUND('',#847,.T.);
#332=FACE_OUTER_BOUND('',#848,.T.);
#333=FACE_OUTER_BOUND('',#849,.T.);
#334=FACE_OUTER_BOUND('',#850,.T.);
#335=FACE_OUTER_BOUND('',#851,.T.);
#336=FACE_OUTER_BOUND('',#852,.T.);
#337=FACE_OUTER_BOUND('',#853,.T.);
#338=FACE_OUTER_BOUND('',#854,.T.);
#339=FACE_OUTER_BOUND('',#855,.T.);
#340=FACE_OUTER_BOUND('',#856,.T.);
#341=FACE_OUTER_BOUND('',#857,.T.);
#342=FACE_OUTER_BOUND('',#858,.T.);
#343=FACE_OUTER_BOUND('',#859,.T.);
#344=FACE_OUTER_BOUND('',#860,.T.);
#345=FACE_OUTER_BOUND('',#861,.T.);
#346=FACE_OUTER_BOUND('',#862,.T.);
#347=FACE_OUTER_BOUND('',#863,.T.);
#348=FACE_OUTER_BOUND('',#864,.T.);
#349=FACE_OUTER_BOUND('',#865,.T.);
#350=FACE_OUTER_BOUND('',#866,.T.);
#351=FACE_OUTER_BOUND('',#867,.T.);
#352=FACE_OUTER_BOUND('',#868,.T.);
#353=FACE_OUTER_BOUND('',#869,.T.);
#354=FACE_OUTER_BOUND('',#870,.T.);
#355=FACE_OUTER_BOUND('',#871,.T.);
#356=FACE_OUTER_BOUND('',#872,.T.);
#357=FACE_OUTER_BOUND('',#873,.T.);
#358=FACE_OUTER_BOUND('',#874,.T.);
#359=FACE_OUTER_BOUND('',#875,.T.);
#360=FACE_OUTER_BOUND('',#876,.T.);
#361=FACE_OUTER_BOUND('',#877,.T.);
#362=FACE_OUTER_BOUND('',#878,.T.);
#363=FACE_OUTER_BOUND('',#879,.T.);
#364=FACE_OUTER_BOUND('',#880,.T.);
#365=FACE_OUTER_BOUND('',#881,.T.);
#366=FACE_OUTER_BOUND('',#882,.T.);
#367=FACE_OUTER_BOUND('',#883,.T.);
#368=FACE_OUTER_BOUND('',#884,.T.);
#369=FACE_OUTER_BOUND('',#885,.T.);
#370=FACE_OUTER_BOUND('',#886,.T.);
#371=FACE_OUTER_BOUND('',#887,.T.);
#372=FACE_OUTER_BOUND('',#888,.T.);
#373=FACE_OUTER_BOUND('',#889,.T.);
#374=FACE_OUTER_BOUND('',#890,.T.);
#375=FACE_OUTER_BOUND('',#891,.T.);
#376=FACE_OUTER_BOUND('',#892,.T.);
#377=FACE_OUTER_BOUND('',#893,.T.);
#378=FACE_OUTER_BOUND('',#894,.T.);
#379=FACE_OUTER_BOUND('',#895,.T.);
#380=FACE_OUTER_BOUND('',#896,.T.);
#381=FACE_OUTER_BOUND('',#897,.T.);
#382=FACE_OUTER_BOUND('',#898,.T.);
#383=FACE_OUTER_BOUND('',#899,.T.);
#384=FACE_OUTER_BOUND('',#900,.T.);
#385=FACE_OUTER_BOUND('',#901,.T.);
#386=FACE_OUTER_BOUND('',#902,.T.);
#387=FACE_OUTER_BOUND('',#903,.T.);
#388=FACE_OUTER_BOUND('',#904,.T.);
#389=FACE_OUTER_BOUND('',#905,.T.);
#390=FACE_OUTER_BOUND('',#906,.T.);
#391=FACE_OUTER_BOUND('',#907,.T.);
#392=FACE_OUTER_BOUND('',#908,.T.);
#393=FACE_OUTER_BOUND('',#909,.T.);
#394=FACE_OUTER_BOUND('',#910,.T.);
#395=FACE_OUTER_BOUND('',#911,.T.);
#396=FACE_OUTER_BOUND('',#912,.T.);
#397=FACE_OUTER_BOUND('',#913,.T.);
#398=FACE_OUTER_BOUND('',#914,.T.);
#399=FACE_OUTER_BOUND('',#915,.T.);
#400=FACE_OUTER_BOUND('',#916,.T.);
#401=FACE_OUTER_BOUND('',#917,.T.);
#402=FACE_OUTER_BOUND('',#918,.T.);
#403=FACE_OUTER_BOUND('',#919,.T.);
#404=FACE_OUTER_BOUND('',#920,.T.);
#405=FACE_OUTER_BOUND('',#921,.T.);
#406=FACE_OUTER_BOUND('',#922,.T.);
#407=FACE_OUTER_BOUND('',#923,.T.);
#408=FACE_OUTER_BOUND('',#924,.T.);
#409=FACE_OUTER_BOUND('',#925,.T.);
#410=FACE_OUTER_BOUND('',#926,.T.);
#411=FACE_OUTER_BOUND('',#927,.T.);
#412=FACE_OUTER_BOUND('',#928,.T.);
#413=FACE_OUTER_BOUND('',#929,.T.);
#414=FACE_OUTER_BOUND('',#930,.T.);
#415=FACE_OUTER_BOUND('',#931,.T.);
#416=FACE_OUTER_BOUND('',#932,.T.);
#417=FACE_OUTER_BOUND('',#933,.T.);
#418=FACE_OUTER_BOUND('',#934,.T.);
#419=FACE_OUTER_BOUND('',#935,.T.);
#420=FACE_OUTER_BOUND('',#936,.T.);
#421=FACE_OUTER_BOUND('',#937,.T.);
#422=FACE_OUTER_BOUND('',#938,.T.);
#423=FACE_OUTER_BOUND('',#939,.T.);
#424=FACE_OUTER_BOUND('',#940,.T.);
#425=FACE_OUTER_BOUND('',#941,.T.);
#426=FACE_OUTER_BOUND('',#942,.T.);
#427=FACE_OUTER_BOUND('',#943,.T.);
#428=FACE_OUTER_BOUND('',#944,.T.);
#429=FACE_OUTER_BOUND('',#945,.T.);
#430=FACE_OUTER_BOUND('',#946,.T.);
#431=FACE_OUTER_BOUND('',#947,.T.);
#432=FACE_OUTER_BOUND('',#948,.T.);
#433=FACE_OUTER_BOUND('',#949,.T.);
#434=FACE_OUTER_BOUND('',#950,.T.);
#435=FACE_OUTER_BOUND('',#951,.T.);
#436=FACE_OUTER_BOUND('',#952,.T.);
#437=FACE_OUTER_BOUND('',#953,.T.);
#438=FACE_OUTER_BOUND('',#954,.T.);
#439=FACE_OUTER_BOUND('',#955,.T.);
#440=FACE_OUTER_BOUND('',#956,.T.);
#441=FACE_OUTER_BOUND('',#957,.T.);
#442=FACE_OUTER_BOUND('',#958,.T.);
#443=FACE_OUTER_BOUND('',#959,.T.);
#444=FACE_OUTER_BOUND('',#960,.T.);
#445=FACE_OUTER_BOUND('',#961,.T.);
#446=FACE_OUTER_BOUND('',#962,.T.);
#447=FACE_OUTER_BOUND('',#963,.T.);
#448=FACE_OUTER_BOUND('',#964,.T.);
#449=FACE_OUTER_BOUND('',#965,.T.);
#450=FACE_OUTER_BOUND('',#966,.T.);
#451=FACE_OUTER_BOUND('',#967,.T.);
#452=FACE_OUTER_BOUND('',#968,.T.);
#453=FACE_OUTER_BOUND('',#969,.T.);
#454=FACE_OUTER_BOUND('',#970,.T.);
#455=FACE_OUTER_BOUND('',#971,.T.);
#456=FACE_OUTER_BOUND('',#972,.T.);
#457=FACE_OUTER_BOUND('',#973,.T.);
#458=FACE_OUTER_BOUND('',#974,.T.);
#459=FACE_OUTER_BOUND('',#975,.T.);
#460=FACE_OUTER_BOUND('',#976,.T.);
#461=FACE_OUTER_BOUND('',#977,.T.);
#462=FACE_OUTER_BOUND('',#978,.T.);
#463=FACE_OUTER_BOUND('',#979,.T.);
#464=FACE_OUTER_BOUND('',#980,.T.);
#465=FACE_OUTER_BOUND('',#981,.T.);
#466=FACE_OUTER_BOUND('',#982,.T.);
#467=FACE_OUTER_BOUND('',#983,.T.);
#468=FACE_OUTER_BOUND('',#984,.T.);
#469=FACE_OUTER_BOUND('',#985,.T.);
#470=FACE_OUTER_BOUND('',#986,.T.);
#471=FACE_OUTER_BOUND('',#987,.T.);
#472=FACE_OUTER_BOUND('',#988,.T.);
#473=FACE_OUTER_BOUND('',#989,.T.);
#474=FACE_OUTER_BOUND('',#990,.T.);
#475=FACE_OUTER_BOUND('',#991,.T.);
#476=FACE_OUTER_BOUND('',#992,.T.);
#477=FACE_OUTER_BOUND('',#993,.T.);
#478=FACE_OUTER_BOUND('',#994,.T.);
#479=FACE_OUTER_BOUND('',#995,.T.);
#480=FACE_OUTER_BOUND('',#996,.T.);
#481=FACE_OUTER_BOUND('',#997,.T.);
#482=FACE_OUTER_BOUND('',#998,.T.);
#483=FACE_OUTER_BOUND('',#999,.T.);
#484=FACE_OUTER_BOUND('',#1000,.T.);
#485=FACE_OUTER_BOUND('',#1001,.T.);
#486=FACE_OUTER_BOUND('',#1002,.T.);
#487=FACE_OUTER_BOUND('',#1003,.T.);
#488=FACE_OUTER_BOUND('',#1004,.T.);
#489=FACE_OUTER_BOUND('',#1005,.T.);
#490=FACE_OUTER_BOUND('',#1006,.T.);
#491=FACE_OUTER_BOUND('',#1007,.T.);
#492=FACE_OUTER_BOUND('',#1008,.T.);
#493=FACE_OUTER_BOUND('',#1009,.T.);
#494=FACE_OUTER_BOUND('',#1010,.T.);
#495=FACE_OUTER_BOUND('',#1011,.T.);
#496=FACE_OUTER_BOUND('',#1012,.T.);
#497=FACE_OUTER_BOUND('',#1013,.T.);
#498=FACE_OUTER_BOUND('',#1014,.T.);
#499=FACE_OUTER_BOUND('',#1015,.T.);
#500=FACE_OUTER_BOUND('',#1016,.T.);
#501=FACE_OUTER_BOUND('',#1017,.T.);
#502=FACE_OUTER_BOUND('',#1018,.T.);
#503=FACE_OUTER_BOUND('',#1019,.T.);
#504=FACE_OUTER_BOUND('',#1020,.T.);
#505=FACE_OUTER_BOUND('',#1021,.T.);
#506=FACE_OUTER_BOUND('',#1022,.T.);
#507=FACE_OUTER_BOUND('',#1023,.T.);
#508=FACE_OUTER_BOUND('',#1024,.T.);
#509=FACE_OUTER_BOUND('',#1025,.T.);
#510=FACE_OUTER_BOUND('',#1026,.T.);
#511=FACE_OUTER_BOUND('',#1027,.T.);
#512=FACE_OUTER_BOUND('',#1028,.T.);
#513=FACE_OUTER_BOUND('',#1029,.T.);
#514=FACE_OUTER_BOUND('',#1030,.T.);
#515=FACE_OUTER_BOUND('',#1031,.T.);
#516=FACE_OUTER_BOUND('',#1032,.T.);
#517=FACE_OUTER_BOUND('',#1033,.T.);
#518=FACE_OUTER_BOUND('',#1034,.T.);
#519=FACE_OUTER_BOUND('',#1035,.T.);
#520=FACE_OUTER_BOUND('',#1036,.T.);
#521=FACE_OUTER_BOUND('',#1037,.T.);
#522=FACE_OUTER_BOUND('',#1038,.T.);
#523=FACE_OUTER_BOUND('',#1039,.T.);
#524=FACE_OUTER_BOUND('',#1040,.T.);
#525=FACE_OUTER_BOUND('',#1041,.T.);
#526=FACE_OUTER_BOUND('',#1042,.T.);
#527=FACE_OUTER_BOUND('',#1043,.T.);
#528=FACE_OUTER_BOUND('',#1044,.T.);
#529=FACE_OUTER_BOUND('',#1045,.T.);
#530=FACE_OUTER_BOUND('',#1046,.T.);
#531=FACE_OUTER_BOUND('',#1048,.T.);
#532=FACE_OUTER_BOUND('',#1049,.T.);
#533=FACE_OUTER_BOUND('',#1050,.T.);
#534=FACE_OUTER_BOUND('',#1051,.T.);
#535=FACE_OUTER_BOUND('',#1052,.T.);
#536=FACE_OUTER_BOUND('',#1054,.T.);
#537=FACE_OUTER_BOUND('',#1055,.T.);
#538=FACE_OUTER_BOUND('',#1056,.T.);
#539=FACE_OUTER_BOUND('',#1057,.T.);
#540=FACE_OUTER_BOUND('',#1058,.T.);
#541=FACE_OUTER_BOUND('',#1060,.T.);
#542=FACE_OUTER_BOUND('',#1061,.T.);
#543=FACE_OUTER_BOUND('',#1062,.T.);
#544=FACE_OUTER_BOUND('',#1063,.T.);
#545=FACE_OUTER_BOUND('',#1064,.T.);
#546=FACE_OUTER_BOUND('',#1066,.T.);
#547=FACE_OUTER_BOUND('',#1067,.T.);
#548=FACE_OUTER_BOUND('',#1068,.T.);
#549=FACE_OUTER_BOUND('',#1069,.T.);
#550=FACE_OUTER_BOUND('',#1070,.T.);
#551=FACE_OUTER_BOUND('',#1073,.T.);
#552=FACE_OUTER_BOUND('',#1074,.T.);
#553=FACE_OUTER_BOUND('',#1075,.T.);
#554=FACE_OUTER_BOUND('',#1076,.T.);
#555=FACE_OUTER_BOUND('',#1077,.T.);
#556=FACE_OUTER_BOUND('',#1078,.T.);
#557=FACE_OUTER_BOUND('',#1079,.T.);
#558=FACE_OUTER_BOUND('',#1080,.T.);
#559=FACE_OUTER_BOUND('',#1081,.T.);
#560=FACE_OUTER_BOUND('',#1082,.T.);
#561=FACE_OUTER_BOUND('',#1083,.T.);
#562=FACE_OUTER_BOUND('',#1084,.T.);
#563=FACE_OUTER_BOUND('',#1085,.T.);
#564=FACE_OUTER_BOUND('',#1086,.T.);
#565=FACE_OUTER_BOUND('',#1087,.T.);
#566=FACE_OUTER_BOUND('',#1088,.T.);
#567=FACE_OUTER_BOUND('',#1089,.T.);
#568=FACE_OUTER_BOUND('',#1090,.T.);
#569=FACE_OUTER_BOUND('',#1091,.T.);
#570=FACE_OUTER_BOUND('',#1092,.T.);
#571=FACE_OUTER_BOUND('',#1093,.T.);
#572=FACE_OUTER_BOUND('',#1094,.T.);
#573=FACE_OUTER_BOUND('',#1095,.T.);
#574=FACE_OUTER_BOUND('',#1096,.T.);
#575=FACE_OUTER_BOUND('',#1097,.T.);
#576=FACE_OUTER_BOUND('',#1098,.T.);
#577=FACE_OUTER_BOUND('',#1099,.T.);
#578=FACE_OUTER_BOUND('',#1100,.T.);
#579=FACE_OUTER_BOUND('',#1101,.T.);
#580=FACE_OUTER_BOUND('',#1102,.T.);
#581=FACE_OUTER_BOUND('',#1103,.T.);
#582=FACE_OUTER_BOUND('',#1104,.T.);
#583=FACE_OUTER_BOUND('',#1105,.T.);
#584=FACE_OUTER_BOUND('',#1106,.T.);
#585=FACE_OUTER_BOUND('',#1107,.T.);
#586=FACE_OUTER_BOUND('',#1108,.T.);
#587=FACE_OUTER_BOUND('',#1109,.T.);
#588=FACE_OUTER_BOUND('',#1110,.T.);
#589=FACE_OUTER_BOUND('',#1111,.T.);
#590=FACE_OUTER_BOUND('',#1112,.T.);
#591=FACE_OUTER_BOUND('',#1113,.T.);
#592=FACE_OUTER_BOUND('',#1114,.T.);
#593=FACE_OUTER_BOUND('',#1115,.T.);
#594=FACE_OUTER_BOUND('',#1116,.T.);
#595=FACE_OUTER_BOUND('',#1117,.T.);
#596=FACE_OUTER_BOUND('',#1118,.T.);
#597=FACE_OUTER_BOUND('',#1119,.T.);
#598=FACE_OUTER_BOUND('',#1120,.T.);
#599=FACE_OUTER_BOUND('',#1121,.T.);
#600=FACE_OUTER_BOUND('',#1122,.T.);
#601=FACE_OUTER_BOUND('',#1123,.T.);
#602=FACE_OUTER_BOUND('',#1124,.T.);
#603=FACE_OUTER_BOUND('',#1125,.T.);
#604=FACE_OUTER_BOUND('',#1126,.T.);
#605=FACE_OUTER_BOUND('',#1127,.T.);
#606=FACE_OUTER_BOUND('',#1128,.T.);
#607=FACE_OUTER_BOUND('',#1129,.T.);
#608=FACE_OUTER_BOUND('',#1130,.T.);
#609=FACE_OUTER_BOUND('',#1131,.T.);
#610=FACE_OUTER_BOUND('',#1132,.T.);
#611=FACE_OUTER_BOUND('',#1133,.T.);
#612=FACE_OUTER_BOUND('',#1134,.T.);
#613=FACE_OUTER_BOUND('',#1135,.T.);
#614=FACE_OUTER_BOUND('',#1136,.T.);
#615=FACE_OUTER_BOUND('',#1137,.T.);
#616=FACE_OUTER_BOUND('',#1138,.T.);
#617=FACE_OUTER_BOUND('',#1139,.T.);
#618=FACE_OUTER_BOUND('',#1140,.T.);
#619=FACE_OUTER_BOUND('',#1141,.T.);
#620=FACE_OUTER_BOUND('',#1142,.T.);
#621=FACE_OUTER_BOUND('',#1143,.T.);
#622=FACE_OUTER_BOUND('',#1144,.T.);
#623=FACE_OUTER_BOUND('',#1145,.T.);
#624=FACE_OUTER_BOUND('',#1146,.T.);
#625=FACE_OUTER_BOUND('',#1147,.T.);
#626=FACE_OUTER_BOUND('',#1148,.T.);
#627=FACE_OUTER_BOUND('',#1149,.T.);
#628=FACE_OUTER_BOUND('',#1150,.T.);
#629=FACE_OUTER_BOUND('',#1151,.T.);
#630=FACE_OUTER_BOUND('',#1152,.T.);
#631=FACE_OUTER_BOUND('',#1153,.T.);
#632=FACE_OUTER_BOUND('',#1154,.T.);
#633=FACE_OUTER_BOUND('',#1155,.T.);
#634=FACE_OUTER_BOUND('',#1156,.T.);
#635=FACE_OUTER_BOUND('',#1157,.T.);
#636=FACE_OUTER_BOUND('',#1158,.T.);
#637=FACE_OUTER_BOUND('',#1159,.T.);
#638=FACE_OUTER_BOUND('',#1160,.T.);
#639=FACE_OUTER_BOUND('',#1161,.T.);
#640=FACE_OUTER_BOUND('',#1162,.T.);
#641=FACE_OUTER_BOUND('',#1163,.T.);
#642=FACE_OUTER_BOUND('',#1164,.T.);
#643=FACE_OUTER_BOUND('',#1165,.T.);
#644=FACE_OUTER_BOUND('',#1166,.T.);
#645=FACE_OUTER_BOUND('',#1167,.T.);
#646=FACE_OUTER_BOUND('',#1168,.T.);
#647=FACE_OUTER_BOUND('',#1169,.T.);
#648=FACE_OUTER_BOUND('',#1170,.T.);
#649=FACE_OUTER_BOUND('',#1171,.T.);
#650=FACE_OUTER_BOUND('',#1172,.T.);
#651=FACE_OUTER_BOUND('',#1173,.T.);
#652=FACE_OUTER_BOUND('',#1174,.T.);
#653=FACE_OUTER_BOUND('',#1175,.T.);
#654=FACE_OUTER_BOUND('',#1176,.T.);
#655=FACE_OUTER_BOUND('',#1177,.T.);
#656=FACE_OUTER_BOUND('',#1178,.T.);
#657=FACE_OUTER_BOUND('',#1179,.T.);
#658=FACE_OUTER_BOUND('',#1180,.T.);
#659=FACE_OUTER_BOUND('',#1181,.T.);
#660=FACE_OUTER_BOUND('',#1182,.T.);
#661=FACE_OUTER_BOUND('',#1183,.T.);
#662=FACE_OUTER_BOUND('',#1184,.T.);
#663=FACE_OUTER_BOUND('',#1185,.T.);
#664=FACE_OUTER_BOUND('',#1186,.T.);
#665=FACE_OUTER_BOUND('',#1187,.T.);
#666=FACE_OUTER_BOUND('',#1188,.T.);
#667=FACE_OUTER_BOUND('',#1189,.T.);
#668=FACE_OUTER_BOUND('',#1190,.T.);
#669=FACE_OUTER_BOUND('',#1191,.T.);
#670=FACE_OUTER_BOUND('',#1192,.T.);
#671=FACE_OUTER_BOUND('',#1193,.T.);
#672=FACE_OUTER_BOUND('',#1194,.T.);
#673=FACE_OUTER_BOUND('',#1195,.T.);
#674=FACE_OUTER_BOUND('',#1196,.T.);
#675=FACE_OUTER_BOUND('',#1197,.T.);
#676=FACE_OUTER_BOUND('',#1198,.T.);
#677=FACE_OUTER_BOUND('',#1199,.T.);
#678=FACE_OUTER_BOUND('',#1200,.T.);
#679=FACE_OUTER_BOUND('',#1201,.T.);
#680=FACE_OUTER_BOUND('',#1202,.T.);
#681=FACE_OUTER_BOUND('',#1203,.T.);
#682=FACE_OUTER_BOUND('',#1204,.T.);
#683=FACE_OUTER_BOUND('',#1205,.T.);
#684=FACE_OUTER_BOUND('',#1206,.T.);
#685=FACE_OUTER_BOUND('',#1207,.T.);
#686=FACE_OUTER_BOUND('',#1208,.T.);
#687=FACE_OUTER_BOUND('',#1209,.T.);
#688=FACE_OUTER_BOUND('',#1210,.T.);
#689=FACE_OUTER_BOUND('',#1211,.T.);
#690=FACE_OUTER_BOUND('',#1212,.T.);
#691=FACE_OUTER_BOUND('',#1213,.T.);
#692=FACE_OUTER_BOUND('',#1214,.T.);
#693=FACE_OUTER_BOUND('',#1215,.T.);
#694=FACE_OUTER_BOUND('',#1216,.T.);
#695=FACE_OUTER_BOUND('',#1217,.T.);
#696=FACE_OUTER_BOUND('',#1218,.T.);
#697=FACE_OUTER_BOUND('',#1220,.T.);
#698=FACE_OUTER_BOUND('',#1221,.T.);
#699=FACE_OUTER_BOUND('',#1222,.T.);
#700=FACE_OUTER_BOUND('',#1223,.T.);
#701=FACE_OUTER_BOUND('',#1224,.T.);
#702=FACE_OUTER_BOUND('',#1225,.T.);
#703=FACE_OUTER_BOUND('',#1226,.T.);
#704=FACE_OUTER_BOUND('',#1227,.T.);
#705=FACE_OUTER_BOUND('',#1228,.T.);
#706=FACE_OUTER_BOUND('',#1229,.T.);
#707=FACE_OUTER_BOUND('',#1230,.T.);
#708=FACE_OUTER_BOUND('',#1231,.T.);
#709=FACE_OUTER_BOUND('',#1232,.T.);
#710=FACE_OUTER_BOUND('',#1233,.T.);
#711=FACE_OUTER_BOUND('',#1234,.T.);
#712=FACE_OUTER_BOUND('',#1235,.T.);
#713=FACE_OUTER_BOUND('',#1236,.T.);
#714=FACE_OUTER_BOUND('',#1237,.T.);
#715=FACE_OUTER_BOUND('',#1238,.T.);
#716=FACE_OUTER_BOUND('',#1239,.T.);
#717=FACE_OUTER_BOUND('',#1240,.T.);
#718=FACE_OUTER_BOUND('',#1241,.T.);
#719=FACE_OUTER_BOUND('',#1242,.T.);
#720=FACE_OUTER_BOUND('',#1243,.T.);
#721=FACE_OUTER_BOUND('',#1244,.T.);
#722=FACE_OUTER_BOUND('',#1245,.T.);
#723=FACE_OUTER_BOUND('',#1246,.T.);
#724=FACE_OUTER_BOUND('',#1247,.T.);
#725=FACE_OUTER_BOUND('',#1248,.T.);
#726=FACE_OUTER_BOUND('',#1249,.T.);
#727=FACE_OUTER_BOUND('',#1252,.T.);
#728=FACE_OUTER_BOUND('',#1253,.T.);
#729=FACE_OUTER_BOUND('',#1254,.T.);
#730=FACE_OUTER_BOUND('',#1255,.T.);
#731=FACE_OUTER_BOUND('',#1256,.T.);
#732=FACE_OUTER_BOUND('',#1257,.T.);
#733=FACE_OUTER_BOUND('',#1258,.T.);
#734=FACE_OUTER_BOUND('',#1259,.T.);
#735=FACE_OUTER_BOUND('',#1260,.T.);
#736=FACE_OUTER_BOUND('',#1261,.T.);
#737=FACE_OUTER_BOUND('',#1262,.T.);
#738=FACE_OUTER_BOUND('',#1263,.T.);
#739=FACE_OUTER_BOUND('',#1264,.T.);
#740=FACE_OUTER_BOUND('',#1265,.T.);
#741=FACE_OUTER_BOUND('',#1266,.T.);
#742=FACE_OUTER_BOUND('',#1267,.T.);
#743=FACE_OUTER_BOUND('',#1268,.T.);
#744=FACE_OUTER_BOUND('',#1269,.T.);
#745=FACE_OUTER_BOUND('',#1270,.T.);
#746=FACE_OUTER_BOUND('',#1271,.T.);
#747=FACE_OUTER_BOUND('',#1272,.T.);
#748=FACE_OUTER_BOUND('',#1273,.T.);
#749=FACE_OUTER_BOUND('',#1274,.T.);
#750=FACE_OUTER_BOUND('',#1275,.T.);
#751=FACE_OUTER_BOUND('',#1276,.T.);
#752=FACE_OUTER_BOUND('',#1277,.T.);
#753=FACE_OUTER_BOUND('',#1278,.T.);
#754=FACE_OUTER_BOUND('',#1279,.T.);
#755=FACE_OUTER_BOUND('',#1280,.T.);
#756=FACE_OUTER_BOUND('',#1281,.T.);
#757=FACE_OUTER_BOUND('',#1282,.T.);
#758=FACE_OUTER_BOUND('',#1284,.T.);
#759=FACE_OUTER_BOUND('',#1285,.T.);
#760=FACE_OUTER_BOUND('',#1286,.T.);
#761=FACE_OUTER_BOUND('',#1287,.T.);
#762=FACE_OUTER_BOUND('',#1288,.T.);
#763=FACE_OUTER_BOUND('',#1289,.T.);
#764=FACE_OUTER_BOUND('',#1290,.T.);
#765=FACE_OUTER_BOUND('',#1291,.T.);
#766=FACE_OUTER_BOUND('',#1292,.T.);
#767=FACE_OUTER_BOUND('',#1293,.T.);
#768=FACE_OUTER_BOUND('',#1294,.T.);
#769=FACE_OUTER_BOUND('',#1295,.T.);
#770=FACE_OUTER_BOUND('',#1296,.T.);
#771=FACE_OUTER_BOUND('',#1297,.T.);
#772=FACE_OUTER_BOUND('',#1298,.T.);
#773=FACE_OUTER_BOUND('',#1299,.T.);
#774=FACE_OUTER_BOUND('',#1300,.T.);
#775=FACE_OUTER_BOUND('',#1301,.T.);
#776=FACE_OUTER_BOUND('',#1302,.T.);
#777=FACE_OUTER_BOUND('',#1303,.T.);
#778=FACE_OUTER_BOUND('',#1304,.T.);
#779=FACE_OUTER_BOUND('',#1305,.T.);
#780=FACE_OUTER_BOUND('',#1306,.T.);
#781=FACE_OUTER_BOUND('',#1307,.T.);
#782=FACE_OUTER_BOUND('',#1308,.T.);
#783=FACE_OUTER_BOUND('',#1309,.T.);
#784=FACE_OUTER_BOUND('',#1310,.T.);
#785=FACE_OUTER_BOUND('',#1311,.T.);
#786=FACE_OUTER_BOUND('',#1312,.T.);
#787=FACE_OUTER_BOUND('',#1313,.T.);
#788=FACE_OUTER_BOUND('',#1314,.T.);
#789=FACE_OUTER_BOUND('',#1315,.T.);
#790=FACE_OUTER_BOUND('',#1316,.T.);
#791=FACE_OUTER_BOUND('',#1317,.T.);
#792=FACE_OUTER_BOUND('',#1318,.T.);
#793=FACE_OUTER_BOUND('',#1319,.T.);
#794=FACE_OUTER_BOUND('',#1320,.T.);
#795=FACE_OUTER_BOUND('',#1321,.T.);
#796=FACE_OUTER_BOUND('',#1322,.T.);
#797=FACE_OUTER_BOUND('',#1323,.T.);
#798=FACE_OUTER_BOUND('',#1324,.T.);
#799=FACE_OUTER_BOUND('',#1325,.T.);
#800=FACE_OUTER_BOUND('',#1326,.T.);
#801=FACE_OUTER_BOUND('',#1327,.T.);
#802=FACE_OUTER_BOUND('',#1328,.T.);
#803=FACE_OUTER_BOUND('',#1329,.T.);
#804=FACE_OUTER_BOUND('',#1330,.T.);
#805=FACE_OUTER_BOUND('',#1331,.T.);
#806=FACE_OUTER_BOUND('',#1332,.T.);
#807=FACE_OUTER_BOUND('',#1333,.T.);
#808=FACE_OUTER_BOUND('',#1334,.T.);
#809=FACE_OUTER_BOUND('',#1335,.T.);
#810=FACE_OUTER_BOUND('',#1336,.T.);
#811=FACE_OUTER_BOUND('',#1337,.T.);
#812=FACE_OUTER_BOUND('',#1338,.T.);
#813=FACE_OUTER_BOUND('',#1339,.T.);
#814=FACE_OUTER_BOUND('',#1340,.T.);
#815=FACE_OUTER_BOUND('',#1341,.T.);
#816=FACE_OUTER_BOUND('',#1342,.T.);
#817=FACE_OUTER_BOUND('',#1343,.T.);
#818=EDGE_LOOP('',(#6267,#6268,#6269,#6270));
#819=EDGE_LOOP('',(#6271,#6272,#6273,#6274));
#820=EDGE_LOOP('',(#6275,#6276,#6277,#6278,#6279,#6280,#6281,#6282,#6283,
#6284,#6285,#6286,#6287,#6288,#6289,#6290,#6291,#6292,#6293,#6294,#6295,
#6296,#6297,#6298,#6299,#6300,#6301,#6302,#6303,#6304,#6305,#6306,#6307,
#6308,#6309,#6310,#6311,#6312,#6313,#6314,#6315,#6316,#6317,#6318,#6319,
#6320,#6321,#6322,#6323,#6324,#6325,#6326,#6327,#6328,#6329,#6330,#6331,
#6332,#6333,#6334,#6335,#6336,#6337,#6338,#6339,#6340,#6341,#6342,#6343,
#6344,#6345,#6346,#6347,#6348,#6349,#6350,#6351,#6352,#6353,#6354,#6355,
#6356,#6357,#6358,#6359,#6360,#6361,#6362,#6363,#6364,#6365,#6366,#6367,
#6368,#6369,#6370,#6371,#6372,#6373,#6374,#6375,#6376,#6377,#6378,#6379,
#6380,#6381,#6382,#6383,#6384,#6385,#6386,#6387,#6388,#6389,#6390,#6391,
#6392,#6393,#6394,#6395,#6396,#6397,#6398,#6399,#6400,#6401,#6402,#6403,
#6404,#6405,#6406,#6407,#6408,#6409,#6410,#6411,#6412,#6413,#6414,#6415,
#6416,#6417,#6418,#6419,#6420,#6421,#6422,#6423,#6424,#6425,#6426));
#821=EDGE_LOOP('',(#6427,#6428,#6429,#6430,#6431,#6432,#6433,#6434,#6435,
#6436,#6437));
#822=EDGE_LOOP('',(#6438,#6439,#6440,#6441,#6442,#6443,#6444,#6445));
#823=EDGE_LOOP('',(#6446,#6447,#6448,#6449,#6450,#6451,#6452,#6453));
#824=EDGE_LOOP('',(#6454,#6455,#6456,#6457,#6458,#6459,#6460));
#825=EDGE_LOOP('',(#6461,#6462,#6463,#6464,#6465,#6466,#6467,#6468));
#826=EDGE_LOOP('',(#6469,#6470,#6471,#6472,#6473,#6474,#6475,#6476,#6477,
#6478,#6479,#6480,#6481,#6482));
#827=EDGE_LOOP('',(#6483,#6484,#6485,#6486,#6487,#6488,#6489,#6490,#6491,
#6492,#6493,#6494,#6495,#6496,#6497,#6498,#6499,#6500,#6501,#6502,#6503,
#6504,#6505,#6506,#6507,#6508,#6509,#6510,#6511,#6512,#6513,#6514,#6515,
#6516,#6517,#6518,#6519,#6520,#6521,#6522,#6523,#6524,#6525,#6526,#6527,
#6528,#6529));
#828=EDGE_LOOP('',(#6530,#6531,#6532,#6533,#6534,#6535,#6536,#6537,#6538,
#6539,#6540,#6541,#6542,#6543,#6544,#6545,#6546,#6547,#6548,#6549,#6550,
#6551,#6552,#6553,#6554,#6555,#6556,#6557,#6558,#6559,#6560,#6561,#6562,
#6563,#6564,#6565,#6566,#6567,#6568,#6569,#6570,#6571,#6572,#6573,#6574,
#6575,#6576,#6577,#6578));
#829=EDGE_LOOP('',(#6579,#6580,#6581,#6582,#6583,#6584,#6585,#6586));
#830=EDGE_LOOP('',(#6587,#6588,#6589,#6590,#6591,#6592,#6593,#6594,#6595,
#6596,#6597,#6598,#6599,#6600,#6601,#6602,#6603,#6604,#6605,#6606,#6607,
#6608,#6609,#6610,#6611,#6612,#6613,#6614,#6615,#6616,#6617,#6618,#6619,
#6620,#6621,#6622,#6623,#6624,#6625,#6626,#6627,#6628,#6629,#6630,#6631,
#6632,#6633,#6634));
#831=EDGE_LOOP('',(#6635,#6636,#6637,#6638,#6639,#6640,#6641,#6642,#6643,
#6644,#6645,#6646,#6647,#6648,#6649,#6650,#6651,#6652,#6653,#6654,#6655,
#6656,#6657,#6658,#6659,#6660,#6661,#6662,#6663,#6664,#6665,#6666,#6667,
#6668,#6669,#6670,#6671,#6672,#6673,#6674,#6675,#6676,#6677,#6678,#6679,
#6680,#6681));
#832=EDGE_LOOP('',(#6682,#6683,#6684,#6685,#6686,#6687,#6688,#6689,#6690,
#6691,#6692,#6693,#6694,#6695));
#833=EDGE_LOOP('',(#6696,#6697,#6698,#6699,#6700,#6701,#6702,#6703));
#834=EDGE_LOOP('',(#6704));
#835=EDGE_LOOP('',(#6705));
#836=EDGE_LOOP('',(#6706));
#837=EDGE_LOOP('',(#6707));
#838=EDGE_LOOP('',(#6708,#6709,#6710,#6711));
#839=EDGE_LOOP('',(#6712,#6713,#6714,#6715));
#840=EDGE_LOOP('',(#6716,#6717,#6718,#6719));
#841=EDGE_LOOP('',(#6720,#6721,#6722,#6723));
#842=EDGE_LOOP('',(#6724,#6725,#6726,#6727));
#843=EDGE_LOOP('',(#6728,#6729,#6730,#6731));
#844=EDGE_LOOP('',(#6732,#6733,#6734,#6735));
#845=EDGE_LOOP('',(#6736,#6737,#6738,#6739));
#846=EDGE_LOOP('',(#6740,#6741,#6742,#6743));
#847=EDGE_LOOP('',(#6744,#6745,#6746,#6747));
#848=EDGE_LOOP('',(#6748,#6749,#6750,#6751));
#849=EDGE_LOOP('',(#6752,#6753,#6754,#6755));
#850=EDGE_LOOP('',(#6756,#6757,#6758,#6759));
#851=EDGE_LOOP('',(#6760,#6761,#6762,#6763));
#852=EDGE_LOOP('',(#6764,#6765,#6766,#6767));
#853=EDGE_LOOP('',(#6768,#6769,#6770,#6771));
#854=EDGE_LOOP('',(#6772,#6773,#6774,#6775));
#855=EDGE_LOOP('',(#6776,#6777,#6778,#6779));
#856=EDGE_LOOP('',(#6780,#6781,#6782,#6783));
#857=EDGE_LOOP('',(#6784,#6785,#6786,#6787));
#858=EDGE_LOOP('',(#6788,#6789,#6790,#6791));
#859=EDGE_LOOP('',(#6792,#6793,#6794,#6795));
#860=EDGE_LOOP('',(#6796,#6797,#6798,#6799));
#861=EDGE_LOOP('',(#6800,#6801,#6802,#6803));
#862=EDGE_LOOP('',(#6804,#6805,#6806,#6807));
#863=EDGE_LOOP('',(#6808,#6809,#6810,#6811));
#864=EDGE_LOOP('',(#6812,#6813,#6814,#6815));
#865=EDGE_LOOP('',(#6816,#6817,#6818,#6819));
#866=EDGE_LOOP('',(#6820,#6821,#6822,#6823));
#867=EDGE_LOOP('',(#6824,#6825,#6826,#6827));
#868=EDGE_LOOP('',(#6828,#6829,#6830,#6831));
#869=EDGE_LOOP('',(#6832,#6833,#6834,#6835));
#870=EDGE_LOOP('',(#6836,#6837,#6838,#6839));
#871=EDGE_LOOP('',(#6840,#6841,#6842,#6843));
#872=EDGE_LOOP('',(#6844,#6845,#6846,#6847));
#873=EDGE_LOOP('',(#6848,#6849,#6850,#6851));
#874=EDGE_LOOP('',(#6852,#6853,#6854,#6855));
#875=EDGE_LOOP('',(#6856,#6857,#6858,#6859));
#876=EDGE_LOOP('',(#6860,#6861,#6862,#6863));
#877=EDGE_LOOP('',(#6864,#6865,#6866,#6867));
#878=EDGE_LOOP('',(#6868,#6869,#6870,#6871));
#879=EDGE_LOOP('',(#6872,#6873,#6874,#6875));
#880=EDGE_LOOP('',(#6876,#6877,#6878,#6879));
#881=EDGE_LOOP('',(#6880,#6881,#6882,#6883));
#882=EDGE_LOOP('',(#6884,#6885,#6886,#6887));
#883=EDGE_LOOP('',(#6888,#6889,#6890,#6891));
#884=EDGE_LOOP('',(#6892,#6893,#6894,#6895));
#885=EDGE_LOOP('',(#6896,#6897,#6898,#6899));
#886=EDGE_LOOP('',(#6900,#6901,#6902,#6903));
#887=EDGE_LOOP('',(#6904,#6905,#6906,#6907));
#888=EDGE_LOOP('',(#6908,#6909,#6910,#6911));
#889=EDGE_LOOP('',(#6912,#6913,#6914,#6915));
#890=EDGE_LOOP('',(#6916,#6917,#6918,#6919));
#891=EDGE_LOOP('',(#6920,#6921,#6922,#6923));
#892=EDGE_LOOP('',(#6924,#6925,#6926,#6927));
#893=EDGE_LOOP('',(#6928,#6929,#6930,#6931));
#894=EDGE_LOOP('',(#6932,#6933,#6934,#6935));
#895=EDGE_LOOP('',(#6936,#6937,#6938,#6939));
#896=EDGE_LOOP('',(#6940,#6941,#6942,#6943));
#897=EDGE_LOOP('',(#6944,#6945,#6946,#6947));
#898=EDGE_LOOP('',(#6948,#6949,#6950,#6951));
#899=EDGE_LOOP('',(#6952,#6953,#6954,#6955));
#900=EDGE_LOOP('',(#6956,#6957,#6958,#6959));
#901=EDGE_LOOP('',(#6960,#6961,#6962,#6963));
#902=EDGE_LOOP('',(#6964,#6965,#6966,#6967));
#903=EDGE_LOOP('',(#6968,#6969,#6970,#6971));
#904=EDGE_LOOP('',(#6972,#6973,#6974,#6975));
#905=EDGE_LOOP('',(#6976,#6977,#6978,#6979));
#906=EDGE_LOOP('',(#6980,#6981,#6982,#6983));
#907=EDGE_LOOP('',(#6984,#6985,#6986,#6987));
#908=EDGE_LOOP('',(#6988,#6989,#6990,#6991));
#909=EDGE_LOOP('',(#6992,#6993,#6994,#6995));
#910=EDGE_LOOP('',(#6996,#6997,#6998,#6999));
#911=EDGE_LOOP('',(#7000,#7001,#7002,#7003));
#912=EDGE_LOOP('',(#7004,#7005,#7006,#7007));
#913=EDGE_LOOP('',(#7008,#7009,#7010,#7011));
#914=EDGE_LOOP('',(#7012,#7013,#7014,#7015));
#915=EDGE_LOOP('',(#7016,#7017,#7018,#7019));
#916=EDGE_LOOP('',(#7020,#7021,#7022,#7023));
#917=EDGE_LOOP('',(#7024,#7025,#7026,#7027));
#918=EDGE_LOOP('',(#7028,#7029,#7030,#7031));
#919=EDGE_LOOP('',(#7032,#7033,#7034,#7035));
#920=EDGE_LOOP('',(#7036,#7037,#7038,#7039));
#921=EDGE_LOOP('',(#7040,#7041,#7042,#7043));
#922=EDGE_LOOP('',(#7044,#7045,#7046,#7047));
#923=EDGE_LOOP('',(#7048,#7049,#7050,#7051));
#924=EDGE_LOOP('',(#7052,#7053,#7054,#7055));
#925=EDGE_LOOP('',(#7056,#7057,#7058,#7059));
#926=EDGE_LOOP('',(#7060,#7061,#7062,#7063));
#927=EDGE_LOOP('',(#7064,#7065,#7066,#7067));
#928=EDGE_LOOP('',(#7068,#7069,#7070,#7071));
#929=EDGE_LOOP('',(#7072,#7073,#7074,#7075));
#930=EDGE_LOOP('',(#7076,#7077,#7078,#7079));
#931=EDGE_LOOP('',(#7080,#7081,#7082,#7083));
#932=EDGE_LOOP('',(#7084,#7085,#7086,#7087));
#933=EDGE_LOOP('',(#7088,#7089,#7090,#7091));
#934=EDGE_LOOP('',(#7092,#7093,#7094,#7095));
#935=EDGE_LOOP('',(#7096,#7097,#7098,#7099));
#936=EDGE_LOOP('',(#7100,#7101,#7102,#7103));
#937=EDGE_LOOP('',(#7104,#7105,#7106,#7107));
#938=EDGE_LOOP('',(#7108,#7109,#7110,#7111));
#939=EDGE_LOOP('',(#7112,#7113,#7114,#7115));
#940=EDGE_LOOP('',(#7116,#7117,#7118,#7119));
#941=EDGE_LOOP('',(#7120,#7121,#7122,#7123));
#942=EDGE_LOOP('',(#7124,#7125,#7126,#7127));
#943=EDGE_LOOP('',(#7128,#7129,#7130,#7131));
#944=EDGE_LOOP('',(#7132,#7133,#7134,#7135));
#945=EDGE_LOOP('',(#7136,#7137,#7138,#7139));
#946=EDGE_LOOP('',(#7140,#7141,#7142,#7143));
#947=EDGE_LOOP('',(#7144,#7145,#7146,#7147));
#948=EDGE_LOOP('',(#7148,#7149,#7150,#7151));
#949=EDGE_LOOP('',(#7152,#7153,#7154,#7155,#7156,#7157,#7158));
#950=EDGE_LOOP('',(#7159,#7160,#7161,#7162));
#951=EDGE_LOOP('',(#7163,#7164,#7165,#7166,#7167,#7168,#7169));
#952=EDGE_LOOP('',(#7170,#7171,#7172,#7173));
#953=EDGE_LOOP('',(#7174,#7175,#7176,#7177,#7178,#7179,#7180));
#954=EDGE_LOOP('',(#7181,#7182,#7183,#7184));
#955=EDGE_LOOP('',(#7185,#7186,#7187,#7188,#7189,#7190,#7191));
#956=EDGE_LOOP('',(#7192,#7193,#7194,#7195));
#957=EDGE_LOOP('',(#7196,#7197,#7198,#7199));
#958=EDGE_LOOP('',(#7200,#7201,#7202,#7203));
#959=EDGE_LOOP('',(#7204,#7205,#7206,#7207));
#960=EDGE_LOOP('',(#7208,#7209,#7210,#7211,#7212,#7213,#7214,#7215,#7216,
#7217,#7218,#7219,#7220,#7221,#7222,#7223,#7224,#7225,#7226,#7227));
#961=EDGE_LOOP('',(#7228,#7229,#7230,#7231));
#962=EDGE_LOOP('',(#7232,#7233,#7234,#7235));
#963=EDGE_LOOP('',(#7236,#7237,#7238,#7239));
#964=EDGE_LOOP('',(#7240,#7241,#7242,#7243));
#965=EDGE_LOOP('',(#7244,#7245,#7246,#7247));
#966=EDGE_LOOP('',(#7248,#7249,#7250,#7251,#7252));
#967=EDGE_LOOP('',(#7253,#7254,#7255,#7256,#7257,#7258,#7259));
#968=EDGE_LOOP('',(#7260,#7261,#7262,#7263));
#969=EDGE_LOOP('',(#7264,#7265,#7266,#7267));
#970=EDGE_LOOP('',(#7268,#7269,#7270,#7271));
#971=EDGE_LOOP('',(#7272,#7273,#7274,#7275));
#972=EDGE_LOOP('',(#7276,#7277,#7278,#7279));
#973=EDGE_LOOP('',(#7280,#7281,#7282,#7283));
#974=EDGE_LOOP('',(#7284,#7285,#7286,#7287));
#975=EDGE_LOOP('',(#7288,#7289,#7290,#7291));
#976=EDGE_LOOP('',(#7292,#7293,#7294,#7295));
#977=EDGE_LOOP('',(#7296,#7297,#7298,#7299));
#978=EDGE_LOOP('',(#7300,#7301,#7302,#7303));
#979=EDGE_LOOP('',(#7304,#7305,#7306,#7307));
#980=EDGE_LOOP('',(#7308,#7309,#7310,#7311));
#981=EDGE_LOOP('',(#7312,#7313,#7314,#7315));
#982=EDGE_LOOP('',(#7316,#7317,#7318,#7319));
#983=EDGE_LOOP('',(#7320,#7321,#7322,#7323,#7324,#7325,#7326,#7327));
#984=EDGE_LOOP('',(#7328,#7329,#7330,#7331));
#985=EDGE_LOOP('',(#7332,#7333,#7334,#7335));
#986=EDGE_LOOP('',(#7336,#7337,#7338,#7339));
#987=EDGE_LOOP('',(#7340,#7341,#7342,#7343));
#988=EDGE_LOOP('',(#7344,#7345,#7346,#7347));
#989=EDGE_LOOP('',(#7348,#7349,#7350,#7351));
#990=EDGE_LOOP('',(#7352,#7353,#7354,#7355));
#991=EDGE_LOOP('',(#7356,#7357,#7358,#7359));
#992=EDGE_LOOP('',(#7360,#7361,#7362,#7363));
#993=EDGE_LOOP('',(#7364,#7365,#7366,#7367));
#994=EDGE_LOOP('',(#7368,#7369,#7370,#7371));
#995=EDGE_LOOP('',(#7372,#7373,#7374,#7375));
#996=EDGE_LOOP('',(#7376,#7377,#7378,#7379));
#997=EDGE_LOOP('',(#7380,#7381,#7382,#7383));
#998=EDGE_LOOP('',(#7384,#7385,#7386,#7387));
#999=EDGE_LOOP('',(#7388,#7389,#7390,#7391));
#1000=EDGE_LOOP('',(#7392,#7393,#7394,#7395));
#1001=EDGE_LOOP('',(#7396,#7397,#7398,#7399));
#1002=EDGE_LOOP('',(#7400,#7401,#7402,#7403));
#1003=EDGE_LOOP('',(#7404,#7405,#7406,#7407));
#1004=EDGE_LOOP('',(#7408,#7409,#7410,#7411));
#1005=EDGE_LOOP('',(#7412,#7413,#7414,#7415));
#1006=EDGE_LOOP('',(#7416,#7417,#7418,#7419));
#1007=EDGE_LOOP('',(#7420,#7421,#7422,#7423));
#1008=EDGE_LOOP('',(#7424,#7425,#7426,#7427,#7428,#7429,#7430,#7431));
#1009=EDGE_LOOP('',(#7432,#7433,#7434,#7435));
#1010=EDGE_LOOP('',(#7436,#7437,#7438,#7439));
#1011=EDGE_LOOP('',(#7440,#7441,#7442,#7443));
#1012=EDGE_LOOP('',(#7444,#7445,#7446,#7447));
#1013=EDGE_LOOP('',(#7448,#7449,#7450,#7451));
#1014=EDGE_LOOP('',(#7452,#7453,#7454,#7455));
#1015=EDGE_LOOP('',(#7456,#7457,#7458,#7459));
#1016=EDGE_LOOP('',(#7460,#7461,#7462,#7463));
#1017=EDGE_LOOP('',(#7464,#7465,#7466,#7467));
#1018=EDGE_LOOP('',(#7468,#7469,#7470,#7471));
#1019=EDGE_LOOP('',(#7472,#7473,#7474,#7475));
#1020=EDGE_LOOP('',(#7476,#7477,#7478,#7479,#7480,#7481,#7482));
#1021=EDGE_LOOP('',(#7483,#7484,#7485,#7486));
#1022=EDGE_LOOP('',(#7487,#7488,#7489,#7490));
#1023=EDGE_LOOP('',(#7491,#7492,#7493,#7494));
#1024=EDGE_LOOP('',(#7495,#7496,#7497,#7498));
#1025=EDGE_LOOP('',(#7499,#7500,#7501,#7502));
#1026=EDGE_LOOP('',(#7503,#7504,#7505,#7506));
#1027=EDGE_LOOP('',(#7507,#7508,#7509,#7510));
#1028=EDGE_LOOP('',(#7511,#7512,#7513,#7514));
#1029=EDGE_LOOP('',(#7515,#7516,#7517,#7518));
#1030=EDGE_LOOP('',(#7519,#7520,#7521,#7522,#7523));
#1031=EDGE_LOOP('',(#7524,#7525,#7526,#7527));
#1032=EDGE_LOOP('',(#7528,#7529,#7530,#7531));
#1033=EDGE_LOOP('',(#7532,#7533,#7534,#7535));
#1034=EDGE_LOOP('',(#7536,#7537,#7538,#7539));
#1035=EDGE_LOOP('',(#7540,#7541,#7542,#7543));
#1036=EDGE_LOOP('',(#7544,#7545,#7546,#7547));
#1037=EDGE_LOOP('',(#7548,#7549,#7550,#7551,#7552,#7553));
#1038=EDGE_LOOP('',(#7554,#7555,#7556,#7557));
#1039=EDGE_LOOP('',(#7558,#7559,#7560,#7561,#7562,#7563,#7564,#7565));
#1040=EDGE_LOOP('',(#7566,#7567,#7568,#7569));
#1041=EDGE_LOOP('',(#7570,#7571,#7572,#7573));
#1042=EDGE_LOOP('',(#7574,#7575,#7576,#7577));
#1043=EDGE_LOOP('',(#7578,#7579,#7580,#7581));
#1044=EDGE_LOOP('',(#7582,#7583,#7584,#7585,#7586));
#1045=EDGE_LOOP('',(#7587,#7588,#7589,#7590));
#1046=EDGE_LOOP('',(#7591,#7592,#7593,#7594,#7595,#7596));
#1047=EDGE_LOOP('',(#7597));
#1048=EDGE_LOOP('',(#7598,#7599,#7600,#7601));
#1049=EDGE_LOOP('',(#7602,#7603,#7604,#7605));
#1050=EDGE_LOOP('',(#7606,#7607,#7608,#7609));
#1051=EDGE_LOOP('',(#7610,#7611,#7612,#7613));
#1052=EDGE_LOOP('',(#7614,#7615,#7616,#7617,#7618,#7619));
#1053=EDGE_LOOP('',(#7620));
#1054=EDGE_LOOP('',(#7621,#7622,#7623,#7624));
#1055=EDGE_LOOP('',(#7625,#7626,#7627,#7628));
#1056=EDGE_LOOP('',(#7629,#7630,#7631,#7632));
#1057=EDGE_LOOP('',(#7633,#7634,#7635,#7636));
#1058=EDGE_LOOP('',(#7637,#7638,#7639,#7640,#7641,#7642));
#1059=EDGE_LOOP('',(#7643));
#1060=EDGE_LOOP('',(#7644,#7645,#7646,#7647));
#1061=EDGE_LOOP('',(#7648,#7649,#7650,#7651));
#1062=EDGE_LOOP('',(#7652,#7653,#7654,#7655));
#1063=EDGE_LOOP('',(#7656,#7657,#7658,#7659));
#1064=EDGE_LOOP('',(#7660,#7661,#7662,#7663,#7664,#7665));
#1065=EDGE_LOOP('',(#7666));
#1066=EDGE_LOOP('',(#7667,#7668,#7669,#7670));
#1067=EDGE_LOOP('',(#7671,#7672,#7673,#7674));
#1068=EDGE_LOOP('',(#7675,#7676,#7677,#7678));
#1069=EDGE_LOOP('',(#7679,#7680,#7681));
#1070=EDGE_LOOP('',(#7682,#7683,#7684,#7685));
#1071=EDGE_LOOP('',(#7686));
#1072=EDGE_LOOP('',(#7687));
#1073=EDGE_LOOP('',(#7688,#7689,#7690));
#1074=EDGE_LOOP('',(#7691,#7692,#7693));
#1075=EDGE_LOOP('',(#7694,#7695,#7696));
#1076=EDGE_LOOP('',(#7697,#7698,#7699));
#1077=EDGE_LOOP('',(#7700,#7701,#7702));
#1078=EDGE_LOOP('',(#7703,#7704,#7705,#7706));
#1079=EDGE_LOOP('',(#7707,#7708,#7709,#7710));
#1080=EDGE_LOOP('',(#7711,#7712,#7713,#7714));
#1081=EDGE_LOOP('',(#7715,#7716,#7717,#7718));
#1082=EDGE_LOOP('',(#7719,#7720,#7721,#7722));
#1083=EDGE_LOOP('',(#7723,#7724,#7725,#7726));
#1084=EDGE_LOOP('',(#7727,#7728,#7729,#7730));
#1085=EDGE_LOOP('',(#7731,#7732,#7733,#7734));
#1086=EDGE_LOOP('',(#7735,#7736,#7737,#7738));
#1087=EDGE_LOOP('',(#7739,#7740,#7741,#7742));
#1088=EDGE_LOOP('',(#7743,#7744,#7745,#7746));
#1089=EDGE_LOOP('',(#7747,#7748,#7749,#7750));
#1090=EDGE_LOOP('',(#7751,#7752,#7753,#7754));
#1091=EDGE_LOOP('',(#7755,#7756,#7757,#7758));
#1092=EDGE_LOOP('',(#7759,#7760,#7761,#7762));
#1093=EDGE_LOOP('',(#7763,#7764,#7765,#7766));
#1094=EDGE_LOOP('',(#7767,#7768,#7769,#7770));
#1095=EDGE_LOOP('',(#7771,#7772,#7773,#7774));
#1096=EDGE_LOOP('',(#7775,#7776,#7777,#7778));
#1097=EDGE_LOOP('',(#7779,#7780,#7781,#7782));
#1098=EDGE_LOOP('',(#7783,#7784,#7785,#7786));
#1099=EDGE_LOOP('',(#7787,#7788,#7789,#7790));
#1100=EDGE_LOOP('',(#7791,#7792,#7793,#7794));
#1101=EDGE_LOOP('',(#7795,#7796,#7797,#7798));
#1102=EDGE_LOOP('',(#7799,#7800,#7801,#7802));
#1103=EDGE_LOOP('',(#7803,#7804,#7805,#7806));
#1104=EDGE_LOOP('',(#7807,#7808,#7809,#7810));
#1105=EDGE_LOOP('',(#7811,#7812,#7813,#7814));
#1106=EDGE_LOOP('',(#7815,#7816,#7817,#7818));
#1107=EDGE_LOOP('',(#7819,#7820,#7821,#7822));
#1108=EDGE_LOOP('',(#7823,#7824,#7825,#7826));
#1109=EDGE_LOOP('',(#7827,#7828,#7829,#7830));
#1110=EDGE_LOOP('',(#7831,#7832,#7833,#7834));
#1111=EDGE_LOOP('',(#7835,#7836,#7837,#7838));
#1112=EDGE_LOOP('',(#7839,#7840,#7841,#7842));
#1113=EDGE_LOOP('',(#7843,#7844,#7845,#7846));
#1114=EDGE_LOOP('',(#7847,#7848,#7849,#7850));
#1115=EDGE_LOOP('',(#7851,#7852,#7853,#7854));
#1116=EDGE_LOOP('',(#7855,#7856,#7857,#7858));
#1117=EDGE_LOOP('',(#7859,#7860,#7861,#7862));
#1118=EDGE_LOOP('',(#7863,#7864,#7865,#7866));
#1119=EDGE_LOOP('',(#7867,#7868,#7869,#7870));
#1120=EDGE_LOOP('',(#7871,#7872,#7873,#7874));
#1121=EDGE_LOOP('',(#7875,#7876,#7877,#7878));
#1122=EDGE_LOOP('',(#7879,#7880,#7881,#7882));
#1123=EDGE_LOOP('',(#7883,#7884,#7885,#7886));
#1124=EDGE_LOOP('',(#7887,#7888,#7889,#7890));
#1125=EDGE_LOOP('',(#7891,#7892,#7893,#7894));
#1126=EDGE_LOOP('',(#7895,#7896,#7897,#7898));
#1127=EDGE_LOOP('',(#7899,#7900,#7901,#7902));
#1128=EDGE_LOOP('',(#7903,#7904,#7905,#7906));
#1129=EDGE_LOOP('',(#7907,#7908,#7909,#7910));
#1130=EDGE_LOOP('',(#7911,#7912,#7913,#7914));
#1131=EDGE_LOOP('',(#7915,#7916,#7917,#7918));
#1132=EDGE_LOOP('',(#7919,#7920,#7921,#7922));
#1133=EDGE_LOOP('',(#7923,#7924,#7925,#7926));
#1134=EDGE_LOOP('',(#7927,#7928,#7929,#7930));
#1135=EDGE_LOOP('',(#7931,#7932,#7933,#7934));
#1136=EDGE_LOOP('',(#7935,#7936,#7937,#7938));
#1137=EDGE_LOOP('',(#7939,#7940,#7941,#7942));
#1138=EDGE_LOOP('',(#7943,#7944,#7945,#7946));
#1139=EDGE_LOOP('',(#7947,#7948,#7949,#7950));
#1140=EDGE_LOOP('',(#7951,#7952,#7953,#7954));
#1141=EDGE_LOOP('',(#7955,#7956,#7957,#7958));
#1142=EDGE_LOOP('',(#7959,#7960,#7961,#7962));
#1143=EDGE_LOOP('',(#7963,#7964,#7965,#7966));
#1144=EDGE_LOOP('',(#7967,#7968,#7969,#7970));
#1145=EDGE_LOOP('',(#7971,#7972,#7973,#7974));
#1146=EDGE_LOOP('',(#7975,#7976,#7977,#7978));
#1147=EDGE_LOOP('',(#7979,#7980,#7981,#7982));
#1148=EDGE_LOOP('',(#7983,#7984,#7985,#7986));
#1149=EDGE_LOOP('',(#7987,#7988,#7989,#7990));
#1150=EDGE_LOOP('',(#7991,#7992,#7993,#7994));
#1151=EDGE_LOOP('',(#7995,#7996,#7997,#7998));
#1152=EDGE_LOOP('',(#7999,#8000,#8001,#8002));
#1153=EDGE_LOOP('',(#8003,#8004,#8005,#8006));
#1154=EDGE_LOOP('',(#8007,#8008,#8009,#8010));
#1155=EDGE_LOOP('',(#8011,#8012,#8013,#8014));
#1156=EDGE_LOOP('',(#8015,#8016,#8017,#8018));
#1157=EDGE_LOOP('',(#8019,#8020,#8021,#8022));
#1158=EDGE_LOOP('',(#8023,#8024,#8025,#8026));
#1159=EDGE_LOOP('',(#8027,#8028,#8029,#8030));
#1160=EDGE_LOOP('',(#8031,#8032,#8033,#8034));
#1161=EDGE_LOOP('',(#8035,#8036,#8037,#8038));
#1162=EDGE_LOOP('',(#8039,#8040,#8041,#8042));
#1163=EDGE_LOOP('',(#8043,#8044,#8045,#8046));
#1164=EDGE_LOOP('',(#8047,#8048,#8049,#8050));
#1165=EDGE_LOOP('',(#8051,#8052,#8053,#8054));
#1166=EDGE_LOOP('',(#8055,#8056,#8057,#8058));
#1167=EDGE_LOOP('',(#8059,#8060,#8061,#8062));
#1168=EDGE_LOOP('',(#8063,#8064,#8065,#8066));
#1169=EDGE_LOOP('',(#8067,#8068,#8069,#8070));
#1170=EDGE_LOOP('',(#8071,#8072,#8073,#8074));
#1171=EDGE_LOOP('',(#8075,#8076,#8077,#8078));
#1172=EDGE_LOOP('',(#8079,#8080,#8081,#8082));
#1173=EDGE_LOOP('',(#8083,#8084,#8085,#8086));
#1174=EDGE_LOOP('',(#8087,#8088,#8089,#8090));
#1175=EDGE_LOOP('',(#8091,#8092,#8093,#8094));
#1176=EDGE_LOOP('',(#8095,#8096,#8097,#8098));
#1177=EDGE_LOOP('',(#8099,#8100,#8101,#8102));
#1178=EDGE_LOOP('',(#8103,#8104,#8105,#8106));
#1179=EDGE_LOOP('',(#8107,#8108,#8109,#8110));
#1180=EDGE_LOOP('',(#8111,#8112,#8113,#8114));
#1181=EDGE_LOOP('',(#8115,#8116,#8117,#8118));
#1182=EDGE_LOOP('',(#8119,#8120,#8121,#8122));
#1183=EDGE_LOOP('',(#8123,#8124,#8125,#8126));
#1184=EDGE_LOOP('',(#8127,#8128,#8129,#8130));
#1185=EDGE_LOOP('',(#8131,#8132,#8133,#8134));
#1186=EDGE_LOOP('',(#8135,#8136,#8137,#8138));
#1187=EDGE_LOOP('',(#8139,#8140,#8141,#8142));
#1188=EDGE_LOOP('',(#8143,#8144,#8145,#8146));
#1189=EDGE_LOOP('',(#8147,#8148,#8149,#8150));
#1190=EDGE_LOOP('',(#8151,#8152,#8153,#8154));
#1191=EDGE_LOOP('',(#8155,#8156,#8157,#8158));
#1192=EDGE_LOOP('',(#8159,#8160,#8161,#8162));
#1193=EDGE_LOOP('',(#8163,#8164,#8165,#8166));
#1194=EDGE_LOOP('',(#8167,#8168,#8169,#8170));
#1195=EDGE_LOOP('',(#8171,#8172,#8173,#8174));
#1196=EDGE_LOOP('',(#8175,#8176,#8177,#8178));
#1197=EDGE_LOOP('',(#8179,#8180,#8181,#8182));
#1198=EDGE_LOOP('',(#8183,#8184,#8185,#8186));
#1199=EDGE_LOOP('',(#8187,#8188,#8189,#8190));
#1200=EDGE_LOOP('',(#8191,#8192,#8193,#8194));
#1201=EDGE_LOOP('',(#8195,#8196,#8197,#8198));
#1202=EDGE_LOOP('',(#8199,#8200,#8201,#8202));
#1203=EDGE_LOOP('',(#8203,#8204,#8205,#8206));
#1204=EDGE_LOOP('',(#8207,#8208,#8209,#8210));
#1205=EDGE_LOOP('',(#8211,#8212,#8213,#8214));
#1206=EDGE_LOOP('',(#8215,#8216,#8217,#8218));
#1207=EDGE_LOOP('',(#8219,#8220,#8221,#8222));
#1208=EDGE_LOOP('',(#8223,#8224,#8225,#8226));
#1209=EDGE_LOOP('',(#8227,#8228,#8229,#8230));
#1210=EDGE_LOOP('',(#8231,#8232,#8233,#8234));
#1211=EDGE_LOOP('',(#8235,#8236,#8237,#8238));
#1212=EDGE_LOOP('',(#8239,#8240,#8241,#8242));
#1213=EDGE_LOOP('',(#8243,#8244,#8245,#8246));
#1214=EDGE_LOOP('',(#8247,#8248,#8249,#8250));
#1215=EDGE_LOOP('',(#8251,#8252,#8253,#8254));
#1216=EDGE_LOOP('',(#8255,#8256,#8257,#8258));
#1217=EDGE_LOOP('',(#8259,#8260,#8261,#8262));
#1218=EDGE_LOOP('',(#8263,#8264,#8265,#8266));
#1219=EDGE_LOOP('',(#8267));
#1220=EDGE_LOOP('',(#8268,#8269,#8270,#8271));
#1221=EDGE_LOOP('',(#8272,#8273,#8274,#8275));
#1222=EDGE_LOOP('',(#8276,#8277,#8278,#8279));
#1223=EDGE_LOOP('',(#8280,#8281,#8282,#8283));
#1224=EDGE_LOOP('',(#8284,#8285,#8286,#8287));
#1225=EDGE_LOOP('',(#8288,#8289,#8290,#8291));
#1226=EDGE_LOOP('',(#8292,#8293,#8294,#8295));
#1227=EDGE_LOOP('',(#8296,#8297,#8298,#8299));
#1228=EDGE_LOOP('',(#8300,#8301,#8302,#8303));
#1229=EDGE_LOOP('',(#8304,#8305,#8306,#8307));
#1230=EDGE_LOOP('',(#8308,#8309,#8310,#8311));
#1231=EDGE_LOOP('',(#8312,#8313,#8314,#8315));
#1232=EDGE_LOOP('',(#8316,#8317,#8318,#8319));
#1233=EDGE_LOOP('',(#8320,#8321,#8322,#8323));
#1234=EDGE_LOOP('',(#8324,#8325,#8326,#8327));
#1235=EDGE_LOOP('',(#8328,#8329,#8330,#8331));
#1236=EDGE_LOOP('',(#8332,#8333,#8334,#8335));
#1237=EDGE_LOOP('',(#8336,#8337,#8338,#8339));
#1238=EDGE_LOOP('',(#8340,#8341,#8342,#8343));
#1239=EDGE_LOOP('',(#8344,#8345,#8346,#8347));
#1240=EDGE_LOOP('',(#8348,#8349,#8350,#8351));
#1241=EDGE_LOOP('',(#8352,#8353,#8354,#8355));
#1242=EDGE_LOOP('',(#8356,#8357,#8358,#8359));
#1243=EDGE_LOOP('',(#8360,#8361,#8362,#8363));
#1244=EDGE_LOOP('',(#8364,#8365,#8366,#8367));
#1245=EDGE_LOOP('',(#8368,#8369,#8370,#8371));
#1246=EDGE_LOOP('',(#8372,#8373,#8374,#8375));
#1247=EDGE_LOOP('',(#8376,#8377,#8378,#8379));
#1248=EDGE_LOOP('',(#8380,#8381,#8382,#8383));
#1249=EDGE_LOOP('',(#8384,#8385,#8386,#8387));
#1250=EDGE_LOOP('',(#8388));
#1251=EDGE_LOOP('',(#8389));
#1252=EDGE_LOOP('',(#8390,#8391,#8392,#8393));
#1253=EDGE_LOOP('',(#8394,#8395,#8396,#8397));
#1254=EDGE_LOOP('',(#8398,#8399,#8400,#8401));
#1255=EDGE_LOOP('',(#8402,#8403,#8404,#8405));
#1256=EDGE_LOOP('',(#8406,#8407,#8408,#8409));
#1257=EDGE_LOOP('',(#8410,#8411,#8412,#8413));
#1258=EDGE_LOOP('',(#8414,#8415,#8416,#8417));
#1259=EDGE_LOOP('',(#8418,#8419,#8420,#8421));
#1260=EDGE_LOOP('',(#8422,#8423,#8424,#8425));
#1261=EDGE_LOOP('',(#8426,#8427,#8428,#8429));
#1262=EDGE_LOOP('',(#8430,#8431,#8432,#8433));
#1263=EDGE_LOOP('',(#8434,#8435,#8436,#8437));
#1264=EDGE_LOOP('',(#8438,#8439,#8440,#8441));
#1265=EDGE_LOOP('',(#8442,#8443,#8444,#8445));
#1266=EDGE_LOOP('',(#8446,#8447,#8448,#8449));
#1267=EDGE_LOOP('',(#8450,#8451,#8452,#8453));
#1268=EDGE_LOOP('',(#8454,#8455,#8456,#8457));
#1269=EDGE_LOOP('',(#8458,#8459,#8460,#8461));
#1270=EDGE_LOOP('',(#8462,#8463,#8464,#8465));
#1271=EDGE_LOOP('',(#8466,#8467,#8468,#8469));
#1272=EDGE_LOOP('',(#8470,#8471,#8472,#8473));
#1273=EDGE_LOOP('',(#8474,#8475,#8476,#8477));
#1274=EDGE_LOOP('',(#8478,#8479,#8480,#8481));
#1275=EDGE_LOOP('',(#8482,#8483,#8484,#8485));
#1276=EDGE_LOOP('',(#8486,#8487,#8488,#8489));
#1277=EDGE_LOOP('',(#8490,#8491,#8492,#8493));
#1278=EDGE_LOOP('',(#8494,#8495,#8496,#8497));
#1279=EDGE_LOOP('',(#8498,#8499,#8500,#8501));
#1280=EDGE_LOOP('',(#8502,#8503,#8504,#8505));
#1281=EDGE_LOOP('',(#8506,#8507,#8508,#8509));
#1282=EDGE_LOOP('',(#8510,#8511,#8512,#8513));
#1283=EDGE_LOOP('',(#8514));
#1284=EDGE_LOOP('',(#8515,#8516,#8517,#8518));
#1285=EDGE_LOOP('',(#8519,#8520,#8521,#8522));
#1286=EDGE_LOOP('',(#8523,#8524,#8525,#8526));
#1287=EDGE_LOOP('',(#8527,#8528,#8529,#8530));
#1288=EDGE_LOOP('',(#8531,#8532,#8533,#8534));
#1289=EDGE_LOOP('',(#8535,#8536,#8537,#8538));
#1290=EDGE_LOOP('',(#8539,#8540,#8541,#8542));
#1291=EDGE_LOOP('',(#8543,#8544,#8545,#8546));
#1292=EDGE_LOOP('',(#8547,#8548,#8549,#8550));
#1293=EDGE_LOOP('',(#8551,#8552,#8553,#8554));
#1294=EDGE_LOOP('',(#8555,#8556,#8557,#8558));
#1295=EDGE_LOOP('',(#8559,#8560,#8561,#8562));
#1296=EDGE_LOOP('',(#8563,#8564,#8565,#8566));
#1297=EDGE_LOOP('',(#8567,#8568,#8569,#8570));
#1298=EDGE_LOOP('',(#8571,#8572,#8573,#8574));
#1299=EDGE_LOOP('',(#8575,#8576,#8577,#8578));
#1300=EDGE_LOOP('',(#8579,#8580,#8581,#8582));
#1301=EDGE_LOOP('',(#8583,#8584,#8585,#8586));
#1302=EDGE_LOOP('',(#8587,#8588,#8589,#8590));
#1303=EDGE_LOOP('',(#8591,#8592,#8593,#8594));
#1304=EDGE_LOOP('',(#8595,#8596,#8597,#8598));
#1305=EDGE_LOOP('',(#8599,#8600,#8601,#8602));
#1306=EDGE_LOOP('',(#8603,#8604,#8605,#8606));
#1307=EDGE_LOOP('',(#8607,#8608,#8609,#8610));
#1308=EDGE_LOOP('',(#8611,#8612,#8613,#8614));
#1309=EDGE_LOOP('',(#8615,#8616,#8617,#8618));
#1310=EDGE_LOOP('',(#8619,#8620,#8621,#8622));
#1311=EDGE_LOOP('',(#8623,#8624,#8625,#8626));
#1312=EDGE_LOOP('',(#8627,#8628,#8629,#8630));
#1313=EDGE_LOOP('',(#8631,#8632,#8633,#8634));
#1314=EDGE_LOOP('',(#8635,#8636,#8637,#8638));
#1315=EDGE_LOOP('',(#8639,#8640,#8641,#8642));
#1316=EDGE_LOOP('',(#8643,#8644,#8645,#8646));
#1317=EDGE_LOOP('',(#8647,#8648,#8649,#8650));
#1318=EDGE_LOOP('',(#8651,#8652,#8653,#8654));
#1319=EDGE_LOOP('',(#8655,#8656,#8657,#8658));
#1320=EDGE_LOOP('',(#8659,#8660,#8661,#8662));
#1321=EDGE_LOOP('',(#8663,#8664,#8665,#8666));
#1322=EDGE_LOOP('',(#8667,#8668,#8669,#8670));
#1323=EDGE_LOOP('',(#8671,#8672,#8673,#8674));
#1324=EDGE_LOOP('',(#8675,#8676,#8677,#8678));
#1325=EDGE_LOOP('',(#8679,#8680,#8681,#8682));
#1326=EDGE_LOOP('',(#8683,#8684,#8685,#8686));
#1327=EDGE_LOOP('',(#8687,#8688,#8689,#8690));
#1328=EDGE_LOOP('',(#8691,#8692,#8693,#8694));
#1329=EDGE_LOOP('',(#8695,#8696,#8697,#8698));
#1330=EDGE_LOOP('',(#8699,#8700,#8701,#8702));
#1331=EDGE_LOOP('',(#8703,#8704,#8705,#8706));
#1332=EDGE_LOOP('',(#8707,#8708,#8709,#8710));
#1333=EDGE_LOOP('',(#8711,#8712,#8713,#8714));
#1334=EDGE_LOOP('',(#8715,#8716,#8717,#8718));
#1335=EDGE_LOOP('',(#8719,#8720,#8721,#8722));
#1336=EDGE_LOOP('',(#8723,#8724,#8725,#8726));
#1337=EDGE_LOOP('',(#8727,#8728,#8729,#8730));
#1338=EDGE_LOOP('',(#8731,#8732,#8733,#8734));
#1339=EDGE_LOOP('',(#8735,#8736,#8737,#8738));
#1340=EDGE_LOOP('',(#8739,#8740,#8741,#8742));
#1341=EDGE_LOOP('',(#8743,#8744,#8745,#8746));
#1342=EDGE_LOOP('',(#8747,#8748,#8749,#8750));
#1343=EDGE_LOOP('',(#8751,#8752,#8753,#8754,#8755,#8756,#8757,#8758,#8759,
#8760,#8761,#8762,#8763,#8764,#8765,#8766,#8767,#8768,#8769,#8770,#8771,
#8772,#8773,#8774,#8775,#8776,#8777,#8778,#8779,#8780,#8781,#8782,#8783,
#8784,#8785,#8786,#8787,#8788,#8789,#8790,#8791,#8792,#8793,#8794,#8795,
#8796,#8797,#8798,#8799,#8800,#8801,#8802,#8803,#8804,#8805,#8806,#8807,
#8808,#8809,#8810,#8811,#8812,#8813,#8814,#8815,#8816,#8817,#8818,#8819,
#8820,#8821,#8822,#8823,#8824,#8825,#8826,#8827,#8828,#8829,#8830,#8831,
#8832,#8833,#8834,#8835,#8836,#8837,#8838,#8839,#8840,#8841,#8842,#8843,
#8844,#8845,#8846,#8847,#8848,#8849,#8850,#8851,#8852,#8853,#8854,#8855,
#8856,#8857,#8858,#8859,#8860,#8861,#8862,#8863,#8864,#8865,#8866,#8867,
#8868,#8869,#8870,#8871,#8872,#8873,#8874,#8875,#8876,#8877,#8878,#8879,
#8880,#8881,#8882,#8883,#8884,#8885,#8886,#8887,#8888,#8889,#8890,#8891,
#8892,#8893,#8894,#8895,#8896,#8897,#8898,#8899,#8900,#8901,#8902));
#1344=EDGE_LOOP('',(#8903,#8904,#8905,#8906,#8907,#8908,#8909,#8910,#8911,
#8912,#8913,#8914,#8915,#8916,#8917,#8918,#8919,#8920,#8921,#8922,#8923,
#8924,#8925,#8926,#8927,#8928,#8929,#8930,#8931,#8932,#8933,#8934,#8935,
#8936,#8937,#8938,#8939,#8940,#8941,#8942,#8943,#8944,#8945,#8946,#8947,
#8948,#8949,#8950,#8951));
#1345=EDGE_LOOP('',(#8952,#8953,#8954,#8955,#8956,#8957,#8958,#8959,#8960,
#8961,#8962,#8963,#8964,#8965,#8966,#8967,#8968,#8969,#8970,#8971,#8972,
#8973,#8974,#8975,#8976,#8977,#8978,#8979,#8980,#8981,#8982,#8983,#8984,
#8985,#8986,#8987,#8988,#8989,#8990,#8991,#8992,#8993,#8994,#8995,#8996,
#8997,#8998));
#1346=EDGE_LOOP('',(#8999,#9000,#9001,#9002,#9003,#9004,#9005,#9006,#9007,
#9008,#9009,#9010,#9011,#9012,#9013,#9014,#9015,#9016,#9017,#9018,#9019,
#9020,#9021,#9022,#9023,#9024,#9025,#9026,#9027,#9028,#9029,#9030,#9031,
#9032,#9033,#9034,#9035,#9036,#9037,#9038,#9039,#9040,#9041,#9042,#9043,
#9044,#9045,#9046));
#1347=EDGE_LOOP('',(#9047,#9048,#9049,#9050,#9051,#9052,#9053,#9054,#9055,
#9056,#9057,#9058,#9059,#9060,#9061,#9062,#9063,#9064,#9065,#9066,#9067,
#9068,#9069,#9070,#9071,#9072,#9073,#9074,#9075,#9076,#9077,#9078,#9079,
#9080,#9081,#9082,#9083,#9084,#9085,#9086,#9087,#9088,#9089,#9090,#9091,
#9092,#9093));
#1348=EDGE_LOOP('',(#9094,#9095,#9096,#9097,#9098,#9099,#9100,#9101,#9102,
#9103,#9104,#9105,#9106,#9107,#9108,#9109,#9110,#9111,#9112,#9113,#9114,
#9115,#9116,#9117,#9118,#9119,#9120,#9121,#9122,#9123,#9124,#9125,#9126,
#9127,#9128,#9129,#9130,#9131,#9132,#9133,#9134,#9135,#9136,#9137,#9138,
#9139,#9140,#9141,#9142,#9143,#9144,#9145,#9146,#9147,#9148,#9149));
#1349=EDGE_LOOP('',(#9150,#9151,#9152,#9153,#9154,#9155,#9156,#9157));
#1350=EDGE_LOOP('',(#9158,#9159,#9160,#9161,#9162,#9163));
#1351=EDGE_LOOP('',(#9164,#9165,#9166,#9167,#9168,#9169,#9170,#9171));
#1352=EDGE_LOOP('',(#9172,#9173,#9174,#9175,#9176,#9177));
#1353=EDGE_LOOP('',(#9178,#9179,#9180,#9181,#9182,#9183,#9184,#9185));
#1354=EDGE_LOOP('',(#9186,#9187,#9188,#9189,#9190,#9191,#9192));
#1355=EDGE_LOOP('',(#9193,#9194,#9195,#9196,#9197,#9198,#9199,#9200));
#1356=EDGE_LOOP('',(#9201,#9202,#9203,#9204,#9205,#9206));
#1357=EDGE_LOOP('',(#9207,#9208,#9209,#9210,#9211,#9212,#9213,#9214));
#1358=EDGE_LOOP('',(#9215,#9216,#9217,#9218,#9219,#9220));
#1359=LINE('',#13976,#2329);
#1360=LINE('',#13979,#2330);
#1361=LINE('',#13982,#2331);
#1362=LINE('',#13984,#2332);
#1363=LINE('',#13985,#2333);
#1364=LINE('',#13988,#2334);
#1365=LINE('',#13994,#2335);
#1366=LINE('',#14000,#2336);
#1367=LINE('',#14004,#2337);
#1368=LINE('',#14008,#2338);
#1369=LINE('',#14012,#2339);
#1370=LINE('',#14016,#2340);
#1371=LINE('',#14020,#2341);
#1372=LINE('',#14024,#2342);
#1373=LINE('',#14028,#2343);
#1374=LINE('',#14032,#2344);
#1375=LINE('',#14036,#2345);
#1376=LINE('',#14040,#2346);
#1377=LINE('',#14044,#2347);
#1378=LINE('',#14048,#2348);
#1379=LINE('',#14054,#2349);
#1380=LINE('',#14060,#2350);
#1381=LINE('',#14064,#2351);
#1382=LINE('',#14070,#2352);
#1383=LINE('',#14076,#2353);
#1384=LINE('',#14080,#2354);
#1385=LINE('',#14084,#2355);
#1386=LINE('',#14088,#2356);
#1387=LINE('',#14092,#2357);
#1388=LINE('',#14096,#2358);
#1389=LINE('',#14100,#2359);
#1390=LINE('',#14104,#2360);
#1391=LINE('',#14108,#2361);
#1392=LINE('',#14112,#2362);
#1393=LINE('',#14116,#2363);
#1394=LINE('',#14120,#2364);
#1395=LINE('',#14124,#2365);
#1396=LINE('',#14130,#2366);
#1397=LINE('',#14136,#2367);
#1398=LINE('',#14140,#2368);
#1399=LINE('',#14146,#2369);
#1400=LINE('',#14152,#2370);
#1401=LINE('',#14156,#2371);
#1402=LINE('',#14160,#2372);
#1403=LINE('',#14164,#2373);
#1404=LINE('',#14168,#2374);
#1405=LINE('',#14172,#2375);
#1406=LINE('',#14176,#2376);
#1407=LINE('',#14180,#2377);
#1408=LINE('',#14184,#2378);
#1409=LINE('',#14188,#2379);
#1410=LINE('',#14192,#2380);
#1411=LINE('',#14196,#2381);
#1412=LINE('',#14200,#2382);
#1413=LINE('',#14206,#2383);
#1414=LINE('',#14212,#2384);
#1415=LINE('',#14216,#2385);
#1416=LINE('',#14222,#2386);
#1417=LINE('',#14228,#2387);
#1418=LINE('',#14232,#2388);
#1419=LINE('',#14236,#2389);
#1420=LINE('',#14240,#2390);
#1421=LINE('',#14244,#2391);
#1422=LINE('',#14248,#2392);
#1423=LINE('',#14252,#2393);
#1424=LINE('',#14256,#2394);
#1425=LINE('',#14260,#2395);
#1426=LINE('',#14264,#2396);
#1427=LINE('',#14268,#2397);
#1428=LINE('',#14272,#2398);
#1429=LINE('',#14276,#2399);
#1430=LINE('',#14282,#2400);
#1431=LINE('',#14288,#2401);
#1432=LINE('',#14292,#2402);
#1433=LINE('',#14294,#2403);
#1434=LINE('',#14296,#2404);
#1435=LINE('',#14298,#2405);
#1436=LINE('',#14312,#2406);
#1437=LINE('',#14316,#2407);
#1438=LINE('',#14320,#2408);
#1439=LINE('',#14323,#2409);
#1440=LINE('',#14328,#2410);
#1441=LINE('',#14332,#2411);
#1442=LINE('',#14336,#2412);
#1443=LINE('',#14339,#2413);
#1444=LINE('',#14344,#2414);
#1445=LINE('',#14348,#2415);
#1446=LINE('',#14352,#2416);
#1447=LINE('',#14353,#2417);
#1448=LINE('',#14358,#2418);
#1449=LINE('',#14362,#2419);
#1450=LINE('',#14366,#2420);
#1451=LINE('',#14369,#2421);
#1452=LINE('',#14376,#2422);
#1453=LINE('',#14380,#2423);
#1454=LINE('',#14384,#2424);
#1455=LINE('',#14390,#2425);
#1456=LINE('',#14394,#2426);
#1457=LINE('',#14397,#2427);
#1458=LINE('',#14404,#2428);
#1459=LINE('',#14408,#2429);
#1460=LINE('',#14412,#2430);
#1461=LINE('',#14416,#2431);
#1462=LINE('',#14420,#2432);
#1463=LINE('',#14424,#2433);
#1464=LINE('',#14428,#2434);
#1465=LINE('',#14438,#2435);
#1466=LINE('',#14442,#2436);
#1467=LINE('',#14446,#2437);
#1468=LINE('',#14450,#2438);
#1469=LINE('',#14456,#2439);
#1470=LINE('',#14460,#2440);
#1471=LINE('',#14466,#2441);
#1472=LINE('',#14470,#2442);
#1473=LINE('',#14474,#2443);
#1474=LINE('',#14478,#2444);
#1475=LINE('',#14482,#2445);
#1476=LINE('',#14486,#2446);
#1477=LINE('',#14490,#2447);
#1478=LINE('',#14498,#2448);
#1479=LINE('',#14502,#2449);
#1480=LINE('',#14506,#2450);
#1481=LINE('',#14510,#2451);
#1482=LINE('',#14514,#2452);
#1483=LINE('',#14518,#2453);
#1484=LINE('',#14522,#2454);
#1485=LINE('',#14528,#2455);
#1486=LINE('',#14532,#2456);
#1487=LINE('',#14538,#2457);
#1488=LINE('',#14542,#2458);
#1489=LINE('',#14546,#2459);
#1490=LINE('',#14550,#2460);
#1491=LINE('',#14556,#2461);
#1492=LINE('',#14564,#2462);
#1493=LINE('',#14568,#2463);
#1494=LINE('',#14572,#2464);
#1495=LINE('',#14576,#2465);
#1496=LINE('',#14580,#2466);
#1497=LINE('',#14584,#2467);
#1498=LINE('',#14588,#2468);
#1499=LINE('',#14594,#2469);
#1500=LINE('',#14598,#2470);
#1501=LINE('',#14602,#2471);
#1502=LINE('',#14605,#2472);
#1503=LINE('',#14612,#2473);
#1504=LINE('',#14616,#2474);
#1505=LINE('',#14620,#2475);
#1506=LINE('',#14624,#2476);
#1507=LINE('',#14628,#2477);
#1508=LINE('',#14632,#2478);
#1509=LINE('',#14636,#2479);
#1510=LINE('',#14642,#2480);
#1511=LINE('',#14646,#2481);
#1512=LINE('',#14652,#2482);
#1513=LINE('',#14656,#2483);
#1514=LINE('',#14660,#2484);
#1515=LINE('',#14664,#2485);
#1516=LINE('',#14668,#2486);
#1517=LINE('',#14676,#2487);
#1518=LINE('',#14680,#2488);
#1519=LINE('',#14684,#2489);
#1520=LINE('',#14688,#2490);
#1521=LINE('',#14692,#2491);
#1522=LINE('',#14696,#2492);
#1523=LINE('',#14700,#2493);
#1524=LINE('',#14708,#2494);
#1525=LINE('',#14712,#2495);
#1526=LINE('',#14716,#2496);
#1527=LINE('',#14720,#2497);
#1528=LINE('',#14724,#2498);
#1529=LINE('',#14728,#2499);
#1530=LINE('',#14732,#2500);
#1531=LINE('',#14742,#2501);
#1532=LINE('',#14746,#2502);
#1533=LINE('',#14750,#2503);
#1534=LINE('',#14754,#2504);
#1535=LINE('',#14760,#2505);
#1536=LINE('',#14764,#2506);
#1537=LINE('',#14770,#2507);
#1538=LINE('',#14774,#2508);
#1539=LINE('',#14778,#2509);
#1540=LINE('',#14782,#2510);
#1541=LINE('',#14786,#2511);
#1542=LINE('',#14790,#2512);
#1543=LINE('',#14794,#2513);
#1544=LINE('',#14800,#2514);
#1545=LINE('',#14804,#2515);
#1546=LINE('',#14808,#2516);
#1547=LINE('',#14814,#2517);
#1548=LINE('',#14818,#2518);
#1549=LINE('',#14822,#2519);
#1550=LINE('',#14828,#2520);
#1551=LINE('',#14832,#2521);
#1552=LINE('',#14836,#2522);
#1553=LINE('',#14839,#2523);
#1554=LINE('',#14850,#2524);
#1555=LINE('',#14854,#2525);
#1556=LINE('',#14858,#2526);
#1557=LINE('',#14861,#2527);
#1558=LINE('',#14864,#2528);
#1559=LINE('',#14870,#2529);
#1560=LINE('',#14871,#2530);
#1561=LINE('',#14873,#2531);
#1562=LINE('',#14876,#2532);
#1563=LINE('',#14879,#2533);
#1564=LINE('',#14882,#2534);
#1565=LINE('',#14888,#2535);
#1566=LINE('',#14889,#2536);
#1567=LINE('',#14892,#2537);
#1568=LINE('',#14893,#2538);
#1569=LINE('',#14897,#2539);
#1570=LINE('',#14900,#2540);
#1571=LINE('',#14903,#2541);
#1572=LINE('',#14906,#2542);
#1573=LINE('',#14910,#2543);
#1574=LINE('',#14913,#2544);
#1575=LINE('',#14916,#2545);
#1576=LINE('',#14920,#2546);
#1577=LINE('',#14923,#2547);
#1578=LINE('',#14926,#2548);
#1579=LINE('',#14932,#2549);
#1580=LINE('',#14933,#2550);
#1581=LINE('',#14936,#2551);
#1582=LINE('',#14937,#2552);
#1583=LINE('',#14941,#2553);
#1584=LINE('',#14944,#2554);
#1585=LINE('',#14947,#2555);
#1586=LINE('',#14950,#2556);
#1587=LINE('',#14956,#2557);
#1588=LINE('',#14957,#2558);
#1589=LINE('',#14960,#2559);
#1590=LINE('',#14961,#2560);
#1591=LINE('',#14964,#2561);
#1592=LINE('',#14967,#2562);
#1593=LINE('',#14970,#2563);
#1594=LINE('',#14971,#2564);
#1595=LINE('',#14976,#2565);
#1596=LINE('',#14977,#2566);
#1597=LINE('',#14980,#2567);
#1598=LINE('',#14981,#2568);
#1599=LINE('',#14985,#2569);
#1600=LINE('',#14989,#2570);
#1601=LINE('',#14992,#2571);
#1602=LINE('',#14996,#2572);
#1603=LINE('',#14997,#2573);
#1604=LINE('',#15001,#2574);
#1605=LINE('',#15004,#2575);
#1606=LINE('',#15005,#2576);
#1607=LINE('',#15009,#2577);
#1608=LINE('',#15012,#2578);
#1609=LINE('',#15013,#2579);
#1610=LINE('',#15017,#2580);
#1611=LINE('',#15021,#2581);
#1612=LINE('',#15024,#2582);
#1613=LINE('',#15025,#2583);
#1614=LINE('',#15029,#2584);
#1615=LINE('',#15032,#2585);
#1616=LINE('',#15033,#2586);
#1617=LINE('',#15037,#2587);
#1618=LINE('',#15040,#2588);
#1619=LINE('',#15041,#2589);
#1620=LINE('',#15044,#2590);
#1621=LINE('',#15047,#2591);
#1622=LINE('',#15050,#2592);
#1623=LINE('',#15053,#2593);
#1624=LINE('',#15057,#2594);
#1625=LINE('',#15060,#2595);
#1626=LINE('',#15063,#2596);
#1627=LINE('',#15066,#2597);
#1628=LINE('',#15069,#2598);
#1629=LINE('',#15073,#2599);
#1630=LINE('',#15078,#2600);
#1631=LINE('',#15079,#2601);
#1632=LINE('',#15082,#2602);
#1633=LINE('',#15088,#2603);
#1634=LINE('',#15089,#2604);
#1635=LINE('',#15092,#2605);
#1636=LINE('',#15093,#2606);
#1637=LINE('',#15098,#2607);
#1638=LINE('',#15099,#2608);
#1639=LINE('',#15102,#2609);
#1640=LINE('',#15108,#2610);
#1641=LINE('',#15109,#2611);
#1642=LINE('',#15112,#2612);
#1643=LINE('',#15113,#2613);
#1644=LINE('',#15118,#2614);
#1645=LINE('',#15119,#2615);
#1646=LINE('',#15122,#2616);
#1647=LINE('',#15128,#2617);
#1648=LINE('',#15129,#2618);
#1649=LINE('',#15132,#2619);
#1650=LINE('',#15138,#2620);
#1651=LINE('',#15139,#2621);
#1652=LINE('',#15142,#2622);
#1653=LINE('',#15143,#2623);
#1654=LINE('',#15148,#2624);
#1655=LINE('',#15149,#2625);
#1656=LINE('',#15154,#2626);
#1657=LINE('',#15155,#2627);
#1658=LINE('',#15158,#2628);
#1659=LINE('',#15159,#2629);
#1660=LINE('',#15164,#2630);
#1661=LINE('',#15165,#2631);
#1662=LINE('',#15168,#2632);
#1663=LINE('',#15173,#2633);
#1664=LINE('',#15176,#2634);
#1665=LINE('',#15179,#2635);
#1666=LINE('',#15181,#2636);
#1667=LINE('',#15184,#2637);
#1668=LINE('',#15187,#2638);
#1669=LINE('',#15190,#2639);
#1670=LINE('',#15191,#2640);
#1671=LINE('',#15194,#2641);
#1672=LINE('',#15198,#2642);
#1673=LINE('',#15199,#2643);
#1674=LINE('',#15202,#2644);
#1675=LINE('',#15206,#2645);
#1676=LINE('',#15207,#2646);
#1677=LINE('',#15211,#2647);
#1678=LINE('',#15215,#2648);
#1679=LINE('',#15218,#2649);
#1680=LINE('',#15221,#2650);
#1681=LINE('',#15224,#2651);
#1682=LINE('',#15225,#2652);
#1683=LINE('',#15228,#2653);
#1684=LINE('',#15231,#2654);
#1685=LINE('',#15235,#2655);
#1686=LINE('',#15238,#2656);
#1687=LINE('',#15241,#2657);
#1688=LINE('',#15243,#2658);
#1689=LINE('',#15247,#2659);
#1690=LINE('',#15250,#2660);
#1691=LINE('',#15253,#2661);
#1692=LINE('',#15256,#2662);
#1693=LINE('',#15257,#2663);
#1694=LINE('',#15260,#2664);
#1695=LINE('',#15263,#2665);
#1696=LINE('',#15265,#2666);
#1697=LINE('',#15268,#2667);
#1698=LINE('',#15272,#2668);
#1699=LINE('',#15273,#2669);
#1700=LINE('',#15276,#2670);
#1701=LINE('',#15279,#2671);
#1702=LINE('',#15281,#2672);
#1703=LINE('',#15284,#2673);
#1704=LINE('',#15287,#2674);
#1705=LINE('',#15290,#2675);
#1706=LINE('',#15291,#2676);
#1707=LINE('',#15294,#2677);
#1708=LINE('',#15298,#2678);
#1709=LINE('',#15299,#2679);
#1710=LINE('',#15303,#2680);
#1711=LINE('',#15306,#2681);
#1712=LINE('',#15309,#2682);
#1713=LINE('',#15311,#2683);
#1714=LINE('',#15314,#2684);
#1715=LINE('',#15317,#2685);
#1716=LINE('',#15320,#2686);
#1717=LINE('',#15321,#2687);
#1718=LINE('',#15324,#2688);
#1719=LINE('',#15327,#2689);
#1720=LINE('',#15329,#2690);
#1721=LINE('',#15333,#2691);
#1722=LINE('',#15336,#2692);
#1723=LINE('',#15339,#2693);
#1724=LINE('',#15342,#2694);
#1725=LINE('',#15345,#2695);
#1726=LINE('',#15348,#2696);
#1727=LINE('',#15349,#2697);
#1728=LINE('',#15353,#2698);
#1729=LINE('',#15355,#2699);
#1730=LINE('',#15357,#2700);
#1731=LINE('',#15359,#2701);
#1732=LINE('',#15361,#2702);
#1733=LINE('',#15363,#2703);
#1734=LINE('',#15364,#2704);
#1735=LINE('',#15379,#2705);
#1736=LINE('',#15383,#2706);
#1737=LINE('',#15385,#2707);
#1738=LINE('',#15386,#2708);
#1739=LINE('',#15388,#2709);
#1740=LINE('',#15390,#2710);
#1741=LINE('',#15391,#2711);
#1742=LINE('',#15393,#2712);
#1743=LINE('',#15397,#2713);
#1744=LINE('',#15399,#2714);
#1745=LINE('',#15401,#2715);
#1746=LINE('',#15403,#2716);
#1747=LINE('',#15405,#2717);
#1748=LINE('',#15407,#2718);
#1749=LINE('',#15408,#2719);
#1750=LINE('',#15423,#2720);
#1751=LINE('',#15427,#2721);
#1752=LINE('',#15429,#2722);
#1753=LINE('',#15430,#2723);
#1754=LINE('',#15432,#2724);
#1755=LINE('',#15434,#2725);
#1756=LINE('',#15435,#2726);
#1757=LINE('',#15437,#2727);
#1758=LINE('',#15440,#2728);
#1759=LINE('',#15442,#2729);
#1760=LINE('',#15443,#2730);
#1761=LINE('',#15446,#2731);
#1762=LINE('',#15447,#2732);
#1763=LINE('',#15450,#2733);
#1764=LINE('',#15452,#2734);
#1765=LINE('',#15453,#2735);
#1766=LINE('',#15456,#2736);
#1767=LINE('',#15458,#2737);
#1768=LINE('',#15460,#2738);
#1769=LINE('',#15462,#2739);
#1770=LINE('',#15464,#2740);
#1771=LINE('',#15465,#2741);
#1772=LINE('',#15467,#2742);
#1773=LINE('',#15469,#2743);
#1774=LINE('',#15471,#2744);
#1775=LINE('',#15473,#2745);
#1776=LINE('',#15475,#2746);
#1777=LINE('',#15476,#2747);
#1778=LINE('',#15479,#2748);
#1779=LINE('',#15481,#2749);
#1780=LINE('',#15482,#2750);
#1781=LINE('',#15484,#2751);
#1782=LINE('',#15487,#2752);
#1783=LINE('',#15488,#2753);
#1784=LINE('',#15491,#2754);
#1785=LINE('',#15493,#2755);
#1786=LINE('',#15494,#2756);
#1787=LINE('',#15496,#2757);
#1788=LINE('',#15499,#2758);
#1789=LINE('',#15500,#2759);
#1790=LINE('',#15503,#2760);
#1791=LINE('',#15505,#2761);
#1792=LINE('',#15507,#2762);
#1793=LINE('',#15508,#2763);
#1794=LINE('',#15509,#2764);
#1795=LINE('',#15511,#2765);
#1796=LINE('',#15512,#2766);
#1797=LINE('',#15518,#2767);
#1798=LINE('',#15519,#2768);
#1799=LINE('',#15522,#2769);
#1800=LINE('',#15523,#2770);
#1801=LINE('',#15528,#2771);
#1802=LINE('',#15529,#2772);
#1803=LINE('',#15532,#2773);
#1804=LINE('',#15533,#2774);
#1805=LINE('',#15538,#2775);
#1806=LINE('',#15539,#2776);
#1807=LINE('',#15542,#2777);
#1808=LINE('',#15543,#2778);
#1809=LINE('',#15548,#2779);
#1810=LINE('',#15549,#2780);
#1811=LINE('',#15552,#2781);
#1812=LINE('',#15553,#2782);
#1813=LINE('',#15556,#2783);
#1814=LINE('',#15559,#2784);
#1815=LINE('',#15562,#2785);
#1816=LINE('',#15565,#2786);
#1817=LINE('',#15568,#2787);
#1818=LINE('',#15569,#2788);
#1819=LINE('',#15572,#2789);
#1820=LINE('',#15575,#2790);
#1821=LINE('',#15577,#2791);
#1822=LINE('',#15579,#2792);
#1823=LINE('',#15580,#2793);
#1824=LINE('',#15583,#2794);
#1825=LINE('',#15586,#2795);
#1826=LINE('',#15589,#2796);
#1827=LINE('',#15592,#2797);
#1828=LINE('',#15595,#2798);
#1829=LINE('',#15599,#2799);
#1830=LINE('',#15600,#2800);
#1831=LINE('',#15603,#2801);
#1832=LINE('',#15606,#2802);
#1833=LINE('',#15609,#2803);
#1834=LINE('',#15612,#2804);
#1835=LINE('',#15614,#2805);
#1836=LINE('',#15617,#2806);
#1837=LINE('',#15621,#2807);
#1838=LINE('',#15622,#2808);
#1839=LINE('',#15625,#2809);
#1840=LINE('',#15628,#2810);
#1841=LINE('',#15631,#2811);
#1842=LINE('',#15634,#2812);
#1843=LINE('',#15638,#2813);
#1844=LINE('',#15641,#2814);
#1845=LINE('',#15644,#2815);
#1846=LINE('',#15646,#2816);
#1847=LINE('',#15649,#2817);
#1848=LINE('',#15653,#2818);
#1849=LINE('',#15654,#2819);
#1850=LINE('',#15657,#2820);
#1851=LINE('',#15660,#2821);
#1852=LINE('',#15663,#2822);
#1853=LINE('',#15666,#2823);
#1854=LINE('',#15668,#2824);
#1855=LINE('',#15670,#2825);
#1856=LINE('',#15671,#2826);
#1857=LINE('',#15674,#2827);
#1858=LINE('',#15678,#2828);
#1859=LINE('',#15679,#2829);
#1860=LINE('',#15682,#2830);
#1861=LINE('',#15685,#2831);
#1862=LINE('',#15688,#2832);
#1863=LINE('',#15691,#2833);
#1864=LINE('',#15694,#2834);
#1865=LINE('',#15697,#2835);
#1866=LINE('',#15699,#2836);
#1867=LINE('',#15704,#2837);
#1868=LINE('',#15705,#2838);
#1869=LINE('',#15708,#2839);
#1870=LINE('',#15709,#2840);
#1871=LINE('',#15713,#2841);
#1872=LINE('',#15716,#2842);
#1873=LINE('',#15717,#2843);
#1874=LINE('',#15721,#2844);
#1875=LINE('',#15724,#2845);
#1876=LINE('',#15727,#2846);
#1877=LINE('',#15729,#2847);
#1878=LINE('',#15732,#2848);
#1879=LINE('',#15735,#2849);
#1880=LINE('',#15738,#2850);
#1881=LINE('',#15741,#2851);
#1882=LINE('',#15743,#2852);
#1883=LINE('',#15746,#2853);
#1884=LINE('',#15749,#2854);
#1885=LINE('',#15752,#2855);
#1886=LINE('',#15753,#2856);
#1887=LINE('',#15755,#2857);
#1888=LINE('',#15758,#2858);
#1889=LINE('',#15759,#2859);
#1890=LINE('',#15765,#2860);
#1891=LINE('',#15768,#2861);
#1892=LINE('',#15773,#2862);
#1893=LINE('',#15780,#2863);
#1894=LINE('',#15784,#2864);
#1895=LINE('',#15788,#2865);
#1896=LINE('',#15793,#2866);
#1897=LINE('',#15795,#2867);
#1898=LINE('',#15798,#2868);
#1899=LINE('',#15799,#2869);
#1900=LINE('',#15802,#2870);
#1901=LINE('',#15803,#2871);
#1902=LINE('',#15806,#2872);
#1903=LINE('',#15807,#2873);
#1904=LINE('',#15809,#2874);
#1905=LINE('',#15813,#2875);
#1906=LINE('',#15817,#2876);
#1907=LINE('',#15819,#2877);
#1908=LINE('',#15821,#2878);
#1909=LINE('',#15823,#2879);
#1910=LINE('',#15825,#2880);
#1911=LINE('',#15826,#2881);
#1912=LINE('',#15829,#2882);
#1913=LINE('',#15831,#2883);
#1914=LINE('',#15832,#2884);
#1915=LINE('',#15835,#2885);
#1916=LINE('',#15836,#2886);
#1917=LINE('',#15839,#2887);
#1918=LINE('',#15840,#2888);
#1919=LINE('',#15844,#2889);
#1920=LINE('',#15848,#2890);
#1921=LINE('',#15850,#2891);
#1922=LINE('',#15852,#2892);
#1923=LINE('',#15854,#2893);
#1924=LINE('',#15856,#2894);
#1925=LINE('',#15857,#2895);
#1926=LINE('',#15860,#2896);
#1927=LINE('',#15862,#2897);
#1928=LINE('',#15863,#2898);
#1929=LINE('',#15866,#2899);
#1930=LINE('',#15867,#2900);
#1931=LINE('',#15870,#2901);
#1932=LINE('',#15871,#2902);
#1933=LINE('',#15875,#2903);
#1934=LINE('',#15879,#2904);
#1935=LINE('',#15881,#2905);
#1936=LINE('',#15883,#2906);
#1937=LINE('',#15885,#2907);
#1938=LINE('',#15887,#2908);
#1939=LINE('',#15888,#2909);
#1940=LINE('',#15891,#2910);
#1941=LINE('',#15893,#2911);
#1942=LINE('',#15894,#2912);
#1943=LINE('',#15897,#2913);
#1944=LINE('',#15898,#2914);
#1945=LINE('',#15901,#2915);
#1946=LINE('',#15902,#2916);
#1947=LINE('',#15906,#2917);
#1948=LINE('',#15910,#2918);
#1949=LINE('',#15912,#2919);
#1950=LINE('',#15914,#2920);
#1951=LINE('',#15916,#2921);
#1952=LINE('',#15918,#2922);
#1953=LINE('',#15919,#2923);
#1954=LINE('',#15922,#2924);
#1955=LINE('',#15924,#2925);
#1956=LINE('',#15925,#2926);
#1957=LINE('',#15928,#2927);
#1958=LINE('',#15929,#2928);
#1959=LINE('',#15932,#2929);
#1960=LINE('',#15933,#2930);
#1961=LINE('',#15941,#2931);
#1962=LINE('',#15943,#2932);
#1963=LINE('',#15944,#2933);
#1964=LINE('',#15972,#2934);
#1965=LINE('',#15973,#2935);
#1966=LINE('',#15976,#2936);
#1967=LINE('',#15977,#2937);
#1968=LINE('',#15979,#2938);
#1969=LINE('',#15982,#2939);
#1970=LINE('',#15983,#2940);
#1971=LINE('',#15986,#2941);
#1972=LINE('',#15987,#2942);
#1973=LINE('',#15989,#2943);
#1974=LINE('',#15991,#2944);
#1975=LINE('',#15993,#2945);
#1976=LINE('',#15996,#2946);
#1977=LINE('',#15997,#2947);
#1978=LINE('',#16000,#2948);
#1979=LINE('',#16001,#2949);
#1980=LINE('',#16003,#2950);
#1981=LINE('',#16006,#2951);
#1982=LINE('',#16007,#2952);
#1983=LINE('',#16011,#2953);
#1984=LINE('',#16015,#2954);
#1985=LINE('',#16018,#2955);
#1986=LINE('',#16019,#2956);
#1987=LINE('',#16023,#2957);
#1988=LINE('',#16026,#2958);
#1989=LINE('',#16027,#2959);
#1990=LINE('',#16031,#2960);
#1991=LINE('',#16034,#2961);
#1992=LINE('',#16035,#2962);
#1993=LINE('',#16039,#2963);
#1994=LINE('',#16042,#2964);
#1995=LINE('',#16043,#2965);
#1996=LINE('',#16047,#2966);
#1997=LINE('',#16050,#2967);
#1998=LINE('',#16051,#2968);
#1999=LINE('',#16055,#2969);
#2000=LINE('',#16058,#2970);
#2001=LINE('',#16059,#2971);
#2002=LINE('',#16064,#2972);
#2003=LINE('',#16065,#2973);
#2004=LINE('',#16069,#2974);
#2005=LINE('',#16072,#2975);
#2006=LINE('',#16073,#2976);
#2007=LINE('',#16077,#2977);
#2008=LINE('',#16080,#2978);
#2009=LINE('',#16081,#2979);
#2010=LINE('',#16085,#2980);
#2011=LINE('',#16088,#2981);
#2012=LINE('',#16089,#2982);
#2013=LINE('',#16093,#2983);
#2014=LINE('',#16096,#2984);
#2015=LINE('',#16097,#2985);
#2016=LINE('',#16101,#2986);
#2017=LINE('',#16104,#2987);
#2018=LINE('',#16105,#2988);
#2019=LINE('',#16109,#2989);
#2020=LINE('',#16112,#2990);
#2021=LINE('',#16113,#2991);
#2022=LINE('',#16117,#2992);
#2023=LINE('',#16119,#2993);
#2024=LINE('',#16121,#2994);
#2025=LINE('',#16125,#2995);
#2026=LINE('',#16129,#2996);
#2027=LINE('',#16132,#2997);
#2028=LINE('',#16133,#2998);
#2029=LINE('',#16137,#2999);
#2030=LINE('',#16140,#3000);
#2031=LINE('',#16141,#3001);
#2032=LINE('',#16145,#3002);
#2033=LINE('',#16148,#3003);
#2034=LINE('',#16149,#3004);
#2035=LINE('',#16153,#3005);
#2036=LINE('',#16156,#3006);
#2037=LINE('',#16157,#3007);
#2038=LINE('',#16161,#3008);
#2039=LINE('',#16164,#3009);
#2040=LINE('',#16165,#3010);
#2041=LINE('',#16169,#3011);
#2042=LINE('',#16172,#3012);
#2043=LINE('',#16173,#3013);
#2044=LINE('',#16178,#3014);
#2045=LINE('',#16179,#3015);
#2046=LINE('',#16183,#3016);
#2047=LINE('',#16186,#3017);
#2048=LINE('',#16187,#3018);
#2049=LINE('',#16191,#3019);
#2050=LINE('',#16194,#3020);
#2051=LINE('',#16195,#3021);
#2052=LINE('',#16199,#3022);
#2053=LINE('',#16202,#3023);
#2054=LINE('',#16203,#3024);
#2055=LINE('',#16207,#3025);
#2056=LINE('',#16210,#3026);
#2057=LINE('',#16211,#3027);
#2058=LINE('',#16215,#3028);
#2059=LINE('',#16218,#3029);
#2060=LINE('',#16219,#3030);
#2061=LINE('',#16223,#3031);
#2062=LINE('',#16226,#3032);
#2063=LINE('',#16227,#3033);
#2064=LINE('',#16231,#3034);
#2065=LINE('',#16236,#3035);
#2066=LINE('',#16237,#3036);
#2067=LINE('',#16240,#3037);
#2068=LINE('',#16241,#3038);
#2069=LINE('',#16243,#3039);
#2070=LINE('',#16246,#3040);
#2071=LINE('',#16249,#3041);
#2072=LINE('',#16252,#3042);
#2073=LINE('',#16253,#3043);
#2074=LINE('',#16257,#3044);
#2075=LINE('',#16260,#3045);
#2076=LINE('',#16261,#3046);
#2077=LINE('',#16265,#3047);
#2078=LINE('',#16268,#3048);
#2079=LINE('',#16269,#3049);
#2080=LINE('',#16273,#3050);
#2081=LINE('',#16277,#3051);
#2082=LINE('',#16279,#3052);
#2083=LINE('',#16283,#3053);
#2084=LINE('',#16287,#3054);
#2085=LINE('',#16290,#3055);
#2086=LINE('',#16291,#3056);
#2087=LINE('',#16295,#3057);
#2088=LINE('',#16298,#3058);
#2089=LINE('',#16299,#3059);
#2090=LINE('',#16303,#3060);
#2091=LINE('',#16306,#3061);
#2092=LINE('',#16307,#3062);
#2093=LINE('',#16311,#3063);
#2094=LINE('',#16314,#3064);
#2095=LINE('',#16315,#3065);
#2096=LINE('',#16319,#3066);
#2097=LINE('',#16322,#3067);
#2098=LINE('',#16323,#3068);
#2099=LINE('',#16327,#3069);
#2100=LINE('',#16330,#3070);
#2101=LINE('',#16331,#3071);
#2102=LINE('',#16336,#3072);
#2103=LINE('',#16337,#3073);
#2104=LINE('',#16341,#3074);
#2105=LINE('',#16344,#3075);
#2106=LINE('',#16345,#3076);
#2107=LINE('',#16349,#3077);
#2108=LINE('',#16352,#3078);
#2109=LINE('',#16353,#3079);
#2110=LINE('',#16357,#3080);
#2111=LINE('',#16359,#3081);
#2112=LINE('',#16362,#3082);
#2113=LINE('',#16365,#3083);
#2114=LINE('',#16368,#3084);
#2115=LINE('',#16369,#3085);
#2116=LINE('',#16373,#3086);
#2117=LINE('',#16376,#3087);
#2118=LINE('',#16377,#3088);
#2119=LINE('',#16381,#3089);
#2120=LINE('',#16384,#3090);
#2121=LINE('',#16385,#3091);
#2122=LINE('',#16390,#3092);
#2123=LINE('',#16391,#3093);
#2124=LINE('',#16395,#3094);
#2125=LINE('',#16398,#3095);
#2126=LINE('',#16399,#3096);
#2127=LINE('',#16403,#3097);
#2128=LINE('',#16406,#3098);
#2129=LINE('',#16407,#3099);
#2130=LINE('',#16411,#3100);
#2131=LINE('',#16414,#3101);
#2132=LINE('',#16415,#3102);
#2133=LINE('',#16419,#3103);
#2134=LINE('',#16422,#3104);
#2135=LINE('',#16423,#3105);
#2136=LINE('',#16427,#3106);
#2137=LINE('',#16430,#3107);
#2138=LINE('',#16431,#3108);
#2139=LINE('',#16435,#3109);
#2140=LINE('',#16438,#3110);
#2141=LINE('',#16439,#3111);
#2142=LINE('',#16443,#3112);
#2143=LINE('',#16445,#3113);
#2144=LINE('',#16448,#3114);
#2145=LINE('',#16449,#3115);
#2146=LINE('',#16453,#3116);
#2147=LINE('',#16457,#3117);
#2148=LINE('',#16460,#3118);
#2149=LINE('',#16461,#3119);
#2150=LINE('',#16465,#3120);
#2151=LINE('',#16468,#3121);
#2152=LINE('',#16469,#3122);
#2153=LINE('',#16473,#3123);
#2154=LINE('',#16475,#3124);
#2155=LINE('',#16477,#3125);
#2156=LINE('',#16479,#3126);
#2157=LINE('',#16481,#3127);
#2158=LINE('',#16484,#3128);
#2159=LINE('',#16486,#3129);
#2160=LINE('',#16487,#3130);
#2161=LINE('',#16491,#3131);
#2162=LINE('',#16494,#3132);
#2163=LINE('',#16495,#3133);
#2164=LINE('',#16499,#3134);
#2165=LINE('',#16502,#3135);
#2166=LINE('',#16503,#3136);
#2167=LINE('',#16507,#3137);
#2168=LINE('',#16510,#3138);
#2169=LINE('',#16511,#3139);
#2170=LINE('',#16515,#3140);
#2171=LINE('',#16518,#3141);
#2172=LINE('',#16519,#3142);
#2173=LINE('',#16523,#3143);
#2174=LINE('',#16526,#3144);
#2175=LINE('',#16527,#3145);
#2176=LINE('',#16531,#3146);
#2177=LINE('',#16534,#3147);
#2178=LINE('',#16535,#3148);
#2179=LINE('',#16539,#3149);
#2180=LINE('',#16544,#3150);
#2181=LINE('',#16545,#3151);
#2182=LINE('',#16549,#3152);
#2183=LINE('',#16553,#3153);
#2184=LINE('',#16556,#3154);
#2185=LINE('',#16557,#3155);
#2186=LINE('',#16561,#3156);
#2187=LINE('',#16564,#3157);
#2188=LINE('',#16565,#3158);
#2189=LINE('',#16569,#3159);
#2190=LINE('',#16572,#3160);
#2191=LINE('',#16573,#3161);
#2192=LINE('',#16577,#3162);
#2193=LINE('',#16580,#3163);
#2194=LINE('',#16581,#3164);
#2195=LINE('',#16585,#3165);
#2196=LINE('',#16588,#3166);
#2197=LINE('',#16589,#3167);
#2198=LINE('',#16593,#3168);
#2199=LINE('',#16596,#3169);
#2200=LINE('',#16597,#3170);
#2201=LINE('',#16601,#3171);
#2202=LINE('',#16604,#3172);
#2203=LINE('',#16605,#3173);
#2204=LINE('',#16609,#3174);
#2205=LINE('',#16612,#3175);
#2206=LINE('',#16613,#3176);
#2207=LINE('',#16617,#3177);
#2208=LINE('',#16620,#3178);
#2209=LINE('',#16621,#3179);
#2210=LINE('',#16625,#3180);
#2211=LINE('',#16628,#3181);
#2212=LINE('',#16629,#3182);
#2213=LINE('',#16633,#3183);
#2214=LINE('',#16636,#3184);
#2215=LINE('',#16637,#3185);
#2216=LINE('',#16641,#3186);
#2217=LINE('',#16644,#3187);
#2218=LINE('',#16645,#3188);
#2219=LINE('',#16649,#3189);
#2220=LINE('',#16652,#3190);
#2221=LINE('',#16653,#3191);
#2222=LINE('',#16657,#3192);
#2223=LINE('',#16661,#3193);
#2224=LINE('',#16664,#3194);
#2225=LINE('',#16665,#3195);
#2226=LINE('',#16669,#3196);
#2227=LINE('',#16673,#3197);
#2228=LINE('',#16676,#3198);
#2229=LINE('',#16677,#3199);
#2230=LINE('',#16681,#3200);
#2231=LINE('',#16684,#3201);
#2232=LINE('',#16685,#3202);
#2233=LINE('',#16689,#3203);
#2234=LINE('',#16692,#3204);
#2235=LINE('',#16693,#3205);
#2236=LINE('',#16697,#3206);
#2237=LINE('',#16700,#3207);
#2238=LINE('',#16701,#3208);
#2239=LINE('',#16705,#3209);
#2240=LINE('',#16708,#3210);
#2241=LINE('',#16709,#3211);
#2242=LINE('',#16713,#3212);
#2243=LINE('',#16716,#3213);
#2244=LINE('',#16717,#3214);
#2245=LINE('',#16721,#3215);
#2246=LINE('',#16724,#3216);
#2247=LINE('',#16725,#3217);
#2248=LINE('',#16729,#3218);
#2249=LINE('',#16732,#3219);
#2250=LINE('',#16733,#3220);
#2251=LINE('',#16737,#3221);
#2252=LINE('',#16740,#3222);
#2253=LINE('',#16741,#3223);
#2254=LINE('',#16745,#3224);
#2255=LINE('',#16748,#3225);
#2256=LINE('',#16749,#3226);
#2257=LINE('',#16753,#3227);
#2258=LINE('',#16756,#3228);
#2259=LINE('',#16757,#3229);
#2260=LINE('',#16761,#3230);
#2261=LINE('',#16764,#3231);
#2262=LINE('',#16765,#3232);
#2263=LINE('',#16769,#3233);
#2264=LINE('',#16772,#3234);
#2265=LINE('',#16773,#3235);
#2266=LINE('',#16777,#3236);
#2267=LINE('',#16781,#3237);
#2268=LINE('',#16784,#3238);
#2269=LINE('',#16785,#3239);
#2270=LINE('',#16789,#3240);
#2271=LINE('',#16793,#3241);
#2272=LINE('',#16796,#3242);
#2273=LINE('',#16797,#3243);
#2274=LINE('',#16801,#3244);
#2275=LINE('',#16804,#3245);
#2276=LINE('',#16805,#3246);
#2277=LINE('',#16809,#3247);
#2278=LINE('',#16812,#3248);
#2279=LINE('',#16813,#3249);
#2280=LINE('',#16817,#3250);
#2281=LINE('',#16820,#3251);
#2282=LINE('',#16821,#3252);
#2283=LINE('',#16825,#3253);
#2284=LINE('',#16828,#3254);
#2285=LINE('',#16829,#3255);
#2286=LINE('',#16833,#3256);
#2287=LINE('',#16836,#3257);
#2288=LINE('',#16837,#3258);
#2289=LINE('',#16843,#3259);
#2290=LINE('',#16846,#3260);
#2291=LINE('',#16847,#3261);
#2292=LINE('',#16851,#3262);
#2293=LINE('',#16854,#3263);
#2294=LINE('',#16855,#3264);
#2295=LINE('',#16859,#3265);
#2296=LINE('',#16862,#3266);
#2297=LINE('',#16863,#3267);
#2298=LINE('',#16867,#3268);
#2299=LINE('',#16870,#3269);
#2300=LINE('',#16871,#3270);
#2301=LINE('',#16875,#3271);
#2302=LINE('',#16878,#3272);
#2303=LINE('',#16879,#3273);
#2304=LINE('',#16883,#3274);
#2305=LINE('',#16886,#3275);
#2306=LINE('',#16887,#3276);
#2307=LINE('',#16891,#3277);
#2308=LINE('',#16896,#3278);
#2309=LINE('',#16897,#3279);
#2310=LINE('',#16901,#3280);
#2311=LINE('',#16905,#3281);
#2312=LINE('',#16908,#3282);
#2313=LINE('',#16909,#3283);
#2314=LINE('',#16913,#3284);
#2315=LINE('',#16916,#3285);
#2316=LINE('',#16917,#3286);
#2317=LINE('',#16921,#3287);
#2318=LINE('',#16924,#3288);
#2319=LINE('',#16925,#3289);
#2320=LINE('',#16929,#3290);
#2321=LINE('',#16932,#3291);
#2322=LINE('',#16933,#3292);
#2323=LINE('',#16937,#3293);
#2324=LINE('',#16940,#3294);
#2325=LINE('',#16941,#3295);
#2326=LINE('',#16945,#3296);
#2327=LINE('',#16948,#3297);
#2328=LINE('',#16949,#3298);
#2329=VECTOR('',#10993,10.);
#2330=VECTOR('',#10996,10.);
#2331=VECTOR('',#10999,10.);
#2332=VECTOR('',#11000,1.99999999999999);
#2333=VECTOR('',#11001,10.);
#2334=VECTOR('',#11004,10.);
#2335=VECTOR('',#11009,10.);
#2336=VECTOR('',#11014,10.);
#2337=VECTOR('',#11017,10.);
#2338=VECTOR('',#11020,10.);
#2339=VECTOR('',#11023,10.);
#2340=VECTOR('',#11026,10.);
#2341=VECTOR('',#11029,10.);
#2342=VECTOR('',#11032,10.);
#2343=VECTOR('',#11035,10.);
#2344=VECTOR('',#11038,10.);
#2345=VECTOR('',#11041,10.);
#2346=VECTOR('',#11044,10.);
#2347=VECTOR('',#11047,10.);
#2348=VECTOR('',#11050,10.);
#2349=VECTOR('',#11055,10.);
#2350=VECTOR('',#11060,10.);
#2351=VECTOR('',#11063,10.);
#2352=VECTOR('',#11068,10.);
#2353=VECTOR('',#11073,10.);
#2354=VECTOR('',#11076,10.);
#2355=VECTOR('',#11079,10.);
#2356=VECTOR('',#11082,10.);
#2357=VECTOR('',#11085,10.);
#2358=VECTOR('',#11088,10.);
#2359=VECTOR('',#11091,10.);
#2360=VECTOR('',#11094,10.);
#2361=VECTOR('',#11097,10.);
#2362=VECTOR('',#11100,10.);
#2363=VECTOR('',#11103,10.);
#2364=VECTOR('',#11106,10.);
#2365=VECTOR('',#11109,10.);
#2366=VECTOR('',#11114,10.);
#2367=VECTOR('',#11119,10.);
#2368=VECTOR('',#11122,10.);
#2369=VECTOR('',#11127,10.);
#2370=VECTOR('',#11132,10.);
#2371=VECTOR('',#11135,10.);
#2372=VECTOR('',#11138,10.);
#2373=VECTOR('',#11141,10.);
#2374=VECTOR('',#11144,10.);
#2375=VECTOR('',#11147,10.);
#2376=VECTOR('',#11150,10.);
#2377=VECTOR('',#11153,10.);
#2378=VECTOR('',#11156,10.);
#2379=VECTOR('',#11159,10.);
#2380=VECTOR('',#11162,10.);
#2381=VECTOR('',#11165,10.);
#2382=VECTOR('',#11168,10.);
#2383=VECTOR('',#11173,10.);
#2384=VECTOR('',#11178,10.);
#2385=VECTOR('',#11181,10.);
#2386=VECTOR('',#11186,10.);
#2387=VECTOR('',#11191,10.);
#2388=VECTOR('',#11194,10.);
#2389=VECTOR('',#11197,10.);
#2390=VECTOR('',#11200,10.);
#2391=VECTOR('',#11203,10.);
#2392=VECTOR('',#11206,10.);
#2393=VECTOR('',#11209,10.);
#2394=VECTOR('',#11212,10.);
#2395=VECTOR('',#11215,10.);
#2396=VECTOR('',#11218,10.);
#2397=VECTOR('',#11221,10.);
#2398=VECTOR('',#11224,10.);
#2399=VECTOR('',#11227,10.);
#2400=VECTOR('',#11232,10.);
#2401=VECTOR('',#11237,10.);
#2402=VECTOR('',#11240,10.);
#2403=VECTOR('',#11241,10.);
#2404=VECTOR('',#11242,10.);
#2405=VECTOR('',#11243,10.);
#2406=VECTOR('',#11256,10.);
#2407=VECTOR('',#11259,10.);
#2408=VECTOR('',#11262,10.);
#2409=VECTOR('',#11265,10.);
#2410=VECTOR('',#11268,10.);
#2411=VECTOR('',#11271,10.);
#2412=VECTOR('',#11274,10.);
#2413=VECTOR('',#11277,10.);
#2414=VECTOR('',#11280,10.);
#2415=VECTOR('',#11283,10.);
#2416=VECTOR('',#11286,10.);
#2417=VECTOR('',#11287,10.);
#2418=VECTOR('',#11290,10.);
#2419=VECTOR('',#11293,10.);
#2420=VECTOR('',#11296,10.);
#2421=VECTOR('',#11299,10.);
#2422=VECTOR('',#11304,10.);
#2423=VECTOR('',#11307,10.);
#2424=VECTOR('',#11310,10.);
#2425=VECTOR('',#11315,10.);
#2426=VECTOR('',#11318,10.);
#2427=VECTOR('',#11321,10.);
#2428=VECTOR('',#11326,10.);
#2429=VECTOR('',#11329,10.);
#2430=VECTOR('',#11332,10.);
#2431=VECTOR('',#11335,10.);
#2432=VECTOR('',#11338,10.);
#2433=VECTOR('',#11341,10.);
#2434=VECTOR('',#11344,10.);
#2435=VECTOR('',#11353,10.);
#2436=VECTOR('',#11356,10.);
#2437=VECTOR('',#11359,10.);
#2438=VECTOR('',#11362,10.);
#2439=VECTOR('',#11367,10.);
#2440=VECTOR('',#11370,10.);
#2441=VECTOR('',#11375,10.);
#2442=VECTOR('',#11378,10.);
#2443=VECTOR('',#11381,10.);
#2444=VECTOR('',#11384,10.);
#2445=VECTOR('',#11387,10.);
#2446=VECTOR('',#11390,10.);
#2447=VECTOR('',#11393,10.);
#2448=VECTOR('',#11400,10.);
#2449=VECTOR('',#11403,10.);
#2450=VECTOR('',#11406,10.);
#2451=VECTOR('',#11409,10.);
#2452=VECTOR('',#11412,10.);
#2453=VECTOR('',#11415,10.);
#2454=VECTOR('',#11418,10.);
#2455=VECTOR('',#11423,10.);
#2456=VECTOR('',#11426,10.);
#2457=VECTOR('',#11431,10.);
#2458=VECTOR('',#11434,10.);
#2459=VECTOR('',#11437,10.);
#2460=VECTOR('',#11440,10.);
#2461=VECTOR('',#11445,10.);
#2462=VECTOR('',#11452,10.);
#2463=VECTOR('',#11455,10.);
#2464=VECTOR('',#11458,10.);
#2465=VECTOR('',#11461,10.);
#2466=VECTOR('',#11464,10.);
#2467=VECTOR('',#11467,10.);
#2468=VECTOR('',#11470,10.);
#2469=VECTOR('',#11475,10.);
#2470=VECTOR('',#11478,10.);
#2471=VECTOR('',#11481,10.);
#2472=VECTOR('',#11484,10.);
#2473=VECTOR('',#11489,10.);
#2474=VECTOR('',#11492,10.);
#2475=VECTOR('',#11495,10.);
#2476=VECTOR('',#11498,10.);
#2477=VECTOR('',#11501,10.);
#2478=VECTOR('',#11504,10.);
#2479=VECTOR('',#11507,10.);
#2480=VECTOR('',#11512,10.);
#2481=VECTOR('',#11515,10.);
#2482=VECTOR('',#11520,10.);
#2483=VECTOR('',#11523,10.);
#2484=VECTOR('',#11526,10.);
#2485=VECTOR('',#11529,10.);
#2486=VECTOR('',#11532,10.);
#2487=VECTOR('',#11539,10.);
#2488=VECTOR('',#11542,10.);
#2489=VECTOR('',#11545,10.);
#2490=VECTOR('',#11548,10.);
#2491=VECTOR('',#11551,10.);
#2492=VECTOR('',#11554,10.);
#2493=VECTOR('',#11557,10.);
#2494=VECTOR('',#11564,10.);
#2495=VECTOR('',#11567,10.);
#2496=VECTOR('',#11570,10.);
#2497=VECTOR('',#11573,10.);
#2498=VECTOR('',#11576,10.);
#2499=VECTOR('',#11579,10.);
#2500=VECTOR('',#11582,10.);
#2501=VECTOR('',#11591,10.);
#2502=VECTOR('',#11594,10.);
#2503=VECTOR('',#11597,10.);
#2504=VECTOR('',#11600,10.);
#2505=VECTOR('',#11605,10.);
#2506=VECTOR('',#11608,10.);
#2507=VECTOR('',#11613,10.);
#2508=VECTOR('',#11616,10.);
#2509=VECTOR('',#11619,10.);
#2510=VECTOR('',#11622,10.);
#2511=VECTOR('',#11625,10.);
#2512=VECTOR('',#11628,10.);
#2513=VECTOR('',#11631,10.);
#2514=VECTOR('',#11636,10.);
#2515=VECTOR('',#11639,10.);
#2516=VECTOR('',#11642,10.);
#2517=VECTOR('',#11647,10.);
#2518=VECTOR('',#11650,10.);
#2519=VECTOR('',#11653,10.);
#2520=VECTOR('',#11658,10.);
#2521=VECTOR('',#11661,10.);
#2522=VECTOR('',#11664,10.);
#2523=VECTOR('',#11667,10.);
#2524=VECTOR('',#11678,1.99999999999999);
#2525=VECTOR('',#11683,10.);
#2526=VECTOR('',#11688,2.00000000000001);
#2527=VECTOR('',#11691,2.00000000000001);
#2528=VECTOR('',#11694,10.);
#2529=VECTOR('',#11701,1.99999999999999);
#2530=VECTOR('',#11702,1.99999999999999);
#2531=VECTOR('',#11705,10.);
#2532=VECTOR('',#11708,1.99999999999999);
#2533=VECTOR('',#11711,1.99999999999999);
#2534=VECTOR('',#11714,10.);
#2535=VECTOR('',#11721,10.);
#2536=VECTOR('',#11722,10.);
#2537=VECTOR('',#11725,10.);
#2538=VECTOR('',#11726,1.99999999999999);
#2539=VECTOR('',#11731,1.99999999999999);
#2540=VECTOR('',#11734,2.00000000000001);
#2541=VECTOR('',#11737,2.00000000000001);
#2542=VECTOR('',#11740,10.);
#2543=VECTOR('',#11745,1.99999999999999);
#2544=VECTOR('',#11748,1.99999999999999);
#2545=VECTOR('',#11751,10.);
#2546=VECTOR('',#11756,2.);
#2547=VECTOR('',#11759,2.);
#2548=VECTOR('',#11762,10.);
#2549=VECTOR('',#11769,10.);
#2550=VECTOR('',#11770,10.);
#2551=VECTOR('',#11773,10.);
#2552=VECTOR('',#11774,1.99999999999999);
#2553=VECTOR('',#11779,1.99999999999999);
#2554=VECTOR('',#11782,2.00000000000001);
#2555=VECTOR('',#11785,2.00000000000001);
#2556=VECTOR('',#11788,10.);
#2557=VECTOR('',#11795,1.99999999999999);
#2558=VECTOR('',#11796,1.99999999999999);
#2559=VECTOR('',#11799,10.);
#2560=VECTOR('',#11800,10.);
#2561=VECTOR('',#11803,1.99999999999999);
#2562=VECTOR('',#11806,1.99999999999999);
#2563=VECTOR('',#11809,10.);
#2564=VECTOR('',#11810,10.);
#2565=VECTOR('',#11817,10.);
#2566=VECTOR('',#11818,10.);
#2567=VECTOR('',#11821,10.);
#2568=VECTOR('',#11822,10.);
#2569=VECTOR('',#11827,10.);
#2570=VECTOR('',#11832,10.);
#2571=VECTOR('',#11835,10.);
#2572=VECTOR('',#11840,10.);
#2573=VECTOR('',#11841,10.);
#2574=VECTOR('',#11846,10.);
#2575=VECTOR('',#11849,10.);
#2576=VECTOR('',#11850,10.);
#2577=VECTOR('',#11855,10.);
#2578=VECTOR('',#11858,10.);
#2579=VECTOR('',#11859,10.);
#2580=VECTOR('',#11864,10.);
#2581=VECTOR('',#11869,10.);
#2582=VECTOR('',#11872,10.);
#2583=VECTOR('',#11873,10.);
#2584=VECTOR('',#11878,10.);
#2585=VECTOR('',#11881,10.);
#2586=VECTOR('',#11882,10.);
#2587=VECTOR('',#11887,10.);
#2588=VECTOR('',#11890,10.);
#2589=VECTOR('',#11891,10.);
#2590=VECTOR('',#11894,3.);
#2591=VECTOR('',#11897,10.);
#2592=VECTOR('',#11900,3.);
#2593=VECTOR('',#11903,3.);
#2594=VECTOR('',#11908,10.);
#2595=VECTOR('',#11911,3.);
#2596=VECTOR('',#11914,10.);
#2597=VECTOR('',#11917,3.);
#2598=VECTOR('',#11920,3.);
#2599=VECTOR('',#11925,10.);
#2600=VECTOR('',#11930,10.);
#2601=VECTOR('',#11931,10.);
#2602=VECTOR('',#11934,5.);
#2603=VECTOR('',#11941,10.);
#2604=VECTOR('',#11942,10.);
#2605=VECTOR('',#11945,10.);
#2606=VECTOR('',#11946,10.);
#2607=VECTOR('',#11951,10.);
#2608=VECTOR('',#11952,10.);
#2609=VECTOR('',#11955,5.);
#2610=VECTOR('',#11962,10.);
#2611=VECTOR('',#11963,10.);
#2612=VECTOR('',#11966,5.);
#2613=VECTOR('',#11967,10.);
#2614=VECTOR('',#11972,10.);
#2615=VECTOR('',#11973,10.);
#2616=VECTOR('',#11976,5.);
#2617=VECTOR('',#11983,10.);
#2618=VECTOR('',#11984,10.);
#2619=VECTOR('',#11987,5.);
#2620=VECTOR('',#11994,10.);
#2621=VECTOR('',#11995,10.);
#2622=VECTOR('',#11998,10.);
#2623=VECTOR('',#11999,10.);
#2624=VECTOR('',#12004,5.);
#2625=VECTOR('',#12005,10.);
#2626=VECTOR('',#12010,10.);
#2627=VECTOR('',#12011,10.);
#2628=VECTOR('',#12014,10.);
#2629=VECTOR('',#12015,10.);
#2630=VECTOR('',#12020,10.);
#2631=VECTOR('',#12021,10.);
#2632=VECTOR('',#12024,5.);
#2633=VECTOR('',#12031,5.);
#2634=VECTOR('',#12034,10.);
#2635=VECTOR('',#12037,10.);
#2636=VECTOR('',#12040,10.);
#2637=VECTOR('',#12043,10.);
#2638=VECTOR('',#12046,10.);
#2639=VECTOR('',#12049,10.);
#2640=VECTOR('',#12050,10.);
#2641=VECTOR('',#12053,10.);
#2642=VECTOR('',#12058,10.);
#2643=VECTOR('',#12059,10.);
#2644=VECTOR('',#12062,10.);
#2645=VECTOR('',#12067,10.);
#2646=VECTOR('',#12068,10.);
#2647=VECTOR('',#12073,5.);
#2648=VECTOR('',#12078,5.);
#2649=VECTOR('',#12081,10.);
#2650=VECTOR('',#12084,10.);
#2651=VECTOR('',#12087,10.);
#2652=VECTOR('',#12088,10.);
#2653=VECTOR('',#12091,5.);
#2654=VECTOR('',#12094,10.);
#2655=VECTOR('',#12099,10.);
#2656=VECTOR('',#12102,10.);
#2657=VECTOR('',#12105,10.);
#2658=VECTOR('',#12108,10.);
#2659=VECTOR('',#12113,5.);
#2660=VECTOR('',#12116,10.);
#2661=VECTOR('',#12119,10.);
#2662=VECTOR('',#12122,10.);
#2663=VECTOR('',#12123,10.);
#2664=VECTOR('',#12126,10.);
#2665=VECTOR('',#12129,10.);
#2666=VECTOR('',#12132,10.);
#2667=VECTOR('',#12135,10.);
#2668=VECTOR('',#12140,10.);
#2669=VECTOR('',#12141,10.);
#2670=VECTOR('',#12144,10.);
#2671=VECTOR('',#12147,10.);
#2672=VECTOR('',#12150,10.);
#2673=VECTOR('',#12153,10.);
#2674=VECTOR('',#12156,10.);
#2675=VECTOR('',#12159,10.);
#2676=VECTOR('',#12160,10.);
#2677=VECTOR('',#12163,10.);
#2678=VECTOR('',#12168,10.);
#2679=VECTOR('',#12169,10.);
#2680=VECTOR('',#12174,5.);
#2681=VECTOR('',#12177,10.);
#2682=VECTOR('',#12180,10.);
#2683=VECTOR('',#12183,10.);
#2684=VECTOR('',#12186,10.);
#2685=VECTOR('',#12189,10.);
#2686=VECTOR('',#12192,10.);
#2687=VECTOR('',#12193,10.);
#2688=VECTOR('',#12196,10.);
#2689=VECTOR('',#12199,10.);
#2690=VECTOR('',#12202,10.);
#2691=VECTOR('',#12207,5.);
#2692=VECTOR('',#12210,10.);
#2693=VECTOR('',#12215,10.);
#2694=VECTOR('',#12218,10.);
#2695=VECTOR('',#12221,10.);
#2696=VECTOR('',#12224,10.);
#2697=VECTOR('',#12225,10.);
#2698=VECTOR('',#12228,10.);
#2699=VECTOR('',#12229,10.);
#2700=VECTOR('',#12230,10.);
#2701=VECTOR('',#12231,10.);
#2702=VECTOR('',#12232,10.);
#2703=VECTOR('',#12233,10.);
#2704=VECTOR('',#12234,10.);
#2705=VECTOR('',#12239,10.);
#2706=VECTOR('',#12242,10.);
#2707=VECTOR('',#12243,10.);
#2708=VECTOR('',#12244,10.);
#2709=VECTOR('',#12245,10.);
#2710=VECTOR('',#12246,10.);
#2711=VECTOR('',#12247,10.);
#2712=VECTOR('',#12250,10.);
#2713=VECTOR('',#12253,10.);
#2714=VECTOR('',#12254,10.);
#2715=VECTOR('',#12255,10.);
#2716=VECTOR('',#12256,10.);
#2717=VECTOR('',#12257,10.);
#2718=VECTOR('',#12258,10.);
#2719=VECTOR('',#12259,10.);
#2720=VECTOR('',#12264,10.);
#2721=VECTOR('',#12267,10.);
#2722=VECTOR('',#12268,10.);
#2723=VECTOR('',#12269,10.);
#2724=VECTOR('',#12270,10.);
#2725=VECTOR('',#12271,10.);
#2726=VECTOR('',#12272,10.);
#2727=VECTOR('',#12275,10.);
#2728=VECTOR('',#12278,10.);
#2729=VECTOR('',#12279,10.);
#2730=VECTOR('',#12280,10.);
#2731=VECTOR('',#12283,10.);
#2732=VECTOR('',#12284,10.);
#2733=VECTOR('',#12287,10.);
#2734=VECTOR('',#12288,10.);
#2735=VECTOR('',#12289,10.);
#2736=VECTOR('',#12292,10.);
#2737=VECTOR('',#12293,10.);
#2738=VECTOR('',#12294,10.);
#2739=VECTOR('',#12295,10.);
#2740=VECTOR('',#12296,10.);
#2741=VECTOR('',#12297,10.);
#2742=VECTOR('',#12298,10.);
#2743=VECTOR('',#12299,10.);
#2744=VECTOR('',#12300,10.);
#2745=VECTOR('',#12301,10.);
#2746=VECTOR('',#12302,10.);
#2747=VECTOR('',#12303,10.);
#2748=VECTOR('',#12306,10.);
#2749=VECTOR('',#12307,10.);
#2750=VECTOR('',#12308,10.);
#2751=VECTOR('',#12311,10.);
#2752=VECTOR('',#12314,10.);
#2753=VECTOR('',#12315,10.);
#2754=VECTOR('',#12318,10.);
#2755=VECTOR('',#12319,10.);
#2756=VECTOR('',#12320,10.);
#2757=VECTOR('',#12323,10.);
#2758=VECTOR('',#12326,10.);
#2759=VECTOR('',#12327,10.);
#2760=VECTOR('',#12330,10.);
#2761=VECTOR('',#12331,10.);
#2762=VECTOR('',#12332,10.);
#2763=VECTOR('',#12333,1.);
#2764=VECTOR('',#12334,10.);
#2765=VECTOR('',#12337,10.);
#2766=VECTOR('',#12338,10.);
#2767=VECTOR('',#12345,10.);
#2768=VECTOR('',#12346,10.);
#2769=VECTOR('',#12349,10.);
#2770=VECTOR('',#12350,10.);
#2771=VECTOR('',#12355,10.);
#2772=VECTOR('',#12356,10.);
#2773=VECTOR('',#12359,10.);
#2774=VECTOR('',#12360,10.);
#2775=VECTOR('',#12365,10.);
#2776=VECTOR('',#12366,10.);
#2777=VECTOR('',#12369,10.);
#2778=VECTOR('',#12370,10.);
#2779=VECTOR('',#12375,10.);
#2780=VECTOR('',#12376,10.);
#2781=VECTOR('',#12379,10.);
#2782=VECTOR('',#12380,10.);
#2783=VECTOR('',#12383,10.);
#2784=VECTOR('',#12388,10.);
#2785=VECTOR('',#12391,10.);
#2786=VECTOR('',#12394,10.);
#2787=VECTOR('',#12397,10.);
#2788=VECTOR('',#12398,10.);
#2789=VECTOR('',#12401,10.);
#2790=VECTOR('',#12404,10.);
#2791=VECTOR('',#12407,10.);
#2792=VECTOR('',#12408,10.);
#2793=VECTOR('',#12409,10.);
#2794=VECTOR('',#12412,10.);
#2795=VECTOR('',#12417,10.);
#2796=VECTOR('',#12420,10.);
#2797=VECTOR('',#12425,10.);
#2798=VECTOR('',#12428,10.);
#2799=VECTOR('',#12433,10.);
#2800=VECTOR('',#12434,10.);
#2801=VECTOR('',#12437,10.);
#2802=VECTOR('',#12442,10.);
#2803=VECTOR('',#12445,10.);
#2804=VECTOR('',#12448,10.);
#2805=VECTOR('',#12451,10.);
#2806=VECTOR('',#12454,10.);
#2807=VECTOR('',#12459,10.);
#2808=VECTOR('',#12460,10.);
#2809=VECTOR('',#12463,10.);
#2810=VECTOR('',#12468,10.);
#2811=VECTOR('',#12471,10.);
#2812=VECTOR('',#12476,10.);
#2813=VECTOR('',#12481,10.);
#2814=VECTOR('',#12484,10.);
#2815=VECTOR('',#12487,10.);
#2816=VECTOR('',#12490,10.);
#2817=VECTOR('',#12493,10.);
#2818=VECTOR('',#12498,10.);
#2819=VECTOR('',#12499,10.);
#2820=VECTOR('',#12502,10.);
#2821=VECTOR('',#12507,10.);
#2822=VECTOR('',#12510,10.);
#2823=VECTOR('',#12513,10.);
#2824=VECTOR('',#12516,10.);
#2825=VECTOR('',#12517,10.);
#2826=VECTOR('',#12518,10.);
#2827=VECTOR('',#12521,10.);
#2828=VECTOR('',#12526,10.);
#2829=VECTOR('',#12527,10.);
#2830=VECTOR('',#12530,10.);
#2831=VECTOR('',#12535,10.);
#2832=VECTOR('',#12538,10.);
#2833=VECTOR('',#12543,10.);
#2834=VECTOR('',#12546,10.);
#2835=VECTOR('',#12549,10.);
#2836=VECTOR('',#12552,10.);
#2837=VECTOR('',#12557,10.);
#2838=VECTOR('',#12558,10.);
#2839=VECTOR('',#12561,10.);
#2840=VECTOR('',#12562,10.);
#2841=VECTOR('',#12567,10.);
#2842=VECTOR('',#12570,10.);
#2843=VECTOR('',#12571,10.);
#2844=VECTOR('',#12576,1.);
#2845=VECTOR('',#12579,10.);
#2846=VECTOR('',#12582,10.);
#2847=VECTOR('',#12585,10.);
#2848=VECTOR('',#12588,10.);
#2849=VECTOR('',#12593,10.);
#2850=VECTOR('',#12596,10.);
#2851=VECTOR('',#12599,10.);
#2852=VECTOR('',#12602,10.);
#2853=VECTOR('',#12605,10.);
#2854=VECTOR('',#12610,10.);
#2855=VECTOR('',#12613,10.);
#2856=VECTOR('',#12614,10.);
#2857=VECTOR('',#12617,10.);
#2858=VECTOR('',#12620,10.);
#2859=VECTOR('',#12621,10.);
#2860=VECTOR('',#12626,10.);
#2861=VECTOR('',#12629,10.);
#2862=VECTOR('',#12634,10.);
#2863=VECTOR('',#12643,10.);
#2864=VECTOR('',#12648,10.);
#2865=VECTOR('',#12653,10.);
#2866=VECTOR('',#12662,10.);
#2867=VECTOR('',#12665,10.);
#2868=VECTOR('',#12668,10.);
#2869=VECTOR('',#12669,10.);
#2870=VECTOR('',#12672,10.);
#2871=VECTOR('',#12673,10.);
#2872=VECTOR('',#12676,10.);
#2873=VECTOR('',#12677,10.);
#2874=VECTOR('',#12680,10.);
#2875=VECTOR('',#12685,2.20000000000001);
#2876=VECTOR('',#12688,10.);
#2877=VECTOR('',#12689,10.);
#2878=VECTOR('',#12690,10.);
#2879=VECTOR('',#12691,10.);
#2880=VECTOR('',#12692,10.);
#2881=VECTOR('',#12693,10.);
#2882=VECTOR('',#12696,10.);
#2883=VECTOR('',#12697,10.);
#2884=VECTOR('',#12698,10.);
#2885=VECTOR('',#12701,10.);
#2886=VECTOR('',#12702,10.);
#2887=VECTOR('',#12705,10.);
#2888=VECTOR('',#12706,10.);
#2889=VECTOR('',#12711,2.2);
#2890=VECTOR('',#12714,10.);
#2891=VECTOR('',#12715,10.);
#2892=VECTOR('',#12716,10.);
#2893=VECTOR('',#12717,10.);
#2894=VECTOR('',#12718,10.);
#2895=VECTOR('',#12719,10.);
#2896=VECTOR('',#12722,10.);
#2897=VECTOR('',#12723,10.);
#2898=VECTOR('',#12724,10.);
#2899=VECTOR('',#12727,10.);
#2900=VECTOR('',#12728,10.);
#2901=VECTOR('',#12731,10.);
#2902=VECTOR('',#12732,10.);
#2903=VECTOR('',#12737,2.20000000000001);
#2904=VECTOR('',#12740,10.);
#2905=VECTOR('',#12741,10.);
#2906=VECTOR('',#12742,10.);
#2907=VECTOR('',#12743,10.);
#2908=VECTOR('',#12744,10.);
#2909=VECTOR('',#12745,10.);
#2910=VECTOR('',#12748,10.);
#2911=VECTOR('',#12749,10.);
#2912=VECTOR('',#12750,10.);
#2913=VECTOR('',#12753,10.);
#2914=VECTOR('',#12754,10.);
#2915=VECTOR('',#12757,10.);
#2916=VECTOR('',#12758,10.);
#2917=VECTOR('',#12763,2.2);
#2918=VECTOR('',#12766,10.);
#2919=VECTOR('',#12767,10.);
#2920=VECTOR('',#12768,10.);
#2921=VECTOR('',#12769,10.);
#2922=VECTOR('',#12770,10.);
#2923=VECTOR('',#12771,10.);
#2924=VECTOR('',#12774,10.);
#2925=VECTOR('',#12775,10.);
#2926=VECTOR('',#12776,10.);
#2927=VECTOR('',#12779,10.);
#2928=VECTOR('',#12780,10.);
#2929=VECTOR('',#12783,10.);
#2930=VECTOR('',#12784,10.);
#2931=VECTOR('',#12793,10.);
#2932=VECTOR('',#12794,10.);
#2933=VECTOR('',#12795,10.);
#2934=VECTOR('',#12828,10.);
#2935=VECTOR('',#12829,10.);
#2936=VECTOR('',#12832,10.);
#2937=VECTOR('',#12833,10.);
#2938=VECTOR('',#12836,10.);
#2939=VECTOR('',#12839,10.);
#2940=VECTOR('',#12840,10.);
#2941=VECTOR('',#12843,10.);
#2942=VECTOR('',#12844,10.);
#2943=VECTOR('',#12847,10.);
#2944=VECTOR('',#12850,10.);
#2945=VECTOR('',#12853,10.);
#2946=VECTOR('',#12856,10.);
#2947=VECTOR('',#12857,10.);
#2948=VECTOR('',#12860,10.);
#2949=VECTOR('',#12861,10.);
#2950=VECTOR('',#12864,10.);
#2951=VECTOR('',#12867,10.);
#2952=VECTOR('',#12868,10.);
#2953=VECTOR('',#12873,10.);
#2954=VECTOR('',#12878,10.);
#2955=VECTOR('',#12881,10.);
#2956=VECTOR('',#12882,10.);
#2957=VECTOR('',#12887,10.);
#2958=VECTOR('',#12890,10.);
#2959=VECTOR('',#12891,10.);
#2960=VECTOR('',#12896,10.);
#2961=VECTOR('',#12899,10.);
#2962=VECTOR('',#12900,10.);
#2963=VECTOR('',#12905,10.);
#2964=VECTOR('',#12908,10.);
#2965=VECTOR('',#12909,10.);
#2966=VECTOR('',#12914,10.);
#2967=VECTOR('',#12917,10.);
#2968=VECTOR('',#12918,10.);
#2969=VECTOR('',#12923,10.);
#2970=VECTOR('',#12926,10.);
#2971=VECTOR('',#12927,10.);
#2972=VECTOR('',#12934,10.);
#2973=VECTOR('',#12935,10.);
#2974=VECTOR('',#12940,10.);
#2975=VECTOR('',#12943,10.);
#2976=VECTOR('',#12944,10.);
#2977=VECTOR('',#12949,10.);
#2978=VECTOR('',#12952,10.);
#2979=VECTOR('',#12953,10.);
#2980=VECTOR('',#12958,10.);
#2981=VECTOR('',#12961,10.);
#2982=VECTOR('',#12962,10.);
#2983=VECTOR('',#12967,10.);
#2984=VECTOR('',#12970,10.);
#2985=VECTOR('',#12971,10.);
#2986=VECTOR('',#12976,10.);
#2987=VECTOR('',#12979,10.);
#2988=VECTOR('',#12980,10.);
#2989=VECTOR('',#12985,10.);
#2990=VECTOR('',#12988,10.);
#2991=VECTOR('',#12989,10.);
#2992=VECTOR('',#12996,10.);
#2993=VECTOR('',#12999,10.);
#2994=VECTOR('',#13002,10.);
#2995=VECTOR('',#13007,10.);
#2996=VECTOR('',#13012,10.);
#2997=VECTOR('',#13015,10.);
#2998=VECTOR('',#13016,10.);
#2999=VECTOR('',#13021,10.);
#3000=VECTOR('',#13024,10.);
#3001=VECTOR('',#13025,10.);
#3002=VECTOR('',#13030,10.);
#3003=VECTOR('',#13033,10.);
#3004=VECTOR('',#13034,10.);
#3005=VECTOR('',#13039,10.);
#3006=VECTOR('',#13042,10.);
#3007=VECTOR('',#13043,10.);
#3008=VECTOR('',#13048,10.);
#3009=VECTOR('',#13051,10.);
#3010=VECTOR('',#13052,10.);
#3011=VECTOR('',#13057,10.);
#3012=VECTOR('',#13060,10.);
#3013=VECTOR('',#13061,10.);
#3014=VECTOR('',#13068,10.);
#3015=VECTOR('',#13069,10.);
#3016=VECTOR('',#13074,10.);
#3017=VECTOR('',#13077,10.);
#3018=VECTOR('',#13078,10.);
#3019=VECTOR('',#13083,10.);
#3020=VECTOR('',#13086,10.);
#3021=VECTOR('',#13087,10.);
#3022=VECTOR('',#13092,10.);
#3023=VECTOR('',#13095,10.);
#3024=VECTOR('',#13096,10.);
#3025=VECTOR('',#13101,10.);
#3026=VECTOR('',#13104,10.);
#3027=VECTOR('',#13105,10.);
#3028=VECTOR('',#13110,10.);
#3029=VECTOR('',#13113,10.);
#3030=VECTOR('',#13114,10.);
#3031=VECTOR('',#13119,10.);
#3032=VECTOR('',#13122,10.);
#3033=VECTOR('',#13123,10.);
#3034=VECTOR('',#13128,10.);
#3035=VECTOR('',#13135,10.);
#3036=VECTOR('',#13136,10.);
#3037=VECTOR('',#13139,10.);
#3038=VECTOR('',#13140,10.);
#3039=VECTOR('',#13143,10.);
#3040=VECTOR('',#13146,10.);
#3041=VECTOR('',#13149,10.);
#3042=VECTOR('',#13152,10.);
#3043=VECTOR('',#13153,10.);
#3044=VECTOR('',#13158,10.);
#3045=VECTOR('',#13161,10.);
#3046=VECTOR('',#13162,10.);
#3047=VECTOR('',#13167,10.);
#3048=VECTOR('',#13170,10.);
#3049=VECTOR('',#13171,10.);
#3050=VECTOR('',#13176,10.);
#3051=VECTOR('',#13183,10.);
#3052=VECTOR('',#13186,10.);
#3053=VECTOR('',#13191,10.);
#3054=VECTOR('',#13196,10.);
#3055=VECTOR('',#13199,10.);
#3056=VECTOR('',#13200,10.);
#3057=VECTOR('',#13205,10.);
#3058=VECTOR('',#13208,10.);
#3059=VECTOR('',#13209,10.);
#3060=VECTOR('',#13214,10.);
#3061=VECTOR('',#13217,10.);
#3062=VECTOR('',#13218,10.);
#3063=VECTOR('',#13223,10.);
#3064=VECTOR('',#13226,10.);
#3065=VECTOR('',#13227,10.);
#3066=VECTOR('',#13232,10.);
#3067=VECTOR('',#13235,10.);
#3068=VECTOR('',#13236,10.);
#3069=VECTOR('',#13241,10.);
#3070=VECTOR('',#13244,10.);
#3071=VECTOR('',#13245,10.);
#3072=VECTOR('',#13252,10.);
#3073=VECTOR('',#13253,10.);
#3074=VECTOR('',#13258,10.);
#3075=VECTOR('',#13261,10.);
#3076=VECTOR('',#13262,10.);
#3077=VECTOR('',#13267,10.);
#3078=VECTOR('',#13270,10.);
#3079=VECTOR('',#13271,10.);
#3080=VECTOR('',#13276,10.);
#3081=VECTOR('',#13279,10.);
#3082=VECTOR('',#13282,10.);
#3083=VECTOR('',#13285,10.);
#3084=VECTOR('',#13288,10.);
#3085=VECTOR('',#13289,10.);
#3086=VECTOR('',#13294,10.);
#3087=VECTOR('',#13297,10.);
#3088=VECTOR('',#13298,10.);
#3089=VECTOR('',#13303,10.);
#3090=VECTOR('',#13306,10.);
#3091=VECTOR('',#13307,10.);
#3092=VECTOR('',#13314,10.);
#3093=VECTOR('',#13315,10.);
#3094=VECTOR('',#13320,10.);
#3095=VECTOR('',#13323,10.);
#3096=VECTOR('',#13324,10.);
#3097=VECTOR('',#13329,10.);
#3098=VECTOR('',#13332,10.);
#3099=VECTOR('',#13333,10.);
#3100=VECTOR('',#13338,10.);
#3101=VECTOR('',#13341,10.);
#3102=VECTOR('',#13342,10.);
#3103=VECTOR('',#13347,10.);
#3104=VECTOR('',#13350,10.);
#3105=VECTOR('',#13351,10.);
#3106=VECTOR('',#13356,10.);
#3107=VECTOR('',#13359,10.);
#3108=VECTOR('',#13360,10.);
#3109=VECTOR('',#13365,10.);
#3110=VECTOR('',#13368,10.);
#3111=VECTOR('',#13369,10.);
#3112=VECTOR('',#13376,10.);
#3113=VECTOR('',#13379,10.);
#3114=VECTOR('',#13382,10.);
#3115=VECTOR('',#13383,10.);
#3116=VECTOR('',#13388,10.);
#3117=VECTOR('',#13393,10.);
#3118=VECTOR('',#13396,10.);
#3119=VECTOR('',#13397,10.);
#3120=VECTOR('',#13402,10.);
#3121=VECTOR('',#13405,10.);
#3122=VECTOR('',#13406,10.);
#3123=VECTOR('',#13411,10.);
#3124=VECTOR('',#13414,10.);
#3125=VECTOR('',#13417,10.);
#3126=VECTOR('',#13420,10.);
#3127=VECTOR('',#13423,10.);
#3128=VECTOR('',#13426,10.);
#3129=VECTOR('',#13427,10.);
#3130=VECTOR('',#13428,10.);
#3131=VECTOR('',#13433,10.);
#3132=VECTOR('',#13436,10.);
#3133=VECTOR('',#13437,10.);
#3134=VECTOR('',#13442,10.);
#3135=VECTOR('',#13445,10.);
#3136=VECTOR('',#13446,10.);
#3137=VECTOR('',#13451,10.);
#3138=VECTOR('',#13454,10.);
#3139=VECTOR('',#13455,10.);
#3140=VECTOR('',#13460,10.);
#3141=VECTOR('',#13463,10.);
#3142=VECTOR('',#13464,10.);
#3143=VECTOR('',#13469,10.);
#3144=VECTOR('',#13472,10.);
#3145=VECTOR('',#13473,10.);
#3146=VECTOR('',#13478,10.);
#3147=VECTOR('',#13481,10.);
#3148=VECTOR('',#13482,10.);
#3149=VECTOR('',#13487,10.);
#3150=VECTOR('',#13494,10.);
#3151=VECTOR('',#13495,10.);
#3152=VECTOR('',#13500,10.);
#3153=VECTOR('',#13505,10.);
#3154=VECTOR('',#13508,10.);
#3155=VECTOR('',#13509,10.);
#3156=VECTOR('',#13514,10.);
#3157=VECTOR('',#13517,10.);
#3158=VECTOR('',#13518,10.);
#3159=VECTOR('',#13523,10.);
#3160=VECTOR('',#13526,10.);
#3161=VECTOR('',#13527,10.);
#3162=VECTOR('',#13532,10.);
#3163=VECTOR('',#13535,10.);
#3164=VECTOR('',#13536,10.);
#3165=VECTOR('',#13541,10.);
#3166=VECTOR('',#13544,10.);
#3167=VECTOR('',#13545,10.);
#3168=VECTOR('',#13550,10.);
#3169=VECTOR('',#13553,10.);
#3170=VECTOR('',#13554,10.);
#3171=VECTOR('',#13559,10.);
#3172=VECTOR('',#13562,10.);
#3173=VECTOR('',#13563,10.);
#3174=VECTOR('',#13568,10.);
#3175=VECTOR('',#13571,10.);
#3176=VECTOR('',#13572,10.);
#3177=VECTOR('',#13577,10.);
#3178=VECTOR('',#13580,10.);
#3179=VECTOR('',#13581,10.);
#3180=VECTOR('',#13586,10.);
#3181=VECTOR('',#13589,10.);
#3182=VECTOR('',#13590,10.);
#3183=VECTOR('',#13595,10.);
#3184=VECTOR('',#13598,10.);
#3185=VECTOR('',#13599,10.);
#3186=VECTOR('',#13604,10.);
#3187=VECTOR('',#13607,10.);
#3188=VECTOR('',#13608,10.);
#3189=VECTOR('',#13613,10.);
#3190=VECTOR('',#13616,10.);
#3191=VECTOR('',#13617,10.);
#3192=VECTOR('',#13622,10.);
#3193=VECTOR('',#13629,10.);
#3194=VECTOR('',#13632,10.);
#3195=VECTOR('',#13633,10.);
#3196=VECTOR('',#13638,10.);
#3197=VECTOR('',#13643,10.);
#3198=VECTOR('',#13646,10.);
#3199=VECTOR('',#13647,10.);
#3200=VECTOR('',#13652,10.);
#3201=VECTOR('',#13655,10.);
#3202=VECTOR('',#13656,10.);
#3203=VECTOR('',#13661,10.);
#3204=VECTOR('',#13664,10.);
#3205=VECTOR('',#13665,10.);
#3206=VECTOR('',#13670,10.);
#3207=VECTOR('',#13673,10.);
#3208=VECTOR('',#13674,10.);
#3209=VECTOR('',#13679,10.);
#3210=VECTOR('',#13682,10.);
#3211=VECTOR('',#13683,10.);
#3212=VECTOR('',#13688,10.);
#3213=VECTOR('',#13691,10.);
#3214=VECTOR('',#13692,10.);
#3215=VECTOR('',#13697,10.);
#3216=VECTOR('',#13700,10.);
#3217=VECTOR('',#13701,10.);
#3218=VECTOR('',#13706,10.);
#3219=VECTOR('',#13709,10.);
#3220=VECTOR('',#13710,10.);
#3221=VECTOR('',#13715,10.);
#3222=VECTOR('',#13718,10.);
#3223=VECTOR('',#13719,10.);
#3224=VECTOR('',#13724,10.);
#3225=VECTOR('',#13727,10.);
#3226=VECTOR('',#13728,10.);
#3227=VECTOR('',#13733,10.);
#3228=VECTOR('',#13736,10.);
#3229=VECTOR('',#13737,10.);
#3230=VECTOR('',#13742,10.);
#3231=VECTOR('',#13745,10.);
#3232=VECTOR('',#13746,10.);
#3233=VECTOR('',#13751,10.);
#3234=VECTOR('',#13754,10.);
#3235=VECTOR('',#13755,10.);
#3236=VECTOR('',#13760,10.);
#3237=VECTOR('',#13767,10.);
#3238=VECTOR('',#13770,10.);
#3239=VECTOR('',#13771,10.);
#3240=VECTOR('',#13776,10.);
#3241=VECTOR('',#13781,10.);
#3242=VECTOR('',#13784,10.);
#3243=VECTOR('',#13785,10.);
#3244=VECTOR('',#13790,10.);
#3245=VECTOR('',#13793,10.);
#3246=VECTOR('',#13794,10.);
#3247=VECTOR('',#13799,10.);
#3248=VECTOR('',#13802,10.);
#3249=VECTOR('',#13803,10.);
#3250=VECTOR('',#13808,10.);
#3251=VECTOR('',#13811,10.);
#3252=VECTOR('',#13812,10.);
#3253=VECTOR('',#13817,10.);
#3254=VECTOR('',#13820,10.);
#3255=VECTOR('',#13821,10.);
#3256=VECTOR('',#13826,10.);
#3257=VECTOR('',#13829,10.);
#3258=VECTOR('',#13830,10.);
#3259=VECTOR('',#13839,10.);
#3260=VECTOR('',#13842,10.);
#3261=VECTOR('',#13843,10.);
#3262=VECTOR('',#13848,10.);
#3263=VECTOR('',#13851,10.);
#3264=VECTOR('',#13852,10.);
#3265=VECTOR('',#13857,10.);
#3266=VECTOR('',#13860,10.);
#3267=VECTOR('',#13861,10.);
#3268=VECTOR('',#13866,10.);
#3269=VECTOR('',#13869,10.);
#3270=VECTOR('',#13870,10.);
#3271=VECTOR('',#13875,10.);
#3272=VECTOR('',#13878,10.);
#3273=VECTOR('',#13879,10.);
#3274=VECTOR('',#13884,10.);
#3275=VECTOR('',#13887,10.);
#3276=VECTOR('',#13888,10.);
#3277=VECTOR('',#13893,10.);
#3278=VECTOR('',#13900,10.);
#3279=VECTOR('',#13901,10.);
#3280=VECTOR('',#13906,10.);
#3281=VECTOR('',#13911,10.);
#3282=VECTOR('',#13914,10.);
#3283=VECTOR('',#13915,10.);
#3284=VECTOR('',#13920,10.);
#3285=VECTOR('',#13923,10.);
#3286=VECTOR('',#13924,10.);
#3287=VECTOR('',#13929,10.);
#3288=VECTOR('',#13932,10.);
#3289=VECTOR('',#13933,10.);
#3290=VECTOR('',#13938,10.);
#3291=VECTOR('',#13941,10.);
#3292=VECTOR('',#13942,10.);
#3293=VECTOR('',#13947,10.);
#3294=VECTOR('',#13950,10.);
#3295=VECTOR('',#13951,10.);
#3296=VECTOR('',#13956,10.);
#3297=VECTOR('',#13959,10.);
#3298=VECTOR('',#13960,10.);
#3299=CIRCLE('',#9981,2.);
#3300=CIRCLE('',#9982,2.);
#3301=CIRCLE('',#9985,1.99999999999999);
#3302=CIRCLE('',#9986,4.);
#3303=CIRCLE('',#9987,1.50000000000002);
#3304=CIRCLE('',#9988,3.);
#3305=CIRCLE('',#9989,2.);
#3306=CIRCLE('',#9990,3.);
#3307=CIRCLE('',#9991,2.);
#3308=CIRCLE('',#9992,3.);
#3309=CIRCLE('',#9993,2.);
#3310=CIRCLE('',#9994,1.49999999999997);
#3311=CIRCLE('',#9995,1.49999999999998);
#3312=CIRCLE('',#9996,2.);
#3313=CIRCLE('',#9997,3.);
#3314=CIRCLE('',#9998,2.);
#3315=CIRCLE('',#9999,3.);
#3316=CIRCLE('',#10000,2.);
#3317=CIRCLE('',#10001,3.);
#3318=CIRCLE('',#10002,1.50000000000002);
#3319=CIRCLE('',#10003,4.);
#3320=CIRCLE('',#10004,1.99999999999999);
#3321=CIRCLE('',#10005,2.);
#3322=CIRCLE('',#10006,1.99999999999999);
#3323=CIRCLE('',#10007,4.);
#3324=CIRCLE('',#10008,1.50000000000002);
#3325=CIRCLE('',#10009,2.99999999999999);
#3326=CIRCLE('',#10010,2.00000000000001);
#3327=CIRCLE('',#10011,3.);
#3328=CIRCLE('',#10012,2.00000000000001);
#3329=CIRCLE('',#10013,2.99999999999999);
#3330=CIRCLE('',#10014,2.00000000000001);
#3331=CIRCLE('',#10015,1.49999999999999);
#3332=CIRCLE('',#10016,1.49999999999997);
#3333=CIRCLE('',#10017,2.);
#3334=CIRCLE('',#10018,3.);
#3335=CIRCLE('',#10019,1.99999999999999);
#3336=CIRCLE('',#10020,3.00000000000001);
#3337=CIRCLE('',#10021,1.99999999999999);
#3338=CIRCLE('',#10022,3.00000000000001);
#3339=CIRCLE('',#10023,1.50000000000002);
#3340=CIRCLE('',#10024,4.);
#3341=CIRCLE('',#10025,1.99999999999999);
#3342=CIRCLE('',#10026,2.);
#3343=CIRCLE('',#10027,1.99999999999999);
#3344=CIRCLE('',#10028,4.);
#3345=CIRCLE('',#10029,1.50000000000002);
#3346=CIRCLE('',#10030,3.);
#3347=CIRCLE('',#10031,2.);
#3348=CIRCLE('',#10032,3.);
#3349=CIRCLE('',#10033,2.);
#3350=CIRCLE('',#10034,3.);
#3351=CIRCLE('',#10035,2.);
#3352=CIRCLE('',#10036,1.49999999999997);
#3353=CIRCLE('',#10037,1.49999999999998);
#3354=CIRCLE('',#10038,2.);
#3355=CIRCLE('',#10039,3.);
#3356=CIRCLE('',#10040,2.);
#3357=CIRCLE('',#10041,3.);
#3358=CIRCLE('',#10042,2.);
#3359=CIRCLE('',#10043,3.);
#3360=CIRCLE('',#10044,1.50000000000002);
#3361=CIRCLE('',#10045,4.);
#3362=CIRCLE('',#10046,1.99999999999999);
#3363=CIRCLE('',#10047,2.);
#3364=CIRCLE('',#10048,1.99999999999999);
#3365=CIRCLE('',#10049,4.);
#3366=CIRCLE('',#10050,1.50000000000002);
#3367=CIRCLE('',#10051,2.99999999999999);
#3368=CIRCLE('',#10052,2.00000000000001);
#3369=CIRCLE('',#10053,3.);
#3370=CIRCLE('',#10054,2.00000000000001);
#3371=CIRCLE('',#10055,2.99999999999999);
#3372=CIRCLE('',#10056,2.00000000000001);
#3373=CIRCLE('',#10057,1.49999999999999);
#3374=CIRCLE('',#10058,1.49999999999997);
#3375=CIRCLE('',#10059,2.);
#3376=CIRCLE('',#10060,3.);
#3377=CIRCLE('',#10061,1.99999999999999);
#3378=CIRCLE('',#10062,3.00000000000001);
#3379=CIRCLE('',#10063,1.99999999999999);
#3380=CIRCLE('',#10064,3.00000000000001);
#3381=CIRCLE('',#10065,1.50000000000002);
#3382=CIRCLE('',#10066,4.);
#3383=CIRCLE('',#10067,1.99999999999999);
#3384=CIRCLE('',#10068,0.25);
#3385=CIRCLE('',#10069,1.);
#3386=CIRCLE('',#10070,46.7500135563359);
#3387=CIRCLE('',#10071,0.5);
#3388=CIRCLE('',#10072,45.7500135563359);
#3389=CIRCLE('',#10073,0.25);
#3390=CIRCLE('',#10074,4.);
#3391=CIRCLE('',#10075,5.);
#3392=CIRCLE('',#10076,5.);
#3393=CIRCLE('',#10077,4.);
#3394=CIRCLE('',#10078,4.);
#3395=CIRCLE('',#10079,4.);
#3396=CIRCLE('',#10080,5.);
#3397=CIRCLE('',#10081,5.);
#3398=CIRCLE('',#10082,5.);
#3399=CIRCLE('',#10083,4.);
#3400=CIRCLE('',#10084,4.);
#3401=CIRCLE('',#10085,5.);
#3402=CIRCLE('',#10086,4.);
#3403=CIRCLE('',#10087,4.);
#3404=CIRCLE('',#10088,5.);
#3405=CIRCLE('',#10089,5.);
#3406=CIRCLE('',#10090,5.);
#3407=CIRCLE('',#10091,4.);
#3408=CIRCLE('',#10092,4.);
#3409=CIRCLE('',#10093,5.);
#3410=CIRCLE('',#10094,5.);
#3411=CIRCLE('',#10095,5.);
#3412=CIRCLE('',#10096,5.);
#3413=CIRCLE('',#10097,2.00000000000001);
#3414=CIRCLE('',#10098,4.);
#3415=CIRCLE('',#10099,1.50000000000002);
#3416=CIRCLE('',#10100,2.);
#3417=CIRCLE('',#10101,3.);
#3418=CIRCLE('',#10102,2.);
#3419=CIRCLE('',#10103,3.);
#3420=CIRCLE('',#10104,2.);
#3421=CIRCLE('',#10105,3.);
#3422=CIRCLE('',#10106,3.);
#3423=CIRCLE('',#10107,5.);
#3424=CIRCLE('',#10108,5.);
#3425=CIRCLE('',#10109,4.);
#3426=CIRCLE('',#10110,2.);
#3427=CIRCLE('',#10111,4.);
#3428=CIRCLE('',#10112,5.);
#3429=CIRCLE('',#10113,5.);
#3430=CIRCLE('',#10114,5.);
#3431=CIRCLE('',#10115,1.50000000000001);
#3432=CIRCLE('',#10116,3.);
#3433=CIRCLE('',#10117,2.);
#3434=CIRCLE('',#10118,3.00000000000001);
#3435=CIRCLE('',#10119,1.99999999999999);
#3436=CIRCLE('',#10120,3.00000000000001);
#3437=CIRCLE('',#10121,1.99999999999999);
#3438=CIRCLE('',#10122,1.50000000000002);
#3439=CIRCLE('',#10123,4.);
#3440=CIRCLE('',#10124,2.00000000000001);
#3441=CIRCLE('',#10125,4.);
#3442=CIRCLE('',#10126,1.50000000000002);
#3443=CIRCLE('',#10127,2.00000000000001);
#3444=CIRCLE('',#10128,2.99999999999999);
#3445=CIRCLE('',#10129,2.00000000000001);
#3446=CIRCLE('',#10130,3.);
#3447=CIRCLE('',#10131,2.);
#3448=CIRCLE('',#10132,3.);
#3449=CIRCLE('',#10133,1.50000000000001);
#3450=CIRCLE('',#10134,5.);
#3451=CIRCLE('',#10135,5.);
#3452=CIRCLE('',#10136,5.);
#3453=CIRCLE('',#10137,4.);
#3454=CIRCLE('',#10138,2.);
#3455=CIRCLE('',#10139,4.);
#3456=CIRCLE('',#10140,5.);
#3457=CIRCLE('',#10141,5.);
#3458=CIRCLE('',#10142,3.);
#3459=CIRCLE('',#10143,1.49999999999998);
#3460=CIRCLE('',#10144,3.);
#3461=CIRCLE('',#10145,2.);
#3462=CIRCLE('',#10146,3.);
#3463=CIRCLE('',#10147,2.);
#3464=CIRCLE('',#10148,3.);
#3465=CIRCLE('',#10149,2.);
#3466=CIRCLE('',#10150,1.50000000000002);
#3467=CIRCLE('',#10151,4.);
#3468=CIRCLE('',#10152,5.);
#3469=CIRCLE('',#10153,4.);
#3470=CIRCLE('',#10154,4.);
#3471=CIRCLE('',#10155,5.);
#3472=CIRCLE('',#10156,2.);
#3473=CIRCLE('',#10157,4.);
#3474=CIRCLE('',#10158,1.50000000000002);
#3475=CIRCLE('',#10159,2.00000000000001);
#3476=CIRCLE('',#10160,2.99999999999999);
#3477=CIRCLE('',#10161,2.00000000000001);
#3478=CIRCLE('',#10162,3.);
#3479=CIRCLE('',#10163,2.);
#3480=CIRCLE('',#10164,3.);
#3481=CIRCLE('',#10165,1.50000000000001);
#3482=CIRCLE('',#10166,5.);
#3483=CIRCLE('',#10167,5.);
#3484=CIRCLE('',#10168,5.);
#3485=CIRCLE('',#10169,4.);
#3486=CIRCLE('',#10170,2.);
#3487=CIRCLE('',#10171,4.);
#3488=CIRCLE('',#10172,5.);
#3489=CIRCLE('',#10173,3.);
#3490=CIRCLE('',#10174,1.50000000000001);
#3491=CIRCLE('',#10175,3.);
#3492=CIRCLE('',#10176,2.);
#3493=CIRCLE('',#10177,3.);
#3494=CIRCLE('',#10178,2.);
#3495=CIRCLE('',#10179,3.);
#3496=CIRCLE('',#10180,2.);
#3497=CIRCLE('',#10181,1.50000000000002);
#3498=CIRCLE('',#10182,4.);
#3499=CIRCLE('',#10183,2.00000000000001);
#3500=CIRCLE('',#10184,4.);
#3501=CIRCLE('',#10185,1.50000000000002);
#3502=CIRCLE('',#10186,2.);
#3503=CIRCLE('',#10187,3.);
#3504=CIRCLE('',#10188,2.);
#3505=CIRCLE('',#10189,3.);
#3506=CIRCLE('',#10190,2.);
#3507=CIRCLE('',#10191,3.);
#3508=CIRCLE('',#10192,3.);
#3509=CIRCLE('',#10193,5.);
#3510=CIRCLE('',#10194,5.);
#3511=CIRCLE('',#10195,4.);
#3512=CIRCLE('',#10196,2.);
#3513=CIRCLE('',#10197,4.);
#3514=CIRCLE('',#10198,5.);
#3515=CIRCLE('',#10199,5.);
#3516=CIRCLE('',#10200,5.);
#3517=CIRCLE('',#10201,1.50000000000001);
#3518=CIRCLE('',#10202,3.);
#3519=CIRCLE('',#10203,2.);
#3520=CIRCLE('',#10204,3.00000000000001);
#3521=CIRCLE('',#10205,1.99999999999999);
#3522=CIRCLE('',#10206,3.00000000000001);
#3523=CIRCLE('',#10207,1.99999999999999);
#3524=CIRCLE('',#10208,1.50000000000002);
#3525=CIRCLE('',#10209,4.);
#3526=CIRCLE('',#10210,5.);
#3527=CIRCLE('',#10211,5.);
#3528=CIRCLE('',#10212,5.);
#3529=CIRCLE('',#10213,5.);
#3530=CIRCLE('',#10214,5.);
#3531=CIRCLE('',#10215,4.);
#3532=CIRCLE('',#10216,4.);
#3533=CIRCLE('',#10217,5.);
#3534=CIRCLE('',#10218,5.);
#3535=CIRCLE('',#10219,4.);
#3536=CIRCLE('',#10220,4.);
#3537=CIRCLE('',#10221,5.);
#3538=CIRCLE('',#10222,2.2);
#3539=CIRCLE('',#10223,2.20000000000001);
#3540=CIRCLE('',#10224,2.2);
#3541=CIRCLE('',#10225,2.20000000000001);
#3542=CIRCLE('',#10227,1.99999999999999);
#3543=CIRCLE('',#10229,4.);
#3544=CIRCLE('',#10231,2.00000000000001);
#3545=CIRCLE('',#10233,4.);
#3546=CIRCLE('',#10235,1.99999999999999);
#3547=CIRCLE('',#10238,1.99999999999999);
#3548=CIRCLE('',#10240,4.);
#3549=CIRCLE('',#10242,2.);
#3550=CIRCLE('',#10245,1.99999999999999);
#3551=CIRCLE('',#10247,2.00000000000001);
#3552=CIRCLE('',#10249,4.);
#3553=CIRCLE('',#10251,1.99999999999999);
#3554=CIRCLE('',#10253,4.);
#3555=CIRCLE('',#10255,2.);
#3556=CIRCLE('',#10257,4.);
#3557=CIRCLE('',#10259,2.);
#3558=CIRCLE('',#10262,1.99999999999999);
#3559=CIRCLE('',#10264,2.00000000000001);
#3560=CIRCLE('',#10266,4.);
#3561=CIRCLE('',#10268,1.99999999999999);
#3562=CIRCLE('',#10271,1.99999999999999);
#3563=CIRCLE('',#10274,2.);
#3564=CIRCLE('',#10278,4.);
#3565=CIRCLE('',#10280,4.);
#3566=CIRCLE('',#10282,4.);
#3567=CIRCLE('',#10285,4.);
#3568=CIRCLE('',#10288,4.);
#3569=CIRCLE('',#10291,4.);
#3570=CIRCLE('',#10293,4.);
#3571=CIRCLE('',#10296,4.);
#3572=CIRCLE('',#10299,4.);
#3573=CIRCLE('',#10302,3.);
#3574=CIRCLE('',#10304,3.);
#3575=CIRCLE('',#10306,5.);
#3576=CIRCLE('',#10308,3.);
#3577=CIRCLE('',#10310,3.);
#3578=CIRCLE('',#10312,5.);
#3579=CIRCLE('',#10314,5.);
#3580=CIRCLE('',#10316,5.);
#3581=CIRCLE('',#10318,5.);
#3582=CIRCLE('',#10321,5.);
#3583=CIRCLE('',#10323,5.);
#3584=CIRCLE('',#10325,5.);
#3585=CIRCLE('',#10328,5.);
#3586=CIRCLE('',#10330,5.);
#3587=CIRCLE('',#10332,5.);
#3588=CIRCLE('',#10334,5.);
#3589=CIRCLE('',#10336,5.);
#3590=CIRCLE('',#10339,5.);
#3591=CIRCLE('',#10341,5.);
#3592=CIRCLE('',#10344,5.);
#3593=CIRCLE('',#10346,5.);
#3594=CIRCLE('',#10348,5.);
#3595=CIRCLE('',#10350,5.);
#3596=CIRCLE('',#10353,5.);
#3597=CIRCLE('',#10356,5.);
#3598=CIRCLE('',#10359,5.);
#3599=CIRCLE('',#10362,5.);
#3600=CIRCLE('',#10364,5.);
#3601=CIRCLE('',#10366,5.);
#3602=CIRCLE('',#10369,5.);
#3603=CIRCLE('',#10371,5.);
#3604=CIRCLE('',#10373,5.);
#3605=CIRCLE('',#10376,5.);
#3606=CIRCLE('',#10378,5.);
#3607=CIRCLE('',#10381,5.);
#3608=CIRCLE('',#10384,5.);
#3609=CIRCLE('',#10387,5.);
#3610=CIRCLE('',#10390,5.);
#3611=CIRCLE('',#10393,5.);
#3612=CIRCLE('',#10396,5.);
#3613=CIRCLE('',#10398,5.);
#3614=CIRCLE('',#10401,5.);
#3615=CIRCLE('',#10404,5.);
#3616=CIRCLE('',#10407,5.);
#3617=CIRCLE('',#10409,5.);
#3618=CIRCLE('',#10412,5.);
#3619=CIRCLE('',#10438,2.);
#3620=CIRCLE('',#10441,2.);
#3621=CIRCLE('',#10444,2.);
#3622=CIRCLE('',#10447,2.);
#3623=CIRCLE('',#10450,4.);
#3624=CIRCLE('',#10453,4.);
#3625=CIRCLE('',#10456,4.);
#3626=CIRCLE('',#10459,4.);
#3627=CIRCLE('',#10462,4.);
#3628=CIRCLE('',#10465,4.);
#3629=CIRCLE('',#10468,4.);
#3630=CIRCLE('',#10471,4.);
#3631=CIRCLE('',#10474,4.);
#3632=CIRCLE('',#10477,4.);
#3633=CIRCLE('',#10480,4.);
#3634=CIRCLE('',#10483,4.);
#3635=CIRCLE('',#10485,4.);
#3636=CIRCLE('',#10488,4.);
#3637=CIRCLE('',#10491,4.);
#3638=CIRCLE('',#10494,4.);
#3639=CIRCLE('',#10497,4.);
#3640=CIRCLE('',#10500,4.);
#3641=CIRCLE('',#10503,4.);
#3642=CIRCLE('',#10506,4.);
#3643=CIRCLE('',#10509,0.25);
#3644=CIRCLE('',#10512,0.25);
#3645=CIRCLE('',#10515,1.);
#3646=CIRCLE('',#10517,4.);
#3647=CIRCLE('',#10520,4.);
#3648=CIRCLE('',#10523,4.);
#3649=CIRCLE('',#10526,4.);
#3650=CIRCLE('',#10532,0.1);
#3651=CIRCLE('',#10533,0.1);
#3652=CIRCLE('',#10535,46.2500135563359);
#3653=CIRCLE('',#10536,46.2500135563359);
#3654=CIRCLE('',#10538,0.25);
#3655=CIRCLE('',#10539,0.25);
#3656=CIRCLE('',#10541,46.7500135563359);
#3657=CIRCLE('',#10543,0.5);
#3658=CIRCLE('',#10544,0.5);
#3659=CIRCLE('',#10546,45.7500135563359);
#3660=CIRCLE('',#10554,2.20000000000001);
#3661=CIRCLE('',#10560,2.2);
#3662=CIRCLE('',#10566,2.20000000000001);
#3663=CIRCLE('',#10572,2.2);
#3664=CIRCLE('',#10578,1.5);
#3665=CIRCLE('',#10579,1.5);
#3666=CIRCLE('',#10581,1.5);
#3667=CIRCLE('',#10583,1.5);
#3668=CIRCLE('',#10585,1.5);
#3669=CIRCLE('',#10586,1.5);
#3670=CIRCLE('',#10588,1.5);
#3671=CIRCLE('',#10589,1.5);
#3672=CIRCLE('',#10591,1.5);
#3673=CIRCLE('',#10592,1.5);
#3674=CIRCLE('',#10594,1.5);
#3675=CIRCLE('',#10595,1.5);
#3676=CIRCLE('',#10609,1.50000000000001);
#3677=CIRCLE('',#10611,3.);
#3678=CIRCLE('',#10614,2.);
#3679=CIRCLE('',#10617,3.00000000000001);
#3680=CIRCLE('',#10620,1.99999999999999);
#3681=CIRCLE('',#10623,3.00000000000001);
#3682=CIRCLE('',#10626,1.99999999999999);
#3683=CIRCLE('',#10629,1.50000000000002);
#3684=CIRCLE('',#10632,1.50000000000002);
#3685=CIRCLE('',#10635,2.);
#3686=CIRCLE('',#10638,3.);
#3687=CIRCLE('',#10641,2.);
#3688=CIRCLE('',#10644,3.);
#3689=CIRCLE('',#10647,2.);
#3690=CIRCLE('',#10650,3.);
#3691=CIRCLE('',#10655,1.49999999999998);
#3692=CIRCLE('',#10657,3.);
#3693=CIRCLE('',#10660,2.);
#3694=CIRCLE('',#10663,3.);
#3695=CIRCLE('',#10666,2.);
#3696=CIRCLE('',#10669,3.);
#3697=CIRCLE('',#10672,2.);
#3698=CIRCLE('',#10675,1.50000000000002);
#3699=CIRCLE('',#10678,1.50000000000002);
#3700=CIRCLE('',#10681,2.00000000000001);
#3701=CIRCLE('',#10684,2.99999999999999);
#3702=CIRCLE('',#10687,2.00000000000001);
#3703=CIRCLE('',#10690,3.);
#3704=CIRCLE('',#10693,2.);
#3705=CIRCLE('',#10696,3.);
#3706=CIRCLE('',#10698,1.50000000000001);
#3707=CIRCLE('',#10703,2.00000000000001);
#3708=CIRCLE('',#10706,3.);
#3709=CIRCLE('',#10709,2.);
#3710=CIRCLE('',#10712,3.);
#3711=CIRCLE('',#10714,1.50000000000001);
#3712=CIRCLE('',#10718,1.50000000000001);
#3713=CIRCLE('',#10720,3.);
#3714=CIRCLE('',#10723,2.);
#3715=CIRCLE('',#10726,3.);
#3716=CIRCLE('',#10729,2.);
#3717=CIRCLE('',#10732,3.);
#3718=CIRCLE('',#10735,2.);
#3719=CIRCLE('',#10738,1.50000000000002);
#3720=CIRCLE('',#10741,1.50000000000002);
#3721=CIRCLE('',#10744,2.00000000000001);
#3722=CIRCLE('',#10747,2.99999999999999);
#3723=CIRCLE('',#10750,1.99999999999999);
#3724=CIRCLE('',#10753,3.00000000000001);
#3725=CIRCLE('',#10756,1.99999999999999);
#3726=CIRCLE('',#10759,1.50000000000002);
#3727=CIRCLE('',#10762,1.50000000000002);
#3728=CIRCLE('',#10765,2.);
#3729=CIRCLE('',#10768,3.);
#3730=CIRCLE('',#10771,2.);
#3731=CIRCLE('',#10774,3.);
#3732=CIRCLE('',#10777,2.);
#3733=CIRCLE('',#10780,3.);
#3734=CIRCLE('',#10785,1.50000000000001);
#3735=CIRCLE('',#10787,3.);
#3736=CIRCLE('',#10790,2.);
#3737=CIRCLE('',#10793,3.00000000000001);
#3738=CIRCLE('',#10800,1.49999999999997);
#3739=CIRCLE('',#10803,2.);
#3740=CIRCLE('',#10806,3.);
#3741=CIRCLE('',#10809,1.99999999999999);
#3742=CIRCLE('',#10812,3.00000000000001);
#3743=CIRCLE('',#10815,1.99999999999999);
#3744=CIRCLE('',#10818,3.00000000000001);
#3745=CIRCLE('',#10820,1.50000000000002);
#3746=CIRCLE('',#10823,1.50000000000002);
#3747=CIRCLE('',#10825,3.);
#3748=CIRCLE('',#10828,2.);
#3749=CIRCLE('',#10831,3.);
#3750=CIRCLE('',#10834,2.);
#3751=CIRCLE('',#10837,3.);
#3752=CIRCLE('',#10840,2.);
#3753=CIRCLE('',#10843,1.49999999999997);
#3754=CIRCLE('',#10846,1.49999999999998);
#3755=CIRCLE('',#10849,2.);
#3756=CIRCLE('',#10852,3.);
#3757=CIRCLE('',#10855,2.);
#3758=CIRCLE('',#10858,3.);
#3759=CIRCLE('',#10861,2.);
#3760=CIRCLE('',#10864,3.);
#3761=CIRCLE('',#10866,1.50000000000002);
#3762=CIRCLE('',#10870,1.50000000000002);
#3763=CIRCLE('',#10872,2.99999999999999);
#3764=CIRCLE('',#10875,2.00000000000001);
#3765=CIRCLE('',#10878,3.);
#3766=CIRCLE('',#10881,2.00000000000001);
#3767=CIRCLE('',#10884,2.99999999999999);
#3768=CIRCLE('',#10887,2.00000000000001);
#3769=CIRCLE('',#10890,1.49999999999999);
#3770=CIRCLE('',#10893,1.49999999999997);
#3771=CIRCLE('',#10896,2.);
#3772=CIRCLE('',#10899,3.);
#3773=CIRCLE('',#10902,1.99999999999999);
#3774=CIRCLE('',#10905,3.00000000000001);
#3775=CIRCLE('',#10908,1.99999999999999);
#3776=CIRCLE('',#10911,3.00000000000001);
#3777=CIRCLE('',#10913,1.50000000000002);
#3778=CIRCLE('',#10917,1.50000000000002);
#3779=CIRCLE('',#10919,3.);
#3780=CIRCLE('',#10922,2.);
#3781=CIRCLE('',#10925,3.);
#3782=CIRCLE('',#10928,2.);
#3783=CIRCLE('',#10931,3.);
#3784=CIRCLE('',#10934,2.);
#3785=CIRCLE('',#10937,1.49999999999997);
#3786=CIRCLE('',#10939,1.49999999999998);
#3787=CIRCLE('',#10942,2.);
#3788=CIRCLE('',#10945,3.);
#3789=CIRCLE('',#10948,2.);
#3790=CIRCLE('',#10951,3.);
#3791=CIRCLE('',#10954,2.);
#3792=CIRCLE('',#10957,3.);
#3793=CIRCLE('',#10959,1.50000000000002);
#3794=CIRCLE('',#10962,1.50000000000002);
#3795=CIRCLE('',#10964,2.99999999999999);
#3796=CIRCLE('',#10967,2.00000000000001);
#3797=CIRCLE('',#10970,3.);
#3798=CIRCLE('',#10973,2.00000000000001);
#3799=CIRCLE('',#10976,2.99999999999999);
#3800=CIRCLE('',#10979,2.00000000000001);
#3801=CIRCLE('',#10982,1.49999999999999);
#3802=VERTEX_POINT('',#13972);
#3803=VERTEX_POINT('',#13973);
#3804=VERTEX_POINT('',#13975);
#3805=VERTEX_POINT('',#13977);
#3806=VERTEX_POINT('',#13981);
#3807=VERTEX_POINT('',#13983);
#3808=VERTEX_POINT('',#13987);
#3809=VERTEX_POINT('',#13989);
#3810=VERTEX_POINT('',#13991);
#3811=VERTEX_POINT('',#13993);
#3812=VERTEX_POINT('',#13995);
#3813=VERTEX_POINT('',#13997);
#3814=VERTEX_POINT('',#13999);
#3815=VERTEX_POINT('',#14001);
#3816=VERTEX_POINT('',#14003);
#3817=VERTEX_POINT('',#14005);
#3818=VERTEX_POINT('',#14007);
#3819=VERTEX_POINT('',#14009);
#3820=VERTEX_POINT('',#14011);
#3821=VERTEX_POINT('',#14013);
#3822=VERTEX_POINT('',#14015);
#3823=VERTEX_POINT('',#14017);
#3824=VERTEX_POINT('',#14019);
#3825=VERTEX_POINT('',#14021);
#3826=VERTEX_POINT('',#14023);
#3827=VERTEX_POINT('',#14025);
#3828=VERTEX_POINT('',#14027);
#3829=VERTEX_POINT('',#14029);
#3830=VERTEX_POINT('',#14031);
#3831=VERTEX_POINT('',#14033);
#3832=VERTEX_POINT('',#14035);
#3833=VERTEX_POINT('',#14037);
#3834=VERTEX_POINT('',#14039);
#3835=VERTEX_POINT('',#14041);
#3836=VERTEX_POINT('',#14043);
#3837=VERTEX_POINT('',#14045);
#3838=VERTEX_POINT('',#14047);
#3839=VERTEX_POINT('',#14049);
#3840=VERTEX_POINT('',#14051);
#3841=VERTEX_POINT('',#14053);
#3842=VERTEX_POINT('',#14055);
#3843=VERTEX_POINT('',#14057);
#3844=VERTEX_POINT('',#14059);
#3845=VERTEX_POINT('',#14061);
#3846=VERTEX_POINT('',#14063);
#3847=VERTEX_POINT('',#14065);
#3848=VERTEX_POINT('',#14067);
#3849=VERTEX_POINT('',#14069);
#3850=VERTEX_POINT('',#14071);
#3851=VERTEX_POINT('',#14073);
#3852=VERTEX_POINT('',#14075);
#3853=VERTEX_POINT('',#14077);
#3854=VERTEX_POINT('',#14079);
#3855=VERTEX_POINT('',#14081);
#3856=VERTEX_POINT('',#14083);
#3857=VERTEX_POINT('',#14085);
#3858=VERTEX_POINT('',#14087);
#3859=VERTEX_POINT('',#14089);
#3860=VERTEX_POINT('',#14091);
#3861=VERTEX_POINT('',#14093);
#3862=VERTEX_POINT('',#14095);
#3863=VERTEX_POINT('',#14097);
#3864=VERTEX_POINT('',#14099);
#3865=VERTEX_POINT('',#14101);
#3866=VERTEX_POINT('',#14103);
#3867=VERTEX_POINT('',#14105);
#3868=VERTEX_POINT('',#14107);
#3869=VERTEX_POINT('',#14109);
#3870=VERTEX_POINT('',#14111);
#3871=VERTEX_POINT('',#14113);
#3872=VERTEX_POINT('',#14115);
#3873=VERTEX_POINT('',#14117);
#3874=VERTEX_POINT('',#14119);
#3875=VERTEX_POINT('',#14121);
#3876=VERTEX_POINT('',#14123);
#3877=VERTEX_POINT('',#14125);
#3878=VERTEX_POINT('',#14127);
#3879=VERTEX_POINT('',#14129);
#3880=VERTEX_POINT('',#14131);
#3881=VERTEX_POINT('',#14133);
#3882=VERTEX_POINT('',#14135);
#3883=VERTEX_POINT('',#14137);
#3884=VERTEX_POINT('',#14139);
#3885=VERTEX_POINT('',#14141);
#3886=VERTEX_POINT('',#14143);
#3887=VERTEX_POINT('',#14145);
#3888=VERTEX_POINT('',#14147);
#3889=VERTEX_POINT('',#14149);
#3890=VERTEX_POINT('',#14151);
#3891=VERTEX_POINT('',#14153);
#3892=VERTEX_POINT('',#14155);
#3893=VERTEX_POINT('',#14157);
#3894=VERTEX_POINT('',#14159);
#3895=VERTEX_POINT('',#14161);
#3896=VERTEX_POINT('',#14163);
#3897=VERTEX_POINT('',#14165);
#3898=VERTEX_POINT('',#14167);
#3899=VERTEX_POINT('',#14169);
#3900=VERTEX_POINT('',#14171);
#3901=VERTEX_POINT('',#14173);
#3902=VERTEX_POINT('',#14175);
#3903=VERTEX_POINT('',#14177);
#3904=VERTEX_POINT('',#14179);
#3905=VERTEX_POINT('',#14181);
#3906=VERTEX_POINT('',#14183);
#3907=VERTEX_POINT('',#14185);
#3908=VERTEX_POINT('',#14187);
#3909=VERTEX_POINT('',#14189);
#3910=VERTEX_POINT('',#14191);
#3911=VERTEX_POINT('',#14193);
#3912=VERTEX_POINT('',#14195);
#3913=VERTEX_POINT('',#14197);
#3914=VERTEX_POINT('',#14199);
#3915=VERTEX_POINT('',#14201);
#3916=VERTEX_POINT('',#14203);
#3917=VERTEX_POINT('',#14205);
#3918=VERTEX_POINT('',#14207);
#3919=VERTEX_POINT('',#14209);
#3920=VERTEX_POINT('',#14211);
#3921=VERTEX_POINT('',#14213);
#3922=VERTEX_POINT('',#14215);
#3923=VERTEX_POINT('',#14217);
#3924=VERTEX_POINT('',#14219);
#3925=VERTEX_POINT('',#14221);
#3926=VERTEX_POINT('',#14223);
#3927=VERTEX_POINT('',#14225);
#3928=VERTEX_POINT('',#14227);
#3929=VERTEX_POINT('',#14229);
#3930=VERTEX_POINT('',#14231);
#3931=VERTEX_POINT('',#14233);
#3932=VERTEX_POINT('',#14235);
#3933=VERTEX_POINT('',#14237);
#3934=VERTEX_POINT('',#14239);
#3935=VERTEX_POINT('',#14241);
#3936=VERTEX_POINT('',#14243);
#3937=VERTEX_POINT('',#14245);
#3938=VERTEX_POINT('',#14247);
#3939=VERTEX_POINT('',#14249);
#3940=VERTEX_POINT('',#14251);
#3941=VERTEX_POINT('',#14253);
#3942=VERTEX_POINT('',#14255);
#3943=VERTEX_POINT('',#14257);
#3944=VERTEX_POINT('',#14259);
#3945=VERTEX_POINT('',#14261);
#3946=VERTEX_POINT('',#14263);
#3947=VERTEX_POINT('',#14265);
#3948=VERTEX_POINT('',#14267);
#3949=VERTEX_POINT('',#14269);
#3950=VERTEX_POINT('',#14271);
#3951=VERTEX_POINT('',#14273);
#3952=VERTEX_POINT('',#14275);
#3953=VERTEX_POINT('',#14277);
#3954=VERTEX_POINT('',#14279);
#3955=VERTEX_POINT('',#14281);
#3956=VERTEX_POINT('',#14283);
#3957=VERTEX_POINT('',#14286);
#3958=VERTEX_POINT('',#14287);
#3959=VERTEX_POINT('',#14289);
#3960=VERTEX_POINT('',#14291);
#3961=VERTEX_POINT('',#14293);
#3962=VERTEX_POINT('',#14295);
#3963=VERTEX_POINT('',#14297);
#3964=VERTEX_POINT('',#14299);
#3965=VERTEX_POINT('',#14301);
#3966=VERTEX_POINT('',#14303);
#3967=VERTEX_POINT('',#14305);
#3968=VERTEX_POINT('',#14308);
#3969=VERTEX_POINT('',#14309);
#3970=VERTEX_POINT('',#14311);
#3971=VERTEX_POINT('',#14313);
#3972=VERTEX_POINT('',#14315);
#3973=VERTEX_POINT('',#14317);
#3974=VERTEX_POINT('',#14319);
#3975=VERTEX_POINT('',#14321);
#3976=VERTEX_POINT('',#14324);
#3977=VERTEX_POINT('',#14325);
#3978=VERTEX_POINT('',#14327);
#3979=VERTEX_POINT('',#14329);
#3980=VERTEX_POINT('',#14331);
#3981=VERTEX_POINT('',#14333);
#3982=VERTEX_POINT('',#14335);
#3983=VERTEX_POINT('',#14337);
#3984=VERTEX_POINT('',#14340);
#3985=VERTEX_POINT('',#14341);
#3986=VERTEX_POINT('',#14343);
#3987=VERTEX_POINT('',#14345);
#3988=VERTEX_POINT('',#14347);
#3989=VERTEX_POINT('',#14349);
#3990=VERTEX_POINT('',#14351);
#3991=VERTEX_POINT('',#14354);
#3992=VERTEX_POINT('',#14355);
#3993=VERTEX_POINT('',#14357);
#3994=VERTEX_POINT('',#14359);
#3995=VERTEX_POINT('',#14361);
#3996=VERTEX_POINT('',#14363);
#3997=VERTEX_POINT('',#14365);
#3998=VERTEX_POINT('',#14367);
#3999=VERTEX_POINT('',#14370);
#4000=VERTEX_POINT('',#14371);
#4001=VERTEX_POINT('',#14373);
#4002=VERTEX_POINT('',#14375);
#4003=VERTEX_POINT('',#14377);
#4004=VERTEX_POINT('',#14379);
#4005=VERTEX_POINT('',#14381);
#4006=VERTEX_POINT('',#14383);
#4007=VERTEX_POINT('',#14385);
#4008=VERTEX_POINT('',#14387);
#4009=VERTEX_POINT('',#14389);
#4010=VERTEX_POINT('',#14391);
#4011=VERTEX_POINT('',#14393);
#4012=VERTEX_POINT('',#14395);
#4013=VERTEX_POINT('',#14398);
#4014=VERTEX_POINT('',#14399);
#4015=VERTEX_POINT('',#14401);
#4016=VERTEX_POINT('',#14403);
#4017=VERTEX_POINT('',#14405);
#4018=VERTEX_POINT('',#14407);
#4019=VERTEX_POINT('',#14409);
#4020=VERTEX_POINT('',#14411);
#4021=VERTEX_POINT('',#14413);
#4022=VERTEX_POINT('',#14415);
#4023=VERTEX_POINT('',#14417);
#4024=VERTEX_POINT('',#14419);
#4025=VERTEX_POINT('',#14421);
#4026=VERTEX_POINT('',#14423);
#4027=VERTEX_POINT('',#14425);
#4028=VERTEX_POINT('',#14427);
#4029=VERTEX_POINT('',#14429);
#4030=VERTEX_POINT('',#14431);
#4031=VERTEX_POINT('',#14433);
#4032=VERTEX_POINT('',#14435);
#4033=VERTEX_POINT('',#14437);
#4034=VERTEX_POINT('',#14439);
#4035=VERTEX_POINT('',#14441);
#4036=VERTEX_POINT('',#14443);
#4037=VERTEX_POINT('',#14445);
#4038=VERTEX_POINT('',#14447);
#4039=VERTEX_POINT('',#14449);
#4040=VERTEX_POINT('',#14451);
#4041=VERTEX_POINT('',#14453);
#4042=VERTEX_POINT('',#14455);
#4043=VERTEX_POINT('',#14457);
#4044=VERTEX_POINT('',#14459);
#4045=VERTEX_POINT('',#14461);
#4046=VERTEX_POINT('',#14463);
#4047=VERTEX_POINT('',#14465);
#4048=VERTEX_POINT('',#14467);
#4049=VERTEX_POINT('',#14469);
#4050=VERTEX_POINT('',#14471);
#4051=VERTEX_POINT('',#14473);
#4052=VERTEX_POINT('',#14475);
#4053=VERTEX_POINT('',#14477);
#4054=VERTEX_POINT('',#14479);
#4055=VERTEX_POINT('',#14481);
#4056=VERTEX_POINT('',#14483);
#4057=VERTEX_POINT('',#14485);
#4058=VERTEX_POINT('',#14487);
#4059=VERTEX_POINT('',#14489);
#4060=VERTEX_POINT('',#14492);
#4061=VERTEX_POINT('',#14493);
#4062=VERTEX_POINT('',#14495);
#4063=VERTEX_POINT('',#14497);
#4064=VERTEX_POINT('',#14499);
#4065=VERTEX_POINT('',#14501);
#4066=VERTEX_POINT('',#14503);
#4067=VERTEX_POINT('',#14505);
#4068=VERTEX_POINT('',#14507);
#4069=VERTEX_POINT('',#14509);
#4070=VERTEX_POINT('',#14511);
#4071=VERTEX_POINT('',#14513);
#4072=VERTEX_POINT('',#14515);
#4073=VERTEX_POINT('',#14517);
#4074=VERTEX_POINT('',#14519);
#4075=VERTEX_POINT('',#14521);
#4076=VERTEX_POINT('',#14523);
#4077=VERTEX_POINT('',#14525);
#4078=VERTEX_POINT('',#14527);
#4079=VERTEX_POINT('',#14529);
#4080=VERTEX_POINT('',#14531);
#4081=VERTEX_POINT('',#14533);
#4082=VERTEX_POINT('',#14535);
#4083=VERTEX_POINT('',#14537);
#4084=VERTEX_POINT('',#14539);
#4085=VERTEX_POINT('',#14541);
#4086=VERTEX_POINT('',#14543);
#4087=VERTEX_POINT('',#14545);
#4088=VERTEX_POINT('',#14547);
#4089=VERTEX_POINT('',#14549);
#4090=VERTEX_POINT('',#14551);
#4091=VERTEX_POINT('',#14553);
#4092=VERTEX_POINT('',#14555);
#4093=VERTEX_POINT('',#14557);
#4094=VERTEX_POINT('',#14559);
#4095=VERTEX_POINT('',#14561);
#4096=VERTEX_POINT('',#14563);
#4097=VERTEX_POINT('',#14565);
#4098=VERTEX_POINT('',#14567);
#4099=VERTEX_POINT('',#14569);
#4100=VERTEX_POINT('',#14571);
#4101=VERTEX_POINT('',#14573);
#4102=VERTEX_POINT('',#14575);
#4103=VERTEX_POINT('',#14577);
#4104=VERTEX_POINT('',#14579);
#4105=VERTEX_POINT('',#14581);
#4106=VERTEX_POINT('',#14583);
#4107=VERTEX_POINT('',#14585);
#4108=VERTEX_POINT('',#14587);
#4109=VERTEX_POINT('',#14590);
#4110=VERTEX_POINT('',#14591);
#4111=VERTEX_POINT('',#14593);
#4112=VERTEX_POINT('',#14595);
#4113=VERTEX_POINT('',#14597);
#4114=VERTEX_POINT('',#14599);
#4115=VERTEX_POINT('',#14601);
#4116=VERTEX_POINT('',#14603);
#4117=VERTEX_POINT('',#14606);
#4118=VERTEX_POINT('',#14607);
#4119=VERTEX_POINT('',#14609);
#4120=VERTEX_POINT('',#14611);
#4121=VERTEX_POINT('',#14613);
#4122=VERTEX_POINT('',#14615);
#4123=VERTEX_POINT('',#14617);
#4124=VERTEX_POINT('',#14619);
#4125=VERTEX_POINT('',#14621);
#4126=VERTEX_POINT('',#14623);
#4127=VERTEX_POINT('',#14625);
#4128=VERTEX_POINT('',#14627);
#4129=VERTEX_POINT('',#14629);
#4130=VERTEX_POINT('',#14631);
#4131=VERTEX_POINT('',#14633);
#4132=VERTEX_POINT('',#14635);
#4133=VERTEX_POINT('',#14637);
#4134=VERTEX_POINT('',#14639);
#4135=VERTEX_POINT('',#14641);
#4136=VERTEX_POINT('',#14643);
#4137=VERTEX_POINT('',#14645);
#4138=VERTEX_POINT('',#14647);
#4139=VERTEX_POINT('',#14649);
#4140=VERTEX_POINT('',#14651);
#4141=VERTEX_POINT('',#14653);
#4142=VERTEX_POINT('',#14655);
#4143=VERTEX_POINT('',#14657);
#4144=VERTEX_POINT('',#14659);
#4145=VERTEX_POINT('',#14661);
#4146=VERTEX_POINT('',#14663);
#4147=VERTEX_POINT('',#14665);
#4148=VERTEX_POINT('',#14667);
#4149=VERTEX_POINT('',#14669);
#4150=VERTEX_POINT('',#14671);
#4151=VERTEX_POINT('',#14673);
#4152=VERTEX_POINT('',#14675);
#4153=VERTEX_POINT('',#14677);
#4154=VERTEX_POINT('',#14679);
#4155=VERTEX_POINT('',#14681);
#4156=VERTEX_POINT('',#14683);
#4157=VERTEX_POINT('',#14685);
#4158=VERTEX_POINT('',#14687);
#4159=VERTEX_POINT('',#14689);
#4160=VERTEX_POINT('',#14691);
#4161=VERTEX_POINT('',#14693);
#4162=VERTEX_POINT('',#14695);
#4163=VERTEX_POINT('',#14697);
#4164=VERTEX_POINT('',#14699);
#4165=VERTEX_POINT('',#14702);
#4166=VERTEX_POINT('',#14703);
#4167=VERTEX_POINT('',#14705);
#4168=VERTEX_POINT('',#14707);
#4169=VERTEX_POINT('',#14709);
#4170=VERTEX_POINT('',#14711);
#4171=VERTEX_POINT('',#14713);
#4172=VERTEX_POINT('',#14715);
#4173=VERTEX_POINT('',#14717);
#4174=VERTEX_POINT('',#14719);
#4175=VERTEX_POINT('',#14721);
#4176=VERTEX_POINT('',#14723);
#4177=VERTEX_POINT('',#14725);
#4178=VERTEX_POINT('',#14727);
#4179=VERTEX_POINT('',#14729);
#4180=VERTEX_POINT('',#14731);
#4181=VERTEX_POINT('',#14733);
#4182=VERTEX_POINT('',#14735);
#4183=VERTEX_POINT('',#14737);
#4184=VERTEX_POINT('',#14739);
#4185=VERTEX_POINT('',#14741);
#4186=VERTEX_POINT('',#14743);
#4187=VERTEX_POINT('',#14745);
#4188=VERTEX_POINT('',#14747);
#4189=VERTEX_POINT('',#14749);
#4190=VERTEX_POINT('',#14751);
#4191=VERTEX_POINT('',#14753);
#4192=VERTEX_POINT('',#14755);
#4193=VERTEX_POINT('',#14757);
#4194=VERTEX_POINT('',#14759);
#4195=VERTEX_POINT('',#14761);
#4196=VERTEX_POINT('',#14763);
#4197=VERTEX_POINT('',#14765);
#4198=VERTEX_POINT('',#14767);
#4199=VERTEX_POINT('',#14769);
#4200=VERTEX_POINT('',#14771);
#4201=VERTEX_POINT('',#14773);
#4202=VERTEX_POINT('',#14775);
#4203=VERTEX_POINT('',#14777);
#4204=VERTEX_POINT('',#14779);
#4205=VERTEX_POINT('',#14781);
#4206=VERTEX_POINT('',#14783);
#4207=VERTEX_POINT('',#14785);
#4208=VERTEX_POINT('',#14787);
#4209=VERTEX_POINT('',#14789);
#4210=VERTEX_POINT('',#14791);
#4211=VERTEX_POINT('',#14793);
#4212=VERTEX_POINT('',#14796);
#4213=VERTEX_POINT('',#14797);
#4214=VERTEX_POINT('',#14799);
#4215=VERTEX_POINT('',#14801);
#4216=VERTEX_POINT('',#14803);
#4217=VERTEX_POINT('',#14805);
#4218=VERTEX_POINT('',#14807);
#4219=VERTEX_POINT('',#14809);
#4220=VERTEX_POINT('',#14811);
#4221=VERTEX_POINT('',#14813);
#4222=VERTEX_POINT('',#14815);
#4223=VERTEX_POINT('',#14817);
#4224=VERTEX_POINT('',#14819);
#4225=VERTEX_POINT('',#14821);
#4226=VERTEX_POINT('',#14824);
#4227=VERTEX_POINT('',#14825);
#4228=VERTEX_POINT('',#14827);
#4229=VERTEX_POINT('',#14829);
#4230=VERTEX_POINT('',#14831);
#4231=VERTEX_POINT('',#14833);
#4232=VERTEX_POINT('',#14835);
#4233=VERTEX_POINT('',#14837);
#4234=VERTEX_POINT('',#14840);
#4235=VERTEX_POINT('',#14842);
#4236=VERTEX_POINT('',#14844);
#4237=VERTEX_POINT('',#14846);
#4238=VERTEX_POINT('',#14849);
#4239=VERTEX_POINT('',#14853);
#4240=VERTEX_POINT('',#14857);
#4241=VERTEX_POINT('',#14859);
#4242=VERTEX_POINT('',#14863);
#4243=VERTEX_POINT('',#14867);
#4244=VERTEX_POINT('',#14868);
#4245=VERTEX_POINT('',#14875);
#4246=VERTEX_POINT('',#14877);
#4247=VERTEX_POINT('',#14881);
#4248=VERTEX_POINT('',#14885);
#4249=VERTEX_POINT('',#14886);
#4250=VERTEX_POINT('',#14891);
#4251=VERTEX_POINT('',#14895);
#4252=VERTEX_POINT('',#14899);
#4253=VERTEX_POINT('',#14901);
#4254=VERTEX_POINT('',#14905);
#4255=VERTEX_POINT('',#14909);
#4256=VERTEX_POINT('',#14911);
#4257=VERTEX_POINT('',#14915);
#4258=VERTEX_POINT('',#14919);
#4259=VERTEX_POINT('',#14921);
#4260=VERTEX_POINT('',#14925);
#4261=VERTEX_POINT('',#14929);
#4262=VERTEX_POINT('',#14930);
#4263=VERTEX_POINT('',#14935);
#4264=VERTEX_POINT('',#14939);
#4265=VERTEX_POINT('',#14943);
#4266=VERTEX_POINT('',#14945);
#4267=VERTEX_POINT('',#14949);
#4268=VERTEX_POINT('',#14953);
#4269=VERTEX_POINT('',#14954);
#4270=VERTEX_POINT('',#14959);
#4271=VERTEX_POINT('',#14963);
#4272=VERTEX_POINT('',#14965);
#4273=VERTEX_POINT('',#14969);
#4274=VERTEX_POINT('',#14975);
#4275=VERTEX_POINT('',#14979);
#4276=VERTEX_POINT('',#14983);
#4277=VERTEX_POINT('',#14987);
#4278=VERTEX_POINT('',#14991);
#4279=VERTEX_POINT('',#14995);
#4280=VERTEX_POINT('',#14999);
#4281=VERTEX_POINT('',#15003);
#4282=VERTEX_POINT('',#15007);
#4283=VERTEX_POINT('',#15011);
#4284=VERTEX_POINT('',#15015);
#4285=VERTEX_POINT('',#15019);
#4286=VERTEX_POINT('',#15023);
#4287=VERTEX_POINT('',#15027);
#4288=VERTEX_POINT('',#15031);
#4289=VERTEX_POINT('',#15035);
#4290=VERTEX_POINT('',#15039);
#4291=VERTEX_POINT('',#15043);
#4292=VERTEX_POINT('',#15045);
#4293=VERTEX_POINT('',#15049);
#4294=VERTEX_POINT('',#15051);
#4295=VERTEX_POINT('',#15055);
#4296=VERTEX_POINT('',#15059);
#4297=VERTEX_POINT('',#15061);
#4298=VERTEX_POINT('',#15065);
#4299=VERTEX_POINT('',#15067);
#4300=VERTEX_POINT('',#15071);
#4301=VERTEX_POINT('',#15075);
#4302=VERTEX_POINT('',#15076);
#4303=VERTEX_POINT('',#15081);
#4304=VERTEX_POINT('',#15085);
#4305=VERTEX_POINT('',#15086);
#4306=VERTEX_POINT('',#15091);
#4307=VERTEX_POINT('',#15095);
#4308=VERTEX_POINT('',#15096);
#4309=VERTEX_POINT('',#15101);
#4310=VERTEX_POINT('',#15105);
#4311=VERTEX_POINT('',#15106);
#4312=VERTEX_POINT('',#15111);
#4313=VERTEX_POINT('',#15115);
#4314=VERTEX_POINT('',#15116);
#4315=VERTEX_POINT('',#15121);
#4316=VERTEX_POINT('',#15125);
#4317=VERTEX_POINT('',#15126);
#4318=VERTEX_POINT('',#15131);
#4319=VERTEX_POINT('',#15135);
#4320=VERTEX_POINT('',#15136);
#4321=VERTEX_POINT('',#15141);
#4322=VERTEX_POINT('',#15145);
#4323=VERTEX_POINT('',#15146);
#4324=VERTEX_POINT('',#15151);
#4325=VERTEX_POINT('',#15152);
#4326=VERTEX_POINT('',#15157);
#4327=VERTEX_POINT('',#15161);
#4328=VERTEX_POINT('',#15162);
#4329=VERTEX_POINT('',#15167);
#4330=VERTEX_POINT('',#15171);
#4331=VERTEX_POINT('',#15175);
#4332=VERTEX_POINT('',#15177);
#4333=VERTEX_POINT('',#15183);
#4334=VERTEX_POINT('',#15185);
#4335=VERTEX_POINT('',#15189);
#4336=VERTEX_POINT('',#15193);
#4337=VERTEX_POINT('',#15197);
#4338=VERTEX_POINT('',#15201);
#4339=VERTEX_POINT('',#15205);
#4340=VERTEX_POINT('',#15209);
#4341=VERTEX_POINT('',#15213);
#4342=VERTEX_POINT('',#15217);
#4343=VERTEX_POINT('',#15219);
#4344=VERTEX_POINT('',#15223);
#4345=VERTEX_POINT('',#15227);
#4346=VERTEX_POINT('',#15229);
#4347=VERTEX_POINT('',#15233);
#4348=VERTEX_POINT('',#15237);
#4349=VERTEX_POINT('',#15239);
#4350=VERTEX_POINT('',#15245);
#4351=VERTEX_POINT('',#15249);
#4352=VERTEX_POINT('',#15251);
#4353=VERTEX_POINT('',#15255);
#4354=VERTEX_POINT('',#15259);
#4355=VERTEX_POINT('',#15261);
#4356=VERTEX_POINT('',#15267);
#4357=VERTEX_POINT('',#15271);
#4358=VERTEX_POINT('',#15275);
#4359=VERTEX_POINT('',#15277);
#4360=VERTEX_POINT('',#15283);
#4361=VERTEX_POINT('',#15285);
#4362=VERTEX_POINT('',#15289);
#4363=VERTEX_POINT('',#15293);
#4364=VERTEX_POINT('',#15297);
#4365=VERTEX_POINT('',#15301);
#4366=VERTEX_POINT('',#15305);
#4367=VERTEX_POINT('',#15307);
#4368=VERTEX_POINT('',#15313);
#4369=VERTEX_POINT('',#15315);
#4370=VERTEX_POINT('',#15319);
#4371=VERTEX_POINT('',#15323);
#4372=VERTEX_POINT('',#15325);
#4373=VERTEX_POINT('',#15331);
#4374=VERTEX_POINT('',#15335);
#4375=VERTEX_POINT('',#15341);
#4376=VERTEX_POINT('',#15343);
#4377=VERTEX_POINT('',#15347);
#4378=VERTEX_POINT('',#15351);
#4379=VERTEX_POINT('',#15352);
#4380=VERTEX_POINT('',#15354);
#4381=VERTEX_POINT('',#15356);
#4382=VERTEX_POINT('',#15358);
#4383=VERTEX_POINT('',#15360);
#4384=VERTEX_POINT('',#15362);
#4385=VERTEX_POINT('',#15375);
#4386=VERTEX_POINT('',#15377);
#4387=VERTEX_POINT('',#15381);
#4388=VERTEX_POINT('',#15382);
#4389=VERTEX_POINT('',#15384);
#4390=VERTEX_POINT('',#15387);
#4391=VERTEX_POINT('',#15389);
#4392=VERTEX_POINT('',#15395);
#4393=VERTEX_POINT('',#15396);
#4394=VERTEX_POINT('',#15398);
#4395=VERTEX_POINT('',#15400);
#4396=VERTEX_POINT('',#15402);
#4397=VERTEX_POINT('',#15404);
#4398=VERTEX_POINT('',#15406);
#4399=VERTEX_POINT('',#15419);
#4400=VERTEX_POINT('',#15421);
#4401=VERTEX_POINT('',#15425);
#4402=VERTEX_POINT('',#15426);
#4403=VERTEX_POINT('',#15428);
#4404=VERTEX_POINT('',#15431);
#4405=VERTEX_POINT('',#15433);
#4406=VERTEX_POINT('',#15439);
#4407=VERTEX_POINT('',#15441);
#4408=VERTEX_POINT('',#15445);
#4409=VERTEX_POINT('',#15449);
#4410=VERTEX_POINT('',#15451);
#4411=VERTEX_POINT('',#15455);
#4412=VERTEX_POINT('',#15457);
#4413=VERTEX_POINT('',#15459);
#4414=VERTEX_POINT('',#15461);
#4415=VERTEX_POINT('',#15463);
#4416=VERTEX_POINT('',#15466);
#4417=VERTEX_POINT('',#15468);
#4418=VERTEX_POINT('',#15470);
#4419=VERTEX_POINT('',#15472);
#4420=VERTEX_POINT('',#15474);
#4421=VERTEX_POINT('',#15478);
#4422=VERTEX_POINT('',#15480);
#4423=VERTEX_POINT('',#15486);
#4424=VERTEX_POINT('',#15490);
#4425=VERTEX_POINT('',#15492);
#4426=VERTEX_POINT('',#15498);
#4427=VERTEX_POINT('',#15502);
#4428=VERTEX_POINT('',#15504);
#4429=VERTEX_POINT('',#15506);
#4430=VERTEX_POINT('',#15515);
#4431=VERTEX_POINT('',#15516);
#4432=VERTEX_POINT('',#15521);
#4433=VERTEX_POINT('',#15525);
#4434=VERTEX_POINT('',#15526);
#4435=VERTEX_POINT('',#15531);
#4436=VERTEX_POINT('',#15535);
#4437=VERTEX_POINT('',#15536);
#4438=VERTEX_POINT('',#15541);
#4439=VERTEX_POINT('',#15545);
#4440=VERTEX_POINT('',#15546);
#4441=VERTEX_POINT('',#15551);
#4442=VERTEX_POINT('',#15555);
#4443=VERTEX_POINT('',#15561);
#4444=VERTEX_POINT('',#15563);
#4445=VERTEX_POINT('',#15567);
#4446=VERTEX_POINT('',#15571);
#4447=VERTEX_POINT('',#15573);
#4448=VERTEX_POINT('',#15578);
#4449=VERTEX_POINT('',#15582);
#4450=VERTEX_POINT('',#15588);
#4451=VERTEX_POINT('',#15594);
#4452=VERTEX_POINT('',#15598);
#4453=VERTEX_POINT('',#15602);
#4454=VERTEX_POINT('',#15608);
#4455=VERTEX_POINT('',#15610);
#4456=VERTEX_POINT('',#15616);
#4457=VERTEX_POINT('',#15620);
#4458=VERTEX_POINT('',#15624);
#4459=VERTEX_POINT('',#15630);
#4460=VERTEX_POINT('',#15636);
#4461=VERTEX_POINT('',#15640);
#4462=VERTEX_POINT('',#15642);
#4463=VERTEX_POINT('',#15648);
#4464=VERTEX_POINT('',#15652);
#4465=VERTEX_POINT('',#15656);
#4466=VERTEX_POINT('',#15662);
#4467=VERTEX_POINT('',#15664);
#4468=VERTEX_POINT('',#15669);
#4469=VERTEX_POINT('',#15673);
#4470=VERTEX_POINT('',#15677);
#4471=VERTEX_POINT('',#15681);
#4472=VERTEX_POINT('',#15687);
#4473=VERTEX_POINT('',#15693);
#4474=VERTEX_POINT('',#15695);
#4475=VERTEX_POINT('',#15701);
#4476=VERTEX_POINT('',#15702);
#4477=VERTEX_POINT('',#15707);
#4478=VERTEX_POINT('',#15711);
#4479=VERTEX_POINT('',#15715);
#4480=VERTEX_POINT('',#15719);
#4481=VERTEX_POINT('',#15723);
#4482=VERTEX_POINT('',#15725);
#4483=VERTEX_POINT('',#15731);
#4484=VERTEX_POINT('',#15737);
#4485=VERTEX_POINT('',#15739);
#4486=VERTEX_POINT('',#15745);
#4487=VERTEX_POINT('',#15751);
#4488=VERTEX_POINT('',#15757);
#4489=VERTEX_POINT('',#15761);
#4490=VERTEX_POINT('',#15762);
#4491=VERTEX_POINT('',#15764);
#4492=VERTEX_POINT('',#15766);
#4493=VERTEX_POINT('',#15770);
#4494=VERTEX_POINT('',#15772);
#4495=VERTEX_POINT('',#15776);
#4496=VERTEX_POINT('',#15778);
#4497=VERTEX_POINT('',#15782);
#4498=VERTEX_POINT('',#15786);
#4499=VERTEX_POINT('',#15797);
#4500=VERTEX_POINT('',#15801);
#4501=VERTEX_POINT('',#15805);
#4502=VERTEX_POINT('',#15811);
#4503=VERTEX_POINT('',#15815);
#4504=VERTEX_POINT('',#15816);
#4505=VERTEX_POINT('',#15818);
#4506=VERTEX_POINT('',#15820);
#4507=VERTEX_POINT('',#15822);
#4508=VERTEX_POINT('',#15824);
#4509=VERTEX_POINT('',#15828);
#4510=VERTEX_POINT('',#15830);
#4511=VERTEX_POINT('',#15834);
#4512=VERTEX_POINT('',#15838);
#4513=VERTEX_POINT('',#15842);
#4514=VERTEX_POINT('',#15846);
#4515=VERTEX_POINT('',#15847);
#4516=VERTEX_POINT('',#15849);
#4517=VERTEX_POINT('',#15851);
#4518=VERTEX_POINT('',#15853);
#4519=VERTEX_POINT('',#15855);
#4520=VERTEX_POINT('',#15859);
#4521=VERTEX_POINT('',#15861);
#4522=VERTEX_POINT('',#15865);
#4523=VERTEX_POINT('',#15869);
#4524=VERTEX_POINT('',#15873);
#4525=VERTEX_POINT('',#15877);
#4526=VERTEX_POINT('',#15878);
#4527=VERTEX_POINT('',#15880);
#4528=VERTEX_POINT('',#15882);
#4529=VERTEX_POINT('',#15884);
#4530=VERTEX_POINT('',#15886);
#4531=VERTEX_POINT('',#15890);
#4532=VERTEX_POINT('',#15892);
#4533=VERTEX_POINT('',#15896);
#4534=VERTEX_POINT('',#15900);
#4535=VERTEX_POINT('',#15904);
#4536=VERTEX_POINT('',#15908);
#4537=VERTEX_POINT('',#15909);
#4538=VERTEX_POINT('',#15911);
#4539=VERTEX_POINT('',#15913);
#4540=VERTEX_POINT('',#15915);
#4541=VERTEX_POINT('',#15917);
#4542=VERTEX_POINT('',#15921);
#4543=VERTEX_POINT('',#15923);
#4544=VERTEX_POINT('',#15927);
#4545=VERTEX_POINT('',#15931);
#4546=VERTEX_POINT('',#15935);
#4547=VERTEX_POINT('',#15937);
#4548=VERTEX_POINT('',#15940);
#4549=VERTEX_POINT('',#15942);
#4550=VERTEX_POINT('',#15945);
#4551=VERTEX_POINT('',#15948);
#4552=VERTEX_POINT('',#15951);
#4553=VERTEX_POINT('',#15953);
#4554=VERTEX_POINT('',#15956);
#4555=VERTEX_POINT('',#15958);
#4556=VERTEX_POINT('',#15961);
#4557=VERTEX_POINT('',#15963);
#4558=VERTEX_POINT('',#15966);
#4559=VERTEX_POINT('',#15968);
#4560=VERTEX_POINT('',#15971);
#4561=VERTEX_POINT('',#15975);
#4562=VERTEX_POINT('',#15981);
#4563=VERTEX_POINT('',#15985);
#4564=VERTEX_POINT('',#15995);
#4565=VERTEX_POINT('',#15999);
#4566=VERTEX_POINT('',#16005);
#4567=VERTEX_POINT('',#16009);
#4568=VERTEX_POINT('',#16013);
#4569=VERTEX_POINT('',#16017);
#4570=VERTEX_POINT('',#16021);
#4571=VERTEX_POINT('',#16025);
#4572=VERTEX_POINT('',#16029);
#4573=VERTEX_POINT('',#16033);
#4574=VERTEX_POINT('',#16037);
#4575=VERTEX_POINT('',#16041);
#4576=VERTEX_POINT('',#16045);
#4577=VERTEX_POINT('',#16049);
#4578=VERTEX_POINT('',#16053);
#4579=VERTEX_POINT('',#16057);
#4580=VERTEX_POINT('',#16063);
#4581=VERTEX_POINT('',#16067);
#4582=VERTEX_POINT('',#16071);
#4583=VERTEX_POINT('',#16075);
#4584=VERTEX_POINT('',#16079);
#4585=VERTEX_POINT('',#16083);
#4586=VERTEX_POINT('',#16087);
#4587=VERTEX_POINT('',#16091);
#4588=VERTEX_POINT('',#16095);
#4589=VERTEX_POINT('',#16099);
#4590=VERTEX_POINT('',#16103);
#4591=VERTEX_POINT('',#16107);
#4592=VERTEX_POINT('',#16111);
#4593=VERTEX_POINT('',#16123);
#4594=VERTEX_POINT('',#16127);
#4595=VERTEX_POINT('',#16131);
#4596=VERTEX_POINT('',#16135);
#4597=VERTEX_POINT('',#16139);
#4598=VERTEX_POINT('',#16143);
#4599=VERTEX_POINT('',#16147);
#4600=VERTEX_POINT('',#16151);
#4601=VERTEX_POINT('',#16155);
#4602=VERTEX_POINT('',#16159);
#4603=VERTEX_POINT('',#16163);
#4604=VERTEX_POINT('',#16167);
#4605=VERTEX_POINT('',#16171);
#4606=VERTEX_POINT('',#16177);
#4607=VERTEX_POINT('',#16181);
#4608=VERTEX_POINT('',#16185);
#4609=VERTEX_POINT('',#16189);
#4610=VERTEX_POINT('',#16193);
#4611=VERTEX_POINT('',#16197);
#4612=VERTEX_POINT('',#16201);
#4613=VERTEX_POINT('',#16205);
#4614=VERTEX_POINT('',#16209);
#4615=VERTEX_POINT('',#16213);
#4616=VERTEX_POINT('',#16217);
#4617=VERTEX_POINT('',#16221);
#4618=VERTEX_POINT('',#16225);
#4619=VERTEX_POINT('',#16229);
#4620=VERTEX_POINT('',#16235);
#4621=VERTEX_POINT('',#16239);
#4622=VERTEX_POINT('',#16245);
#4623=VERTEX_POINT('',#16247);
#4624=VERTEX_POINT('',#16251);
#4625=VERTEX_POINT('',#16255);
#4626=VERTEX_POINT('',#16259);
#4627=VERTEX_POINT('',#16263);
#4628=VERTEX_POINT('',#16267);
#4629=VERTEX_POINT('',#16271);
#4630=VERTEX_POINT('',#16281);
#4631=VERTEX_POINT('',#16285);
#4632=VERTEX_POINT('',#16289);
#4633=VERTEX_POINT('',#16293);
#4634=VERTEX_POINT('',#16297);
#4635=VERTEX_POINT('',#16301);
#4636=VERTEX_POINT('',#16305);
#4637=VERTEX_POINT('',#16309);
#4638=VERTEX_POINT('',#16313);
#4639=VERTEX_POINT('',#16317);
#4640=VERTEX_POINT('',#16321);
#4641=VERTEX_POINT('',#16325);
#4642=VERTEX_POINT('',#16329);
#4643=VERTEX_POINT('',#16335);
#4644=VERTEX_POINT('',#16339);
#4645=VERTEX_POINT('',#16343);
#4646=VERTEX_POINT('',#16347);
#4647=VERTEX_POINT('',#16351);
#4648=VERTEX_POINT('',#16355);
#4649=VERTEX_POINT('',#16361);
#4650=VERTEX_POINT('',#16363);
#4651=VERTEX_POINT('',#16367);
#4652=VERTEX_POINT('',#16371);
#4653=VERTEX_POINT('',#16375);
#4654=VERTEX_POINT('',#16379);
#4655=VERTEX_POINT('',#16383);
#4656=VERTEX_POINT('',#16389);
#4657=VERTEX_POINT('',#16393);
#4658=VERTEX_POINT('',#16397);
#4659=VERTEX_POINT('',#16401);
#4660=VERTEX_POINT('',#16405);
#4661=VERTEX_POINT('',#16409);
#4662=VERTEX_POINT('',#16413);
#4663=VERTEX_POINT('',#16417);
#4664=VERTEX_POINT('',#16421);
#4665=VERTEX_POINT('',#16425);
#4666=VERTEX_POINT('',#16429);
#4667=VERTEX_POINT('',#16433);
#4668=VERTEX_POINT('',#16437);
#4669=VERTEX_POINT('',#16447);
#4670=VERTEX_POINT('',#16451);
#4671=VERTEX_POINT('',#16455);
#4672=VERTEX_POINT('',#16459);
#4673=VERTEX_POINT('',#16463);
#4674=VERTEX_POINT('',#16467);
#4675=VERTEX_POINT('',#16471);
#4676=VERTEX_POINT('',#16483);
#4677=VERTEX_POINT('',#16485);
#4678=VERTEX_POINT('',#16489);
#4679=VERTEX_POINT('',#16493);
#4680=VERTEX_POINT('',#16497);
#4681=VERTEX_POINT('',#16501);
#4682=VERTEX_POINT('',#16505);
#4683=VERTEX_POINT('',#16509);
#4684=VERTEX_POINT('',#16513);
#4685=VERTEX_POINT('',#16517);
#4686=VERTEX_POINT('',#16521);
#4687=VERTEX_POINT('',#16525);
#4688=VERTEX_POINT('',#16529);
#4689=VERTEX_POINT('',#16533);
#4690=VERTEX_POINT('',#16537);
#4691=VERTEX_POINT('',#16543);
#4692=VERTEX_POINT('',#16547);
#4693=VERTEX_POINT('',#16551);
#4694=VERTEX_POINT('',#16555);
#4695=VERTEX_POINT('',#16559);
#4696=VERTEX_POINT('',#16563);
#4697=VERTEX_POINT('',#16567);
#4698=VERTEX_POINT('',#16571);
#4699=VERTEX_POINT('',#16575);
#4700=VERTEX_POINT('',#16579);
#4701=VERTEX_POINT('',#16583);
#4702=VERTEX_POINT('',#16587);
#4703=VERTEX_POINT('',#16591);
#4704=VERTEX_POINT('',#16595);
#4705=VERTEX_POINT('',#16599);
#4706=VERTEX_POINT('',#16603);
#4707=VERTEX_POINT('',#16607);
#4708=VERTEX_POINT('',#16611);
#4709=VERTEX_POINT('',#16615);
#4710=VERTEX_POINT('',#16619);
#4711=VERTEX_POINT('',#16623);
#4712=VERTEX_POINT('',#16627);
#4713=VERTEX_POINT('',#16631);
#4714=VERTEX_POINT('',#16635);
#4715=VERTEX_POINT('',#16639);
#4716=VERTEX_POINT('',#16643);
#4717=VERTEX_POINT('',#16647);
#4718=VERTEX_POINT('',#16651);
#4719=VERTEX_POINT('',#16655);
#4720=VERTEX_POINT('',#16663);
#4721=VERTEX_POINT('',#16667);
#4722=VERTEX_POINT('',#16671);
#4723=VERTEX_POINT('',#16675);
#4724=VERTEX_POINT('',#16679);
#4725=VERTEX_POINT('',#16683);
#4726=VERTEX_POINT('',#16687);
#4727=VERTEX_POINT('',#16691);
#4728=VERTEX_POINT('',#16695);
#4729=VERTEX_POINT('',#16699);
#4730=VERTEX_POINT('',#16703);
#4731=VERTEX_POINT('',#16707);
#4732=VERTEX_POINT('',#16711);
#4733=VERTEX_POINT('',#16715);
#4734=VERTEX_POINT('',#16719);
#4735=VERTEX_POINT('',#16723);
#4736=VERTEX_POINT('',#16727);
#4737=VERTEX_POINT('',#16731);
#4738=VERTEX_POINT('',#16735);
#4739=VERTEX_POINT('',#16739);
#4740=VERTEX_POINT('',#16743);
#4741=VERTEX_POINT('',#16747);
#4742=VERTEX_POINT('',#16751);
#4743=VERTEX_POINT('',#16755);
#4744=VERTEX_POINT('',#16759);
#4745=VERTEX_POINT('',#16763);
#4746=VERTEX_POINT('',#16767);
#4747=VERTEX_POINT('',#16771);
#4748=VERTEX_POINT('',#16775);
#4749=VERTEX_POINT('',#16783);
#4750=VERTEX_POINT('',#16787);
#4751=VERTEX_POINT('',#16791);
#4752=VERTEX_POINT('',#16795);
#4753=VERTEX_POINT('',#16799);
#4754=VERTEX_POINT('',#16803);
#4755=VERTEX_POINT('',#16807);
#4756=VERTEX_POINT('',#16811);
#4757=VERTEX_POINT('',#16815);
#4758=VERTEX_POINT('',#16819);
#4759=VERTEX_POINT('',#16823);
#4760=VERTEX_POINT('',#16827);
#4761=VERTEX_POINT('',#16831);
#4762=VERTEX_POINT('',#16835);
#4763=VERTEX_POINT('',#16841);
#4764=VERTEX_POINT('',#16845);
#4765=VERTEX_POINT('',#16849);
#4766=VERTEX_POINT('',#16853);
#4767=VERTEX_POINT('',#16857);
#4768=VERTEX_POINT('',#16861);
#4769=VERTEX_POINT('',#16865);
#4770=VERTEX_POINT('',#16869);
#4771=VERTEX_POINT('',#16873);
#4772=VERTEX_POINT('',#16877);
#4773=VERTEX_POINT('',#16881);
#4774=VERTEX_POINT('',#16885);
#4775=VERTEX_POINT('',#16889);
#4776=VERTEX_POINT('',#16895);
#4777=VERTEX_POINT('',#16899);
#4778=VERTEX_POINT('',#16903);
#4779=VERTEX_POINT('',#16907);
#4780=VERTEX_POINT('',#16911);
#4781=VERTEX_POINT('',#16915);
#4782=VERTEX_POINT('',#16919);
#4783=VERTEX_POINT('',#16923);
#4784=VERTEX_POINT('',#16927);
#4785=VERTEX_POINT('',#16931);
#4786=VERTEX_POINT('',#16935);
#4787=VERTEX_POINT('',#16939);
#4788=VERTEX_POINT('',#16943);
#4789=VERTEX_POINT('',#16947);
#4790=EDGE_CURVE('',#3802,#3803,#3299,.T.);
#4791=EDGE_CURVE('',#3803,#3804,#1359,.T.);
#4792=EDGE_CURVE('',#3804,#3805,#3300,.T.);
#4793=EDGE_CURVE('',#3805,#3802,#1360,.T.);
#4794=EDGE_CURVE('',#3806,#3805,#1361,.T.);
#4795=EDGE_CURVE('',#3807,#3806,#1362,.T.);
#4796=EDGE_CURVE('',#3802,#3807,#1363,.T.);
#4797=EDGE_CURVE('',#3804,#3808,#1364,.T.);
#4798=EDGE_CURVE('',#3809,#3808,#3301,.T.);
#4799=EDGE_CURVE('',#3810,#3809,#3302,.T.);
#4800=EDGE_CURVE('',#3810,#3811,#1365,.T.);
#4801=EDGE_CURVE('',#3811,#3812,#3303,.T.);
#4802=EDGE_CURVE('',#3813,#3812,#3304,.T.);
#4803=EDGE_CURVE('',#3813,#3814,#1366,.T.);
#4804=EDGE_CURVE('',#3814,#3815,#3305,.T.);
#4805=EDGE_CURVE('',#3815,#3816,#1367,.T.);
#4806=EDGE_CURVE('',#3817,#3816,#3306,.T.);
#4807=EDGE_CURVE('',#3817,#3818,#1368,.T.);
#4808=EDGE_CURVE('',#3818,#3819,#3307,.T.);
#4809=EDGE_CURVE('',#3819,#3820,#1369,.T.);
#4810=EDGE_CURVE('',#3821,#3820,#3308,.T.);
#4811=EDGE_CURVE('',#3821,#3822,#1370,.T.);
#4812=EDGE_CURVE('',#3822,#3823,#3309,.T.);
#4813=EDGE_CURVE('',#3824,#3823,#1371,.T.);
#4814=EDGE_CURVE('',#3825,#3824,#3310,.T.);
#4815=EDGE_CURVE('',#3825,#3826,#1372,.T.);
#4816=EDGE_CURVE('',#3827,#3826,#3311,.T.);
#4817=EDGE_CURVE('',#3827,#3828,#1373,.T.);
#4818=EDGE_CURVE('',#3828,#3829,#3312,.T.);
#4819=EDGE_CURVE('',#3829,#3830,#1374,.T.);
#4820=EDGE_CURVE('',#3831,#3830,#3313,.T.);
#4821=EDGE_CURVE('',#3831,#3832,#1375,.T.);
#4822=EDGE_CURVE('',#3832,#3833,#3314,.T.);
#4823=EDGE_CURVE('',#3833,#3834,#1376,.T.);
#4824=EDGE_CURVE('',#3835,#3834,#3315,.T.);
#4825=EDGE_CURVE('',#3835,#3836,#1377,.T.);
#4826=EDGE_CURVE('',#3836,#3837,#3316,.T.);
#4827=EDGE_CURVE('',#3837,#3838,#1378,.T.);
#4828=EDGE_CURVE('',#3839,#3838,#3317,.T.);
#4829=EDGE_CURVE('',#3839,#3840,#3318,.T.);
#4830=EDGE_CURVE('',#3840,#3841,#1379,.T.);
#4831=EDGE_CURVE('',#3842,#3841,#3319,.T.);
#4832=EDGE_CURVE('',#3843,#3842,#3320,.T.);
#4833=EDGE_CURVE('',#3844,#3843,#1380,.T.);
#4834=EDGE_CURVE('',#3845,#3844,#3321,.T.);
#4835=EDGE_CURVE('',#3846,#3845,#1381,.T.);
#4836=EDGE_CURVE('',#3847,#3846,#3322,.T.);
#4837=EDGE_CURVE('',#3848,#3847,#3323,.T.);
#4838=EDGE_CURVE('',#3848,#3849,#1382,.T.);
#4839=EDGE_CURVE('',#3849,#3850,#3324,.T.);
#4840=EDGE_CURVE('',#3851,#3850,#3325,.T.);
#4841=EDGE_CURVE('',#3851,#3852,#1383,.T.);
#4842=EDGE_CURVE('',#3852,#3853,#3326,.T.);
#4843=EDGE_CURVE('',#3853,#3854,#1384,.T.);
#4844=EDGE_CURVE('',#3855,#3854,#3327,.T.);
#4845=EDGE_CURVE('',#3855,#3856,#1385,.T.);
#4846=EDGE_CURVE('',#3856,#3857,#3328,.T.);
#4847=EDGE_CURVE('',#3857,#3858,#1386,.T.);
#4848=EDGE_CURVE('',#3859,#3858,#3329,.T.);
#4849=EDGE_CURVE('',#3859,#3860,#1387,.T.);
#4850=EDGE_CURVE('',#3860,#3861,#3330,.T.);
#4851=EDGE_CURVE('',#3862,#3861,#1388,.T.);
#4852=EDGE_CURVE('',#3863,#3862,#3331,.T.);
#4853=EDGE_CURVE('',#3863,#3864,#1389,.T.);
#4854=EDGE_CURVE('',#3865,#3864,#3332,.T.);
#4855=EDGE_CURVE('',#3865,#3866,#1390,.T.);
#4856=EDGE_CURVE('',#3866,#3867,#3333,.T.);
#4857=EDGE_CURVE('',#3867,#3868,#1391,.T.);
#4858=EDGE_CURVE('',#3869,#3868,#3334,.T.);
#4859=EDGE_CURVE('',#3869,#3870,#1392,.T.);
#4860=EDGE_CURVE('',#3870,#3871,#3335,.T.);
#4861=EDGE_CURVE('',#3871,#3872,#1393,.T.);
#4862=EDGE_CURVE('',#3873,#3872,#3336,.T.);
#4863=EDGE_CURVE('',#3873,#3874,#1394,.T.);
#4864=EDGE_CURVE('',#3874,#3875,#3337,.T.);
#4865=EDGE_CURVE('',#3875,#3876,#1395,.T.);
#4866=EDGE_CURVE('',#3877,#3876,#3338,.T.);
#4867=EDGE_CURVE('',#3877,#3878,#3339,.T.);
#4868=EDGE_CURVE('',#3878,#3879,#1396,.T.);
#4869=EDGE_CURVE('',#3880,#3879,#3340,.T.);
#4870=EDGE_CURVE('',#3881,#3880,#3341,.T.);
#4871=EDGE_CURVE('',#3881,#3882,#1397,.T.);
#4872=EDGE_CURVE('',#3883,#3882,#3342,.T.);
#4873=EDGE_CURVE('',#3883,#3884,#1398,.T.);
#4874=EDGE_CURVE('',#3885,#3884,#3343,.T.);
#4875=EDGE_CURVE('',#3886,#3885,#3344,.T.);
#4876=EDGE_CURVE('',#3886,#3887,#1399,.T.);
#4877=EDGE_CURVE('',#3887,#3888,#3345,.T.);
#4878=EDGE_CURVE('',#3889,#3888,#3346,.T.);
#4879=EDGE_CURVE('',#3889,#3890,#1400,.T.);
#4880=EDGE_CURVE('',#3890,#3891,#3347,.T.);
#4881=EDGE_CURVE('',#3891,#3892,#1401,.T.);
#4882=EDGE_CURVE('',#3893,#3892,#3348,.T.);
#4883=EDGE_CURVE('',#3893,#3894,#1402,.T.);
#4884=EDGE_CURVE('',#3894,#3895,#3349,.T.);
#4885=EDGE_CURVE('',#3895,#3896,#1403,.T.);
#4886=EDGE_CURVE('',#3897,#3896,#3350,.T.);
#4887=EDGE_CURVE('',#3897,#3898,#1404,.T.);
#4888=EDGE_CURVE('',#3898,#3899,#3351,.T.);
#4889=EDGE_CURVE('',#3900,#3899,#1405,.T.);
#4890=EDGE_CURVE('',#3901,#3900,#3352,.T.);
#4891=EDGE_CURVE('',#3901,#3902,#1406,.T.);
#4892=EDGE_CURVE('',#3903,#3902,#3353,.T.);
#4893=EDGE_CURVE('',#3903,#3904,#1407,.T.);
#4894=EDGE_CURVE('',#3904,#3905,#3354,.T.);
#4895=EDGE_CURVE('',#3905,#3906,#1408,.T.);
#4896=EDGE_CURVE('',#3907,#3906,#3355,.T.);
#4897=EDGE_CURVE('',#3907,#3908,#1409,.T.);
#4898=EDGE_CURVE('',#3908,#3909,#3356,.T.);
#4899=EDGE_CURVE('',#3909,#3910,#1410,.T.);
#4900=EDGE_CURVE('',#3911,#3910,#3357,.T.);
#4901=EDGE_CURVE('',#3911,#3912,#1411,.T.);
#4902=EDGE_CURVE('',#3912,#3913,#3358,.T.);
#4903=EDGE_CURVE('',#3913,#3914,#1412,.T.);
#4904=EDGE_CURVE('',#3915,#3914,#3359,.T.);
#4905=EDGE_CURVE('',#3915,#3916,#3360,.T.);
#4906=EDGE_CURVE('',#3917,#3916,#1413,.T.);
#4907=EDGE_CURVE('',#3918,#3917,#3361,.T.);
#4908=EDGE_CURVE('',#3919,#3918,#3362,.T.);
#4909=EDGE_CURVE('',#3919,#3920,#1414,.T.);
#4910=EDGE_CURVE('',#3921,#3920,#3363,.T.);
#4911=EDGE_CURVE('',#3921,#3922,#1415,.T.);
#4912=EDGE_CURVE('',#3923,#3922,#3364,.T.);
#4913=EDGE_CURVE('',#3924,#3923,#3365,.T.);
#4914=EDGE_CURVE('',#3924,#3925,#1416,.T.);
#4915=EDGE_CURVE('',#3925,#3926,#3366,.T.);
#4916=EDGE_CURVE('',#3927,#3926,#3367,.T.);
#4917=EDGE_CURVE('',#3927,#3928,#1417,.T.);
#4918=EDGE_CURVE('',#3928,#3929,#3368,.T.);
#4919=EDGE_CURVE('',#3929,#3930,#1418,.T.);
#4920=EDGE_CURVE('',#3931,#3930,#3369,.T.);
#4921=EDGE_CURVE('',#3931,#3932,#1419,.T.);
#4922=EDGE_CURVE('',#3932,#3933,#3370,.T.);
#4923=EDGE_CURVE('',#3933,#3934,#1420,.T.);
#4924=EDGE_CURVE('',#3935,#3934,#3371,.T.);
#4925=EDGE_CURVE('',#3935,#3936,#1421,.T.);
#4926=EDGE_CURVE('',#3936,#3937,#3372,.T.);
#4927=EDGE_CURVE('',#3938,#3937,#1422,.T.);
#4928=EDGE_CURVE('',#3939,#3938,#3373,.T.);
#4929=EDGE_CURVE('',#3939,#3940,#1423,.T.);
#4930=EDGE_CURVE('',#3941,#3940,#3374,.T.);
#4931=EDGE_CURVE('',#3941,#3942,#1424,.T.);
#4932=EDGE_CURVE('',#3942,#3943,#3375,.T.);
#4933=EDGE_CURVE('',#3943,#3944,#1425,.T.);
#4934=EDGE_CURVE('',#3945,#3944,#3376,.T.);
#4935=EDGE_CURVE('',#3945,#3946,#1426,.T.);
#4936=EDGE_CURVE('',#3946,#3947,#3377,.T.);
#4937=EDGE_CURVE('',#3947,#3948,#1427,.T.);
#4938=EDGE_CURVE('',#3949,#3948,#3378,.T.);
#4939=EDGE_CURVE('',#3949,#3950,#1428,.T.);
#4940=EDGE_CURVE('',#3950,#3951,#3379,.T.);
#4941=EDGE_CURVE('',#3951,#3952,#1429,.T.);
#4942=EDGE_CURVE('',#3953,#3952,#3380,.T.);
#4943=EDGE_CURVE('',#3953,#3954,#3381,.T.);
#4944=EDGE_CURVE('',#3955,#3954,#1430,.T.);
#4945=EDGE_CURVE('',#3956,#3955,#3382,.T.);
#4946=EDGE_CURVE('',#3806,#3956,#3383,.T.);
#4947=EDGE_CURVE('',#3957,#3958,#1431,.T.);
#4948=EDGE_CURVE('',#3959,#3958,#3384,.T.);
#4949=EDGE_CURVE('',#3959,#3960,#1432,.T.);
#4950=EDGE_CURVE('',#3961,#3960,#1433,.T.);
#4951=EDGE_CURVE('',#3961,#3962,#1434,.T.);
#4952=EDGE_CURVE('',#3962,#3963,#1435,.T.);
#4953=EDGE_CURVE('',#3963,#3964,#3385,.F.);
#4954=EDGE_CURVE('',#3964,#3965,#3386,.T.);
#4955=EDGE_CURVE('',#3966,#3965,#3387,.T.);
#4956=EDGE_CURVE('',#3966,#3967,#3388,.T.);
#4957=EDGE_CURVE('',#3957,#3967,#3389,.T.);
#4958=EDGE_CURVE('',#3968,#3969,#3390,.T.);
#4959=EDGE_CURVE('',#3970,#3968,#1436,.T.);
#4960=EDGE_CURVE('',#3971,#3970,#3391,.T.);
#4961=EDGE_CURVE('',#3972,#3971,#1437,.T.);
#4962=EDGE_CURVE('',#3973,#3972,#3392,.T.);
#4963=EDGE_CURVE('',#3974,#3973,#1438,.T.);
#4964=EDGE_CURVE('',#3975,#3974,#3393,.T.);
#4965=EDGE_CURVE('',#3969,#3975,#1439,.T.);
#4966=EDGE_CURVE('',#3976,#3977,#3394,.T.);
#4967=EDGE_CURVE('',#3978,#3976,#1440,.T.);
#4968=EDGE_CURVE('',#3979,#3978,#3395,.T.);
#4969=EDGE_CURVE('',#3980,#3979,#1441,.T.);
#4970=EDGE_CURVE('',#3981,#3980,#3396,.T.);
#4971=EDGE_CURVE('',#3982,#3981,#1442,.T.);
#4972=EDGE_CURVE('',#3983,#3982,#3397,.T.);
#4973=EDGE_CURVE('',#3977,#3983,#1443,.T.);
#4974=EDGE_CURVE('',#3984,#3985,#3398,.T.);
#4975=EDGE_CURVE('',#3986,#3984,#1444,.T.);
#4976=EDGE_CURVE('',#3987,#3986,#3399,.T.);
#4977=EDGE_CURVE('',#3988,#3987,#1445,.T.);
#4978=EDGE_CURVE('',#3989,#3988,#3400,.T.);
#4979=EDGE_CURVE('',#3990,#3989,#1446,.T.);
#4980=EDGE_CURVE('',#3985,#3990,#1447,.T.);
#4981=EDGE_CURVE('',#3991,#3992,#3401,.T.);
#4982=EDGE_CURVE('',#3993,#3991,#1448,.T.);
#4983=EDGE_CURVE('',#3994,#3993,#3402,.T.);
#4984=EDGE_CURVE('',#3995,#3994,#1449,.T.);
#4985=EDGE_CURVE('',#3996,#3995,#3403,.T.);
#4986=EDGE_CURVE('',#3997,#3996,#1450,.T.);
#4987=EDGE_CURVE('',#3998,#3997,#3404,.T.);
#4988=EDGE_CURVE('',#3992,#3998,#1451,.T.);
#4989=EDGE_CURVE('',#3999,#4000,#3405,.T.);
#4990=EDGE_CURVE('',#3999,#4001,#3406,.F.);
#4991=EDGE_CURVE('',#4002,#4001,#1452,.T.);
#4992=EDGE_CURVE('',#4003,#4002,#3407,.T.);
#4993=EDGE_CURVE('',#4004,#4003,#1453,.T.);
#4994=EDGE_CURVE('',#4005,#4004,#3408,.T.);
#4995=EDGE_CURVE('',#4006,#4005,#1454,.T.);
#4996=EDGE_CURVE('',#4006,#4007,#3409,.F.);
#4997=EDGE_CURVE('',#4008,#4007,#3410,.T.);
#4998=EDGE_CURVE('',#4009,#4008,#1455,.T.);
#4999=EDGE_CURVE('',#4010,#4009,#3411,.T.);
#5000=EDGE_CURVE('',#4011,#4010,#1456,.T.);
#5001=EDGE_CURVE('',#4012,#4011,#3412,.T.);
#5002=EDGE_CURVE('',#4000,#4012,#1457,.T.);
#5003=EDGE_CURVE('',#4013,#4014,#3413,.T.);
#5004=EDGE_CURVE('',#4015,#4013,#3414,.T.);
#5005=EDGE_CURVE('',#4016,#4015,#1458,.T.);
#5006=EDGE_CURVE('',#4017,#4016,#3415,.T.);
#5007=EDGE_CURVE('',#4018,#4017,#1459,.T.);
#5008=EDGE_CURVE('',#4019,#4018,#3416,.T.);
#5009=EDGE_CURVE('',#4020,#4019,#1460,.T.);
#5010=EDGE_CURVE('',#4021,#4020,#3417,.T.);
#5011=EDGE_CURVE('',#4022,#4021,#1461,.T.);
#5012=EDGE_CURVE('',#4023,#4022,#3418,.T.);
#5013=EDGE_CURVE('',#4024,#4023,#1462,.T.);
#5014=EDGE_CURVE('',#4025,#4024,#3419,.T.);
#5015=EDGE_CURVE('',#4026,#4025,#1463,.T.);
#5016=EDGE_CURVE('',#4027,#4026,#3420,.T.);
#5017=EDGE_CURVE('',#4028,#4027,#1464,.T.);
#5018=EDGE_CURVE('',#4029,#4028,#3421,.T.);
#5019=EDGE_CURVE('',#4029,#4030,#3422,.F.);
#5020=EDGE_CURVE('',#4031,#4030,#3423,.T.);
#5021=EDGE_CURVE('',#4031,#4032,#3424,.F.);
#5022=EDGE_CURVE('',#4033,#4032,#1465,.T.);
#5023=EDGE_CURVE('',#4034,#4033,#3425,.T.);
#5024=EDGE_CURVE('',#4035,#4034,#1466,.T.);
#5025=EDGE_CURVE('',#4036,#4035,#3426,.T.);
#5026=EDGE_CURVE('',#4037,#4036,#1467,.T.);
#5027=EDGE_CURVE('',#4038,#4037,#3427,.T.);
#5028=EDGE_CURVE('',#4039,#4038,#1468,.T.);
#5029=EDGE_CURVE('',#4039,#4040,#3428,.F.);
#5030=EDGE_CURVE('',#4041,#4040,#3429,.T.);
#5031=EDGE_CURVE('',#4042,#4041,#1469,.T.);
#5032=EDGE_CURVE('',#4043,#4042,#3430,.T.);
#5033=EDGE_CURVE('',#4044,#4043,#1470,.T.);
#5034=EDGE_CURVE('',#4045,#4044,#3431,.T.);
#5035=EDGE_CURVE('',#4046,#4045,#3432,.T.);
#5036=EDGE_CURVE('',#4047,#4046,#1471,.T.);
#5037=EDGE_CURVE('',#4048,#4047,#3433,.T.);
#5038=EDGE_CURVE('',#4049,#4048,#1472,.T.);
#5039=EDGE_CURVE('',#4050,#4049,#3434,.T.);
#5040=EDGE_CURVE('',#4051,#4050,#1473,.T.);
#5041=EDGE_CURVE('',#4052,#4051,#3435,.T.);
#5042=EDGE_CURVE('',#4053,#4052,#1474,.T.);
#5043=EDGE_CURVE('',#4054,#4053,#3436,.T.);
#5044=EDGE_CURVE('',#4055,#4054,#1475,.T.);
#5045=EDGE_CURVE('',#4056,#4055,#3437,.T.);
#5046=EDGE_CURVE('',#4057,#4056,#1476,.T.);
#5047=EDGE_CURVE('',#4058,#4057,#3438,.T.);
#5048=EDGE_CURVE('',#4059,#4058,#1477,.T.);
#5049=EDGE_CURVE('',#4014,#4059,#3439,.T.);
#5050=EDGE_CURVE('',#4060,#4061,#3440,.T.);
#5051=EDGE_CURVE('',#4062,#4060,#3441,.T.);
#5052=EDGE_CURVE('',#4063,#4062,#1478,.T.);
#5053=EDGE_CURVE('',#4064,#4063,#3442,.T.);
#5054=EDGE_CURVE('',#4065,#4064,#1479,.T.);
#5055=EDGE_CURVE('',#4066,#4065,#3443,.T.);
#5056=EDGE_CURVE('',#4067,#4066,#1480,.T.);
#5057=EDGE_CURVE('',#4068,#4067,#3444,.T.);
#5058=EDGE_CURVE('',#4069,#4068,#1481,.T.);
#5059=EDGE_CURVE('',#4070,#4069,#3445,.T.);
#5060=EDGE_CURVE('',#4071,#4070,#1482,.T.);
#5061=EDGE_CURVE('',#4072,#4071,#3446,.T.);
#5062=EDGE_CURVE('',#4073,#4072,#1483,.T.);
#5063=EDGE_CURVE('',#4074,#4073,#3447,.T.);
#5064=EDGE_CURVE('',#4075,#4074,#1484,.T.);
#5065=EDGE_CURVE('',#4076,#4075,#3448,.T.);
#5066=EDGE_CURVE('',#4077,#4076,#3449,.T.);
#5067=EDGE_CURVE('',#4078,#4077,#1485,.T.);
#5068=EDGE_CURVE('',#4079,#4078,#3450,.T.);
#5069=EDGE_CURVE('',#4080,#4079,#1486,.T.);
#5070=EDGE_CURVE('',#4081,#4080,#3451,.T.);
#5071=EDGE_CURVE('',#4081,#4082,#3452,.F.);
#5072=EDGE_CURVE('',#4083,#4082,#1487,.T.);
#5073=EDGE_CURVE('',#4084,#4083,#3453,.T.);
#5074=EDGE_CURVE('',#4085,#4084,#1488,.T.);
#5075=EDGE_CURVE('',#4086,#4085,#3454,.T.);
#5076=EDGE_CURVE('',#4087,#4086,#1489,.T.);
#5077=EDGE_CURVE('',#4088,#4087,#3455,.T.);
#5078=EDGE_CURVE('',#4089,#4088,#1490,.T.);
#5079=EDGE_CURVE('',#4089,#4090,#3456,.F.);
#5080=EDGE_CURVE('',#4091,#4090,#3457,.T.);
#5081=EDGE_CURVE('',#4092,#4091,#1491,.T.);
#5082=EDGE_CURVE('',#4092,#4093,#3458,.F.);
#5083=EDGE_CURVE('',#4094,#4093,#3459,.T.);
#5084=EDGE_CURVE('',#4095,#4094,#3460,.T.);
#5085=EDGE_CURVE('',#4096,#4095,#1492,.T.);
#5086=EDGE_CURVE('',#4097,#4096,#3461,.T.);
#5087=EDGE_CURVE('',#4098,#4097,#1493,.T.);
#5088=EDGE_CURVE('',#4099,#4098,#3462,.T.);
#5089=EDGE_CURVE('',#4100,#4099,#1494,.T.);
#5090=EDGE_CURVE('',#4101,#4100,#3463,.T.);
#5091=EDGE_CURVE('',#4102,#4101,#1495,.T.);
#5092=EDGE_CURVE('',#4103,#4102,#3464,.T.);
#5093=EDGE_CURVE('',#4104,#4103,#1496,.T.);
#5094=EDGE_CURVE('',#4105,#4104,#3465,.T.);
#5095=EDGE_CURVE('',#4106,#4105,#1497,.T.);
#5096=EDGE_CURVE('',#4107,#4106,#3466,.T.);
#5097=EDGE_CURVE('',#4108,#4107,#1498,.T.);
#5098=EDGE_CURVE('',#4061,#4108,#3467,.T.);
#5099=EDGE_CURVE('',#4109,#4110,#3468,.T.);
#5100=EDGE_CURVE('',#4111,#4109,#1499,.T.);
#5101=EDGE_CURVE('',#4112,#4111,#3469,.T.);
#5102=EDGE_CURVE('',#4113,#4112,#1500,.T.);
#5103=EDGE_CURVE('',#4114,#4113,#3470,.T.);
#5104=EDGE_CURVE('',#4115,#4114,#1501,.T.);
#5105=EDGE_CURVE('',#4116,#4115,#3471,.T.);
#5106=EDGE_CURVE('',#4110,#4116,#1502,.T.);
#5107=EDGE_CURVE('',#4117,#4118,#3472,.T.);
#5108=EDGE_CURVE('',#4119,#4117,#3473,.T.);
#5109=EDGE_CURVE('',#4120,#4119,#1503,.T.);
#5110=EDGE_CURVE('',#4121,#4120,#3474,.T.);
#5111=EDGE_CURVE('',#4122,#4121,#1504,.T.);
#5112=EDGE_CURVE('',#4123,#4122,#3475,.T.);
#5113=EDGE_CURVE('',#4124,#4123,#1505,.T.);
#5114=EDGE_CURVE('',#4125,#4124,#3476,.T.);
#5115=EDGE_CURVE('',#4126,#4125,#1506,.T.);
#5116=EDGE_CURVE('',#4127,#4126,#3477,.T.);
#5117=EDGE_CURVE('',#4128,#4127,#1507,.T.);
#5118=EDGE_CURVE('',#4129,#4128,#3478,.T.);
#5119=EDGE_CURVE('',#4130,#4129,#1508,.T.);
#5120=EDGE_CURVE('',#4131,#4130,#3479,.T.);
#5121=EDGE_CURVE('',#4132,#4131,#1509,.T.);
#5122=EDGE_CURVE('',#4133,#4132,#3480,.T.);
#5123=EDGE_CURVE('',#4134,#4133,#3481,.T.);
#5124=EDGE_CURVE('',#4135,#4134,#1510,.T.);
#5125=EDGE_CURVE('',#4136,#4135,#3482,.T.);
#5126=EDGE_CURVE('',#4137,#4136,#1511,.T.);
#5127=EDGE_CURVE('',#4138,#4137,#3483,.T.);
#5128=EDGE_CURVE('',#4138,#4139,#3484,.F.);
#5129=EDGE_CURVE('',#4140,#4139,#1512,.T.);
#5130=EDGE_CURVE('',#4141,#4140,#3485,.T.);
#5131=EDGE_CURVE('',#4142,#4141,#1513,.T.);
#5132=EDGE_CURVE('',#4143,#4142,#3486,.T.);
#5133=EDGE_CURVE('',#4144,#4143,#1514,.T.);
#5134=EDGE_CURVE('',#4145,#4144,#3487,.T.);
#5135=EDGE_CURVE('',#4146,#4145,#1515,.T.);
#5136=EDGE_CURVE('',#4147,#4146,#3488,.T.);
#5137=EDGE_CURVE('',#4148,#4147,#1516,.T.);
#5138=EDGE_CURVE('',#4148,#4149,#3489,.F.);
#5139=EDGE_CURVE('',#4150,#4149,#3490,.T.);
#5140=EDGE_CURVE('',#4151,#4150,#3491,.T.);
#5141=EDGE_CURVE('',#4152,#4151,#1517,.T.);
#5142=EDGE_CURVE('',#4153,#4152,#3492,.T.);
#5143=EDGE_CURVE('',#4154,#4153,#1518,.T.);
#5144=EDGE_CURVE('',#4155,#4154,#3493,.T.);
#5145=EDGE_CURVE('',#4156,#4155,#1519,.T.);
#5146=EDGE_CURVE('',#4157,#4156,#3494,.T.);
#5147=EDGE_CURVE('',#4158,#4157,#1520,.T.);
#5148=EDGE_CURVE('',#4159,#4158,#3495,.T.);
#5149=EDGE_CURVE('',#4160,#4159,#1521,.T.);
#5150=EDGE_CURVE('',#4161,#4160,#3496,.T.);
#5151=EDGE_CURVE('',#4162,#4161,#1522,.T.);
#5152=EDGE_CURVE('',#4163,#4162,#3497,.T.);
#5153=EDGE_CURVE('',#4164,#4163,#1523,.T.);
#5154=EDGE_CURVE('',#4118,#4164,#3498,.T.);
#5155=EDGE_CURVE('',#4165,#4166,#3499,.T.);
#5156=EDGE_CURVE('',#4167,#4165,#3500,.T.);
#5157=EDGE_CURVE('',#4168,#4167,#1524,.T.);
#5158=EDGE_CURVE('',#4169,#4168,#3501,.T.);
#5159=EDGE_CURVE('',#4170,#4169,#1525,.T.);
#5160=EDGE_CURVE('',#4171,#4170,#3502,.T.);
#5161=EDGE_CURVE('',#4172,#4171,#1526,.T.);
#5162=EDGE_CURVE('',#4173,#4172,#3503,.T.);
#5163=EDGE_CURVE('',#4174,#4173,#1527,.T.);
#5164=EDGE_CURVE('',#4175,#4174,#3504,.T.);
#5165=EDGE_CURVE('',#4176,#4175,#1528,.T.);
#5166=EDGE_CURVE('',#4177,#4176,#3505,.T.);
#5167=EDGE_CURVE('',#4178,#4177,#1529,.T.);
#5168=EDGE_CURVE('',#4179,#4178,#3506,.T.);
#5169=EDGE_CURVE('',#4180,#4179,#1530,.T.);
#5170=EDGE_CURVE('',#4181,#4180,#3507,.T.);
#5171=EDGE_CURVE('',#4181,#4182,#3508,.F.);
#5172=EDGE_CURVE('',#4183,#4182,#3509,.T.);
#5173=EDGE_CURVE('',#4183,#4184,#3510,.F.);
#5174=EDGE_CURVE('',#4185,#4184,#1531,.T.);
#5175=EDGE_CURVE('',#4186,#4185,#3511,.T.);
#5176=EDGE_CURVE('',#4187,#4186,#1532,.T.);
#5177=EDGE_CURVE('',#4188,#4187,#3512,.T.);
#5178=EDGE_CURVE('',#4189,#4188,#1533,.T.);
#5179=EDGE_CURVE('',#4190,#4189,#3513,.T.);
#5180=EDGE_CURVE('',#4191,#4190,#1534,.T.);
#5181=EDGE_CURVE('',#4191,#4192,#3514,.F.);
#5182=EDGE_CURVE('',#4193,#4192,#3515,.T.);
#5183=EDGE_CURVE('',#4194,#4193,#1535,.T.);
#5184=EDGE_CURVE('',#4195,#4194,#3516,.T.);
#5185=EDGE_CURVE('',#4196,#4195,#1536,.T.);
#5186=EDGE_CURVE('',#4197,#4196,#3517,.T.);
#5187=EDGE_CURVE('',#4198,#4197,#3518,.T.);
#5188=EDGE_CURVE('',#4199,#4198,#1537,.T.);
#5189=EDGE_CURVE('',#4200,#4199,#3519,.T.);
#5190=EDGE_CURVE('',#4201,#4200,#1538,.T.);
#5191=EDGE_CURVE('',#4202,#4201,#3520,.T.);
#5192=EDGE_CURVE('',#4203,#4202,#1539,.T.);
#5193=EDGE_CURVE('',#4204,#4203,#3521,.T.);
#5194=EDGE_CURVE('',#4205,#4204,#1540,.T.);
#5195=EDGE_CURVE('',#4206,#4205,#3522,.T.);
#5196=EDGE_CURVE('',#4207,#4206,#1541,.T.);
#5197=EDGE_CURVE('',#4208,#4207,#3523,.T.);
#5198=EDGE_CURVE('',#4209,#4208,#1542,.T.);
#5199=EDGE_CURVE('',#4210,#4209,#3524,.T.);
#5200=EDGE_CURVE('',#4211,#4210,#1543,.T.);
#5201=EDGE_CURVE('',#4166,#4211,#3525,.T.);
#5202=EDGE_CURVE('',#4212,#4213,#3526,.T.);
#5203=EDGE_CURVE('',#4214,#4212,#1544,.T.);
#5204=EDGE_CURVE('',#4214,#4215,#3527,.F.);
#5205=EDGE_CURVE('',#4216,#4215,#1545,.T.);
#5206=EDGE_CURVE('',#4216,#4217,#3528,.F.);
#5207=EDGE_CURVE('',#4218,#4217,#1546,.T.);
#5208=EDGE_CURVE('',#4219,#4218,#3529,.T.);
#5209=EDGE_CURVE('',#4219,#4220,#3530,.F.);
#5210=EDGE_CURVE('',#4221,#4220,#1547,.T.);
#5211=EDGE_CURVE('',#4222,#4221,#3531,.T.);
#5212=EDGE_CURVE('',#4223,#4222,#1548,.T.);
#5213=EDGE_CURVE('',#4224,#4223,#3532,.T.);
#5214=EDGE_CURVE('',#4225,#4224,#1549,.T.);
#5215=EDGE_CURVE('',#4225,#4213,#3533,.F.);
#5216=EDGE_CURVE('',#4226,#4227,#3534,.T.);
#5217=EDGE_CURVE('',#4228,#4226,#1550,.T.);
#5218=EDGE_CURVE('',#4229,#4228,#3535,.T.);
#5219=EDGE_CURVE('',#4230,#4229,#1551,.T.);
#5220=EDGE_CURVE('',#4231,#4230,#3536,.T.);
#5221=EDGE_CURVE('',#4232,#4231,#1552,.T.);
#5222=EDGE_CURVE('',#4233,#4232,#3537,.T.);
#5223=EDGE_CURVE('',#4227,#4233,#1553,.T.);
#5224=EDGE_CURVE('',#4234,#4234,#3538,.T.);
#5225=EDGE_CURVE('',#4235,#4235,#3539,.T.);
#5226=EDGE_CURVE('',#4236,#4236,#3540,.T.);
#5227=EDGE_CURVE('',#4237,#4237,#3541,.T.);
#5228=EDGE_CURVE('',#3956,#4238,#1554,.T.);
#5229=EDGE_CURVE('',#4238,#3807,#3542,.T.);
#5230=EDGE_CURVE('',#3955,#4239,#1555,.T.);
#5231=EDGE_CURVE('',#4239,#4238,#3543,.T.);
#5232=EDGE_CURVE('',#4061,#4240,#1556,.T.);
#5233=EDGE_CURVE('',#4240,#4241,#3544,.T.);
#5234=EDGE_CURVE('',#4241,#4060,#1557,.T.);
#5235=EDGE_CURVE('',#4108,#4242,#1558,.T.);
#5236=EDGE_CURVE('',#4242,#4240,#3545,.T.);
#5237=EDGE_CURVE('',#4243,#4244,#3546,.T.);
#5238=EDGE_CURVE('',#4244,#3809,#1559,.T.);
#5239=EDGE_CURVE('',#3808,#4243,#1560,.T.);
#5240=EDGE_CURVE('',#4243,#3803,#1561,.T.);
#5241=EDGE_CURVE('',#3842,#4245,#1562,.T.);
#5242=EDGE_CURVE('',#4245,#4246,#3547,.T.);
#5243=EDGE_CURVE('',#4246,#3843,#1563,.T.);
#5244=EDGE_CURVE('',#3841,#4247,#1564,.T.);
#5245=EDGE_CURVE('',#4247,#4245,#3548,.T.);
#5246=EDGE_CURVE('',#4248,#4249,#3549,.T.);
#5247=EDGE_CURVE('',#4249,#3845,#1565,.T.);
#5248=EDGE_CURVE('',#3844,#4248,#1566,.T.);
#5249=EDGE_CURVE('',#4250,#4249,#1567,.T.);
#5250=EDGE_CURVE('',#3846,#4250,#1568,.T.);
#5251=EDGE_CURVE('',#4250,#4251,#3550,.T.);
#5252=EDGE_CURVE('',#4251,#3847,#1569,.T.);
#5253=EDGE_CURVE('',#4166,#4252,#1570,.T.);
#5254=EDGE_CURVE('',#4252,#4253,#3551,.T.);
#5255=EDGE_CURVE('',#4253,#4165,#1571,.T.);
#5256=EDGE_CURVE('',#4211,#4254,#1572,.T.);
#5257=EDGE_CURVE('',#4254,#4252,#3552,.T.);
#5258=EDGE_CURVE('',#3880,#4255,#1573,.T.);
#5259=EDGE_CURVE('',#4255,#4256,#3553,.T.);
#5260=EDGE_CURVE('',#4256,#3881,#1574,.T.);
#5261=EDGE_CURVE('',#3879,#4257,#1575,.T.);
#5262=EDGE_CURVE('',#4257,#4255,#3554,.T.);
#5263=EDGE_CURVE('',#4118,#4258,#1576,.T.);
#5264=EDGE_CURVE('',#4258,#4259,#3555,.T.);
#5265=EDGE_CURVE('',#4259,#4117,#1577,.T.);
#5266=EDGE_CURVE('',#4164,#4260,#1578,.T.);
#5267=EDGE_CURVE('',#4260,#4258,#3556,.T.);
#5268=EDGE_CURVE('',#4261,#4262,#3557,.T.);
#5269=EDGE_CURVE('',#4262,#3883,#1579,.T.);
#5270=EDGE_CURVE('',#3882,#4261,#1580,.T.);
#5271=EDGE_CURVE('',#4263,#4262,#1581,.T.);
#5272=EDGE_CURVE('',#3884,#4263,#1582,.T.);
#5273=EDGE_CURVE('',#4263,#4264,#3558,.T.);
#5274=EDGE_CURVE('',#4264,#3885,#1583,.T.);
#5275=EDGE_CURVE('',#4014,#4265,#1584,.T.);
#5276=EDGE_CURVE('',#4265,#4266,#3559,.T.);
#5277=EDGE_CURVE('',#4266,#4013,#1585,.T.);
#5278=EDGE_CURVE('',#4059,#4267,#1586,.T.);
#5279=EDGE_CURVE('',#4267,#4265,#3560,.T.);
#5280=EDGE_CURVE('',#4268,#4269,#3561,.T.);
#5281=EDGE_CURVE('',#4269,#3923,#1587,.T.);
#5282=EDGE_CURVE('',#3922,#4268,#1588,.T.);
#5283=EDGE_CURVE('',#4270,#3921,#1589,.T.);
#5284=EDGE_CURVE('',#4268,#4270,#1590,.T.);
#5285=EDGE_CURVE('',#3918,#4271,#1591,.T.);
#5286=EDGE_CURVE('',#4271,#4272,#3562,.T.);
#5287=EDGE_CURVE('',#4272,#3919,#1592,.T.);
#5288=EDGE_CURVE('',#4273,#4272,#1593,.T.);
#5289=EDGE_CURVE('',#3920,#4273,#1594,.T.);
#5290=EDGE_CURVE('',#4273,#4270,#3563,.T.);
#5291=EDGE_CURVE('',#4163,#4274,#1595,.T.);
#5292=EDGE_CURVE('',#4260,#4274,#1596,.T.);
#5293=EDGE_CURVE('',#3878,#4275,#1597,.T.);
#5294=EDGE_CURVE('',#4257,#4275,#1598,.T.);
#5295=EDGE_CURVE('',#4259,#4276,#3564,.T.);
#5296=EDGE_CURVE('',#4276,#4119,#1599,.T.);
#5297=EDGE_CURVE('',#4264,#4277,#3565,.T.);
#5298=EDGE_CURVE('',#4277,#3886,#1600,.T.);
#5299=EDGE_CURVE('',#3917,#4278,#1601,.T.);
#5300=EDGE_CURVE('',#4278,#4271,#3566,.T.);
#5301=EDGE_CURVE('',#3916,#4279,#1602,.T.);
#5302=EDGE_CURVE('',#4278,#4279,#1603,.T.);
#5303=EDGE_CURVE('',#4266,#4280,#3567,.T.);
#5304=EDGE_CURVE('',#4280,#4015,#1604,.T.);
#5305=EDGE_CURVE('',#4058,#4281,#1605,.T.);
#5306=EDGE_CURVE('',#4267,#4281,#1606,.T.);
#5307=EDGE_CURVE('',#4269,#4282,#3568,.T.);
#5308=EDGE_CURVE('',#4282,#3924,#1607,.T.);
#5309=EDGE_CURVE('',#3954,#4283,#1608,.T.);
#5310=EDGE_CURVE('',#4239,#4283,#1609,.T.);
#5311=EDGE_CURVE('',#4244,#4284,#3569,.T.);
#5312=EDGE_CURVE('',#4284,#3810,#1610,.T.);
#5313=EDGE_CURVE('',#4241,#4285,#3570,.T.);
#5314=EDGE_CURVE('',#4285,#4062,#1611,.T.);
#5315=EDGE_CURVE('',#4107,#4286,#1612,.T.);
#5316=EDGE_CURVE('',#4242,#4286,#1613,.T.);
#5317=EDGE_CURVE('',#4251,#4287,#3571,.T.);
#5318=EDGE_CURVE('',#4287,#3848,#1614,.T.);
#5319=EDGE_CURVE('',#4210,#4288,#1615,.T.);
#5320=EDGE_CURVE('',#4254,#4288,#1616,.T.);
#5321=EDGE_CURVE('',#4253,#4289,#3572,.T.);
#5322=EDGE_CURVE('',#4289,#4167,#1617,.T.);
#5323=EDGE_CURVE('',#3840,#4290,#1618,.T.);
#5324=EDGE_CURVE('',#4247,#4290,#1619,.T.);
#5325=EDGE_CURVE('',#4148,#4291,#1620,.T.);
#5326=EDGE_CURVE('',#4291,#4292,#3573,.T.);
#5327=EDGE_CURVE('',#4149,#4292,#1621,.T.);
#5328=EDGE_CURVE('',#4029,#4293,#1622,.T.);
#5329=EDGE_CURVE('',#4293,#4294,#3574,.T.);
#5330=EDGE_CURVE('',#4294,#4030,#1623,.T.);
#5331=EDGE_CURVE('',#4294,#4295,#3575,.T.);
#5332=EDGE_CURVE('',#4295,#4031,#1624,.T.);
#5333=EDGE_CURVE('',#4092,#4296,#1625,.T.);
#5334=EDGE_CURVE('',#4296,#4297,#3576,.T.);
#5335=EDGE_CURVE('',#4093,#4297,#1626,.T.);
#5336=EDGE_CURVE('',#4181,#4298,#1627,.T.);
#5337=EDGE_CURVE('',#4298,#4299,#3577,.T.);
#5338=EDGE_CURVE('',#4299,#4182,#1628,.T.);
#5339=EDGE_CURVE('',#4299,#4300,#3578,.T.);
#5340=EDGE_CURVE('',#4300,#4183,#1629,.T.);
#5341=EDGE_CURVE('',#4301,#4302,#3579,.T.);
#5342=EDGE_CURVE('',#4302,#4193,#1630,.T.);
#5343=EDGE_CURVE('',#4192,#4301,#1631,.T.);
#5344=EDGE_CURVE('',#4191,#4303,#1632,.T.);
#5345=EDGE_CURVE('',#4303,#4301,#3580,.T.);
#5346=EDGE_CURVE('',#4304,#4305,#3581,.T.);
#5347=EDGE_CURVE('',#4305,#4138,#1633,.T.);
#5348=EDGE_CURVE('',#4137,#4304,#1634,.T.);
#5349=EDGE_CURVE('',#4306,#4136,#1635,.T.);
#5350=EDGE_CURVE('',#4304,#4306,#1636,.T.);
#5351=EDGE_CURVE('',#4307,#4308,#3582,.T.);
#5352=EDGE_CURVE('',#4308,#4212,#1637,.T.);
#5353=EDGE_CURVE('',#4213,#4307,#1638,.T.);
#5354=EDGE_CURVE('',#4225,#4309,#1639,.T.);
#5355=EDGE_CURVE('',#4309,#4307,#3583,.T.);
#5356=EDGE_CURVE('',#4310,#4311,#3584,.T.);
#5357=EDGE_CURVE('',#4311,#4219,#1640,.T.);
#5358=EDGE_CURVE('',#4218,#4310,#1641,.T.);
#5359=EDGE_CURVE('',#4312,#4217,#1642,.T.);
#5360=EDGE_CURVE('',#4310,#4312,#1643,.T.);
#5361=EDGE_CURVE('',#4313,#4314,#3585,.T.);
#5362=EDGE_CURVE('',#4314,#4091,#1644,.T.);
#5363=EDGE_CURVE('',#4090,#4313,#1645,.T.);
#5364=EDGE_CURVE('',#4089,#4315,#1646,.T.);
#5365=EDGE_CURVE('',#4315,#4313,#3586,.T.);
#5366=EDGE_CURVE('',#4316,#4317,#3587,.T.);
#5367=EDGE_CURVE('',#4317,#4041,#1647,.T.);
#5368=EDGE_CURVE('',#4040,#4316,#1648,.T.);
#5369=EDGE_CURVE('',#4039,#4318,#1649,.T.);
#5370=EDGE_CURVE('',#4318,#4316,#3588,.T.);
#5371=EDGE_CURVE('',#4319,#4320,#3589,.T.);
#5372=EDGE_CURVE('',#4320,#4081,#1650,.T.);
#5373=EDGE_CURVE('',#4080,#4319,#1651,.T.);
#5374=EDGE_CURVE('',#4321,#4079,#1652,.T.);
#5375=EDGE_CURVE('',#4319,#4321,#1653,.T.);
#5376=EDGE_CURVE('',#4322,#4323,#3590,.T.);
#5377=EDGE_CURVE('',#4323,#4147,#1654,.T.);
#5378=EDGE_CURVE('',#4146,#4322,#1655,.T.);
#5379=EDGE_CURVE('',#4324,#4325,#3591,.T.);
#5380=EDGE_CURVE('',#4325,#3999,#1656,.T.);
#5381=EDGE_CURVE('',#4000,#4324,#1657,.T.);
#5382=EDGE_CURVE('',#4326,#4012,#1658,.T.);
#5383=EDGE_CURVE('',#4324,#4326,#1659,.T.);
#5384=EDGE_CURVE('',#4327,#4328,#3592,.T.);
#5385=EDGE_CURVE('',#4328,#4008,#1660,.T.);
#5386=EDGE_CURVE('',#4007,#4327,#1661,.T.);
#5387=EDGE_CURVE('',#4006,#4329,#1662,.T.);
#5388=EDGE_CURVE('',#4329,#4327,#3593,.T.);
#5389=EDGE_CURVE('',#4295,#4330,#3594,.T.);
#5390=EDGE_CURVE('',#4330,#4032,#1663,.T.);
#5391=EDGE_CURVE('',#4194,#4331,#1664,.T.);
#5392=EDGE_CURVE('',#4331,#4332,#3595,.T.);
#5393=EDGE_CURVE('',#4332,#4195,#1665,.T.);
#5394=EDGE_CURVE('',#4331,#4302,#1666,.T.);
#5395=EDGE_CURVE('',#3982,#4333,#1667,.T.);
#5396=EDGE_CURVE('',#4333,#4334,#3596,.T.);
#5397=EDGE_CURVE('',#4334,#3983,#1668,.T.);
#5398=EDGE_CURVE('',#4335,#3981,#1669,.T.);
#5399=EDGE_CURVE('',#4333,#4335,#1670,.T.);
#5400=EDGE_CURVE('',#3980,#4336,#1671,.T.);
#5401=EDGE_CURVE('',#4336,#4335,#3597,.T.);
#5402=EDGE_CURVE('',#4337,#3979,#1672,.T.);
#5403=EDGE_CURVE('',#4336,#4337,#1673,.T.);
#5404=EDGE_CURVE('',#4135,#4338,#1674,.T.);
#5405=EDGE_CURVE('',#4338,#4306,#3598,.T.);
#5406=EDGE_CURVE('',#4134,#4339,#1675,.T.);
#5407=EDGE_CURVE('',#4338,#4339,#1676,.T.);
#5408=EDGE_CURVE('',#4305,#4340,#3599,.T.);
#5409=EDGE_CURVE('',#4340,#4139,#1677,.T.);
#5410=EDGE_CURVE('',#4300,#4341,#3600,.T.);
#5411=EDGE_CURVE('',#4341,#4184,#1678,.T.);
#5412=EDGE_CURVE('',#3970,#4342,#1679,.T.);
#5413=EDGE_CURVE('',#4342,#4343,#3601,.T.);
#5414=EDGE_CURVE('',#4343,#3971,#1680,.T.);
#5415=EDGE_CURVE('',#4344,#3968,#1681,.T.);
#5416=EDGE_CURVE('',#4342,#4344,#1682,.T.);
#5417=EDGE_CURVE('',#4214,#4345,#1683,.T.);
#5418=EDGE_CURVE('',#4345,#4346,#3602,.T.);
#5419=EDGE_CURVE('',#4215,#4346,#1684,.T.);
#5420=EDGE_CURVE('',#4347,#4312,#3603,.T.);
#5421=EDGE_CURVE('',#4216,#4347,#1685,.T.);
#5422=EDGE_CURVE('',#3972,#4348,#1686,.T.);
#5423=EDGE_CURVE('',#4348,#4349,#3604,.T.);
#5424=EDGE_CURVE('',#4349,#3973,#1687,.T.);
#5425=EDGE_CURVE('',#4348,#4343,#1688,.T.);
#5426=EDGE_CURVE('',#4311,#4350,#3605,.T.);
#5427=EDGE_CURVE('',#4350,#4220,#1689,.T.);
#5428=EDGE_CURVE('',#4232,#4351,#1690,.T.);
#5429=EDGE_CURVE('',#4351,#4352,#3606,.T.);
#5430=EDGE_CURVE('',#4352,#4233,#1691,.T.);
#5431=EDGE_CURVE('',#4353,#4231,#1692,.T.);
#5432=EDGE_CURVE('',#4351,#4353,#1693,.T.);
#5433=EDGE_CURVE('',#4227,#4354,#1694,.T.);
#5434=EDGE_CURVE('',#4354,#4355,#3607,.T.);
#5435=EDGE_CURVE('',#4355,#4226,#1695,.T.);
#5436=EDGE_CURVE('',#4354,#4352,#1696,.T.);
#5437=EDGE_CURVE('',#4078,#4356,#1697,.T.);
#5438=EDGE_CURVE('',#4356,#4321,#3608,.T.);
#5439=EDGE_CURVE('',#4077,#4357,#1698,.T.);
#5440=EDGE_CURVE('',#4356,#4357,#1699,.T.);
#5441=EDGE_CURVE('',#4042,#4358,#1700,.T.);
#5442=EDGE_CURVE('',#4358,#4359,#3609,.T.);
#5443=EDGE_CURVE('',#4359,#4043,#1701,.T.);
#5444=EDGE_CURVE('',#4358,#4317,#1702,.T.);
#5445=EDGE_CURVE('',#4110,#4360,#1703,.T.);
#5446=EDGE_CURVE('',#4360,#4361,#3610,.T.);
#5447=EDGE_CURVE('',#4361,#4109,#1704,.T.);
#5448=EDGE_CURVE('',#4362,#4116,#1705,.T.);
#5449=EDGE_CURVE('',#4360,#4362,#1706,.T.);
#5450=EDGE_CURVE('',#4115,#4363,#1707,.T.);
#5451=EDGE_CURVE('',#4363,#4362,#3611,.T.);
#5452=EDGE_CURVE('',#4364,#4114,#1708,.T.);
#5453=EDGE_CURVE('',#4363,#4364,#1709,.T.);
#5454=EDGE_CURVE('',#4320,#4365,#3612,.T.);
#5455=EDGE_CURVE('',#4365,#4082,#1710,.T.);
#5456=EDGE_CURVE('',#4009,#4366,#1711,.T.);
#5457=EDGE_CURVE('',#4366,#4367,#3613,.T.);
#5458=EDGE_CURVE('',#4367,#4010,#1712,.T.);
#5459=EDGE_CURVE('',#4366,#4328,#1713,.T.);
#5460=EDGE_CURVE('',#3997,#4368,#1714,.T.);
#5461=EDGE_CURVE('',#4368,#4369,#3614,.T.);
#5462=EDGE_CURVE('',#4369,#3998,#1715,.T.);
#5463=EDGE_CURVE('',#4370,#3996,#1716,.T.);
#5464=EDGE_CURVE('',#4368,#4370,#1717,.T.);
#5465=EDGE_CURVE('',#3992,#4371,#1718,.T.);
#5466=EDGE_CURVE('',#4371,#4372,#3615,.T.);
#5467=EDGE_CURVE('',#4372,#3991,#1719,.T.);
#5468=EDGE_CURVE('',#4371,#4369,#1720,.T.);
#5469=EDGE_CURVE('',#4325,#4373,#3616,.T.);
#5470=EDGE_CURVE('',#4373,#4001,#1721,.T.);
#5471=EDGE_CURVE('',#4011,#4374,#1722,.T.);
#5472=EDGE_CURVE('',#4374,#4326,#3617,.T.);
#5473=EDGE_CURVE('',#4374,#4367,#1723,.T.);
#5474=EDGE_CURVE('',#3985,#4375,#1724,.T.);
#5475=EDGE_CURVE('',#4375,#4376,#3618,.T.);
#5476=EDGE_CURVE('',#4376,#3984,#1725,.T.);
#5477=EDGE_CURVE('',#3990,#4377,#1726,.T.);
#5478=EDGE_CURVE('',#4375,#4377,#1727,.T.);
#5479=EDGE_CURVE('',#4378,#4379,#1728,.T.);
#5480=EDGE_CURVE('',#4380,#4378,#1729,.T.);
#5481=EDGE_CURVE('',#4381,#4380,#1730,.T.);
#5482=EDGE_CURVE('',#4381,#4382,#1731,.T.);
#5483=EDGE_CURVE('',#4383,#4382,#1732,.T.);
#5484=EDGE_CURVE('',#4384,#4383,#1733,.T.);
#5485=EDGE_CURVE('',#4379,#4384,#1734,.T.);
#5486=EDGE_CURVE('',#4383,#4385,#25,.T.);
#5487=EDGE_CURVE('',#4382,#4386,#26,.T.);
#5488=EDGE_CURVE('',#4385,#4386,#1735,.T.);
#5489=EDGE_CURVE('',#4387,#4388,#1736,.T.);
#5490=EDGE_CURVE('',#4389,#4387,#1737,.T.);
#5491=EDGE_CURVE('',#4385,#4389,#1738,.T.);
#5492=EDGE_CURVE('',#4386,#4390,#1739,.T.);
#5493=EDGE_CURVE('',#4391,#4390,#1740,.T.);
#5494=EDGE_CURVE('',#4388,#4391,#1741,.T.);
#5495=EDGE_CURVE('',#4390,#4381,#1742,.T.);
#5496=EDGE_CURVE('',#4392,#4393,#1743,.T.);
#5497=EDGE_CURVE('',#4394,#4392,#1744,.T.);
#5498=EDGE_CURVE('',#4395,#4394,#1745,.T.);
#5499=EDGE_CURVE('',#4395,#4396,#1746,.T.);
#5500=EDGE_CURVE('',#4397,#4396,#1747,.T.);
#5501=EDGE_CURVE('',#4398,#4397,#1748,.T.);
#5502=EDGE_CURVE('',#4393,#4398,#1749,.T.);
#5503=EDGE_CURVE('',#4397,#4399,#27,.T.);
#5504=EDGE_CURVE('',#4396,#4400,#28,.T.);
#5505=EDGE_CURVE('',#4399,#4400,#1750,.T.);
#5506=EDGE_CURVE('',#4401,#4402,#1751,.T.);
#5507=EDGE_CURVE('',#4403,#4401,#1752,.T.);
#5508=EDGE_CURVE('',#4399,#4403,#1753,.T.);
#5509=EDGE_CURVE('',#4400,#4404,#1754,.T.);
#5510=EDGE_CURVE('',#4405,#4404,#1755,.T.);
#5511=EDGE_CURVE('',#4402,#4405,#1756,.T.);
#5512=EDGE_CURVE('',#4404,#4395,#1757,.T.);
#5513=EDGE_CURVE('',#4406,#4388,#1758,.T.);
#5514=EDGE_CURVE('',#4406,#4407,#1759,.T.);
#5515=EDGE_CURVE('',#4387,#4407,#1760,.T.);
#5516=EDGE_CURVE('',#4408,#4407,#1761,.T.);
#5517=EDGE_CURVE('',#4408,#4389,#1762,.T.);
#5518=EDGE_CURVE('',#4384,#4409,#1763,.T.);
#5519=EDGE_CURVE('',#4410,#4409,#1764,.T.);
#5520=EDGE_CURVE('',#4410,#4379,#1765,.T.);
#5521=EDGE_CURVE('',#4408,#4411,#1766,.T.);
#5522=EDGE_CURVE('',#4411,#4412,#1767,.T.);
#5523=EDGE_CURVE('',#4412,#4413,#1768,.T.);
#5524=EDGE_CURVE('',#4413,#4414,#1769,.T.);
#5525=EDGE_CURVE('',#4415,#4414,#1770,.T.);
#5526=EDGE_CURVE('',#4398,#4415,#1771,.T.);
#5527=EDGE_CURVE('',#4416,#4403,#1772,.T.);
#5528=EDGE_CURVE('',#4417,#4416,#1773,.T.);
#5529=EDGE_CURVE('',#4418,#4417,#1774,.T.);
#5530=EDGE_CURVE('',#4419,#4418,#1775,.T.);
#5531=EDGE_CURVE('',#4420,#4419,#1776,.T.);
#5532=EDGE_CURVE('',#4409,#4420,#1777,.T.);
#5533=EDGE_CURVE('',#4421,#4402,#1778,.T.);
#5534=EDGE_CURVE('',#4421,#4422,#1779,.T.);
#5535=EDGE_CURVE('',#4401,#4422,#1780,.T.);
#5536=EDGE_CURVE('',#4416,#4422,#1781,.T.);
#5537=EDGE_CURVE('',#4415,#4423,#1782,.T.);
#5538=EDGE_CURVE('',#4423,#4393,#1783,.T.);
#5539=EDGE_CURVE('',#4424,#4406,#1784,.T.);
#5540=EDGE_CURVE('',#4424,#4425,#1785,.T.);
#5541=EDGE_CURVE('',#4407,#4425,#1786,.T.);
#5542=EDGE_CURVE('',#4425,#4411,#1787,.T.);
#5543=EDGE_CURVE('',#4426,#4424,#1788,.T.);
#5544=EDGE_CURVE('',#4412,#4426,#1789,.T.);
#5545=EDGE_CURVE('',#4427,#4426,#1790,.T.);
#5546=EDGE_CURVE('',#4428,#4427,#1791,.T.);
#5547=EDGE_CURVE('',#4428,#4429,#1792,.T.);
#5548=EDGE_CURVE('',#3963,#4429,#1793,.T.);
#5549=EDGE_CURVE('',#3962,#4412,#1794,.T.);
#5550=EDGE_CURVE('',#4414,#3960,#1795,.T.);
#5551=EDGE_CURVE('',#3961,#4413,#1796,.T.);
#5552=EDGE_CURVE('',#4430,#4431,#3619,.T.);
#5553=EDGE_CURVE('',#4431,#4086,#1797,.T.);
#5554=EDGE_CURVE('',#4085,#4430,#1798,.T.);
#5555=EDGE_CURVE('',#4432,#4084,#1799,.T.);
#5556=EDGE_CURVE('',#4430,#4432,#1800,.T.);
#5557=EDGE_CURVE('',#4433,#4434,#3620,.T.);
#5558=EDGE_CURVE('',#4434,#4036,#1801,.T.);
#5559=EDGE_CURVE('',#4035,#4433,#1802,.T.);
#5560=EDGE_CURVE('',#4435,#4034,#1803,.T.);
#5561=EDGE_CURVE('',#4433,#4435,#1804,.T.);
#5562=EDGE_CURVE('',#4436,#4437,#3621,.T.);
#5563=EDGE_CURVE('',#4437,#4143,#1805,.T.);
#5564=EDGE_CURVE('',#4142,#4436,#1806,.T.);
#5565=EDGE_CURVE('',#4438,#4141,#1807,.T.);
#5566=EDGE_CURVE('',#4436,#4438,#1808,.T.);
#5567=EDGE_CURVE('',#4439,#4440,#3622,.T.);
#5568=EDGE_CURVE('',#4440,#4188,#1809,.T.);
#5569=EDGE_CURVE('',#4187,#4439,#1810,.T.);
#5570=EDGE_CURVE('',#4441,#4440,#1811,.T.);
#5571=EDGE_CURVE('',#4189,#4441,#1812,.T.);
#5572=EDGE_CURVE('',#4033,#4442,#1813,.T.);
#5573=EDGE_CURVE('',#4442,#4435,#3623,.T.);
#5574=EDGE_CURVE('',#4442,#4330,#1814,.T.);
#5575=EDGE_CURVE('',#3988,#4443,#1815,.T.);
#5576=EDGE_CURVE('',#4443,#4444,#3624,.T.);
#5577=EDGE_CURVE('',#4444,#3989,#1816,.T.);
#5578=EDGE_CURVE('',#4445,#3987,#1817,.T.);
#5579=EDGE_CURVE('',#4443,#4445,#1818,.T.);
#5580=EDGE_CURVE('',#4004,#4446,#1819,.T.);
#5581=EDGE_CURVE('',#4446,#4447,#3625,.T.);
#5582=EDGE_CURVE('',#4447,#4005,#1820,.T.);
#5583=EDGE_CURVE('',#4446,#4394,#1821,.T.);
#5584=EDGE_CURVE('',#4448,#4003,#1822,.T.);
#5585=EDGE_CURVE('',#4405,#4448,#1823,.T.);
#5586=EDGE_CURVE('',#3986,#4449,#1824,.T.);
#5587=EDGE_CURVE('',#4449,#4445,#3626,.T.);
#5588=EDGE_CURVE('',#4449,#4376,#1825,.T.);
#5589=EDGE_CURVE('',#4002,#4450,#1826,.T.);
#5590=EDGE_CURVE('',#4450,#4448,#3627,.T.);
#5591=EDGE_CURVE('',#4450,#4373,#1827,.T.);
#5592=EDGE_CURVE('',#3995,#4451,#1828,.T.);
#5593=EDGE_CURVE('',#4451,#4370,#3628,.T.);
#5594=EDGE_CURVE('',#4452,#3994,#1829,.T.);
#5595=EDGE_CURVE('',#4451,#4452,#1830,.T.);
#5596=EDGE_CURVE('',#3993,#4453,#1831,.T.);
#5597=EDGE_CURVE('',#4453,#4452,#3629,.T.);
#5598=EDGE_CURVE('',#4453,#4372,#1832,.T.);
#5599=EDGE_CURVE('',#4144,#4454,#1833,.T.);
#5600=EDGE_CURVE('',#4454,#4455,#3630,.T.);
#5601=EDGE_CURVE('',#4455,#4145,#1834,.T.);
#5602=EDGE_CURVE('',#4454,#4437,#1835,.T.);
#5603=EDGE_CURVE('',#3978,#4456,#1836,.T.);
#5604=EDGE_CURVE('',#4456,#4337,#3631,.T.);
#5605=EDGE_CURVE('',#4457,#3976,#1837,.T.);
#5606=EDGE_CURVE('',#4456,#4457,#1838,.T.);
#5607=EDGE_CURVE('',#4140,#4458,#1839,.T.);
#5608=EDGE_CURVE('',#4458,#4438,#3632,.T.);
#5609=EDGE_CURVE('',#4458,#4340,#1840,.T.);
#5610=EDGE_CURVE('',#3977,#4459,#1841,.T.);
#5611=EDGE_CURVE('',#4459,#4457,#3633,.T.);
#5612=EDGE_CURVE('',#4459,#4334,#1842,.T.);
#5613=EDGE_CURVE('',#4441,#4460,#3634,.T.);
#5614=EDGE_CURVE('',#4460,#4190,#1843,.T.);
#5615=EDGE_CURVE('',#4185,#4461,#1844,.T.);
#5616=EDGE_CURVE('',#4461,#4462,#3635,.T.);
#5617=EDGE_CURVE('',#4462,#4186,#1845,.T.);
#5618=EDGE_CURVE('',#4461,#4341,#1846,.T.);
#5619=EDGE_CURVE('',#3969,#4463,#1847,.T.);
#5620=EDGE_CURVE('',#4463,#4344,#3636,.T.);
#5621=EDGE_CURVE('',#4464,#3975,#1848,.T.);
#5622=EDGE_CURVE('',#4463,#4464,#1849,.T.);
#5623=EDGE_CURVE('',#3974,#4465,#1850,.T.);
#5624=EDGE_CURVE('',#4465,#4464,#3637,.T.);
#5625=EDGE_CURVE('',#4465,#4349,#1851,.T.);
#5626=EDGE_CURVE('',#4223,#4466,#1852,.T.);
#5627=EDGE_CURVE('',#4466,#4467,#3638,.T.);
#5628=EDGE_CURVE('',#4467,#4224,#1853,.T.);
#5629=EDGE_CURVE('',#4466,#4380,#1854,.T.);
#5630=EDGE_CURVE('',#4468,#4222,#1855,.T.);
#5631=EDGE_CURVE('',#4391,#4468,#1856,.T.);
#5632=EDGE_CURVE('',#4230,#4469,#1857,.T.);
#5633=EDGE_CURVE('',#4469,#4353,#3639,.T.);
#5634=EDGE_CURVE('',#4470,#4229,#1858,.T.);
#5635=EDGE_CURVE('',#4469,#4470,#1859,.T.);
#5636=EDGE_CURVE('',#4221,#4471,#1860,.T.);
#5637=EDGE_CURVE('',#4471,#4468,#3640,.T.);
#5638=EDGE_CURVE('',#4471,#4350,#1861,.T.);
#5639=EDGE_CURVE('',#4228,#4472,#1862,.T.);
#5640=EDGE_CURVE('',#4472,#4470,#3641,.T.);
#5641=EDGE_CURVE('',#4472,#4355,#1863,.T.);
#5642=EDGE_CURVE('',#4087,#4473,#1864,.T.);
#5643=EDGE_CURVE('',#4473,#4474,#3642,.T.);
#5644=EDGE_CURVE('',#4474,#4088,#1865,.T.);
#5645=EDGE_CURVE('',#4473,#4431,#1866,.T.);
#5646=EDGE_CURVE('',#4475,#4476,#3643,.T.);
#5647=EDGE_CURVE('',#4476,#3957,#1867,.T.);
#5648=EDGE_CURVE('',#3967,#4475,#1868,.T.);
#5649=EDGE_CURVE('',#4477,#4476,#1869,.T.);
#5650=EDGE_CURVE('',#3958,#4477,#1870,.T.);
#5651=EDGE_CURVE('',#4477,#4478,#3644,.T.);
#5652=EDGE_CURVE('',#4478,#3959,#1871,.T.);
#5653=EDGE_CURVE('',#4479,#4478,#1872,.T.);
#5654=EDGE_CURVE('',#4423,#4479,#1873,.T.);
#5655=EDGE_CURVE('',#4429,#4480,#3645,.T.);
#5656=EDGE_CURVE('',#4480,#3964,#1874,.T.);
#5657=EDGE_CURVE('',#4037,#4481,#1875,.T.);
#5658=EDGE_CURVE('',#4481,#4482,#3646,.T.);
#5659=EDGE_CURVE('',#4482,#4038,#1876,.T.);
#5660=EDGE_CURVE('',#4481,#4434,#1877,.T.);
#5661=EDGE_CURVE('',#4083,#4483,#1878,.T.);
#5662=EDGE_CURVE('',#4483,#4432,#3647,.T.);
#5663=EDGE_CURVE('',#4483,#4365,#1879,.T.);
#5664=EDGE_CURVE('',#4111,#4484,#1880,.T.);
#5665=EDGE_CURVE('',#4484,#4485,#3648,.T.);
#5666=EDGE_CURVE('',#4485,#4112,#1881,.T.);
#5667=EDGE_CURVE('',#4484,#4361,#1882,.T.);
#5668=EDGE_CURVE('',#4113,#4486,#1883,.T.);
#5669=EDGE_CURVE('',#4486,#4364,#3649,.T.);
#5670=EDGE_CURVE('',#4486,#4485,#1884,.T.);
#5671=EDGE_CURVE('',#4487,#4421,#1885,.T.);
#5672=EDGE_CURVE('',#4487,#4417,#1886,.T.);
#5673=EDGE_CURVE('',#4392,#4479,#1887,.T.);
#5674=EDGE_CURVE('',#4488,#4410,#1888,.T.);
#5675=EDGE_CURVE('',#4378,#4488,#1889,.T.);
#5676=EDGE_CURVE('',#4489,#4490,#3650,.T.);
#5677=EDGE_CURVE('',#4490,#4491,#1890,.T.);
#5678=EDGE_CURVE('',#4491,#4492,#3651,.F.);
#5679=EDGE_CURVE('',#4492,#4489,#1891,.T.);
#5680=EDGE_CURVE('',#4492,#4493,#3652,.T.);
#5681=EDGE_CURVE('',#4494,#4493,#1892,.T.);
#5682=EDGE_CURVE('',#4489,#4494,#3653,.T.);
#5683=EDGE_CURVE('',#4428,#4495,#3654,.T.);
#5684=EDGE_CURVE('',#4427,#4496,#3655,.T.);
#5685=EDGE_CURVE('',#4496,#4495,#1893,.T.);
#5686=EDGE_CURVE('',#4480,#4497,#3656,.T.);
#5687=EDGE_CURVE('',#3965,#4497,#1894,.T.);
#5688=EDGE_CURVE('',#4490,#4498,#3657,.T.);
#5689=EDGE_CURVE('',#4498,#3966,#1895,.T.);
#5690=EDGE_CURVE('',#4497,#4491,#3658,.T.);
#5691=EDGE_CURVE('',#4475,#4498,#3659,.T.);
#5692=EDGE_CURVE('',#4493,#4495,#1896,.T.);
#5693=EDGE_CURVE('',#4494,#4496,#1897,.T.);
#5694=EDGE_CURVE('',#4499,#4487,#1898,.T.);
#5695=EDGE_CURVE('',#4499,#4418,#1899,.T.);
#5696=EDGE_CURVE('',#4500,#4499,#1900,.T.);
#5697=EDGE_CURVE('',#4500,#4419,#1901,.T.);
#5698=EDGE_CURVE('',#4501,#4500,#1902,.T.);
#5699=EDGE_CURVE('',#4501,#4420,#1903,.T.);
#5700=EDGE_CURVE('',#4488,#4501,#1904,.T.);
#5701=EDGE_CURVE('',#4502,#4502,#3660,.T.);
#5702=EDGE_CURVE('',#4502,#4237,#1905,.T.);
#5703=EDGE_CURVE('',#4503,#4504,#1906,.T.);
#5704=EDGE_CURVE('',#4505,#4503,#1907,.T.);
#5705=EDGE_CURVE('',#4506,#4505,#1908,.T.);
#5706=EDGE_CURVE('',#4507,#4506,#1909,.T.);
#5707=EDGE_CURVE('',#4508,#4507,#1910,.T.);
#5708=EDGE_CURVE('',#4504,#4508,#1911,.T.);
#5709=EDGE_CURVE('',#4506,#4509,#1912,.T.);
#5710=EDGE_CURVE('',#4510,#4509,#1913,.T.);
#5711=EDGE_CURVE('',#4507,#4510,#1914,.T.);
#5712=EDGE_CURVE('',#4505,#4511,#1915,.T.);
#5713=EDGE_CURVE('',#4509,#4511,#1916,.T.);
#5714=EDGE_CURVE('',#4503,#4512,#1917,.T.);
#5715=EDGE_CURVE('',#4511,#4512,#1918,.T.);
#5716=EDGE_CURVE('',#4513,#4513,#3661,.T.);
#5717=EDGE_CURVE('',#4513,#4236,#1919,.T.);
#5718=EDGE_CURVE('',#4514,#4515,#1920,.T.);
#5719=EDGE_CURVE('',#4516,#4514,#1921,.T.);
#5720=EDGE_CURVE('',#4517,#4516,#1922,.T.);
#5721=EDGE_CURVE('',#4518,#4517,#1923,.T.);
#5722=EDGE_CURVE('',#4519,#4518,#1924,.T.);
#5723=EDGE_CURVE('',#4515,#4519,#1925,.T.);
#5724=EDGE_CURVE('',#4517,#4520,#1926,.T.);
#5725=EDGE_CURVE('',#4521,#4520,#1927,.T.);
#5726=EDGE_CURVE('',#4518,#4521,#1928,.T.);
#5727=EDGE_CURVE('',#4516,#4522,#1929,.T.);
#5728=EDGE_CURVE('',#4520,#4522,#1930,.T.);
#5729=EDGE_CURVE('',#4514,#4523,#1931,.T.);
#5730=EDGE_CURVE('',#4522,#4523,#1932,.T.);
#5731=EDGE_CURVE('',#4524,#4524,#3662,.T.);
#5732=EDGE_CURVE('',#4524,#4235,#1933,.T.);
#5733=EDGE_CURVE('',#4525,#4526,#1934,.T.);
#5734=EDGE_CURVE('',#4527,#4525,#1935,.T.);
#5735=EDGE_CURVE('',#4528,#4527,#1936,.T.);
#5736=EDGE_CURVE('',#4529,#4528,#1937,.T.);
#5737=EDGE_CURVE('',#4530,#4529,#1938,.T.);
#5738=EDGE_CURVE('',#4526,#4530,#1939,.T.);
#5739=EDGE_CURVE('',#4528,#4531,#1940,.T.);
#5740=EDGE_CURVE('',#4532,#4531,#1941,.T.);
#5741=EDGE_CURVE('',#4529,#4532,#1942,.T.);
#5742=EDGE_CURVE('',#4527,#4533,#1943,.T.);
#5743=EDGE_CURVE('',#4531,#4533,#1944,.T.);
#5744=EDGE_CURVE('',#4525,#4534,#1945,.T.);
#5745=EDGE_CURVE('',#4533,#4534,#1946,.T.);
#5746=EDGE_CURVE('',#4535,#4535,#3663,.T.);
#5747=EDGE_CURVE('',#4535,#4234,#1947,.T.);
#5748=EDGE_CURVE('',#4536,#4537,#1948,.T.);
#5749=EDGE_CURVE('',#4538,#4536,#1949,.T.);
#5750=EDGE_CURVE('',#4539,#4538,#1950,.T.);
#5751=EDGE_CURVE('',#4540,#4539,#1951,.T.);
#5752=EDGE_CURVE('',#4541,#4540,#1952,.T.);
#5753=EDGE_CURVE('',#4537,#4541,#1953,.T.);
#5754=EDGE_CURVE('',#4539,#4542,#1954,.T.);
#5755=EDGE_CURVE('',#4543,#4542,#1955,.T.);
#5756=EDGE_CURVE('',#4540,#4543,#1956,.T.);
#5757=EDGE_CURVE('',#4538,#4544,#1957,.T.);
#5758=EDGE_CURVE('',#4542,#4544,#1958,.T.);
#5759=EDGE_CURVE('',#4536,#4545,#1959,.T.);
#5760=EDGE_CURVE('',#4544,#4545,#1960,.T.);
#5761=EDGE_CURVE('',#4546,#4546,#3664,.T.);
#5762=EDGE_CURVE('',#4546,#4547,#3665,.T.);
#5763=EDGE_CURVE('',#3901,#4548,#1961,.T.);
#5764=EDGE_CURVE('',#4549,#4548,#1962,.T.);
#5765=EDGE_CURVE('',#3902,#4549,#1963,.T.);
#5766=EDGE_CURVE('',#4550,#4550,#3666,.T.);
#5767=EDGE_CURVE('',#4550,#4551,#3667,.T.);
#5768=EDGE_CURVE('',#4552,#4552,#3668,.T.);
#5769=EDGE_CURVE('',#4552,#4553,#3669,.T.);
#5770=EDGE_CURVE('',#4554,#4554,#3670,.T.);
#5771=EDGE_CURVE('',#4554,#4555,#3671,.T.);
#5772=EDGE_CURVE('',#4556,#4556,#3672,.T.);
#5773=EDGE_CURVE('',#4556,#4557,#3673,.T.);
#5774=EDGE_CURVE('',#4558,#4558,#3674,.T.);
#5775=EDGE_CURVE('',#4559,#4558,#3675,.T.);
#5776=EDGE_CURVE('',#4560,#4532,#1964,.T.);
#5777=EDGE_CURVE('',#4530,#4560,#1965,.T.);
#5778=EDGE_CURVE('',#4561,#4560,#1966,.T.);
#5779=EDGE_CURVE('',#4526,#4561,#1967,.T.);
#5780=EDGE_CURVE('',#4534,#4561,#1968,.T.);
#5781=EDGE_CURVE('',#4562,#4521,#1969,.T.);
#5782=EDGE_CURVE('',#4519,#4562,#1970,.T.);
#5783=EDGE_CURVE('',#4563,#4562,#1971,.T.);
#5784=EDGE_CURVE('',#4515,#4563,#1972,.T.);
#5785=EDGE_CURVE('',#4523,#4563,#1973,.T.);
#5786=EDGE_CURVE('',#4377,#4444,#1974,.T.);
#5787=EDGE_CURVE('',#4329,#4447,#1975,.T.);
#5788=EDGE_CURVE('',#4564,#4543,#1976,.T.);
#5789=EDGE_CURVE('',#4541,#4564,#1977,.T.);
#5790=EDGE_CURVE('',#4565,#4564,#1978,.T.);
#5791=EDGE_CURVE('',#4537,#4565,#1979,.T.);
#5792=EDGE_CURVE('',#4545,#4565,#1980,.T.);
#5793=EDGE_CURVE('',#4566,#4359,#1981,.T.);
#5794=EDGE_CURVE('',#4044,#4566,#1982,.T.);
#5795=EDGE_CURVE('',#4567,#4566,#3676,.T.);
#5796=EDGE_CURVE('',#4045,#4567,#1983,.T.);
#5797=EDGE_CURVE('',#4568,#4567,#3677,.T.);
#5798=EDGE_CURVE('',#4046,#4568,#1984,.T.);
#5799=EDGE_CURVE('',#4569,#4568,#1985,.T.);
#5800=EDGE_CURVE('',#4047,#4569,#1986,.T.);
#5801=EDGE_CURVE('',#4570,#4569,#3678,.T.);
#5802=EDGE_CURVE('',#4048,#4570,#1987,.T.);
#5803=EDGE_CURVE('',#4571,#4570,#1988,.T.);
#5804=EDGE_CURVE('',#4049,#4571,#1989,.T.);
#5805=EDGE_CURVE('',#4572,#4571,#3679,.T.);
#5806=EDGE_CURVE('',#4050,#4572,#1990,.T.);
#5807=EDGE_CURVE('',#4573,#4572,#1991,.T.);
#5808=EDGE_CURVE('',#4051,#4573,#1992,.T.);
#5809=EDGE_CURVE('',#4574,#4573,#3680,.T.);
#5810=EDGE_CURVE('',#4052,#4574,#1993,.T.);
#5811=EDGE_CURVE('',#4575,#4574,#1994,.T.);
#5812=EDGE_CURVE('',#4053,#4575,#1995,.T.);
#5813=EDGE_CURVE('',#4576,#4575,#3681,.T.);
#5814=EDGE_CURVE('',#4054,#4576,#1996,.T.);
#5815=EDGE_CURVE('',#4577,#4576,#1997,.T.);
#5816=EDGE_CURVE('',#4055,#4577,#1998,.T.);
#5817=EDGE_CURVE('',#4578,#4577,#3682,.T.);
#5818=EDGE_CURVE('',#4056,#4578,#1999,.T.);
#5819=EDGE_CURVE('',#4579,#4578,#2000,.T.);
#5820=EDGE_CURVE('',#4057,#4579,#2001,.T.);
#5821=EDGE_CURVE('',#4281,#4579,#3683,.T.);
#5822=EDGE_CURVE('',#4580,#4280,#2002,.T.);
#5823=EDGE_CURVE('',#4016,#4580,#2003,.T.);
#5824=EDGE_CURVE('',#4581,#4580,#3684,.T.);
#5825=EDGE_CURVE('',#4017,#4581,#2004,.T.);
#5826=EDGE_CURVE('',#4582,#4581,#2005,.T.);
#5827=EDGE_CURVE('',#4018,#4582,#2006,.T.);
#5828=EDGE_CURVE('',#4583,#4582,#3685,.T.);
#5829=EDGE_CURVE('',#4019,#4583,#2007,.T.);
#5830=EDGE_CURVE('',#4584,#4583,#2008,.T.);
#5831=EDGE_CURVE('',#4020,#4584,#2009,.T.);
#5832=EDGE_CURVE('',#4585,#4584,#3686,.T.);
#5833=EDGE_CURVE('',#4021,#4585,#2010,.T.);
#5834=EDGE_CURVE('',#4586,#4585,#2011,.T.);
#5835=EDGE_CURVE('',#4022,#4586,#2012,.T.);
#5836=EDGE_CURVE('',#4587,#4586,#3687,.T.);
#5837=EDGE_CURVE('',#4023,#4587,#2013,.T.);
#5838=EDGE_CURVE('',#4588,#4587,#2014,.T.);
#5839=EDGE_CURVE('',#4024,#4588,#2015,.T.);
#5840=EDGE_CURVE('',#4589,#4588,#3688,.T.);
#5841=EDGE_CURVE('',#4025,#4589,#2016,.T.);
#5842=EDGE_CURVE('',#4590,#4589,#2017,.T.);
#5843=EDGE_CURVE('',#4026,#4590,#2018,.T.);
#5844=EDGE_CURVE('',#4591,#4590,#3689,.T.);
#5845=EDGE_CURVE('',#4027,#4591,#2019,.T.);
#5846=EDGE_CURVE('',#4592,#4591,#2020,.T.);
#5847=EDGE_CURVE('',#4028,#4592,#2021,.T.);
#5848=EDGE_CURVE('',#4293,#4592,#3690,.T.);
#5849=EDGE_CURVE('',#4318,#4482,#2022,.T.);
#5850=EDGE_CURVE('',#4315,#4474,#2023,.T.);
#5851=EDGE_CURVE('',#4296,#4314,#2024,.T.);
#5852=EDGE_CURVE('',#4593,#4297,#3691,.T.);
#5853=EDGE_CURVE('',#4094,#4593,#2025,.T.);
#5854=EDGE_CURVE('',#4594,#4593,#3692,.T.);
#5855=EDGE_CURVE('',#4095,#4594,#2026,.T.);
#5856=EDGE_CURVE('',#4595,#4594,#2027,.T.);
#5857=EDGE_CURVE('',#4096,#4595,#2028,.T.);
#5858=EDGE_CURVE('',#4596,#4595,#3693,.T.);
#5859=EDGE_CURVE('',#4097,#4596,#2029,.T.);
#5860=EDGE_CURVE('',#4597,#4596,#2030,.T.);
#5861=EDGE_CURVE('',#4098,#4597,#2031,.T.);
#5862=EDGE_CURVE('',#4598,#4597,#3694,.T.);
#5863=EDGE_CURVE('',#4099,#4598,#2032,.T.);
#5864=EDGE_CURVE('',#4599,#4598,#2033,.T.);
#5865=EDGE_CURVE('',#4100,#4599,#2034,.T.);
#5866=EDGE_CURVE('',#4600,#4599,#3695,.T.);
#5867=EDGE_CURVE('',#4101,#4600,#2035,.T.);
#5868=EDGE_CURVE('',#4601,#4600,#2036,.T.);
#5869=EDGE_CURVE('',#4102,#4601,#2037,.T.);
#5870=EDGE_CURVE('',#4602,#4601,#3696,.T.);
#5871=EDGE_CURVE('',#4103,#4602,#2038,.T.);
#5872=EDGE_CURVE('',#4603,#4602,#2039,.T.);
#5873=EDGE_CURVE('',#4104,#4603,#2040,.T.);
#5874=EDGE_CURVE('',#4604,#4603,#3697,.T.);
#5875=EDGE_CURVE('',#4105,#4604,#2041,.T.);
#5876=EDGE_CURVE('',#4605,#4604,#2042,.T.);
#5877=EDGE_CURVE('',#4106,#4605,#2043,.T.);
#5878=EDGE_CURVE('',#4286,#4605,#3698,.T.);
#5879=EDGE_CURVE('',#4606,#4285,#2044,.T.);
#5880=EDGE_CURVE('',#4063,#4606,#2045,.T.);
#5881=EDGE_CURVE('',#4607,#4606,#3699,.T.);
#5882=EDGE_CURVE('',#4064,#4607,#2046,.T.);
#5883=EDGE_CURVE('',#4608,#4607,#2047,.T.);
#5884=EDGE_CURVE('',#4065,#4608,#2048,.T.);
#5885=EDGE_CURVE('',#4609,#4608,#3700,.T.);
#5886=EDGE_CURVE('',#4066,#4609,#2049,.T.);
#5887=EDGE_CURVE('',#4610,#4609,#2050,.T.);
#5888=EDGE_CURVE('',#4067,#4610,#2051,.T.);
#5889=EDGE_CURVE('',#4611,#4610,#3701,.T.);
#5890=EDGE_CURVE('',#4068,#4611,#2052,.T.);
#5891=EDGE_CURVE('',#4612,#4611,#2053,.T.);
#5892=EDGE_CURVE('',#4069,#4612,#2054,.T.);
#5893=EDGE_CURVE('',#4613,#4612,#3702,.T.);
#5894=EDGE_CURVE('',#4070,#4613,#2055,.T.);
#5895=EDGE_CURVE('',#4614,#4613,#2056,.T.);
#5896=EDGE_CURVE('',#4071,#4614,#2057,.T.);
#5897=EDGE_CURVE('',#4615,#4614,#3703,.T.);
#5898=EDGE_CURVE('',#4072,#4615,#2058,.T.);
#5899=EDGE_CURVE('',#4616,#4615,#2059,.T.);
#5900=EDGE_CURVE('',#4073,#4616,#2060,.T.);
#5901=EDGE_CURVE('',#4617,#4616,#3704,.T.);
#5902=EDGE_CURVE('',#4074,#4617,#2061,.T.);
#5903=EDGE_CURVE('',#4618,#4617,#2062,.T.);
#5904=EDGE_CURVE('',#4075,#4618,#2063,.T.);
#5905=EDGE_CURVE('',#4619,#4618,#3705,.T.);
#5906=EDGE_CURVE('',#4076,#4619,#2064,.T.);
#5907=EDGE_CURVE('',#4357,#4619,#3706,.T.);
#5908=EDGE_CURVE('',#4620,#4510,#2065,.T.);
#5909=EDGE_CURVE('',#4508,#4620,#2066,.T.);
#5910=EDGE_CURVE('',#4621,#4620,#2067,.T.);
#5911=EDGE_CURVE('',#4504,#4621,#2068,.T.);
#5912=EDGE_CURVE('',#4512,#4621,#2069,.T.);
#5913=EDGE_CURVE('',#4126,#4622,#2070,.T.);
#5914=EDGE_CURVE('',#4623,#4622,#3707,.T.);
#5915=EDGE_CURVE('',#4127,#4623,#2071,.T.);
#5916=EDGE_CURVE('',#4624,#4623,#2072,.T.);
#5917=EDGE_CURVE('',#4128,#4624,#2073,.T.);
#5918=EDGE_CURVE('',#4625,#4624,#3708,.T.);
#5919=EDGE_CURVE('',#4129,#4625,#2074,.T.);
#5920=EDGE_CURVE('',#4626,#4625,#2075,.T.);
#5921=EDGE_CURVE('',#4130,#4626,#2076,.T.);
#5922=EDGE_CURVE('',#4627,#4626,#3709,.T.);
#5923=EDGE_CURVE('',#4131,#4627,#2077,.T.);
#5924=EDGE_CURVE('',#4628,#4627,#2078,.T.);
#5925=EDGE_CURVE('',#4132,#4628,#2079,.T.);
#5926=EDGE_CURVE('',#4629,#4628,#3710,.T.);
#5927=EDGE_CURVE('',#4133,#4629,#2080,.T.);
#5928=EDGE_CURVE('',#4339,#4629,#3711,.T.);
#5929=EDGE_CURVE('',#4322,#4455,#2081,.T.);
#5930=EDGE_CURVE('',#4291,#4323,#2082,.T.);
#5931=EDGE_CURVE('',#4630,#4292,#3712,.T.);
#5932=EDGE_CURVE('',#4150,#4630,#2083,.T.);
#5933=EDGE_CURVE('',#4631,#4630,#3713,.T.);
#5934=EDGE_CURVE('',#4151,#4631,#2084,.T.);
#5935=EDGE_CURVE('',#4632,#4631,#2085,.T.);
#5936=EDGE_CURVE('',#4152,#4632,#2086,.T.);
#5937=EDGE_CURVE('',#4633,#4632,#3714,.T.);
#5938=EDGE_CURVE('',#4153,#4633,#2087,.T.);
#5939=EDGE_CURVE('',#4634,#4633,#2088,.T.);
#5940=EDGE_CURVE('',#4154,#4634,#2089,.T.);
#5941=EDGE_CURVE('',#4635,#4634,#3715,.T.);
#5942=EDGE_CURVE('',#4155,#4635,#2090,.T.);
#5943=EDGE_CURVE('',#4636,#4635,#2091,.T.);
#5944=EDGE_CURVE('',#4156,#4636,#2092,.T.);
#5945=EDGE_CURVE('',#4637,#4636,#3716,.T.);
#5946=EDGE_CURVE('',#4157,#4637,#2093,.T.);
#5947=EDGE_CURVE('',#4638,#4637,#2094,.T.);
#5948=EDGE_CURVE('',#4158,#4638,#2095,.T.);
#5949=EDGE_CURVE('',#4639,#4638,#3717,.T.);
#5950=EDGE_CURVE('',#4159,#4639,#2096,.T.);
#5951=EDGE_CURVE('',#4640,#4639,#2097,.T.);
#5952=EDGE_CURVE('',#4160,#4640,#2098,.T.);
#5953=EDGE_CURVE('',#4641,#4640,#3718,.T.);
#5954=EDGE_CURVE('',#4161,#4641,#2099,.T.);
#5955=EDGE_CURVE('',#4642,#4641,#2100,.T.);
#5956=EDGE_CURVE('',#4162,#4642,#2101,.T.);
#5957=EDGE_CURVE('',#4274,#4642,#3719,.T.);
#5958=EDGE_CURVE('',#4643,#4276,#2102,.T.);
#5959=EDGE_CURVE('',#4120,#4643,#2103,.T.);
#5960=EDGE_CURVE('',#4644,#4643,#3720,.T.);
#5961=EDGE_CURVE('',#4121,#4644,#2104,.T.);
#5962=EDGE_CURVE('',#4645,#4644,#2105,.T.);
#5963=EDGE_CURVE('',#4122,#4645,#2106,.T.);
#5964=EDGE_CURVE('',#4646,#4645,#3721,.T.);
#5965=EDGE_CURVE('',#4123,#4646,#2107,.T.);
#5966=EDGE_CURVE('',#4647,#4646,#2108,.T.);
#5967=EDGE_CURVE('',#4124,#4647,#2109,.T.);
#5968=EDGE_CURVE('',#4648,#4647,#3722,.T.);
#5969=EDGE_CURVE('',#4125,#4648,#2110,.T.);
#5970=EDGE_CURVE('',#4622,#4648,#2111,.T.);
#5971=EDGE_CURVE('',#4203,#4649,#2112,.T.);
#5972=EDGE_CURVE('',#4650,#4649,#3723,.T.);
#5973=EDGE_CURVE('',#4204,#4650,#2113,.T.);
#5974=EDGE_CURVE('',#4651,#4650,#2114,.T.);
#5975=EDGE_CURVE('',#4205,#4651,#2115,.T.);
#5976=EDGE_CURVE('',#4652,#4651,#3724,.T.);
#5977=EDGE_CURVE('',#4206,#4652,#2116,.T.);
#5978=EDGE_CURVE('',#4653,#4652,#2117,.T.);
#5979=EDGE_CURVE('',#4207,#4653,#2118,.T.);
#5980=EDGE_CURVE('',#4654,#4653,#3725,.T.);
#5981=EDGE_CURVE('',#4208,#4654,#2119,.T.);
#5982=EDGE_CURVE('',#4655,#4654,#2120,.T.);
#5983=EDGE_CURVE('',#4209,#4655,#2121,.T.);
#5984=EDGE_CURVE('',#4288,#4655,#3726,.T.);
#5985=EDGE_CURVE('',#4656,#4289,#2122,.T.);
#5986=EDGE_CURVE('',#4168,#4656,#2123,.T.);
#5987=EDGE_CURVE('',#4657,#4656,#3727,.T.);
#5988=EDGE_CURVE('',#4169,#4657,#2124,.T.);
#5989=EDGE_CURVE('',#4658,#4657,#2125,.T.);
#5990=EDGE_CURVE('',#4170,#4658,#2126,.T.);
#5991=EDGE_CURVE('',#4659,#4658,#3728,.T.);
#5992=EDGE_CURVE('',#4171,#4659,#2127,.T.);
#5993=EDGE_CURVE('',#4660,#4659,#2128,.T.);
#5994=EDGE_CURVE('',#4172,#4660,#2129,.T.);
#5995=EDGE_CURVE('',#4661,#4660,#3729,.T.);
#5996=EDGE_CURVE('',#4173,#4661,#2130,.T.);
#5997=EDGE_CURVE('',#4662,#4661,#2131,.T.);
#5998=EDGE_CURVE('',#4174,#4662,#2132,.T.);
#5999=EDGE_CURVE('',#4663,#4662,#3730,.T.);
#6000=EDGE_CURVE('',#4175,#4663,#2133,.T.);
#6001=EDGE_CURVE('',#4664,#4663,#2134,.T.);
#6002=EDGE_CURVE('',#4176,#4664,#2135,.T.);
#6003=EDGE_CURVE('',#4665,#4664,#3731,.T.);
#6004=EDGE_CURVE('',#4177,#4665,#2136,.T.);
#6005=EDGE_CURVE('',#4666,#4665,#2137,.T.);
#6006=EDGE_CURVE('',#4178,#4666,#2138,.T.);
#6007=EDGE_CURVE('',#4667,#4666,#3732,.T.);
#6008=EDGE_CURVE('',#4179,#4667,#2139,.T.);
#6009=EDGE_CURVE('',#4668,#4667,#2140,.T.);
#6010=EDGE_CURVE('',#4180,#4668,#2141,.T.);
#6011=EDGE_CURVE('',#4298,#4668,#3733,.T.);
#6012=EDGE_CURVE('',#4439,#4462,#2142,.T.);
#6013=EDGE_CURVE('',#4303,#4460,#2143,.T.);
#6014=EDGE_CURVE('',#4669,#4332,#2144,.T.);
#6015=EDGE_CURVE('',#4196,#4669,#2145,.T.);
#6016=EDGE_CURVE('',#4670,#4669,#3734,.T.);
#6017=EDGE_CURVE('',#4197,#4670,#2146,.T.);
#6018=EDGE_CURVE('',#4671,#4670,#3735,.T.);
#6019=EDGE_CURVE('',#4198,#4671,#2147,.T.);
#6020=EDGE_CURVE('',#4672,#4671,#2148,.T.);
#6021=EDGE_CURVE('',#4199,#4672,#2149,.T.);
#6022=EDGE_CURVE('',#4673,#4672,#3736,.T.);
#6023=EDGE_CURVE('',#4200,#4673,#2150,.T.);
#6024=EDGE_CURVE('',#4674,#4673,#2151,.T.);
#6025=EDGE_CURVE('',#4201,#4674,#2152,.T.);
#6026=EDGE_CURVE('',#4675,#4674,#3737,.T.);
#6027=EDGE_CURVE('',#4202,#4675,#2153,.T.);
#6028=EDGE_CURVE('',#4649,#4675,#2154,.T.);
#6029=EDGE_CURVE('',#4347,#4346,#2155,.T.);
#6030=EDGE_CURVE('',#4309,#4467,#2156,.T.);
#6031=EDGE_CURVE('',#4345,#4308,#2157,.T.);
#6032=EDGE_CURVE('',#3939,#4676,#2158,.T.);
#6033=EDGE_CURVE('',#4677,#4676,#2159,.T.);
#6034=EDGE_CURVE('',#3940,#4677,#2160,.T.);
#6035=EDGE_CURVE('',#4678,#4677,#3738,.T.);
#6036=EDGE_CURVE('',#3941,#4678,#2161,.T.);
#6037=EDGE_CURVE('',#4679,#4678,#2162,.T.);
#6038=EDGE_CURVE('',#3942,#4679,#2163,.T.);
#6039=EDGE_CURVE('',#4680,#4679,#3739,.T.);
#6040=EDGE_CURVE('',#3943,#4680,#2164,.T.);
#6041=EDGE_CURVE('',#4681,#4680,#2165,.T.);
#6042=EDGE_CURVE('',#3944,#4681,#2166,.T.);
#6043=EDGE_CURVE('',#4682,#4681,#3740,.T.);
#6044=EDGE_CURVE('',#3945,#4682,#2167,.T.);
#6045=EDGE_CURVE('',#4683,#4682,#2168,.T.);
#6046=EDGE_CURVE('',#3946,#4683,#2169,.T.);
#6047=EDGE_CURVE('',#4684,#4683,#3741,.T.);
#6048=EDGE_CURVE('',#3947,#4684,#2170,.T.);
#6049=EDGE_CURVE('',#4685,#4684,#2171,.T.);
#6050=EDGE_CURVE('',#3948,#4685,#2172,.T.);
#6051=EDGE_CURVE('',#4686,#4685,#3742,.T.);
#6052=EDGE_CURVE('',#3949,#4686,#2173,.T.);
#6053=EDGE_CURVE('',#4687,#4686,#2174,.T.);
#6054=EDGE_CURVE('',#3950,#4687,#2175,.T.);
#6055=EDGE_CURVE('',#4688,#4687,#3743,.T.);
#6056=EDGE_CURVE('',#3951,#4688,#2176,.T.);
#6057=EDGE_CURVE('',#4689,#4688,#2177,.T.);
#6058=EDGE_CURVE('',#3952,#4689,#2178,.T.);
#6059=EDGE_CURVE('',#4690,#4689,#3744,.T.);
#6060=EDGE_CURVE('',#3953,#4690,#2179,.T.);
#6061=EDGE_CURVE('',#4283,#4690,#3745,.T.);
#6062=EDGE_CURVE('',#4691,#4284,#2180,.T.);
#6063=EDGE_CURVE('',#3811,#4691,#2181,.T.);
#6064=EDGE_CURVE('',#4692,#4691,#3746,.T.);
#6065=EDGE_CURVE('',#3812,#4692,#2182,.T.);
#6066=EDGE_CURVE('',#4693,#4692,#3747,.T.);
#6067=EDGE_CURVE('',#3813,#4693,#2183,.T.);
#6068=EDGE_CURVE('',#4694,#4693,#2184,.T.);
#6069=EDGE_CURVE('',#3814,#4694,#2185,.T.);
#6070=EDGE_CURVE('',#4695,#4694,#3748,.T.);
#6071=EDGE_CURVE('',#3815,#4695,#2186,.T.);
#6072=EDGE_CURVE('',#4696,#4695,#2187,.T.);
#6073=EDGE_CURVE('',#3816,#4696,#2188,.T.);
#6074=EDGE_CURVE('',#4697,#4696,#3749,.T.);
#6075=EDGE_CURVE('',#3817,#4697,#2189,.T.);
#6076=EDGE_CURVE('',#4698,#4697,#2190,.T.);
#6077=EDGE_CURVE('',#3818,#4698,#2191,.T.);
#6078=EDGE_CURVE('',#4699,#4698,#3750,.T.);
#6079=EDGE_CURVE('',#3819,#4699,#2192,.T.);
#6080=EDGE_CURVE('',#4700,#4699,#2193,.T.);
#6081=EDGE_CURVE('',#3820,#4700,#2194,.T.);
#6082=EDGE_CURVE('',#4701,#4700,#3751,.T.);
#6083=EDGE_CURVE('',#3821,#4701,#2195,.T.);
#6084=EDGE_CURVE('',#4702,#4701,#2196,.T.);
#6085=EDGE_CURVE('',#3822,#4702,#2197,.T.);
#6086=EDGE_CURVE('',#4703,#4702,#3752,.T.);
#6087=EDGE_CURVE('',#3823,#4703,#2198,.T.);
#6088=EDGE_CURVE('',#4704,#4703,#2199,.T.);
#6089=EDGE_CURVE('',#3824,#4704,#2200,.T.);
#6090=EDGE_CURVE('',#4705,#4704,#3753,.T.);
#6091=EDGE_CURVE('',#3825,#4705,#2201,.T.);
#6092=EDGE_CURVE('',#4706,#4705,#2202,.T.);
#6093=EDGE_CURVE('',#3826,#4706,#2203,.T.);
#6094=EDGE_CURVE('',#4707,#4706,#3754,.T.);
#6095=EDGE_CURVE('',#3827,#4707,#2204,.T.);
#6096=EDGE_CURVE('',#4708,#4707,#2205,.T.);
#6097=EDGE_CURVE('',#3828,#4708,#2206,.T.);
#6098=EDGE_CURVE('',#4709,#4708,#3755,.T.);
#6099=EDGE_CURVE('',#3829,#4709,#2207,.T.);
#6100=EDGE_CURVE('',#4710,#4709,#2208,.T.);
#6101=EDGE_CURVE('',#3830,#4710,#2209,.T.);
#6102=EDGE_CURVE('',#4711,#4710,#3756,.T.);
#6103=EDGE_CURVE('',#3831,#4711,#2210,.T.);
#6104=EDGE_CURVE('',#4712,#4711,#2211,.T.);
#6105=EDGE_CURVE('',#3832,#4712,#2212,.T.);
#6106=EDGE_CURVE('',#4713,#4712,#3757,.T.);
#6107=EDGE_CURVE('',#3833,#4713,#2213,.T.);
#6108=EDGE_CURVE('',#4714,#4713,#2214,.T.);
#6109=EDGE_CURVE('',#3834,#4714,#2215,.T.);
#6110=EDGE_CURVE('',#4715,#4714,#3758,.T.);
#6111=EDGE_CURVE('',#3835,#4715,#2216,.T.);
#6112=EDGE_CURVE('',#4716,#4715,#2217,.T.);
#6113=EDGE_CURVE('',#3836,#4716,#2218,.T.);
#6114=EDGE_CURVE('',#4717,#4716,#3759,.T.);
#6115=EDGE_CURVE('',#3837,#4717,#2219,.T.);
#6116=EDGE_CURVE('',#4718,#4717,#2220,.T.);
#6117=EDGE_CURVE('',#3838,#4718,#2221,.T.);
#6118=EDGE_CURVE('',#4719,#4718,#3760,.T.);
#6119=EDGE_CURVE('',#3839,#4719,#2222,.T.);
#6120=EDGE_CURVE('',#4290,#4719,#3761,.T.);
#6121=EDGE_CURVE('',#4248,#4246,#2223,.T.);
#6122=EDGE_CURVE('',#4720,#4287,#2224,.T.);
#6123=EDGE_CURVE('',#3849,#4720,#2225,.T.);
#6124=EDGE_CURVE('',#4721,#4720,#3762,.T.);
#6125=EDGE_CURVE('',#3850,#4721,#2226,.T.);
#6126=EDGE_CURVE('',#4722,#4721,#3763,.T.);
#6127=EDGE_CURVE('',#3851,#4722,#2227,.T.);
#6128=EDGE_CURVE('',#4723,#4722,#2228,.T.);
#6129=EDGE_CURVE('',#3852,#4723,#2229,.T.);
#6130=EDGE_CURVE('',#4724,#4723,#3764,.T.);
#6131=EDGE_CURVE('',#3853,#4724,#2230,.T.);
#6132=EDGE_CURVE('',#4725,#4724,#2231,.T.);
#6133=EDGE_CURVE('',#3854,#4725,#2232,.T.);
#6134=EDGE_CURVE('',#4726,#4725,#3765,.T.);
#6135=EDGE_CURVE('',#3855,#4726,#2233,.T.);
#6136=EDGE_CURVE('',#4727,#4726,#2234,.T.);
#6137=EDGE_CURVE('',#3856,#4727,#2235,.T.);
#6138=EDGE_CURVE('',#4728,#4727,#3766,.T.);
#6139=EDGE_CURVE('',#3857,#4728,#2236,.T.);
#6140=EDGE_CURVE('',#4729,#4728,#2237,.T.);
#6141=EDGE_CURVE('',#3858,#4729,#2238,.T.);
#6142=EDGE_CURVE('',#4730,#4729,#3767,.T.);
#6143=EDGE_CURVE('',#3859,#4730,#2239,.T.);
#6144=EDGE_CURVE('',#4731,#4730,#2240,.T.);
#6145=EDGE_CURVE('',#3860,#4731,#2241,.T.);
#6146=EDGE_CURVE('',#4732,#4731,#3768,.T.);
#6147=EDGE_CURVE('',#3861,#4732,#2242,.T.);
#6148=EDGE_CURVE('',#4733,#4732,#2243,.T.);
#6149=EDGE_CURVE('',#3862,#4733,#2244,.T.);
#6150=EDGE_CURVE('',#4734,#4733,#3769,.T.);
#6151=EDGE_CURVE('',#3863,#4734,#2245,.T.);
#6152=EDGE_CURVE('',#4735,#4734,#2246,.T.);
#6153=EDGE_CURVE('',#3864,#4735,#2247,.T.);
#6154=EDGE_CURVE('',#4736,#4735,#3770,.T.);
#6155=EDGE_CURVE('',#3865,#4736,#2248,.T.);
#6156=EDGE_CURVE('',#4737,#4736,#2249,.T.);
#6157=EDGE_CURVE('',#3866,#4737,#2250,.T.);
#6158=EDGE_CURVE('',#4738,#4737,#3771,.T.);
#6159=EDGE_CURVE('',#3867,#4738,#2251,.T.);
#6160=EDGE_CURVE('',#4739,#4738,#2252,.T.);
#6161=EDGE_CURVE('',#3868,#4739,#2253,.T.);
#6162=EDGE_CURVE('',#4740,#4739,#3772,.T.);
#6163=EDGE_CURVE('',#3869,#4740,#2254,.T.);
#6164=EDGE_CURVE('',#4741,#4740,#2255,.T.);
#6165=EDGE_CURVE('',#3870,#4741,#2256,.T.);
#6166=EDGE_CURVE('',#4742,#4741,#3773,.T.);
#6167=EDGE_CURVE('',#3871,#4742,#2257,.T.);
#6168=EDGE_CURVE('',#4743,#4742,#2258,.T.);
#6169=EDGE_CURVE('',#3872,#4743,#2259,.T.);
#6170=EDGE_CURVE('',#4744,#4743,#3774,.T.);
#6171=EDGE_CURVE('',#3873,#4744,#2260,.T.);
#6172=EDGE_CURVE('',#4745,#4744,#2261,.T.);
#6173=EDGE_CURVE('',#3874,#4745,#2262,.T.);
#6174=EDGE_CURVE('',#4746,#4745,#3775,.T.);
#6175=EDGE_CURVE('',#3875,#4746,#2263,.T.);
#6176=EDGE_CURVE('',#4747,#4746,#2264,.T.);
#6177=EDGE_CURVE('',#3876,#4747,#2265,.T.);
#6178=EDGE_CURVE('',#4748,#4747,#3776,.T.);
#6179=EDGE_CURVE('',#3877,#4748,#2266,.T.);
#6180=EDGE_CURVE('',#4275,#4748,#3777,.T.);
#6181=EDGE_CURVE('',#4261,#4256,#2267,.T.);
#6182=EDGE_CURVE('',#4749,#4277,#2268,.T.);
#6183=EDGE_CURVE('',#3887,#4749,#2269,.T.);
#6184=EDGE_CURVE('',#4750,#4749,#3778,.T.);
#6185=EDGE_CURVE('',#3888,#4750,#2270,.T.);
#6186=EDGE_CURVE('',#4751,#4750,#3779,.T.);
#6187=EDGE_CURVE('',#3889,#4751,#2271,.T.);
#6188=EDGE_CURVE('',#4752,#4751,#2272,.T.);
#6189=EDGE_CURVE('',#3890,#4752,#2273,.T.);
#6190=EDGE_CURVE('',#4753,#4752,#3780,.T.);
#6191=EDGE_CURVE('',#3891,#4753,#2274,.T.);
#6192=EDGE_CURVE('',#4754,#4753,#2275,.T.);
#6193=EDGE_CURVE('',#3892,#4754,#2276,.T.);
#6194=EDGE_CURVE('',#4755,#4754,#3781,.T.);
#6195=EDGE_CURVE('',#3893,#4755,#2277,.T.);
#6196=EDGE_CURVE('',#4756,#4755,#2278,.T.);
#6197=EDGE_CURVE('',#3894,#4756,#2279,.T.);
#6198=EDGE_CURVE('',#4757,#4756,#3782,.T.);
#6199=EDGE_CURVE('',#3895,#4757,#2280,.T.);
#6200=EDGE_CURVE('',#4758,#4757,#2281,.T.);
#6201=EDGE_CURVE('',#3896,#4758,#2282,.T.);
#6202=EDGE_CURVE('',#4759,#4758,#3783,.T.);
#6203=EDGE_CURVE('',#3897,#4759,#2283,.T.);
#6204=EDGE_CURVE('',#4760,#4759,#2284,.T.);
#6205=EDGE_CURVE('',#3898,#4760,#2285,.T.);
#6206=EDGE_CURVE('',#4761,#4760,#3784,.T.);
#6207=EDGE_CURVE('',#3899,#4761,#2286,.T.);
#6208=EDGE_CURVE('',#4762,#4761,#2287,.T.);
#6209=EDGE_CURVE('',#3900,#4762,#2288,.T.);
#6210=EDGE_CURVE('',#4548,#4762,#3785,.T.);
#6211=EDGE_CURVE('',#4763,#4549,#3786,.T.);
#6212=EDGE_CURVE('',#3903,#4763,#2289,.T.);
#6213=EDGE_CURVE('',#4764,#4763,#2290,.T.);
#6214=EDGE_CURVE('',#3904,#4764,#2291,.T.);
#6215=EDGE_CURVE('',#4765,#4764,#3787,.T.);
#6216=EDGE_CURVE('',#3905,#4765,#2292,.T.);
#6217=EDGE_CURVE('',#4766,#4765,#2293,.T.);
#6218=EDGE_CURVE('',#3906,#4766,#2294,.T.);
#6219=EDGE_CURVE('',#4767,#4766,#3788,.T.);
#6220=EDGE_CURVE('',#3907,#4767,#2295,.T.);
#6221=EDGE_CURVE('',#4768,#4767,#2296,.T.);
#6222=EDGE_CURVE('',#3908,#4768,#2297,.T.);
#6223=EDGE_CURVE('',#4769,#4768,#3789,.T.);
#6224=EDGE_CURVE('',#3909,#4769,#2298,.T.);
#6225=EDGE_CURVE('',#4770,#4769,#2299,.T.);
#6226=EDGE_CURVE('',#3910,#4770,#2300,.T.);
#6227=EDGE_CURVE('',#4771,#4770,#3790,.T.);
#6228=EDGE_CURVE('',#3911,#4771,#2301,.T.);
#6229=EDGE_CURVE('',#4772,#4771,#2302,.T.);
#6230=EDGE_CURVE('',#3912,#4772,#2303,.T.);
#6231=EDGE_CURVE('',#4773,#4772,#3791,.T.);
#6232=EDGE_CURVE('',#3913,#4773,#2304,.T.);
#6233=EDGE_CURVE('',#4774,#4773,#2305,.T.);
#6234=EDGE_CURVE('',#3914,#4774,#2306,.T.);
#6235=EDGE_CURVE('',#4775,#4774,#3792,.T.);
#6236=EDGE_CURVE('',#3915,#4775,#2307,.T.);
#6237=EDGE_CURVE('',#4279,#4775,#3793,.T.);
#6238=EDGE_CURVE('',#4776,#4282,#2308,.T.);
#6239=EDGE_CURVE('',#3925,#4776,#2309,.T.);
#6240=EDGE_CURVE('',#4777,#4776,#3794,.T.);
#6241=EDGE_CURVE('',#3926,#4777,#2310,.T.);
#6242=EDGE_CURVE('',#4778,#4777,#3795,.T.);
#6243=EDGE_CURVE('',#3927,#4778,#2311,.T.);
#6244=EDGE_CURVE('',#4779,#4778,#2312,.T.);
#6245=EDGE_CURVE('',#3928,#4779,#2313,.T.);
#6246=EDGE_CURVE('',#4780,#4779,#3796,.T.);
#6247=EDGE_CURVE('',#3929,#4780,#2314,.T.);
#6248=EDGE_CURVE('',#4781,#4780,#2315,.T.);
#6249=EDGE_CURVE('',#3930,#4781,#2316,.T.);
#6250=EDGE_CURVE('',#4782,#4781,#3797,.T.);
#6251=EDGE_CURVE('',#3931,#4782,#2317,.T.);
#6252=EDGE_CURVE('',#4783,#4782,#2318,.T.);
#6253=EDGE_CURVE('',#3932,#4783,#2319,.T.);
#6254=EDGE_CURVE('',#4784,#4783,#3798,.T.);
#6255=EDGE_CURVE('',#3933,#4784,#2320,.T.);
#6256=EDGE_CURVE('',#4785,#4784,#2321,.T.);
#6257=EDGE_CURVE('',#3934,#4785,#2322,.T.);
#6258=EDGE_CURVE('',#4786,#4785,#3799,.T.);
#6259=EDGE_CURVE('',#3935,#4786,#2323,.T.);
#6260=EDGE_CURVE('',#4787,#4786,#2324,.T.);
#6261=EDGE_CURVE('',#3936,#4787,#2325,.T.);
#6262=EDGE_CURVE('',#4788,#4787,#3800,.T.);
#6263=EDGE_CURVE('',#3937,#4788,#2326,.T.);
#6264=EDGE_CURVE('',#4789,#4788,#2327,.T.);
#6265=EDGE_CURVE('',#3938,#4789,#2328,.T.);
#6266=EDGE_CURVE('',#4676,#4789,#3801,.T.);
#6267=ORIENTED_EDGE('',*,*,#4790,.T.);
#6268=ORIENTED_EDGE('',*,*,#4791,.T.);
#6269=ORIENTED_EDGE('',*,*,#4792,.T.);
#6270=ORIENTED_EDGE('',*,*,#4793,.T.);
#6271=ORIENTED_EDGE('',*,*,#4793,.F.);
#6272=ORIENTED_EDGE('',*,*,#4794,.F.);
#6273=ORIENTED_EDGE('',*,*,#4795,.F.);
#6274=ORIENTED_EDGE('',*,*,#4796,.F.);
#6275=ORIENTED_EDGE('',*,*,#4792,.F.);
#6276=ORIENTED_EDGE('',*,*,#4797,.T.);
#6277=ORIENTED_EDGE('',*,*,#4798,.F.);
#6278=ORIENTED_EDGE('',*,*,#4799,.F.);
#6279=ORIENTED_EDGE('',*,*,#4800,.T.);
#6280=ORIENTED_EDGE('',*,*,#4801,.T.);
#6281=ORIENTED_EDGE('',*,*,#4802,.F.);
#6282=ORIENTED_EDGE('',*,*,#4803,.T.);
#6283=ORIENTED_EDGE('',*,*,#4804,.T.);
#6284=ORIENTED_EDGE('',*,*,#4805,.T.);
#6285=ORIENTED_EDGE('',*,*,#4806,.F.);
#6286=ORIENTED_EDGE('',*,*,#4807,.T.);
#6287=ORIENTED_EDGE('',*,*,#4808,.T.);
#6288=ORIENTED_EDGE('',*,*,#4809,.T.);
#6289=ORIENTED_EDGE('',*,*,#4810,.F.);
#6290=ORIENTED_EDGE('',*,*,#4811,.T.);
#6291=ORIENTED_EDGE('',*,*,#4812,.T.);
#6292=ORIENTED_EDGE('',*,*,#4813,.F.);
#6293=ORIENTED_EDGE('',*,*,#4814,.F.);
#6294=ORIENTED_EDGE('',*,*,#4815,.T.);
#6295=ORIENTED_EDGE('',*,*,#4816,.F.);
#6296=ORIENTED_EDGE('',*,*,#4817,.T.);
#6297=ORIENTED_EDGE('',*,*,#4818,.T.);
#6298=ORIENTED_EDGE('',*,*,#4819,.T.);
#6299=ORIENTED_EDGE('',*,*,#4820,.F.);
#6300=ORIENTED_EDGE('',*,*,#4821,.T.);
#6301=ORIENTED_EDGE('',*,*,#4822,.T.);
#6302=ORIENTED_EDGE('',*,*,#4823,.T.);
#6303=ORIENTED_EDGE('',*,*,#4824,.F.);
#6304=ORIENTED_EDGE('',*,*,#4825,.T.);
#6305=ORIENTED_EDGE('',*,*,#4826,.T.);
#6306=ORIENTED_EDGE('',*,*,#4827,.T.);
#6307=ORIENTED_EDGE('',*,*,#4828,.F.);
#6308=ORIENTED_EDGE('',*,*,#4829,.T.);
#6309=ORIENTED_EDGE('',*,*,#4830,.T.);
#6310=ORIENTED_EDGE('',*,*,#4831,.F.);
#6311=ORIENTED_EDGE('',*,*,#4832,.F.);
#6312=ORIENTED_EDGE('',*,*,#4833,.F.);
#6313=ORIENTED_EDGE('',*,*,#4834,.F.);
#6314=ORIENTED_EDGE('',*,*,#4835,.F.);
#6315=ORIENTED_EDGE('',*,*,#4836,.F.);
#6316=ORIENTED_EDGE('',*,*,#4837,.F.);
#6317=ORIENTED_EDGE('',*,*,#4838,.T.);
#6318=ORIENTED_EDGE('',*,*,#4839,.T.);
#6319=ORIENTED_EDGE('',*,*,#4840,.F.);
#6320=ORIENTED_EDGE('',*,*,#4841,.T.);
#6321=ORIENTED_EDGE('',*,*,#4842,.T.);
#6322=ORIENTED_EDGE('',*,*,#4843,.T.);
#6323=ORIENTED_EDGE('',*,*,#4844,.F.);
#6324=ORIENTED_EDGE('',*,*,#4845,.T.);
#6325=ORIENTED_EDGE('',*,*,#4846,.T.);
#6326=ORIENTED_EDGE('',*,*,#4847,.T.);
#6327=ORIENTED_EDGE('',*,*,#4848,.F.);
#6328=ORIENTED_EDGE('',*,*,#4849,.T.);
#6329=ORIENTED_EDGE('',*,*,#4850,.T.);
#6330=ORIENTED_EDGE('',*,*,#4851,.F.);
#6331=ORIENTED_EDGE('',*,*,#4852,.F.);
#6332=ORIENTED_EDGE('',*,*,#4853,.T.);
#6333=ORIENTED_EDGE('',*,*,#4854,.F.);
#6334=ORIENTED_EDGE('',*,*,#4855,.T.);
#6335=ORIENTED_EDGE('',*,*,#4856,.T.);
#6336=ORIENTED_EDGE('',*,*,#4857,.T.);
#6337=ORIENTED_EDGE('',*,*,#4858,.F.);
#6338=ORIENTED_EDGE('',*,*,#4859,.T.);
#6339=ORIENTED_EDGE('',*,*,#4860,.T.);
#6340=ORIENTED_EDGE('',*,*,#4861,.T.);
#6341=ORIENTED_EDGE('',*,*,#4862,.F.);
#6342=ORIENTED_EDGE('',*,*,#4863,.T.);
#6343=ORIENTED_EDGE('',*,*,#4864,.T.);
#6344=ORIENTED_EDGE('',*,*,#4865,.T.);
#6345=ORIENTED_EDGE('',*,*,#4866,.F.);
#6346=ORIENTED_EDGE('',*,*,#4867,.T.);
#6347=ORIENTED_EDGE('',*,*,#4868,.T.);
#6348=ORIENTED_EDGE('',*,*,#4869,.F.);
#6349=ORIENTED_EDGE('',*,*,#4870,.F.);
#6350=ORIENTED_EDGE('',*,*,#4871,.T.);
#6351=ORIENTED_EDGE('',*,*,#4872,.F.);
#6352=ORIENTED_EDGE('',*,*,#4873,.T.);
#6353=ORIENTED_EDGE('',*,*,#4874,.F.);
#6354=ORIENTED_EDGE('',*,*,#4875,.F.);
#6355=ORIENTED_EDGE('',*,*,#4876,.T.);
#6356=ORIENTED_EDGE('',*,*,#4877,.T.);
#6357=ORIENTED_EDGE('',*,*,#4878,.F.);
#6358=ORIENTED_EDGE('',*,*,#4879,.T.);
#6359=ORIENTED_EDGE('',*,*,#4880,.T.);
#6360=ORIENTED_EDGE('',*,*,#4881,.T.);
#6361=ORIENTED_EDGE('',*,*,#4882,.F.);
#6362=ORIENTED_EDGE('',*,*,#4883,.T.);
#6363=ORIENTED_EDGE('',*,*,#4884,.T.);
#6364=ORIENTED_EDGE('',*,*,#4885,.T.);
#6365=ORIENTED_EDGE('',*,*,#4886,.F.);
#6366=ORIENTED_EDGE('',*,*,#4887,.T.);
#6367=ORIENTED_EDGE('',*,*,#4888,.T.);
#6368=ORIENTED_EDGE('',*,*,#4889,.F.);
#6369=ORIENTED_EDGE('',*,*,#4890,.F.);
#6370=ORIENTED_EDGE('',*,*,#4891,.T.);
#6371=ORIENTED_EDGE('',*,*,#4892,.F.);
#6372=ORIENTED_EDGE('',*,*,#4893,.T.);
#6373=ORIENTED_EDGE('',*,*,#4894,.T.);
#6374=ORIENTED_EDGE('',*,*,#4895,.T.);
#6375=ORIENTED_EDGE('',*,*,#4896,.F.);
#6376=ORIENTED_EDGE('',*,*,#4897,.T.);
#6377=ORIENTED_EDGE('',*,*,#4898,.T.);
#6378=ORIENTED_EDGE('',*,*,#4899,.T.);
#6379=ORIENTED_EDGE('',*,*,#4900,.F.);
#6380=ORIENTED_EDGE('',*,*,#4901,.T.);
#6381=ORIENTED_EDGE('',*,*,#4902,.T.);
#6382=ORIENTED_EDGE('',*,*,#4903,.T.);
#6383=ORIENTED_EDGE('',*,*,#4904,.F.);
#6384=ORIENTED_EDGE('',*,*,#4905,.T.);
#6385=ORIENTED_EDGE('',*,*,#4906,.F.);
#6386=ORIENTED_EDGE('',*,*,#4907,.F.);
#6387=ORIENTED_EDGE('',*,*,#4908,.F.);
#6388=ORIENTED_EDGE('',*,*,#4909,.T.);
#6389=ORIENTED_EDGE('',*,*,#4910,.F.);
#6390=ORIENTED_EDGE('',*,*,#4911,.T.);
#6391=ORIENTED_EDGE('',*,*,#4912,.F.);
#6392=ORIENTED_EDGE('',*,*,#4913,.F.);
#6393=ORIENTED_EDGE('',*,*,#4914,.T.);
#6394=ORIENTED_EDGE('',*,*,#4915,.T.);
#6395=ORIENTED_EDGE('',*,*,#4916,.F.);
#6396=ORIENTED_EDGE('',*,*,#4917,.T.);
#6397=ORIENTED_EDGE('',*,*,#4918,.T.);
#6398=ORIENTED_EDGE('',*,*,#4919,.T.);
#6399=ORIENTED_EDGE('',*,*,#4920,.F.);
#6400=ORIENTED_EDGE('',*,*,#4921,.T.);
#6401=ORIENTED_EDGE('',*,*,#4922,.T.);
#6402=ORIENTED_EDGE('',*,*,#4923,.T.);
#6403=ORIENTED_EDGE('',*,*,#4924,.F.);
#6404=ORIENTED_EDGE('',*,*,#4925,.T.);
#6405=ORIENTED_EDGE('',*,*,#4926,.T.);
#6406=ORIENTED_EDGE('',*,*,#4927,.F.);
#6407=ORIENTED_EDGE('',*,*,#4928,.F.);
#6408=ORIENTED_EDGE('',*,*,#4929,.T.);
#6409=ORIENTED_EDGE('',*,*,#4930,.F.);
#6410=ORIENTED_EDGE('',*,*,#4931,.T.);
#6411=ORIENTED_EDGE('',*,*,#4932,.T.);
#6412=ORIENTED_EDGE('',*,*,#4933,.T.);
#6413=ORIENTED_EDGE('',*,*,#4934,.F.);
#6414=ORIENTED_EDGE('',*,*,#4935,.T.);
#6415=ORIENTED_EDGE('',*,*,#4936,.T.);
#6416=ORIENTED_EDGE('',*,*,#4937,.T.);
#6417=ORIENTED_EDGE('',*,*,#4938,.F.);
#6418=ORIENTED_EDGE('',*,*,#4939,.T.);
#6419=ORIENTED_EDGE('',*,*,#4940,.T.);
#6420=ORIENTED_EDGE('',*,*,#4941,.T.);
#6421=ORIENTED_EDGE('',*,*,#4942,.F.);
#6422=ORIENTED_EDGE('',*,*,#4943,.T.);
#6423=ORIENTED_EDGE('',*,*,#4944,.F.);
#6424=ORIENTED_EDGE('',*,*,#4945,.F.);
#6425=ORIENTED_EDGE('',*,*,#4946,.F.);
#6426=ORIENTED_EDGE('',*,*,#4794,.T.);
#6427=ORIENTED_EDGE('',*,*,#4947,.T.);
#6428=ORIENTED_EDGE('',*,*,#4948,.F.);
#6429=ORIENTED_EDGE('',*,*,#4949,.T.);
#6430=ORIENTED_EDGE('',*,*,#4950,.F.);
#6431=ORIENTED_EDGE('',*,*,#4951,.T.);
#6432=ORIENTED_EDGE('',*,*,#4952,.T.);
#6433=ORIENTED_EDGE('',*,*,#4953,.T.);
#6434=ORIENTED_EDGE('',*,*,#4954,.T.);
#6435=ORIENTED_EDGE('',*,*,#4955,.F.);
#6436=ORIENTED_EDGE('',*,*,#4956,.T.);
#6437=ORIENTED_EDGE('',*,*,#4957,.F.);
#6438=ORIENTED_EDGE('',*,*,#4958,.F.);
#6439=ORIENTED_EDGE('',*,*,#4959,.F.);
#6440=ORIENTED_EDGE('',*,*,#4960,.F.);
#6441=ORIENTED_EDGE('',*,*,#4961,.F.);
#6442=ORIENTED_EDGE('',*,*,#4962,.F.);
#6443=ORIENTED_EDGE('',*,*,#4963,.F.);
#6444=ORIENTED_EDGE('',*,*,#4964,.F.);
#6445=ORIENTED_EDGE('',*,*,#4965,.F.);
#6446=ORIENTED_EDGE('',*,*,#4966,.F.);
#6447=ORIENTED_EDGE('',*,*,#4967,.F.);
#6448=ORIENTED_EDGE('',*,*,#4968,.F.);
#6449=ORIENTED_EDGE('',*,*,#4969,.F.);
#6450=ORIENTED_EDGE('',*,*,#4970,.F.);
#6451=ORIENTED_EDGE('',*,*,#4971,.F.);
#6452=ORIENTED_EDGE('',*,*,#4972,.F.);
#6453=ORIENTED_EDGE('',*,*,#4973,.F.);
#6454=ORIENTED_EDGE('',*,*,#4974,.F.);
#6455=ORIENTED_EDGE('',*,*,#4975,.F.);
#6456=ORIENTED_EDGE('',*,*,#4976,.F.);
#6457=ORIENTED_EDGE('',*,*,#4977,.F.);
#6458=ORIENTED_EDGE('',*,*,#4978,.F.);
#6459=ORIENTED_EDGE('',*,*,#4979,.F.);
#6460=ORIENTED_EDGE('',*,*,#4980,.F.);
#6461=ORIENTED_EDGE('',*,*,#4981,.F.);
#6462=ORIENTED_EDGE('',*,*,#4982,.F.);
#6463=ORIENTED_EDGE('',*,*,#4983,.F.);
#6464=ORIENTED_EDGE('',*,*,#4984,.F.);
#6465=ORIENTED_EDGE('',*,*,#4985,.F.);
#6466=ORIENTED_EDGE('',*,*,#4986,.F.);
#6467=ORIENTED_EDGE('',*,*,#4987,.F.);
#6468=ORIENTED_EDGE('',*,*,#4988,.F.);
#6469=ORIENTED_EDGE('',*,*,#4989,.F.);
#6470=ORIENTED_EDGE('',*,*,#4990,.T.);
#6471=ORIENTED_EDGE('',*,*,#4991,.F.);
#6472=ORIENTED_EDGE('',*,*,#4992,.F.);
#6473=ORIENTED_EDGE('',*,*,#4993,.F.);
#6474=ORIENTED_EDGE('',*,*,#4994,.F.);
#6475=ORIENTED_EDGE('',*,*,#4995,.F.);
#6476=ORIENTED_EDGE('',*,*,#4996,.T.);
#6477=ORIENTED_EDGE('',*,*,#4997,.F.);
#6478=ORIENTED_EDGE('',*,*,#4998,.F.);
#6479=ORIENTED_EDGE('',*,*,#4999,.F.);
#6480=ORIENTED_EDGE('',*,*,#5000,.F.);
#6481=ORIENTED_EDGE('',*,*,#5001,.F.);
#6482=ORIENTED_EDGE('',*,*,#5002,.F.);
#6483=ORIENTED_EDGE('',*,*,#5003,.F.);
#6484=ORIENTED_EDGE('',*,*,#5004,.F.);
#6485=ORIENTED_EDGE('',*,*,#5005,.F.);
#6486=ORIENTED_EDGE('',*,*,#5006,.F.);
#6487=ORIENTED_EDGE('',*,*,#5007,.F.);
#6488=ORIENTED_EDGE('',*,*,#5008,.F.);
#6489=ORIENTED_EDGE('',*,*,#5009,.F.);
#6490=ORIENTED_EDGE('',*,*,#5010,.F.);
#6491=ORIENTED_EDGE('',*,*,#5011,.F.);
#6492=ORIENTED_EDGE('',*,*,#5012,.F.);
#6493=ORIENTED_EDGE('',*,*,#5013,.F.);
#6494=ORIENTED_EDGE('',*,*,#5014,.F.);
#6495=ORIENTED_EDGE('',*,*,#5015,.F.);
#6496=ORIENTED_EDGE('',*,*,#5016,.F.);
#6497=ORIENTED_EDGE('',*,*,#5017,.F.);
#6498=ORIENTED_EDGE('',*,*,#5018,.F.);
#6499=ORIENTED_EDGE('',*,*,#5019,.T.);
#6500=ORIENTED_EDGE('',*,*,#5020,.F.);
#6501=ORIENTED_EDGE('',*,*,#5021,.T.);
#6502=ORIENTED_EDGE('',*,*,#5022,.F.);
#6503=ORIENTED_EDGE('',*,*,#5023,.F.);
#6504=ORIENTED_EDGE('',*,*,#5024,.F.);
#6505=ORIENTED_EDGE('',*,*,#5025,.F.);
#6506=ORIENTED_EDGE('',*,*,#5026,.F.);
#6507=ORIENTED_EDGE('',*,*,#5027,.F.);
#6508=ORIENTED_EDGE('',*,*,#5028,.F.);
#6509=ORIENTED_EDGE('',*,*,#5029,.T.);
#6510=ORIENTED_EDGE('',*,*,#5030,.F.);
#6511=ORIENTED_EDGE('',*,*,#5031,.F.);
#6512=ORIENTED_EDGE('',*,*,#5032,.F.);
#6513=ORIENTED_EDGE('',*,*,#5033,.F.);
#6514=ORIENTED_EDGE('',*,*,#5034,.F.);
#6515=ORIENTED_EDGE('',*,*,#5035,.F.);
#6516=ORIENTED_EDGE('',*,*,#5036,.F.);
#6517=ORIENTED_EDGE('',*,*,#5037,.F.);
#6518=ORIENTED_EDGE('',*,*,#5038,.F.);
#6519=ORIENTED_EDGE('',*,*,#5039,.F.);
#6520=ORIENTED_EDGE('',*,*,#5040,.F.);
#6521=ORIENTED_EDGE('',*,*,#5041,.F.);
#6522=ORIENTED_EDGE('',*,*,#5042,.F.);
#6523=ORIENTED_EDGE('',*,*,#5043,.F.);
#6524=ORIENTED_EDGE('',*,*,#5044,.F.);
#6525=ORIENTED_EDGE('',*,*,#5045,.F.);
#6526=ORIENTED_EDGE('',*,*,#5046,.F.);
#6527=ORIENTED_EDGE('',*,*,#5047,.F.);
#6528=ORIENTED_EDGE('',*,*,#5048,.F.);
#6529=ORIENTED_EDGE('',*,*,#5049,.F.);
#6530=ORIENTED_EDGE('',*,*,#5050,.F.);
#6531=ORIENTED_EDGE('',*,*,#5051,.F.);
#6532=ORIENTED_EDGE('',*,*,#5052,.F.);
#6533=ORIENTED_EDGE('',*,*,#5053,.F.);
#6534=ORIENTED_EDGE('',*,*,#5054,.F.);
#6535=ORIENTED_EDGE('',*,*,#5055,.F.);
#6536=ORIENTED_EDGE('',*,*,#5056,.F.);
#6537=ORIENTED_EDGE('',*,*,#5057,.F.);
#6538=ORIENTED_EDGE('',*,*,#5058,.F.);
#6539=ORIENTED_EDGE('',*,*,#5059,.F.);
#6540=ORIENTED_EDGE('',*,*,#5060,.F.);
#6541=ORIENTED_EDGE('',*,*,#5061,.F.);
#6542=ORIENTED_EDGE('',*,*,#5062,.F.);
#6543=ORIENTED_EDGE('',*,*,#5063,.F.);
#6544=ORIENTED_EDGE('',*,*,#5064,.F.);
#6545=ORIENTED_EDGE('',*,*,#5065,.F.);
#6546=ORIENTED_EDGE('',*,*,#5066,.F.);
#6547=ORIENTED_EDGE('',*,*,#5067,.F.);
#6548=ORIENTED_EDGE('',*,*,#5068,.F.);
#6549=ORIENTED_EDGE('',*,*,#5069,.F.);
#6550=ORIENTED_EDGE('',*,*,#5070,.F.);
#6551=ORIENTED_EDGE('',*,*,#5071,.T.);
#6552=ORIENTED_EDGE('',*,*,#5072,.F.);
#6553=ORIENTED_EDGE('',*,*,#5073,.F.);
#6554=ORIENTED_EDGE('',*,*,#5074,.F.);
#6555=ORIENTED_EDGE('',*,*,#5075,.F.);
#6556=ORIENTED_EDGE('',*,*,#5076,.F.);
#6557=ORIENTED_EDGE('',*,*,#5077,.F.);
#6558=ORIENTED_EDGE('',*,*,#5078,.F.);
#6559=ORIENTED_EDGE('',*,*,#5079,.T.);
#6560=ORIENTED_EDGE('',*,*,#5080,.F.);
#6561=ORIENTED_EDGE('',*,*,#5081,.F.);
#6562=ORIENTED_EDGE('',*,*,#5082,.T.);
#6563=ORIENTED_EDGE('',*,*,#5083,.F.);
#6564=ORIENTED_EDGE('',*,*,#5084,.F.);
#6565=ORIENTED_EDGE('',*,*,#5085,.F.);
#6566=ORIENTED_EDGE('',*,*,#5086,.F.);
#6567=ORIENTED_EDGE('',*,*,#5087,.F.);
#6568=ORIENTED_EDGE('',*,*,#5088,.F.);
#6569=ORIENTED_EDGE('',*,*,#5089,.F.);
#6570=ORIENTED_EDGE('',*,*,#5090,.F.);
#6571=ORIENTED_EDGE('',*,*,#5091,.F.);
#6572=ORIENTED_EDGE('',*,*,#5092,.F.);
#6573=ORIENTED_EDGE('',*,*,#5093,.F.);
#6574=ORIENTED_EDGE('',*,*,#5094,.F.);
#6575=ORIENTED_EDGE('',*,*,#5095,.F.);
#6576=ORIENTED_EDGE('',*,*,#5096,.F.);
#6577=ORIENTED_EDGE('',*,*,#5097,.F.);
#6578=ORIENTED_EDGE('',*,*,#5098,.F.);
#6579=ORIENTED_EDGE('',*,*,#5099,.F.);
#6580=ORIENTED_EDGE('',*,*,#5100,.F.);
#6581=ORIENTED_EDGE('',*,*,#5101,.F.);
#6582=ORIENTED_EDGE('',*,*,#5102,.F.);
#6583=ORIENTED_EDGE('',*,*,#5103,.F.);
#6584=ORIENTED_EDGE('',*,*,#5104,.F.);
#6585=ORIENTED_EDGE('',*,*,#5105,.F.);
#6586=ORIENTED_EDGE('',*,*,#5106,.F.);
#6587=ORIENTED_EDGE('',*,*,#5107,.F.);
#6588=ORIENTED_EDGE('',*,*,#5108,.F.);
#6589=ORIENTED_EDGE('',*,*,#5109,.F.);
#6590=ORIENTED_EDGE('',*,*,#5110,.F.);
#6591=ORIENTED_EDGE('',*,*,#5111,.F.);
#6592=ORIENTED_EDGE('',*,*,#5112,.F.);
#6593=ORIENTED_EDGE('',*,*,#5113,.F.);
#6594=ORIENTED_EDGE('',*,*,#5114,.F.);
#6595=ORIENTED_EDGE('',*,*,#5115,.F.);
#6596=ORIENTED_EDGE('',*,*,#5116,.F.);
#6597=ORIENTED_EDGE('',*,*,#5117,.F.);
#6598=ORIENTED_EDGE('',*,*,#5118,.F.);
#6599=ORIENTED_EDGE('',*,*,#5119,.F.);
#6600=ORIENTED_EDGE('',*,*,#5120,.F.);
#6601=ORIENTED_EDGE('',*,*,#5121,.F.);
#6602=ORIENTED_EDGE('',*,*,#5122,.F.);
#6603=ORIENTED_EDGE('',*,*,#5123,.F.);
#6604=ORIENTED_EDGE('',*,*,#5124,.F.);
#6605=ORIENTED_EDGE('',*,*,#5125,.F.);
#6606=ORIENTED_EDGE('',*,*,#5126,.F.);
#6607=ORIENTED_EDGE('',*,*,#5127,.F.);
#6608=ORIENTED_EDGE('',*,*,#5128,.T.);
#6609=ORIENTED_EDGE('',*,*,#5129,.F.);
#6610=ORIENTED_EDGE('',*,*,#5130,.F.);
#6611=ORIENTED_EDGE('',*,*,#5131,.F.);
#6612=ORIENTED_EDGE('',*,*,#5132,.F.);
#6613=ORIENTED_EDGE('',*,*,#5133,.F.);
#6614=ORIENTED_EDGE('',*,*,#5134,.F.);
#6615=ORIENTED_EDGE('',*,*,#5135,.F.);
#6616=ORIENTED_EDGE('',*,*,#5136,.F.);
#6617=ORIENTED_EDGE('',*,*,#5137,.F.);
#6618=ORIENTED_EDGE('',*,*,#5138,.T.);
#6619=ORIENTED_EDGE('',*,*,#5139,.F.);
#6620=ORIENTED_EDGE('',*,*,#5140,.F.);
#6621=ORIENTED_EDGE('',*,*,#5141,.F.);
#6622=ORIENTED_EDGE('',*,*,#5142,.F.);
#6623=ORIENTED_EDGE('',*,*,#5143,.F.);
#6624=ORIENTED_EDGE('',*,*,#5144,.F.);
#6625=ORIENTED_EDGE('',*,*,#5145,.F.);
#6626=ORIENTED_EDGE('',*,*,#5146,.F.);
#6627=ORIENTED_EDGE('',*,*,#5147,.F.);
#6628=ORIENTED_EDGE('',*,*,#5148,.F.);
#6629=ORIENTED_EDGE('',*,*,#5149,.F.);
#6630=ORIENTED_EDGE('',*,*,#5150,.F.);
#6631=ORIENTED_EDGE('',*,*,#5151,.F.);
#6632=ORIENTED_EDGE('',*,*,#5152,.F.);
#6633=ORIENTED_EDGE('',*,*,#5153,.F.);
#6634=ORIENTED_EDGE('',*,*,#5154,.F.);
#6635=ORIENTED_EDGE('',*,*,#5155,.F.);
#6636=ORIENTED_EDGE('',*,*,#5156,.F.);
#6637=ORIENTED_EDGE('',*,*,#5157,.F.);
#6638=ORIENTED_EDGE('',*,*,#5158,.F.);
#6639=ORIENTED_EDGE('',*,*,#5159,.F.);
#6640=ORIENTED_EDGE('',*,*,#5160,.F.);
#6641=ORIENTED_EDGE('',*,*,#5161,.F.);
#6642=ORIENTED_EDGE('',*,*,#5162,.F.);
#6643=ORIENTED_EDGE('',*,*,#5163,.F.);
#6644=ORIENTED_EDGE('',*,*,#5164,.F.);
#6645=ORIENTED_EDGE('',*,*,#5165,.F.);
#6646=ORIENTED_EDGE('',*,*,#5166,.F.);
#6647=ORIENTED_EDGE('',*,*,#5167,.F.);
#6648=ORIENTED_EDGE('',*,*,#5168,.F.);
#6649=ORIENTED_EDGE('',*,*,#5169,.F.);
#6650=ORIENTED_EDGE('',*,*,#5170,.F.);
#6651=ORIENTED_EDGE('',*,*,#5171,.T.);
#6652=ORIENTED_EDGE('',*,*,#5172,.F.);
#6653=ORIENTED_EDGE('',*,*,#5173,.T.);
#6654=ORIENTED_EDGE('',*,*,#5174,.F.);
#6655=ORIENTED_EDGE('',*,*,#5175,.F.);
#6656=ORIENTED_EDGE('',*,*,#5176,.F.);
#6657=ORIENTED_EDGE('',*,*,#5177,.F.);
#6658=ORIENTED_EDGE('',*,*,#5178,.F.);
#6659=ORIENTED_EDGE('',*,*,#5179,.F.);
#6660=ORIENTED_EDGE('',*,*,#5180,.F.);
#6661=ORIENTED_EDGE('',*,*,#5181,.T.);
#6662=ORIENTED_EDGE('',*,*,#5182,.F.);
#6663=ORIENTED_EDGE('',*,*,#5183,.F.);
#6664=ORIENTED_EDGE('',*,*,#5184,.F.);
#6665=ORIENTED_EDGE('',*,*,#5185,.F.);
#6666=ORIENTED_EDGE('',*,*,#5186,.F.);
#6667=ORIENTED_EDGE('',*,*,#5187,.F.);
#6668=ORIENTED_EDGE('',*,*,#5188,.F.);
#6669=ORIENTED_EDGE('',*,*,#5189,.F.);
#6670=ORIENTED_EDGE('',*,*,#5190,.F.);
#6671=ORIENTED_EDGE('',*,*,#5191,.F.);
#6672=ORIENTED_EDGE('',*,*,#5192,.F.);
#6673=ORIENTED_EDGE('',*,*,#5193,.F.);
#6674=ORIENTED_EDGE('',*,*,#5194,.F.);
#6675=ORIENTED_EDGE('',*,*,#5195,.F.);
#6676=ORIENTED_EDGE('',*,*,#5196,.F.);
#6677=ORIENTED_EDGE('',*,*,#5197,.F.);
#6678=ORIENTED_EDGE('',*,*,#5198,.F.);
#6679=ORIENTED_EDGE('',*,*,#5199,.F.);
#6680=ORIENTED_EDGE('',*,*,#5200,.F.);
#6681=ORIENTED_EDGE('',*,*,#5201,.F.);
#6682=ORIENTED_EDGE('',*,*,#5202,.F.);
#6683=ORIENTED_EDGE('',*,*,#5203,.F.);
#6684=ORIENTED_EDGE('',*,*,#5204,.T.);
#6685=ORIENTED_EDGE('',*,*,#5205,.F.);
#6686=ORIENTED_EDGE('',*,*,#5206,.T.);
#6687=ORIENTED_EDGE('',*,*,#5207,.F.);
#6688=ORIENTED_EDGE('',*,*,#5208,.F.);
#6689=ORIENTED_EDGE('',*,*,#5209,.T.);
#6690=ORIENTED_EDGE('',*,*,#5210,.F.);
#6691=ORIENTED_EDGE('',*,*,#5211,.F.);
#6692=ORIENTED_EDGE('',*,*,#5212,.F.);
#6693=ORIENTED_EDGE('',*,*,#5213,.F.);
#6694=ORIENTED_EDGE('',*,*,#5214,.F.);
#6695=ORIENTED_EDGE('',*,*,#5215,.T.);
#6696=ORIENTED_EDGE('',*,*,#5216,.F.);
#6697=ORIENTED_EDGE('',*,*,#5217,.F.);
#6698=ORIENTED_EDGE('',*,*,#5218,.F.);
#6699=ORIENTED_EDGE('',*,*,#5219,.F.);
#6700=ORIENTED_EDGE('',*,*,#5220,.F.);
#6701=ORIENTED_EDGE('',*,*,#5221,.F.);
#6702=ORIENTED_EDGE('',*,*,#5222,.F.);
#6703=ORIENTED_EDGE('',*,*,#5223,.F.);
#6704=ORIENTED_EDGE('',*,*,#5224,.F.);
#6705=ORIENTED_EDGE('',*,*,#5225,.F.);
#6706=ORIENTED_EDGE('',*,*,#5226,.F.);
#6707=ORIENTED_EDGE('',*,*,#5227,.F.);
#6708=ORIENTED_EDGE('',*,*,#4946,.T.);
#6709=ORIENTED_EDGE('',*,*,#5228,.T.);
#6710=ORIENTED_EDGE('',*,*,#5229,.T.);
#6711=ORIENTED_EDGE('',*,*,#4795,.T.);
#6712=ORIENTED_EDGE('',*,*,#5228,.F.);
#6713=ORIENTED_EDGE('',*,*,#4945,.T.);
#6714=ORIENTED_EDGE('',*,*,#5230,.T.);
#6715=ORIENTED_EDGE('',*,*,#5231,.T.);
#6716=ORIENTED_EDGE('',*,*,#5050,.T.);
#6717=ORIENTED_EDGE('',*,*,#5232,.T.);
#6718=ORIENTED_EDGE('',*,*,#5233,.T.);
#6719=ORIENTED_EDGE('',*,*,#5234,.T.);
#6720=ORIENTED_EDGE('',*,*,#5232,.F.);
#6721=ORIENTED_EDGE('',*,*,#5098,.T.);
#6722=ORIENTED_EDGE('',*,*,#5235,.T.);
#6723=ORIENTED_EDGE('',*,*,#5236,.T.);
#6724=ORIENTED_EDGE('',*,*,#5237,.T.);
#6725=ORIENTED_EDGE('',*,*,#5238,.T.);
#6726=ORIENTED_EDGE('',*,*,#4798,.T.);
#6727=ORIENTED_EDGE('',*,*,#5239,.T.);
#6728=ORIENTED_EDGE('',*,*,#4791,.F.);
#6729=ORIENTED_EDGE('',*,*,#5240,.F.);
#6730=ORIENTED_EDGE('',*,*,#5239,.F.);
#6731=ORIENTED_EDGE('',*,*,#4797,.F.);
#6732=ORIENTED_EDGE('',*,*,#4832,.T.);
#6733=ORIENTED_EDGE('',*,*,#5241,.T.);
#6734=ORIENTED_EDGE('',*,*,#5242,.T.);
#6735=ORIENTED_EDGE('',*,*,#5243,.T.);
#6736=ORIENTED_EDGE('',*,*,#5241,.F.);
#6737=ORIENTED_EDGE('',*,*,#4831,.T.);
#6738=ORIENTED_EDGE('',*,*,#5244,.T.);
#6739=ORIENTED_EDGE('',*,*,#5245,.T.);
#6740=ORIENTED_EDGE('',*,*,#5246,.T.);
#6741=ORIENTED_EDGE('',*,*,#5247,.T.);
#6742=ORIENTED_EDGE('',*,*,#4834,.T.);
#6743=ORIENTED_EDGE('',*,*,#5248,.T.);
#6744=ORIENTED_EDGE('',*,*,#5247,.F.);
#6745=ORIENTED_EDGE('',*,*,#5249,.F.);
#6746=ORIENTED_EDGE('',*,*,#5250,.F.);
#6747=ORIENTED_EDGE('',*,*,#4835,.T.);
#6748=ORIENTED_EDGE('',*,*,#5251,.T.);
#6749=ORIENTED_EDGE('',*,*,#5252,.T.);
#6750=ORIENTED_EDGE('',*,*,#4836,.T.);
#6751=ORIENTED_EDGE('',*,*,#5250,.T.);
#6752=ORIENTED_EDGE('',*,*,#5155,.T.);
#6753=ORIENTED_EDGE('',*,*,#5253,.T.);
#6754=ORIENTED_EDGE('',*,*,#5254,.T.);
#6755=ORIENTED_EDGE('',*,*,#5255,.T.);
#6756=ORIENTED_EDGE('',*,*,#5253,.F.);
#6757=ORIENTED_EDGE('',*,*,#5201,.T.);
#6758=ORIENTED_EDGE('',*,*,#5256,.T.);
#6759=ORIENTED_EDGE('',*,*,#5257,.T.);
#6760=ORIENTED_EDGE('',*,*,#4870,.T.);
#6761=ORIENTED_EDGE('',*,*,#5258,.T.);
#6762=ORIENTED_EDGE('',*,*,#5259,.T.);
#6763=ORIENTED_EDGE('',*,*,#5260,.T.);
#6764=ORIENTED_EDGE('',*,*,#5258,.F.);
#6765=ORIENTED_EDGE('',*,*,#4869,.T.);
#6766=ORIENTED_EDGE('',*,*,#5261,.T.);
#6767=ORIENTED_EDGE('',*,*,#5262,.T.);
#6768=ORIENTED_EDGE('',*,*,#5107,.T.);
#6769=ORIENTED_EDGE('',*,*,#5263,.T.);
#6770=ORIENTED_EDGE('',*,*,#5264,.T.);
#6771=ORIENTED_EDGE('',*,*,#5265,.T.);
#6772=ORIENTED_EDGE('',*,*,#5263,.F.);
#6773=ORIENTED_EDGE('',*,*,#5154,.T.);
#6774=ORIENTED_EDGE('',*,*,#5266,.T.);
#6775=ORIENTED_EDGE('',*,*,#5267,.T.);
#6776=ORIENTED_EDGE('',*,*,#5268,.T.);
#6777=ORIENTED_EDGE('',*,*,#5269,.T.);
#6778=ORIENTED_EDGE('',*,*,#4872,.T.);
#6779=ORIENTED_EDGE('',*,*,#5270,.T.);
#6780=ORIENTED_EDGE('',*,*,#5269,.F.);
#6781=ORIENTED_EDGE('',*,*,#5271,.F.);
#6782=ORIENTED_EDGE('',*,*,#5272,.F.);
#6783=ORIENTED_EDGE('',*,*,#4873,.F.);
#6784=ORIENTED_EDGE('',*,*,#5273,.T.);
#6785=ORIENTED_EDGE('',*,*,#5274,.T.);
#6786=ORIENTED_EDGE('',*,*,#4874,.T.);
#6787=ORIENTED_EDGE('',*,*,#5272,.T.);
#6788=ORIENTED_EDGE('',*,*,#5003,.T.);
#6789=ORIENTED_EDGE('',*,*,#5275,.T.);
#6790=ORIENTED_EDGE('',*,*,#5276,.T.);
#6791=ORIENTED_EDGE('',*,*,#5277,.T.);
#6792=ORIENTED_EDGE('',*,*,#5275,.F.);
#6793=ORIENTED_EDGE('',*,*,#5049,.T.);
#6794=ORIENTED_EDGE('',*,*,#5278,.T.);
#6795=ORIENTED_EDGE('',*,*,#5279,.T.);
#6796=ORIENTED_EDGE('',*,*,#5280,.T.);
#6797=ORIENTED_EDGE('',*,*,#5281,.T.);
#6798=ORIENTED_EDGE('',*,*,#4912,.T.);
#6799=ORIENTED_EDGE('',*,*,#5282,.T.);
#6800=ORIENTED_EDGE('',*,*,#5282,.F.);
#6801=ORIENTED_EDGE('',*,*,#4911,.F.);
#6802=ORIENTED_EDGE('',*,*,#5283,.F.);
#6803=ORIENTED_EDGE('',*,*,#5284,.F.);
#6804=ORIENTED_EDGE('',*,*,#4908,.T.);
#6805=ORIENTED_EDGE('',*,*,#5285,.T.);
#6806=ORIENTED_EDGE('',*,*,#5286,.T.);
#6807=ORIENTED_EDGE('',*,*,#5287,.T.);
#6808=ORIENTED_EDGE('',*,*,#5287,.F.);
#6809=ORIENTED_EDGE('',*,*,#5288,.F.);
#6810=ORIENTED_EDGE('',*,*,#5289,.F.);
#6811=ORIENTED_EDGE('',*,*,#4909,.F.);
#6812=ORIENTED_EDGE('',*,*,#5290,.T.);
#6813=ORIENTED_EDGE('',*,*,#5283,.T.);
#6814=ORIENTED_EDGE('',*,*,#4910,.T.);
#6815=ORIENTED_EDGE('',*,*,#5289,.T.);
#6816=ORIENTED_EDGE('',*,*,#5266,.F.);
#6817=ORIENTED_EDGE('',*,*,#5153,.T.);
#6818=ORIENTED_EDGE('',*,*,#5291,.T.);
#6819=ORIENTED_EDGE('',*,*,#5292,.F.);
#6820=ORIENTED_EDGE('',*,*,#5261,.F.);
#6821=ORIENTED_EDGE('',*,*,#4868,.F.);
#6822=ORIENTED_EDGE('',*,*,#5293,.T.);
#6823=ORIENTED_EDGE('',*,*,#5294,.F.);
#6824=ORIENTED_EDGE('',*,*,#5265,.F.);
#6825=ORIENTED_EDGE('',*,*,#5295,.T.);
#6826=ORIENTED_EDGE('',*,*,#5296,.T.);
#6827=ORIENTED_EDGE('',*,*,#5108,.T.);
#6828=ORIENTED_EDGE('',*,*,#5274,.F.);
#6829=ORIENTED_EDGE('',*,*,#5297,.T.);
#6830=ORIENTED_EDGE('',*,*,#5298,.T.);
#6831=ORIENTED_EDGE('',*,*,#4875,.T.);
#6832=ORIENTED_EDGE('',*,*,#5285,.F.);
#6833=ORIENTED_EDGE('',*,*,#4907,.T.);
#6834=ORIENTED_EDGE('',*,*,#5299,.T.);
#6835=ORIENTED_EDGE('',*,*,#5300,.T.);
#6836=ORIENTED_EDGE('',*,*,#5299,.F.);
#6837=ORIENTED_EDGE('',*,*,#4906,.T.);
#6838=ORIENTED_EDGE('',*,*,#5301,.T.);
#6839=ORIENTED_EDGE('',*,*,#5302,.F.);
#6840=ORIENTED_EDGE('',*,*,#5277,.F.);
#6841=ORIENTED_EDGE('',*,*,#5303,.T.);
#6842=ORIENTED_EDGE('',*,*,#5304,.T.);
#6843=ORIENTED_EDGE('',*,*,#5004,.T.);
#6844=ORIENTED_EDGE('',*,*,#5278,.F.);
#6845=ORIENTED_EDGE('',*,*,#5048,.T.);
#6846=ORIENTED_EDGE('',*,*,#5305,.T.);
#6847=ORIENTED_EDGE('',*,*,#5306,.F.);
#6848=ORIENTED_EDGE('',*,*,#5281,.F.);
#6849=ORIENTED_EDGE('',*,*,#5307,.T.);
#6850=ORIENTED_EDGE('',*,*,#5308,.T.);
#6851=ORIENTED_EDGE('',*,*,#4913,.T.);
#6852=ORIENTED_EDGE('',*,*,#5230,.F.);
#6853=ORIENTED_EDGE('',*,*,#4944,.T.);
#6854=ORIENTED_EDGE('',*,*,#5309,.T.);
#6855=ORIENTED_EDGE('',*,*,#5310,.F.);
#6856=ORIENTED_EDGE('',*,*,#5238,.F.);
#6857=ORIENTED_EDGE('',*,*,#5311,.T.);
#6858=ORIENTED_EDGE('',*,*,#5312,.T.);
#6859=ORIENTED_EDGE('',*,*,#4799,.T.);
#6860=ORIENTED_EDGE('',*,*,#5234,.F.);
#6861=ORIENTED_EDGE('',*,*,#5313,.T.);
#6862=ORIENTED_EDGE('',*,*,#5314,.T.);
#6863=ORIENTED_EDGE('',*,*,#5051,.T.);
#6864=ORIENTED_EDGE('',*,*,#5235,.F.);
#6865=ORIENTED_EDGE('',*,*,#5097,.T.);
#6866=ORIENTED_EDGE('',*,*,#5315,.T.);
#6867=ORIENTED_EDGE('',*,*,#5316,.F.);
#6868=ORIENTED_EDGE('',*,*,#5252,.F.);
#6869=ORIENTED_EDGE('',*,*,#5317,.T.);
#6870=ORIENTED_EDGE('',*,*,#5318,.T.);
#6871=ORIENTED_EDGE('',*,*,#4837,.T.);
#6872=ORIENTED_EDGE('',*,*,#5256,.F.);
#6873=ORIENTED_EDGE('',*,*,#5200,.T.);
#6874=ORIENTED_EDGE('',*,*,#5319,.T.);
#6875=ORIENTED_EDGE('',*,*,#5320,.F.);
#6876=ORIENTED_EDGE('',*,*,#5255,.F.);
#6877=ORIENTED_EDGE('',*,*,#5321,.T.);
#6878=ORIENTED_EDGE('',*,*,#5322,.T.);
#6879=ORIENTED_EDGE('',*,*,#5156,.T.);
#6880=ORIENTED_EDGE('',*,*,#5244,.F.);
#6881=ORIENTED_EDGE('',*,*,#4830,.F.);
#6882=ORIENTED_EDGE('',*,*,#5323,.T.);
#6883=ORIENTED_EDGE('',*,*,#5324,.F.);
#6884=ORIENTED_EDGE('',*,*,#5138,.F.);
#6885=ORIENTED_EDGE('',*,*,#5325,.T.);
#6886=ORIENTED_EDGE('',*,*,#5326,.T.);
#6887=ORIENTED_EDGE('',*,*,#5327,.F.);
#6888=ORIENTED_EDGE('',*,*,#5019,.F.);
#6889=ORIENTED_EDGE('',*,*,#5328,.T.);
#6890=ORIENTED_EDGE('',*,*,#5329,.T.);
#6891=ORIENTED_EDGE('',*,*,#5330,.T.);
#6892=ORIENTED_EDGE('',*,*,#5330,.F.);
#6893=ORIENTED_EDGE('',*,*,#5331,.T.);
#6894=ORIENTED_EDGE('',*,*,#5332,.T.);
#6895=ORIENTED_EDGE('',*,*,#5020,.T.);
#6896=ORIENTED_EDGE('',*,*,#5082,.F.);
#6897=ORIENTED_EDGE('',*,*,#5333,.T.);
#6898=ORIENTED_EDGE('',*,*,#5334,.T.);
#6899=ORIENTED_EDGE('',*,*,#5335,.F.);
#6900=ORIENTED_EDGE('',*,*,#5171,.F.);
#6901=ORIENTED_EDGE('',*,*,#5336,.T.);
#6902=ORIENTED_EDGE('',*,*,#5337,.T.);
#6903=ORIENTED_EDGE('',*,*,#5338,.T.);
#6904=ORIENTED_EDGE('',*,*,#5338,.F.);
#6905=ORIENTED_EDGE('',*,*,#5339,.T.);
#6906=ORIENTED_EDGE('',*,*,#5340,.T.);
#6907=ORIENTED_EDGE('',*,*,#5172,.T.);
#6908=ORIENTED_EDGE('',*,*,#5341,.T.);
#6909=ORIENTED_EDGE('',*,*,#5342,.T.);
#6910=ORIENTED_EDGE('',*,*,#5182,.T.);
#6911=ORIENTED_EDGE('',*,*,#5343,.T.);
#6912=ORIENTED_EDGE('',*,*,#5343,.F.);
#6913=ORIENTED_EDGE('',*,*,#5181,.F.);
#6914=ORIENTED_EDGE('',*,*,#5344,.T.);
#6915=ORIENTED_EDGE('',*,*,#5345,.T.);
#6916=ORIENTED_EDGE('',*,*,#5346,.T.);
#6917=ORIENTED_EDGE('',*,*,#5347,.T.);
#6918=ORIENTED_EDGE('',*,*,#5127,.T.);
#6919=ORIENTED_EDGE('',*,*,#5348,.T.);
#6920=ORIENTED_EDGE('',*,*,#5348,.F.);
#6921=ORIENTED_EDGE('',*,*,#5126,.T.);
#6922=ORIENTED_EDGE('',*,*,#5349,.F.);
#6923=ORIENTED_EDGE('',*,*,#5350,.F.);
#6924=ORIENTED_EDGE('',*,*,#5351,.T.);
#6925=ORIENTED_EDGE('',*,*,#5352,.T.);
#6926=ORIENTED_EDGE('',*,*,#5202,.T.);
#6927=ORIENTED_EDGE('',*,*,#5353,.T.);
#6928=ORIENTED_EDGE('',*,*,#5353,.F.);
#6929=ORIENTED_EDGE('',*,*,#5215,.F.);
#6930=ORIENTED_EDGE('',*,*,#5354,.T.);
#6931=ORIENTED_EDGE('',*,*,#5355,.T.);
#6932=ORIENTED_EDGE('',*,*,#5356,.T.);
#6933=ORIENTED_EDGE('',*,*,#5357,.T.);
#6934=ORIENTED_EDGE('',*,*,#5208,.T.);
#6935=ORIENTED_EDGE('',*,*,#5358,.T.);
#6936=ORIENTED_EDGE('',*,*,#5358,.F.);
#6937=ORIENTED_EDGE('',*,*,#5207,.T.);
#6938=ORIENTED_EDGE('',*,*,#5359,.F.);
#6939=ORIENTED_EDGE('',*,*,#5360,.F.);
#6940=ORIENTED_EDGE('',*,*,#5361,.T.);
#6941=ORIENTED_EDGE('',*,*,#5362,.T.);
#6942=ORIENTED_EDGE('',*,*,#5080,.T.);
#6943=ORIENTED_EDGE('',*,*,#5363,.T.);
#6944=ORIENTED_EDGE('',*,*,#5363,.F.);
#6945=ORIENTED_EDGE('',*,*,#5079,.F.);
#6946=ORIENTED_EDGE('',*,*,#5364,.T.);
#6947=ORIENTED_EDGE('',*,*,#5365,.T.);
#6948=ORIENTED_EDGE('',*,*,#5366,.T.);
#6949=ORIENTED_EDGE('',*,*,#5367,.T.);
#6950=ORIENTED_EDGE('',*,*,#5030,.T.);
#6951=ORIENTED_EDGE('',*,*,#5368,.T.);
#6952=ORIENTED_EDGE('',*,*,#5368,.F.);
#6953=ORIENTED_EDGE('',*,*,#5029,.F.);
#6954=ORIENTED_EDGE('',*,*,#5369,.T.);
#6955=ORIENTED_EDGE('',*,*,#5370,.T.);
#6956=ORIENTED_EDGE('',*,*,#5371,.T.);
#6957=ORIENTED_EDGE('',*,*,#5372,.T.);
#6958=ORIENTED_EDGE('',*,*,#5070,.T.);
#6959=ORIENTED_EDGE('',*,*,#5373,.T.);
#6960=ORIENTED_EDGE('',*,*,#5373,.F.);
#6961=ORIENTED_EDGE('',*,*,#5069,.T.);
#6962=ORIENTED_EDGE('',*,*,#5374,.F.);
#6963=ORIENTED_EDGE('',*,*,#5375,.F.);
#6964=ORIENTED_EDGE('',*,*,#5376,.T.);
#6965=ORIENTED_EDGE('',*,*,#5377,.T.);
#6966=ORIENTED_EDGE('',*,*,#5136,.T.);
#6967=ORIENTED_EDGE('',*,*,#5378,.T.);
#6968=ORIENTED_EDGE('',*,*,#5379,.T.);
#6969=ORIENTED_EDGE('',*,*,#5380,.T.);
#6970=ORIENTED_EDGE('',*,*,#4989,.T.);
#6971=ORIENTED_EDGE('',*,*,#5381,.T.);
#6972=ORIENTED_EDGE('',*,*,#5381,.F.);
#6973=ORIENTED_EDGE('',*,*,#5002,.T.);
#6974=ORIENTED_EDGE('',*,*,#5382,.F.);
#6975=ORIENTED_EDGE('',*,*,#5383,.F.);
#6976=ORIENTED_EDGE('',*,*,#5384,.T.);
#6977=ORIENTED_EDGE('',*,*,#5385,.T.);
#6978=ORIENTED_EDGE('',*,*,#4997,.T.);
#6979=ORIENTED_EDGE('',*,*,#5386,.T.);
#6980=ORIENTED_EDGE('',*,*,#5386,.F.);
#6981=ORIENTED_EDGE('',*,*,#4996,.F.);
#6982=ORIENTED_EDGE('',*,*,#5387,.T.);
#6983=ORIENTED_EDGE('',*,*,#5388,.T.);
#6984=ORIENTED_EDGE('',*,*,#5332,.F.);
#6985=ORIENTED_EDGE('',*,*,#5389,.T.);
#6986=ORIENTED_EDGE('',*,*,#5390,.T.);
#6987=ORIENTED_EDGE('',*,*,#5021,.F.);
#6988=ORIENTED_EDGE('',*,*,#5184,.T.);
#6989=ORIENTED_EDGE('',*,*,#5391,.T.);
#6990=ORIENTED_EDGE('',*,*,#5392,.T.);
#6991=ORIENTED_EDGE('',*,*,#5393,.T.);
#6992=ORIENTED_EDGE('',*,*,#5342,.F.);
#6993=ORIENTED_EDGE('',*,*,#5394,.F.);
#6994=ORIENTED_EDGE('',*,*,#5391,.F.);
#6995=ORIENTED_EDGE('',*,*,#5183,.T.);
#6996=ORIENTED_EDGE('',*,*,#4972,.T.);
#6997=ORIENTED_EDGE('',*,*,#5395,.T.);
#6998=ORIENTED_EDGE('',*,*,#5396,.T.);
#6999=ORIENTED_EDGE('',*,*,#5397,.T.);
#7000=ORIENTED_EDGE('',*,*,#5395,.F.);
#7001=ORIENTED_EDGE('',*,*,#4971,.T.);
#7002=ORIENTED_EDGE('',*,*,#5398,.F.);
#7003=ORIENTED_EDGE('',*,*,#5399,.F.);
#7004=ORIENTED_EDGE('',*,*,#4970,.T.);
#7005=ORIENTED_EDGE('',*,*,#5400,.T.);
#7006=ORIENTED_EDGE('',*,*,#5401,.T.);
#7007=ORIENTED_EDGE('',*,*,#5398,.T.);
#7008=ORIENTED_EDGE('',*,*,#5400,.F.);
#7009=ORIENTED_EDGE('',*,*,#4969,.T.);
#7010=ORIENTED_EDGE('',*,*,#5402,.F.);
#7011=ORIENTED_EDGE('',*,*,#5403,.F.);
#7012=ORIENTED_EDGE('',*,*,#5125,.T.);
#7013=ORIENTED_EDGE('',*,*,#5404,.T.);
#7014=ORIENTED_EDGE('',*,*,#5405,.T.);
#7015=ORIENTED_EDGE('',*,*,#5349,.T.);
#7016=ORIENTED_EDGE('',*,*,#5404,.F.);
#7017=ORIENTED_EDGE('',*,*,#5124,.T.);
#7018=ORIENTED_EDGE('',*,*,#5406,.T.);
#7019=ORIENTED_EDGE('',*,*,#5407,.F.);
#7020=ORIENTED_EDGE('',*,*,#5347,.F.);
#7021=ORIENTED_EDGE('',*,*,#5408,.T.);
#7022=ORIENTED_EDGE('',*,*,#5409,.T.);
#7023=ORIENTED_EDGE('',*,*,#5128,.F.);
#7024=ORIENTED_EDGE('',*,*,#5340,.F.);
#7025=ORIENTED_EDGE('',*,*,#5410,.T.);
#7026=ORIENTED_EDGE('',*,*,#5411,.T.);
#7027=ORIENTED_EDGE('',*,*,#5173,.F.);
#7028=ORIENTED_EDGE('',*,*,#4960,.T.);
#7029=ORIENTED_EDGE('',*,*,#5412,.T.);
#7030=ORIENTED_EDGE('',*,*,#5413,.T.);
#7031=ORIENTED_EDGE('',*,*,#5414,.T.);
#7032=ORIENTED_EDGE('',*,*,#5412,.F.);
#7033=ORIENTED_EDGE('',*,*,#4959,.T.);
#7034=ORIENTED_EDGE('',*,*,#5415,.F.);
#7035=ORIENTED_EDGE('',*,*,#5416,.F.);
#7036=ORIENTED_EDGE('',*,*,#5204,.F.);
#7037=ORIENTED_EDGE('',*,*,#5417,.T.);
#7038=ORIENTED_EDGE('',*,*,#5418,.T.);
#7039=ORIENTED_EDGE('',*,*,#5419,.F.);
#7040=ORIENTED_EDGE('',*,*,#5420,.T.);
#7041=ORIENTED_EDGE('',*,*,#5359,.T.);
#7042=ORIENTED_EDGE('',*,*,#5206,.F.);
#7043=ORIENTED_EDGE('',*,*,#5421,.T.);
#7044=ORIENTED_EDGE('',*,*,#4962,.T.);
#7045=ORIENTED_EDGE('',*,*,#5422,.T.);
#7046=ORIENTED_EDGE('',*,*,#5423,.T.);
#7047=ORIENTED_EDGE('',*,*,#5424,.T.);
#7048=ORIENTED_EDGE('',*,*,#5414,.F.);
#7049=ORIENTED_EDGE('',*,*,#5425,.F.);
#7050=ORIENTED_EDGE('',*,*,#5422,.F.);
#7051=ORIENTED_EDGE('',*,*,#4961,.T.);
#7052=ORIENTED_EDGE('',*,*,#5357,.F.);
#7053=ORIENTED_EDGE('',*,*,#5426,.T.);
#7054=ORIENTED_EDGE('',*,*,#5427,.T.);
#7055=ORIENTED_EDGE('',*,*,#5209,.F.);
#7056=ORIENTED_EDGE('',*,*,#5222,.T.);
#7057=ORIENTED_EDGE('',*,*,#5428,.T.);
#7058=ORIENTED_EDGE('',*,*,#5429,.T.);
#7059=ORIENTED_EDGE('',*,*,#5430,.T.);
#7060=ORIENTED_EDGE('',*,*,#5428,.F.);
#7061=ORIENTED_EDGE('',*,*,#5221,.T.);
#7062=ORIENTED_EDGE('',*,*,#5431,.F.);
#7063=ORIENTED_EDGE('',*,*,#5432,.F.);
#7064=ORIENTED_EDGE('',*,*,#5216,.T.);
#7065=ORIENTED_EDGE('',*,*,#5433,.T.);
#7066=ORIENTED_EDGE('',*,*,#5434,.T.);
#7067=ORIENTED_EDGE('',*,*,#5435,.T.);
#7068=ORIENTED_EDGE('',*,*,#5430,.F.);
#7069=ORIENTED_EDGE('',*,*,#5436,.F.);
#7070=ORIENTED_EDGE('',*,*,#5433,.F.);
#7071=ORIENTED_EDGE('',*,*,#5223,.T.);
#7072=ORIENTED_EDGE('',*,*,#5068,.T.);
#7073=ORIENTED_EDGE('',*,*,#5437,.T.);
#7074=ORIENTED_EDGE('',*,*,#5438,.T.);
#7075=ORIENTED_EDGE('',*,*,#5374,.T.);
#7076=ORIENTED_EDGE('',*,*,#5437,.F.);
#7077=ORIENTED_EDGE('',*,*,#5067,.T.);
#7078=ORIENTED_EDGE('',*,*,#5439,.T.);
#7079=ORIENTED_EDGE('',*,*,#5440,.F.);
#7080=ORIENTED_EDGE('',*,*,#5032,.T.);
#7081=ORIENTED_EDGE('',*,*,#5441,.T.);
#7082=ORIENTED_EDGE('',*,*,#5442,.T.);
#7083=ORIENTED_EDGE('',*,*,#5443,.T.);
#7084=ORIENTED_EDGE('',*,*,#5367,.F.);
#7085=ORIENTED_EDGE('',*,*,#5444,.F.);
#7086=ORIENTED_EDGE('',*,*,#5441,.F.);
#7087=ORIENTED_EDGE('',*,*,#5031,.T.);
#7088=ORIENTED_EDGE('',*,*,#5099,.T.);
#7089=ORIENTED_EDGE('',*,*,#5445,.T.);
#7090=ORIENTED_EDGE('',*,*,#5446,.T.);
#7091=ORIENTED_EDGE('',*,*,#5447,.T.);
#7092=ORIENTED_EDGE('',*,*,#5445,.F.);
#7093=ORIENTED_EDGE('',*,*,#5106,.T.);
#7094=ORIENTED_EDGE('',*,*,#5448,.F.);
#7095=ORIENTED_EDGE('',*,*,#5449,.F.);
#7096=ORIENTED_EDGE('',*,*,#5105,.T.);
#7097=ORIENTED_EDGE('',*,*,#5450,.T.);
#7098=ORIENTED_EDGE('',*,*,#5451,.T.);
#7099=ORIENTED_EDGE('',*,*,#5448,.T.);
#7100=ORIENTED_EDGE('',*,*,#5450,.F.);
#7101=ORIENTED_EDGE('',*,*,#5104,.T.);
#7102=ORIENTED_EDGE('',*,*,#5452,.F.);
#7103=ORIENTED_EDGE('',*,*,#5453,.F.);
#7104=ORIENTED_EDGE('',*,*,#5372,.F.);
#7105=ORIENTED_EDGE('',*,*,#5454,.T.);
#7106=ORIENTED_EDGE('',*,*,#5455,.T.);
#7107=ORIENTED_EDGE('',*,*,#5071,.F.);
#7108=ORIENTED_EDGE('',*,*,#4999,.T.);
#7109=ORIENTED_EDGE('',*,*,#5456,.T.);
#7110=ORIENTED_EDGE('',*,*,#5457,.T.);
#7111=ORIENTED_EDGE('',*,*,#5458,.T.);
#7112=ORIENTED_EDGE('',*,*,#5385,.F.);
#7113=ORIENTED_EDGE('',*,*,#5459,.F.);
#7114=ORIENTED_EDGE('',*,*,#5456,.F.);
#7115=ORIENTED_EDGE('',*,*,#4998,.T.);
#7116=ORIENTED_EDGE('',*,*,#4987,.T.);
#7117=ORIENTED_EDGE('',*,*,#5460,.T.);
#7118=ORIENTED_EDGE('',*,*,#5461,.T.);
#7119=ORIENTED_EDGE('',*,*,#5462,.T.);
#7120=ORIENTED_EDGE('',*,*,#5460,.F.);
#7121=ORIENTED_EDGE('',*,*,#4986,.T.);
#7122=ORIENTED_EDGE('',*,*,#5463,.F.);
#7123=ORIENTED_EDGE('',*,*,#5464,.F.);
#7124=ORIENTED_EDGE('',*,*,#4981,.T.);
#7125=ORIENTED_EDGE('',*,*,#5465,.T.);
#7126=ORIENTED_EDGE('',*,*,#5466,.T.);
#7127=ORIENTED_EDGE('',*,*,#5467,.T.);
#7128=ORIENTED_EDGE('',*,*,#5462,.F.);
#7129=ORIENTED_EDGE('',*,*,#5468,.F.);
#7130=ORIENTED_EDGE('',*,*,#5465,.F.);
#7131=ORIENTED_EDGE('',*,*,#4988,.T.);
#7132=ORIENTED_EDGE('',*,*,#5380,.F.);
#7133=ORIENTED_EDGE('',*,*,#5469,.T.);
#7134=ORIENTED_EDGE('',*,*,#5470,.T.);
#7135=ORIENTED_EDGE('',*,*,#4990,.F.);
#7136=ORIENTED_EDGE('',*,*,#5001,.T.);
#7137=ORIENTED_EDGE('',*,*,#5471,.T.);
#7138=ORIENTED_EDGE('',*,*,#5472,.T.);
#7139=ORIENTED_EDGE('',*,*,#5382,.T.);
#7140=ORIENTED_EDGE('',*,*,#5458,.F.);
#7141=ORIENTED_EDGE('',*,*,#5473,.F.);
#7142=ORIENTED_EDGE('',*,*,#5471,.F.);
#7143=ORIENTED_EDGE('',*,*,#5000,.T.);
#7144=ORIENTED_EDGE('',*,*,#4974,.T.);
#7145=ORIENTED_EDGE('',*,*,#5474,.T.);
#7146=ORIENTED_EDGE('',*,*,#5475,.T.);
#7147=ORIENTED_EDGE('',*,*,#5476,.T.);
#7148=ORIENTED_EDGE('',*,*,#5474,.F.);
#7149=ORIENTED_EDGE('',*,*,#4980,.T.);
#7150=ORIENTED_EDGE('',*,*,#5477,.T.);
#7151=ORIENTED_EDGE('',*,*,#5478,.F.);
#7152=ORIENTED_EDGE('',*,*,#5479,.F.);
#7153=ORIENTED_EDGE('',*,*,#5480,.F.);
#7154=ORIENTED_EDGE('',*,*,#5481,.F.);
#7155=ORIENTED_EDGE('',*,*,#5482,.T.);
#7156=ORIENTED_EDGE('',*,*,#5483,.F.);
#7157=ORIENTED_EDGE('',*,*,#5484,.F.);
#7158=ORIENTED_EDGE('',*,*,#5485,.F.);
#7159=ORIENTED_EDGE('',*,*,#5486,.F.);
#7160=ORIENTED_EDGE('',*,*,#5483,.T.);
#7161=ORIENTED_EDGE('',*,*,#5487,.T.);
#7162=ORIENTED_EDGE('',*,*,#5488,.F.);
#7163=ORIENTED_EDGE('',*,*,#5489,.F.);
#7164=ORIENTED_EDGE('',*,*,#5490,.F.);
#7165=ORIENTED_EDGE('',*,*,#5491,.F.);
#7166=ORIENTED_EDGE('',*,*,#5488,.T.);
#7167=ORIENTED_EDGE('',*,*,#5492,.T.);
#7168=ORIENTED_EDGE('',*,*,#5493,.F.);
#7169=ORIENTED_EDGE('',*,*,#5494,.F.);
#7170=ORIENTED_EDGE('',*,*,#5492,.F.);
#7171=ORIENTED_EDGE('',*,*,#5487,.F.);
#7172=ORIENTED_EDGE('',*,*,#5482,.F.);
#7173=ORIENTED_EDGE('',*,*,#5495,.F.);
#7174=ORIENTED_EDGE('',*,*,#5496,.F.);
#7175=ORIENTED_EDGE('',*,*,#5497,.F.);
#7176=ORIENTED_EDGE('',*,*,#5498,.F.);
#7177=ORIENTED_EDGE('',*,*,#5499,.T.);
#7178=ORIENTED_EDGE('',*,*,#5500,.F.);
#7179=ORIENTED_EDGE('',*,*,#5501,.F.);
#7180=ORIENTED_EDGE('',*,*,#5502,.F.);
#7181=ORIENTED_EDGE('',*,*,#5503,.F.);
#7182=ORIENTED_EDGE('',*,*,#5500,.T.);
#7183=ORIENTED_EDGE('',*,*,#5504,.T.);
#7184=ORIENTED_EDGE('',*,*,#5505,.F.);
#7185=ORIENTED_EDGE('',*,*,#5506,.F.);
#7186=ORIENTED_EDGE('',*,*,#5507,.F.);
#7187=ORIENTED_EDGE('',*,*,#5508,.F.);
#7188=ORIENTED_EDGE('',*,*,#5505,.T.);
#7189=ORIENTED_EDGE('',*,*,#5509,.T.);
#7190=ORIENTED_EDGE('',*,*,#5510,.F.);
#7191=ORIENTED_EDGE('',*,*,#5511,.F.);
#7192=ORIENTED_EDGE('',*,*,#5504,.F.);
#7193=ORIENTED_EDGE('',*,*,#5499,.F.);
#7194=ORIENTED_EDGE('',*,*,#5512,.F.);
#7195=ORIENTED_EDGE('',*,*,#5509,.F.);
#7196=ORIENTED_EDGE('',*,*,#5489,.T.);
#7197=ORIENTED_EDGE('',*,*,#5513,.F.);
#7198=ORIENTED_EDGE('',*,*,#5514,.T.);
#7199=ORIENTED_EDGE('',*,*,#5515,.F.);
#7200=ORIENTED_EDGE('',*,*,#5490,.T.);
#7201=ORIENTED_EDGE('',*,*,#5515,.T.);
#7202=ORIENTED_EDGE('',*,*,#5516,.F.);
#7203=ORIENTED_EDGE('',*,*,#5517,.T.);
#7204=ORIENTED_EDGE('',*,*,#5485,.T.);
#7205=ORIENTED_EDGE('',*,*,#5518,.T.);
#7206=ORIENTED_EDGE('',*,*,#5519,.F.);
#7207=ORIENTED_EDGE('',*,*,#5520,.T.);
#7208=ORIENTED_EDGE('',*,*,#5484,.T.);
#7209=ORIENTED_EDGE('',*,*,#5486,.T.);
#7210=ORIENTED_EDGE('',*,*,#5491,.T.);
#7211=ORIENTED_EDGE('',*,*,#5517,.F.);
#7212=ORIENTED_EDGE('',*,*,#5521,.T.);
#7213=ORIENTED_EDGE('',*,*,#5522,.T.);
#7214=ORIENTED_EDGE('',*,*,#5523,.T.);
#7215=ORIENTED_EDGE('',*,*,#5524,.T.);
#7216=ORIENTED_EDGE('',*,*,#5525,.F.);
#7217=ORIENTED_EDGE('',*,*,#5526,.F.);
#7218=ORIENTED_EDGE('',*,*,#5501,.T.);
#7219=ORIENTED_EDGE('',*,*,#5503,.T.);
#7220=ORIENTED_EDGE('',*,*,#5508,.T.);
#7221=ORIENTED_EDGE('',*,*,#5527,.F.);
#7222=ORIENTED_EDGE('',*,*,#5528,.F.);
#7223=ORIENTED_EDGE('',*,*,#5529,.F.);
#7224=ORIENTED_EDGE('',*,*,#5530,.F.);
#7225=ORIENTED_EDGE('',*,*,#5531,.F.);
#7226=ORIENTED_EDGE('',*,*,#5532,.F.);
#7227=ORIENTED_EDGE('',*,*,#5518,.F.);
#7228=ORIENTED_EDGE('',*,*,#5506,.T.);
#7229=ORIENTED_EDGE('',*,*,#5533,.F.);
#7230=ORIENTED_EDGE('',*,*,#5534,.T.);
#7231=ORIENTED_EDGE('',*,*,#5535,.F.);
#7232=ORIENTED_EDGE('',*,*,#5507,.T.);
#7233=ORIENTED_EDGE('',*,*,#5535,.T.);
#7234=ORIENTED_EDGE('',*,*,#5536,.F.);
#7235=ORIENTED_EDGE('',*,*,#5527,.T.);
#7236=ORIENTED_EDGE('',*,*,#5502,.T.);
#7237=ORIENTED_EDGE('',*,*,#5526,.T.);
#7238=ORIENTED_EDGE('',*,*,#5537,.T.);
#7239=ORIENTED_EDGE('',*,*,#5538,.T.);
#7240=ORIENTED_EDGE('',*,*,#5514,.F.);
#7241=ORIENTED_EDGE('',*,*,#5539,.F.);
#7242=ORIENTED_EDGE('',*,*,#5540,.T.);
#7243=ORIENTED_EDGE('',*,*,#5541,.F.);
#7244=ORIENTED_EDGE('',*,*,#5516,.T.);
#7245=ORIENTED_EDGE('',*,*,#5541,.T.);
#7246=ORIENTED_EDGE('',*,*,#5542,.T.);
#7247=ORIENTED_EDGE('',*,*,#5521,.F.);
#7248=ORIENTED_EDGE('',*,*,#5542,.F.);
#7249=ORIENTED_EDGE('',*,*,#5540,.F.);
#7250=ORIENTED_EDGE('',*,*,#5543,.F.);
#7251=ORIENTED_EDGE('',*,*,#5544,.F.);
#7252=ORIENTED_EDGE('',*,*,#5522,.F.);
#7253=ORIENTED_EDGE('',*,*,#5544,.T.);
#7254=ORIENTED_EDGE('',*,*,#5545,.F.);
#7255=ORIENTED_EDGE('',*,*,#5546,.F.);
#7256=ORIENTED_EDGE('',*,*,#5547,.T.);
#7257=ORIENTED_EDGE('',*,*,#5548,.F.);
#7258=ORIENTED_EDGE('',*,*,#4952,.F.);
#7259=ORIENTED_EDGE('',*,*,#5549,.T.);
#7260=ORIENTED_EDGE('',*,*,#4950,.T.);
#7261=ORIENTED_EDGE('',*,*,#5550,.F.);
#7262=ORIENTED_EDGE('',*,*,#5524,.F.);
#7263=ORIENTED_EDGE('',*,*,#5551,.F.);
#7264=ORIENTED_EDGE('',*,*,#4951,.F.);
#7265=ORIENTED_EDGE('',*,*,#5551,.T.);
#7266=ORIENTED_EDGE('',*,*,#5523,.F.);
#7267=ORIENTED_EDGE('',*,*,#5549,.F.);
#7268=ORIENTED_EDGE('',*,*,#5552,.T.);
#7269=ORIENTED_EDGE('',*,*,#5553,.T.);
#7270=ORIENTED_EDGE('',*,*,#5075,.T.);
#7271=ORIENTED_EDGE('',*,*,#5554,.T.);
#7272=ORIENTED_EDGE('',*,*,#5554,.F.);
#7273=ORIENTED_EDGE('',*,*,#5074,.T.);
#7274=ORIENTED_EDGE('',*,*,#5555,.F.);
#7275=ORIENTED_EDGE('',*,*,#5556,.F.);
#7276=ORIENTED_EDGE('',*,*,#5557,.T.);
#7277=ORIENTED_EDGE('',*,*,#5558,.T.);
#7278=ORIENTED_EDGE('',*,*,#5025,.T.);
#7279=ORIENTED_EDGE('',*,*,#5559,.T.);
#7280=ORIENTED_EDGE('',*,*,#5559,.F.);
#7281=ORIENTED_EDGE('',*,*,#5024,.T.);
#7282=ORIENTED_EDGE('',*,*,#5560,.F.);
#7283=ORIENTED_EDGE('',*,*,#5561,.F.);
#7284=ORIENTED_EDGE('',*,*,#5562,.T.);
#7285=ORIENTED_EDGE('',*,*,#5563,.T.);
#7286=ORIENTED_EDGE('',*,*,#5132,.T.);
#7287=ORIENTED_EDGE('',*,*,#5564,.T.);
#7288=ORIENTED_EDGE('',*,*,#5564,.F.);
#7289=ORIENTED_EDGE('',*,*,#5131,.T.);
#7290=ORIENTED_EDGE('',*,*,#5565,.F.);
#7291=ORIENTED_EDGE('',*,*,#5566,.F.);
#7292=ORIENTED_EDGE('',*,*,#5567,.T.);
#7293=ORIENTED_EDGE('',*,*,#5568,.T.);
#7294=ORIENTED_EDGE('',*,*,#5177,.T.);
#7295=ORIENTED_EDGE('',*,*,#5569,.T.);
#7296=ORIENTED_EDGE('',*,*,#5568,.F.);
#7297=ORIENTED_EDGE('',*,*,#5570,.F.);
#7298=ORIENTED_EDGE('',*,*,#5571,.F.);
#7299=ORIENTED_EDGE('',*,*,#5178,.T.);
#7300=ORIENTED_EDGE('',*,*,#5023,.T.);
#7301=ORIENTED_EDGE('',*,*,#5572,.T.);
#7302=ORIENTED_EDGE('',*,*,#5573,.T.);
#7303=ORIENTED_EDGE('',*,*,#5560,.T.);
#7304=ORIENTED_EDGE('',*,*,#5390,.F.);
#7305=ORIENTED_EDGE('',*,*,#5574,.F.);
#7306=ORIENTED_EDGE('',*,*,#5572,.F.);
#7307=ORIENTED_EDGE('',*,*,#5022,.T.);
#7308=ORIENTED_EDGE('',*,*,#4978,.T.);
#7309=ORIENTED_EDGE('',*,*,#5575,.T.);
#7310=ORIENTED_EDGE('',*,*,#5576,.T.);
#7311=ORIENTED_EDGE('',*,*,#5577,.T.);
#7312=ORIENTED_EDGE('',*,*,#5575,.F.);
#7313=ORIENTED_EDGE('',*,*,#4977,.T.);
#7314=ORIENTED_EDGE('',*,*,#5578,.F.);
#7315=ORIENTED_EDGE('',*,*,#5579,.F.);
#7316=ORIENTED_EDGE('',*,*,#4994,.T.);
#7317=ORIENTED_EDGE('',*,*,#5580,.T.);
#7318=ORIENTED_EDGE('',*,*,#5581,.T.);
#7319=ORIENTED_EDGE('',*,*,#5582,.T.);
#7320=ORIENTED_EDGE('',*,*,#5498,.T.);
#7321=ORIENTED_EDGE('',*,*,#5583,.F.);
#7322=ORIENTED_EDGE('',*,*,#5580,.F.);
#7323=ORIENTED_EDGE('',*,*,#4993,.T.);
#7324=ORIENTED_EDGE('',*,*,#5584,.F.);
#7325=ORIENTED_EDGE('',*,*,#5585,.F.);
#7326=ORIENTED_EDGE('',*,*,#5510,.T.);
#7327=ORIENTED_EDGE('',*,*,#5512,.T.);
#7328=ORIENTED_EDGE('',*,*,#4976,.T.);
#7329=ORIENTED_EDGE('',*,*,#5586,.T.);
#7330=ORIENTED_EDGE('',*,*,#5587,.T.);
#7331=ORIENTED_EDGE('',*,*,#5578,.T.);
#7332=ORIENTED_EDGE('',*,*,#5476,.F.);
#7333=ORIENTED_EDGE('',*,*,#5588,.F.);
#7334=ORIENTED_EDGE('',*,*,#5586,.F.);
#7335=ORIENTED_EDGE('',*,*,#4975,.T.);
#7336=ORIENTED_EDGE('',*,*,#4992,.T.);
#7337=ORIENTED_EDGE('',*,*,#5589,.T.);
#7338=ORIENTED_EDGE('',*,*,#5590,.T.);
#7339=ORIENTED_EDGE('',*,*,#5584,.T.);
#7340=ORIENTED_EDGE('',*,*,#5470,.F.);
#7341=ORIENTED_EDGE('',*,*,#5591,.F.);
#7342=ORIENTED_EDGE('',*,*,#5589,.F.);
#7343=ORIENTED_EDGE('',*,*,#4991,.T.);
#7344=ORIENTED_EDGE('',*,*,#4985,.T.);
#7345=ORIENTED_EDGE('',*,*,#5592,.T.);
#7346=ORIENTED_EDGE('',*,*,#5593,.T.);
#7347=ORIENTED_EDGE('',*,*,#5463,.T.);
#7348=ORIENTED_EDGE('',*,*,#5592,.F.);
#7349=ORIENTED_EDGE('',*,*,#4984,.T.);
#7350=ORIENTED_EDGE('',*,*,#5594,.F.);
#7351=ORIENTED_EDGE('',*,*,#5595,.F.);
#7352=ORIENTED_EDGE('',*,*,#4983,.T.);
#7353=ORIENTED_EDGE('',*,*,#5596,.T.);
#7354=ORIENTED_EDGE('',*,*,#5597,.T.);
#7355=ORIENTED_EDGE('',*,*,#5594,.T.);
#7356=ORIENTED_EDGE('',*,*,#5467,.F.);
#7357=ORIENTED_EDGE('',*,*,#5598,.F.);
#7358=ORIENTED_EDGE('',*,*,#5596,.F.);
#7359=ORIENTED_EDGE('',*,*,#4982,.T.);
#7360=ORIENTED_EDGE('',*,*,#5134,.T.);
#7361=ORIENTED_EDGE('',*,*,#5599,.T.);
#7362=ORIENTED_EDGE('',*,*,#5600,.T.);
#7363=ORIENTED_EDGE('',*,*,#5601,.T.);
#7364=ORIENTED_EDGE('',*,*,#5563,.F.);
#7365=ORIENTED_EDGE('',*,*,#5602,.F.);
#7366=ORIENTED_EDGE('',*,*,#5599,.F.);
#7367=ORIENTED_EDGE('',*,*,#5133,.T.);
#7368=ORIENTED_EDGE('',*,*,#4968,.T.);
#7369=ORIENTED_EDGE('',*,*,#5603,.T.);
#7370=ORIENTED_EDGE('',*,*,#5604,.T.);
#7371=ORIENTED_EDGE('',*,*,#5402,.T.);
#7372=ORIENTED_EDGE('',*,*,#5603,.F.);
#7373=ORIENTED_EDGE('',*,*,#4967,.T.);
#7374=ORIENTED_EDGE('',*,*,#5605,.F.);
#7375=ORIENTED_EDGE('',*,*,#5606,.F.);
#7376=ORIENTED_EDGE('',*,*,#5130,.T.);
#7377=ORIENTED_EDGE('',*,*,#5607,.T.);
#7378=ORIENTED_EDGE('',*,*,#5608,.T.);
#7379=ORIENTED_EDGE('',*,*,#5565,.T.);
#7380=ORIENTED_EDGE('',*,*,#5409,.F.);
#7381=ORIENTED_EDGE('',*,*,#5609,.F.);
#7382=ORIENTED_EDGE('',*,*,#5607,.F.);
#7383=ORIENTED_EDGE('',*,*,#5129,.T.);
#7384=ORIENTED_EDGE('',*,*,#4966,.T.);
#7385=ORIENTED_EDGE('',*,*,#5610,.T.);
#7386=ORIENTED_EDGE('',*,*,#5611,.T.);
#7387=ORIENTED_EDGE('',*,*,#5605,.T.);
#7388=ORIENTED_EDGE('',*,*,#5397,.F.);
#7389=ORIENTED_EDGE('',*,*,#5612,.F.);
#7390=ORIENTED_EDGE('',*,*,#5610,.F.);
#7391=ORIENTED_EDGE('',*,*,#4973,.T.);
#7392=ORIENTED_EDGE('',*,*,#5179,.T.);
#7393=ORIENTED_EDGE('',*,*,#5571,.T.);
#7394=ORIENTED_EDGE('',*,*,#5613,.T.);
#7395=ORIENTED_EDGE('',*,*,#5614,.T.);
#7396=ORIENTED_EDGE('',*,*,#5175,.T.);
#7397=ORIENTED_EDGE('',*,*,#5615,.T.);
#7398=ORIENTED_EDGE('',*,*,#5616,.T.);
#7399=ORIENTED_EDGE('',*,*,#5617,.T.);
#7400=ORIENTED_EDGE('',*,*,#5411,.F.);
#7401=ORIENTED_EDGE('',*,*,#5618,.F.);
#7402=ORIENTED_EDGE('',*,*,#5615,.F.);
#7403=ORIENTED_EDGE('',*,*,#5174,.T.);
#7404=ORIENTED_EDGE('',*,*,#4958,.T.);
#7405=ORIENTED_EDGE('',*,*,#5619,.T.);
#7406=ORIENTED_EDGE('',*,*,#5620,.T.);
#7407=ORIENTED_EDGE('',*,*,#5415,.T.);
#7408=ORIENTED_EDGE('',*,*,#5619,.F.);
#7409=ORIENTED_EDGE('',*,*,#4965,.T.);
#7410=ORIENTED_EDGE('',*,*,#5621,.F.);
#7411=ORIENTED_EDGE('',*,*,#5622,.F.);
#7412=ORIENTED_EDGE('',*,*,#4964,.T.);
#7413=ORIENTED_EDGE('',*,*,#5623,.T.);
#7414=ORIENTED_EDGE('',*,*,#5624,.T.);
#7415=ORIENTED_EDGE('',*,*,#5621,.T.);
#7416=ORIENTED_EDGE('',*,*,#5424,.F.);
#7417=ORIENTED_EDGE('',*,*,#5625,.F.);
#7418=ORIENTED_EDGE('',*,*,#5623,.F.);
#7419=ORIENTED_EDGE('',*,*,#4963,.T.);
#7420=ORIENTED_EDGE('',*,*,#5213,.T.);
#7421=ORIENTED_EDGE('',*,*,#5626,.T.);
#7422=ORIENTED_EDGE('',*,*,#5627,.T.);
#7423=ORIENTED_EDGE('',*,*,#5628,.T.);
#7424=ORIENTED_EDGE('',*,*,#5481,.T.);
#7425=ORIENTED_EDGE('',*,*,#5629,.F.);
#7426=ORIENTED_EDGE('',*,*,#5626,.F.);
#7427=ORIENTED_EDGE('',*,*,#5212,.T.);
#7428=ORIENTED_EDGE('',*,*,#5630,.F.);
#7429=ORIENTED_EDGE('',*,*,#5631,.F.);
#7430=ORIENTED_EDGE('',*,*,#5493,.T.);
#7431=ORIENTED_EDGE('',*,*,#5495,.T.);
#7432=ORIENTED_EDGE('',*,*,#5220,.T.);
#7433=ORIENTED_EDGE('',*,*,#5632,.T.);
#7434=ORIENTED_EDGE('',*,*,#5633,.T.);
#7435=ORIENTED_EDGE('',*,*,#5431,.T.);
#7436=ORIENTED_EDGE('',*,*,#5632,.F.);
#7437=ORIENTED_EDGE('',*,*,#5219,.T.);
#7438=ORIENTED_EDGE('',*,*,#5634,.F.);
#7439=ORIENTED_EDGE('',*,*,#5635,.F.);
#7440=ORIENTED_EDGE('',*,*,#5211,.T.);
#7441=ORIENTED_EDGE('',*,*,#5636,.T.);
#7442=ORIENTED_EDGE('',*,*,#5637,.T.);
#7443=ORIENTED_EDGE('',*,*,#5630,.T.);
#7444=ORIENTED_EDGE('',*,*,#5427,.F.);
#7445=ORIENTED_EDGE('',*,*,#5638,.F.);
#7446=ORIENTED_EDGE('',*,*,#5636,.F.);
#7447=ORIENTED_EDGE('',*,*,#5210,.T.);
#7448=ORIENTED_EDGE('',*,*,#5218,.T.);
#7449=ORIENTED_EDGE('',*,*,#5639,.T.);
#7450=ORIENTED_EDGE('',*,*,#5640,.T.);
#7451=ORIENTED_EDGE('',*,*,#5634,.T.);
#7452=ORIENTED_EDGE('',*,*,#5435,.F.);
#7453=ORIENTED_EDGE('',*,*,#5641,.F.);
#7454=ORIENTED_EDGE('',*,*,#5639,.F.);
#7455=ORIENTED_EDGE('',*,*,#5217,.T.);
#7456=ORIENTED_EDGE('',*,*,#5077,.T.);
#7457=ORIENTED_EDGE('',*,*,#5642,.T.);
#7458=ORIENTED_EDGE('',*,*,#5643,.T.);
#7459=ORIENTED_EDGE('',*,*,#5644,.T.);
#7460=ORIENTED_EDGE('',*,*,#5553,.F.);
#7461=ORIENTED_EDGE('',*,*,#5645,.F.);
#7462=ORIENTED_EDGE('',*,*,#5642,.F.);
#7463=ORIENTED_EDGE('',*,*,#5076,.T.);
#7464=ORIENTED_EDGE('',*,*,#5646,.T.);
#7465=ORIENTED_EDGE('',*,*,#5647,.T.);
#7466=ORIENTED_EDGE('',*,*,#4957,.T.);
#7467=ORIENTED_EDGE('',*,*,#5648,.T.);
#7468=ORIENTED_EDGE('',*,*,#5647,.F.);
#7469=ORIENTED_EDGE('',*,*,#5649,.F.);
#7470=ORIENTED_EDGE('',*,*,#5650,.F.);
#7471=ORIENTED_EDGE('',*,*,#4947,.F.);
#7472=ORIENTED_EDGE('',*,*,#5651,.T.);
#7473=ORIENTED_EDGE('',*,*,#5652,.T.);
#7474=ORIENTED_EDGE('',*,*,#4948,.T.);
#7475=ORIENTED_EDGE('',*,*,#5650,.T.);
#7476=ORIENTED_EDGE('',*,*,#5550,.T.);
#7477=ORIENTED_EDGE('',*,*,#4949,.F.);
#7478=ORIENTED_EDGE('',*,*,#5652,.F.);
#7479=ORIENTED_EDGE('',*,*,#5653,.F.);
#7480=ORIENTED_EDGE('',*,*,#5654,.F.);
#7481=ORIENTED_EDGE('',*,*,#5537,.F.);
#7482=ORIENTED_EDGE('',*,*,#5525,.T.);
#7483=ORIENTED_EDGE('',*,*,#5655,.T.);
#7484=ORIENTED_EDGE('',*,*,#5656,.T.);
#7485=ORIENTED_EDGE('',*,*,#4953,.F.);
#7486=ORIENTED_EDGE('',*,*,#5548,.T.);
#7487=ORIENTED_EDGE('',*,*,#5027,.T.);
#7488=ORIENTED_EDGE('',*,*,#5657,.T.);
#7489=ORIENTED_EDGE('',*,*,#5658,.T.);
#7490=ORIENTED_EDGE('',*,*,#5659,.T.);
#7491=ORIENTED_EDGE('',*,*,#5558,.F.);
#7492=ORIENTED_EDGE('',*,*,#5660,.F.);
#7493=ORIENTED_EDGE('',*,*,#5657,.F.);
#7494=ORIENTED_EDGE('',*,*,#5026,.T.);
#7495=ORIENTED_EDGE('',*,*,#5073,.T.);
#7496=ORIENTED_EDGE('',*,*,#5661,.T.);
#7497=ORIENTED_EDGE('',*,*,#5662,.T.);
#7498=ORIENTED_EDGE('',*,*,#5555,.T.);
#7499=ORIENTED_EDGE('',*,*,#5455,.F.);
#7500=ORIENTED_EDGE('',*,*,#5663,.F.);
#7501=ORIENTED_EDGE('',*,*,#5661,.F.);
#7502=ORIENTED_EDGE('',*,*,#5072,.T.);
#7503=ORIENTED_EDGE('',*,*,#5101,.T.);
#7504=ORIENTED_EDGE('',*,*,#5664,.T.);
#7505=ORIENTED_EDGE('',*,*,#5665,.T.);
#7506=ORIENTED_EDGE('',*,*,#5666,.T.);
#7507=ORIENTED_EDGE('',*,*,#5447,.F.);
#7508=ORIENTED_EDGE('',*,*,#5667,.F.);
#7509=ORIENTED_EDGE('',*,*,#5664,.F.);
#7510=ORIENTED_EDGE('',*,*,#5100,.T.);
#7511=ORIENTED_EDGE('',*,*,#5103,.T.);
#7512=ORIENTED_EDGE('',*,*,#5668,.T.);
#7513=ORIENTED_EDGE('',*,*,#5669,.T.);
#7514=ORIENTED_EDGE('',*,*,#5452,.T.);
#7515=ORIENTED_EDGE('',*,*,#5666,.F.);
#7516=ORIENTED_EDGE('',*,*,#5670,.F.);
#7517=ORIENTED_EDGE('',*,*,#5668,.F.);
#7518=ORIENTED_EDGE('',*,*,#5102,.T.);
#7519=ORIENTED_EDGE('',*,*,#5536,.T.);
#7520=ORIENTED_EDGE('',*,*,#5534,.F.);
#7521=ORIENTED_EDGE('',*,*,#5671,.F.);
#7522=ORIENTED_EDGE('',*,*,#5672,.T.);
#7523=ORIENTED_EDGE('',*,*,#5528,.T.);
#7524=ORIENTED_EDGE('',*,*,#5496,.T.);
#7525=ORIENTED_EDGE('',*,*,#5538,.F.);
#7526=ORIENTED_EDGE('',*,*,#5654,.T.);
#7527=ORIENTED_EDGE('',*,*,#5673,.F.);
#7528=ORIENTED_EDGE('',*,*,#5479,.T.);
#7529=ORIENTED_EDGE('',*,*,#5520,.F.);
#7530=ORIENTED_EDGE('',*,*,#5674,.F.);
#7531=ORIENTED_EDGE('',*,*,#5675,.F.);
#7532=ORIENTED_EDGE('',*,*,#5676,.T.);
#7533=ORIENTED_EDGE('',*,*,#5677,.T.);
#7534=ORIENTED_EDGE('',*,*,#5678,.T.);
#7535=ORIENTED_EDGE('',*,*,#5679,.T.);
#7536=ORIENTED_EDGE('',*,*,#5679,.F.);
#7537=ORIENTED_EDGE('',*,*,#5680,.T.);
#7538=ORIENTED_EDGE('',*,*,#5681,.F.);
#7539=ORIENTED_EDGE('',*,*,#5682,.F.);
#7540=ORIENTED_EDGE('',*,*,#5683,.F.);
#7541=ORIENTED_EDGE('',*,*,#5546,.T.);
#7542=ORIENTED_EDGE('',*,*,#5684,.T.);
#7543=ORIENTED_EDGE('',*,*,#5685,.T.);
#7544=ORIENTED_EDGE('',*,*,#5656,.F.);
#7545=ORIENTED_EDGE('',*,*,#5686,.T.);
#7546=ORIENTED_EDGE('',*,*,#5687,.F.);
#7547=ORIENTED_EDGE('',*,*,#4954,.F.);
#7548=ORIENTED_EDGE('',*,*,#5677,.F.);
#7549=ORIENTED_EDGE('',*,*,#5688,.T.);
#7550=ORIENTED_EDGE('',*,*,#5689,.T.);
#7551=ORIENTED_EDGE('',*,*,#4955,.T.);
#7552=ORIENTED_EDGE('',*,*,#5687,.T.);
#7553=ORIENTED_EDGE('',*,*,#5690,.T.);
#7554=ORIENTED_EDGE('',*,*,#5648,.F.);
#7555=ORIENTED_EDGE('',*,*,#4956,.F.);
#7556=ORIENTED_EDGE('',*,*,#5689,.F.);
#7557=ORIENTED_EDGE('',*,*,#5691,.F.);
#7558=ORIENTED_EDGE('',*,*,#5683,.T.);
#7559=ORIENTED_EDGE('',*,*,#5692,.F.);
#7560=ORIENTED_EDGE('',*,*,#5680,.F.);
#7561=ORIENTED_EDGE('',*,*,#5678,.F.);
#7562=ORIENTED_EDGE('',*,*,#5690,.F.);
#7563=ORIENTED_EDGE('',*,*,#5686,.F.);
#7564=ORIENTED_EDGE('',*,*,#5655,.F.);
#7565=ORIENTED_EDGE('',*,*,#5547,.F.);
#7566=ORIENTED_EDGE('',*,*,#5685,.F.);
#7567=ORIENTED_EDGE('',*,*,#5693,.F.);
#7568=ORIENTED_EDGE('',*,*,#5681,.T.);
#7569=ORIENTED_EDGE('',*,*,#5692,.T.);
#7570=ORIENTED_EDGE('',*,*,#5694,.F.);
#7571=ORIENTED_EDGE('',*,*,#5695,.T.);
#7572=ORIENTED_EDGE('',*,*,#5529,.T.);
#7573=ORIENTED_EDGE('',*,*,#5672,.F.);
#7574=ORIENTED_EDGE('',*,*,#5696,.F.);
#7575=ORIENTED_EDGE('',*,*,#5697,.T.);
#7576=ORIENTED_EDGE('',*,*,#5530,.T.);
#7577=ORIENTED_EDGE('',*,*,#5695,.F.);
#7578=ORIENTED_EDGE('',*,*,#5698,.F.);
#7579=ORIENTED_EDGE('',*,*,#5699,.T.);
#7580=ORIENTED_EDGE('',*,*,#5531,.T.);
#7581=ORIENTED_EDGE('',*,*,#5697,.F.);
#7582=ORIENTED_EDGE('',*,*,#5519,.T.);
#7583=ORIENTED_EDGE('',*,*,#5532,.T.);
#7584=ORIENTED_EDGE('',*,*,#5699,.F.);
#7585=ORIENTED_EDGE('',*,*,#5700,.F.);
#7586=ORIENTED_EDGE('',*,*,#5674,.T.);
#7587=ORIENTED_EDGE('',*,*,#5701,.F.);
#7588=ORIENTED_EDGE('',*,*,#5702,.T.);
#7589=ORIENTED_EDGE('',*,*,#5227,.T.);
#7590=ORIENTED_EDGE('',*,*,#5702,.F.);
#7591=ORIENTED_EDGE('',*,*,#5703,.F.);
#7592=ORIENTED_EDGE('',*,*,#5704,.F.);
#7593=ORIENTED_EDGE('',*,*,#5705,.F.);
#7594=ORIENTED_EDGE('',*,*,#5706,.F.);
#7595=ORIENTED_EDGE('',*,*,#5707,.F.);
#7596=ORIENTED_EDGE('',*,*,#5708,.F.);
#7597=ORIENTED_EDGE('',*,*,#5701,.T.);
#7598=ORIENTED_EDGE('',*,*,#5706,.T.);
#7599=ORIENTED_EDGE('',*,*,#5709,.T.);
#7600=ORIENTED_EDGE('',*,*,#5710,.F.);
#7601=ORIENTED_EDGE('',*,*,#5711,.F.);
#7602=ORIENTED_EDGE('',*,*,#5705,.T.);
#7603=ORIENTED_EDGE('',*,*,#5712,.T.);
#7604=ORIENTED_EDGE('',*,*,#5713,.F.);
#7605=ORIENTED_EDGE('',*,*,#5709,.F.);
#7606=ORIENTED_EDGE('',*,*,#5704,.T.);
#7607=ORIENTED_EDGE('',*,*,#5714,.T.);
#7608=ORIENTED_EDGE('',*,*,#5715,.F.);
#7609=ORIENTED_EDGE('',*,*,#5712,.F.);
#7610=ORIENTED_EDGE('',*,*,#5716,.F.);
#7611=ORIENTED_EDGE('',*,*,#5717,.T.);
#7612=ORIENTED_EDGE('',*,*,#5226,.T.);
#7613=ORIENTED_EDGE('',*,*,#5717,.F.);
#7614=ORIENTED_EDGE('',*,*,#5718,.F.);
#7615=ORIENTED_EDGE('',*,*,#5719,.F.);
#7616=ORIENTED_EDGE('',*,*,#5720,.F.);
#7617=ORIENTED_EDGE('',*,*,#5721,.F.);
#7618=ORIENTED_EDGE('',*,*,#5722,.F.);
#7619=ORIENTED_EDGE('',*,*,#5723,.F.);
#7620=ORIENTED_EDGE('',*,*,#5716,.T.);
#7621=ORIENTED_EDGE('',*,*,#5721,.T.);
#7622=ORIENTED_EDGE('',*,*,#5724,.T.);
#7623=ORIENTED_EDGE('',*,*,#5725,.F.);
#7624=ORIENTED_EDGE('',*,*,#5726,.F.);
#7625=ORIENTED_EDGE('',*,*,#5720,.T.);
#7626=ORIENTED_EDGE('',*,*,#5727,.T.);
#7627=ORIENTED_EDGE('',*,*,#5728,.F.);
#7628=ORIENTED_EDGE('',*,*,#5724,.F.);
#7629=ORIENTED_EDGE('',*,*,#5719,.T.);
#7630=ORIENTED_EDGE('',*,*,#5729,.T.);
#7631=ORIENTED_EDGE('',*,*,#5730,.F.);
#7632=ORIENTED_EDGE('',*,*,#5727,.F.);
#7633=ORIENTED_EDGE('',*,*,#5731,.F.);
#7634=ORIENTED_EDGE('',*,*,#5732,.T.);
#7635=ORIENTED_EDGE('',*,*,#5225,.T.);
#7636=ORIENTED_EDGE('',*,*,#5732,.F.);
#7637=ORIENTED_EDGE('',*,*,#5733,.F.);
#7638=ORIENTED_EDGE('',*,*,#5734,.F.);
#7639=ORIENTED_EDGE('',*,*,#5735,.F.);
#7640=ORIENTED_EDGE('',*,*,#5736,.F.);
#7641=ORIENTED_EDGE('',*,*,#5737,.F.);
#7642=ORIENTED_EDGE('',*,*,#5738,.F.);
#7643=ORIENTED_EDGE('',*,*,#5731,.T.);
#7644=ORIENTED_EDGE('',*,*,#5736,.T.);
#7645=ORIENTED_EDGE('',*,*,#5739,.T.);
#7646=ORIENTED_EDGE('',*,*,#5740,.F.);
#7647=ORIENTED_EDGE('',*,*,#5741,.F.);
#7648=ORIENTED_EDGE('',*,*,#5735,.T.);
#7649=ORIENTED_EDGE('',*,*,#5742,.T.);
#7650=ORIENTED_EDGE('',*,*,#5743,.F.);
#7651=ORIENTED_EDGE('',*,*,#5739,.F.);
#7652=ORIENTED_EDGE('',*,*,#5734,.T.);
#7653=ORIENTED_EDGE('',*,*,#5744,.T.);
#7654=ORIENTED_EDGE('',*,*,#5745,.F.);
#7655=ORIENTED_EDGE('',*,*,#5742,.F.);
#7656=ORIENTED_EDGE('',*,*,#5746,.F.);
#7657=ORIENTED_EDGE('',*,*,#5747,.T.);
#7658=ORIENTED_EDGE('',*,*,#5224,.T.);
#7659=ORIENTED_EDGE('',*,*,#5747,.F.);
#7660=ORIENTED_EDGE('',*,*,#5748,.F.);
#7661=ORIENTED_EDGE('',*,*,#5749,.F.);
#7662=ORIENTED_EDGE('',*,*,#5750,.F.);
#7663=ORIENTED_EDGE('',*,*,#5751,.F.);
#7664=ORIENTED_EDGE('',*,*,#5752,.F.);
#7665=ORIENTED_EDGE('',*,*,#5753,.F.);
#7666=ORIENTED_EDGE('',*,*,#5746,.T.);
#7667=ORIENTED_EDGE('',*,*,#5751,.T.);
#7668=ORIENTED_EDGE('',*,*,#5754,.T.);
#7669=ORIENTED_EDGE('',*,*,#5755,.F.);
#7670=ORIENTED_EDGE('',*,*,#5756,.F.);
#7671=ORIENTED_EDGE('',*,*,#5750,.T.);
#7672=ORIENTED_EDGE('',*,*,#5757,.T.);
#7673=ORIENTED_EDGE('',*,*,#5758,.F.);
#7674=ORIENTED_EDGE('',*,*,#5754,.F.);
#7675=ORIENTED_EDGE('',*,*,#5749,.T.);
#7676=ORIENTED_EDGE('',*,*,#5759,.T.);
#7677=ORIENTED_EDGE('',*,*,#5760,.F.);
#7678=ORIENTED_EDGE('',*,*,#5757,.F.);
#7679=ORIENTED_EDGE('',*,*,#5761,.T.);
#7680=ORIENTED_EDGE('',*,*,#5762,.T.);
#7681=ORIENTED_EDGE('',*,*,#5762,.F.);
#7682=ORIENTED_EDGE('',*,*,#4891,.F.);
#7683=ORIENTED_EDGE('',*,*,#5763,.T.);
#7684=ORIENTED_EDGE('',*,*,#5764,.F.);
#7685=ORIENTED_EDGE('',*,*,#5765,.F.);
#7686=ORIENTED_EDGE('',*,*,#5766,.F.);
#7687=ORIENTED_EDGE('',*,*,#5761,.F.);
#7688=ORIENTED_EDGE('',*,*,#5766,.T.);
#7689=ORIENTED_EDGE('',*,*,#5767,.T.);
#7690=ORIENTED_EDGE('',*,*,#5767,.F.);
#7691=ORIENTED_EDGE('',*,*,#5768,.F.);
#7692=ORIENTED_EDGE('',*,*,#5769,.T.);
#7693=ORIENTED_EDGE('',*,*,#5769,.F.);
#7694=ORIENTED_EDGE('',*,*,#5770,.F.);
#7695=ORIENTED_EDGE('',*,*,#5771,.T.);
#7696=ORIENTED_EDGE('',*,*,#5771,.F.);
#7697=ORIENTED_EDGE('',*,*,#5772,.F.);
#7698=ORIENTED_EDGE('',*,*,#5773,.T.);
#7699=ORIENTED_EDGE('',*,*,#5773,.F.);
#7700=ORIENTED_EDGE('',*,*,#5774,.F.);
#7701=ORIENTED_EDGE('',*,*,#5775,.F.);
#7702=ORIENTED_EDGE('',*,*,#5775,.T.);
#7703=ORIENTED_EDGE('',*,*,#5737,.T.);
#7704=ORIENTED_EDGE('',*,*,#5741,.T.);
#7705=ORIENTED_EDGE('',*,*,#5776,.F.);
#7706=ORIENTED_EDGE('',*,*,#5777,.F.);
#7707=ORIENTED_EDGE('',*,*,#5738,.T.);
#7708=ORIENTED_EDGE('',*,*,#5777,.T.);
#7709=ORIENTED_EDGE('',*,*,#5778,.F.);
#7710=ORIENTED_EDGE('',*,*,#5779,.F.);
#7711=ORIENTED_EDGE('',*,*,#5733,.T.);
#7712=ORIENTED_EDGE('',*,*,#5779,.T.);
#7713=ORIENTED_EDGE('',*,*,#5780,.F.);
#7714=ORIENTED_EDGE('',*,*,#5744,.F.);
#7715=ORIENTED_EDGE('',*,*,#5722,.T.);
#7716=ORIENTED_EDGE('',*,*,#5726,.T.);
#7717=ORIENTED_EDGE('',*,*,#5781,.F.);
#7718=ORIENTED_EDGE('',*,*,#5782,.F.);
#7719=ORIENTED_EDGE('',*,*,#5723,.T.);
#7720=ORIENTED_EDGE('',*,*,#5782,.T.);
#7721=ORIENTED_EDGE('',*,*,#5783,.F.);
#7722=ORIENTED_EDGE('',*,*,#5784,.F.);
#7723=ORIENTED_EDGE('',*,*,#5718,.T.);
#7724=ORIENTED_EDGE('',*,*,#5784,.T.);
#7725=ORIENTED_EDGE('',*,*,#5785,.F.);
#7726=ORIENTED_EDGE('',*,*,#5729,.F.);
#7727=ORIENTED_EDGE('',*,*,#5577,.F.);
#7728=ORIENTED_EDGE('',*,*,#5786,.F.);
#7729=ORIENTED_EDGE('',*,*,#5477,.F.);
#7730=ORIENTED_EDGE('',*,*,#4979,.T.);
#7731=ORIENTED_EDGE('',*,*,#5387,.F.);
#7732=ORIENTED_EDGE('',*,*,#4995,.T.);
#7733=ORIENTED_EDGE('',*,*,#5582,.F.);
#7734=ORIENTED_EDGE('',*,*,#5787,.F.);
#7735=ORIENTED_EDGE('',*,*,#5752,.T.);
#7736=ORIENTED_EDGE('',*,*,#5756,.T.);
#7737=ORIENTED_EDGE('',*,*,#5788,.F.);
#7738=ORIENTED_EDGE('',*,*,#5789,.F.);
#7739=ORIENTED_EDGE('',*,*,#5753,.T.);
#7740=ORIENTED_EDGE('',*,*,#5789,.T.);
#7741=ORIENTED_EDGE('',*,*,#5790,.F.);
#7742=ORIENTED_EDGE('',*,*,#5791,.F.);
#7743=ORIENTED_EDGE('',*,*,#5748,.T.);
#7744=ORIENTED_EDGE('',*,*,#5791,.T.);
#7745=ORIENTED_EDGE('',*,*,#5792,.F.);
#7746=ORIENTED_EDGE('',*,*,#5759,.F.);
#7747=ORIENTED_EDGE('',*,*,#5443,.F.);
#7748=ORIENTED_EDGE('',*,*,#5793,.F.);
#7749=ORIENTED_EDGE('',*,*,#5794,.F.);
#7750=ORIENTED_EDGE('',*,*,#5033,.T.);
#7751=ORIENTED_EDGE('',*,*,#5034,.T.);
#7752=ORIENTED_EDGE('',*,*,#5794,.T.);
#7753=ORIENTED_EDGE('',*,*,#5795,.F.);
#7754=ORIENTED_EDGE('',*,*,#5796,.F.);
#7755=ORIENTED_EDGE('',*,*,#5035,.T.);
#7756=ORIENTED_EDGE('',*,*,#5796,.T.);
#7757=ORIENTED_EDGE('',*,*,#5797,.F.);
#7758=ORIENTED_EDGE('',*,*,#5798,.F.);
#7759=ORIENTED_EDGE('',*,*,#5036,.T.);
#7760=ORIENTED_EDGE('',*,*,#5798,.T.);
#7761=ORIENTED_EDGE('',*,*,#5799,.F.);
#7762=ORIENTED_EDGE('',*,*,#5800,.F.);
#7763=ORIENTED_EDGE('',*,*,#5037,.T.);
#7764=ORIENTED_EDGE('',*,*,#5800,.T.);
#7765=ORIENTED_EDGE('',*,*,#5801,.F.);
#7766=ORIENTED_EDGE('',*,*,#5802,.F.);
#7767=ORIENTED_EDGE('',*,*,#5038,.T.);
#7768=ORIENTED_EDGE('',*,*,#5802,.T.);
#7769=ORIENTED_EDGE('',*,*,#5803,.F.);
#7770=ORIENTED_EDGE('',*,*,#5804,.F.);
#7771=ORIENTED_EDGE('',*,*,#5039,.T.);
#7772=ORIENTED_EDGE('',*,*,#5804,.T.);
#7773=ORIENTED_EDGE('',*,*,#5805,.F.);
#7774=ORIENTED_EDGE('',*,*,#5806,.F.);
#7775=ORIENTED_EDGE('',*,*,#5040,.T.);
#7776=ORIENTED_EDGE('',*,*,#5806,.T.);
#7777=ORIENTED_EDGE('',*,*,#5807,.F.);
#7778=ORIENTED_EDGE('',*,*,#5808,.F.);
#7779=ORIENTED_EDGE('',*,*,#5041,.T.);
#7780=ORIENTED_EDGE('',*,*,#5808,.T.);
#7781=ORIENTED_EDGE('',*,*,#5809,.F.);
#7782=ORIENTED_EDGE('',*,*,#5810,.F.);
#7783=ORIENTED_EDGE('',*,*,#5042,.T.);
#7784=ORIENTED_EDGE('',*,*,#5810,.T.);
#7785=ORIENTED_EDGE('',*,*,#5811,.F.);
#7786=ORIENTED_EDGE('',*,*,#5812,.F.);
#7787=ORIENTED_EDGE('',*,*,#5043,.T.);
#7788=ORIENTED_EDGE('',*,*,#5812,.T.);
#7789=ORIENTED_EDGE('',*,*,#5813,.F.);
#7790=ORIENTED_EDGE('',*,*,#5814,.F.);
#7791=ORIENTED_EDGE('',*,*,#5044,.T.);
#7792=ORIENTED_EDGE('',*,*,#5814,.T.);
#7793=ORIENTED_EDGE('',*,*,#5815,.F.);
#7794=ORIENTED_EDGE('',*,*,#5816,.F.);
#7795=ORIENTED_EDGE('',*,*,#5045,.T.);
#7796=ORIENTED_EDGE('',*,*,#5816,.T.);
#7797=ORIENTED_EDGE('',*,*,#5817,.F.);
#7798=ORIENTED_EDGE('',*,*,#5818,.F.);
#7799=ORIENTED_EDGE('',*,*,#5046,.T.);
#7800=ORIENTED_EDGE('',*,*,#5818,.T.);
#7801=ORIENTED_EDGE('',*,*,#5819,.F.);
#7802=ORIENTED_EDGE('',*,*,#5820,.F.);
#7803=ORIENTED_EDGE('',*,*,#5047,.T.);
#7804=ORIENTED_EDGE('',*,*,#5820,.T.);
#7805=ORIENTED_EDGE('',*,*,#5821,.F.);
#7806=ORIENTED_EDGE('',*,*,#5305,.F.);
#7807=ORIENTED_EDGE('',*,*,#5304,.F.);
#7808=ORIENTED_EDGE('',*,*,#5822,.F.);
#7809=ORIENTED_EDGE('',*,*,#5823,.F.);
#7810=ORIENTED_EDGE('',*,*,#5005,.T.);
#7811=ORIENTED_EDGE('',*,*,#5006,.T.);
#7812=ORIENTED_EDGE('',*,*,#5823,.T.);
#7813=ORIENTED_EDGE('',*,*,#5824,.F.);
#7814=ORIENTED_EDGE('',*,*,#5825,.F.);
#7815=ORIENTED_EDGE('',*,*,#5007,.T.);
#7816=ORIENTED_EDGE('',*,*,#5825,.T.);
#7817=ORIENTED_EDGE('',*,*,#5826,.F.);
#7818=ORIENTED_EDGE('',*,*,#5827,.F.);
#7819=ORIENTED_EDGE('',*,*,#5008,.T.);
#7820=ORIENTED_EDGE('',*,*,#5827,.T.);
#7821=ORIENTED_EDGE('',*,*,#5828,.F.);
#7822=ORIENTED_EDGE('',*,*,#5829,.F.);
#7823=ORIENTED_EDGE('',*,*,#5009,.T.);
#7824=ORIENTED_EDGE('',*,*,#5829,.T.);
#7825=ORIENTED_EDGE('',*,*,#5830,.F.);
#7826=ORIENTED_EDGE('',*,*,#5831,.F.);
#7827=ORIENTED_EDGE('',*,*,#5010,.T.);
#7828=ORIENTED_EDGE('',*,*,#5831,.T.);
#7829=ORIENTED_EDGE('',*,*,#5832,.F.);
#7830=ORIENTED_EDGE('',*,*,#5833,.F.);
#7831=ORIENTED_EDGE('',*,*,#5011,.T.);
#7832=ORIENTED_EDGE('',*,*,#5833,.T.);
#7833=ORIENTED_EDGE('',*,*,#5834,.F.);
#7834=ORIENTED_EDGE('',*,*,#5835,.F.);
#7835=ORIENTED_EDGE('',*,*,#5012,.T.);
#7836=ORIENTED_EDGE('',*,*,#5835,.T.);
#7837=ORIENTED_EDGE('',*,*,#5836,.F.);
#7838=ORIENTED_EDGE('',*,*,#5837,.F.);
#7839=ORIENTED_EDGE('',*,*,#5013,.T.);
#7840=ORIENTED_EDGE('',*,*,#5837,.T.);
#7841=ORIENTED_EDGE('',*,*,#5838,.F.);
#7842=ORIENTED_EDGE('',*,*,#5839,.F.);
#7843=ORIENTED_EDGE('',*,*,#5014,.T.);
#7844=ORIENTED_EDGE('',*,*,#5839,.T.);
#7845=ORIENTED_EDGE('',*,*,#5840,.F.);
#7846=ORIENTED_EDGE('',*,*,#5841,.F.);
#7847=ORIENTED_EDGE('',*,*,#5015,.T.);
#7848=ORIENTED_EDGE('',*,*,#5841,.T.);
#7849=ORIENTED_EDGE('',*,*,#5842,.F.);
#7850=ORIENTED_EDGE('',*,*,#5843,.F.);
#7851=ORIENTED_EDGE('',*,*,#5016,.T.);
#7852=ORIENTED_EDGE('',*,*,#5843,.T.);
#7853=ORIENTED_EDGE('',*,*,#5844,.F.);
#7854=ORIENTED_EDGE('',*,*,#5845,.F.);
#7855=ORIENTED_EDGE('',*,*,#5017,.T.);
#7856=ORIENTED_EDGE('',*,*,#5845,.T.);
#7857=ORIENTED_EDGE('',*,*,#5846,.F.);
#7858=ORIENTED_EDGE('',*,*,#5847,.F.);
#7859=ORIENTED_EDGE('',*,*,#5328,.F.);
#7860=ORIENTED_EDGE('',*,*,#5018,.T.);
#7861=ORIENTED_EDGE('',*,*,#5847,.T.);
#7862=ORIENTED_EDGE('',*,*,#5848,.F.);
#7863=ORIENTED_EDGE('',*,*,#5369,.F.);
#7864=ORIENTED_EDGE('',*,*,#5028,.T.);
#7865=ORIENTED_EDGE('',*,*,#5659,.F.);
#7866=ORIENTED_EDGE('',*,*,#5849,.F.);
#7867=ORIENTED_EDGE('',*,*,#5364,.F.);
#7868=ORIENTED_EDGE('',*,*,#5078,.T.);
#7869=ORIENTED_EDGE('',*,*,#5644,.F.);
#7870=ORIENTED_EDGE('',*,*,#5850,.F.);
#7871=ORIENTED_EDGE('',*,*,#5333,.F.);
#7872=ORIENTED_EDGE('',*,*,#5081,.T.);
#7873=ORIENTED_EDGE('',*,*,#5362,.F.);
#7874=ORIENTED_EDGE('',*,*,#5851,.F.);
#7875=ORIENTED_EDGE('',*,*,#5083,.T.);
#7876=ORIENTED_EDGE('',*,*,#5335,.T.);
#7877=ORIENTED_EDGE('',*,*,#5852,.F.);
#7878=ORIENTED_EDGE('',*,*,#5853,.F.);
#7879=ORIENTED_EDGE('',*,*,#5084,.T.);
#7880=ORIENTED_EDGE('',*,*,#5853,.T.);
#7881=ORIENTED_EDGE('',*,*,#5854,.F.);
#7882=ORIENTED_EDGE('',*,*,#5855,.F.);
#7883=ORIENTED_EDGE('',*,*,#5085,.T.);
#7884=ORIENTED_EDGE('',*,*,#5855,.T.);
#7885=ORIENTED_EDGE('',*,*,#5856,.F.);
#7886=ORIENTED_EDGE('',*,*,#5857,.F.);
#7887=ORIENTED_EDGE('',*,*,#5086,.T.);
#7888=ORIENTED_EDGE('',*,*,#5857,.T.);
#7889=ORIENTED_EDGE('',*,*,#5858,.F.);
#7890=ORIENTED_EDGE('',*,*,#5859,.F.);
#7891=ORIENTED_EDGE('',*,*,#5087,.T.);
#7892=ORIENTED_EDGE('',*,*,#5859,.T.);
#7893=ORIENTED_EDGE('',*,*,#5860,.F.);
#7894=ORIENTED_EDGE('',*,*,#5861,.F.);
#7895=ORIENTED_EDGE('',*,*,#5088,.T.);
#7896=ORIENTED_EDGE('',*,*,#5861,.T.);
#7897=ORIENTED_EDGE('',*,*,#5862,.F.);
#7898=ORIENTED_EDGE('',*,*,#5863,.F.);
#7899=ORIENTED_EDGE('',*,*,#5089,.T.);
#7900=ORIENTED_EDGE('',*,*,#5863,.T.);
#7901=ORIENTED_EDGE('',*,*,#5864,.F.);
#7902=ORIENTED_EDGE('',*,*,#5865,.F.);
#7903=ORIENTED_EDGE('',*,*,#5090,.T.);
#7904=ORIENTED_EDGE('',*,*,#5865,.T.);
#7905=ORIENTED_EDGE('',*,*,#5866,.F.);
#7906=ORIENTED_EDGE('',*,*,#5867,.F.);
#7907=ORIENTED_EDGE('',*,*,#5091,.T.);
#7908=ORIENTED_EDGE('',*,*,#5867,.T.);
#7909=ORIENTED_EDGE('',*,*,#5868,.F.);
#7910=ORIENTED_EDGE('',*,*,#5869,.F.);
#7911=ORIENTED_EDGE('',*,*,#5092,.T.);
#7912=ORIENTED_EDGE('',*,*,#5869,.T.);
#7913=ORIENTED_EDGE('',*,*,#5870,.F.);
#7914=ORIENTED_EDGE('',*,*,#5871,.F.);
#7915=ORIENTED_EDGE('',*,*,#5093,.T.);
#7916=ORIENTED_EDGE('',*,*,#5871,.T.);
#7917=ORIENTED_EDGE('',*,*,#5872,.F.);
#7918=ORIENTED_EDGE('',*,*,#5873,.F.);
#7919=ORIENTED_EDGE('',*,*,#5094,.T.);
#7920=ORIENTED_EDGE('',*,*,#5873,.T.);
#7921=ORIENTED_EDGE('',*,*,#5874,.F.);
#7922=ORIENTED_EDGE('',*,*,#5875,.F.);
#7923=ORIENTED_EDGE('',*,*,#5095,.T.);
#7924=ORIENTED_EDGE('',*,*,#5875,.T.);
#7925=ORIENTED_EDGE('',*,*,#5876,.F.);
#7926=ORIENTED_EDGE('',*,*,#5877,.F.);
#7927=ORIENTED_EDGE('',*,*,#5096,.T.);
#7928=ORIENTED_EDGE('',*,*,#5877,.T.);
#7929=ORIENTED_EDGE('',*,*,#5878,.F.);
#7930=ORIENTED_EDGE('',*,*,#5315,.F.);
#7931=ORIENTED_EDGE('',*,*,#5314,.F.);
#7932=ORIENTED_EDGE('',*,*,#5879,.F.);
#7933=ORIENTED_EDGE('',*,*,#5880,.F.);
#7934=ORIENTED_EDGE('',*,*,#5052,.T.);
#7935=ORIENTED_EDGE('',*,*,#5053,.T.);
#7936=ORIENTED_EDGE('',*,*,#5880,.T.);
#7937=ORIENTED_EDGE('',*,*,#5881,.F.);
#7938=ORIENTED_EDGE('',*,*,#5882,.F.);
#7939=ORIENTED_EDGE('',*,*,#5054,.T.);
#7940=ORIENTED_EDGE('',*,*,#5882,.T.);
#7941=ORIENTED_EDGE('',*,*,#5883,.F.);
#7942=ORIENTED_EDGE('',*,*,#5884,.F.);
#7943=ORIENTED_EDGE('',*,*,#5055,.T.);
#7944=ORIENTED_EDGE('',*,*,#5884,.T.);
#7945=ORIENTED_EDGE('',*,*,#5885,.F.);
#7946=ORIENTED_EDGE('',*,*,#5886,.F.);
#7947=ORIENTED_EDGE('',*,*,#5056,.T.);
#7948=ORIENTED_EDGE('',*,*,#5886,.T.);
#7949=ORIENTED_EDGE('',*,*,#5887,.F.);
#7950=ORIENTED_EDGE('',*,*,#5888,.F.);
#7951=ORIENTED_EDGE('',*,*,#5057,.T.);
#7952=ORIENTED_EDGE('',*,*,#5888,.T.);
#7953=ORIENTED_EDGE('',*,*,#5889,.F.);
#7954=ORIENTED_EDGE('',*,*,#5890,.F.);
#7955=ORIENTED_EDGE('',*,*,#5058,.T.);
#7956=ORIENTED_EDGE('',*,*,#5890,.T.);
#7957=ORIENTED_EDGE('',*,*,#5891,.F.);
#7958=ORIENTED_EDGE('',*,*,#5892,.F.);
#7959=ORIENTED_EDGE('',*,*,#5059,.T.);
#7960=ORIENTED_EDGE('',*,*,#5892,.T.);
#7961=ORIENTED_EDGE('',*,*,#5893,.F.);
#7962=ORIENTED_EDGE('',*,*,#5894,.F.);
#7963=ORIENTED_EDGE('',*,*,#5060,.T.);
#7964=ORIENTED_EDGE('',*,*,#5894,.T.);
#7965=ORIENTED_EDGE('',*,*,#5895,.F.);
#7966=ORIENTED_EDGE('',*,*,#5896,.F.);
#7967=ORIENTED_EDGE('',*,*,#5061,.T.);
#7968=ORIENTED_EDGE('',*,*,#5896,.T.);
#7969=ORIENTED_EDGE('',*,*,#5897,.F.);
#7970=ORIENTED_EDGE('',*,*,#5898,.F.);
#7971=ORIENTED_EDGE('',*,*,#5062,.T.);
#7972=ORIENTED_EDGE('',*,*,#5898,.T.);
#7973=ORIENTED_EDGE('',*,*,#5899,.F.);
#7974=ORIENTED_EDGE('',*,*,#5900,.F.);
#7975=ORIENTED_EDGE('',*,*,#5063,.T.);
#7976=ORIENTED_EDGE('',*,*,#5900,.T.);
#7977=ORIENTED_EDGE('',*,*,#5901,.F.);
#7978=ORIENTED_EDGE('',*,*,#5902,.F.);
#7979=ORIENTED_EDGE('',*,*,#5064,.T.);
#7980=ORIENTED_EDGE('',*,*,#5902,.T.);
#7981=ORIENTED_EDGE('',*,*,#5903,.F.);
#7982=ORIENTED_EDGE('',*,*,#5904,.F.);
#7983=ORIENTED_EDGE('',*,*,#5065,.T.);
#7984=ORIENTED_EDGE('',*,*,#5904,.T.);
#7985=ORIENTED_EDGE('',*,*,#5905,.F.);
#7986=ORIENTED_EDGE('',*,*,#5906,.F.);
#7987=ORIENTED_EDGE('',*,*,#5066,.T.);
#7988=ORIENTED_EDGE('',*,*,#5906,.T.);
#7989=ORIENTED_EDGE('',*,*,#5907,.F.);
#7990=ORIENTED_EDGE('',*,*,#5439,.F.);
#7991=ORIENTED_EDGE('',*,*,#5707,.T.);
#7992=ORIENTED_EDGE('',*,*,#5711,.T.);
#7993=ORIENTED_EDGE('',*,*,#5908,.F.);
#7994=ORIENTED_EDGE('',*,*,#5909,.F.);
#7995=ORIENTED_EDGE('',*,*,#5708,.T.);
#7996=ORIENTED_EDGE('',*,*,#5909,.T.);
#7997=ORIENTED_EDGE('',*,*,#5910,.F.);
#7998=ORIENTED_EDGE('',*,*,#5911,.F.);
#7999=ORIENTED_EDGE('',*,*,#5703,.T.);
#8000=ORIENTED_EDGE('',*,*,#5911,.T.);
#8001=ORIENTED_EDGE('',*,*,#5912,.F.);
#8002=ORIENTED_EDGE('',*,*,#5714,.F.);
#8003=ORIENTED_EDGE('',*,*,#5116,.T.);
#8004=ORIENTED_EDGE('',*,*,#5913,.T.);
#8005=ORIENTED_EDGE('',*,*,#5914,.F.);
#8006=ORIENTED_EDGE('',*,*,#5915,.F.);
#8007=ORIENTED_EDGE('',*,*,#5117,.T.);
#8008=ORIENTED_EDGE('',*,*,#5915,.T.);
#8009=ORIENTED_EDGE('',*,*,#5916,.F.);
#8010=ORIENTED_EDGE('',*,*,#5917,.F.);
#8011=ORIENTED_EDGE('',*,*,#5118,.T.);
#8012=ORIENTED_EDGE('',*,*,#5917,.T.);
#8013=ORIENTED_EDGE('',*,*,#5918,.F.);
#8014=ORIENTED_EDGE('',*,*,#5919,.F.);
#8015=ORIENTED_EDGE('',*,*,#5119,.T.);
#8016=ORIENTED_EDGE('',*,*,#5919,.T.);
#8017=ORIENTED_EDGE('',*,*,#5920,.F.);
#8018=ORIENTED_EDGE('',*,*,#5921,.F.);
#8019=ORIENTED_EDGE('',*,*,#5120,.T.);
#8020=ORIENTED_EDGE('',*,*,#5921,.T.);
#8021=ORIENTED_EDGE('',*,*,#5922,.F.);
#8022=ORIENTED_EDGE('',*,*,#5923,.F.);
#8023=ORIENTED_EDGE('',*,*,#5121,.T.);
#8024=ORIENTED_EDGE('',*,*,#5923,.T.);
#8025=ORIENTED_EDGE('',*,*,#5924,.F.);
#8026=ORIENTED_EDGE('',*,*,#5925,.F.);
#8027=ORIENTED_EDGE('',*,*,#5122,.T.);
#8028=ORIENTED_EDGE('',*,*,#5925,.T.);
#8029=ORIENTED_EDGE('',*,*,#5926,.F.);
#8030=ORIENTED_EDGE('',*,*,#5927,.F.);
#8031=ORIENTED_EDGE('',*,*,#5123,.T.);
#8032=ORIENTED_EDGE('',*,*,#5927,.T.);
#8033=ORIENTED_EDGE('',*,*,#5928,.F.);
#8034=ORIENTED_EDGE('',*,*,#5406,.F.);
#8035=ORIENTED_EDGE('',*,*,#5601,.F.);
#8036=ORIENTED_EDGE('',*,*,#5929,.F.);
#8037=ORIENTED_EDGE('',*,*,#5378,.F.);
#8038=ORIENTED_EDGE('',*,*,#5135,.T.);
#8039=ORIENTED_EDGE('',*,*,#5325,.F.);
#8040=ORIENTED_EDGE('',*,*,#5137,.T.);
#8041=ORIENTED_EDGE('',*,*,#5377,.F.);
#8042=ORIENTED_EDGE('',*,*,#5930,.F.);
#8043=ORIENTED_EDGE('',*,*,#5139,.T.);
#8044=ORIENTED_EDGE('',*,*,#5327,.T.);
#8045=ORIENTED_EDGE('',*,*,#5931,.F.);
#8046=ORIENTED_EDGE('',*,*,#5932,.F.);
#8047=ORIENTED_EDGE('',*,*,#5140,.T.);
#8048=ORIENTED_EDGE('',*,*,#5932,.T.);
#8049=ORIENTED_EDGE('',*,*,#5933,.F.);
#8050=ORIENTED_EDGE('',*,*,#5934,.F.);
#8051=ORIENTED_EDGE('',*,*,#5141,.T.);
#8052=ORIENTED_EDGE('',*,*,#5934,.T.);
#8053=ORIENTED_EDGE('',*,*,#5935,.F.);
#8054=ORIENTED_EDGE('',*,*,#5936,.F.);
#8055=ORIENTED_EDGE('',*,*,#5142,.T.);
#8056=ORIENTED_EDGE('',*,*,#5936,.T.);
#8057=ORIENTED_EDGE('',*,*,#5937,.F.);
#8058=ORIENTED_EDGE('',*,*,#5938,.F.);
#8059=ORIENTED_EDGE('',*,*,#5143,.T.);
#8060=ORIENTED_EDGE('',*,*,#5938,.T.);
#8061=ORIENTED_EDGE('',*,*,#5939,.F.);
#8062=ORIENTED_EDGE('',*,*,#5940,.F.);
#8063=ORIENTED_EDGE('',*,*,#5144,.T.);
#8064=ORIENTED_EDGE('',*,*,#5940,.T.);
#8065=ORIENTED_EDGE('',*,*,#5941,.F.);
#8066=ORIENTED_EDGE('',*,*,#5942,.F.);
#8067=ORIENTED_EDGE('',*,*,#5145,.T.);
#8068=ORIENTED_EDGE('',*,*,#5942,.T.);
#8069=ORIENTED_EDGE('',*,*,#5943,.F.);
#8070=ORIENTED_EDGE('',*,*,#5944,.F.);
#8071=ORIENTED_EDGE('',*,*,#5146,.T.);
#8072=ORIENTED_EDGE('',*,*,#5944,.T.);
#8073=ORIENTED_EDGE('',*,*,#5945,.F.);
#8074=ORIENTED_EDGE('',*,*,#5946,.F.);
#8075=ORIENTED_EDGE('',*,*,#5147,.T.);
#8076=ORIENTED_EDGE('',*,*,#5946,.T.);
#8077=ORIENTED_EDGE('',*,*,#5947,.F.);
#8078=ORIENTED_EDGE('',*,*,#5948,.F.);
#8079=ORIENTED_EDGE('',*,*,#5148,.T.);
#8080=ORIENTED_EDGE('',*,*,#5948,.T.);
#8081=ORIENTED_EDGE('',*,*,#5949,.F.);
#8082=ORIENTED_EDGE('',*,*,#5950,.F.);
#8083=ORIENTED_EDGE('',*,*,#5149,.T.);
#8084=ORIENTED_EDGE('',*,*,#5950,.T.);
#8085=ORIENTED_EDGE('',*,*,#5951,.F.);
#8086=ORIENTED_EDGE('',*,*,#5952,.F.);
#8087=ORIENTED_EDGE('',*,*,#5150,.T.);
#8088=ORIENTED_EDGE('',*,*,#5952,.T.);
#8089=ORIENTED_EDGE('',*,*,#5953,.F.);
#8090=ORIENTED_EDGE('',*,*,#5954,.F.);
#8091=ORIENTED_EDGE('',*,*,#5151,.T.);
#8092=ORIENTED_EDGE('',*,*,#5954,.T.);
#8093=ORIENTED_EDGE('',*,*,#5955,.F.);
#8094=ORIENTED_EDGE('',*,*,#5956,.F.);
#8095=ORIENTED_EDGE('',*,*,#5152,.T.);
#8096=ORIENTED_EDGE('',*,*,#5956,.T.);
#8097=ORIENTED_EDGE('',*,*,#5957,.F.);
#8098=ORIENTED_EDGE('',*,*,#5291,.F.);
#8099=ORIENTED_EDGE('',*,*,#5296,.F.);
#8100=ORIENTED_EDGE('',*,*,#5958,.F.);
#8101=ORIENTED_EDGE('',*,*,#5959,.F.);
#8102=ORIENTED_EDGE('',*,*,#5109,.T.);
#8103=ORIENTED_EDGE('',*,*,#5110,.T.);
#8104=ORIENTED_EDGE('',*,*,#5959,.T.);
#8105=ORIENTED_EDGE('',*,*,#5960,.F.);
#8106=ORIENTED_EDGE('',*,*,#5961,.F.);
#8107=ORIENTED_EDGE('',*,*,#5111,.T.);
#8108=ORIENTED_EDGE('',*,*,#5961,.T.);
#8109=ORIENTED_EDGE('',*,*,#5962,.F.);
#8110=ORIENTED_EDGE('',*,*,#5963,.F.);
#8111=ORIENTED_EDGE('',*,*,#5112,.T.);
#8112=ORIENTED_EDGE('',*,*,#5963,.T.);
#8113=ORIENTED_EDGE('',*,*,#5964,.F.);
#8114=ORIENTED_EDGE('',*,*,#5965,.F.);
#8115=ORIENTED_EDGE('',*,*,#5113,.T.);
#8116=ORIENTED_EDGE('',*,*,#5965,.T.);
#8117=ORIENTED_EDGE('',*,*,#5966,.F.);
#8118=ORIENTED_EDGE('',*,*,#5967,.F.);
#8119=ORIENTED_EDGE('',*,*,#5114,.T.);
#8120=ORIENTED_EDGE('',*,*,#5967,.T.);
#8121=ORIENTED_EDGE('',*,*,#5968,.F.);
#8122=ORIENTED_EDGE('',*,*,#5969,.F.);
#8123=ORIENTED_EDGE('',*,*,#5115,.T.);
#8124=ORIENTED_EDGE('',*,*,#5969,.T.);
#8125=ORIENTED_EDGE('',*,*,#5970,.F.);
#8126=ORIENTED_EDGE('',*,*,#5913,.F.);
#8127=ORIENTED_EDGE('',*,*,#5193,.T.);
#8128=ORIENTED_EDGE('',*,*,#5971,.T.);
#8129=ORIENTED_EDGE('',*,*,#5972,.F.);
#8130=ORIENTED_EDGE('',*,*,#5973,.F.);
#8131=ORIENTED_EDGE('',*,*,#5194,.T.);
#8132=ORIENTED_EDGE('',*,*,#5973,.T.);
#8133=ORIENTED_EDGE('',*,*,#5974,.F.);
#8134=ORIENTED_EDGE('',*,*,#5975,.F.);
#8135=ORIENTED_EDGE('',*,*,#5195,.T.);
#8136=ORIENTED_EDGE('',*,*,#5975,.T.);
#8137=ORIENTED_EDGE('',*,*,#5976,.F.);
#8138=ORIENTED_EDGE('',*,*,#5977,.F.);
#8139=ORIENTED_EDGE('',*,*,#5196,.T.);
#8140=ORIENTED_EDGE('',*,*,#5977,.T.);
#8141=ORIENTED_EDGE('',*,*,#5978,.F.);
#8142=ORIENTED_EDGE('',*,*,#5979,.F.);
#8143=ORIENTED_EDGE('',*,*,#5197,.T.);
#8144=ORIENTED_EDGE('',*,*,#5979,.T.);
#8145=ORIENTED_EDGE('',*,*,#5980,.F.);
#8146=ORIENTED_EDGE('',*,*,#5981,.F.);
#8147=ORIENTED_EDGE('',*,*,#5198,.T.);
#8148=ORIENTED_EDGE('',*,*,#5981,.T.);
#8149=ORIENTED_EDGE('',*,*,#5982,.F.);
#8150=ORIENTED_EDGE('',*,*,#5983,.F.);
#8151=ORIENTED_EDGE('',*,*,#5199,.T.);
#8152=ORIENTED_EDGE('',*,*,#5983,.T.);
#8153=ORIENTED_EDGE('',*,*,#5984,.F.);
#8154=ORIENTED_EDGE('',*,*,#5319,.F.);
#8155=ORIENTED_EDGE('',*,*,#5322,.F.);
#8156=ORIENTED_EDGE('',*,*,#5985,.F.);
#8157=ORIENTED_EDGE('',*,*,#5986,.F.);
#8158=ORIENTED_EDGE('',*,*,#5157,.T.);
#8159=ORIENTED_EDGE('',*,*,#5158,.T.);
#8160=ORIENTED_EDGE('',*,*,#5986,.T.);
#8161=ORIENTED_EDGE('',*,*,#5987,.F.);
#8162=ORIENTED_EDGE('',*,*,#5988,.F.);
#8163=ORIENTED_EDGE('',*,*,#5159,.T.);
#8164=ORIENTED_EDGE('',*,*,#5988,.T.);
#8165=ORIENTED_EDGE('',*,*,#5989,.F.);
#8166=ORIENTED_EDGE('',*,*,#5990,.F.);
#8167=ORIENTED_EDGE('',*,*,#5160,.T.);
#8168=ORIENTED_EDGE('',*,*,#5990,.T.);
#8169=ORIENTED_EDGE('',*,*,#5991,.F.);
#8170=ORIENTED_EDGE('',*,*,#5992,.F.);
#8171=ORIENTED_EDGE('',*,*,#5161,.T.);
#8172=ORIENTED_EDGE('',*,*,#5992,.T.);
#8173=ORIENTED_EDGE('',*,*,#5993,.F.);
#8174=ORIENTED_EDGE('',*,*,#5994,.F.);
#8175=ORIENTED_EDGE('',*,*,#5162,.T.);
#8176=ORIENTED_EDGE('',*,*,#5994,.T.);
#8177=ORIENTED_EDGE('',*,*,#5995,.F.);
#8178=ORIENTED_EDGE('',*,*,#5996,.F.);
#8179=ORIENTED_EDGE('',*,*,#5163,.T.);
#8180=ORIENTED_EDGE('',*,*,#5996,.T.);
#8181=ORIENTED_EDGE('',*,*,#5997,.F.);
#8182=ORIENTED_EDGE('',*,*,#5998,.F.);
#8183=ORIENTED_EDGE('',*,*,#5164,.T.);
#8184=ORIENTED_EDGE('',*,*,#5998,.T.);
#8185=ORIENTED_EDGE('',*,*,#5999,.F.);
#8186=ORIENTED_EDGE('',*,*,#6000,.F.);
#8187=ORIENTED_EDGE('',*,*,#5165,.T.);
#8188=ORIENTED_EDGE('',*,*,#6000,.T.);
#8189=ORIENTED_EDGE('',*,*,#6001,.F.);
#8190=ORIENTED_EDGE('',*,*,#6002,.F.);
#8191=ORIENTED_EDGE('',*,*,#5166,.T.);
#8192=ORIENTED_EDGE('',*,*,#6002,.T.);
#8193=ORIENTED_EDGE('',*,*,#6003,.F.);
#8194=ORIENTED_EDGE('',*,*,#6004,.F.);
#8195=ORIENTED_EDGE('',*,*,#5167,.T.);
#8196=ORIENTED_EDGE('',*,*,#6004,.T.);
#8197=ORIENTED_EDGE('',*,*,#6005,.F.);
#8198=ORIENTED_EDGE('',*,*,#6006,.F.);
#8199=ORIENTED_EDGE('',*,*,#5168,.T.);
#8200=ORIENTED_EDGE('',*,*,#6006,.T.);
#8201=ORIENTED_EDGE('',*,*,#6007,.F.);
#8202=ORIENTED_EDGE('',*,*,#6008,.F.);
#8203=ORIENTED_EDGE('',*,*,#5169,.T.);
#8204=ORIENTED_EDGE('',*,*,#6008,.T.);
#8205=ORIENTED_EDGE('',*,*,#6009,.F.);
#8206=ORIENTED_EDGE('',*,*,#6010,.F.);
#8207=ORIENTED_EDGE('',*,*,#5336,.F.);
#8208=ORIENTED_EDGE('',*,*,#5170,.T.);
#8209=ORIENTED_EDGE('',*,*,#6010,.T.);
#8210=ORIENTED_EDGE('',*,*,#6011,.F.);
#8211=ORIENTED_EDGE('',*,*,#5569,.F.);
#8212=ORIENTED_EDGE('',*,*,#5176,.T.);
#8213=ORIENTED_EDGE('',*,*,#5617,.F.);
#8214=ORIENTED_EDGE('',*,*,#6012,.F.);
#8215=ORIENTED_EDGE('',*,*,#5344,.F.);
#8216=ORIENTED_EDGE('',*,*,#5180,.T.);
#8217=ORIENTED_EDGE('',*,*,#5614,.F.);
#8218=ORIENTED_EDGE('',*,*,#6013,.F.);
#8219=ORIENTED_EDGE('',*,*,#5393,.F.);
#8220=ORIENTED_EDGE('',*,*,#6014,.F.);
#8221=ORIENTED_EDGE('',*,*,#6015,.F.);
#8222=ORIENTED_EDGE('',*,*,#5185,.T.);
#8223=ORIENTED_EDGE('',*,*,#5186,.T.);
#8224=ORIENTED_EDGE('',*,*,#6015,.T.);
#8225=ORIENTED_EDGE('',*,*,#6016,.F.);
#8226=ORIENTED_EDGE('',*,*,#6017,.F.);
#8227=ORIENTED_EDGE('',*,*,#5187,.T.);
#8228=ORIENTED_EDGE('',*,*,#6017,.T.);
#8229=ORIENTED_EDGE('',*,*,#6018,.F.);
#8230=ORIENTED_EDGE('',*,*,#6019,.F.);
#8231=ORIENTED_EDGE('',*,*,#5188,.T.);
#8232=ORIENTED_EDGE('',*,*,#6019,.T.);
#8233=ORIENTED_EDGE('',*,*,#6020,.F.);
#8234=ORIENTED_EDGE('',*,*,#6021,.F.);
#8235=ORIENTED_EDGE('',*,*,#5189,.T.);
#8236=ORIENTED_EDGE('',*,*,#6021,.T.);
#8237=ORIENTED_EDGE('',*,*,#6022,.F.);
#8238=ORIENTED_EDGE('',*,*,#6023,.F.);
#8239=ORIENTED_EDGE('',*,*,#5190,.T.);
#8240=ORIENTED_EDGE('',*,*,#6023,.T.);
#8241=ORIENTED_EDGE('',*,*,#6024,.F.);
#8242=ORIENTED_EDGE('',*,*,#6025,.F.);
#8243=ORIENTED_EDGE('',*,*,#5191,.T.);
#8244=ORIENTED_EDGE('',*,*,#6025,.T.);
#8245=ORIENTED_EDGE('',*,*,#6026,.F.);
#8246=ORIENTED_EDGE('',*,*,#6027,.F.);
#8247=ORIENTED_EDGE('',*,*,#5192,.T.);
#8248=ORIENTED_EDGE('',*,*,#6027,.T.);
#8249=ORIENTED_EDGE('',*,*,#6028,.F.);
#8250=ORIENTED_EDGE('',*,*,#5971,.F.);
#8251=ORIENTED_EDGE('',*,*,#5205,.T.);
#8252=ORIENTED_EDGE('',*,*,#5419,.T.);
#8253=ORIENTED_EDGE('',*,*,#6029,.F.);
#8254=ORIENTED_EDGE('',*,*,#5421,.F.);
#8255=ORIENTED_EDGE('',*,*,#5354,.F.);
#8256=ORIENTED_EDGE('',*,*,#5214,.T.);
#8257=ORIENTED_EDGE('',*,*,#5628,.F.);
#8258=ORIENTED_EDGE('',*,*,#6030,.F.);
#8259=ORIENTED_EDGE('',*,*,#5352,.F.);
#8260=ORIENTED_EDGE('',*,*,#6031,.F.);
#8261=ORIENTED_EDGE('',*,*,#5417,.F.);
#8262=ORIENTED_EDGE('',*,*,#5203,.T.);
#8263=ORIENTED_EDGE('',*,*,#4929,.F.);
#8264=ORIENTED_EDGE('',*,*,#6032,.T.);
#8265=ORIENTED_EDGE('',*,*,#6033,.F.);
#8266=ORIENTED_EDGE('',*,*,#6034,.F.);
#8267=ORIENTED_EDGE('',*,*,#5774,.T.);
#8268=ORIENTED_EDGE('',*,*,#4930,.T.);
#8269=ORIENTED_EDGE('',*,*,#6034,.T.);
#8270=ORIENTED_EDGE('',*,*,#6035,.F.);
#8271=ORIENTED_EDGE('',*,*,#6036,.F.);
#8272=ORIENTED_EDGE('',*,*,#4931,.F.);
#8273=ORIENTED_EDGE('',*,*,#6036,.T.);
#8274=ORIENTED_EDGE('',*,*,#6037,.F.);
#8275=ORIENTED_EDGE('',*,*,#6038,.F.);
#8276=ORIENTED_EDGE('',*,*,#4932,.F.);
#8277=ORIENTED_EDGE('',*,*,#6038,.T.);
#8278=ORIENTED_EDGE('',*,*,#6039,.F.);
#8279=ORIENTED_EDGE('',*,*,#6040,.F.);
#8280=ORIENTED_EDGE('',*,*,#4933,.F.);
#8281=ORIENTED_EDGE('',*,*,#6040,.T.);
#8282=ORIENTED_EDGE('',*,*,#6041,.F.);
#8283=ORIENTED_EDGE('',*,*,#6042,.F.);
#8284=ORIENTED_EDGE('',*,*,#4934,.T.);
#8285=ORIENTED_EDGE('',*,*,#6042,.T.);
#8286=ORIENTED_EDGE('',*,*,#6043,.F.);
#8287=ORIENTED_EDGE('',*,*,#6044,.F.);
#8288=ORIENTED_EDGE('',*,*,#4935,.F.);
#8289=ORIENTED_EDGE('',*,*,#6044,.T.);
#8290=ORIENTED_EDGE('',*,*,#6045,.F.);
#8291=ORIENTED_EDGE('',*,*,#6046,.F.);
#8292=ORIENTED_EDGE('',*,*,#4936,.F.);
#8293=ORIENTED_EDGE('',*,*,#6046,.T.);
#8294=ORIENTED_EDGE('',*,*,#6047,.F.);
#8295=ORIENTED_EDGE('',*,*,#6048,.F.);
#8296=ORIENTED_EDGE('',*,*,#4937,.F.);
#8297=ORIENTED_EDGE('',*,*,#6048,.T.);
#8298=ORIENTED_EDGE('',*,*,#6049,.F.);
#8299=ORIENTED_EDGE('',*,*,#6050,.F.);
#8300=ORIENTED_EDGE('',*,*,#4938,.T.);
#8301=ORIENTED_EDGE('',*,*,#6050,.T.);
#8302=ORIENTED_EDGE('',*,*,#6051,.F.);
#8303=ORIENTED_EDGE('',*,*,#6052,.F.);
#8304=ORIENTED_EDGE('',*,*,#4939,.F.);
#8305=ORIENTED_EDGE('',*,*,#6052,.T.);
#8306=ORIENTED_EDGE('',*,*,#6053,.F.);
#8307=ORIENTED_EDGE('',*,*,#6054,.F.);
#8308=ORIENTED_EDGE('',*,*,#4940,.F.);
#8309=ORIENTED_EDGE('',*,*,#6054,.T.);
#8310=ORIENTED_EDGE('',*,*,#6055,.F.);
#8311=ORIENTED_EDGE('',*,*,#6056,.F.);
#8312=ORIENTED_EDGE('',*,*,#4941,.F.);
#8313=ORIENTED_EDGE('',*,*,#6056,.T.);
#8314=ORIENTED_EDGE('',*,*,#6057,.F.);
#8315=ORIENTED_EDGE('',*,*,#6058,.F.);
#8316=ORIENTED_EDGE('',*,*,#4942,.T.);
#8317=ORIENTED_EDGE('',*,*,#6058,.T.);
#8318=ORIENTED_EDGE('',*,*,#6059,.F.);
#8319=ORIENTED_EDGE('',*,*,#6060,.F.);
#8320=ORIENTED_EDGE('',*,*,#4943,.F.);
#8321=ORIENTED_EDGE('',*,*,#6060,.T.);
#8322=ORIENTED_EDGE('',*,*,#6061,.F.);
#8323=ORIENTED_EDGE('',*,*,#5309,.F.);
#8324=ORIENTED_EDGE('',*,*,#5312,.F.);
#8325=ORIENTED_EDGE('',*,*,#6062,.F.);
#8326=ORIENTED_EDGE('',*,*,#6063,.F.);
#8327=ORIENTED_EDGE('',*,*,#4800,.F.);
#8328=ORIENTED_EDGE('',*,*,#4801,.F.);
#8329=ORIENTED_EDGE('',*,*,#6063,.T.);
#8330=ORIENTED_EDGE('',*,*,#6064,.F.);
#8331=ORIENTED_EDGE('',*,*,#6065,.F.);
#8332=ORIENTED_EDGE('',*,*,#4802,.T.);
#8333=ORIENTED_EDGE('',*,*,#6065,.T.);
#8334=ORIENTED_EDGE('',*,*,#6066,.F.);
#8335=ORIENTED_EDGE('',*,*,#6067,.F.);
#8336=ORIENTED_EDGE('',*,*,#4803,.F.);
#8337=ORIENTED_EDGE('',*,*,#6067,.T.);
#8338=ORIENTED_EDGE('',*,*,#6068,.F.);
#8339=ORIENTED_EDGE('',*,*,#6069,.F.);
#8340=ORIENTED_EDGE('',*,*,#4804,.F.);
#8341=ORIENTED_EDGE('',*,*,#6069,.T.);
#8342=ORIENTED_EDGE('',*,*,#6070,.F.);
#8343=ORIENTED_EDGE('',*,*,#6071,.F.);
#8344=ORIENTED_EDGE('',*,*,#4805,.F.);
#8345=ORIENTED_EDGE('',*,*,#6071,.T.);
#8346=ORIENTED_EDGE('',*,*,#6072,.F.);
#8347=ORIENTED_EDGE('',*,*,#6073,.F.);
#8348=ORIENTED_EDGE('',*,*,#4806,.T.);
#8349=ORIENTED_EDGE('',*,*,#6073,.T.);
#8350=ORIENTED_EDGE('',*,*,#6074,.F.);
#8351=ORIENTED_EDGE('',*,*,#6075,.F.);
#8352=ORIENTED_EDGE('',*,*,#4807,.F.);
#8353=ORIENTED_EDGE('',*,*,#6075,.T.);
#8354=ORIENTED_EDGE('',*,*,#6076,.F.);
#8355=ORIENTED_EDGE('',*,*,#6077,.F.);
#8356=ORIENTED_EDGE('',*,*,#4808,.F.);
#8357=ORIENTED_EDGE('',*,*,#6077,.T.);
#8358=ORIENTED_EDGE('',*,*,#6078,.F.);
#8359=ORIENTED_EDGE('',*,*,#6079,.F.);
#8360=ORIENTED_EDGE('',*,*,#4809,.F.);
#8361=ORIENTED_EDGE('',*,*,#6079,.T.);
#8362=ORIENTED_EDGE('',*,*,#6080,.F.);
#8363=ORIENTED_EDGE('',*,*,#6081,.F.);
#8364=ORIENTED_EDGE('',*,*,#4810,.T.);
#8365=ORIENTED_EDGE('',*,*,#6081,.T.);
#8366=ORIENTED_EDGE('',*,*,#6082,.F.);
#8367=ORIENTED_EDGE('',*,*,#6083,.F.);
#8368=ORIENTED_EDGE('',*,*,#4811,.F.);
#8369=ORIENTED_EDGE('',*,*,#6083,.T.);
#8370=ORIENTED_EDGE('',*,*,#6084,.F.);
#8371=ORIENTED_EDGE('',*,*,#6085,.F.);
#8372=ORIENTED_EDGE('',*,*,#4812,.F.);
#8373=ORIENTED_EDGE('',*,*,#6085,.T.);
#8374=ORIENTED_EDGE('',*,*,#6086,.F.);
#8375=ORIENTED_EDGE('',*,*,#6087,.F.);
#8376=ORIENTED_EDGE('',*,*,#4813,.T.);
#8377=ORIENTED_EDGE('',*,*,#6087,.T.);
#8378=ORIENTED_EDGE('',*,*,#6088,.F.);
#8379=ORIENTED_EDGE('',*,*,#6089,.F.);
#8380=ORIENTED_EDGE('',*,*,#4814,.T.);
#8381=ORIENTED_EDGE('',*,*,#6089,.T.);
#8382=ORIENTED_EDGE('',*,*,#6090,.F.);
#8383=ORIENTED_EDGE('',*,*,#6091,.F.);
#8384=ORIENTED_EDGE('',*,*,#4815,.F.);
#8385=ORIENTED_EDGE('',*,*,#6091,.T.);
#8386=ORIENTED_EDGE('',*,*,#6092,.F.);
#8387=ORIENTED_EDGE('',*,*,#6093,.F.);
#8388=ORIENTED_EDGE('',*,*,#5768,.T.);
#8389=ORIENTED_EDGE('',*,*,#5772,.T.);
#8390=ORIENTED_EDGE('',*,*,#4816,.T.);
#8391=ORIENTED_EDGE('',*,*,#6093,.T.);
#8392=ORIENTED_EDGE('',*,*,#6094,.F.);
#8393=ORIENTED_EDGE('',*,*,#6095,.F.);
#8394=ORIENTED_EDGE('',*,*,#4817,.F.);
#8395=ORIENTED_EDGE('',*,*,#6095,.T.);
#8396=ORIENTED_EDGE('',*,*,#6096,.F.);
#8397=ORIENTED_EDGE('',*,*,#6097,.F.);
#8398=ORIENTED_EDGE('',*,*,#4818,.F.);
#8399=ORIENTED_EDGE('',*,*,#6097,.T.);
#8400=ORIENTED_EDGE('',*,*,#6098,.F.);
#8401=ORIENTED_EDGE('',*,*,#6099,.F.);
#8402=ORIENTED_EDGE('',*,*,#4819,.F.);
#8403=ORIENTED_EDGE('',*,*,#6099,.T.);
#8404=ORIENTED_EDGE('',*,*,#6100,.F.);
#8405=ORIENTED_EDGE('',*,*,#6101,.F.);
#8406=ORIENTED_EDGE('',*,*,#4820,.T.);
#8407=ORIENTED_EDGE('',*,*,#6101,.T.);
#8408=ORIENTED_EDGE('',*,*,#6102,.F.);
#8409=ORIENTED_EDGE('',*,*,#6103,.F.);
#8410=ORIENTED_EDGE('',*,*,#4821,.F.);
#8411=ORIENTED_EDGE('',*,*,#6103,.T.);
#8412=ORIENTED_EDGE('',*,*,#6104,.F.);
#8413=ORIENTED_EDGE('',*,*,#6105,.F.);
#8414=ORIENTED_EDGE('',*,*,#4822,.F.);
#8415=ORIENTED_EDGE('',*,*,#6105,.T.);
#8416=ORIENTED_EDGE('',*,*,#6106,.F.);
#8417=ORIENTED_EDGE('',*,*,#6107,.F.);
#8418=ORIENTED_EDGE('',*,*,#4823,.F.);
#8419=ORIENTED_EDGE('',*,*,#6107,.T.);
#8420=ORIENTED_EDGE('',*,*,#6108,.F.);
#8421=ORIENTED_EDGE('',*,*,#6109,.F.);
#8422=ORIENTED_EDGE('',*,*,#4824,.T.);
#8423=ORIENTED_EDGE('',*,*,#6109,.T.);
#8424=ORIENTED_EDGE('',*,*,#6110,.F.);
#8425=ORIENTED_EDGE('',*,*,#6111,.F.);
#8426=ORIENTED_EDGE('',*,*,#4825,.F.);
#8427=ORIENTED_EDGE('',*,*,#6111,.T.);
#8428=ORIENTED_EDGE('',*,*,#6112,.F.);
#8429=ORIENTED_EDGE('',*,*,#6113,.F.);
#8430=ORIENTED_EDGE('',*,*,#4826,.F.);
#8431=ORIENTED_EDGE('',*,*,#6113,.T.);
#8432=ORIENTED_EDGE('',*,*,#6114,.F.);
#8433=ORIENTED_EDGE('',*,*,#6115,.F.);
#8434=ORIENTED_EDGE('',*,*,#4827,.F.);
#8435=ORIENTED_EDGE('',*,*,#6115,.T.);
#8436=ORIENTED_EDGE('',*,*,#6116,.F.);
#8437=ORIENTED_EDGE('',*,*,#6117,.F.);
#8438=ORIENTED_EDGE('',*,*,#4828,.T.);
#8439=ORIENTED_EDGE('',*,*,#6117,.T.);
#8440=ORIENTED_EDGE('',*,*,#6118,.F.);
#8441=ORIENTED_EDGE('',*,*,#6119,.F.);
#8442=ORIENTED_EDGE('',*,*,#4829,.F.);
#8443=ORIENTED_EDGE('',*,*,#6119,.T.);
#8444=ORIENTED_EDGE('',*,*,#6120,.F.);
#8445=ORIENTED_EDGE('',*,*,#5323,.F.);
#8446=ORIENTED_EDGE('',*,*,#5243,.F.);
#8447=ORIENTED_EDGE('',*,*,#6121,.F.);
#8448=ORIENTED_EDGE('',*,*,#5248,.F.);
#8449=ORIENTED_EDGE('',*,*,#4833,.T.);
#8450=ORIENTED_EDGE('',*,*,#5318,.F.);
#8451=ORIENTED_EDGE('',*,*,#6122,.F.);
#8452=ORIENTED_EDGE('',*,*,#6123,.F.);
#8453=ORIENTED_EDGE('',*,*,#4838,.F.);
#8454=ORIENTED_EDGE('',*,*,#4839,.F.);
#8455=ORIENTED_EDGE('',*,*,#6123,.T.);
#8456=ORIENTED_EDGE('',*,*,#6124,.F.);
#8457=ORIENTED_EDGE('',*,*,#6125,.F.);
#8458=ORIENTED_EDGE('',*,*,#4840,.T.);
#8459=ORIENTED_EDGE('',*,*,#6125,.T.);
#8460=ORIENTED_EDGE('',*,*,#6126,.F.);
#8461=ORIENTED_EDGE('',*,*,#6127,.F.);
#8462=ORIENTED_EDGE('',*,*,#4841,.F.);
#8463=ORIENTED_EDGE('',*,*,#6127,.T.);
#8464=ORIENTED_EDGE('',*,*,#6128,.F.);
#8465=ORIENTED_EDGE('',*,*,#6129,.F.);
#8466=ORIENTED_EDGE('',*,*,#4842,.F.);
#8467=ORIENTED_EDGE('',*,*,#6129,.T.);
#8468=ORIENTED_EDGE('',*,*,#6130,.F.);
#8469=ORIENTED_EDGE('',*,*,#6131,.F.);
#8470=ORIENTED_EDGE('',*,*,#4843,.F.);
#8471=ORIENTED_EDGE('',*,*,#6131,.T.);
#8472=ORIENTED_EDGE('',*,*,#6132,.F.);
#8473=ORIENTED_EDGE('',*,*,#6133,.F.);
#8474=ORIENTED_EDGE('',*,*,#4844,.T.);
#8475=ORIENTED_EDGE('',*,*,#6133,.T.);
#8476=ORIENTED_EDGE('',*,*,#6134,.F.);
#8477=ORIENTED_EDGE('',*,*,#6135,.F.);
#8478=ORIENTED_EDGE('',*,*,#4845,.F.);
#8479=ORIENTED_EDGE('',*,*,#6135,.T.);
#8480=ORIENTED_EDGE('',*,*,#6136,.F.);
#8481=ORIENTED_EDGE('',*,*,#6137,.F.);
#8482=ORIENTED_EDGE('',*,*,#4846,.F.);
#8483=ORIENTED_EDGE('',*,*,#6137,.T.);
#8484=ORIENTED_EDGE('',*,*,#6138,.F.);
#8485=ORIENTED_EDGE('',*,*,#6139,.F.);
#8486=ORIENTED_EDGE('',*,*,#4847,.F.);
#8487=ORIENTED_EDGE('',*,*,#6139,.T.);
#8488=ORIENTED_EDGE('',*,*,#6140,.F.);
#8489=ORIENTED_EDGE('',*,*,#6141,.F.);
#8490=ORIENTED_EDGE('',*,*,#4848,.T.);
#8491=ORIENTED_EDGE('',*,*,#6141,.T.);
#8492=ORIENTED_EDGE('',*,*,#6142,.F.);
#8493=ORIENTED_EDGE('',*,*,#6143,.F.);
#8494=ORIENTED_EDGE('',*,*,#4849,.F.);
#8495=ORIENTED_EDGE('',*,*,#6143,.T.);
#8496=ORIENTED_EDGE('',*,*,#6144,.F.);
#8497=ORIENTED_EDGE('',*,*,#6145,.F.);
#8498=ORIENTED_EDGE('',*,*,#4850,.F.);
#8499=ORIENTED_EDGE('',*,*,#6145,.T.);
#8500=ORIENTED_EDGE('',*,*,#6146,.F.);
#8501=ORIENTED_EDGE('',*,*,#6147,.F.);
#8502=ORIENTED_EDGE('',*,*,#4851,.T.);
#8503=ORIENTED_EDGE('',*,*,#6147,.T.);
#8504=ORIENTED_EDGE('',*,*,#6148,.F.);
#8505=ORIENTED_EDGE('',*,*,#6149,.F.);
#8506=ORIENTED_EDGE('',*,*,#4852,.T.);
#8507=ORIENTED_EDGE('',*,*,#6149,.T.);
#8508=ORIENTED_EDGE('',*,*,#6150,.F.);
#8509=ORIENTED_EDGE('',*,*,#6151,.F.);
#8510=ORIENTED_EDGE('',*,*,#4853,.F.);
#8511=ORIENTED_EDGE('',*,*,#6151,.T.);
#8512=ORIENTED_EDGE('',*,*,#6152,.F.);
#8513=ORIENTED_EDGE('',*,*,#6153,.F.);
#8514=ORIENTED_EDGE('',*,*,#5770,.T.);
#8515=ORIENTED_EDGE('',*,*,#4854,.T.);
#8516=ORIENTED_EDGE('',*,*,#6153,.T.);
#8517=ORIENTED_EDGE('',*,*,#6154,.F.);
#8518=ORIENTED_EDGE('',*,*,#6155,.F.);
#8519=ORIENTED_EDGE('',*,*,#4855,.F.);
#8520=ORIENTED_EDGE('',*,*,#6155,.T.);
#8521=ORIENTED_EDGE('',*,*,#6156,.F.);
#8522=ORIENTED_EDGE('',*,*,#6157,.F.);
#8523=ORIENTED_EDGE('',*,*,#4856,.F.);
#8524=ORIENTED_EDGE('',*,*,#6157,.T.);
#8525=ORIENTED_EDGE('',*,*,#6158,.F.);
#8526=ORIENTED_EDGE('',*,*,#6159,.F.);
#8527=ORIENTED_EDGE('',*,*,#4857,.F.);
#8528=ORIENTED_EDGE('',*,*,#6159,.T.);
#8529=ORIENTED_EDGE('',*,*,#6160,.F.);
#8530=ORIENTED_EDGE('',*,*,#6161,.F.);
#8531=ORIENTED_EDGE('',*,*,#4858,.T.);
#8532=ORIENTED_EDGE('',*,*,#6161,.T.);
#8533=ORIENTED_EDGE('',*,*,#6162,.F.);
#8534=ORIENTED_EDGE('',*,*,#6163,.F.);
#8535=ORIENTED_EDGE('',*,*,#4859,.F.);
#8536=ORIENTED_EDGE('',*,*,#6163,.T.);
#8537=ORIENTED_EDGE('',*,*,#6164,.F.);
#8538=ORIENTED_EDGE('',*,*,#6165,.F.);
#8539=ORIENTED_EDGE('',*,*,#4860,.F.);
#8540=ORIENTED_EDGE('',*,*,#6165,.T.);
#8541=ORIENTED_EDGE('',*,*,#6166,.F.);
#8542=ORIENTED_EDGE('',*,*,#6167,.F.);
#8543=ORIENTED_EDGE('',*,*,#4861,.F.);
#8544=ORIENTED_EDGE('',*,*,#6167,.T.);
#8545=ORIENTED_EDGE('',*,*,#6168,.F.);
#8546=ORIENTED_EDGE('',*,*,#6169,.F.);
#8547=ORIENTED_EDGE('',*,*,#4862,.T.);
#8548=ORIENTED_EDGE('',*,*,#6169,.T.);
#8549=ORIENTED_EDGE('',*,*,#6170,.F.);
#8550=ORIENTED_EDGE('',*,*,#6171,.F.);
#8551=ORIENTED_EDGE('',*,*,#4863,.F.);
#8552=ORIENTED_EDGE('',*,*,#6171,.T.);
#8553=ORIENTED_EDGE('',*,*,#6172,.F.);
#8554=ORIENTED_EDGE('',*,*,#6173,.F.);
#8555=ORIENTED_EDGE('',*,*,#4864,.F.);
#8556=ORIENTED_EDGE('',*,*,#6173,.T.);
#8557=ORIENTED_EDGE('',*,*,#6174,.F.);
#8558=ORIENTED_EDGE('',*,*,#6175,.F.);
#8559=ORIENTED_EDGE('',*,*,#4865,.F.);
#8560=ORIENTED_EDGE('',*,*,#6175,.T.);
#8561=ORIENTED_EDGE('',*,*,#6176,.F.);
#8562=ORIENTED_EDGE('',*,*,#6177,.F.);
#8563=ORIENTED_EDGE('',*,*,#4866,.T.);
#8564=ORIENTED_EDGE('',*,*,#6177,.T.);
#8565=ORIENTED_EDGE('',*,*,#6178,.F.);
#8566=ORIENTED_EDGE('',*,*,#6179,.F.);
#8567=ORIENTED_EDGE('',*,*,#4867,.F.);
#8568=ORIENTED_EDGE('',*,*,#6179,.T.);
#8569=ORIENTED_EDGE('',*,*,#6180,.F.);
#8570=ORIENTED_EDGE('',*,*,#5293,.F.);
#8571=ORIENTED_EDGE('',*,*,#5260,.F.);
#8572=ORIENTED_EDGE('',*,*,#6181,.F.);
#8573=ORIENTED_EDGE('',*,*,#5270,.F.);
#8574=ORIENTED_EDGE('',*,*,#4871,.F.);
#8575=ORIENTED_EDGE('',*,*,#5298,.F.);
#8576=ORIENTED_EDGE('',*,*,#6182,.F.);
#8577=ORIENTED_EDGE('',*,*,#6183,.F.);
#8578=ORIENTED_EDGE('',*,*,#4876,.F.);
#8579=ORIENTED_EDGE('',*,*,#4877,.F.);
#8580=ORIENTED_EDGE('',*,*,#6183,.T.);
#8581=ORIENTED_EDGE('',*,*,#6184,.F.);
#8582=ORIENTED_EDGE('',*,*,#6185,.F.);
#8583=ORIENTED_EDGE('',*,*,#4878,.T.);
#8584=ORIENTED_EDGE('',*,*,#6185,.T.);
#8585=ORIENTED_EDGE('',*,*,#6186,.F.);
#8586=ORIENTED_EDGE('',*,*,#6187,.F.);
#8587=ORIENTED_EDGE('',*,*,#4879,.F.);
#8588=ORIENTED_EDGE('',*,*,#6187,.T.);
#8589=ORIENTED_EDGE('',*,*,#6188,.F.);
#8590=ORIENTED_EDGE('',*,*,#6189,.F.);
#8591=ORIENTED_EDGE('',*,*,#4880,.F.);
#8592=ORIENTED_EDGE('',*,*,#6189,.T.);
#8593=ORIENTED_EDGE('',*,*,#6190,.F.);
#8594=ORIENTED_EDGE('',*,*,#6191,.F.);
#8595=ORIENTED_EDGE('',*,*,#4881,.F.);
#8596=ORIENTED_EDGE('',*,*,#6191,.T.);
#8597=ORIENTED_EDGE('',*,*,#6192,.F.);
#8598=ORIENTED_EDGE('',*,*,#6193,.F.);
#8599=ORIENTED_EDGE('',*,*,#4882,.T.);
#8600=ORIENTED_EDGE('',*,*,#6193,.T.);
#8601=ORIENTED_EDGE('',*,*,#6194,.F.);
#8602=ORIENTED_EDGE('',*,*,#6195,.F.);
#8603=ORIENTED_EDGE('',*,*,#4883,.F.);
#8604=ORIENTED_EDGE('',*,*,#6195,.T.);
#8605=ORIENTED_EDGE('',*,*,#6196,.F.);
#8606=ORIENTED_EDGE('',*,*,#6197,.F.);
#8607=ORIENTED_EDGE('',*,*,#4884,.F.);
#8608=ORIENTED_EDGE('',*,*,#6197,.T.);
#8609=ORIENTED_EDGE('',*,*,#6198,.F.);
#8610=ORIENTED_EDGE('',*,*,#6199,.F.);
#8611=ORIENTED_EDGE('',*,*,#4885,.F.);
#8612=ORIENTED_EDGE('',*,*,#6199,.T.);
#8613=ORIENTED_EDGE('',*,*,#6200,.F.);
#8614=ORIENTED_EDGE('',*,*,#6201,.F.);
#8615=ORIENTED_EDGE('',*,*,#4886,.T.);
#8616=ORIENTED_EDGE('',*,*,#6201,.T.);
#8617=ORIENTED_EDGE('',*,*,#6202,.F.);
#8618=ORIENTED_EDGE('',*,*,#6203,.F.);
#8619=ORIENTED_EDGE('',*,*,#4887,.F.);
#8620=ORIENTED_EDGE('',*,*,#6203,.T.);
#8621=ORIENTED_EDGE('',*,*,#6204,.F.);
#8622=ORIENTED_EDGE('',*,*,#6205,.F.);
#8623=ORIENTED_EDGE('',*,*,#4888,.F.);
#8624=ORIENTED_EDGE('',*,*,#6205,.T.);
#8625=ORIENTED_EDGE('',*,*,#6206,.F.);
#8626=ORIENTED_EDGE('',*,*,#6207,.F.);
#8627=ORIENTED_EDGE('',*,*,#4889,.T.);
#8628=ORIENTED_EDGE('',*,*,#6207,.T.);
#8629=ORIENTED_EDGE('',*,*,#6208,.F.);
#8630=ORIENTED_EDGE('',*,*,#6209,.F.);
#8631=ORIENTED_EDGE('',*,*,#4890,.T.);
#8632=ORIENTED_EDGE('',*,*,#6209,.T.);
#8633=ORIENTED_EDGE('',*,*,#6210,.F.);
#8634=ORIENTED_EDGE('',*,*,#5763,.F.);
#8635=ORIENTED_EDGE('',*,*,#4892,.T.);
#8636=ORIENTED_EDGE('',*,*,#5765,.T.);
#8637=ORIENTED_EDGE('',*,*,#6211,.F.);
#8638=ORIENTED_EDGE('',*,*,#6212,.F.);
#8639=ORIENTED_EDGE('',*,*,#4893,.F.);
#8640=ORIENTED_EDGE('',*,*,#6212,.T.);
#8641=ORIENTED_EDGE('',*,*,#6213,.F.);
#8642=ORIENTED_EDGE('',*,*,#6214,.F.);
#8643=ORIENTED_EDGE('',*,*,#4894,.F.);
#8644=ORIENTED_EDGE('',*,*,#6214,.T.);
#8645=ORIENTED_EDGE('',*,*,#6215,.F.);
#8646=ORIENTED_EDGE('',*,*,#6216,.F.);
#8647=ORIENTED_EDGE('',*,*,#4895,.F.);
#8648=ORIENTED_EDGE('',*,*,#6216,.T.);
#8649=ORIENTED_EDGE('',*,*,#6217,.F.);
#8650=ORIENTED_EDGE('',*,*,#6218,.F.);
#8651=ORIENTED_EDGE('',*,*,#4896,.T.);
#8652=ORIENTED_EDGE('',*,*,#6218,.T.);
#8653=ORIENTED_EDGE('',*,*,#6219,.F.);
#8654=ORIENTED_EDGE('',*,*,#6220,.F.);
#8655=ORIENTED_EDGE('',*,*,#4897,.F.);
#8656=ORIENTED_EDGE('',*,*,#6220,.T.);
#8657=ORIENTED_EDGE('',*,*,#6221,.F.);
#8658=ORIENTED_EDGE('',*,*,#6222,.F.);
#8659=ORIENTED_EDGE('',*,*,#4898,.F.);
#8660=ORIENTED_EDGE('',*,*,#6222,.T.);
#8661=ORIENTED_EDGE('',*,*,#6223,.F.);
#8662=ORIENTED_EDGE('',*,*,#6224,.F.);
#8663=ORIENTED_EDGE('',*,*,#4899,.F.);
#8664=ORIENTED_EDGE('',*,*,#6224,.T.);
#8665=ORIENTED_EDGE('',*,*,#6225,.F.);
#8666=ORIENTED_EDGE('',*,*,#6226,.F.);
#8667=ORIENTED_EDGE('',*,*,#4900,.T.);
#8668=ORIENTED_EDGE('',*,*,#6226,.T.);
#8669=ORIENTED_EDGE('',*,*,#6227,.F.);
#8670=ORIENTED_EDGE('',*,*,#6228,.F.);
#8671=ORIENTED_EDGE('',*,*,#4901,.F.);
#8672=ORIENTED_EDGE('',*,*,#6228,.T.);
#8673=ORIENTED_EDGE('',*,*,#6229,.F.);
#8674=ORIENTED_EDGE('',*,*,#6230,.F.);
#8675=ORIENTED_EDGE('',*,*,#4902,.F.);
#8676=ORIENTED_EDGE('',*,*,#6230,.T.);
#8677=ORIENTED_EDGE('',*,*,#6231,.F.);
#8678=ORIENTED_EDGE('',*,*,#6232,.F.);
#8679=ORIENTED_EDGE('',*,*,#4903,.F.);
#8680=ORIENTED_EDGE('',*,*,#6232,.T.);
#8681=ORIENTED_EDGE('',*,*,#6233,.F.);
#8682=ORIENTED_EDGE('',*,*,#6234,.F.);
#8683=ORIENTED_EDGE('',*,*,#4904,.T.);
#8684=ORIENTED_EDGE('',*,*,#6234,.T.);
#8685=ORIENTED_EDGE('',*,*,#6235,.F.);
#8686=ORIENTED_EDGE('',*,*,#6236,.F.);
#8687=ORIENTED_EDGE('',*,*,#4905,.F.);
#8688=ORIENTED_EDGE('',*,*,#6236,.T.);
#8689=ORIENTED_EDGE('',*,*,#6237,.F.);
#8690=ORIENTED_EDGE('',*,*,#5301,.F.);
#8691=ORIENTED_EDGE('',*,*,#5308,.F.);
#8692=ORIENTED_EDGE('',*,*,#6238,.F.);
#8693=ORIENTED_EDGE('',*,*,#6239,.F.);
#8694=ORIENTED_EDGE('',*,*,#4914,.F.);
#8695=ORIENTED_EDGE('',*,*,#4915,.F.);
#8696=ORIENTED_EDGE('',*,*,#6239,.T.);
#8697=ORIENTED_EDGE('',*,*,#6240,.F.);
#8698=ORIENTED_EDGE('',*,*,#6241,.F.);
#8699=ORIENTED_EDGE('',*,*,#4916,.T.);
#8700=ORIENTED_EDGE('',*,*,#6241,.T.);
#8701=ORIENTED_EDGE('',*,*,#6242,.F.);
#8702=ORIENTED_EDGE('',*,*,#6243,.F.);
#8703=ORIENTED_EDGE('',*,*,#4917,.F.);
#8704=ORIENTED_EDGE('',*,*,#6243,.T.);
#8705=ORIENTED_EDGE('',*,*,#6244,.F.);
#8706=ORIENTED_EDGE('',*,*,#6245,.F.);
#8707=ORIENTED_EDGE('',*,*,#4918,.F.);
#8708=ORIENTED_EDGE('',*,*,#6245,.T.);
#8709=ORIENTED_EDGE('',*,*,#6246,.F.);
#8710=ORIENTED_EDGE('',*,*,#6247,.F.);
#8711=ORIENTED_EDGE('',*,*,#4919,.F.);
#8712=ORIENTED_EDGE('',*,*,#6247,.T.);
#8713=ORIENTED_EDGE('',*,*,#6248,.F.);
#8714=ORIENTED_EDGE('',*,*,#6249,.F.);
#8715=ORIENTED_EDGE('',*,*,#4920,.T.);
#8716=ORIENTED_EDGE('',*,*,#6249,.T.);
#8717=ORIENTED_EDGE('',*,*,#6250,.F.);
#8718=ORIENTED_EDGE('',*,*,#6251,.F.);
#8719=ORIENTED_EDGE('',*,*,#4921,.F.);
#8720=ORIENTED_EDGE('',*,*,#6251,.T.);
#8721=ORIENTED_EDGE('',*,*,#6252,.F.);
#8722=ORIENTED_EDGE('',*,*,#6253,.F.);
#8723=ORIENTED_EDGE('',*,*,#4922,.F.);
#8724=ORIENTED_EDGE('',*,*,#6253,.T.);
#8725=ORIENTED_EDGE('',*,*,#6254,.F.);
#8726=ORIENTED_EDGE('',*,*,#6255,.F.);
#8727=ORIENTED_EDGE('',*,*,#4923,.F.);
#8728=ORIENTED_EDGE('',*,*,#6255,.T.);
#8729=ORIENTED_EDGE('',*,*,#6256,.F.);
#8730=ORIENTED_EDGE('',*,*,#6257,.F.);
#8731=ORIENTED_EDGE('',*,*,#4924,.T.);
#8732=ORIENTED_EDGE('',*,*,#6257,.T.);
#8733=ORIENTED_EDGE('',*,*,#6258,.F.);
#8734=ORIENTED_EDGE('',*,*,#6259,.F.);
#8735=ORIENTED_EDGE('',*,*,#4925,.F.);
#8736=ORIENTED_EDGE('',*,*,#6259,.T.);
#8737=ORIENTED_EDGE('',*,*,#6260,.F.);
#8738=ORIENTED_EDGE('',*,*,#6261,.F.);
#8739=ORIENTED_EDGE('',*,*,#4926,.F.);
#8740=ORIENTED_EDGE('',*,*,#6261,.T.);
#8741=ORIENTED_EDGE('',*,*,#6262,.F.);
#8742=ORIENTED_EDGE('',*,*,#6263,.F.);
#8743=ORIENTED_EDGE('',*,*,#4927,.T.);
#8744=ORIENTED_EDGE('',*,*,#6263,.T.);
#8745=ORIENTED_EDGE('',*,*,#6264,.F.);
#8746=ORIENTED_EDGE('',*,*,#6265,.F.);
#8747=ORIENTED_EDGE('',*,*,#4928,.T.);
#8748=ORIENTED_EDGE('',*,*,#6265,.T.);
#8749=ORIENTED_EDGE('',*,*,#6266,.F.);
#8750=ORIENTED_EDGE('',*,*,#6032,.F.);
#8751=ORIENTED_EDGE('',*,*,#4790,.F.);
#8752=ORIENTED_EDGE('',*,*,#4796,.T.);
#8753=ORIENTED_EDGE('',*,*,#5229,.F.);
#8754=ORIENTED_EDGE('',*,*,#5231,.F.);
#8755=ORIENTED_EDGE('',*,*,#5310,.T.);
#8756=ORIENTED_EDGE('',*,*,#6061,.T.);
#8757=ORIENTED_EDGE('',*,*,#6059,.T.);
#8758=ORIENTED_EDGE('',*,*,#6057,.T.);
#8759=ORIENTED_EDGE('',*,*,#6055,.T.);
#8760=ORIENTED_EDGE('',*,*,#6053,.T.);
#8761=ORIENTED_EDGE('',*,*,#6051,.T.);
#8762=ORIENTED_EDGE('',*,*,#6049,.T.);
#8763=ORIENTED_EDGE('',*,*,#6047,.T.);
#8764=ORIENTED_EDGE('',*,*,#6045,.T.);
#8765=ORIENTED_EDGE('',*,*,#6043,.T.);
#8766=ORIENTED_EDGE('',*,*,#6041,.T.);
#8767=ORIENTED_EDGE('',*,*,#6039,.T.);
#8768=ORIENTED_EDGE('',*,*,#6037,.T.);
#8769=ORIENTED_EDGE('',*,*,#6035,.T.);
#8770=ORIENTED_EDGE('',*,*,#6033,.T.);
#8771=ORIENTED_EDGE('',*,*,#6266,.T.);
#8772=ORIENTED_EDGE('',*,*,#6264,.T.);
#8773=ORIENTED_EDGE('',*,*,#6262,.T.);
#8774=ORIENTED_EDGE('',*,*,#6260,.T.);
#8775=ORIENTED_EDGE('',*,*,#6258,.T.);
#8776=ORIENTED_EDGE('',*,*,#6256,.T.);
#8777=ORIENTED_EDGE('',*,*,#6254,.T.);
#8778=ORIENTED_EDGE('',*,*,#6252,.T.);
#8779=ORIENTED_EDGE('',*,*,#6250,.T.);
#8780=ORIENTED_EDGE('',*,*,#6248,.T.);
#8781=ORIENTED_EDGE('',*,*,#6246,.T.);
#8782=ORIENTED_EDGE('',*,*,#6244,.T.);
#8783=ORIENTED_EDGE('',*,*,#6242,.T.);
#8784=ORIENTED_EDGE('',*,*,#6240,.T.);
#8785=ORIENTED_EDGE('',*,*,#6238,.T.);
#8786=ORIENTED_EDGE('',*,*,#5307,.F.);
#8787=ORIENTED_EDGE('',*,*,#5280,.F.);
#8788=ORIENTED_EDGE('',*,*,#5284,.T.);
#8789=ORIENTED_EDGE('',*,*,#5290,.F.);
#8790=ORIENTED_EDGE('',*,*,#5288,.T.);
#8791=ORIENTED_EDGE('',*,*,#5286,.F.);
#8792=ORIENTED_EDGE('',*,*,#5300,.F.);
#8793=ORIENTED_EDGE('',*,*,#5302,.T.);
#8794=ORIENTED_EDGE('',*,*,#6237,.T.);
#8795=ORIENTED_EDGE('',*,*,#6235,.T.);
#8796=ORIENTED_EDGE('',*,*,#6233,.T.);
#8797=ORIENTED_EDGE('',*,*,#6231,.T.);
#8798=ORIENTED_EDGE('',*,*,#6229,.T.);
#8799=ORIENTED_EDGE('',*,*,#6227,.T.);
#8800=ORIENTED_EDGE('',*,*,#6225,.T.);
#8801=ORIENTED_EDGE('',*,*,#6223,.T.);
#8802=ORIENTED_EDGE('',*,*,#6221,.T.);
#8803=ORIENTED_EDGE('',*,*,#6219,.T.);
#8804=ORIENTED_EDGE('',*,*,#6217,.T.);
#8805=ORIENTED_EDGE('',*,*,#6215,.T.);
#8806=ORIENTED_EDGE('',*,*,#6213,.T.);
#8807=ORIENTED_EDGE('',*,*,#6211,.T.);
#8808=ORIENTED_EDGE('',*,*,#5764,.T.);
#8809=ORIENTED_EDGE('',*,*,#6210,.T.);
#8810=ORIENTED_EDGE('',*,*,#6208,.T.);
#8811=ORIENTED_EDGE('',*,*,#6206,.T.);
#8812=ORIENTED_EDGE('',*,*,#6204,.T.);
#8813=ORIENTED_EDGE('',*,*,#6202,.T.);
#8814=ORIENTED_EDGE('',*,*,#6200,.T.);
#8815=ORIENTED_EDGE('',*,*,#6198,.T.);
#8816=ORIENTED_EDGE('',*,*,#6196,.T.);
#8817=ORIENTED_EDGE('',*,*,#6194,.T.);
#8818=ORIENTED_EDGE('',*,*,#6192,.T.);
#8819=ORIENTED_EDGE('',*,*,#6190,.T.);
#8820=ORIENTED_EDGE('',*,*,#6188,.T.);
#8821=ORIENTED_EDGE('',*,*,#6186,.T.);
#8822=ORIENTED_EDGE('',*,*,#6184,.T.);
#8823=ORIENTED_EDGE('',*,*,#6182,.T.);
#8824=ORIENTED_EDGE('',*,*,#5297,.F.);
#8825=ORIENTED_EDGE('',*,*,#5273,.F.);
#8826=ORIENTED_EDGE('',*,*,#5271,.T.);
#8827=ORIENTED_EDGE('',*,*,#5268,.F.);
#8828=ORIENTED_EDGE('',*,*,#6181,.T.);
#8829=ORIENTED_EDGE('',*,*,#5259,.F.);
#8830=ORIENTED_EDGE('',*,*,#5262,.F.);
#8831=ORIENTED_EDGE('',*,*,#5294,.T.);
#8832=ORIENTED_EDGE('',*,*,#6180,.T.);
#8833=ORIENTED_EDGE('',*,*,#6178,.T.);
#8834=ORIENTED_EDGE('',*,*,#6176,.T.);
#8835=ORIENTED_EDGE('',*,*,#6174,.T.);
#8836=ORIENTED_EDGE('',*,*,#6172,.T.);
#8837=ORIENTED_EDGE('',*,*,#6170,.T.);
#8838=ORIENTED_EDGE('',*,*,#6168,.T.);
#8839=ORIENTED_EDGE('',*,*,#6166,.T.);
#8840=ORIENTED_EDGE('',*,*,#6164,.T.);
#8841=ORIENTED_EDGE('',*,*,#6162,.T.);
#8842=ORIENTED_EDGE('',*,*,#6160,.T.);
#8843=ORIENTED_EDGE('',*,*,#6158,.T.);
#8844=ORIENTED_EDGE('',*,*,#6156,.T.);
#8845=ORIENTED_EDGE('',*,*,#6154,.T.);
#8846=ORIENTED_EDGE('',*,*,#6152,.T.);
#8847=ORIENTED_EDGE('',*,*,#6150,.T.);
#8848=ORIENTED_EDGE('',*,*,#6148,.T.);
#8849=ORIENTED_EDGE('',*,*,#6146,.T.);
#8850=ORIENTED_EDGE('',*,*,#6144,.T.);
#8851=ORIENTED_EDGE('',*,*,#6142,.T.);
#8852=ORIENTED_EDGE('',*,*,#6140,.T.);
#8853=ORIENTED_EDGE('',*,*,#6138,.T.);
#8854=ORIENTED_EDGE('',*,*,#6136,.T.);
#8855=ORIENTED_EDGE('',*,*,#6134,.T.);
#8856=ORIENTED_EDGE('',*,*,#6132,.T.);
#8857=ORIENTED_EDGE('',*,*,#6130,.T.);
#8858=ORIENTED_EDGE('',*,*,#6128,.T.);
#8859=ORIENTED_EDGE('',*,*,#6126,.T.);
#8860=ORIENTED_EDGE('',*,*,#6124,.T.);
#8861=ORIENTED_EDGE('',*,*,#6122,.T.);
#8862=ORIENTED_EDGE('',*,*,#5317,.F.);
#8863=ORIENTED_EDGE('',*,*,#5251,.F.);
#8864=ORIENTED_EDGE('',*,*,#5249,.T.);
#8865=ORIENTED_EDGE('',*,*,#5246,.F.);
#8866=ORIENTED_EDGE('',*,*,#6121,.T.);
#8867=ORIENTED_EDGE('',*,*,#5242,.F.);
#8868=ORIENTED_EDGE('',*,*,#5245,.F.);
#8869=ORIENTED_EDGE('',*,*,#5324,.T.);
#8870=ORIENTED_EDGE('',*,*,#6120,.T.);
#8871=ORIENTED_EDGE('',*,*,#6118,.T.);
#8872=ORIENTED_EDGE('',*,*,#6116,.T.);
#8873=ORIENTED_EDGE('',*,*,#6114,.T.);
#8874=ORIENTED_EDGE('',*,*,#6112,.T.);
#8875=ORIENTED_EDGE('',*,*,#6110,.T.);
#8876=ORIENTED_EDGE('',*,*,#6108,.T.);
#8877=ORIENTED_EDGE('',*,*,#6106,.T.);
#8878=ORIENTED_EDGE('',*,*,#6104,.T.);
#8879=ORIENTED_EDGE('',*,*,#6102,.T.);
#8880=ORIENTED_EDGE('',*,*,#6100,.T.);
#8881=ORIENTED_EDGE('',*,*,#6098,.T.);
#8882=ORIENTED_EDGE('',*,*,#6096,.T.);
#8883=ORIENTED_EDGE('',*,*,#6094,.T.);
#8884=ORIENTED_EDGE('',*,*,#6092,.T.);
#8885=ORIENTED_EDGE('',*,*,#6090,.T.);
#8886=ORIENTED_EDGE('',*,*,#6088,.T.);
#8887=ORIENTED_EDGE('',*,*,#6086,.T.);
#8888=ORIENTED_EDGE('',*,*,#6084,.T.);
#8889=ORIENTED_EDGE('',*,*,#6082,.T.);
#8890=ORIENTED_EDGE('',*,*,#6080,.T.);
#8891=ORIENTED_EDGE('',*,*,#6078,.T.);
#8892=ORIENTED_EDGE('',*,*,#6076,.T.);
#8893=ORIENTED_EDGE('',*,*,#6074,.T.);
#8894=ORIENTED_EDGE('',*,*,#6072,.T.);
#8895=ORIENTED_EDGE('',*,*,#6070,.T.);
#8896=ORIENTED_EDGE('',*,*,#6068,.T.);
#8897=ORIENTED_EDGE('',*,*,#6066,.T.);
#8898=ORIENTED_EDGE('',*,*,#6064,.T.);
#8899=ORIENTED_EDGE('',*,*,#6062,.T.);
#8900=ORIENTED_EDGE('',*,*,#5311,.F.);
#8901=ORIENTED_EDGE('',*,*,#5237,.F.);
#8902=ORIENTED_EDGE('',*,*,#5240,.T.);
#8903=ORIENTED_EDGE('',*,*,#5233,.F.);
#8904=ORIENTED_EDGE('',*,*,#5236,.F.);
#8905=ORIENTED_EDGE('',*,*,#5316,.T.);
#8906=ORIENTED_EDGE('',*,*,#5878,.T.);
#8907=ORIENTED_EDGE('',*,*,#5876,.T.);
#8908=ORIENTED_EDGE('',*,*,#5874,.T.);
#8909=ORIENTED_EDGE('',*,*,#5872,.T.);
#8910=ORIENTED_EDGE('',*,*,#5870,.T.);
#8911=ORIENTED_EDGE('',*,*,#5868,.T.);
#8912=ORIENTED_EDGE('',*,*,#5866,.T.);
#8913=ORIENTED_EDGE('',*,*,#5864,.T.);
#8914=ORIENTED_EDGE('',*,*,#5862,.T.);
#8915=ORIENTED_EDGE('',*,*,#5860,.T.);
#8916=ORIENTED_EDGE('',*,*,#5858,.T.);
#8917=ORIENTED_EDGE('',*,*,#5856,.T.);
#8918=ORIENTED_EDGE('',*,*,#5854,.T.);
#8919=ORIENTED_EDGE('',*,*,#5852,.T.);
#8920=ORIENTED_EDGE('',*,*,#5334,.F.);
#8921=ORIENTED_EDGE('',*,*,#5851,.T.);
#8922=ORIENTED_EDGE('',*,*,#5361,.F.);
#8923=ORIENTED_EDGE('',*,*,#5365,.F.);
#8924=ORIENTED_EDGE('',*,*,#5850,.T.);
#8925=ORIENTED_EDGE('',*,*,#5643,.F.);
#8926=ORIENTED_EDGE('',*,*,#5645,.T.);
#8927=ORIENTED_EDGE('',*,*,#5552,.F.);
#8928=ORIENTED_EDGE('',*,*,#5556,.T.);
#8929=ORIENTED_EDGE('',*,*,#5662,.F.);
#8930=ORIENTED_EDGE('',*,*,#5663,.T.);
#8931=ORIENTED_EDGE('',*,*,#5454,.F.);
#8932=ORIENTED_EDGE('',*,*,#5371,.F.);
#8933=ORIENTED_EDGE('',*,*,#5375,.T.);
#8934=ORIENTED_EDGE('',*,*,#5438,.F.);
#8935=ORIENTED_EDGE('',*,*,#5440,.T.);
#8936=ORIENTED_EDGE('',*,*,#5907,.T.);
#8937=ORIENTED_EDGE('',*,*,#5905,.T.);
#8938=ORIENTED_EDGE('',*,*,#5903,.T.);
#8939=ORIENTED_EDGE('',*,*,#5901,.T.);
#8940=ORIENTED_EDGE('',*,*,#5899,.T.);
#8941=ORIENTED_EDGE('',*,*,#5897,.T.);
#8942=ORIENTED_EDGE('',*,*,#5895,.T.);
#8943=ORIENTED_EDGE('',*,*,#5893,.T.);
#8944=ORIENTED_EDGE('',*,*,#5891,.T.);
#8945=ORIENTED_EDGE('',*,*,#5889,.T.);
#8946=ORIENTED_EDGE('',*,*,#5887,.T.);
#8947=ORIENTED_EDGE('',*,*,#5885,.T.);
#8948=ORIENTED_EDGE('',*,*,#5883,.T.);
#8949=ORIENTED_EDGE('',*,*,#5881,.T.);
#8950=ORIENTED_EDGE('',*,*,#5879,.T.);
#8951=ORIENTED_EDGE('',*,*,#5313,.F.);
#8952=ORIENTED_EDGE('',*,*,#5254,.F.);
#8953=ORIENTED_EDGE('',*,*,#5257,.F.);
#8954=ORIENTED_EDGE('',*,*,#5320,.T.);
#8955=ORIENTED_EDGE('',*,*,#5984,.T.);
#8956=ORIENTED_EDGE('',*,*,#5982,.T.);
#8957=ORIENTED_EDGE('',*,*,#5980,.T.);
#8958=ORIENTED_EDGE('',*,*,#5978,.T.);
#8959=ORIENTED_EDGE('',*,*,#5976,.T.);
#8960=ORIENTED_EDGE('',*,*,#5974,.T.);
#8961=ORIENTED_EDGE('',*,*,#5972,.T.);
#8962=ORIENTED_EDGE('',*,*,#6028,.T.);
#8963=ORIENTED_EDGE('',*,*,#6026,.T.);
#8964=ORIENTED_EDGE('',*,*,#6024,.T.);
#8965=ORIENTED_EDGE('',*,*,#6022,.T.);
#8966=ORIENTED_EDGE('',*,*,#6020,.T.);
#8967=ORIENTED_EDGE('',*,*,#6018,.T.);
#8968=ORIENTED_EDGE('',*,*,#6016,.T.);
#8969=ORIENTED_EDGE('',*,*,#6014,.T.);
#8970=ORIENTED_EDGE('',*,*,#5392,.F.);
#8971=ORIENTED_EDGE('',*,*,#5394,.T.);
#8972=ORIENTED_EDGE('',*,*,#5341,.F.);
#8973=ORIENTED_EDGE('',*,*,#5345,.F.);
#8974=ORIENTED_EDGE('',*,*,#6013,.T.);
#8975=ORIENTED_EDGE('',*,*,#5613,.F.);
#8976=ORIENTED_EDGE('',*,*,#5570,.T.);
#8977=ORIENTED_EDGE('',*,*,#5567,.F.);
#8978=ORIENTED_EDGE('',*,*,#6012,.T.);
#8979=ORIENTED_EDGE('',*,*,#5616,.F.);
#8980=ORIENTED_EDGE('',*,*,#5618,.T.);
#8981=ORIENTED_EDGE('',*,*,#5410,.F.);
#8982=ORIENTED_EDGE('',*,*,#5339,.F.);
#8983=ORIENTED_EDGE('',*,*,#5337,.F.);
#8984=ORIENTED_EDGE('',*,*,#6011,.T.);
#8985=ORIENTED_EDGE('',*,*,#6009,.T.);
#8986=ORIENTED_EDGE('',*,*,#6007,.T.);
#8987=ORIENTED_EDGE('',*,*,#6005,.T.);
#8988=ORIENTED_EDGE('',*,*,#6003,.T.);
#8989=ORIENTED_EDGE('',*,*,#6001,.T.);
#8990=ORIENTED_EDGE('',*,*,#5999,.T.);
#8991=ORIENTED_EDGE('',*,*,#5997,.T.);
#8992=ORIENTED_EDGE('',*,*,#5995,.T.);
#8993=ORIENTED_EDGE('',*,*,#5993,.T.);
#8994=ORIENTED_EDGE('',*,*,#5991,.T.);
#8995=ORIENTED_EDGE('',*,*,#5989,.T.);
#8996=ORIENTED_EDGE('',*,*,#5987,.T.);
#8997=ORIENTED_EDGE('',*,*,#5985,.T.);
#8998=ORIENTED_EDGE('',*,*,#5321,.F.);
#8999=ORIENTED_EDGE('',*,*,#5264,.F.);
#9000=ORIENTED_EDGE('',*,*,#5267,.F.);
#9001=ORIENTED_EDGE('',*,*,#5292,.T.);
#9002=ORIENTED_EDGE('',*,*,#5957,.T.);
#9003=ORIENTED_EDGE('',*,*,#5955,.T.);
#9004=ORIENTED_EDGE('',*,*,#5953,.T.);
#9005=ORIENTED_EDGE('',*,*,#5951,.T.);
#9006=ORIENTED_EDGE('',*,*,#5949,.T.);
#9007=ORIENTED_EDGE('',*,*,#5947,.T.);
#9008=ORIENTED_EDGE('',*,*,#5945,.T.);
#9009=ORIENTED_EDGE('',*,*,#5943,.T.);
#9010=ORIENTED_EDGE('',*,*,#5941,.T.);
#9011=ORIENTED_EDGE('',*,*,#5939,.T.);
#9012=ORIENTED_EDGE('',*,*,#5937,.T.);
#9013=ORIENTED_EDGE('',*,*,#5935,.T.);
#9014=ORIENTED_EDGE('',*,*,#5933,.T.);
#9015=ORIENTED_EDGE('',*,*,#5931,.T.);
#9016=ORIENTED_EDGE('',*,*,#5326,.F.);
#9017=ORIENTED_EDGE('',*,*,#5930,.T.);
#9018=ORIENTED_EDGE('',*,*,#5376,.F.);
#9019=ORIENTED_EDGE('',*,*,#5929,.T.);
#9020=ORIENTED_EDGE('',*,*,#5600,.F.);
#9021=ORIENTED_EDGE('',*,*,#5602,.T.);
#9022=ORIENTED_EDGE('',*,*,#5562,.F.);
#9023=ORIENTED_EDGE('',*,*,#5566,.T.);
#9024=ORIENTED_EDGE('',*,*,#5608,.F.);
#9025=ORIENTED_EDGE('',*,*,#5609,.T.);
#9026=ORIENTED_EDGE('',*,*,#5408,.F.);
#9027=ORIENTED_EDGE('',*,*,#5346,.F.);
#9028=ORIENTED_EDGE('',*,*,#5350,.T.);
#9029=ORIENTED_EDGE('',*,*,#5405,.F.);
#9030=ORIENTED_EDGE('',*,*,#5407,.T.);
#9031=ORIENTED_EDGE('',*,*,#5928,.T.);
#9032=ORIENTED_EDGE('',*,*,#5926,.T.);
#9033=ORIENTED_EDGE('',*,*,#5924,.T.);
#9034=ORIENTED_EDGE('',*,*,#5922,.T.);
#9035=ORIENTED_EDGE('',*,*,#5920,.T.);
#9036=ORIENTED_EDGE('',*,*,#5918,.T.);
#9037=ORIENTED_EDGE('',*,*,#5916,.T.);
#9038=ORIENTED_EDGE('',*,*,#5914,.T.);
#9039=ORIENTED_EDGE('',*,*,#5970,.T.);
#9040=ORIENTED_EDGE('',*,*,#5968,.T.);
#9041=ORIENTED_EDGE('',*,*,#5966,.T.);
#9042=ORIENTED_EDGE('',*,*,#5964,.T.);
#9043=ORIENTED_EDGE('',*,*,#5962,.T.);
#9044=ORIENTED_EDGE('',*,*,#5960,.T.);
#9045=ORIENTED_EDGE('',*,*,#5958,.T.);
#9046=ORIENTED_EDGE('',*,*,#5295,.F.);
#9047=ORIENTED_EDGE('',*,*,#5276,.F.);
#9048=ORIENTED_EDGE('',*,*,#5279,.F.);
#9049=ORIENTED_EDGE('',*,*,#5306,.T.);
#9050=ORIENTED_EDGE('',*,*,#5821,.T.);
#9051=ORIENTED_EDGE('',*,*,#5819,.T.);
#9052=ORIENTED_EDGE('',*,*,#5817,.T.);
#9053=ORIENTED_EDGE('',*,*,#5815,.T.);
#9054=ORIENTED_EDGE('',*,*,#5813,.T.);
#9055=ORIENTED_EDGE('',*,*,#5811,.T.);
#9056=ORIENTED_EDGE('',*,*,#5809,.T.);
#9057=ORIENTED_EDGE('',*,*,#5807,.T.);
#9058=ORIENTED_EDGE('',*,*,#5805,.T.);
#9059=ORIENTED_EDGE('',*,*,#5803,.T.);
#9060=ORIENTED_EDGE('',*,*,#5801,.T.);
#9061=ORIENTED_EDGE('',*,*,#5799,.T.);
#9062=ORIENTED_EDGE('',*,*,#5797,.T.);
#9063=ORIENTED_EDGE('',*,*,#5795,.T.);
#9064=ORIENTED_EDGE('',*,*,#5793,.T.);
#9065=ORIENTED_EDGE('',*,*,#5442,.F.);
#9066=ORIENTED_EDGE('',*,*,#5444,.T.);
#9067=ORIENTED_EDGE('',*,*,#5366,.F.);
#9068=ORIENTED_EDGE('',*,*,#5370,.F.);
#9069=ORIENTED_EDGE('',*,*,#5849,.T.);
#9070=ORIENTED_EDGE('',*,*,#5658,.F.);
#9071=ORIENTED_EDGE('',*,*,#5660,.T.);
#9072=ORIENTED_EDGE('',*,*,#5557,.F.);
#9073=ORIENTED_EDGE('',*,*,#5561,.T.);
#9074=ORIENTED_EDGE('',*,*,#5573,.F.);
#9075=ORIENTED_EDGE('',*,*,#5574,.T.);
#9076=ORIENTED_EDGE('',*,*,#5389,.F.);
#9077=ORIENTED_EDGE('',*,*,#5331,.F.);
#9078=ORIENTED_EDGE('',*,*,#5329,.F.);
#9079=ORIENTED_EDGE('',*,*,#5848,.T.);
#9080=ORIENTED_EDGE('',*,*,#5846,.T.);
#9081=ORIENTED_EDGE('',*,*,#5844,.T.);
#9082=ORIENTED_EDGE('',*,*,#5842,.T.);
#9083=ORIENTED_EDGE('',*,*,#5840,.T.);
#9084=ORIENTED_EDGE('',*,*,#5838,.T.);
#9085=ORIENTED_EDGE('',*,*,#5836,.T.);
#9086=ORIENTED_EDGE('',*,*,#5834,.T.);
#9087=ORIENTED_EDGE('',*,*,#5832,.T.);
#9088=ORIENTED_EDGE('',*,*,#5830,.T.);
#9089=ORIENTED_EDGE('',*,*,#5828,.T.);
#9090=ORIENTED_EDGE('',*,*,#5826,.T.);
#9091=ORIENTED_EDGE('',*,*,#5824,.T.);
#9092=ORIENTED_EDGE('',*,*,#5822,.T.);
#9093=ORIENTED_EDGE('',*,*,#5303,.F.);
#9094=ORIENTED_EDGE('',*,*,#5351,.F.);
#9095=ORIENTED_EDGE('',*,*,#5355,.F.);
#9096=ORIENTED_EDGE('',*,*,#6030,.T.);
#9097=ORIENTED_EDGE('',*,*,#5627,.F.);
#9098=ORIENTED_EDGE('',*,*,#5629,.T.);
#9099=ORIENTED_EDGE('',*,*,#5480,.T.);
#9100=ORIENTED_EDGE('',*,*,#5675,.T.);
#9101=ORIENTED_EDGE('',*,*,#5700,.T.);
#9102=ORIENTED_EDGE('',*,*,#5698,.T.);
#9103=ORIENTED_EDGE('',*,*,#5696,.T.);
#9104=ORIENTED_EDGE('',*,*,#5694,.T.);
#9105=ORIENTED_EDGE('',*,*,#5671,.T.);
#9106=ORIENTED_EDGE('',*,*,#5533,.T.);
#9107=ORIENTED_EDGE('',*,*,#5511,.T.);
#9108=ORIENTED_EDGE('',*,*,#5585,.T.);
#9109=ORIENTED_EDGE('',*,*,#5590,.F.);
#9110=ORIENTED_EDGE('',*,*,#5591,.T.);
#9111=ORIENTED_EDGE('',*,*,#5469,.F.);
#9112=ORIENTED_EDGE('',*,*,#5379,.F.);
#9113=ORIENTED_EDGE('',*,*,#5383,.T.);
#9114=ORIENTED_EDGE('',*,*,#5472,.F.);
#9115=ORIENTED_EDGE('',*,*,#5473,.T.);
#9116=ORIENTED_EDGE('',*,*,#5457,.F.);
#9117=ORIENTED_EDGE('',*,*,#5459,.T.);
#9118=ORIENTED_EDGE('',*,*,#5384,.F.);
#9119=ORIENTED_EDGE('',*,*,#5388,.F.);
#9120=ORIENTED_EDGE('',*,*,#5787,.T.);
#9121=ORIENTED_EDGE('',*,*,#5581,.F.);
#9122=ORIENTED_EDGE('',*,*,#5583,.T.);
#9123=ORIENTED_EDGE('',*,*,#5497,.T.);
#9124=ORIENTED_EDGE('',*,*,#5673,.T.);
#9125=ORIENTED_EDGE('',*,*,#5653,.T.);
#9126=ORIENTED_EDGE('',*,*,#5651,.F.);
#9127=ORIENTED_EDGE('',*,*,#5649,.T.);
#9128=ORIENTED_EDGE('',*,*,#5646,.F.);
#9129=ORIENTED_EDGE('',*,*,#5691,.T.);
#9130=ORIENTED_EDGE('',*,*,#5688,.F.);
#9131=ORIENTED_EDGE('',*,*,#5676,.F.);
#9132=ORIENTED_EDGE('',*,*,#5682,.T.);
#9133=ORIENTED_EDGE('',*,*,#5693,.T.);
#9134=ORIENTED_EDGE('',*,*,#5684,.F.);
#9135=ORIENTED_EDGE('',*,*,#5545,.T.);
#9136=ORIENTED_EDGE('',*,*,#5543,.T.);
#9137=ORIENTED_EDGE('',*,*,#5539,.T.);
#9138=ORIENTED_EDGE('',*,*,#5513,.T.);
#9139=ORIENTED_EDGE('',*,*,#5494,.T.);
#9140=ORIENTED_EDGE('',*,*,#5631,.T.);
#9141=ORIENTED_EDGE('',*,*,#5637,.F.);
#9142=ORIENTED_EDGE('',*,*,#5638,.T.);
#9143=ORIENTED_EDGE('',*,*,#5426,.F.);
#9144=ORIENTED_EDGE('',*,*,#5356,.F.);
#9145=ORIENTED_EDGE('',*,*,#5360,.T.);
#9146=ORIENTED_EDGE('',*,*,#5420,.F.);
#9147=ORIENTED_EDGE('',*,*,#6029,.T.);
#9148=ORIENTED_EDGE('',*,*,#5418,.F.);
#9149=ORIENTED_EDGE('',*,*,#6031,.T.);
#9150=ORIENTED_EDGE('',*,*,#5436,.T.);
#9151=ORIENTED_EDGE('',*,*,#5429,.F.);
#9152=ORIENTED_EDGE('',*,*,#5432,.T.);
#9153=ORIENTED_EDGE('',*,*,#5633,.F.);
#9154=ORIENTED_EDGE('',*,*,#5635,.T.);
#9155=ORIENTED_EDGE('',*,*,#5640,.F.);
#9156=ORIENTED_EDGE('',*,*,#5641,.T.);
#9157=ORIENTED_EDGE('',*,*,#5434,.F.);
#9158=ORIENTED_EDGE('',*,*,#5912,.T.);
#9159=ORIENTED_EDGE('',*,*,#5910,.T.);
#9160=ORIENTED_EDGE('',*,*,#5908,.T.);
#9161=ORIENTED_EDGE('',*,*,#5710,.T.);
#9162=ORIENTED_EDGE('',*,*,#5713,.T.);
#9163=ORIENTED_EDGE('',*,*,#5715,.T.);
#9164=ORIENTED_EDGE('',*,*,#5449,.T.);
#9165=ORIENTED_EDGE('',*,*,#5451,.F.);
#9166=ORIENTED_EDGE('',*,*,#5453,.T.);
#9167=ORIENTED_EDGE('',*,*,#5669,.F.);
#9168=ORIENTED_EDGE('',*,*,#5670,.T.);
#9169=ORIENTED_EDGE('',*,*,#5665,.F.);
#9170=ORIENTED_EDGE('',*,*,#5667,.T.);
#9171=ORIENTED_EDGE('',*,*,#5446,.F.);
#9172=ORIENTED_EDGE('',*,*,#5792,.T.);
#9173=ORIENTED_EDGE('',*,*,#5790,.T.);
#9174=ORIENTED_EDGE('',*,*,#5788,.T.);
#9175=ORIENTED_EDGE('',*,*,#5755,.T.);
#9176=ORIENTED_EDGE('',*,*,#5758,.T.);
#9177=ORIENTED_EDGE('',*,*,#5760,.T.);
#9178=ORIENTED_EDGE('',*,*,#5468,.T.);
#9179=ORIENTED_EDGE('',*,*,#5461,.F.);
#9180=ORIENTED_EDGE('',*,*,#5464,.T.);
#9181=ORIENTED_EDGE('',*,*,#5593,.F.);
#9182=ORIENTED_EDGE('',*,*,#5595,.T.);
#9183=ORIENTED_EDGE('',*,*,#5597,.F.);
#9184=ORIENTED_EDGE('',*,*,#5598,.T.);
#9185=ORIENTED_EDGE('',*,*,#5466,.F.);
#9186=ORIENTED_EDGE('',*,*,#5478,.T.);
#9187=ORIENTED_EDGE('',*,*,#5786,.T.);
#9188=ORIENTED_EDGE('',*,*,#5576,.F.);
#9189=ORIENTED_EDGE('',*,*,#5579,.T.);
#9190=ORIENTED_EDGE('',*,*,#5587,.F.);
#9191=ORIENTED_EDGE('',*,*,#5588,.T.);
#9192=ORIENTED_EDGE('',*,*,#5475,.F.);
#9193=ORIENTED_EDGE('',*,*,#5612,.T.);
#9194=ORIENTED_EDGE('',*,*,#5396,.F.);
#9195=ORIENTED_EDGE('',*,*,#5399,.T.);
#9196=ORIENTED_EDGE('',*,*,#5401,.F.);
#9197=ORIENTED_EDGE('',*,*,#5403,.T.);
#9198=ORIENTED_EDGE('',*,*,#5604,.F.);
#9199=ORIENTED_EDGE('',*,*,#5606,.T.);
#9200=ORIENTED_EDGE('',*,*,#5611,.F.);
#9201=ORIENTED_EDGE('',*,*,#5785,.T.);
#9202=ORIENTED_EDGE('',*,*,#5783,.T.);
#9203=ORIENTED_EDGE('',*,*,#5781,.T.);
#9204=ORIENTED_EDGE('',*,*,#5725,.T.);
#9205=ORIENTED_EDGE('',*,*,#5728,.T.);
#9206=ORIENTED_EDGE('',*,*,#5730,.T.);
#9207=ORIENTED_EDGE('',*,*,#5622,.T.);
#9208=ORIENTED_EDGE('',*,*,#5624,.F.);
#9209=ORIENTED_EDGE('',*,*,#5625,.T.);
#9210=ORIENTED_EDGE('',*,*,#5423,.F.);
#9211=ORIENTED_EDGE('',*,*,#5425,.T.);
#9212=ORIENTED_EDGE('',*,*,#5413,.F.);
#9213=ORIENTED_EDGE('',*,*,#5416,.T.);
#9214=ORIENTED_EDGE('',*,*,#5620,.F.);
#9215=ORIENTED_EDGE('',*,*,#5780,.T.);
#9216=ORIENTED_EDGE('',*,*,#5778,.T.);
#9217=ORIENTED_EDGE('',*,*,#5776,.T.);
#9218=ORIENTED_EDGE('',*,*,#5740,.T.);
#9219=ORIENTED_EDGE('',*,*,#5743,.T.);
#9220=ORIENTED_EDGE('',*,*,#5745,.T.);
#9221=CYLINDRICAL_SURFACE('',#9980,2.);
#9222=CYLINDRICAL_SURFACE('',#10226,1.99999999999999);
#9223=CYLINDRICAL_SURFACE('',#10228,4.);
#9224=CYLINDRICAL_SURFACE('',#10230,2.00000000000001);
#9225=CYLINDRICAL_SURFACE('',#10232,4.);
#9226=CYLINDRICAL_SURFACE('',#10234,1.99999999999999);
#9227=CYLINDRICAL_SURFACE('',#10237,1.99999999999999);
#9228=CYLINDRICAL_SURFACE('',#10239,4.);
#9229=CYLINDRICAL_SURFACE('',#10241,2.);
#9230=CYLINDRICAL_SURFACE('',#10244,1.99999999999999);
#9231=CYLINDRICAL_SURFACE('',#10246,2.00000000000001);
#9232=CYLINDRICAL_SURFACE('',#10248,4.);
#9233=CYLINDRICAL_SURFACE('',#10250,1.99999999999999);
#9234=CYLINDRICAL_SURFACE('',#10252,4.);
#9235=CYLINDRICAL_SURFACE('',#10254,2.);
#9236=CYLINDRICAL_SURFACE('',#10256,4.);
#9237=CYLINDRICAL_SURFACE('',#10258,2.);
#9238=CYLINDRICAL_SURFACE('',#10261,1.99999999999999);
#9239=CYLINDRICAL_SURFACE('',#10263,2.00000000000001);
#9240=CYLINDRICAL_SURFACE('',#10265,4.);
#9241=CYLINDRICAL_SURFACE('',#10267,1.99999999999999);
#9242=CYLINDRICAL_SURFACE('',#10270,1.99999999999999);
#9243=CYLINDRICAL_SURFACE('',#10273,2.);
#9244=CYLINDRICAL_SURFACE('',#10277,4.);
#9245=CYLINDRICAL_SURFACE('',#10279,4.);
#9246=CYLINDRICAL_SURFACE('',#10281,4.);
#9247=CYLINDRICAL_SURFACE('',#10284,4.);
#9248=CYLINDRICAL_SURFACE('',#10287,4.);
#9249=CYLINDRICAL_SURFACE('',#10290,4.);
#9250=CYLINDRICAL_SURFACE('',#10292,4.);
#9251=CYLINDRICAL_SURFACE('',#10295,4.);
#9252=CYLINDRICAL_SURFACE('',#10298,4.);
#9253=CYLINDRICAL_SURFACE('',#10301,3.);
#9254=CYLINDRICAL_SURFACE('',#10303,3.);
#9255=CYLINDRICAL_SURFACE('',#10305,5.);
#9256=CYLINDRICAL_SURFACE('',#10307,3.);
#9257=CYLINDRICAL_SURFACE('',#10309,3.);
#9258=CYLINDRICAL_SURFACE('',#10311,5.);
#9259=CYLINDRICAL_SURFACE('',#10313,5.);
#9260=CYLINDRICAL_SURFACE('',#10315,5.);
#9261=CYLINDRICAL_SURFACE('',#10317,5.);
#9262=CYLINDRICAL_SURFACE('',#10320,5.);
#9263=CYLINDRICAL_SURFACE('',#10322,5.);
#9264=CYLINDRICAL_SURFACE('',#10324,5.);
#9265=CYLINDRICAL_SURFACE('',#10327,5.);
#9266=CYLINDRICAL_SURFACE('',#10329,5.);
#9267=CYLINDRICAL_SURFACE('',#10331,5.);
#9268=CYLINDRICAL_SURFACE('',#10333,5.);
#9269=CYLINDRICAL_SURFACE('',#10335,5.);
#9270=CYLINDRICAL_SURFACE('',#10338,5.);
#9271=CYLINDRICAL_SURFACE('',#10340,5.);
#9272=CYLINDRICAL_SURFACE('',#10343,5.);
#9273=CYLINDRICAL_SURFACE('',#10345,5.);
#9274=CYLINDRICAL_SURFACE('',#10347,5.);
#9275=CYLINDRICAL_SURFACE('',#10349,5.);
#9276=CYLINDRICAL_SURFACE('',#10352,5.);
#9277=CYLINDRICAL_SURFACE('',#10355,5.);
#9278=CYLINDRICAL_SURFACE('',#10358,5.);
#9279=CYLINDRICAL_SURFACE('',#10361,5.);
#9280=CYLINDRICAL_SURFACE('',#10363,5.);
#9281=CYLINDRICAL_SURFACE('',#10365,5.);
#9282=CYLINDRICAL_SURFACE('',#10368,5.);
#9283=CYLINDRICAL_SURFACE('',#10370,5.);
#9284=CYLINDRICAL_SURFACE('',#10372,5.);
#9285=CYLINDRICAL_SURFACE('',#10375,5.);
#9286=CYLINDRICAL_SURFACE('',#10377,5.);
#9287=CYLINDRICAL_SURFACE('',#10380,5.);
#9288=CYLINDRICAL_SURFACE('',#10383,5.);
#9289=CYLINDRICAL_SURFACE('',#10386,5.);
#9290=CYLINDRICAL_SURFACE('',#10389,5.);
#9291=CYLINDRICAL_SURFACE('',#10392,5.);
#9292=CYLINDRICAL_SURFACE('',#10395,5.);
#9293=CYLINDRICAL_SURFACE('',#10397,5.);
#9294=CYLINDRICAL_SURFACE('',#10400,5.);
#9295=CYLINDRICAL_SURFACE('',#10403,5.);
#9296=CYLINDRICAL_SURFACE('',#10406,5.);
#9297=CYLINDRICAL_SURFACE('',#10408,5.);
#9298=CYLINDRICAL_SURFACE('',#10411,5.);
#9299=CYLINDRICAL_SURFACE('',#10437,2.);
#9300=CYLINDRICAL_SURFACE('',#10440,2.);
#9301=CYLINDRICAL_SURFACE('',#10443,2.);
#9302=CYLINDRICAL_SURFACE('',#10446,2.);
#9303=CYLINDRICAL_SURFACE('',#10449,4.);
#9304=CYLINDRICAL_SURFACE('',#10452,4.);
#9305=CYLINDRICAL_SURFACE('',#10455,4.);
#9306=CYLINDRICAL_SURFACE('',#10458,4.);
#9307=CYLINDRICAL_SURFACE('',#10461,4.);
#9308=CYLINDRICAL_SURFACE('',#10464,4.);
#9309=CYLINDRICAL_SURFACE('',#10467,4.);
#9310=CYLINDRICAL_SURFACE('',#10470,4.);
#9311=CYLINDRICAL_SURFACE('',#10473,4.);
#9312=CYLINDRICAL_SURFACE('',#10476,4.);
#9313=CYLINDRICAL_SURFACE('',#10479,4.);
#9314=CYLINDRICAL_SURFACE('',#10482,4.);
#9315=CYLINDRICAL_SURFACE('',#10484,4.);
#9316=CYLINDRICAL_SURFACE('',#10487,4.);
#9317=CYLINDRICAL_SURFACE('',#10490,4.);
#9318=CYLINDRICAL_SURFACE('',#10493,4.);
#9319=CYLINDRICAL_SURFACE('',#10496,4.);
#9320=CYLINDRICAL_SURFACE('',#10499,4.);
#9321=CYLINDRICAL_SURFACE('',#10502,4.);
#9322=CYLINDRICAL_SURFACE('',#10505,4.);
#9323=CYLINDRICAL_SURFACE('',#10508,0.25);
#9324=CYLINDRICAL_SURFACE('',#10511,0.25);
#9325=CYLINDRICAL_SURFACE('',#10514,1.);
#9326=CYLINDRICAL_SURFACE('',#10516,4.);
#9327=CYLINDRICAL_SURFACE('',#10519,4.);
#9328=CYLINDRICAL_SURFACE('',#10522,4.);
#9329=CYLINDRICAL_SURFACE('',#10525,4.);
#9330=CYLINDRICAL_SURFACE('',#10531,0.1);
#9331=CYLINDRICAL_SURFACE('',#10534,46.2500135563359);
#9332=CYLINDRICAL_SURFACE('',#10537,0.25);
#9333=CYLINDRICAL_SURFACE('',#10540,46.7500135563359);
#9334=CYLINDRICAL_SURFACE('',#10542,0.5);
#9335=CYLINDRICAL_SURFACE('',#10545,45.7500135563359);
#9336=CYLINDRICAL_SURFACE('',#10553,2.20000000000001);
#9337=CYLINDRICAL_SURFACE('',#10559,2.2);
#9338=CYLINDRICAL_SURFACE('',#10565,2.20000000000001);
#9339=CYLINDRICAL_SURFACE('',#10571,2.2);
#9340=CYLINDRICAL_SURFACE('',#10608,1.50000000000001);
#9341=CYLINDRICAL_SURFACE('',#10610,3.);
#9342=CYLINDRICAL_SURFACE('',#10613,2.);
#9343=CYLINDRICAL_SURFACE('',#10616,3.00000000000001);
#9344=CYLINDRICAL_SURFACE('',#10619,1.99999999999999);
#9345=CYLINDRICAL_SURFACE('',#10622,3.00000000000001);
#9346=CYLINDRICAL_SURFACE('',#10625,1.99999999999999);
#9347=CYLINDRICAL_SURFACE('',#10628,1.50000000000002);
#9348=CYLINDRICAL_SURFACE('',#10631,1.50000000000002);
#9349=CYLINDRICAL_SURFACE('',#10634,2.);
#9350=CYLINDRICAL_SURFACE('',#10637,3.);
#9351=CYLINDRICAL_SURFACE('',#10640,2.);
#9352=CYLINDRICAL_SURFACE('',#10643,3.);
#9353=CYLINDRICAL_SURFACE('',#10646,2.);
#9354=CYLINDRICAL_SURFACE('',#10649,3.);
#9355=CYLINDRICAL_SURFACE('',#10654,1.49999999999998);
#9356=CYLINDRICAL_SURFACE('',#10656,3.);
#9357=CYLINDRICAL_SURFACE('',#10659,2.);
#9358=CYLINDRICAL_SURFACE('',#10662,3.);
#9359=CYLINDRICAL_SURFACE('',#10665,2.);
#9360=CYLINDRICAL_SURFACE('',#10668,3.);
#9361=CYLINDRICAL_SURFACE('',#10671,2.);
#9362=CYLINDRICAL_SURFACE('',#10674,1.50000000000002);
#9363=CYLINDRICAL_SURFACE('',#10677,1.50000000000002);
#9364=CYLINDRICAL_SURFACE('',#10680,2.00000000000001);
#9365=CYLINDRICAL_SURFACE('',#10683,2.99999999999999);
#9366=CYLINDRICAL_SURFACE('',#10686,2.00000000000001);
#9367=CYLINDRICAL_SURFACE('',#10689,3.);
#9368=CYLINDRICAL_SURFACE('',#10692,2.);
#9369=CYLINDRICAL_SURFACE('',#10695,3.);
#9370=CYLINDRICAL_SURFACE('',#10697,1.50000000000001);
#9371=CYLINDRICAL_SURFACE('',#10702,2.00000000000001);
#9372=CYLINDRICAL_SURFACE('',#10705,3.);
#9373=CYLINDRICAL_SURFACE('',#10708,2.);
#9374=CYLINDRICAL_SURFACE('',#10711,3.);
#9375=CYLINDRICAL_SURFACE('',#10713,1.50000000000001);
#9376=CYLINDRICAL_SURFACE('',#10717,1.50000000000001);
#9377=CYLINDRICAL_SURFACE('',#10719,3.);
#9378=CYLINDRICAL_SURFACE('',#10722,2.);
#9379=CYLINDRICAL_SURFACE('',#10725,3.);
#9380=CYLINDRICAL_SURFACE('',#10728,2.);
#9381=CYLINDRICAL_SURFACE('',#10731,3.);
#9382=CYLINDRICAL_SURFACE('',#10734,2.);
#9383=CYLINDRICAL_SURFACE('',#10737,1.50000000000002);
#9384=CYLINDRICAL_SURFACE('',#10740,1.50000000000002);
#9385=CYLINDRICAL_SURFACE('',#10743,2.00000000000001);
#9386=CYLINDRICAL_SURFACE('',#10746,2.99999999999999);
#9387=CYLINDRICAL_SURFACE('',#10749,1.99999999999999);
#9388=CYLINDRICAL_SURFACE('',#10752,3.00000000000001);
#9389=CYLINDRICAL_SURFACE('',#10755,1.99999999999999);
#9390=CYLINDRICAL_SURFACE('',#10758,1.50000000000002);
#9391=CYLINDRICAL_SURFACE('',#10761,1.50000000000002);
#9392=CYLINDRICAL_SURFACE('',#10764,2.);
#9393=CYLINDRICAL_SURFACE('',#10767,3.);
#9394=CYLINDRICAL_SURFACE('',#10770,2.);
#9395=CYLINDRICAL_SURFACE('',#10773,3.);
#9396=CYLINDRICAL_SURFACE('',#10776,2.);
#9397=CYLINDRICAL_SURFACE('',#10779,3.);
#9398=CYLINDRICAL_SURFACE('',#10784,1.50000000000001);
#9399=CYLINDRICAL_SURFACE('',#10786,3.);
#9400=CYLINDRICAL_SURFACE('',#10789,2.);
#9401=CYLINDRICAL_SURFACE('',#10792,3.00000000000001);
#9402=CYLINDRICAL_SURFACE('',#10799,1.49999999999997);
#9403=CYLINDRICAL_SURFACE('',#10802,2.);
#9404=CYLINDRICAL_SURFACE('',#10805,3.);
#9405=CYLINDRICAL_SURFACE('',#10808,1.99999999999999);
#9406=CYLINDRICAL_SURFACE('',#10811,3.00000000000001);
#9407=CYLINDRICAL_SURFACE('',#10814,1.99999999999999);
#9408=CYLINDRICAL_SURFACE('',#10817,3.00000000000001);
#9409=CYLINDRICAL_SURFACE('',#10819,1.50000000000002);
#9410=CYLINDRICAL_SURFACE('',#10822,1.50000000000002);
#9411=CYLINDRICAL_SURFACE('',#10824,3.);
#9412=CYLINDRICAL_SURFACE('',#10827,2.);
#9413=CYLINDRICAL_SURFACE('',#10830,3.);
#9414=CYLINDRICAL_SURFACE('',#10833,2.);
#9415=CYLINDRICAL_SURFACE('',#10836,3.);
#9416=CYLINDRICAL_SURFACE('',#10839,2.);
#9417=CYLINDRICAL_SURFACE('',#10842,1.49999999999997);
#9418=CYLINDRICAL_SURFACE('',#10845,1.49999999999998);
#9419=CYLINDRICAL_SURFACE('',#10848,2.);
#9420=CYLINDRICAL_SURFACE('',#10851,3.);
#9421=CYLINDRICAL_SURFACE('',#10854,2.);
#9422=CYLINDRICAL_SURFACE('',#10857,3.);
#9423=CYLINDRICAL_SURFACE('',#10860,2.);
#9424=CYLINDRICAL_SURFACE('',#10863,3.);
#9425=CYLINDRICAL_SURFACE('',#10865,1.50000000000002);
#9426=CYLINDRICAL_SURFACE('',#10869,1.50000000000002);
#9427=CYLINDRICAL_SURFACE('',#10871,2.99999999999999);
#9428=CYLINDRICAL_SURFACE('',#10874,2.00000000000001);
#9429=CYLINDRICAL_SURFACE('',#10877,3.);
#9430=CYLINDRICAL_SURFACE('',#10880,2.00000000000001);
#9431=CYLINDRICAL_SURFACE('',#10883,2.99999999999999);
#9432=CYLINDRICAL_SURFACE('',#10886,2.00000000000001);
#9433=CYLINDRICAL_SURFACE('',#10889,1.49999999999999);
#9434=CYLINDRICAL_SURFACE('',#10892,1.49999999999997);
#9435=CYLINDRICAL_SURFACE('',#10895,2.);
#9436=CYLINDRICAL_SURFACE('',#10898,3.);
#9437=CYLINDRICAL_SURFACE('',#10901,1.99999999999999);
#9438=CYLINDRICAL_SURFACE('',#10904,3.00000000000001);
#9439=CYLINDRICAL_SURFACE('',#10907,1.99999999999999);
#9440=CYLINDRICAL_SURFACE('',#10910,3.00000000000001);
#9441=CYLINDRICAL_SURFACE('',#10912,1.50000000000002);
#9442=CYLINDRICAL_SURFACE('',#10916,1.50000000000002);
#9443=CYLINDRICAL_SURFACE('',#10918,3.);
#9444=CYLINDRICAL_SURFACE('',#10921,2.);
#9445=CYLINDRICAL_SURFACE('',#10924,3.);
#9446=CYLINDRICAL_SURFACE('',#10927,2.);
#9447=CYLINDRICAL_SURFACE('',#10930,3.);
#9448=CYLINDRICAL_SURFACE('',#10933,2.);
#9449=CYLINDRICAL_SURFACE('',#10936,1.49999999999997);
#9450=CYLINDRICAL_SURFACE('',#10938,1.49999999999998);
#9451=CYLINDRICAL_SURFACE('',#10941,2.);
#9452=CYLINDRICAL_SURFACE('',#10944,3.);
#9453=CYLINDRICAL_SURFACE('',#10947,2.);
#9454=CYLINDRICAL_SURFACE('',#10950,3.);
#9455=CYLINDRICAL_SURFACE('',#10953,2.);
#9456=CYLINDRICAL_SURFACE('',#10956,3.);
#9457=CYLINDRICAL_SURFACE('',#10958,1.50000000000002);
#9458=CYLINDRICAL_SURFACE('',#10961,1.50000000000002);
#9459=CYLINDRICAL_SURFACE('',#10963,2.99999999999999);
#9460=CYLINDRICAL_SURFACE('',#10966,2.00000000000001);
#9461=CYLINDRICAL_SURFACE('',#10969,3.);
#9462=CYLINDRICAL_SURFACE('',#10972,2.00000000000001);
#9463=CYLINDRICAL_SURFACE('',#10975,2.99999999999999);
#9464=CYLINDRICAL_SURFACE('',#10978,2.00000000000001);
#9465=CYLINDRICAL_SURFACE('',#10981,1.49999999999999);
#9466=ADVANCED_FACE('',(#319),#9221,.T.);
#9467=ADVANCED_FACE('',(#320),#73,.T.);
#9468=ADVANCED_FACE('',(#321,#31,#32,#33,#34,#35,#36,#37,#38,#39,#40,#41,
#42,#43,#44,#45,#46,#47),#74,.F.);
#9469=ADVANCED_FACE('',(#322),#9222,.T.);
#9470=ADVANCED_FACE('',(#323),#9223,.F.);
#9471=ADVANCED_FACE('',(#324),#9224,.T.);
#9472=ADVANCED_FACE('',(#325),#9225,.F.);
#9473=ADVANCED_FACE('',(#326),#9226,.T.);
#9474=ADVANCED_FACE('',(#327),#75,.T.);
#9475=ADVANCED_FACE('',(#328),#9227,.T.);
#9476=ADVANCED_FACE('',(#329),#9228,.F.);
#9477=ADVANCED_FACE('',(#330),#9229,.T.);
#9478=ADVANCED_FACE('',(#331),#76,.T.);
#9479=ADVANCED_FACE('',(#332),#9230,.T.);
#9480=ADVANCED_FACE('',(#333),#9231,.T.);
#9481=ADVANCED_FACE('',(#334),#9232,.F.);
#9482=ADVANCED_FACE('',(#335),#9233,.T.);
#9483=ADVANCED_FACE('',(#336),#9234,.F.);
#9484=ADVANCED_FACE('',(#337),#9235,.T.);
#9485=ADVANCED_FACE('',(#338),#9236,.F.);
#9486=ADVANCED_FACE('',(#339),#9237,.T.);
#9487=ADVANCED_FACE('',(#340),#77,.T.);
#9488=ADVANCED_FACE('',(#341),#9238,.T.);
#9489=ADVANCED_FACE('',(#342),#9239,.T.);
#9490=ADVANCED_FACE('',(#343),#9240,.F.);
#9491=ADVANCED_FACE('',(#344),#9241,.T.);
#9492=ADVANCED_FACE('',(#345),#78,.T.);
#9493=ADVANCED_FACE('',(#346),#9242,.T.);
#9494=ADVANCED_FACE('',(#347),#79,.T.);
#9495=ADVANCED_FACE('',(#348),#9243,.T.);
#9496=ADVANCED_FACE('',(#349),#80,.T.);
#9497=ADVANCED_FACE('',(#350),#81,.T.);
#9498=ADVANCED_FACE('',(#351),#9244,.F.);
#9499=ADVANCED_FACE('',(#352),#9245,.F.);
#9500=ADVANCED_FACE('',(#353),#9246,.F.);
#9501=ADVANCED_FACE('',(#354),#82,.T.);
#9502=ADVANCED_FACE('',(#355),#9247,.F.);
#9503=ADVANCED_FACE('',(#356),#83,.T.);
#9504=ADVANCED_FACE('',(#357),#9248,.F.);
#9505=ADVANCED_FACE('',(#358),#84,.T.);
#9506=ADVANCED_FACE('',(#359),#9249,.F.);
#9507=ADVANCED_FACE('',(#360),#9250,.F.);
#9508=ADVANCED_FACE('',(#361),#85,.T.);
#9509=ADVANCED_FACE('',(#362),#9251,.F.);
#9510=ADVANCED_FACE('',(#363),#86,.T.);
#9511=ADVANCED_FACE('',(#364),#9252,.F.);
#9512=ADVANCED_FACE('',(#365),#87,.T.);
#9513=ADVANCED_FACE('',(#366),#9253,.F.);
#9514=ADVANCED_FACE('',(#367),#9254,.F.);
#9515=ADVANCED_FACE('',(#368),#9255,.T.);
#9516=ADVANCED_FACE('',(#369),#9256,.F.);
#9517=ADVANCED_FACE('',(#370),#9257,.F.);
#9518=ADVANCED_FACE('',(#371),#9258,.T.);
#9519=ADVANCED_FACE('',(#372),#9259,.T.);
#9520=ADVANCED_FACE('',(#373),#9260,.F.);
#9521=ADVANCED_FACE('',(#374),#9261,.T.);
#9522=ADVANCED_FACE('',(#375),#88,.T.);
#9523=ADVANCED_FACE('',(#376),#9262,.T.);
#9524=ADVANCED_FACE('',(#377),#9263,.F.);
#9525=ADVANCED_FACE('',(#378),#9264,.T.);
#9526=ADVANCED_FACE('',(#379),#89,.T.);
#9527=ADVANCED_FACE('',(#380),#9265,.T.);
#9528=ADVANCED_FACE('',(#381),#9266,.F.);
#9529=ADVANCED_FACE('',(#382),#9267,.T.);
#9530=ADVANCED_FACE('',(#383),#9268,.F.);
#9531=ADVANCED_FACE('',(#384),#9269,.T.);
#9532=ADVANCED_FACE('',(#385),#90,.T.);
#9533=ADVANCED_FACE('',(#386),#9270,.T.);
#9534=ADVANCED_FACE('',(#387),#9271,.T.);
#9535=ADVANCED_FACE('',(#388),#91,.T.);
#9536=ADVANCED_FACE('',(#389),#9272,.T.);
#9537=ADVANCED_FACE('',(#390),#9273,.F.);
#9538=ADVANCED_FACE('',(#391),#9274,.F.);
#9539=ADVANCED_FACE('',(#392),#9275,.F.);
#9540=ADVANCED_FACE('',(#393),#92,.T.);
#9541=ADVANCED_FACE('',(#394),#9276,.F.);
#9542=ADVANCED_FACE('',(#395),#93,.T.);
#9543=ADVANCED_FACE('',(#396),#9277,.F.);
#9544=ADVANCED_FACE('',(#397),#94,.T.);
#9545=ADVANCED_FACE('',(#398),#9278,.F.);
#9546=ADVANCED_FACE('',(#399),#95,.T.);
#9547=ADVANCED_FACE('',(#400),#9279,.F.);
#9548=ADVANCED_FACE('',(#401),#9280,.F.);
#9549=ADVANCED_FACE('',(#402),#9281,.F.);
#9550=ADVANCED_FACE('',(#403),#96,.T.);
#9551=ADVANCED_FACE('',(#404),#9282,.F.);
#9552=ADVANCED_FACE('',(#405),#9283,.F.);
#9553=ADVANCED_FACE('',(#406),#9284,.F.);
#9554=ADVANCED_FACE('',(#407),#97,.T.);
#9555=ADVANCED_FACE('',(#408),#9285,.F.);
#9556=ADVANCED_FACE('',(#409),#9286,.F.);
#9557=ADVANCED_FACE('',(#410),#98,.T.);
#9558=ADVANCED_FACE('',(#411),#9287,.F.);
#9559=ADVANCED_FACE('',(#412),#99,.T.);
#9560=ADVANCED_FACE('',(#413),#9288,.F.);
#9561=ADVANCED_FACE('',(#414),#100,.T.);
#9562=ADVANCED_FACE('',(#415),#9289,.F.);
#9563=ADVANCED_FACE('',(#416),#101,.T.);
#9564=ADVANCED_FACE('',(#417),#9290,.F.);
#9565=ADVANCED_FACE('',(#418),#102,.T.);
#9566=ADVANCED_FACE('',(#419),#9291,.F.);
#9567=ADVANCED_FACE('',(#420),#103,.T.);
#9568=ADVANCED_FACE('',(#421),#9292,.F.);
#9569=ADVANCED_FACE('',(#422),#9293,.F.);
#9570=ADVANCED_FACE('',(#423),#104,.T.);
#9571=ADVANCED_FACE('',(#424),#9294,.F.);
#9572=ADVANCED_FACE('',(#425),#105,.T.);
#9573=ADVANCED_FACE('',(#426),#9295,.F.);
#9574=ADVANCED_FACE('',(#427),#106,.T.);
#9575=ADVANCED_FACE('',(#428),#9296,.F.);
#9576=ADVANCED_FACE('',(#429),#9297,.F.);
#9577=ADVANCED_FACE('',(#430),#107,.T.);
#9578=ADVANCED_FACE('',(#431),#9298,.F.);
#9579=ADVANCED_FACE('',(#432),#108,.T.);
#9580=ADVANCED_FACE('',(#433),#109,.F.);
#9581=ADVANCED_FACE('',(#434),#29,.T.);
#9582=ADVANCED_FACE('',(#435),#110,.F.);
#9583=ADVANCED_FACE('',(#436),#111,.T.);
#9584=ADVANCED_FACE('',(#437),#112,.F.);
#9585=ADVANCED_FACE('',(#438),#30,.T.);
#9586=ADVANCED_FACE('',(#439),#113,.F.);
#9587=ADVANCED_FACE('',(#440),#114,.T.);
#9588=ADVANCED_FACE('',(#441),#115,.F.);
#9589=ADVANCED_FACE('',(#442),#116,.T.);
#9590=ADVANCED_FACE('',(#443),#117,.T.);
#9591=ADVANCED_FACE('',(#444),#118,.F.);
#9592=ADVANCED_FACE('',(#445),#119,.F.);
#9593=ADVANCED_FACE('',(#446),#120,.T.);
#9594=ADVANCED_FACE('',(#447),#121,.T.);
#9595=ADVANCED_FACE('',(#448),#122,.F.);
#9596=ADVANCED_FACE('',(#449),#123,.F.);
#9597=ADVANCED_FACE('',(#450),#124,.F.);
#9598=ADVANCED_FACE('',(#451),#125,.F.);
#9599=ADVANCED_FACE('',(#452),#126,.T.);
#9600=ADVANCED_FACE('',(#453),#127,.T.);
#9601=ADVANCED_FACE('',(#454),#9299,.T.);
#9602=ADVANCED_FACE('',(#455),#128,.T.);
#9603=ADVANCED_FACE('',(#456),#9300,.T.);
#9604=ADVANCED_FACE('',(#457),#129,.T.);
#9605=ADVANCED_FACE('',(#458),#9301,.T.);
#9606=ADVANCED_FACE('',(#459),#130,.T.);
#9607=ADVANCED_FACE('',(#460),#9302,.T.);
#9608=ADVANCED_FACE('',(#461),#131,.T.);
#9609=ADVANCED_FACE('',(#462),#9303,.F.);
#9610=ADVANCED_FACE('',(#463),#132,.T.);
#9611=ADVANCED_FACE('',(#464),#9304,.F.);
#9612=ADVANCED_FACE('',(#465),#133,.T.);
#9613=ADVANCED_FACE('',(#466),#9305,.F.);
#9614=ADVANCED_FACE('',(#467),#134,.T.);
#9615=ADVANCED_FACE('',(#468),#9306,.F.);
#9616=ADVANCED_FACE('',(#469),#135,.T.);
#9617=ADVANCED_FACE('',(#470),#9307,.F.);
#9618=ADVANCED_FACE('',(#471),#136,.T.);
#9619=ADVANCED_FACE('',(#472),#9308,.F.);
#9620=ADVANCED_FACE('',(#473),#137,.T.);
#9621=ADVANCED_FACE('',(#474),#9309,.F.);
#9622=ADVANCED_FACE('',(#475),#138,.T.);
#9623=ADVANCED_FACE('',(#476),#9310,.F.);
#9624=ADVANCED_FACE('',(#477),#139,.T.);
#9625=ADVANCED_FACE('',(#478),#9311,.F.);
#9626=ADVANCED_FACE('',(#479),#140,.T.);
#9627=ADVANCED_FACE('',(#480),#9312,.F.);
#9628=ADVANCED_FACE('',(#481),#141,.T.);
#9629=ADVANCED_FACE('',(#482),#9313,.F.);
#9630=ADVANCED_FACE('',(#483),#142,.T.);
#9631=ADVANCED_FACE('',(#484),#9314,.F.);
#9632=ADVANCED_FACE('',(#485),#9315,.F.);
#9633=ADVANCED_FACE('',(#486),#143,.T.);
#9634=ADVANCED_FACE('',(#487),#9316,.F.);
#9635=ADVANCED_FACE('',(#488),#144,.T.);
#9636=ADVANCED_FACE('',(#489),#9317,.F.);
#9637=ADVANCED_FACE('',(#490),#145,.T.);
#9638=ADVANCED_FACE('',(#491),#9318,.F.);
#9639=ADVANCED_FACE('',(#492),#146,.T.);
#9640=ADVANCED_FACE('',(#493),#9319,.F.);
#9641=ADVANCED_FACE('',(#494),#147,.T.);
#9642=ADVANCED_FACE('',(#495),#9320,.F.);
#9643=ADVANCED_FACE('',(#496),#148,.T.);
#9644=ADVANCED_FACE('',(#497),#9321,.F.);
#9645=ADVANCED_FACE('',(#498),#149,.T.);
#9646=ADVANCED_FACE('',(#499),#9322,.F.);
#9647=ADVANCED_FACE('',(#500),#150,.T.);
#9648=ADVANCED_FACE('',(#501),#9323,.F.);
#9649=ADVANCED_FACE('',(#502),#151,.F.);
#9650=ADVANCED_FACE('',(#503),#9324,.F.);
#9651=ADVANCED_FACE('',(#504),#152,.F.);
#9652=ADVANCED_FACE('',(#505),#9325,.F.);
#9653=ADVANCED_FACE('',(#506),#9326,.F.);
#9654=ADVANCED_FACE('',(#507),#153,.T.);
#9655=ADVANCED_FACE('',(#508),#9327,.F.);
#9656=ADVANCED_FACE('',(#509),#154,.T.);
#9657=ADVANCED_FACE('',(#510),#9328,.F.);
#9658=ADVANCED_FACE('',(#511),#155,.T.);
#9659=ADVANCED_FACE('',(#512),#9329,.F.);
#9660=ADVANCED_FACE('',(#513),#156,.T.);
#9661=ADVANCED_FACE('',(#514),#157,.F.);
#9662=ADVANCED_FACE('',(#515),#158,.F.);
#9663=ADVANCED_FACE('',(#516),#159,.F.);
#9664=ADVANCED_FACE('',(#517),#9330,.T.);
#9665=ADVANCED_FACE('',(#518),#9331,.T.);
#9666=ADVANCED_FACE('',(#519),#9332,.F.);
#9667=ADVANCED_FACE('',(#520),#9333,.T.);
#9668=ADVANCED_FACE('',(#521),#9334,.T.);
#9669=ADVANCED_FACE('',(#522),#9335,.F.);
#9670=ADVANCED_FACE('',(#523),#160,.T.);
#9671=ADVANCED_FACE('',(#524),#161,.F.);
#9672=ADVANCED_FACE('',(#525),#162,.F.);
#9673=ADVANCED_FACE('',(#526),#163,.F.);
#9674=ADVANCED_FACE('',(#527),#164,.F.);
#9675=ADVANCED_FACE('',(#528),#165,.F.);
#9676=ADVANCED_FACE('',(#529),#9336,.F.);
#9677=ADVANCED_FACE('',(#530,#48),#166,.T.);
#9678=ADVANCED_FACE('',(#531),#167,.T.);
#9679=ADVANCED_FACE('',(#532),#168,.T.);
#9680=ADVANCED_FACE('',(#533),#169,.T.);
#9681=ADVANCED_FACE('',(#534),#9337,.F.);
#9682=ADVANCED_FACE('',(#535,#49),#170,.T.);
#9683=ADVANCED_FACE('',(#536),#171,.T.);
#9684=ADVANCED_FACE('',(#537),#172,.T.);
#9685=ADVANCED_FACE('',(#538),#173,.T.);
#9686=ADVANCED_FACE('',(#539),#9338,.F.);
#9687=ADVANCED_FACE('',(#540,#50),#174,.T.);
#9688=ADVANCED_FACE('',(#541),#175,.T.);
#9689=ADVANCED_FACE('',(#542),#176,.T.);
#9690=ADVANCED_FACE('',(#543),#177,.T.);
#9691=ADVANCED_FACE('',(#544),#9339,.F.);
#9692=ADVANCED_FACE('',(#545,#51),#178,.T.);
#9693=ADVANCED_FACE('',(#546),#179,.T.);
#9694=ADVANCED_FACE('',(#547),#180,.T.);
#9695=ADVANCED_FACE('',(#548),#181,.T.);
#9696=ADVANCED_FACE('',(#549),#19,.F.);
#9697=ADVANCED_FACE('',(#550,#52,#53),#182,.T.);
#9698=ADVANCED_FACE('',(#551),#20,.F.);
#9699=ADVANCED_FACE('',(#552),#21,.F.);
#9700=ADVANCED_FACE('',(#553),#22,.F.);
#9701=ADVANCED_FACE('',(#554),#23,.F.);
#9702=ADVANCED_FACE('',(#555),#24,.F.);
#9703=ADVANCED_FACE('',(#556),#183,.T.);
#9704=ADVANCED_FACE('',(#557),#184,.T.);
#9705=ADVANCED_FACE('',(#558),#185,.T.);
#9706=ADVANCED_FACE('',(#559),#186,.T.);
#9707=ADVANCED_FACE('',(#560),#187,.T.);
#9708=ADVANCED_FACE('',(#561),#188,.T.);
#9709=ADVANCED_FACE('',(#562),#189,.T.);
#9710=ADVANCED_FACE('',(#563),#190,.T.);
#9711=ADVANCED_FACE('',(#564),#191,.T.);
#9712=ADVANCED_FACE('',(#565),#192,.T.);
#9713=ADVANCED_FACE('',(#566),#193,.T.);
#9714=ADVANCED_FACE('',(#567),#194,.T.);
#9715=ADVANCED_FACE('',(#568),#9340,.F.);
#9716=ADVANCED_FACE('',(#569),#9341,.T.);
#9717=ADVANCED_FACE('',(#570),#195,.T.);
#9718=ADVANCED_FACE('',(#571),#9342,.F.);
#9719=ADVANCED_FACE('',(#572),#196,.T.);
#9720=ADVANCED_FACE('',(#573),#9343,.T.);
#9721=ADVANCED_FACE('',(#574),#197,.T.);
#9722=ADVANCED_FACE('',(#575),#9344,.F.);
#9723=ADVANCED_FACE('',(#576),#198,.T.);
#9724=ADVANCED_FACE('',(#577),#9345,.T.);
#9725=ADVANCED_FACE('',(#578),#199,.T.);
#9726=ADVANCED_FACE('',(#579),#9346,.F.);
#9727=ADVANCED_FACE('',(#580),#200,.T.);
#9728=ADVANCED_FACE('',(#581),#9347,.T.);
#9729=ADVANCED_FACE('',(#582),#201,.T.);
#9730=ADVANCED_FACE('',(#583),#9348,.T.);
#9731=ADVANCED_FACE('',(#584),#202,.T.);
#9732=ADVANCED_FACE('',(#585),#9349,.F.);
#9733=ADVANCED_FACE('',(#586),#203,.T.);
#9734=ADVANCED_FACE('',(#587),#9350,.T.);
#9735=ADVANCED_FACE('',(#588),#204,.T.);
#9736=ADVANCED_FACE('',(#589),#9351,.F.);
#9737=ADVANCED_FACE('',(#590),#205,.T.);
#9738=ADVANCED_FACE('',(#591),#9352,.T.);
#9739=ADVANCED_FACE('',(#592),#206,.T.);
#9740=ADVANCED_FACE('',(#593),#9353,.F.);
#9741=ADVANCED_FACE('',(#594),#207,.T.);
#9742=ADVANCED_FACE('',(#595),#9354,.T.);
#9743=ADVANCED_FACE('',(#596),#208,.T.);
#9744=ADVANCED_FACE('',(#597),#209,.T.);
#9745=ADVANCED_FACE('',(#598),#210,.T.);
#9746=ADVANCED_FACE('',(#599),#9355,.F.);
#9747=ADVANCED_FACE('',(#600),#9356,.T.);
#9748=ADVANCED_FACE('',(#601),#211,.T.);
#9749=ADVANCED_FACE('',(#602),#9357,.F.);
#9750=ADVANCED_FACE('',(#603),#212,.T.);
#9751=ADVANCED_FACE('',(#604),#9358,.T.);
#9752=ADVANCED_FACE('',(#605),#213,.T.);
#9753=ADVANCED_FACE('',(#606),#9359,.F.);
#9754=ADVANCED_FACE('',(#607),#214,.T.);
#9755=ADVANCED_FACE('',(#608),#9360,.T.);
#9756=ADVANCED_FACE('',(#609),#215,.T.);
#9757=ADVANCED_FACE('',(#610),#9361,.F.);
#9758=ADVANCED_FACE('',(#611),#216,.T.);
#9759=ADVANCED_FACE('',(#612),#9362,.T.);
#9760=ADVANCED_FACE('',(#613),#217,.T.);
#9761=ADVANCED_FACE('',(#614),#9363,.T.);
#9762=ADVANCED_FACE('',(#615),#218,.T.);
#9763=ADVANCED_FACE('',(#616),#9364,.F.);
#9764=ADVANCED_FACE('',(#617),#219,.T.);
#9765=ADVANCED_FACE('',(#618),#9365,.T.);
#9766=ADVANCED_FACE('',(#619),#220,.T.);
#9767=ADVANCED_FACE('',(#620),#9366,.F.);
#9768=ADVANCED_FACE('',(#621),#221,.T.);
#9769=ADVANCED_FACE('',(#622),#9367,.T.);
#9770=ADVANCED_FACE('',(#623),#222,.T.);
#9771=ADVANCED_FACE('',(#624),#9368,.F.);
#9772=ADVANCED_FACE('',(#625),#223,.T.);
#9773=ADVANCED_FACE('',(#626),#9369,.T.);
#9774=ADVANCED_FACE('',(#627),#9370,.F.);
#9775=ADVANCED_FACE('',(#628),#224,.T.);
#9776=ADVANCED_FACE('',(#629),#225,.T.);
#9777=ADVANCED_FACE('',(#630),#226,.T.);
#9778=ADVANCED_FACE('',(#631),#9371,.F.);
#9779=ADVANCED_FACE('',(#632),#227,.T.);
#9780=ADVANCED_FACE('',(#633),#9372,.T.);
#9781=ADVANCED_FACE('',(#634),#228,.T.);
#9782=ADVANCED_FACE('',(#635),#9373,.F.);
#9783=ADVANCED_FACE('',(#636),#229,.T.);
#9784=ADVANCED_FACE('',(#637),#9374,.T.);
#9785=ADVANCED_FACE('',(#638),#9375,.F.);
#9786=ADVANCED_FACE('',(#639),#230,.T.);
#9787=ADVANCED_FACE('',(#640),#231,.T.);
#9788=ADVANCED_FACE('',(#641),#9376,.F.);
#9789=ADVANCED_FACE('',(#642),#9377,.T.);
#9790=ADVANCED_FACE('',(#643),#232,.T.);
#9791=ADVANCED_FACE('',(#644),#9378,.F.);
#9792=ADVANCED_FACE('',(#645),#233,.T.);
#9793=ADVANCED_FACE('',(#646),#9379,.T.);
#9794=ADVANCED_FACE('',(#647),#234,.T.);
#9795=ADVANCED_FACE('',(#648),#9380,.F.);
#9796=ADVANCED_FACE('',(#649),#235,.T.);
#9797=ADVANCED_FACE('',(#650),#9381,.T.);
#9798=ADVANCED_FACE('',(#651),#236,.T.);
#9799=ADVANCED_FACE('',(#652),#9382,.F.);
#9800=ADVANCED_FACE('',(#653),#237,.T.);
#9801=ADVANCED_FACE('',(#654),#9383,.T.);
#9802=ADVANCED_FACE('',(#655),#238,.T.);
#9803=ADVANCED_FACE('',(#656),#9384,.T.);
#9804=ADVANCED_FACE('',(#657),#239,.T.);
#9805=ADVANCED_FACE('',(#658),#9385,.F.);
#9806=ADVANCED_FACE('',(#659),#240,.T.);
#9807=ADVANCED_FACE('',(#660),#9386,.T.);
#9808=ADVANCED_FACE('',(#661),#241,.T.);
#9809=ADVANCED_FACE('',(#662),#9387,.F.);
#9810=ADVANCED_FACE('',(#663),#242,.T.);
#9811=ADVANCED_FACE('',(#664),#9388,.T.);
#9812=ADVANCED_FACE('',(#665),#243,.T.);
#9813=ADVANCED_FACE('',(#666),#9389,.F.);
#9814=ADVANCED_FACE('',(#667),#244,.T.);
#9815=ADVANCED_FACE('',(#668),#9390,.T.);
#9816=ADVANCED_FACE('',(#669),#245,.T.);
#9817=ADVANCED_FACE('',(#670),#9391,.T.);
#9818=ADVANCED_FACE('',(#671),#246,.T.);
#9819=ADVANCED_FACE('',(#672),#9392,.F.);
#9820=ADVANCED_FACE('',(#673),#247,.T.);
#9821=ADVANCED_FACE('',(#674),#9393,.T.);
#9822=ADVANCED_FACE('',(#675),#248,.T.);
#9823=ADVANCED_FACE('',(#676),#9394,.F.);
#9824=ADVANCED_FACE('',(#677),#249,.T.);
#9825=ADVANCED_FACE('',(#678),#9395,.T.);
#9826=ADVANCED_FACE('',(#679),#250,.T.);
#9827=ADVANCED_FACE('',(#680),#9396,.F.);
#9828=ADVANCED_FACE('',(#681),#251,.T.);
#9829=ADVANCED_FACE('',(#682),#9397,.T.);
#9830=ADVANCED_FACE('',(#683),#252,.T.);
#9831=ADVANCED_FACE('',(#684),#253,.T.);
#9832=ADVANCED_FACE('',(#685),#254,.T.);
#9833=ADVANCED_FACE('',(#686),#9398,.F.);
#9834=ADVANCED_FACE('',(#687),#9399,.T.);
#9835=ADVANCED_FACE('',(#688),#255,.T.);
#9836=ADVANCED_FACE('',(#689),#9400,.F.);
#9837=ADVANCED_FACE('',(#690),#256,.T.);
#9838=ADVANCED_FACE('',(#691),#9401,.T.);
#9839=ADVANCED_FACE('',(#692),#257,.T.);
#9840=ADVANCED_FACE('',(#693),#258,.T.);
#9841=ADVANCED_FACE('',(#694),#259,.T.);
#9842=ADVANCED_FACE('',(#695),#260,.T.);
#9843=ADVANCED_FACE('',(#696,#54),#261,.T.);
#9844=ADVANCED_FACE('',(#697),#9402,.T.);
#9845=ADVANCED_FACE('',(#698),#262,.T.);
#9846=ADVANCED_FACE('',(#699),#9403,.F.);
#9847=ADVANCED_FACE('',(#700),#263,.T.);
#9848=ADVANCED_FACE('',(#701),#9404,.T.);
#9849=ADVANCED_FACE('',(#702),#264,.T.);
#9850=ADVANCED_FACE('',(#703),#9405,.F.);
#9851=ADVANCED_FACE('',(#704),#265,.T.);
#9852=ADVANCED_FACE('',(#705),#9406,.T.);
#9853=ADVANCED_FACE('',(#706),#266,.T.);
#9854=ADVANCED_FACE('',(#707),#9407,.F.);
#9855=ADVANCED_FACE('',(#708),#267,.T.);
#9856=ADVANCED_FACE('',(#709),#9408,.T.);
#9857=ADVANCED_FACE('',(#710),#9409,.F.);
#9858=ADVANCED_FACE('',(#711),#268,.T.);
#9859=ADVANCED_FACE('',(#712),#9410,.F.);
#9860=ADVANCED_FACE('',(#713),#9411,.T.);
#9861=ADVANCED_FACE('',(#714),#269,.T.);
#9862=ADVANCED_FACE('',(#715),#9412,.F.);
#9863=ADVANCED_FACE('',(#716),#270,.T.);
#9864=ADVANCED_FACE('',(#717),#9413,.T.);
#9865=ADVANCED_FACE('',(#718),#271,.T.);
#9866=ADVANCED_FACE('',(#719),#9414,.F.);
#9867=ADVANCED_FACE('',(#720),#272,.T.);
#9868=ADVANCED_FACE('',(#721),#9415,.T.);
#9869=ADVANCED_FACE('',(#722),#273,.T.);
#9870=ADVANCED_FACE('',(#723),#9416,.F.);
#9871=ADVANCED_FACE('',(#724),#274,.T.);
#9872=ADVANCED_FACE('',(#725),#9417,.T.);
#9873=ADVANCED_FACE('',(#726,#55,#56),#275,.T.);
#9874=ADVANCED_FACE('',(#727),#9418,.T.);
#9875=ADVANCED_FACE('',(#728),#276,.T.);
#9876=ADVANCED_FACE('',(#729),#9419,.F.);
#9877=ADVANCED_FACE('',(#730),#277,.T.);
#9878=ADVANCED_FACE('',(#731),#9420,.T.);
#9879=ADVANCED_FACE('',(#732),#278,.T.);
#9880=ADVANCED_FACE('',(#733),#9421,.F.);
#9881=ADVANCED_FACE('',(#734),#279,.T.);
#9882=ADVANCED_FACE('',(#735),#9422,.T.);
#9883=ADVANCED_FACE('',(#736),#280,.T.);
#9884=ADVANCED_FACE('',(#737),#9423,.F.);
#9885=ADVANCED_FACE('',(#738),#281,.T.);
#9886=ADVANCED_FACE('',(#739),#9424,.T.);
#9887=ADVANCED_FACE('',(#740),#9425,.F.);
#9888=ADVANCED_FACE('',(#741),#282,.T.);
#9889=ADVANCED_FACE('',(#742),#283,.T.);
#9890=ADVANCED_FACE('',(#743),#9426,.F.);
#9891=ADVANCED_FACE('',(#744),#9427,.T.);
#9892=ADVANCED_FACE('',(#745),#284,.T.);
#9893=ADVANCED_FACE('',(#746),#9428,.F.);
#9894=ADVANCED_FACE('',(#747),#285,.T.);
#9895=ADVANCED_FACE('',(#748),#9429,.T.);
#9896=ADVANCED_FACE('',(#749),#286,.T.);
#9897=ADVANCED_FACE('',(#750),#9430,.F.);
#9898=ADVANCED_FACE('',(#751),#287,.T.);
#9899=ADVANCED_FACE('',(#752),#9431,.T.);
#9900=ADVANCED_FACE('',(#753),#288,.T.);
#9901=ADVANCED_FACE('',(#754),#9432,.F.);
#9902=ADVANCED_FACE('',(#755),#289,.T.);
#9903=ADVANCED_FACE('',(#756),#9433,.T.);
#9904=ADVANCED_FACE('',(#757,#57),#290,.T.);
#9905=ADVANCED_FACE('',(#758),#9434,.T.);
#9906=ADVANCED_FACE('',(#759),#291,.T.);
#9907=ADVANCED_FACE('',(#760),#9435,.F.);
#9908=ADVANCED_FACE('',(#761),#292,.T.);
#9909=ADVANCED_FACE('',(#762),#9436,.T.);
#9910=ADVANCED_FACE('',(#763),#293,.T.);
#9911=ADVANCED_FACE('',(#764),#9437,.F.);
#9912=ADVANCED_FACE('',(#765),#294,.T.);
#9913=ADVANCED_FACE('',(#766),#9438,.T.);
#9914=ADVANCED_FACE('',(#767),#295,.T.);
#9915=ADVANCED_FACE('',(#768),#9439,.F.);
#9916=ADVANCED_FACE('',(#769),#296,.T.);
#9917=ADVANCED_FACE('',(#770),#9440,.T.);
#9918=ADVANCED_FACE('',(#771),#9441,.F.);
#9919=ADVANCED_FACE('',(#772),#297,.T.);
#9920=ADVANCED_FACE('',(#773),#298,.T.);
#9921=ADVANCED_FACE('',(#774),#9442,.F.);
#9922=ADVANCED_FACE('',(#775),#9443,.T.);
#9923=ADVANCED_FACE('',(#776),#299,.T.);
#9924=ADVANCED_FACE('',(#777),#9444,.F.);
#9925=ADVANCED_FACE('',(#778),#300,.T.);
#9926=ADVANCED_FACE('',(#779),#9445,.T.);
#9927=ADVANCED_FACE('',(#780),#301,.T.);
#9928=ADVANCED_FACE('',(#781),#9446,.F.);
#9929=ADVANCED_FACE('',(#782),#302,.T.);
#9930=ADVANCED_FACE('',(#783),#9447,.T.);
#9931=ADVANCED_FACE('',(#784),#303,.T.);
#9932=ADVANCED_FACE('',(#785),#9448,.F.);
#9933=ADVANCED_FACE('',(#786),#304,.T.);
#9934=ADVANCED_FACE('',(#787),#9449,.T.);
#9935=ADVANCED_FACE('',(#788),#9450,.T.);
#9936=ADVANCED_FACE('',(#789),#305,.T.);
#9937=ADVANCED_FACE('',(#790),#9451,.F.);
#9938=ADVANCED_FACE('',(#791),#306,.T.);
#9939=ADVANCED_FACE('',(#792),#9452,.T.);
#9940=ADVANCED_FACE('',(#793),#307,.T.);
#9941=ADVANCED_FACE('',(#794),#9453,.F.);
#9942=ADVANCED_FACE('',(#795),#308,.T.);
#9943=ADVANCED_FACE('',(#796),#9454,.T.);
#9944=ADVANCED_FACE('',(#797),#309,.T.);
#9945=ADVANCED_FACE('',(#798),#9455,.F.);
#9946=ADVANCED_FACE('',(#799),#310,.T.);
#9947=ADVANCED_FACE('',(#800),#9456,.T.);
#9948=ADVANCED_FACE('',(#801),#9457,.F.);
#9949=ADVANCED_FACE('',(#802),#311,.T.);
#9950=ADVANCED_FACE('',(#803),#9458,.F.);
#9951=ADVANCED_FACE('',(#804),#9459,.T.);
#9952=ADVANCED_FACE('',(#805),#312,.T.);
#9953=ADVANCED_FACE('',(#806),#9460,.F.);
#9954=ADVANCED_FACE('',(#807),#313,.T.);
#9955=ADVANCED_FACE('',(#808),#9461,.T.);
#9956=ADVANCED_FACE('',(#809),#314,.T.);
#9957=ADVANCED_FACE('',(#810),#9462,.F.);
#9958=ADVANCED_FACE('',(#811),#315,.T.);
#9959=ADVANCED_FACE('',(#812),#9463,.T.);
#9960=ADVANCED_FACE('',(#813),#316,.T.);
#9961=ADVANCED_FACE('',(#814),#9464,.F.);
#9962=ADVANCED_FACE('',(#815),#317,.T.);
#9963=ADVANCED_FACE('',(#816),#9465,.T.);
#9964=ADVANCED_FACE('',(#817,#58,#59,#60,#61,#62,#63,#64,#65,#66,#67,#68,
#69,#70,#71,#72),#318,.T.);
#9965=CLOSED_SHELL('',(#9466,#9467,#9468,#9469,#9470,#9471,#9472,#9473,
#9474,#9475,#9476,#9477,#9478,#9479,#9480,#9481,#9482,#9483,#9484,#9485,
#9486,#9487,#9488,#9489,#9490,#9491,#9492,#9493,#9494,#9495,#9496,#9497,
#9498,#9499,#9500,#9501,#9502,#9503,#9504,#9505,#9506,#9507,#9508,#9509,
#9510,#9511,#9512,#9513,#9514,#9515,#9516,#9517,#9518,#9519,#9520,#9521,
#9522,#9523,#9524,#9525,#9526,#9527,#9528,#9529,#9530,#9531,#9532,#9533,
#9534,#9535,#9536,#9537,#9538,#9539,#9540,#9541,#9542,#9543,#9544,#9545,
#9546,#9547,#9548,#9549,#9550,#9551,#9552,#9553,#9554,#9555,#9556,#9557,
#9558,#9559,#9560,#9561,#9562,#9563,#9564,#9565,#9566,#9567,#9568,#9569,
#9570,#9571,#9572,#9573,#9574,#9575,#9576,#9577,#9578,#9579,#9580,#9581,
#9582,#9583,#9584,#9585,#9586,#9587,#9588,#9589,#9590,#9591,#9592,#9593,
#9594,#9595,#9596,#9597,#9598,#9599,#9600,#9601,#9602,#9603,#9604,#9605,
#9606,#9607,#9608,#9609,#9610,#9611,#9612,#9613,#9614,#9615,#9616,#9617,
#9618,#9619,#9620,#9621,#9622,#9623,#9624,#9625,#9626,#9627,#9628,#9629,
#9630,#9631,#9632,#9633,#9634,#9635,#9636,#9637,#9638,#9639,#9640,#9641,
#9642,#9643,#9644,#9645,#9646,#9647,#9648,#9649,#9650,#9651,#9652,#9653,
#9654,#9655,#9656,#9657,#9658,#9659,#9660,#9661,#9662,#9663,#9664,#9665,
#9666,#9667,#9668,#9669,#9670,#9671,#9672,#9673,#9674,#9675,#9676,#9677,
#9678,#9679,#9680,#9681,#9682,#9683,#9684,#9685,#9686,#9687,#9688,#9689,
#9690,#9691,#9692,#9693,#9694,#9695,#9696,#9697,#9698,#9699,#9700,#9701,
#9702,#9703,#9704,#9705,#9706,#9707,#9708,#9709,#9710,#9711,#9712,#9713,
#9714,#9715,#9716,#9717,#9718,#9719,#9720,#9721,#9722,#9723,#9724,#9725,
#9726,#9727,#9728,#9729,#9730,#9731,#9732,#9733,#9734,#9735,#9736,#9737,
#9738,#9739,#9740,#9741,#9742,#9743,#9744,#9745,#9746,#9747,#9748,#9749,
#9750,#9751,#9752,#9753,#9754,#9755,#9756,#9757,#9758,#9759,#9760,#9761,
#9762,#9763,#9764,#9765,#9766,#9767,#9768,#9769,#9770,#9771,#9772,#9773,
#9774,#9775,#9776,#9777,#9778,#9779,#9780,#9781,#9782,#9783,#9784,#9785,
#9786,#9787,#9788,#9789,#9790,#9791,#9792,#9793,#9794,#9795,#9796,#9797,
#9798,#9799,#9800,#9801,#9802,#9803,#9804,#9805,#9806,#9807,#9808,#9809,
#9810,#9811,#9812,#9813,#9814,#9815,#9816,#9817,#9818,#9819,#9820,#9821,
#9822,#9823,#9824,#9825,#9826,#9827,#9828,#9829,#9830,#9831,#9832,#9833,
#9834,#9835,#9836,#9837,#9838,#9839,#9840,#9841,#9842,#9843,#9844,#9845,
#9846,#9847,#9848,#9849,#9850,#9851,#9852,#9853,#9854,#9855,#9856,#9857,
#9858,#9859,#9860,#9861,#9862,#9863,#9864,#9865,#9866,#9867,#9868,#9869,
#9870,#9871,#9872,#9873,#9874,#9875,#9876,#9877,#9878,#9879,#9880,#9881,
#9882,#9883,#9884,#9885,#9886,#9887,#9888,#9889,#9890,#9891,#9892,#9893,
#9894,#9895,#9896,#9897,#9898,#9899,#9900,#9901,#9902,#9903,#9904,#9905,
#9906,#9907,#9908,#9909,#9910,#9911,#9912,#9913,#9914,#9915,#9916,#9917,
#9918,#9919,#9920,#9921,#9922,#9923,#9924,#9925,#9926,#9927,#9928,#9929,
#9930,#9931,#9932,#9933,#9934,#9935,#9936,#9937,#9938,#9939,#9940,#9941,
#9942,#9943,#9944,#9945,#9946,#9947,#9948,#9949,#9950,#9951,#9952,#9953,
#9954,#9955,#9956,#9957,#9958,#9959,#9960,#9961,#9962,#9963,#9964));
#9966=DERIVED_UNIT_ELEMENT(#9968,1.);
#9967=DERIVED_UNIT_ELEMENT(#16961,-3.);
#9968=(
MASS_UNIT()
NAMED_UNIT(*)
SI_UNIT(.KILO.,.GRAM.)
);
#9969=DERIVED_UNIT((#9966,#9967));
#9970=MEASURE_REPRESENTATION_ITEM('density measure',
POSITIVE_RATIO_MEASURE(7850.),#9969);
#9971=PROPERTY_DEFINITION_REPRESENTATION(#9976,#9973);
#9972=PROPERTY_DEFINITION_REPRESENTATION(#9977,#9974);
#9973=REPRESENTATION('material name',(#9975),#16958);
#9974=REPRESENTATION('density',(#9970),#16958);
#9975=DESCRIPTIVE_REPRESENTATION_ITEM('Steel','Steel');
#9976=PROPERTY_DEFINITION('material property','material name',#16973);
#9977=PROPERTY_DEFINITION('material property','density of part',#16973);
#9978=AXIS2_PLACEMENT_3D('',#13969,#10985,#10986);
#9979=AXIS2_PLACEMENT_3D('',#13970,#10987,#10988);
#9980=AXIS2_PLACEMENT_3D('',#13971,#10989,#10990);
#9981=AXIS2_PLACEMENT_3D('',#13974,#10991,#10992);
#9982=AXIS2_PLACEMENT_3D('',#13978,#10994,#10995);
#9983=AXIS2_PLACEMENT_3D('',#13980,#10997,#10998);
#9984=AXIS2_PLACEMENT_3D('',#13986,#11002,#11003);
#9985=AXIS2_PLACEMENT_3D('',#13990,#11005,#11006);
#9986=AXIS2_PLACEMENT_3D('',#13992,#11007,#11008);
#9987=AXIS2_PLACEMENT_3D('',#13996,#11010,#11011);
#9988=AXIS2_PLACEMENT_3D('',#13998,#11012,#11013);
#9989=AXIS2_PLACEMENT_3D('',#14002,#11015,#11016);
#9990=AXIS2_PLACEMENT_3D('',#14006,#11018,#11019);
#9991=AXIS2_PLACEMENT_3D('',#14010,#11021,#11022);
#9992=AXIS2_PLACEMENT_3D('',#14014,#11024,#11025);
#9993=AXIS2_PLACEMENT_3D('',#14018,#11027,#11028);
#9994=AXIS2_PLACEMENT_3D('',#14022,#11030,#11031);
#9995=AXIS2_PLACEMENT_3D('',#14026,#11033,#11034);
#9996=AXIS2_PLACEMENT_3D('',#14030,#11036,#11037);
#9997=AXIS2_PLACEMENT_3D('',#14034,#11039,#11040);
#9998=AXIS2_PLACEMENT_3D('',#14038,#11042,#11043);
#9999=AXIS2_PLACEMENT_3D('',#14042,#11045,#11046);
#10000=AXIS2_PLACEMENT_3D('',#14046,#11048,#11049);
#10001=AXIS2_PLACEMENT_3D('',#14050,#11051,#11052);
#10002=AXIS2_PLACEMENT_3D('',#14052,#11053,#11054);
#10003=AXIS2_PLACEMENT_3D('',#14056,#11056,#11057);
#10004=AXIS2_PLACEMENT_3D('',#14058,#11058,#11059);
#10005=AXIS2_PLACEMENT_3D('',#14062,#11061,#11062);
#10006=AXIS2_PLACEMENT_3D('',#14066,#11064,#11065);
#10007=AXIS2_PLACEMENT_3D('',#14068,#11066,#11067);
#10008=AXIS2_PLACEMENT_3D('',#14072,#11069,#11070);
#10009=AXIS2_PLACEMENT_3D('',#14074,#11071,#11072);
#10010=AXIS2_PLACEMENT_3D('',#14078,#11074,#11075);
#10011=AXIS2_PLACEMENT_3D('',#14082,#11077,#11078);
#10012=AXIS2_PLACEMENT_3D('',#14086,#11080,#11081);
#10013=AXIS2_PLACEMENT_3D('',#14090,#11083,#11084);
#10014=AXIS2_PLACEMENT_3D('',#14094,#11086,#11087);
#10015=AXIS2_PLACEMENT_3D('',#14098,#11089,#11090);
#10016=AXIS2_PLACEMENT_3D('',#14102,#11092,#11093);
#10017=AXIS2_PLACEMENT_3D('',#14106,#11095,#11096);
#10018=AXIS2_PLACEMENT_3D('',#14110,#11098,#11099);
#10019=AXIS2_PLACEMENT_3D('',#14114,#11101,#11102);
#10020=AXIS2_PLACEMENT_3D('',#14118,#11104,#11105);
#10021=AXIS2_PLACEMENT_3D('',#14122,#11107,#11108);
#10022=AXIS2_PLACEMENT_3D('',#14126,#11110,#11111);
#10023=AXIS2_PLACEMENT_3D('',#14128,#11112,#11113);
#10024=AXIS2_PLACEMENT_3D('',#14132,#11115,#11116);
#10025=AXIS2_PLACEMENT_3D('',#14134,#11117,#11118);
#10026=AXIS2_PLACEMENT_3D('',#14138,#11120,#11121);
#10027=AXIS2_PLACEMENT_3D('',#14142,#11123,#11124);
#10028=AXIS2_PLACEMENT_3D('',#14144,#11125,#11126);
#10029=AXIS2_PLACEMENT_3D('',#14148,#11128,#11129);
#10030=AXIS2_PLACEMENT_3D('',#14150,#11130,#11131);
#10031=AXIS2_PLACEMENT_3D('',#14154,#11133,#11134);
#10032=AXIS2_PLACEMENT_3D('',#14158,#11136,#11137);
#10033=AXIS2_PLACEMENT_3D('',#14162,#11139,#11140);
#10034=AXIS2_PLACEMENT_3D('',#14166,#11142,#11143);
#10035=AXIS2_PLACEMENT_3D('',#14170,#11145,#11146);
#10036=AXIS2_PLACEMENT_3D('',#14174,#11148,#11149);
#10037=AXIS2_PLACEMENT_3D('',#14178,#11151,#11152);
#10038=AXIS2_PLACEMENT_3D('',#14182,#11154,#11155);
#10039=AXIS2_PLACEMENT_3D('',#14186,#11157,#11158);
#10040=AXIS2_PLACEMENT_3D('',#14190,#11160,#11161);
#10041=AXIS2_PLACEMENT_3D('',#14194,#11163,#11164);
#10042=AXIS2_PLACEMENT_3D('',#14198,#11166,#11167);
#10043=AXIS2_PLACEMENT_3D('',#14202,#11169,#11170);
#10044=AXIS2_PLACEMENT_3D('',#14204,#11171,#11172);
#10045=AXIS2_PLACEMENT_3D('',#14208,#11174,#11175);
#10046=AXIS2_PLACEMENT_3D('',#14210,#11176,#11177);
#10047=AXIS2_PLACEMENT_3D('',#14214,#11179,#11180);
#10048=AXIS2_PLACEMENT_3D('',#14218,#11182,#11183);
#10049=AXIS2_PLACEMENT_3D('',#14220,#11184,#11185);
#10050=AXIS2_PLACEMENT_3D('',#14224,#11187,#11188);
#10051=AXIS2_PLACEMENT_3D('',#14226,#11189,#11190);
#10052=AXIS2_PLACEMENT_3D('',#14230,#11192,#11193);
#10053=AXIS2_PLACEMENT_3D('',#14234,#11195,#11196);
#10054=AXIS2_PLACEMENT_3D('',#14238,#11198,#11199);
#10055=AXIS2_PLACEMENT_3D('',#14242,#11201,#11202);
#10056=AXIS2_PLACEMENT_3D('',#14246,#11204,#11205);
#10057=AXIS2_PLACEMENT_3D('',#14250,#11207,#11208);
#10058=AXIS2_PLACEMENT_3D('',#14254,#11210,#11211);
#10059=AXIS2_PLACEMENT_3D('',#14258,#11213,#11214);
#10060=AXIS2_PLACEMENT_3D('',#14262,#11216,#11217);
#10061=AXIS2_PLACEMENT_3D('',#14266,#11219,#11220);
#10062=AXIS2_PLACEMENT_3D('',#14270,#11222,#11223);
#10063=AXIS2_PLACEMENT_3D('',#14274,#11225,#11226);
#10064=AXIS2_PLACEMENT_3D('',#14278,#11228,#11229);
#10065=AXIS2_PLACEMENT_3D('',#14280,#11230,#11231);
#10066=AXIS2_PLACEMENT_3D('',#14284,#11233,#11234);
#10067=AXIS2_PLACEMENT_3D('',#14285,#11235,#11236);
#10068=AXIS2_PLACEMENT_3D('',#14290,#11238,#11239);
#10069=AXIS2_PLACEMENT_3D('',#14300,#11244,#11245);
#10070=AXIS2_PLACEMENT_3D('',#14302,#11246,#11247);
#10071=AXIS2_PLACEMENT_3D('',#14304,#11248,#11249);
#10072=AXIS2_PLACEMENT_3D('',#14306,#11250,#11251);
#10073=AXIS2_PLACEMENT_3D('',#14307,#11252,#11253);
#10074=AXIS2_PLACEMENT_3D('',#14310,#11254,#11255);
#10075=AXIS2_PLACEMENT_3D('',#14314,#11257,#11258);
#10076=AXIS2_PLACEMENT_3D('',#14318,#11260,#11261);
#10077=AXIS2_PLACEMENT_3D('',#14322,#11263,#11264);
#10078=AXIS2_PLACEMENT_3D('',#14326,#11266,#11267);
#10079=AXIS2_PLACEMENT_3D('',#14330,#11269,#11270);
#10080=AXIS2_PLACEMENT_3D('',#14334,#11272,#11273);
#10081=AXIS2_PLACEMENT_3D('',#14338,#11275,#11276);
#10082=AXIS2_PLACEMENT_3D('',#14342,#11278,#11279);
#10083=AXIS2_PLACEMENT_3D('',#14346,#11281,#11282);
#10084=AXIS2_PLACEMENT_3D('',#14350,#11284,#11285);
#10085=AXIS2_PLACEMENT_3D('',#14356,#11288,#11289);
#10086=AXIS2_PLACEMENT_3D('',#14360,#11291,#11292);
#10087=AXIS2_PLACEMENT_3D('',#14364,#11294,#11295);
#10088=AXIS2_PLACEMENT_3D('',#14368,#11297,#11298);
#10089=AXIS2_PLACEMENT_3D('',#14372,#11300,#11301);
#10090=AXIS2_PLACEMENT_3D('',#14374,#11302,#11303);
#10091=AXIS2_PLACEMENT_3D('',#14378,#11305,#11306);
#10092=AXIS2_PLACEMENT_3D('',#14382,#11308,#11309);
#10093=AXIS2_PLACEMENT_3D('',#14386,#11311,#11312);
#10094=AXIS2_PLACEMENT_3D('',#14388,#11313,#11314);
#10095=AXIS2_PLACEMENT_3D('',#14392,#11316,#11317);
#10096=AXIS2_PLACEMENT_3D('',#14396,#11319,#11320);
#10097=AXIS2_PLACEMENT_3D('',#14400,#11322,#11323);
#10098=AXIS2_PLACEMENT_3D('',#14402,#11324,#11325);
#10099=AXIS2_PLACEMENT_3D('',#14406,#11327,#11328);
#10100=AXIS2_PLACEMENT_3D('',#14410,#11330,#11331);
#10101=AXIS2_PLACEMENT_3D('',#14414,#11333,#11334);
#10102=AXIS2_PLACEMENT_3D('',#14418,#11336,#11337);
#10103=AXIS2_PLACEMENT_3D('',#14422,#11339,#11340);
#10104=AXIS2_PLACEMENT_3D('',#14426,#11342,#11343);
#10105=AXIS2_PLACEMENT_3D('',#14430,#11345,#11346);
#10106=AXIS2_PLACEMENT_3D('',#14432,#11347,#11348);
#10107=AXIS2_PLACEMENT_3D('',#14434,#11349,#11350);
#10108=AXIS2_PLACEMENT_3D('',#14436,#11351,#11352);
#10109=AXIS2_PLACEMENT_3D('',#14440,#11354,#11355);
#10110=AXIS2_PLACEMENT_3D('',#14444,#11357,#11358);
#10111=AXIS2_PLACEMENT_3D('',#14448,#11360,#11361);
#10112=AXIS2_PLACEMENT_3D('',#14452,#11363,#11364);
#10113=AXIS2_PLACEMENT_3D('',#14454,#11365,#11366);
#10114=AXIS2_PLACEMENT_3D('',#14458,#11368,#11369);
#10115=AXIS2_PLACEMENT_3D('',#14462,#11371,#11372);
#10116=AXIS2_PLACEMENT_3D('',#14464,#11373,#11374);
#10117=AXIS2_PLACEMENT_3D('',#14468,#11376,#11377);
#10118=AXIS2_PLACEMENT_3D('',#14472,#11379,#11380);
#10119=AXIS2_PLACEMENT_3D('',#14476,#11382,#11383);
#10120=AXIS2_PLACEMENT_3D('',#14480,#11385,#11386);
#10121=AXIS2_PLACEMENT_3D('',#14484,#11388,#11389);
#10122=AXIS2_PLACEMENT_3D('',#14488,#11391,#11392);
#10123=AXIS2_PLACEMENT_3D('',#14491,#11394,#11395);
#10124=AXIS2_PLACEMENT_3D('',#14494,#11396,#11397);
#10125=AXIS2_PLACEMENT_3D('',#14496,#11398,#11399);
#10126=AXIS2_PLACEMENT_3D('',#14500,#11401,#11402);
#10127=AXIS2_PLACEMENT_3D('',#14504,#11404,#11405);
#10128=AXIS2_PLACEMENT_3D('',#14508,#11407,#11408);
#10129=AXIS2_PLACEMENT_3D('',#14512,#11410,#11411);
#10130=AXIS2_PLACEMENT_3D('',#14516,#11413,#11414);
#10131=AXIS2_PLACEMENT_3D('',#14520,#11416,#11417);
#10132=AXIS2_PLACEMENT_3D('',#14524,#11419,#11420);
#10133=AXIS2_PLACEMENT_3D('',#14526,#11421,#11422);
#10134=AXIS2_PLACEMENT_3D('',#14530,#11424,#11425);
#10135=AXIS2_PLACEMENT_3D('',#14534,#11427,#11428);
#10136=AXIS2_PLACEMENT_3D('',#14536,#11429,#11430);
#10137=AXIS2_PLACEMENT_3D('',#14540,#11432,#11433);
#10138=AXIS2_PLACEMENT_3D('',#14544,#11435,#11436);
#10139=AXIS2_PLACEMENT_3D('',#14548,#11438,#11439);
#10140=AXIS2_PLACEMENT_3D('',#14552,#11441,#11442);
#10141=AXIS2_PLACEMENT_3D('',#14554,#11443,#11444);
#10142=AXIS2_PLACEMENT_3D('',#14558,#11446,#11447);
#10143=AXIS2_PLACEMENT_3D('',#14560,#11448,#11449);
#10144=AXIS2_PLACEMENT_3D('',#14562,#11450,#11451);
#10145=AXIS2_PLACEMENT_3D('',#14566,#11453,#11454);
#10146=AXIS2_PLACEMENT_3D('',#14570,#11456,#11457);
#10147=AXIS2_PLACEMENT_3D('',#14574,#11459,#11460);
#10148=AXIS2_PLACEMENT_3D('',#14578,#11462,#11463);
#10149=AXIS2_PLACEMENT_3D('',#14582,#11465,#11466);
#10150=AXIS2_PLACEMENT_3D('',#14586,#11468,#11469);
#10151=AXIS2_PLACEMENT_3D('',#14589,#11471,#11472);
#10152=AXIS2_PLACEMENT_3D('',#14592,#11473,#11474);
#10153=AXIS2_PLACEMENT_3D('',#14596,#11476,#11477);
#10154=AXIS2_PLACEMENT_3D('',#14600,#11479,#11480);
#10155=AXIS2_PLACEMENT_3D('',#14604,#11482,#11483);
#10156=AXIS2_PLACEMENT_3D('',#14608,#11485,#11486);
#10157=AXIS2_PLACEMENT_3D('',#14610,#11487,#11488);
#10158=AXIS2_PLACEMENT_3D('',#14614,#11490,#11491);
#10159=AXIS2_PLACEMENT_3D('',#14618,#11493,#11494);
#10160=AXIS2_PLACEMENT_3D('',#14622,#11496,#11497);
#10161=AXIS2_PLACEMENT_3D('',#14626,#11499,#11500);
#10162=AXIS2_PLACEMENT_3D('',#14630,#11502,#11503);
#10163=AXIS2_PLACEMENT_3D('',#14634,#11505,#11506);
#10164=AXIS2_PLACEMENT_3D('',#14638,#11508,#11509);
#10165=AXIS2_PLACEMENT_3D('',#14640,#11510,#11511);
#10166=AXIS2_PLACEMENT_3D('',#14644,#11513,#11514);
#10167=AXIS2_PLACEMENT_3D('',#14648,#11516,#11517);
#10168=AXIS2_PLACEMENT_3D('',#14650,#11518,#11519);
#10169=AXIS2_PLACEMENT_3D('',#14654,#11521,#11522);
#10170=AXIS2_PLACEMENT_3D('',#14658,#11524,#11525);
#10171=AXIS2_PLACEMENT_3D('',#14662,#11527,#11528);
#10172=AXIS2_PLACEMENT_3D('',#14666,#11530,#11531);
#10173=AXIS2_PLACEMENT_3D('',#14670,#11533,#11534);
#10174=AXIS2_PLACEMENT_3D('',#14672,#11535,#11536);
#10175=AXIS2_PLACEMENT_3D('',#14674,#11537,#11538);
#10176=AXIS2_PLACEMENT_3D('',#14678,#11540,#11541);
#10177=AXIS2_PLACEMENT_3D('',#14682,#11543,#11544);
#10178=AXIS2_PLACEMENT_3D('',#14686,#11546,#11547);
#10179=AXIS2_PLACEMENT_3D('',#14690,#11549,#11550);
#10180=AXIS2_PLACEMENT_3D('',#14694,#11552,#11553);
#10181=AXIS2_PLACEMENT_3D('',#14698,#11555,#11556);
#10182=AXIS2_PLACEMENT_3D('',#14701,#11558,#11559);
#10183=AXIS2_PLACEMENT_3D('',#14704,#11560,#11561);
#10184=AXIS2_PLACEMENT_3D('',#14706,#11562,#11563);
#10185=AXIS2_PLACEMENT_3D('',#14710,#11565,#11566);
#10186=AXIS2_PLACEMENT_3D('',#14714,#11568,#11569);
#10187=AXIS2_PLACEMENT_3D('',#14718,#11571,#11572);
#10188=AXIS2_PLACEMENT_3D('',#14722,#11574,#11575);
#10189=AXIS2_PLACEMENT_3D('',#14726,#11577,#11578);
#10190=AXIS2_PLACEMENT_3D('',#14730,#11580,#11581);
#10191=AXIS2_PLACEMENT_3D('',#14734,#11583,#11584);
#10192=AXIS2_PLACEMENT_3D('',#14736,#11585,#11586);
#10193=AXIS2_PLACEMENT_3D('',#14738,#11587,#11588);
#10194=AXIS2_PLACEMENT_3D('',#14740,#11589,#11590);
#10195=AXIS2_PLACEMENT_3D('',#14744,#11592,#11593);
#10196=AXIS2_PLACEMENT_3D('',#14748,#11595,#11596);
#10197=AXIS2_PLACEMENT_3D('',#14752,#11598,#11599);
#10198=AXIS2_PLACEMENT_3D('',#14756,#11601,#11602);
#10199=AXIS2_PLACEMENT_3D('',#14758,#11603,#11604);
#10200=AXIS2_PLACEMENT_3D('',#14762,#11606,#11607);
#10201=AXIS2_PLACEMENT_3D('',#14766,#11609,#11610);
#10202=AXIS2_PLACEMENT_3D('',#14768,#11611,#11612);
#10203=AXIS2_PLACEMENT_3D('',#14772,#11614,#11615);
#10204=AXIS2_PLACEMENT_3D('',#14776,#11617,#11618);
#10205=AXIS2_PLACEMENT_3D('',#14780,#11620,#11621);
#10206=AXIS2_PLACEMENT_3D('',#14784,#11623,#11624);
#10207=AXIS2_PLACEMENT_3D('',#14788,#11626,#11627);
#10208=AXIS2_PLACEMENT_3D('',#14792,#11629,#11630);
#10209=AXIS2_PLACEMENT_3D('',#14795,#11632,#11633);
#10210=AXIS2_PLACEMENT_3D('',#14798,#11634,#11635);
#10211=AXIS2_PLACEMENT_3D('',#14802,#11637,#11638);
#10212=AXIS2_PLACEMENT_3D('',#14806,#11640,#11641);
#10213=AXIS2_PLACEMENT_3D('',#14810,#11643,#11644);
#10214=AXIS2_PLACEMENT_3D('',#14812,#11645,#11646);
#10215=AXIS2_PLACEMENT_3D('',#14816,#11648,#11649);
#10216=AXIS2_PLACEMENT_3D('',#14820,#11651,#11652);
#10217=AXIS2_PLACEMENT_3D('',#14823,#11654,#11655);
#10218=AXIS2_PLACEMENT_3D('',#14826,#11656,#11657);
#10219=AXIS2_PLACEMENT_3D('',#14830,#11659,#11660);
#10220=AXIS2_PLACEMENT_3D('',#14834,#11662,#11663);
#10221=AXIS2_PLACEMENT_3D('',#14838,#11665,#11666);
#10222=AXIS2_PLACEMENT_3D('',#14841,#11668,#11669);
#10223=AXIS2_PLACEMENT_3D('',#14843,#11670,#11671);
#10224=AXIS2_PLACEMENT_3D('',#14845,#11672,#11673);
#10225=AXIS2_PLACEMENT_3D('',#14847,#11674,#11675);
#10226=AXIS2_PLACEMENT_3D('',#14848,#11676,#11677);
#10227=AXIS2_PLACEMENT_3D('',#14851,#11679,#11680);
#10228=AXIS2_PLACEMENT_3D('',#14852,#11681,#11682);
#10229=AXIS2_PLACEMENT_3D('',#14855,#11684,#11685);
#10230=AXIS2_PLACEMENT_3D('',#14856,#11686,#11687);
#10231=AXIS2_PLACEMENT_3D('',#14860,#11689,#11690);
#10232=AXIS2_PLACEMENT_3D('',#14862,#11692,#11693);
#10233=AXIS2_PLACEMENT_3D('',#14865,#11695,#11696);
#10234=AXIS2_PLACEMENT_3D('',#14866,#11697,#11698);
#10235=AXIS2_PLACEMENT_3D('',#14869,#11699,#11700);
#10236=AXIS2_PLACEMENT_3D('',#14872,#11703,#11704);
#10237=AXIS2_PLACEMENT_3D('',#14874,#11706,#11707);
#10238=AXIS2_PLACEMENT_3D('',#14878,#11709,#11710);
#10239=AXIS2_PLACEMENT_3D('',#14880,#11712,#11713);
#10240=AXIS2_PLACEMENT_3D('',#14883,#11715,#11716);
#10241=AXIS2_PLACEMENT_3D('',#14884,#11717,#11718);
#10242=AXIS2_PLACEMENT_3D('',#14887,#11719,#11720);
#10243=AXIS2_PLACEMENT_3D('',#14890,#11723,#11724);
#10244=AXIS2_PLACEMENT_3D('',#14894,#11727,#11728);
#10245=AXIS2_PLACEMENT_3D('',#14896,#11729,#11730);
#10246=AXIS2_PLACEMENT_3D('',#14898,#11732,#11733);
#10247=AXIS2_PLACEMENT_3D('',#14902,#11735,#11736);
#10248=AXIS2_PLACEMENT_3D('',#14904,#11738,#11739);
#10249=AXIS2_PLACEMENT_3D('',#14907,#11741,#11742);
#10250=AXIS2_PLACEMENT_3D('',#14908,#11743,#11744);
#10251=AXIS2_PLACEMENT_3D('',#14912,#11746,#11747);
#10252=AXIS2_PLACEMENT_3D('',#14914,#11749,#11750);
#10253=AXIS2_PLACEMENT_3D('',#14917,#11752,#11753);
#10254=AXIS2_PLACEMENT_3D('',#14918,#11754,#11755);
#10255=AXIS2_PLACEMENT_3D('',#14922,#11757,#11758);
#10256=AXIS2_PLACEMENT_3D('',#14924,#11760,#11761);
#10257=AXIS2_PLACEMENT_3D('',#14927,#11763,#11764);
#10258=AXIS2_PLACEMENT_3D('',#14928,#11765,#11766);
#10259=AXIS2_PLACEMENT_3D('',#14931,#11767,#11768);
#10260=AXIS2_PLACEMENT_3D('',#14934,#11771,#11772);
#10261=AXIS2_PLACEMENT_3D('',#14938,#11775,#11776);
#10262=AXIS2_PLACEMENT_3D('',#14940,#11777,#11778);
#10263=AXIS2_PLACEMENT_3D('',#14942,#11780,#11781);
#10264=AXIS2_PLACEMENT_3D('',#14946,#11783,#11784);
#10265=AXIS2_PLACEMENT_3D('',#14948,#11786,#11787);
#10266=AXIS2_PLACEMENT_3D('',#14951,#11789,#11790);
#10267=AXIS2_PLACEMENT_3D('',#14952,#11791,#11792);
#10268=AXIS2_PLACEMENT_3D('',#14955,#11793,#11794);
#10269=AXIS2_PLACEMENT_3D('',#14958,#11797,#11798);
#10270=AXIS2_PLACEMENT_3D('',#14962,#11801,#11802);
#10271=AXIS2_PLACEMENT_3D('',#14966,#11804,#11805);
#10272=AXIS2_PLACEMENT_3D('',#14968,#11807,#11808);
#10273=AXIS2_PLACEMENT_3D('',#14972,#11811,#11812);
#10274=AXIS2_PLACEMENT_3D('',#14973,#11813,#11814);
#10275=AXIS2_PLACEMENT_3D('',#14974,#11815,#11816);
#10276=AXIS2_PLACEMENT_3D('',#14978,#11819,#11820);
#10277=AXIS2_PLACEMENT_3D('',#14982,#11823,#11824);
#10278=AXIS2_PLACEMENT_3D('',#14984,#11825,#11826);
#10279=AXIS2_PLACEMENT_3D('',#14986,#11828,#11829);
#10280=AXIS2_PLACEMENT_3D('',#14988,#11830,#11831);
#10281=AXIS2_PLACEMENT_3D('',#14990,#11833,#11834);
#10282=AXIS2_PLACEMENT_3D('',#14993,#11836,#11837);
#10283=AXIS2_PLACEMENT_3D('',#14994,#11838,#11839);
#10284=AXIS2_PLACEMENT_3D('',#14998,#11842,#11843);
#10285=AXIS2_PLACEMENT_3D('',#15000,#11844,#11845);
#10286=AXIS2_PLACEMENT_3D('',#15002,#11847,#11848);
#10287=AXIS2_PLACEMENT_3D('',#15006,#11851,#11852);
#10288=AXIS2_PLACEMENT_3D('',#15008,#11853,#11854);
#10289=AXIS2_PLACEMENT_3D('',#15010,#11856,#11857);
#10290=AXIS2_PLACEMENT_3D('',#15014,#11860,#11861);
#10291=AXIS2_PLACEMENT_3D('',#15016,#11862,#11863);
#10292=AXIS2_PLACEMENT_3D('',#15018,#11865,#11866);
#10293=AXIS2_PLACEMENT_3D('',#15020,#11867,#11868);
#10294=AXIS2_PLACEMENT_3D('',#15022,#11870,#11871);
#10295=AXIS2_PLACEMENT_3D('',#15026,#11874,#11875);
#10296=AXIS2_PLACEMENT_3D('',#15028,#11876,#11877);
#10297=AXIS2_PLACEMENT_3D('',#15030,#11879,#11880);
#10298=AXIS2_PLACEMENT_3D('',#15034,#11883,#11884);
#10299=AXIS2_PLACEMENT_3D('',#15036,#11885,#11886);
#10300=AXIS2_PLACEMENT_3D('',#15038,#11888,#11889);
#10301=AXIS2_PLACEMENT_3D('',#15042,#11892,#11893);
#10302=AXIS2_PLACEMENT_3D('',#15046,#11895,#11896);
#10303=AXIS2_PLACEMENT_3D('',#15048,#11898,#11899);
#10304=AXIS2_PLACEMENT_3D('',#15052,#11901,#11902);
#10305=AXIS2_PLACEMENT_3D('',#15054,#11904,#11905);
#10306=AXIS2_PLACEMENT_3D('',#15056,#11906,#11907);
#10307=AXIS2_PLACEMENT_3D('',#15058,#11909,#11910);
#10308=AXIS2_PLACEMENT_3D('',#15062,#11912,#11913);
#10309=AXIS2_PLACEMENT_3D('',#15064,#11915,#11916);
#10310=AXIS2_PLACEMENT_3D('',#15068,#11918,#11919);
#10311=AXIS2_PLACEMENT_3D('',#15070,#11921,#11922);
#10312=AXIS2_PLACEMENT_3D('',#15072,#11923,#11924);
#10313=AXIS2_PLACEMENT_3D('',#15074,#11926,#11927);
#10314=AXIS2_PLACEMENT_3D('',#15077,#11928,#11929);
#10315=AXIS2_PLACEMENT_3D('',#15080,#11932,#11933);
#10316=AXIS2_PLACEMENT_3D('',#15083,#11935,#11936);
#10317=AXIS2_PLACEMENT_3D('',#15084,#11937,#11938);
#10318=AXIS2_PLACEMENT_3D('',#15087,#11939,#11940);
#10319=AXIS2_PLACEMENT_3D('',#15090,#11943,#11944);
#10320=AXIS2_PLACEMENT_3D('',#15094,#11947,#11948);
#10321=AXIS2_PLACEMENT_3D('',#15097,#11949,#11950);
#10322=AXIS2_PLACEMENT_3D('',#15100,#11953,#11954);
#10323=AXIS2_PLACEMENT_3D('',#15103,#11956,#11957);
#10324=AXIS2_PLACEMENT_3D('',#15104,#11958,#11959);
#10325=AXIS2_PLACEMENT_3D('',#15107,#11960,#11961);
#10326=AXIS2_PLACEMENT_3D('',#15110,#11964,#11965);
#10327=AXIS2_PLACEMENT_3D('',#15114,#11968,#11969);
#10328=AXIS2_PLACEMENT_3D('',#15117,#11970,#11971);
#10329=AXIS2_PLACEMENT_3D('',#15120,#11974,#11975);
#10330=AXIS2_PLACEMENT_3D('',#15123,#11977,#11978);
#10331=AXIS2_PLACEMENT_3D('',#15124,#11979,#11980);
#10332=AXIS2_PLACEMENT_3D('',#15127,#11981,#11982);
#10333=AXIS2_PLACEMENT_3D('',#15130,#11985,#11986);
#10334=AXIS2_PLACEMENT_3D('',#15133,#11988,#11989);
#10335=AXIS2_PLACEMENT_3D('',#15134,#11990,#11991);
#10336=AXIS2_PLACEMENT_3D('',#15137,#11992,#11993);
#10337=AXIS2_PLACEMENT_3D('',#15140,#11996,#11997);
#10338=AXIS2_PLACEMENT_3D('',#15144,#12000,#12001);
#10339=AXIS2_PLACEMENT_3D('',#15147,#12002,#12003);
#10340=AXIS2_PLACEMENT_3D('',#15150,#12006,#12007);
#10341=AXIS2_PLACEMENT_3D('',#15153,#12008,#12009);
#10342=AXIS2_PLACEMENT_3D('',#15156,#12012,#12013);
#10343=AXIS2_PLACEMENT_3D('',#15160,#12016,#12017);
#10344=AXIS2_PLACEMENT_3D('',#15163,#12018,#12019);
#10345=AXIS2_PLACEMENT_3D('',#15166,#12022,#12023);
#10346=AXIS2_PLACEMENT_3D('',#15169,#12025,#12026);
#10347=AXIS2_PLACEMENT_3D('',#15170,#12027,#12028);
#10348=AXIS2_PLACEMENT_3D('',#15172,#12029,#12030);
#10349=AXIS2_PLACEMENT_3D('',#15174,#12032,#12033);
#10350=AXIS2_PLACEMENT_3D('',#15178,#12035,#12036);
#10351=AXIS2_PLACEMENT_3D('',#15180,#12038,#12039);
#10352=AXIS2_PLACEMENT_3D('',#15182,#12041,#12042);
#10353=AXIS2_PLACEMENT_3D('',#15186,#12044,#12045);
#10354=AXIS2_PLACEMENT_3D('',#15188,#12047,#12048);
#10355=AXIS2_PLACEMENT_3D('',#15192,#12051,#12052);
#10356=AXIS2_PLACEMENT_3D('',#15195,#12054,#12055);
#10357=AXIS2_PLACEMENT_3D('',#15196,#12056,#12057);
#10358=AXIS2_PLACEMENT_3D('',#15200,#12060,#12061);
#10359=AXIS2_PLACEMENT_3D('',#15203,#12063,#12064);
#10360=AXIS2_PLACEMENT_3D('',#15204,#12065,#12066);
#10361=AXIS2_PLACEMENT_3D('',#15208,#12069,#12070);
#10362=AXIS2_PLACEMENT_3D('',#15210,#12071,#12072);
#10363=AXIS2_PLACEMENT_3D('',#15212,#12074,#12075);
#10364=AXIS2_PLACEMENT_3D('',#15214,#12076,#12077);
#10365=AXIS2_PLACEMENT_3D('',#15216,#12079,#12080);
#10366=AXIS2_PLACEMENT_3D('',#15220,#12082,#12083);
#10367=AXIS2_PLACEMENT_3D('',#15222,#12085,#12086);
#10368=AXIS2_PLACEMENT_3D('',#15226,#12089,#12090);
#10369=AXIS2_PLACEMENT_3D('',#15230,#12092,#12093);
#10370=AXIS2_PLACEMENT_3D('',#15232,#12095,#12096);
#10371=AXIS2_PLACEMENT_3D('',#15234,#12097,#12098);
#10372=AXIS2_PLACEMENT_3D('',#15236,#12100,#12101);
#10373=AXIS2_PLACEMENT_3D('',#15240,#12103,#12104);
#10374=AXIS2_PLACEMENT_3D('',#15242,#12106,#12107);
#10375=AXIS2_PLACEMENT_3D('',#15244,#12109,#12110);
#10376=AXIS2_PLACEMENT_3D('',#15246,#12111,#12112);
#10377=AXIS2_PLACEMENT_3D('',#15248,#12114,#12115);
#10378=AXIS2_PLACEMENT_3D('',#15252,#12117,#12118);
#10379=AXIS2_PLACEMENT_3D('',#15254,#12120,#12121);
#10380=AXIS2_PLACEMENT_3D('',#15258,#12124,#12125);
#10381=AXIS2_PLACEMENT_3D('',#15262,#12127,#12128);
#10382=AXIS2_PLACEMENT_3D('',#15264,#12130,#12131);
#10383=AXIS2_PLACEMENT_3D('',#15266,#12133,#12134);
#10384=AXIS2_PLACEMENT_3D('',#15269,#12136,#12137);
#10385=AXIS2_PLACEMENT_3D('',#15270,#12138,#12139);
#10386=AXIS2_PLACEMENT_3D('',#15274,#12142,#12143);
#10387=AXIS2_PLACEMENT_3D('',#15278,#12145,#12146);
#10388=AXIS2_PLACEMENT_3D('',#15280,#12148,#12149);
#10389=AXIS2_PLACEMENT_3D('',#15282,#12151,#12152);
#10390=AXIS2_PLACEMENT_3D('',#15286,#12154,#12155);
#10391=AXIS2_PLACEMENT_3D('',#15288,#12157,#12158);
#10392=AXIS2_PLACEMENT_3D('',#15292,#12161,#12162);
#10393=AXIS2_PLACEMENT_3D('',#15295,#12164,#12165);
#10394=AXIS2_PLACEMENT_3D('',#15296,#12166,#12167);
#10395=AXIS2_PLACEMENT_3D('',#15300,#12170,#12171);
#10396=AXIS2_PLACEMENT_3D('',#15302,#12172,#12173);
#10397=AXIS2_PLACEMENT_3D('',#15304,#12175,#12176);
#10398=AXIS2_PLACEMENT_3D('',#15308,#12178,#12179);
#10399=AXIS2_PLACEMENT_3D('',#15310,#12181,#12182);
#10400=AXIS2_PLACEMENT_3D('',#15312,#12184,#12185);
#10401=AXIS2_PLACEMENT_3D('',#15316,#12187,#12188);
#10402=AXIS2_PLACEMENT_3D('',#15318,#12190,#12191);
#10403=AXIS2_PLACEMENT_3D('',#15322,#12194,#12195);
#10404=AXIS2_PLACEMENT_3D('',#15326,#12197,#12198);
#10405=AXIS2_PLACEMENT_3D('',#15328,#12200,#12201);
#10406=AXIS2_PLACEMENT_3D('',#15330,#12203,#12204);
#10407=AXIS2_PLACEMENT_3D('',#15332,#12205,#12206);
#10408=AXIS2_PLACEMENT_3D('',#15334,#12208,#12209);
#10409=AXIS2_PLACEMENT_3D('',#15337,#12211,#12212);
#10410=AXIS2_PLACEMENT_3D('',#15338,#12213,#12214);
#10411=AXIS2_PLACEMENT_3D('',#15340,#12216,#12217);
#10412=AXIS2_PLACEMENT_3D('',#15344,#12219,#12220);
#10413=AXIS2_PLACEMENT_3D('',#15346,#12222,#12223);
#10414=AXIS2_PLACEMENT_3D('',#15350,#12226,#12227);
#10415=AXIS2_PLACEMENT_3D('',#15376,#12235,#12236);
#10416=AXIS2_PLACEMENT_3D('',#15378,#12237,#12238);
#10417=AXIS2_PLACEMENT_3D('',#15380,#12240,#12241);
#10418=AXIS2_PLACEMENT_3D('',#15392,#12248,#12249);
#10419=AXIS2_PLACEMENT_3D('',#15394,#12251,#12252);
#10420=AXIS2_PLACEMENT_3D('',#15420,#12260,#12261);
#10421=AXIS2_PLACEMENT_3D('',#15422,#12262,#12263);
#10422=AXIS2_PLACEMENT_3D('',#15424,#12265,#12266);
#10423=AXIS2_PLACEMENT_3D('',#15436,#12273,#12274);
#10424=AXIS2_PLACEMENT_3D('',#15438,#12276,#12277);
#10425=AXIS2_PLACEMENT_3D('',#15444,#12281,#12282);
#10426=AXIS2_PLACEMENT_3D('',#15448,#12285,#12286);
#10427=AXIS2_PLACEMENT_3D('',#15454,#12290,#12291);
#10428=AXIS2_PLACEMENT_3D('',#15477,#12304,#12305);
#10429=AXIS2_PLACEMENT_3D('',#15483,#12309,#12310);
#10430=AXIS2_PLACEMENT_3D('',#15485,#12312,#12313);
#10431=AXIS2_PLACEMENT_3D('',#15489,#12316,#12317);
#10432=AXIS2_PLACEMENT_3D('',#15495,#12321,#12322);
#10433=AXIS2_PLACEMENT_3D('',#15497,#12324,#12325);
#10434=AXIS2_PLACEMENT_3D('',#15501,#12328,#12329);
#10435=AXIS2_PLACEMENT_3D('',#15510,#12335,#12336);
#10436=AXIS2_PLACEMENT_3D('',#15513,#12339,#12340);
#10437=AXIS2_PLACEMENT_3D('',#15514,#12341,#12342);
#10438=AXIS2_PLACEMENT_3D('',#15517,#12343,#12344);
#10439=AXIS2_PLACEMENT_3D('',#15520,#12347,#12348);
#10440=AXIS2_PLACEMENT_3D('',#15524,#12351,#12352);
#10441=AXIS2_PLACEMENT_3D('',#15527,#12353,#12354);
#10442=AXIS2_PLACEMENT_3D('',#15530,#12357,#12358);
#10443=AXIS2_PLACEMENT_3D('',#15534,#12361,#12362);
#10444=AXIS2_PLACEMENT_3D('',#15537,#12363,#12364);
#10445=AXIS2_PLACEMENT_3D('',#15540,#12367,#12368);
#10446=AXIS2_PLACEMENT_3D('',#15544,#12371,#12372);
#10447=AXIS2_PLACEMENT_3D('',#15547,#12373,#12374);
#10448=AXIS2_PLACEMENT_3D('',#15550,#12377,#12378);
#10449=AXIS2_PLACEMENT_3D('',#15554,#12381,#12382);
#10450=AXIS2_PLACEMENT_3D('',#15557,#12384,#12385);
#10451=AXIS2_PLACEMENT_3D('',#15558,#12386,#12387);
#10452=AXIS2_PLACEMENT_3D('',#15560,#12389,#12390);
#10453=AXIS2_PLACEMENT_3D('',#15564,#12392,#12393);
#10454=AXIS2_PLACEMENT_3D('',#15566,#12395,#12396);
#10455=AXIS2_PLACEMENT_3D('',#15570,#12399,#12400);
#10456=AXIS2_PLACEMENT_3D('',#15574,#12402,#12403);
#10457=AXIS2_PLACEMENT_3D('',#15576,#12405,#12406);
#10458=AXIS2_PLACEMENT_3D('',#15581,#12410,#12411);
#10459=AXIS2_PLACEMENT_3D('',#15584,#12413,#12414);
#10460=AXIS2_PLACEMENT_3D('',#15585,#12415,#12416);
#10461=AXIS2_PLACEMENT_3D('',#15587,#12418,#12419);
#10462=AXIS2_PLACEMENT_3D('',#15590,#12421,#12422);
#10463=AXIS2_PLACEMENT_3D('',#15591,#12423,#12424);
#10464=AXIS2_PLACEMENT_3D('',#15593,#12426,#12427);
#10465=AXIS2_PLACEMENT_3D('',#15596,#12429,#12430);
#10466=AXIS2_PLACEMENT_3D('',#15597,#12431,#12432);
#10467=AXIS2_PLACEMENT_3D('',#15601,#12435,#12436);
#10468=AXIS2_PLACEMENT_3D('',#15604,#12438,#12439);
#10469=AXIS2_PLACEMENT_3D('',#15605,#12440,#12441);
#10470=AXIS2_PLACEMENT_3D('',#15607,#12443,#12444);
#10471=AXIS2_PLACEMENT_3D('',#15611,#12446,#12447);
#10472=AXIS2_PLACEMENT_3D('',#15613,#12449,#12450);
#10473=AXIS2_PLACEMENT_3D('',#15615,#12452,#12453);
#10474=AXIS2_PLACEMENT_3D('',#15618,#12455,#12456);
#10475=AXIS2_PLACEMENT_3D('',#15619,#12457,#12458);
#10476=AXIS2_PLACEMENT_3D('',#15623,#12461,#12462);
#10477=AXIS2_PLACEMENT_3D('',#15626,#12464,#12465);
#10478=AXIS2_PLACEMENT_3D('',#15627,#12466,#12467);
#10479=AXIS2_PLACEMENT_3D('',#15629,#12469,#12470);
#10480=AXIS2_PLACEMENT_3D('',#15632,#12472,#12473);
#10481=AXIS2_PLACEMENT_3D('',#15633,#12474,#12475);
#10482=AXIS2_PLACEMENT_3D('',#15635,#12477,#12478);
#10483=AXIS2_PLACEMENT_3D('',#15637,#12479,#12480);
#10484=AXIS2_PLACEMENT_3D('',#15639,#12482,#12483);
#10485=AXIS2_PLACEMENT_3D('',#15643,#12485,#12486);
#10486=AXIS2_PLACEMENT_3D('',#15645,#12488,#12489);
#10487=AXIS2_PLACEMENT_3D('',#15647,#12491,#12492);
#10488=AXIS2_PLACEMENT_3D('',#15650,#12494,#12495);
#10489=AXIS2_PLACEMENT_3D('',#15651,#12496,#12497);
#10490=AXIS2_PLACEMENT_3D('',#15655,#12500,#12501);
#10491=AXIS2_PLACEMENT_3D('',#15658,#12503,#12504);
#10492=AXIS2_PLACEMENT_3D('',#15659,#12505,#12506);
#10493=AXIS2_PLACEMENT_3D('',#15661,#12508,#12509);
#10494=AXIS2_PLACEMENT_3D('',#15665,#12511,#12512);
#10495=AXIS2_PLACEMENT_3D('',#15667,#12514,#12515);
#10496=AXIS2_PLACEMENT_3D('',#15672,#12519,#12520);
#10497=AXIS2_PLACEMENT_3D('',#15675,#12522,#12523);
#10498=AXIS2_PLACEMENT_3D('',#15676,#12524,#12525);
#10499=AXIS2_PLACEMENT_3D('',#15680,#12528,#12529);
#10500=AXIS2_PLACEMENT_3D('',#15683,#12531,#12532);
#10501=AXIS2_PLACEMENT_3D('',#15684,#12533,#12534);
#10502=AXIS2_PLACEMENT_3D('',#15686,#12536,#12537);
#10503=AXIS2_PLACEMENT_3D('',#15689,#12539,#12540);
#10504=AXIS2_PLACEMENT_3D('',#15690,#12541,#12542);
#10505=AXIS2_PLACEMENT_3D('',#15692,#12544,#12545);
#10506=AXIS2_PLACEMENT_3D('',#15696,#12547,#12548);
#10507=AXIS2_PLACEMENT_3D('',#15698,#12550,#12551);
#10508=AXIS2_PLACEMENT_3D('',#15700,#12553,#12554);
#10509=AXIS2_PLACEMENT_3D('',#15703,#12555,#12556);
#10510=AXIS2_PLACEMENT_3D('',#15706,#12559,#12560);
#10511=AXIS2_PLACEMENT_3D('',#15710,#12563,#12564);
#10512=AXIS2_PLACEMENT_3D('',#15712,#12565,#12566);
#10513=AXIS2_PLACEMENT_3D('',#15714,#12568,#12569);
#10514=AXIS2_PLACEMENT_3D('',#15718,#12572,#12573);
#10515=AXIS2_PLACEMENT_3D('',#15720,#12574,#12575);
#10516=AXIS2_PLACEMENT_3D('',#15722,#12577,#12578);
#10517=AXIS2_PLACEMENT_3D('',#15726,#12580,#12581);
#10518=AXIS2_PLACEMENT_3D('',#15728,#12583,#12584);
#10519=AXIS2_PLACEMENT_3D('',#15730,#12586,#12587);
#10520=AXIS2_PLACEMENT_3D('',#15733,#12589,#12590);
#10521=AXIS2_PLACEMENT_3D('',#15734,#12591,#12592);
#10522=AXIS2_PLACEMENT_3D('',#15736,#12594,#12595);
#10523=AXIS2_PLACEMENT_3D('',#15740,#12597,#12598);
#10524=AXIS2_PLACEMENT_3D('',#15742,#12600,#12601);
#10525=AXIS2_PLACEMENT_3D('',#15744,#12603,#12604);
#10526=AXIS2_PLACEMENT_3D('',#15747,#12606,#12607);
#10527=AXIS2_PLACEMENT_3D('',#15748,#12608,#12609);
#10528=AXIS2_PLACEMENT_3D('',#15750,#12611,#12612);
#10529=AXIS2_PLACEMENT_3D('',#15754,#12615,#12616);
#10530=AXIS2_PLACEMENT_3D('',#15756,#12618,#12619);
#10531=AXIS2_PLACEMENT_3D('',#15760,#12622,#12623);
#10532=AXIS2_PLACEMENT_3D('',#15763,#12624,#12625);
#10533=AXIS2_PLACEMENT_3D('',#15767,#12627,#12628);
#10534=AXIS2_PLACEMENT_3D('',#15769,#12630,#12631);
#10535=AXIS2_PLACEMENT_3D('',#15771,#12632,#12633);
#10536=AXIS2_PLACEMENT_3D('',#15774,#12635,#12636);
#10537=AXIS2_PLACEMENT_3D('',#15775,#12637,#12638);
#10538=AXIS2_PLACEMENT_3D('',#15777,#12639,#12640);
#10539=AXIS2_PLACEMENT_3D('',#15779,#12641,#12642);
#10540=AXIS2_PLACEMENT_3D('',#15781,#12644,#12645);
#10541=AXIS2_PLACEMENT_3D('',#15783,#12646,#12647);
#10542=AXIS2_PLACEMENT_3D('',#15785,#12649,#12650);
#10543=AXIS2_PLACEMENT_3D('',#15787,#12651,#12652);
#10544=AXIS2_PLACEMENT_3D('',#15789,#12654,#12655);
#10545=AXIS2_PLACEMENT_3D('',#15790,#12656,#12657);
#10546=AXIS2_PLACEMENT_3D('',#15791,#12658,#12659);
#10547=AXIS2_PLACEMENT_3D('',#15792,#12660,#12661);
#10548=AXIS2_PLACEMENT_3D('',#15794,#12663,#12664);
#10549=AXIS2_PLACEMENT_3D('',#15796,#12666,#12667);
#10550=AXIS2_PLACEMENT_3D('',#15800,#12670,#12671);
#10551=AXIS2_PLACEMENT_3D('',#15804,#12674,#12675);
#10552=AXIS2_PLACEMENT_3D('',#15808,#12678,#12679);
#10553=AXIS2_PLACEMENT_3D('',#15810,#12681,#12682);
#10554=AXIS2_PLACEMENT_3D('',#15812,#12683,#12684);
#10555=AXIS2_PLACEMENT_3D('',#15814,#12686,#12687);
#10556=AXIS2_PLACEMENT_3D('',#15827,#12694,#12695);
#10557=AXIS2_PLACEMENT_3D('',#15833,#12699,#12700);
#10558=AXIS2_PLACEMENT_3D('',#15837,#12703,#12704);
#10559=AXIS2_PLACEMENT_3D('',#15841,#12707,#12708);
#10560=AXIS2_PLACEMENT_3D('',#15843,#12709,#12710);
#10561=AXIS2_PLACEMENT_3D('',#15845,#12712,#12713);
#10562=AXIS2_PLACEMENT_3D('',#15858,#12720,#12721);
#10563=AXIS2_PLACEMENT_3D('',#15864,#12725,#12726);
#10564=AXIS2_PLACEMENT_3D('',#15868,#12729,#12730);
#10565=AXIS2_PLACEMENT_3D('',#15872,#12733,#12734);
#10566=AXIS2_PLACEMENT_3D('',#15874,#12735,#12736);
#10567=AXIS2_PLACEMENT_3D('',#15876,#12738,#12739);
#10568=AXIS2_PLACEMENT_3D('',#15889,#12746,#12747);
#10569=AXIS2_PLACEMENT_3D('',#15895,#12751,#12752);
#10570=AXIS2_PLACEMENT_3D('',#15899,#12755,#12756);
#10571=AXIS2_PLACEMENT_3D('',#15903,#12759,#12760);
#10572=AXIS2_PLACEMENT_3D('',#15905,#12761,#12762);
#10573=AXIS2_PLACEMENT_3D('',#15907,#12764,#12765);
#10574=AXIS2_PLACEMENT_3D('',#15920,#12772,#12773);
#10575=AXIS2_PLACEMENT_3D('',#15926,#12777,#12778);
#10576=AXIS2_PLACEMENT_3D('',#15930,#12781,#12782);
#10577=AXIS2_PLACEMENT_3D('',#15934,#12785,#12786);
#10578=AXIS2_PLACEMENT_3D('',#15936,#12787,#12788);
#10579=AXIS2_PLACEMENT_3D('',#15938,#12789,#12790);
#10580=AXIS2_PLACEMENT_3D('',#15939,#12791,#12792);
#10581=AXIS2_PLACEMENT_3D('',#15946,#12796,#12797);
#10582=AXIS2_PLACEMENT_3D('',#15947,#12798,#12799);
#10583=AXIS2_PLACEMENT_3D('',#15949,#12800,#12801);
#10584=AXIS2_PLACEMENT_3D('',#15950,#12802,#12803);
#10585=AXIS2_PLACEMENT_3D('',#15952,#12804,#12805);
#10586=AXIS2_PLACEMENT_3D('',#15954,#12806,#12807);
#10587=AXIS2_PLACEMENT_3D('',#15955,#12808,#12809);
#10588=AXIS2_PLACEMENT_3D('',#15957,#12810,#12811);
#10589=AXIS2_PLACEMENT_3D('',#15959,#12812,#12813);
#10590=AXIS2_PLACEMENT_3D('',#15960,#12814,#12815);
#10591=AXIS2_PLACEMENT_3D('',#15962,#12816,#12817);
#10592=AXIS2_PLACEMENT_3D('',#15964,#12818,#12819);
#10593=AXIS2_PLACEMENT_3D('',#15965,#12820,#12821);
#10594=AXIS2_PLACEMENT_3D('',#15967,#12822,#12823);
#10595=AXIS2_PLACEMENT_3D('',#15969,#12824,#12825);
#10596=AXIS2_PLACEMENT_3D('',#15970,#12826,#12827);
#10597=AXIS2_PLACEMENT_3D('',#15974,#12830,#12831);
#10598=AXIS2_PLACEMENT_3D('',#15978,#12834,#12835);
#10599=AXIS2_PLACEMENT_3D('',#15980,#12837,#12838);
#10600=AXIS2_PLACEMENT_3D('',#15984,#12841,#12842);
#10601=AXIS2_PLACEMENT_3D('',#15988,#12845,#12846);
#10602=AXIS2_PLACEMENT_3D('',#15990,#12848,#12849);
#10603=AXIS2_PLACEMENT_3D('',#15992,#12851,#12852);
#10604=AXIS2_PLACEMENT_3D('',#15994,#12854,#12855);
#10605=AXIS2_PLACEMENT_3D('',#15998,#12858,#12859);
#10606=AXIS2_PLACEMENT_3D('',#16002,#12862,#12863);
#10607=AXIS2_PLACEMENT_3D('',#16004,#12865,#12866);
#10608=AXIS2_PLACEMENT_3D('',#16008,#12869,#12870);
#10609=AXIS2_PLACEMENT_3D('',#16010,#12871,#12872);
#10610=AXIS2_PLACEMENT_3D('',#16012,#12874,#12875);
#10611=AXIS2_PLACEMENT_3D('',#16014,#12876,#12877);
#10612=AXIS2_PLACEMENT_3D('',#16016,#12879,#12880);
#10613=AXIS2_PLACEMENT_3D('',#16020,#12883,#12884);
#10614=AXIS2_PLACEMENT_3D('',#16022,#12885,#12886);
#10615=AXIS2_PLACEMENT_3D('',#16024,#12888,#12889);
#10616=AXIS2_PLACEMENT_3D('',#16028,#12892,#12893);
#10617=AXIS2_PLACEMENT_3D('',#16030,#12894,#12895);
#10618=AXIS2_PLACEMENT_3D('',#16032,#12897,#12898);
#10619=AXIS2_PLACEMENT_3D('',#16036,#12901,#12902);
#10620=AXIS2_PLACEMENT_3D('',#16038,#12903,#12904);
#10621=AXIS2_PLACEMENT_3D('',#16040,#12906,#12907);
#10622=AXIS2_PLACEMENT_3D('',#16044,#12910,#12911);
#10623=AXIS2_PLACEMENT_3D('',#16046,#12912,#12913);
#10624=AXIS2_PLACEMENT_3D('',#16048,#12915,#12916);
#10625=AXIS2_PLACEMENT_3D('',#16052,#12919,#12920);
#10626=AXIS2_PLACEMENT_3D('',#16054,#12921,#12922);
#10627=AXIS2_PLACEMENT_3D('',#16056,#12924,#12925);
#10628=AXIS2_PLACEMENT_3D('',#16060,#12928,#12929);
#10629=AXIS2_PLACEMENT_3D('',#16061,#12930,#12931);
#10630=AXIS2_PLACEMENT_3D('',#16062,#12932,#12933);
#10631=AXIS2_PLACEMENT_3D('',#16066,#12936,#12937);
#10632=AXIS2_PLACEMENT_3D('',#16068,#12938,#12939);
#10633=AXIS2_PLACEMENT_3D('',#16070,#12941,#12942);
#10634=AXIS2_PLACEMENT_3D('',#16074,#12945,#12946);
#10635=AXIS2_PLACEMENT_3D('',#16076,#12947,#12948);
#10636=AXIS2_PLACEMENT_3D('',#16078,#12950,#12951);
#10637=AXIS2_PLACEMENT_3D('',#16082,#12954,#12955);
#10638=AXIS2_PLACEMENT_3D('',#16084,#12956,#12957);
#10639=AXIS2_PLACEMENT_3D('',#16086,#12959,#12960);
#10640=AXIS2_PLACEMENT_3D('',#16090,#12963,#12964);
#10641=AXIS2_PLACEMENT_3D('',#16092,#12965,#12966);
#10642=AXIS2_PLACEMENT_3D('',#16094,#12968,#12969);
#10643=AXIS2_PLACEMENT_3D('',#16098,#12972,#12973);
#10644=AXIS2_PLACEMENT_3D('',#16100,#12974,#12975);
#10645=AXIS2_PLACEMENT_3D('',#16102,#12977,#12978);
#10646=AXIS2_PLACEMENT_3D('',#16106,#12981,#12982);
#10647=AXIS2_PLACEMENT_3D('',#16108,#12983,#12984);
#10648=AXIS2_PLACEMENT_3D('',#16110,#12986,#12987);
#10649=AXIS2_PLACEMENT_3D('',#16114,#12990,#12991);
#10650=AXIS2_PLACEMENT_3D('',#16115,#12992,#12993);
#10651=AXIS2_PLACEMENT_3D('',#16116,#12994,#12995);
#10652=AXIS2_PLACEMENT_3D('',#16118,#12997,#12998);
#10653=AXIS2_PLACEMENT_3D('',#16120,#13000,#13001);
#10654=AXIS2_PLACEMENT_3D('',#16122,#13003,#13004);
#10655=AXIS2_PLACEMENT_3D('',#16124,#13005,#13006);
#10656=AXIS2_PLACEMENT_3D('',#16126,#13008,#13009);
#10657=AXIS2_PLACEMENT_3D('',#16128,#13010,#13011);
#10658=AXIS2_PLACEMENT_3D('',#16130,#13013,#13014);
#10659=AXIS2_PLACEMENT_3D('',#16134,#13017,#13018);
#10660=AXIS2_PLACEMENT_3D('',#16136,#13019,#13020);
#10661=AXIS2_PLACEMENT_3D('',#16138,#13022,#13023);
#10662=AXIS2_PLACEMENT_3D('',#16142,#13026,#13027);
#10663=AXIS2_PLACEMENT_3D('',#16144,#13028,#13029);
#10664=AXIS2_PLACEMENT_3D('',#16146,#13031,#13032);
#10665=AXIS2_PLACEMENT_3D('',#16150,#13035,#13036);
#10666=AXIS2_PLACEMENT_3D('',#16152,#13037,#13038);
#10667=AXIS2_PLACEMENT_3D('',#16154,#13040,#13041);
#10668=AXIS2_PLACEMENT_3D('',#16158,#13044,#13045);
#10669=AXIS2_PLACEMENT_3D('',#16160,#13046,#13047);
#10670=AXIS2_PLACEMENT_3D('',#16162,#13049,#13050);
#10671=AXIS2_PLACEMENT_3D('',#16166,#13053,#13054);
#10672=AXIS2_PLACEMENT_3D('',#16168,#13055,#13056);
#10673=AXIS2_PLACEMENT_3D('',#16170,#13058,#13059);
#10674=AXIS2_PLACEMENT_3D('',#16174,#13062,#13063);
#10675=AXIS2_PLACEMENT_3D('',#16175,#13064,#13065);
#10676=AXIS2_PLACEMENT_3D('',#16176,#13066,#13067);
#10677=AXIS2_PLACEMENT_3D('',#16180,#13070,#13071);
#10678=AXIS2_PLACEMENT_3D('',#16182,#13072,#13073);
#10679=AXIS2_PLACEMENT_3D('',#16184,#13075,#13076);
#10680=AXIS2_PLACEMENT_3D('',#16188,#13079,#13080);
#10681=AXIS2_PLACEMENT_3D('',#16190,#13081,#13082);
#10682=AXIS2_PLACEMENT_3D('',#16192,#13084,#13085);
#10683=AXIS2_PLACEMENT_3D('',#16196,#13088,#13089);
#10684=AXIS2_PLACEMENT_3D('',#16198,#13090,#13091);
#10685=AXIS2_PLACEMENT_3D('',#16200,#13093,#13094);
#10686=AXIS2_PLACEMENT_3D('',#16204,#13097,#13098);
#10687=AXIS2_PLACEMENT_3D('',#16206,#13099,#13100);
#10688=AXIS2_PLACEMENT_3D('',#16208,#13102,#13103);
#10689=AXIS2_PLACEMENT_3D('',#16212,#13106,#13107);
#10690=AXIS2_PLACEMENT_3D('',#16214,#13108,#13109);
#10691=AXIS2_PLACEMENT_3D('',#16216,#13111,#13112);
#10692=AXIS2_PLACEMENT_3D('',#16220,#13115,#13116);
#10693=AXIS2_PLACEMENT_3D('',#16222,#13117,#13118);
#10694=AXIS2_PLACEMENT_3D('',#16224,#13120,#13121);
#10695=AXIS2_PLACEMENT_3D('',#16228,#13124,#13125);
#10696=AXIS2_PLACEMENT_3D('',#16230,#13126,#13127);
#10697=AXIS2_PLACEMENT_3D('',#16232,#13129,#13130);
#10698=AXIS2_PLACEMENT_3D('',#16233,#13131,#13132);
#10699=AXIS2_PLACEMENT_3D('',#16234,#13133,#13134);
#10700=AXIS2_PLACEMENT_3D('',#16238,#13137,#13138);
#10701=AXIS2_PLACEMENT_3D('',#16242,#13141,#13142);
#10702=AXIS2_PLACEMENT_3D('',#16244,#13144,#13145);
#10703=AXIS2_PLACEMENT_3D('',#16248,#13147,#13148);
#10704=AXIS2_PLACEMENT_3D('',#16250,#13150,#13151);
#10705=AXIS2_PLACEMENT_3D('',#16254,#13154,#13155);
#10706=AXIS2_PLACEMENT_3D('',#16256,#13156,#13157);
#10707=AXIS2_PLACEMENT_3D('',#16258,#13159,#13160);
#10708=AXIS2_PLACEMENT_3D('',#16262,#13163,#13164);
#10709=AXIS2_PLACEMENT_3D('',#16264,#13165,#13166);
#10710=AXIS2_PLACEMENT_3D('',#16266,#13168,#13169);
#10711=AXIS2_PLACEMENT_3D('',#16270,#13172,#13173);
#10712=AXIS2_PLACEMENT_3D('',#16272,#13174,#13175);
#10713=AXIS2_PLACEMENT_3D('',#16274,#13177,#13178);
#10714=AXIS2_PLACEMENT_3D('',#16275,#13179,#13180);
#10715=AXIS2_PLACEMENT_3D('',#16276,#13181,#13182);
#10716=AXIS2_PLACEMENT_3D('',#16278,#13184,#13185);
#10717=AXIS2_PLACEMENT_3D('',#16280,#13187,#13188);
#10718=AXIS2_PLACEMENT_3D('',#16282,#13189,#13190);
#10719=AXIS2_PLACEMENT_3D('',#16284,#13192,#13193);
#10720=AXIS2_PLACEMENT_3D('',#16286,#13194,#13195);
#10721=AXIS2_PLACEMENT_3D('',#16288,#13197,#13198);
#10722=AXIS2_PLACEMENT_3D('',#16292,#13201,#13202);
#10723=AXIS2_PLACEMENT_3D('',#16294,#13203,#13204);
#10724=AXIS2_PLACEMENT_3D('',#16296,#13206,#13207);
#10725=AXIS2_PLACEMENT_3D('',#16300,#13210,#13211);
#10726=AXIS2_PLACEMENT_3D('',#16302,#13212,#13213);
#10727=AXIS2_PLACEMENT_3D('',#16304,#13215,#13216);
#10728=AXIS2_PLACEMENT_3D('',#16308,#13219,#13220);
#10729=AXIS2_PLACEMENT_3D('',#16310,#13221,#13222);
#10730=AXIS2_PLACEMENT_3D('',#16312,#13224,#13225);
#10731=AXIS2_PLACEMENT_3D('',#16316,#13228,#13229);
#10732=AXIS2_PLACEMENT_3D('',#16318,#13230,#13231);
#10733=AXIS2_PLACEMENT_3D('',#16320,#13233,#13234);
#10734=AXIS2_PLACEMENT_3D('',#16324,#13237,#13238);
#10735=AXIS2_PLACEMENT_3D('',#16326,#13239,#13240);
#10736=AXIS2_PLACEMENT_3D('',#16328,#13242,#13243);
#10737=AXIS2_PLACEMENT_3D('',#16332,#13246,#13247);
#10738=AXIS2_PLACEMENT_3D('',#16333,#13248,#13249);
#10739=AXIS2_PLACEMENT_3D('',#16334,#13250,#13251);
#10740=AXIS2_PLACEMENT_3D('',#16338,#13254,#13255);
#10741=AXIS2_PLACEMENT_3D('',#16340,#13256,#13257);
#10742=AXIS2_PLACEMENT_3D('',#16342,#13259,#13260);
#10743=AXIS2_PLACEMENT_3D('',#16346,#13263,#13264);
#10744=AXIS2_PLACEMENT_3D('',#16348,#13265,#13266);
#10745=AXIS2_PLACEMENT_3D('',#16350,#13268,#13269);
#10746=AXIS2_PLACEMENT_3D('',#16354,#13272,#13273);
#10747=AXIS2_PLACEMENT_3D('',#16356,#13274,#13275);
#10748=AXIS2_PLACEMENT_3D('',#16358,#13277,#13278);
#10749=AXIS2_PLACEMENT_3D('',#16360,#13280,#13281);
#10750=AXIS2_PLACEMENT_3D('',#16364,#13283,#13284);
#10751=AXIS2_PLACEMENT_3D('',#16366,#13286,#13287);
#10752=AXIS2_PLACEMENT_3D('',#16370,#13290,#13291);
#10753=AXIS2_PLACEMENT_3D('',#16372,#13292,#13293);
#10754=AXIS2_PLACEMENT_3D('',#16374,#13295,#13296);
#10755=AXIS2_PLACEMENT_3D('',#16378,#13299,#13300);
#10756=AXIS2_PLACEMENT_3D('',#16380,#13301,#13302);
#10757=AXIS2_PLACEMENT_3D('',#16382,#13304,#13305);
#10758=AXIS2_PLACEMENT_3D('',#16386,#13308,#13309);
#10759=AXIS2_PLACEMENT_3D('',#16387,#13310,#13311);
#10760=AXIS2_PLACEMENT_3D('',#16388,#13312,#13313);
#10761=AXIS2_PLACEMENT_3D('',#16392,#13316,#13317);
#10762=AXIS2_PLACEMENT_3D('',#16394,#13318,#13319);
#10763=AXIS2_PLACEMENT_3D('',#16396,#13321,#13322);
#10764=AXIS2_PLACEMENT_3D('',#16400,#13325,#13326);
#10765=AXIS2_PLACEMENT_3D('',#16402,#13327,#13328);
#10766=AXIS2_PLACEMENT_3D('',#16404,#13330,#13331);
#10767=AXIS2_PLACEMENT_3D('',#16408,#13334,#13335);
#10768=AXIS2_PLACEMENT_3D('',#16410,#13336,#13337);
#10769=AXIS2_PLACEMENT_3D('',#16412,#13339,#13340);
#10770=AXIS2_PLACEMENT_3D('',#16416,#13343,#13344);
#10771=AXIS2_PLACEMENT_3D('',#16418,#13345,#13346);
#10772=AXIS2_PLACEMENT_3D('',#16420,#13348,#13349);
#10773=AXIS2_PLACEMENT_3D('',#16424,#13352,#13353);
#10774=AXIS2_PLACEMENT_3D('',#16426,#13354,#13355);
#10775=AXIS2_PLACEMENT_3D('',#16428,#13357,#13358);
#10776=AXIS2_PLACEMENT_3D('',#16432,#13361,#13362);
#10777=AXIS2_PLACEMENT_3D('',#16434,#13363,#13364);
#10778=AXIS2_PLACEMENT_3D('',#16436,#13366,#13367);
#10779=AXIS2_PLACEMENT_3D('',#16440,#13370,#13371);
#10780=AXIS2_PLACEMENT_3D('',#16441,#13372,#13373);
#10781=AXIS2_PLACEMENT_3D('',#16442,#13374,#13375);
#10782=AXIS2_PLACEMENT_3D('',#16444,#13377,#13378);
#10783=AXIS2_PLACEMENT_3D('',#16446,#13380,#13381);
#10784=AXIS2_PLACEMENT_3D('',#16450,#13384,#13385);
#10785=AXIS2_PLACEMENT_3D('',#16452,#13386,#13387);
#10786=AXIS2_PLACEMENT_3D('',#16454,#13389,#13390);
#10787=AXIS2_PLACEMENT_3D('',#16456,#13391,#13392);
#10788=AXIS2_PLACEMENT_3D('',#16458,#13394,#13395);
#10789=AXIS2_PLACEMENT_3D('',#16462,#13398,#13399);
#10790=AXIS2_PLACEMENT_3D('',#16464,#13400,#13401);
#10791=AXIS2_PLACEMENT_3D('',#16466,#13403,#13404);
#10792=AXIS2_PLACEMENT_3D('',#16470,#13407,#13408);
#10793=AXIS2_PLACEMENT_3D('',#16472,#13409,#13410);
#10794=AXIS2_PLACEMENT_3D('',#16474,#13412,#13413);
#10795=AXIS2_PLACEMENT_3D('',#16476,#13415,#13416);
#10796=AXIS2_PLACEMENT_3D('',#16478,#13418,#13419);
#10797=AXIS2_PLACEMENT_3D('',#16480,#13421,#13422);
#10798=AXIS2_PLACEMENT_3D('',#16482,#13424,#13425);
#10799=AXIS2_PLACEMENT_3D('',#16488,#13429,#13430);
#10800=AXIS2_PLACEMENT_3D('',#16490,#13431,#13432);
#10801=AXIS2_PLACEMENT_3D('',#16492,#13434,#13435);
#10802=AXIS2_PLACEMENT_3D('',#16496,#13438,#13439);
#10803=AXIS2_PLACEMENT_3D('',#16498,#13440,#13441);
#10804=AXIS2_PLACEMENT_3D('',#16500,#13443,#13444);
#10805=AXIS2_PLACEMENT_3D('',#16504,#13447,#13448);
#10806=AXIS2_PLACEMENT_3D('',#16506,#13449,#13450);
#10807=AXIS2_PLACEMENT_3D('',#16508,#13452,#13453);
#10808=AXIS2_PLACEMENT_3D('',#16512,#13456,#13457);
#10809=AXIS2_PLACEMENT_3D('',#16514,#13458,#13459);
#10810=AXIS2_PLACEMENT_3D('',#16516,#13461,#13462);
#10811=AXIS2_PLACEMENT_3D('',#16520,#13465,#13466);
#10812=AXIS2_PLACEMENT_3D('',#16522,#13467,#13468);
#10813=AXIS2_PLACEMENT_3D('',#16524,#13470,#13471);
#10814=AXIS2_PLACEMENT_3D('',#16528,#13474,#13475);
#10815=AXIS2_PLACEMENT_3D('',#16530,#13476,#13477);
#10816=AXIS2_PLACEMENT_3D('',#16532,#13479,#13480);
#10817=AXIS2_PLACEMENT_3D('',#16536,#13483,#13484);
#10818=AXIS2_PLACEMENT_3D('',#16538,#13485,#13486);
#10819=AXIS2_PLACEMENT_3D('',#16540,#13488,#13489);
#10820=AXIS2_PLACEMENT_3D('',#16541,#13490,#13491);
#10821=AXIS2_PLACEMENT_3D('',#16542,#13492,#13493);
#10822=AXIS2_PLACEMENT_3D('',#16546,#13496,#13497);
#10823=AXIS2_PLACEMENT_3D('',#16548,#13498,#13499);
#10824=AXIS2_PLACEMENT_3D('',#16550,#13501,#13502);
#10825=AXIS2_PLACEMENT_3D('',#16552,#13503,#13504);
#10826=AXIS2_PLACEMENT_3D('',#16554,#13506,#13507);
#10827=AXIS2_PLACEMENT_3D('',#16558,#13510,#13511);
#10828=AXIS2_PLACEMENT_3D('',#16560,#13512,#13513);
#10829=AXIS2_PLACEMENT_3D('',#16562,#13515,#13516);
#10830=AXIS2_PLACEMENT_3D('',#16566,#13519,#13520);
#10831=AXIS2_PLACEMENT_3D('',#16568,#13521,#13522);
#10832=AXIS2_PLACEMENT_3D('',#16570,#13524,#13525);
#10833=AXIS2_PLACEMENT_3D('',#16574,#13528,#13529);
#10834=AXIS2_PLACEMENT_3D('',#16576,#13530,#13531);
#10835=AXIS2_PLACEMENT_3D('',#16578,#13533,#13534);
#10836=AXIS2_PLACEMENT_3D('',#16582,#13537,#13538);
#10837=AXIS2_PLACEMENT_3D('',#16584,#13539,#13540);
#10838=AXIS2_PLACEMENT_3D('',#16586,#13542,#13543);
#10839=AXIS2_PLACEMENT_3D('',#16590,#13546,#13547);
#10840=AXIS2_PLACEMENT_3D('',#16592,#13548,#13549);
#10841=AXIS2_PLACEMENT_3D('',#16594,#13551,#13552);
#10842=AXIS2_PLACEMENT_3D('',#16598,#13555,#13556);
#10843=AXIS2_PLACEMENT_3D('',#16600,#13557,#13558);
#10844=AXIS2_PLACEMENT_3D('',#16602,#13560,#13561);
#10845=AXIS2_PLACEMENT_3D('',#16606,#13564,#13565);
#10846=AXIS2_PLACEMENT_3D('',#16608,#13566,#13567);
#10847=AXIS2_PLACEMENT_3D('',#16610,#13569,#13570);
#10848=AXIS2_PLACEMENT_3D('',#16614,#13573,#13574);
#10849=AXIS2_PLACEMENT_3D('',#16616,#13575,#13576);
#10850=AXIS2_PLACEMENT_3D('',#16618,#13578,#13579);
#10851=AXIS2_PLACEMENT_3D('',#16622,#13582,#13583);
#10852=AXIS2_PLACEMENT_3D('',#16624,#13584,#13585);
#10853=AXIS2_PLACEMENT_3D('',#16626,#13587,#13588);
#10854=AXIS2_PLACEMENT_3D('',#16630,#13591,#13592);
#10855=AXIS2_PLACEMENT_3D('',#16632,#13593,#13594);
#10856=AXIS2_PLACEMENT_3D('',#16634,#13596,#13597);
#10857=AXIS2_PLACEMENT_3D('',#16638,#13600,#13601);
#10858=AXIS2_PLACEMENT_3D('',#16640,#13602,#13603);
#10859=AXIS2_PLACEMENT_3D('',#16642,#13605,#13606);
#10860=AXIS2_PLACEMENT_3D('',#16646,#13609,#13610);
#10861=AXIS2_PLACEMENT_3D('',#16648,#13611,#13612);
#10862=AXIS2_PLACEMENT_3D('',#16650,#13614,#13615);
#10863=AXIS2_PLACEMENT_3D('',#16654,#13618,#13619);
#10864=AXIS2_PLACEMENT_3D('',#16656,#13620,#13621);
#10865=AXIS2_PLACEMENT_3D('',#16658,#13623,#13624);
#10866=AXIS2_PLACEMENT_3D('',#16659,#13625,#13626);
#10867=AXIS2_PLACEMENT_3D('',#16660,#13627,#13628);
#10868=AXIS2_PLACEMENT_3D('',#16662,#13630,#13631);
#10869=AXIS2_PLACEMENT_3D('',#16666,#13634,#13635);
#10870=AXIS2_PLACEMENT_3D('',#16668,#13636,#13637);
#10871=AXIS2_PLACEMENT_3D('',#16670,#13639,#13640);
#10872=AXIS2_PLACEMENT_3D('',#16672,#13641,#13642);
#10873=AXIS2_PLACEMENT_3D('',#16674,#13644,#13645);
#10874=AXIS2_PLACEMENT_3D('',#16678,#13648,#13649);
#10875=AXIS2_PLACEMENT_3D('',#16680,#13650,#13651);
#10876=AXIS2_PLACEMENT_3D('',#16682,#13653,#13654);
#10877=AXIS2_PLACEMENT_3D('',#16686,#13657,#13658);
#10878=AXIS2_PLACEMENT_3D('',#16688,#13659,#13660);
#10879=AXIS2_PLACEMENT_3D('',#16690,#13662,#13663);
#10880=AXIS2_PLACEMENT_3D('',#16694,#13666,#13667);
#10881=AXIS2_PLACEMENT_3D('',#16696,#13668,#13669);
#10882=AXIS2_PLACEMENT_3D('',#16698,#13671,#13672);
#10883=AXIS2_PLACEMENT_3D('',#16702,#13675,#13676);
#10884=AXIS2_PLACEMENT_3D('',#16704,#13677,#13678);
#10885=AXIS2_PLACEMENT_3D('',#16706,#13680,#13681);
#10886=AXIS2_PLACEMENT_3D('',#16710,#13684,#13685);
#10887=AXIS2_PLACEMENT_3D('',#16712,#13686,#13687);
#10888=AXIS2_PLACEMENT_3D('',#16714,#13689,#13690);
#10889=AXIS2_PLACEMENT_3D('',#16718,#13693,#13694);
#10890=AXIS2_PLACEMENT_3D('',#16720,#13695,#13696);
#10891=AXIS2_PLACEMENT_3D('',#16722,#13698,#13699);
#10892=AXIS2_PLACEMENT_3D('',#16726,#13702,#13703);
#10893=AXIS2_PLACEMENT_3D('',#16728,#13704,#13705);
#10894=AXIS2_PLACEMENT_3D('',#16730,#13707,#13708);
#10895=AXIS2_PLACEMENT_3D('',#16734,#13711,#13712);
#10896=AXIS2_PLACEMENT_3D('',#16736,#13713,#13714);
#10897=AXIS2_PLACEMENT_3D('',#16738,#13716,#13717);
#10898=AXIS2_PLACEMENT_3D('',#16742,#13720,#13721);
#10899=AXIS2_PLACEMENT_3D('',#16744,#13722,#13723);
#10900=AXIS2_PLACEMENT_3D('',#16746,#13725,#13726);
#10901=AXIS2_PLACEMENT_3D('',#16750,#13729,#13730);
#10902=AXIS2_PLACEMENT_3D('',#16752,#13731,#13732);
#10903=AXIS2_PLACEMENT_3D('',#16754,#13734,#13735);
#10904=AXIS2_PLACEMENT_3D('',#16758,#13738,#13739);
#10905=AXIS2_PLACEMENT_3D('',#16760,#13740,#13741);
#10906=AXIS2_PLACEMENT_3D('',#16762,#13743,#13744);
#10907=AXIS2_PLACEMENT_3D('',#16766,#13747,#13748);
#10908=AXIS2_PLACEMENT_3D('',#16768,#13749,#13750);
#10909=AXIS2_PLACEMENT_3D('',#16770,#13752,#13753);
#10910=AXIS2_PLACEMENT_3D('',#16774,#13756,#13757);
#10911=AXIS2_PLACEMENT_3D('',#16776,#13758,#13759);
#10912=AXIS2_PLACEMENT_3D('',#16778,#13761,#13762);
#10913=AXIS2_PLACEMENT_3D('',#16779,#13763,#13764);
#10914=AXIS2_PLACEMENT_3D('',#16780,#13765,#13766);
#10915=AXIS2_PLACEMENT_3D('',#16782,#13768,#13769);
#10916=AXIS2_PLACEMENT_3D('',#16786,#13772,#13773);
#10917=AXIS2_PLACEMENT_3D('',#16788,#13774,#13775);
#10918=AXIS2_PLACEMENT_3D('',#16790,#13777,#13778);
#10919=AXIS2_PLACEMENT_3D('',#16792,#13779,#13780);
#10920=AXIS2_PLACEMENT_3D('',#16794,#13782,#13783);
#10921=AXIS2_PLACEMENT_3D('',#16798,#13786,#13787);
#10922=AXIS2_PLACEMENT_3D('',#16800,#13788,#13789);
#10923=AXIS2_PLACEMENT_3D('',#16802,#13791,#13792);
#10924=AXIS2_PLACEMENT_3D('',#16806,#13795,#13796);
#10925=AXIS2_PLACEMENT_3D('',#16808,#13797,#13798);
#10926=AXIS2_PLACEMENT_3D('',#16810,#13800,#13801);
#10927=AXIS2_PLACEMENT_3D('',#16814,#13804,#13805);
#10928=AXIS2_PLACEMENT_3D('',#16816,#13806,#13807);
#10929=AXIS2_PLACEMENT_3D('',#16818,#13809,#13810);
#10930=AXIS2_PLACEMENT_3D('',#16822,#13813,#13814);
#10931=AXIS2_PLACEMENT_3D('',#16824,#13815,#13816);
#10932=AXIS2_PLACEMENT_3D('',#16826,#13818,#13819);
#10933=AXIS2_PLACEMENT_3D('',#16830,#13822,#13823);
#10934=AXIS2_PLACEMENT_3D('',#16832,#13824,#13825);
#10935=AXIS2_PLACEMENT_3D('',#16834,#13827,#13828);
#10936=AXIS2_PLACEMENT_3D('',#16838,#13831,#13832);
#10937=AXIS2_PLACEMENT_3D('',#16839,#13833,#13834);
#10938=AXIS2_PLACEMENT_3D('',#16840,#13835,#13836);
#10939=AXIS2_PLACEMENT_3D('',#16842,#13837,#13838);
#10940=AXIS2_PLACEMENT_3D('',#16844,#13840,#13841);
#10941=AXIS2_PLACEMENT_3D('',#16848,#13844,#13845);
#10942=AXIS2_PLACEMENT_3D('',#16850,#13846,#13847);
#10943=AXIS2_PLACEMENT_3D('',#16852,#13849,#13850);
#10944=AXIS2_PLACEMENT_3D('',#16856,#13853,#13854);
#10945=AXIS2_PLACEMENT_3D('',#16858,#13855,#13856);
#10946=AXIS2_PLACEMENT_3D('',#16860,#13858,#13859);
#10947=AXIS2_PLACEMENT_3D('',#16864,#13862,#13863);
#10948=AXIS2_PLACEMENT_3D('',#16866,#13864,#13865);
#10949=AXIS2_PLACEMENT_3D('',#16868,#13867,#13868);
#10950=AXIS2_PLACEMENT_3D('',#16872,#13871,#13872);
#10951=AXIS2_PLACEMENT_3D('',#16874,#13873,#13874);
#10952=AXIS2_PLACEMENT_3D('',#16876,#13876,#13877);
#10953=AXIS2_PLACEMENT_3D('',#16880,#13880,#13881);
#10954=AXIS2_PLACEMENT_3D('',#16882,#13882,#13883);
#10955=AXIS2_PLACEMENT_3D('',#16884,#13885,#13886);
#10956=AXIS2_PLACEMENT_3D('',#16888,#13889,#13890);
#10957=AXIS2_PLACEMENT_3D('',#16890,#13891,#13892);
#10958=AXIS2_PLACEMENT_3D('',#16892,#13894,#13895);
#10959=AXIS2_PLACEMENT_3D('',#16893,#13896,#13897);
#10960=AXIS2_PLACEMENT_3D('',#16894,#13898,#13899);
#10961=AXIS2_PLACEMENT_3D('',#16898,#13902,#13903);
#10962=AXIS2_PLACEMENT_3D('',#16900,#13904,#13905);
#10963=AXIS2_PLACEMENT_3D('',#16902,#13907,#13908);
#10964=AXIS2_PLACEMENT_3D('',#16904,#13909,#13910);
#10965=AXIS2_PLACEMENT_3D('',#16906,#13912,#13913);
#10966=AXIS2_PLACEMENT_3D('',#16910,#13916,#13917);
#10967=AXIS2_PLACEMENT_3D('',#16912,#13918,#13919);
#10968=AXIS2_PLACEMENT_3D('',#16914,#13921,#13922);
#10969=AXIS2_PLACEMENT_3D('',#16918,#13925,#13926);
#10970=AXIS2_PLACEMENT_3D('',#16920,#13927,#13928);
#10971=AXIS2_PLACEMENT_3D('',#16922,#13930,#13931);
#10972=AXIS2_PLACEMENT_3D('',#16926,#13934,#13935);
#10973=AXIS2_PLACEMENT_3D('',#16928,#13936,#13937);
#10974=AXIS2_PLACEMENT_3D('',#16930,#13939,#13940);
#10975=AXIS2_PLACEMENT_3D('',#16934,#13943,#13944);
#10976=AXIS2_PLACEMENT_3D('',#16936,#13945,#13946);
#10977=AXIS2_PLACEMENT_3D('',#16938,#13948,#13949);
#10978=AXIS2_PLACEMENT_3D('',#16942,#13952,#13953);
#10979=AXIS2_PLACEMENT_3D('',#16944,#13954,#13955);
#10980=AXIS2_PLACEMENT_3D('',#16946,#13957,#13958);
#10981=AXIS2_PLACEMENT_3D('',#16950,#13961,#13962);
#10982=AXIS2_PLACEMENT_3D('',#16951,#13963,#13964);
#10983=AXIS2_PLACEMENT_3D('',#16952,#13965,#13966);
#10984=AXIS2_PLACEMENT_3D('',#16953,#13967,#13968);
#10985=DIRECTION('axis',(0.,0.,1.));
#10986=DIRECTION('refdir',(1.,0.,0.));
#10987=DIRECTION('axis',(0.,0.,1.));
#10988=DIRECTION('refdir',(1.,0.,0.));
#10989=DIRECTION('center_axis',(0.,0.,1.));
#10990=DIRECTION('ref_axis',(0.707106781186548,-0.707106781186548,0.));
#10991=DIRECTION('center_axis',(0.,0.,-1.));
#10992=DIRECTION('ref_axis',(0.707106781186548,-0.707106781186548,0.));
#10993=DIRECTION('',(0.,0.,-1.));
#10994=DIRECTION('center_axis',(0.,0.,1.));
#10995=DIRECTION('ref_axis',(0.707106781186548,-0.707106781186548,0.));
#10996=DIRECTION('',(0.,0.,1.));
#10997=DIRECTION('center_axis',(1.,0.,0.));
#10998=DIRECTION('ref_axis',(0.,1.,0.));
#10999=DIRECTION('',(0.,-1.,0.));
#11000=DIRECTION('',(0.,0.,-1.));
#11001=DIRECTION('',(0.,1.,0.));
#11002=DIRECTION('center_axis',(0.,0.,1.));
#11003=DIRECTION('ref_axis',(1.,0.,0.));
#11004=DIRECTION('',(-1.,0.,0.));
#11005=DIRECTION('center_axis',(0.,0.,1.));
#11006=DIRECTION('ref_axis',(0.,1.,0.));
#11007=DIRECTION('center_axis',(0.,0.,-1.));
#11008=DIRECTION('ref_axis',(0.707106781186549,0.707106781186546,0.));
#11009=DIRECTION('',(-1.,0.,0.));
#11010=DIRECTION('center_axis',(0.,0.,1.));
#11011=DIRECTION('ref_axis',(-1.18423789293348E-14,1.,0.));
#11012=DIRECTION('center_axis',(0.,0.,1.));
#11013=DIRECTION('ref_axis',(-1.,0.,0.));
#11014=DIRECTION('',(0.,1.,0.));
#11015=DIRECTION('center_axis',(0.,0.,1.));
#11016=DIRECTION('ref_axis',(1.,0.,0.));
#11017=DIRECTION('',(0.,-1.,0.));
#11018=DIRECTION('center_axis',(0.,0.,1.));
#11019=DIRECTION('ref_axis',(-1.,0.,0.));
#11020=DIRECTION('',(0.,1.,0.));
#11021=DIRECTION('center_axis',(0.,0.,1.));
#11022=DIRECTION('ref_axis',(1.,0.,0.));
#11023=DIRECTION('',(0.,-1.,0.));
#11024=DIRECTION('center_axis',(0.,0.,1.));
#11025=DIRECTION('ref_axis',(-1.,0.,0.));
#11026=DIRECTION('',(0.,1.,0.));
#11027=DIRECTION('center_axis',(0.,0.,1.));
#11028=DIRECTION('ref_axis',(1.,0.,0.));
#11029=DIRECTION('',(0.,1.,0.));
#11030=DIRECTION('center_axis',(0.,0.,1.));
#11031=DIRECTION('ref_axis',(-1.18423789293353E-14,-1.,0.));
#11032=DIRECTION('',(-1.,0.,0.));
#11033=DIRECTION('center_axis',(0.,0.,1.));
#11034=DIRECTION('ref_axis',(-0.999999999999926,3.84546048337603E-7,0.));
#11035=DIRECTION('',(0.,1.,0.));
#11036=DIRECTION('center_axis',(0.,0.,1.));
#11037=DIRECTION('ref_axis',(1.,0.,0.));
#11038=DIRECTION('',(0.,-1.,0.));
#11039=DIRECTION('center_axis',(0.,0.,1.));
#11040=DIRECTION('ref_axis',(-1.,0.,0.));
#11041=DIRECTION('',(0.,1.,0.));
#11042=DIRECTION('center_axis',(0.,0.,1.));
#11043=DIRECTION('ref_axis',(1.,0.,0.));
#11044=DIRECTION('',(0.,-1.,0.));
#11045=DIRECTION('center_axis',(0.,0.,1.));
#11046=DIRECTION('ref_axis',(-1.,0.,0.));
#11047=DIRECTION('',(0.,1.,0.));
#11048=DIRECTION('center_axis',(0.,0.,1.));
#11049=DIRECTION('ref_axis',(1.,0.,0.));
#11050=DIRECTION('',(0.,-1.,0.));
#11051=DIRECTION('center_axis',(0.,0.,1.));
#11052=DIRECTION('ref_axis',(-1.,0.,0.));
#11053=DIRECTION('center_axis',(0.,0.,1.));
#11054=DIRECTION('ref_axis',(1.,1.18423789293348E-14,0.));
#11055=DIRECTION('',(-1.,0.,0.));
#11056=DIRECTION('center_axis',(0.,0.,-1.));
#11057=DIRECTION('ref_axis',(-0.707106781186549,0.707106781186546,0.));
#11058=DIRECTION('center_axis',(0.,0.,1.));
#11059=DIRECTION('ref_axis',(0.,1.,0.));
#11060=DIRECTION('',(1.,0.,0.));
#11061=DIRECTION('center_axis',(0.,0.,1.));
#11062=DIRECTION('ref_axis',(-0.707106781186548,-0.707106781186548,0.));
#11063=DIRECTION('',(0.,-1.,0.));
#11064=DIRECTION('center_axis',(0.,0.,1.));
#11065=DIRECTION('ref_axis',(1.,0.,0.));
#11066=DIRECTION('center_axis',(0.,0.,-1.));
#11067=DIRECTION('ref_axis',(0.707106781186546,-0.707106781186549,0.));
#11068=DIRECTION('',(0.,1.,0.));
#11069=DIRECTION('center_axis',(0.,0.,1.));
#11070=DIRECTION('ref_axis',(1.,1.18423789293348E-14,0.));
#11071=DIRECTION('center_axis',(0.,0.,1.));
#11072=DIRECTION('ref_axis',(0.,1.,0.));
#11073=DIRECTION('',(1.,0.,0.));
#11074=DIRECTION('center_axis',(0.,0.,1.));
#11075=DIRECTION('ref_axis',(4.4408920985006E-15,-1.,0.));
#11076=DIRECTION('',(-1.,0.,0.));
#11077=DIRECTION('center_axis',(0.,0.,1.));
#11078=DIRECTION('ref_axis',(0.,1.,0.));
#11079=DIRECTION('',(1.,-2.96059473233376E-15,0.));
#11080=DIRECTION('center_axis',(0.,0.,1.));
#11081=DIRECTION('ref_axis',(0.,-1.,0.));
#11082=DIRECTION('',(-1.,0.,0.));
#11083=DIRECTION('center_axis',(0.,0.,1.));
#11084=DIRECTION('ref_axis',(0.,1.,0.));
#11085=DIRECTION('',(1.,1.48029736616688E-15,0.));
#11086=DIRECTION('center_axis',(0.,0.,1.));
#11087=DIRECTION('ref_axis',(0.,-1.,0.));
#11088=DIRECTION('',(1.,2.96059473233376E-15,0.));
#11089=DIRECTION('center_axis',(0.,0.,1.));
#11090=DIRECTION('ref_axis',(-1.,1.77635683940027E-14,0.));
#11091=DIRECTION('',(0.,1.,0.));
#11092=DIRECTION('center_axis',(0.,0.,1.));
#11093=DIRECTION('ref_axis',(3.84546042416415E-7,0.999999999999926,0.));
#11094=DIRECTION('',(1.,-2.96059473233376E-15,0.));
#11095=DIRECTION('center_axis',(0.,0.,1.));
#11096=DIRECTION('ref_axis',(0.,-1.,0.));
#11097=DIRECTION('',(-1.,0.,0.));
#11098=DIRECTION('center_axis',(0.,0.,1.));
#11099=DIRECTION('ref_axis',(0.,1.,0.));
#11100=DIRECTION('',(1.,2.96059473233376E-15,0.));
#11101=DIRECTION('center_axis',(0.,0.,1.));
#11102=DIRECTION('ref_axis',(0.,-1.,0.));
#11103=DIRECTION('',(-1.,0.,0.));
#11104=DIRECTION('center_axis',(0.,0.,1.));
#11105=DIRECTION('ref_axis',(0.,1.,0.));
#11106=DIRECTION('',(1.,0.,0.));
#11107=DIRECTION('center_axis',(0.,0.,1.));
#11108=DIRECTION('ref_axis',(4.44089209850064E-15,-1.,0.));
#11109=DIRECTION('',(-1.,0.,0.));
#11110=DIRECTION('center_axis',(0.,0.,1.));
#11111=DIRECTION('ref_axis',(0.,1.,0.));
#11112=DIRECTION('center_axis',(0.,0.,1.));
#11113=DIRECTION('ref_axis',(1.18423789293348E-14,-1.,0.));
#11114=DIRECTION('',(0.,1.,0.));
#11115=DIRECTION('center_axis',(0.,0.,-1.));
#11116=DIRECTION('ref_axis',(0.707106781186546,0.707106781186549,0.));
#11117=DIRECTION('center_axis',(0.,0.,1.));
#11118=DIRECTION('ref_axis',(1.,0.,0.));
#11119=DIRECTION('',(0.,1.,0.));
#11120=DIRECTION('center_axis',(0.,0.,1.));
#11121=DIRECTION('ref_axis',(-0.707106781186548,0.707106781186548,0.));
#11122=DIRECTION('',(1.,0.,0.));
#11123=DIRECTION('center_axis',(0.,0.,1.));
#11124=DIRECTION('ref_axis',(0.,-1.,0.));
#11125=DIRECTION('center_axis',(0.,0.,-1.));
#11126=DIRECTION('ref_axis',(-0.707106781186549,-0.707106781186546,0.));
#11127=DIRECTION('',(1.,0.,0.));
#11128=DIRECTION('center_axis',(0.,0.,1.));
#11129=DIRECTION('ref_axis',(1.18423789293348E-14,-1.,0.));
#11130=DIRECTION('center_axis',(0.,0.,1.));
#11131=DIRECTION('ref_axis',(1.,0.,0.));
#11132=DIRECTION('',(0.,-1.,0.));
#11133=DIRECTION('center_axis',(0.,0.,1.));
#11134=DIRECTION('ref_axis',(-1.,0.,0.));
#11135=DIRECTION('',(0.,1.,0.));
#11136=DIRECTION('center_axis',(0.,0.,1.));
#11137=DIRECTION('ref_axis',(1.,0.,0.));
#11138=DIRECTION('',(0.,-1.,0.));
#11139=DIRECTION('center_axis',(0.,0.,1.));
#11140=DIRECTION('ref_axis',(-1.,0.,0.));
#11141=DIRECTION('',(0.,1.,0.));
#11142=DIRECTION('center_axis',(0.,0.,1.));
#11143=DIRECTION('ref_axis',(1.,0.,0.));
#11144=DIRECTION('',(0.,-1.,0.));
#11145=DIRECTION('center_axis',(0.,0.,1.));
#11146=DIRECTION('ref_axis',(-1.,0.,0.));
#11147=DIRECTION('',(0.,-1.,0.));
#11148=DIRECTION('center_axis',(0.,0.,1.));
#11149=DIRECTION('ref_axis',(1.18423789293353E-14,1.,0.));
#11150=DIRECTION('',(1.,0.,0.));
#11151=DIRECTION('center_axis',(0.,0.,1.));
#11152=DIRECTION('ref_axis',(0.999999999999926,-3.84546048337603E-7,0.));
#11153=DIRECTION('',(0.,-1.,0.));
#11154=DIRECTION('center_axis',(0.,0.,1.));
#11155=DIRECTION('ref_axis',(-1.,0.,0.));
#11156=DIRECTION('',(0.,1.,0.));
#11157=DIRECTION('center_axis',(0.,0.,1.));
#11158=DIRECTION('ref_axis',(1.,0.,0.));
#11159=DIRECTION('',(0.,-1.,0.));
#11160=DIRECTION('center_axis',(0.,0.,1.));
#11161=DIRECTION('ref_axis',(-1.,0.,0.));
#11162=DIRECTION('',(0.,1.,0.));
#11163=DIRECTION('center_axis',(0.,0.,1.));
#11164=DIRECTION('ref_axis',(1.,0.,0.));
#11165=DIRECTION('',(0.,-1.,0.));
#11166=DIRECTION('center_axis',(0.,0.,1.));
#11167=DIRECTION('ref_axis',(-1.,0.,0.));
#11168=DIRECTION('',(0.,1.,0.));
#11169=DIRECTION('center_axis',(0.,0.,1.));
#11170=DIRECTION('ref_axis',(1.,0.,0.));
#11171=DIRECTION('center_axis',(0.,0.,1.));
#11172=DIRECTION('ref_axis',(-1.,-1.18423789293348E-14,0.));
#11173=DIRECTION('',(-1.,0.,0.));
#11174=DIRECTION('center_axis',(0.,0.,-1.));
#11175=DIRECTION('ref_axis',(0.707106781186549,-0.707106781186546,0.));
#11176=DIRECTION('center_axis',(0.,0.,1.));
#11177=DIRECTION('ref_axis',(0.,-1.,0.));
#11178=DIRECTION('',(1.,0.,0.));
#11179=DIRECTION('center_axis',(0.,0.,1.));
#11180=DIRECTION('ref_axis',(0.707106781186548,0.707106781186548,0.));
#11181=DIRECTION('',(0.,-1.,0.));
#11182=DIRECTION('center_axis',(0.,0.,1.));
#11183=DIRECTION('ref_axis',(-1.,0.,0.));
#11184=DIRECTION('center_axis',(0.,0.,-1.));
#11185=DIRECTION('ref_axis',(-0.707106781186546,0.707106781186549,0.));
#11186=DIRECTION('',(0.,-1.,0.));
#11187=DIRECTION('center_axis',(0.,0.,1.));
#11188=DIRECTION('ref_axis',(-1.,-1.18423789293348E-14,0.));
#11189=DIRECTION('center_axis',(0.,0.,1.));
#11190=DIRECTION('ref_axis',(0.,-1.,0.));
#11191=DIRECTION('',(-1.,0.,0.));
#11192=DIRECTION('center_axis',(0.,0.,1.));
#11193=DIRECTION('ref_axis',(-4.4408920985006E-15,1.,0.));
#11194=DIRECTION('',(1.,0.,0.));
#11195=DIRECTION('center_axis',(0.,0.,1.));
#11196=DIRECTION('ref_axis',(0.,-1.,0.));
#11197=DIRECTION('',(-1.,2.96059473233376E-15,0.));
#11198=DIRECTION('center_axis',(0.,0.,1.));
#11199=DIRECTION('ref_axis',(0.,1.,0.));
#11200=DIRECTION('',(1.,0.,0.));
#11201=DIRECTION('center_axis',(0.,0.,1.));
#11202=DIRECTION('ref_axis',(0.,-1.,0.));
#11203=DIRECTION('',(-1.,-1.48029736616688E-15,0.));
#11204=DIRECTION('center_axis',(0.,0.,1.));
#11205=DIRECTION('ref_axis',(0.,1.,0.));
#11206=DIRECTION('',(-1.,-2.96059473233376E-15,0.));
#11207=DIRECTION('center_axis',(0.,0.,1.));
#11208=DIRECTION('ref_axis',(1.,-1.77635683940027E-14,0.));
#11209=DIRECTION('',(0.,-1.,0.));
#11210=DIRECTION('center_axis',(0.,0.,1.));
#11211=DIRECTION('ref_axis',(-3.84546042416415E-7,-0.999999999999926,0.));
#11212=DIRECTION('',(-1.,2.96059473233376E-15,0.));
#11213=DIRECTION('center_axis',(0.,0.,1.));
#11214=DIRECTION('ref_axis',(0.,1.,0.));
#11215=DIRECTION('',(1.,0.,0.));
#11216=DIRECTION('center_axis',(0.,0.,1.));
#11217=DIRECTION('ref_axis',(0.,-1.,0.));
#11218=DIRECTION('',(-1.,-2.96059473233376E-15,0.));
#11219=DIRECTION('center_axis',(0.,0.,1.));
#11220=DIRECTION('ref_axis',(0.,1.,0.));
#11221=DIRECTION('',(1.,0.,0.));
#11222=DIRECTION('center_axis',(0.,0.,1.));
#11223=DIRECTION('ref_axis',(0.,-1.,0.));
#11224=DIRECTION('',(-1.,0.,0.));
#11225=DIRECTION('center_axis',(0.,0.,1.));
#11226=DIRECTION('ref_axis',(-4.44089209850064E-15,1.,0.));
#11227=DIRECTION('',(1.,0.,0.));
#11228=DIRECTION('center_axis',(0.,0.,1.));
#11229=DIRECTION('ref_axis',(0.,-1.,0.));
#11230=DIRECTION('center_axis',(0.,0.,1.));
#11231=DIRECTION('ref_axis',(-1.18423789293348E-14,1.,0.));
#11232=DIRECTION('',(0.,1.,0.));
#11233=DIRECTION('center_axis',(0.,0.,-1.));
#11234=DIRECTION('ref_axis',(-0.707106781186546,-0.707106781186549,0.));
#11235=DIRECTION('center_axis',(0.,0.,1.));
#11236=DIRECTION('ref_axis',(-1.,0.,0.));
#11237=DIRECTION('',(1.,0.,0.));
#11238=DIRECTION('center_axis',(0.,0.,-1.));
#11239=DIRECTION('ref_axis',(0.707106781186551,-0.707106781186544,0.));
#11240=DIRECTION('',(0.,1.,0.));
#11241=DIRECTION('',(1.,0.,0.));
#11242=DIRECTION('',(0.,-1.,0.));
#11243=DIRECTION('',(1.,2.97646923491999E-17,0.));
#11244=DIRECTION('center_axis',(0.,0.,-1.));
#11245=DIRECTION('ref_axis',(0.,1.,0.));
#11246=DIRECTION('center_axis',(0.,0.,-1.));
#11247=DIRECTION('ref_axis',(-0.998012838799489,0.0630109005758989,0.));
#11248=DIRECTION('center_axis',(0.,0.,1.));
#11249=DIRECTION('ref_axis',(0.72531453722735,0.688417621859489,0.));
#11250=DIRECTION('center_axis',(0.,0.,1.));
#11251=DIRECTION('ref_axis',(-0.9979715561291,0.0636613945595121,0.));
#11252=DIRECTION('center_axis',(0.,0.,-1.));
#11253=DIRECTION('ref_axis',(-0.629721883597619,-0.776820667411898,0.));
#11254=DIRECTION('center_axis',(0.,0.,-1.));
#11255=DIRECTION('ref_axis',(-0.707106781186548,0.707106781186547,0.));
#11256=DIRECTION('',(0.,1.,0.));
#11257=DIRECTION('center_axis',(0.,0.,-1.));
#11258=DIRECTION('ref_axis',(-0.707106782223053,-0.707106780150042,0.));
#11259=DIRECTION('',(-1.,2.93168156417778E-9,0.));
#11260=DIRECTION('center_axis',(0.,0.,-1.));
#11261=DIRECTION('ref_axis',(0.707106780150042,-0.707106782223053,0.));
#11262=DIRECTION('',(0.,-1.,0.));
#11263=DIRECTION('center_axis',(0.,0.,-1.));
#11264=DIRECTION('ref_axis',(0.707106781186548,0.707106781186548,0.));
#11265=DIRECTION('',(1.,0.,0.));
#11266=DIRECTION('center_axis',(0.,0.,-1.));
#11267=DIRECTION('ref_axis',(0.707106781186548,-0.707106781186547,0.));
#11268=DIRECTION('',(0.,-1.,0.));
#11269=DIRECTION('center_axis',(0.,0.,-1.));
#11270=DIRECTION('ref_axis',(0.707106781186548,0.707106781186547,0.));
#11271=DIRECTION('',(1.,0.,0.));
#11272=DIRECTION('center_axis',(0.,0.,-1.));
#11273=DIRECTION('ref_axis',(-0.707106781186547,0.707106781186547,0.));
#11274=DIRECTION('',(0.,1.,0.));
#11275=DIRECTION('center_axis',(0.,0.,-1.));
#11276=DIRECTION('ref_axis',(-0.707106781186547,-0.707106781186547,0.));
#11277=DIRECTION('',(-1.,0.,0.));
#11278=DIRECTION('center_axis',(0.,0.,-1.));
#11279=DIRECTION('ref_axis',(-0.707106780150042,0.707106782223053,0.));
#11280=DIRECTION('',(0.,1.,0.));
#11281=DIRECTION('center_axis',(0.,0.,-1.));
#11282=DIRECTION('ref_axis',(-0.707106781186548,-0.707106781186548,0.));
#11283=DIRECTION('',(-1.,0.,0.));
#11284=DIRECTION('center_axis',(0.,0.,-1.));
#11285=DIRECTION('ref_axis',(0.707106781186548,-0.707106781186547,0.));
#11286=DIRECTION('',(0.,-1.,0.));
#11287=DIRECTION('',(1.,-2.93168156417778E-9,0.));
#11288=DIRECTION('center_axis',(0.,0.,-1.));
#11289=DIRECTION('ref_axis',(-0.707106782223053,0.707106780150042,0.));
#11290=DIRECTION('',(0.,1.,0.));
#11291=DIRECTION('center_axis',(0.,0.,-1.));
#11292=DIRECTION('ref_axis',(-0.707106781186547,-0.707106781186548,0.));
#11293=DIRECTION('',(-1.,0.,0.));
#11294=DIRECTION('center_axis',(0.,0.,-1.));
#11295=DIRECTION('ref_axis',(0.707106781186548,-0.707106781186548,0.));
#11296=DIRECTION('',(0.,-1.,0.));
#11297=DIRECTION('center_axis',(0.,0.,-1.));
#11298=DIRECTION('ref_axis',(0.707106780150042,0.707106782223053,0.));
#11299=DIRECTION('',(1.,2.93168156417778E-9,0.));
#11300=DIRECTION('center_axis',(0.,0.,1.));
#11301=DIRECTION('ref_axis',(0.921954441102464,-0.387298345634786,0.));
#11302=DIRECTION('center_axis',(0.,0.,-1.));
#11303=DIRECTION('ref_axis',(-0.4,0.916515138991168,0.));
#11304=DIRECTION('',(0.,1.,0.));
#11305=DIRECTION('center_axis',(0.,0.,-1.));
#11306=DIRECTION('ref_axis',(-0.707106781186548,-0.707106781186547,0.));
#11307=DIRECTION('',(-1.,0.,0.));
#11308=DIRECTION('center_axis',(0.,0.,-1.));
#11309=DIRECTION('ref_axis',(0.707106781186548,-0.707106781186547,0.));
#11310=DIRECTION('',(0.,-1.,0.));
#11311=DIRECTION('center_axis',(0.,0.,-1.));
#11312=DIRECTION('ref_axis',(0.4,0.916515138991168,0.));
#11313=DIRECTION('center_axis',(0.,0.,1.));
#11314=DIRECTION('ref_axis',(-0.921954441102464,-0.387298345634786,0.));
#11315=DIRECTION('',(1.75900926654415E-8,-1.,0.));
#11316=DIRECTION('center_axis',(0.,0.,-1.));
#11317=DIRECTION('ref_axis',(0.707106774967511,0.707106787405584,0.));
#11318=DIRECTION('',(1.,0.,0.));
#11319=DIRECTION('center_axis',(0.,0.,-1.));
#11320=DIRECTION('ref_axis',(-0.707106774967511,0.707106787405585,0.));
#11321=DIRECTION('',(1.75900926654415E-8,1.,0.));
#11322=DIRECTION('center_axis',(0.,0.,1.));
#11323=DIRECTION('ref_axis',(0.997912581683641,0.064579248350309,0.));
#11324=DIRECTION('center_axis',(0.,0.,-1.));
#11325=DIRECTION('ref_axis',(0.707106781186548,0.707106781186548,0.));
#11326=DIRECTION('',(1.,0.,0.));
#11327=DIRECTION('center_axis',(0.,0.,1.));
#11328=DIRECTION('ref_axis',(-1.,-1.18423789293348E-14,0.));
#11329=DIRECTION('',(0.,-1.,0.));
#11330=DIRECTION('center_axis',(0.,0.,-1.));
#11331=DIRECTION('ref_axis',(1.,0.,0.));
#11332=DIRECTION('',(0.,1.,0.));
#11333=DIRECTION('center_axis',(0.,0.,1.));
#11334=DIRECTION('ref_axis',(-1.,0.,0.));
#11335=DIRECTION('',(0.,-1.,0.));
#11336=DIRECTION('center_axis',(0.,0.,-1.));
#11337=DIRECTION('ref_axis',(1.,0.,0.));
#11338=DIRECTION('',(0.,1.,0.));
#11339=DIRECTION('center_axis',(0.,0.,1.));
#11340=DIRECTION('ref_axis',(-1.,0.,0.));
#11341=DIRECTION('',(0.,-1.,0.));
#11342=DIRECTION('center_axis',(0.,0.,-1.));
#11343=DIRECTION('ref_axis',(1.,0.,0.));
#11344=DIRECTION('',(0.,1.,0.));
#11345=DIRECTION('center_axis',(0.,0.,1.));
#11346=DIRECTION('ref_axis',(-1.,0.,0.));
#11347=DIRECTION('center_axis',(0.,0.,-1.));
#11348=DIRECTION('ref_axis',(0.992392692814077,-0.123112725780989,0.));
#11349=DIRECTION('center_axis',(0.,0.,1.));
#11350=DIRECTION('ref_axis',(0.921954450356113,-0.387298323606696,0.));
#11351=DIRECTION('center_axis',(0.,0.,-1.));
#11352=DIRECTION('ref_axis',(-0.400000000000001,0.916515138991168,0.));
#11353=DIRECTION('',(0.,1.,0.));
#11354=DIRECTION('center_axis',(0.,0.,-1.));
#11355=DIRECTION('ref_axis',(-0.707106781186547,-0.707106781186548,0.));
#11356=DIRECTION('',(-1.,0.,0.));
#11357=DIRECTION('center_axis',(0.,0.,1.));
#11358=DIRECTION('ref_axis',(0.707106781186548,0.707106781186547,0.));
#11359=DIRECTION('',(0.,1.,0.));
#11360=DIRECTION('center_axis',(0.,0.,-1.));
#11361=DIRECTION('ref_axis',(-0.707106781186548,-0.707106781186547,0.));
#11362=DIRECTION('',(-1.,0.,0.));
#11363=DIRECTION('center_axis',(0.,0.,-1.));
#11364=DIRECTION('ref_axis',(0.714142842854285,-0.700000000000001,0.));
#11365=DIRECTION('center_axis',(0.,0.,1.));
#11366=DIRECTION('ref_axis',(-0.273861278752583,0.961769203083567,0.));
#11367=DIRECTION('',(-1.,0.,0.));
#11368=DIRECTION('center_axis',(0.,0.,-1.));
#11369=DIRECTION('ref_axis',(0.707106781186547,-0.707106781186547,0.));
#11370=DIRECTION('',(0.,-1.,0.));
#11371=DIRECTION('center_axis',(0.,0.,-1.));
#11372=DIRECTION('ref_axis',(1.,5.92118946466745E-15,0.));
#11373=DIRECTION('center_axis',(0.,0.,1.));
#11374=DIRECTION('ref_axis',(0.,1.,0.));
#11375=DIRECTION('',(-1.,0.,0.));
#11376=DIRECTION('center_axis',(0.,0.,-1.));
#11377=DIRECTION('ref_axis',(0.,-1.,0.));
#11378=DIRECTION('',(1.,0.,0.));
#11379=DIRECTION('center_axis',(0.,0.,1.));
#11380=DIRECTION('ref_axis',(0.,1.,0.));
#11381=DIRECTION('',(-1.,0.,0.));
#11382=DIRECTION('center_axis',(0.,0.,-1.));
#11383=DIRECTION('ref_axis',(0.,-1.,0.));
#11384=DIRECTION('',(1.,0.,0.));
#11385=DIRECTION('center_axis',(0.,0.,1.));
#11386=DIRECTION('ref_axis',(0.,1.,0.));
#11387=DIRECTION('',(-1.,0.,0.));
#11388=DIRECTION('center_axis',(0.,0.,-1.));
#11389=DIRECTION('ref_axis',(0.,-1.,0.));
#11390=DIRECTION('',(1.,0.,0.));
#11391=DIRECTION('center_axis',(0.,0.,1.));
#11392=DIRECTION('ref_axis',(-1.,-1.18423789293348E-14,0.));
#11393=DIRECTION('',(0.,-1.,0.));
#11394=DIRECTION('center_axis',(0.,0.,-1.));
#11395=DIRECTION('ref_axis',(0.707106781186548,0.707106781186548,0.));
#11396=DIRECTION('center_axis',(0.,0.,1.));
#11397=DIRECTION('ref_axis',(0.064579248350309,-0.997912581683641,0.));
#11398=DIRECTION('center_axis',(0.,0.,-1.));
#11399=DIRECTION('ref_axis',(0.707106781186548,-0.707106781186548,0.));
#11400=DIRECTION('',(0.,-1.,0.));
#11401=DIRECTION('center_axis',(0.,0.,1.));
#11402=DIRECTION('ref_axis',(-1.18423789293348E-14,1.,0.));
#11403=DIRECTION('',(-1.,0.,0.));
#11404=DIRECTION('center_axis',(0.,0.,-1.));
#11405=DIRECTION('ref_axis',(0.,-1.,0.));
#11406=DIRECTION('',(1.,0.,0.));
#11407=DIRECTION('center_axis',(0.,0.,1.));
#11408=DIRECTION('ref_axis',(-2.96059473233376E-15,1.,0.));
#11409=DIRECTION('',(-1.,0.,0.));
#11410=DIRECTION('center_axis',(0.,0.,-1.));
#11411=DIRECTION('ref_axis',(0.,-1.,0.));
#11412=DIRECTION('',(1.,0.,0.));
#11413=DIRECTION('center_axis',(0.,0.,1.));
#11414=DIRECTION('ref_axis',(0.,1.,0.));
#11415=DIRECTION('',(-1.,0.,0.));
#11416=DIRECTION('center_axis',(0.,0.,-1.));
#11417=DIRECTION('ref_axis',(0.,-1.,0.));
#11418=DIRECTION('',(1.,0.,0.));
#11419=DIRECTION('center_axis',(0.,0.,1.));
#11420=DIRECTION('ref_axis',(0.,1.,0.));
#11421=DIRECTION('center_axis',(0.,0.,-1.));
#11422=DIRECTION('ref_axis',(5.92118946466745E-15,-1.,0.));
#11423=DIRECTION('',(0.,-1.,0.));
#11424=DIRECTION('center_axis',(0.,0.,-1.));
#11425=DIRECTION('ref_axis',(0.707106781186547,0.707106781186547,0.));
#11426=DIRECTION('',(1.,0.,0.));
#11427=DIRECTION('center_axis',(0.,0.,1.));
#11428=DIRECTION('ref_axis',(-0.273861278752583,-0.961769203083567,0.));
#11429=DIRECTION('center_axis',(0.,0.,-1.));
#11430=DIRECTION('ref_axis',(0.714142842854285,0.7,0.));
#11431=DIRECTION('',(1.,0.,0.));
#11432=DIRECTION('center_axis',(0.,0.,-1.));
#11433=DIRECTION('ref_axis',(-0.707106781186548,0.707106781186547,0.));
#11434=DIRECTION('',(0.,1.,0.));
#11435=DIRECTION('center_axis',(0.,0.,1.));
#11436=DIRECTION('ref_axis',(0.707106781186548,-0.707106781186548,0.));
#11437=DIRECTION('',(1.,0.,0.));
#11438=DIRECTION('center_axis',(0.,0.,-1.));
#11439=DIRECTION('ref_axis',(-0.707106781186548,0.707106781186547,0.));
#11440=DIRECTION('',(0.,1.,0.));
#11441=DIRECTION('center_axis',(0.,0.,-1.));
#11442=DIRECTION('ref_axis',(-0.400000000000001,-0.916515138991168,0.));
#11443=DIRECTION('center_axis',(0.,0.,1.));
#11444=DIRECTION('ref_axis',(0.921954450356113,0.387298323606696,0.));
#11445=DIRECTION('',(1.75900927061108E-8,1.,0.));
#11446=DIRECTION('center_axis',(0.,0.,-1.));
#11447=DIRECTION('ref_axis',(-0.666666837416127,-0.745355839776934,0.));
#11448=DIRECTION('center_axis',(0.,0.,-1.));
#11449=DIRECTION('ref_axis',(-1.75900982668511E-8,-1.,0.));
#11450=DIRECTION('center_axis',(0.,0.,1.));
#11451=DIRECTION('ref_axis',(1.,0.,0.));
#11452=DIRECTION('',(0.,1.,0.));
#11453=DIRECTION('center_axis',(0.,0.,-1.));
#11454=DIRECTION('ref_axis',(-1.,0.,0.));
#11455=DIRECTION('',(0.,-1.,0.));
#11456=DIRECTION('center_axis',(0.,0.,1.));
#11457=DIRECTION('ref_axis',(1.,0.,0.));
#11458=DIRECTION('',(0.,1.,0.));
#11459=DIRECTION('center_axis',(0.,0.,-1.));
#11460=DIRECTION('ref_axis',(-1.,0.,0.));
#11461=DIRECTION('',(0.,-1.,0.));
#11462=DIRECTION('center_axis',(0.,0.,1.));
#11463=DIRECTION('ref_axis',(1.,0.,0.));
#11464=DIRECTION('',(0.,1.,0.));
#11465=DIRECTION('center_axis',(0.,0.,-1.));
#11466=DIRECTION('ref_axis',(-1.,0.,0.));
#11467=DIRECTION('',(0.,-1.,0.));
#11468=DIRECTION('center_axis',(0.,0.,1.));
#11469=DIRECTION('ref_axis',(-1.18423789293348E-14,1.,0.));
#11470=DIRECTION('',(-1.,0.,0.));
#11471=DIRECTION('center_axis',(0.,0.,-1.));
#11472=DIRECTION('ref_axis',(0.707106781186548,-0.707106781186548,0.));
#11473=DIRECTION('center_axis',(0.,0.,-1.));
#11474=DIRECTION('ref_axis',(0.707106781186547,0.707106781186547,0.));
#11475=DIRECTION('',(1.,0.,0.));
#11476=DIRECTION('center_axis',(0.,0.,-1.));
#11477=DIRECTION('ref_axis',(-0.707106781186548,0.707106781186547,0.));
#11478=DIRECTION('',(0.,1.,0.));
#11479=DIRECTION('center_axis',(0.,0.,-1.));
#11480=DIRECTION('ref_axis',(-0.707106781186548,-0.707106781186547,0.));
#11481=DIRECTION('',(-1.,0.,0.));
#11482=DIRECTION('center_axis',(0.,0.,-1.));
#11483=DIRECTION('ref_axis',(0.707106781186547,-0.707106781186547,0.));
#11484=DIRECTION('',(0.,-1.,0.));
#11485=DIRECTION('center_axis',(0.,0.,1.));
#11486=DIRECTION('ref_axis',(-0.0645792483503093,0.997912581683641,0.));
#11487=DIRECTION('center_axis',(0.,0.,-1.));
#11488=DIRECTION('ref_axis',(-0.707106781186548,0.707106781186548,0.));
#11489=DIRECTION('',(0.,1.,0.));
#11490=DIRECTION('center_axis',(0.,0.,1.));
#11491=DIRECTION('ref_axis',(1.18423789293348E-14,-1.,0.));
#11492=DIRECTION('',(1.,0.,0.));
#11493=DIRECTION('center_axis',(0.,0.,-1.));
#11494=DIRECTION('ref_axis',(0.,1.,0.));
#11495=DIRECTION('',(-1.,0.,0.));
#11496=DIRECTION('center_axis',(0.,0.,1.));
#11497=DIRECTION('ref_axis',(2.96059473233376E-15,-1.,0.));
#11498=DIRECTION('',(1.,0.,0.));
#11499=DIRECTION('center_axis',(0.,0.,-1.));
#11500=DIRECTION('ref_axis',(0.,1.,0.));
#11501=DIRECTION('',(-1.,0.,0.));
#11502=DIRECTION('center_axis',(0.,0.,1.));
#11503=DIRECTION('ref_axis',(0.,-1.,0.));
#11504=DIRECTION('',(1.,0.,0.));
#11505=DIRECTION('center_axis',(0.,0.,-1.));
#11506=DIRECTION('ref_axis',(0.,1.,0.));
#11507=DIRECTION('',(-1.,0.,0.));
#11508=DIRECTION('center_axis',(0.,0.,1.));
#11509=DIRECTION('ref_axis',(0.,-1.,0.));
#11510=DIRECTION('center_axis',(0.,0.,-1.));
#11511=DIRECTION('ref_axis',(-5.92118946466745E-15,1.,0.));
#11512=DIRECTION('',(0.,1.,0.));
#11513=DIRECTION('center_axis',(0.,0.,-1.));
#11514=DIRECTION('ref_axis',(-0.707106781186547,-0.707106781186547,0.));
#11515=DIRECTION('',(-1.,0.,0.));
#11516=DIRECTION('center_axis',(0.,0.,1.));
#11517=DIRECTION('ref_axis',(0.273861278752583,0.961769203083567,0.));
#11518=DIRECTION('center_axis',(0.,0.,-1.));
#11519=DIRECTION('ref_axis',(-0.714142842854285,-0.7,0.));
#11520=DIRECTION('',(-1.,0.,0.));
#11521=DIRECTION('center_axis',(0.,0.,-1.));
#11522=DIRECTION('ref_axis',(0.707106781186548,-0.707106781186547,0.));
#11523=DIRECTION('',(0.,-1.,0.));
#11524=DIRECTION('center_axis',(0.,0.,1.));
#11525=DIRECTION('ref_axis',(-0.707106781186548,0.707106781186548,0.));
#11526=DIRECTION('',(-1.,0.,0.));
#11527=DIRECTION('center_axis',(0.,0.,-1.));
#11528=DIRECTION('ref_axis',(0.707106781186548,-0.707106781186547,0.));
#11529=DIRECTION('',(0.,-1.,0.));
#11530=DIRECTION('center_axis',(0.,0.,1.));
#11531=DIRECTION('ref_axis',(-0.400000016121586,-0.916515131955131,0.));
#11532=DIRECTION('',(-1.75900927061108E-8,-1.,0.));
#11533=DIRECTION('center_axis',(0.,0.,-1.));
#11534=DIRECTION('ref_axis',(0.666666828621094,0.745355847643455,0.));
#11535=DIRECTION('center_axis',(0.,0.,-1.));
#11536=DIRECTION('ref_axis',(-8.88178419700118E-15,1.,0.));
#11537=DIRECTION('center_axis',(0.,0.,1.));
#11538=DIRECTION('ref_axis',(-1.,0.,0.));
#11539=DIRECTION('',(0.,-1.,0.));
#11540=DIRECTION('center_axis',(0.,0.,-1.));
#11541=DIRECTION('ref_axis',(1.,0.,0.));
#11542=DIRECTION('',(0.,1.,0.));
#11543=DIRECTION('center_axis',(0.,0.,1.));
#11544=DIRECTION('ref_axis',(-1.,0.,0.));
#11545=DIRECTION('',(0.,-1.,0.));
#11546=DIRECTION('center_axis',(0.,0.,-1.));
#11547=DIRECTION('ref_axis',(1.,0.,0.));
#11548=DIRECTION('',(0.,1.,0.));
#11549=DIRECTION('center_axis',(0.,0.,1.));
#11550=DIRECTION('ref_axis',(-1.,0.,0.));
#11551=DIRECTION('',(0.,-1.,0.));
#11552=DIRECTION('center_axis',(0.,0.,-1.));
#11553=DIRECTION('ref_axis',(1.,0.,0.));
#11554=DIRECTION('',(0.,1.,0.));
#11555=DIRECTION('center_axis',(0.,0.,1.));
#11556=DIRECTION('ref_axis',(1.18423789293348E-14,-1.,0.));
#11557=DIRECTION('',(1.,0.,0.));
#11558=DIRECTION('center_axis',(0.,0.,-1.));
#11559=DIRECTION('ref_axis',(-0.707106781186548,0.707106781186548,0.));
#11560=DIRECTION('center_axis',(0.,0.,1.));
#11561=DIRECTION('ref_axis',(-0.997912581683641,-0.064579248350309,0.));
#11562=DIRECTION('center_axis',(0.,0.,-1.));
#11563=DIRECTION('ref_axis',(-0.707106781186548,-0.707106781186548,0.));
#11564=DIRECTION('',(-1.,0.,0.));
#11565=DIRECTION('center_axis',(0.,0.,1.));
#11566=DIRECTION('ref_axis',(1.,1.18423789293348E-14,0.));
#11567=DIRECTION('',(0.,1.,0.));
#11568=DIRECTION('center_axis',(0.,0.,-1.));
#11569=DIRECTION('ref_axis',(-1.,0.,0.));
#11570=DIRECTION('',(0.,-1.,0.));
#11571=DIRECTION('center_axis',(0.,0.,1.));
#11572=DIRECTION('ref_axis',(1.,0.,0.));
#11573=DIRECTION('',(0.,1.,0.));
#11574=DIRECTION('center_axis',(0.,0.,-1.));
#11575=DIRECTION('ref_axis',(-1.,0.,0.));
#11576=DIRECTION('',(0.,-1.,0.));
#11577=DIRECTION('center_axis',(0.,0.,1.));
#11578=DIRECTION('ref_axis',(1.,0.,0.));
#11579=DIRECTION('',(0.,1.,0.));
#11580=DIRECTION('center_axis',(0.,0.,-1.));
#11581=DIRECTION('ref_axis',(-1.,0.,0.));
#11582=DIRECTION('',(0.,-1.,0.));
#11583=DIRECTION('center_axis',(0.,0.,1.));
#11584=DIRECTION('ref_axis',(1.,0.,0.));
#11585=DIRECTION('center_axis',(0.,0.,-1.));
#11586=DIRECTION('ref_axis',(-0.992392692814077,0.123112725780989,0.));
#11587=DIRECTION('center_axis',(0.,0.,1.));
#11588=DIRECTION('ref_axis',(-0.921954450356113,0.387298323606696,0.));
#11589=DIRECTION('center_axis',(0.,0.,-1.));
#11590=DIRECTION('ref_axis',(0.400000000000001,-0.916515138991168,0.));
#11591=DIRECTION('',(0.,-1.,0.));
#11592=DIRECTION('center_axis',(0.,0.,-1.));
#11593=DIRECTION('ref_axis',(0.707106781186547,0.707106781186548,0.));
#11594=DIRECTION('',(1.,0.,0.));
#11595=DIRECTION('center_axis',(0.,0.,1.));
#11596=DIRECTION('ref_axis',(-0.707106781186548,-0.707106781186547,0.));
#11597=DIRECTION('',(0.,-1.,0.));
#11598=DIRECTION('center_axis',(0.,0.,-1.));
#11599=DIRECTION('ref_axis',(0.707106781186548,0.707106781186547,0.));
#11600=DIRECTION('',(1.,0.,0.));
#11601=DIRECTION('center_axis',(0.,0.,-1.));
#11602=DIRECTION('ref_axis',(-0.714142842854285,0.7,0.));
#11603=DIRECTION('center_axis',(0.,0.,1.));
#11604=DIRECTION('ref_axis',(0.273861278752583,-0.961769203083567,0.));
#11605=DIRECTION('',(1.,0.,0.));
#11606=DIRECTION('center_axis',(0.,0.,-1.));
#11607=DIRECTION('ref_axis',(-0.707106781186547,0.707106781186547,0.));
#11608=DIRECTION('',(0.,1.,0.));
#11609=DIRECTION('center_axis',(0.,0.,-1.));
#11610=DIRECTION('ref_axis',(-1.,-5.92118946466745E-15,0.));
#11611=DIRECTION('center_axis',(0.,0.,1.));
#11612=DIRECTION('ref_axis',(0.,-1.,0.));
#11613=DIRECTION('',(1.,0.,0.));
#11614=DIRECTION('center_axis',(0.,0.,-1.));
#11615=DIRECTION('ref_axis',(0.,1.,0.));
#11616=DIRECTION('',(-1.,0.,0.));
#11617=DIRECTION('center_axis',(0.,0.,1.));
#11618=DIRECTION('ref_axis',(0.,-1.,0.));
#11619=DIRECTION('',(1.,0.,0.));
#11620=DIRECTION('center_axis',(0.,0.,-1.));
#11621=DIRECTION('ref_axis',(0.,1.,0.));
#11622=DIRECTION('',(-1.,0.,0.));
#11623=DIRECTION('center_axis',(0.,0.,1.));
#11624=DIRECTION('ref_axis',(0.,-1.,0.));
#11625=DIRECTION('',(1.,0.,0.));
#11626=DIRECTION('center_axis',(0.,0.,-1.));
#11627=DIRECTION('ref_axis',(0.,1.,0.));
#11628=DIRECTION('',(-1.,0.,0.));
#11629=DIRECTION('center_axis',(0.,0.,1.));
#11630=DIRECTION('ref_axis',(1.,1.18423789293348E-14,0.));
#11631=DIRECTION('',(0.,1.,0.));
#11632=DIRECTION('center_axis',(0.,0.,-1.));
#11633=DIRECTION('ref_axis',(-0.707106781186548,-0.707106781186548,0.));
#11634=DIRECTION('center_axis',(0.,0.,1.));
#11635=DIRECTION('ref_axis',(0.921954441102464,0.387298345634786,0.));
#11636=DIRECTION('',(-1.75900926654415E-8,1.,0.));
#11637=DIRECTION('center_axis',(0.,0.,-1.));
#11638=DIRECTION('ref_axis',(-0.300000013123276,-0.953939197289866,0.));
#11639=DIRECTION('',(-1.,0.,0.));
#11640=DIRECTION('center_axis',(0.,0.,-1.));
#11641=DIRECTION('ref_axis',(0.300000013123277,-0.953939197289866,0.));
#11642=DIRECTION('',(-1.75900926654415E-8,-1.,0.));
#11643=DIRECTION('center_axis',(0.,0.,1.));
#11644=DIRECTION('ref_axis',(-0.921954441102464,0.387298345634786,0.));
#11645=DIRECTION('center_axis',(0.,0.,-1.));
#11646=DIRECTION('ref_axis',(0.4,-0.916515138991168,0.));
#11647=DIRECTION('',(0.,-1.,0.));
#11648=DIRECTION('center_axis',(0.,0.,-1.));
#11649=DIRECTION('ref_axis',(0.707106781186548,0.707106781186547,0.));
#11650=DIRECTION('',(1.,0.,0.));
#11651=DIRECTION('center_axis',(0.,0.,-1.));
#11652=DIRECTION('ref_axis',(-0.707106781186548,0.707106781186547,0.));
#11653=DIRECTION('',(0.,1.,0.));
#11654=DIRECTION('center_axis',(0.,0.,-1.));
#11655=DIRECTION('ref_axis',(-0.4,-0.916515138991168,0.));
#11656=DIRECTION('center_axis',(0.,0.,-1.));
#11657=DIRECTION('ref_axis',(0.707106782223053,-0.707106780150042,0.));
#11658=DIRECTION('',(0.,-1.,0.));
#11659=DIRECTION('center_axis',(0.,0.,-1.));
#11660=DIRECTION('ref_axis',(0.707106781186547,0.707106781186548,0.));
#11661=DIRECTION('',(1.,0.,0.));
#11662=DIRECTION('center_axis',(0.,0.,-1.));
#11663=DIRECTION('ref_axis',(-0.707106781186548,0.707106781186548,0.));
#11664=DIRECTION('',(0.,1.,0.));
#11665=DIRECTION('center_axis',(0.,0.,-1.));
#11666=DIRECTION('ref_axis',(-0.707106780150042,-0.707106782223053,0.));
#11667=DIRECTION('',(-1.,-2.93168156417778E-9,0.));
#11668=DIRECTION('center_axis',(0.,0.,-1.));
#11669=DIRECTION('ref_axis',(1.,0.,0.));
#11670=DIRECTION('center_axis',(0.,0.,-1.));
#11671=DIRECTION('ref_axis',(1.,0.,0.));
#11672=DIRECTION('center_axis',(0.,0.,-1.));
#11673=DIRECTION('ref_axis',(1.,0.,0.));
#11674=DIRECTION('center_axis',(0.,0.,-1.));
#11675=DIRECTION('ref_axis',(1.,0.,0.));
#11676=DIRECTION('center_axis',(0.,0.,1.));
#11677=DIRECTION('ref_axis',(-1.,0.,0.));
#11678=DIRECTION('',(0.,0.,1.));
#11679=DIRECTION('center_axis',(0.,0.,-1.));
#11680=DIRECTION('ref_axis',(-1.,0.,0.));
#11681=DIRECTION('center_axis',(0.,0.,1.));
#11682=DIRECTION('ref_axis',(-0.707106781186546,-0.707106781186549,0.));
#11683=DIRECTION('',(0.,0.,1.));
#11684=DIRECTION('center_axis',(0.,0.,1.));
#11685=DIRECTION('ref_axis',(-0.707106781186546,-0.707106781186549,0.));
#11686=DIRECTION('center_axis',(0.,0.,1.));
#11687=DIRECTION('ref_axis',(0.064579248350309,-0.997912581683641,0.));
#11688=DIRECTION('',(0.,0.,1.));
#11689=DIRECTION('center_axis',(0.,0.,-1.));
#11690=DIRECTION('ref_axis',(0.064579248350309,-0.997912581683641,0.));
#11691=DIRECTION('',(0.,0.,-1.));
#11692=DIRECTION('center_axis',(0.,0.,1.));
#11693=DIRECTION('ref_axis',(0.707106781186548,-0.707106781186548,0.));
#11694=DIRECTION('',(0.,0.,1.));
#11695=DIRECTION('center_axis',(0.,0.,1.));
#11696=DIRECTION('ref_axis',(0.707106781186548,-0.707106781186548,0.));
#11697=DIRECTION('center_axis',(0.,0.,-1.));
#11698=DIRECTION('ref_axis',(0.,1.,0.));
#11699=DIRECTION('center_axis',(0.,0.,-1.));
#11700=DIRECTION('ref_axis',(0.,1.,0.));
#11701=DIRECTION('',(0.,0.,-1.));
#11702=DIRECTION('',(0.,0.,1.));
#11703=DIRECTION('center_axis',(0.,-1.,0.));
#11704=DIRECTION('ref_axis',(1.,0.,0.));
#11705=DIRECTION('',(1.,0.,0.));
#11706=DIRECTION('center_axis',(0.,0.,1.));
#11707=DIRECTION('ref_axis',(0.,1.,0.));
#11708=DIRECTION('',(0.,0.,1.));
#11709=DIRECTION('center_axis',(0.,0.,-1.));
#11710=DIRECTION('ref_axis',(0.,1.,0.));
#11711=DIRECTION('',(0.,0.,-1.));
#11712=DIRECTION('center_axis',(0.,0.,1.));
#11713=DIRECTION('ref_axis',(-0.707106781186549,0.707106781186546,0.));
#11714=DIRECTION('',(0.,0.,1.));
#11715=DIRECTION('center_axis',(0.,0.,1.));
#11716=DIRECTION('ref_axis',(-0.707106781186549,0.707106781186546,0.));
#11717=DIRECTION('center_axis',(0.,0.,1.));
#11718=DIRECTION('ref_axis',(-0.707106781186548,-0.707106781186548,0.));
#11719=DIRECTION('center_axis',(0.,0.,-1.));
#11720=DIRECTION('ref_axis',(-0.707106781186548,-0.707106781186548,0.));
#11721=DIRECTION('',(0.,0.,-1.));
#11722=DIRECTION('',(0.,0.,1.));
#11723=DIRECTION('center_axis',(-1.,0.,0.));
#11724=DIRECTION('ref_axis',(0.,-1.,0.));
#11725=DIRECTION('',(0.,-1.,0.));
#11726=DIRECTION('',(0.,0.,1.));
#11727=DIRECTION('center_axis',(0.,0.,-1.));
#11728=DIRECTION('ref_axis',(1.,0.,0.));
#11729=DIRECTION('center_axis',(0.,0.,-1.));
#11730=DIRECTION('ref_axis',(1.,0.,0.));
#11731=DIRECTION('',(0.,0.,-1.));
#11732=DIRECTION('center_axis',(0.,0.,1.));
#11733=DIRECTION('ref_axis',(-0.997912581683641,-0.064579248350309,0.));
#11734=DIRECTION('',(0.,0.,1.));
#11735=DIRECTION('center_axis',(0.,0.,-1.));
#11736=DIRECTION('ref_axis',(-0.997912581683641,-0.064579248350309,0.));
#11737=DIRECTION('',(0.,0.,-1.));
#11738=DIRECTION('center_axis',(0.,0.,1.));
#11739=DIRECTION('ref_axis',(-0.707106781186548,-0.707106781186548,0.));
#11740=DIRECTION('',(0.,0.,1.));
#11741=DIRECTION('center_axis',(0.,0.,1.));
#11742=DIRECTION('ref_axis',(-0.707106781186548,-0.707106781186548,0.));
#11743=DIRECTION('center_axis',(0.,0.,1.));
#11744=DIRECTION('ref_axis',(1.,0.,0.));
#11745=DIRECTION('',(0.,0.,1.));
#11746=DIRECTION('center_axis',(0.,0.,-1.));
#11747=DIRECTION('ref_axis',(1.,0.,0.));
#11748=DIRECTION('',(0.,0.,-1.));
#11749=DIRECTION('center_axis',(0.,0.,1.));
#11750=DIRECTION('ref_axis',(0.707106781186546,0.707106781186549,0.));
#11751=DIRECTION('',(0.,0.,1.));
#11752=DIRECTION('center_axis',(0.,0.,1.));
#11753=DIRECTION('ref_axis',(0.707106781186546,0.707106781186549,0.));
#11754=DIRECTION('center_axis',(0.,0.,1.));
#11755=DIRECTION('ref_axis',(-0.0645792483503093,0.997912581683641,0.));
#11756=DIRECTION('',(0.,0.,1.));
#11757=DIRECTION('center_axis',(0.,0.,-1.));
#11758=DIRECTION('ref_axis',(-0.0645792483503093,0.997912581683641,0.));
#11759=DIRECTION('',(0.,0.,-1.));
#11760=DIRECTION('center_axis',(0.,0.,1.));
#11761=DIRECTION('ref_axis',(-0.707106781186548,0.707106781186548,0.));
#11762=DIRECTION('',(0.,0.,1.));
#11763=DIRECTION('center_axis',(0.,0.,1.));
#11764=DIRECTION('ref_axis',(-0.707106781186548,0.707106781186548,0.));
#11765=DIRECTION('center_axis',(0.,0.,1.));
#11766=DIRECTION('ref_axis',(-0.707106781186548,0.707106781186548,0.));
#11767=DIRECTION('center_axis',(0.,0.,-1.));
#11768=DIRECTION('ref_axis',(-0.707106781186548,0.707106781186548,0.));
#11769=DIRECTION('',(0.,0.,-1.));
#11770=DIRECTION('',(0.,0.,1.));
#11771=DIRECTION('center_axis',(0.,1.,0.));
#11772=DIRECTION('ref_axis',(-1.,0.,0.));
#11773=DIRECTION('',(-1.,0.,0.));
#11774=DIRECTION('',(0.,0.,1.));
#11775=DIRECTION('center_axis',(0.,0.,-1.));
#11776=DIRECTION('ref_axis',(0.,-1.,0.));
#11777=DIRECTION('center_axis',(0.,0.,-1.));
#11778=DIRECTION('ref_axis',(0.,-1.,0.));
#11779=DIRECTION('',(0.,0.,-1.));
#11780=DIRECTION('center_axis',(0.,0.,1.));
#11781=DIRECTION('ref_axis',(0.997912581683641,0.064579248350309,0.));
#11782=DIRECTION('',(0.,0.,1.));
#11783=DIRECTION('center_axis',(0.,0.,-1.));
#11784=DIRECTION('ref_axis',(0.997912581683641,0.064579248350309,0.));
#11785=DIRECTION('',(0.,0.,-1.));
#11786=DIRECTION('center_axis',(0.,0.,1.));
#11787=DIRECTION('ref_axis',(0.707106781186548,0.707106781186548,0.));
#11788=DIRECTION('',(0.,0.,1.));
#11789=DIRECTION('center_axis',(0.,0.,1.));
#11790=DIRECTION('ref_axis',(0.707106781186548,0.707106781186548,0.));
#11791=DIRECTION('center_axis',(0.,0.,-1.));
#11792=DIRECTION('ref_axis',(-1.,0.,0.));
#11793=DIRECTION('center_axis',(0.,0.,-1.));
#11794=DIRECTION('ref_axis',(-1.,0.,0.));
#11795=DIRECTION('',(0.,0.,-1.));
#11796=DIRECTION('',(0.,0.,1.));
#11797=DIRECTION('center_axis',(1.,0.,0.));
#11798=DIRECTION('ref_axis',(0.,1.,0.));
#11799=DIRECTION('',(0.,0.,-1.));
#11800=DIRECTION('',(0.,1.,0.));
#11801=DIRECTION('center_axis',(0.,0.,1.));
#11802=DIRECTION('ref_axis',(0.,-1.,0.));
#11803=DIRECTION('',(0.,0.,1.));
#11804=DIRECTION('center_axis',(0.,0.,-1.));
#11805=DIRECTION('ref_axis',(0.,-1.,0.));
#11806=DIRECTION('',(0.,0.,-1.));
#11807=DIRECTION('center_axis',(0.,1.,0.));
#11808=DIRECTION('ref_axis',(-1.,0.,0.));
#11809=DIRECTION('',(-1.,0.,0.));
#11810=DIRECTION('',(0.,0.,1.));
#11811=DIRECTION('center_axis',(0.,0.,1.));
#11812=DIRECTION('ref_axis',(0.707106781186548,0.707106781186548,0.));
#11813=DIRECTION('center_axis',(0.,0.,-1.));
#11814=DIRECTION('ref_axis',(0.707106781186548,0.707106781186548,0.));
#11815=DIRECTION('center_axis',(0.,-1.,0.));
#11816=DIRECTION('ref_axis',(1.,0.,0.));
#11817=DIRECTION('',(0.,0.,1.));
#11818=DIRECTION('',(1.,0.,0.));
#11819=DIRECTION('center_axis',(-1.,0.,0.));
#11820=DIRECTION('ref_axis',(0.,-1.,0.));
#11821=DIRECTION('',(0.,0.,1.));
#11822=DIRECTION('',(0.,-1.,0.));
#11823=DIRECTION('center_axis',(0.,0.,1.));
#11824=DIRECTION('ref_axis',(-0.707106781186548,0.707106781186548,0.));
#11825=DIRECTION('center_axis',(0.,0.,1.));
#11826=DIRECTION('ref_axis',(-0.707106781186548,0.707106781186548,0.));
#11827=DIRECTION('',(0.,0.,-1.));
#11828=DIRECTION('center_axis',(0.,0.,1.));
#11829=DIRECTION('ref_axis',(-0.707106781186549,-0.707106781186546,0.));
#11830=DIRECTION('center_axis',(0.,0.,1.));
#11831=DIRECTION('ref_axis',(-0.707106781186549,-0.707106781186546,0.));
#11832=DIRECTION('',(0.,0.,-1.));
#11833=DIRECTION('center_axis',(0.,0.,1.));
#11834=DIRECTION('ref_axis',(0.707106781186549,-0.707106781186546,0.));
#11835=DIRECTION('',(0.,0.,1.));
#11836=DIRECTION('center_axis',(0.,0.,1.));
#11837=DIRECTION('ref_axis',(0.707106781186549,-0.707106781186546,0.));
#11838=DIRECTION('center_axis',(0.,1.,0.));
#11839=DIRECTION('ref_axis',(-1.,0.,0.));
#11840=DIRECTION('',(0.,0.,1.));
#11841=DIRECTION('',(-1.,0.,0.));
#11842=DIRECTION('center_axis',(0.,0.,1.));
#11843=DIRECTION('ref_axis',(0.707106781186548,0.707106781186548,0.));
#11844=DIRECTION('center_axis',(0.,0.,1.));
#11845=DIRECTION('ref_axis',(0.707106781186548,0.707106781186548,0.));
#11846=DIRECTION('',(0.,0.,-1.));
#11847=DIRECTION('center_axis',(-1.,0.,0.));
#11848=DIRECTION('ref_axis',(0.,-1.,0.));
#11849=DIRECTION('',(0.,0.,1.));
#11850=DIRECTION('',(0.,-1.,0.));
#11851=DIRECTION('center_axis',(0.,0.,1.));
#11852=DIRECTION('ref_axis',(-0.707106781186546,0.707106781186549,0.));
#11853=DIRECTION('center_axis',(0.,0.,1.));
#11854=DIRECTION('ref_axis',(-0.707106781186546,0.707106781186549,0.));
#11855=DIRECTION('',(0.,0.,-1.));
#11856=DIRECTION('center_axis',(1.,0.,0.));
#11857=DIRECTION('ref_axis',(0.,1.,0.));
#11858=DIRECTION('',(0.,0.,1.));
#11859=DIRECTION('',(0.,1.,0.));
#11860=DIRECTION('center_axis',(0.,0.,1.));
#11861=DIRECTION('ref_axis',(0.707106781186549,0.707106781186546,0.));
#11862=DIRECTION('center_axis',(0.,0.,1.));
#11863=DIRECTION('ref_axis',(0.707106781186549,0.707106781186546,0.));
#11864=DIRECTION('',(0.,0.,-1.));
#11865=DIRECTION('center_axis',(0.,0.,1.));
#11866=DIRECTION('ref_axis',(0.707106781186548,-0.707106781186548,0.));
#11867=DIRECTION('center_axis',(0.,0.,1.));
#11868=DIRECTION('ref_axis',(0.707106781186548,-0.707106781186548,0.));
#11869=DIRECTION('',(0.,0.,-1.));
#11870=DIRECTION('center_axis',(0.,1.,0.));
#11871=DIRECTION('ref_axis',(-1.,0.,0.));
#11872=DIRECTION('',(0.,0.,1.));
#11873=DIRECTION('',(-1.,0.,0.));
#11874=DIRECTION('center_axis',(0.,0.,1.));
#11875=DIRECTION('ref_axis',(0.707106781186546,-0.707106781186549,0.));
#11876=DIRECTION('center_axis',(0.,0.,1.));
#11877=DIRECTION('ref_axis',(0.707106781186546,-0.707106781186549,0.));
#11878=DIRECTION('',(0.,0.,-1.));
#11879=DIRECTION('center_axis',(1.,0.,0.));
#11880=DIRECTION('ref_axis',(0.,1.,0.));
#11881=DIRECTION('',(0.,0.,1.));
#11882=DIRECTION('',(0.,1.,0.));
#11883=DIRECTION('center_axis',(0.,0.,1.));
#11884=DIRECTION('ref_axis',(-0.707106781186548,-0.707106781186548,0.));
#11885=DIRECTION('center_axis',(0.,0.,1.));
#11886=DIRECTION('ref_axis',(-0.707106781186548,-0.707106781186548,0.));
#11887=DIRECTION('',(0.,0.,-1.));
#11888=DIRECTION('center_axis',(0.,-1.,0.));
#11889=DIRECTION('ref_axis',(1.,0.,0.));
#11890=DIRECTION('',(0.,0.,1.));
#11891=DIRECTION('',(1.,0.,0.));
#11892=DIRECTION('center_axis',(0.,0.,-1.));
#11893=DIRECTION('ref_axis',(0.666666828621094,0.745355847643455,0.));
#11894=DIRECTION('',(0.,0.,1.));
#11895=DIRECTION('center_axis',(0.,0.,1.));
#11896=DIRECTION('ref_axis',(0.666666828621094,0.745355847643455,0.));
#11897=DIRECTION('',(0.,0.,1.));
#11898=DIRECTION('center_axis',(0.,0.,-1.));
#11899=DIRECTION('ref_axis',(0.992392692814077,-0.123112725780989,0.));
#11900=DIRECTION('',(0.,0.,1.));
#11901=DIRECTION('center_axis',(0.,0.,1.));
#11902=DIRECTION('ref_axis',(0.992392692814077,-0.123112725780989,0.));
#11903=DIRECTION('',(0.,0.,-1.));
#11904=DIRECTION('center_axis',(0.,0.,1.));
#11905=DIRECTION('ref_axis',(0.921954450356113,-0.387298323606696,0.));
#11906=DIRECTION('center_axis',(0.,0.,-1.));
#11907=DIRECTION('ref_axis',(0.921954450356113,-0.387298323606696,0.));
#11908=DIRECTION('',(0.,0.,-1.));
#11909=DIRECTION('center_axis',(0.,0.,-1.));
#11910=DIRECTION('ref_axis',(-0.666666837416127,-0.745355839776934,0.));
#11911=DIRECTION('',(0.,0.,1.));
#11912=DIRECTION('center_axis',(0.,0.,1.));
#11913=DIRECTION('ref_axis',(-0.666666837416127,-0.745355839776934,0.));
#11914=DIRECTION('',(0.,0.,1.));
#11915=DIRECTION('center_axis',(0.,0.,-1.));
#11916=DIRECTION('ref_axis',(-0.992392692814077,0.123112725780989,0.));
#11917=DIRECTION('',(0.,0.,1.));
#11918=DIRECTION('center_axis',(0.,0.,1.));
#11919=DIRECTION('ref_axis',(-0.992392692814077,0.123112725780989,0.));
#11920=DIRECTION('',(0.,0.,-1.));
#11921=DIRECTION('center_axis',(0.,0.,1.));
#11922=DIRECTION('ref_axis',(-0.921954450356113,0.387298323606696,0.));
#11923=DIRECTION('center_axis',(0.,0.,-1.));
#11924=DIRECTION('ref_axis',(-0.921954450356113,0.387298323606696,0.));
#11925=DIRECTION('',(0.,0.,-1.));
#11926=DIRECTION('center_axis',(0.,0.,1.));
#11927=DIRECTION('ref_axis',(0.273861278752583,-0.961769203083567,0.));
#11928=DIRECTION('center_axis',(0.,0.,-1.));
#11929=DIRECTION('ref_axis',(0.273861278752583,-0.961769203083567,0.));
#11930=DIRECTION('',(0.,0.,-1.));
#11931=DIRECTION('',(0.,0.,1.));
#11932=DIRECTION('center_axis',(0.,0.,-1.));
#11933=DIRECTION('ref_axis',(-0.714142842854285,0.7,0.));
#11934=DIRECTION('',(0.,0.,1.));
#11935=DIRECTION('center_axis',(0.,0.,1.));
#11936=DIRECTION('ref_axis',(-0.714142842854285,0.7,0.));
#11937=DIRECTION('center_axis',(0.,0.,1.));
#11938=DIRECTION('ref_axis',(0.273861278752583,0.961769203083567,0.));
#11939=DIRECTION('center_axis',(0.,0.,-1.));
#11940=DIRECTION('ref_axis',(0.273861278752583,0.961769203083567,0.));
#11941=DIRECTION('',(0.,0.,-1.));
#11942=DIRECTION('',(0.,0.,1.));
#11943=DIRECTION('center_axis',(0.,1.,0.));
#11944=DIRECTION('ref_axis',(-1.,0.,0.));
#11945=DIRECTION('',(0.,0.,-1.));
#11946=DIRECTION('',(-1.,0.,0.));
#11947=DIRECTION('center_axis',(0.,0.,1.));
#11948=DIRECTION('ref_axis',(0.921954441102464,0.387298345634786,0.));
#11949=DIRECTION('center_axis',(0.,0.,-1.));
#11950=DIRECTION('ref_axis',(0.921954441102464,0.387298345634786,0.));
#11951=DIRECTION('',(0.,0.,-1.));
#11952=DIRECTION('',(0.,0.,1.));
#11953=DIRECTION('center_axis',(0.,0.,-1.));
#11954=DIRECTION('ref_axis',(-0.4,-0.916515138991168,0.));
#11955=DIRECTION('',(0.,0.,1.));
#11956=DIRECTION('center_axis',(0.,0.,1.));
#11957=DIRECTION('ref_axis',(-0.4,-0.916515138991168,0.));
#11958=DIRECTION('center_axis',(0.,0.,1.));
#11959=DIRECTION('ref_axis',(-0.921954441102464,0.387298345634786,0.));
#11960=DIRECTION('center_axis',(0.,0.,-1.));
#11961=DIRECTION('ref_axis',(-0.921954441102464,0.387298345634786,0.));
#11962=DIRECTION('',(0.,0.,-1.));
#11963=DIRECTION('',(0.,0.,1.));
#11964=DIRECTION('center_axis',(-1.,1.75900926654415E-8,0.));
#11965=DIRECTION('ref_axis',(-1.75900926654415E-8,-1.,0.));
#11966=DIRECTION('',(0.,0.,-1.));
#11967=DIRECTION('',(-1.75900926654415E-8,-1.,0.));
#11968=DIRECTION('center_axis',(0.,0.,1.));
#11969=DIRECTION('ref_axis',(0.921954450356113,0.387298323606696,0.));
#11970=DIRECTION('center_axis',(0.,0.,-1.));
#11971=DIRECTION('ref_axis',(0.921954450356113,0.387298323606696,0.));
#11972=DIRECTION('',(0.,0.,-1.));
#11973=DIRECTION('',(0.,0.,1.));
#11974=DIRECTION('center_axis',(0.,0.,-1.));
#11975=DIRECTION('ref_axis',(-0.400000000000001,-0.916515138991168,0.));
#11976=DIRECTION('',(0.,0.,1.));
#11977=DIRECTION('center_axis',(0.,0.,1.));
#11978=DIRECTION('ref_axis',(-0.400000000000001,-0.916515138991168,0.));
#11979=DIRECTION('center_axis',(0.,0.,1.));
#11980=DIRECTION('ref_axis',(-0.273861278752583,0.961769203083567,0.));
#11981=DIRECTION('center_axis',(0.,0.,-1.));
#11982=DIRECTION('ref_axis',(-0.273861278752583,0.961769203083567,0.));
#11983=DIRECTION('',(0.,0.,-1.));
#11984=DIRECTION('',(0.,0.,1.));
#11985=DIRECTION('center_axis',(0.,0.,-1.));
#11986=DIRECTION('ref_axis',(0.714142842854285,-0.700000000000001,0.));
#11987=DIRECTION('',(0.,0.,1.));
#11988=DIRECTION('center_axis',(0.,0.,1.));
#11989=DIRECTION('ref_axis',(0.714142842854285,-0.700000000000001,0.));
#11990=DIRECTION('center_axis',(0.,0.,1.));
#11991=DIRECTION('ref_axis',(-0.273861278752583,-0.961769203083567,0.));
#11992=DIRECTION('center_axis',(0.,0.,-1.));
#11993=DIRECTION('ref_axis',(-0.273861278752583,-0.961769203083567,0.));
#11994=DIRECTION('',(0.,0.,-1.));
#11995=DIRECTION('',(0.,0.,1.));
#11996=DIRECTION('center_axis',(0.,-1.,0.));
#11997=DIRECTION('ref_axis',(1.,0.,0.));
#11998=DIRECTION('',(0.,0.,-1.));
#11999=DIRECTION('',(1.,0.,0.));
#12000=DIRECTION('center_axis',(0.,0.,-1.));
#12001=DIRECTION('ref_axis',(-0.400000016121586,-0.916515131955131,0.));
#12002=DIRECTION('center_axis',(0.,0.,-1.));
#12003=DIRECTION('ref_axis',(-0.400000016121586,-0.916515131955131,0.));
#12004=DIRECTION('',(0.,0.,-1.));
#12005=DIRECTION('',(0.,0.,1.));
#12006=DIRECTION('center_axis',(0.,0.,1.));
#12007=DIRECTION('ref_axis',(0.921954441102464,-0.387298345634786,0.));
#12008=DIRECTION('center_axis',(0.,0.,-1.));
#12009=DIRECTION('ref_axis',(0.921954441102464,-0.387298345634786,0.));
#12010=DIRECTION('',(0.,0.,-1.));
#12011=DIRECTION('',(0.,0.,1.));
#12012=DIRECTION('center_axis',(1.,-1.75900926654415E-8,0.));
#12013=DIRECTION('ref_axis',(1.75900926654415E-8,1.,0.));
#12014=DIRECTION('',(0.,0.,-1.));
#12015=DIRECTION('',(1.75900926654415E-8,1.,0.));
#12016=DIRECTION('center_axis',(0.,0.,1.));
#12017=DIRECTION('ref_axis',(-0.921954441102464,-0.387298345634786,0.));
#12018=DIRECTION('center_axis',(0.,0.,-1.));
#12019=DIRECTION('ref_axis',(-0.921954441102464,-0.387298345634786,0.));
#12020=DIRECTION('',(0.,0.,-1.));
#12021=DIRECTION('',(0.,0.,1.));
#12022=DIRECTION('center_axis',(0.,0.,-1.));
#12023=DIRECTION('ref_axis',(0.4,0.916515138991168,0.));
#12024=DIRECTION('',(0.,0.,1.));
#12025=DIRECTION('center_axis',(0.,0.,1.));
#12026=DIRECTION('ref_axis',(0.4,0.916515138991168,0.));
#12027=DIRECTION('center_axis',(0.,0.,1.));
#12028=DIRECTION('ref_axis',(-0.400000000000001,0.916515138991168,0.));
#12029=DIRECTION('center_axis',(0.,0.,1.));
#12030=DIRECTION('ref_axis',(-0.400000000000001,0.916515138991168,0.));
#12031=DIRECTION('',(0.,0.,-1.));
#12032=DIRECTION('center_axis',(0.,0.,1.));
#12033=DIRECTION('ref_axis',(-0.707106781186547,0.707106781186547,0.));
#12034=DIRECTION('',(0.,0.,1.));
#12035=DIRECTION('center_axis',(0.,0.,1.));
#12036=DIRECTION('ref_axis',(-0.707106781186547,0.707106781186547,0.));
#12037=DIRECTION('',(0.,0.,-1.));
#12038=DIRECTION('center_axis',(0.,-1.,0.));
#12039=DIRECTION('ref_axis',(1.,0.,0.));
#12040=DIRECTION('',(1.,0.,0.));
#12041=DIRECTION('center_axis',(0.,0.,1.));
#12042=DIRECTION('ref_axis',(-0.707106781186547,-0.707106781186547,0.));
#12043=DIRECTION('',(0.,0.,1.));
#12044=DIRECTION('center_axis',(0.,0.,1.));
#12045=DIRECTION('ref_axis',(-0.707106781186547,-0.707106781186547,0.));
#12046=DIRECTION('',(0.,0.,-1.));
#12047=DIRECTION('center_axis',(1.,0.,0.));
#12048=DIRECTION('ref_axis',(0.,1.,0.));
#12049=DIRECTION('',(0.,0.,-1.));
#12050=DIRECTION('',(0.,1.,0.));
#12051=DIRECTION('center_axis',(0.,0.,1.));
#12052=DIRECTION('ref_axis',(-0.707106781186547,0.707106781186547,0.));
#12053=DIRECTION('',(0.,0.,1.));
#12054=DIRECTION('center_axis',(0.,0.,1.));
#12055=DIRECTION('ref_axis',(-0.707106781186547,0.707106781186547,0.));
#12056=DIRECTION('center_axis',(0.,-1.,0.));
#12057=DIRECTION('ref_axis',(1.,0.,0.));
#12058=DIRECTION('',(0.,0.,-1.));
#12059=DIRECTION('',(1.,0.,0.));
#12060=DIRECTION('center_axis',(0.,0.,1.));
#12061=DIRECTION('ref_axis',(-0.707106781186547,-0.707106781186547,0.));
#12062=DIRECTION('',(0.,0.,1.));
#12063=DIRECTION('center_axis',(0.,0.,1.));
#12064=DIRECTION('ref_axis',(-0.707106781186547,-0.707106781186547,0.));
#12065=DIRECTION('center_axis',(1.,0.,0.));
#12066=DIRECTION('ref_axis',(0.,1.,0.));
#12067=DIRECTION('',(0.,0.,1.));
#12068=DIRECTION('',(0.,1.,0.));
#12069=DIRECTION('center_axis',(0.,0.,1.));
#12070=DIRECTION('ref_axis',(-0.714142842854285,-0.7,0.));
#12071=DIRECTION('center_axis',(0.,0.,1.));
#12072=DIRECTION('ref_axis',(-0.714142842854285,-0.7,0.));
#12073=DIRECTION('',(0.,0.,-1.));
#12074=DIRECTION('center_axis',(0.,0.,1.));
#12075=DIRECTION('ref_axis',(0.400000000000001,-0.916515138991168,0.));
#12076=DIRECTION('center_axis',(0.,0.,1.));
#12077=DIRECTION('ref_axis',(0.400000000000001,-0.916515138991168,0.));
#12078=DIRECTION('',(0.,0.,-1.));
#12079=DIRECTION('center_axis',(0.,0.,1.));
#12080=DIRECTION('ref_axis',(-0.707106782223053,-0.707106780150042,0.));
#12081=DIRECTION('',(0.,0.,1.));
#12082=DIRECTION('center_axis',(0.,0.,1.));
#12083=DIRECTION('ref_axis',(-0.707106782223053,-0.707106780150042,0.));
#12084=DIRECTION('',(0.,0.,-1.));
#12085=DIRECTION('center_axis',(1.,0.,0.));
#12086=DIRECTION('ref_axis',(0.,1.,0.));
#12087=DIRECTION('',(0.,0.,-1.));
#12088=DIRECTION('',(0.,1.,0.));
#12089=DIRECTION('center_axis',(0.,0.,-1.));
#12090=DIRECTION('ref_axis',(-0.300000013123276,-0.953939197289866,0.));
#12091=DIRECTION('',(0.,0.,1.));
#12092=DIRECTION('center_axis',(0.,0.,1.));
#12093=DIRECTION('ref_axis',(-0.300000013123276,-0.953939197289866,0.));
#12094=DIRECTION('',(0.,0.,1.));
#12095=DIRECTION('center_axis',(0.,0.,1.));
#12096=DIRECTION('ref_axis',(0.300000013123277,-0.953939197289866,0.));
#12097=DIRECTION('center_axis',(0.,0.,1.));
#12098=DIRECTION('ref_axis',(0.300000013123277,-0.953939197289866,0.));
#12099=DIRECTION('',(0.,0.,1.));
#12100=DIRECTION('center_axis',(0.,0.,1.));
#12101=DIRECTION('ref_axis',(0.707106780150042,-0.707106782223053,0.));
#12102=DIRECTION('',(0.,0.,1.));
#12103=DIRECTION('center_axis',(0.,0.,1.));
#12104=DIRECTION('ref_axis',(0.707106780150042,-0.707106782223053,0.));
#12105=DIRECTION('',(0.,0.,-1.));
#12106=DIRECTION('center_axis',(2.93168156417778E-9,1.,0.));
#12107=DIRECTION('ref_axis',(-1.,2.93168156417778E-9,0.));
#12108=DIRECTION('',(-1.,2.93168156417778E-9,0.));
#12109=DIRECTION('center_axis',(0.,0.,1.));
#12110=DIRECTION('ref_axis',(0.4,-0.916515138991168,0.));
#12111=DIRECTION('center_axis',(0.,0.,1.));
#12112=DIRECTION('ref_axis',(0.4,-0.916515138991168,0.));
#12113=DIRECTION('',(0.,0.,-1.));
#12114=DIRECTION('center_axis',(0.,0.,1.));
#12115=DIRECTION('ref_axis',(-0.707106780150042,-0.707106782223053,0.));
#12116=DIRECTION('',(0.,0.,1.));
#12117=DIRECTION('center_axis',(0.,0.,1.));
#12118=DIRECTION('ref_axis',(-0.707106780150042,-0.707106782223053,0.));
#12119=DIRECTION('',(0.,0.,-1.));
#12120=DIRECTION('center_axis',(1.,0.,0.));
#12121=DIRECTION('ref_axis',(0.,1.,0.));
#12122=DIRECTION('',(0.,0.,-1.));
#12123=DIRECTION('',(0.,1.,0.));
#12124=DIRECTION('center_axis',(0.,0.,1.));
#12125=DIRECTION('ref_axis',(0.707106782223053,-0.707106780150042,0.));
#12126=DIRECTION('',(0.,0.,1.));
#12127=DIRECTION('center_axis',(0.,0.,1.));
#12128=DIRECTION('ref_axis',(0.707106782223053,-0.707106780150042,0.));
#12129=DIRECTION('',(0.,0.,-1.));
#12130=DIRECTION('center_axis',(-2.93168156417778E-9,1.,0.));
#12131=DIRECTION('ref_axis',(-1.,-2.93168156417778E-9,0.));
#12132=DIRECTION('',(-1.,-2.93168156417778E-9,0.));
#12133=DIRECTION('center_axis',(0.,0.,1.));
#12134=DIRECTION('ref_axis',(0.707106781186547,0.707106781186547,0.));
#12135=DIRECTION('',(0.,0.,1.));
#12136=DIRECTION('center_axis',(0.,0.,1.));
#12137=DIRECTION('ref_axis',(0.707106781186547,0.707106781186547,0.));
#12138=DIRECTION('center_axis',(-1.,0.,0.));
#12139=DIRECTION('ref_axis',(0.,-1.,0.));
#12140=DIRECTION('',(0.,0.,1.));
#12141=DIRECTION('',(0.,-1.,0.));
#12142=DIRECTION('center_axis',(0.,0.,1.));
#12143=DIRECTION('ref_axis',(0.707106781186547,-0.707106781186547,0.));
#12144=DIRECTION('',(0.,0.,1.));
#12145=DIRECTION('center_axis',(0.,0.,1.));
#12146=DIRECTION('ref_axis',(0.707106781186547,-0.707106781186547,0.));
#12147=DIRECTION('',(0.,0.,-1.));
#12148=DIRECTION('center_axis',(0.,1.,0.));
#12149=DIRECTION('ref_axis',(-1.,0.,0.));
#12150=DIRECTION('',(-1.,0.,0.));
#12151=DIRECTION('center_axis',(0.,0.,1.));
#12152=DIRECTION('ref_axis',(0.707106781186547,0.707106781186547,0.));
#12153=DIRECTION('',(0.,0.,1.));
#12154=DIRECTION('center_axis',(0.,0.,1.));
#12155=DIRECTION('ref_axis',(0.707106781186547,0.707106781186547,0.));
#12156=DIRECTION('',(0.,0.,-1.));
#12157=DIRECTION('center_axis',(-1.,0.,0.));
#12158=DIRECTION('ref_axis',(0.,-1.,0.));
#12159=DIRECTION('',(0.,0.,-1.));
#12160=DIRECTION('',(0.,-1.,0.));
#12161=DIRECTION('center_axis',(0.,0.,1.));
#12162=DIRECTION('ref_axis',(0.707106781186547,-0.707106781186547,0.));
#12163=DIRECTION('',(0.,0.,1.));
#12164=DIRECTION('center_axis',(0.,0.,1.));
#12165=DIRECTION('ref_axis',(0.707106781186547,-0.707106781186547,0.));
#12166=DIRECTION('center_axis',(0.,1.,0.));
#12167=DIRECTION('ref_axis',(-1.,0.,0.));
#12168=DIRECTION('',(0.,0.,-1.));
#12169=DIRECTION('',(-1.,0.,0.));
#12170=DIRECTION('center_axis',(0.,0.,1.));
#12171=DIRECTION('ref_axis',(0.714142842854285,0.7,0.));
#12172=DIRECTION('center_axis',(0.,0.,1.));
#12173=DIRECTION('ref_axis',(0.714142842854285,0.7,0.));
#12174=DIRECTION('',(0.,0.,-1.));
#12175=DIRECTION('center_axis',(0.,0.,1.));
#12176=DIRECTION('ref_axis',(0.707106774967511,0.707106787405584,0.));
#12177=DIRECTION('',(0.,0.,1.));
#12178=DIRECTION('center_axis',(0.,0.,1.));
#12179=DIRECTION('ref_axis',(0.707106774967511,0.707106787405584,0.));
#12180=DIRECTION('',(0.,0.,-1.));
#12181=DIRECTION('center_axis',(-1.,-1.75900926654415E-8,0.));
#12182=DIRECTION('ref_axis',(1.75900926654415E-8,-1.,0.));
#12183=DIRECTION('',(1.75900926654415E-8,-1.,0.));
#12184=DIRECTION('center_axis',(0.,0.,1.));
#12185=DIRECTION('ref_axis',(0.707106780150042,0.707106782223053,0.));
#12186=DIRECTION('',(0.,0.,1.));
#12187=DIRECTION('center_axis',(0.,0.,1.));
#12188=DIRECTION('ref_axis',(0.707106780150042,0.707106782223053,0.));
#12189=DIRECTION('',(0.,0.,-1.));
#12190=DIRECTION('center_axis',(-1.,0.,0.));
#12191=DIRECTION('ref_axis',(0.,-1.,0.));
#12192=DIRECTION('',(0.,0.,-1.));
#12193=DIRECTION('',(0.,-1.,0.));
#12194=DIRECTION('center_axis',(0.,0.,1.));
#12195=DIRECTION('ref_axis',(-0.707106782223053,0.707106780150042,0.));
#12196=DIRECTION('',(0.,0.,1.));
#12197=DIRECTION('center_axis',(0.,0.,1.));
#12198=DIRECTION('ref_axis',(-0.707106782223053,0.707106780150042,0.));
#12199=DIRECTION('',(0.,0.,-1.));
#12200=DIRECTION('center_axis',(2.93168156417778E-9,-1.,0.));
#12201=DIRECTION('ref_axis',(1.,2.93168156417778E-9,0.));
#12202=DIRECTION('',(1.,2.93168156417778E-9,0.));
#12203=DIRECTION('center_axis',(0.,0.,1.));
#12204=DIRECTION('ref_axis',(-0.4,0.916515138991168,0.));
#12205=DIRECTION('center_axis',(0.,0.,1.));
#12206=DIRECTION('ref_axis',(-0.4,0.916515138991168,0.));
#12207=DIRECTION('',(0.,0.,-1.));
#12208=DIRECTION('center_axis',(0.,0.,1.));
#12209=DIRECTION('ref_axis',(-0.707106774967511,0.707106787405585,0.));
#12210=DIRECTION('',(0.,0.,1.));
#12211=DIRECTION('center_axis',(0.,0.,1.));
#12212=DIRECTION('ref_axis',(-0.707106774967511,0.707106787405585,0.));
#12213=DIRECTION('center_axis',(0.,-1.,0.));
#12214=DIRECTION('ref_axis',(1.,0.,0.));
#12215=DIRECTION('',(1.,0.,0.));
#12216=DIRECTION('center_axis',(0.,0.,1.));
#12217=DIRECTION('ref_axis',(-0.707106780150042,0.707106782223053,0.));
#12218=DIRECTION('',(0.,0.,1.));
#12219=DIRECTION('center_axis',(0.,0.,1.));
#12220=DIRECTION('ref_axis',(-0.707106780150042,0.707106782223053,0.));
#12221=DIRECTION('',(0.,0.,-1.));
#12222=DIRECTION('center_axis',(-2.93168156417778E-9,-1.,0.));
#12223=DIRECTION('ref_axis',(1.,-2.93168156417778E-9,0.));
#12224=DIRECTION('',(0.,0.,1.));
#12225=DIRECTION('',(1.,-2.93168156417778E-9,0.));
#12226=DIRECTION('center_axis',(-1.,0.,0.));
#12227=DIRECTION('ref_axis',(0.,1.,0.));
#12228=DIRECTION('',(0.,0.,-1.));
#12229=DIRECTION('',(0.,1.,0.));
#12230=DIRECTION('',(0.,0.,1.));
#12231=DIRECTION('',(0.,1.,0.));
#12232=DIRECTION('',(0.,0.,-1.));
#12233=DIRECTION('',(0.,1.,0.));
#12234=DIRECTION('',(0.,0.707106781186548,-0.707106781186547));
#12235=DIRECTION('center_axis',(0.,0.,-1.));
#12236=DIRECTION('ref_axis',(1.,0.,0.));
#12237=DIRECTION('center_axis',(0.,0.,-1.));
#12238=DIRECTION('ref_axis',(1.,0.,0.));
#12239=DIRECTION('',(0.,0.,-1.));
#12240=DIRECTION('center_axis',(1.,0.,0.));
#12241=DIRECTION('ref_axis',(0.,-1.,0.));
#12242=DIRECTION('',(0.,0.,1.));
#12243=DIRECTION('',(0.,-0.707106781186548,0.707106781186547));
#12244=DIRECTION('',(0.,-1.,0.));
#12245=DIRECTION('',(0.,-1.,0.));
#12246=DIRECTION('',(0.,0.,-1.));
#12247=DIRECTION('',(0.,-1.,0.));
#12248=DIRECTION('center_axis',(0.,0.,1.));
#12249=DIRECTION('ref_axis',(-1.,0.,0.));
#12250=DIRECTION('',(-1.,0.,0.));
#12251=DIRECTION('center_axis',(1.,0.,0.));
#12252=DIRECTION('ref_axis',(0.,-1.,0.));
#12253=DIRECTION('',(0.,0.,-1.));
#12254=DIRECTION('',(0.,-1.,0.));
#12255=DIRECTION('',(0.,0.,1.));
#12256=DIRECTION('',(0.,-1.,0.));
#12257=DIRECTION('',(0.,0.,-1.));
#12258=DIRECTION('',(0.,-1.,0.));
#12259=DIRECTION('',(0.,-0.707106781186548,-0.707106781186547));
#12260=DIRECTION('center_axis',(0.,0.,-1.));
#12261=DIRECTION('ref_axis',(1.,0.,0.));
#12262=DIRECTION('center_axis',(0.,0.,-1.));
#12263=DIRECTION('ref_axis',(1.,0.,0.));
#12264=DIRECTION('',(0.,0.,-1.));
#12265=DIRECTION('center_axis',(-1.,0.,0.));
#12266=DIRECTION('ref_axis',(0.,1.,0.));
#12267=DIRECTION('',(0.,0.,1.));
#12268=DIRECTION('',(0.,0.707106781186548,0.707106781186547));
#12269=DIRECTION('',(0.,1.,0.));
#12270=DIRECTION('',(0.,1.,0.));
#12271=DIRECTION('',(0.,0.,-1.));
#12272=DIRECTION('',(0.,1.,0.));
#12273=DIRECTION('center_axis',(0.,0.,1.));
#12274=DIRECTION('ref_axis',(-1.,0.,0.));
#12275=DIRECTION('',(1.,0.,0.));
#12276=DIRECTION('center_axis',(4.32502746637382E-9,-1.,0.));
#12277=DIRECTION('ref_axis',(-1.,-4.32502746637382E-9,0.));
#12278=DIRECTION('',(-1.,-4.32502746637382E-9,0.));
#12279=DIRECTION('',(0.,0.,-1.));
#12280=DIRECTION('',(1.,4.32502746637382E-9,0.));
#12281=DIRECTION('center_axis',(-3.058256250291E-9,0.707106781186547,0.707106781186548));
#12282=DIRECTION('ref_axis',(1.,0.,4.32502746637381E-9));
#12283=DIRECTION('',(0.,-0.707106781186548,0.707106781186547));
#12284=DIRECTION('',(-1.,-4.32502746637382E-9,0.));
#12285=DIRECTION('center_axis',(-3.058256250291E-9,0.707106781186547,0.707106781186548));
#12286=DIRECTION('ref_axis',(1.,0.,4.32502746637381E-9));
#12287=DIRECTION('',(-1.,-4.32502746637382E-9,0.));
#12288=DIRECTION('',(0.,0.707106781186548,-0.707106781186547));
#12289=DIRECTION('',(1.,4.32502746637382E-9,0.));
#12290=DIRECTION('center_axis',(0.,0.,-1.));
#12291=DIRECTION('ref_axis',(-1.,0.,0.));
#12292=DIRECTION('',(1.,0.,0.));
#12293=DIRECTION('',(0.,1.,0.));
#12294=DIRECTION('',(0.,1.,0.));
#12295=DIRECTION('',(1.,0.,0.));
#12296=DIRECTION('',(0.,-1.,0.));
#12297=DIRECTION('',(1.,0.,0.));
#12298=DIRECTION('',(1.,0.,0.));
#12299=DIRECTION('',(0.,1.,0.));
#12300=DIRECTION('',(1.,0.,0.));
#12301=DIRECTION('',(-1.69499698416054E-16,1.,0.));
#12302=DIRECTION('',(-1.,0.,0.));
#12303=DIRECTION('',(0.,1.,0.));
#12304=DIRECTION('center_axis',(0.,1.,0.));
#12305=DIRECTION('ref_axis',(1.,0.,0.));
#12306=DIRECTION('',(1.,0.,0.));
#12307=DIRECTION('',(0.,0.,-1.));
#12308=DIRECTION('',(-1.,0.,0.));
#12309=DIRECTION('center_axis',(0.,-0.707106781186547,0.707106781186548));
#12310=DIRECTION('ref_axis',(1.,0.,0.));
#12311=DIRECTION('',(0.,0.707106781186548,0.707106781186547));
#12312=DIRECTION('center_axis',(0.,-0.707106781186547,0.707106781186548));
#12313=DIRECTION('ref_axis',(1.,0.,0.));
#12314=DIRECTION('',(0.,0.707106781186548,0.707106781186547));
#12315=DIRECTION('',(-1.,0.,0.));
#12316=DIRECTION('center_axis',(0.,-1.,0.));
#12317=DIRECTION('ref_axis',(0.,0.,-1.));
#12318=DIRECTION('',(-1.,0.,0.));
#12319=DIRECTION('',(0.,0.,-1.));
#12320=DIRECTION('',(1.,0.,0.));
#12321=DIRECTION('center_axis',(0.,-0.707106781186547,-0.707106781186548));
#12322=DIRECTION('ref_axis',(0.,0.707106781186548,-0.707106781186547));
#12323=DIRECTION('',(0.,0.707106781186548,-0.707106781186547));
#12324=DIRECTION('center_axis',(1.,0.,0.));
#12325=DIRECTION('ref_axis',(0.,0.,-1.));
#12326=DIRECTION('',(0.,-1.,0.));
#12327=DIRECTION('',(0.,0.,1.));
#12328=DIRECTION('center_axis',(2.97646923491999E-17,-1.,0.));
#12329=DIRECTION('ref_axis',(-1.,-2.97646923491999E-17,0.));
#12330=DIRECTION('',(-1.,-2.97646923491999E-17,0.));
#12331=DIRECTION('',(0.,0.,1.));
#12332=DIRECTION('',(-1.,-2.97646923491999E-17,0.));
#12333=DIRECTION('',(0.,0.,1.));
#12334=DIRECTION('',(0.,0.,1.));
#12335=DIRECTION('center_axis',(0.,-1.,0.));
#12336=DIRECTION('ref_axis',(1.,0.,0.));
#12337=DIRECTION('',(0.,0.,-1.));
#12338=DIRECTION('',(0.,0.,1.));
#12339=DIRECTION('center_axis',(1.,0.,0.));
#12340=DIRECTION('ref_axis',(0.,1.,0.));
#12341=DIRECTION('center_axis',(0.,0.,1.));
#12342=DIRECTION('ref_axis',(0.707106781186548,-0.707106781186548,0.));
#12343=DIRECTION('center_axis',(0.,0.,-1.));
#12344=DIRECTION('ref_axis',(0.707106781186548,-0.707106781186548,0.));
#12345=DIRECTION('',(0.,0.,-1.));
#12346=DIRECTION('',(0.,0.,1.));
#12347=DIRECTION('center_axis',(1.,0.,0.));
#12348=DIRECTION('ref_axis',(0.,1.,0.));
#12349=DIRECTION('',(0.,0.,-1.));
#12350=DIRECTION('',(0.,1.,0.));
#12351=DIRECTION('center_axis',(0.,0.,1.));
#12352=DIRECTION('ref_axis',(0.707106781186548,0.707106781186547,0.));
#12353=DIRECTION('center_axis',(0.,0.,-1.));
#12354=DIRECTION('ref_axis',(0.707106781186548,0.707106781186547,0.));
#12355=DIRECTION('',(0.,0.,-1.));
#12356=DIRECTION('',(0.,0.,1.));
#12357=DIRECTION('center_axis',(0.,1.,0.));
#12358=DIRECTION('ref_axis',(-1.,0.,0.));
#12359=DIRECTION('',(0.,0.,-1.));
#12360=DIRECTION('',(-1.,0.,0.));
#12361=DIRECTION('center_axis',(0.,0.,1.));
#12362=DIRECTION('ref_axis',(-0.707106781186548,0.707106781186548,0.));
#12363=DIRECTION('center_axis',(0.,0.,-1.));
#12364=DIRECTION('ref_axis',(-0.707106781186548,0.707106781186548,0.));
#12365=DIRECTION('',(0.,0.,-1.));
#12366=DIRECTION('',(0.,0.,1.));
#12367=DIRECTION('center_axis',(-1.,0.,0.));
#12368=DIRECTION('ref_axis',(0.,-1.,0.));
#12369=DIRECTION('',(0.,0.,-1.));
#12370=DIRECTION('',(0.,-1.,0.));
#12371=DIRECTION('center_axis',(0.,0.,1.));
#12372=DIRECTION('ref_axis',(-0.707106781186548,-0.707106781186547,0.));
#12373=DIRECTION('center_axis',(0.,0.,-1.));
#12374=DIRECTION('ref_axis',(-0.707106781186548,-0.707106781186547,0.));
#12375=DIRECTION('',(0.,0.,-1.));
#12376=DIRECTION('',(0.,0.,1.));
#12377=DIRECTION('center_axis',(-1.,0.,0.));
#12378=DIRECTION('ref_axis',(0.,-1.,0.));
#12379=DIRECTION('',(0.,-1.,0.));
#12380=DIRECTION('',(0.,0.,1.));
#12381=DIRECTION('center_axis',(0.,0.,1.));
#12382=DIRECTION('ref_axis',(-0.707106781186547,-0.707106781186548,0.));
#12383=DIRECTION('',(0.,0.,1.));
#12384=DIRECTION('center_axis',(0.,0.,1.));
#12385=DIRECTION('ref_axis',(-0.707106781186547,-0.707106781186548,0.));
#12386=DIRECTION('center_axis',(1.,0.,0.));
#12387=DIRECTION('ref_axis',(0.,1.,0.));
#12388=DIRECTION('',(0.,1.,0.));
#12389=DIRECTION('center_axis',(0.,0.,1.));
#12390=DIRECTION('ref_axis',(0.707106781186548,-0.707106781186547,0.));
#12391=DIRECTION('',(0.,0.,1.));
#12392=DIRECTION('center_axis',(0.,0.,1.));
#12393=DIRECTION('ref_axis',(0.707106781186548,-0.707106781186547,0.));
#12394=DIRECTION('',(0.,0.,-1.));
#12395=DIRECTION('center_axis',(0.,1.,0.));
#12396=DIRECTION('ref_axis',(-1.,0.,0.));
#12397=DIRECTION('',(0.,0.,-1.));
#12398=DIRECTION('',(-1.,0.,0.));
#12399=DIRECTION('center_axis',(0.,0.,1.));
#12400=DIRECTION('ref_axis',(0.707106781186548,-0.707106781186547,0.));
#12401=DIRECTION('',(0.,0.,1.));
#12402=DIRECTION('center_axis',(0.,0.,1.));
#12403=DIRECTION('ref_axis',(0.707106781186548,-0.707106781186547,0.));
#12404=DIRECTION('',(0.,0.,-1.));
#12405=DIRECTION('center_axis',(0.,1.,0.));
#12406=DIRECTION('ref_axis',(-1.,0.,0.));
#12407=DIRECTION('',(-1.,0.,0.));
#12408=DIRECTION('',(0.,0.,-1.));
#12409=DIRECTION('',(-1.,0.,0.));
#12410=DIRECTION('center_axis',(0.,0.,1.));
#12411=DIRECTION('ref_axis',(-0.707106781186548,-0.707106781186548,0.));
#12412=DIRECTION('',(0.,0.,1.));
#12413=DIRECTION('center_axis',(0.,0.,1.));
#12414=DIRECTION('ref_axis',(-0.707106781186548,-0.707106781186548,0.));
#12415=DIRECTION('center_axis',(1.,0.,0.));
#12416=DIRECTION('ref_axis',(0.,1.,0.));
#12417=DIRECTION('',(0.,1.,0.));
#12418=DIRECTION('center_axis',(0.,0.,1.));
#12419=DIRECTION('ref_axis',(-0.707106781186548,-0.707106781186547,0.));
#12420=DIRECTION('',(0.,0.,1.));
#12421=DIRECTION('center_axis',(0.,0.,1.));
#12422=DIRECTION('ref_axis',(-0.707106781186548,-0.707106781186547,0.));
#12423=DIRECTION('center_axis',(1.,0.,0.));
#12424=DIRECTION('ref_axis',(0.,1.,0.));
#12425=DIRECTION('',(0.,1.,0.));
#12426=DIRECTION('center_axis',(0.,0.,1.));
#12427=DIRECTION('ref_axis',(0.707106781186548,-0.707106781186548,0.));
#12428=DIRECTION('',(0.,0.,1.));
#12429=DIRECTION('center_axis',(0.,0.,1.));
#12430=DIRECTION('ref_axis',(0.707106781186548,-0.707106781186548,0.));
#12431=DIRECTION('center_axis',(0.,1.,0.));
#12432=DIRECTION('ref_axis',(-1.,0.,0.));
#12433=DIRECTION('',(0.,0.,-1.));
#12434=DIRECTION('',(-1.,0.,0.));
#12435=DIRECTION('center_axis',(0.,0.,1.));
#12436=DIRECTION('ref_axis',(-0.707106781186547,-0.707106781186548,0.));
#12437=DIRECTION('',(0.,0.,1.));
#12438=DIRECTION('center_axis',(0.,0.,1.));
#12439=DIRECTION('ref_axis',(-0.707106781186547,-0.707106781186548,0.));
#12440=DIRECTION('center_axis',(1.,0.,0.));
#12441=DIRECTION('ref_axis',(0.,1.,0.));
#12442=DIRECTION('',(0.,1.,0.));
#12443=DIRECTION('center_axis',(0.,0.,1.));
#12444=DIRECTION('ref_axis',(0.707106781186548,-0.707106781186547,0.));
#12445=DIRECTION('',(0.,0.,1.));
#12446=DIRECTION('center_axis',(0.,0.,1.));
#12447=DIRECTION('ref_axis',(0.707106781186548,-0.707106781186547,0.));
#12448=DIRECTION('',(0.,0.,-1.));
#12449=DIRECTION('center_axis',(0.,1.,0.));
#12450=DIRECTION('ref_axis',(-1.,0.,0.));
#12451=DIRECTION('',(-1.,0.,0.));
#12452=DIRECTION('center_axis',(0.,0.,1.));
#12453=DIRECTION('ref_axis',(0.707106781186548,0.707106781186547,0.));
#12454=DIRECTION('',(0.,0.,1.));
#12455=DIRECTION('center_axis',(0.,0.,1.));
#12456=DIRECTION('ref_axis',(0.707106781186548,0.707106781186547,0.));
#12457=DIRECTION('center_axis',(-1.,0.,0.));
#12458=DIRECTION('ref_axis',(0.,-1.,0.));
#12459=DIRECTION('',(0.,0.,-1.));
#12460=DIRECTION('',(0.,-1.,0.));
#12461=DIRECTION('center_axis',(0.,0.,1.));
#12462=DIRECTION('ref_axis',(0.707106781186548,-0.707106781186547,0.));
#12463=DIRECTION('',(0.,0.,1.));
#12464=DIRECTION('center_axis',(0.,0.,1.));
#12465=DIRECTION('ref_axis',(0.707106781186548,-0.707106781186547,0.));
#12466=DIRECTION('center_axis',(0.,1.,0.));
#12467=DIRECTION('ref_axis',(-1.,0.,0.));
#12468=DIRECTION('',(-1.,0.,0.));
#12469=DIRECTION('center_axis',(0.,0.,1.));
#12470=DIRECTION('ref_axis',(0.707106781186548,-0.707106781186547,0.));
#12471=DIRECTION('',(0.,0.,1.));
#12472=DIRECTION('center_axis',(0.,0.,1.));
#12473=DIRECTION('ref_axis',(0.707106781186548,-0.707106781186547,0.));
#12474=DIRECTION('center_axis',(0.,1.,0.));
#12475=DIRECTION('ref_axis',(-1.,0.,0.));
#12476=DIRECTION('',(-1.,0.,0.));
#12477=DIRECTION('center_axis',(0.,0.,1.));
#12478=DIRECTION('ref_axis',(0.707106781186548,0.707106781186547,0.));
#12479=DIRECTION('center_axis',(0.,0.,1.));
#12480=DIRECTION('ref_axis',(0.707106781186548,0.707106781186547,0.));
#12481=DIRECTION('',(0.,0.,-1.));
#12482=DIRECTION('center_axis',(0.,0.,1.));
#12483=DIRECTION('ref_axis',(0.707106781186547,0.707106781186548,0.));
#12484=DIRECTION('',(0.,0.,1.));
#12485=DIRECTION('center_axis',(0.,0.,1.));
#12486=DIRECTION('ref_axis',(0.707106781186547,0.707106781186548,0.));
#12487=DIRECTION('',(0.,0.,-1.));
#12488=DIRECTION('center_axis',(-1.,0.,0.));
#12489=DIRECTION('ref_axis',(0.,-1.,0.));
#12490=DIRECTION('',(0.,-1.,0.));
#12491=DIRECTION('center_axis',(0.,0.,1.));
#12492=DIRECTION('ref_axis',(-0.707106781186548,0.707106781186547,0.));
#12493=DIRECTION('',(0.,0.,1.));
#12494=DIRECTION('center_axis',(0.,0.,1.));
#12495=DIRECTION('ref_axis',(-0.707106781186548,0.707106781186547,0.));
#12496=DIRECTION('center_axis',(0.,-1.,0.));
#12497=DIRECTION('ref_axis',(1.,0.,0.));
#12498=DIRECTION('',(0.,0.,-1.));
#12499=DIRECTION('',(1.,0.,0.));
#12500=DIRECTION('center_axis',(0.,0.,1.));
#12501=DIRECTION('ref_axis',(0.707106781186548,0.707106781186548,0.));
#12502=DIRECTION('',(0.,0.,1.));
#12503=DIRECTION('center_axis',(0.,0.,1.));
#12504=DIRECTION('ref_axis',(0.707106781186548,0.707106781186548,0.));
#12505=DIRECTION('center_axis',(-1.,0.,0.));
#12506=DIRECTION('ref_axis',(0.,-1.,0.));
#12507=DIRECTION('',(0.,-1.,0.));
#12508=DIRECTION('center_axis',(0.,0.,1.));
#12509=DIRECTION('ref_axis',(-0.707106781186548,0.707106781186547,0.));
#12510=DIRECTION('',(0.,0.,1.));
#12511=DIRECTION('center_axis',(0.,0.,1.));
#12512=DIRECTION('ref_axis',(-0.707106781186548,0.707106781186547,0.));
#12513=DIRECTION('',(0.,0.,-1.));
#12514=DIRECTION('center_axis',(0.,-1.,0.));
#12515=DIRECTION('ref_axis',(1.,0.,0.));
#12516=DIRECTION('',(1.,0.,0.));
#12517=DIRECTION('',(0.,0.,-1.));
#12518=DIRECTION('',(1.,0.,0.));
#12519=DIRECTION('center_axis',(0.,0.,1.));
#12520=DIRECTION('ref_axis',(-0.707106781186548,0.707106781186548,0.));
#12521=DIRECTION('',(0.,0.,1.));
#12522=DIRECTION('center_axis',(0.,0.,1.));
#12523=DIRECTION('ref_axis',(-0.707106781186548,0.707106781186548,0.));
#12524=DIRECTION('center_axis',(0.,-1.,0.));
#12525=DIRECTION('ref_axis',(1.,0.,0.));
#12526=DIRECTION('',(0.,0.,-1.));
#12527=DIRECTION('',(1.,0.,0.));
#12528=DIRECTION('center_axis',(0.,0.,1.));
#12529=DIRECTION('ref_axis',(0.707106781186548,0.707106781186547,0.));
#12530=DIRECTION('',(0.,0.,1.));
#12531=DIRECTION('center_axis',(0.,0.,1.));
#12532=DIRECTION('ref_axis',(0.707106781186548,0.707106781186547,0.));
#12533=DIRECTION('center_axis',(-1.,0.,0.));
#12534=DIRECTION('ref_axis',(0.,-1.,0.));
#12535=DIRECTION('',(0.,-1.,0.));
#12536=DIRECTION('center_axis',(0.,0.,1.));
#12537=DIRECTION('ref_axis',(0.707106781186547,0.707106781186548,0.));
#12538=DIRECTION('',(0.,0.,1.));
#12539=DIRECTION('center_axis',(0.,0.,1.));
#12540=DIRECTION('ref_axis',(0.707106781186547,0.707106781186548,0.));
#12541=DIRECTION('center_axis',(-1.,0.,0.));
#12542=DIRECTION('ref_axis',(0.,-1.,0.));
#12543=DIRECTION('',(0.,-1.,0.));
#12544=DIRECTION('center_axis',(0.,0.,1.));
#12545=DIRECTION('ref_axis',(-0.707106781186548,0.707106781186547,0.));
#12546=DIRECTION('',(0.,0.,1.));
#12547=DIRECTION('center_axis',(0.,0.,1.));
#12548=DIRECTION('ref_axis',(-0.707106781186548,0.707106781186547,0.));
#12549=DIRECTION('',(0.,0.,-1.));
#12550=DIRECTION('center_axis',(0.,-1.,0.));
#12551=DIRECTION('ref_axis',(1.,0.,0.));
#12552=DIRECTION('',(1.,0.,0.));
#12553=DIRECTION('center_axis',(0.,0.,-1.));
#12554=DIRECTION('ref_axis',(-0.629721883597619,-0.776820667411898,0.));
#12555=DIRECTION('center_axis',(0.,0.,1.));
#12556=DIRECTION('ref_axis',(-0.629721883597619,-0.776820667411898,0.));
#12557=DIRECTION('',(0.,0.,-1.));
#12558=DIRECTION('',(0.,0.,1.));
#12559=DIRECTION('center_axis',(0.,-1.,0.));
#12560=DIRECTION('ref_axis',(0.,0.,-1.));
#12561=DIRECTION('',(-1.,0.,0.));
#12562=DIRECTION('',(0.,0.,1.));
#12563=DIRECTION('center_axis',(0.,0.,-1.));
#12564=DIRECTION('ref_axis',(0.707106781186551,-0.707106781186544,0.));
#12565=DIRECTION('center_axis',(0.,0.,1.));
#12566=DIRECTION('ref_axis',(0.707106781186551,-0.707106781186544,0.));
#12567=DIRECTION('',(0.,0.,-1.));
#12568=DIRECTION('center_axis',(1.,0.,0.));
#12569=DIRECTION('ref_axis',(0.,0.,-1.));
#12570=DIRECTION('',(0.,-1.,0.));
#12571=DIRECTION('',(0.,0.,1.));
#12572=DIRECTION('center_axis',(0.,0.,1.));
#12573=DIRECTION('ref_axis',(0.,1.,0.));
#12574=DIRECTION('center_axis',(0.,0.,1.));
#12575=DIRECTION('ref_axis',(0.,1.,0.));
#12576=DIRECTION('',(0.,0.,-1.));
#12577=DIRECTION('center_axis',(0.,0.,1.));
#12578=DIRECTION('ref_axis',(-0.707106781186548,-0.707106781186547,0.));
#12579=DIRECTION('',(0.,0.,1.));
#12580=DIRECTION('center_axis',(0.,0.,1.));
#12581=DIRECTION('ref_axis',(-0.707106781186548,-0.707106781186547,0.));
#12582=DIRECTION('',(0.,0.,-1.));
#12583=DIRECTION('center_axis',(1.,0.,0.));
#12584=DIRECTION('ref_axis',(0.,1.,0.));
#12585=DIRECTION('',(0.,1.,0.));
#12586=DIRECTION('center_axis',(0.,0.,1.));
#12587=DIRECTION('ref_axis',(-0.707106781186548,0.707106781186547,0.));
#12588=DIRECTION('',(0.,0.,1.));
#12589=DIRECTION('center_axis',(0.,0.,1.));
#12590=DIRECTION('ref_axis',(-0.707106781186548,0.707106781186547,0.));
#12591=DIRECTION('center_axis',(0.,-1.,0.));
#12592=DIRECTION('ref_axis',(1.,0.,0.));
#12593=DIRECTION('',(1.,0.,0.));
#12594=DIRECTION('center_axis',(0.,0.,1.));
#12595=DIRECTION('ref_axis',(-0.707106781186548,0.707106781186547,0.));
#12596=DIRECTION('',(0.,0.,1.));
#12597=DIRECTION('center_axis',(0.,0.,1.));
#12598=DIRECTION('ref_axis',(-0.707106781186548,0.707106781186547,0.));
#12599=DIRECTION('',(0.,0.,-1.));
#12600=DIRECTION('center_axis',(0.,-1.,0.));
#12601=DIRECTION('ref_axis',(1.,0.,0.));
#12602=DIRECTION('',(1.,0.,0.));
#12603=DIRECTION('center_axis',(0.,0.,1.));
#12604=DIRECTION('ref_axis',(-0.707106781186548,-0.707106781186547,0.));
#12605=DIRECTION('',(0.,0.,1.));
#12606=DIRECTION('center_axis',(0.,0.,1.));
#12607=DIRECTION('ref_axis',(-0.707106781186548,-0.707106781186547,0.));
#12608=DIRECTION('center_axis',(1.,0.,0.));
#12609=DIRECTION('ref_axis',(0.,1.,0.));
#12610=DIRECTION('',(0.,1.,0.));
#12611=DIRECTION('center_axis',(-1.,0.,0.));
#12612=DIRECTION('ref_axis',(0.,1.,0.));
#12613=DIRECTION('',(0.,1.,0.));
#12614=DIRECTION('',(0.,0.,-1.));
#12615=DIRECTION('center_axis',(0.,1.,0.));
#12616=DIRECTION('ref_axis',(1.,0.,0.));
#12617=DIRECTION('',(1.,0.,0.));
#12618=DIRECTION('center_axis',(4.32502746637382E-9,-1.,0.));
#12619=DIRECTION('ref_axis',(-1.,-4.32502746637382E-9,0.));
#12620=DIRECTION('',(0.,0.,-1.));
#12621=DIRECTION('',(-1.,-4.32502746637382E-9,0.));
#12622=DIRECTION('center_axis',(0.,0.,1.));
#12623=DIRECTION('ref_axis',(-0.565125857541945,0.825004706130505,0.));
#12624=DIRECTION('center_axis',(0.,0.,-1.));
#12625=DIRECTION('ref_axis',(-0.565125857541945,0.825004706130505,0.));
#12626=DIRECTION('',(0.,0.,-1.));
#12627=DIRECTION('center_axis',(0.,0.,-1.));
#12628=DIRECTION('ref_axis',(-0.565125857541945,0.825004706130505,0.));
#12629=DIRECTION('',(0.,0.,1.));
#12630=DIRECTION('center_axis',(0.,0.,-1.));
#12631=DIRECTION('ref_axis',(-0.998015220666871,0.0629731634687042,0.));
#12632=DIRECTION('center_axis',(0.,0.,1.));
#12633=DIRECTION('ref_axis',(-0.998015220666871,0.0629731634687042,0.));
#12634=DIRECTION('',(0.,0.,-1.));
#12635=DIRECTION('center_axis',(0.,0.,1.));
#12636=DIRECTION('ref_axis',(-0.998015220666871,0.0629731634687042,0.));
#12637=DIRECTION('center_axis',(0.,0.,-1.));
#12638=DIRECTION('ref_axis',(0.70710678118656,-0.707106781186535,0.));
#12639=DIRECTION('center_axis',(0.,0.,1.));
#12640=DIRECTION('ref_axis',(0.70710678118656,-0.707106781186535,0.));
#12641=DIRECTION('center_axis',(0.,0.,1.));
#12642=DIRECTION('ref_axis',(0.70710678118656,-0.707106781186535,0.));
#12643=DIRECTION('',(0.,0.,-1.));
#12644=DIRECTION('center_axis',(0.,0.,-1.));
#12645=DIRECTION('ref_axis',(-0.998012838799489,0.0630109005758989,0.));
#12646=DIRECTION('center_axis',(0.,0.,-1.));
#12647=DIRECTION('ref_axis',(-0.998012838799489,0.0630109005758989,0.));
#12648=DIRECTION('',(0.,0.,1.));
#12649=DIRECTION('center_axis',(0.,0.,-1.));
#12650=DIRECTION('ref_axis',(0.72531453722735,0.688417621859489,0.));
#12651=DIRECTION('center_axis',(0.,0.,-1.));
#12652=DIRECTION('ref_axis',(0.72531453722735,0.688417621859489,0.));
#12653=DIRECTION('',(0.,0.,-1.));
#12654=DIRECTION('center_axis',(0.,0.,-1.));
#12655=DIRECTION('ref_axis',(0.72531453722735,0.688417621859489,0.));
#12656=DIRECTION('center_axis',(0.,0.,-1.));
#12657=DIRECTION('ref_axis',(-0.9979715561291,0.0636613945595121,0.));
#12658=DIRECTION('center_axis',(0.,0.,-1.));
#12659=DIRECTION('ref_axis',(-0.9979715561291,0.0636613945595121,0.));
#12660=DIRECTION('center_axis',(0.,0.,1.));
#12661=DIRECTION('ref_axis',(-1.,0.,0.));
#12662=DIRECTION('',(0.,-1.,0.));
#12663=DIRECTION('center_axis',(1.,0.,0.));
#12664=DIRECTION('ref_axis',(0.,-1.,0.));
#12665=DIRECTION('',(0.,-1.,0.));
#12666=DIRECTION('center_axis',(0.,1.,0.));
#12667=DIRECTION('ref_axis',(1.,0.,0.));
#12668=DIRECTION('',(1.,0.,0.));
#12669=DIRECTION('',(0.,0.,-1.));
#12670=DIRECTION('center_axis',(-1.,-1.69499698416054E-16,0.));
#12671=DIRECTION('ref_axis',(-1.69499698416054E-16,1.,0.));
#12672=DIRECTION('',(-1.69499698416054E-16,1.,0.));
#12673=DIRECTION('',(0.,0.,-1.));
#12674=DIRECTION('center_axis',(0.,-1.,0.));
#12675=DIRECTION('ref_axis',(-1.,0.,0.));
#12676=DIRECTION('',(-1.,0.,0.));
#12677=DIRECTION('',(0.,0.,-1.));
#12678=DIRECTION('center_axis',(-1.,0.,0.));
#12679=DIRECTION('ref_axis',(0.,1.,0.));
#12680=DIRECTION('',(0.,1.,0.));
#12681=DIRECTION('center_axis',(0.,0.,1.));
#12682=DIRECTION('ref_axis',(1.,0.,0.));
#12683=DIRECTION('center_axis',(0.,0.,-1.));
#12684=DIRECTION('ref_axis',(1.,0.,0.));
#12685=DIRECTION('',(0.,0.,-1.));
#12686=DIRECTION('center_axis',(0.,0.,1.));
#12687=DIRECTION('ref_axis',(1.,0.,0.));
#12688=DIRECTION('',(-0.865181467365136,0.501458900138296,0.));
#12689=DIRECTION('',(-0.866866880156134,-0.498539679552561,0.));
#12690=DIRECTION('',(-0.00168541279099709,-0.999998579690853,0.));
#12691=DIRECTION('',(0.865181467365139,-0.501458900138292,0.));
#12692=DIRECTION('',(0.866866880156134,0.498539679552561,0.));
#12693=DIRECTION('',(0.001685412790986,0.999998579690853,0.));
#12694=DIRECTION('center_axis',(-0.501458900138292,-0.865181467365139,0.));
#12695=DIRECTION('ref_axis',(0.865181467365139,-0.501458900138292,0.));
#12696=DIRECTION('',(0.,0.,1.));
#12697=DIRECTION('',(0.865181467365139,-0.501458900138292,0.));
#12698=DIRECTION('',(0.,0.,1.));
#12699=DIRECTION('center_axis',(-0.999998579690853,0.00168541279099709,
0.));
#12700=DIRECTION('ref_axis',(-0.00168541279099709,-0.999998579690853,0.));
#12701=DIRECTION('',(0.,0.,1.));
#12702=DIRECTION('',(-0.00168541279099709,-0.999998579690853,0.));
#12703=DIRECTION('center_axis',(-0.498539679552561,0.866866880156134,0.));
#12704=DIRECTION('ref_axis',(-0.866866880156134,-0.498539679552561,0.));
#12705=DIRECTION('',(0.,0.,1.));
#12706=DIRECTION('',(-0.866866880156134,-0.498539679552561,0.));
#12707=DIRECTION('center_axis',(0.,0.,1.));
#12708=DIRECTION('ref_axis',(1.,0.,0.));
#12709=DIRECTION('center_axis',(0.,0.,-1.));
#12710=DIRECTION('ref_axis',(1.,0.,0.));
#12711=DIRECTION('',(0.,0.,-1.));
#12712=DIRECTION('center_axis',(0.,0.,1.));
#12713=DIRECTION('ref_axis',(1.,0.,0.));
#12714=DIRECTION('',(0.875196528739101,0.483767543436957,0.));
#12715=DIRECTION('',(0.0186432822267556,0.999826198910497,0.));
#12716=DIRECTION('',(-0.856553246512347,0.516058655473541,0.));
#12717=DIRECTION('',(-0.875196528739102,-0.483767543436955,0.));
#12718=DIRECTION('',(-0.0186432822267535,-0.999826198910498,0.));
#12719=DIRECTION('',(0.856553246512347,-0.516058655473541,0.));
#12720=DIRECTION('center_axis',(-0.483767543436955,0.875196528739102,0.));
#12721=DIRECTION('ref_axis',(-0.875196528739102,-0.483767543436955,0.));
#12722=DIRECTION('',(0.,0.,1.));
#12723=DIRECTION('',(-0.875196528739102,-0.483767543436955,0.));
#12724=DIRECTION('',(0.,0.,1.));
#12725=DIRECTION('center_axis',(0.516058655473541,0.856553246512347,0.));
#12726=DIRECTION('ref_axis',(-0.856553246512347,0.516058655473541,0.));
#12727=DIRECTION('',(0.,0.,1.));
#12728=DIRECTION('',(-0.856553246512347,0.516058655473541,0.));
#12729=DIRECTION('center_axis',(0.999826198910497,-0.0186432822267556,0.));
#12730=DIRECTION('ref_axis',(0.0186432822267556,0.999826198910497,0.));
#12731=DIRECTION('',(0.,0.,1.));
#12732=DIRECTION('',(0.0186432822267556,0.999826198910497,0.));
#12733=DIRECTION('center_axis',(0.,0.,1.));
#12734=DIRECTION('ref_axis',(1.,0.,0.));
#12735=DIRECTION('center_axis',(0.,0.,-1.));
#12736=DIRECTION('ref_axis',(1.,0.,0.));
#12737=DIRECTION('',(0.,0.,-1.));
#12738=DIRECTION('center_axis',(0.,0.,1.));
#12739=DIRECTION('ref_axis',(1.,0.,0.));
#12740=DIRECTION('',(0.866025403784437,-0.500000000000002,0.));
#12741=DIRECTION('',(0.86602540378444,0.499999999999998,0.));
#12742=DIRECTION('',(0.,1.,0.));
#12743=DIRECTION('',(-0.866025403784437,0.500000000000003,0.));
#12744=DIRECTION('',(-0.866025403784438,-0.5,0.));
#12745=DIRECTION('',(0.,-1.,0.));
#12746=DIRECTION('center_axis',(0.500000000000003,0.866025403784437,0.));
#12747=DIRECTION('ref_axis',(-0.866025403784437,0.500000000000003,0.));
#12748=DIRECTION('',(0.,0.,1.));
#12749=DIRECTION('',(-0.866025403784437,0.500000000000003,0.));
#12750=DIRECTION('',(0.,0.,1.));
#12751=DIRECTION('center_axis',(1.,0.,0.));
#12752=DIRECTION('ref_axis',(0.,1.,0.));
#12753=DIRECTION('',(0.,0.,1.));
#12754=DIRECTION('',(0.,1.,0.));
#12755=DIRECTION('center_axis',(0.499999999999998,-0.86602540378444,0.));
#12756=DIRECTION('ref_axis',(0.86602540378444,0.499999999999998,0.));
#12757=DIRECTION('',(0.,0.,1.));
#12758=DIRECTION('',(0.86602540378444,0.499999999999998,0.));
#12759=DIRECTION('center_axis',(0.,0.,1.));
#12760=DIRECTION('ref_axis',(1.,0.,0.));
#12761=DIRECTION('center_axis',(0.,0.,-1.));
#12762=DIRECTION('ref_axis',(1.,0.,0.));
#12763=DIRECTION('',(0.,0.,-1.));
#12764=DIRECTION('center_axis',(0.,0.,1.));
#12765=DIRECTION('ref_axis',(1.,0.,0.));
#12766=DIRECTION('',(0.,-1.,0.));
#12767=DIRECTION('',(0.866025403784438,-0.500000000000001,0.));
#12768=DIRECTION('',(0.866025403784439,0.499999999999999,0.));
#12769=DIRECTION('',(0.,1.,0.));
#12770=DIRECTION('',(-0.866025403784437,0.500000000000002,0.));
#12771=DIRECTION('',(-0.866025403784438,-0.500000000000001,0.));
#12772=DIRECTION('center_axis',(1.,0.,0.));
#12773=DIRECTION('ref_axis',(0.,1.,0.));
#12774=DIRECTION('',(0.,0.,1.));
#12775=DIRECTION('',(0.,1.,0.));
#12776=DIRECTION('',(0.,0.,1.));
#12777=DIRECTION('center_axis',(0.499999999999999,-0.866025403784439,0.));
#12778=DIRECTION('ref_axis',(0.866025403784439,0.499999999999999,0.));
#12779=DIRECTION('',(0.,0.,1.));
#12780=DIRECTION('',(0.866025403784439,0.499999999999999,0.));
#12781=DIRECTION('center_axis',(-0.500000000000001,-0.866025403784438,0.));
#12782=DIRECTION('ref_axis',(0.866025403784438,-0.500000000000001,0.));
#12783=DIRECTION('',(0.,0.,1.));
#12784=DIRECTION('',(0.866025403784438,-0.500000000000001,0.));
#12785=DIRECTION('center_axis',(0.,-1.,0.));
#12786=DIRECTION('ref_axis',(0.,0.,-1.));
#12787=DIRECTION('center_axis',(0.,1.,0.));
#12788=DIRECTION('ref_axis',(0.,0.,-1.));
#12789=DIRECTION('center_axis',(1.,0.,0.));
#12790=DIRECTION('ref_axis',(0.,0.,1.));
#12791=DIRECTION('center_axis',(0.,1.,0.));
#12792=DIRECTION('ref_axis',(-1.,0.,0.));
#12793=DIRECTION('',(0.,0.,1.));
#12794=DIRECTION('',(-1.,0.,0.));
#12795=DIRECTION('',(0.,0.,1.));
#12796=DIRECTION('center_axis',(0.,1.,0.));
#12797=DIRECTION('ref_axis',(0.,0.,-1.));
#12798=DIRECTION('center_axis',(0.,-1.,0.));
#12799=DIRECTION('ref_axis',(0.,0.,-1.));
#12800=DIRECTION('center_axis',(1.,0.,0.));
#12801=DIRECTION('ref_axis',(0.,0.,1.));
#12802=DIRECTION('center_axis',(0.,1.,0.));
#12803=DIRECTION('ref_axis',(0.,0.,-1.));
#12804=DIRECTION('center_axis',(0.,1.,0.));
#12805=DIRECTION('ref_axis',(0.,0.,1.));
#12806=DIRECTION('center_axis',(-1.,0.,0.));
#12807=DIRECTION('ref_axis',(0.,0.,1.));
#12808=DIRECTION('center_axis',(1.,-6.12323399573677E-17,0.));
#12809=DIRECTION('ref_axis',(0.,-1.,0.));
#12810=DIRECTION('center_axis',(1.,0.,0.));
#12811=DIRECTION('ref_axis',(0.,0.,-1.));
#12812=DIRECTION('center_axis',(0.,-1.85037170770859E-16,-1.));
#12813=DIRECTION('ref_axis',(0.,1.,-1.85037170770859E-16));
#12814=DIRECTION('center_axis',(0.,1.,0.));
#12815=DIRECTION('ref_axis',(0.,0.,-1.));
#12816=DIRECTION('center_axis',(0.,1.,0.));
#12817=DIRECTION('ref_axis',(0.,0.,1.));
#12818=DIRECTION('center_axis',(-1.,0.,0.));
#12819=DIRECTION('ref_axis',(0.,0.,1.));
#12820=DIRECTION('center_axis',(1.,-6.12323399573677E-17,0.));
#12821=DIRECTION('ref_axis',(0.,-1.,0.));
#12822=DIRECTION('center_axis',(-1.,0.,0.));
#12823=DIRECTION('ref_axis',(0.,0.,1.));
#12824=DIRECTION('center_axis',(0.,0.,-1.));
#12825=DIRECTION('ref_axis',(0.,1.,0.));
#12826=DIRECTION('center_axis',(-0.5,0.866025403784438,0.));
#12827=DIRECTION('ref_axis',(-0.866025403784438,-0.5,0.));
#12828=DIRECTION('',(-0.866025403784438,-0.5,0.));
#12829=DIRECTION('',(0.,0.,1.));
#12830=DIRECTION('center_axis',(-1.,0.,0.));
#12831=DIRECTION('ref_axis',(0.,-1.,0.));
#12832=DIRECTION('',(0.,-1.,0.));
#12833=DIRECTION('',(0.,0.,1.));
#12834=DIRECTION('center_axis',(-0.500000000000002,-0.866025403784437,0.));
#12835=DIRECTION('ref_axis',(0.866025403784437,-0.500000000000002,0.));
#12836=DIRECTION('',(0.866025403784437,-0.500000000000002,0.));
#12837=DIRECTION('center_axis',(-0.999826198910498,0.0186432822267535,0.));
#12838=DIRECTION('ref_axis',(-0.0186432822267535,-0.999826198910498,0.));
#12839=DIRECTION('',(-0.0186432822267535,-0.999826198910498,0.));
#12840=DIRECTION('',(0.,0.,1.));
#12841=DIRECTION('center_axis',(-0.516058655473541,-0.856553246512347,0.));
#12842=DIRECTION('ref_axis',(0.856553246512347,-0.516058655473541,0.));
#12843=DIRECTION('',(0.856553246512347,-0.516058655473541,0.));
#12844=DIRECTION('',(0.,0.,1.));
#12845=DIRECTION('center_axis',(0.483767543436957,-0.875196528739101,0.));
#12846=DIRECTION('ref_axis',(0.875196528739101,0.483767543436957,0.));
#12847=DIRECTION('',(0.875196528739101,0.483767543436957,0.));
#12848=DIRECTION('center_axis',(-1.,0.,0.));
#12849=DIRECTION('ref_axis',(0.,-1.,0.));
#12850=DIRECTION('',(0.,-1.,0.));
#12851=DIRECTION('center_axis',(-1.,0.,0.));
#12852=DIRECTION('ref_axis',(0.,-1.,0.));
#12853=DIRECTION('',(0.,-1.,0.));
#12854=DIRECTION('center_axis',(0.500000000000002,0.866025403784437,0.));
#12855=DIRECTION('ref_axis',(-0.866025403784437,0.500000000000002,0.));
#12856=DIRECTION('',(-0.866025403784437,0.500000000000002,0.));
#12857=DIRECTION('',(0.,0.,1.));
#12858=DIRECTION('center_axis',(-0.500000000000001,0.866025403784438,0.));
#12859=DIRECTION('ref_axis',(-0.866025403784438,-0.500000000000001,0.));
#12860=DIRECTION('',(-0.866025403784438,-0.500000000000001,0.));
#12861=DIRECTION('',(0.,0.,1.));
#12862=DIRECTION('center_axis',(-1.,0.,0.));
#12863=DIRECTION('ref_axis',(0.,-1.,0.));
#12864=DIRECTION('',(0.,-1.,0.));
#12865=DIRECTION('center_axis',(-1.,0.,0.));
#12866=DIRECTION('ref_axis',(0.,-1.,0.));
#12867=DIRECTION('',(0.,-1.,0.));
#12868=DIRECTION('',(0.,0.,1.));
#12869=DIRECTION('center_axis',(0.,0.,1.));
#12870=DIRECTION('ref_axis',(1.,5.92118946466745E-15,0.));
#12871=DIRECTION('center_axis',(0.,0.,-1.));
#12872=DIRECTION('ref_axis',(1.,5.92118946466745E-15,0.));
#12873=DIRECTION('',(0.,0.,1.));
#12874=DIRECTION('center_axis',(0.,0.,1.));
#12875=DIRECTION('ref_axis',(0.,1.,0.));
#12876=DIRECTION('center_axis',(0.,0.,1.));
#12877=DIRECTION('ref_axis',(0.,1.,0.));
#12878=DIRECTION('',(0.,0.,1.));
#12879=DIRECTION('center_axis',(0.,1.,0.));
#12880=DIRECTION('ref_axis',(-1.,0.,0.));
#12881=DIRECTION('',(-1.,0.,0.));
#12882=DIRECTION('',(0.,0.,1.));
#12883=DIRECTION('center_axis',(0.,0.,1.));
#12884=DIRECTION('ref_axis',(0.,-1.,0.));
#12885=DIRECTION('center_axis',(0.,0.,-1.));
#12886=DIRECTION('ref_axis',(0.,-1.,0.));
#12887=DIRECTION('',(0.,0.,1.));
#12888=DIRECTION('center_axis',(0.,-1.,0.));
#12889=DIRECTION('ref_axis',(1.,0.,0.));
#12890=DIRECTION('',(1.,0.,0.));
#12891=DIRECTION('',(0.,0.,1.));
#12892=DIRECTION('center_axis',(0.,0.,1.));
#12893=DIRECTION('ref_axis',(0.,1.,0.));
#12894=DIRECTION('center_axis',(0.,0.,1.));
#12895=DIRECTION('ref_axis',(0.,1.,0.));
#12896=DIRECTION('',(0.,0.,1.));
#12897=DIRECTION('center_axis',(0.,1.,0.));
#12898=DIRECTION('ref_axis',(-1.,0.,0.));
#12899=DIRECTION('',(-1.,0.,0.));
#12900=DIRECTION('',(0.,0.,1.));
#12901=DIRECTION('center_axis',(0.,0.,1.));
#12902=DIRECTION('ref_axis',(0.,-1.,0.));
#12903=DIRECTION('center_axis',(0.,0.,-1.));
#12904=DIRECTION('ref_axis',(0.,-1.,0.));
#12905=DIRECTION('',(0.,0.,1.));
#12906=DIRECTION('center_axis',(0.,-1.,0.));
#12907=DIRECTION('ref_axis',(1.,0.,0.));
#12908=DIRECTION('',(1.,0.,0.));
#12909=DIRECTION('',(0.,0.,1.));
#12910=DIRECTION('center_axis',(0.,0.,1.));
#12911=DIRECTION('ref_axis',(0.,1.,0.));
#12912=DIRECTION('center_axis',(0.,0.,1.));
#12913=DIRECTION('ref_axis',(0.,1.,0.));
#12914=DIRECTION('',(0.,0.,1.));
#12915=DIRECTION('center_axis',(0.,1.,0.));
#12916=DIRECTION('ref_axis',(-1.,0.,0.));
#12917=DIRECTION('',(-1.,0.,0.));
#12918=DIRECTION('',(0.,0.,1.));
#12919=DIRECTION('center_axis',(0.,0.,1.));
#12920=DIRECTION('ref_axis',(0.,-1.,0.));
#12921=DIRECTION('center_axis',(0.,0.,-1.));
#12922=DIRECTION('ref_axis',(0.,-1.,0.));
#12923=DIRECTION('',(0.,0.,1.));
#12924=DIRECTION('center_axis',(0.,-1.,0.));
#12925=DIRECTION('ref_axis',(1.,0.,0.));
#12926=DIRECTION('',(1.,0.,0.));
#12927=DIRECTION('',(0.,0.,1.));
#12928=DIRECTION('center_axis',(0.,0.,1.));
#12929=DIRECTION('ref_axis',(-1.,-1.18423789293348E-14,0.));
#12930=DIRECTION('center_axis',(0.,0.,1.));
#12931=DIRECTION('ref_axis',(-1.,-1.18423789293348E-14,0.));
#12932=DIRECTION('center_axis',(0.,-1.,0.));
#12933=DIRECTION('ref_axis',(1.,0.,0.));
#12934=DIRECTION('',(1.,0.,0.));
#12935=DIRECTION('',(0.,0.,1.));
#12936=DIRECTION('center_axis',(0.,0.,1.));
#12937=DIRECTION('ref_axis',(-1.,-1.18423789293348E-14,0.));
#12938=DIRECTION('center_axis',(0.,0.,1.));
#12939=DIRECTION('ref_axis',(-1.,-1.18423789293348E-14,0.));
#12940=DIRECTION('',(0.,0.,1.));
#12941=DIRECTION('center_axis',(-1.,0.,0.));
#12942=DIRECTION('ref_axis',(0.,-1.,0.));
#12943=DIRECTION('',(0.,-1.,0.));
#12944=DIRECTION('',(0.,0.,1.));
#12945=DIRECTION('center_axis',(0.,0.,1.));
#12946=DIRECTION('ref_axis',(1.,0.,0.));
#12947=DIRECTION('center_axis',(0.,0.,-1.));
#12948=DIRECTION('ref_axis',(1.,0.,0.));
#12949=DIRECTION('',(0.,0.,1.));
#12950=DIRECTION('center_axis',(1.,0.,0.));
#12951=DIRECTION('ref_axis',(0.,1.,0.));
#12952=DIRECTION('',(0.,1.,0.));
#12953=DIRECTION('',(0.,0.,1.));
#12954=DIRECTION('center_axis',(0.,0.,1.));
#12955=DIRECTION('ref_axis',(-1.,0.,0.));
#12956=DIRECTION('center_axis',(0.,0.,1.));
#12957=DIRECTION('ref_axis',(-1.,0.,0.));
#12958=DIRECTION('',(0.,0.,1.));
#12959=DIRECTION('center_axis',(-1.,0.,0.));
#12960=DIRECTION('ref_axis',(0.,-1.,0.));
#12961=DIRECTION('',(0.,-1.,0.));
#12962=DIRECTION('',(0.,0.,1.));
#12963=DIRECTION('center_axis',(0.,0.,1.));
#12964=DIRECTION('ref_axis',(1.,0.,0.));
#12965=DIRECTION('center_axis',(0.,0.,-1.));
#12966=DIRECTION('ref_axis',(1.,0.,0.));
#12967=DIRECTION('',(0.,0.,1.));
#12968=DIRECTION('center_axis',(1.,0.,0.));
#12969=DIRECTION('ref_axis',(0.,1.,0.));
#12970=DIRECTION('',(0.,1.,0.));
#12971=DIRECTION('',(0.,0.,1.));
#12972=DIRECTION('center_axis',(0.,0.,1.));
#12973=DIRECTION('ref_axis',(-1.,0.,0.));
#12974=DIRECTION('center_axis',(0.,0.,1.));
#12975=DIRECTION('ref_axis',(-1.,0.,0.));
#12976=DIRECTION('',(0.,0.,1.));
#12977=DIRECTION('center_axis',(-1.,0.,0.));
#12978=DIRECTION('ref_axis',(0.,-1.,0.));
#12979=DIRECTION('',(0.,-1.,0.));
#12980=DIRECTION('',(0.,0.,1.));
#12981=DIRECTION('center_axis',(0.,0.,1.));
#12982=DIRECTION('ref_axis',(1.,0.,0.));
#12983=DIRECTION('center_axis',(0.,0.,-1.));
#12984=DIRECTION('ref_axis',(1.,0.,0.));
#12985=DIRECTION('',(0.,0.,1.));
#12986=DIRECTION('center_axis',(1.,0.,0.));
#12987=DIRECTION('ref_axis',(0.,1.,0.));
#12988=DIRECTION('',(0.,1.,0.));
#12989=DIRECTION('',(0.,0.,1.));
#12990=DIRECTION('center_axis',(0.,0.,1.));
#12991=DIRECTION('ref_axis',(-1.,0.,0.));
#12992=DIRECTION('center_axis',(0.,0.,1.));
#12993=DIRECTION('ref_axis',(-1.,0.,0.));
#12994=DIRECTION('center_axis',(0.,1.,0.));
#12995=DIRECTION('ref_axis',(-1.,0.,0.));
#12996=DIRECTION('',(-1.,0.,0.));
#12997=DIRECTION('center_axis',(1.,0.,0.));
#12998=DIRECTION('ref_axis',(0.,1.,0.));
#12999=DIRECTION('',(0.,1.,0.));
#13000=DIRECTION('center_axis',(1.,-1.75900927061108E-8,0.));
#13001=DIRECTION('ref_axis',(1.75900927061108E-8,1.,0.));
#13002=DIRECTION('',(1.75900927061108E-8,1.,0.));
#13003=DIRECTION('center_axis',(0.,0.,1.));
#13004=DIRECTION('ref_axis',(-1.75900982668511E-8,-1.,0.));
#13005=DIRECTION('center_axis',(0.,0.,-1.));
#13006=DIRECTION('ref_axis',(-1.75900982668511E-8,-1.,0.));
#13007=DIRECTION('',(0.,0.,1.));
#13008=DIRECTION('center_axis',(0.,0.,1.));
#13009=DIRECTION('ref_axis',(1.,0.,0.));
#13010=DIRECTION('center_axis',(0.,0.,1.));
#13011=DIRECTION('ref_axis',(1.,0.,0.));
#13012=DIRECTION('',(0.,0.,1.));
#13013=DIRECTION('center_axis',(1.,0.,0.));
#13014=DIRECTION('ref_axis',(0.,1.,0.));
#13015=DIRECTION('',(0.,1.,0.));
#13016=DIRECTION('',(0.,0.,1.));
#13017=DIRECTION('center_axis',(0.,0.,1.));
#13018=DIRECTION('ref_axis',(-1.,0.,0.));
#13019=DIRECTION('center_axis',(0.,0.,-1.));
#13020=DIRECTION('ref_axis',(-1.,0.,0.));
#13021=DIRECTION('',(0.,0.,1.));
#13022=DIRECTION('center_axis',(-1.,0.,0.));
#13023=DIRECTION('ref_axis',(0.,-1.,0.));
#13024=DIRECTION('',(0.,-1.,0.));
#13025=DIRECTION('',(0.,0.,1.));
#13026=DIRECTION('center_axis',(0.,0.,1.));
#13027=DIRECTION('ref_axis',(1.,0.,0.));
#13028=DIRECTION('center_axis',(0.,0.,1.));
#13029=DIRECTION('ref_axis',(1.,0.,0.));
#13030=DIRECTION('',(0.,0.,1.));
#13031=DIRECTION('center_axis',(1.,0.,0.));
#13032=DIRECTION('ref_axis',(0.,1.,0.));
#13033=DIRECTION('',(0.,1.,0.));
#13034=DIRECTION('',(0.,0.,1.));
#13035=DIRECTION('center_axis',(0.,0.,1.));
#13036=DIRECTION('ref_axis',(-1.,0.,0.));
#13037=DIRECTION('center_axis',(0.,0.,-1.));
#13038=DIRECTION('ref_axis',(-1.,0.,0.));
#13039=DIRECTION('',(0.,0.,1.));
#13040=DIRECTION('center_axis',(-1.,0.,0.));
#13041=DIRECTION('ref_axis',(0.,-1.,0.));
#13042=DIRECTION('',(0.,-1.,0.));
#13043=DIRECTION('',(0.,0.,1.));
#13044=DIRECTION('center_axis',(0.,0.,1.));
#13045=DIRECTION('ref_axis',(1.,0.,0.));
#13046=DIRECTION('center_axis',(0.,0.,1.));
#13047=DIRECTION('ref_axis',(1.,0.,0.));
#13048=DIRECTION('',(0.,0.,1.));
#13049=DIRECTION('center_axis',(1.,0.,0.));
#13050=DIRECTION('ref_axis',(0.,1.,0.));
#13051=DIRECTION('',(0.,1.,0.));
#13052=DIRECTION('',(0.,0.,1.));
#13053=DIRECTION('center_axis',(0.,0.,1.));
#13054=DIRECTION('ref_axis',(-1.,0.,0.));
#13055=DIRECTION('center_axis',(0.,0.,-1.));
#13056=DIRECTION('ref_axis',(-1.,0.,0.));
#13057=DIRECTION('',(0.,0.,1.));
#13058=DIRECTION('center_axis',(-1.,0.,0.));
#13059=DIRECTION('ref_axis',(0.,-1.,0.));
#13060=DIRECTION('',(0.,-1.,0.));
#13061=DIRECTION('',(0.,0.,1.));
#13062=DIRECTION('center_axis',(0.,0.,1.));
#13063=DIRECTION('ref_axis',(-1.18423789293348E-14,1.,0.));
#13064=DIRECTION('center_axis',(0.,0.,1.));
#13065=DIRECTION('ref_axis',(-1.18423789293348E-14,1.,0.));
#13066=DIRECTION('center_axis',(-1.,0.,0.));
#13067=DIRECTION('ref_axis',(0.,-1.,0.));
#13068=DIRECTION('',(0.,-1.,0.));
#13069=DIRECTION('',(0.,0.,1.));
#13070=DIRECTION('center_axis',(0.,0.,1.));
#13071=DIRECTION('ref_axis',(-1.18423789293348E-14,1.,0.));
#13072=DIRECTION('center_axis',(0.,0.,1.));
#13073=DIRECTION('ref_axis',(-1.18423789293348E-14,1.,0.));
#13074=DIRECTION('',(0.,0.,1.));
#13075=DIRECTION('center_axis',(0.,1.,0.));
#13076=DIRECTION('ref_axis',(-1.,0.,0.));
#13077=DIRECTION('',(-1.,0.,0.));
#13078=DIRECTION('',(0.,0.,1.));
#13079=DIRECTION('center_axis',(0.,0.,1.));
#13080=DIRECTION('ref_axis',(0.,-1.,0.));
#13081=DIRECTION('center_axis',(0.,0.,-1.));
#13082=DIRECTION('ref_axis',(0.,-1.,0.));
#13083=DIRECTION('',(0.,0.,1.));
#13084=DIRECTION('center_axis',(0.,-1.,0.));
#13085=DIRECTION('ref_axis',(1.,0.,0.));
#13086=DIRECTION('',(1.,0.,0.));
#13087=DIRECTION('',(0.,0.,1.));
#13088=DIRECTION('center_axis',(0.,0.,1.));
#13089=DIRECTION('ref_axis',(-2.96059473233376E-15,1.,0.));
#13090=DIRECTION('center_axis',(0.,0.,1.));
#13091=DIRECTION('ref_axis',(-2.96059473233376E-15,1.,0.));
#13092=DIRECTION('',(0.,0.,1.));
#13093=DIRECTION('center_axis',(0.,1.,0.));
#13094=DIRECTION('ref_axis',(-1.,0.,0.));
#13095=DIRECTION('',(-1.,0.,0.));
#13096=DIRECTION('',(0.,0.,1.));
#13097=DIRECTION('center_axis',(0.,0.,1.));
#13098=DIRECTION('ref_axis',(0.,-1.,0.));
#13099=DIRECTION('center_axis',(0.,0.,-1.));
#13100=DIRECTION('ref_axis',(0.,-1.,0.));
#13101=DIRECTION('',(0.,0.,1.));
#13102=DIRECTION('center_axis',(0.,-1.,0.));
#13103=DIRECTION('ref_axis',(1.,0.,0.));
#13104=DIRECTION('',(1.,0.,0.));
#13105=DIRECTION('',(0.,0.,1.));
#13106=DIRECTION('center_axis',(0.,0.,1.));
#13107=DIRECTION('ref_axis',(0.,1.,0.));
#13108=DIRECTION('center_axis',(0.,0.,1.));
#13109=DIRECTION('ref_axis',(0.,1.,0.));
#13110=DIRECTION('',(0.,0.,1.));
#13111=DIRECTION('center_axis',(0.,1.,0.));
#13112=DIRECTION('ref_axis',(-1.,0.,0.));
#13113=DIRECTION('',(-1.,0.,0.));
#13114=DIRECTION('',(0.,0.,1.));
#13115=DIRECTION('center_axis',(0.,0.,1.));
#13116=DIRECTION('ref_axis',(0.,-1.,0.));
#13117=DIRECTION('center_axis',(0.,0.,-1.));
#13118=DIRECTION('ref_axis',(0.,-1.,0.));
#13119=DIRECTION('',(0.,0.,1.));
#13120=DIRECTION('center_axis',(0.,-1.,0.));
#13121=DIRECTION('ref_axis',(1.,0.,0.));
#13122=DIRECTION('',(1.,0.,0.));
#13123=DIRECTION('',(0.,0.,1.));
#13124=DIRECTION('center_axis',(0.,0.,1.));
#13125=DIRECTION('ref_axis',(0.,1.,0.));
#13126=DIRECTION('center_axis',(0.,0.,1.));
#13127=DIRECTION('ref_axis',(0.,1.,0.));
#13128=DIRECTION('',(0.,0.,1.));
#13129=DIRECTION('center_axis',(0.,0.,1.));
#13130=DIRECTION('ref_axis',(5.92118946466745E-15,-1.,0.));
#13131=DIRECTION('center_axis',(0.,0.,-1.));
#13132=DIRECTION('ref_axis',(5.92118946466745E-15,-1.,0.));
#13133=DIRECTION('center_axis',(0.498539679552561,-0.866866880156134,0.));
#13134=DIRECTION('ref_axis',(0.866866880156134,0.498539679552561,0.));
#13135=DIRECTION('',(0.866866880156134,0.498539679552561,0.));
#13136=DIRECTION('',(0.,0.,1.));
#13137=DIRECTION('center_axis',(0.999998579690853,-0.001685412790986,0.));
#13138=DIRECTION('ref_axis',(0.001685412790986,0.999998579690853,0.));
#13139=DIRECTION('',(0.001685412790986,0.999998579690853,0.));
#13140=DIRECTION('',(0.,0.,1.));
#13141=DIRECTION('center_axis',(0.501458900138296,0.865181467365136,0.));
#13142=DIRECTION('ref_axis',(-0.865181467365136,0.501458900138296,0.));
#13143=DIRECTION('',(-0.865181467365136,0.501458900138296,0.));
#13144=DIRECTION('center_axis',(0.,0.,1.));
#13145=DIRECTION('ref_axis',(0.,1.,0.));
#13146=DIRECTION('',(0.,0.,1.));
#13147=DIRECTION('center_axis',(0.,0.,-1.));
#13148=DIRECTION('ref_axis',(0.,1.,0.));
#13149=DIRECTION('',(0.,0.,1.));
#13150=DIRECTION('center_axis',(0.,1.,0.));
#13151=DIRECTION('ref_axis',(-1.,0.,0.));
#13152=DIRECTION('',(-1.,0.,0.));
#13153=DIRECTION('',(0.,0.,1.));
#13154=DIRECTION('center_axis',(0.,0.,1.));
#13155=DIRECTION('ref_axis',(0.,-1.,0.));
#13156=DIRECTION('center_axis',(0.,0.,1.));
#13157=DIRECTION('ref_axis',(0.,-1.,0.));
#13158=DIRECTION('',(0.,0.,1.));
#13159=DIRECTION('center_axis',(0.,-1.,0.));
#13160=DIRECTION('ref_axis',(1.,0.,0.));
#13161=DIRECTION('',(1.,0.,0.));
#13162=DIRECTION('',(0.,0.,1.));
#13163=DIRECTION('center_axis',(0.,0.,1.));
#13164=DIRECTION('ref_axis',(0.,1.,0.));
#13165=DIRECTION('center_axis',(0.,0.,-1.));
#13166=DIRECTION('ref_axis',(0.,1.,0.));
#13167=DIRECTION('',(0.,0.,1.));
#13168=DIRECTION('center_axis',(0.,1.,0.));
#13169=DIRECTION('ref_axis',(-1.,0.,0.));
#13170=DIRECTION('',(-1.,0.,0.));
#13171=DIRECTION('',(0.,0.,1.));
#13172=DIRECTION('center_axis',(0.,0.,1.));
#13173=DIRECTION('ref_axis',(0.,-1.,0.));
#13174=DIRECTION('center_axis',(0.,0.,1.));
#13175=DIRECTION('ref_axis',(0.,-1.,0.));
#13176=DIRECTION('',(0.,0.,1.));
#13177=DIRECTION('center_axis',(0.,0.,1.));
#13178=DIRECTION('ref_axis',(-5.92118946466745E-15,1.,0.));
#13179=DIRECTION('center_axis',(0.,0.,-1.));
#13180=DIRECTION('ref_axis',(-5.92118946466745E-15,1.,0.));
#13181=DIRECTION('center_axis',(-1.,0.,0.));
#13182=DIRECTION('ref_axis',(0.,-1.,0.));
#13183=DIRECTION('',(0.,-1.,0.));
#13184=DIRECTION('center_axis',(-1.,1.75900927061108E-8,0.));
#13185=DIRECTION('ref_axis',(-1.75900927061108E-8,-1.,0.));
#13186=DIRECTION('',(-1.75900927061108E-8,-1.,0.));
#13187=DIRECTION('center_axis',(0.,0.,1.));
#13188=DIRECTION('ref_axis',(-8.88178419700118E-15,1.,0.));
#13189=DIRECTION('center_axis',(0.,0.,-1.));
#13190=DIRECTION('ref_axis',(-8.88178419700118E-15,1.,0.));
#13191=DIRECTION('',(0.,0.,1.));
#13192=DIRECTION('center_axis',(0.,0.,1.));
#13193=DIRECTION('ref_axis',(-1.,0.,0.));
#13194=DIRECTION('center_axis',(0.,0.,1.));
#13195=DIRECTION('ref_axis',(-1.,0.,0.));
#13196=DIRECTION('',(0.,0.,1.));
#13197=DIRECTION('center_axis',(-1.,0.,0.));
#13198=DIRECTION('ref_axis',(0.,-1.,0.));
#13199=DIRECTION('',(0.,-1.,0.));
#13200=DIRECTION('',(0.,0.,1.));
#13201=DIRECTION('center_axis',(0.,0.,1.));
#13202=DIRECTION('ref_axis',(1.,0.,0.));
#13203=DIRECTION('center_axis',(0.,0.,-1.));
#13204=DIRECTION('ref_axis',(1.,0.,0.));
#13205=DIRECTION('',(0.,0.,1.));
#13206=DIRECTION('center_axis',(1.,0.,0.));
#13207=DIRECTION('ref_axis',(0.,1.,0.));
#13208=DIRECTION('',(0.,1.,0.));
#13209=DIRECTION('',(0.,0.,1.));
#13210=DIRECTION('center_axis',(0.,0.,1.));
#13211=DIRECTION('ref_axis',(-1.,0.,0.));
#13212=DIRECTION('center_axis',(0.,0.,1.));
#13213=DIRECTION('ref_axis',(-1.,0.,0.));
#13214=DIRECTION('',(0.,0.,1.));
#13215=DIRECTION('center_axis',(-1.,0.,0.));
#13216=DIRECTION('ref_axis',(0.,-1.,0.));
#13217=DIRECTION('',(0.,-1.,0.));
#13218=DIRECTION('',(0.,0.,1.));
#13219=DIRECTION('center_axis',(0.,0.,1.));
#13220=DIRECTION('ref_axis',(1.,0.,0.));
#13221=DIRECTION('center_axis',(0.,0.,-1.));
#13222=DIRECTION('ref_axis',(1.,0.,0.));
#13223=DIRECTION('',(0.,0.,1.));
#13224=DIRECTION('center_axis',(1.,0.,0.));
#13225=DIRECTION('ref_axis',(0.,1.,0.));
#13226=DIRECTION('',(0.,1.,0.));
#13227=DIRECTION('',(0.,0.,1.));
#13228=DIRECTION('center_axis',(0.,0.,1.));
#13229=DIRECTION('ref_axis',(-1.,0.,0.));
#13230=DIRECTION('center_axis',(0.,0.,1.));
#13231=DIRECTION('ref_axis',(-1.,0.,0.));
#13232=DIRECTION('',(0.,0.,1.));
#13233=DIRECTION('center_axis',(-1.,0.,0.));
#13234=DIRECTION('ref_axis',(0.,-1.,0.));
#13235=DIRECTION('',(0.,-1.,0.));
#13236=DIRECTION('',(0.,0.,1.));
#13237=DIRECTION('center_axis',(0.,0.,1.));
#13238=DIRECTION('ref_axis',(1.,0.,0.));
#13239=DIRECTION('center_axis',(0.,0.,-1.));
#13240=DIRECTION('ref_axis',(1.,0.,0.));
#13241=DIRECTION('',(0.,0.,1.));
#13242=DIRECTION('center_axis',(1.,0.,0.));
#13243=DIRECTION('ref_axis',(0.,1.,0.));
#13244=DIRECTION('',(0.,1.,0.));
#13245=DIRECTION('',(0.,0.,1.));
#13246=DIRECTION('center_axis',(0.,0.,1.));
#13247=DIRECTION('ref_axis',(1.18423789293348E-14,-1.,0.));
#13248=DIRECTION('center_axis',(0.,0.,1.));
#13249=DIRECTION('ref_axis',(1.18423789293348E-14,-1.,0.));
#13250=DIRECTION('center_axis',(1.,0.,0.));
#13251=DIRECTION('ref_axis',(0.,1.,0.));
#13252=DIRECTION('',(0.,1.,0.));
#13253=DIRECTION('',(0.,0.,1.));
#13254=DIRECTION('center_axis',(0.,0.,1.));
#13255=DIRECTION('ref_axis',(1.18423789293348E-14,-1.,0.));
#13256=DIRECTION('center_axis',(0.,0.,1.));
#13257=DIRECTION('ref_axis',(1.18423789293348E-14,-1.,0.));
#13258=DIRECTION('',(0.,0.,1.));
#13259=DIRECTION('center_axis',(0.,-1.,0.));
#13260=DIRECTION('ref_axis',(1.,0.,0.));
#13261=DIRECTION('',(1.,0.,0.));
#13262=DIRECTION('',(0.,0.,1.));
#13263=DIRECTION('center_axis',(0.,0.,1.));
#13264=DIRECTION('ref_axis',(0.,1.,0.));
#13265=DIRECTION('center_axis',(0.,0.,-1.));
#13266=DIRECTION('ref_axis',(0.,1.,0.));
#13267=DIRECTION('',(0.,0.,1.));
#13268=DIRECTION('center_axis',(0.,1.,0.));
#13269=DIRECTION('ref_axis',(-1.,0.,0.));
#13270=DIRECTION('',(-1.,0.,0.));
#13271=DIRECTION('',(0.,0.,1.));
#13272=DIRECTION('center_axis',(0.,0.,1.));
#13273=DIRECTION('ref_axis',(2.96059473233376E-15,-1.,0.));
#13274=DIRECTION('center_axis',(0.,0.,1.));
#13275=DIRECTION('ref_axis',(2.96059473233376E-15,-1.,0.));
#13276=DIRECTION('',(0.,0.,1.));
#13277=DIRECTION('center_axis',(0.,-1.,0.));
#13278=DIRECTION('ref_axis',(1.,0.,0.));
#13279=DIRECTION('',(1.,0.,0.));
#13280=DIRECTION('center_axis',(0.,0.,1.));
#13281=DIRECTION('ref_axis',(0.,1.,0.));
#13282=DIRECTION('',(0.,0.,1.));
#13283=DIRECTION('center_axis',(0.,0.,-1.));
#13284=DIRECTION('ref_axis',(0.,1.,0.));
#13285=DIRECTION('',(0.,0.,1.));
#13286=DIRECTION('center_axis',(0.,1.,0.));
#13287=DIRECTION('ref_axis',(-1.,0.,0.));
#13288=DIRECTION('',(-1.,0.,0.));
#13289=DIRECTION('',(0.,0.,1.));
#13290=DIRECTION('center_axis',(0.,0.,1.));
#13291=DIRECTION('ref_axis',(0.,-1.,0.));
#13292=DIRECTION('center_axis',(0.,0.,1.));
#13293=DIRECTION('ref_axis',(0.,-1.,0.));
#13294=DIRECTION('',(0.,0.,1.));
#13295=DIRECTION('center_axis',(0.,-1.,0.));
#13296=DIRECTION('ref_axis',(1.,0.,0.));
#13297=DIRECTION('',(1.,0.,0.));
#13298=DIRECTION('',(0.,0.,1.));
#13299=DIRECTION('center_axis',(0.,0.,1.));
#13300=DIRECTION('ref_axis',(0.,1.,0.));
#13301=DIRECTION('center_axis',(0.,0.,-1.));
#13302=DIRECTION('ref_axis',(0.,1.,0.));
#13303=DIRECTION('',(0.,0.,1.));
#13304=DIRECTION('center_axis',(0.,1.,0.));
#13305=DIRECTION('ref_axis',(-1.,0.,0.));
#13306=DIRECTION('',(-1.,0.,0.));
#13307=DIRECTION('',(0.,0.,1.));
#13308=DIRECTION('center_axis',(0.,0.,1.));
#13309=DIRECTION('ref_axis',(1.,1.18423789293348E-14,0.));
#13310=DIRECTION('center_axis',(0.,0.,1.));
#13311=DIRECTION('ref_axis',(1.,1.18423789293348E-14,0.));
#13312=DIRECTION('center_axis',(0.,1.,0.));
#13313=DIRECTION('ref_axis',(-1.,0.,0.));
#13314=DIRECTION('',(-1.,0.,0.));
#13315=DIRECTION('',(0.,0.,1.));
#13316=DIRECTION('center_axis',(0.,0.,1.));
#13317=DIRECTION('ref_axis',(1.,1.18423789293348E-14,0.));
#13318=DIRECTION('center_axis',(0.,0.,1.));
#13319=DIRECTION('ref_axis',(1.,1.18423789293348E-14,0.));
#13320=DIRECTION('',(0.,0.,1.));
#13321=DIRECTION('center_axis',(1.,0.,0.));
#13322=DIRECTION('ref_axis',(0.,1.,0.));
#13323=DIRECTION('',(0.,1.,0.));
#13324=DIRECTION('',(0.,0.,1.));
#13325=DIRECTION('center_axis',(0.,0.,1.));
#13326=DIRECTION('ref_axis',(-1.,0.,0.));
#13327=DIRECTION('center_axis',(0.,0.,-1.));
#13328=DIRECTION('ref_axis',(-1.,0.,0.));
#13329=DIRECTION('',(0.,0.,1.));
#13330=DIRECTION('center_axis',(-1.,0.,0.));
#13331=DIRECTION('ref_axis',(0.,-1.,0.));
#13332=DIRECTION('',(0.,-1.,0.));
#13333=DIRECTION('',(0.,0.,1.));
#13334=DIRECTION('center_axis',(0.,0.,1.));
#13335=DIRECTION('ref_axis',(1.,0.,0.));
#13336=DIRECTION('center_axis',(0.,0.,1.));
#13337=DIRECTION('ref_axis',(1.,0.,0.));
#13338=DIRECTION('',(0.,0.,1.));
#13339=DIRECTION('center_axis',(1.,0.,0.));
#13340=DIRECTION('ref_axis',(0.,1.,0.));
#13341=DIRECTION('',(0.,1.,0.));
#13342=DIRECTION('',(0.,0.,1.));
#13343=DIRECTION('center_axis',(0.,0.,1.));
#13344=DIRECTION('ref_axis',(-1.,0.,0.));
#13345=DIRECTION('center_axis',(0.,0.,-1.));
#13346=DIRECTION('ref_axis',(-1.,0.,0.));
#13347=DIRECTION('',(0.,0.,1.));
#13348=DIRECTION('center_axis',(-1.,0.,0.));
#13349=DIRECTION('ref_axis',(0.,-1.,0.));
#13350=DIRECTION('',(0.,-1.,0.));
#13351=DIRECTION('',(0.,0.,1.));
#13352=DIRECTION('center_axis',(0.,0.,1.));
#13353=DIRECTION('ref_axis',(1.,0.,0.));
#13354=DIRECTION('center_axis',(0.,0.,1.));
#13355=DIRECTION('ref_axis',(1.,0.,0.));
#13356=DIRECTION('',(0.,0.,1.));
#13357=DIRECTION('center_axis',(1.,0.,0.));
#13358=DIRECTION('ref_axis',(0.,1.,0.));
#13359=DIRECTION('',(0.,1.,0.));
#13360=DIRECTION('',(0.,0.,1.));
#13361=DIRECTION('center_axis',(0.,0.,1.));
#13362=DIRECTION('ref_axis',(-1.,0.,0.));
#13363=DIRECTION('center_axis',(0.,0.,-1.));
#13364=DIRECTION('ref_axis',(-1.,0.,0.));
#13365=DIRECTION('',(0.,0.,1.));
#13366=DIRECTION('center_axis',(-1.,0.,0.));
#13367=DIRECTION('ref_axis',(0.,-1.,0.));
#13368=DIRECTION('',(0.,-1.,0.));
#13369=DIRECTION('',(0.,0.,1.));
#13370=DIRECTION('center_axis',(0.,0.,1.));
#13371=DIRECTION('ref_axis',(1.,0.,0.));
#13372=DIRECTION('center_axis',(0.,0.,1.));
#13373=DIRECTION('ref_axis',(1.,0.,0.));
#13374=DIRECTION('center_axis',(0.,-1.,0.));
#13375=DIRECTION('ref_axis',(1.,0.,0.));
#13376=DIRECTION('',(1.,0.,0.));
#13377=DIRECTION('center_axis',(0.,-1.,0.));
#13378=DIRECTION('ref_axis',(1.,0.,0.));
#13379=DIRECTION('',(1.,0.,0.));
#13380=DIRECTION('center_axis',(1.,0.,0.));
#13381=DIRECTION('ref_axis',(0.,1.,0.));
#13382=DIRECTION('',(0.,1.,0.));
#13383=DIRECTION('',(0.,0.,1.));
#13384=DIRECTION('center_axis',(0.,0.,1.));
#13385=DIRECTION('ref_axis',(-1.,-5.92118946466745E-15,0.));
#13386=DIRECTION('center_axis',(0.,0.,-1.));
#13387=DIRECTION('ref_axis',(-1.,-5.92118946466745E-15,0.));
#13388=DIRECTION('',(0.,0.,1.));
#13389=DIRECTION('center_axis',(0.,0.,1.));
#13390=DIRECTION('ref_axis',(0.,-1.,0.));
#13391=DIRECTION('center_axis',(0.,0.,1.));
#13392=DIRECTION('ref_axis',(0.,-1.,0.));
#13393=DIRECTION('',(0.,0.,1.));
#13394=DIRECTION('center_axis',(0.,-1.,0.));
#13395=DIRECTION('ref_axis',(1.,0.,0.));
#13396=DIRECTION('',(1.,0.,0.));
#13397=DIRECTION('',(0.,0.,1.));
#13398=DIRECTION('center_axis',(0.,0.,1.));
#13399=DIRECTION('ref_axis',(0.,1.,0.));
#13400=DIRECTION('center_axis',(0.,0.,-1.));
#13401=DIRECTION('ref_axis',(0.,1.,0.));
#13402=DIRECTION('',(0.,0.,1.));
#13403=DIRECTION('center_axis',(0.,1.,0.));
#13404=DIRECTION('ref_axis',(-1.,0.,0.));
#13405=DIRECTION('',(-1.,0.,0.));
#13406=DIRECTION('',(0.,0.,1.));
#13407=DIRECTION('center_axis',(0.,0.,1.));
#13408=DIRECTION('ref_axis',(0.,-1.,0.));
#13409=DIRECTION('center_axis',(0.,0.,1.));
#13410=DIRECTION('ref_axis',(0.,-1.,0.));
#13411=DIRECTION('',(0.,0.,1.));
#13412=DIRECTION('center_axis',(0.,-1.,0.));
#13413=DIRECTION('ref_axis',(1.,0.,0.));
#13414=DIRECTION('',(1.,0.,0.));
#13415=DIRECTION('center_axis',(0.,1.,0.));
#13416=DIRECTION('ref_axis',(-1.,0.,0.));
#13417=DIRECTION('',(-1.,0.,0.));
#13418=DIRECTION('center_axis',(1.,0.,0.));
#13419=DIRECTION('ref_axis',(0.,1.,0.));
#13420=DIRECTION('',(0.,1.,0.));
#13421=DIRECTION('center_axis',(1.,1.75900926654415E-8,0.));
#13422=DIRECTION('ref_axis',(-1.75900926654415E-8,1.,0.));
#13423=DIRECTION('',(-1.75900926654415E-8,1.,0.));
#13424=DIRECTION('center_axis',(1.,0.,0.));
#13425=DIRECTION('ref_axis',(0.,1.,0.));
#13426=DIRECTION('',(0.,0.,1.));
#13427=DIRECTION('',(0.,1.,0.));
#13428=DIRECTION('',(0.,0.,1.));
#13429=DIRECTION('center_axis',(0.,0.,1.));
#13430=DIRECTION('ref_axis',(-3.84546042416415E-7,-0.999999999999926,0.));
#13431=DIRECTION('center_axis',(0.,0.,1.));
#13432=DIRECTION('ref_axis',(-3.84546042416415E-7,-0.999999999999926,0.));
#13433=DIRECTION('',(0.,0.,1.));
#13434=DIRECTION('center_axis',(-2.96059473233376E-15,-1.,0.));
#13435=DIRECTION('ref_axis',(1.,-2.96059473233376E-15,0.));
#13436=DIRECTION('',(1.,-2.96059473233376E-15,0.));
#13437=DIRECTION('',(0.,0.,1.));
#13438=DIRECTION('center_axis',(0.,0.,1.));
#13439=DIRECTION('ref_axis',(0.,1.,0.));
#13440=DIRECTION('center_axis',(0.,0.,-1.));
#13441=DIRECTION('ref_axis',(0.,1.,0.));
#13442=DIRECTION('',(0.,0.,1.));
#13443=DIRECTION('center_axis',(0.,1.,0.));
#13444=DIRECTION('ref_axis',(-1.,0.,0.));
#13445=DIRECTION('',(-1.,0.,0.));
#13446=DIRECTION('',(0.,0.,1.));
#13447=DIRECTION('center_axis',(0.,0.,1.));
#13448=DIRECTION('ref_axis',(0.,-1.,0.));
#13449=DIRECTION('center_axis',(0.,0.,1.));
#13450=DIRECTION('ref_axis',(0.,-1.,0.));
#13451=DIRECTION('',(0.,0.,1.));
#13452=DIRECTION('center_axis',(2.96059473233376E-15,-1.,0.));
#13453=DIRECTION('ref_axis',(1.,2.96059473233376E-15,0.));
#13454=DIRECTION('',(1.,2.96059473233376E-15,0.));
#13455=DIRECTION('',(0.,0.,1.));
#13456=DIRECTION('center_axis',(0.,0.,1.));
#13457=DIRECTION('ref_axis',(0.,1.,0.));
#13458=DIRECTION('center_axis',(0.,0.,-1.));
#13459=DIRECTION('ref_axis',(0.,1.,0.));
#13460=DIRECTION('',(0.,0.,1.));
#13461=DIRECTION('center_axis',(0.,1.,0.));
#13462=DIRECTION('ref_axis',(-1.,0.,0.));
#13463=DIRECTION('',(-1.,0.,0.));
#13464=DIRECTION('',(0.,0.,1.));
#13465=DIRECTION('center_axis',(0.,0.,1.));
#13466=DIRECTION('ref_axis',(0.,-1.,0.));
#13467=DIRECTION('center_axis',(0.,0.,1.));
#13468=DIRECTION('ref_axis',(0.,-1.,0.));
#13469=DIRECTION('',(0.,0.,1.));
#13470=DIRECTION('center_axis',(0.,-1.,0.));
#13471=DIRECTION('ref_axis',(1.,0.,0.));
#13472=DIRECTION('',(1.,0.,0.));
#13473=DIRECTION('',(0.,0.,1.));
#13474=DIRECTION('center_axis',(0.,0.,1.));
#13475=DIRECTION('ref_axis',(-4.44089209850064E-15,1.,0.));
#13476=DIRECTION('center_axis',(0.,0.,-1.));
#13477=DIRECTION('ref_axis',(-4.44089209850064E-15,1.,0.));
#13478=DIRECTION('',(0.,0.,1.));
#13479=DIRECTION('center_axis',(0.,1.,0.));
#13480=DIRECTION('ref_axis',(-1.,0.,0.));
#13481=DIRECTION('',(-1.,0.,0.));
#13482=DIRECTION('',(0.,0.,1.));
#13483=DIRECTION('center_axis',(0.,0.,1.));
#13484=DIRECTION('ref_axis',(0.,-1.,0.));
#13485=DIRECTION('center_axis',(0.,0.,1.));
#13486=DIRECTION('ref_axis',(0.,-1.,0.));
#13487=DIRECTION('',(0.,0.,1.));
#13488=DIRECTION('center_axis',(0.,0.,1.));
#13489=DIRECTION('ref_axis',(-1.18423789293348E-14,1.,0.));
#13490=DIRECTION('center_axis',(0.,0.,-1.));
#13491=DIRECTION('ref_axis',(-1.18423789293348E-14,1.,0.));
#13492=DIRECTION('center_axis',(0.,-1.,0.));
#13493=DIRECTION('ref_axis',(1.,0.,0.));
#13494=DIRECTION('',(1.,0.,0.));
#13495=DIRECTION('',(0.,0.,1.));
#13496=DIRECTION('center_axis',(0.,0.,1.));
#13497=DIRECTION('ref_axis',(-1.18423789293348E-14,1.,0.));
#13498=DIRECTION('center_axis',(0.,0.,-1.));
#13499=DIRECTION('ref_axis',(-1.18423789293348E-14,1.,0.));
#13500=DIRECTION('',(0.,0.,1.));
#13501=DIRECTION('center_axis',(0.,0.,1.));
#13502=DIRECTION('ref_axis',(-1.,0.,0.));
#13503=DIRECTION('center_axis',(0.,0.,1.));
#13504=DIRECTION('ref_axis',(-1.,0.,0.));
#13505=DIRECTION('',(0.,0.,1.));
#13506=DIRECTION('center_axis',(-1.,0.,0.));
#13507=DIRECTION('ref_axis',(0.,-1.,0.));
#13508=DIRECTION('',(0.,-1.,0.));
#13509=DIRECTION('',(0.,0.,1.));
#13510=DIRECTION('center_axis',(0.,0.,1.));
#13511=DIRECTION('ref_axis',(1.,0.,0.));
#13512=DIRECTION('center_axis',(0.,0.,-1.));
#13513=DIRECTION('ref_axis',(1.,0.,0.));
#13514=DIRECTION('',(0.,0.,1.));
#13515=DIRECTION('center_axis',(1.,0.,0.));
#13516=DIRECTION('ref_axis',(0.,1.,0.));
#13517=DIRECTION('',(0.,1.,0.));
#13518=DIRECTION('',(0.,0.,1.));
#13519=DIRECTION('center_axis',(0.,0.,1.));
#13520=DIRECTION('ref_axis',(-1.,0.,0.));
#13521=DIRECTION('center_axis',(0.,0.,1.));
#13522=DIRECTION('ref_axis',(-1.,0.,0.));
#13523=DIRECTION('',(0.,0.,1.));
#13524=DIRECTION('center_axis',(-1.,0.,0.));
#13525=DIRECTION('ref_axis',(0.,-1.,0.));
#13526=DIRECTION('',(0.,-1.,0.));
#13527=DIRECTION('',(0.,0.,1.));
#13528=DIRECTION('center_axis',(0.,0.,1.));
#13529=DIRECTION('ref_axis',(1.,0.,0.));
#13530=DIRECTION('center_axis',(0.,0.,-1.));
#13531=DIRECTION('ref_axis',(1.,0.,0.));
#13532=DIRECTION('',(0.,0.,1.));
#13533=DIRECTION('center_axis',(1.,0.,0.));
#13534=DIRECTION('ref_axis',(0.,1.,0.));
#13535=DIRECTION('',(0.,1.,0.));
#13536=DIRECTION('',(0.,0.,1.));
#13537=DIRECTION('center_axis',(0.,0.,1.));
#13538=DIRECTION('ref_axis',(-1.,0.,0.));
#13539=DIRECTION('center_axis',(0.,0.,1.));
#13540=DIRECTION('ref_axis',(-1.,0.,0.));
#13541=DIRECTION('',(0.,0.,1.));
#13542=DIRECTION('center_axis',(-1.,0.,0.));
#13543=DIRECTION('ref_axis',(0.,-1.,0.));
#13544=DIRECTION('',(0.,-1.,0.));
#13545=DIRECTION('',(0.,0.,1.));
#13546=DIRECTION('center_axis',(0.,0.,1.));
#13547=DIRECTION('ref_axis',(1.,0.,0.));
#13548=DIRECTION('center_axis',(0.,0.,-1.));
#13549=DIRECTION('ref_axis',(1.,0.,0.));
#13550=DIRECTION('',(0.,0.,1.));
#13551=DIRECTION('center_axis',(1.,0.,0.));
#13552=DIRECTION('ref_axis',(0.,1.,0.));
#13553=DIRECTION('',(0.,1.,0.));
#13554=DIRECTION('',(0.,0.,1.));
#13555=DIRECTION('center_axis',(0.,0.,1.));
#13556=DIRECTION('ref_axis',(-1.18423789293353E-14,-1.,0.));
#13557=DIRECTION('center_axis',(0.,0.,1.));
#13558=DIRECTION('ref_axis',(-1.18423789293353E-14,-1.,0.));
#13559=DIRECTION('',(0.,0.,1.));
#13560=DIRECTION('center_axis',(0.,-1.,0.));
#13561=DIRECTION('ref_axis',(1.,0.,0.));
#13562=DIRECTION('',(1.,0.,0.));
#13563=DIRECTION('',(0.,0.,1.));
#13564=DIRECTION('center_axis',(0.,0.,1.));
#13565=DIRECTION('ref_axis',(-0.999999999999926,3.84546048337603E-7,0.));
#13566=DIRECTION('center_axis',(0.,0.,1.));
#13567=DIRECTION('ref_axis',(-0.999999999999926,3.84546048337603E-7,0.));
#13568=DIRECTION('',(0.,0.,1.));
#13569=DIRECTION('center_axis',(-1.,0.,0.));
#13570=DIRECTION('ref_axis',(0.,-1.,0.));
#13571=DIRECTION('',(0.,-1.,0.));
#13572=DIRECTION('',(0.,0.,1.));
#13573=DIRECTION('center_axis',(0.,0.,1.));
#13574=DIRECTION('ref_axis',(1.,0.,0.));
#13575=DIRECTION('center_axis',(0.,0.,-1.));
#13576=DIRECTION('ref_axis',(1.,0.,0.));
#13577=DIRECTION('',(0.,0.,1.));
#13578=DIRECTION('center_axis',(1.,0.,0.));
#13579=DIRECTION('ref_axis',(0.,1.,0.));
#13580=DIRECTION('',(0.,1.,0.));
#13581=DIRECTION('',(0.,0.,1.));
#13582=DIRECTION('center_axis',(0.,0.,1.));
#13583=DIRECTION('ref_axis',(-1.,0.,0.));
#13584=DIRECTION('center_axis',(0.,0.,1.));
#13585=DIRECTION('ref_axis',(-1.,0.,0.));
#13586=DIRECTION('',(0.,0.,1.));
#13587=DIRECTION('center_axis',(-1.,0.,0.));
#13588=DIRECTION('ref_axis',(0.,-1.,0.));
#13589=DIRECTION('',(0.,-1.,0.));
#13590=DIRECTION('',(0.,0.,1.));
#13591=DIRECTION('center_axis',(0.,0.,1.));
#13592=DIRECTION('ref_axis',(1.,0.,0.));
#13593=DIRECTION('center_axis',(0.,0.,-1.));
#13594=DIRECTION('ref_axis',(1.,0.,0.));
#13595=DIRECTION('',(0.,0.,1.));
#13596=DIRECTION('center_axis',(1.,0.,0.));
#13597=DIRECTION('ref_axis',(0.,1.,0.));
#13598=DIRECTION('',(0.,1.,0.));
#13599=DIRECTION('',(0.,0.,1.));
#13600=DIRECTION('center_axis',(0.,0.,1.));
#13601=DIRECTION('ref_axis',(-1.,0.,0.));
#13602=DIRECTION('center_axis',(0.,0.,1.));
#13603=DIRECTION('ref_axis',(-1.,0.,0.));
#13604=DIRECTION('',(0.,0.,1.));
#13605=DIRECTION('center_axis',(-1.,0.,0.));
#13606=DIRECTION('ref_axis',(0.,-1.,0.));
#13607=DIRECTION('',(0.,-1.,0.));
#13608=DIRECTION('',(0.,0.,1.));
#13609=DIRECTION('center_axis',(0.,0.,1.));
#13610=DIRECTION('ref_axis',(1.,0.,0.));
#13611=DIRECTION('center_axis',(0.,0.,-1.));
#13612=DIRECTION('ref_axis',(1.,0.,0.));
#13613=DIRECTION('',(0.,0.,1.));
#13614=DIRECTION('center_axis',(1.,0.,0.));
#13615=DIRECTION('ref_axis',(0.,1.,0.));
#13616=DIRECTION('',(0.,1.,0.));
#13617=DIRECTION('',(0.,0.,1.));
#13618=DIRECTION('center_axis',(0.,0.,1.));
#13619=DIRECTION('ref_axis',(-1.,0.,0.));
#13620=DIRECTION('center_axis',(0.,0.,1.));
#13621=DIRECTION('ref_axis',(-1.,0.,0.));
#13622=DIRECTION('',(0.,0.,1.));
#13623=DIRECTION('center_axis',(0.,0.,1.));
#13624=DIRECTION('ref_axis',(1.,1.18423789293348E-14,0.));
#13625=DIRECTION('center_axis',(0.,0.,-1.));
#13626=DIRECTION('ref_axis',(1.,1.18423789293348E-14,0.));
#13627=DIRECTION('center_axis',(0.,-1.,0.));
#13628=DIRECTION('ref_axis',(1.,0.,0.));
#13629=DIRECTION('',(1.,0.,0.));
#13630=DIRECTION('center_axis',(-1.,0.,0.));
#13631=DIRECTION('ref_axis',(0.,-1.,0.));
#13632=DIRECTION('',(0.,-1.,0.));
#13633=DIRECTION('',(0.,0.,1.));
#13634=DIRECTION('center_axis',(0.,0.,1.));
#13635=DIRECTION('ref_axis',(1.,1.18423789293348E-14,0.));
#13636=DIRECTION('center_axis',(0.,0.,-1.));
#13637=DIRECTION('ref_axis',(1.,1.18423789293348E-14,0.));
#13638=DIRECTION('',(0.,0.,1.));
#13639=DIRECTION('center_axis',(0.,0.,1.));
#13640=DIRECTION('ref_axis',(0.,1.,0.));
#13641=DIRECTION('center_axis',(0.,0.,1.));
#13642=DIRECTION('ref_axis',(0.,1.,0.));
#13643=DIRECTION('',(0.,0.,1.));
#13644=DIRECTION('center_axis',(0.,1.,0.));
#13645=DIRECTION('ref_axis',(-1.,0.,0.));
#13646=DIRECTION('',(-1.,0.,0.));
#13647=DIRECTION('',(0.,0.,1.));
#13648=DIRECTION('center_axis',(0.,0.,1.));
#13649=DIRECTION('ref_axis',(4.4408920985006E-15,-1.,0.));
#13650=DIRECTION('center_axis',(0.,0.,-1.));
#13651=DIRECTION('ref_axis',(4.4408920985006E-15,-1.,0.));
#13652=DIRECTION('',(0.,0.,1.));
#13653=DIRECTION('center_axis',(0.,-1.,0.));
#13654=DIRECTION('ref_axis',(1.,0.,0.));
#13655=DIRECTION('',(1.,0.,0.));
#13656=DIRECTION('',(0.,0.,1.));
#13657=DIRECTION('center_axis',(0.,0.,1.));
#13658=DIRECTION('ref_axis',(0.,1.,0.));
#13659=DIRECTION('center_axis',(0.,0.,1.));
#13660=DIRECTION('ref_axis',(0.,1.,0.));
#13661=DIRECTION('',(0.,0.,1.));
#13662=DIRECTION('center_axis',(2.96059473233376E-15,1.,0.));
#13663=DIRECTION('ref_axis',(-1.,2.96059473233376E-15,0.));
#13664=DIRECTION('',(-1.,2.96059473233376E-15,0.));
#13665=DIRECTION('',(0.,0.,1.));
#13666=DIRECTION('center_axis',(0.,0.,1.));
#13667=DIRECTION('ref_axis',(0.,-1.,0.));
#13668=DIRECTION('center_axis',(0.,0.,-1.));
#13669=DIRECTION('ref_axis',(0.,-1.,0.));
#13670=DIRECTION('',(0.,0.,1.));
#13671=DIRECTION('center_axis',(0.,-1.,0.));
#13672=DIRECTION('ref_axis',(1.,0.,0.));
#13673=DIRECTION('',(1.,0.,0.));
#13674=DIRECTION('',(0.,0.,1.));
#13675=DIRECTION('center_axis',(0.,0.,1.));
#13676=DIRECTION('ref_axis',(0.,1.,0.));
#13677=DIRECTION('center_axis',(0.,0.,1.));
#13678=DIRECTION('ref_axis',(0.,1.,0.));
#13679=DIRECTION('',(0.,0.,1.));
#13680=DIRECTION('center_axis',(-1.48029736616688E-15,1.,0.));
#13681=DIRECTION('ref_axis',(-1.,-1.48029736616688E-15,0.));
#13682=DIRECTION('',(-1.,-1.48029736616688E-15,0.));
#13683=DIRECTION('',(0.,0.,1.));
#13684=DIRECTION('center_axis',(0.,0.,1.));
#13685=DIRECTION('ref_axis',(0.,-1.,0.));
#13686=DIRECTION('center_axis',(0.,0.,-1.));
#13687=DIRECTION('ref_axis',(0.,-1.,0.));
#13688=DIRECTION('',(0.,0.,1.));
#13689=DIRECTION('center_axis',(2.96059473233376E-15,-1.,0.));
#13690=DIRECTION('ref_axis',(1.,2.96059473233376E-15,0.));
#13691=DIRECTION('',(1.,2.96059473233376E-15,0.));
#13692=DIRECTION('',(0.,0.,1.));
#13693=DIRECTION('center_axis',(0.,0.,1.));
#13694=DIRECTION('ref_axis',(-1.,1.77635683940027E-14,0.));
#13695=DIRECTION('center_axis',(0.,0.,1.));
#13696=DIRECTION('ref_axis',(-1.,1.77635683940027E-14,0.));
#13697=DIRECTION('',(0.,0.,1.));
#13698=DIRECTION('center_axis',(-1.,0.,0.));
#13699=DIRECTION('ref_axis',(0.,-1.,0.));
#13700=DIRECTION('',(0.,-1.,0.));
#13701=DIRECTION('',(0.,0.,1.));
#13702=DIRECTION('center_axis',(0.,0.,1.));
#13703=DIRECTION('ref_axis',(3.84546042416415E-7,0.999999999999926,0.));
#13704=DIRECTION('center_axis',(0.,0.,1.));
#13705=DIRECTION('ref_axis',(3.84546042416415E-7,0.999999999999926,0.));
#13706=DIRECTION('',(0.,0.,1.));
#13707=DIRECTION('center_axis',(2.96059473233376E-15,1.,0.));
#13708=DIRECTION('ref_axis',(-1.,2.96059473233376E-15,0.));
#13709=DIRECTION('',(-1.,2.96059473233376E-15,0.));
#13710=DIRECTION('',(0.,0.,1.));
#13711=DIRECTION('center_axis',(0.,0.,1.));
#13712=DIRECTION('ref_axis',(0.,-1.,0.));
#13713=DIRECTION('center_axis',(0.,0.,-1.));
#13714=DIRECTION('ref_axis',(0.,-1.,0.));
#13715=DIRECTION('',(0.,0.,1.));
#13716=DIRECTION('center_axis',(0.,-1.,0.));
#13717=DIRECTION('ref_axis',(1.,0.,0.));
#13718=DIRECTION('',(1.,0.,0.));
#13719=DIRECTION('',(0.,0.,1.));
#13720=DIRECTION('center_axis',(0.,0.,1.));
#13721=DIRECTION('ref_axis',(0.,1.,0.));
#13722=DIRECTION('center_axis',(0.,0.,1.));
#13723=DIRECTION('ref_axis',(0.,1.,0.));
#13724=DIRECTION('',(0.,0.,1.));
#13725=DIRECTION('center_axis',(-2.96059473233376E-15,1.,0.));
#13726=DIRECTION('ref_axis',(-1.,-2.96059473233376E-15,0.));
#13727=DIRECTION('',(-1.,-2.96059473233376E-15,0.));
#13728=DIRECTION('',(0.,0.,1.));
#13729=DIRECTION('center_axis',(0.,0.,1.));
#13730=DIRECTION('ref_axis',(0.,-1.,0.));
#13731=DIRECTION('center_axis',(0.,0.,-1.));
#13732=DIRECTION('ref_axis',(0.,-1.,0.));
#13733=DIRECTION('',(0.,0.,1.));
#13734=DIRECTION('center_axis',(0.,-1.,0.));
#13735=DIRECTION('ref_axis',(1.,0.,0.));
#13736=DIRECTION('',(1.,0.,0.));
#13737=DIRECTION('',(0.,0.,1.));
#13738=DIRECTION('center_axis',(0.,0.,1.));
#13739=DIRECTION('ref_axis',(0.,1.,0.));
#13740=DIRECTION('center_axis',(0.,0.,1.));
#13741=DIRECTION('ref_axis',(0.,1.,0.));
#13742=DIRECTION('',(0.,0.,1.));
#13743=DIRECTION('center_axis',(0.,1.,0.));
#13744=DIRECTION('ref_axis',(-1.,0.,0.));
#13745=DIRECTION('',(-1.,0.,0.));
#13746=DIRECTION('',(0.,0.,1.));
#13747=DIRECTION('center_axis',(0.,0.,1.));
#13748=DIRECTION('ref_axis',(4.44089209850064E-15,-1.,0.));
#13749=DIRECTION('center_axis',(0.,0.,-1.));
#13750=DIRECTION('ref_axis',(4.44089209850064E-15,-1.,0.));
#13751=DIRECTION('',(0.,0.,1.));
#13752=DIRECTION('center_axis',(0.,-1.,0.));
#13753=DIRECTION('ref_axis',(1.,0.,0.));
#13754=DIRECTION('',(1.,0.,0.));
#13755=DIRECTION('',(0.,0.,1.));
#13756=DIRECTION('center_axis',(0.,0.,1.));
#13757=DIRECTION('ref_axis',(0.,1.,0.));
#13758=DIRECTION('center_axis',(0.,0.,1.));
#13759=DIRECTION('ref_axis',(0.,1.,0.));
#13760=DIRECTION('',(0.,0.,1.));
#13761=DIRECTION('center_axis',(0.,0.,1.));
#13762=DIRECTION('ref_axis',(1.18423789293348E-14,-1.,0.));
#13763=DIRECTION('center_axis',(0.,0.,-1.));
#13764=DIRECTION('ref_axis',(1.18423789293348E-14,-1.,0.));
#13765=DIRECTION('center_axis',(-1.,0.,0.));
#13766=DIRECTION('ref_axis',(0.,-1.,0.));
#13767=DIRECTION('',(0.,-1.,0.));
#13768=DIRECTION('center_axis',(0.,1.,0.));
#13769=DIRECTION('ref_axis',(-1.,0.,0.));
#13770=DIRECTION('',(-1.,0.,0.));
#13771=DIRECTION('',(0.,0.,1.));
#13772=DIRECTION('center_axis',(0.,0.,1.));
#13773=DIRECTION('ref_axis',(1.18423789293348E-14,-1.,0.));
#13774=DIRECTION('center_axis',(0.,0.,-1.));
#13775=DIRECTION('ref_axis',(1.18423789293348E-14,-1.,0.));
#13776=DIRECTION('',(0.,0.,1.));
#13777=DIRECTION('center_axis',(0.,0.,1.));
#13778=DIRECTION('ref_axis',(1.,0.,0.));
#13779=DIRECTION('center_axis',(0.,0.,1.));
#13780=DIRECTION('ref_axis',(1.,0.,0.));
#13781=DIRECTION('',(0.,0.,1.));
#13782=DIRECTION('center_axis',(1.,0.,0.));
#13783=DIRECTION('ref_axis',(0.,1.,0.));
#13784=DIRECTION('',(0.,1.,0.));
#13785=DIRECTION('',(0.,0.,1.));
#13786=DIRECTION('center_axis',(0.,0.,1.));
#13787=DIRECTION('ref_axis',(-1.,0.,0.));
#13788=DIRECTION('center_axis',(0.,0.,-1.));
#13789=DIRECTION('ref_axis',(-1.,0.,0.));
#13790=DIRECTION('',(0.,0.,1.));
#13791=DIRECTION('center_axis',(-1.,0.,0.));
#13792=DIRECTION('ref_axis',(0.,-1.,0.));
#13793=DIRECTION('',(0.,-1.,0.));
#13794=DIRECTION('',(0.,0.,1.));
#13795=DIRECTION('center_axis',(0.,0.,1.));
#13796=DIRECTION('ref_axis',(1.,0.,0.));
#13797=DIRECTION('center_axis',(0.,0.,1.));
#13798=DIRECTION('ref_axis',(1.,0.,0.));
#13799=DIRECTION('',(0.,0.,1.));
#13800=DIRECTION('center_axis',(1.,0.,0.));
#13801=DIRECTION('ref_axis',(0.,1.,0.));
#13802=DIRECTION('',(0.,1.,0.));
#13803=DIRECTION('',(0.,0.,1.));
#13804=DIRECTION('center_axis',(0.,0.,1.));
#13805=DIRECTION('ref_axis',(-1.,0.,0.));
#13806=DIRECTION('center_axis',(0.,0.,-1.));
#13807=DIRECTION('ref_axis',(-1.,0.,0.));
#13808=DIRECTION('',(0.,0.,1.));
#13809=DIRECTION('center_axis',(-1.,0.,0.));
#13810=DIRECTION('ref_axis',(0.,-1.,0.));
#13811=DIRECTION('',(0.,-1.,0.));
#13812=DIRECTION('',(0.,0.,1.));
#13813=DIRECTION('center_axis',(0.,0.,1.));
#13814=DIRECTION('ref_axis',(1.,0.,0.));
#13815=DIRECTION('center_axis',(0.,0.,1.));
#13816=DIRECTION('ref_axis',(1.,0.,0.));
#13817=DIRECTION('',(0.,0.,1.));
#13818=DIRECTION('center_axis',(1.,0.,0.));
#13819=DIRECTION('ref_axis',(0.,1.,0.));
#13820=DIRECTION('',(0.,1.,0.));
#13821=DIRECTION('',(0.,0.,1.));
#13822=DIRECTION('center_axis',(0.,0.,1.));
#13823=DIRECTION('ref_axis',(-1.,0.,0.));
#13824=DIRECTION('center_axis',(0.,0.,-1.));
#13825=DIRECTION('ref_axis',(-1.,0.,0.));
#13826=DIRECTION('',(0.,0.,1.));
#13827=DIRECTION('center_axis',(-1.,0.,0.));
#13828=DIRECTION('ref_axis',(0.,-1.,0.));
#13829=DIRECTION('',(0.,-1.,0.));
#13830=DIRECTION('',(0.,0.,1.));
#13831=DIRECTION('center_axis',(0.,0.,1.));
#13832=DIRECTION('ref_axis',(1.18423789293353E-14,1.,0.));
#13833=DIRECTION('center_axis',(0.,0.,1.));
#13834=DIRECTION('ref_axis',(1.18423789293353E-14,1.,0.));
#13835=DIRECTION('center_axis',(0.,0.,1.));
#13836=DIRECTION('ref_axis',(0.999999999999926,-3.84546048337603E-7,0.));
#13837=DIRECTION('center_axis',(0.,0.,1.));
#13838=DIRECTION('ref_axis',(0.999999999999926,-3.84546048337603E-7,0.));
#13839=DIRECTION('',(0.,0.,1.));
#13840=DIRECTION('center_axis',(1.,0.,0.));
#13841=DIRECTION('ref_axis',(0.,1.,0.));
#13842=DIRECTION('',(0.,1.,0.));
#13843=DIRECTION('',(0.,0.,1.));
#13844=DIRECTION('center_axis',(0.,0.,1.));
#13845=DIRECTION('ref_axis',(-1.,0.,0.));
#13846=DIRECTION('center_axis',(0.,0.,-1.));
#13847=DIRECTION('ref_axis',(-1.,0.,0.));
#13848=DIRECTION('',(0.,0.,1.));
#13849=DIRECTION('center_axis',(-1.,0.,0.));
#13850=DIRECTION('ref_axis',(0.,-1.,0.));
#13851=DIRECTION('',(0.,-1.,0.));
#13852=DIRECTION('',(0.,0.,1.));
#13853=DIRECTION('center_axis',(0.,0.,1.));
#13854=DIRECTION('ref_axis',(1.,0.,0.));
#13855=DIRECTION('center_axis',(0.,0.,1.));
#13856=DIRECTION('ref_axis',(1.,0.,0.));
#13857=DIRECTION('',(0.,0.,1.));
#13858=DIRECTION('center_axis',(1.,0.,0.));
#13859=DIRECTION('ref_axis',(0.,1.,0.));
#13860=DIRECTION('',(0.,1.,0.));
#13861=DIRECTION('',(0.,0.,1.));
#13862=DIRECTION('center_axis',(0.,0.,1.));
#13863=DIRECTION('ref_axis',(-1.,0.,0.));
#13864=DIRECTION('center_axis',(0.,0.,-1.));
#13865=DIRECTION('ref_axis',(-1.,0.,0.));
#13866=DIRECTION('',(0.,0.,1.));
#13867=DIRECTION('center_axis',(-1.,0.,0.));
#13868=DIRECTION('ref_axis',(0.,-1.,0.));
#13869=DIRECTION('',(0.,-1.,0.));
#13870=DIRECTION('',(0.,0.,1.));
#13871=DIRECTION('center_axis',(0.,0.,1.));
#13872=DIRECTION('ref_axis',(1.,0.,0.));
#13873=DIRECTION('center_axis',(0.,0.,1.));
#13874=DIRECTION('ref_axis',(1.,0.,0.));
#13875=DIRECTION('',(0.,0.,1.));
#13876=DIRECTION('center_axis',(1.,0.,0.));
#13877=DIRECTION('ref_axis',(0.,1.,0.));
#13878=DIRECTION('',(0.,1.,0.));
#13879=DIRECTION('',(0.,0.,1.));
#13880=DIRECTION('center_axis',(0.,0.,1.));
#13881=DIRECTION('ref_axis',(-1.,0.,0.));
#13882=DIRECTION('center_axis',(0.,0.,-1.));
#13883=DIRECTION('ref_axis',(-1.,0.,0.));
#13884=DIRECTION('',(0.,0.,1.));
#13885=DIRECTION('center_axis',(-1.,0.,0.));
#13886=DIRECTION('ref_axis',(0.,-1.,0.));
#13887=DIRECTION('',(0.,-1.,0.));
#13888=DIRECTION('',(0.,0.,1.));
#13889=DIRECTION('center_axis',(0.,0.,1.));
#13890=DIRECTION('ref_axis',(1.,0.,0.));
#13891=DIRECTION('center_axis',(0.,0.,1.));
#13892=DIRECTION('ref_axis',(1.,0.,0.));
#13893=DIRECTION('',(0.,0.,1.));
#13894=DIRECTION('center_axis',(0.,0.,1.));
#13895=DIRECTION('ref_axis',(-1.,-1.18423789293348E-14,0.));
#13896=DIRECTION('center_axis',(0.,0.,-1.));
#13897=DIRECTION('ref_axis',(-1.,-1.18423789293348E-14,0.));
#13898=DIRECTION('center_axis',(1.,0.,0.));
#13899=DIRECTION('ref_axis',(0.,1.,0.));
#13900=DIRECTION('',(0.,1.,0.));
#13901=DIRECTION('',(0.,0.,1.));
#13902=DIRECTION('center_axis',(0.,0.,1.));
#13903=DIRECTION('ref_axis',(-1.,-1.18423789293348E-14,0.));
#13904=DIRECTION('center_axis',(0.,0.,-1.));
#13905=DIRECTION('ref_axis',(-1.,-1.18423789293348E-14,0.));
#13906=DIRECTION('',(0.,0.,1.));
#13907=DIRECTION('center_axis',(0.,0.,1.));
#13908=DIRECTION('ref_axis',(0.,-1.,0.));
#13909=DIRECTION('center_axis',(0.,0.,1.));
#13910=DIRECTION('ref_axis',(0.,-1.,0.));
#13911=DIRECTION('',(0.,0.,1.));
#13912=DIRECTION('center_axis',(0.,-1.,0.));
#13913=DIRECTION('ref_axis',(1.,0.,0.));
#13914=DIRECTION('',(1.,0.,0.));
#13915=DIRECTION('',(0.,0.,1.));
#13916=DIRECTION('center_axis',(0.,0.,1.));
#13917=DIRECTION('ref_axis',(-4.4408920985006E-15,1.,0.));
#13918=DIRECTION('center_axis',(0.,0.,-1.));
#13919=DIRECTION('ref_axis',(-4.4408920985006E-15,1.,0.));
#13920=DIRECTION('',(0.,0.,1.));
#13921=DIRECTION('center_axis',(0.,1.,0.));
#13922=DIRECTION('ref_axis',(-1.,0.,0.));
#13923=DIRECTION('',(-1.,0.,0.));
#13924=DIRECTION('',(0.,0.,1.));
#13925=DIRECTION('center_axis',(0.,0.,1.));
#13926=DIRECTION('ref_axis',(0.,-1.,0.));
#13927=DIRECTION('center_axis',(0.,0.,1.));
#13928=DIRECTION('ref_axis',(0.,-1.,0.));
#13929=DIRECTION('',(0.,0.,1.));
#13930=DIRECTION('center_axis',(-2.96059473233376E-15,-1.,0.));
#13931=DIRECTION('ref_axis',(1.,-2.96059473233376E-15,0.));
#13932=DIRECTION('',(1.,-2.96059473233376E-15,0.));
#13933=DIRECTION('',(0.,0.,1.));
#13934=DIRECTION('center_axis',(0.,0.,1.));
#13935=DIRECTION('ref_axis',(0.,1.,0.));
#13936=DIRECTION('center_axis',(0.,0.,-1.));
#13937=DIRECTION('ref_axis',(0.,1.,0.));
#13938=DIRECTION('',(0.,0.,1.));
#13939=DIRECTION('center_axis',(0.,1.,0.));
#13940=DIRECTION('ref_axis',(-1.,0.,0.));
#13941=DIRECTION('',(-1.,0.,0.));
#13942=DIRECTION('',(0.,0.,1.));
#13943=DIRECTION('center_axis',(0.,0.,1.));
#13944=DIRECTION('ref_axis',(0.,-1.,0.));
#13945=DIRECTION('center_axis',(0.,0.,1.));
#13946=DIRECTION('ref_axis',(0.,-1.,0.));
#13947=DIRECTION('',(0.,0.,1.));
#13948=DIRECTION('center_axis',(1.48029736616688E-15,-1.,0.));
#13949=DIRECTION('ref_axis',(1.,1.48029736616688E-15,0.));
#13950=DIRECTION('',(1.,1.48029736616688E-15,0.));
#13951=DIRECTION('',(0.,0.,1.));
#13952=DIRECTION('center_axis',(0.,0.,1.));
#13953=DIRECTION('ref_axis',(0.,1.,0.));
#13954=DIRECTION('center_axis',(0.,0.,-1.));
#13955=DIRECTION('ref_axis',(0.,1.,0.));
#13956=DIRECTION('',(0.,0.,1.));
#13957=DIRECTION('center_axis',(-2.96059473233376E-15,1.,0.));
#13958=DIRECTION('ref_axis',(-1.,-2.96059473233376E-15,0.));
#13959=DIRECTION('',(-1.,-2.96059473233376E-15,0.));
#13960=DIRECTION('',(0.,0.,1.));
#13961=DIRECTION('center_axis',(0.,0.,1.));
#13962=DIRECTION('ref_axis',(1.,-1.77635683940027E-14,0.));
#13963=DIRECTION('center_axis',(0.,0.,1.));
#13964=DIRECTION('ref_axis',(1.,-1.77635683940027E-14,0.));
#13965=DIRECTION('center_axis',(0.,0.,1.));
#13966=DIRECTION('ref_axis',(1.,0.,0.));
#13967=DIRECTION('',(0.,0.,1.));
#13968=DIRECTION('',(1.,0.,0.));
#13969=CARTESIAN_POINT('',(0.,0.,0.));
#13970=CARTESIAN_POINT('',(0.,0.,0.));
#13971=CARTESIAN_POINT('Origin',(85.1,-85.1,0.));
#13972=CARTESIAN_POINT('',(87.1,-85.1,5.));
#13973=CARTESIAN_POINT('',(85.1,-87.1,5.));
#13974=CARTESIAN_POINT('Origin',(85.1,-85.1,5.));
#13975=CARTESIAN_POINT('',(85.1,-87.1,0.));
#13976=CARTESIAN_POINT('',(85.1,-87.1,0.));
#13977=CARTESIAN_POINT('',(87.1,-85.1,0.));
#13978=CARTESIAN_POINT('Origin',(85.1,-85.1,0.));
#13979=CARTESIAN_POINT('',(87.1,-85.1,0.));
#13980=CARTESIAN_POINT('Origin',(87.1,-87.1,0.));
#13981=CARTESIAN_POINT('',(87.1,-74.8866518188383,0.));
#13982=CARTESIAN_POINT('',(87.1,-72.9,0.));
#13983=CARTESIAN_POINT('',(87.1,-74.8866518188383,5.));
#13984=CARTESIAN_POINT('',(87.1,-74.8866518188383,0.));
#13985=CARTESIAN_POINT('',(87.1,-72.9,5.));
#13986=CARTESIAN_POINT('Origin',(0.,0.,0.));
#13987=CARTESIAN_POINT('',(74.8866518188383,-87.1,0.));
#13988=CARTESIAN_POINT('',(87.1,-87.1,0.));
#13989=CARTESIAN_POINT('',(72.8911012125589,-85.2333333333333,0.));
#13990=CARTESIAN_POINT('Origin',(74.8866518188383,-85.1,0.));
#13991=CARTESIAN_POINT('',(68.9,-81.5,0.));
#13992=CARTESIAN_POINT('Origin',(68.9,-85.5,0.));
#13993=CARTESIAN_POINT('',(66.5,-81.5,0.));
#13994=CARTESIAN_POINT('',(81.5,-81.5,0.));
#13995=CARTESIAN_POINT('',(65.,-83.,0.));
#13996=CARTESIAN_POINT('Origin',(66.5,-83.,0.));
#13997=CARTESIAN_POINT('',(59.,-83.,0.));
#13998=CARTESIAN_POINT('Origin',(62.,-83.,0.));
#13999=CARTESIAN_POINT('',(59.,-77.,0.));
#14000=CARTESIAN_POINT('',(59.,-80.,0.));
#14001=CARTESIAN_POINT('',(55.,-77.,0.));
#14002=CARTESIAN_POINT('Origin',(57.,-77.,0.));
#14003=CARTESIAN_POINT('',(55.,-83.,0.));
#14004=CARTESIAN_POINT('',(55.,-80.,0.));
#14005=CARTESIAN_POINT('',(49.,-83.,0.));
#14006=CARTESIAN_POINT('Origin',(52.,-83.,0.));
#14007=CARTESIAN_POINT('',(49.,-77.,0.));
#14008=CARTESIAN_POINT('',(49.,-80.,0.));
#14009=CARTESIAN_POINT('',(45.,-77.,0.));
#14010=CARTESIAN_POINT('Origin',(47.,-77.,0.));
#14011=CARTESIAN_POINT('',(45.,-83.,0.));
#14012=CARTESIAN_POINT('',(45.,-80.,0.));
#14013=CARTESIAN_POINT('',(39.,-83.,0.));
#14014=CARTESIAN_POINT('Origin',(42.,-83.,0.));
#14015=CARTESIAN_POINT('',(39.,-77.,0.));
#14016=CARTESIAN_POINT('',(39.,-80.,0.));
#14017=CARTESIAN_POINT('',(35.,-77.,0.));
#14018=CARTESIAN_POINT('Origin',(37.,-77.,0.));
#14019=CARTESIAN_POINT('',(34.9999999999998,-79.999999423181,0.));
#14020=CARTESIAN_POINT('',(35.,-80.,0.));
#14021=CARTESIAN_POINT('',(33.4999999999999,-81.5,0.));
#14022=CARTESIAN_POINT('Origin',(33.4999999999999,-80.,0.));
#14023=CARTESIAN_POINT('',(-33.4999999999999,-81.5,0.));
#14024=CARTESIAN_POINT('',(33.4999999999999,-81.5,0.));
#14025=CARTESIAN_POINT('',(-35.,-80.,0.));
#14026=CARTESIAN_POINT('Origin',(-33.4999999999999,-80.,0.));
#14027=CARTESIAN_POINT('',(-35.,-77.,0.));
#14028=CARTESIAN_POINT('',(-35.,-80.,0.));
#14029=CARTESIAN_POINT('',(-39.,-77.,0.));
#14030=CARTESIAN_POINT('Origin',(-37.,-77.,0.));
#14031=CARTESIAN_POINT('',(-39.,-83.,0.));
#14032=CARTESIAN_POINT('',(-39.,-80.,0.));
#14033=CARTESIAN_POINT('',(-45.,-83.,0.));
#14034=CARTESIAN_POINT('Origin',(-42.,-83.,0.));
#14035=CARTESIAN_POINT('',(-45.,-77.,0.));
#14036=CARTESIAN_POINT('',(-45.,-80.,0.));
#14037=CARTESIAN_POINT('',(-49.,-77.,0.));
#14038=CARTESIAN_POINT('Origin',(-47.,-77.,0.));
#14039=CARTESIAN_POINT('',(-49.,-83.,0.));
#14040=CARTESIAN_POINT('',(-49.,-80.,0.));
#14041=CARTESIAN_POINT('',(-55.,-83.,0.));
#14042=CARTESIAN_POINT('Origin',(-52.,-83.,0.));
#14043=CARTESIAN_POINT('',(-55.,-77.,0.));
#14044=CARTESIAN_POINT('',(-55.,-80.,0.));
#14045=CARTESIAN_POINT('',(-59.,-77.,0.));
#14046=CARTESIAN_POINT('Origin',(-57.,-77.,0.));
#14047=CARTESIAN_POINT('',(-59.,-83.,0.));
#14048=CARTESIAN_POINT('',(-59.,-80.,0.));
#14049=CARTESIAN_POINT('',(-65.,-83.,0.));
#14050=CARTESIAN_POINT('Origin',(-62.,-83.,0.));
#14051=CARTESIAN_POINT('',(-66.5,-81.5,0.));
#14052=CARTESIAN_POINT('Origin',(-66.5,-83.,0.));
#14053=CARTESIAN_POINT('',(-68.9,-81.5,0.));
#14054=CARTESIAN_POINT('',(-66.5,-81.5,0.));
#14055=CARTESIAN_POINT('',(-72.8911012125589,-85.2333333333333,0.));
#14056=CARTESIAN_POINT('Origin',(-68.9,-85.5,0.));
#14057=CARTESIAN_POINT('',(-74.8866518188383,-87.1,0.));
#14058=CARTESIAN_POINT('Origin',(-74.8866518188383,-85.1,0.));
#14059=CARTESIAN_POINT('',(-85.1,-87.1,0.));
#14060=CARTESIAN_POINT('',(-87.1,-87.1,0.));
#14061=CARTESIAN_POINT('',(-87.1,-85.1,0.));
#14062=CARTESIAN_POINT('Origin',(-85.1,-85.1,0.));
#14063=CARTESIAN_POINT('',(-87.1,-74.8866518188383,0.));
#14064=CARTESIAN_POINT('',(-87.1,-72.9,0.));
#14065=CARTESIAN_POINT('',(-85.2333333333333,-72.8911012125589,0.));
#14066=CARTESIAN_POINT('Origin',(-85.1,-74.8866518188383,0.));
#14067=CARTESIAN_POINT('',(-81.5,-68.9,0.));
#14068=CARTESIAN_POINT('Origin',(-85.5,-68.9,0.));
#14069=CARTESIAN_POINT('',(-81.5,-66.5,0.));
#14070=CARTESIAN_POINT('',(-81.5,-81.5,0.));
#14071=CARTESIAN_POINT('',(-83.,-65.,0.));
#14072=CARTESIAN_POINT('Origin',(-83.,-66.5,0.));
#14073=CARTESIAN_POINT('',(-83.,-59.,0.));
#14074=CARTESIAN_POINT('Origin',(-83.,-62.,0.));
#14075=CARTESIAN_POINT('',(-77.,-59.,0.));
#14076=CARTESIAN_POINT('',(-80.,-59.,0.));
#14077=CARTESIAN_POINT('',(-77.,-55.,0.));
#14078=CARTESIAN_POINT('Origin',(-77.,-57.,0.));
#14079=CARTESIAN_POINT('',(-83.,-55.,0.));
#14080=CARTESIAN_POINT('',(-80.,-55.,0.));
#14081=CARTESIAN_POINT('',(-83.,-49.,0.));
#14082=CARTESIAN_POINT('Origin',(-83.,-52.,0.));
#14083=CARTESIAN_POINT('',(-77.,-49.,0.));
#14084=CARTESIAN_POINT('',(-80.,-49.,0.));
#14085=CARTESIAN_POINT('',(-77.,-45.,0.));
#14086=CARTESIAN_POINT('Origin',(-77.,-47.,0.));
#14087=CARTESIAN_POINT('',(-83.,-45.,0.));
#14088=CARTESIAN_POINT('',(-80.,-45.,0.));
#14089=CARTESIAN_POINT('',(-83.,-39.,0.));
#14090=CARTESIAN_POINT('Origin',(-83.,-42.,0.));
#14091=CARTESIAN_POINT('',(-77.,-39.,0.));
#14092=CARTESIAN_POINT('',(-80.,-39.,0.));
#14093=CARTESIAN_POINT('',(-77.,-35.,0.));
#14094=CARTESIAN_POINT('Origin',(-77.,-37.,0.));
#14095=CARTESIAN_POINT('',(-79.999999423181,-34.9999999999998,0.));
#14096=CARTESIAN_POINT('',(-80.,-35.,0.));
#14097=CARTESIAN_POINT('',(-81.5,-33.4999999999999,0.));
#14098=CARTESIAN_POINT('Origin',(-80.,-33.4999999999999,0.));
#14099=CARTESIAN_POINT('',(-81.5,33.4999999999999,0.));
#14100=CARTESIAN_POINT('',(-81.5,-33.4999999999999,0.));
#14101=CARTESIAN_POINT('',(-80.,35.,0.));
#14102=CARTESIAN_POINT('Origin',(-80.,33.4999999999999,0.));
#14103=CARTESIAN_POINT('',(-77.,35.,0.));
#14104=CARTESIAN_POINT('',(-80.,35.,0.));
#14105=CARTESIAN_POINT('',(-77.,39.,0.));
#14106=CARTESIAN_POINT('Origin',(-77.,37.,0.));
#14107=CARTESIAN_POINT('',(-83.,39.,0.));
#14108=CARTESIAN_POINT('',(-80.,39.,0.));
#14109=CARTESIAN_POINT('',(-83.,45.,0.));
#14110=CARTESIAN_POINT('Origin',(-83.,42.,0.));
#14111=CARTESIAN_POINT('',(-77.,45.,0.));
#14112=CARTESIAN_POINT('',(-80.,45.,0.));
#14113=CARTESIAN_POINT('',(-77.,49.,0.));
#14114=CARTESIAN_POINT('Origin',(-77.,47.,0.));
#14115=CARTESIAN_POINT('',(-83.,49.,0.));
#14116=CARTESIAN_POINT('',(-80.,49.,0.));
#14117=CARTESIAN_POINT('',(-83.,55.,0.));
#14118=CARTESIAN_POINT('Origin',(-83.,52.,0.));
#14119=CARTESIAN_POINT('',(-77.,55.,0.));
#14120=CARTESIAN_POINT('',(-80.,55.,0.));
#14121=CARTESIAN_POINT('',(-77.,59.,0.));
#14122=CARTESIAN_POINT('Origin',(-77.,57.,0.));
#14123=CARTESIAN_POINT('',(-83.,59.,0.));
#14124=CARTESIAN_POINT('',(-80.,59.,0.));
#14125=CARTESIAN_POINT('',(-83.,65.,0.));
#14126=CARTESIAN_POINT('Origin',(-83.,62.,0.));
#14127=CARTESIAN_POINT('',(-81.5,66.5,0.));
#14128=CARTESIAN_POINT('Origin',(-83.,66.5,0.));
#14129=CARTESIAN_POINT('',(-81.5,68.9,0.));
#14130=CARTESIAN_POINT('',(-81.5,66.5,0.));
#14131=CARTESIAN_POINT('',(-85.2333333333333,72.8911012125589,0.));
#14132=CARTESIAN_POINT('Origin',(-85.5,68.9,0.));
#14133=CARTESIAN_POINT('',(-87.1,74.8866518188383,0.));
#14134=CARTESIAN_POINT('Origin',(-85.1,74.8866518188383,0.));
#14135=CARTESIAN_POINT('',(-87.1,85.1,0.));
#14136=CARTESIAN_POINT('',(-87.1,72.9,0.));
#14137=CARTESIAN_POINT('',(-85.1,87.1,0.));
#14138=CARTESIAN_POINT('Origin',(-85.1,85.1,0.));
#14139=CARTESIAN_POINT('',(-74.8866518188383,87.1,0.));
#14140=CARTESIAN_POINT('',(-87.1,87.1,0.));
#14141=CARTESIAN_POINT('',(-72.8911012125589,85.2333333333333,0.));
#14142=CARTESIAN_POINT('Origin',(-74.8866518188383,85.1,0.));
#14143=CARTESIAN_POINT('',(-68.9,81.5,0.));
#14144=CARTESIAN_POINT('Origin',(-68.9,85.5,0.));
#14145=CARTESIAN_POINT('',(-66.5,81.5,0.));
#14146=CARTESIAN_POINT('',(-81.5,81.5,0.));
#14147=CARTESIAN_POINT('',(-65.,83.,0.));
#14148=CARTESIAN_POINT('Origin',(-66.5,83.,0.));
#14149=CARTESIAN_POINT('',(-59.,83.,0.));
#14150=CARTESIAN_POINT('Origin',(-62.,83.,0.));
#14151=CARTESIAN_POINT('',(-59.,77.,0.));
#14152=CARTESIAN_POINT('',(-59.,80.,0.));
#14153=CARTESIAN_POINT('',(-55.,77.,0.));
#14154=CARTESIAN_POINT('Origin',(-57.,77.,0.));
#14155=CARTESIAN_POINT('',(-55.,83.,0.));
#14156=CARTESIAN_POINT('',(-55.,80.,0.));
#14157=CARTESIAN_POINT('',(-49.,83.,0.));
#14158=CARTESIAN_POINT('Origin',(-52.,83.,0.));
#14159=CARTESIAN_POINT('',(-49.,77.,0.));
#14160=CARTESIAN_POINT('',(-49.,80.,0.));
#14161=CARTESIAN_POINT('',(-45.,77.,0.));
#14162=CARTESIAN_POINT('Origin',(-47.,77.,0.));
#14163=CARTESIAN_POINT('',(-45.,83.,0.));
#14164=CARTESIAN_POINT('',(-45.,80.,0.));
#14165=CARTESIAN_POINT('',(-39.,83.,0.));
#14166=CARTESIAN_POINT('Origin',(-42.,83.,0.));
#14167=CARTESIAN_POINT('',(-39.,77.,0.));
#14168=CARTESIAN_POINT('',(-39.,80.,0.));
#14169=CARTESIAN_POINT('',(-35.,77.,0.));
#14170=CARTESIAN_POINT('Origin',(-37.,77.,0.));
#14171=CARTESIAN_POINT('',(-35.,80.,0.));
#14172=CARTESIAN_POINT('',(-35.,80.,0.));
#14173=CARTESIAN_POINT('',(-33.4999999999999,81.5,0.));
#14174=CARTESIAN_POINT('Origin',(-33.4999999999999,80.,0.));
#14175=CARTESIAN_POINT('',(33.4999999999999,81.5,0.));
#14176=CARTESIAN_POINT('',(-33.4999999999999,81.5,0.));
#14177=CARTESIAN_POINT('',(35.,80.,0.));
#14178=CARTESIAN_POINT('Origin',(33.4999999999999,80.,0.));
#14179=CARTESIAN_POINT('',(35.,77.,0.));
#14180=CARTESIAN_POINT('',(35.,80.,0.));
#14181=CARTESIAN_POINT('',(39.,77.,0.));
#14182=CARTESIAN_POINT('Origin',(37.,77.,0.));
#14183=CARTESIAN_POINT('',(39.,83.,0.));
#14184=CARTESIAN_POINT('',(39.,80.,0.));
#14185=CARTESIAN_POINT('',(45.,83.,0.));
#14186=CARTESIAN_POINT('Origin',(42.,83.,0.));
#14187=CARTESIAN_POINT('',(45.,77.,0.));
#14188=CARTESIAN_POINT('',(45.,80.,0.));
#14189=CARTESIAN_POINT('',(49.,77.,0.));
#14190=CARTESIAN_POINT('Origin',(47.,77.,0.));
#14191=CARTESIAN_POINT('',(49.,83.,0.));
#14192=CARTESIAN_POINT('',(49.,80.,0.));
#14193=CARTESIAN_POINT('',(55.,83.,0.));
#14194=CARTESIAN_POINT('Origin',(52.,83.,0.));
#14195=CARTESIAN_POINT('',(55.,77.,0.));
#14196=CARTESIAN_POINT('',(55.,80.,0.));
#14197=CARTESIAN_POINT('',(59.,77.,0.));
#14198=CARTESIAN_POINT('Origin',(57.,77.,0.));
#14199=CARTESIAN_POINT('',(59.,83.,0.));
#14200=CARTESIAN_POINT('',(59.,80.,0.));
#14201=CARTESIAN_POINT('',(65.,83.,0.));
#14202=CARTESIAN_POINT('Origin',(62.,83.,0.));
#14203=CARTESIAN_POINT('',(66.5,81.5,0.));
#14204=CARTESIAN_POINT('Origin',(66.5,83.,0.));
#14205=CARTESIAN_POINT('',(68.9,81.5,0.));
#14206=CARTESIAN_POINT('',(81.5,81.5,0.));
#14207=CARTESIAN_POINT('',(72.8911012125589,85.2333333333333,0.));
#14208=CARTESIAN_POINT('Origin',(68.9,85.5,0.));
#14209=CARTESIAN_POINT('',(74.8866518188383,87.1,0.));
#14210=CARTESIAN_POINT('Origin',(74.8866518188383,85.1,0.));
#14211=CARTESIAN_POINT('',(85.1,87.1,0.));
#14212=CARTESIAN_POINT('',(72.9,87.1,0.));
#14213=CARTESIAN_POINT('',(87.1,85.1,0.));
#14214=CARTESIAN_POINT('Origin',(85.1,85.1,0.));
#14215=CARTESIAN_POINT('',(87.1,74.8866518188383,0.));
#14216=CARTESIAN_POINT('',(87.1,87.1,0.));
#14217=CARTESIAN_POINT('',(85.2333333333333,72.8911012125589,0.));
#14218=CARTESIAN_POINT('Origin',(85.1,74.8866518188383,0.));
#14219=CARTESIAN_POINT('',(81.5,68.9,0.));
#14220=CARTESIAN_POINT('Origin',(85.5,68.9,0.));
#14221=CARTESIAN_POINT('',(81.5,66.5,0.));
#14222=CARTESIAN_POINT('',(81.5,81.5,0.));
#14223=CARTESIAN_POINT('',(83.,65.,0.));
#14224=CARTESIAN_POINT('Origin',(83.,66.5,0.));
#14225=CARTESIAN_POINT('',(83.,59.,0.));
#14226=CARTESIAN_POINT('Origin',(83.,62.,0.));
#14227=CARTESIAN_POINT('',(77.,59.,0.));
#14228=CARTESIAN_POINT('',(80.,59.,0.));
#14229=CARTESIAN_POINT('',(77.,55.,0.));
#14230=CARTESIAN_POINT('Origin',(77.,57.,0.));
#14231=CARTESIAN_POINT('',(83.,55.,0.));
#14232=CARTESIAN_POINT('',(80.,55.,0.));
#14233=CARTESIAN_POINT('',(83.,49.,0.));
#14234=CARTESIAN_POINT('Origin',(83.,52.,0.));
#14235=CARTESIAN_POINT('',(77.,49.,0.));
#14236=CARTESIAN_POINT('',(80.,49.,0.));
#14237=CARTESIAN_POINT('',(77.,45.,0.));
#14238=CARTESIAN_POINT('Origin',(77.,47.,0.));
#14239=CARTESIAN_POINT('',(83.,45.,0.));
#14240=CARTESIAN_POINT('',(80.,45.,0.));
#14241=CARTESIAN_POINT('',(83.,39.,0.));
#14242=CARTESIAN_POINT('Origin',(83.,42.,0.));
#14243=CARTESIAN_POINT('',(77.,39.,0.));
#14244=CARTESIAN_POINT('',(80.,39.,0.));
#14245=CARTESIAN_POINT('',(77.,35.,0.));
#14246=CARTESIAN_POINT('Origin',(77.,37.,0.));
#14247=CARTESIAN_POINT('',(80.,35.,0.));
#14248=CARTESIAN_POINT('',(80.,35.,0.));
#14249=CARTESIAN_POINT('',(81.5,33.4999999999999,0.));
#14250=CARTESIAN_POINT('Origin',(80.,33.4999999999999,0.));
#14251=CARTESIAN_POINT('',(81.5,-33.4999999999999,0.));
#14252=CARTESIAN_POINT('',(81.5,33.4999999999999,0.));
#14253=CARTESIAN_POINT('',(79.999999423181,-34.9999999999998,0.));
#14254=CARTESIAN_POINT('Origin',(80.,-33.4999999999999,0.));
#14255=CARTESIAN_POINT('',(77.,-35.,0.));
#14256=CARTESIAN_POINT('',(80.,-35.,0.));
#14257=CARTESIAN_POINT('',(77.,-39.,0.));
#14258=CARTESIAN_POINT('Origin',(77.,-37.,0.));
#14259=CARTESIAN_POINT('',(83.,-39.,0.));
#14260=CARTESIAN_POINT('',(80.,-39.,0.));
#14261=CARTESIAN_POINT('',(83.,-45.,0.));
#14262=CARTESIAN_POINT('Origin',(83.,-42.,0.));
#14263=CARTESIAN_POINT('',(77.,-45.,0.));
#14264=CARTESIAN_POINT('',(80.,-45.,0.));
#14265=CARTESIAN_POINT('',(77.,-49.,0.));
#14266=CARTESIAN_POINT('Origin',(77.,-47.,0.));
#14267=CARTESIAN_POINT('',(83.,-49.,0.));
#14268=CARTESIAN_POINT('',(80.,-49.,0.));
#14269=CARTESIAN_POINT('',(83.,-55.,0.));
#14270=CARTESIAN_POINT('Origin',(83.,-52.,0.));
#14271=CARTESIAN_POINT('',(77.,-55.,0.));
#14272=CARTESIAN_POINT('',(80.,-55.,0.));
#14273=CARTESIAN_POINT('',(77.,-59.,0.));
#14274=CARTESIAN_POINT('Origin',(77.,-57.,0.));
#14275=CARTESIAN_POINT('',(83.,-59.,0.));
#14276=CARTESIAN_POINT('',(80.,-59.,0.));
#14277=CARTESIAN_POINT('',(83.,-65.,0.));
#14278=CARTESIAN_POINT('Origin',(83.,-62.,0.));
#14279=CARTESIAN_POINT('',(81.5,-66.5,0.));
#14280=CARTESIAN_POINT('Origin',(83.,-66.5,0.));
#14281=CARTESIAN_POINT('',(81.5,-68.9,0.));
#14282=CARTESIAN_POINT('',(81.5,-81.5,0.));
#14283=CARTESIAN_POINT('',(85.2333333333333,-72.8911012125589,0.));
#14284=CARTESIAN_POINT('Origin',(85.5,-68.9,0.));
#14285=CARTESIAN_POINT('Origin',(85.1,-74.8866518188383,0.));
#14286=CARTESIAN_POINT('',(39.2022013649403,-9.57649448040837,0.));
#14287=CARTESIAN_POINT('',(39.2500005960464,-9.57649448040837,0.));
#14288=CARTESIAN_POINT('',(19.5000002980232,-9.57649448040837,0.));
#14289=CARTESIAN_POINT('',(39.5000005960464,-9.32649448040837,0.));
#14290=CARTESIAN_POINT('Origin',(39.2500005960464,-9.32649448040837,0.));
#14291=CARTESIAN_POINT('',(39.5000005960464,5.1,0.));
#14292=CARTESIAN_POINT('',(39.5000005960464,6.55,0.));
#14293=CARTESIAN_POINT('',(33.3,5.1,0.));
#14294=CARTESIAN_POINT('',(33.3,5.1,0.));
#14295=CARTESIAN_POINT('',(33.3,-13.1,0.));
#14296=CARTESIAN_POINT('',(33.3,13.1,0.));
#14297=CARTESIAN_POINT('',(37.5491996369649,-13.1,0.));
#14298=CARTESIAN_POINT('',(18.65,-13.1,0.));
#14299=CARTESIAN_POINT('',(38.516078600495,-11.8447646774385,0.));
#14300=CARTESIAN_POINT('Origin',(37.5491996369649,-12.1,0.));
#14301=CARTESIAN_POINT('',(37.0313143404805,2.52608095439591,0.));
#14302=CARTESIAN_POINT('Origin',(83.7176832528598,0.0874901123696546,0.));
#14303=CARTESIAN_POINT('',(38.0299529581169,2.47391859856926,0.));
#14304=CARTESIAN_POINT('Origin',(37.5306336492987,2.49999977648258,0.));
#14305=CARTESIAN_POINT('',(38.9576108779902,-9.37821965506751,0.));
#14306=CARTESIAN_POINT('Origin',(83.7176832528598,0.0874901123696546,0.));
#14307=CARTESIAN_POINT('Origin',(39.2022013649403,-9.32649448040837,0.));
#14308=CARTESIAN_POINT('',(-26.5000005960464,-19.0000002235174,0.));
#14309=CARTESIAN_POINT('',(-22.5000005960464,-15.0000002235174,0.));
#14310=CARTESIAN_POINT('Origin',(-22.5000005960464,-19.0000002235174,0.));
#14311=CARTESIAN_POINT('',(-26.5000005960464,-65.0000002205857,0.));
#14312=CARTESIAN_POINT('',(-26.5000005960464,-70.0000002059273,0.));
#14313=CARTESIAN_POINT('',(-21.5000006107048,-70.0000002205857,0.));
#14314=CARTESIAN_POINT('Origin',(-21.5000005960464,-65.0000002205857,0.));
#14315=CARTESIAN_POINT('',(-19.5000006107048,-70.0000002264491,0.));
#14316=CARTESIAN_POINT('',(-14.5000005960464,-70.0000002411075,0.));
#14317=CARTESIAN_POINT('',(-14.5000005960464,-65.0000002264491,0.));
#14318=CARTESIAN_POINT('Origin',(-19.5000005960464,-65.0000002264491,0.));
#14319=CARTESIAN_POINT('',(-14.5000005960464,-19.0000002235174,0.));
#14320=CARTESIAN_POINT('',(-14.5000005960464,-70.0000002411075,0.));
#14321=CARTESIAN_POINT('',(-18.5000005960464,-15.0000002235174,0.));
#14322=CARTESIAN_POINT('Origin',(-18.5000005960464,-19.0000002235174,0.));
#14323=CARTESIAN_POINT('',(40.0000005960464,-15.0000002235174,0.));
#14324=CARTESIAN_POINT('',(-40.0000005960464,-2.,0.));
#14325=CARTESIAN_POINT('',(-44.0000005960464,-6.,0.));
#14326=CARTESIAN_POINT('Origin',(-44.0000005960464,-2.,0.));
#14327=CARTESIAN_POINT('',(-40.0000005960464,2.,0.));
#14328=CARTESIAN_POINT('',(-40.0000005960464,-15.0000002235174,0.));
#14329=CARTESIAN_POINT('',(-44.0000005960464,6.,0.));
#14330=CARTESIAN_POINT('Origin',(-44.0000005960464,2.,0.));
#14331=CARTESIAN_POINT('',(-64.9425113949539,6.,0.));
#14332=CARTESIAN_POINT('',(-69.9425113949539,6.,0.));
#14333=CARTESIAN_POINT('',(-69.9425113949539,1.,0.));
#14334=CARTESIAN_POINT('Origin',(-64.9425113949539,1.,0.));
#14335=CARTESIAN_POINT('',(-69.9425113949539,-1.,0.));
#14336=CARTESIAN_POINT('',(-69.9425113949539,0.,0.));
#14337=CARTESIAN_POINT('',(-64.9425113949539,-6.,0.));
#14338=CARTESIAN_POINT('Origin',(-64.9425113949539,-1.,0.));
#14339=CARTESIAN_POINT('',(-69.9425113949539,-6.,0.));
#14340=CARTESIAN_POINT('',(14.5000005960464,65.0000002264491,0.));
#14341=CARTESIAN_POINT('',(19.5000006107048,70.0000002264491,0.));
#14342=CARTESIAN_POINT('Origin',(19.5000005960464,65.0000002264491,0.));
#14343=CARTESIAN_POINT('',(14.5000005960464,19.0000002235174,0.));
#14344=CARTESIAN_POINT('',(14.5000005960464,70.0000002411075,0.));
#14345=CARTESIAN_POINT('',(18.5000005960464,15.0000002235174,0.));
#14346=CARTESIAN_POINT('Origin',(18.5000005960464,19.0000002235174,0.));
#14347=CARTESIAN_POINT('',(22.5000005960464,15.0000002235174,0.));
#14348=CARTESIAN_POINT('',(-40.0000005960464,15.0000002235174,0.));
#14349=CARTESIAN_POINT('',(26.5000005960464,19.0000002235174,0.));
#14350=CARTESIAN_POINT('Origin',(22.5000005960464,19.0000002235174,0.));
#14351=CARTESIAN_POINT('',(26.5000005960464,70.0000002059273,0.));
#14352=CARTESIAN_POINT('',(26.5000005960464,70.0000002059273,0.));
#14353=CARTESIAN_POINT('',(14.5000005960464,70.0000002411075,0.));
#14354=CARTESIAN_POINT('',(-26.5000005960464,65.0000002205857,0.));
#14355=CARTESIAN_POINT('',(-21.5000006107048,70.0000002205857,0.));
#14356=CARTESIAN_POINT('Origin',(-21.5000005960464,65.0000002205857,0.));
#14357=CARTESIAN_POINT('',(-26.5000005960464,19.0000002235174,0.));
#14358=CARTESIAN_POINT('',(-26.5000005960464,70.0000002059273,0.));
#14359=CARTESIAN_POINT('',(-22.5000005960464,15.0000002235174,0.));
#14360=CARTESIAN_POINT('Origin',(-22.5000005960464,19.0000002235174,0.));
#14361=CARTESIAN_POINT('',(-18.5000005960464,15.0000002235174,0.));
#14362=CARTESIAN_POINT('',(-40.0000005960464,15.0000002235174,0.));
#14363=CARTESIAN_POINT('',(-14.5000005960464,19.0000002235174,0.));
#14364=CARTESIAN_POINT('Origin',(-18.5000005960464,19.0000002235174,0.));
#14365=CARTESIAN_POINT('',(-14.5000005960464,65.0000002264491,0.));
#14366=CARTESIAN_POINT('',(-14.5000005960464,70.0000002411075,0.));
#14367=CARTESIAN_POINT('',(-19.5000006107048,70.0000002264491,0.));
#14368=CARTESIAN_POINT('Origin',(-19.5000005960464,65.0000002264491,0.));
#14369=CARTESIAN_POINT('',(-14.5000005960464,70.0000002411075,0.));
#14370=CARTESIAN_POINT('',(-11.0000005735412,68.9881387824826,0.));
#14371=CARTESIAN_POINT('',(-9.50000055103598,72.5588529308631,0.));
#14372=CARTESIAN_POINT('Origin',(-14.500000551036,72.5588530188136,0.));
#14373=CARTESIAN_POINT('',(-12.5000005960464,65.4174245461517,0.));
#14374=CARTESIAN_POINT('Origin',(-7.50000059604643,65.4174245461517,0.));
#14375=CARTESIAN_POINT('',(-12.5000005960464,19.0000002235174,0.));
#14376=CARTESIAN_POINT('',(-12.5000005960464,70.0000002235174,0.));
#14377=CARTESIAN_POINT('',(-8.50000059604643,15.0000002235174,0.));
#14378=CARTESIAN_POINT('Origin',(-8.50000059604643,19.0000002235174,0.));
#14379=CARTESIAN_POINT('',(8.50000059604643,15.0000002235174,0.));
#14380=CARTESIAN_POINT('',(-40.0000005960464,15.0000002235174,0.));
#14381=CARTESIAN_POINT('',(12.5000005960464,19.0000002235174,0.));
#14382=CARTESIAN_POINT('Origin',(8.50000059604643,19.0000002235174,0.));
#14383=CARTESIAN_POINT('',(12.5000005960464,65.4174245461517,0.));
#14384=CARTESIAN_POINT('',(12.5000005960464,70.0000002235174,0.));
#14385=CARTESIAN_POINT('',(11.0000005735412,68.9881387824826,0.));
#14386=CARTESIAN_POINT('Origin',(7.50000059604643,65.4174245461517,0.));
#14387=CARTESIAN_POINT('',(9.50000055103598,72.5588529308631,0.));
#14388=CARTESIAN_POINT('Origin',(14.500000551036,72.5588530188136,0.));
#14389=CARTESIAN_POINT('',(9.50000053448111,73.5000000879505,0.));
#14390=CARTESIAN_POINT('',(9.50000059604643,70.0000002411075,0.));
#14391=CARTESIAN_POINT('',(4.50000053448111,78.5,0.));
#14392=CARTESIAN_POINT('Origin',(4.50000053448111,73.5,0.));
#14393=CARTESIAN_POINT('',(-4.50000053448111,78.5,0.));
#14394=CARTESIAN_POINT('',(30.0000005960464,78.5,0.));
#14395=CARTESIAN_POINT('',(-9.50000053448111,73.5000000879505,0.));
#14396=CARTESIAN_POINT('Origin',(-4.50000053448111,73.5,0.));
#14397=CARTESIAN_POINT('',(-9.50000059604643,70.0000002411075,0.));
#14398=CARTESIAN_POINT('',(72.8916503267345,74.7583169934012,0.));
#14399=CARTESIAN_POINT('',(74.7583169934012,72.8916503267345,0.));
#14400=CARTESIAN_POINT('Origin',(74.8874754901018,74.8874754901018,0.));
#14401=CARTESIAN_POINT('',(68.9,78.5,0.));
#14402=CARTESIAN_POINT('Origin',(68.9,74.5,0.));
#14403=CARTESIAN_POINT('',(65.5,78.5,0.));
#14404=CARTESIAN_POINT('',(72.5,78.5,0.));
#14405=CARTESIAN_POINT('',(64.,80.,0.));
#14406=CARTESIAN_POINT('Origin',(65.5,80.,0.));
#14407=CARTESIAN_POINT('',(64.,83.,0.));
#14408=CARTESIAN_POINT('',(64.,80.,0.));
#14409=CARTESIAN_POINT('',(60.,83.,0.));
#14410=CARTESIAN_POINT('Origin',(62.,83.,0.));
#14411=CARTESIAN_POINT('',(60.,77.,0.));
#14412=CARTESIAN_POINT('',(60.,80.,0.));
#14413=CARTESIAN_POINT('',(54.,77.,0.));
#14414=CARTESIAN_POINT('Origin',(57.,77.,0.));
#14415=CARTESIAN_POINT('',(54.,83.,0.));
#14416=CARTESIAN_POINT('',(54.,80.,0.));
#14417=CARTESIAN_POINT('',(50.,83.,0.));
#14418=CARTESIAN_POINT('Origin',(52.,83.,0.));
#14419=CARTESIAN_POINT('',(50.,77.,0.));
#14420=CARTESIAN_POINT('',(50.,80.,0.));
#14421=CARTESIAN_POINT('',(44.,77.,0.));
#14422=CARTESIAN_POINT('Origin',(47.,77.,0.));
#14423=CARTESIAN_POINT('',(44.,83.,0.));
#14424=CARTESIAN_POINT('',(44.,80.,0.));
#14425=CARTESIAN_POINT('',(40.,83.,0.));
#14426=CARTESIAN_POINT('Origin',(42.,83.,0.));
#14427=CARTESIAN_POINT('',(40.,77.,0.));
#14428=CARTESIAN_POINT('',(40.,80.,0.));
#14429=CARTESIAN_POINT('',(35.7195710467743,74.2869755445737,0.));
#14430=CARTESIAN_POINT('Origin',(37.,77.,0.));
#14431=CARTESIAN_POINT('',(31.4619640151064,71.9432892664903,0.));
#14432=CARTESIAN_POINT('Origin',(34.4391420935486,71.5739510891473,0.));
#14433=CARTESIAN_POINT('',(30.0000005735412,68.9881387031834,0.));
#14434=CARTESIAN_POINT('Origin',(26.500000551036,72.5588528953953,0.));
#14435=CARTESIAN_POINT('',(28.5000005960464,65.4174245109715,0.));
#14436=CARTESIAN_POINT('Origin',(33.5000005960464,65.4174245109715,0.));
#14437=CARTESIAN_POINT('',(28.5000005960464,19.0000002235174,0.));
#14438=CARTESIAN_POINT('',(28.5000005960464,70.0000002235174,0.));
#14439=CARTESIAN_POINT('',(32.5000005960464,15.0000002235174,0.));
#14440=CARTESIAN_POINT('Origin',(32.5000005960464,19.0000002235174,0.));
#14441=CARTESIAN_POINT('',(38.0000005960464,15.0000002235174,0.));
#14442=CARTESIAN_POINT('',(-40.0000005960464,15.0000002235174,0.));
#14443=CARTESIAN_POINT('',(40.0000005960464,13.0000002235174,0.));
#14444=CARTESIAN_POINT('Origin',(38.0000005960464,13.0000002235174,0.));
#14445=CARTESIAN_POINT('',(40.0000005960464,12.,0.));
#14446=CARTESIAN_POINT('',(40.0000005960464,15.0000002235174,0.));
#14447=CARTESIAN_POINT('',(44.0000005960464,8.,0.));
#14448=CARTESIAN_POINT('Origin',(44.0000005960464,12.,0.));
#14449=CARTESIAN_POINT('',(66.3717971806825,8.,0.));
#14450=CARTESIAN_POINT('',(69.9425113949539,8.,0.));
#14451=CARTESIAN_POINT('',(69.0057106188957,8.75,0.));
#14452=CARTESIAN_POINT('Origin',(66.3717971806825,13.,0.));
#14453=CARTESIAN_POINT('',(71.6396240571089,9.5,0.));
#14454=CARTESIAN_POINT('Origin',(71.6396240571089,4.5,0.));
#14455=CARTESIAN_POINT('',(73.5,9.5,0.));
#14456=CARTESIAN_POINT('',(69.9425113949539,9.5,0.));
#14457=CARTESIAN_POINT('',(78.5,14.5,0.));
#14458=CARTESIAN_POINT('Origin',(73.5,14.5,0.));
#14459=CARTESIAN_POINT('',(78.5,32.5,0.));
#14460=CARTESIAN_POINT('',(78.5,32.5,0.));
#14461=CARTESIAN_POINT('',(77.,34.,0.));
#14462=CARTESIAN_POINT('Origin',(77.,32.5,0.));
#14463=CARTESIAN_POINT('',(77.,40.,0.));
#14464=CARTESIAN_POINT('Origin',(77.,37.,0.));
#14465=CARTESIAN_POINT('',(83.,40.,0.));
#14466=CARTESIAN_POINT('',(80.,40.,0.));
#14467=CARTESIAN_POINT('',(83.,44.,0.));
#14468=CARTESIAN_POINT('Origin',(83.,42.,0.));
#14469=CARTESIAN_POINT('',(77.,44.,0.));
#14470=CARTESIAN_POINT('',(80.,44.,0.));
#14471=CARTESIAN_POINT('',(77.,50.,0.));
#14472=CARTESIAN_POINT('Origin',(77.,47.,0.));
#14473=CARTESIAN_POINT('',(83.,50.,0.));
#14474=CARTESIAN_POINT('',(80.,50.,0.));
#14475=CARTESIAN_POINT('',(83.,54.,0.));
#14476=CARTESIAN_POINT('Origin',(83.,52.,0.));
#14477=CARTESIAN_POINT('',(77.,54.,0.));
#14478=CARTESIAN_POINT('',(80.,54.,0.));
#14479=CARTESIAN_POINT('',(77.,60.,0.));
#14480=CARTESIAN_POINT('Origin',(77.,57.,0.));
#14481=CARTESIAN_POINT('',(83.,60.,0.));
#14482=CARTESIAN_POINT('',(80.,60.,0.));
#14483=CARTESIAN_POINT('',(83.,64.,0.));
#14484=CARTESIAN_POINT('Origin',(83.,62.,0.));
#14485=CARTESIAN_POINT('',(80.,64.,0.));
#14486=CARTESIAN_POINT('',(80.,64.,0.));
#14487=CARTESIAN_POINT('',(78.5,65.5,0.));
#14488=CARTESIAN_POINT('Origin',(80.,65.5,0.));
#14489=CARTESIAN_POINT('',(78.5,68.9,0.));
#14490=CARTESIAN_POINT('',(78.5,78.5,0.));
#14491=CARTESIAN_POINT('Origin',(74.5,68.9,0.));
#14492=CARTESIAN_POINT('',(74.7583169934012,-72.8916503267345,0.));
#14493=CARTESIAN_POINT('',(72.8916503267345,-74.7583169934012,0.));
#14494=CARTESIAN_POINT('Origin',(74.8874754901018,-74.8874754901018,0.));
#14495=CARTESIAN_POINT('',(78.5,-68.9,0.));
#14496=CARTESIAN_POINT('Origin',(74.5,-68.9,0.));
#14497=CARTESIAN_POINT('',(78.5,-65.5,0.));
#14498=CARTESIAN_POINT('',(78.5,-78.5,0.));
#14499=CARTESIAN_POINT('',(80.,-64.,0.));
#14500=CARTESIAN_POINT('Origin',(80.,-65.5,0.));
#14501=CARTESIAN_POINT('',(83.,-64.,0.));
#14502=CARTESIAN_POINT('',(80.,-64.,0.));
#14503=CARTESIAN_POINT('',(83.,-60.,0.));
#14504=CARTESIAN_POINT('Origin',(83.,-62.,0.));
#14505=CARTESIAN_POINT('',(77.,-60.,0.));
#14506=CARTESIAN_POINT('',(80.,-60.,0.));
#14507=CARTESIAN_POINT('',(77.,-54.,0.));
#14508=CARTESIAN_POINT('Origin',(77.,-57.,0.));
#14509=CARTESIAN_POINT('',(83.,-54.,0.));
#14510=CARTESIAN_POINT('',(80.,-54.,0.));
#14511=CARTESIAN_POINT('',(83.,-50.,0.));
#14512=CARTESIAN_POINT('Origin',(83.,-52.,0.));
#14513=CARTESIAN_POINT('',(77.,-50.,0.));
#14514=CARTESIAN_POINT('',(80.,-50.,0.));
#14515=CARTESIAN_POINT('',(77.,-44.,0.));
#14516=CARTESIAN_POINT('Origin',(77.,-47.,0.));
#14517=CARTESIAN_POINT('',(83.,-44.,0.));
#14518=CARTESIAN_POINT('',(80.,-44.,0.));
#14519=CARTESIAN_POINT('',(83.,-40.,0.));
#14520=CARTESIAN_POINT('Origin',(83.,-42.,0.));
#14521=CARTESIAN_POINT('',(77.,-40.,0.));
#14522=CARTESIAN_POINT('',(80.,-40.,0.));
#14523=CARTESIAN_POINT('',(77.,-34.,0.));
#14524=CARTESIAN_POINT('Origin',(77.,-37.,0.));
#14525=CARTESIAN_POINT('',(78.5,-32.5,0.));
#14526=CARTESIAN_POINT('Origin',(77.,-32.5,0.));
#14527=CARTESIAN_POINT('',(78.5,-14.5,0.));
#14528=CARTESIAN_POINT('',(78.5,32.5,0.));
#14529=CARTESIAN_POINT('',(73.5,-9.5,0.));
#14530=CARTESIAN_POINT('Origin',(73.5,-14.5,0.));
#14531=CARTESIAN_POINT('',(71.6396240571089,-9.5,0.));
#14532=CARTESIAN_POINT('',(69.9425113949539,-9.5,0.));
#14533=CARTESIAN_POINT('',(69.0057106188957,-8.75,0.));
#14534=CARTESIAN_POINT('Origin',(71.6396240571089,-4.5,0.));
#14535=CARTESIAN_POINT('',(66.3717971806825,-8.,0.));
#14536=CARTESIAN_POINT('Origin',(66.3717971806825,-13.,0.));
#14537=CARTESIAN_POINT('',(44.0000005960464,-8.,0.));
#14538=CARTESIAN_POINT('',(69.9425113949539,-8.,0.));
#14539=CARTESIAN_POINT('',(40.0000005960464,-12.,0.));
#14540=CARTESIAN_POINT('Origin',(44.0000005960464,-12.,0.));
#14541=CARTESIAN_POINT('',(40.0000005960464,-13.0000002235174,0.));
#14542=CARTESIAN_POINT('',(40.0000005960464,15.0000002235174,0.));
#14543=CARTESIAN_POINT('',(38.0000005960464,-15.0000002235174,0.));
#14544=CARTESIAN_POINT('Origin',(38.0000005960464,-13.0000002235174,0.));
#14545=CARTESIAN_POINT('',(32.5000005960464,-15.0000002235174,0.));
#14546=CARTESIAN_POINT('',(40.0000005960464,-15.0000002235174,0.));
#14547=CARTESIAN_POINT('',(28.5000005960464,-19.0000002235174,0.));
#14548=CARTESIAN_POINT('Origin',(32.5000005960464,-19.0000002235174,0.));
#14549=CARTESIAN_POINT('',(28.5000005960464,-65.4174245109715,0.));
#14550=CARTESIAN_POINT('',(28.5000005960464,-70.0000002235174,0.));
#14551=CARTESIAN_POINT('',(30.0000005735412,-68.9881387031834,0.));
#14552=CARTESIAN_POINT('Origin',(33.5000005960464,-65.4174245109715,0.));
#14553=CARTESIAN_POINT('',(31.500000551036,-72.5588529833457,0.));
#14554=CARTESIAN_POINT('Origin',(26.500000551036,-72.5588528953953,0.));
#14555=CARTESIAN_POINT('',(31.5000004858633,-76.2639335712549,0.));
#14556=CARTESIAN_POINT('',(31.5000005960464,-70.0000002059273,0.));
#14557=CARTESIAN_POINT('',(32.4999999736149,-78.500001143356,0.));
#14558=CARTESIAN_POINT('Origin',(34.5000004858633,-76.2639336240252,0.));
#14559=CARTESIAN_POINT('',(34.,-77.,0.));
#14560=CARTESIAN_POINT('Origin',(32.5,-77.000001143356,0.));
#14561=CARTESIAN_POINT('',(40.,-77.,0.));
#14562=CARTESIAN_POINT('Origin',(37.,-77.,0.));
#14563=CARTESIAN_POINT('',(40.,-83.,0.));
#14564=CARTESIAN_POINT('',(40.,-80.,0.));
#14565=CARTESIAN_POINT('',(44.,-83.,0.));
#14566=CARTESIAN_POINT('Origin',(42.,-83.,0.));
#14567=CARTESIAN_POINT('',(44.,-77.,0.));
#14568=CARTESIAN_POINT('',(44.,-80.,0.));
#14569=CARTESIAN_POINT('',(50.,-77.,0.));
#14570=CARTESIAN_POINT('Origin',(47.,-77.,0.));
#14571=CARTESIAN_POINT('',(50.,-83.,0.));
#14572=CARTESIAN_POINT('',(50.,-80.,0.));
#14573=CARTESIAN_POINT('',(54.,-83.,0.));
#14574=CARTESIAN_POINT('Origin',(52.,-83.,0.));
#14575=CARTESIAN_POINT('',(54.,-77.,0.));
#14576=CARTESIAN_POINT('',(54.,-80.,0.));
#14577=CARTESIAN_POINT('',(60.,-77.,0.));
#14578=CARTESIAN_POINT('Origin',(57.,-77.,0.));
#14579=CARTESIAN_POINT('',(60.,-83.,0.));
#14580=CARTESIAN_POINT('',(60.,-80.,0.));
#14581=CARTESIAN_POINT('',(64.,-83.,0.));
#14582=CARTESIAN_POINT('Origin',(62.,-83.,0.));
#14583=CARTESIAN_POINT('',(64.,-80.,0.));
#14584=CARTESIAN_POINT('',(64.,-80.,0.));
#14585=CARTESIAN_POINT('',(65.5,-78.5,0.));
#14586=CARTESIAN_POINT('Origin',(65.5,-80.,0.));
#14587=CARTESIAN_POINT('',(68.9,-78.5,0.));
#14588=CARTESIAN_POINT('',(78.5,-78.5,0.));
#14589=CARTESIAN_POINT('Origin',(68.9,-74.5,0.));
#14590=CARTESIAN_POINT('',(64.9425113949539,6.,0.));
#14591=CARTESIAN_POINT('',(69.9425113949539,1.,0.));
#14592=CARTESIAN_POINT('Origin',(64.9425113949539,1.,0.));
#14593=CARTESIAN_POINT('',(44.0000005960464,6.,0.));
#14594=CARTESIAN_POINT('',(69.9425113949539,6.,0.));
#14595=CARTESIAN_POINT('',(40.0000005960464,2.,0.));
#14596=CARTESIAN_POINT('Origin',(44.0000005960464,2.,0.));
#14597=CARTESIAN_POINT('',(40.0000005960464,-2.,0.));
#14598=CARTESIAN_POINT('',(40.0000005960464,15.0000002235174,0.));
#14599=CARTESIAN_POINT('',(44.0000005960464,-6.,0.));
#14600=CARTESIAN_POINT('Origin',(44.0000005960464,-2.,0.));
#14601=CARTESIAN_POINT('',(64.9425113949539,-6.,0.));
#14602=CARTESIAN_POINT('',(69.9425113949539,-6.,0.));
#14603=CARTESIAN_POINT('',(69.9425113949539,-1.,0.));
#14604=CARTESIAN_POINT('Origin',(64.9425113949539,-1.,0.));
#14605=CARTESIAN_POINT('',(69.9425113949539,9.5,0.));
#14606=CARTESIAN_POINT('',(-74.7583169934012,72.8916503267346,0.));
#14607=CARTESIAN_POINT('',(-72.8916503267346,74.7583169934012,0.));
#14608=CARTESIAN_POINT('Origin',(-74.8874754901018,74.8874754901018,0.));
#14609=CARTESIAN_POINT('',(-78.5,68.9,0.));
#14610=CARTESIAN_POINT('Origin',(-74.5,68.9,0.));
#14611=CARTESIAN_POINT('',(-78.5,65.5,0.));
#14612=CARTESIAN_POINT('',(-78.5,65.5,0.));
#14613=CARTESIAN_POINT('',(-80.,64.,0.));
#14614=CARTESIAN_POINT('Origin',(-80.,65.5,0.));
#14615=CARTESIAN_POINT('',(-83.,64.,0.));
#14616=CARTESIAN_POINT('',(-80.,64.,0.));
#14617=CARTESIAN_POINT('',(-83.,60.,0.));
#14618=CARTESIAN_POINT('Origin',(-83.,62.,0.));
#14619=CARTESIAN_POINT('',(-77.,60.,0.));
#14620=CARTESIAN_POINT('',(-80.,60.,0.));
#14621=CARTESIAN_POINT('',(-77.,54.,0.));
#14622=CARTESIAN_POINT('Origin',(-77.,57.,0.));
#14623=CARTESIAN_POINT('',(-83.,54.,0.));
#14624=CARTESIAN_POINT('',(-80.,54.,0.));
#14625=CARTESIAN_POINT('',(-83.,50.,0.));
#14626=CARTESIAN_POINT('Origin',(-83.,52.,0.));
#14627=CARTESIAN_POINT('',(-77.,50.,0.));
#14628=CARTESIAN_POINT('',(-80.,50.,0.));
#14629=CARTESIAN_POINT('',(-77.,44.,0.));
#14630=CARTESIAN_POINT('Origin',(-77.,47.,0.));
#14631=CARTESIAN_POINT('',(-83.,44.,0.));
#14632=CARTESIAN_POINT('',(-80.,44.,0.));
#14633=CARTESIAN_POINT('',(-83.,40.,0.));
#14634=CARTESIAN_POINT('Origin',(-83.,42.,0.));
#14635=CARTESIAN_POINT('',(-77.,40.,0.));
#14636=CARTESIAN_POINT('',(-80.,40.,0.));
#14637=CARTESIAN_POINT('',(-77.,34.,0.));
#14638=CARTESIAN_POINT('Origin',(-77.,37.,0.));
#14639=CARTESIAN_POINT('',(-78.5,32.5,0.));
#14640=CARTESIAN_POINT('Origin',(-77.,32.5,0.));
#14641=CARTESIAN_POINT('',(-78.5,14.5,0.));
#14642=CARTESIAN_POINT('',(-78.5,-32.5,0.));
#14643=CARTESIAN_POINT('',(-73.5,9.5,0.));
#14644=CARTESIAN_POINT('Origin',(-73.5,14.5,0.));
#14645=CARTESIAN_POINT('',(-71.6396240571088,9.5,0.));
#14646=CARTESIAN_POINT('',(-69.9425113949539,9.5,0.));
#14647=CARTESIAN_POINT('',(-69.0057106188957,8.75,0.));
#14648=CARTESIAN_POINT('Origin',(-71.6396240571088,4.5,0.));
#14649=CARTESIAN_POINT('',(-66.3717971806825,8.,0.));
#14650=CARTESIAN_POINT('Origin',(-66.3717971806825,13.,0.));
#14651=CARTESIAN_POINT('',(-44.0000005960464,8.,0.));
#14652=CARTESIAN_POINT('',(-69.9425113949539,8.,0.));
#14653=CARTESIAN_POINT('',(-40.0000005960464,12.,0.));
#14654=CARTESIAN_POINT('Origin',(-44.0000005960464,12.,0.));
#14655=CARTESIAN_POINT('',(-40.0000005960464,13.0000002235174,0.));
#14656=CARTESIAN_POINT('',(-40.0000005960464,-15.0000002235174,0.));
#14657=CARTESIAN_POINT('',(-38.0000005960464,15.0000002235174,0.));
#14658=CARTESIAN_POINT('Origin',(-38.0000005960464,13.0000002235174,0.));
#14659=CARTESIAN_POINT('',(-32.5000005960464,15.0000002235174,0.));
#14660=CARTESIAN_POINT('',(-40.0000005960464,15.0000002235174,0.));
#14661=CARTESIAN_POINT('',(-28.5000005960464,19.0000002235174,0.));
#14662=CARTESIAN_POINT('Origin',(-32.5000005960464,19.0000002235174,0.));
#14663=CARTESIAN_POINT('',(-28.5000005960464,70.0000002059273,0.));
#14664=CARTESIAN_POINT('',(-28.5000005960464,70.0000002235174,0.));
#14665=CARTESIAN_POINT('',(-31.5000005154385,74.5825759536534,0.));
#14666=CARTESIAN_POINT('Origin',(-26.5000005154385,74.582575865703,0.));
#14667=CARTESIAN_POINT('',(-31.5000004858633,76.2639324042994,0.));
#14668=CARTESIAN_POINT('',(-31.5000005960464,70.0000002059273,0.));
#14669=CARTESIAN_POINT('',(-32.5,78.5,0.));
#14670=CARTESIAN_POINT('Origin',(-34.5000004858633,76.2639324570696,0.));
#14671=CARTESIAN_POINT('',(-34.,77.,0.));
#14672=CARTESIAN_POINT('Origin',(-32.5,77.,0.));
#14673=CARTESIAN_POINT('',(-40.,77.,0.));
#14674=CARTESIAN_POINT('Origin',(-37.,77.,0.));
#14675=CARTESIAN_POINT('',(-40.,83.,0.));
#14676=CARTESIAN_POINT('',(-40.,80.,0.));
#14677=CARTESIAN_POINT('',(-44.,83.,0.));
#14678=CARTESIAN_POINT('Origin',(-42.,83.,0.));
#14679=CARTESIAN_POINT('',(-44.,77.,0.));
#14680=CARTESIAN_POINT('',(-44.,80.,0.));
#14681=CARTESIAN_POINT('',(-50.,77.,0.));
#14682=CARTESIAN_POINT('Origin',(-47.,77.,0.));
#14683=CARTESIAN_POINT('',(-50.,83.,0.));
#14684=CARTESIAN_POINT('',(-50.,80.,0.));
#14685=CARTESIAN_POINT('',(-54.,83.,0.));
#14686=CARTESIAN_POINT('Origin',(-52.,83.,0.));
#14687=CARTESIAN_POINT('',(-54.,77.,0.));
#14688=CARTESIAN_POINT('',(-54.,80.,0.));
#14689=CARTESIAN_POINT('',(-60.,77.,0.));
#14690=CARTESIAN_POINT('Origin',(-57.,77.,0.));
#14691=CARTESIAN_POINT('',(-60.,83.,0.));
#14692=CARTESIAN_POINT('',(-60.,80.,0.));
#14693=CARTESIAN_POINT('',(-64.,83.,0.));
#14694=CARTESIAN_POINT('Origin',(-62.,83.,0.));
#14695=CARTESIAN_POINT('',(-64.,80.,0.));
#14696=CARTESIAN_POINT('',(-64.,80.,0.));
#14697=CARTESIAN_POINT('',(-65.5,78.5,0.));
#14698=CARTESIAN_POINT('Origin',(-65.5,80.,0.));
#14699=CARTESIAN_POINT('',(-68.9,78.5,0.));
#14700=CARTESIAN_POINT('',(-72.5,78.5,0.));
#14701=CARTESIAN_POINT('Origin',(-68.9,74.5,0.));
#14702=CARTESIAN_POINT('',(-72.8916503267345,-74.7583169934012,0.));
#14703=CARTESIAN_POINT('',(-74.7583169934012,-72.8916503267345,0.));
#14704=CARTESIAN_POINT('Origin',(-74.8874754901018,-74.8874754901018,0.));
#14705=CARTESIAN_POINT('',(-68.9,-78.5,0.));
#14706=CARTESIAN_POINT('Origin',(-68.9,-74.5,0.));
#14707=CARTESIAN_POINT('',(-65.5,-78.5,0.));
#14708=CARTESIAN_POINT('',(-72.5,-78.5,0.));
#14709=CARTESIAN_POINT('',(-64.,-80.,0.));
#14710=CARTESIAN_POINT('Origin',(-65.5,-80.,0.));
#14711=CARTESIAN_POINT('',(-64.,-83.,0.));
#14712=CARTESIAN_POINT('',(-64.,-80.,0.));
#14713=CARTESIAN_POINT('',(-60.,-83.,0.));
#14714=CARTESIAN_POINT('Origin',(-62.,-83.,0.));
#14715=CARTESIAN_POINT('',(-60.,-77.,0.));
#14716=CARTESIAN_POINT('',(-60.,-80.,0.));
#14717=CARTESIAN_POINT('',(-54.,-77.,0.));
#14718=CARTESIAN_POINT('Origin',(-57.,-77.,0.));
#14719=CARTESIAN_POINT('',(-54.,-83.,0.));
#14720=CARTESIAN_POINT('',(-54.,-80.,0.));
#14721=CARTESIAN_POINT('',(-50.,-83.,0.));
#14722=CARTESIAN_POINT('Origin',(-52.,-83.,0.));
#14723=CARTESIAN_POINT('',(-50.,-77.,0.));
#14724=CARTESIAN_POINT('',(-50.,-80.,0.));
#14725=CARTESIAN_POINT('',(-44.,-77.,0.));
#14726=CARTESIAN_POINT('Origin',(-47.,-77.,0.));
#14727=CARTESIAN_POINT('',(-44.,-83.,0.));
#14728=CARTESIAN_POINT('',(-44.,-80.,0.));
#14729=CARTESIAN_POINT('',(-40.,-83.,0.));
#14730=CARTESIAN_POINT('Origin',(-42.,-83.,0.));
#14731=CARTESIAN_POINT('',(-40.,-77.,0.));
#14732=CARTESIAN_POINT('',(-40.,-80.,0.));
#14733=CARTESIAN_POINT('',(-35.7195710467743,-74.2869755445737,0.));
#14734=CARTESIAN_POINT('Origin',(-37.,-77.,0.));
#14735=CARTESIAN_POINT('',(-31.4619640151064,-71.9432892664903,0.));
#14736=CARTESIAN_POINT('Origin',(-34.4391420935486,-71.5739510891474,0.));
#14737=CARTESIAN_POINT('',(-30.0000005735412,-68.9881387031834,0.));
#14738=CARTESIAN_POINT('Origin',(-26.500000551036,-72.5588528953953,0.));
#14739=CARTESIAN_POINT('',(-28.5000005960464,-65.4174245109715,0.));
#14740=CARTESIAN_POINT('Origin',(-33.5000005960464,-65.4174245109715,0.));
#14741=CARTESIAN_POINT('',(-28.5000005960464,-19.0000002235174,0.));
#14742=CARTESIAN_POINT('',(-28.5000005960464,-70.0000002235174,0.));
#14743=CARTESIAN_POINT('',(-32.5000005960464,-15.0000002235174,0.));
#14744=CARTESIAN_POINT('Origin',(-32.5000005960464,-19.0000002235174,0.));
#14745=CARTESIAN_POINT('',(-38.0000005960464,-15.0000002235174,0.));
#14746=CARTESIAN_POINT('',(40.0000005960464,-15.0000002235174,0.));
#14747=CARTESIAN_POINT('',(-40.0000005960464,-13.0000002235174,0.));
#14748=CARTESIAN_POINT('Origin',(-38.0000005960464,-13.0000002235174,0.));
#14749=CARTESIAN_POINT('',(-40.0000005960464,-12.,0.));
#14750=CARTESIAN_POINT('',(-40.0000005960464,-15.0000002235174,0.));
#14751=CARTESIAN_POINT('',(-44.0000005960464,-8.,0.));
#14752=CARTESIAN_POINT('Origin',(-44.0000005960464,-12.,0.));
#14753=CARTESIAN_POINT('',(-66.3717971806825,-8.,0.));
#14754=CARTESIAN_POINT('',(-69.9425113949539,-8.,0.));
#14755=CARTESIAN_POINT('',(-69.0057106188957,-8.75,0.));
#14756=CARTESIAN_POINT('Origin',(-66.3717971806825,-13.,0.));
#14757=CARTESIAN_POINT('',(-71.6396240571089,-9.5,0.));
#14758=CARTESIAN_POINT('Origin',(-71.6396240571089,-4.5,0.));
#14759=CARTESIAN_POINT('',(-73.5,-9.5,0.));
#14760=CARTESIAN_POINT('',(-69.9425113949539,-9.5,0.));
#14761=CARTESIAN_POINT('',(-78.5,-14.5,0.));
#14762=CARTESIAN_POINT('Origin',(-73.5,-14.5,0.));
#14763=CARTESIAN_POINT('',(-78.5,-32.5,0.));
#14764=CARTESIAN_POINT('',(-78.5,-32.5,0.));
#14765=CARTESIAN_POINT('',(-77.,-34.,0.));
#14766=CARTESIAN_POINT('Origin',(-77.,-32.5,0.));
#14767=CARTESIAN_POINT('',(-77.,-40.,0.));
#14768=CARTESIAN_POINT('Origin',(-77.,-37.,0.));
#14769=CARTESIAN_POINT('',(-83.,-40.,0.));
#14770=CARTESIAN_POINT('',(-80.,-40.,0.));
#14771=CARTESIAN_POINT('',(-83.,-44.,0.));
#14772=CARTESIAN_POINT('Origin',(-83.,-42.,0.));
#14773=CARTESIAN_POINT('',(-77.,-44.,0.));
#14774=CARTESIAN_POINT('',(-80.,-44.,0.));
#14775=CARTESIAN_POINT('',(-77.,-50.,0.));
#14776=CARTESIAN_POINT('Origin',(-77.,-47.,0.));
#14777=CARTESIAN_POINT('',(-83.,-50.,0.));
#14778=CARTESIAN_POINT('',(-80.,-50.,0.));
#14779=CARTESIAN_POINT('',(-83.,-54.,0.));
#14780=CARTESIAN_POINT('Origin',(-83.,-52.,0.));
#14781=CARTESIAN_POINT('',(-77.,-54.,0.));
#14782=CARTESIAN_POINT('',(-80.,-54.,0.));
#14783=CARTESIAN_POINT('',(-77.,-60.,0.));
#14784=CARTESIAN_POINT('Origin',(-77.,-57.,0.));
#14785=CARTESIAN_POINT('',(-83.,-60.,0.));
#14786=CARTESIAN_POINT('',(-80.,-60.,0.));
#14787=CARTESIAN_POINT('',(-83.,-64.,0.));
#14788=CARTESIAN_POINT('Origin',(-83.,-62.,0.));
#14789=CARTESIAN_POINT('',(-80.,-64.,0.));
#14790=CARTESIAN_POINT('',(-80.,-64.,0.));
#14791=CARTESIAN_POINT('',(-78.5,-65.5,0.));
#14792=CARTESIAN_POINT('Origin',(-80.,-65.5,0.));
#14793=CARTESIAN_POINT('',(-78.5,-68.9,0.));
#14794=CARTESIAN_POINT('',(-78.5,-78.5,0.));
#14795=CARTESIAN_POINT('Origin',(-74.5,-68.9,0.));
#14796=CARTESIAN_POINT('',(-9.50000055103598,-72.5588529308631,0.));
#14797=CARTESIAN_POINT('',(-11.0000005735412,-68.9881387824826,0.));
#14798=CARTESIAN_POINT('Origin',(-14.500000551036,-72.5588530188136,0.));
#14799=CARTESIAN_POINT('',(-9.50000053043004,-73.7303041015011,0.));
#14800=CARTESIAN_POINT('',(-9.50000059604643,-70.0000002411075,0.));
#14801=CARTESIAN_POINT('',(-6.00000059604642,-78.5,0.));
#14802=CARTESIAN_POINT('Origin',(-4.50000053043004,-73.7303040135507,0.));
#14803=CARTESIAN_POINT('',(6.00000059604643,-78.5,0.));
#14804=CARTESIAN_POINT('',(-6.00000059604642,-78.5,0.));
#14805=CARTESIAN_POINT('',(9.50000053043004,-73.7303041015011,0.));
#14806=CARTESIAN_POINT('Origin',(4.50000053043004,-73.7303040135507,0.));
#14807=CARTESIAN_POINT('',(9.50000055103598,-72.5588529308631,0.));
#14808=CARTESIAN_POINT('',(9.50000059604643,-70.0000002411075,0.));
#14809=CARTESIAN_POINT('',(11.0000005735412,-68.9881387824826,0.));
#14810=CARTESIAN_POINT('Origin',(14.500000551036,-72.5588530188136,0.));
#14811=CARTESIAN_POINT('',(12.5000005960464,-65.4174245461517,0.));
#14812=CARTESIAN_POINT('Origin',(7.50000059604643,-65.4174245461517,0.));
#14813=CARTESIAN_POINT('',(12.5000005960464,-19.0000002235174,0.));
#14814=CARTESIAN_POINT('',(12.5000005960464,-70.0000002235174,0.));
#14815=CARTESIAN_POINT('',(8.50000059604643,-15.0000002235174,0.));
#14816=CARTESIAN_POINT('Origin',(8.50000059604643,-19.0000002235174,0.));
#14817=CARTESIAN_POINT('',(-8.50000059604643,-15.0000002235174,0.));
#14818=CARTESIAN_POINT('',(40.0000005960464,-15.0000002235174,0.));
#14819=CARTESIAN_POINT('',(-12.5000005960464,-19.0000002235174,0.));
#14820=CARTESIAN_POINT('Origin',(-8.50000059604643,-19.0000002235174,0.));
#14821=CARTESIAN_POINT('',(-12.5000005960464,-65.4174245461517,0.));
#14822=CARTESIAN_POINT('',(-12.5000005960464,-70.0000002235174,0.));
#14823=CARTESIAN_POINT('Origin',(-7.50000059604643,-65.4174245461517,0.));
#14824=CARTESIAN_POINT('',(26.5000005960464,-65.0000002205857,0.));
#14825=CARTESIAN_POINT('',(21.5000006107048,-70.0000002205857,0.));
#14826=CARTESIAN_POINT('Origin',(21.5000005960464,-65.0000002205857,0.));
#14827=CARTESIAN_POINT('',(26.5000005960464,-19.0000002235174,0.));
#14828=CARTESIAN_POINT('',(26.5000005960464,-70.0000002059273,0.));
#14829=CARTESIAN_POINT('',(22.5000005960464,-15.0000002235174,0.));
#14830=CARTESIAN_POINT('Origin',(22.5000005960464,-19.0000002235174,0.));
#14831=CARTESIAN_POINT('',(18.5000005960464,-15.0000002235174,0.));
#14832=CARTESIAN_POINT('',(40.0000005960464,-15.0000002235174,0.));
#14833=CARTESIAN_POINT('',(14.5000005960464,-19.0000002235174,0.));
#14834=CARTESIAN_POINT('Origin',(18.5000005960464,-19.0000002235174,0.));
#14835=CARTESIAN_POINT('',(14.5000005960464,-65.0000002264491,0.));
#14836=CARTESIAN_POINT('',(14.5000005960464,-70.0000002411075,0.));
#14837=CARTESIAN_POINT('',(19.5000006107048,-70.0000002264491,0.));
#14838=CARTESIAN_POINT('Origin',(19.5000005960464,-65.0000002264491,0.));
#14839=CARTESIAN_POINT('',(14.5000005960464,-70.0000002411075,0.));
#14840=CARTESIAN_POINT('',(-82.2,80.,0.));
#14841=CARTESIAN_POINT('Origin',(-80.,80.,0.));
#14842=CARTESIAN_POINT('',(77.8,80.,0.));
#14843=CARTESIAN_POINT('Origin',(80.,80.,0.));
#14844=CARTESIAN_POINT('',(-82.2,-80.,0.));
#14845=CARTESIAN_POINT('Origin',(-80.,-80.,0.));
#14846=CARTESIAN_POINT('',(77.8,-80.,0.));
#14847=CARTESIAN_POINT('Origin',(80.,-80.,0.));
#14848=CARTESIAN_POINT('Origin',(85.1,-74.8866518188383,0.));
#14849=CARTESIAN_POINT('',(85.2333333333333,-72.8911012125589,5.));
#14850=CARTESIAN_POINT('',(85.2333333333333,-72.8911012125589,0.));
#14851=CARTESIAN_POINT('Origin',(85.1,-74.8866518188383,5.));
#14852=CARTESIAN_POINT('Origin',(85.5,-68.9,0.));
#14853=CARTESIAN_POINT('',(81.5,-68.9,5.));
#14854=CARTESIAN_POINT('',(81.5,-68.9,0.));
#14855=CARTESIAN_POINT('Origin',(85.5,-68.9,5.));
#14856=CARTESIAN_POINT('Origin',(74.8874754901018,-74.8874754901018,0.));
#14857=CARTESIAN_POINT('',(72.8916503267345,-74.7583169934012,5.));
#14858=CARTESIAN_POINT('',(72.8916503267345,-74.7583169934012,0.));
#14859=CARTESIAN_POINT('',(74.7583169934012,-72.8916503267345,5.));
#14860=CARTESIAN_POINT('Origin',(74.8874754901018,-74.8874754901018,5.));
#14861=CARTESIAN_POINT('',(74.7583169934012,-72.8916503267345,0.));
#14862=CARTESIAN_POINT('Origin',(68.9,-74.5,0.));
#14863=CARTESIAN_POINT('',(68.9,-78.5,5.));
#14864=CARTESIAN_POINT('',(68.9,-78.5,0.));
#14865=CARTESIAN_POINT('Origin',(68.9,-74.5,5.));
#14866=CARTESIAN_POINT('Origin',(74.8866518188383,-85.1,0.));
#14867=CARTESIAN_POINT('',(74.8866518188383,-87.1,5.));
#14868=CARTESIAN_POINT('',(72.8911012125589,-85.2333333333333,5.));
#14869=CARTESIAN_POINT('Origin',(74.8866518188383,-85.1,5.));
#14870=CARTESIAN_POINT('',(72.8911012125589,-85.2333333333333,0.));
#14871=CARTESIAN_POINT('',(74.8866518188383,-87.1,0.));
#14872=CARTESIAN_POINT('Origin',(72.9,-87.1,0.));
#14873=CARTESIAN_POINT('',(87.1,-87.1,5.));
#14874=CARTESIAN_POINT('Origin',(-74.8866518188383,-85.1,0.));
#14875=CARTESIAN_POINT('',(-72.8911012125589,-85.2333333333333,5.));
#14876=CARTESIAN_POINT('',(-72.8911012125589,-85.2333333333333,0.));
#14877=CARTESIAN_POINT('',(-74.8866518188383,-87.1,5.));
#14878=CARTESIAN_POINT('Origin',(-74.8866518188383,-85.1,5.));
#14879=CARTESIAN_POINT('',(-74.8866518188383,-87.1,0.));
#14880=CARTESIAN_POINT('Origin',(-68.9,-85.5,0.));
#14881=CARTESIAN_POINT('',(-68.9,-81.5,5.));
#14882=CARTESIAN_POINT('',(-68.9,-81.5,0.));
#14883=CARTESIAN_POINT('Origin',(-68.9,-85.5,5.));
#14884=CARTESIAN_POINT('Origin',(-85.1,-85.1,0.));
#14885=CARTESIAN_POINT('',(-85.1,-87.1,5.));
#14886=CARTESIAN_POINT('',(-87.1,-85.1,5.));
#14887=CARTESIAN_POINT('Origin',(-85.1,-85.1,5.));
#14888=CARTESIAN_POINT('',(-87.1,-85.1,0.));
#14889=CARTESIAN_POINT('',(-85.1,-87.1,0.));
#14890=CARTESIAN_POINT('Origin',(-87.1,-72.9,0.));
#14891=CARTESIAN_POINT('',(-87.1,-74.8866518188383,5.));
#14892=CARTESIAN_POINT('',(-87.1,-72.9,5.));
#14893=CARTESIAN_POINT('',(-87.1,-74.8866518188383,0.));
#14894=CARTESIAN_POINT('Origin',(-85.1,-74.8866518188383,0.));
#14895=CARTESIAN_POINT('',(-85.2333333333333,-72.8911012125589,5.));
#14896=CARTESIAN_POINT('Origin',(-85.1,-74.8866518188383,5.));
#14897=CARTESIAN_POINT('',(-85.2333333333333,-72.8911012125589,0.));
#14898=CARTESIAN_POINT('Origin',(-74.8874754901018,-74.8874754901018,0.));
#14899=CARTESIAN_POINT('',(-74.7583169934012,-72.8916503267345,5.));
#14900=CARTESIAN_POINT('',(-74.7583169934012,-72.8916503267345,0.));
#14901=CARTESIAN_POINT('',(-72.8916503267345,-74.7583169934012,5.));
#14902=CARTESIAN_POINT('Origin',(-74.8874754901018,-74.8874754901018,5.));
#14903=CARTESIAN_POINT('',(-72.8916503267345,-74.7583169934012,0.));
#14904=CARTESIAN_POINT('Origin',(-74.5,-68.9,0.));
#14905=CARTESIAN_POINT('',(-78.5,-68.9,5.));
#14906=CARTESIAN_POINT('',(-78.5,-68.9,0.));
#14907=CARTESIAN_POINT('Origin',(-74.5,-68.9,5.));
#14908=CARTESIAN_POINT('Origin',(-85.1,74.8866518188383,0.));
#14909=CARTESIAN_POINT('',(-85.2333333333333,72.8911012125589,5.));
#14910=CARTESIAN_POINT('',(-85.2333333333333,72.8911012125589,0.));
#14911=CARTESIAN_POINT('',(-87.1,74.8866518188383,5.));
#14912=CARTESIAN_POINT('Origin',(-85.1,74.8866518188383,5.));
#14913=CARTESIAN_POINT('',(-87.1,74.8866518188383,0.));
#14914=CARTESIAN_POINT('Origin',(-85.5,68.9,0.));
#14915=CARTESIAN_POINT('',(-81.5,68.9,5.));
#14916=CARTESIAN_POINT('',(-81.5,68.9,0.));
#14917=CARTESIAN_POINT('Origin',(-85.5,68.9,5.));
#14918=CARTESIAN_POINT('Origin',(-74.8874754901018,74.8874754901018,0.));
#14919=CARTESIAN_POINT('',(-72.8916503267346,74.7583169934012,5.));
#14920=CARTESIAN_POINT('',(-72.8916503267346,74.7583169934012,0.));
#14921=CARTESIAN_POINT('',(-74.7583169934012,72.8916503267346,5.));
#14922=CARTESIAN_POINT('Origin',(-74.8874754901018,74.8874754901018,5.));
#14923=CARTESIAN_POINT('',(-74.7583169934012,72.8916503267346,0.));
#14924=CARTESIAN_POINT('Origin',(-68.9,74.5,0.));
#14925=CARTESIAN_POINT('',(-68.9,78.5,5.));
#14926=CARTESIAN_POINT('',(-68.9,78.5,0.));
#14927=CARTESIAN_POINT('Origin',(-68.9,74.5,5.));
#14928=CARTESIAN_POINT('Origin',(-85.1,85.1,0.));
#14929=CARTESIAN_POINT('',(-87.1,85.1,5.));
#14930=CARTESIAN_POINT('',(-85.1,87.1,5.));
#14931=CARTESIAN_POINT('Origin',(-85.1,85.1,5.));
#14932=CARTESIAN_POINT('',(-85.1,87.1,0.));
#14933=CARTESIAN_POINT('',(-87.1,85.1,0.));
#14934=CARTESIAN_POINT('Origin',(-72.9,87.1,0.));
#14935=CARTESIAN_POINT('',(-74.8866518188383,87.1,5.));
#14936=CARTESIAN_POINT('',(-87.1,87.1,5.));
#14937=CARTESIAN_POINT('',(-74.8866518188383,87.1,0.));
#14938=CARTESIAN_POINT('Origin',(-74.8866518188383,85.1,0.));
#14939=CARTESIAN_POINT('',(-72.8911012125589,85.2333333333333,5.));
#14940=CARTESIAN_POINT('Origin',(-74.8866518188383,85.1,5.));
#14941=CARTESIAN_POINT('',(-72.8911012125589,85.2333333333333,0.));
#14942=CARTESIAN_POINT('Origin',(74.8874754901018,74.8874754901018,0.));
#14943=CARTESIAN_POINT('',(74.7583169934012,72.8916503267345,5.));
#14944=CARTESIAN_POINT('',(74.7583169934012,72.8916503267345,0.));
#14945=CARTESIAN_POINT('',(72.8916503267345,74.7583169934012,5.));
#14946=CARTESIAN_POINT('Origin',(74.8874754901018,74.8874754901018,5.));
#14947=CARTESIAN_POINT('',(72.8916503267345,74.7583169934012,0.));
#14948=CARTESIAN_POINT('Origin',(74.5,68.9,0.));
#14949=CARTESIAN_POINT('',(78.5,68.9,5.));
#14950=CARTESIAN_POINT('',(78.5,68.9,0.));
#14951=CARTESIAN_POINT('Origin',(74.5,68.9,5.));
#14952=CARTESIAN_POINT('Origin',(85.1,74.8866518188383,0.));
#14953=CARTESIAN_POINT('',(87.1,74.8866518188383,5.));
#14954=CARTESIAN_POINT('',(85.2333333333333,72.8911012125589,5.));
#14955=CARTESIAN_POINT('Origin',(85.1,74.8866518188383,5.));
#14956=CARTESIAN_POINT('',(85.2333333333333,72.8911012125589,0.));
#14957=CARTESIAN_POINT('',(87.1,74.8866518188383,0.));
#14958=CARTESIAN_POINT('Origin',(87.1,72.9,0.));
#14959=CARTESIAN_POINT('',(87.1,85.1,5.));
#14960=CARTESIAN_POINT('',(87.1,85.1,0.));
#14961=CARTESIAN_POINT('',(87.1,87.1,5.));
#14962=CARTESIAN_POINT('Origin',(74.8866518188383,85.1,0.));
#14963=CARTESIAN_POINT('',(72.8911012125589,85.2333333333333,5.));
#14964=CARTESIAN_POINT('',(72.8911012125589,85.2333333333333,0.));
#14965=CARTESIAN_POINT('',(74.8866518188383,87.1,5.));
#14966=CARTESIAN_POINT('Origin',(74.8866518188383,85.1,5.));
#14967=CARTESIAN_POINT('',(74.8866518188383,87.1,0.));
#14968=CARTESIAN_POINT('Origin',(87.1,87.1,0.));
#14969=CARTESIAN_POINT('',(85.1,87.1,5.));
#14970=CARTESIAN_POINT('',(72.9,87.1,5.));
#14971=CARTESIAN_POINT('',(85.1,87.1,0.));
#14972=CARTESIAN_POINT('Origin',(85.1,85.1,0.));
#14973=CARTESIAN_POINT('Origin',(85.1,85.1,5.));
#14974=CARTESIAN_POINT('Origin',(-72.9,78.5,0.));
#14975=CARTESIAN_POINT('',(-65.5,78.5,5.));
#14976=CARTESIAN_POINT('',(-65.5,78.5,0.));
#14977=CARTESIAN_POINT('',(-72.5,78.5,5.));
#14978=CARTESIAN_POINT('Origin',(-81.5,72.9,0.));
#14979=CARTESIAN_POINT('',(-81.5,66.5,5.));
#14980=CARTESIAN_POINT('',(-81.5,66.5,0.));
#14981=CARTESIAN_POINT('',(-81.5,66.5,5.));
#14982=CARTESIAN_POINT('Origin',(-74.5,68.9,0.));
#14983=CARTESIAN_POINT('',(-78.5,68.9,5.));
#14984=CARTESIAN_POINT('Origin',(-74.5,68.9,5.));
#14985=CARTESIAN_POINT('',(-78.5,68.9,0.));
#14986=CARTESIAN_POINT('Origin',(-68.9,85.5,0.));
#14987=CARTESIAN_POINT('',(-68.9,81.5,5.));
#14988=CARTESIAN_POINT('Origin',(-68.9,85.5,5.));
#14989=CARTESIAN_POINT('',(-68.9,81.5,0.));
#14990=CARTESIAN_POINT('Origin',(68.9,85.5,0.));
#14991=CARTESIAN_POINT('',(68.9,81.5,5.));
#14992=CARTESIAN_POINT('',(68.9,81.5,0.));
#14993=CARTESIAN_POINT('Origin',(68.9,85.5,5.));
#14994=CARTESIAN_POINT('Origin',(72.9,81.5,0.));
#14995=CARTESIAN_POINT('',(66.5,81.5,5.));
#14996=CARTESIAN_POINT('',(66.5,81.5,0.));
#14997=CARTESIAN_POINT('',(81.5,81.5,5.));
#14998=CARTESIAN_POINT('Origin',(68.9,74.5,0.));
#14999=CARTESIAN_POINT('',(68.9,78.5,5.));
#15000=CARTESIAN_POINT('Origin',(68.9,74.5,5.));
#15001=CARTESIAN_POINT('',(68.9,78.5,0.));
#15002=CARTESIAN_POINT('Origin',(78.5,72.9,0.));
#15003=CARTESIAN_POINT('',(78.5,65.5,5.));
#15004=CARTESIAN_POINT('',(78.5,65.5,0.));
#15005=CARTESIAN_POINT('',(78.5,78.5,5.));
#15006=CARTESIAN_POINT('Origin',(85.5,68.9,0.));
#15007=CARTESIAN_POINT('',(81.5,68.9,5.));
#15008=CARTESIAN_POINT('Origin',(85.5,68.9,5.));
#15009=CARTESIAN_POINT('',(81.5,68.9,0.));
#15010=CARTESIAN_POINT('Origin',(81.5,-72.9,0.));
#15011=CARTESIAN_POINT('',(81.5,-66.5,5.));
#15012=CARTESIAN_POINT('',(81.5,-66.5,0.));
#15013=CARTESIAN_POINT('',(81.5,-81.5,5.));
#15014=CARTESIAN_POINT('Origin',(68.9,-85.5,0.));
#15015=CARTESIAN_POINT('',(68.9,-81.5,5.));
#15016=CARTESIAN_POINT('Origin',(68.9,-85.5,5.));
#15017=CARTESIAN_POINT('',(68.9,-81.5,0.));
#15018=CARTESIAN_POINT('Origin',(74.5,-68.9,0.));
#15019=CARTESIAN_POINT('',(78.5,-68.9,5.));
#15020=CARTESIAN_POINT('Origin',(74.5,-68.9,5.));
#15021=CARTESIAN_POINT('',(78.5,-68.9,0.));
#15022=CARTESIAN_POINT('Origin',(72.9,-78.5,0.));
#15023=CARTESIAN_POINT('',(65.5,-78.5,5.));
#15024=CARTESIAN_POINT('',(65.5,-78.5,0.));
#15025=CARTESIAN_POINT('',(78.5,-78.5,5.));
#15026=CARTESIAN_POINT('Origin',(-85.5,-68.9,0.));
#15027=CARTESIAN_POINT('',(-81.5,-68.9,5.));
#15028=CARTESIAN_POINT('Origin',(-85.5,-68.9,5.));
#15029=CARTESIAN_POINT('',(-81.5,-68.9,0.));
#15030=CARTESIAN_POINT('Origin',(-78.5,-72.9,0.));
#15031=CARTESIAN_POINT('',(-78.5,-65.5,5.));
#15032=CARTESIAN_POINT('',(-78.5,-65.5,0.));
#15033=CARTESIAN_POINT('',(-78.5,-78.5,5.));
#15034=CARTESIAN_POINT('Origin',(-68.9,-74.5,0.));
#15035=CARTESIAN_POINT('',(-68.9,-78.5,5.));
#15036=CARTESIAN_POINT('Origin',(-68.9,-74.5,5.));
#15037=CARTESIAN_POINT('',(-68.9,-78.5,0.));
#15038=CARTESIAN_POINT('Origin',(-72.9,-81.5,0.));
#15039=CARTESIAN_POINT('',(-66.5,-81.5,5.));
#15040=CARTESIAN_POINT('',(-66.5,-81.5,0.));
#15041=CARTESIAN_POINT('',(-66.5,-81.5,5.));
#15042=CARTESIAN_POINT('Origin',(-34.5000004858633,76.2639324570696,0.));
#15043=CARTESIAN_POINT('',(-31.5000004858633,76.2639324042994,5.));
#15044=CARTESIAN_POINT('',(-31.5000004858633,76.2639324042994,0.));
#15045=CARTESIAN_POINT('',(-32.5,78.5,5.));
#15046=CARTESIAN_POINT('Origin',(-34.5000004858633,76.2639324570696,5.));
#15047=CARTESIAN_POINT('',(-32.5,78.5,0.));
#15048=CARTESIAN_POINT('Origin',(34.4391420935486,71.5739510891473,0.));
#15049=CARTESIAN_POINT('',(35.7195710467743,74.2869755445737,5.));
#15050=CARTESIAN_POINT('',(35.7195710467743,74.2869755445737,0.));
#15051=CARTESIAN_POINT('',(31.4619640151064,71.9432892664903,5.));
#15052=CARTESIAN_POINT('Origin',(34.4391420935486,71.5739510891473,5.));
#15053=CARTESIAN_POINT('',(31.4619640151064,71.9432892664903,0.));
#15054=CARTESIAN_POINT('Origin',(26.500000551036,72.5588528953953,0.));
#15055=CARTESIAN_POINT('',(30.0000005735412,68.9881387031834,5.));
#15056=CARTESIAN_POINT('Origin',(26.500000551036,72.5588528953953,5.));
#15057=CARTESIAN_POINT('',(30.0000005735412,68.9881387031834,0.));
#15058=CARTESIAN_POINT('Origin',(34.5000004858633,-76.2639336240252,0.));
#15059=CARTESIAN_POINT('',(31.5000004858633,-76.2639335712549,5.));
#15060=CARTESIAN_POINT('',(31.5000004858633,-76.2639335712549,0.));
#15061=CARTESIAN_POINT('',(32.4999999736149,-78.500001143356,5.));
#15062=CARTESIAN_POINT('Origin',(34.5000004858633,-76.2639336240252,5.));
#15063=CARTESIAN_POINT('',(32.4999999736149,-78.500001143356,0.));
#15064=CARTESIAN_POINT('Origin',(-34.4391420935486,-71.5739510891474,0.));
#15065=CARTESIAN_POINT('',(-35.7195710467743,-74.2869755445737,5.));
#15066=CARTESIAN_POINT('',(-35.7195710467743,-74.2869755445737,0.));
#15067=CARTESIAN_POINT('',(-31.4619640151064,-71.9432892664903,5.));
#15068=CARTESIAN_POINT('Origin',(-34.4391420935486,-71.5739510891474,5.));
#15069=CARTESIAN_POINT('',(-31.4619640151064,-71.9432892664903,0.));
#15070=CARTESIAN_POINT('Origin',(-26.500000551036,-72.5588528953953,0.));
#15071=CARTESIAN_POINT('',(-30.0000005735412,-68.9881387031834,5.));
#15072=CARTESIAN_POINT('Origin',(-26.500000551036,-72.5588528953953,5.));
#15073=CARTESIAN_POINT('',(-30.0000005735412,-68.9881387031834,0.));
#15074=CARTESIAN_POINT('Origin',(-71.6396240571089,-4.5,0.));
#15075=CARTESIAN_POINT('',(-69.0057106188957,-8.75,5.));
#15076=CARTESIAN_POINT('',(-71.6396240571089,-9.5,5.));
#15077=CARTESIAN_POINT('Origin',(-71.6396240571089,-4.5,5.));
#15078=CARTESIAN_POINT('',(-71.6396240571089,-9.5,0.));
#15079=CARTESIAN_POINT('',(-69.0057106188957,-8.75,0.));
#15080=CARTESIAN_POINT('Origin',(-66.3717971806825,-13.,0.));
#15081=CARTESIAN_POINT('',(-66.3717971806825,-8.,5.));
#15082=CARTESIAN_POINT('',(-66.3717971806825,-8.,0.));
#15083=CARTESIAN_POINT('Origin',(-66.3717971806825,-13.,5.));
#15084=CARTESIAN_POINT('Origin',(-71.6396240571088,4.5,0.));
#15085=CARTESIAN_POINT('',(-71.6396240571088,9.5,5.));
#15086=CARTESIAN_POINT('',(-69.0057106188957,8.75,5.));
#15087=CARTESIAN_POINT('Origin',(-71.6396240571088,4.5,5.));
#15088=CARTESIAN_POINT('',(-69.0057106188957,8.75,0.));
#15089=CARTESIAN_POINT('',(-71.6396240571088,9.5,0.));
#15090=CARTESIAN_POINT('Origin',(-69.9425113949539,9.5,0.));
#15091=CARTESIAN_POINT('',(-73.5,9.5,5.));
#15092=CARTESIAN_POINT('',(-73.5,9.5,0.));
#15093=CARTESIAN_POINT('',(-69.9425113949539,9.5,5.));
#15094=CARTESIAN_POINT('Origin',(-14.500000551036,-72.5588530188136,0.));
#15095=CARTESIAN_POINT('',(-11.0000005735412,-68.9881387824826,5.));
#15096=CARTESIAN_POINT('',(-9.50000055103598,-72.5588529308631,5.));
#15097=CARTESIAN_POINT('Origin',(-14.500000551036,-72.5588530188136,5.));
#15098=CARTESIAN_POINT('',(-9.50000055103598,-72.5588529308631,0.));
#15099=CARTESIAN_POINT('',(-11.0000005735412,-68.9881387824826,0.));
#15100=CARTESIAN_POINT('Origin',(-7.50000059604643,-65.4174245461517,0.));
#15101=CARTESIAN_POINT('',(-12.5000005960464,-65.4174245461517,5.));
#15102=CARTESIAN_POINT('',(-12.5000005960464,-65.4174245461517,0.));
#15103=CARTESIAN_POINT('Origin',(-7.50000059604643,-65.4174245461517,5.));
#15104=CARTESIAN_POINT('Origin',(14.500000551036,-72.5588530188136,0.));
#15105=CARTESIAN_POINT('',(9.50000055103598,-72.5588529308631,5.));
#15106=CARTESIAN_POINT('',(11.0000005735412,-68.9881387824826,5.));
#15107=CARTESIAN_POINT('Origin',(14.500000551036,-72.5588530188136,5.));
#15108=CARTESIAN_POINT('',(11.0000005735412,-68.9881387824826,0.));
#15109=CARTESIAN_POINT('',(9.50000055103598,-72.5588529308631,0.));
#15110=CARTESIAN_POINT('Origin',(9.50000059604643,-70.0000002411075,0.));
#15111=CARTESIAN_POINT('',(9.50000053043004,-73.7303041015011,5.));
#15112=CARTESIAN_POINT('',(9.50000053043004,-73.7303041015011,0.));
#15113=CARTESIAN_POINT('',(9.50000059604643,-70.0000002411075,5.));
#15114=CARTESIAN_POINT('Origin',(26.500000551036,-72.5588528953953,0.));
#15115=CARTESIAN_POINT('',(30.0000005735412,-68.9881387031834,5.));
#15116=CARTESIAN_POINT('',(31.500000551036,-72.5588529833457,5.));
#15117=CARTESIAN_POINT('Origin',(26.500000551036,-72.5588528953953,5.));
#15118=CARTESIAN_POINT('',(31.500000551036,-72.5588529833457,0.));
#15119=CARTESIAN_POINT('',(30.0000005735412,-68.9881387031834,0.));
#15120=CARTESIAN_POINT('Origin',(33.5000005960464,-65.4174245109715,0.));
#15121=CARTESIAN_POINT('',(28.5000005960464,-65.4174245109715,5.));
#15122=CARTESIAN_POINT('',(28.5000005960464,-65.4174245109715,0.));
#15123=CARTESIAN_POINT('Origin',(33.5000005960464,-65.4174245109715,5.));
#15124=CARTESIAN_POINT('Origin',(71.6396240571089,4.5,0.));
#15125=CARTESIAN_POINT('',(69.0057106188957,8.75,5.));
#15126=CARTESIAN_POINT('',(71.6396240571089,9.5,5.));
#15127=CARTESIAN_POINT('Origin',(71.6396240571089,4.5,5.));
#15128=CARTESIAN_POINT('',(71.6396240571089,9.5,0.));
#15129=CARTESIAN_POINT('',(69.0057106188957,8.75,0.));
#15130=CARTESIAN_POINT('Origin',(66.3717971806825,13.,0.));
#15131=CARTESIAN_POINT('',(66.3717971806825,8.,5.));
#15132=CARTESIAN_POINT('',(66.3717971806825,8.,0.));
#15133=CARTESIAN_POINT('Origin',(66.3717971806825,13.,5.));
#15134=CARTESIAN_POINT('Origin',(71.6396240571089,-4.5,0.));
#15135=CARTESIAN_POINT('',(71.6396240571089,-9.5,5.));
#15136=CARTESIAN_POINT('',(69.0057106188957,-8.75,5.));
#15137=CARTESIAN_POINT('Origin',(71.6396240571089,-4.5,5.));
#15138=CARTESIAN_POINT('',(69.0057106188957,-8.75,0.));
#15139=CARTESIAN_POINT('',(71.6396240571089,-9.5,0.));
#15140=CARTESIAN_POINT('Origin',(69.9425113949539,-9.5,0.));
#15141=CARTESIAN_POINT('',(73.5,-9.5,5.));
#15142=CARTESIAN_POINT('',(73.5,-9.5,0.));
#15143=CARTESIAN_POINT('',(69.9425113949539,-9.5,5.));
#15144=CARTESIAN_POINT('Origin',(-26.5000005154385,74.582575865703,0.));
#15145=CARTESIAN_POINT('',(-28.5000005960464,70.0000002059273,5.));
#15146=CARTESIAN_POINT('',(-31.5000005154385,74.5825759536534,5.));
#15147=CARTESIAN_POINT('Origin',(-26.5000005154385,74.582575865703,5.));
#15148=CARTESIAN_POINT('',(-31.5000005154385,74.5825759536534,0.));
#15149=CARTESIAN_POINT('',(-28.5000005960464,70.0000002059273,0.));
#15150=CARTESIAN_POINT('Origin',(-14.500000551036,72.5588530188136,0.));
#15151=CARTESIAN_POINT('',(-9.50000055103598,72.5588529308631,5.));
#15152=CARTESIAN_POINT('',(-11.0000005735412,68.9881387824826,5.));
#15153=CARTESIAN_POINT('Origin',(-14.500000551036,72.5588530188136,5.));
#15154=CARTESIAN_POINT('',(-11.0000005735412,68.9881387824826,0.));
#15155=CARTESIAN_POINT('',(-9.50000055103598,72.5588529308631,0.));
#15156=CARTESIAN_POINT('Origin',(-9.50000059604643,70.0000002411075,0.));
#15157=CARTESIAN_POINT('',(-9.50000053448111,73.5000000879505,5.));
#15158=CARTESIAN_POINT('',(-9.50000053448111,73.5000000879505,0.));
#15159=CARTESIAN_POINT('',(-9.50000059604643,70.0000002411075,5.));
#15160=CARTESIAN_POINT('Origin',(14.500000551036,72.5588530188136,0.));
#15161=CARTESIAN_POINT('',(11.0000005735412,68.9881387824826,5.));
#15162=CARTESIAN_POINT('',(9.50000055103598,72.5588529308631,5.));
#15163=CARTESIAN_POINT('Origin',(14.500000551036,72.5588530188136,5.));
#15164=CARTESIAN_POINT('',(9.50000055103598,72.5588529308631,0.));
#15165=CARTESIAN_POINT('',(11.0000005735412,68.9881387824826,0.));
#15166=CARTESIAN_POINT('Origin',(7.50000059604643,65.4174245461517,0.));
#15167=CARTESIAN_POINT('',(12.5000005960464,65.4174245461517,5.));
#15168=CARTESIAN_POINT('',(12.5000005960464,65.4174245461517,0.));
#15169=CARTESIAN_POINT('Origin',(7.50000059604643,65.4174245461517,5.));
#15170=CARTESIAN_POINT('Origin',(33.5000005960464,65.4174245109715,0.));
#15171=CARTESIAN_POINT('',(28.5000005960464,65.4174245109715,5.));
#15172=CARTESIAN_POINT('Origin',(33.5000005960464,65.4174245109715,5.));
#15173=CARTESIAN_POINT('',(28.5000005960464,65.4174245109715,0.));
#15174=CARTESIAN_POINT('Origin',(-73.5,-14.5,0.));
#15175=CARTESIAN_POINT('',(-73.5,-9.5,5.));
#15176=CARTESIAN_POINT('',(-73.5,-9.5,0.));
#15177=CARTESIAN_POINT('',(-78.5,-14.5,5.));
#15178=CARTESIAN_POINT('Origin',(-73.5,-14.5,5.));
#15179=CARTESIAN_POINT('',(-78.5,-14.5,0.));
#15180=CARTESIAN_POINT('Origin',(-78.5,-9.5,0.));
#15181=CARTESIAN_POINT('',(-69.9425113949539,-9.5,5.));
#15182=CARTESIAN_POINT('Origin',(-64.9425113949539,-1.,0.));
#15183=CARTESIAN_POINT('',(-69.9425113949539,-1.,5.));
#15184=CARTESIAN_POINT('',(-69.9425113949539,-1.,0.));
#15185=CARTESIAN_POINT('',(-64.9425113949539,-6.,5.));
#15186=CARTESIAN_POINT('Origin',(-64.9425113949539,-1.,5.));
#15187=CARTESIAN_POINT('',(-64.9425113949539,-6.,0.));
#15188=CARTESIAN_POINT('Origin',(-69.9425113949539,-6.,0.));
#15189=CARTESIAN_POINT('',(-69.9425113949539,1.,5.));
#15190=CARTESIAN_POINT('',(-69.9425113949539,1.,0.));
#15191=CARTESIAN_POINT('',(-69.9425113949539,0.,5.));
#15192=CARTESIAN_POINT('Origin',(-64.9425113949539,1.,0.));
#15193=CARTESIAN_POINT('',(-64.9425113949539,6.,5.));
#15194=CARTESIAN_POINT('',(-64.9425113949539,6.,0.));
#15195=CARTESIAN_POINT('Origin',(-64.9425113949539,1.,5.));
#15196=CARTESIAN_POINT('Origin',(-69.9425113949539,6.,0.));
#15197=CARTESIAN_POINT('',(-44.0000005960464,6.,5.));
#15198=CARTESIAN_POINT('',(-44.0000005960464,6.,0.));
#15199=CARTESIAN_POINT('',(-69.9425113949539,6.,5.));
#15200=CARTESIAN_POINT('Origin',(-73.5,14.5,0.));
#15201=CARTESIAN_POINT('',(-78.5,14.5,5.));
#15202=CARTESIAN_POINT('',(-78.5,14.5,0.));
#15203=CARTESIAN_POINT('Origin',(-73.5,14.5,5.));
#15204=CARTESIAN_POINT('Origin',(-78.5,9.5,0.));
#15205=CARTESIAN_POINT('',(-78.5,32.5,5.));
#15206=CARTESIAN_POINT('',(-78.5,32.5,0.));
#15207=CARTESIAN_POINT('',(-78.5,-32.5,5.));
#15208=CARTESIAN_POINT('Origin',(-66.3717971806825,13.,0.));
#15209=CARTESIAN_POINT('',(-66.3717971806825,8.,5.));
#15210=CARTESIAN_POINT('Origin',(-66.3717971806825,13.,5.));
#15211=CARTESIAN_POINT('',(-66.3717971806825,8.,0.));
#15212=CARTESIAN_POINT('Origin',(-33.5000005960464,-65.4174245109715,0.));
#15213=CARTESIAN_POINT('',(-28.5000005960464,-65.4174245109715,5.));
#15214=CARTESIAN_POINT('Origin',(-33.5000005960464,-65.4174245109715,5.));
#15215=CARTESIAN_POINT('',(-28.5000005960464,-65.4174245109715,0.));
#15216=CARTESIAN_POINT('Origin',(-21.5000005960464,-65.0000002205857,0.));
#15217=CARTESIAN_POINT('',(-26.5000005960464,-65.0000002205857,5.));
#15218=CARTESIAN_POINT('',(-26.5000005960464,-65.0000002205857,0.));
#15219=CARTESIAN_POINT('',(-21.5000006107048,-70.0000002205857,5.));
#15220=CARTESIAN_POINT('Origin',(-21.5000005960464,-65.0000002205857,5.));
#15221=CARTESIAN_POINT('',(-21.5000006107048,-70.0000002205857,0.));
#15222=CARTESIAN_POINT('Origin',(-26.5000005960464,-70.0000002059273,0.));
#15223=CARTESIAN_POINT('',(-26.5000005960464,-19.0000002235174,5.));
#15224=CARTESIAN_POINT('',(-26.5000005960464,-19.0000002235174,0.));
#15225=CARTESIAN_POINT('',(-26.5000005960464,-70.0000002059273,5.));
#15226=CARTESIAN_POINT('Origin',(-4.50000053043004,-73.7303040135507,0.));
#15227=CARTESIAN_POINT('',(-9.50000053043004,-73.7303041015011,5.));
#15228=CARTESIAN_POINT('',(-9.50000053043004,-73.7303041015011,0.));
#15229=CARTESIAN_POINT('',(-6.00000059604642,-78.5,5.));
#15230=CARTESIAN_POINT('Origin',(-4.50000053043004,-73.7303040135507,5.));
#15231=CARTESIAN_POINT('',(-6.00000059604642,-78.5,0.));
#15232=CARTESIAN_POINT('Origin',(4.50000053043004,-73.7303040135507,0.));
#15233=CARTESIAN_POINT('',(6.00000059604643,-78.5,5.));
#15234=CARTESIAN_POINT('Origin',(4.50000053043004,-73.7303040135507,5.));
#15235=CARTESIAN_POINT('',(6.00000059604643,-78.5,0.));
#15236=CARTESIAN_POINT('Origin',(-19.5000005960464,-65.0000002264491,0.));
#15237=CARTESIAN_POINT('',(-19.5000006107048,-70.0000002264491,5.));
#15238=CARTESIAN_POINT('',(-19.5000006107048,-70.0000002264491,0.));
#15239=CARTESIAN_POINT('',(-14.5000005960464,-65.0000002264491,5.));
#15240=CARTESIAN_POINT('Origin',(-19.5000005960464,-65.0000002264491,5.));
#15241=CARTESIAN_POINT('',(-14.5000005960464,-65.0000002264491,0.));
#15242=CARTESIAN_POINT('Origin',(-14.5000005960464,-70.0000002411075,0.));
#15243=CARTESIAN_POINT('',(-14.5000005960464,-70.0000002411075,5.));
#15244=CARTESIAN_POINT('Origin',(7.50000059604643,-65.4174245461517,0.));
#15245=CARTESIAN_POINT('',(12.5000005960464,-65.4174245461517,5.));
#15246=CARTESIAN_POINT('Origin',(7.50000059604643,-65.4174245461517,5.));
#15247=CARTESIAN_POINT('',(12.5000005960464,-65.4174245461517,0.));
#15248=CARTESIAN_POINT('Origin',(19.5000005960464,-65.0000002264491,0.));
#15249=CARTESIAN_POINT('',(14.5000005960464,-65.0000002264491,5.));
#15250=CARTESIAN_POINT('',(14.5000005960464,-65.0000002264491,0.));
#15251=CARTESIAN_POINT('',(19.5000006107048,-70.0000002264491,5.));
#15252=CARTESIAN_POINT('Origin',(19.5000005960464,-65.0000002264491,5.));
#15253=CARTESIAN_POINT('',(19.5000006107048,-70.0000002264491,0.));
#15254=CARTESIAN_POINT('Origin',(14.5000005960464,-70.0000002411075,0.));
#15255=CARTESIAN_POINT('',(14.5000005960464,-19.0000002235174,5.));
#15256=CARTESIAN_POINT('',(14.5000005960464,-19.0000002235174,0.));
#15257=CARTESIAN_POINT('',(14.5000005960464,-70.0000002411075,5.));
#15258=CARTESIAN_POINT('Origin',(21.5000005960464,-65.0000002205857,0.));
#15259=CARTESIAN_POINT('',(21.5000006107048,-70.0000002205857,5.));
#15260=CARTESIAN_POINT('',(21.5000006107048,-70.0000002205857,0.));
#15261=CARTESIAN_POINT('',(26.5000005960464,-65.0000002205857,5.));
#15262=CARTESIAN_POINT('Origin',(21.5000005960464,-65.0000002205857,5.));
#15263=CARTESIAN_POINT('',(26.5000005960464,-65.0000002205857,0.));
#15264=CARTESIAN_POINT('Origin',(26.5000005960464,-70.0000002059273,0.));
#15265=CARTESIAN_POINT('',(14.5000005960464,-70.0000002411075,5.));
#15266=CARTESIAN_POINT('Origin',(73.5,-14.5,0.));
#15267=CARTESIAN_POINT('',(78.5,-14.5,5.));
#15268=CARTESIAN_POINT('',(78.5,-14.5,0.));
#15269=CARTESIAN_POINT('Origin',(73.5,-14.5,5.));
#15270=CARTESIAN_POINT('Origin',(78.5,-9.5,0.));
#15271=CARTESIAN_POINT('',(78.5,-32.5,5.));
#15272=CARTESIAN_POINT('',(78.5,-32.5,0.));
#15273=CARTESIAN_POINT('',(78.5,32.5,5.));
#15274=CARTESIAN_POINT('Origin',(73.5,14.5,0.));
#15275=CARTESIAN_POINT('',(73.5,9.5,5.));
#15276=CARTESIAN_POINT('',(73.5,9.5,0.));
#15277=CARTESIAN_POINT('',(78.5,14.5,5.));
#15278=CARTESIAN_POINT('Origin',(73.5,14.5,5.));
#15279=CARTESIAN_POINT('',(78.5,14.5,0.));
#15280=CARTESIAN_POINT('Origin',(78.5,9.5,0.));
#15281=CARTESIAN_POINT('',(69.9425113949539,9.5,5.));
#15282=CARTESIAN_POINT('Origin',(64.9425113949539,1.,0.));
#15283=CARTESIAN_POINT('',(69.9425113949539,1.,5.));
#15284=CARTESIAN_POINT('',(69.9425113949539,1.,0.));
#15285=CARTESIAN_POINT('',(64.9425113949539,6.,5.));
#15286=CARTESIAN_POINT('Origin',(64.9425113949539,1.,5.));
#15287=CARTESIAN_POINT('',(64.9425113949539,6.,0.));
#15288=CARTESIAN_POINT('Origin',(69.9425113949539,6.,0.));
#15289=CARTESIAN_POINT('',(69.9425113949539,-1.,5.));
#15290=CARTESIAN_POINT('',(69.9425113949539,-1.,0.));
#15291=CARTESIAN_POINT('',(69.9425113949539,9.5,5.));
#15292=CARTESIAN_POINT('Origin',(64.9425113949539,-1.,0.));
#15293=CARTESIAN_POINT('',(64.9425113949539,-6.,5.));
#15294=CARTESIAN_POINT('',(64.9425113949539,-6.,0.));
#15295=CARTESIAN_POINT('Origin',(64.9425113949539,-1.,5.));
#15296=CARTESIAN_POINT('Origin',(69.9425113949539,-6.,0.));
#15297=CARTESIAN_POINT('',(44.0000005960464,-6.,5.));
#15298=CARTESIAN_POINT('',(44.0000005960464,-6.,0.));
#15299=CARTESIAN_POINT('',(69.9425113949539,-6.,5.));
#15300=CARTESIAN_POINT('Origin',(66.3717971806825,-13.,0.));
#15301=CARTESIAN_POINT('',(66.3717971806825,-8.,5.));
#15302=CARTESIAN_POINT('Origin',(66.3717971806825,-13.,5.));
#15303=CARTESIAN_POINT('',(66.3717971806825,-8.,0.));
#15304=CARTESIAN_POINT('Origin',(4.50000053448111,73.5,0.));
#15305=CARTESIAN_POINT('',(9.50000053448111,73.5000000879505,5.));
#15306=CARTESIAN_POINT('',(9.50000053448111,73.5000000879505,0.));
#15307=CARTESIAN_POINT('',(4.50000053448111,78.5,5.));
#15308=CARTESIAN_POINT('Origin',(4.50000053448111,73.5,5.));
#15309=CARTESIAN_POINT('',(4.50000053448111,78.5,0.));
#15310=CARTESIAN_POINT('Origin',(9.50000044653063,78.5000007387839,0.));
#15311=CARTESIAN_POINT('',(9.50000059604643,70.0000002411075,5.));
#15312=CARTESIAN_POINT('Origin',(-19.5000005960464,65.0000002264491,0.));
#15313=CARTESIAN_POINT('',(-14.5000005960464,65.0000002264491,5.));
#15314=CARTESIAN_POINT('',(-14.5000005960464,65.0000002264491,0.));
#15315=CARTESIAN_POINT('',(-19.5000006107048,70.0000002264491,5.));
#15316=CARTESIAN_POINT('Origin',(-19.5000005960464,65.0000002264491,5.));
#15317=CARTESIAN_POINT('',(-19.5000006107048,70.0000002264491,0.));
#15318=CARTESIAN_POINT('Origin',(-14.5000005960464,70.0000002411075,0.));
#15319=CARTESIAN_POINT('',(-14.5000005960464,19.0000002235174,5.));
#15320=CARTESIAN_POINT('',(-14.5000005960464,19.0000002235174,0.));
#15321=CARTESIAN_POINT('',(-14.5000005960464,70.0000002411075,5.));
#15322=CARTESIAN_POINT('Origin',(-21.5000005960464,65.0000002205857,0.));
#15323=CARTESIAN_POINT('',(-21.5000006107048,70.0000002205857,5.));
#15324=CARTESIAN_POINT('',(-21.5000006107048,70.0000002205857,0.));
#15325=CARTESIAN_POINT('',(-26.5000005960464,65.0000002205857,5.));
#15326=CARTESIAN_POINT('Origin',(-21.5000005960464,65.0000002205857,5.));
#15327=CARTESIAN_POINT('',(-26.5000005960464,65.0000002205857,0.));
#15328=CARTESIAN_POINT('Origin',(-26.5000005960464,70.0000002059273,0.));
#15329=CARTESIAN_POINT('',(-14.5000005960464,70.0000002411075,5.));
#15330=CARTESIAN_POINT('Origin',(-7.50000059604643,65.4174245461517,0.));
#15331=CARTESIAN_POINT('',(-12.5000005960464,65.4174245461517,5.));
#15332=CARTESIAN_POINT('Origin',(-7.50000059604643,65.4174245461517,5.));
#15333=CARTESIAN_POINT('',(-12.5000005960464,65.4174245461517,0.));
#15334=CARTESIAN_POINT('Origin',(-4.50000053448111,73.5,0.));
#15335=CARTESIAN_POINT('',(-4.50000053448111,78.5,5.));
#15336=CARTESIAN_POINT('',(-4.50000053448111,78.5,0.));
#15337=CARTESIAN_POINT('Origin',(-4.50000053448111,73.5,5.));
#15338=CARTESIAN_POINT('Origin',(-9.50000044653064,78.5,0.));
#15339=CARTESIAN_POINT('',(30.0000005960464,78.5,5.));
#15340=CARTESIAN_POINT('Origin',(19.5000005960464,65.0000002264491,0.));
#15341=CARTESIAN_POINT('',(19.5000006107048,70.0000002264491,5.));
#15342=CARTESIAN_POINT('',(19.5000006107048,70.0000002264491,0.));
#15343=CARTESIAN_POINT('',(14.5000005960464,65.0000002264491,5.));
#15344=CARTESIAN_POINT('Origin',(19.5000005960464,65.0000002264491,5.));
#15345=CARTESIAN_POINT('',(14.5000005960464,65.0000002264491,0.));
#15346=CARTESIAN_POINT('Origin',(14.5000005960464,70.0000002411075,0.));
#15347=CARTESIAN_POINT('',(26.5000005960464,70.0000002059273,5.));
#15348=CARTESIAN_POINT('',(26.5000005960464,70.0000002059273,0.));
#15349=CARTESIAN_POINT('',(14.5000005960464,70.0000002411075,5.));
#15350=CARTESIAN_POINT('Origin',(-8.,-15.,5.));
#15351=CARTESIAN_POINT('',(-8.,-14.0499999850354,5.));
#15352=CARTESIAN_POINT('',(-8.,-14.0499999850354,4.5));
#15353=CARTESIAN_POINT('',(-8.,-14.0499999850354,5.));
#15354=CARTESIAN_POINT('',(-8.,-15.,5.));
#15355=CARTESIAN_POINT('',(-8.,-7.5,5.));
#15356=CARTESIAN_POINT('',(-8.,-15.,2.));
#15357=CARTESIAN_POINT('',(-8.,-15.0000002235174,2.5));
#15358=CARTESIAN_POINT('',(-8.,-2.,2.));
#15359=CARTESIAN_POINT('',(-8.,-15.,2.));
#15360=CARTESIAN_POINT('',(-8.,-2.,4.));
#15361=CARTESIAN_POINT('',(-8.,-2.,5.));
#15362=CARTESIAN_POINT('',(-8.,-13.5499999850354,4.));
#15363=CARTESIAN_POINT('',(-8.,-7.5000000513597,4.));
#15364=CARTESIAN_POINT('',(-8.,-14.2874999680705,4.73749998303508));
#15365=CARTESIAN_POINT('Ctrl Pts',(-8.,-2.,4.));
#15366=CARTESIAN_POINT('Ctrl Pts',(-8.,-0.750000000000001,4.));
#15367=CARTESIAN_POINT('Ctrl Pts',(0.,-0.75,4.));
#15368=CARTESIAN_POINT('Ctrl Pts',(8.,-0.750000000000001,4.));
#15369=CARTESIAN_POINT('Ctrl Pts',(8.,-2.,4.));
#15370=CARTESIAN_POINT('Ctrl Pts',(-8.,-2.,2.));
#15371=CARTESIAN_POINT('Ctrl Pts',(-8.,-0.750000000000001,2.));
#15372=CARTESIAN_POINT('Ctrl Pts',(0.,-0.75,2.));
#15373=CARTESIAN_POINT('Ctrl Pts',(8.,-0.750000000000001,2.));
#15374=CARTESIAN_POINT('Ctrl Pts',(8.,-2.,2.));
#15375=CARTESIAN_POINT('',(8.,-2.,4.));
#15376=CARTESIAN_POINT('Origin',(0.,-2.,4.));
#15377=CARTESIAN_POINT('',(8.,-2.,2.));
#15378=CARTESIAN_POINT('Origin',(0.,-2.,2.));
#15379=CARTESIAN_POINT('',(8.,-2.,5.));
#15380=CARTESIAN_POINT('Origin',(8.,-2.,5.));
#15381=CARTESIAN_POINT('',(8.,-14.049999915835,4.5));
#15382=CARTESIAN_POINT('',(8.,-14.049999915835,5.));
#15383=CARTESIAN_POINT('',(8.,-14.049999915835,5.));
#15384=CARTESIAN_POINT('',(8.,-13.549999915835,4.));
#15385=CARTESIAN_POINT('',(8.,-11.0374999334703,1.4875000176353));
#15386=CARTESIAN_POINT('',(8.,-1.0000000513597,4.));
#15387=CARTESIAN_POINT('',(8.,-15.,2.));
#15388=CARTESIAN_POINT('',(8.,-2.,2.));
#15389=CARTESIAN_POINT('',(8.,-15.,5.));
#15390=CARTESIAN_POINT('',(8.,-15.0000002235174,2.5));
#15391=CARTESIAN_POINT('',(8.,-1.,5.));
#15392=CARTESIAN_POINT('Origin',(0.,-7.875,2.));
#15393=CARTESIAN_POINT('',(-6.25000029802321,-15.0000002235174,2.));
#15394=CARTESIAN_POINT('Origin',(8.,15.,5.));
#15395=CARTESIAN_POINT('',(8.,14.0499998323619,5.));
#15396=CARTESIAN_POINT('',(8.,14.0499998323619,4.5));
#15397=CARTESIAN_POINT('',(8.,14.0499998323619,5.));
#15398=CARTESIAN_POINT('',(8.,15.,5.));
#15399=CARTESIAN_POINT('',(8.,7.5,5.));
#15400=CARTESIAN_POINT('',(8.,15.,2.));
#15401=CARTESIAN_POINT('',(8.,15.0000002235174,2.5));
#15402=CARTESIAN_POINT('',(8.,2.,2.));
#15403=CARTESIAN_POINT('',(8.,15.,2.));
#15404=CARTESIAN_POINT('',(8.,2.,4.));
#15405=CARTESIAN_POINT('',(8.,2.,5.));
#15406=CARTESIAN_POINT('',(8.,13.5499998323619,4.));
#15407=CARTESIAN_POINT('',(8.,7.4999999486403,4.));
#15408=CARTESIAN_POINT('',(8.,14.2874998742715,4.73750004190952));
#15409=CARTESIAN_POINT('Ctrl Pts',(8.,2.,4.));
#15410=CARTESIAN_POINT('Ctrl Pts',(8.,0.75,4.));
#15411=CARTESIAN_POINT('Ctrl Pts',(0.,0.75,4.));
#15412=CARTESIAN_POINT('Ctrl Pts',(-8.,0.75,4.));
#15413=CARTESIAN_POINT('Ctrl Pts',(-8.,2.,4.));
#15414=CARTESIAN_POINT('Ctrl Pts',(8.,2.,2.));
#15415=CARTESIAN_POINT('Ctrl Pts',(8.,0.75,2.));
#15416=CARTESIAN_POINT('Ctrl Pts',(0.,0.75,2.));
#15417=CARTESIAN_POINT('Ctrl Pts',(-8.,0.75,2.));
#15418=CARTESIAN_POINT('Ctrl Pts',(-8.,2.,2.));
#15419=CARTESIAN_POINT('',(-8.,2.,4.));
#15420=CARTESIAN_POINT('Origin',(0.,2.,4.));
#15421=CARTESIAN_POINT('',(-8.,2.,2.));
#15422=CARTESIAN_POINT('Origin',(0.,2.,2.));
#15423=CARTESIAN_POINT('',(-8.,2.,5.));
#15424=CARTESIAN_POINT('Origin',(-8.,2.,5.));
#15425=CARTESIAN_POINT('',(-8.,14.0499998323619,4.5));
#15426=CARTESIAN_POINT('',(-8.,14.0499998323619,5.));
#15427=CARTESIAN_POINT('',(-8.,14.0499998323619,5.));
#15428=CARTESIAN_POINT('',(-8.,13.5499998323619,4.));
#15429=CARTESIAN_POINT('',(-8.,11.0374998742714,1.48750004190952));
#15430=CARTESIAN_POINT('',(-8.,0.9999999486403,4.));
#15431=CARTESIAN_POINT('',(-8.,15.,2.));
#15432=CARTESIAN_POINT('',(-8.,2.,2.));
#15433=CARTESIAN_POINT('',(-8.,15.,5.));
#15434=CARTESIAN_POINT('',(-8.,15.0000002235174,2.5));
#15435=CARTESIAN_POINT('',(-8.,1.,5.));
#15436=CARTESIAN_POINT('Origin',(0.,7.875,2.));
#15437=CARTESIAN_POINT('',(6.25000029802321,15.0000002235174,2.));
#15438=CARTESIAN_POINT('Origin',(27.3,-14.0499998323619,5.));
#15439=CARTESIAN_POINT('',(27.3,-14.0499998323619,5.));
#15440=CARTESIAN_POINT('',(13.6500000303833,-14.0499998913986,5.));
#15441=CARTESIAN_POINT('',(27.3,-14.0499998323619,4.5));
#15442=CARTESIAN_POINT('',(27.3,-14.0499998323619,5.));
#15443=CARTESIAN_POINT('',(11.1500000303833,-14.0499999022111,4.5));
#15444=CARTESIAN_POINT('Origin',(11.1500000293021,-13.7999999022111,4.25));
#15445=CARTESIAN_POINT('',(27.3,-13.5499998323619,4.));
#15446=CARTESIAN_POINT('',(27.3,-7.02499993364326,-2.52499989871867));
#15447=CARTESIAN_POINT('',(11.1500000282208,-13.5499999022111,4.));
#15448=CARTESIAN_POINT('Origin',(11.1500000293021,-13.7999999022111,4.25));
#15449=CARTESIAN_POINT('',(-20.19999910146,-13.5500000378007,4.));
#15450=CARTESIAN_POINT('',(11.1500000282208,-13.5499999022111,4.));
#15451=CARTESIAN_POINT('',(-20.19999910146,-14.0500000378007,4.5));
#15452=CARTESIAN_POINT('',(-20.19999910146,-14.0500000039033,4.4999999661026));
#15453=CARTESIAN_POINT('',(11.1500000303833,-14.0499999022111,4.5));
#15454=CARTESIAN_POINT('Origin',(-5.,-1.02719399652784E-7,4.));
#15455=CARTESIAN_POINT('',(33.3,-13.5499998323619,4.));
#15456=CARTESIAN_POINT('',(27.3,-13.5499998323619,4.));
#15457=CARTESIAN_POINT('',(33.3,-13.1,4.));
#15458=CARTESIAN_POINT('',(33.3,-13.1,4.));
#15459=CARTESIAN_POINT('',(33.3,5.1,4.));
#15460=CARTESIAN_POINT('',(33.3,13.1,4.));
#15461=CARTESIAN_POINT('',(39.5000005960464,5.1,4.));
#15462=CARTESIAN_POINT('',(33.3,5.1,4.));
#15463=CARTESIAN_POINT('',(39.5,13.5499998323619,4.));
#15464=CARTESIAN_POINT('',(39.5000005960464,6.55,4.));
#15465=CARTESIAN_POINT('',(-12.59999955073,13.5499998323619,4.));
#15466=CARTESIAN_POINT('',(-20.19999910146,13.5499998323619,4.));
#15467=CARTESIAN_POINT('',(-12.59999955073,13.5499998323619,4.));
#15468=CARTESIAN_POINT('',(-20.19999910146,13.0999996647239,4.));
#15469=CARTESIAN_POINT('',(-20.19999910146,14.9999996647239,4.));
#15470=CARTESIAN_POINT('',(-37.3,13.1,4.));
#15471=CARTESIAN_POINT('',(-20.19999910146,13.0999996647239,4.));
#15472=CARTESIAN_POINT('',(-37.3,-13.1,4.));
#15473=CARTESIAN_POINT('',(-37.3,-13.1,4.));
#15474=CARTESIAN_POINT('',(-20.19999910146,-13.0999996647239,4.));
#15475=CARTESIAN_POINT('',(-20.19999910146,-13.0999996647239,4.));
#15476=CARTESIAN_POINT('',(-20.19999910146,-14.9999996647239,4.));
#15477=CARTESIAN_POINT('Origin',(-20.19999910146,14.0499998323619,5.));
#15478=CARTESIAN_POINT('',(-20.19999910146,14.0499998323619,5.));
#15479=CARTESIAN_POINT('',(-10.09999955073,14.0499998323619,5.));
#15480=CARTESIAN_POINT('',(-20.19999910146,14.0499998323619,4.5));
#15481=CARTESIAN_POINT('',(-20.19999910146,14.0499998323619,5.));
#15482=CARTESIAN_POINT('',(-12.59999955073,14.0499998323619,4.5));
#15483=CARTESIAN_POINT('Origin',(-12.59999955073,13.7999998323619,4.25));
#15484=CARTESIAN_POINT('',(-20.19999910146,13.8124997904524,4.26249995809048));
#15485=CARTESIAN_POINT('Origin',(-12.59999955073,13.7999998323619,4.25));
#15486=CARTESIAN_POINT('',(39.5,14.0499998323619,4.5));
#15487=CARTESIAN_POINT('',(39.5,14.0499998323619,4.5));
#15488=CARTESIAN_POINT('',(-12.59999955073,14.0499998323619,4.5));
#15489=CARTESIAN_POINT('Origin',(27.3,-14.0499998323619,5.));
#15490=CARTESIAN_POINT('',(33.3,-14.0499998323619,5.));
#15491=CARTESIAN_POINT('',(13.65,-14.0499998323619,5.));
#15492=CARTESIAN_POINT('',(33.3,-14.0499998323619,4.5));
#15493=CARTESIAN_POINT('',(33.3,-14.0499998323619,5.));
#15494=CARTESIAN_POINT('',(27.3,-14.0499998323619,4.5));
#15495=CARTESIAN_POINT('Origin',(27.3,-14.0499998323619,4.5));
#15496=CARTESIAN_POINT('',(33.3,-7.02499993364326,-2.52499989871867));
#15497=CARTESIAN_POINT('Origin',(33.3,14.0499998323619,5.));
#15498=CARTESIAN_POINT('',(33.3,-13.1,5.));
#15499=CARTESIAN_POINT('',(33.3,7.02499991618097,5.));
#15500=CARTESIAN_POINT('',(33.3,-13.1,5.));
#15501=CARTESIAN_POINT('Origin',(37.3,-13.1,5.));
#15502=CARTESIAN_POINT('',(38.7500005960464,-13.1,5.));
#15503=CARTESIAN_POINT('',(18.65,-13.1,5.));
#15504=CARTESIAN_POINT('',(38.7500005960464,-13.1,4.));
#15505=CARTESIAN_POINT('',(38.7500005960464,-13.1,5.));
#15506=CARTESIAN_POINT('',(37.5491996369649,-13.1,4.));
#15507=CARTESIAN_POINT('',(37.7250001490116,-13.1,4.));
#15508=CARTESIAN_POINT('',(37.5491996369649,-13.1,5.));
#15509=CARTESIAN_POINT('',(33.3,-13.1,2.5));
#15510=CARTESIAN_POINT('Origin',(33.3,5.1,0.));
#15511=CARTESIAN_POINT('',(39.5000005960464,5.1,2.5));
#15512=CARTESIAN_POINT('',(33.3,5.1,0.));
#15513=CARTESIAN_POINT('Origin',(33.3,-13.1,0.));
#15514=CARTESIAN_POINT('Origin',(38.0000005960464,-13.0000002235174,0.));
#15515=CARTESIAN_POINT('',(40.0000005960464,-13.0000002235174,5.));
#15516=CARTESIAN_POINT('',(38.0000005960464,-15.0000002235174,5.));
#15517=CARTESIAN_POINT('Origin',(38.0000005960464,-13.0000002235174,5.));
#15518=CARTESIAN_POINT('',(38.0000005960464,-15.0000002235174,0.));
#15519=CARTESIAN_POINT('',(40.0000005960464,-13.0000002235174,0.));
#15520=CARTESIAN_POINT('Origin',(40.0000005960464,-15.0000002235174,0.));
#15521=CARTESIAN_POINT('',(40.0000005960464,-12.,5.));
#15522=CARTESIAN_POINT('',(40.0000005960464,-12.,0.));
#15523=CARTESIAN_POINT('',(40.0000005960464,15.0000002235174,5.));
#15524=CARTESIAN_POINT('Origin',(38.0000005960464,13.0000002235174,0.));
#15525=CARTESIAN_POINT('',(38.0000005960464,15.0000002235174,5.));
#15526=CARTESIAN_POINT('',(40.0000005960464,13.0000002235174,5.));
#15527=CARTESIAN_POINT('Origin',(38.0000005960464,13.0000002235174,5.));
#15528=CARTESIAN_POINT('',(40.0000005960464,13.0000002235174,0.));
#15529=CARTESIAN_POINT('',(38.0000005960464,15.0000002235174,0.));
#15530=CARTESIAN_POINT('Origin',(40.0000005960464,15.0000002235174,0.));
#15531=CARTESIAN_POINT('',(32.5000005960464,15.0000002235174,5.));
#15532=CARTESIAN_POINT('',(32.5000005960464,15.0000002235174,0.));
#15533=CARTESIAN_POINT('',(-40.0000005960464,15.0000002235174,5.));
#15534=CARTESIAN_POINT('Origin',(-38.0000005960464,13.0000002235174,0.));
#15535=CARTESIAN_POINT('',(-40.0000005960464,13.0000002235174,5.));
#15536=CARTESIAN_POINT('',(-38.0000005960464,15.0000002235174,5.));
#15537=CARTESIAN_POINT('Origin',(-38.0000005960464,13.0000002235174,5.));
#15538=CARTESIAN_POINT('',(-38.0000005960464,15.0000002235174,0.));
#15539=CARTESIAN_POINT('',(-40.0000005960464,13.0000002235174,0.));
#15540=CARTESIAN_POINT('Origin',(-40.0000005960464,15.0000002235174,0.));
#15541=CARTESIAN_POINT('',(-40.0000005960464,12.,5.));
#15542=CARTESIAN_POINT('',(-40.0000005960464,12.,0.));
#15543=CARTESIAN_POINT('',(-40.0000005960464,-15.0000002235174,5.));
#15544=CARTESIAN_POINT('Origin',(-38.0000005960464,-13.0000002235174,0.));
#15545=CARTESIAN_POINT('',(-38.0000005960464,-15.0000002235174,5.));
#15546=CARTESIAN_POINT('',(-40.0000005960464,-13.0000002235174,5.));
#15547=CARTESIAN_POINT('Origin',(-38.0000005960464,-13.0000002235174,5.));
#15548=CARTESIAN_POINT('',(-40.0000005960464,-13.0000002235174,0.));
#15549=CARTESIAN_POINT('',(-38.0000005960464,-15.0000002235174,0.));
#15550=CARTESIAN_POINT('Origin',(-40.0000005960464,-8.,0.));
#15551=CARTESIAN_POINT('',(-40.0000005960464,-12.,5.));
#15552=CARTESIAN_POINT('',(-40.0000005960464,-15.0000002235174,5.));
#15553=CARTESIAN_POINT('',(-40.0000005960464,-12.,0.));
#15554=CARTESIAN_POINT('Origin',(32.5000005960464,19.0000002235174,0.));
#15555=CARTESIAN_POINT('',(28.5000005960464,19.0000002235174,5.));
#15556=CARTESIAN_POINT('',(28.5000005960464,19.0000002235174,0.));
#15557=CARTESIAN_POINT('Origin',(32.5000005960464,19.0000002235174,5.));
#15558=CARTESIAN_POINT('Origin',(28.5000005960464,15.0000002235174,0.));
#15559=CARTESIAN_POINT('',(28.5000005960464,70.0000002235174,5.));
#15560=CARTESIAN_POINT('Origin',(22.5000005960464,19.0000002235174,0.));
#15561=CARTESIAN_POINT('',(22.5000005960464,15.0000002235174,5.));
#15562=CARTESIAN_POINT('',(22.5000005960464,15.0000002235174,0.));
#15563=CARTESIAN_POINT('',(26.5000005960464,19.0000002235174,5.));
#15564=CARTESIAN_POINT('Origin',(22.5000005960464,19.0000002235174,5.));
#15565=CARTESIAN_POINT('',(26.5000005960464,19.0000002235174,0.));
#15566=CARTESIAN_POINT('Origin',(26.5000005960464,15.0000002235174,0.));
#15567=CARTESIAN_POINT('',(18.5000005960464,15.0000002235174,5.));
#15568=CARTESIAN_POINT('',(18.5000005960464,15.0000002235174,0.));
#15569=CARTESIAN_POINT('',(-40.0000005960464,15.0000002235174,5.));
#15570=CARTESIAN_POINT('Origin',(8.50000059604643,19.0000002235174,0.));
#15571=CARTESIAN_POINT('',(8.50000059604643,15.0000002235174,5.));
#15572=CARTESIAN_POINT('',(8.50000059604643,15.0000002235174,0.));
#15573=CARTESIAN_POINT('',(12.5000005960464,19.0000002235174,5.));
#15574=CARTESIAN_POINT('Origin',(8.50000059604643,19.0000002235174,5.));
#15575=CARTESIAN_POINT('',(12.5000005960464,19.0000002235174,0.));
#15576=CARTESIAN_POINT('Origin',(12.5000005960464,15.0000002235174,0.));
#15577=CARTESIAN_POINT('',(-40.0000005960464,15.0000002235174,5.));
#15578=CARTESIAN_POINT('',(-8.50000059604643,15.0000002235174,5.));
#15579=CARTESIAN_POINT('',(-8.50000059604643,15.0000002235174,0.));
#15580=CARTESIAN_POINT('',(-40.0000005960464,15.0000002235174,5.));
#15581=CARTESIAN_POINT('Origin',(18.5000005960464,19.0000002235174,0.));
#15582=CARTESIAN_POINT('',(14.5000005960464,19.0000002235174,5.));
#15583=CARTESIAN_POINT('',(14.5000005960464,19.0000002235174,0.));
#15584=CARTESIAN_POINT('Origin',(18.5000005960464,19.0000002235174,5.));
#15585=CARTESIAN_POINT('Origin',(14.5000005960464,15.0000002235174,0.));
#15586=CARTESIAN_POINT('',(14.5000005960464,70.0000002411075,5.));
#15587=CARTESIAN_POINT('Origin',(-8.50000059604643,19.0000002235174,0.));
#15588=CARTESIAN_POINT('',(-12.5000005960464,19.0000002235174,5.));
#15589=CARTESIAN_POINT('',(-12.5000005960464,19.0000002235174,0.));
#15590=CARTESIAN_POINT('Origin',(-8.50000059604643,19.0000002235174,5.));
#15591=CARTESIAN_POINT('Origin',(-12.5000005960464,15.0000002235174,0.));
#15592=CARTESIAN_POINT('',(-12.5000005960464,70.0000002235174,5.));
#15593=CARTESIAN_POINT('Origin',(-18.5000005960464,19.0000002235174,0.));
#15594=CARTESIAN_POINT('',(-18.5000005960464,15.0000002235174,5.));
#15595=CARTESIAN_POINT('',(-18.5000005960464,15.0000002235174,0.));
#15596=CARTESIAN_POINT('Origin',(-18.5000005960464,19.0000002235174,5.));
#15597=CARTESIAN_POINT('Origin',(-14.5000005960464,15.0000002235174,0.));
#15598=CARTESIAN_POINT('',(-22.5000005960464,15.0000002235174,5.));
#15599=CARTESIAN_POINT('',(-22.5000005960464,15.0000002235174,0.));
#15600=CARTESIAN_POINT('',(-40.0000005960464,15.0000002235174,5.));
#15601=CARTESIAN_POINT('Origin',(-22.5000005960464,19.0000002235174,0.));
#15602=CARTESIAN_POINT('',(-26.5000005960464,19.0000002235174,5.));
#15603=CARTESIAN_POINT('',(-26.5000005960464,19.0000002235174,0.));
#15604=CARTESIAN_POINT('Origin',(-22.5000005960464,19.0000002235174,5.));
#15605=CARTESIAN_POINT('Origin',(-26.5000005960464,15.0000002235174,0.));
#15606=CARTESIAN_POINT('',(-26.5000005960464,70.0000002059273,5.));
#15607=CARTESIAN_POINT('Origin',(-32.5000005960464,19.0000002235174,0.));
#15608=CARTESIAN_POINT('',(-32.5000005960464,15.0000002235174,5.));
#15609=CARTESIAN_POINT('',(-32.5000005960464,15.0000002235174,0.));
#15610=CARTESIAN_POINT('',(-28.5000005960464,19.0000002235174,5.));
#15611=CARTESIAN_POINT('Origin',(-32.5000005960464,19.0000002235174,5.));
#15612=CARTESIAN_POINT('',(-28.5000005960464,19.0000002235174,0.));
#15613=CARTESIAN_POINT('Origin',(-28.5000005960464,15.0000002235174,0.));
#15614=CARTESIAN_POINT('',(-40.0000005960464,15.0000002235174,5.));
#15615=CARTESIAN_POINT('Origin',(-44.0000005960464,2.,0.));
#15616=CARTESIAN_POINT('',(-40.0000005960464,2.,5.));
#15617=CARTESIAN_POINT('',(-40.0000005960464,2.,0.));
#15618=CARTESIAN_POINT('Origin',(-44.0000005960464,2.,5.));
#15619=CARTESIAN_POINT('Origin',(-40.0000005960464,6.,0.));
#15620=CARTESIAN_POINT('',(-40.0000005960464,-2.,5.));
#15621=CARTESIAN_POINT('',(-40.0000005960464,-2.,0.));
#15622=CARTESIAN_POINT('',(-40.0000005960464,-15.0000002235174,5.));
#15623=CARTESIAN_POINT('Origin',(-44.0000005960464,12.,0.));
#15624=CARTESIAN_POINT('',(-44.0000005960464,8.,5.));
#15625=CARTESIAN_POINT('',(-44.0000005960464,8.,0.));
#15626=CARTESIAN_POINT('Origin',(-44.0000005960464,12.,5.));
#15627=CARTESIAN_POINT('Origin',(-40.0000005960464,8.,0.));
#15628=CARTESIAN_POINT('',(-69.9425113949539,8.,5.));
#15629=CARTESIAN_POINT('Origin',(-44.0000005960464,-2.,0.));
#15630=CARTESIAN_POINT('',(-44.0000005960464,-6.,5.));
#15631=CARTESIAN_POINT('',(-44.0000005960464,-6.,0.));
#15632=CARTESIAN_POINT('Origin',(-44.0000005960464,-2.,5.));
#15633=CARTESIAN_POINT('Origin',(-40.0000005960464,-6.,0.));
#15634=CARTESIAN_POINT('',(-69.9425113949539,-6.,5.));
#15635=CARTESIAN_POINT('Origin',(-44.0000005960464,-12.,0.));
#15636=CARTESIAN_POINT('',(-44.0000005960464,-8.,5.));
#15637=CARTESIAN_POINT('Origin',(-44.0000005960464,-12.,5.));
#15638=CARTESIAN_POINT('',(-44.0000005960464,-8.,0.));
#15639=CARTESIAN_POINT('Origin',(-32.5000005960464,-19.0000002235174,0.));
#15640=CARTESIAN_POINT('',(-28.5000005960464,-19.0000002235174,5.));
#15641=CARTESIAN_POINT('',(-28.5000005960464,-19.0000002235174,0.));
#15642=CARTESIAN_POINT('',(-32.5000005960464,-15.0000002235174,5.));
#15643=CARTESIAN_POINT('Origin',(-32.5000005960464,-19.0000002235174,5.));
#15644=CARTESIAN_POINT('',(-32.5000005960464,-15.0000002235174,0.));
#15645=CARTESIAN_POINT('Origin',(-28.5000005960464,-15.0000002235174,0.));
#15646=CARTESIAN_POINT('',(-28.5000005960464,-70.0000002235174,5.));
#15647=CARTESIAN_POINT('Origin',(-22.5000005960464,-19.0000002235174,0.));
#15648=CARTESIAN_POINT('',(-22.5000005960464,-15.0000002235174,5.));
#15649=CARTESIAN_POINT('',(-22.5000005960464,-15.0000002235174,0.));
#15650=CARTESIAN_POINT('Origin',(-22.5000005960464,-19.0000002235174,5.));
#15651=CARTESIAN_POINT('Origin',(-26.5000005960464,-15.0000002235174,0.));
#15652=CARTESIAN_POINT('',(-18.5000005960464,-15.0000002235174,5.));
#15653=CARTESIAN_POINT('',(-18.5000005960464,-15.0000002235174,0.));
#15654=CARTESIAN_POINT('',(40.0000005960464,-15.0000002235174,5.));
#15655=CARTESIAN_POINT('Origin',(-18.5000005960464,-19.0000002235174,0.));
#15656=CARTESIAN_POINT('',(-14.5000005960464,-19.0000002235174,5.));
#15657=CARTESIAN_POINT('',(-14.5000005960464,-19.0000002235174,0.));
#15658=CARTESIAN_POINT('Origin',(-18.5000005960464,-19.0000002235174,5.));
#15659=CARTESIAN_POINT('Origin',(-14.5000005960464,-15.0000002235174,0.));
#15660=CARTESIAN_POINT('',(-14.5000005960464,-70.0000002411075,5.));
#15661=CARTESIAN_POINT('Origin',(-8.50000059604643,-19.0000002235174,0.));
#15662=CARTESIAN_POINT('',(-8.50000059604643,-15.0000002235174,5.));
#15663=CARTESIAN_POINT('',(-8.50000059604643,-15.0000002235174,0.));
#15664=CARTESIAN_POINT('',(-12.5000005960464,-19.0000002235174,5.));
#15665=CARTESIAN_POINT('Origin',(-8.50000059604643,-19.0000002235174,5.));
#15666=CARTESIAN_POINT('',(-12.5000005960464,-19.0000002235174,0.));
#15667=CARTESIAN_POINT('Origin',(-12.5000005960464,-15.0000002235174,0.));
#15668=CARTESIAN_POINT('',(40.0000005960464,-15.0000002235174,5.));
#15669=CARTESIAN_POINT('',(8.50000059604643,-15.0000002235174,5.));
#15670=CARTESIAN_POINT('',(8.50000059604643,-15.0000002235174,0.));
#15671=CARTESIAN_POINT('',(40.0000005960464,-15.0000002235174,5.));
#15672=CARTESIAN_POINT('Origin',(18.5000005960464,-19.0000002235174,0.));
#15673=CARTESIAN_POINT('',(18.5000005960464,-15.0000002235174,5.));
#15674=CARTESIAN_POINT('',(18.5000005960464,-15.0000002235174,0.));
#15675=CARTESIAN_POINT('Origin',(18.5000005960464,-19.0000002235174,5.));
#15676=CARTESIAN_POINT('Origin',(14.5000005960464,-15.0000002235174,0.));
#15677=CARTESIAN_POINT('',(22.5000005960464,-15.0000002235174,5.));
#15678=CARTESIAN_POINT('',(22.5000005960464,-15.0000002235174,0.));
#15679=CARTESIAN_POINT('',(40.0000005960464,-15.0000002235174,5.));
#15680=CARTESIAN_POINT('Origin',(8.50000059604643,-19.0000002235174,0.));
#15681=CARTESIAN_POINT('',(12.5000005960464,-19.0000002235174,5.));
#15682=CARTESIAN_POINT('',(12.5000005960464,-19.0000002235174,0.));
#15683=CARTESIAN_POINT('Origin',(8.50000059604643,-19.0000002235174,5.));
#15684=CARTESIAN_POINT('Origin',(12.5000005960464,-15.0000002235174,0.));
#15685=CARTESIAN_POINT('',(12.5000005960464,-70.0000002235174,5.));
#15686=CARTESIAN_POINT('Origin',(22.5000005960464,-19.0000002235174,0.));
#15687=CARTESIAN_POINT('',(26.5000005960464,-19.0000002235174,5.));
#15688=CARTESIAN_POINT('',(26.5000005960464,-19.0000002235174,0.));
#15689=CARTESIAN_POINT('Origin',(22.5000005960464,-19.0000002235174,5.));
#15690=CARTESIAN_POINT('Origin',(26.5000005960464,-15.0000002235174,0.));
#15691=CARTESIAN_POINT('',(26.5000005960464,-70.0000002059273,5.));
#15692=CARTESIAN_POINT('Origin',(32.5000005960464,-19.0000002235174,0.));
#15693=CARTESIAN_POINT('',(32.5000005960464,-15.0000002235174,5.));
#15694=CARTESIAN_POINT('',(32.5000005960464,-15.0000002235174,0.));
#15695=CARTESIAN_POINT('',(28.5000005960464,-19.0000002235174,5.));
#15696=CARTESIAN_POINT('Origin',(32.5000005960464,-19.0000002235174,5.));
#15697=CARTESIAN_POINT('',(28.5000005960464,-19.0000002235174,0.));
#15698=CARTESIAN_POINT('Origin',(28.5000005960464,-15.0000002235174,0.));
#15699=CARTESIAN_POINT('',(40.0000005960464,-15.0000002235174,5.));
#15700=CARTESIAN_POINT('Origin',(39.2022013649403,-9.32649448040837,5.));
#15701=CARTESIAN_POINT('',(38.9576108779902,-9.37821965506751,5.));
#15702=CARTESIAN_POINT('',(39.2022013649403,-9.57649448040837,5.));
#15703=CARTESIAN_POINT('Origin',(39.2022013649403,-9.32649448040837,5.));
#15704=CARTESIAN_POINT('',(39.2022013649403,-9.57649448040837,5.));
#15705=CARTESIAN_POINT('',(38.9576108779902,-9.37821965506751,5.));
#15706=CARTESIAN_POINT('Origin',(39.0000005960464,-9.57649448040837,5.));
#15707=CARTESIAN_POINT('',(39.2500005960464,-9.57649448040837,5.));
#15708=CARTESIAN_POINT('',(19.5000002980232,-9.57649448040837,5.));
#15709=CARTESIAN_POINT('',(39.2500005960464,-9.57649448040837,5.));
#15710=CARTESIAN_POINT('Origin',(39.2500005960464,-9.32649448040837,5.));
#15711=CARTESIAN_POINT('',(39.5000005960464,-9.32649448040837,5.));
#15712=CARTESIAN_POINT('Origin',(39.2500005960464,-9.32649448040837,5.));
#15713=CARTESIAN_POINT('',(39.5000005960464,-9.32649448040837,5.));
#15714=CARTESIAN_POINT('Origin',(39.5000005960464,13.1,5.));
#15715=CARTESIAN_POINT('',(39.5,14.0499998323619,5.));
#15716=CARTESIAN_POINT('',(39.5,7.02499991618097,5.));
#15717=CARTESIAN_POINT('',(39.5,14.0499998323619,5.));
#15718=CARTESIAN_POINT('Origin',(37.5491996369649,-12.1,5.));
#15719=CARTESIAN_POINT('',(38.516078600495,-11.8447646774385,4.));
#15720=CARTESIAN_POINT('Origin',(37.5491996369649,-12.1,4.));
#15721=CARTESIAN_POINT('',(38.516078600495,-11.8447646774385,5.));
#15722=CARTESIAN_POINT('Origin',(44.0000005960464,12.,0.));
#15723=CARTESIAN_POINT('',(40.0000005960464,12.,5.));
#15724=CARTESIAN_POINT('',(40.0000005960464,12.,0.));
#15725=CARTESIAN_POINT('',(44.0000005960464,8.,5.));
#15726=CARTESIAN_POINT('Origin',(44.0000005960464,12.,5.));
#15727=CARTESIAN_POINT('',(44.0000005960464,8.,0.));
#15728=CARTESIAN_POINT('Origin',(40.0000005960464,8.,0.));
#15729=CARTESIAN_POINT('',(40.0000005960464,15.0000002235174,5.));
#15730=CARTESIAN_POINT('Origin',(44.0000005960464,-12.,0.));
#15731=CARTESIAN_POINT('',(44.0000005960464,-8.,5.));
#15732=CARTESIAN_POINT('',(44.0000005960464,-8.,0.));
#15733=CARTESIAN_POINT('Origin',(44.0000005960464,-12.,5.));
#15734=CARTESIAN_POINT('Origin',(40.0000005960464,-8.,0.));
#15735=CARTESIAN_POINT('',(69.9425113949539,-8.,5.));
#15736=CARTESIAN_POINT('Origin',(44.0000005960464,2.,0.));
#15737=CARTESIAN_POINT('',(44.0000005960464,6.,5.));
#15738=CARTESIAN_POINT('',(44.0000005960464,6.,0.));
#15739=CARTESIAN_POINT('',(40.0000005960464,2.,5.));
#15740=CARTESIAN_POINT('Origin',(44.0000005960464,2.,5.));
#15741=CARTESIAN_POINT('',(40.0000005960464,2.,0.));
#15742=CARTESIAN_POINT('Origin',(40.0000005960464,6.,0.));
#15743=CARTESIAN_POINT('',(69.9425113949539,6.,5.));
#15744=CARTESIAN_POINT('Origin',(44.0000005960464,-2.,0.));
#15745=CARTESIAN_POINT('',(40.0000005960464,-2.,5.));
#15746=CARTESIAN_POINT('',(40.0000005960464,-2.,0.));
#15747=CARTESIAN_POINT('Origin',(44.0000005960464,-2.,5.));
#15748=CARTESIAN_POINT('Origin',(40.0000005960464,-6.,0.));
#15749=CARTESIAN_POINT('',(40.0000005960464,15.0000002235174,5.));
#15750=CARTESIAN_POINT('Origin',(-20.19999910146,13.0999996647239,5.));
#15751=CARTESIAN_POINT('',(-20.19999910146,13.0999996647239,5.));
#15752=CARTESIAN_POINT('',(-20.19999910146,6.54999983236194,5.));
#15753=CARTESIAN_POINT('',(-20.19999910146,13.0999996647239,5.));
#15754=CARTESIAN_POINT('Origin',(-20.19999910146,14.0499998323619,5.));
#15755=CARTESIAN_POINT('',(-10.09999955073,14.0499998323619,5.));
#15756=CARTESIAN_POINT('Origin',(27.3,-14.0499998323619,5.));
#15757=CARTESIAN_POINT('',(-20.19999910146,-14.0500000378007,5.));
#15758=CARTESIAN_POINT('',(-20.19999910146,-14.0500000378007,5.));
#15759=CARTESIAN_POINT('',(13.6500000303833,-14.0499998913986,5.));
#15760=CARTESIAN_POINT('Origin',(37.6522972885893,2.88104827585577,5.));
#15761=CARTESIAN_POINT('',(37.5524806635995,2.88710148786637,5.));
#15762=CARTESIAN_POINT('',(37.682713198412,2.97631040069907,5.));
#15763=CARTESIAN_POINT('Origin',(37.6522972885893,2.88104827585577,5.));
#15764=CARTESIAN_POINT('',(37.682713198412,2.97631040069907,4.));
#15765=CARTESIAN_POINT('',(37.682713198412,2.97631040069907,5.));
#15766=CARTESIAN_POINT('',(37.5524806635995,2.88710148786637,4.));
#15767=CARTESIAN_POINT('Origin',(37.6522972885893,2.88104827585577,4.));
#15768=CARTESIAN_POINT('',(37.5524806635995,2.88710148786637,5.));
#15769=CARTESIAN_POINT('Origin',(83.7176832528598,0.0874901123696546,5.));
#15770=CARTESIAN_POINT('',(39.0000005960464,-11.7189747169426,4.));
#15771=CARTESIAN_POINT('Origin',(83.7176832528598,0.0874901123696546,4.));
#15772=CARTESIAN_POINT('',(39.0000005960464,-11.7189747169426,5.));
#15773=CARTESIAN_POINT('',(39.0000005960464,-11.7189747169426,5.));
#15774=CARTESIAN_POINT('Origin',(83.7176832528598,0.0874901123696546,5.));
#15775=CARTESIAN_POINT('Origin',(38.7500005960464,-12.85,5.));
#15776=CARTESIAN_POINT('',(39.0000005960464,-12.85,4.));
#15777=CARTESIAN_POINT('Origin',(38.7500005960464,-12.85,4.));
#15778=CARTESIAN_POINT('',(39.0000005960464,-12.85,5.));
#15779=CARTESIAN_POINT('Origin',(38.7500005960464,-12.85,5.));
#15780=CARTESIAN_POINT('',(39.0000005960464,-12.85,5.));
#15781=CARTESIAN_POINT('Origin',(83.7176832528598,0.0874901123696546,5.));
#15782=CARTESIAN_POINT('',(37.0313143404805,2.52608095439591,4.));
#15783=CARTESIAN_POINT('Origin',(83.7176832528598,0.0874901123696546,4.));
#15784=CARTESIAN_POINT('',(37.0313143404805,2.52608095439591,5.));
#15785=CARTESIAN_POINT('Origin',(37.5306336492987,2.49999977648258,5.));
#15786=CARTESIAN_POINT('',(38.0299529581169,2.47391859856926,5.));
#15787=CARTESIAN_POINT('Origin',(37.5306336492987,2.49999977648258,5.));
#15788=CARTESIAN_POINT('',(38.0299529581169,2.47391859856926,5.));
#15789=CARTESIAN_POINT('Origin',(37.5306336492987,2.49999977648258,4.));
#15790=CARTESIAN_POINT('Origin',(83.7176832528598,0.0874901123696546,5.));
#15791=CARTESIAN_POINT('Origin',(83.7176832528598,0.0874901123696546,5.));
#15792=CARTESIAN_POINT('Origin',(38.1500002980232,-5.05000011175871,4.));
#15793=CARTESIAN_POINT('',(39.0000005960464,15.0000002235174,4.));
#15794=CARTESIAN_POINT('Origin',(39.0000005960464,-11.7189747169426,5.));
#15795=CARTESIAN_POINT('',(39.0000005960464,-5.8594873584713,5.));
#15796=CARTESIAN_POINT('Origin',(-37.3,13.0999996647239,5.));
#15797=CARTESIAN_POINT('',(-37.3,13.1,5.));
#15798=CARTESIAN_POINT('',(-18.65,13.0999996647239,5.));
#15799=CARTESIAN_POINT('',(-37.3,13.1,5.));
#15800=CARTESIAN_POINT('Origin',(-37.3,-13.1,5.));
#15801=CARTESIAN_POINT('',(-37.3,-13.1,5.));
#15802=CARTESIAN_POINT('',(-37.3,-6.55,5.));
#15803=CARTESIAN_POINT('',(-37.3,-13.1,5.));
#15804=CARTESIAN_POINT('Origin',(-20.19999910146,-13.0999996647239,5.));
#15805=CARTESIAN_POINT('',(-20.19999910146,-13.0999996647239,5.));
#15806=CARTESIAN_POINT('',(-10.09999955073,-13.0999996647239,5.));
#15807=CARTESIAN_POINT('',(-20.19999910146,-13.0999996647239,5.));
#15808=CARTESIAN_POINT('Origin',(-20.19999910146,-14.0500000378007,5.));
#15809=CARTESIAN_POINT('',(-20.19999910146,-7.02500001890037,5.));
#15810=CARTESIAN_POINT('Origin',(80.,-80.,0.));
#15811=CARTESIAN_POINT('',(77.8,-80.,2.));
#15812=CARTESIAN_POINT('Origin',(80.,-80.,2.));
#15813=CARTESIAN_POINT('',(77.8,-80.,0.));
#15814=CARTESIAN_POINT('Origin',(80.,-80.,2.));
#15815=CARTESIAN_POINT('',(79.993258348836,-83.9999943187634,2.));
#15816=CARTESIAN_POINT('',(76.5325324793755,-81.9941587182102,2.));
#15817=CARTESIAN_POINT('',(79.1280768814709,-83.4985354186251,2.));
#15818=CARTESIAN_POINT('',(83.4607258694606,-82.0058356005532,2.));
#15819=CARTESIAN_POINT('',(82.5938589893044,-82.5043752801057,2.));
#15820=CARTESIAN_POINT('',(83.4674675206246,-78.0058412817897,2.));
#15821=CARTESIAN_POINT('',(83.4657821078335,-79.0058398614806,2.));
#15822=CARTESIAN_POINT('',(80.006741651164,-76.0000056812366,2.));
#15823=CARTESIAN_POINT('',(80.8719231185291,-76.5014645813749,2.));
#15824=CARTESIAN_POINT('',(76.5392741305394,-77.9941643994468,2.));
#15825=CARTESIAN_POINT('',(77.4061410106956,-77.4956247198943,2.));
#15826=CARTESIAN_POINT('',(76.5342178921665,-80.9941601385194,2.));
#15827=CARTESIAN_POINT('Origin',(80.006741651164,-76.0000056812366,0.));
#15828=CARTESIAN_POINT('',(83.4674675206246,-78.0058412817897,5.));
#15829=CARTESIAN_POINT('',(83.4674675206246,-78.0058412817897,0.));
#15830=CARTESIAN_POINT('',(80.006741651164,-76.0000056812366,5.));
#15831=CARTESIAN_POINT('',(83.4674675206246,-78.0058412817897,5.));
#15832=CARTESIAN_POINT('',(80.006741651164,-76.0000056812366,0.));
#15833=CARTESIAN_POINT('Origin',(83.4674675206246,-78.0058412817897,0.));
#15834=CARTESIAN_POINT('',(83.4607258694606,-82.0058356005532,5.));
#15835=CARTESIAN_POINT('',(83.4607258694606,-82.0058356005532,0.));
#15836=CARTESIAN_POINT('',(83.4607258694606,-82.0058356005532,5.));
#15837=CARTESIAN_POINT('Origin',(83.4607258694606,-82.0058356005532,0.));
#15838=CARTESIAN_POINT('',(79.993258348836,-83.9999943187634,5.));
#15839=CARTESIAN_POINT('',(79.993258348836,-83.9999943187634,0.));
#15840=CARTESIAN_POINT('',(79.993258348836,-83.9999943187634,5.));
#15841=CARTESIAN_POINT('Origin',(-80.,-80.,0.));
#15842=CARTESIAN_POINT('',(-82.2,-80.,2.));
#15843=CARTESIAN_POINT('Origin',(-80.,-80.,2.));
#15844=CARTESIAN_POINT('',(-82.2,-80.,0.));
#15845=CARTESIAN_POINT('Origin',(-80.,-80.,2.));
#15846=CARTESIAN_POINT('',(-83.4262129860494,-77.9357653781058,2.));
#15847=CARTESIAN_POINT('',(-79.925426871093,-76.000695204358,2.));
#15848=CARTESIAN_POINT('',(-82.5510164573103,-77.4519978346689,2.));
#15849=CARTESIAN_POINT('',(-83.5007861149564,-81.9350701737478,2.));
#15850=CARTESIAN_POINT('',(-83.4821428327297,-80.9352439748373,2.));
#15851=CARTESIAN_POINT('',(-80.074573128907,-83.999304795642,2.));
#15852=CARTESIAN_POINT('',(-80.9311263754194,-83.4832461401685,2.));
#15853=CARTESIAN_POINT('',(-76.5737870139506,-82.0642346218942,2.));
#15854=CARTESIAN_POINT('',(-77.4489835426897,-82.5480021653311,2.));
#15855=CARTESIAN_POINT('',(-76.4992138850436,-78.0649298262522,2.));
#15856=CARTESIAN_POINT('',(-76.5178571672703,-79.0647560251627,2.));
#15857=CARTESIAN_POINT('',(-79.0688736245806,-76.5167538598315,2.));
#15858=CARTESIAN_POINT('Origin',(-76.5737870139506,-82.0642346218942,0.));
#15859=CARTESIAN_POINT('',(-80.074573128907,-83.999304795642,5.));
#15860=CARTESIAN_POINT('',(-80.074573128907,-83.999304795642,0.));
#15861=CARTESIAN_POINT('',(-76.5737870139506,-82.0642346218942,5.));
#15862=CARTESIAN_POINT('',(-80.074573128907,-83.999304795642,5.));
#15863=CARTESIAN_POINT('',(-76.5737870139506,-82.0642346218942,0.));
#15864=CARTESIAN_POINT('Origin',(-80.074573128907,-83.999304795642,0.));
#15865=CARTESIAN_POINT('',(-83.5007861149564,-81.9350701737478,5.));
#15866=CARTESIAN_POINT('',(-83.5007861149564,-81.9350701737478,0.));
#15867=CARTESIAN_POINT('',(-83.5007861149564,-81.9350701737478,5.));
#15868=CARTESIAN_POINT('Origin',(-83.5007861149564,-81.9350701737478,0.));
#15869=CARTESIAN_POINT('',(-83.4262129860494,-77.9357653781058,5.));
#15870=CARTESIAN_POINT('',(-83.4262129860494,-77.9357653781058,0.));
#15871=CARTESIAN_POINT('',(-83.4262129860494,-77.9357653781058,5.));
#15872=CARTESIAN_POINT('Origin',(80.,80.,0.));
#15873=CARTESIAN_POINT('',(77.8,80.,2.));
#15874=CARTESIAN_POINT('Origin',(80.,80.,2.));
#15875=CARTESIAN_POINT('',(77.8,80.,0.));
#15876=CARTESIAN_POINT('Origin',(80.,80.,2.));
#15877=CARTESIAN_POINT('',(80.,84.,2.));
#15878=CARTESIAN_POINT('',(83.4641016151377,82.,2.));
#15879=CARTESIAN_POINT('',(80.8660254037844,83.5,2.));
#15880=CARTESIAN_POINT('',(76.5358983848622,82.,2.));
#15881=CARTESIAN_POINT('',(77.4019237886467,82.5,2.));
#15882=CARTESIAN_POINT('',(76.5358983848622,78.,2.));
#15883=CARTESIAN_POINT('',(76.5358983848622,79.,2.));
#15884=CARTESIAN_POINT('',(80.,76.,2.));
#15885=CARTESIAN_POINT('',(79.1339745962156,76.5,2.));
#15886=CARTESIAN_POINT('',(83.4641016151377,78.,2.));
#15887=CARTESIAN_POINT('',(82.5980762113533,77.5,2.));
#15888=CARTESIAN_POINT('',(83.4641016151377,81.,2.));
#15889=CARTESIAN_POINT('Origin',(80.,76.,0.));
#15890=CARTESIAN_POINT('',(76.5358983848622,78.,5.));
#15891=CARTESIAN_POINT('',(76.5358983848622,78.,0.));
#15892=CARTESIAN_POINT('',(80.,76.,5.));
#15893=CARTESIAN_POINT('',(76.5358983848622,78.,5.));
#15894=CARTESIAN_POINT('',(80.,76.,0.));
#15895=CARTESIAN_POINT('Origin',(76.5358983848622,78.,0.));
#15896=CARTESIAN_POINT('',(76.5358983848622,82.,5.));
#15897=CARTESIAN_POINT('',(76.5358983848622,82.,0.));
#15898=CARTESIAN_POINT('',(76.5358983848622,82.,5.));
#15899=CARTESIAN_POINT('Origin',(76.5358983848622,82.,0.));
#15900=CARTESIAN_POINT('',(80.,84.,5.));
#15901=CARTESIAN_POINT('',(80.,84.,0.));
#15902=CARTESIAN_POINT('',(80.,84.,5.));
#15903=CARTESIAN_POINT('Origin',(-80.,80.,0.));
#15904=CARTESIAN_POINT('',(-82.2,80.,2.));
#15905=CARTESIAN_POINT('Origin',(-80.,80.,2.));
#15906=CARTESIAN_POINT('',(-82.2,80.,0.));
#15907=CARTESIAN_POINT('Origin',(-80.,80.,2.));
#15908=CARTESIAN_POINT('',(-76.5358983848622,82.,2.));
#15909=CARTESIAN_POINT('',(-76.5358983848622,78.,2.));
#15910=CARTESIAN_POINT('',(-76.5358983848622,81.,2.));
#15911=CARTESIAN_POINT('',(-80.,84.,2.));
#15912=CARTESIAN_POINT('',(-79.1339745962156,83.5,2.));
#15913=CARTESIAN_POINT('',(-83.4641016151377,82.,2.));
#15914=CARTESIAN_POINT('',(-82.5980762113533,82.5,2.));
#15915=CARTESIAN_POINT('',(-83.4641016151377,78.,2.));
#15916=CARTESIAN_POINT('',(-83.4641016151377,79.,2.));
#15917=CARTESIAN_POINT('',(-80.,76.,2.));
#15918=CARTESIAN_POINT('',(-80.8660254037844,76.5,2.));
#15919=CARTESIAN_POINT('',(-77.4019237886467,77.5,2.));
#15920=CARTESIAN_POINT('Origin',(-83.4641016151377,78.,0.));
#15921=CARTESIAN_POINT('',(-83.4641016151377,82.,5.));
#15922=CARTESIAN_POINT('',(-83.4641016151377,82.,0.));
#15923=CARTESIAN_POINT('',(-83.4641016151377,78.,5.));
#15924=CARTESIAN_POINT('',(-83.4641016151377,82.,5.));
#15925=CARTESIAN_POINT('',(-83.4641016151377,78.,0.));
#15926=CARTESIAN_POINT('Origin',(-83.4641016151377,82.,0.));
#15927=CARTESIAN_POINT('',(-80.,84.,5.));
#15928=CARTESIAN_POINT('',(-80.,84.,0.));
#15929=CARTESIAN_POINT('',(-80.,84.,5.));
#15930=CARTESIAN_POINT('Origin',(-80.,84.,0.));
#15931=CARTESIAN_POINT('',(-76.5358983848622,82.,5.));
#15932=CARTESIAN_POINT('',(-76.5358983848622,82.,0.));
#15933=CARTESIAN_POINT('',(-76.5358983848622,82.,5.));
#15934=CARTESIAN_POINT('Origin',(-20.5,81.5,2.5));
#15935=CARTESIAN_POINT('',(-20.5,81.5,4.));
#15936=CARTESIAN_POINT('Origin',(-20.5,81.5,2.5));
#15937=CARTESIAN_POINT('',(-20.5,80.,2.5));
#15938=CARTESIAN_POINT('Origin',(-20.5,81.5,2.5));
#15939=CARTESIAN_POINT('Origin',(33.4999999999999,81.5,0.));
#15940=CARTESIAN_POINT('',(-33.4999999999999,81.5,5.));
#15941=CARTESIAN_POINT('',(-33.4999999999999,81.5,0.));
#15942=CARTESIAN_POINT('',(33.4999999999999,81.5,5.));
#15943=CARTESIAN_POINT('',(-33.4999999999999,81.5,5.));
#15944=CARTESIAN_POINT('',(33.4999999999999,81.5,0.));
#15945=CARTESIAN_POINT('',(20.5,81.5,4.));
#15946=CARTESIAN_POINT('Origin',(20.5,81.5,2.5));
#15947=CARTESIAN_POINT('Origin',(20.5,81.5,2.5));
#15948=CARTESIAN_POINT('',(20.5,80.,2.5));
#15949=CARTESIAN_POINT('Origin',(20.5,81.5,2.5));
#15950=CARTESIAN_POINT('Origin',(-20.5,-81.5,2.5));
#15951=CARTESIAN_POINT('',(-20.5,-81.5,4.));
#15952=CARTESIAN_POINT('Origin',(-20.5,-81.5,2.5));
#15953=CARTESIAN_POINT('',(-20.5,-80.,2.5));
#15954=CARTESIAN_POINT('Origin',(-20.5,-81.5,2.5));
#15955=CARTESIAN_POINT('Origin',(-81.5,0.,2.5));
#15956=CARTESIAN_POINT('',(-81.5,1.5,2.5));
#15957=CARTESIAN_POINT('Origin',(-81.5,0.,2.5));
#15958=CARTESIAN_POINT('',(-80.,9.18485099360515E-17,2.5));
#15959=CARTESIAN_POINT('Origin',(-81.5,0.,2.5));
#15960=CARTESIAN_POINT('Origin',(20.5,-81.5,2.5));
#15961=CARTESIAN_POINT('',(20.5,-81.5,4.));
#15962=CARTESIAN_POINT('Origin',(20.5,-81.5,2.5));
#15963=CARTESIAN_POINT('',(20.5,-80.,2.5));
#15964=CARTESIAN_POINT('Origin',(20.5,-81.5,2.5));
#15965=CARTESIAN_POINT('Origin',(81.5,0.,2.5));
#15966=CARTESIAN_POINT('',(81.5,1.5,2.5));
#15967=CARTESIAN_POINT('Origin',(81.5,0.,2.5));
#15968=CARTESIAN_POINT('',(80.,9.18485099360515E-17,2.5));
#15969=CARTESIAN_POINT('Origin',(81.5,0.,2.5));
#15970=CARTESIAN_POINT('Origin',(83.4641016151377,78.,0.));
#15971=CARTESIAN_POINT('',(83.4641016151377,78.,5.));
#15972=CARTESIAN_POINT('',(80.,76.,5.));
#15973=CARTESIAN_POINT('',(83.4641016151377,78.,0.));
#15974=CARTESIAN_POINT('Origin',(83.4641016151377,82.,0.));
#15975=CARTESIAN_POINT('',(83.4641016151377,82.,5.));
#15976=CARTESIAN_POINT('',(83.4641016151377,78.,5.));
#15977=CARTESIAN_POINT('',(83.4641016151377,82.,0.));
#15978=CARTESIAN_POINT('Origin',(80.,84.,0.));
#15979=CARTESIAN_POINT('',(83.4641016151377,82.,5.));
#15980=CARTESIAN_POINT('Origin',(-76.4992138850436,-78.0649298262522,0.));
#15981=CARTESIAN_POINT('',(-76.4992138850436,-78.0649298262522,5.));
#15982=CARTESIAN_POINT('',(-76.5737870139506,-82.0642346218942,5.));
#15983=CARTESIAN_POINT('',(-76.4992138850436,-78.0649298262522,0.));
#15984=CARTESIAN_POINT('Origin',(-79.925426871093,-76.000695204358,0.));
#15985=CARTESIAN_POINT('',(-79.925426871093,-76.000695204358,5.));
#15986=CARTESIAN_POINT('',(-76.4992138850436,-78.0649298262522,5.));
#15987=CARTESIAN_POINT('',(-79.925426871093,-76.000695204358,0.));
#15988=CARTESIAN_POINT('Origin',(-83.4262129860494,-77.9357653781058,0.));
#15989=CARTESIAN_POINT('',(-79.925426871093,-76.000695204358,5.));
#15990=CARTESIAN_POINT('Origin',(26.5000005960464,70.0000002059273,0.));
#15991=CARTESIAN_POINT('',(26.5000005960464,70.0000002059273,5.));
#15992=CARTESIAN_POINT('Origin',(12.5000005960464,70.0000002235174,0.));
#15993=CARTESIAN_POINT('',(12.5000005960464,70.0000002235174,5.));
#15994=CARTESIAN_POINT('Origin',(-80.,76.,0.));
#15995=CARTESIAN_POINT('',(-80.,76.,5.));
#15996=CARTESIAN_POINT('',(-83.4641016151377,78.,5.));
#15997=CARTESIAN_POINT('',(-80.,76.,0.));
#15998=CARTESIAN_POINT('Origin',(-76.5358983848622,78.,0.));
#15999=CARTESIAN_POINT('',(-76.5358983848622,78.,5.));
#16000=CARTESIAN_POINT('',(-80.,76.,5.));
#16001=CARTESIAN_POINT('',(-76.5358983848622,78.,0.));
#16002=CARTESIAN_POINT('Origin',(-76.5358983848622,82.,0.));
#16003=CARTESIAN_POINT('',(-76.5358983848622,78.,5.));
#16004=CARTESIAN_POINT('Origin',(78.5,32.5,0.));
#16005=CARTESIAN_POINT('',(78.5,32.5,5.));
#16006=CARTESIAN_POINT('',(78.5,32.5,5.));
#16007=CARTESIAN_POINT('',(78.5,32.5,0.));
#16008=CARTESIAN_POINT('Origin',(77.,32.5,0.));
#16009=CARTESIAN_POINT('',(77.,34.,5.));
#16010=CARTESIAN_POINT('Origin',(77.,32.5,5.));
#16011=CARTESIAN_POINT('',(77.,34.,0.));
#16012=CARTESIAN_POINT('Origin',(77.,37.,0.));
#16013=CARTESIAN_POINT('',(77.,40.,5.));
#16014=CARTESIAN_POINT('Origin',(77.,37.,5.));
#16015=CARTESIAN_POINT('',(77.,40.,0.));
#16016=CARTESIAN_POINT('Origin',(83.,40.,0.));
#16017=CARTESIAN_POINT('',(83.,40.,5.));
#16018=CARTESIAN_POINT('',(80.,40.,5.));
#16019=CARTESIAN_POINT('',(83.,40.,0.));
#16020=CARTESIAN_POINT('Origin',(83.,42.,0.));
#16021=CARTESIAN_POINT('',(83.,44.,5.));
#16022=CARTESIAN_POINT('Origin',(83.,42.,5.));
#16023=CARTESIAN_POINT('',(83.,44.,0.));
#16024=CARTESIAN_POINT('Origin',(77.,44.,0.));
#16025=CARTESIAN_POINT('',(77.,44.,5.));
#16026=CARTESIAN_POINT('',(80.,44.,5.));
#16027=CARTESIAN_POINT('',(77.,44.,0.));
#16028=CARTESIAN_POINT('Origin',(77.,47.,0.));
#16029=CARTESIAN_POINT('',(77.,50.,5.));
#16030=CARTESIAN_POINT('Origin',(77.,47.,5.));
#16031=CARTESIAN_POINT('',(77.,50.,0.));
#16032=CARTESIAN_POINT('Origin',(83.,50.,0.));
#16033=CARTESIAN_POINT('',(83.,50.,5.));
#16034=CARTESIAN_POINT('',(80.,50.,5.));
#16035=CARTESIAN_POINT('',(83.,50.,0.));
#16036=CARTESIAN_POINT('Origin',(83.,52.,0.));
#16037=CARTESIAN_POINT('',(83.,54.,5.));
#16038=CARTESIAN_POINT('Origin',(83.,52.,5.));
#16039=CARTESIAN_POINT('',(83.,54.,0.));
#16040=CARTESIAN_POINT('Origin',(77.,54.,0.));
#16041=CARTESIAN_POINT('',(77.,54.,5.));
#16042=CARTESIAN_POINT('',(80.,54.,5.));
#16043=CARTESIAN_POINT('',(77.,54.,0.));
#16044=CARTESIAN_POINT('Origin',(77.,57.,0.));
#16045=CARTESIAN_POINT('',(77.,60.,5.));
#16046=CARTESIAN_POINT('Origin',(77.,57.,5.));
#16047=CARTESIAN_POINT('',(77.,60.,0.));
#16048=CARTESIAN_POINT('Origin',(83.,60.,0.));
#16049=CARTESIAN_POINT('',(83.,60.,5.));
#16050=CARTESIAN_POINT('',(80.,60.,5.));
#16051=CARTESIAN_POINT('',(83.,60.,0.));
#16052=CARTESIAN_POINT('Origin',(83.,62.,0.));
#16053=CARTESIAN_POINT('',(83.,64.,5.));
#16054=CARTESIAN_POINT('Origin',(83.,62.,5.));
#16055=CARTESIAN_POINT('',(83.,64.,0.));
#16056=CARTESIAN_POINT('Origin',(80.,64.,0.));
#16057=CARTESIAN_POINT('',(80.,64.,5.));
#16058=CARTESIAN_POINT('',(80.,64.,5.));
#16059=CARTESIAN_POINT('',(80.,64.,0.));
#16060=CARTESIAN_POINT('Origin',(80.,65.5,0.));
#16061=CARTESIAN_POINT('Origin',(80.,65.5,5.));
#16062=CARTESIAN_POINT('Origin',(65.5,78.5,0.));
#16063=CARTESIAN_POINT('',(65.5,78.5,5.));
#16064=CARTESIAN_POINT('',(72.5,78.5,5.));
#16065=CARTESIAN_POINT('',(65.5,78.5,0.));
#16066=CARTESIAN_POINT('Origin',(65.5,80.,0.));
#16067=CARTESIAN_POINT('',(64.,80.,5.));
#16068=CARTESIAN_POINT('Origin',(65.5,80.,5.));
#16069=CARTESIAN_POINT('',(64.,80.,0.));
#16070=CARTESIAN_POINT('Origin',(64.,83.,0.));
#16071=CARTESIAN_POINT('',(64.,83.,5.));
#16072=CARTESIAN_POINT('',(64.,80.,5.));
#16073=CARTESIAN_POINT('',(64.,83.,0.));
#16074=CARTESIAN_POINT('Origin',(62.,83.,0.));
#16075=CARTESIAN_POINT('',(60.,83.,5.));
#16076=CARTESIAN_POINT('Origin',(62.,83.,5.));
#16077=CARTESIAN_POINT('',(60.,83.,0.));
#16078=CARTESIAN_POINT('Origin',(60.,77.,0.));
#16079=CARTESIAN_POINT('',(60.,77.,5.));
#16080=CARTESIAN_POINT('',(60.,80.,5.));
#16081=CARTESIAN_POINT('',(60.,77.,0.));
#16082=CARTESIAN_POINT('Origin',(57.,77.,0.));
#16083=CARTESIAN_POINT('',(54.,77.,5.));
#16084=CARTESIAN_POINT('Origin',(57.,77.,5.));
#16085=CARTESIAN_POINT('',(54.,77.,0.));
#16086=CARTESIAN_POINT('Origin',(54.,83.,0.));
#16087=CARTESIAN_POINT('',(54.,83.,5.));
#16088=CARTESIAN_POINT('',(54.,80.,5.));
#16089=CARTESIAN_POINT('',(54.,83.,0.));
#16090=CARTESIAN_POINT('Origin',(52.,83.,0.));
#16091=CARTESIAN_POINT('',(50.,83.,5.));
#16092=CARTESIAN_POINT('Origin',(52.,83.,5.));
#16093=CARTESIAN_POINT('',(50.,83.,0.));
#16094=CARTESIAN_POINT('Origin',(50.,77.,0.));
#16095=CARTESIAN_POINT('',(50.,77.,5.));
#16096=CARTESIAN_POINT('',(50.,80.,5.));
#16097=CARTESIAN_POINT('',(50.,77.,0.));
#16098=CARTESIAN_POINT('Origin',(47.,77.,0.));
#16099=CARTESIAN_POINT('',(44.,77.,5.));
#16100=CARTESIAN_POINT('Origin',(47.,77.,5.));
#16101=CARTESIAN_POINT('',(44.,77.,0.));
#16102=CARTESIAN_POINT('Origin',(44.,83.,0.));
#16103=CARTESIAN_POINT('',(44.,83.,5.));
#16104=CARTESIAN_POINT('',(44.,80.,5.));
#16105=CARTESIAN_POINT('',(44.,83.,0.));
#16106=CARTESIAN_POINT('Origin',(42.,83.,0.));
#16107=CARTESIAN_POINT('',(40.,83.,5.));
#16108=CARTESIAN_POINT('Origin',(42.,83.,5.));
#16109=CARTESIAN_POINT('',(40.,83.,0.));
#16110=CARTESIAN_POINT('Origin',(40.,77.,0.));
#16111=CARTESIAN_POINT('',(40.,77.,5.));
#16112=CARTESIAN_POINT('',(40.,80.,5.));
#16113=CARTESIAN_POINT('',(40.,77.,0.));
#16114=CARTESIAN_POINT('Origin',(37.,77.,0.));
#16115=CARTESIAN_POINT('Origin',(37.,77.,5.));
#16116=CARTESIAN_POINT('Origin',(69.9425113949539,8.,0.));
#16117=CARTESIAN_POINT('',(69.9425113949539,8.,5.));
#16118=CARTESIAN_POINT('Origin',(28.5000005960464,-70.0000002059273,0.));
#16119=CARTESIAN_POINT('',(28.5000005960464,-70.0000002235174,5.));
#16120=CARTESIAN_POINT('Origin',(31.5000004465306,-78.5000011257659,0.));
#16121=CARTESIAN_POINT('',(31.5000005960464,-70.0000002059273,5.));
#16122=CARTESIAN_POINT('Origin',(32.5,-77.000001143356,0.));
#16123=CARTESIAN_POINT('',(34.,-77.,5.));
#16124=CARTESIAN_POINT('Origin',(32.5,-77.000001143356,5.));
#16125=CARTESIAN_POINT('',(34.,-77.,0.));
#16126=CARTESIAN_POINT('Origin',(37.,-77.,0.));
#16127=CARTESIAN_POINT('',(40.,-77.,5.));
#16128=CARTESIAN_POINT('Origin',(37.,-77.,5.));
#16129=CARTESIAN_POINT('',(40.,-77.,0.));
#16130=CARTESIAN_POINT('Origin',(40.,-83.,0.));
#16131=CARTESIAN_POINT('',(40.,-83.,5.));
#16132=CARTESIAN_POINT('',(40.,-80.,5.));
#16133=CARTESIAN_POINT('',(40.,-83.,0.));
#16134=CARTESIAN_POINT('Origin',(42.,-83.,0.));
#16135=CARTESIAN_POINT('',(44.,-83.,5.));
#16136=CARTESIAN_POINT('Origin',(42.,-83.,5.));
#16137=CARTESIAN_POINT('',(44.,-83.,0.));
#16138=CARTESIAN_POINT('Origin',(44.,-77.,0.));
#16139=CARTESIAN_POINT('',(44.,-77.,5.));
#16140=CARTESIAN_POINT('',(44.,-80.,5.));
#16141=CARTESIAN_POINT('',(44.,-77.,0.));
#16142=CARTESIAN_POINT('Origin',(47.,-77.,0.));
#16143=CARTESIAN_POINT('',(50.,-77.,5.));
#16144=CARTESIAN_POINT('Origin',(47.,-77.,5.));
#16145=CARTESIAN_POINT('',(50.,-77.,0.));
#16146=CARTESIAN_POINT('Origin',(50.,-83.,0.));
#16147=CARTESIAN_POINT('',(50.,-83.,5.));
#16148=CARTESIAN_POINT('',(50.,-80.,5.));
#16149=CARTESIAN_POINT('',(50.,-83.,0.));
#16150=CARTESIAN_POINT('Origin',(52.,-83.,0.));
#16151=CARTESIAN_POINT('',(54.,-83.,5.));
#16152=CARTESIAN_POINT('Origin',(52.,-83.,5.));
#16153=CARTESIAN_POINT('',(54.,-83.,0.));
#16154=CARTESIAN_POINT('Origin',(54.,-77.,0.));
#16155=CARTESIAN_POINT('',(54.,-77.,5.));
#16156=CARTESIAN_POINT('',(54.,-80.,5.));
#16157=CARTESIAN_POINT('',(54.,-77.,0.));
#16158=CARTESIAN_POINT('Origin',(57.,-77.,0.));
#16159=CARTESIAN_POINT('',(60.,-77.,5.));
#16160=CARTESIAN_POINT('Origin',(57.,-77.,5.));
#16161=CARTESIAN_POINT('',(60.,-77.,0.));
#16162=CARTESIAN_POINT('Origin',(60.,-83.,0.));
#16163=CARTESIAN_POINT('',(60.,-83.,5.));
#16164=CARTESIAN_POINT('',(60.,-80.,5.));
#16165=CARTESIAN_POINT('',(60.,-83.,0.));
#16166=CARTESIAN_POINT('Origin',(62.,-83.,0.));
#16167=CARTESIAN_POINT('',(64.,-83.,5.));
#16168=CARTESIAN_POINT('Origin',(62.,-83.,5.));
#16169=CARTESIAN_POINT('',(64.,-83.,0.));
#16170=CARTESIAN_POINT('Origin',(64.,-80.,0.));
#16171=CARTESIAN_POINT('',(64.,-80.,5.));
#16172=CARTESIAN_POINT('',(64.,-80.,5.));
#16173=CARTESIAN_POINT('',(64.,-80.,0.));
#16174=CARTESIAN_POINT('Origin',(65.5,-80.,0.));
#16175=CARTESIAN_POINT('Origin',(65.5,-80.,5.));
#16176=CARTESIAN_POINT('Origin',(78.5,-65.5,0.));
#16177=CARTESIAN_POINT('',(78.5,-65.5,5.));
#16178=CARTESIAN_POINT('',(78.5,-78.5,5.));
#16179=CARTESIAN_POINT('',(78.5,-65.5,0.));
#16180=CARTESIAN_POINT('Origin',(80.,-65.5,0.));
#16181=CARTESIAN_POINT('',(80.,-64.,5.));
#16182=CARTESIAN_POINT('Origin',(80.,-65.5,5.));
#16183=CARTESIAN_POINT('',(80.,-64.,0.));
#16184=CARTESIAN_POINT('Origin',(83.,-64.,0.));
#16185=CARTESIAN_POINT('',(83.,-64.,5.));
#16186=CARTESIAN_POINT('',(80.,-64.,5.));
#16187=CARTESIAN_POINT('',(83.,-64.,0.));
#16188=CARTESIAN_POINT('Origin',(83.,-62.,0.));
#16189=CARTESIAN_POINT('',(83.,-60.,5.));
#16190=CARTESIAN_POINT('Origin',(83.,-62.,5.));
#16191=CARTESIAN_POINT('',(83.,-60.,0.));
#16192=CARTESIAN_POINT('Origin',(77.,-60.,0.));
#16193=CARTESIAN_POINT('',(77.,-60.,5.));
#16194=CARTESIAN_POINT('',(80.,-60.,5.));
#16195=CARTESIAN_POINT('',(77.,-60.,0.));
#16196=CARTESIAN_POINT('Origin',(77.,-57.,0.));
#16197=CARTESIAN_POINT('',(77.,-54.,5.));
#16198=CARTESIAN_POINT('Origin',(77.,-57.,5.));
#16199=CARTESIAN_POINT('',(77.,-54.,0.));
#16200=CARTESIAN_POINT('Origin',(83.,-54.,0.));
#16201=CARTESIAN_POINT('',(83.,-54.,5.));
#16202=CARTESIAN_POINT('',(80.,-54.,5.));
#16203=CARTESIAN_POINT('',(83.,-54.,0.));
#16204=CARTESIAN_POINT('Origin',(83.,-52.,0.));
#16205=CARTESIAN_POINT('',(83.,-50.,5.));
#16206=CARTESIAN_POINT('Origin',(83.,-52.,5.));
#16207=CARTESIAN_POINT('',(83.,-50.,0.));
#16208=CARTESIAN_POINT('Origin',(77.,-50.,0.));
#16209=CARTESIAN_POINT('',(77.,-50.,5.));
#16210=CARTESIAN_POINT('',(80.,-50.,5.));
#16211=CARTESIAN_POINT('',(77.,-50.,0.));
#16212=CARTESIAN_POINT('Origin',(77.,-47.,0.));
#16213=CARTESIAN_POINT('',(77.,-44.,5.));
#16214=CARTESIAN_POINT('Origin',(77.,-47.,5.));
#16215=CARTESIAN_POINT('',(77.,-44.,0.));
#16216=CARTESIAN_POINT('Origin',(83.,-44.,0.));
#16217=CARTESIAN_POINT('',(83.,-44.,5.));
#16218=CARTESIAN_POINT('',(80.,-44.,5.));
#16219=CARTESIAN_POINT('',(83.,-44.,0.));
#16220=CARTESIAN_POINT('Origin',(83.,-42.,0.));
#16221=CARTESIAN_POINT('',(83.,-40.,5.));
#16222=CARTESIAN_POINT('Origin',(83.,-42.,5.));
#16223=CARTESIAN_POINT('',(83.,-40.,0.));
#16224=CARTESIAN_POINT('Origin',(77.,-40.,0.));
#16225=CARTESIAN_POINT('',(77.,-40.,5.));
#16226=CARTESIAN_POINT('',(80.,-40.,5.));
#16227=CARTESIAN_POINT('',(77.,-40.,0.));
#16228=CARTESIAN_POINT('Origin',(77.,-37.,0.));
#16229=CARTESIAN_POINT('',(77.,-34.,5.));
#16230=CARTESIAN_POINT('Origin',(77.,-37.,5.));
#16231=CARTESIAN_POINT('',(77.,-34.,0.));
#16232=CARTESIAN_POINT('Origin',(77.,-32.5,0.));
#16233=CARTESIAN_POINT('Origin',(77.,-32.5,5.));
#16234=CARTESIAN_POINT('Origin',(76.5392741305394,-77.9941643994468,0.));
#16235=CARTESIAN_POINT('',(76.5392741305394,-77.9941643994468,5.));
#16236=CARTESIAN_POINT('',(80.006741651164,-76.0000056812366,5.));
#16237=CARTESIAN_POINT('',(76.5392741305394,-77.9941643994468,0.));
#16238=CARTESIAN_POINT('Origin',(76.5325324793755,-81.9941587182102,0.));
#16239=CARTESIAN_POINT('',(76.5325324793755,-81.9941587182102,5.));
#16240=CARTESIAN_POINT('',(76.5392741305394,-77.9941643994468,5.));
#16241=CARTESIAN_POINT('',(76.5325324793755,-81.9941587182102,0.));
#16242=CARTESIAN_POINT('Origin',(79.993258348836,-83.9999943187634,0.));
#16243=CARTESIAN_POINT('',(76.5325324793755,-81.9941587182102,5.));
#16244=CARTESIAN_POINT('Origin',(-83.,52.,0.));
#16245=CARTESIAN_POINT('',(-83.,54.,5.));
#16246=CARTESIAN_POINT('',(-83.,54.,0.));
#16247=CARTESIAN_POINT('',(-83.,50.,5.));
#16248=CARTESIAN_POINT('Origin',(-83.,52.,5.));
#16249=CARTESIAN_POINT('',(-83.,50.,0.));
#16250=CARTESIAN_POINT('Origin',(-77.,50.,0.));
#16251=CARTESIAN_POINT('',(-77.,50.,5.));
#16252=CARTESIAN_POINT('',(-80.,50.,5.));
#16253=CARTESIAN_POINT('',(-77.,50.,0.));
#16254=CARTESIAN_POINT('Origin',(-77.,47.,0.));
#16255=CARTESIAN_POINT('',(-77.,44.,5.));
#16256=CARTESIAN_POINT('Origin',(-77.,47.,5.));
#16257=CARTESIAN_POINT('',(-77.,44.,0.));
#16258=CARTESIAN_POINT('Origin',(-83.,44.,0.));
#16259=CARTESIAN_POINT('',(-83.,44.,5.));
#16260=CARTESIAN_POINT('',(-80.,44.,5.));
#16261=CARTESIAN_POINT('',(-83.,44.,0.));
#16262=CARTESIAN_POINT('Origin',(-83.,42.,0.));
#16263=CARTESIAN_POINT('',(-83.,40.,5.));
#16264=CARTESIAN_POINT('Origin',(-83.,42.,5.));
#16265=CARTESIAN_POINT('',(-83.,40.,0.));
#16266=CARTESIAN_POINT('Origin',(-77.,40.,0.));
#16267=CARTESIAN_POINT('',(-77.,40.,5.));
#16268=CARTESIAN_POINT('',(-80.,40.,5.));
#16269=CARTESIAN_POINT('',(-77.,40.,0.));
#16270=CARTESIAN_POINT('Origin',(-77.,37.,0.));
#16271=CARTESIAN_POINT('',(-77.,34.,5.));
#16272=CARTESIAN_POINT('Origin',(-77.,37.,5.));
#16273=CARTESIAN_POINT('',(-77.,34.,0.));
#16274=CARTESIAN_POINT('Origin',(-77.,32.5,0.));
#16275=CARTESIAN_POINT('Origin',(-77.,32.5,5.));
#16276=CARTESIAN_POINT('Origin',(-28.5000005960464,70.0000002059273,0.));
#16277=CARTESIAN_POINT('',(-28.5000005960464,70.0000002235174,5.));
#16278=CARTESIAN_POINT('Origin',(-31.5000004465306,78.5000011257659,0.));
#16279=CARTESIAN_POINT('',(-31.5000005960464,70.0000002059273,5.));
#16280=CARTESIAN_POINT('Origin',(-32.5,77.,0.));
#16281=CARTESIAN_POINT('',(-34.,77.,5.));
#16282=CARTESIAN_POINT('Origin',(-32.5,77.,5.));
#16283=CARTESIAN_POINT('',(-34.,77.,0.));
#16284=CARTESIAN_POINT('Origin',(-37.,77.,0.));
#16285=CARTESIAN_POINT('',(-40.,77.,5.));
#16286=CARTESIAN_POINT('Origin',(-37.,77.,5.));
#16287=CARTESIAN_POINT('',(-40.,77.,0.));
#16288=CARTESIAN_POINT('Origin',(-40.,83.,0.));
#16289=CARTESIAN_POINT('',(-40.,83.,5.));
#16290=CARTESIAN_POINT('',(-40.,80.,5.));
#16291=CARTESIAN_POINT('',(-40.,83.,0.));
#16292=CARTESIAN_POINT('Origin',(-42.,83.,0.));
#16293=CARTESIAN_POINT('',(-44.,83.,5.));
#16294=CARTESIAN_POINT('Origin',(-42.,83.,5.));
#16295=CARTESIAN_POINT('',(-44.,83.,0.));
#16296=CARTESIAN_POINT('Origin',(-44.,77.,0.));
#16297=CARTESIAN_POINT('',(-44.,77.,5.));
#16298=CARTESIAN_POINT('',(-44.,80.,5.));
#16299=CARTESIAN_POINT('',(-44.,77.,0.));
#16300=CARTESIAN_POINT('Origin',(-47.,77.,0.));
#16301=CARTESIAN_POINT('',(-50.,77.,5.));
#16302=CARTESIAN_POINT('Origin',(-47.,77.,5.));
#16303=CARTESIAN_POINT('',(-50.,77.,0.));
#16304=CARTESIAN_POINT('Origin',(-50.,83.,0.));
#16305=CARTESIAN_POINT('',(-50.,83.,5.));
#16306=CARTESIAN_POINT('',(-50.,80.,5.));
#16307=CARTESIAN_POINT('',(-50.,83.,0.));
#16308=CARTESIAN_POINT('Origin',(-52.,83.,0.));
#16309=CARTESIAN_POINT('',(-54.,83.,5.));
#16310=CARTESIAN_POINT('Origin',(-52.,83.,5.));
#16311=CARTESIAN_POINT('',(-54.,83.,0.));
#16312=CARTESIAN_POINT('Origin',(-54.,77.,0.));
#16313=CARTESIAN_POINT('',(-54.,77.,5.));
#16314=CARTESIAN_POINT('',(-54.,80.,5.));
#16315=CARTESIAN_POINT('',(-54.,77.,0.));
#16316=CARTESIAN_POINT('Origin',(-57.,77.,0.));
#16317=CARTESIAN_POINT('',(-60.,77.,5.));
#16318=CARTESIAN_POINT('Origin',(-57.,77.,5.));
#16319=CARTESIAN_POINT('',(-60.,77.,0.));
#16320=CARTESIAN_POINT('Origin',(-60.,83.,0.));
#16321=CARTESIAN_POINT('',(-60.,83.,5.));
#16322=CARTESIAN_POINT('',(-60.,80.,5.));
#16323=CARTESIAN_POINT('',(-60.,83.,0.));
#16324=CARTESIAN_POINT('Origin',(-62.,83.,0.));
#16325=CARTESIAN_POINT('',(-64.,83.,5.));
#16326=CARTESIAN_POINT('Origin',(-62.,83.,5.));
#16327=CARTESIAN_POINT('',(-64.,83.,0.));
#16328=CARTESIAN_POINT('Origin',(-64.,80.,0.));
#16329=CARTESIAN_POINT('',(-64.,80.,5.));
#16330=CARTESIAN_POINT('',(-64.,80.,5.));
#16331=CARTESIAN_POINT('',(-64.,80.,0.));
#16332=CARTESIAN_POINT('Origin',(-65.5,80.,0.));
#16333=CARTESIAN_POINT('Origin',(-65.5,80.,5.));
#16334=CARTESIAN_POINT('Origin',(-78.5,65.5,0.));
#16335=CARTESIAN_POINT('',(-78.5,65.5,5.));
#16336=CARTESIAN_POINT('',(-78.5,65.5,5.));
#16337=CARTESIAN_POINT('',(-78.5,65.5,0.));
#16338=CARTESIAN_POINT('Origin',(-80.,65.5,0.));
#16339=CARTESIAN_POINT('',(-80.,64.,5.));
#16340=CARTESIAN_POINT('Origin',(-80.,65.5,5.));
#16341=CARTESIAN_POINT('',(-80.,64.,0.));
#16342=CARTESIAN_POINT('Origin',(-83.,64.,0.));
#16343=CARTESIAN_POINT('',(-83.,64.,5.));
#16344=CARTESIAN_POINT('',(-80.,64.,5.));
#16345=CARTESIAN_POINT('',(-83.,64.,0.));
#16346=CARTESIAN_POINT('Origin',(-83.,62.,0.));
#16347=CARTESIAN_POINT('',(-83.,60.,5.));
#16348=CARTESIAN_POINT('Origin',(-83.,62.,5.));
#16349=CARTESIAN_POINT('',(-83.,60.,0.));
#16350=CARTESIAN_POINT('Origin',(-77.,60.,0.));
#16351=CARTESIAN_POINT('',(-77.,60.,5.));
#16352=CARTESIAN_POINT('',(-80.,60.,5.));
#16353=CARTESIAN_POINT('',(-77.,60.,0.));
#16354=CARTESIAN_POINT('Origin',(-77.,57.,0.));
#16355=CARTESIAN_POINT('',(-77.,54.,5.));
#16356=CARTESIAN_POINT('Origin',(-77.,57.,5.));
#16357=CARTESIAN_POINT('',(-77.,54.,0.));
#16358=CARTESIAN_POINT('Origin',(-83.,54.,0.));
#16359=CARTESIAN_POINT('',(-80.,54.,5.));
#16360=CARTESIAN_POINT('Origin',(-83.,-52.,0.));
#16361=CARTESIAN_POINT('',(-83.,-50.,5.));
#16362=CARTESIAN_POINT('',(-83.,-50.,0.));
#16363=CARTESIAN_POINT('',(-83.,-54.,5.));
#16364=CARTESIAN_POINT('Origin',(-83.,-52.,5.));
#16365=CARTESIAN_POINT('',(-83.,-54.,0.));
#16366=CARTESIAN_POINT('Origin',(-77.,-54.,0.));
#16367=CARTESIAN_POINT('',(-77.,-54.,5.));
#16368=CARTESIAN_POINT('',(-80.,-54.,5.));
#16369=CARTESIAN_POINT('',(-77.,-54.,0.));
#16370=CARTESIAN_POINT('Origin',(-77.,-57.,0.));
#16371=CARTESIAN_POINT('',(-77.,-60.,5.));
#16372=CARTESIAN_POINT('Origin',(-77.,-57.,5.));
#16373=CARTESIAN_POINT('',(-77.,-60.,0.));
#16374=CARTESIAN_POINT('Origin',(-83.,-60.,0.));
#16375=CARTESIAN_POINT('',(-83.,-60.,5.));
#16376=CARTESIAN_POINT('',(-80.,-60.,5.));
#16377=CARTESIAN_POINT('',(-83.,-60.,0.));
#16378=CARTESIAN_POINT('Origin',(-83.,-62.,0.));
#16379=CARTESIAN_POINT('',(-83.,-64.,5.));
#16380=CARTESIAN_POINT('Origin',(-83.,-62.,5.));
#16381=CARTESIAN_POINT('',(-83.,-64.,0.));
#16382=CARTESIAN_POINT('Origin',(-80.,-64.,0.));
#16383=CARTESIAN_POINT('',(-80.,-64.,5.));
#16384=CARTESIAN_POINT('',(-80.,-64.,5.));
#16385=CARTESIAN_POINT('',(-80.,-64.,0.));
#16386=CARTESIAN_POINT('Origin',(-80.,-65.5,0.));
#16387=CARTESIAN_POINT('Origin',(-80.,-65.5,5.));
#16388=CARTESIAN_POINT('Origin',(-65.5,-78.5,0.));
#16389=CARTESIAN_POINT('',(-65.5,-78.5,5.));
#16390=CARTESIAN_POINT('',(-72.5,-78.5,5.));
#16391=CARTESIAN_POINT('',(-65.5,-78.5,0.));
#16392=CARTESIAN_POINT('Origin',(-65.5,-80.,0.));
#16393=CARTESIAN_POINT('',(-64.,-80.,5.));
#16394=CARTESIAN_POINT('Origin',(-65.5,-80.,5.));
#16395=CARTESIAN_POINT('',(-64.,-80.,0.));
#16396=CARTESIAN_POINT('Origin',(-64.,-83.,0.));
#16397=CARTESIAN_POINT('',(-64.,-83.,5.));
#16398=CARTESIAN_POINT('',(-64.,-80.,5.));
#16399=CARTESIAN_POINT('',(-64.,-83.,0.));
#16400=CARTESIAN_POINT('Origin',(-62.,-83.,0.));
#16401=CARTESIAN_POINT('',(-60.,-83.,5.));
#16402=CARTESIAN_POINT('Origin',(-62.,-83.,5.));
#16403=CARTESIAN_POINT('',(-60.,-83.,0.));
#16404=CARTESIAN_POINT('Origin',(-60.,-77.,0.));
#16405=CARTESIAN_POINT('',(-60.,-77.,5.));
#16406=CARTESIAN_POINT('',(-60.,-80.,5.));
#16407=CARTESIAN_POINT('',(-60.,-77.,0.));
#16408=CARTESIAN_POINT('Origin',(-57.,-77.,0.));
#16409=CARTESIAN_POINT('',(-54.,-77.,5.));
#16410=CARTESIAN_POINT('Origin',(-57.,-77.,5.));
#16411=CARTESIAN_POINT('',(-54.,-77.,0.));
#16412=CARTESIAN_POINT('Origin',(-54.,-83.,0.));
#16413=CARTESIAN_POINT('',(-54.,-83.,5.));
#16414=CARTESIAN_POINT('',(-54.,-80.,5.));
#16415=CARTESIAN_POINT('',(-54.,-83.,0.));
#16416=CARTESIAN_POINT('Origin',(-52.,-83.,0.));
#16417=CARTESIAN_POINT('',(-50.,-83.,5.));
#16418=CARTESIAN_POINT('Origin',(-52.,-83.,5.));
#16419=CARTESIAN_POINT('',(-50.,-83.,0.));
#16420=CARTESIAN_POINT('Origin',(-50.,-77.,0.));
#16421=CARTESIAN_POINT('',(-50.,-77.,5.));
#16422=CARTESIAN_POINT('',(-50.,-80.,5.));
#16423=CARTESIAN_POINT('',(-50.,-77.,0.));
#16424=CARTESIAN_POINT('Origin',(-47.,-77.,0.));
#16425=CARTESIAN_POINT('',(-44.,-77.,5.));
#16426=CARTESIAN_POINT('Origin',(-47.,-77.,5.));
#16427=CARTESIAN_POINT('',(-44.,-77.,0.));
#16428=CARTESIAN_POINT('Origin',(-44.,-83.,0.));
#16429=CARTESIAN_POINT('',(-44.,-83.,5.));
#16430=CARTESIAN_POINT('',(-44.,-80.,5.));
#16431=CARTESIAN_POINT('',(-44.,-83.,0.));
#16432=CARTESIAN_POINT('Origin',(-42.,-83.,0.));
#16433=CARTESIAN_POINT('',(-40.,-83.,5.));
#16434=CARTESIAN_POINT('Origin',(-42.,-83.,5.));
#16435=CARTESIAN_POINT('',(-40.,-83.,0.));
#16436=CARTESIAN_POINT('Origin',(-40.,-77.,0.));
#16437=CARTESIAN_POINT('',(-40.,-77.,5.));
#16438=CARTESIAN_POINT('',(-40.,-80.,5.));
#16439=CARTESIAN_POINT('',(-40.,-77.,0.));
#16440=CARTESIAN_POINT('Origin',(-37.,-77.,0.));
#16441=CARTESIAN_POINT('Origin',(-37.,-77.,5.));
#16442=CARTESIAN_POINT('Origin',(-40.0000005960464,-15.0000002235174,0.));
#16443=CARTESIAN_POINT('',(40.0000005960464,-15.0000002235174,5.));
#16444=CARTESIAN_POINT('Origin',(-69.9425113949539,-8.,0.));
#16445=CARTESIAN_POINT('',(-69.9425113949539,-8.,5.));
#16446=CARTESIAN_POINT('Origin',(-78.5,-32.5,0.));
#16447=CARTESIAN_POINT('',(-78.5,-32.5,5.));
#16448=CARTESIAN_POINT('',(-78.5,-32.5,5.));
#16449=CARTESIAN_POINT('',(-78.5,-32.5,0.));
#16450=CARTESIAN_POINT('Origin',(-77.,-32.5,0.));
#16451=CARTESIAN_POINT('',(-77.,-34.,5.));
#16452=CARTESIAN_POINT('Origin',(-77.,-32.5,5.));
#16453=CARTESIAN_POINT('',(-77.,-34.,0.));
#16454=CARTESIAN_POINT('Origin',(-77.,-37.,0.));
#16455=CARTESIAN_POINT('',(-77.,-40.,5.));
#16456=CARTESIAN_POINT('Origin',(-77.,-37.,5.));
#16457=CARTESIAN_POINT('',(-77.,-40.,0.));
#16458=CARTESIAN_POINT('Origin',(-83.,-40.,0.));
#16459=CARTESIAN_POINT('',(-83.,-40.,5.));
#16460=CARTESIAN_POINT('',(-80.,-40.,5.));
#16461=CARTESIAN_POINT('',(-83.,-40.,0.));
#16462=CARTESIAN_POINT('Origin',(-83.,-42.,0.));
#16463=CARTESIAN_POINT('',(-83.,-44.,5.));
#16464=CARTESIAN_POINT('Origin',(-83.,-42.,5.));
#16465=CARTESIAN_POINT('',(-83.,-44.,0.));
#16466=CARTESIAN_POINT('Origin',(-77.,-44.,0.));
#16467=CARTESIAN_POINT('',(-77.,-44.,5.));
#16468=CARTESIAN_POINT('',(-80.,-44.,5.));
#16469=CARTESIAN_POINT('',(-77.,-44.,0.));
#16470=CARTESIAN_POINT('Origin',(-77.,-47.,0.));
#16471=CARTESIAN_POINT('',(-77.,-50.,5.));
#16472=CARTESIAN_POINT('Origin',(-77.,-47.,5.));
#16473=CARTESIAN_POINT('',(-77.,-50.,0.));
#16474=CARTESIAN_POINT('Origin',(-83.,-50.,0.));
#16475=CARTESIAN_POINT('',(-80.,-50.,5.));
#16476=CARTESIAN_POINT('Origin',(6.00000059604643,-78.5,0.));
#16477=CARTESIAN_POINT('',(-6.00000059604642,-78.5,5.));
#16478=CARTESIAN_POINT('Origin',(-12.5000005960464,-70.0000002235174,0.));
#16479=CARTESIAN_POINT('',(-12.5000005960464,-70.0000002235174,5.));
#16480=CARTESIAN_POINT('Origin',(-9.50000044653064,-78.5000004045721,0.));
#16481=CARTESIAN_POINT('',(-9.50000059604643,-70.0000002411075,5.));
#16482=CARTESIAN_POINT('Origin',(81.5,-33.4999999999999,0.));
#16483=CARTESIAN_POINT('',(81.5,33.4999999999999,5.));
#16484=CARTESIAN_POINT('',(81.5,33.4999999999999,0.));
#16485=CARTESIAN_POINT('',(81.5,-33.4999999999999,5.));
#16486=CARTESIAN_POINT('',(81.5,33.4999999999999,5.));
#16487=CARTESIAN_POINT('',(81.5,-33.4999999999999,0.));
#16488=CARTESIAN_POINT('Origin',(80.,-33.4999999999999,0.));
#16489=CARTESIAN_POINT('',(79.999999423181,-34.9999999999998,5.));
#16490=CARTESIAN_POINT('Origin',(80.,-33.4999999999999,5.));
#16491=CARTESIAN_POINT('',(79.999999423181,-34.9999999999998,0.));
#16492=CARTESIAN_POINT('Origin',(77.,-35.,0.));
#16493=CARTESIAN_POINT('',(77.,-35.,5.));
#16494=CARTESIAN_POINT('',(80.,-35.,5.));
#16495=CARTESIAN_POINT('',(77.,-35.,0.));
#16496=CARTESIAN_POINT('Origin',(77.,-37.,0.));
#16497=CARTESIAN_POINT('',(77.,-39.,5.));
#16498=CARTESIAN_POINT('Origin',(77.,-37.,5.));
#16499=CARTESIAN_POINT('',(77.,-39.,0.));
#16500=CARTESIAN_POINT('Origin',(83.,-39.,0.));
#16501=CARTESIAN_POINT('',(83.,-39.,5.));
#16502=CARTESIAN_POINT('',(80.,-39.,5.));
#16503=CARTESIAN_POINT('',(83.,-39.,0.));
#16504=CARTESIAN_POINT('Origin',(83.,-42.,0.));
#16505=CARTESIAN_POINT('',(83.,-45.,5.));
#16506=CARTESIAN_POINT('Origin',(83.,-42.,5.));
#16507=CARTESIAN_POINT('',(83.,-45.,0.));
#16508=CARTESIAN_POINT('Origin',(77.,-45.,0.));
#16509=CARTESIAN_POINT('',(77.,-45.,5.));
#16510=CARTESIAN_POINT('',(80.,-45.,5.));
#16511=CARTESIAN_POINT('',(77.,-45.,0.));
#16512=CARTESIAN_POINT('Origin',(77.,-47.,0.));
#16513=CARTESIAN_POINT('',(77.,-49.,5.));
#16514=CARTESIAN_POINT('Origin',(77.,-47.,5.));
#16515=CARTESIAN_POINT('',(77.,-49.,0.));
#16516=CARTESIAN_POINT('Origin',(83.,-49.,0.));
#16517=CARTESIAN_POINT('',(83.,-49.,5.));
#16518=CARTESIAN_POINT('',(80.,-49.,5.));
#16519=CARTESIAN_POINT('',(83.,-49.,0.));
#16520=CARTESIAN_POINT('Origin',(83.,-52.,0.));
#16521=CARTESIAN_POINT('',(83.,-55.,5.));
#16522=CARTESIAN_POINT('Origin',(83.,-52.,5.));
#16523=CARTESIAN_POINT('',(83.,-55.,0.));
#16524=CARTESIAN_POINT('Origin',(77.,-55.,0.));
#16525=CARTESIAN_POINT('',(77.,-55.,5.));
#16526=CARTESIAN_POINT('',(80.,-55.,5.));
#16527=CARTESIAN_POINT('',(77.,-55.,0.));
#16528=CARTESIAN_POINT('Origin',(77.,-57.,0.));
#16529=CARTESIAN_POINT('',(77.,-59.,5.));
#16530=CARTESIAN_POINT('Origin',(77.,-57.,5.));
#16531=CARTESIAN_POINT('',(77.,-59.,0.));
#16532=CARTESIAN_POINT('Origin',(83.,-59.,0.));
#16533=CARTESIAN_POINT('',(83.,-59.,5.));
#16534=CARTESIAN_POINT('',(80.,-59.,5.));
#16535=CARTESIAN_POINT('',(83.,-59.,0.));
#16536=CARTESIAN_POINT('Origin',(83.,-62.,0.));
#16537=CARTESIAN_POINT('',(83.,-65.,5.));
#16538=CARTESIAN_POINT('Origin',(83.,-62.,5.));
#16539=CARTESIAN_POINT('',(83.,-65.,0.));
#16540=CARTESIAN_POINT('Origin',(83.,-66.5,0.));
#16541=CARTESIAN_POINT('Origin',(83.,-66.5,5.));
#16542=CARTESIAN_POINT('Origin',(66.5,-81.5,0.));
#16543=CARTESIAN_POINT('',(66.5,-81.5,5.));
#16544=CARTESIAN_POINT('',(81.5,-81.5,5.));
#16545=CARTESIAN_POINT('',(66.5,-81.5,0.));
#16546=CARTESIAN_POINT('Origin',(66.5,-83.,0.));
#16547=CARTESIAN_POINT('',(65.,-83.,5.));
#16548=CARTESIAN_POINT('Origin',(66.5,-83.,5.));
#16549=CARTESIAN_POINT('',(65.,-83.,0.));
#16550=CARTESIAN_POINT('Origin',(62.,-83.,0.));
#16551=CARTESIAN_POINT('',(59.,-83.,5.));
#16552=CARTESIAN_POINT('Origin',(62.,-83.,5.));
#16553=CARTESIAN_POINT('',(59.,-83.,0.));
#16554=CARTESIAN_POINT('Origin',(59.,-77.,0.));
#16555=CARTESIAN_POINT('',(59.,-77.,5.));
#16556=CARTESIAN_POINT('',(59.,-80.,5.));
#16557=CARTESIAN_POINT('',(59.,-77.,0.));
#16558=CARTESIAN_POINT('Origin',(57.,-77.,0.));
#16559=CARTESIAN_POINT('',(55.,-77.,5.));
#16560=CARTESIAN_POINT('Origin',(57.,-77.,5.));
#16561=CARTESIAN_POINT('',(55.,-77.,0.));
#16562=CARTESIAN_POINT('Origin',(55.,-83.,0.));
#16563=CARTESIAN_POINT('',(55.,-83.,5.));
#16564=CARTESIAN_POINT('',(55.,-80.,5.));
#16565=CARTESIAN_POINT('',(55.,-83.,0.));
#16566=CARTESIAN_POINT('Origin',(52.,-83.,0.));
#16567=CARTESIAN_POINT('',(49.,-83.,5.));
#16568=CARTESIAN_POINT('Origin',(52.,-83.,5.));
#16569=CARTESIAN_POINT('',(49.,-83.,0.));
#16570=CARTESIAN_POINT('Origin',(49.,-77.,0.));
#16571=CARTESIAN_POINT('',(49.,-77.,5.));
#16572=CARTESIAN_POINT('',(49.,-80.,5.));
#16573=CARTESIAN_POINT('',(49.,-77.,0.));
#16574=CARTESIAN_POINT('Origin',(47.,-77.,0.));
#16575=CARTESIAN_POINT('',(45.,-77.,5.));
#16576=CARTESIAN_POINT('Origin',(47.,-77.,5.));
#16577=CARTESIAN_POINT('',(45.,-77.,0.));
#16578=CARTESIAN_POINT('Origin',(45.,-83.,0.));
#16579=CARTESIAN_POINT('',(45.,-83.,5.));
#16580=CARTESIAN_POINT('',(45.,-80.,5.));
#16581=CARTESIAN_POINT('',(45.,-83.,0.));
#16582=CARTESIAN_POINT('Origin',(42.,-83.,0.));
#16583=CARTESIAN_POINT('',(39.,-83.,5.));
#16584=CARTESIAN_POINT('Origin',(42.,-83.,5.));
#16585=CARTESIAN_POINT('',(39.,-83.,0.));
#16586=CARTESIAN_POINT('Origin',(39.,-77.,0.));
#16587=CARTESIAN_POINT('',(39.,-77.,5.));
#16588=CARTESIAN_POINT('',(39.,-80.,5.));
#16589=CARTESIAN_POINT('',(39.,-77.,0.));
#16590=CARTESIAN_POINT('Origin',(37.,-77.,0.));
#16591=CARTESIAN_POINT('',(35.,-77.,5.));
#16592=CARTESIAN_POINT('Origin',(37.,-77.,5.));
#16593=CARTESIAN_POINT('',(35.,-77.,0.));
#16594=CARTESIAN_POINT('Origin',(35.,-79.999999423181,0.));
#16595=CARTESIAN_POINT('',(34.9999999999998,-79.999999423181,5.));
#16596=CARTESIAN_POINT('',(35.,-80.,5.));
#16597=CARTESIAN_POINT('',(34.9999999999998,-79.999999423181,0.));
#16598=CARTESIAN_POINT('Origin',(33.4999999999999,-80.,0.));
#16599=CARTESIAN_POINT('',(33.4999999999999,-81.5,5.));
#16600=CARTESIAN_POINT('Origin',(33.4999999999999,-80.,5.));
#16601=CARTESIAN_POINT('',(33.4999999999999,-81.5,0.));
#16602=CARTESIAN_POINT('Origin',(-33.4999999999999,-81.5,0.));
#16603=CARTESIAN_POINT('',(-33.4999999999999,-81.5,5.));
#16604=CARTESIAN_POINT('',(33.4999999999999,-81.5,5.));
#16605=CARTESIAN_POINT('',(-33.4999999999999,-81.5,0.));
#16606=CARTESIAN_POINT('Origin',(-33.4999999999999,-80.,0.));
#16607=CARTESIAN_POINT('',(-35.,-80.,5.));
#16608=CARTESIAN_POINT('Origin',(-33.4999999999999,-80.,5.));
#16609=CARTESIAN_POINT('',(-35.,-80.,0.));
#16610=CARTESIAN_POINT('Origin',(-35.,-77.,0.));
#16611=CARTESIAN_POINT('',(-35.,-77.,5.));
#16612=CARTESIAN_POINT('',(-35.,-80.,5.));
#16613=CARTESIAN_POINT('',(-35.,-77.,0.));
#16614=CARTESIAN_POINT('Origin',(-37.,-77.,0.));
#16615=CARTESIAN_POINT('',(-39.,-77.,5.));
#16616=CARTESIAN_POINT('Origin',(-37.,-77.,5.));
#16617=CARTESIAN_POINT('',(-39.,-77.,0.));
#16618=CARTESIAN_POINT('Origin',(-39.,-83.,0.));
#16619=CARTESIAN_POINT('',(-39.,-83.,5.));
#16620=CARTESIAN_POINT('',(-39.,-80.,5.));
#16621=CARTESIAN_POINT('',(-39.,-83.,0.));
#16622=CARTESIAN_POINT('Origin',(-42.,-83.,0.));
#16623=CARTESIAN_POINT('',(-45.,-83.,5.));
#16624=CARTESIAN_POINT('Origin',(-42.,-83.,5.));
#16625=CARTESIAN_POINT('',(-45.,-83.,0.));
#16626=CARTESIAN_POINT('Origin',(-45.,-77.,0.));
#16627=CARTESIAN_POINT('',(-45.,-77.,5.));
#16628=CARTESIAN_POINT('',(-45.,-80.,5.));
#16629=CARTESIAN_POINT('',(-45.,-77.,0.));
#16630=CARTESIAN_POINT('Origin',(-47.,-77.,0.));
#16631=CARTESIAN_POINT('',(-49.,-77.,5.));
#16632=CARTESIAN_POINT('Origin',(-47.,-77.,5.));
#16633=CARTESIAN_POINT('',(-49.,-77.,0.));
#16634=CARTESIAN_POINT('Origin',(-49.,-83.,0.));
#16635=CARTESIAN_POINT('',(-49.,-83.,5.));
#16636=CARTESIAN_POINT('',(-49.,-80.,5.));
#16637=CARTESIAN_POINT('',(-49.,-83.,0.));
#16638=CARTESIAN_POINT('Origin',(-52.,-83.,0.));
#16639=CARTESIAN_POINT('',(-55.,-83.,5.));
#16640=CARTESIAN_POINT('Origin',(-52.,-83.,5.));
#16641=CARTESIAN_POINT('',(-55.,-83.,0.));
#16642=CARTESIAN_POINT('Origin',(-55.,-77.,0.));
#16643=CARTESIAN_POINT('',(-55.,-77.,5.));
#16644=CARTESIAN_POINT('',(-55.,-80.,5.));
#16645=CARTESIAN_POINT('',(-55.,-77.,0.));
#16646=CARTESIAN_POINT('Origin',(-57.,-77.,0.));
#16647=CARTESIAN_POINT('',(-59.,-77.,5.));
#16648=CARTESIAN_POINT('Origin',(-57.,-77.,5.));
#16649=CARTESIAN_POINT('',(-59.,-77.,0.));
#16650=CARTESIAN_POINT('Origin',(-59.,-83.,0.));
#16651=CARTESIAN_POINT('',(-59.,-83.,5.));
#16652=CARTESIAN_POINT('',(-59.,-80.,5.));
#16653=CARTESIAN_POINT('',(-59.,-83.,0.));
#16654=CARTESIAN_POINT('Origin',(-62.,-83.,0.));
#16655=CARTESIAN_POINT('',(-65.,-83.,5.));
#16656=CARTESIAN_POINT('Origin',(-62.,-83.,5.));
#16657=CARTESIAN_POINT('',(-65.,-83.,0.));
#16658=CARTESIAN_POINT('Origin',(-66.5,-83.,0.));
#16659=CARTESIAN_POINT('Origin',(-66.5,-83.,5.));
#16660=CARTESIAN_POINT('Origin',(-87.1,-87.1,0.));
#16661=CARTESIAN_POINT('',(-87.1,-87.1,5.));
#16662=CARTESIAN_POINT('Origin',(-81.5,-66.5,0.));
#16663=CARTESIAN_POINT('',(-81.5,-66.5,5.));
#16664=CARTESIAN_POINT('',(-81.5,-81.5,5.));
#16665=CARTESIAN_POINT('',(-81.5,-66.5,0.));
#16666=CARTESIAN_POINT('Origin',(-83.,-66.5,0.));
#16667=CARTESIAN_POINT('',(-83.,-65.,5.));
#16668=CARTESIAN_POINT('Origin',(-83.,-66.5,5.));
#16669=CARTESIAN_POINT('',(-83.,-65.,0.));
#16670=CARTESIAN_POINT('Origin',(-83.,-62.,0.));
#16671=CARTESIAN_POINT('',(-83.,-59.,5.));
#16672=CARTESIAN_POINT('Origin',(-83.,-62.,5.));
#16673=CARTESIAN_POINT('',(-83.,-59.,0.));
#16674=CARTESIAN_POINT('Origin',(-77.,-59.,0.));
#16675=CARTESIAN_POINT('',(-77.,-59.,5.));
#16676=CARTESIAN_POINT('',(-80.,-59.,5.));
#16677=CARTESIAN_POINT('',(-77.,-59.,0.));
#16678=CARTESIAN_POINT('Origin',(-77.,-57.,0.));
#16679=CARTESIAN_POINT('',(-77.,-55.,5.));
#16680=CARTESIAN_POINT('Origin',(-77.,-57.,5.));
#16681=CARTESIAN_POINT('',(-77.,-55.,0.));
#16682=CARTESIAN_POINT('Origin',(-83.,-55.,0.));
#16683=CARTESIAN_POINT('',(-83.,-55.,5.));
#16684=CARTESIAN_POINT('',(-80.,-55.,5.));
#16685=CARTESIAN_POINT('',(-83.,-55.,0.));
#16686=CARTESIAN_POINT('Origin',(-83.,-52.,0.));
#16687=CARTESIAN_POINT('',(-83.,-49.,5.));
#16688=CARTESIAN_POINT('Origin',(-83.,-52.,5.));
#16689=CARTESIAN_POINT('',(-83.,-49.,0.));
#16690=CARTESIAN_POINT('Origin',(-77.,-49.,0.));
#16691=CARTESIAN_POINT('',(-77.,-49.,5.));
#16692=CARTESIAN_POINT('',(-80.,-49.,5.));
#16693=CARTESIAN_POINT('',(-77.,-49.,0.));
#16694=CARTESIAN_POINT('Origin',(-77.,-47.,0.));
#16695=CARTESIAN_POINT('',(-77.,-45.,5.));
#16696=CARTESIAN_POINT('Origin',(-77.,-47.,5.));
#16697=CARTESIAN_POINT('',(-77.,-45.,0.));
#16698=CARTESIAN_POINT('Origin',(-83.,-45.,0.));
#16699=CARTESIAN_POINT('',(-83.,-45.,5.));
#16700=CARTESIAN_POINT('',(-80.,-45.,5.));
#16701=CARTESIAN_POINT('',(-83.,-45.,0.));
#16702=CARTESIAN_POINT('Origin',(-83.,-42.,0.));
#16703=CARTESIAN_POINT('',(-83.,-39.,5.));
#16704=CARTESIAN_POINT('Origin',(-83.,-42.,5.));
#16705=CARTESIAN_POINT('',(-83.,-39.,0.));
#16706=CARTESIAN_POINT('Origin',(-77.,-39.,0.));
#16707=CARTESIAN_POINT('',(-77.,-39.,5.));
#16708=CARTESIAN_POINT('',(-80.,-39.,5.));
#16709=CARTESIAN_POINT('',(-77.,-39.,0.));
#16710=CARTESIAN_POINT('Origin',(-77.,-37.,0.));
#16711=CARTESIAN_POINT('',(-77.,-35.,5.));
#16712=CARTESIAN_POINT('Origin',(-77.,-37.,5.));
#16713=CARTESIAN_POINT('',(-77.,-35.,0.));
#16714=CARTESIAN_POINT('Origin',(-79.999999423181,-35.,0.));
#16715=CARTESIAN_POINT('',(-79.999999423181,-34.9999999999998,5.));
#16716=CARTESIAN_POINT('',(-80.,-35.,5.));
#16717=CARTESIAN_POINT('',(-79.999999423181,-34.9999999999998,0.));
#16718=CARTESIAN_POINT('Origin',(-80.,-33.4999999999999,0.));
#16719=CARTESIAN_POINT('',(-81.5,-33.4999999999999,5.));
#16720=CARTESIAN_POINT('Origin',(-80.,-33.4999999999999,5.));
#16721=CARTESIAN_POINT('',(-81.5,-33.4999999999999,0.));
#16722=CARTESIAN_POINT('Origin',(-81.5,33.4999999999999,0.));
#16723=CARTESIAN_POINT('',(-81.5,33.4999999999999,5.));
#16724=CARTESIAN_POINT('',(-81.5,-33.4999999999999,5.));
#16725=CARTESIAN_POINT('',(-81.5,33.4999999999999,0.));
#16726=CARTESIAN_POINT('Origin',(-80.,33.4999999999999,0.));
#16727=CARTESIAN_POINT('',(-80.,35.,5.));
#16728=CARTESIAN_POINT('Origin',(-80.,33.4999999999999,5.));
#16729=CARTESIAN_POINT('',(-80.,35.,0.));
#16730=CARTESIAN_POINT('Origin',(-77.,35.,0.));
#16731=CARTESIAN_POINT('',(-77.,35.,5.));
#16732=CARTESIAN_POINT('',(-80.,35.,5.));
#16733=CARTESIAN_POINT('',(-77.,35.,0.));
#16734=CARTESIAN_POINT('Origin',(-77.,37.,0.));
#16735=CARTESIAN_POINT('',(-77.,39.,5.));
#16736=CARTESIAN_POINT('Origin',(-77.,37.,5.));
#16737=CARTESIAN_POINT('',(-77.,39.,0.));
#16738=CARTESIAN_POINT('Origin',(-83.,39.,0.));
#16739=CARTESIAN_POINT('',(-83.,39.,5.));
#16740=CARTESIAN_POINT('',(-80.,39.,5.));
#16741=CARTESIAN_POINT('',(-83.,39.,0.));
#16742=CARTESIAN_POINT('Origin',(-83.,42.,0.));
#16743=CARTESIAN_POINT('',(-83.,45.,5.));
#16744=CARTESIAN_POINT('Origin',(-83.,42.,5.));
#16745=CARTESIAN_POINT('',(-83.,45.,0.));
#16746=CARTESIAN_POINT('Origin',(-77.,45.,0.));
#16747=CARTESIAN_POINT('',(-77.,45.,5.));
#16748=CARTESIAN_POINT('',(-80.,45.,5.));
#16749=CARTESIAN_POINT('',(-77.,45.,0.));
#16750=CARTESIAN_POINT('Origin',(-77.,47.,0.));
#16751=CARTESIAN_POINT('',(-77.,49.,5.));
#16752=CARTESIAN_POINT('Origin',(-77.,47.,5.));
#16753=CARTESIAN_POINT('',(-77.,49.,0.));
#16754=CARTESIAN_POINT('Origin',(-83.,49.,0.));
#16755=CARTESIAN_POINT('',(-83.,49.,5.));
#16756=CARTESIAN_POINT('',(-80.,49.,5.));
#16757=CARTESIAN_POINT('',(-83.,49.,0.));
#16758=CARTESIAN_POINT('Origin',(-83.,52.,0.));
#16759=CARTESIAN_POINT('',(-83.,55.,5.));
#16760=CARTESIAN_POINT('Origin',(-83.,52.,5.));
#16761=CARTESIAN_POINT('',(-83.,55.,0.));
#16762=CARTESIAN_POINT('Origin',(-77.,55.,0.));
#16763=CARTESIAN_POINT('',(-77.,55.,5.));
#16764=CARTESIAN_POINT('',(-80.,55.,5.));
#16765=CARTESIAN_POINT('',(-77.,55.,0.));
#16766=CARTESIAN_POINT('Origin',(-77.,57.,0.));
#16767=CARTESIAN_POINT('',(-77.,59.,5.));
#16768=CARTESIAN_POINT('Origin',(-77.,57.,5.));
#16769=CARTESIAN_POINT('',(-77.,59.,0.));
#16770=CARTESIAN_POINT('Origin',(-83.,59.,0.));
#16771=CARTESIAN_POINT('',(-83.,59.,5.));
#16772=CARTESIAN_POINT('',(-80.,59.,5.));
#16773=CARTESIAN_POINT('',(-83.,59.,0.));
#16774=CARTESIAN_POINT('Origin',(-83.,62.,0.));
#16775=CARTESIAN_POINT('',(-83.,65.,5.));
#16776=CARTESIAN_POINT('Origin',(-83.,62.,5.));
#16777=CARTESIAN_POINT('',(-83.,65.,0.));
#16778=CARTESIAN_POINT('Origin',(-83.,66.5,0.));
#16779=CARTESIAN_POINT('Origin',(-83.,66.5,5.));
#16780=CARTESIAN_POINT('Origin',(-87.1,87.1,0.));
#16781=CARTESIAN_POINT('',(-87.1,72.9,5.));
#16782=CARTESIAN_POINT('Origin',(-66.5,81.5,0.));
#16783=CARTESIAN_POINT('',(-66.5,81.5,5.));
#16784=CARTESIAN_POINT('',(-81.5,81.5,5.));
#16785=CARTESIAN_POINT('',(-66.5,81.5,0.));
#16786=CARTESIAN_POINT('Origin',(-66.5,83.,0.));
#16787=CARTESIAN_POINT('',(-65.,83.,5.));
#16788=CARTESIAN_POINT('Origin',(-66.5,83.,5.));
#16789=CARTESIAN_POINT('',(-65.,83.,0.));
#16790=CARTESIAN_POINT('Origin',(-62.,83.,0.));
#16791=CARTESIAN_POINT('',(-59.,83.,5.));
#16792=CARTESIAN_POINT('Origin',(-62.,83.,5.));
#16793=CARTESIAN_POINT('',(-59.,83.,0.));
#16794=CARTESIAN_POINT('Origin',(-59.,77.,0.));
#16795=CARTESIAN_POINT('',(-59.,77.,5.));
#16796=CARTESIAN_POINT('',(-59.,80.,5.));
#16797=CARTESIAN_POINT('',(-59.,77.,0.));
#16798=CARTESIAN_POINT('Origin',(-57.,77.,0.));
#16799=CARTESIAN_POINT('',(-55.,77.,5.));
#16800=CARTESIAN_POINT('Origin',(-57.,77.,5.));
#16801=CARTESIAN_POINT('',(-55.,77.,0.));
#16802=CARTESIAN_POINT('Origin',(-55.,83.,0.));
#16803=CARTESIAN_POINT('',(-55.,83.,5.));
#16804=CARTESIAN_POINT('',(-55.,80.,5.));
#16805=CARTESIAN_POINT('',(-55.,83.,0.));
#16806=CARTESIAN_POINT('Origin',(-52.,83.,0.));
#16807=CARTESIAN_POINT('',(-49.,83.,5.));
#16808=CARTESIAN_POINT('Origin',(-52.,83.,5.));
#16809=CARTESIAN_POINT('',(-49.,83.,0.));
#16810=CARTESIAN_POINT('Origin',(-49.,77.,0.));
#16811=CARTESIAN_POINT('',(-49.,77.,5.));
#16812=CARTESIAN_POINT('',(-49.,80.,5.));
#16813=CARTESIAN_POINT('',(-49.,77.,0.));
#16814=CARTESIAN_POINT('Origin',(-47.,77.,0.));
#16815=CARTESIAN_POINT('',(-45.,77.,5.));
#16816=CARTESIAN_POINT('Origin',(-47.,77.,5.));
#16817=CARTESIAN_POINT('',(-45.,77.,0.));
#16818=CARTESIAN_POINT('Origin',(-45.,83.,0.));
#16819=CARTESIAN_POINT('',(-45.,83.,5.));
#16820=CARTESIAN_POINT('',(-45.,80.,5.));
#16821=CARTESIAN_POINT('',(-45.,83.,0.));
#16822=CARTESIAN_POINT('Origin',(-42.,83.,0.));
#16823=CARTESIAN_POINT('',(-39.,83.,5.));
#16824=CARTESIAN_POINT('Origin',(-42.,83.,5.));
#16825=CARTESIAN_POINT('',(-39.,83.,0.));
#16826=CARTESIAN_POINT('Origin',(-39.,77.,0.));
#16827=CARTESIAN_POINT('',(-39.,77.,5.));
#16828=CARTESIAN_POINT('',(-39.,80.,5.));
#16829=CARTESIAN_POINT('',(-39.,77.,0.));
#16830=CARTESIAN_POINT('Origin',(-37.,77.,0.));
#16831=CARTESIAN_POINT('',(-35.,77.,5.));
#16832=CARTESIAN_POINT('Origin',(-37.,77.,5.));
#16833=CARTESIAN_POINT('',(-35.,77.,0.));
#16834=CARTESIAN_POINT('Origin',(-35.,80.,0.));
#16835=CARTESIAN_POINT('',(-35.,80.,5.));
#16836=CARTESIAN_POINT('',(-35.,80.,5.));
#16837=CARTESIAN_POINT('',(-35.,80.,0.));
#16838=CARTESIAN_POINT('Origin',(-33.4999999999999,80.,0.));
#16839=CARTESIAN_POINT('Origin',(-33.4999999999999,80.,5.));
#16840=CARTESIAN_POINT('Origin',(33.4999999999999,80.,0.));
#16841=CARTESIAN_POINT('',(35.,80.,5.));
#16842=CARTESIAN_POINT('Origin',(33.4999999999999,80.,5.));
#16843=CARTESIAN_POINT('',(35.,80.,0.));
#16844=CARTESIAN_POINT('Origin',(35.,77.,0.));
#16845=CARTESIAN_POINT('',(35.,77.,5.));
#16846=CARTESIAN_POINT('',(35.,80.,5.));
#16847=CARTESIAN_POINT('',(35.,77.,0.));
#16848=CARTESIAN_POINT('Origin',(37.,77.,0.));
#16849=CARTESIAN_POINT('',(39.,77.,5.));
#16850=CARTESIAN_POINT('Origin',(37.,77.,5.));
#16851=CARTESIAN_POINT('',(39.,77.,0.));
#16852=CARTESIAN_POINT('Origin',(39.,83.,0.));
#16853=CARTESIAN_POINT('',(39.,83.,5.));
#16854=CARTESIAN_POINT('',(39.,80.,5.));
#16855=CARTESIAN_POINT('',(39.,83.,0.));
#16856=CARTESIAN_POINT('Origin',(42.,83.,0.));
#16857=CARTESIAN_POINT('',(45.,83.,5.));
#16858=CARTESIAN_POINT('Origin',(42.,83.,5.));
#16859=CARTESIAN_POINT('',(45.,83.,0.));
#16860=CARTESIAN_POINT('Origin',(45.,77.,0.));
#16861=CARTESIAN_POINT('',(45.,77.,5.));
#16862=CARTESIAN_POINT('',(45.,80.,5.));
#16863=CARTESIAN_POINT('',(45.,77.,0.));
#16864=CARTESIAN_POINT('Origin',(47.,77.,0.));
#16865=CARTESIAN_POINT('',(49.,77.,5.));
#16866=CARTESIAN_POINT('Origin',(47.,77.,5.));
#16867=CARTESIAN_POINT('',(49.,77.,0.));
#16868=CARTESIAN_POINT('Origin',(49.,83.,0.));
#16869=CARTESIAN_POINT('',(49.,83.,5.));
#16870=CARTESIAN_POINT('',(49.,80.,5.));
#16871=CARTESIAN_POINT('',(49.,83.,0.));
#16872=CARTESIAN_POINT('Origin',(52.,83.,0.));
#16873=CARTESIAN_POINT('',(55.,83.,5.));
#16874=CARTESIAN_POINT('Origin',(52.,83.,5.));
#16875=CARTESIAN_POINT('',(55.,83.,0.));
#16876=CARTESIAN_POINT('Origin',(55.,77.,0.));
#16877=CARTESIAN_POINT('',(55.,77.,5.));
#16878=CARTESIAN_POINT('',(55.,80.,5.));
#16879=CARTESIAN_POINT('',(55.,77.,0.));
#16880=CARTESIAN_POINT('Origin',(57.,77.,0.));
#16881=CARTESIAN_POINT('',(59.,77.,5.));
#16882=CARTESIAN_POINT('Origin',(57.,77.,5.));
#16883=CARTESIAN_POINT('',(59.,77.,0.));
#16884=CARTESIAN_POINT('Origin',(59.,83.,0.));
#16885=CARTESIAN_POINT('',(59.,83.,5.));
#16886=CARTESIAN_POINT('',(59.,80.,5.));
#16887=CARTESIAN_POINT('',(59.,83.,0.));
#16888=CARTESIAN_POINT('Origin',(62.,83.,0.));
#16889=CARTESIAN_POINT('',(65.,83.,5.));
#16890=CARTESIAN_POINT('Origin',(62.,83.,5.));
#16891=CARTESIAN_POINT('',(65.,83.,0.));
#16892=CARTESIAN_POINT('Origin',(66.5,83.,0.));
#16893=CARTESIAN_POINT('Origin',(66.5,83.,5.));
#16894=CARTESIAN_POINT('Origin',(81.5,66.5,0.));
#16895=CARTESIAN_POINT('',(81.5,66.5,5.));
#16896=CARTESIAN_POINT('',(81.5,81.5,5.));
#16897=CARTESIAN_POINT('',(81.5,66.5,0.));
#16898=CARTESIAN_POINT('Origin',(83.,66.5,0.));
#16899=CARTESIAN_POINT('',(83.,65.,5.));
#16900=CARTESIAN_POINT('Origin',(83.,66.5,5.));
#16901=CARTESIAN_POINT('',(83.,65.,0.));
#16902=CARTESIAN_POINT('Origin',(83.,62.,0.));
#16903=CARTESIAN_POINT('',(83.,59.,5.));
#16904=CARTESIAN_POINT('Origin',(83.,62.,5.));
#16905=CARTESIAN_POINT('',(83.,59.,0.));
#16906=CARTESIAN_POINT('Origin',(77.,59.,0.));
#16907=CARTESIAN_POINT('',(77.,59.,5.));
#16908=CARTESIAN_POINT('',(80.,59.,5.));
#16909=CARTESIAN_POINT('',(77.,59.,0.));
#16910=CARTESIAN_POINT('Origin',(77.,57.,0.));
#16911=CARTESIAN_POINT('',(77.,55.,5.));
#16912=CARTESIAN_POINT('Origin',(77.,57.,5.));
#16913=CARTESIAN_POINT('',(77.,55.,0.));
#16914=CARTESIAN_POINT('Origin',(83.,55.,0.));
#16915=CARTESIAN_POINT('',(83.,55.,5.));
#16916=CARTESIAN_POINT('',(80.,55.,5.));
#16917=CARTESIAN_POINT('',(83.,55.,0.));
#16918=CARTESIAN_POINT('Origin',(83.,52.,0.));
#16919=CARTESIAN_POINT('',(83.,49.,5.));
#16920=CARTESIAN_POINT('Origin',(83.,52.,5.));
#16921=CARTESIAN_POINT('',(83.,49.,0.));
#16922=CARTESIAN_POINT('Origin',(77.,49.,0.));
#16923=CARTESIAN_POINT('',(77.,49.,5.));
#16924=CARTESIAN_POINT('',(80.,49.,5.));
#16925=CARTESIAN_POINT('',(77.,49.,0.));
#16926=CARTESIAN_POINT('Origin',(77.,47.,0.));
#16927=CARTESIAN_POINT('',(77.,45.,5.));
#16928=CARTESIAN_POINT('Origin',(77.,47.,5.));
#16929=CARTESIAN_POINT('',(77.,45.,0.));
#16930=CARTESIAN_POINT('Origin',(83.,45.,0.));
#16931=CARTESIAN_POINT('',(83.,45.,5.));
#16932=CARTESIAN_POINT('',(80.,45.,5.));
#16933=CARTESIAN_POINT('',(83.,45.,0.));
#16934=CARTESIAN_POINT('Origin',(83.,42.,0.));
#16935=CARTESIAN_POINT('',(83.,39.,5.));
#16936=CARTESIAN_POINT('Origin',(83.,42.,5.));
#16937=CARTESIAN_POINT('',(83.,39.,0.));
#16938=CARTESIAN_POINT('Origin',(77.,39.,0.));
#16939=CARTESIAN_POINT('',(77.,39.,5.));
#16940=CARTESIAN_POINT('',(80.,39.,5.));
#16941=CARTESIAN_POINT('',(77.,39.,0.));
#16942=CARTESIAN_POINT('Origin',(77.,37.,0.));
#16943=CARTESIAN_POINT('',(77.,35.,5.));
#16944=CARTESIAN_POINT('Origin',(77.,37.,5.));
#16945=CARTESIAN_POINT('',(77.,35.,0.));
#16946=CARTESIAN_POINT('Origin',(80.,35.,0.));
#16947=CARTESIAN_POINT('',(80.,35.,5.));
#16948=CARTESIAN_POINT('',(80.,35.,5.));
#16949=CARTESIAN_POINT('',(80.,35.,0.));
#16950=CARTESIAN_POINT('Origin',(80.,33.4999999999999,0.));
#16951=CARTESIAN_POINT('Origin',(80.,33.4999999999999,5.));
#16952=CARTESIAN_POINT('Origin',(0.,0.,5.));
#16953=CARTESIAN_POINT('',(0.,0.,0.));
#16954=UNCERTAINTY_MEASURE_WITH_UNIT(LENGTH_MEASURE(0.01),#16960,
'DISTANCE_ACCURACY_VALUE',
'Maximum model space distance between geometric entities at asserted c
onnectivities');
#16955=UNCERTAINTY_MEASURE_WITH_UNIT(LENGTH_MEASURE(0.01),#16960,
'DISTANCE_ACCURACY_VALUE',
'Maximum model space distance between geometric entities at asserted c
onnectivities');
#16956=UNCERTAINTY_MEASURE_WITH_UNIT(LENGTH_MEASURE(0.01),#16960,
'DISTANCE_ACCURACY_VALUE',
'Maximum model space distance between geometric entities at asserted c
onnectivities');
#16957=(
GEOMETRIC_REPRESENTATION_CONTEXT(3)
GLOBAL_UNCERTAINTY_ASSIGNED_CONTEXT((#16954))
GLOBAL_UNIT_ASSIGNED_CONTEXT((#16960,#16962,#16963))
REPRESENTATION_CONTEXT('','3D')
);
#16958=(
GEOMETRIC_REPRESENTATION_CONTEXT(3)
GLOBAL_UNCERTAINTY_ASSIGNED_CONTEXT((#16955))
GLOBAL_UNIT_ASSIGNED_CONTEXT((#16960,#16962,#16963))
REPRESENTATION_CONTEXT('','3D')
);
#16959=(
GEOMETRIC_REPRESENTATION_CONTEXT(3)
GLOBAL_UNCERTAINTY_ASSIGNED_CONTEXT((#16956))
GLOBAL_UNIT_ASSIGNED_CONTEXT((#16960,#16962,#16963))
REPRESENTATION_CONTEXT('','3D')
);
#16960=(
LENGTH_UNIT()
NAMED_UNIT(*)
SI_UNIT(.MILLI.,.METRE.)
);
#16961=(
LENGTH_UNIT()
NAMED_UNIT(*)
SI_UNIT($,.METRE.)
);
#16962=(
NAMED_UNIT(*)
PLANE_ANGLE_UNIT()
SI_UNIT($,.RADIAN.)
);
#16963=(
NAMED_UNIT(*)
SI_UNIT($,.STERADIAN.)
SOLID_ANGLE_UNIT()
);
#16964=SHAPE_DEFINITION_REPRESENTATION(#16966,#16969);
#16965=SHAPE_DEFINITION_REPRESENTATION(#16967,#16970);
#16966=PRODUCT_DEFINITION_SHAPE('',$,#16972);
#16967=PRODUCT_DEFINITION_SHAPE('',$,#16973);
#16968=PRODUCT_DEFINITION_SHAPE($,$,#14);
#16969=SHAPE_REPRESENTATION('',(#9978,#10984),#16957);
#16970=SHAPE_REPRESENTATION('',(#9979),#16958);
#16971=PRODUCT_DEFINITION_CONTEXT('part definition',#16979,'design');
#16972=PRODUCT_DEFINITION('2026-09-09-12-51-34-190','flexure_stage_v6',
#16974,#16971);
#16973=PRODUCT_DEFINITION('2026-09-09-13-48-53-348','2_leaf',#16975,#16971);
#16974=PRODUCT_DEFINITION_FORMATION('',$,#16981);
#16975=PRODUCT_DEFINITION_FORMATION('',$,#16982);
#16976=PRODUCT_RELATED_PRODUCT_CATEGORY('flexure_stage_v6',
'flexure_stage_v6',(#16981));
#16977=PRODUCT_RELATED_PRODUCT_CATEGORY('2_leaf','2_leaf',(#16982));
#16978=APPLICATION_PROTOCOL_DEFINITION('international standard',
'automotive_design',2009,#16979);
#16979=APPLICATION_CONTEXT(
'Core Data for Automotive Mechanical Design Process');
#16980=PRODUCT_CONTEXT('part definition',#16979,'mechanical');
#16981=PRODUCT('2026-09-09-12-51-34-190','flexure_stage_v6',$,(#16980));
#16982=PRODUCT('2026-09-09-13-48-53-348','2_leaf',$,(#16980));
#16983=PRESENTATION_STYLE_ASSIGNMENT((#16984));
#16984=SURFACE_STYLE_USAGE(.BOTH.,#16985);
#16985=SURFACE_SIDE_STYLE('',(#16986));
#16986=SURFACE_STYLE_FILL_AREA(#16987);
#16987=FILL_AREA_STYLE('Steel - Satin',(#16988));
#16988=FILL_AREA_STYLE_COLOUR('Steel - Satin',#16989);
#16989=COLOUR_RGB('Steel - Satin',0.627450980392157,0.627450980392157,0.627450980392157);
ENDSEC;
END-ISO-10303-21;
