ISO-10303-21;
HEADER;
/* Generated by software containing ST-Developer
 * from STEP Tools, Inc. (www.steptools.com) 
 */

FILE_DESCRIPTION(
/* description */ (''),
/* implementation_level */ '2;1');

FILE_NAME(
/* name */ 'sideplate.step',
/* time_stamp */ '2026-10-06T13:46:16+03:00',
/* author */ (''),
/* organization */ (''),
/* preprocessor_version */ 'ST-DEVELOPER v20.2',
/* originating_system */ 'Autodesk Translation Framework v15.15.0.0',
/* authorisation */ '');

FILE_SCHEMA (('AUTOMOTIVE_DESIGN { 1 0 10303 214 3 1 1 }'));
ENDSEC;

DATA;
#10=MECHANICAL_DESIGN_GEOMETRIC_PRESENTATION_REPRESENTATION('',(#135,#136,
#137,#138,#139,#140,#141,#142,#143,#144),#5793);
#11=ITEM_DEFINED_TRANSFORMATION($,$,#3502,#3819);
#12=ITEM_DEFINED_TRANSFORMATION($,$,#3502,#3820);
#13=ITEM_DEFINED_TRANSFORMATION($,$,#3502,#3821);
#14=ITEM_DEFINED_TRANSFORMATION($,$,#3502,#3822);
#15=ITEM_DEFINED_TRANSFORMATION($,$,#3502,#3823);
#16=ITEM_DEFINED_TRANSFORMATION($,$,#3502,#3824);
#17=ITEM_DEFINED_TRANSFORMATION($,$,#3502,#3825);
#18=ITEM_DEFINED_TRANSFORMATION($,$,#3502,#3826);
#19=ITEM_DEFINED_TRANSFORMATION($,$,#3502,#3827);
#20=ITEM_DEFINED_TRANSFORMATION($,$,#3502,#3828);
#21=ITEM_DEFINED_TRANSFORMATION($,$,#3502,#3829);
#22=ITEM_DEFINED_TRANSFORMATION($,$,#3502,#3830);
#23=ITEM_DEFINED_TRANSFORMATION($,$,#3502,#3831);
#24=ITEM_DEFINED_TRANSFORMATION($,$,#3502,#3832);
#25=ITEM_DEFINED_TRANSFORMATION($,$,#3502,#3833);
#26=ITEM_DEFINED_TRANSFORMATION($,$,#3502,#3834);
#27=ITEM_DEFINED_TRANSFORMATION($,$,#3502,#3835);
#28=ITEM_DEFINED_TRANSFORMATION($,$,#3502,#3836);
#29=ITEM_DEFINED_TRANSFORMATION($,$,#3502,#3837);
#30=ITEM_DEFINED_TRANSFORMATION($,$,#3502,#3838);
#31=ITEM_DEFINED_TRANSFORMATION($,$,#3502,#3839);
#32=ITEM_DEFINED_TRANSFORMATION($,$,#3502,#3840);
#33=ITEM_DEFINED_TRANSFORMATION($,$,#3502,#3841);
#34=ITEM_DEFINED_TRANSFORMATION($,$,#3502,#3842);
#35=ITEM_DEFINED_TRANSFORMATION($,$,#3502,#3843);
#36=ITEM_DEFINED_TRANSFORMATION($,$,#3502,#3844);
#37=ITEM_DEFINED_TRANSFORMATION($,$,#3502,#3845);
#38=ITEM_DEFINED_TRANSFORMATION($,$,#3502,#3846);
#39=ITEM_DEFINED_TRANSFORMATION($,$,#3502,#3847);
#40=ITEM_DEFINED_TRANSFORMATION($,$,#3502,#3848);
#41=(
REPRESENTATION_RELATIONSHIP($,$,#5833,#5832)
REPRESENTATION_RELATIONSHIP_WITH_TRANSFORMATION(#11)
SHAPE_REPRESENTATION_RELATIONSHIP()
);
#42=(
REPRESENTATION_RELATIONSHIP($,$,#5833,#5832)
REPRESENTATION_RELATIONSHIP_WITH_TRANSFORMATION(#12)
SHAPE_REPRESENTATION_RELATIONSHIP()
);
#43=(
REPRESENTATION_RELATIONSHIP($,$,#5833,#5832)
REPRESENTATION_RELATIONSHIP_WITH_TRANSFORMATION(#13)
SHAPE_REPRESENTATION_RELATIONSHIP()
);
#44=(
REPRESENTATION_RELATIONSHIP($,$,#5833,#5832)
REPRESENTATION_RELATIONSHIP_WITH_TRANSFORMATION(#14)
SHAPE_REPRESENTATION_RELATIONSHIP()
);
#45=(
REPRESENTATION_RELATIONSHIP($,$,#5833,#5832)
REPRESENTATION_RELATIONSHIP_WITH_TRANSFORMATION(#15)
SHAPE_REPRESENTATION_RELATIONSHIP()
);
#46=(
REPRESENTATION_RELATIONSHIP($,$,#5833,#5832)
REPRESENTATION_RELATIONSHIP_WITH_TRANSFORMATION(#16)
SHAPE_REPRESENTATION_RELATIONSHIP()
);
#47=(
REPRESENTATION_RELATIONSHIP($,$,#5833,#5832)
REPRESENTATION_RELATIONSHIP_WITH_TRANSFORMATION(#17)
SHAPE_REPRESENTATION_RELATIONSHIP()
);
#48=(
REPRESENTATION_RELATIONSHIP($,$,#5833,#5832)
REPRESENTATION_RELATIONSHIP_WITH_TRANSFORMATION(#18)
SHAPE_REPRESENTATION_RELATIONSHIP()
);
#49=(
REPRESENTATION_RELATIONSHIP($,$,#5833,#5832)
REPRESENTATION_RELATIONSHIP_WITH_TRANSFORMATION(#19)
SHAPE_REPRESENTATION_RELATIONSHIP()
);
#50=(
REPRESENTATION_RELATIONSHIP($,$,#5833,#5832)
REPRESENTATION_RELATIONSHIP_WITH_TRANSFORMATION(#20)
SHAPE_REPRESENTATION_RELATIONSHIP()
);
#51=(
REPRESENTATION_RELATIONSHIP($,$,#5833,#5832)
REPRESENTATION_RELATIONSHIP_WITH_TRANSFORMATION(#21)
SHAPE_REPRESENTATION_RELATIONSHIP()
);
#52=(
REPRESENTATION_RELATIONSHIP($,$,#5833,#5832)
REPRESENTATION_RELATIONSHIP_WITH_TRANSFORMATION(#22)
SHAPE_REPRESENTATION_RELATIONSHIP()
);
#53=(
REPRESENTATION_RELATIONSHIP($,$,#5833,#5832)
REPRESENTATION_RELATIONSHIP_WITH_TRANSFORMATION(#23)
SHAPE_REPRESENTATION_RELATIONSHIP()
);
#54=(
REPRESENTATION_RELATIONSHIP($,$,#5833,#5832)
REPRESENTATION_RELATIONSHIP_WITH_TRANSFORMATION(#24)
SHAPE_REPRESENTATION_RELATIONSHIP()
);
#55=(
REPRESENTATION_RELATIONSHIP($,$,#5833,#5832)
REPRESENTATION_RELATIONSHIP_WITH_TRANSFORMATION(#25)
SHAPE_REPRESENTATION_RELATIONSHIP()
);
#56=(
REPRESENTATION_RELATIONSHIP($,$,#5833,#5832)
REPRESENTATION_RELATIONSHIP_WITH_TRANSFORMATION(#26)
SHAPE_REPRESENTATION_RELATIONSHIP()
);
#57=(
REPRESENTATION_RELATIONSHIP($,$,#5833,#5832)
REPRESENTATION_RELATIONSHIP_WITH_TRANSFORMATION(#27)
SHAPE_REPRESENTATION_RELATIONSHIP()
);
#58=(
REPRESENTATION_RELATIONSHIP($,$,#5833,#5832)
REPRESENTATION_RELATIONSHIP_WITH_TRANSFORMATION(#28)
SHAPE_REPRESENTATION_RELATIONSHIP()
);
#59=(
REPRESENTATION_RELATIONSHIP($,$,#5833,#5832)
REPRESENTATION_RELATIONSHIP_WITH_TRANSFORMATION(#29)
SHAPE_REPRESENTATION_RELATIONSHIP()
);
#60=(
REPRESENTATION_RELATIONSHIP($,$,#5833,#5832)
REPRESENTATION_RELATIONSHIP_WITH_TRANSFORMATION(#30)
SHAPE_REPRESENTATION_RELATIONSHIP()
);
#61=(
REPRESENTATION_RELATIONSHIP($,$,#5833,#5832)
REPRESENTATION_RELATIONSHIP_WITH_TRANSFORMATION(#31)
SHAPE_REPRESENTATION_RELATIONSHIP()
);
#62=(
REPRESENTATION_RELATIONSHIP($,$,#5833,#5832)
REPRESENTATION_RELATIONSHIP_WITH_TRANSFORMATION(#32)
SHAPE_REPRESENTATION_RELATIONSHIP()
);
#63=(
REPRESENTATION_RELATIONSHIP($,$,#5833,#5832)
REPRESENTATION_RELATIONSHIP_WITH_TRANSFORMATION(#33)
SHAPE_REPRESENTATION_RELATIONSHIP()
);
#64=(
REPRESENTATION_RELATIONSHIP($,$,#5833,#5832)
REPRESENTATION_RELATIONSHIP_WITH_TRANSFORMATION(#34)
SHAPE_REPRESENTATION_RELATIONSHIP()
);
#65=(
REPRESENTATION_RELATIONSHIP($,$,#5833,#5832)
REPRESENTATION_RELATIONSHIP_WITH_TRANSFORMATION(#35)
SHAPE_REPRESENTATION_RELATIONSHIP()
);
#66=(
REPRESENTATION_RELATIONSHIP($,$,#5833,#5832)
REPRESENTATION_RELATIONSHIP_WITH_TRANSFORMATION(#36)
SHAPE_REPRESENTATION_RELATIONSHIP()
);
#67=(
REPRESENTATION_RELATIONSHIP($,$,#5833,#5832)
REPRESENTATION_RELATIONSHIP_WITH_TRANSFORMATION(#37)
SHAPE_REPRESENTATION_RELATIONSHIP()
);
#68=(
REPRESENTATION_RELATIONSHIP($,$,#5833,#5832)
REPRESENTATION_RELATIONSHIP_WITH_TRANSFORMATION(#38)
SHAPE_REPRESENTATION_RELATIONSHIP()
);
#69=(
REPRESENTATION_RELATIONSHIP($,$,#5833,#5832)
REPRESENTATION_RELATIONSHIP_WITH_TRANSFORMATION(#39)
SHAPE_REPRESENTATION_RELATIONSHIP()
);
#70=(
REPRESENTATION_RELATIONSHIP($,$,#5833,#5832)
REPRESENTATION_RELATIONSHIP_WITH_TRANSFORMATION(#40)
SHAPE_REPRESENTATION_RELATIONSHIP()
);
#71=CONTEXT_DEPENDENT_SHAPE_REPRESENTATION(#41,#5802);
#72=CONTEXT_DEPENDENT_SHAPE_REPRESENTATION(#42,#5803);
#73=CONTEXT_DEPENDENT_SHAPE_REPRESENTATION(#43,#5804);
#74=CONTEXT_DEPENDENT_SHAPE_REPRESENTATION(#44,#5805);
#75=CONTEXT_DEPENDENT_SHAPE_REPRESENTATION(#45,#5806);
#76=CONTEXT_DEPENDENT_SHAPE_REPRESENTATION(#46,#5807);
#77=CONTEXT_DEPENDENT_SHAPE_REPRESENTATION(#47,#5808);
#78=CONTEXT_DEPENDENT_SHAPE_REPRESENTATION(#48,#5809);
#79=CONTEXT_DEPENDENT_SHAPE_REPRESENTATION(#49,#5810);
#80=CONTEXT_DEPENDENT_SHAPE_REPRESENTATION(#50,#5811);
#81=CONTEXT_DEPENDENT_SHAPE_REPRESENTATION(#51,#5812);
#82=CONTEXT_DEPENDENT_SHAPE_REPRESENTATION(#52,#5813);
#83=CONTEXT_DEPENDENT_SHAPE_REPRESENTATION(#53,#5814);
#84=CONTEXT_DEPENDENT_SHAPE_REPRESENTATION(#54,#5815);
#85=CONTEXT_DEPENDENT_SHAPE_REPRESENTATION(#55,#5816);
#86=CONTEXT_DEPENDENT_SHAPE_REPRESENTATION(#56,#5817);
#87=CONTEXT_DEPENDENT_SHAPE_REPRESENTATION(#57,#5818);
#88=CONTEXT_DEPENDENT_SHAPE_REPRESENTATION(#58,#5819);
#89=CONTEXT_DEPENDENT_SHAPE_REPRESENTATION(#59,#5820);
#90=CONTEXT_DEPENDENT_SHAPE_REPRESENTATION(#60,#5821);
#91=CONTEXT_DEPENDENT_SHAPE_REPRESENTATION(#61,#5822);
#92=CONTEXT_DEPENDENT_SHAPE_REPRESENTATION(#62,#5823);
#93=CONTEXT_DEPENDENT_SHAPE_REPRESENTATION(#63,#5824);
#94=CONTEXT_DEPENDENT_SHAPE_REPRESENTATION(#64,#5825);
#95=CONTEXT_DEPENDENT_SHAPE_REPRESENTATION(#65,#5826);
#96=CONTEXT_DEPENDENT_SHAPE_REPRESENTATION(#66,#5827);
#97=CONTEXT_DEPENDENT_SHAPE_REPRESENTATION(#67,#5828);
#98=CONTEXT_DEPENDENT_SHAPE_REPRESENTATION(#68,#5829);
#99=CONTEXT_DEPENDENT_SHAPE_REPRESENTATION(#69,#5830);
#100=CONTEXT_DEPENDENT_SHAPE_REPRESENTATION(#70,#5831);
#101=NEXT_ASSEMBLY_USAGE_OCCURRENCE(
'Rivet DIN 660 - 5 x 12 Steel Plain:1',
'Rivet DIN 660 - 5 x 12 Steel Plain:1',
'Rivet DIN 660 - 5 x 12 Steel Plain:1',#5835,#5836,
'Rivet DIN 660 - 5 x 12 Steel Plain:1');
#102=NEXT_ASSEMBLY_USAGE_OCCURRENCE(
'Rivet DIN 660 - 5 x 12 Steel Plain:2',
'Rivet DIN 660 - 5 x 12 Steel Plain:2',
'Rivet DIN 660 - 5 x 12 Steel Plain:2',#5835,#5836,
'Rivet DIN 660 - 5 x 12 Steel Plain:2');
#103=NEXT_ASSEMBLY_USAGE_OCCURRENCE(
'Rivet DIN 660 - 5 x 12 Steel Plain:3',
'Rivet DIN 660 - 5 x 12 Steel Plain:3',
'Rivet DIN 660 - 5 x 12 Steel Plain:3',#5835,#5836,
'Rivet DIN 660 - 5 x 12 Steel Plain:3');
#104=NEXT_ASSEMBLY_USAGE_OCCURRENCE(
'Rivet DIN 660 - 5 x 12 Steel Plain:4',
'Rivet DIN 660 - 5 x 12 Steel Plain:4',
'Rivet DIN 660 - 5 x 12 Steel Plain:4',#5835,#5836,
'Rivet DIN 660 - 5 x 12 Steel Plain:4');
#105=NEXT_ASSEMBLY_USAGE_OCCURRENCE(
'Rivet DIN 660 - 5 x 12 Steel Plain:5',
'Rivet DIN 660 - 5 x 12 Steel Plain:5',
'Rivet DIN 660 - 5 x 12 Steel Plain:5',#5835,#5836,
'Rivet DIN 660 - 5 x 12 Steel Plain:5');
#106=NEXT_ASSEMBLY_USAGE_OCCURRENCE(
'Rivet DIN 660 - 5 x 12 Steel Plain:6',
'Rivet DIN 660 - 5 x 12 Steel Plain:6',
'Rivet DIN 660 - 5 x 12 Steel Plain:6',#5835,#5836,
'Rivet DIN 660 - 5 x 12 Steel Plain:6');
#107=NEXT_ASSEMBLY_USAGE_OCCURRENCE(
'Rivet DIN 660 - 5 x 12 Steel Plain:7',
'Rivet DIN 660 - 5 x 12 Steel Plain:7',
'Rivet DIN 660 - 5 x 12 Steel Plain:7',#5835,#5836,
'Rivet DIN 660 - 5 x 12 Steel Plain:7');
#108=NEXT_ASSEMBLY_USAGE_OCCURRENCE(
'Rivet DIN 660 - 5 x 12 Steel Plain:8',
'Rivet DIN 660 - 5 x 12 Steel Plain:8',
'Rivet DIN 660 - 5 x 12 Steel Plain:8',#5835,#5836,
'Rivet DIN 660 - 5 x 12 Steel Plain:8');
#109=NEXT_ASSEMBLY_USAGE_OCCURRENCE(
'Rivet DIN 660 - 5 x 12 Steel Plain:9',
'Rivet DIN 660 - 5 x 12 Steel Plain:9',
'Rivet DIN 660 - 5 x 12 Steel Plain:9',#5835,#5836,
'Rivet DIN 660 - 5 x 12 Steel Plain:9');
#110=NEXT_ASSEMBLY_USAGE_OCCURRENCE(
'Rivet DIN 660 - 5 x 12 Steel Plain:10',
'Rivet DIN 660 - 5 x 12 Steel Plain:10',
'Rivet DIN 660 - 5 x 12 Steel Plain:10',#5835,#5836,
'Rivet DIN 660 - 5 x 12 Steel Plain:10');
#111=NEXT_ASSEMBLY_USAGE_OCCURRENCE(
'Rivet DIN 660 - 5 x 12 Steel Plain:11',
'Rivet DIN 660 - 5 x 12 Steel Plain:11',
'Rivet DIN 660 - 5 x 12 Steel Plain:11',#5835,#5836,
'Rivet DIN 660 - 5 x 12 Steel Plain:11');
#112=NEXT_ASSEMBLY_USAGE_OCCURRENCE(
'Rivet DIN 660 - 5 x 12 Steel Plain:12',
'Rivet DIN 660 - 5 x 12 Steel Plain:12',
'Rivet DIN 660 - 5 x 12 Steel Plain:12',#5835,#5836,
'Rivet DIN 660 - 5 x 12 Steel Plain:12');
#113=NEXT_ASSEMBLY_USAGE_OCCURRENCE(
'Rivet DIN 660 - 5 x 12 Steel Plain:13',
'Rivet DIN 660 - 5 x 12 Steel Plain:13',
'Rivet DIN 660 - 5 x 12 Steel Plain:13',#5835,#5836,
'Rivet DIN 660 - 5 x 12 Steel Plain:13');
#114=NEXT_ASSEMBLY_USAGE_OCCURRENCE(
'Rivet DIN 660 - 5 x 12 Steel Plain:14',
'Rivet DIN 660 - 5 x 12 Steel Plain:14',
'Rivet DIN 660 - 5 x 12 Steel Plain:14',#5835,#5836,
'Rivet DIN 660 - 5 x 12 Steel Plain:14');
#115=NEXT_ASSEMBLY_USAGE_OCCURRENCE(
'Rivet DIN 660 - 5 x 12 Steel Plain:15',
'Rivet DIN 660 - 5 x 12 Steel Plain:15',
'Rivet DIN 660 - 5 x 12 Steel Plain:15',#5835,#5836,
'Rivet DIN 660 - 5 x 12 Steel Plain:15');
#116=NEXT_ASSEMBLY_USAGE_OCCURRENCE(
'Rivet DIN 660 - 5 x 12 Steel Plain:16',
'Rivet DIN 660 - 5 x 12 Steel Plain:16',
'Rivet DIN 660 - 5 x 12 Steel Plain:16',#5835,#5836,
'Rivet DIN 660 - 5 x 12 Steel Plain:16');
#117=NEXT_ASSEMBLY_USAGE_OCCURRENCE(
'Rivet DIN 660 - 5 x 12 Steel Plain:17',
'Rivet DIN 660 - 5 x 12 Steel Plain:17',
'Rivet DIN 660 - 5 x 12 Steel Plain:17',#5835,#5836,
'Rivet DIN 660 - 5 x 12 Steel Plain:17');
#118=NEXT_ASSEMBLY_USAGE_OCCURRENCE(
'Rivet DIN 660 - 5 x 12 Steel Plain:18',
'Rivet DIN 660 - 5 x 12 Steel Plain:18',
'Rivet DIN 660 - 5 x 12 Steel Plain:18',#5835,#5836,
'Rivet DIN 660 - 5 x 12 Steel Plain:18');
#119=NEXT_ASSEMBLY_USAGE_OCCURRENCE(
'Rivet DIN 660 - 5 x 12 Steel Plain:19',
'Rivet DIN 660 - 5 x 12 Steel Plain:19',
'Rivet DIN 660 - 5 x 12 Steel Plain:19',#5835,#5836,
'Rivet DIN 660 - 5 x 12 Steel Plain:19');
#120=NEXT_ASSEMBLY_USAGE_OCCURRENCE(
'Rivet DIN 660 - 5 x 12 Steel Plain:20',
'Rivet DIN 660 - 5 x 12 Steel Plain:20',
'Rivet DIN 660 - 5 x 12 Steel Plain:20',#5835,#5836,
'Rivet DIN 660 - 5 x 12 Steel Plain:20');
#121=NEXT_ASSEMBLY_USAGE_OCCURRENCE(
'Rivet DIN 660 - 5 x 12 Steel Plain:21',
'Rivet DIN 660 - 5 x 12 Steel Plain:21',
'Rivet DIN 660 - 5 x 12 Steel Plain:21',#5835,#5836,
'Rivet DIN 660 - 5 x 12 Steel Plain:21');
#122=NEXT_ASSEMBLY_USAGE_OCCURRENCE(
'Rivet DIN 660 - 5 x 12 Steel Plain:22',
'Rivet DIN 660 - 5 x 12 Steel Plain:22',
'Rivet DIN 660 - 5 x 12 Steel Plain:22',#5835,#5836,
'Rivet DIN 660 - 5 x 12 Steel Plain:22');
#123=NEXT_ASSEMBLY_USAGE_OCCURRENCE(
'Rivet DIN 660 - 5 x 12 Steel Plain:23',
'Rivet DIN 660 - 5 x 12 Steel Plain:23',
'Rivet DIN 660 - 5 x 12 Steel Plain:23',#5835,#5836,
'Rivet DIN 660 - 5 x 12 Steel Plain:23');
#124=NEXT_ASSEMBLY_USAGE_OCCURRENCE(
'Rivet DIN 660 - 5 x 12 Steel Plain:24',
'Rivet DIN 660 - 5 x 12 Steel Plain:24',
'Rivet DIN 660 - 5 x 12 Steel Plain:24',#5835,#5836,
'Rivet DIN 660 - 5 x 12 Steel Plain:24');
#125=NEXT_ASSEMBLY_USAGE_OCCURRENCE(
'Rivet DIN 660 - 5 x 12 Steel Plain:25',
'Rivet DIN 660 - 5 x 12 Steel Plain:25',
'Rivet DIN 660 - 5 x 12 Steel Plain:25',#5835,#5836,
'Rivet DIN 660 - 5 x 12 Steel Plain:25');
#126=NEXT_ASSEMBLY_USAGE_OCCURRENCE(
'Rivet DIN 660 - 5 x 12 Steel Plain:26',
'Rivet DIN 660 - 5 x 12 Steel Plain:26',
'Rivet DIN 660 - 5 x 12 Steel Plain:26',#5835,#5836,
'Rivet DIN 660 - 5 x 12 Steel Plain:26');
#127=NEXT_ASSEMBLY_USAGE_OCCURRENCE(
'Rivet DIN 660 - 5 x 12 Steel Plain:27',
'Rivet DIN 660 - 5 x 12 Steel Plain:27',
'Rivet DIN 660 - 5 x 12 Steel Plain:27',#5835,#5836,
'Rivet DIN 660 - 5 x 12 Steel Plain:27');
#128=NEXT_ASSEMBLY_USAGE_OCCURRENCE(
'Rivet DIN 660 - 5 x 12 Steel Plain:28',
'Rivet DIN 660 - 5 x 12 Steel Plain:28',
'Rivet DIN 660 - 5 x 12 Steel Plain:28',#5835,#5836,
'Rivet DIN 660 - 5 x 12 Steel Plain:28');
#129=NEXT_ASSEMBLY_USAGE_OCCURRENCE(
'Rivet DIN 660 - 5 x 12 Steel Plain:29',
'Rivet DIN 660 - 5 x 12 Steel Plain:29',
'Rivet DIN 660 - 5 x 12 Steel Plain:29',#5835,#5836,
'Rivet DIN 660 - 5 x 12 Steel Plain:29');
#130=NEXT_ASSEMBLY_USAGE_OCCURRENCE(
'Rivet DIN 660 - 5 x 12 Steel Plain:30',
'Rivet DIN 660 - 5 x 12 Steel Plain:30',
'Rivet DIN 660 - 5 x 12 Steel Plain:30',#5835,#5836,
'Rivet DIN 660 - 5 x 12 Steel Plain:30');
#131=SHAPE_REPRESENTATION_RELATIONSHIP('SRR','None',#5833,#133);
#132=SHAPE_REPRESENTATION_RELATIONSHIP('SRR','None',#5832,#134);
#133=ADVANCED_BREP_SHAPE_REPRESENTATION('',(#145),#5792);
#134=ADVANCED_BREP_SHAPE_REPRESENTATION('',(#146,#147,#148,#149,#150,#151,
#152,#153,#154),#5791);
#135=STYLED_ITEM('',(#5846),#145);
#136=STYLED_ITEM('',(#5847),#146);
#137=STYLED_ITEM('',(#5847),#147);
#138=STYLED_ITEM('',(#5847),#148);
#139=STYLED_ITEM('',(#5847),#149);
#140=STYLED_ITEM('',(#5847),#150);
#141=STYLED_ITEM('',(#5847),#151);
#142=STYLED_ITEM('',(#5847),#152);
#143=STYLED_ITEM('',(#5847),#153);
#144=STYLED_ITEM('',(#5847),#154);
#145=MANIFOLD_SOLID_BREP('Body1',#3479);
#146=MANIFOLD_SOLID_BREP('Body1',#3480);
#147=MANIFOLD_SOLID_BREP('Body2',#3481);
#148=MANIFOLD_SOLID_BREP('Body3',#3482);
#149=MANIFOLD_SOLID_BREP('Body4',#3483);
#150=MANIFOLD_SOLID_BREP('Body5',#3484);
#151=MANIFOLD_SOLID_BREP('Body6',#3485);
#152=MANIFOLD_SOLID_BREP('Body7',#3486);
#153=MANIFOLD_SOLID_BREP('Body8',#3487);
#154=MANIFOLD_SOLID_BREP('Body9',#3488);
#155=SPHERICAL_SURFACE('',#3512,4.72666666666493);
#156=FACE_BOUND('',#1229,.T.);
#157=FACE_BOUND('',#1243,.T.);
#158=FACE_BOUND('',#1244,.T.);
#159=FACE_BOUND('',#1245,.T.);
#160=FACE_BOUND('',#1248,.T.);
#161=FACE_BOUND('',#1249,.T.);
#162=FACE_BOUND('',#1250,.T.);
#163=FACE_BOUND('',#1253,.T.);
#164=FACE_BOUND('',#1254,.T.);
#165=FACE_BOUND('',#1255,.T.);
#166=FACE_BOUND('',#1259,.T.);
#167=FACE_BOUND('',#1260,.T.);
#168=FACE_BOUND('',#1261,.T.);
#169=FACE_BOUND('',#1262,.T.);
#170=FACE_BOUND('',#1263,.T.);
#171=FACE_BOUND('',#1264,.T.);
#172=FACE_BOUND('',#1267,.T.);
#173=FACE_BOUND('',#1268,.T.);
#174=FACE_BOUND('',#1269,.T.);
#175=FACE_BOUND('',#1278,.T.);
#176=FACE_BOUND('',#1279,.T.);
#177=FACE_BOUND('',#1284,.T.);
#178=FACE_BOUND('',#1285,.T.);
#179=FACE_BOUND('',#1288,.T.);
#180=FACE_BOUND('',#1289,.T.);
#181=FACE_BOUND('',#1293,.T.);
#182=FACE_BOUND('',#1294,.T.);
#183=FACE_BOUND('',#1297,.T.);
#184=FACE_BOUND('',#1298,.T.);
#185=FACE_BOUND('',#1299,.T.);
#186=FACE_BOUND('',#1300,.T.);
#187=FACE_BOUND('',#1309,.T.);
#188=FACE_BOUND('',#1310,.T.);
#189=FACE_BOUND('',#1313,.T.);
#190=FACE_BOUND('',#1314,.T.);
#191=FACE_BOUND('',#1315,.T.);
#192=FACE_BOUND('',#1316,.T.);
#193=FACE_BOUND('',#1317,.T.);
#194=FACE_BOUND('',#1324,.T.);
#195=FACE_BOUND('',#1325,.T.);
#196=FACE_BOUND('',#1326,.T.);
#197=FACE_BOUND('',#1327,.T.);
#198=FACE_BOUND('',#1328,.T.);
#199=FACE_BOUND('',#1329,.T.);
#200=FACE_BOUND('',#1330,.T.);
#201=FACE_BOUND('',#1351,.T.);
#202=FACE_BOUND('',#1352,.T.);
#203=FACE_BOUND('',#1353,.T.);
#204=FACE_BOUND('',#1354,.T.);
#205=FACE_BOUND('',#1355,.T.);
#206=FACE_BOUND('',#1356,.T.);
#207=FACE_BOUND('',#1357,.T.);
#208=FACE_BOUND('',#1358,.T.);
#209=FACE_BOUND('',#1359,.T.);
#210=FACE_BOUND('',#1360,.T.);
#211=FACE_BOUND('',#1361,.T.);
#212=FACE_BOUND('',#1362,.T.);
#213=FACE_BOUND('',#1363,.T.);
#214=FACE_BOUND('',#1368,.T.);
#215=FACE_BOUND('',#1369,.T.);
#216=FACE_BOUND('',#1370,.T.);
#217=FACE_BOUND('',#1371,.T.);
#218=FACE_BOUND('',#1372,.T.);
#219=FACE_BOUND('',#1373,.T.);
#220=FACE_BOUND('',#1374,.T.);
#221=FACE_BOUND('',#1375,.T.);
#222=FACE_BOUND('',#1376,.T.);
#223=FACE_BOUND('',#1377,.T.);
#224=FACE_BOUND('',#1378,.T.);
#225=FACE_BOUND('',#1379,.T.);
#226=FACE_BOUND('',#1389,.T.);
#227=FACE_BOUND('',#1390,.T.);
#228=FACE_BOUND('',#1393,.T.);
#229=FACE_BOUND('',#1394,.T.);
#230=FACE_BOUND('',#1395,.T.);
#231=FACE_BOUND('',#1396,.T.);
#232=FACE_BOUND('',#1400,.T.);
#233=FACE_BOUND('',#1401,.T.);
#234=FACE_BOUND('',#1404,.T.);
#235=FACE_BOUND('',#1405,.T.);
#236=FACE_BOUND('',#1406,.T.);
#237=FACE_BOUND('',#1410,.T.);
#238=FACE_BOUND('',#1411,.T.);
#239=FACE_BOUND('',#1412,.T.);
#240=FACE_BOUND('',#1421,.T.);
#241=FACE_BOUND('',#1422,.T.);
#242=FACE_BOUND('',#1423,.T.);
#243=FACE_BOUND('',#1424,.T.);
#244=FACE_BOUND('',#1425,.T.);
#245=FACE_BOUND('',#1426,.T.);
#246=FACE_BOUND('',#1429,.T.);
#247=FACE_BOUND('',#1433,.T.);
#248=FACE_BOUND('',#1434,.T.);
#249=FACE_BOUND('',#1435,.T.);
#250=FACE_BOUND('',#1436,.T.);
#251=FACE_BOUND('',#1437,.T.);
#252=FACE_BOUND('',#1450,.T.);
#253=FACE_BOUND('',#1451,.T.);
#254=FACE_BOUND('',#1452,.T.);
#255=FACE_BOUND('',#1453,.T.);
#256=FACE_BOUND('',#1454,.T.);
#257=FACE_BOUND('',#1458,.T.);
#258=FACE_BOUND('',#1461,.T.);
#259=FACE_BOUND('',#1462,.T.);
#260=FACE_BOUND('',#1463,.T.);
#261=FACE_BOUND('',#1464,.T.);
#262=FACE_BOUND('',#1465,.T.);
#263=FACE_BOUND('',#1466,.T.);
#264=FACE_BOUND('',#1477,.T.);
#265=FACE_BOUND('',#1478,.T.);
#266=FACE_BOUND('',#1481,.T.);
#267=FACE_BOUND('',#1482,.T.);
#268=FACE_BOUND('',#1483,.T.);
#269=FACE_BOUND('',#1484,.T.);
#270=FACE_BOUND('',#1485,.T.);
#271=FACE_BOUND('',#1486,.T.);
#272=FACE_BOUND('',#1487,.T.);
#273=FACE_BOUND('',#1491,.T.);
#274=FACE_BOUND('',#1492,.T.);
#275=FACE_BOUND('',#1493,.T.);
#276=FACE_BOUND('',#1494,.T.);
#277=FACE_BOUND('',#1495,.T.);
#278=FACE_BOUND('',#1508,.T.);
#279=FACE_BOUND('',#1509,.T.);
#280=FACE_BOUND('',#1512,.T.);
#281=FACE_BOUND('',#1513,.T.);
#282=FACE_BOUND('',#1516,.T.);
#283=FACE_BOUND('',#1517,.T.);
#284=FACE_BOUND('',#1518,.T.);
#285=FACE_BOUND('',#1519,.T.);
#286=FACE_BOUND('',#1522,.T.);
#287=FACE_BOUND('',#1523,.T.);
#288=FACE_BOUND('',#1526,.T.);
#289=FACE_BOUND('',#1527,.T.);
#290=PLANE('',#3509);
#291=PLANE('',#3511);
#292=PLANE('',#3541);
#293=PLANE('',#3542);
#294=PLANE('',#3543);
#295=PLANE('',#3544);
#296=PLANE('',#3545);
#297=PLANE('',#3546);
#298=PLANE('',#3547);
#299=PLANE('',#3548);
#300=PLANE('',#3549);
#301=PLANE('',#3550);
#302=PLANE('',#3551);
#303=PLANE('',#3552);
#304=PLANE('',#3571);
#305=PLANE('',#3572);
#306=PLANE('',#3573);
#307=PLANE('',#3574);
#308=PLANE('',#3575);
#309=PLANE('',#3576);
#310=PLANE('',#3577);
#311=PLANE('',#3578);
#312=PLANE('',#3579);
#313=PLANE('',#3580);
#314=PLANE('',#3581);
#315=PLANE('',#3582);
#316=PLANE('',#3598);
#317=PLANE('',#3599);
#318=PLANE('',#3600);
#319=PLANE('',#3604);
#320=PLANE('',#3605);
#321=PLANE('',#3610);
#322=PLANE('',#3613);
#323=PLANE('',#3614);
#324=PLANE('',#3615);
#325=PLANE('',#3652);
#326=PLANE('',#3653);
#327=PLANE('',#3654);
#328=PLANE('',#3655);
#329=PLANE('',#3656);
#330=PLANE('',#3657);
#331=PLANE('',#3658);
#332=PLANE('',#3659);
#333=PLANE('',#3660);
#334=PLANE('',#3661);
#335=PLANE('',#3662);
#336=PLANE('',#3684);
#337=PLANE('',#3685);
#338=PLANE('',#3686);
#339=PLANE('',#3687);
#340=PLANE('',#3688);
#341=PLANE('',#3689);
#342=PLANE('',#3690);
#343=PLANE('',#3691);
#344=PLANE('',#3692);
#345=PLANE('',#3693);
#346=PLANE('',#3694);
#347=PLANE('',#3695);
#348=PLANE('',#3711);
#349=PLANE('',#3712);
#350=PLANE('',#3713);
#351=PLANE('',#3716);
#352=PLANE('',#3717);
#353=PLANE('',#3720);
#354=PLANE('',#3721);
#355=PLANE('',#3722);
#356=PLANE('',#3723);
#357=PLANE('',#3747);
#358=PLANE('',#3748);
#359=PLANE('',#3749);
#360=PLANE('',#3750);
#361=PLANE('',#3751);
#362=PLANE('',#3752);
#363=PLANE('',#3753);
#364=PLANE('',#3754);
#365=PLANE('',#3755);
#366=PLANE('',#3771);
#367=PLANE('',#3772);
#368=PLANE('',#3773);
#369=PLANE('',#3777);
#370=PLANE('',#3778);
#371=PLANE('',#3782);
#372=PLANE('',#3783);
#373=PLANE('',#3784);
#374=PLANE('',#3788);
#375=PLANE('',#3807);
#376=PLANE('',#3808);
#377=PLANE('',#3809);
#378=PLANE('',#3810);
#379=PLANE('',#3811);
#380=PLANE('',#3812);
#381=PLANE('',#3813);
#382=PLANE('',#3814);
#383=PLANE('',#3815);
#384=PLANE('',#3816);
#385=PLANE('',#3817);
#386=PLANE('',#3818);
#387=LINE('',#4855,#686);
#388=LINE('',#4867,#687);
#389=LINE('',#4873,#688);
#390=LINE('',#4879,#689);
#391=LINE('',#4885,#690);
#392=LINE('',#4891,#691);
#393=LINE('',#4897,#692);
#394=LINE('',#4903,#693);
#395=LINE('',#4909,#694);
#396=LINE('',#4915,#695);
#397=LINE('',#4920,#696);
#398=LINE('',#4922,#697);
#399=LINE('',#4924,#698);
#400=LINE('',#4925,#699);
#401=LINE('',#4928,#700);
#402=LINE('',#4930,#701);
#403=LINE('',#4931,#702);
#404=LINE('',#4934,#703);
#405=LINE('',#4936,#704);
#406=LINE('',#4938,#705);
#407=LINE('',#4940,#706);
#408=LINE('',#4942,#707);
#409=LINE('',#4944,#708);
#410=LINE('',#4945,#709);
#411=LINE('',#4948,#710);
#412=LINE('',#4950,#711);
#413=LINE('',#4951,#712);
#414=LINE('',#4954,#713);
#415=LINE('',#4955,#714);
#416=LINE('',#4958,#715);
#417=LINE('',#4959,#716);
#418=LINE('',#4962,#717);
#419=LINE('',#4963,#718);
#420=LINE('',#4966,#719);
#421=LINE('',#4967,#720);
#422=LINE('',#4970,#721);
#423=LINE('',#4971,#722);
#424=LINE('',#4974,#723);
#425=LINE('',#4975,#724);
#426=LINE('',#4977,#725);
#427=LINE('',#4983,#726);
#428=LINE('',#4989,#727);
#429=LINE('',#4995,#728);
#430=LINE('',#5001,#729);
#431=LINE('',#5007,#730);
#432=LINE('',#5013,#731);
#433=LINE('',#5018,#732);
#434=LINE('',#5020,#733);
#435=LINE('',#5022,#734);
#436=LINE('',#5023,#735);
#437=LINE('',#5026,#736);
#438=LINE('',#5028,#737);
#439=LINE('',#5029,#738);
#440=LINE('',#5032,#739);
#441=LINE('',#5034,#740);
#442=LINE('',#5036,#741);
#443=LINE('',#5038,#742);
#444=LINE('',#5039,#743);
#445=LINE('',#5043,#744);
#446=LINE('',#5045,#745);
#447=LINE('',#5047,#746);
#448=LINE('',#5048,#747);
#449=LINE('',#5051,#748);
#450=LINE('',#5053,#749);
#451=LINE('',#5054,#750);
#452=LINE('',#5057,#751);
#453=LINE('',#5059,#752);
#454=LINE('',#5061,#753);
#455=LINE('',#5063,#754);
#456=LINE('',#5064,#755);
#457=LINE('',#5066,#756);
#458=LINE('',#5067,#757);
#459=LINE('',#5069,#758);
#460=LINE('',#5071,#759);
#461=LINE('',#5072,#760);
#462=LINE('',#5074,#761);
#463=LINE('',#5081,#762);
#464=LINE('',#5087,#763);
#465=LINE('',#5093,#764);
#466=LINE('',#5099,#765);
#467=LINE('',#5105,#766);
#468=LINE('',#5110,#767);
#469=LINE('',#5112,#768);
#470=LINE('',#5114,#769);
#471=LINE('',#5115,#770);
#472=LINE('',#5119,#771);
#473=LINE('',#5121,#772);
#474=LINE('',#5123,#773);
#475=LINE('',#5124,#774);
#476=LINE('',#5127,#775);
#477=LINE('',#5131,#776);
#478=LINE('',#5132,#777);
#479=LINE('',#5139,#778);
#480=LINE('',#5140,#779);
#481=LINE('',#5143,#780);
#482=LINE('',#5144,#781);
#483=LINE('',#5145,#782);
#484=LINE('',#5149,#783);
#485=LINE('',#5153,#784);
#486=LINE('',#5156,#785);
#487=LINE('',#5157,#786);
#488=LINE('',#5161,#787);
#489=LINE('',#5164,#788);
#490=LINE('',#5165,#789);
#491=LINE('',#5167,#790);
#492=LINE('',#5173,#791);
#493=LINE('',#5179,#792);
#494=LINE('',#5185,#793);
#495=LINE('',#5191,#794);
#496=LINE('',#5197,#795);
#497=LINE('',#5203,#796);
#498=LINE('',#5209,#797);
#499=LINE('',#5215,#798);
#500=LINE('',#5221,#799);
#501=LINE('',#5227,#800);
#502=LINE('',#5233,#801);
#503=LINE('',#5239,#802);
#504=LINE('',#5244,#803);
#505=LINE('',#5246,#804);
#506=LINE('',#5248,#805);
#507=LINE('',#5249,#806);
#508=LINE('',#5253,#807);
#509=LINE('',#5255,#808);
#510=LINE('',#5257,#809);
#511=LINE('',#5258,#810);
#512=LINE('',#5262,#811);
#513=LINE('',#5264,#812);
#514=LINE('',#5266,#813);
#515=LINE('',#5267,#814);
#516=LINE('',#5271,#815);
#517=LINE('',#5273,#816);
#518=LINE('',#5275,#817);
#519=LINE('',#5276,#818);
#520=LINE('',#5278,#819);
#521=LINE('',#5279,#820);
#522=LINE('',#5281,#821);
#523=LINE('',#5283,#822);
#524=LINE('',#5284,#823);
#525=LINE('',#5285,#824);
#526=LINE('',#5287,#825);
#527=LINE('',#5289,#826);
#528=LINE('',#5296,#827);
#529=LINE('',#5302,#828);
#530=LINE('',#5308,#829);
#531=LINE('',#5314,#830);
#532=LINE('',#5320,#831);
#533=LINE('',#5326,#832);
#534=LINE('',#5332,#833);
#535=LINE('',#5337,#834);
#536=LINE('',#5339,#835);
#537=LINE('',#5341,#836);
#538=LINE('',#5343,#837);
#539=LINE('',#5345,#838);
#540=LINE('',#5347,#839);
#541=LINE('',#5349,#840);
#542=LINE('',#5350,#841);
#543=LINE('',#5354,#842);
#544=LINE('',#5355,#843);
#545=LINE('',#5356,#844);
#546=LINE('',#5359,#845);
#547=LINE('',#5360,#846);
#548=LINE('',#5363,#847);
#549=LINE('',#5364,#848);
#550=LINE('',#5367,#849);
#551=LINE('',#5368,#850);
#552=LINE('',#5372,#851);
#553=LINE('',#5373,#852);
#554=LINE('',#5375,#853);
#555=LINE('',#5376,#854);
#556=LINE('',#5379,#855);
#557=LINE('',#5380,#856);
#558=LINE('',#5384,#857);
#559=LINE('',#5386,#858);
#560=LINE('',#5387,#859);
#561=LINE('',#5388,#860);
#562=LINE('',#5390,#861);
#563=LINE('',#5392,#862);
#564=LINE('',#5394,#863);
#565=LINE('',#5400,#864);
#566=LINE('',#5406,#865);
#567=LINE('',#5412,#866);
#568=LINE('',#5418,#867);
#569=LINE('',#5424,#868);
#570=LINE('',#5429,#869);
#571=LINE('',#5431,#870);
#572=LINE('',#5433,#871);
#573=LINE('',#5434,#872);
#574=LINE('',#5438,#873);
#575=LINE('',#5440,#874);
#576=LINE('',#5442,#875);
#577=LINE('',#5443,#876);
#578=LINE('',#5446,#877);
#579=LINE('',#5450,#878);
#580=LINE('',#5451,#879);
#581=LINE('',#5456,#880);
#582=LINE('',#5457,#881);
#583=LINE('',#5458,#882);
#584=LINE('',#5461,#883);
#585=LINE('',#5463,#884);
#586=LINE('',#5469,#885);
#587=LINE('',#5470,#886);
#588=LINE('',#5473,#887);
#589=LINE('',#5474,#888);
#590=LINE('',#5476,#889);
#591=LINE('',#5478,#890);
#592=LINE('',#5481,#891);
#593=LINE('',#5486,#892);
#594=LINE('',#5492,#893);
#595=LINE('',#5498,#894);
#596=LINE('',#5504,#895);
#597=LINE('',#5510,#896);
#598=LINE('',#5516,#897);
#599=LINE('',#5523,#898);
#600=LINE('',#5526,#899);
#601=LINE('',#5530,#900);
#602=LINE('',#5532,#901);
#603=LINE('',#5534,#902);
#604=LINE('',#5535,#903);
#605=LINE('',#5536,#904);
#606=LINE('',#5539,#905);
#607=LINE('',#5541,#906);
#608=LINE('',#5543,#907);
#609=LINE('',#5545,#908);
#610=LINE('',#5546,#909);
#611=LINE('',#5549,#910);
#612=LINE('',#5550,#911);
#613=LINE('',#5553,#912);
#614=LINE('',#5554,#913);
#615=LINE('',#5557,#914);
#616=LINE('',#5558,#915);
#617=LINE('',#5561,#916);
#618=LINE('',#5562,#917);
#619=LINE('',#5563,#918);
#620=LINE('',#5565,#919);
#621=LINE('',#5572,#920);
#622=LINE('',#5578,#921);
#623=LINE('',#5584,#922);
#624=LINE('',#5590,#923);
#625=LINE('',#5596,#924);
#626=LINE('',#5601,#925);
#627=LINE('',#5603,#926);
#628=LINE('',#5605,#927);
#629=LINE('',#5606,#928);
#630=LINE('',#5610,#929);
#631=LINE('',#5612,#930);
#632=LINE('',#5614,#931);
#633=LINE('',#5615,#932);
#634=LINE('',#5618,#933);
#635=LINE('',#5620,#934);
#636=LINE('',#5623,#935);
#637=LINE('',#5630,#936);
#638=LINE('',#5631,#937);
#639=LINE('',#5632,#938);
#640=LINE('',#5637,#939);
#641=LINE('',#5638,#940);
#642=LINE('',#5645,#941);
#643=LINE('',#5646,#942);
#644=LINE('',#5649,#943);
#645=LINE('',#5650,#944);
#646=LINE('',#5652,#945);
#647=LINE('',#5654,#946);
#648=LINE('',#5656,#947);
#649=LINE('',#5658,#948);
#650=LINE('',#5664,#949);
#651=LINE('',#5670,#950);
#652=LINE('',#5676,#951);
#653=LINE('',#5682,#952);
#654=LINE('',#5688,#953);
#655=LINE('',#5694,#954);
#656=LINE('',#5699,#955);
#657=LINE('',#5701,#956);
#658=LINE('',#5703,#957);
#659=LINE('',#5705,#958);
#660=LINE('',#5707,#959);
#661=LINE('',#5709,#960);
#662=LINE('',#5711,#961);
#663=LINE('',#5712,#962);
#664=LINE('',#5715,#963);
#665=LINE('',#5717,#964);
#666=LINE('',#5718,#965);
#667=LINE('',#5721,#966);
#668=LINE('',#5723,#967);
#669=LINE('',#5724,#968);
#670=LINE('',#5727,#969);
#671=LINE('',#5729,#970);
#672=LINE('',#5730,#971);
#673=LINE('',#5733,#972);
#674=LINE('',#5735,#973);
#675=LINE('',#5737,#974);
#676=LINE('',#5739,#975);
#677=LINE('',#5741,#976);
#678=LINE('',#5743,#977);
#679=LINE('',#5744,#978);
#680=LINE('',#5746,#979);
#681=LINE('',#5747,#980);
#682=LINE('',#5749,#981);
#683=LINE('',#5751,#982);
#684=LINE('',#5754,#983);
#685=LINE('',#5755,#984);
#686=VECTOR('',#3865,2.5);
#687=VECTOR('',#3880,2.6);
#688=VECTOR('',#3887,2.6);
#689=VECTOR('',#3894,2.6);
#690=VECTOR('',#3901,2.6);
#691=VECTOR('',#3908,2.6);
#692=VECTOR('',#3915,2.6);
#693=VECTOR('',#3922,2.6);
#694=VECTOR('',#3929,2.6);
#695=VECTOR('',#3936,2.6);
#696=VECTOR('',#3941,10.);
#697=VECTOR('',#3942,10.);
#698=VECTOR('',#3943,10.);
#699=VECTOR('',#3944,10.);
#700=VECTOR('',#3947,10.);
#701=VECTOR('',#3948,10.);
#702=VECTOR('',#3949,10.);
#703=VECTOR('',#3952,10.);
#704=VECTOR('',#3953,10.);
#705=VECTOR('',#3954,10.);
#706=VECTOR('',#3955,10.);
#707=VECTOR('',#3956,10.);
#708=VECTOR('',#3957,10.);
#709=VECTOR('',#3958,10.);
#710=VECTOR('',#3961,10.);
#711=VECTOR('',#3962,10.);
#712=VECTOR('',#3963,10.);
#713=VECTOR('',#3966,10.);
#714=VECTOR('',#3967,10.);
#715=VECTOR('',#3970,10.);
#716=VECTOR('',#3971,10.);
#717=VECTOR('',#3974,10.);
#718=VECTOR('',#3975,10.);
#719=VECTOR('',#3978,10.);
#720=VECTOR('',#3979,10.);
#721=VECTOR('',#3982,10.);
#722=VECTOR('',#3983,10.);
#723=VECTOR('',#3986,10.);
#724=VECTOR('',#3987,10.);
#725=VECTOR('',#3990,10.);
#726=VECTOR('',#3997,2.6);
#727=VECTOR('',#4004,2.6);
#728=VECTOR('',#4011,2.6);
#729=VECTOR('',#4018,2.6);
#730=VECTOR('',#4025,2.6);
#731=VECTOR('',#4032,2.6);
#732=VECTOR('',#4037,10.);
#733=VECTOR('',#4038,10.);
#734=VECTOR('',#4039,10.);
#735=VECTOR('',#4040,10.);
#736=VECTOR('',#4043,10.);
#737=VECTOR('',#4044,10.);
#738=VECTOR('',#4045,10.);
#739=VECTOR('',#4048,10.);
#740=VECTOR('',#4049,10.);
#741=VECTOR('',#4050,10.);
#742=VECTOR('',#4051,10.);
#743=VECTOR('',#4052,10.);
#744=VECTOR('',#4055,10.);
#745=VECTOR('',#4056,10.);
#746=VECTOR('',#4057,10.);
#747=VECTOR('',#4058,10.);
#748=VECTOR('',#4061,10.);
#749=VECTOR('',#4062,10.);
#750=VECTOR('',#4063,10.);
#751=VECTOR('',#4066,10.);
#752=VECTOR('',#4067,10.);
#753=VECTOR('',#4068,10.);
#754=VECTOR('',#4069,10.);
#755=VECTOR('',#4070,10.);
#756=VECTOR('',#4073,10.);
#757=VECTOR('',#4074,10.);
#758=VECTOR('',#4077,10.);
#759=VECTOR('',#4080,10.);
#760=VECTOR('',#4081,10.);
#761=VECTOR('',#4084,10.);
#762=VECTOR('',#4093,2.6);
#763=VECTOR('',#4100,2.6);
#764=VECTOR('',#4107,2.6);
#765=VECTOR('',#4114,2.6);
#766=VECTOR('',#4121,2.6);
#767=VECTOR('',#4126,10.);
#768=VECTOR('',#4127,10.);
#769=VECTOR('',#4128,10.);
#770=VECTOR('',#4129,10.);
#771=VECTOR('',#4132,10.);
#772=VECTOR('',#4133,10.);
#773=VECTOR('',#4134,10.);
#774=VECTOR('',#4135,10.);
#775=VECTOR('',#4138,10.);
#776=VECTOR('',#4141,10.);
#777=VECTOR('',#4142,10.);
#778=VECTOR('',#4149,10.);
#779=VECTOR('',#4150,10.);
#780=VECTOR('',#4153,10.);
#781=VECTOR('',#4154,10.);
#782=VECTOR('',#4155,10.);
#783=VECTOR('',#4160,2.10000000000001);
#784=VECTOR('',#4165,2.10000000000001);
#785=VECTOR('',#4168,10.);
#786=VECTOR('',#4169,10.);
#787=VECTOR('',#4174,10.);
#788=VECTOR('',#4177,10.);
#789=VECTOR('',#4178,10.);
#790=VECTOR('',#4181,10.);
#791=VECTOR('',#4188,2.6);
#792=VECTOR('',#4195,2.6);
#793=VECTOR('',#4202,2.6);
#794=VECTOR('',#4209,2.6);
#795=VECTOR('',#4216,2.6);
#796=VECTOR('',#4223,2.6);
#797=VECTOR('',#4230,2.6);
#798=VECTOR('',#4237,2.6);
#799=VECTOR('',#4244,2.6);
#800=VECTOR('',#4251,2.6);
#801=VECTOR('',#4258,2.6);
#802=VECTOR('',#4265,2.6);
#803=VECTOR('',#4270,10.);
#804=VECTOR('',#4271,10.);
#805=VECTOR('',#4272,10.);
#806=VECTOR('',#4273,10.);
#807=VECTOR('',#4276,10.);
#808=VECTOR('',#4277,10.);
#809=VECTOR('',#4278,10.);
#810=VECTOR('',#4279,10.);
#811=VECTOR('',#4282,10.);
#812=VECTOR('',#4283,10.);
#813=VECTOR('',#4284,10.);
#814=VECTOR('',#4285,10.);
#815=VECTOR('',#4288,10.);
#816=VECTOR('',#4289,10.);
#817=VECTOR('',#4290,10.);
#818=VECTOR('',#4291,10.);
#819=VECTOR('',#4294,10.);
#820=VECTOR('',#4295,10.);
#821=VECTOR('',#4298,10.);
#822=VECTOR('',#4301,10.);
#823=VECTOR('',#4302,10.);
#824=VECTOR('',#4303,10.);
#825=VECTOR('',#4306,10.);
#826=VECTOR('',#4309,10.);
#827=VECTOR('',#4318,2.6);
#828=VECTOR('',#4325,2.6);
#829=VECTOR('',#4332,2.6);
#830=VECTOR('',#4339,2.6);
#831=VECTOR('',#4346,2.6);
#832=VECTOR('',#4353,2.6);
#833=VECTOR('',#4360,2.6);
#834=VECTOR('',#4365,10.);
#835=VECTOR('',#4366,10.);
#836=VECTOR('',#4367,10.);
#837=VECTOR('',#4368,10.);
#838=VECTOR('',#4369,10.);
#839=VECTOR('',#4370,10.);
#840=VECTOR('',#4371,10.);
#841=VECTOR('',#4372,10.);
#842=VECTOR('',#4375,10.);
#843=VECTOR('',#4376,10.);
#844=VECTOR('',#4377,10.);
#845=VECTOR('',#4380,10.);
#846=VECTOR('',#4381,10.);
#847=VECTOR('',#4384,10.);
#848=VECTOR('',#4385,10.);
#849=VECTOR('',#4388,10.);
#850=VECTOR('',#4389,10.);
#851=VECTOR('',#4392,10.);
#852=VECTOR('',#4393,10.);
#853=VECTOR('',#4394,10.);
#854=VECTOR('',#4395,10.);
#855=VECTOR('',#4398,10.);
#856=VECTOR('',#4399,10.);
#857=VECTOR('',#4402,10.);
#858=VECTOR('',#4403,10.);
#859=VECTOR('',#4404,10.);
#860=VECTOR('',#4405,10.);
#861=VECTOR('',#4408,10.);
#862=VECTOR('',#4411,10.);
#863=VECTOR('',#4414,10.);
#864=VECTOR('',#4421,2.6);
#865=VECTOR('',#4428,2.6);
#866=VECTOR('',#4435,2.6);
#867=VECTOR('',#4442,2.6);
#868=VECTOR('',#4449,2.6);
#869=VECTOR('',#4454,10.);
#870=VECTOR('',#4455,10.);
#871=VECTOR('',#4456,10.);
#872=VECTOR('',#4457,10.);
#873=VECTOR('',#4460,10.);
#874=VECTOR('',#4461,10.);
#875=VECTOR('',#4462,10.);
#876=VECTOR('',#4463,10.);
#877=VECTOR('',#4466,10.);
#878=VECTOR('',#4469,10.);
#879=VECTOR('',#4470,10.);
#880=VECTOR('',#4475,10.);
#881=VECTOR('',#4476,10.);
#882=VECTOR('',#4477,10.);
#883=VECTOR('',#4480,10.);
#884=VECTOR('',#4481,10.);
#885=VECTOR('',#4488,10.);
#886=VECTOR('',#4489,10.);
#887=VECTOR('',#4492,10.);
#888=VECTOR('',#4493,10.);
#889=VECTOR('',#4496,10.);
#890=VECTOR('',#4499,10.);
#891=VECTOR('',#4504,2.10000000000001);
#892=VECTOR('',#4509,2.6);
#893=VECTOR('',#4516,2.6);
#894=VECTOR('',#4523,2.6);
#895=VECTOR('',#4530,2.6);
#896=VECTOR('',#4537,2.6);
#897=VECTOR('',#4544,2.10000000000001);
#898=VECTOR('',#4551,10.);
#899=VECTOR('',#4554,10.);
#900=VECTOR('',#4557,10.);
#901=VECTOR('',#4558,10.);
#902=VECTOR('',#4559,10.);
#903=VECTOR('',#4560,10.);
#904=VECTOR('',#4561,10.);
#905=VECTOR('',#4564,10.);
#906=VECTOR('',#4565,10.);
#907=VECTOR('',#4566,10.);
#908=VECTOR('',#4567,10.);
#909=VECTOR('',#4568,10.);
#910=VECTOR('',#4571,10.);
#911=VECTOR('',#4572,10.);
#912=VECTOR('',#4575,10.);
#913=VECTOR('',#4576,10.);
#914=VECTOR('',#4579,10.);
#915=VECTOR('',#4580,10.);
#916=VECTOR('',#4583,10.);
#917=VECTOR('',#4584,10.);
#918=VECTOR('',#4585,10.);
#919=VECTOR('',#4588,10.);
#920=VECTOR('',#4597,2.6);
#921=VECTOR('',#4604,2.6);
#922=VECTOR('',#4611,2.6);
#923=VECTOR('',#4618,2.6);
#924=VECTOR('',#4625,2.6);
#925=VECTOR('',#4630,10.);
#926=VECTOR('',#4631,10.);
#927=VECTOR('',#4632,10.);
#928=VECTOR('',#4633,10.);
#929=VECTOR('',#4636,10.);
#930=VECTOR('',#4637,10.);
#931=VECTOR('',#4638,10.);
#932=VECTOR('',#4639,10.);
#933=VECTOR('',#4642,10.);
#934=VECTOR('',#4643,10.);
#935=VECTOR('',#4646,10.);
#936=VECTOR('',#4653,10.);
#937=VECTOR('',#4654,10.);
#938=VECTOR('',#4655,10.);
#939=VECTOR('',#4660,10.);
#940=VECTOR('',#4661,10.);
#941=VECTOR('',#4668,10.);
#942=VECTOR('',#4669,10.);
#943=VECTOR('',#4672,10.);
#944=VECTOR('',#4673,10.);
#945=VECTOR('',#4676,10.);
#946=VECTOR('',#4679,2.10000000000001);
#947=VECTOR('',#4682,2.10000000000001);
#948=VECTOR('',#4685,10.);
#949=VECTOR('',#4692,2.6);
#950=VECTOR('',#4699,2.6);
#951=VECTOR('',#4706,2.6);
#952=VECTOR('',#4713,2.6);
#953=VECTOR('',#4720,2.6);
#954=VECTOR('',#4727,2.6);
#955=VECTOR('',#4732,10.);
#956=VECTOR('',#4733,10.);
#957=VECTOR('',#4734,10.);
#958=VECTOR('',#4735,10.);
#959=VECTOR('',#4736,10.);
#960=VECTOR('',#4737,10.);
#961=VECTOR('',#4738,10.);
#962=VECTOR('',#4739,10.);
#963=VECTOR('',#4742,10.);
#964=VECTOR('',#4743,10.);
#965=VECTOR('',#4744,10.);
#966=VECTOR('',#4747,10.);
#967=VECTOR('',#4748,10.);
#968=VECTOR('',#4749,10.);
#969=VECTOR('',#4752,10.);
#970=VECTOR('',#4753,10.);
#971=VECTOR('',#4754,10.);
#972=VECTOR('',#4757,10.);
#973=VECTOR('',#4758,10.);
#974=VECTOR('',#4759,10.);
#975=VECTOR('',#4760,10.);
#976=VECTOR('',#4761,10.);
#977=VECTOR('',#4762,10.);
#978=VECTOR('',#4763,10.);
#979=VECTOR('',#4766,10.);
#980=VECTOR('',#4767,10.);
#981=VECTOR('',#4770,10.);
#982=VECTOR('',#4773,10.);
#983=VECTOR('',#4778,10.);
#984=VECTOR('',#4779,10.);
#985=CYLINDRICAL_SURFACE('',#3507,2.5);
#986=CYLINDRICAL_SURFACE('',#3514,2.6);
#987=CYLINDRICAL_SURFACE('',#3517,2.6);
#988=CYLINDRICAL_SURFACE('',#3520,2.6);
#989=CYLINDRICAL_SURFACE('',#3523,2.6);
#990=CYLINDRICAL_SURFACE('',#3526,2.6);
#991=CYLINDRICAL_SURFACE('',#3529,2.6);
#992=CYLINDRICAL_SURFACE('',#3532,2.6);
#993=CYLINDRICAL_SURFACE('',#3535,2.6);
#994=CYLINDRICAL_SURFACE('',#3538,2.6);
#995=CYLINDRICAL_SURFACE('',#3553,2.6);
#996=CYLINDRICAL_SURFACE('',#3556,2.6);
#997=CYLINDRICAL_SURFACE('',#3559,2.6);
#998=CYLINDRICAL_SURFACE('',#3562,2.6);
#999=CYLINDRICAL_SURFACE('',#3565,2.6);
#1000=CYLINDRICAL_SURFACE('',#3568,2.6);
#1001=CYLINDRICAL_SURFACE('',#3583,2.6);
#1002=CYLINDRICAL_SURFACE('',#3586,2.6);
#1003=CYLINDRICAL_SURFACE('',#3589,2.6);
#1004=CYLINDRICAL_SURFACE('',#3592,2.6);
#1005=CYLINDRICAL_SURFACE('',#3595,2.6);
#1006=CYLINDRICAL_SURFACE('',#3606,2.10000000000001);
#1007=CYLINDRICAL_SURFACE('',#3608,2.10000000000001);
#1008=CYLINDRICAL_SURFACE('',#3611,4.);
#1009=CYLINDRICAL_SURFACE('',#3616,2.6);
#1010=CYLINDRICAL_SURFACE('',#3619,2.6);
#1011=CYLINDRICAL_SURFACE('',#3622,2.6);
#1012=CYLINDRICAL_SURFACE('',#3625,2.6);
#1013=CYLINDRICAL_SURFACE('',#3628,2.6);
#1014=CYLINDRICAL_SURFACE('',#3631,2.6);
#1015=CYLINDRICAL_SURFACE('',#3634,2.6);
#1016=CYLINDRICAL_SURFACE('',#3637,2.6);
#1017=CYLINDRICAL_SURFACE('',#3640,2.6);
#1018=CYLINDRICAL_SURFACE('',#3643,2.6);
#1019=CYLINDRICAL_SURFACE('',#3646,2.6);
#1020=CYLINDRICAL_SURFACE('',#3649,2.6);
#1021=CYLINDRICAL_SURFACE('',#3663,2.6);
#1022=CYLINDRICAL_SURFACE('',#3666,2.6);
#1023=CYLINDRICAL_SURFACE('',#3669,2.6);
#1024=CYLINDRICAL_SURFACE('',#3672,2.6);
#1025=CYLINDRICAL_SURFACE('',#3675,2.6);
#1026=CYLINDRICAL_SURFACE('',#3678,2.6);
#1027=CYLINDRICAL_SURFACE('',#3681,2.6);
#1028=CYLINDRICAL_SURFACE('',#3696,2.6);
#1029=CYLINDRICAL_SURFACE('',#3699,2.6);
#1030=CYLINDRICAL_SURFACE('',#3702,2.6);
#1031=CYLINDRICAL_SURFACE('',#3705,2.6);
#1032=CYLINDRICAL_SURFACE('',#3708,2.6);
#1033=CYLINDRICAL_SURFACE('',#3724,4.);
#1034=CYLINDRICAL_SURFACE('',#3725,2.10000000000001);
#1035=CYLINDRICAL_SURFACE('',#3726,2.6);
#1036=CYLINDRICAL_SURFACE('',#3729,2.6);
#1037=CYLINDRICAL_SURFACE('',#3732,2.6);
#1038=CYLINDRICAL_SURFACE('',#3735,2.6);
#1039=CYLINDRICAL_SURFACE('',#3738,2.6);
#1040=CYLINDRICAL_SURFACE('',#3741,2.10000000000001);
#1041=CYLINDRICAL_SURFACE('',#3744,4.);
#1042=CYLINDRICAL_SURFACE('',#3756,2.6);
#1043=CYLINDRICAL_SURFACE('',#3759,2.6);
#1044=CYLINDRICAL_SURFACE('',#3762,2.6);
#1045=CYLINDRICAL_SURFACE('',#3765,2.6);
#1046=CYLINDRICAL_SURFACE('',#3768,2.6);
#1047=CYLINDRICAL_SURFACE('',#3785,2.10000000000001);
#1048=CYLINDRICAL_SURFACE('',#3786,2.10000000000001);
#1049=CYLINDRICAL_SURFACE('',#3787,4.);
#1050=CYLINDRICAL_SURFACE('',#3789,2.6);
#1051=CYLINDRICAL_SURFACE('',#3792,2.6);
#1052=CYLINDRICAL_SURFACE('',#3795,2.6);
#1053=CYLINDRICAL_SURFACE('',#3798,2.6);
#1054=CYLINDRICAL_SURFACE('',#3801,2.6);
#1055=CYLINDRICAL_SURFACE('',#3804,2.6);
#1056=FACE_OUTER_BOUND('',#1226,.T.);
#1057=FACE_OUTER_BOUND('',#1227,.T.);
#1058=FACE_OUTER_BOUND('',#1228,.T.);
#1059=FACE_OUTER_BOUND('',#1230,.T.);
#1060=FACE_OUTER_BOUND('',#1231,.T.);
#1061=FACE_OUTER_BOUND('',#1232,.T.);
#1062=FACE_OUTER_BOUND('',#1233,.T.);
#1063=FACE_OUTER_BOUND('',#1234,.T.);
#1064=FACE_OUTER_BOUND('',#1235,.T.);
#1065=FACE_OUTER_BOUND('',#1236,.T.);
#1066=FACE_OUTER_BOUND('',#1237,.T.);
#1067=FACE_OUTER_BOUND('',#1238,.T.);
#1068=FACE_OUTER_BOUND('',#1239,.T.);
#1069=FACE_OUTER_BOUND('',#1240,.T.);
#1070=FACE_OUTER_BOUND('',#1241,.T.);
#1071=FACE_OUTER_BOUND('',#1242,.T.);
#1072=FACE_OUTER_BOUND('',#1246,.T.);
#1073=FACE_OUTER_BOUND('',#1247,.T.);
#1074=FACE_OUTER_BOUND('',#1251,.T.);
#1075=FACE_OUTER_BOUND('',#1252,.T.);
#1076=FACE_OUTER_BOUND('',#1256,.T.);
#1077=FACE_OUTER_BOUND('',#1257,.T.);
#1078=FACE_OUTER_BOUND('',#1258,.T.);
#1079=FACE_OUTER_BOUND('',#1265,.T.);
#1080=FACE_OUTER_BOUND('',#1266,.T.);
#1081=FACE_OUTER_BOUND('',#1270,.T.);
#1082=FACE_OUTER_BOUND('',#1271,.T.);
#1083=FACE_OUTER_BOUND('',#1272,.T.);
#1084=FACE_OUTER_BOUND('',#1273,.T.);
#1085=FACE_OUTER_BOUND('',#1274,.T.);
#1086=FACE_OUTER_BOUND('',#1275,.T.);
#1087=FACE_OUTER_BOUND('',#1276,.T.);
#1088=FACE_OUTER_BOUND('',#1277,.T.);
#1089=FACE_OUTER_BOUND('',#1280,.T.);
#1090=FACE_OUTER_BOUND('',#1281,.T.);
#1091=FACE_OUTER_BOUND('',#1282,.T.);
#1092=FACE_OUTER_BOUND('',#1283,.T.);
#1093=FACE_OUTER_BOUND('',#1286,.T.);
#1094=FACE_OUTER_BOUND('',#1287,.T.);
#1095=FACE_OUTER_BOUND('',#1290,.T.);
#1096=FACE_OUTER_BOUND('',#1291,.T.);
#1097=FACE_OUTER_BOUND('',#1292,.T.);
#1098=FACE_OUTER_BOUND('',#1295,.T.);
#1099=FACE_OUTER_BOUND('',#1296,.T.);
#1100=FACE_OUTER_BOUND('',#1301,.T.);
#1101=FACE_OUTER_BOUND('',#1302,.T.);
#1102=FACE_OUTER_BOUND('',#1303,.T.);
#1103=FACE_OUTER_BOUND('',#1304,.T.);
#1104=FACE_OUTER_BOUND('',#1305,.T.);
#1105=FACE_OUTER_BOUND('',#1306,.T.);
#1106=FACE_OUTER_BOUND('',#1307,.T.);
#1107=FACE_OUTER_BOUND('',#1308,.T.);
#1108=FACE_OUTER_BOUND('',#1311,.T.);
#1109=FACE_OUTER_BOUND('',#1312,.T.);
#1110=FACE_OUTER_BOUND('',#1318,.T.);
#1111=FACE_OUTER_BOUND('',#1319,.T.);
#1112=FACE_OUTER_BOUND('',#1320,.T.);
#1113=FACE_OUTER_BOUND('',#1321,.T.);
#1114=FACE_OUTER_BOUND('',#1322,.T.);
#1115=FACE_OUTER_BOUND('',#1323,.T.);
#1116=FACE_OUTER_BOUND('',#1331,.T.);
#1117=FACE_OUTER_BOUND('',#1332,.T.);
#1118=FACE_OUTER_BOUND('',#1333,.T.);
#1119=FACE_OUTER_BOUND('',#1334,.T.);
#1120=FACE_OUTER_BOUND('',#1335,.T.);
#1121=FACE_OUTER_BOUND('',#1336,.T.);
#1122=FACE_OUTER_BOUND('',#1337,.T.);
#1123=FACE_OUTER_BOUND('',#1338,.T.);
#1124=FACE_OUTER_BOUND('',#1339,.T.);
#1125=FACE_OUTER_BOUND('',#1340,.T.);
#1126=FACE_OUTER_BOUND('',#1341,.T.);
#1127=FACE_OUTER_BOUND('',#1342,.T.);
#1128=FACE_OUTER_BOUND('',#1343,.T.);
#1129=FACE_OUTER_BOUND('',#1344,.T.);
#1130=FACE_OUTER_BOUND('',#1345,.T.);
#1131=FACE_OUTER_BOUND('',#1346,.T.);
#1132=FACE_OUTER_BOUND('',#1347,.T.);
#1133=FACE_OUTER_BOUND('',#1348,.T.);
#1134=FACE_OUTER_BOUND('',#1349,.T.);
#1135=FACE_OUTER_BOUND('',#1350,.T.);
#1136=FACE_OUTER_BOUND('',#1364,.T.);
#1137=FACE_OUTER_BOUND('',#1365,.T.);
#1138=FACE_OUTER_BOUND('',#1366,.T.);
#1139=FACE_OUTER_BOUND('',#1367,.T.);
#1140=FACE_OUTER_BOUND('',#1380,.T.);
#1141=FACE_OUTER_BOUND('',#1381,.T.);
#1142=FACE_OUTER_BOUND('',#1382,.T.);
#1143=FACE_OUTER_BOUND('',#1383,.T.);
#1144=FACE_OUTER_BOUND('',#1384,.T.);
#1145=FACE_OUTER_BOUND('',#1385,.T.);
#1146=FACE_OUTER_BOUND('',#1386,.T.);
#1147=FACE_OUTER_BOUND('',#1387,.T.);
#1148=FACE_OUTER_BOUND('',#1388,.T.);
#1149=FACE_OUTER_BOUND('',#1391,.T.);
#1150=FACE_OUTER_BOUND('',#1392,.T.);
#1151=FACE_OUTER_BOUND('',#1397,.T.);
#1152=FACE_OUTER_BOUND('',#1398,.T.);
#1153=FACE_OUTER_BOUND('',#1399,.T.);
#1154=FACE_OUTER_BOUND('',#1402,.T.);
#1155=FACE_OUTER_BOUND('',#1403,.T.);
#1156=FACE_OUTER_BOUND('',#1407,.T.);
#1157=FACE_OUTER_BOUND('',#1408,.T.);
#1158=FACE_OUTER_BOUND('',#1409,.T.);
#1159=FACE_OUTER_BOUND('',#1413,.T.);
#1160=FACE_OUTER_BOUND('',#1414,.T.);
#1161=FACE_OUTER_BOUND('',#1415,.T.);
#1162=FACE_OUTER_BOUND('',#1416,.T.);
#1163=FACE_OUTER_BOUND('',#1417,.T.);
#1164=FACE_OUTER_BOUND('',#1418,.T.);
#1165=FACE_OUTER_BOUND('',#1419,.T.);
#1166=FACE_OUTER_BOUND('',#1420,.T.);
#1167=FACE_OUTER_BOUND('',#1427,.T.);
#1168=FACE_OUTER_BOUND('',#1428,.T.);
#1169=FACE_OUTER_BOUND('',#1430,.T.);
#1170=FACE_OUTER_BOUND('',#1431,.T.);
#1171=FACE_OUTER_BOUND('',#1432,.T.);
#1172=FACE_OUTER_BOUND('',#1438,.T.);
#1173=FACE_OUTER_BOUND('',#1439,.T.);
#1174=FACE_OUTER_BOUND('',#1440,.T.);
#1175=FACE_OUTER_BOUND('',#1441,.T.);
#1176=FACE_OUTER_BOUND('',#1442,.T.);
#1177=FACE_OUTER_BOUND('',#1443,.T.);
#1178=FACE_OUTER_BOUND('',#1444,.T.);
#1179=FACE_OUTER_BOUND('',#1445,.T.);
#1180=FACE_OUTER_BOUND('',#1446,.T.);
#1181=FACE_OUTER_BOUND('',#1447,.T.);
#1182=FACE_OUTER_BOUND('',#1448,.T.);
#1183=FACE_OUTER_BOUND('',#1449,.T.);
#1184=FACE_OUTER_BOUND('',#1455,.T.);
#1185=FACE_OUTER_BOUND('',#1456,.T.);
#1186=FACE_OUTER_BOUND('',#1457,.T.);
#1187=FACE_OUTER_BOUND('',#1459,.T.);
#1188=FACE_OUTER_BOUND('',#1460,.T.);
#1189=FACE_OUTER_BOUND('',#1467,.T.);
#1190=FACE_OUTER_BOUND('',#1468,.T.);
#1191=FACE_OUTER_BOUND('',#1469,.T.);
#1192=FACE_OUTER_BOUND('',#1470,.T.);
#1193=FACE_OUTER_BOUND('',#1471,.T.);
#1194=FACE_OUTER_BOUND('',#1472,.T.);
#1195=FACE_OUTER_BOUND('',#1473,.T.);
#1196=FACE_OUTER_BOUND('',#1474,.T.);
#1197=FACE_OUTER_BOUND('',#1475,.T.);
#1198=FACE_OUTER_BOUND('',#1476,.T.);
#1199=FACE_OUTER_BOUND('',#1479,.T.);
#1200=FACE_OUTER_BOUND('',#1480,.T.);
#1201=FACE_OUTER_BOUND('',#1488,.T.);
#1202=FACE_OUTER_BOUND('',#1489,.T.);
#1203=FACE_OUTER_BOUND('',#1490,.T.);
#1204=FACE_OUTER_BOUND('',#1496,.T.);
#1205=FACE_OUTER_BOUND('',#1497,.T.);
#1206=FACE_OUTER_BOUND('',#1498,.T.);
#1207=FACE_OUTER_BOUND('',#1499,.T.);
#1208=FACE_OUTER_BOUND('',#1500,.T.);
#1209=FACE_OUTER_BOUND('',#1501,.T.);
#1210=FACE_OUTER_BOUND('',#1502,.T.);
#1211=FACE_OUTER_BOUND('',#1503,.T.);
#1212=FACE_OUTER_BOUND('',#1504,.T.);
#1213=FACE_OUTER_BOUND('',#1505,.T.);
#1214=FACE_OUTER_BOUND('',#1506,.T.);
#1215=FACE_OUTER_BOUND('',#1507,.T.);
#1216=FACE_OUTER_BOUND('',#1510,.T.);
#1217=FACE_OUTER_BOUND('',#1511,.T.);
#1218=FACE_OUTER_BOUND('',#1514,.T.);
#1219=FACE_OUTER_BOUND('',#1515,.T.);
#1220=FACE_OUTER_BOUND('',#1520,.T.);
#1221=FACE_OUTER_BOUND('',#1521,.T.);
#1222=FACE_OUTER_BOUND('',#1524,.T.);
#1223=FACE_OUTER_BOUND('',#1525,.T.);
#1224=FACE_OUTER_BOUND('',#1528,.T.);
#1225=FACE_OUTER_BOUND('',#1529,.T.);
#1226=EDGE_LOOP('',(#2418,#2419,#2420,#2421));
#1227=EDGE_LOOP('',(#2422,#2423,#2424,#2425));
#1228=EDGE_LOOP('',(#2426));
#1229=EDGE_LOOP('',(#2427));
#1230=EDGE_LOOP('',(#2428));
#1231=EDGE_LOOP('',(#2429,#2430,#2431));
#1232=EDGE_LOOP('',(#2432,#2433,#2434,#2435));
#1233=EDGE_LOOP('',(#2436,#2437,#2438,#2439));
#1234=EDGE_LOOP('',(#2440,#2441,#2442,#2443));
#1235=EDGE_LOOP('',(#2444,#2445,#2446,#2447));
#1236=EDGE_LOOP('',(#2448,#2449,#2450,#2451));
#1237=EDGE_LOOP('',(#2452,#2453,#2454,#2455));
#1238=EDGE_LOOP('',(#2456,#2457,#2458,#2459));
#1239=EDGE_LOOP('',(#2460,#2461,#2462,#2463));
#1240=EDGE_LOOP('',(#2464,#2465,#2466,#2467));
#1241=EDGE_LOOP('',(#2468,#2469,#2470,#2471));
#1242=EDGE_LOOP('',(#2472,#2473,#2474,#2475));
#1243=EDGE_LOOP('',(#2476));
#1244=EDGE_LOOP('',(#2477));
#1245=EDGE_LOOP('',(#2478));
#1246=EDGE_LOOP('',(#2479,#2480,#2481,#2482,#2483,#2484,#2485,#2486));
#1247=EDGE_LOOP('',(#2487,#2488,#2489,#2490));
#1248=EDGE_LOOP('',(#2491));
#1249=EDGE_LOOP('',(#2492));
#1250=EDGE_LOOP('',(#2493));
#1251=EDGE_LOOP('',(#2494,#2495,#2496,#2497,#2498,#2499));
#1252=EDGE_LOOP('',(#2500,#2501,#2502,#2503));
#1253=EDGE_LOOP('',(#2504));
#1254=EDGE_LOOP('',(#2505));
#1255=EDGE_LOOP('',(#2506));
#1256=EDGE_LOOP('',(#2507,#2508,#2509,#2510,#2511,#2512));
#1257=EDGE_LOOP('',(#2513,#2514,#2515,#2516));
#1258=EDGE_LOOP('',(#2517,#2518,#2519,#2520));
#1259=EDGE_LOOP('',(#2521));
#1260=EDGE_LOOP('',(#2522));
#1261=EDGE_LOOP('',(#2523));
#1262=EDGE_LOOP('',(#2524));
#1263=EDGE_LOOP('',(#2525));
#1264=EDGE_LOOP('',(#2526));
#1265=EDGE_LOOP('',(#2527,#2528,#2529,#2530));
#1266=EDGE_LOOP('',(#2531,#2532,#2533,#2534));
#1267=EDGE_LOOP('',(#2535));
#1268=EDGE_LOOP('',(#2536));
#1269=EDGE_LOOP('',(#2537));
#1270=EDGE_LOOP('',(#2538,#2539,#2540,#2541,#2542,#2543,#2544,#2545));
#1271=EDGE_LOOP('',(#2546,#2547,#2548,#2549));
#1272=EDGE_LOOP('',(#2550,#2551,#2552,#2553));
#1273=EDGE_LOOP('',(#2554,#2555,#2556,#2557));
#1274=EDGE_LOOP('',(#2558,#2559,#2560,#2561));
#1275=EDGE_LOOP('',(#2562,#2563,#2564,#2565));
#1276=EDGE_LOOP('',(#2566,#2567,#2568,#2569));
#1277=EDGE_LOOP('',(#2570,#2571,#2572,#2573));
#1278=EDGE_LOOP('',(#2574));
#1279=EDGE_LOOP('',(#2575));
#1280=EDGE_LOOP('',(#2576,#2577,#2578,#2579));
#1281=EDGE_LOOP('',(#2580,#2581,#2582,#2583,#2584,#2585));
#1282=EDGE_LOOP('',(#2586,#2587,#2588,#2589));
#1283=EDGE_LOOP('',(#2590,#2591,#2592,#2593));
#1284=EDGE_LOOP('',(#2594));
#1285=EDGE_LOOP('',(#2595));
#1286=EDGE_LOOP('',(#2596,#2597,#2598,#2599,#2600,#2601));
#1287=EDGE_LOOP('',(#2602,#2603,#2604,#2605));
#1288=EDGE_LOOP('',(#2606));
#1289=EDGE_LOOP('',(#2607));
#1290=EDGE_LOOP('',(#2608,#2609,#2610,#2611,#2612,#2613,#2614,#2615));
#1291=EDGE_LOOP('',(#2616,#2617,#2618,#2619,#2620,#2621,#2622,#2623));
#1292=EDGE_LOOP('',(#2624,#2625,#2626,#2627));
#1293=EDGE_LOOP('',(#2628));
#1294=EDGE_LOOP('',(#2629));
#1295=EDGE_LOOP('',(#2630,#2631,#2632,#2633));
#1296=EDGE_LOOP('',(#2634,#2635,#2636,#2637));
#1297=EDGE_LOOP('',(#2638));
#1298=EDGE_LOOP('',(#2639));
#1299=EDGE_LOOP('',(#2640));
#1300=EDGE_LOOP('',(#2641));
#1301=EDGE_LOOP('',(#2642,#2643,#2644,#2645));
#1302=EDGE_LOOP('',(#2646,#2647,#2648,#2649));
#1303=EDGE_LOOP('',(#2650,#2651,#2652,#2653));
#1304=EDGE_LOOP('',(#2654,#2655,#2656,#2657));
#1305=EDGE_LOOP('',(#2658,#2659,#2660,#2661));
#1306=EDGE_LOOP('',(#2662,#2663,#2664,#2665));
#1307=EDGE_LOOP('',(#2666,#2667,#2668,#2669));
#1308=EDGE_LOOP('',(#2670,#2671,#2672,#2673,#2674));
#1309=EDGE_LOOP('',(#2675));
#1310=EDGE_LOOP('',(#2676));
#1311=EDGE_LOOP('',(#2677,#2678,#2679,#2680));
#1312=EDGE_LOOP('',(#2681,#2682,#2683,#2684,#2685,#2686));
#1313=EDGE_LOOP('',(#2687));
#1314=EDGE_LOOP('',(#2688));
#1315=EDGE_LOOP('',(#2689));
#1316=EDGE_LOOP('',(#2690));
#1317=EDGE_LOOP('',(#2691));
#1318=EDGE_LOOP('',(#2692,#2693,#2694,#2695));
#1319=EDGE_LOOP('',(#2696,#2697,#2698,#2699));
#1320=EDGE_LOOP('',(#2700,#2701,#2702,#2703,#2704,#2705));
#1321=EDGE_LOOP('',(#2706,#2707,#2708,#2709));
#1322=EDGE_LOOP('',(#2710,#2711,#2712,#2713,#2714,#2715));
#1323=EDGE_LOOP('',(#2716,#2717,#2718,#2719,#2720));
#1324=EDGE_LOOP('',(#2721));
#1325=EDGE_LOOP('',(#2722));
#1326=EDGE_LOOP('',(#2723));
#1327=EDGE_LOOP('',(#2724));
#1328=EDGE_LOOP('',(#2725));
#1329=EDGE_LOOP('',(#2726));
#1330=EDGE_LOOP('',(#2727));
#1331=EDGE_LOOP('',(#2728,#2729,#2730,#2731));
#1332=EDGE_LOOP('',(#2732,#2733,#2734,#2735));
#1333=EDGE_LOOP('',(#2736,#2737,#2738,#2739));
#1334=EDGE_LOOP('',(#2740,#2741,#2742,#2743));
#1335=EDGE_LOOP('',(#2744,#2745,#2746,#2747));
#1336=EDGE_LOOP('',(#2748,#2749,#2750,#2751));
#1337=EDGE_LOOP('',(#2752,#2753,#2754,#2755));
#1338=EDGE_LOOP('',(#2756,#2757,#2758,#2759));
#1339=EDGE_LOOP('',(#2760,#2761,#2762,#2763));
#1340=EDGE_LOOP('',(#2764,#2765,#2766,#2767));
#1341=EDGE_LOOP('',(#2768,#2769,#2770,#2771));
#1342=EDGE_LOOP('',(#2772,#2773,#2774,#2775));
#1343=EDGE_LOOP('',(#2776,#2777,#2778,#2779));
#1344=EDGE_LOOP('',(#2780,#2781,#2782,#2783));
#1345=EDGE_LOOP('',(#2784,#2785,#2786,#2787));
#1346=EDGE_LOOP('',(#2788,#2789,#2790,#2791));
#1347=EDGE_LOOP('',(#2792,#2793,#2794,#2795));
#1348=EDGE_LOOP('',(#2796,#2797,#2798,#2799));
#1349=EDGE_LOOP('',(#2800,#2801,#2802,#2803));
#1350=EDGE_LOOP('',(#2804,#2805,#2806,#2807));
#1351=EDGE_LOOP('',(#2808));
#1352=EDGE_LOOP('',(#2809));
#1353=EDGE_LOOP('',(#2810));
#1354=EDGE_LOOP('',(#2811));
#1355=EDGE_LOOP('',(#2812));
#1356=EDGE_LOOP('',(#2813));
#1357=EDGE_LOOP('',(#2814,#2815,#2816,#2817));
#1358=EDGE_LOOP('',(#2818));
#1359=EDGE_LOOP('',(#2819));
#1360=EDGE_LOOP('',(#2820));
#1361=EDGE_LOOP('',(#2821));
#1362=EDGE_LOOP('',(#2822));
#1363=EDGE_LOOP('',(#2823));
#1364=EDGE_LOOP('',(#2824,#2825,#2826,#2827));
#1365=EDGE_LOOP('',(#2828,#2829,#2830,#2831));
#1366=EDGE_LOOP('',(#2832,#2833,#2834,#2835));
#1367=EDGE_LOOP('',(#2836,#2837,#2838,#2839));
#1368=EDGE_LOOP('',(#2840));
#1369=EDGE_LOOP('',(#2841));
#1370=EDGE_LOOP('',(#2842));
#1371=EDGE_LOOP('',(#2843));
#1372=EDGE_LOOP('',(#2844));
#1373=EDGE_LOOP('',(#2845));
#1374=EDGE_LOOP('',(#2846));
#1375=EDGE_LOOP('',(#2847));
#1376=EDGE_LOOP('',(#2848));
#1377=EDGE_LOOP('',(#2849));
#1378=EDGE_LOOP('',(#2850));
#1379=EDGE_LOOP('',(#2851));
#1380=EDGE_LOOP('',(#2852,#2853,#2854,#2855));
#1381=EDGE_LOOP('',(#2856,#2857,#2858,#2859));
#1382=EDGE_LOOP('',(#2860,#2861,#2862,#2863));
#1383=EDGE_LOOP('',(#2864,#2865,#2866,#2867));
#1384=EDGE_LOOP('',(#2868,#2869,#2870,#2871));
#1385=EDGE_LOOP('',(#2872,#2873,#2874,#2875));
#1386=EDGE_LOOP('',(#2876,#2877,#2878,#2879));
#1387=EDGE_LOOP('',(#2880,#2881,#2882,#2883,#2884,#2885,#2886,#2887));
#1388=EDGE_LOOP('',(#2888,#2889,#2890,#2891));
#1389=EDGE_LOOP('',(#2892));
#1390=EDGE_LOOP('',(#2893));
#1391=EDGE_LOOP('',(#2894,#2895,#2896,#2897));
#1392=EDGE_LOOP('',(#2898,#2899,#2900,#2901));
#1393=EDGE_LOOP('',(#2902));
#1394=EDGE_LOOP('',(#2903));
#1395=EDGE_LOOP('',(#2904));
#1396=EDGE_LOOP('',(#2905));
#1397=EDGE_LOOP('',(#2906,#2907,#2908,#2909));
#1398=EDGE_LOOP('',(#2910,#2911,#2912,#2913,#2914,#2915));
#1399=EDGE_LOOP('',(#2916,#2917,#2918,#2919));
#1400=EDGE_LOOP('',(#2920));
#1401=EDGE_LOOP('',(#2921));
#1402=EDGE_LOOP('',(#2922,#2923,#2924,#2925,#2926,#2927));
#1403=EDGE_LOOP('',(#2928,#2929,#2930,#2931));
#1404=EDGE_LOOP('',(#2932));
#1405=EDGE_LOOP('',(#2933));
#1406=EDGE_LOOP('',(#2934));
#1407=EDGE_LOOP('',(#2935,#2936,#2937,#2938));
#1408=EDGE_LOOP('',(#2939,#2940,#2941,#2942,#2943,#2944,#2945,#2946));
#1409=EDGE_LOOP('',(#2947,#2948,#2949,#2950));
#1410=EDGE_LOOP('',(#2951));
#1411=EDGE_LOOP('',(#2952));
#1412=EDGE_LOOP('',(#2953));
#1413=EDGE_LOOP('',(#2954,#2955,#2956,#2957));
#1414=EDGE_LOOP('',(#2958,#2959,#2960,#2961));
#1415=EDGE_LOOP('',(#2962,#2963,#2964,#2965));
#1416=EDGE_LOOP('',(#2966,#2967,#2968,#2969));
#1417=EDGE_LOOP('',(#2970,#2971,#2972,#2973));
#1418=EDGE_LOOP('',(#2974,#2975,#2976,#2977));
#1419=EDGE_LOOP('',(#2978,#2979,#2980,#2981));
#1420=EDGE_LOOP('',(#2982,#2983,#2984,#2985,#2986));
#1421=EDGE_LOOP('',(#2987));
#1422=EDGE_LOOP('',(#2988));
#1423=EDGE_LOOP('',(#2989));
#1424=EDGE_LOOP('',(#2990));
#1425=EDGE_LOOP('',(#2991));
#1426=EDGE_LOOP('',(#2992));
#1427=EDGE_LOOP('',(#2993,#2994,#2995,#2996,#2997,#2998));
#1428=EDGE_LOOP('',(#2999,#3000,#3001,#3002,#3003));
#1429=EDGE_LOOP('',(#3004));
#1430=EDGE_LOOP('',(#3005,#3006,#3007,#3008));
#1431=EDGE_LOOP('',(#3009,#3010,#3011,#3012));
#1432=EDGE_LOOP('',(#3013,#3014,#3015,#3016,#3017,#3018));
#1433=EDGE_LOOP('',(#3019));
#1434=EDGE_LOOP('',(#3020));
#1435=EDGE_LOOP('',(#3021));
#1436=EDGE_LOOP('',(#3022));
#1437=EDGE_LOOP('',(#3023));
#1438=EDGE_LOOP('',(#3024,#3025,#3026,#3027,#3028,#3029));
#1439=EDGE_LOOP('',(#3030,#3031,#3032,#3033));
#1440=EDGE_LOOP('',(#3034,#3035,#3036,#3037));
#1441=EDGE_LOOP('',(#3038,#3039,#3040,#3041));
#1442=EDGE_LOOP('',(#3042,#3043,#3044,#3045));
#1443=EDGE_LOOP('',(#3046,#3047,#3048,#3049));
#1444=EDGE_LOOP('',(#3050,#3051,#3052,#3053));
#1445=EDGE_LOOP('',(#3054,#3055,#3056,#3057));
#1446=EDGE_LOOP('',(#3058,#3059,#3060,#3061));
#1447=EDGE_LOOP('',(#3062,#3063,#3064,#3065));
#1448=EDGE_LOOP('',(#3066,#3067,#3068,#3069,#3070,#3071));
#1449=EDGE_LOOP('',(#3072,#3073,#3074,#3075,#3076,#3077));
#1450=EDGE_LOOP('',(#3078));
#1451=EDGE_LOOP('',(#3079));
#1452=EDGE_LOOP('',(#3080));
#1453=EDGE_LOOP('',(#3081));
#1454=EDGE_LOOP('',(#3082));
#1455=EDGE_LOOP('',(#3083,#3084,#3085,#3086));
#1456=EDGE_LOOP('',(#3087,#3088,#3089,#3090));
#1457=EDGE_LOOP('',(#3091,#3092,#3093,#3094,#3095));
#1458=EDGE_LOOP('',(#3096));
#1459=EDGE_LOOP('',(#3097,#3098,#3099,#3100,#3101,#3102));
#1460=EDGE_LOOP('',(#3103,#3104,#3105,#3106,#3107));
#1461=EDGE_LOOP('',(#3108));
#1462=EDGE_LOOP('',(#3109));
#1463=EDGE_LOOP('',(#3110));
#1464=EDGE_LOOP('',(#3111));
#1465=EDGE_LOOP('',(#3112));
#1466=EDGE_LOOP('',(#3113));
#1467=EDGE_LOOP('',(#3114,#3115,#3116,#3117));
#1468=EDGE_LOOP('',(#3118,#3119,#3120,#3121));
#1469=EDGE_LOOP('',(#3122,#3123,#3124,#3125));
#1470=EDGE_LOOP('',(#3126,#3127,#3128,#3129));
#1471=EDGE_LOOP('',(#3130,#3131,#3132,#3133));
#1472=EDGE_LOOP('',(#3134,#3135,#3136,#3137));
#1473=EDGE_LOOP('',(#3138,#3139,#3140,#3141));
#1474=EDGE_LOOP('',(#3142,#3143,#3144,#3145));
#1475=EDGE_LOOP('',(#3146,#3147,#3148,#3149));
#1476=EDGE_LOOP('',(#3150,#3151,#3152,#3153,#3154));
#1477=EDGE_LOOP('',(#3155));
#1478=EDGE_LOOP('',(#3156));
#1479=EDGE_LOOP('',(#3157,#3158,#3159,#3160,#3161,#3162));
#1480=EDGE_LOOP('',(#3163,#3164,#3165,#3166,#3167));
#1481=EDGE_LOOP('',(#3168));
#1482=EDGE_LOOP('',(#3169));
#1483=EDGE_LOOP('',(#3170));
#1484=EDGE_LOOP('',(#3171));
#1485=EDGE_LOOP('',(#3172));
#1486=EDGE_LOOP('',(#3173));
#1487=EDGE_LOOP('',(#3174));
#1488=EDGE_LOOP('',(#3175,#3176,#3177,#3178));
#1489=EDGE_LOOP('',(#3179,#3180,#3181,#3182));
#1490=EDGE_LOOP('',(#3183,#3184,#3185,#3186,#3187,#3188));
#1491=EDGE_LOOP('',(#3189));
#1492=EDGE_LOOP('',(#3190));
#1493=EDGE_LOOP('',(#3191));
#1494=EDGE_LOOP('',(#3192));
#1495=EDGE_LOOP('',(#3193));
#1496=EDGE_LOOP('',(#3194,#3195,#3196,#3197));
#1497=EDGE_LOOP('',(#3198,#3199,#3200,#3201));
#1498=EDGE_LOOP('',(#3202,#3203,#3204,#3205));
#1499=EDGE_LOOP('',(#3206,#3207,#3208,#3209,#3210,#3211));
#1500=EDGE_LOOP('',(#3212,#3213,#3214,#3215));
#1501=EDGE_LOOP('',(#3216,#3217,#3218,#3219));
#1502=EDGE_LOOP('',(#3220,#3221,#3222,#3223));
#1503=EDGE_LOOP('',(#3224,#3225,#3226,#3227));
#1504=EDGE_LOOP('',(#3228,#3229,#3230,#3231));
#1505=EDGE_LOOP('',(#3232,#3233,#3234,#3235));
#1506=EDGE_LOOP('',(#3236,#3237,#3238,#3239,#3240,#3241,#3242,#3243));
#1507=EDGE_LOOP('',(#3244,#3245,#3246,#3247));
#1508=EDGE_LOOP('',(#3248));
#1509=EDGE_LOOP('',(#3249));
#1510=EDGE_LOOP('',(#3250,#3251,#3252,#3253));
#1511=EDGE_LOOP('',(#3254,#3255,#3256,#3257));
#1512=EDGE_LOOP('',(#3258));
#1513=EDGE_LOOP('',(#3259));
#1514=EDGE_LOOP('',(#3260,#3261,#3262,#3263,#3264,#3265,#3266,#3267));
#1515=EDGE_LOOP('',(#3268,#3269,#3270,#3271));
#1516=EDGE_LOOP('',(#3272));
#1517=EDGE_LOOP('',(#3273));
#1518=EDGE_LOOP('',(#3274));
#1519=EDGE_LOOP('',(#3275));
#1520=EDGE_LOOP('',(#3276,#3277,#3278,#3279));
#1521=EDGE_LOOP('',(#3280,#3281,#3282,#3283));
#1522=EDGE_LOOP('',(#3284));
#1523=EDGE_LOOP('',(#3285));
#1524=EDGE_LOOP('',(#3286,#3287,#3288,#3289,#3290,#3291));
#1525=EDGE_LOOP('',(#3292,#3293,#3294,#3295));
#1526=EDGE_LOOP('',(#3296));
#1527=EDGE_LOOP('',(#3297));
#1528=EDGE_LOOP('',(#3298,#3299,#3300,#3301));
#1529=EDGE_LOOP('',(#3302,#3303,#3304,#3305,#3306,#3307));
#1530=CIRCLE('',#3504,2.9);
#1531=CIRCLE('',#3505,0.4);
#1532=CIRCLE('',#3506,2.5);
#1533=CIRCLE('',#3508,2.5);
#1534=CIRCLE('',#3510,4.4);
#1535=CIRCLE('',#3513,4.72666666666493);
#1536=CIRCLE('',#3515,2.6);
#1537=CIRCLE('',#3516,2.6);
#1538=CIRCLE('',#3518,2.6);
#1539=CIRCLE('',#3519,2.6);
#1540=CIRCLE('',#3521,2.6);
#1541=CIRCLE('',#3522,2.6);
#1542=CIRCLE('',#3524,2.6);
#1543=CIRCLE('',#3525,2.6);
#1544=CIRCLE('',#3527,2.6);
#1545=CIRCLE('',#3528,2.6);
#1546=CIRCLE('',#3530,2.6);
#1547=CIRCLE('',#3531,2.6);
#1548=CIRCLE('',#3533,2.6);
#1549=CIRCLE('',#3534,2.6);
#1550=CIRCLE('',#3536,2.6);
#1551=CIRCLE('',#3537,2.6);
#1552=CIRCLE('',#3539,2.6);
#1553=CIRCLE('',#3540,2.6);
#1554=CIRCLE('',#3554,2.6);
#1555=CIRCLE('',#3555,2.6);
#1556=CIRCLE('',#3557,2.6);
#1557=CIRCLE('',#3558,2.6);
#1558=CIRCLE('',#3560,2.6);
#1559=CIRCLE('',#3561,2.6);
#1560=CIRCLE('',#3563,2.6);
#1561=CIRCLE('',#3564,2.6);
#1562=CIRCLE('',#3566,2.6);
#1563=CIRCLE('',#3567,2.6);
#1564=CIRCLE('',#3569,2.6);
#1565=CIRCLE('',#3570,2.6);
#1566=CIRCLE('',#3584,2.6);
#1567=CIRCLE('',#3585,2.6);
#1568=CIRCLE('',#3587,2.6);
#1569=CIRCLE('',#3588,2.6);
#1570=CIRCLE('',#3590,2.6);
#1571=CIRCLE('',#3591,2.6);
#1572=CIRCLE('',#3593,2.6);
#1573=CIRCLE('',#3594,2.6);
#1574=CIRCLE('',#3596,2.6);
#1575=CIRCLE('',#3597,2.6);
#1576=CIRCLE('',#3601,4.);
#1577=CIRCLE('',#3602,2.10000000000001);
#1578=CIRCLE('',#3603,2.10000000000001);
#1579=CIRCLE('',#3607,2.10000000000001);
#1580=CIRCLE('',#3609,2.10000000000001);
#1581=CIRCLE('',#3612,4.);
#1582=CIRCLE('',#3617,2.6);
#1583=CIRCLE('',#3618,2.6);
#1584=CIRCLE('',#3620,2.6);
#1585=CIRCLE('',#3621,2.6);
#1586=CIRCLE('',#3623,2.6);
#1587=CIRCLE('',#3624,2.6);
#1588=CIRCLE('',#3626,2.6);
#1589=CIRCLE('',#3627,2.6);
#1590=CIRCLE('',#3629,2.6);
#1591=CIRCLE('',#3630,2.6);
#1592=CIRCLE('',#3632,2.6);
#1593=CIRCLE('',#3633,2.6);
#1594=CIRCLE('',#3635,2.6);
#1595=CIRCLE('',#3636,2.6);
#1596=CIRCLE('',#3638,2.6);
#1597=CIRCLE('',#3639,2.6);
#1598=CIRCLE('',#3641,2.6);
#1599=CIRCLE('',#3642,2.6);
#1600=CIRCLE('',#3644,2.6);
#1601=CIRCLE('',#3645,2.6);
#1602=CIRCLE('',#3647,2.6);
#1603=CIRCLE('',#3648,2.6);
#1604=CIRCLE('',#3650,2.6);
#1605=CIRCLE('',#3651,2.6);
#1606=CIRCLE('',#3664,2.6);
#1607=CIRCLE('',#3665,2.6);
#1608=CIRCLE('',#3667,2.6);
#1609=CIRCLE('',#3668,2.6);
#1610=CIRCLE('',#3670,2.6);
#1611=CIRCLE('',#3671,2.6);
#1612=CIRCLE('',#3673,2.6);
#1613=CIRCLE('',#3674,2.6);
#1614=CIRCLE('',#3676,2.6);
#1615=CIRCLE('',#3677,2.6);
#1616=CIRCLE('',#3679,2.6);
#1617=CIRCLE('',#3680,2.6);
#1618=CIRCLE('',#3682,2.6);
#1619=CIRCLE('',#3683,2.6);
#1620=CIRCLE('',#3697,2.6);
#1621=CIRCLE('',#3698,2.6);
#1622=CIRCLE('',#3700,2.6);
#1623=CIRCLE('',#3701,2.6);
#1624=CIRCLE('',#3703,2.6);
#1625=CIRCLE('',#3704,2.6);
#1626=CIRCLE('',#3706,2.6);
#1627=CIRCLE('',#3707,2.6);
#1628=CIRCLE('',#3709,2.6);
#1629=CIRCLE('',#3710,2.6);
#1630=CIRCLE('',#3714,4.);
#1631=CIRCLE('',#3715,2.10000000000001);
#1632=CIRCLE('',#3718,4.);
#1633=CIRCLE('',#3719,2.10000000000001);
#1634=CIRCLE('',#3727,2.6);
#1635=CIRCLE('',#3728,2.6);
#1636=CIRCLE('',#3730,2.6);
#1637=CIRCLE('',#3731,2.6);
#1638=CIRCLE('',#3733,2.6);
#1639=CIRCLE('',#3734,2.6);
#1640=CIRCLE('',#3736,2.6);
#1641=CIRCLE('',#3737,2.6);
#1642=CIRCLE('',#3739,2.6);
#1643=CIRCLE('',#3740,2.6);
#1644=CIRCLE('',#3742,2.10000000000001);
#1645=CIRCLE('',#3743,2.10000000000001);
#1646=CIRCLE('',#3745,4.);
#1647=CIRCLE('',#3746,4.);
#1648=CIRCLE('',#3757,2.6);
#1649=CIRCLE('',#3758,2.6);
#1650=CIRCLE('',#3760,2.6);
#1651=CIRCLE('',#3761,2.6);
#1652=CIRCLE('',#3763,2.6);
#1653=CIRCLE('',#3764,2.6);
#1654=CIRCLE('',#3766,2.6);
#1655=CIRCLE('',#3767,2.6);
#1656=CIRCLE('',#3769,2.6);
#1657=CIRCLE('',#3770,2.6);
#1658=CIRCLE('',#3774,4.);
#1659=CIRCLE('',#3775,2.10000000000001);
#1660=CIRCLE('',#3776,2.10000000000001);
#1661=CIRCLE('',#3779,4.);
#1662=CIRCLE('',#3780,2.10000000000001);
#1663=CIRCLE('',#3781,2.10000000000001);
#1664=CIRCLE('',#3790,2.6);
#1665=CIRCLE('',#3791,2.6);
#1666=CIRCLE('',#3793,2.6);
#1667=CIRCLE('',#3794,2.6);
#1668=CIRCLE('',#3796,2.6);
#1669=CIRCLE('',#3797,2.6);
#1670=CIRCLE('',#3799,2.6);
#1671=CIRCLE('',#3800,2.6);
#1672=CIRCLE('',#3802,2.6);
#1673=CIRCLE('',#3803,2.6);
#1674=CIRCLE('',#3805,2.6);
#1675=CIRCLE('',#3806,2.6);
#1676=VERTEX_POINT('',#4847);
#1677=VERTEX_POINT('',#4849);
#1678=VERTEX_POINT('',#4853);
#1679=VERTEX_POINT('',#4857);
#1680=VERTEX_POINT('',#4861);
#1681=VERTEX_POINT('',#4864);
#1682=VERTEX_POINT('',#4866);
#1683=VERTEX_POINT('',#4870);
#1684=VERTEX_POINT('',#4872);
#1685=VERTEX_POINT('',#4876);
#1686=VERTEX_POINT('',#4878);
#1687=VERTEX_POINT('',#4882);
#1688=VERTEX_POINT('',#4884);
#1689=VERTEX_POINT('',#4888);
#1690=VERTEX_POINT('',#4890);
#1691=VERTEX_POINT('',#4894);
#1692=VERTEX_POINT('',#4896);
#1693=VERTEX_POINT('',#4900);
#1694=VERTEX_POINT('',#4902);
#1695=VERTEX_POINT('',#4906);
#1696=VERTEX_POINT('',#4908);
#1697=VERTEX_POINT('',#4912);
#1698=VERTEX_POINT('',#4914);
#1699=VERTEX_POINT('',#4918);
#1700=VERTEX_POINT('',#4919);
#1701=VERTEX_POINT('',#4921);
#1702=VERTEX_POINT('',#4923);
#1703=VERTEX_POINT('',#4927);
#1704=VERTEX_POINT('',#4929);
#1705=VERTEX_POINT('',#4933);
#1706=VERTEX_POINT('',#4935);
#1707=VERTEX_POINT('',#4937);
#1708=VERTEX_POINT('',#4939);
#1709=VERTEX_POINT('',#4941);
#1710=VERTEX_POINT('',#4943);
#1711=VERTEX_POINT('',#4947);
#1712=VERTEX_POINT('',#4949);
#1713=VERTEX_POINT('',#4953);
#1714=VERTEX_POINT('',#4957);
#1715=VERTEX_POINT('',#4961);
#1716=VERTEX_POINT('',#4965);
#1717=VERTEX_POINT('',#4969);
#1718=VERTEX_POINT('',#4973);
#1719=VERTEX_POINT('',#4980);
#1720=VERTEX_POINT('',#4982);
#1721=VERTEX_POINT('',#4986);
#1722=VERTEX_POINT('',#4988);
#1723=VERTEX_POINT('',#4992);
#1724=VERTEX_POINT('',#4994);
#1725=VERTEX_POINT('',#4998);
#1726=VERTEX_POINT('',#5000);
#1727=VERTEX_POINT('',#5004);
#1728=VERTEX_POINT('',#5006);
#1729=VERTEX_POINT('',#5010);
#1730=VERTEX_POINT('',#5012);
#1731=VERTEX_POINT('',#5016);
#1732=VERTEX_POINT('',#5017);
#1733=VERTEX_POINT('',#5019);
#1734=VERTEX_POINT('',#5021);
#1735=VERTEX_POINT('',#5025);
#1736=VERTEX_POINT('',#5027);
#1737=VERTEX_POINT('',#5031);
#1738=VERTEX_POINT('',#5033);
#1739=VERTEX_POINT('',#5035);
#1740=VERTEX_POINT('',#5037);
#1741=VERTEX_POINT('',#5041);
#1742=VERTEX_POINT('',#5042);
#1743=VERTEX_POINT('',#5044);
#1744=VERTEX_POINT('',#5046);
#1745=VERTEX_POINT('',#5050);
#1746=VERTEX_POINT('',#5052);
#1747=VERTEX_POINT('',#5056);
#1748=VERTEX_POINT('',#5058);
#1749=VERTEX_POINT('',#5060);
#1750=VERTEX_POINT('',#5062);
#1751=VERTEX_POINT('',#5078);
#1752=VERTEX_POINT('',#5080);
#1753=VERTEX_POINT('',#5084);
#1754=VERTEX_POINT('',#5086);
#1755=VERTEX_POINT('',#5090);
#1756=VERTEX_POINT('',#5092);
#1757=VERTEX_POINT('',#5096);
#1758=VERTEX_POINT('',#5098);
#1759=VERTEX_POINT('',#5102);
#1760=VERTEX_POINT('',#5104);
#1761=VERTEX_POINT('',#5108);
#1762=VERTEX_POINT('',#5109);
#1763=VERTEX_POINT('',#5111);
#1764=VERTEX_POINT('',#5113);
#1765=VERTEX_POINT('',#5117);
#1766=VERTEX_POINT('',#5118);
#1767=VERTEX_POINT('',#5120);
#1768=VERTEX_POINT('',#5122);
#1769=VERTEX_POINT('',#5126);
#1770=VERTEX_POINT('',#5128);
#1771=VERTEX_POINT('',#5130);
#1772=VERTEX_POINT('',#5133);
#1773=VERTEX_POINT('',#5135);
#1774=VERTEX_POINT('',#5138);
#1775=VERTEX_POINT('',#5142);
#1776=VERTEX_POINT('',#5147);
#1777=VERTEX_POINT('',#5151);
#1778=VERTEX_POINT('',#5155);
#1779=VERTEX_POINT('',#5159);
#1780=VERTEX_POINT('',#5163);
#1781=VERTEX_POINT('',#5170);
#1782=VERTEX_POINT('',#5172);
#1783=VERTEX_POINT('',#5176);
#1784=VERTEX_POINT('',#5178);
#1785=VERTEX_POINT('',#5182);
#1786=VERTEX_POINT('',#5184);
#1787=VERTEX_POINT('',#5188);
#1788=VERTEX_POINT('',#5190);
#1789=VERTEX_POINT('',#5194);
#1790=VERTEX_POINT('',#5196);
#1791=VERTEX_POINT('',#5200);
#1792=VERTEX_POINT('',#5202);
#1793=VERTEX_POINT('',#5206);
#1794=VERTEX_POINT('',#5208);
#1795=VERTEX_POINT('',#5212);
#1796=VERTEX_POINT('',#5214);
#1797=VERTEX_POINT('',#5218);
#1798=VERTEX_POINT('',#5220);
#1799=VERTEX_POINT('',#5224);
#1800=VERTEX_POINT('',#5226);
#1801=VERTEX_POINT('',#5230);
#1802=VERTEX_POINT('',#5232);
#1803=VERTEX_POINT('',#5236);
#1804=VERTEX_POINT('',#5238);
#1805=VERTEX_POINT('',#5242);
#1806=VERTEX_POINT('',#5243);
#1807=VERTEX_POINT('',#5245);
#1808=VERTEX_POINT('',#5247);
#1809=VERTEX_POINT('',#5251);
#1810=VERTEX_POINT('',#5252);
#1811=VERTEX_POINT('',#5254);
#1812=VERTEX_POINT('',#5256);
#1813=VERTEX_POINT('',#5260);
#1814=VERTEX_POINT('',#5261);
#1815=VERTEX_POINT('',#5263);
#1816=VERTEX_POINT('',#5265);
#1817=VERTEX_POINT('',#5269);
#1818=VERTEX_POINT('',#5270);
#1819=VERTEX_POINT('',#5272);
#1820=VERTEX_POINT('',#5274);
#1821=VERTEX_POINT('',#5293);
#1822=VERTEX_POINT('',#5295);
#1823=VERTEX_POINT('',#5299);
#1824=VERTEX_POINT('',#5301);
#1825=VERTEX_POINT('',#5305);
#1826=VERTEX_POINT('',#5307);
#1827=VERTEX_POINT('',#5311);
#1828=VERTEX_POINT('',#5313);
#1829=VERTEX_POINT('',#5317);
#1830=VERTEX_POINT('',#5319);
#1831=VERTEX_POINT('',#5323);
#1832=VERTEX_POINT('',#5325);
#1833=VERTEX_POINT('',#5329);
#1834=VERTEX_POINT('',#5331);
#1835=VERTEX_POINT('',#5335);
#1836=VERTEX_POINT('',#5336);
#1837=VERTEX_POINT('',#5338);
#1838=VERTEX_POINT('',#5340);
#1839=VERTEX_POINT('',#5342);
#1840=VERTEX_POINT('',#5344);
#1841=VERTEX_POINT('',#5346);
#1842=VERTEX_POINT('',#5348);
#1843=VERTEX_POINT('',#5352);
#1844=VERTEX_POINT('',#5353);
#1845=VERTEX_POINT('',#5358);
#1846=VERTEX_POINT('',#5362);
#1847=VERTEX_POINT('',#5366);
#1848=VERTEX_POINT('',#5370);
#1849=VERTEX_POINT('',#5371);
#1850=VERTEX_POINT('',#5374);
#1851=VERTEX_POINT('',#5378);
#1852=VERTEX_POINT('',#5382);
#1853=VERTEX_POINT('',#5383);
#1854=VERTEX_POINT('',#5385);
#1855=VERTEX_POINT('',#5397);
#1856=VERTEX_POINT('',#5399);
#1857=VERTEX_POINT('',#5403);
#1858=VERTEX_POINT('',#5405);
#1859=VERTEX_POINT('',#5409);
#1860=VERTEX_POINT('',#5411);
#1861=VERTEX_POINT('',#5415);
#1862=VERTEX_POINT('',#5417);
#1863=VERTEX_POINT('',#5421);
#1864=VERTEX_POINT('',#5423);
#1865=VERTEX_POINT('',#5427);
#1866=VERTEX_POINT('',#5428);
#1867=VERTEX_POINT('',#5430);
#1868=VERTEX_POINT('',#5432);
#1869=VERTEX_POINT('',#5436);
#1870=VERTEX_POINT('',#5437);
#1871=VERTEX_POINT('',#5439);
#1872=VERTEX_POINT('',#5441);
#1873=VERTEX_POINT('',#5445);
#1874=VERTEX_POINT('',#5447);
#1875=VERTEX_POINT('',#5449);
#1876=VERTEX_POINT('',#5452);
#1877=VERTEX_POINT('',#5455);
#1878=VERTEX_POINT('',#5460);
#1879=VERTEX_POINT('',#5462);
#1880=VERTEX_POINT('',#5465);
#1881=VERTEX_POINT('',#5468);
#1882=VERTEX_POINT('',#5472);
#1883=VERTEX_POINT('',#5483);
#1884=VERTEX_POINT('',#5485);
#1885=VERTEX_POINT('',#5489);
#1886=VERTEX_POINT('',#5491);
#1887=VERTEX_POINT('',#5495);
#1888=VERTEX_POINT('',#5497);
#1889=VERTEX_POINT('',#5501);
#1890=VERTEX_POINT('',#5503);
#1891=VERTEX_POINT('',#5507);
#1892=VERTEX_POINT('',#5509);
#1893=VERTEX_POINT('',#5513);
#1894=VERTEX_POINT('',#5515);
#1895=VERTEX_POINT('',#5519);
#1896=VERTEX_POINT('',#5520);
#1897=VERTEX_POINT('',#5522);
#1898=VERTEX_POINT('',#5524);
#1899=VERTEX_POINT('',#5528);
#1900=VERTEX_POINT('',#5529);
#1901=VERTEX_POINT('',#5531);
#1902=VERTEX_POINT('',#5533);
#1903=VERTEX_POINT('',#5538);
#1904=VERTEX_POINT('',#5540);
#1905=VERTEX_POINT('',#5542);
#1906=VERTEX_POINT('',#5544);
#1907=VERTEX_POINT('',#5548);
#1908=VERTEX_POINT('',#5552);
#1909=VERTEX_POINT('',#5556);
#1910=VERTEX_POINT('',#5560);
#1911=VERTEX_POINT('',#5569);
#1912=VERTEX_POINT('',#5571);
#1913=VERTEX_POINT('',#5575);
#1914=VERTEX_POINT('',#5577);
#1915=VERTEX_POINT('',#5581);
#1916=VERTEX_POINT('',#5583);
#1917=VERTEX_POINT('',#5587);
#1918=VERTEX_POINT('',#5589);
#1919=VERTEX_POINT('',#5593);
#1920=VERTEX_POINT('',#5595);
#1921=VERTEX_POINT('',#5599);
#1922=VERTEX_POINT('',#5600);
#1923=VERTEX_POINT('',#5602);
#1924=VERTEX_POINT('',#5604);
#1925=VERTEX_POINT('',#5608);
#1926=VERTEX_POINT('',#5609);
#1927=VERTEX_POINT('',#5611);
#1928=VERTEX_POINT('',#5613);
#1929=VERTEX_POINT('',#5617);
#1930=VERTEX_POINT('',#5619);
#1931=VERTEX_POINT('',#5621);
#1932=VERTEX_POINT('',#5624);
#1933=VERTEX_POINT('',#5626);
#1934=VERTEX_POINT('',#5629);
#1935=VERTEX_POINT('',#5634);
#1936=VERTEX_POINT('',#5636);
#1937=VERTEX_POINT('',#5639);
#1938=VERTEX_POINT('',#5641);
#1939=VERTEX_POINT('',#5644);
#1940=VERTEX_POINT('',#5648);
#1941=VERTEX_POINT('',#5661);
#1942=VERTEX_POINT('',#5663);
#1943=VERTEX_POINT('',#5667);
#1944=VERTEX_POINT('',#5669);
#1945=VERTEX_POINT('',#5673);
#1946=VERTEX_POINT('',#5675);
#1947=VERTEX_POINT('',#5679);
#1948=VERTEX_POINT('',#5681);
#1949=VERTEX_POINT('',#5685);
#1950=VERTEX_POINT('',#5687);
#1951=VERTEX_POINT('',#5691);
#1952=VERTEX_POINT('',#5693);
#1953=VERTEX_POINT('',#5697);
#1954=VERTEX_POINT('',#5698);
#1955=VERTEX_POINT('',#5700);
#1956=VERTEX_POINT('',#5702);
#1957=VERTEX_POINT('',#5704);
#1958=VERTEX_POINT('',#5706);
#1959=VERTEX_POINT('',#5708);
#1960=VERTEX_POINT('',#5710);
#1961=VERTEX_POINT('',#5714);
#1962=VERTEX_POINT('',#5716);
#1963=VERTEX_POINT('',#5720);
#1964=VERTEX_POINT('',#5722);
#1965=VERTEX_POINT('',#5726);
#1966=VERTEX_POINT('',#5728);
#1967=VERTEX_POINT('',#5732);
#1968=VERTEX_POINT('',#5734);
#1969=VERTEX_POINT('',#5736);
#1970=VERTEX_POINT('',#5738);
#1971=VERTEX_POINT('',#5740);
#1972=VERTEX_POINT('',#5742);
#1973=EDGE_CURVE('',#1676,#1676,#1530,.T.);
#1974=EDGE_CURVE('',#1676,#1677,#1531,.T.);
#1975=EDGE_CURVE('',#1677,#1677,#1532,.T.);
#1976=EDGE_CURVE('',#1678,#1678,#1533,.T.);
#1977=EDGE_CURVE('',#1678,#1677,#387,.T.);
#1978=EDGE_CURVE('',#1679,#1679,#1534,.T.);
#1979=EDGE_CURVE('',#1680,#1679,#1535,.T.);
#1980=EDGE_CURVE('',#1681,#1681,#1536,.T.);
#1981=EDGE_CURVE('',#1681,#1682,#388,.T.);
#1982=EDGE_CURVE('',#1682,#1682,#1537,.T.);
#1983=EDGE_CURVE('',#1683,#1683,#1538,.T.);
#1984=EDGE_CURVE('',#1683,#1684,#389,.T.);
#1985=EDGE_CURVE('',#1684,#1684,#1539,.T.);
#1986=EDGE_CURVE('',#1685,#1685,#1540,.T.);
#1987=EDGE_CURVE('',#1685,#1686,#390,.T.);
#1988=EDGE_CURVE('',#1686,#1686,#1541,.T.);
#1989=EDGE_CURVE('',#1687,#1687,#1542,.T.);
#1990=EDGE_CURVE('',#1687,#1688,#391,.T.);
#1991=EDGE_CURVE('',#1688,#1688,#1543,.T.);
#1992=EDGE_CURVE('',#1689,#1689,#1544,.T.);
#1993=EDGE_CURVE('',#1689,#1690,#392,.T.);
#1994=EDGE_CURVE('',#1690,#1690,#1545,.T.);
#1995=EDGE_CURVE('',#1691,#1691,#1546,.T.);
#1996=EDGE_CURVE('',#1691,#1692,#393,.T.);
#1997=EDGE_CURVE('',#1692,#1692,#1547,.T.);
#1998=EDGE_CURVE('',#1693,#1693,#1548,.T.);
#1999=EDGE_CURVE('',#1693,#1694,#394,.T.);
#2000=EDGE_CURVE('',#1694,#1694,#1549,.T.);
#2001=EDGE_CURVE('',#1695,#1695,#1550,.T.);
#2002=EDGE_CURVE('',#1695,#1696,#395,.T.);
#2003=EDGE_CURVE('',#1696,#1696,#1551,.T.);
#2004=EDGE_CURVE('',#1697,#1697,#1552,.T.);
#2005=EDGE_CURVE('',#1697,#1698,#396,.T.);
#2006=EDGE_CURVE('',#1698,#1698,#1553,.T.);
#2007=EDGE_CURVE('',#1699,#1700,#397,.T.);
#2008=EDGE_CURVE('',#1701,#1699,#398,.T.);
#2009=EDGE_CURVE('',#1702,#1701,#399,.T.);
#2010=EDGE_CURVE('',#1702,#1700,#400,.T.);
#2011=EDGE_CURVE('',#1700,#1703,#401,.T.);
#2012=EDGE_CURVE('',#1704,#1702,#402,.T.);
#2013=EDGE_CURVE('',#1704,#1703,#403,.T.);
#2014=EDGE_CURVE('',#1703,#1705,#404,.T.);
#2015=EDGE_CURVE('',#1706,#1704,#405,.T.);
#2016=EDGE_CURVE('',#1707,#1706,#406,.T.);
#2017=EDGE_CURVE('',#1708,#1707,#407,.T.);
#2018=EDGE_CURVE('',#1709,#1708,#408,.T.);
#2019=EDGE_CURVE('',#1710,#1709,#409,.T.);
#2020=EDGE_CURVE('',#1705,#1710,#410,.T.);
#2021=EDGE_CURVE('',#1699,#1711,#411,.T.);
#2022=EDGE_CURVE('',#1711,#1712,#412,.T.);
#2023=EDGE_CURVE('',#1712,#1701,#413,.T.);
#2024=EDGE_CURVE('',#1713,#1712,#414,.T.);
#2025=EDGE_CURVE('',#1706,#1713,#415,.T.);
#2026=EDGE_CURVE('',#1714,#1713,#416,.T.);
#2027=EDGE_CURVE('',#1707,#1714,#417,.T.);
#2028=EDGE_CURVE('',#1705,#1715,#418,.T.);
#2029=EDGE_CURVE('',#1711,#1715,#419,.T.);
#2030=EDGE_CURVE('',#1716,#1714,#420,.T.);
#2031=EDGE_CURVE('',#1708,#1716,#421,.T.);
#2032=EDGE_CURVE('',#1717,#1716,#422,.T.);
#2033=EDGE_CURVE('',#1717,#1709,#423,.T.);
#2034=EDGE_CURVE('',#1718,#1717,#424,.T.);
#2035=EDGE_CURVE('',#1710,#1718,#425,.T.);
#2036=EDGE_CURVE('',#1715,#1718,#426,.T.);
#2037=EDGE_CURVE('',#1719,#1719,#1554,.T.);
#2038=EDGE_CURVE('',#1719,#1720,#427,.T.);
#2039=EDGE_CURVE('',#1720,#1720,#1555,.T.);
#2040=EDGE_CURVE('',#1721,#1721,#1556,.T.);
#2041=EDGE_CURVE('',#1721,#1722,#428,.T.);
#2042=EDGE_CURVE('',#1722,#1722,#1557,.T.);
#2043=EDGE_CURVE('',#1723,#1723,#1558,.T.);
#2044=EDGE_CURVE('',#1723,#1724,#429,.T.);
#2045=EDGE_CURVE('',#1724,#1724,#1559,.T.);
#2046=EDGE_CURVE('',#1725,#1725,#1560,.T.);
#2047=EDGE_CURVE('',#1725,#1726,#430,.T.);
#2048=EDGE_CURVE('',#1726,#1726,#1561,.T.);
#2049=EDGE_CURVE('',#1727,#1727,#1562,.T.);
#2050=EDGE_CURVE('',#1727,#1728,#431,.T.);
#2051=EDGE_CURVE('',#1728,#1728,#1563,.T.);
#2052=EDGE_CURVE('',#1729,#1729,#1564,.T.);
#2053=EDGE_CURVE('',#1729,#1730,#432,.T.);
#2054=EDGE_CURVE('',#1730,#1730,#1565,.T.);
#2055=EDGE_CURVE('',#1731,#1732,#433,.T.);
#2056=EDGE_CURVE('',#1731,#1733,#434,.T.);
#2057=EDGE_CURVE('',#1734,#1733,#435,.T.);
#2058=EDGE_CURVE('',#1732,#1734,#436,.T.);
#2059=EDGE_CURVE('',#1735,#1734,#437,.T.);
#2060=EDGE_CURVE('',#1736,#1735,#438,.T.);
#2061=EDGE_CURVE('',#1732,#1736,#439,.T.);
#2062=EDGE_CURVE('',#1737,#1731,#440,.T.);
#2063=EDGE_CURVE('',#1738,#1737,#441,.T.);
#2064=EDGE_CURVE('',#1739,#1738,#442,.T.);
#2065=EDGE_CURVE('',#1740,#1739,#443,.T.);
#2066=EDGE_CURVE('',#1733,#1740,#444,.T.);
#2067=EDGE_CURVE('',#1741,#1742,#445,.T.);
#2068=EDGE_CURVE('',#1743,#1741,#446,.T.);
#2069=EDGE_CURVE('',#1744,#1743,#447,.T.);
#2070=EDGE_CURVE('',#1742,#1744,#448,.T.);
#2071=EDGE_CURVE('',#1745,#1741,#449,.T.);
#2072=EDGE_CURVE('',#1746,#1745,#450,.T.);
#2073=EDGE_CURVE('',#1743,#1746,#451,.T.);
#2074=EDGE_CURVE('',#1747,#1745,#452,.T.);
#2075=EDGE_CURVE('',#1748,#1747,#453,.T.);
#2076=EDGE_CURVE('',#1749,#1748,#454,.T.);
#2077=EDGE_CURVE('',#1750,#1749,#455,.T.);
#2078=EDGE_CURVE('',#1746,#1750,#456,.T.);
#2079=EDGE_CURVE('',#1739,#1748,#457,.T.);
#2080=EDGE_CURVE('',#1747,#1740,#458,.T.);
#2081=EDGE_CURVE('',#1735,#1742,#459,.T.);
#2082=EDGE_CURVE('',#1744,#1736,#460,.T.);
#2083=EDGE_CURVE('',#1750,#1737,#461,.T.);
#2084=EDGE_CURVE('',#1749,#1738,#462,.T.);
#2085=EDGE_CURVE('',#1751,#1751,#1566,.T.);
#2086=EDGE_CURVE('',#1751,#1752,#463,.T.);
#2087=EDGE_CURVE('',#1752,#1752,#1567,.T.);
#2088=EDGE_CURVE('',#1753,#1753,#1568,.T.);
#2089=EDGE_CURVE('',#1753,#1754,#464,.T.);
#2090=EDGE_CURVE('',#1754,#1754,#1569,.T.);
#2091=EDGE_CURVE('',#1755,#1755,#1570,.T.);
#2092=EDGE_CURVE('',#1755,#1756,#465,.T.);
#2093=EDGE_CURVE('',#1756,#1756,#1571,.T.);
#2094=EDGE_CURVE('',#1757,#1757,#1572,.T.);
#2095=EDGE_CURVE('',#1757,#1758,#466,.T.);
#2096=EDGE_CURVE('',#1758,#1758,#1573,.T.);
#2097=EDGE_CURVE('',#1759,#1759,#1574,.T.);
#2098=EDGE_CURVE('',#1759,#1760,#467,.T.);
#2099=EDGE_CURVE('',#1760,#1760,#1575,.T.);
#2100=EDGE_CURVE('',#1761,#1762,#468,.T.);
#2101=EDGE_CURVE('',#1763,#1761,#469,.T.);
#2102=EDGE_CURVE('',#1764,#1763,#470,.T.);
#2103=EDGE_CURVE('',#1762,#1764,#471,.T.);
#2104=EDGE_CURVE('',#1765,#1766,#472,.T.);
#2105=EDGE_CURVE('',#1767,#1765,#473,.T.);
#2106=EDGE_CURVE('',#1768,#1767,#474,.T.);
#2107=EDGE_CURVE('',#1768,#1766,#475,.T.);
#2108=EDGE_CURVE('',#1764,#1769,#476,.T.);
#2109=EDGE_CURVE('',#1770,#1769,#1576,.T.);
#2110=EDGE_CURVE('',#1771,#1770,#477,.T.);
#2111=EDGE_CURVE('',#1771,#1762,#478,.T.);
#2112=EDGE_CURVE('',#1772,#1772,#1577,.T.);
#2113=EDGE_CURVE('',#1773,#1773,#1578,.T.);
#2114=EDGE_CURVE('',#1774,#1771,#479,.T.);
#2115=EDGE_CURVE('',#1761,#1774,#480,.T.);
#2116=EDGE_CURVE('',#1775,#1774,#481,.T.);
#2117=EDGE_CURVE('',#1766,#1775,#482,.T.);
#2118=EDGE_CURVE('',#1763,#1768,#483,.T.);
#2119=EDGE_CURVE('',#1776,#1776,#1579,.T.);
#2120=EDGE_CURVE('',#1776,#1772,#484,.T.);
#2121=EDGE_CURVE('',#1777,#1777,#1580,.T.);
#2122=EDGE_CURVE('',#1777,#1773,#485,.T.);
#2123=EDGE_CURVE('',#1778,#1767,#486,.T.);
#2124=EDGE_CURVE('',#1769,#1778,#487,.T.);
#2125=EDGE_CURVE('',#1778,#1779,#1581,.T.);
#2126=EDGE_CURVE('',#1779,#1770,#488,.T.);
#2127=EDGE_CURVE('',#1780,#1775,#489,.T.);
#2128=EDGE_CURVE('',#1780,#1779,#490,.T.);
#2129=EDGE_CURVE('',#1765,#1780,#491,.T.);
#2130=EDGE_CURVE('',#1781,#1781,#1582,.T.);
#2131=EDGE_CURVE('',#1781,#1782,#492,.T.);
#2132=EDGE_CURVE('',#1782,#1782,#1583,.T.);
#2133=EDGE_CURVE('',#1783,#1783,#1584,.T.);
#2134=EDGE_CURVE('',#1783,#1784,#493,.T.);
#2135=EDGE_CURVE('',#1784,#1784,#1585,.T.);
#2136=EDGE_CURVE('',#1785,#1785,#1586,.T.);
#2137=EDGE_CURVE('',#1785,#1786,#494,.T.);
#2138=EDGE_CURVE('',#1786,#1786,#1587,.T.);
#2139=EDGE_CURVE('',#1787,#1787,#1588,.T.);
#2140=EDGE_CURVE('',#1787,#1788,#495,.T.);
#2141=EDGE_CURVE('',#1788,#1788,#1589,.T.);
#2142=EDGE_CURVE('',#1789,#1789,#1590,.T.);
#2143=EDGE_CURVE('',#1789,#1790,#496,.T.);
#2144=EDGE_CURVE('',#1790,#1790,#1591,.T.);
#2145=EDGE_CURVE('',#1791,#1791,#1592,.T.);
#2146=EDGE_CURVE('',#1791,#1792,#497,.T.);
#2147=EDGE_CURVE('',#1792,#1792,#1593,.T.);
#2148=EDGE_CURVE('',#1793,#1793,#1594,.T.);
#2149=EDGE_CURVE('',#1793,#1794,#498,.T.);
#2150=EDGE_CURVE('',#1794,#1794,#1595,.T.);
#2151=EDGE_CURVE('',#1795,#1795,#1596,.T.);
#2152=EDGE_CURVE('',#1795,#1796,#499,.T.);
#2153=EDGE_CURVE('',#1796,#1796,#1597,.T.);
#2154=EDGE_CURVE('',#1797,#1797,#1598,.T.);
#2155=EDGE_CURVE('',#1797,#1798,#500,.T.);
#2156=EDGE_CURVE('',#1798,#1798,#1599,.T.);
#2157=EDGE_CURVE('',#1799,#1799,#1600,.T.);
#2158=EDGE_CURVE('',#1799,#1800,#501,.T.);
#2159=EDGE_CURVE('',#1800,#1800,#1601,.T.);
#2160=EDGE_CURVE('',#1801,#1801,#1602,.T.);
#2161=EDGE_CURVE('',#1801,#1802,#502,.T.);
#2162=EDGE_CURVE('',#1802,#1802,#1603,.T.);
#2163=EDGE_CURVE('',#1803,#1803,#1604,.T.);
#2164=EDGE_CURVE('',#1803,#1804,#503,.T.);
#2165=EDGE_CURVE('',#1804,#1804,#1605,.T.);
#2166=EDGE_CURVE('',#1805,#1806,#504,.T.);
#2167=EDGE_CURVE('',#1807,#1805,#505,.T.);
#2168=EDGE_CURVE('',#1808,#1807,#506,.T.);
#2169=EDGE_CURVE('',#1806,#1808,#507,.T.);
#2170=EDGE_CURVE('',#1809,#1810,#508,.T.);
#2171=EDGE_CURVE('',#1811,#1809,#509,.T.);
#2172=EDGE_CURVE('',#1812,#1811,#510,.T.);
#2173=EDGE_CURVE('',#1810,#1812,#511,.T.);
#2174=EDGE_CURVE('',#1813,#1814,#512,.T.);
#2175=EDGE_CURVE('',#1813,#1815,#513,.T.);
#2176=EDGE_CURVE('',#1816,#1815,#514,.T.);
#2177=EDGE_CURVE('',#1814,#1816,#515,.T.);
#2178=EDGE_CURVE('',#1817,#1818,#516,.T.);
#2179=EDGE_CURVE('',#1819,#1817,#517,.T.);
#2180=EDGE_CURVE('',#1820,#1819,#518,.T.);
#2181=EDGE_CURVE('',#1818,#1820,#519,.T.);
#2182=EDGE_CURVE('',#1812,#1814,#520,.T.);
#2183=EDGE_CURVE('',#1816,#1810,#521,.T.);
#2184=EDGE_CURVE('',#1813,#1811,#522,.T.);
#2185=EDGE_CURVE('',#1818,#1808,#523,.T.);
#2186=EDGE_CURVE('',#1820,#1806,#524,.T.);
#2187=EDGE_CURVE('',#1815,#1809,#525,.T.);
#2188=EDGE_CURVE('',#1817,#1807,#526,.T.);
#2189=EDGE_CURVE('',#1805,#1819,#527,.T.);
#2190=EDGE_CURVE('',#1821,#1821,#1606,.T.);
#2191=EDGE_CURVE('',#1821,#1822,#528,.T.);
#2192=EDGE_CURVE('',#1822,#1822,#1607,.T.);
#2193=EDGE_CURVE('',#1823,#1823,#1608,.T.);
#2194=EDGE_CURVE('',#1823,#1824,#529,.T.);
#2195=EDGE_CURVE('',#1824,#1824,#1609,.T.);
#2196=EDGE_CURVE('',#1825,#1825,#1610,.T.);
#2197=EDGE_CURVE('',#1825,#1826,#530,.T.);
#2198=EDGE_CURVE('',#1826,#1826,#1611,.T.);
#2199=EDGE_CURVE('',#1827,#1827,#1612,.T.);
#2200=EDGE_CURVE('',#1827,#1828,#531,.T.);
#2201=EDGE_CURVE('',#1828,#1828,#1613,.T.);
#2202=EDGE_CURVE('',#1829,#1829,#1614,.T.);
#2203=EDGE_CURVE('',#1829,#1830,#532,.T.);
#2204=EDGE_CURVE('',#1830,#1830,#1615,.T.);
#2205=EDGE_CURVE('',#1831,#1831,#1616,.T.);
#2206=EDGE_CURVE('',#1831,#1832,#533,.T.);
#2207=EDGE_CURVE('',#1832,#1832,#1617,.T.);
#2208=EDGE_CURVE('',#1833,#1833,#1618,.T.);
#2209=EDGE_CURVE('',#1833,#1834,#534,.T.);
#2210=EDGE_CURVE('',#1834,#1834,#1619,.T.);
#2211=EDGE_CURVE('',#1835,#1836,#535,.T.);
#2212=EDGE_CURVE('',#1837,#1836,#536,.T.);
#2213=EDGE_CURVE('',#1837,#1838,#537,.T.);
#2214=EDGE_CURVE('',#1838,#1839,#538,.T.);
#2215=EDGE_CURVE('',#1839,#1840,#539,.T.);
#2216=EDGE_CURVE('',#1841,#1840,#540,.T.);
#2217=EDGE_CURVE('',#1841,#1842,#541,.T.);
#2218=EDGE_CURVE('',#1842,#1835,#542,.T.);
#2219=EDGE_CURVE('',#1843,#1844,#543,.T.);
#2220=EDGE_CURVE('',#1835,#1844,#544,.T.);
#2221=EDGE_CURVE('',#1842,#1843,#545,.T.);
#2222=EDGE_CURVE('',#1845,#1843,#546,.T.);
#2223=EDGE_CURVE('',#1845,#1841,#547,.T.);
#2224=EDGE_CURVE('',#1846,#1845,#548,.T.);
#2225=EDGE_CURVE('',#1840,#1846,#549,.T.);
#2226=EDGE_CURVE('',#1847,#1846,#550,.T.);
#2227=EDGE_CURVE('',#1839,#1847,#551,.T.);
#2228=EDGE_CURVE('',#1848,#1849,#552,.T.);
#2229=EDGE_CURVE('',#1836,#1849,#553,.T.);
#2230=EDGE_CURVE('',#1844,#1850,#554,.T.);
#2231=EDGE_CURVE('',#1850,#1848,#555,.T.);
#2232=EDGE_CURVE('',#1851,#1847,#556,.T.);
#2233=EDGE_CURVE('',#1838,#1851,#557,.T.);
#2234=EDGE_CURVE('',#1852,#1853,#558,.T.);
#2235=EDGE_CURVE('',#1853,#1854,#559,.T.);
#2236=EDGE_CURVE('',#1854,#1851,#560,.T.);
#2237=EDGE_CURVE('',#1852,#1837,#561,.T.);
#2238=EDGE_CURVE('',#1849,#1852,#562,.T.);
#2239=EDGE_CURVE('',#1853,#1848,#563,.T.);
#2240=EDGE_CURVE('',#1854,#1850,#564,.T.);
#2241=EDGE_CURVE('',#1855,#1855,#1620,.T.);
#2242=EDGE_CURVE('',#1855,#1856,#565,.T.);
#2243=EDGE_CURVE('',#1856,#1856,#1621,.T.);
#2244=EDGE_CURVE('',#1857,#1857,#1622,.T.);
#2245=EDGE_CURVE('',#1857,#1858,#566,.T.);
#2246=EDGE_CURVE('',#1858,#1858,#1623,.T.);
#2247=EDGE_CURVE('',#1859,#1859,#1624,.T.);
#2248=EDGE_CURVE('',#1859,#1860,#567,.T.);
#2249=EDGE_CURVE('',#1860,#1860,#1625,.T.);
#2250=EDGE_CURVE('',#1861,#1861,#1626,.T.);
#2251=EDGE_CURVE('',#1861,#1862,#568,.T.);
#2252=EDGE_CURVE('',#1862,#1862,#1627,.T.);
#2253=EDGE_CURVE('',#1863,#1863,#1628,.T.);
#2254=EDGE_CURVE('',#1863,#1864,#569,.T.);
#2255=EDGE_CURVE('',#1864,#1864,#1629,.T.);
#2256=EDGE_CURVE('',#1865,#1866,#570,.T.);
#2257=EDGE_CURVE('',#1867,#1865,#571,.T.);
#2258=EDGE_CURVE('',#1868,#1867,#572,.T.);
#2259=EDGE_CURVE('',#1866,#1868,#573,.T.);
#2260=EDGE_CURVE('',#1869,#1870,#574,.T.);
#2261=EDGE_CURVE('',#1871,#1869,#575,.T.);
#2262=EDGE_CURVE('',#1872,#1871,#576,.T.);
#2263=EDGE_CURVE('',#1870,#1872,#577,.T.);
#2264=EDGE_CURVE('',#1869,#1873,#578,.T.);
#2265=EDGE_CURVE('',#1874,#1873,#1630,.T.);
#2266=EDGE_CURVE('',#1874,#1875,#579,.T.);
#2267=EDGE_CURVE('',#1875,#1871,#580,.T.);
#2268=EDGE_CURVE('',#1876,#1876,#1631,.T.);
#2269=EDGE_CURVE('',#1877,#1866,#581,.T.);
#2270=EDGE_CURVE('',#1873,#1877,#582,.T.);
#2271=EDGE_CURVE('',#1870,#1865,#583,.T.);
#2272=EDGE_CURVE('',#1868,#1878,#584,.T.);
#2273=EDGE_CURVE('',#1879,#1878,#585,.T.);
#2274=EDGE_CURVE('',#1877,#1879,#1632,.T.);
#2275=EDGE_CURVE('',#1880,#1880,#1633,.T.);
#2276=EDGE_CURVE('',#1881,#1875,#586,.T.);
#2277=EDGE_CURVE('',#1872,#1881,#587,.T.);
#2278=EDGE_CURVE('',#1867,#1882,#588,.T.);
#2279=EDGE_CURVE('',#1878,#1882,#589,.T.);
#2280=EDGE_CURVE('',#1882,#1881,#590,.T.);
#2281=EDGE_CURVE('',#1879,#1874,#591,.T.);
#2282=EDGE_CURVE('',#1876,#1880,#592,.T.);
#2283=EDGE_CURVE('',#1883,#1883,#1634,.T.);
#2284=EDGE_CURVE('',#1883,#1884,#593,.T.);
#2285=EDGE_CURVE('',#1884,#1884,#1635,.T.);
#2286=EDGE_CURVE('',#1885,#1885,#1636,.T.);
#2287=EDGE_CURVE('',#1885,#1886,#594,.T.);
#2288=EDGE_CURVE('',#1886,#1886,#1637,.T.);
#2289=EDGE_CURVE('',#1887,#1887,#1638,.T.);
#2290=EDGE_CURVE('',#1887,#1888,#595,.T.);
#2291=EDGE_CURVE('',#1888,#1888,#1639,.T.);
#2292=EDGE_CURVE('',#1889,#1889,#1640,.T.);
#2293=EDGE_CURVE('',#1889,#1890,#596,.T.);
#2294=EDGE_CURVE('',#1890,#1890,#1641,.T.);
#2295=EDGE_CURVE('',#1891,#1891,#1642,.T.);
#2296=EDGE_CURVE('',#1891,#1892,#597,.T.);
#2297=EDGE_CURVE('',#1892,#1892,#1643,.T.);
#2298=EDGE_CURVE('',#1893,#1893,#1644,.T.);
#2299=EDGE_CURVE('',#1893,#1894,#598,.T.);
#2300=EDGE_CURVE('',#1894,#1894,#1645,.T.);
#2301=EDGE_CURVE('',#1895,#1896,#1646,.T.);
#2302=EDGE_CURVE('',#1896,#1897,#599,.T.);
#2303=EDGE_CURVE('',#1897,#1898,#1647,.T.);
#2304=EDGE_CURVE('',#1898,#1895,#600,.T.);
#2305=EDGE_CURVE('',#1899,#1900,#601,.T.);
#2306=EDGE_CURVE('',#1900,#1901,#602,.T.);
#2307=EDGE_CURVE('',#1901,#1902,#603,.T.);
#2308=EDGE_CURVE('',#1897,#1902,#604,.T.);
#2309=EDGE_CURVE('',#1899,#1896,#605,.T.);
#2310=EDGE_CURVE('',#1901,#1903,#606,.T.);
#2311=EDGE_CURVE('',#1900,#1904,#607,.T.);
#2312=EDGE_CURVE('',#1904,#1905,#608,.T.);
#2313=EDGE_CURVE('',#1906,#1905,#609,.T.);
#2314=EDGE_CURVE('',#1903,#1906,#610,.T.);
#2315=EDGE_CURVE('',#1903,#1907,#611,.T.);
#2316=EDGE_CURVE('',#1902,#1907,#612,.T.);
#2317=EDGE_CURVE('',#1908,#1904,#613,.T.);
#2318=EDGE_CURVE('',#1908,#1899,#614,.T.);
#2319=EDGE_CURVE('',#1907,#1909,#615,.T.);
#2320=EDGE_CURVE('',#1909,#1898,#616,.T.);
#2321=EDGE_CURVE('',#1905,#1910,#617,.T.);
#2322=EDGE_CURVE('',#1895,#1910,#618,.T.);
#2323=EDGE_CURVE('',#1909,#1906,#619,.T.);
#2324=EDGE_CURVE('',#1910,#1908,#620,.T.);
#2325=EDGE_CURVE('',#1911,#1911,#1648,.T.);
#2326=EDGE_CURVE('',#1911,#1912,#621,.T.);
#2327=EDGE_CURVE('',#1912,#1912,#1649,.T.);
#2328=EDGE_CURVE('',#1913,#1913,#1650,.T.);
#2329=EDGE_CURVE('',#1913,#1914,#622,.T.);
#2330=EDGE_CURVE('',#1914,#1914,#1651,.T.);
#2331=EDGE_CURVE('',#1915,#1915,#1652,.T.);
#2332=EDGE_CURVE('',#1915,#1916,#623,.T.);
#2333=EDGE_CURVE('',#1916,#1916,#1653,.T.);
#2334=EDGE_CURVE('',#1917,#1917,#1654,.T.);
#2335=EDGE_CURVE('',#1917,#1918,#624,.T.);
#2336=EDGE_CURVE('',#1918,#1918,#1655,.T.);
#2337=EDGE_CURVE('',#1919,#1919,#1656,.T.);
#2338=EDGE_CURVE('',#1919,#1920,#625,.T.);
#2339=EDGE_CURVE('',#1920,#1920,#1657,.T.);
#2340=EDGE_CURVE('',#1921,#1922,#626,.T.);
#2341=EDGE_CURVE('',#1923,#1921,#627,.T.);
#2342=EDGE_CURVE('',#1924,#1923,#628,.T.);
#2343=EDGE_CURVE('',#1922,#1924,#629,.T.);
#2344=EDGE_CURVE('',#1925,#1926,#630,.T.);
#2345=EDGE_CURVE('',#1927,#1925,#631,.T.);
#2346=EDGE_CURVE('',#1928,#1927,#632,.T.);
#2347=EDGE_CURVE('',#1928,#1926,#633,.T.);
#2348=EDGE_CURVE('',#1925,#1929,#634,.T.);
#2349=EDGE_CURVE('',#1929,#1930,#635,.T.);
#2350=EDGE_CURVE('',#1931,#1930,#1658,.T.);
#2351=EDGE_CURVE('',#1931,#1927,#636,.T.);
#2352=EDGE_CURVE('',#1932,#1932,#1659,.T.);
#2353=EDGE_CURVE('',#1933,#1933,#1660,.T.);
#2354=EDGE_CURVE('',#1934,#1931,#637,.T.);
#2355=EDGE_CURVE('',#1924,#1934,#638,.T.);
#2356=EDGE_CURVE('',#1923,#1928,#639,.T.);
#2357=EDGE_CURVE('',#1935,#1934,#1661,.T.);
#2358=EDGE_CURVE('',#1935,#1936,#640,.T.);
#2359=EDGE_CURVE('',#1936,#1922,#641,.T.);
#2360=EDGE_CURVE('',#1937,#1937,#1662,.T.);
#2361=EDGE_CURVE('',#1938,#1938,#1663,.T.);
#2362=EDGE_CURVE('',#1939,#1926,#642,.T.);
#2363=EDGE_CURVE('',#1929,#1939,#643,.T.);
#2364=EDGE_CURVE('',#1940,#1936,#644,.T.);
#2365=EDGE_CURVE('',#1940,#1921,#645,.T.);
#2366=EDGE_CURVE('',#1939,#1940,#646,.T.);
#2367=EDGE_CURVE('',#1937,#1933,#647,.T.);
#2368=EDGE_CURVE('',#1938,#1932,#648,.T.);
#2369=EDGE_CURVE('',#1930,#1935,#649,.T.);
#2370=EDGE_CURVE('',#1941,#1941,#1664,.T.);
#2371=EDGE_CURVE('',#1941,#1942,#650,.T.);
#2372=EDGE_CURVE('',#1942,#1942,#1665,.T.);
#2373=EDGE_CURVE('',#1943,#1943,#1666,.T.);
#2374=EDGE_CURVE('',#1943,#1944,#651,.T.);
#2375=EDGE_CURVE('',#1944,#1944,#1667,.T.);
#2376=EDGE_CURVE('',#1945,#1945,#1668,.T.);
#2377=EDGE_CURVE('',#1945,#1946,#652,.T.);
#2378=EDGE_CURVE('',#1946,#1946,#1669,.T.);
#2379=EDGE_CURVE('',#1947,#1947,#1670,.T.);
#2380=EDGE_CURVE('',#1947,#1948,#653,.T.);
#2381=EDGE_CURVE('',#1948,#1948,#1671,.T.);
#2382=EDGE_CURVE('',#1949,#1949,#1672,.T.);
#2383=EDGE_CURVE('',#1949,#1950,#654,.T.);
#2384=EDGE_CURVE('',#1950,#1950,#1673,.T.);
#2385=EDGE_CURVE('',#1951,#1951,#1674,.T.);
#2386=EDGE_CURVE('',#1951,#1952,#655,.T.);
#2387=EDGE_CURVE('',#1952,#1952,#1675,.T.);
#2388=EDGE_CURVE('',#1953,#1954,#656,.T.);
#2389=EDGE_CURVE('',#1955,#1954,#657,.T.);
#2390=EDGE_CURVE('',#1955,#1956,#658,.T.);
#2391=EDGE_CURVE('',#1956,#1957,#659,.T.);
#2392=EDGE_CURVE('',#1957,#1958,#660,.T.);
#2393=EDGE_CURVE('',#1959,#1958,#661,.T.);
#2394=EDGE_CURVE('',#1959,#1960,#662,.T.);
#2395=EDGE_CURVE('',#1960,#1953,#663,.T.);
#2396=EDGE_CURVE('',#1954,#1961,#664,.T.);
#2397=EDGE_CURVE('',#1962,#1961,#665,.T.);
#2398=EDGE_CURVE('',#1962,#1955,#666,.T.);
#2399=EDGE_CURVE('',#1961,#1963,#667,.T.);
#2400=EDGE_CURVE('',#1964,#1963,#668,.T.);
#2401=EDGE_CURVE('',#1964,#1962,#669,.T.);
#2402=EDGE_CURVE('',#1963,#1965,#670,.T.);
#2403=EDGE_CURVE('',#1965,#1966,#671,.T.);
#2404=EDGE_CURVE('',#1966,#1964,#672,.T.);
#2405=EDGE_CURVE('',#1965,#1967,#673,.T.);
#2406=EDGE_CURVE('',#1967,#1968,#674,.T.);
#2407=EDGE_CURVE('',#1968,#1969,#675,.T.);
#2408=EDGE_CURVE('',#1970,#1969,#676,.T.);
#2409=EDGE_CURVE('',#1970,#1971,#677,.T.);
#2410=EDGE_CURVE('',#1971,#1972,#678,.T.);
#2411=EDGE_CURVE('',#1972,#1966,#679,.T.);
#2412=EDGE_CURVE('',#1969,#1959,#680,.T.);
#2413=EDGE_CURVE('',#1958,#1970,#681,.T.);
#2414=EDGE_CURVE('',#1971,#1957,#682,.T.);
#2415=EDGE_CURVE('',#1972,#1956,#683,.T.);
#2416=EDGE_CURVE('',#1968,#1960,#684,.T.);
#2417=EDGE_CURVE('',#1967,#1953,#685,.T.);
#2418=ORIENTED_EDGE('',*,*,#1973,.T.);
#2419=ORIENTED_EDGE('',*,*,#1974,.T.);
#2420=ORIENTED_EDGE('',*,*,#1975,.T.);
#2421=ORIENTED_EDGE('',*,*,#1974,.F.);
#2422=ORIENTED_EDGE('',*,*,#1976,.F.);
#2423=ORIENTED_EDGE('',*,*,#1977,.T.);
#2424=ORIENTED_EDGE('',*,*,#1975,.F.);
#2425=ORIENTED_EDGE('',*,*,#1977,.F.);
#2426=ORIENTED_EDGE('',*,*,#1978,.T.);
#2427=ORIENTED_EDGE('',*,*,#1973,.F.);
#2428=ORIENTED_EDGE('',*,*,#1976,.T.);
#2429=ORIENTED_EDGE('',*,*,#1978,.F.);
#2430=ORIENTED_EDGE('',*,*,#1979,.F.);
#2431=ORIENTED_EDGE('',*,*,#1979,.T.);
#2432=ORIENTED_EDGE('',*,*,#1980,.F.);
#2433=ORIENTED_EDGE('',*,*,#1981,.T.);
#2434=ORIENTED_EDGE('',*,*,#1982,.F.);
#2435=ORIENTED_EDGE('',*,*,#1981,.F.);
#2436=ORIENTED_EDGE('',*,*,#1983,.F.);
#2437=ORIENTED_EDGE('',*,*,#1984,.T.);
#2438=ORIENTED_EDGE('',*,*,#1985,.F.);
#2439=ORIENTED_EDGE('',*,*,#1984,.F.);
#2440=ORIENTED_EDGE('',*,*,#1986,.F.);
#2441=ORIENTED_EDGE('',*,*,#1987,.T.);
#2442=ORIENTED_EDGE('',*,*,#1988,.F.);
#2443=ORIENTED_EDGE('',*,*,#1987,.F.);
#2444=ORIENTED_EDGE('',*,*,#1989,.F.);
#2445=ORIENTED_EDGE('',*,*,#1990,.T.);
#2446=ORIENTED_EDGE('',*,*,#1991,.F.);
#2447=ORIENTED_EDGE('',*,*,#1990,.F.);
#2448=ORIENTED_EDGE('',*,*,#1992,.F.);
#2449=ORIENTED_EDGE('',*,*,#1993,.T.);
#2450=ORIENTED_EDGE('',*,*,#1994,.F.);
#2451=ORIENTED_EDGE('',*,*,#1993,.F.);
#2452=ORIENTED_EDGE('',*,*,#1995,.F.);
#2453=ORIENTED_EDGE('',*,*,#1996,.T.);
#2454=ORIENTED_EDGE('',*,*,#1997,.F.);
#2455=ORIENTED_EDGE('',*,*,#1996,.F.);
#2456=ORIENTED_EDGE('',*,*,#1998,.F.);
#2457=ORIENTED_EDGE('',*,*,#1999,.T.);
#2458=ORIENTED_EDGE('',*,*,#2000,.F.);
#2459=ORIENTED_EDGE('',*,*,#1999,.F.);
#2460=ORIENTED_EDGE('',*,*,#2001,.F.);
#2461=ORIENTED_EDGE('',*,*,#2002,.T.);
#2462=ORIENTED_EDGE('',*,*,#2003,.F.);
#2463=ORIENTED_EDGE('',*,*,#2002,.F.);
#2464=ORIENTED_EDGE('',*,*,#2004,.F.);
#2465=ORIENTED_EDGE('',*,*,#2005,.T.);
#2466=ORIENTED_EDGE('',*,*,#2006,.F.);
#2467=ORIENTED_EDGE('',*,*,#2005,.F.);
#2468=ORIENTED_EDGE('',*,*,#2007,.F.);
#2469=ORIENTED_EDGE('',*,*,#2008,.F.);
#2470=ORIENTED_EDGE('',*,*,#2009,.F.);
#2471=ORIENTED_EDGE('',*,*,#2010,.T.);
#2472=ORIENTED_EDGE('',*,*,#2011,.F.);
#2473=ORIENTED_EDGE('',*,*,#2010,.F.);
#2474=ORIENTED_EDGE('',*,*,#2012,.F.);
#2475=ORIENTED_EDGE('',*,*,#2013,.T.);
#2476=ORIENTED_EDGE('',*,*,#1998,.T.);
#2477=ORIENTED_EDGE('',*,*,#2001,.T.);
#2478=ORIENTED_EDGE('',*,*,#2004,.T.);
#2479=ORIENTED_EDGE('',*,*,#2014,.F.);
#2480=ORIENTED_EDGE('',*,*,#2013,.F.);
#2481=ORIENTED_EDGE('',*,*,#2015,.F.);
#2482=ORIENTED_EDGE('',*,*,#2016,.F.);
#2483=ORIENTED_EDGE('',*,*,#2017,.F.);
#2484=ORIENTED_EDGE('',*,*,#2018,.F.);
#2485=ORIENTED_EDGE('',*,*,#2019,.F.);
#2486=ORIENTED_EDGE('',*,*,#2020,.F.);
#2487=ORIENTED_EDGE('',*,*,#2008,.T.);
#2488=ORIENTED_EDGE('',*,*,#2021,.T.);
#2489=ORIENTED_EDGE('',*,*,#2022,.T.);
#2490=ORIENTED_EDGE('',*,*,#2023,.T.);
#2491=ORIENTED_EDGE('',*,*,#2000,.T.);
#2492=ORIENTED_EDGE('',*,*,#2003,.T.);
#2493=ORIENTED_EDGE('',*,*,#2006,.T.);
#2494=ORIENTED_EDGE('',*,*,#2009,.T.);
#2495=ORIENTED_EDGE('',*,*,#2023,.F.);
#2496=ORIENTED_EDGE('',*,*,#2024,.F.);
#2497=ORIENTED_EDGE('',*,*,#2025,.F.);
#2498=ORIENTED_EDGE('',*,*,#2015,.T.);
#2499=ORIENTED_EDGE('',*,*,#2012,.T.);
#2500=ORIENTED_EDGE('',*,*,#2016,.T.);
#2501=ORIENTED_EDGE('',*,*,#2025,.T.);
#2502=ORIENTED_EDGE('',*,*,#2026,.F.);
#2503=ORIENTED_EDGE('',*,*,#2027,.F.);
#2504=ORIENTED_EDGE('',*,*,#1980,.T.);
#2505=ORIENTED_EDGE('',*,*,#1986,.T.);
#2506=ORIENTED_EDGE('',*,*,#1995,.T.);
#2507=ORIENTED_EDGE('',*,*,#2007,.T.);
#2508=ORIENTED_EDGE('',*,*,#2011,.T.);
#2509=ORIENTED_EDGE('',*,*,#2014,.T.);
#2510=ORIENTED_EDGE('',*,*,#2028,.T.);
#2511=ORIENTED_EDGE('',*,*,#2029,.F.);
#2512=ORIENTED_EDGE('',*,*,#2021,.F.);
#2513=ORIENTED_EDGE('',*,*,#2017,.T.);
#2514=ORIENTED_EDGE('',*,*,#2027,.T.);
#2515=ORIENTED_EDGE('',*,*,#2030,.F.);
#2516=ORIENTED_EDGE('',*,*,#2031,.F.);
#2517=ORIENTED_EDGE('',*,*,#2018,.T.);
#2518=ORIENTED_EDGE('',*,*,#2031,.T.);
#2519=ORIENTED_EDGE('',*,*,#2032,.F.);
#2520=ORIENTED_EDGE('',*,*,#2033,.T.);
#2521=ORIENTED_EDGE('',*,*,#1982,.T.);
#2522=ORIENTED_EDGE('',*,*,#1997,.T.);
#2523=ORIENTED_EDGE('',*,*,#1994,.T.);
#2524=ORIENTED_EDGE('',*,*,#1991,.T.);
#2525=ORIENTED_EDGE('',*,*,#1988,.T.);
#2526=ORIENTED_EDGE('',*,*,#1985,.T.);
#2527=ORIENTED_EDGE('',*,*,#2019,.T.);
#2528=ORIENTED_EDGE('',*,*,#2033,.F.);
#2529=ORIENTED_EDGE('',*,*,#2034,.F.);
#2530=ORIENTED_EDGE('',*,*,#2035,.F.);
#2531=ORIENTED_EDGE('',*,*,#2020,.T.);
#2532=ORIENTED_EDGE('',*,*,#2035,.T.);
#2533=ORIENTED_EDGE('',*,*,#2036,.F.);
#2534=ORIENTED_EDGE('',*,*,#2028,.F.);
#2535=ORIENTED_EDGE('',*,*,#1983,.T.);
#2536=ORIENTED_EDGE('',*,*,#1989,.T.);
#2537=ORIENTED_EDGE('',*,*,#1992,.T.);
#2538=ORIENTED_EDGE('',*,*,#2029,.T.);
#2539=ORIENTED_EDGE('',*,*,#2036,.T.);
#2540=ORIENTED_EDGE('',*,*,#2034,.T.);
#2541=ORIENTED_EDGE('',*,*,#2032,.T.);
#2542=ORIENTED_EDGE('',*,*,#2030,.T.);
#2543=ORIENTED_EDGE('',*,*,#2026,.T.);
#2544=ORIENTED_EDGE('',*,*,#2024,.T.);
#2545=ORIENTED_EDGE('',*,*,#2022,.F.);
#2546=ORIENTED_EDGE('',*,*,#2037,.F.);
#2547=ORIENTED_EDGE('',*,*,#2038,.T.);
#2548=ORIENTED_EDGE('',*,*,#2039,.F.);
#2549=ORIENTED_EDGE('',*,*,#2038,.F.);
#2550=ORIENTED_EDGE('',*,*,#2040,.F.);
#2551=ORIENTED_EDGE('',*,*,#2041,.T.);
#2552=ORIENTED_EDGE('',*,*,#2042,.F.);
#2553=ORIENTED_EDGE('',*,*,#2041,.F.);
#2554=ORIENTED_EDGE('',*,*,#2043,.F.);
#2555=ORIENTED_EDGE('',*,*,#2044,.T.);
#2556=ORIENTED_EDGE('',*,*,#2045,.F.);
#2557=ORIENTED_EDGE('',*,*,#2044,.F.);
#2558=ORIENTED_EDGE('',*,*,#2046,.F.);
#2559=ORIENTED_EDGE('',*,*,#2047,.T.);
#2560=ORIENTED_EDGE('',*,*,#2048,.F.);
#2561=ORIENTED_EDGE('',*,*,#2047,.F.);
#2562=ORIENTED_EDGE('',*,*,#2049,.F.);
#2563=ORIENTED_EDGE('',*,*,#2050,.T.);
#2564=ORIENTED_EDGE('',*,*,#2051,.F.);
#2565=ORIENTED_EDGE('',*,*,#2050,.F.);
#2566=ORIENTED_EDGE('',*,*,#2052,.F.);
#2567=ORIENTED_EDGE('',*,*,#2053,.T.);
#2568=ORIENTED_EDGE('',*,*,#2054,.F.);
#2569=ORIENTED_EDGE('',*,*,#2053,.F.);
#2570=ORIENTED_EDGE('',*,*,#2055,.F.);
#2571=ORIENTED_EDGE('',*,*,#2056,.T.);
#2572=ORIENTED_EDGE('',*,*,#2057,.F.);
#2573=ORIENTED_EDGE('',*,*,#2058,.F.);
#2574=ORIENTED_EDGE('',*,*,#2051,.T.);
#2575=ORIENTED_EDGE('',*,*,#2054,.T.);
#2576=ORIENTED_EDGE('',*,*,#2059,.F.);
#2577=ORIENTED_EDGE('',*,*,#2060,.F.);
#2578=ORIENTED_EDGE('',*,*,#2061,.F.);
#2579=ORIENTED_EDGE('',*,*,#2058,.T.);
#2580=ORIENTED_EDGE('',*,*,#2062,.F.);
#2581=ORIENTED_EDGE('',*,*,#2063,.F.);
#2582=ORIENTED_EDGE('',*,*,#2064,.F.);
#2583=ORIENTED_EDGE('',*,*,#2065,.F.);
#2584=ORIENTED_EDGE('',*,*,#2066,.F.);
#2585=ORIENTED_EDGE('',*,*,#2056,.F.);
#2586=ORIENTED_EDGE('',*,*,#2067,.F.);
#2587=ORIENTED_EDGE('',*,*,#2068,.F.);
#2588=ORIENTED_EDGE('',*,*,#2069,.F.);
#2589=ORIENTED_EDGE('',*,*,#2070,.F.);
#2590=ORIENTED_EDGE('',*,*,#2071,.F.);
#2591=ORIENTED_EDGE('',*,*,#2072,.F.);
#2592=ORIENTED_EDGE('',*,*,#2073,.F.);
#2593=ORIENTED_EDGE('',*,*,#2068,.T.);
#2594=ORIENTED_EDGE('',*,*,#2045,.T.);
#2595=ORIENTED_EDGE('',*,*,#2048,.T.);
#2596=ORIENTED_EDGE('',*,*,#2074,.F.);
#2597=ORIENTED_EDGE('',*,*,#2075,.F.);
#2598=ORIENTED_EDGE('',*,*,#2076,.F.);
#2599=ORIENTED_EDGE('',*,*,#2077,.F.);
#2600=ORIENTED_EDGE('',*,*,#2078,.F.);
#2601=ORIENTED_EDGE('',*,*,#2072,.T.);
#2602=ORIENTED_EDGE('',*,*,#2065,.T.);
#2603=ORIENTED_EDGE('',*,*,#2079,.T.);
#2604=ORIENTED_EDGE('',*,*,#2075,.T.);
#2605=ORIENTED_EDGE('',*,*,#2080,.T.);
#2606=ORIENTED_EDGE('',*,*,#2037,.T.);
#2607=ORIENTED_EDGE('',*,*,#2040,.T.);
#2608=ORIENTED_EDGE('',*,*,#2059,.T.);
#2609=ORIENTED_EDGE('',*,*,#2057,.T.);
#2610=ORIENTED_EDGE('',*,*,#2066,.T.);
#2611=ORIENTED_EDGE('',*,*,#2080,.F.);
#2612=ORIENTED_EDGE('',*,*,#2074,.T.);
#2613=ORIENTED_EDGE('',*,*,#2071,.T.);
#2614=ORIENTED_EDGE('',*,*,#2067,.T.);
#2615=ORIENTED_EDGE('',*,*,#2081,.F.);
#2616=ORIENTED_EDGE('',*,*,#2062,.T.);
#2617=ORIENTED_EDGE('',*,*,#2055,.T.);
#2618=ORIENTED_EDGE('',*,*,#2061,.T.);
#2619=ORIENTED_EDGE('',*,*,#2082,.F.);
#2620=ORIENTED_EDGE('',*,*,#2069,.T.);
#2621=ORIENTED_EDGE('',*,*,#2073,.T.);
#2622=ORIENTED_EDGE('',*,*,#2078,.T.);
#2623=ORIENTED_EDGE('',*,*,#2083,.T.);
#2624=ORIENTED_EDGE('',*,*,#2063,.T.);
#2625=ORIENTED_EDGE('',*,*,#2083,.F.);
#2626=ORIENTED_EDGE('',*,*,#2077,.T.);
#2627=ORIENTED_EDGE('',*,*,#2084,.T.);
#2628=ORIENTED_EDGE('',*,*,#2039,.T.);
#2629=ORIENTED_EDGE('',*,*,#2042,.T.);
#2630=ORIENTED_EDGE('',*,*,#2064,.T.);
#2631=ORIENTED_EDGE('',*,*,#2084,.F.);
#2632=ORIENTED_EDGE('',*,*,#2076,.T.);
#2633=ORIENTED_EDGE('',*,*,#2079,.F.);
#2634=ORIENTED_EDGE('',*,*,#2060,.T.);
#2635=ORIENTED_EDGE('',*,*,#2081,.T.);
#2636=ORIENTED_EDGE('',*,*,#2070,.T.);
#2637=ORIENTED_EDGE('',*,*,#2082,.T.);
#2638=ORIENTED_EDGE('',*,*,#2043,.T.);
#2639=ORIENTED_EDGE('',*,*,#2046,.T.);
#2640=ORIENTED_EDGE('',*,*,#2049,.T.);
#2641=ORIENTED_EDGE('',*,*,#2052,.T.);
#2642=ORIENTED_EDGE('',*,*,#2085,.F.);
#2643=ORIENTED_EDGE('',*,*,#2086,.T.);
#2644=ORIENTED_EDGE('',*,*,#2087,.F.);
#2645=ORIENTED_EDGE('',*,*,#2086,.F.);
#2646=ORIENTED_EDGE('',*,*,#2088,.F.);
#2647=ORIENTED_EDGE('',*,*,#2089,.T.);
#2648=ORIENTED_EDGE('',*,*,#2090,.F.);
#2649=ORIENTED_EDGE('',*,*,#2089,.F.);
#2650=ORIENTED_EDGE('',*,*,#2091,.F.);
#2651=ORIENTED_EDGE('',*,*,#2092,.T.);
#2652=ORIENTED_EDGE('',*,*,#2093,.F.);
#2653=ORIENTED_EDGE('',*,*,#2092,.F.);
#2654=ORIENTED_EDGE('',*,*,#2094,.F.);
#2655=ORIENTED_EDGE('',*,*,#2095,.T.);
#2656=ORIENTED_EDGE('',*,*,#2096,.F.);
#2657=ORIENTED_EDGE('',*,*,#2095,.F.);
#2658=ORIENTED_EDGE('',*,*,#2097,.F.);
#2659=ORIENTED_EDGE('',*,*,#2098,.T.);
#2660=ORIENTED_EDGE('',*,*,#2099,.F.);
#2661=ORIENTED_EDGE('',*,*,#2098,.F.);
#2662=ORIENTED_EDGE('',*,*,#2100,.F.);
#2663=ORIENTED_EDGE('',*,*,#2101,.F.);
#2664=ORIENTED_EDGE('',*,*,#2102,.F.);
#2665=ORIENTED_EDGE('',*,*,#2103,.F.);
#2666=ORIENTED_EDGE('',*,*,#2104,.F.);
#2667=ORIENTED_EDGE('',*,*,#2105,.F.);
#2668=ORIENTED_EDGE('',*,*,#2106,.F.);
#2669=ORIENTED_EDGE('',*,*,#2107,.T.);
#2670=ORIENTED_EDGE('',*,*,#2103,.T.);
#2671=ORIENTED_EDGE('',*,*,#2108,.T.);
#2672=ORIENTED_EDGE('',*,*,#2109,.F.);
#2673=ORIENTED_EDGE('',*,*,#2110,.F.);
#2674=ORIENTED_EDGE('',*,*,#2111,.T.);
#2675=ORIENTED_EDGE('',*,*,#2112,.T.);
#2676=ORIENTED_EDGE('',*,*,#2113,.T.);
#2677=ORIENTED_EDGE('',*,*,#2100,.T.);
#2678=ORIENTED_EDGE('',*,*,#2111,.F.);
#2679=ORIENTED_EDGE('',*,*,#2114,.F.);
#2680=ORIENTED_EDGE('',*,*,#2115,.F.);
#2681=ORIENTED_EDGE('',*,*,#2115,.T.);
#2682=ORIENTED_EDGE('',*,*,#2116,.F.);
#2683=ORIENTED_EDGE('',*,*,#2117,.F.);
#2684=ORIENTED_EDGE('',*,*,#2107,.F.);
#2685=ORIENTED_EDGE('',*,*,#2118,.F.);
#2686=ORIENTED_EDGE('',*,*,#2101,.T.);
#2687=ORIENTED_EDGE('',*,*,#2087,.T.);
#2688=ORIENTED_EDGE('',*,*,#2090,.T.);
#2689=ORIENTED_EDGE('',*,*,#2093,.T.);
#2690=ORIENTED_EDGE('',*,*,#2094,.T.);
#2691=ORIENTED_EDGE('',*,*,#2097,.T.);
#2692=ORIENTED_EDGE('',*,*,#2119,.T.);
#2693=ORIENTED_EDGE('',*,*,#2120,.T.);
#2694=ORIENTED_EDGE('',*,*,#2112,.F.);
#2695=ORIENTED_EDGE('',*,*,#2120,.F.);
#2696=ORIENTED_EDGE('',*,*,#2121,.T.);
#2697=ORIENTED_EDGE('',*,*,#2122,.T.);
#2698=ORIENTED_EDGE('',*,*,#2113,.F.);
#2699=ORIENTED_EDGE('',*,*,#2122,.F.);
#2700=ORIENTED_EDGE('',*,*,#2106,.T.);
#2701=ORIENTED_EDGE('',*,*,#2123,.F.);
#2702=ORIENTED_EDGE('',*,*,#2124,.F.);
#2703=ORIENTED_EDGE('',*,*,#2108,.F.);
#2704=ORIENTED_EDGE('',*,*,#2102,.T.);
#2705=ORIENTED_EDGE('',*,*,#2118,.T.);
#2706=ORIENTED_EDGE('',*,*,#2125,.T.);
#2707=ORIENTED_EDGE('',*,*,#2126,.T.);
#2708=ORIENTED_EDGE('',*,*,#2109,.T.);
#2709=ORIENTED_EDGE('',*,*,#2124,.T.);
#2710=ORIENTED_EDGE('',*,*,#2127,.T.);
#2711=ORIENTED_EDGE('',*,*,#2116,.T.);
#2712=ORIENTED_EDGE('',*,*,#2114,.T.);
#2713=ORIENTED_EDGE('',*,*,#2110,.T.);
#2714=ORIENTED_EDGE('',*,*,#2126,.F.);
#2715=ORIENTED_EDGE('',*,*,#2128,.F.);
#2716=ORIENTED_EDGE('',*,*,#2105,.T.);
#2717=ORIENTED_EDGE('',*,*,#2129,.T.);
#2718=ORIENTED_EDGE('',*,*,#2128,.T.);
#2719=ORIENTED_EDGE('',*,*,#2125,.F.);
#2720=ORIENTED_EDGE('',*,*,#2123,.T.);
#2721=ORIENTED_EDGE('',*,*,#2119,.F.);
#2722=ORIENTED_EDGE('',*,*,#2121,.F.);
#2723=ORIENTED_EDGE('',*,*,#2099,.T.);
#2724=ORIENTED_EDGE('',*,*,#2096,.T.);
#2725=ORIENTED_EDGE('',*,*,#2091,.T.);
#2726=ORIENTED_EDGE('',*,*,#2088,.T.);
#2727=ORIENTED_EDGE('',*,*,#2085,.T.);
#2728=ORIENTED_EDGE('',*,*,#2104,.T.);
#2729=ORIENTED_EDGE('',*,*,#2117,.T.);
#2730=ORIENTED_EDGE('',*,*,#2127,.F.);
#2731=ORIENTED_EDGE('',*,*,#2129,.F.);
#2732=ORIENTED_EDGE('',*,*,#2130,.F.);
#2733=ORIENTED_EDGE('',*,*,#2131,.T.);
#2734=ORIENTED_EDGE('',*,*,#2132,.F.);
#2735=ORIENTED_EDGE('',*,*,#2131,.F.);
#2736=ORIENTED_EDGE('',*,*,#2133,.F.);
#2737=ORIENTED_EDGE('',*,*,#2134,.T.);
#2738=ORIENTED_EDGE('',*,*,#2135,.F.);
#2739=ORIENTED_EDGE('',*,*,#2134,.F.);
#2740=ORIENTED_EDGE('',*,*,#2136,.F.);
#2741=ORIENTED_EDGE('',*,*,#2137,.T.);
#2742=ORIENTED_EDGE('',*,*,#2138,.F.);
#2743=ORIENTED_EDGE('',*,*,#2137,.F.);
#2744=ORIENTED_EDGE('',*,*,#2139,.F.);
#2745=ORIENTED_EDGE('',*,*,#2140,.T.);
#2746=ORIENTED_EDGE('',*,*,#2141,.F.);
#2747=ORIENTED_EDGE('',*,*,#2140,.F.);
#2748=ORIENTED_EDGE('',*,*,#2142,.F.);
#2749=ORIENTED_EDGE('',*,*,#2143,.T.);
#2750=ORIENTED_EDGE('',*,*,#2144,.F.);
#2751=ORIENTED_EDGE('',*,*,#2143,.F.);
#2752=ORIENTED_EDGE('',*,*,#2145,.F.);
#2753=ORIENTED_EDGE('',*,*,#2146,.T.);
#2754=ORIENTED_EDGE('',*,*,#2147,.F.);
#2755=ORIENTED_EDGE('',*,*,#2146,.F.);
#2756=ORIENTED_EDGE('',*,*,#2148,.F.);
#2757=ORIENTED_EDGE('',*,*,#2149,.T.);
#2758=ORIENTED_EDGE('',*,*,#2150,.F.);
#2759=ORIENTED_EDGE('',*,*,#2149,.F.);
#2760=ORIENTED_EDGE('',*,*,#2151,.F.);
#2761=ORIENTED_EDGE('',*,*,#2152,.T.);
#2762=ORIENTED_EDGE('',*,*,#2153,.F.);
#2763=ORIENTED_EDGE('',*,*,#2152,.F.);
#2764=ORIENTED_EDGE('',*,*,#2154,.F.);
#2765=ORIENTED_EDGE('',*,*,#2155,.T.);
#2766=ORIENTED_EDGE('',*,*,#2156,.F.);
#2767=ORIENTED_EDGE('',*,*,#2155,.F.);
#2768=ORIENTED_EDGE('',*,*,#2157,.F.);
#2769=ORIENTED_EDGE('',*,*,#2158,.T.);
#2770=ORIENTED_EDGE('',*,*,#2159,.F.);
#2771=ORIENTED_EDGE('',*,*,#2158,.F.);
#2772=ORIENTED_EDGE('',*,*,#2160,.F.);
#2773=ORIENTED_EDGE('',*,*,#2161,.T.);
#2774=ORIENTED_EDGE('',*,*,#2162,.F.);
#2775=ORIENTED_EDGE('',*,*,#2161,.F.);
#2776=ORIENTED_EDGE('',*,*,#2163,.F.);
#2777=ORIENTED_EDGE('',*,*,#2164,.T.);
#2778=ORIENTED_EDGE('',*,*,#2165,.F.);
#2779=ORIENTED_EDGE('',*,*,#2164,.F.);
#2780=ORIENTED_EDGE('',*,*,#2166,.F.);
#2781=ORIENTED_EDGE('',*,*,#2167,.F.);
#2782=ORIENTED_EDGE('',*,*,#2168,.F.);
#2783=ORIENTED_EDGE('',*,*,#2169,.F.);
#2784=ORIENTED_EDGE('',*,*,#2170,.F.);
#2785=ORIENTED_EDGE('',*,*,#2171,.F.);
#2786=ORIENTED_EDGE('',*,*,#2172,.F.);
#2787=ORIENTED_EDGE('',*,*,#2173,.F.);
#2788=ORIENTED_EDGE('',*,*,#2174,.F.);
#2789=ORIENTED_EDGE('',*,*,#2175,.T.);
#2790=ORIENTED_EDGE('',*,*,#2176,.F.);
#2791=ORIENTED_EDGE('',*,*,#2177,.F.);
#2792=ORIENTED_EDGE('',*,*,#2178,.F.);
#2793=ORIENTED_EDGE('',*,*,#2179,.F.);
#2794=ORIENTED_EDGE('',*,*,#2180,.F.);
#2795=ORIENTED_EDGE('',*,*,#2181,.F.);
#2796=ORIENTED_EDGE('',*,*,#2173,.T.);
#2797=ORIENTED_EDGE('',*,*,#2182,.T.);
#2798=ORIENTED_EDGE('',*,*,#2177,.T.);
#2799=ORIENTED_EDGE('',*,*,#2183,.T.);
#2800=ORIENTED_EDGE('',*,*,#2172,.T.);
#2801=ORIENTED_EDGE('',*,*,#2184,.F.);
#2802=ORIENTED_EDGE('',*,*,#2174,.T.);
#2803=ORIENTED_EDGE('',*,*,#2182,.F.);
#2804=ORIENTED_EDGE('',*,*,#2169,.T.);
#2805=ORIENTED_EDGE('',*,*,#2185,.F.);
#2806=ORIENTED_EDGE('',*,*,#2181,.T.);
#2807=ORIENTED_EDGE('',*,*,#2186,.T.);
#2808=ORIENTED_EDGE('',*,*,#2150,.T.);
#2809=ORIENTED_EDGE('',*,*,#2153,.T.);
#2810=ORIENTED_EDGE('',*,*,#2156,.T.);
#2811=ORIENTED_EDGE('',*,*,#2159,.T.);
#2812=ORIENTED_EDGE('',*,*,#2162,.T.);
#2813=ORIENTED_EDGE('',*,*,#2165,.T.);
#2814=ORIENTED_EDGE('',*,*,#2187,.F.);
#2815=ORIENTED_EDGE('',*,*,#2175,.F.);
#2816=ORIENTED_EDGE('',*,*,#2184,.T.);
#2817=ORIENTED_EDGE('',*,*,#2171,.T.);
#2818=ORIENTED_EDGE('',*,*,#2145,.T.);
#2819=ORIENTED_EDGE('',*,*,#2142,.T.);
#2820=ORIENTED_EDGE('',*,*,#2139,.T.);
#2821=ORIENTED_EDGE('',*,*,#2136,.T.);
#2822=ORIENTED_EDGE('',*,*,#2133,.T.);
#2823=ORIENTED_EDGE('',*,*,#2130,.T.);
#2824=ORIENTED_EDGE('',*,*,#2168,.T.);
#2825=ORIENTED_EDGE('',*,*,#2188,.F.);
#2826=ORIENTED_EDGE('',*,*,#2178,.T.);
#2827=ORIENTED_EDGE('',*,*,#2185,.T.);
#2828=ORIENTED_EDGE('',*,*,#2166,.T.);
#2829=ORIENTED_EDGE('',*,*,#2186,.F.);
#2830=ORIENTED_EDGE('',*,*,#2180,.T.);
#2831=ORIENTED_EDGE('',*,*,#2189,.F.);
#2832=ORIENTED_EDGE('',*,*,#2170,.T.);
#2833=ORIENTED_EDGE('',*,*,#2183,.F.);
#2834=ORIENTED_EDGE('',*,*,#2176,.T.);
#2835=ORIENTED_EDGE('',*,*,#2187,.T.);
#2836=ORIENTED_EDGE('',*,*,#2167,.T.);
#2837=ORIENTED_EDGE('',*,*,#2189,.T.);
#2838=ORIENTED_EDGE('',*,*,#2179,.T.);
#2839=ORIENTED_EDGE('',*,*,#2188,.T.);
#2840=ORIENTED_EDGE('',*,*,#2148,.T.);
#2841=ORIENTED_EDGE('',*,*,#2151,.T.);
#2842=ORIENTED_EDGE('',*,*,#2154,.T.);
#2843=ORIENTED_EDGE('',*,*,#2157,.T.);
#2844=ORIENTED_EDGE('',*,*,#2160,.T.);
#2845=ORIENTED_EDGE('',*,*,#2163,.T.);
#2846=ORIENTED_EDGE('',*,*,#2147,.T.);
#2847=ORIENTED_EDGE('',*,*,#2144,.T.);
#2848=ORIENTED_EDGE('',*,*,#2141,.T.);
#2849=ORIENTED_EDGE('',*,*,#2138,.T.);
#2850=ORIENTED_EDGE('',*,*,#2135,.T.);
#2851=ORIENTED_EDGE('',*,*,#2132,.T.);
#2852=ORIENTED_EDGE('',*,*,#2190,.F.);
#2853=ORIENTED_EDGE('',*,*,#2191,.T.);
#2854=ORIENTED_EDGE('',*,*,#2192,.F.);
#2855=ORIENTED_EDGE('',*,*,#2191,.F.);
#2856=ORIENTED_EDGE('',*,*,#2193,.F.);
#2857=ORIENTED_EDGE('',*,*,#2194,.T.);
#2858=ORIENTED_EDGE('',*,*,#2195,.F.);
#2859=ORIENTED_EDGE('',*,*,#2194,.F.);
#2860=ORIENTED_EDGE('',*,*,#2196,.F.);
#2861=ORIENTED_EDGE('',*,*,#2197,.T.);
#2862=ORIENTED_EDGE('',*,*,#2198,.F.);
#2863=ORIENTED_EDGE('',*,*,#2197,.F.);
#2864=ORIENTED_EDGE('',*,*,#2199,.F.);
#2865=ORIENTED_EDGE('',*,*,#2200,.T.);
#2866=ORIENTED_EDGE('',*,*,#2201,.F.);
#2867=ORIENTED_EDGE('',*,*,#2200,.F.);
#2868=ORIENTED_EDGE('',*,*,#2202,.F.);
#2869=ORIENTED_EDGE('',*,*,#2203,.T.);
#2870=ORIENTED_EDGE('',*,*,#2204,.F.);
#2871=ORIENTED_EDGE('',*,*,#2203,.F.);
#2872=ORIENTED_EDGE('',*,*,#2205,.F.);
#2873=ORIENTED_EDGE('',*,*,#2206,.T.);
#2874=ORIENTED_EDGE('',*,*,#2207,.F.);
#2875=ORIENTED_EDGE('',*,*,#2206,.F.);
#2876=ORIENTED_EDGE('',*,*,#2208,.F.);
#2877=ORIENTED_EDGE('',*,*,#2209,.T.);
#2878=ORIENTED_EDGE('',*,*,#2210,.F.);
#2879=ORIENTED_EDGE('',*,*,#2209,.F.);
#2880=ORIENTED_EDGE('',*,*,#2211,.T.);
#2881=ORIENTED_EDGE('',*,*,#2212,.F.);
#2882=ORIENTED_EDGE('',*,*,#2213,.T.);
#2883=ORIENTED_EDGE('',*,*,#2214,.T.);
#2884=ORIENTED_EDGE('',*,*,#2215,.T.);
#2885=ORIENTED_EDGE('',*,*,#2216,.F.);
#2886=ORIENTED_EDGE('',*,*,#2217,.T.);
#2887=ORIENTED_EDGE('',*,*,#2218,.T.);
#2888=ORIENTED_EDGE('',*,*,#2219,.T.);
#2889=ORIENTED_EDGE('',*,*,#2220,.F.);
#2890=ORIENTED_EDGE('',*,*,#2218,.F.);
#2891=ORIENTED_EDGE('',*,*,#2221,.T.);
#2892=ORIENTED_EDGE('',*,*,#2196,.T.);
#2893=ORIENTED_EDGE('',*,*,#2199,.T.);
#2894=ORIENTED_EDGE('',*,*,#2222,.T.);
#2895=ORIENTED_EDGE('',*,*,#2221,.F.);
#2896=ORIENTED_EDGE('',*,*,#2217,.F.);
#2897=ORIENTED_EDGE('',*,*,#2223,.F.);
#2898=ORIENTED_EDGE('',*,*,#2224,.T.);
#2899=ORIENTED_EDGE('',*,*,#2223,.T.);
#2900=ORIENTED_EDGE('',*,*,#2216,.T.);
#2901=ORIENTED_EDGE('',*,*,#2225,.T.);
#2902=ORIENTED_EDGE('',*,*,#2192,.T.);
#2903=ORIENTED_EDGE('',*,*,#2195,.T.);
#2904=ORIENTED_EDGE('',*,*,#2198,.T.);
#2905=ORIENTED_EDGE('',*,*,#2201,.T.);
#2906=ORIENTED_EDGE('',*,*,#2226,.T.);
#2907=ORIENTED_EDGE('',*,*,#2225,.F.);
#2908=ORIENTED_EDGE('',*,*,#2215,.F.);
#2909=ORIENTED_EDGE('',*,*,#2227,.T.);
#2910=ORIENTED_EDGE('',*,*,#2228,.T.);
#2911=ORIENTED_EDGE('',*,*,#2229,.F.);
#2912=ORIENTED_EDGE('',*,*,#2211,.F.);
#2913=ORIENTED_EDGE('',*,*,#2220,.T.);
#2914=ORIENTED_EDGE('',*,*,#2230,.T.);
#2915=ORIENTED_EDGE('',*,*,#2231,.T.);
#2916=ORIENTED_EDGE('',*,*,#2232,.T.);
#2917=ORIENTED_EDGE('',*,*,#2227,.F.);
#2918=ORIENTED_EDGE('',*,*,#2214,.F.);
#2919=ORIENTED_EDGE('',*,*,#2233,.T.);
#2920=ORIENTED_EDGE('',*,*,#2190,.T.);
#2921=ORIENTED_EDGE('',*,*,#2193,.T.);
#2922=ORIENTED_EDGE('',*,*,#2234,.T.);
#2923=ORIENTED_EDGE('',*,*,#2235,.T.);
#2924=ORIENTED_EDGE('',*,*,#2236,.T.);
#2925=ORIENTED_EDGE('',*,*,#2233,.F.);
#2926=ORIENTED_EDGE('',*,*,#2213,.F.);
#2927=ORIENTED_EDGE('',*,*,#2237,.F.);
#2928=ORIENTED_EDGE('',*,*,#2238,.T.);
#2929=ORIENTED_EDGE('',*,*,#2237,.T.);
#2930=ORIENTED_EDGE('',*,*,#2212,.T.);
#2931=ORIENTED_EDGE('',*,*,#2229,.T.);
#2932=ORIENTED_EDGE('',*,*,#2204,.T.);
#2933=ORIENTED_EDGE('',*,*,#2207,.T.);
#2934=ORIENTED_EDGE('',*,*,#2210,.T.);
#2935=ORIENTED_EDGE('',*,*,#2234,.F.);
#2936=ORIENTED_EDGE('',*,*,#2238,.F.);
#2937=ORIENTED_EDGE('',*,*,#2228,.F.);
#2938=ORIENTED_EDGE('',*,*,#2239,.F.);
#2939=ORIENTED_EDGE('',*,*,#2236,.F.);
#2940=ORIENTED_EDGE('',*,*,#2240,.T.);
#2941=ORIENTED_EDGE('',*,*,#2230,.F.);
#2942=ORIENTED_EDGE('',*,*,#2219,.F.);
#2943=ORIENTED_EDGE('',*,*,#2222,.F.);
#2944=ORIENTED_EDGE('',*,*,#2224,.F.);
#2945=ORIENTED_EDGE('',*,*,#2226,.F.);
#2946=ORIENTED_EDGE('',*,*,#2232,.F.);
#2947=ORIENTED_EDGE('',*,*,#2235,.F.);
#2948=ORIENTED_EDGE('',*,*,#2239,.T.);
#2949=ORIENTED_EDGE('',*,*,#2231,.F.);
#2950=ORIENTED_EDGE('',*,*,#2240,.F.);
#2951=ORIENTED_EDGE('',*,*,#2202,.T.);
#2952=ORIENTED_EDGE('',*,*,#2205,.T.);
#2953=ORIENTED_EDGE('',*,*,#2208,.T.);
#2954=ORIENTED_EDGE('',*,*,#2241,.F.);
#2955=ORIENTED_EDGE('',*,*,#2242,.T.);
#2956=ORIENTED_EDGE('',*,*,#2243,.F.);
#2957=ORIENTED_EDGE('',*,*,#2242,.F.);
#2958=ORIENTED_EDGE('',*,*,#2244,.F.);
#2959=ORIENTED_EDGE('',*,*,#2245,.T.);
#2960=ORIENTED_EDGE('',*,*,#2246,.F.);
#2961=ORIENTED_EDGE('',*,*,#2245,.F.);
#2962=ORIENTED_EDGE('',*,*,#2247,.F.);
#2963=ORIENTED_EDGE('',*,*,#2248,.T.);
#2964=ORIENTED_EDGE('',*,*,#2249,.F.);
#2965=ORIENTED_EDGE('',*,*,#2248,.F.);
#2966=ORIENTED_EDGE('',*,*,#2250,.F.);
#2967=ORIENTED_EDGE('',*,*,#2251,.T.);
#2968=ORIENTED_EDGE('',*,*,#2252,.F.);
#2969=ORIENTED_EDGE('',*,*,#2251,.F.);
#2970=ORIENTED_EDGE('',*,*,#2253,.F.);
#2971=ORIENTED_EDGE('',*,*,#2254,.T.);
#2972=ORIENTED_EDGE('',*,*,#2255,.F.);
#2973=ORIENTED_EDGE('',*,*,#2254,.F.);
#2974=ORIENTED_EDGE('',*,*,#2256,.F.);
#2975=ORIENTED_EDGE('',*,*,#2257,.F.);
#2976=ORIENTED_EDGE('',*,*,#2258,.F.);
#2977=ORIENTED_EDGE('',*,*,#2259,.F.);
#2978=ORIENTED_EDGE('',*,*,#2260,.F.);
#2979=ORIENTED_EDGE('',*,*,#2261,.F.);
#2980=ORIENTED_EDGE('',*,*,#2262,.F.);
#2981=ORIENTED_EDGE('',*,*,#2263,.F.);
#2982=ORIENTED_EDGE('',*,*,#2261,.T.);
#2983=ORIENTED_EDGE('',*,*,#2264,.T.);
#2984=ORIENTED_EDGE('',*,*,#2265,.F.);
#2985=ORIENTED_EDGE('',*,*,#2266,.T.);
#2986=ORIENTED_EDGE('',*,*,#2267,.T.);
#2987=ORIENTED_EDGE('',*,*,#2268,.T.);
#2988=ORIENTED_EDGE('',*,*,#2255,.T.);
#2989=ORIENTED_EDGE('',*,*,#2252,.T.);
#2990=ORIENTED_EDGE('',*,*,#2247,.T.);
#2991=ORIENTED_EDGE('',*,*,#2244,.T.);
#2992=ORIENTED_EDGE('',*,*,#2241,.T.);
#2993=ORIENTED_EDGE('',*,*,#2256,.T.);
#2994=ORIENTED_EDGE('',*,*,#2269,.F.);
#2995=ORIENTED_EDGE('',*,*,#2270,.F.);
#2996=ORIENTED_EDGE('',*,*,#2264,.F.);
#2997=ORIENTED_EDGE('',*,*,#2260,.T.);
#2998=ORIENTED_EDGE('',*,*,#2271,.T.);
#2999=ORIENTED_EDGE('',*,*,#2259,.T.);
#3000=ORIENTED_EDGE('',*,*,#2272,.T.);
#3001=ORIENTED_EDGE('',*,*,#2273,.F.);
#3002=ORIENTED_EDGE('',*,*,#2274,.F.);
#3003=ORIENTED_EDGE('',*,*,#2269,.T.);
#3004=ORIENTED_EDGE('',*,*,#2275,.F.);
#3005=ORIENTED_EDGE('',*,*,#2262,.T.);
#3006=ORIENTED_EDGE('',*,*,#2267,.F.);
#3007=ORIENTED_EDGE('',*,*,#2276,.F.);
#3008=ORIENTED_EDGE('',*,*,#2277,.F.);
#3009=ORIENTED_EDGE('',*,*,#2258,.T.);
#3010=ORIENTED_EDGE('',*,*,#2278,.T.);
#3011=ORIENTED_EDGE('',*,*,#2279,.F.);
#3012=ORIENTED_EDGE('',*,*,#2272,.F.);
#3013=ORIENTED_EDGE('',*,*,#2277,.T.);
#3014=ORIENTED_EDGE('',*,*,#2280,.F.);
#3015=ORIENTED_EDGE('',*,*,#2278,.F.);
#3016=ORIENTED_EDGE('',*,*,#2257,.T.);
#3017=ORIENTED_EDGE('',*,*,#2271,.F.);
#3018=ORIENTED_EDGE('',*,*,#2263,.T.);
#3019=ORIENTED_EDGE('',*,*,#2243,.T.);
#3020=ORIENTED_EDGE('',*,*,#2246,.T.);
#3021=ORIENTED_EDGE('',*,*,#2249,.T.);
#3022=ORIENTED_EDGE('',*,*,#2250,.T.);
#3023=ORIENTED_EDGE('',*,*,#2253,.T.);
#3024=ORIENTED_EDGE('',*,*,#2276,.T.);
#3025=ORIENTED_EDGE('',*,*,#2266,.F.);
#3026=ORIENTED_EDGE('',*,*,#2281,.F.);
#3027=ORIENTED_EDGE('',*,*,#2273,.T.);
#3028=ORIENTED_EDGE('',*,*,#2279,.T.);
#3029=ORIENTED_EDGE('',*,*,#2280,.T.);
#3030=ORIENTED_EDGE('',*,*,#2265,.T.);
#3031=ORIENTED_EDGE('',*,*,#2270,.T.);
#3032=ORIENTED_EDGE('',*,*,#2274,.T.);
#3033=ORIENTED_EDGE('',*,*,#2281,.T.);
#3034=ORIENTED_EDGE('',*,*,#2268,.F.);
#3035=ORIENTED_EDGE('',*,*,#2282,.T.);
#3036=ORIENTED_EDGE('',*,*,#2275,.T.);
#3037=ORIENTED_EDGE('',*,*,#2282,.F.);
#3038=ORIENTED_EDGE('',*,*,#2283,.F.);
#3039=ORIENTED_EDGE('',*,*,#2284,.T.);
#3040=ORIENTED_EDGE('',*,*,#2285,.F.);
#3041=ORIENTED_EDGE('',*,*,#2284,.F.);
#3042=ORIENTED_EDGE('',*,*,#2286,.F.);
#3043=ORIENTED_EDGE('',*,*,#2287,.T.);
#3044=ORIENTED_EDGE('',*,*,#2288,.F.);
#3045=ORIENTED_EDGE('',*,*,#2287,.F.);
#3046=ORIENTED_EDGE('',*,*,#2289,.F.);
#3047=ORIENTED_EDGE('',*,*,#2290,.T.);
#3048=ORIENTED_EDGE('',*,*,#2291,.F.);
#3049=ORIENTED_EDGE('',*,*,#2290,.F.);
#3050=ORIENTED_EDGE('',*,*,#2292,.F.);
#3051=ORIENTED_EDGE('',*,*,#2293,.T.);
#3052=ORIENTED_EDGE('',*,*,#2294,.F.);
#3053=ORIENTED_EDGE('',*,*,#2293,.F.);
#3054=ORIENTED_EDGE('',*,*,#2295,.F.);
#3055=ORIENTED_EDGE('',*,*,#2296,.T.);
#3056=ORIENTED_EDGE('',*,*,#2297,.F.);
#3057=ORIENTED_EDGE('',*,*,#2296,.F.);
#3058=ORIENTED_EDGE('',*,*,#2298,.T.);
#3059=ORIENTED_EDGE('',*,*,#2299,.T.);
#3060=ORIENTED_EDGE('',*,*,#2300,.F.);
#3061=ORIENTED_EDGE('',*,*,#2299,.F.);
#3062=ORIENTED_EDGE('',*,*,#2301,.T.);
#3063=ORIENTED_EDGE('',*,*,#2302,.T.);
#3064=ORIENTED_EDGE('',*,*,#2303,.T.);
#3065=ORIENTED_EDGE('',*,*,#2304,.T.);
#3066=ORIENTED_EDGE('',*,*,#2305,.T.);
#3067=ORIENTED_EDGE('',*,*,#2306,.T.);
#3068=ORIENTED_EDGE('',*,*,#2307,.T.);
#3069=ORIENTED_EDGE('',*,*,#2308,.F.);
#3070=ORIENTED_EDGE('',*,*,#2302,.F.);
#3071=ORIENTED_EDGE('',*,*,#2309,.F.);
#3072=ORIENTED_EDGE('',*,*,#2310,.F.);
#3073=ORIENTED_EDGE('',*,*,#2306,.F.);
#3074=ORIENTED_EDGE('',*,*,#2311,.T.);
#3075=ORIENTED_EDGE('',*,*,#2312,.T.);
#3076=ORIENTED_EDGE('',*,*,#2313,.F.);
#3077=ORIENTED_EDGE('',*,*,#2314,.F.);
#3078=ORIENTED_EDGE('',*,*,#2285,.T.);
#3079=ORIENTED_EDGE('',*,*,#2288,.T.);
#3080=ORIENTED_EDGE('',*,*,#2291,.T.);
#3081=ORIENTED_EDGE('',*,*,#2292,.T.);
#3082=ORIENTED_EDGE('',*,*,#2295,.T.);
#3083=ORIENTED_EDGE('',*,*,#2315,.T.);
#3084=ORIENTED_EDGE('',*,*,#2316,.F.);
#3085=ORIENTED_EDGE('',*,*,#2307,.F.);
#3086=ORIENTED_EDGE('',*,*,#2310,.T.);
#3087=ORIENTED_EDGE('',*,*,#2317,.T.);
#3088=ORIENTED_EDGE('',*,*,#2311,.F.);
#3089=ORIENTED_EDGE('',*,*,#2305,.F.);
#3090=ORIENTED_EDGE('',*,*,#2318,.F.);
#3091=ORIENTED_EDGE('',*,*,#2319,.T.);
#3092=ORIENTED_EDGE('',*,*,#2320,.T.);
#3093=ORIENTED_EDGE('',*,*,#2303,.F.);
#3094=ORIENTED_EDGE('',*,*,#2308,.T.);
#3095=ORIENTED_EDGE('',*,*,#2316,.T.);
#3096=ORIENTED_EDGE('',*,*,#2300,.T.);
#3097=ORIENTED_EDGE('',*,*,#2321,.T.);
#3098=ORIENTED_EDGE('',*,*,#2322,.F.);
#3099=ORIENTED_EDGE('',*,*,#2304,.F.);
#3100=ORIENTED_EDGE('',*,*,#2320,.F.);
#3101=ORIENTED_EDGE('',*,*,#2323,.T.);
#3102=ORIENTED_EDGE('',*,*,#2313,.T.);
#3103=ORIENTED_EDGE('',*,*,#2324,.T.);
#3104=ORIENTED_EDGE('',*,*,#2318,.T.);
#3105=ORIENTED_EDGE('',*,*,#2309,.T.);
#3106=ORIENTED_EDGE('',*,*,#2301,.F.);
#3107=ORIENTED_EDGE('',*,*,#2322,.T.);
#3108=ORIENTED_EDGE('',*,*,#2298,.F.);
#3109=ORIENTED_EDGE('',*,*,#2297,.T.);
#3110=ORIENTED_EDGE('',*,*,#2294,.T.);
#3111=ORIENTED_EDGE('',*,*,#2289,.T.);
#3112=ORIENTED_EDGE('',*,*,#2286,.T.);
#3113=ORIENTED_EDGE('',*,*,#2283,.T.);
#3114=ORIENTED_EDGE('',*,*,#2323,.F.);
#3115=ORIENTED_EDGE('',*,*,#2319,.F.);
#3116=ORIENTED_EDGE('',*,*,#2315,.F.);
#3117=ORIENTED_EDGE('',*,*,#2314,.T.);
#3118=ORIENTED_EDGE('',*,*,#2321,.F.);
#3119=ORIENTED_EDGE('',*,*,#2312,.F.);
#3120=ORIENTED_EDGE('',*,*,#2317,.F.);
#3121=ORIENTED_EDGE('',*,*,#2324,.F.);
#3122=ORIENTED_EDGE('',*,*,#2325,.F.);
#3123=ORIENTED_EDGE('',*,*,#2326,.T.);
#3124=ORIENTED_EDGE('',*,*,#2327,.F.);
#3125=ORIENTED_EDGE('',*,*,#2326,.F.);
#3126=ORIENTED_EDGE('',*,*,#2328,.F.);
#3127=ORIENTED_EDGE('',*,*,#2329,.T.);
#3128=ORIENTED_EDGE('',*,*,#2330,.F.);
#3129=ORIENTED_EDGE('',*,*,#2329,.F.);
#3130=ORIENTED_EDGE('',*,*,#2331,.F.);
#3131=ORIENTED_EDGE('',*,*,#2332,.T.);
#3132=ORIENTED_EDGE('',*,*,#2333,.F.);
#3133=ORIENTED_EDGE('',*,*,#2332,.F.);
#3134=ORIENTED_EDGE('',*,*,#2334,.F.);
#3135=ORIENTED_EDGE('',*,*,#2335,.T.);
#3136=ORIENTED_EDGE('',*,*,#2336,.F.);
#3137=ORIENTED_EDGE('',*,*,#2335,.F.);
#3138=ORIENTED_EDGE('',*,*,#2337,.F.);
#3139=ORIENTED_EDGE('',*,*,#2338,.T.);
#3140=ORIENTED_EDGE('',*,*,#2339,.F.);
#3141=ORIENTED_EDGE('',*,*,#2338,.F.);
#3142=ORIENTED_EDGE('',*,*,#2340,.F.);
#3143=ORIENTED_EDGE('',*,*,#2341,.F.);
#3144=ORIENTED_EDGE('',*,*,#2342,.F.);
#3145=ORIENTED_EDGE('',*,*,#2343,.F.);
#3146=ORIENTED_EDGE('',*,*,#2344,.F.);
#3147=ORIENTED_EDGE('',*,*,#2345,.F.);
#3148=ORIENTED_EDGE('',*,*,#2346,.F.);
#3149=ORIENTED_EDGE('',*,*,#2347,.T.);
#3150=ORIENTED_EDGE('',*,*,#2345,.T.);
#3151=ORIENTED_EDGE('',*,*,#2348,.T.);
#3152=ORIENTED_EDGE('',*,*,#2349,.T.);
#3153=ORIENTED_EDGE('',*,*,#2350,.F.);
#3154=ORIENTED_EDGE('',*,*,#2351,.T.);
#3155=ORIENTED_EDGE('',*,*,#2352,.F.);
#3156=ORIENTED_EDGE('',*,*,#2353,.F.);
#3157=ORIENTED_EDGE('',*,*,#2346,.T.);
#3158=ORIENTED_EDGE('',*,*,#2351,.F.);
#3159=ORIENTED_EDGE('',*,*,#2354,.F.);
#3160=ORIENTED_EDGE('',*,*,#2355,.F.);
#3161=ORIENTED_EDGE('',*,*,#2342,.T.);
#3162=ORIENTED_EDGE('',*,*,#2356,.T.);
#3163=ORIENTED_EDGE('',*,*,#2343,.T.);
#3164=ORIENTED_EDGE('',*,*,#2355,.T.);
#3165=ORIENTED_EDGE('',*,*,#2357,.F.);
#3166=ORIENTED_EDGE('',*,*,#2358,.T.);
#3167=ORIENTED_EDGE('',*,*,#2359,.T.);
#3168=ORIENTED_EDGE('',*,*,#2360,.T.);
#3169=ORIENTED_EDGE('',*,*,#2361,.T.);
#3170=ORIENTED_EDGE('',*,*,#2339,.T.);
#3171=ORIENTED_EDGE('',*,*,#2336,.T.);
#3172=ORIENTED_EDGE('',*,*,#2331,.T.);
#3173=ORIENTED_EDGE('',*,*,#2328,.T.);
#3174=ORIENTED_EDGE('',*,*,#2325,.T.);
#3175=ORIENTED_EDGE('',*,*,#2344,.T.);
#3176=ORIENTED_EDGE('',*,*,#2362,.F.);
#3177=ORIENTED_EDGE('',*,*,#2363,.F.);
#3178=ORIENTED_EDGE('',*,*,#2348,.F.);
#3179=ORIENTED_EDGE('',*,*,#2340,.T.);
#3180=ORIENTED_EDGE('',*,*,#2359,.F.);
#3181=ORIENTED_EDGE('',*,*,#2364,.F.);
#3182=ORIENTED_EDGE('',*,*,#2365,.T.);
#3183=ORIENTED_EDGE('',*,*,#2365,.F.);
#3184=ORIENTED_EDGE('',*,*,#2366,.F.);
#3185=ORIENTED_EDGE('',*,*,#2362,.T.);
#3186=ORIENTED_EDGE('',*,*,#2347,.F.);
#3187=ORIENTED_EDGE('',*,*,#2356,.F.);
#3188=ORIENTED_EDGE('',*,*,#2341,.T.);
#3189=ORIENTED_EDGE('',*,*,#2327,.T.);
#3190=ORIENTED_EDGE('',*,*,#2330,.T.);
#3191=ORIENTED_EDGE('',*,*,#2333,.T.);
#3192=ORIENTED_EDGE('',*,*,#2334,.T.);
#3193=ORIENTED_EDGE('',*,*,#2337,.T.);
#3194=ORIENTED_EDGE('',*,*,#2360,.F.);
#3195=ORIENTED_EDGE('',*,*,#2367,.T.);
#3196=ORIENTED_EDGE('',*,*,#2353,.T.);
#3197=ORIENTED_EDGE('',*,*,#2367,.F.);
#3198=ORIENTED_EDGE('',*,*,#2361,.F.);
#3199=ORIENTED_EDGE('',*,*,#2368,.T.);
#3200=ORIENTED_EDGE('',*,*,#2352,.T.);
#3201=ORIENTED_EDGE('',*,*,#2368,.F.);
#3202=ORIENTED_EDGE('',*,*,#2357,.T.);
#3203=ORIENTED_EDGE('',*,*,#2354,.T.);
#3204=ORIENTED_EDGE('',*,*,#2350,.T.);
#3205=ORIENTED_EDGE('',*,*,#2369,.T.);
#3206=ORIENTED_EDGE('',*,*,#2364,.T.);
#3207=ORIENTED_EDGE('',*,*,#2358,.F.);
#3208=ORIENTED_EDGE('',*,*,#2369,.F.);
#3209=ORIENTED_EDGE('',*,*,#2349,.F.);
#3210=ORIENTED_EDGE('',*,*,#2363,.T.);
#3211=ORIENTED_EDGE('',*,*,#2366,.T.);
#3212=ORIENTED_EDGE('',*,*,#2370,.F.);
#3213=ORIENTED_EDGE('',*,*,#2371,.T.);
#3214=ORIENTED_EDGE('',*,*,#2372,.F.);
#3215=ORIENTED_EDGE('',*,*,#2371,.F.);
#3216=ORIENTED_EDGE('',*,*,#2373,.F.);
#3217=ORIENTED_EDGE('',*,*,#2374,.T.);
#3218=ORIENTED_EDGE('',*,*,#2375,.F.);
#3219=ORIENTED_EDGE('',*,*,#2374,.F.);
#3220=ORIENTED_EDGE('',*,*,#2376,.F.);
#3221=ORIENTED_EDGE('',*,*,#2377,.T.);
#3222=ORIENTED_EDGE('',*,*,#2378,.F.);
#3223=ORIENTED_EDGE('',*,*,#2377,.F.);
#3224=ORIENTED_EDGE('',*,*,#2379,.F.);
#3225=ORIENTED_EDGE('',*,*,#2380,.T.);
#3226=ORIENTED_EDGE('',*,*,#2381,.F.);
#3227=ORIENTED_EDGE('',*,*,#2380,.F.);
#3228=ORIENTED_EDGE('',*,*,#2382,.F.);
#3229=ORIENTED_EDGE('',*,*,#2383,.T.);
#3230=ORIENTED_EDGE('',*,*,#2384,.F.);
#3231=ORIENTED_EDGE('',*,*,#2383,.F.);
#3232=ORIENTED_EDGE('',*,*,#2385,.F.);
#3233=ORIENTED_EDGE('',*,*,#2386,.T.);
#3234=ORIENTED_EDGE('',*,*,#2387,.F.);
#3235=ORIENTED_EDGE('',*,*,#2386,.F.);
#3236=ORIENTED_EDGE('',*,*,#2388,.T.);
#3237=ORIENTED_EDGE('',*,*,#2389,.F.);
#3238=ORIENTED_EDGE('',*,*,#2390,.T.);
#3239=ORIENTED_EDGE('',*,*,#2391,.T.);
#3240=ORIENTED_EDGE('',*,*,#2392,.T.);
#3241=ORIENTED_EDGE('',*,*,#2393,.F.);
#3242=ORIENTED_EDGE('',*,*,#2394,.T.);
#3243=ORIENTED_EDGE('',*,*,#2395,.T.);
#3244=ORIENTED_EDGE('',*,*,#2396,.T.);
#3245=ORIENTED_EDGE('',*,*,#2397,.F.);
#3246=ORIENTED_EDGE('',*,*,#2398,.T.);
#3247=ORIENTED_EDGE('',*,*,#2389,.T.);
#3248=ORIENTED_EDGE('',*,*,#2372,.T.);
#3249=ORIENTED_EDGE('',*,*,#2375,.T.);
#3250=ORIENTED_EDGE('',*,*,#2399,.T.);
#3251=ORIENTED_EDGE('',*,*,#2400,.F.);
#3252=ORIENTED_EDGE('',*,*,#2401,.T.);
#3253=ORIENTED_EDGE('',*,*,#2397,.T.);
#3254=ORIENTED_EDGE('',*,*,#2402,.T.);
#3255=ORIENTED_EDGE('',*,*,#2403,.T.);
#3256=ORIENTED_EDGE('',*,*,#2404,.T.);
#3257=ORIENTED_EDGE('',*,*,#2400,.T.);
#3258=ORIENTED_EDGE('',*,*,#2370,.T.);
#3259=ORIENTED_EDGE('',*,*,#2373,.T.);
#3260=ORIENTED_EDGE('',*,*,#2405,.T.);
#3261=ORIENTED_EDGE('',*,*,#2406,.T.);
#3262=ORIENTED_EDGE('',*,*,#2407,.T.);
#3263=ORIENTED_EDGE('',*,*,#2408,.F.);
#3264=ORIENTED_EDGE('',*,*,#2409,.T.);
#3265=ORIENTED_EDGE('',*,*,#2410,.T.);
#3266=ORIENTED_EDGE('',*,*,#2411,.T.);
#3267=ORIENTED_EDGE('',*,*,#2403,.F.);
#3268=ORIENTED_EDGE('',*,*,#2412,.T.);
#3269=ORIENTED_EDGE('',*,*,#2393,.T.);
#3270=ORIENTED_EDGE('',*,*,#2413,.T.);
#3271=ORIENTED_EDGE('',*,*,#2408,.T.);
#3272=ORIENTED_EDGE('',*,*,#2376,.T.);
#3273=ORIENTED_EDGE('',*,*,#2379,.T.);
#3274=ORIENTED_EDGE('',*,*,#2382,.T.);
#3275=ORIENTED_EDGE('',*,*,#2385,.T.);
#3276=ORIENTED_EDGE('',*,*,#2392,.F.);
#3277=ORIENTED_EDGE('',*,*,#2414,.F.);
#3278=ORIENTED_EDGE('',*,*,#2409,.F.);
#3279=ORIENTED_EDGE('',*,*,#2413,.F.);
#3280=ORIENTED_EDGE('',*,*,#2391,.F.);
#3281=ORIENTED_EDGE('',*,*,#2415,.F.);
#3282=ORIENTED_EDGE('',*,*,#2410,.F.);
#3283=ORIENTED_EDGE('',*,*,#2414,.T.);
#3284=ORIENTED_EDGE('',*,*,#2378,.T.);
#3285=ORIENTED_EDGE('',*,*,#2381,.T.);
#3286=ORIENTED_EDGE('',*,*,#2401,.F.);
#3287=ORIENTED_EDGE('',*,*,#2404,.F.);
#3288=ORIENTED_EDGE('',*,*,#2411,.F.);
#3289=ORIENTED_EDGE('',*,*,#2415,.T.);
#3290=ORIENTED_EDGE('',*,*,#2390,.F.);
#3291=ORIENTED_EDGE('',*,*,#2398,.F.);
#3292=ORIENTED_EDGE('',*,*,#2395,.F.);
#3293=ORIENTED_EDGE('',*,*,#2416,.F.);
#3294=ORIENTED_EDGE('',*,*,#2406,.F.);
#3295=ORIENTED_EDGE('',*,*,#2417,.T.);
#3296=ORIENTED_EDGE('',*,*,#2384,.T.);
#3297=ORIENTED_EDGE('',*,*,#2387,.T.);
#3298=ORIENTED_EDGE('',*,*,#2394,.F.);
#3299=ORIENTED_EDGE('',*,*,#2412,.F.);
#3300=ORIENTED_EDGE('',*,*,#2407,.F.);
#3301=ORIENTED_EDGE('',*,*,#2416,.T.);
#3302=ORIENTED_EDGE('',*,*,#2388,.F.);
#3303=ORIENTED_EDGE('',*,*,#2417,.F.);
#3304=ORIENTED_EDGE('',*,*,#2405,.F.);
#3305=ORIENTED_EDGE('',*,*,#2402,.F.);
#3306=ORIENTED_EDGE('',*,*,#2399,.F.);
#3307=ORIENTED_EDGE('',*,*,#2396,.F.);
#3308=TOROIDAL_SURFACE('',#3503,2.9,0.4);
#3309=ADVANCED_FACE('',(#1056),#3308,.F.);
#3310=ADVANCED_FACE('',(#1057),#985,.T.);
#3311=ADVANCED_FACE('',(#1058,#156),#290,.T.);
#3312=ADVANCED_FACE('',(#1059),#291,.T.);
#3313=ADVANCED_FACE('',(#1060),#155,.T.);
#3314=ADVANCED_FACE('',(#1061),#986,.F.);
#3315=ADVANCED_FACE('',(#1062),#987,.F.);
#3316=ADVANCED_FACE('',(#1063),#988,.F.);
#3317=ADVANCED_FACE('',(#1064),#989,.F.);
#3318=ADVANCED_FACE('',(#1065),#990,.F.);
#3319=ADVANCED_FACE('',(#1066),#991,.F.);
#3320=ADVANCED_FACE('',(#1067),#992,.F.);
#3321=ADVANCED_FACE('',(#1068),#993,.F.);
#3322=ADVANCED_FACE('',(#1069),#994,.F.);
#3323=ADVANCED_FACE('',(#1070),#292,.F.);
#3324=ADVANCED_FACE('',(#1071,#157,#158,#159),#293,.F.);
#3325=ADVANCED_FACE('',(#1072),#294,.F.);
#3326=ADVANCED_FACE('',(#1073,#160,#161,#162),#295,.T.);
#3327=ADVANCED_FACE('',(#1074),#296,.F.);
#3328=ADVANCED_FACE('',(#1075,#163,#164,#165),#297,.F.);
#3329=ADVANCED_FACE('',(#1076),#298,.F.);
#3330=ADVANCED_FACE('',(#1077),#299,.F.);
#3331=ADVANCED_FACE('',(#1078,#166,#167,#168,#169,#170,#171),#300,.F.);
#3332=ADVANCED_FACE('',(#1079),#301,.F.);
#3333=ADVANCED_FACE('',(#1080,#172,#173,#174),#302,.F.);
#3334=ADVANCED_FACE('',(#1081),#303,.T.);
#3335=ADVANCED_FACE('',(#1082),#995,.F.);
#3336=ADVANCED_FACE('',(#1083),#996,.F.);
#3337=ADVANCED_FACE('',(#1084),#997,.F.);
#3338=ADVANCED_FACE('',(#1085),#998,.F.);
#3339=ADVANCED_FACE('',(#1086),#999,.F.);
#3340=ADVANCED_FACE('',(#1087),#1000,.F.);
#3341=ADVANCED_FACE('',(#1088,#175,#176),#304,.F.);
#3342=ADVANCED_FACE('',(#1089),#305,.F.);
#3343=ADVANCED_FACE('',(#1090),#306,.F.);
#3344=ADVANCED_FACE('',(#1091),#307,.F.);
#3345=ADVANCED_FACE('',(#1092,#177,#178),#308,.F.);
#3346=ADVANCED_FACE('',(#1093),#309,.F.);
#3347=ADVANCED_FACE('',(#1094,#179,#180),#310,.T.);
#3348=ADVANCED_FACE('',(#1095),#311,.T.);
#3349=ADVANCED_FACE('',(#1096),#312,.F.);
#3350=ADVANCED_FACE('',(#1097,#181,#182),#313,.F.);
#3351=ADVANCED_FACE('',(#1098),#314,.F.);
#3352=ADVANCED_FACE('',(#1099,#183,#184,#185,#186),#315,.F.);
#3353=ADVANCED_FACE('',(#1100),#1001,.F.);
#3354=ADVANCED_FACE('',(#1101),#1002,.F.);
#3355=ADVANCED_FACE('',(#1102),#1003,.F.);
#3356=ADVANCED_FACE('',(#1103),#1004,.F.);
#3357=ADVANCED_FACE('',(#1104),#1005,.F.);
#3358=ADVANCED_FACE('',(#1105),#316,.F.);
#3359=ADVANCED_FACE('',(#1106),#317,.F.);
#3360=ADVANCED_FACE('',(#1107,#187,#188),#318,.F.);
#3361=ADVANCED_FACE('',(#1108),#319,.F.);
#3362=ADVANCED_FACE('',(#1109,#189,#190,#191,#192,#193),#320,.F.);
#3363=ADVANCED_FACE('',(#1110),#1006,.F.);
#3364=ADVANCED_FACE('',(#1111),#1007,.F.);
#3365=ADVANCED_FACE('',(#1112),#321,.T.);
#3366=ADVANCED_FACE('',(#1113),#1008,.T.);
#3367=ADVANCED_FACE('',(#1114),#322,.T.);
#3368=ADVANCED_FACE('',(#1115,#194,#195,#196,#197,#198,#199,#200),#323,
 .T.);
#3369=ADVANCED_FACE('',(#1116),#324,.F.);
#3370=ADVANCED_FACE('',(#1117),#1009,.F.);
#3371=ADVANCED_FACE('',(#1118),#1010,.F.);
#3372=ADVANCED_FACE('',(#1119),#1011,.F.);
#3373=ADVANCED_FACE('',(#1120),#1012,.F.);
#3374=ADVANCED_FACE('',(#1121),#1013,.F.);
#3375=ADVANCED_FACE('',(#1122),#1014,.F.);
#3376=ADVANCED_FACE('',(#1123),#1015,.F.);
#3377=ADVANCED_FACE('',(#1124),#1016,.F.);
#3378=ADVANCED_FACE('',(#1125),#1017,.F.);
#3379=ADVANCED_FACE('',(#1126),#1018,.F.);
#3380=ADVANCED_FACE('',(#1127),#1019,.F.);
#3381=ADVANCED_FACE('',(#1128),#1020,.F.);
#3382=ADVANCED_FACE('',(#1129),#325,.F.);
#3383=ADVANCED_FACE('',(#1130),#326,.F.);
#3384=ADVANCED_FACE('',(#1131),#327,.F.);
#3385=ADVANCED_FACE('',(#1132),#328,.F.);
#3386=ADVANCED_FACE('',(#1133),#329,.T.);
#3387=ADVANCED_FACE('',(#1134),#330,.F.);
#3388=ADVANCED_FACE('',(#1135,#201,#202,#203,#204,#205,#206,#207,#208,#209,
#210,#211,#212,#213),#331,.F.);
#3389=ADVANCED_FACE('',(#1136),#332,.F.);
#3390=ADVANCED_FACE('',(#1137),#333,.F.);
#3391=ADVANCED_FACE('',(#1138),#334,.F.);
#3392=ADVANCED_FACE('',(#1139,#214,#215,#216,#217,#218,#219,#220,#221,#222,
#223,#224,#225),#335,.F.);
#3393=ADVANCED_FACE('',(#1140),#1021,.F.);
#3394=ADVANCED_FACE('',(#1141),#1022,.F.);
#3395=ADVANCED_FACE('',(#1142),#1023,.F.);
#3396=ADVANCED_FACE('',(#1143),#1024,.F.);
#3397=ADVANCED_FACE('',(#1144),#1025,.F.);
#3398=ADVANCED_FACE('',(#1145),#1026,.F.);
#3399=ADVANCED_FACE('',(#1146),#1027,.F.);
#3400=ADVANCED_FACE('',(#1147),#336,.T.);
#3401=ADVANCED_FACE('',(#1148,#226,#227),#337,.F.);
#3402=ADVANCED_FACE('',(#1149),#338,.F.);
#3403=ADVANCED_FACE('',(#1150,#228,#229,#230,#231),#339,.F.);
#3404=ADVANCED_FACE('',(#1151),#340,.F.);
#3405=ADVANCED_FACE('',(#1152),#341,.F.);
#3406=ADVANCED_FACE('',(#1153,#232,#233),#342,.F.);
#3407=ADVANCED_FACE('',(#1154),#343,.F.);
#3408=ADVANCED_FACE('',(#1155,#234,#235,#236),#344,.T.);
#3409=ADVANCED_FACE('',(#1156),#345,.F.);
#3410=ADVANCED_FACE('',(#1157),#346,.F.);
#3411=ADVANCED_FACE('',(#1158,#237,#238,#239),#347,.F.);
#3412=ADVANCED_FACE('',(#1159),#1028,.F.);
#3413=ADVANCED_FACE('',(#1160),#1029,.F.);
#3414=ADVANCED_FACE('',(#1161),#1030,.F.);
#3415=ADVANCED_FACE('',(#1162),#1031,.F.);
#3416=ADVANCED_FACE('',(#1163),#1032,.F.);
#3417=ADVANCED_FACE('',(#1164),#348,.F.);
#3418=ADVANCED_FACE('',(#1165),#349,.F.);
#3419=ADVANCED_FACE('',(#1166,#240,#241,#242,#243,#244,#245),#350,.T.);
#3420=ADVANCED_FACE('',(#1167),#351,.T.);
#3421=ADVANCED_FACE('',(#1168,#246),#352,.F.);
#3422=ADVANCED_FACE('',(#1169),#353,.F.);
#3423=ADVANCED_FACE('',(#1170),#354,.F.);
#3424=ADVANCED_FACE('',(#1171,#247,#248,#249,#250,#251),#355,.F.);
#3425=ADVANCED_FACE('',(#1172),#356,.T.);
#3426=ADVANCED_FACE('',(#1173),#1033,.T.);
#3427=ADVANCED_FACE('',(#1174),#1034,.F.);
#3428=ADVANCED_FACE('',(#1175),#1035,.F.);
#3429=ADVANCED_FACE('',(#1176),#1036,.F.);
#3430=ADVANCED_FACE('',(#1177),#1037,.F.);
#3431=ADVANCED_FACE('',(#1178),#1038,.F.);
#3432=ADVANCED_FACE('',(#1179),#1039,.F.);
#3433=ADVANCED_FACE('',(#1180),#1040,.F.);
#3434=ADVANCED_FACE('',(#1181),#1041,.T.);
#3435=ADVANCED_FACE('',(#1182),#357,.T.);
#3436=ADVANCED_FACE('',(#1183,#252,#253,#254,#255,#256),#358,.F.);
#3437=ADVANCED_FACE('',(#1184),#359,.F.);
#3438=ADVANCED_FACE('',(#1185),#360,.F.);
#3439=ADVANCED_FACE('',(#1186,#257),#361,.F.);
#3440=ADVANCED_FACE('',(#1187),#362,.T.);
#3441=ADVANCED_FACE('',(#1188,#258,#259,#260,#261,#262,#263),#363,.T.);
#3442=ADVANCED_FACE('',(#1189),#364,.F.);
#3443=ADVANCED_FACE('',(#1190),#365,.F.);
#3444=ADVANCED_FACE('',(#1191),#1042,.F.);
#3445=ADVANCED_FACE('',(#1192),#1043,.F.);
#3446=ADVANCED_FACE('',(#1193),#1044,.F.);
#3447=ADVANCED_FACE('',(#1194),#1045,.F.);
#3448=ADVANCED_FACE('',(#1195),#1046,.F.);
#3449=ADVANCED_FACE('',(#1196),#366,.F.);
#3450=ADVANCED_FACE('',(#1197),#367,.F.);
#3451=ADVANCED_FACE('',(#1198,#264,#265),#368,.F.);
#3452=ADVANCED_FACE('',(#1199),#369,.T.);
#3453=ADVANCED_FACE('',(#1200,#266,#267,#268,#269,#270,#271,#272),#370,
 .T.);
#3454=ADVANCED_FACE('',(#1201),#371,.F.);
#3455=ADVANCED_FACE('',(#1202),#372,.F.);
#3456=ADVANCED_FACE('',(#1203,#273,#274,#275,#276,#277),#373,.F.);
#3457=ADVANCED_FACE('',(#1204),#1047,.F.);
#3458=ADVANCED_FACE('',(#1205),#1048,.F.);
#3459=ADVANCED_FACE('',(#1206),#1049,.T.);
#3460=ADVANCED_FACE('',(#1207),#374,.T.);
#3461=ADVANCED_FACE('',(#1208),#1050,.F.);
#3462=ADVANCED_FACE('',(#1209),#1051,.F.);
#3463=ADVANCED_FACE('',(#1210),#1052,.F.);
#3464=ADVANCED_FACE('',(#1211),#1053,.F.);
#3465=ADVANCED_FACE('',(#1212),#1054,.F.);
#3466=ADVANCED_FACE('',(#1213),#1055,.F.);
#3467=ADVANCED_FACE('',(#1214),#375,.F.);
#3468=ADVANCED_FACE('',(#1215,#278,#279),#376,.F.);
#3469=ADVANCED_FACE('',(#1216),#377,.F.);
#3470=ADVANCED_FACE('',(#1217,#280,#281),#378,.T.);
#3471=ADVANCED_FACE('',(#1218),#379,.T.);
#3472=ADVANCED_FACE('',(#1219,#282,#283,#284,#285),#380,.F.);
#3473=ADVANCED_FACE('',(#1220),#381,.F.);
#3474=ADVANCED_FACE('',(#1221,#286,#287),#382,.F.);
#3475=ADVANCED_FACE('',(#1222),#383,.F.);
#3476=ADVANCED_FACE('',(#1223,#288,#289),#384,.F.);
#3477=ADVANCED_FACE('',(#1224),#385,.F.);
#3478=ADVANCED_FACE('',(#1225),#386,.F.);
#3479=CLOSED_SHELL('',(#3309,#3310,#3311,#3312,#3313));
#3480=CLOSED_SHELL('',(#3314,#3315,#3316,#3317,#3318,#3319,#3320,#3321,
#3322,#3323,#3324,#3325,#3326,#3327,#3328,#3329,#3330,#3331,#3332,#3333,
#3334));
#3481=CLOSED_SHELL('',(#3335,#3336,#3337,#3338,#3339,#3340,#3341,#3342,
#3343,#3344,#3345,#3346,#3347,#3348,#3349,#3350,#3351,#3352));
#3482=CLOSED_SHELL('',(#3353,#3354,#3355,#3356,#3357,#3358,#3359,#3360,
#3361,#3362,#3363,#3364,#3365,#3366,#3367,#3368,#3369));
#3483=CLOSED_SHELL('',(#3370,#3371,#3372,#3373,#3374,#3375,#3376,#3377,
#3378,#3379,#3380,#3381,#3382,#3383,#3384,#3385,#3386,#3387,#3388,#3389,
#3390,#3391,#3392));
#3484=CLOSED_SHELL('',(#3393,#3394,#3395,#3396,#3397,#3398,#3399,#3400,
#3401,#3402,#3403,#3404,#3405,#3406,#3407,#3408,#3409,#3410,#3411));
#3485=CLOSED_SHELL('',(#3412,#3413,#3414,#3415,#3416,#3417,#3418,#3419,
#3420,#3421,#3422,#3423,#3424,#3425,#3426,#3427));
#3486=CLOSED_SHELL('',(#3428,#3429,#3430,#3431,#3432,#3433,#3434,#3435,
#3436,#3437,#3438,#3439,#3440,#3441,#3442,#3443));
#3487=CLOSED_SHELL('',(#3444,#3445,#3446,#3447,#3448,#3449,#3450,#3451,
#3452,#3453,#3454,#3455,#3456,#3457,#3458,#3459,#3460));
#3488=CLOSED_SHELL('',(#3461,#3462,#3463,#3464,#3465,#3466,#3467,#3468,
#3469,#3470,#3471,#3472,#3473,#3474,#3475,#3476,#3477,#3478));
#3489=DERIVED_UNIT_ELEMENT(#3491,1.);
#3490=DERIVED_UNIT_ELEMENT(#5795,-3.);
#3491=(
MASS_UNIT()
NAMED_UNIT(*)
SI_UNIT(.KILO.,.GRAM.)
);
#3492=DERIVED_UNIT((#3489,#3490));
#3493=MEASURE_REPRESENTATION_ITEM('density measure',
POSITIVE_RATIO_MEASURE(7750.),#3492);
#3494=PROPERTY_DEFINITION_REPRESENTATION(#3499,#3496);
#3495=PROPERTY_DEFINITION_REPRESENTATION(#3500,#3497);
#3496=REPRESENTATION('material name',(#3498),#5792);
#3497=REPRESENTATION('density',(#3493),#5792);
#3498=DESCRIPTIVE_REPRESENTATION_ITEM('Steel, Plain','Steel, Plain');
#3499=PROPERTY_DEFINITION('material property','material name',#5836);
#3500=PROPERTY_DEFINITION('material property','density of part',#5836);
#3501=AXIS2_PLACEMENT_3D('',#4844,#3849,#3850);
#3502=AXIS2_PLACEMENT_3D('',#4845,#3851,#3852);
#3503=AXIS2_PLACEMENT_3D('',#4846,#3853,#3854);
#3504=AXIS2_PLACEMENT_3D('',#4848,#3855,#3856);
#3505=AXIS2_PLACEMENT_3D('',#4850,#3857,#3858);
#3506=AXIS2_PLACEMENT_3D('',#4851,#3859,#3860);
#3507=AXIS2_PLACEMENT_3D('',#4852,#3861,#3862);
#3508=AXIS2_PLACEMENT_3D('',#4854,#3863,#3864);
#3509=AXIS2_PLACEMENT_3D('',#4856,#3866,#3867);
#3510=AXIS2_PLACEMENT_3D('',#4858,#3868,#3869);
#3511=AXIS2_PLACEMENT_3D('',#4859,#3870,#3871);
#3512=AXIS2_PLACEMENT_3D('',#4860,#3872,#3873);
#3513=AXIS2_PLACEMENT_3D('',#4862,#3874,#3875);
#3514=AXIS2_PLACEMENT_3D('',#4863,#3876,#3877);
#3515=AXIS2_PLACEMENT_3D('',#4865,#3878,#3879);
#3516=AXIS2_PLACEMENT_3D('',#4868,#3881,#3882);
#3517=AXIS2_PLACEMENT_3D('',#4869,#3883,#3884);
#3518=AXIS2_PLACEMENT_3D('',#4871,#3885,#3886);
#3519=AXIS2_PLACEMENT_3D('',#4874,#3888,#3889);
#3520=AXIS2_PLACEMENT_3D('',#4875,#3890,#3891);
#3521=AXIS2_PLACEMENT_3D('',#4877,#3892,#3893);
#3522=AXIS2_PLACEMENT_3D('',#4880,#3895,#3896);
#3523=AXIS2_PLACEMENT_3D('',#4881,#3897,#3898);
#3524=AXIS2_PLACEMENT_3D('',#4883,#3899,#3900);
#3525=AXIS2_PLACEMENT_3D('',#4886,#3902,#3903);
#3526=AXIS2_PLACEMENT_3D('',#4887,#3904,#3905);
#3527=AXIS2_PLACEMENT_3D('',#4889,#3906,#3907);
#3528=AXIS2_PLACEMENT_3D('',#4892,#3909,#3910);
#3529=AXIS2_PLACEMENT_3D('',#4893,#3911,#3912);
#3530=AXIS2_PLACEMENT_3D('',#4895,#3913,#3914);
#3531=AXIS2_PLACEMENT_3D('',#4898,#3916,#3917);
#3532=AXIS2_PLACEMENT_3D('',#4899,#3918,#3919);
#3533=AXIS2_PLACEMENT_3D('',#4901,#3920,#3921);
#3534=AXIS2_PLACEMENT_3D('',#4904,#3923,#3924);
#3535=AXIS2_PLACEMENT_3D('',#4905,#3925,#3926);
#3536=AXIS2_PLACEMENT_3D('',#4907,#3927,#3928);
#3537=AXIS2_PLACEMENT_3D('',#4910,#3930,#3931);
#3538=AXIS2_PLACEMENT_3D('',#4911,#3932,#3933);
#3539=AXIS2_PLACEMENT_3D('',#4913,#3934,#3935);
#3540=AXIS2_PLACEMENT_3D('',#4916,#3937,#3938);
#3541=AXIS2_PLACEMENT_3D('',#4917,#3939,#3940);
#3542=AXIS2_PLACEMENT_3D('',#4926,#3945,#3946);
#3543=AXIS2_PLACEMENT_3D('',#4932,#3950,#3951);
#3544=AXIS2_PLACEMENT_3D('',#4946,#3959,#3960);
#3545=AXIS2_PLACEMENT_3D('',#4952,#3964,#3965);
#3546=AXIS2_PLACEMENT_3D('',#4956,#3968,#3969);
#3547=AXIS2_PLACEMENT_3D('',#4960,#3972,#3973);
#3548=AXIS2_PLACEMENT_3D('',#4964,#3976,#3977);
#3549=AXIS2_PLACEMENT_3D('',#4968,#3980,#3981);
#3550=AXIS2_PLACEMENT_3D('',#4972,#3984,#3985);
#3551=AXIS2_PLACEMENT_3D('',#4976,#3988,#3989);
#3552=AXIS2_PLACEMENT_3D('',#4978,#3991,#3992);
#3553=AXIS2_PLACEMENT_3D('',#4979,#3993,#3994);
#3554=AXIS2_PLACEMENT_3D('',#4981,#3995,#3996);
#3555=AXIS2_PLACEMENT_3D('',#4984,#3998,#3999);
#3556=AXIS2_PLACEMENT_3D('',#4985,#4000,#4001);
#3557=AXIS2_PLACEMENT_3D('',#4987,#4002,#4003);
#3558=AXIS2_PLACEMENT_3D('',#4990,#4005,#4006);
#3559=AXIS2_PLACEMENT_3D('',#4991,#4007,#4008);
#3560=AXIS2_PLACEMENT_3D('',#4993,#4009,#4010);
#3561=AXIS2_PLACEMENT_3D('',#4996,#4012,#4013);
#3562=AXIS2_PLACEMENT_3D('',#4997,#4014,#4015);
#3563=AXIS2_PLACEMENT_3D('',#4999,#4016,#4017);
#3564=AXIS2_PLACEMENT_3D('',#5002,#4019,#4020);
#3565=AXIS2_PLACEMENT_3D('',#5003,#4021,#4022);
#3566=AXIS2_PLACEMENT_3D('',#5005,#4023,#4024);
#3567=AXIS2_PLACEMENT_3D('',#5008,#4026,#4027);
#3568=AXIS2_PLACEMENT_3D('',#5009,#4028,#4029);
#3569=AXIS2_PLACEMENT_3D('',#5011,#4030,#4031);
#3570=AXIS2_PLACEMENT_3D('',#5014,#4033,#4034);
#3571=AXIS2_PLACEMENT_3D('',#5015,#4035,#4036);
#3572=AXIS2_PLACEMENT_3D('',#5024,#4041,#4042);
#3573=AXIS2_PLACEMENT_3D('',#5030,#4046,#4047);
#3574=AXIS2_PLACEMENT_3D('',#5040,#4053,#4054);
#3575=AXIS2_PLACEMENT_3D('',#5049,#4059,#4060);
#3576=AXIS2_PLACEMENT_3D('',#5055,#4064,#4065);
#3577=AXIS2_PLACEMENT_3D('',#5065,#4071,#4072);
#3578=AXIS2_PLACEMENT_3D('',#5068,#4075,#4076);
#3579=AXIS2_PLACEMENT_3D('',#5070,#4078,#4079);
#3580=AXIS2_PLACEMENT_3D('',#5073,#4082,#4083);
#3581=AXIS2_PLACEMENT_3D('',#5075,#4085,#4086);
#3582=AXIS2_PLACEMENT_3D('',#5076,#4087,#4088);
#3583=AXIS2_PLACEMENT_3D('',#5077,#4089,#4090);
#3584=AXIS2_PLACEMENT_3D('',#5079,#4091,#4092);
#3585=AXIS2_PLACEMENT_3D('',#5082,#4094,#4095);
#3586=AXIS2_PLACEMENT_3D('',#5083,#4096,#4097);
#3587=AXIS2_PLACEMENT_3D('',#5085,#4098,#4099);
#3588=AXIS2_PLACEMENT_3D('',#5088,#4101,#4102);
#3589=AXIS2_PLACEMENT_3D('',#5089,#4103,#4104);
#3590=AXIS2_PLACEMENT_3D('',#5091,#4105,#4106);
#3591=AXIS2_PLACEMENT_3D('',#5094,#4108,#4109);
#3592=AXIS2_PLACEMENT_3D('',#5095,#4110,#4111);
#3593=AXIS2_PLACEMENT_3D('',#5097,#4112,#4113);
#3594=AXIS2_PLACEMENT_3D('',#5100,#4115,#4116);
#3595=AXIS2_PLACEMENT_3D('',#5101,#4117,#4118);
#3596=AXIS2_PLACEMENT_3D('',#5103,#4119,#4120);
#3597=AXIS2_PLACEMENT_3D('',#5106,#4122,#4123);
#3598=AXIS2_PLACEMENT_3D('',#5107,#4124,#4125);
#3599=AXIS2_PLACEMENT_3D('',#5116,#4130,#4131);
#3600=AXIS2_PLACEMENT_3D('',#5125,#4136,#4137);
#3601=AXIS2_PLACEMENT_3D('',#5129,#4139,#4140);
#3602=AXIS2_PLACEMENT_3D('',#5134,#4143,#4144);
#3603=AXIS2_PLACEMENT_3D('',#5136,#4145,#4146);
#3604=AXIS2_PLACEMENT_3D('',#5137,#4147,#4148);
#3605=AXIS2_PLACEMENT_3D('',#5141,#4151,#4152);
#3606=AXIS2_PLACEMENT_3D('',#5146,#4156,#4157);
#3607=AXIS2_PLACEMENT_3D('',#5148,#4158,#4159);
#3608=AXIS2_PLACEMENT_3D('',#5150,#4161,#4162);
#3609=AXIS2_PLACEMENT_3D('',#5152,#4163,#4164);
#3610=AXIS2_PLACEMENT_3D('',#5154,#4166,#4167);
#3611=AXIS2_PLACEMENT_3D('',#5158,#4170,#4171);
#3612=AXIS2_PLACEMENT_3D('',#5160,#4172,#4173);
#3613=AXIS2_PLACEMENT_3D('',#5162,#4175,#4176);
#3614=AXIS2_PLACEMENT_3D('',#5166,#4179,#4180);
#3615=AXIS2_PLACEMENT_3D('',#5168,#4182,#4183);
#3616=AXIS2_PLACEMENT_3D('',#5169,#4184,#4185);
#3617=AXIS2_PLACEMENT_3D('',#5171,#4186,#4187);
#3618=AXIS2_PLACEMENT_3D('',#5174,#4189,#4190);
#3619=AXIS2_PLACEMENT_3D('',#5175,#4191,#4192);
#3620=AXIS2_PLACEMENT_3D('',#5177,#4193,#4194);
#3621=AXIS2_PLACEMENT_3D('',#5180,#4196,#4197);
#3622=AXIS2_PLACEMENT_3D('',#5181,#4198,#4199);
#3623=AXIS2_PLACEMENT_3D('',#5183,#4200,#4201);
#3624=AXIS2_PLACEMENT_3D('',#5186,#4203,#4204);
#3625=AXIS2_PLACEMENT_3D('',#5187,#4205,#4206);
#3626=AXIS2_PLACEMENT_3D('',#5189,#4207,#4208);
#3627=AXIS2_PLACEMENT_3D('',#5192,#4210,#4211);
#3628=AXIS2_PLACEMENT_3D('',#5193,#4212,#4213);
#3629=AXIS2_PLACEMENT_3D('',#5195,#4214,#4215);
#3630=AXIS2_PLACEMENT_3D('',#5198,#4217,#4218);
#3631=AXIS2_PLACEMENT_3D('',#5199,#4219,#4220);
#3632=AXIS2_PLACEMENT_3D('',#5201,#4221,#4222);
#3633=AXIS2_PLACEMENT_3D('',#5204,#4224,#4225);
#3634=AXIS2_PLACEMENT_3D('',#5205,#4226,#4227);
#3635=AXIS2_PLACEMENT_3D('',#5207,#4228,#4229);
#3636=AXIS2_PLACEMENT_3D('',#5210,#4231,#4232);
#3637=AXIS2_PLACEMENT_3D('',#5211,#4233,#4234);
#3638=AXIS2_PLACEMENT_3D('',#5213,#4235,#4236);
#3639=AXIS2_PLACEMENT_3D('',#5216,#4238,#4239);
#3640=AXIS2_PLACEMENT_3D('',#5217,#4240,#4241);
#3641=AXIS2_PLACEMENT_3D('',#5219,#4242,#4243);
#3642=AXIS2_PLACEMENT_3D('',#5222,#4245,#4246);
#3643=AXIS2_PLACEMENT_3D('',#5223,#4247,#4248);
#3644=AXIS2_PLACEMENT_3D('',#5225,#4249,#4250);
#3645=AXIS2_PLACEMENT_3D('',#5228,#4252,#4253);
#3646=AXIS2_PLACEMENT_3D('',#5229,#4254,#4255);
#3647=AXIS2_PLACEMENT_3D('',#5231,#4256,#4257);
#3648=AXIS2_PLACEMENT_3D('',#5234,#4259,#4260);
#3649=AXIS2_PLACEMENT_3D('',#5235,#4261,#4262);
#3650=AXIS2_PLACEMENT_3D('',#5237,#4263,#4264);
#3651=AXIS2_PLACEMENT_3D('',#5240,#4266,#4267);
#3652=AXIS2_PLACEMENT_3D('',#5241,#4268,#4269);
#3653=AXIS2_PLACEMENT_3D('',#5250,#4274,#4275);
#3654=AXIS2_PLACEMENT_3D('',#5259,#4280,#4281);
#3655=AXIS2_PLACEMENT_3D('',#5268,#4286,#4287);
#3656=AXIS2_PLACEMENT_3D('',#5277,#4292,#4293);
#3657=AXIS2_PLACEMENT_3D('',#5280,#4296,#4297);
#3658=AXIS2_PLACEMENT_3D('',#5282,#4299,#4300);
#3659=AXIS2_PLACEMENT_3D('',#5286,#4304,#4305);
#3660=AXIS2_PLACEMENT_3D('',#5288,#4307,#4308);
#3661=AXIS2_PLACEMENT_3D('',#5290,#4310,#4311);
#3662=AXIS2_PLACEMENT_3D('',#5291,#4312,#4313);
#3663=AXIS2_PLACEMENT_3D('',#5292,#4314,#4315);
#3664=AXIS2_PLACEMENT_3D('',#5294,#4316,#4317);
#3665=AXIS2_PLACEMENT_3D('',#5297,#4319,#4320);
#3666=AXIS2_PLACEMENT_3D('',#5298,#4321,#4322);
#3667=AXIS2_PLACEMENT_3D('',#5300,#4323,#4324);
#3668=AXIS2_PLACEMENT_3D('',#5303,#4326,#4327);
#3669=AXIS2_PLACEMENT_3D('',#5304,#4328,#4329);
#3670=AXIS2_PLACEMENT_3D('',#5306,#4330,#4331);
#3671=AXIS2_PLACEMENT_3D('',#5309,#4333,#4334);
#3672=AXIS2_PLACEMENT_3D('',#5310,#4335,#4336);
#3673=AXIS2_PLACEMENT_3D('',#5312,#4337,#4338);
#3674=AXIS2_PLACEMENT_3D('',#5315,#4340,#4341);
#3675=AXIS2_PLACEMENT_3D('',#5316,#4342,#4343);
#3676=AXIS2_PLACEMENT_3D('',#5318,#4344,#4345);
#3677=AXIS2_PLACEMENT_3D('',#5321,#4347,#4348);
#3678=AXIS2_PLACEMENT_3D('',#5322,#4349,#4350);
#3679=AXIS2_PLACEMENT_3D('',#5324,#4351,#4352);
#3680=AXIS2_PLACEMENT_3D('',#5327,#4354,#4355);
#3681=AXIS2_PLACEMENT_3D('',#5328,#4356,#4357);
#3682=AXIS2_PLACEMENT_3D('',#5330,#4358,#4359);
#3683=AXIS2_PLACEMENT_3D('',#5333,#4361,#4362);
#3684=AXIS2_PLACEMENT_3D('',#5334,#4363,#4364);
#3685=AXIS2_PLACEMENT_3D('',#5351,#4373,#4374);
#3686=AXIS2_PLACEMENT_3D('',#5357,#4378,#4379);
#3687=AXIS2_PLACEMENT_3D('',#5361,#4382,#4383);
#3688=AXIS2_PLACEMENT_3D('',#5365,#4386,#4387);
#3689=AXIS2_PLACEMENT_3D('',#5369,#4390,#4391);
#3690=AXIS2_PLACEMENT_3D('',#5377,#4396,#4397);
#3691=AXIS2_PLACEMENT_3D('',#5381,#4400,#4401);
#3692=AXIS2_PLACEMENT_3D('',#5389,#4406,#4407);
#3693=AXIS2_PLACEMENT_3D('',#5391,#4409,#4410);
#3694=AXIS2_PLACEMENT_3D('',#5393,#4412,#4413);
#3695=AXIS2_PLACEMENT_3D('',#5395,#4415,#4416);
#3696=AXIS2_PLACEMENT_3D('',#5396,#4417,#4418);
#3697=AXIS2_PLACEMENT_3D('',#5398,#4419,#4420);
#3698=AXIS2_PLACEMENT_3D('',#5401,#4422,#4423);
#3699=AXIS2_PLACEMENT_3D('',#5402,#4424,#4425);
#3700=AXIS2_PLACEMENT_3D('',#5404,#4426,#4427);
#3701=AXIS2_PLACEMENT_3D('',#5407,#4429,#4430);
#3702=AXIS2_PLACEMENT_3D('',#5408,#4431,#4432);
#3703=AXIS2_PLACEMENT_3D('',#5410,#4433,#4434);
#3704=AXIS2_PLACEMENT_3D('',#5413,#4436,#4437);
#3705=AXIS2_PLACEMENT_3D('',#5414,#4438,#4439);
#3706=AXIS2_PLACEMENT_3D('',#5416,#4440,#4441);
#3707=AXIS2_PLACEMENT_3D('',#5419,#4443,#4444);
#3708=AXIS2_PLACEMENT_3D('',#5420,#4445,#4446);
#3709=AXIS2_PLACEMENT_3D('',#5422,#4447,#4448);
#3710=AXIS2_PLACEMENT_3D('',#5425,#4450,#4451);
#3711=AXIS2_PLACEMENT_3D('',#5426,#4452,#4453);
#3712=AXIS2_PLACEMENT_3D('',#5435,#4458,#4459);
#3713=AXIS2_PLACEMENT_3D('',#5444,#4464,#4465);
#3714=AXIS2_PLACEMENT_3D('',#5448,#4467,#4468);
#3715=AXIS2_PLACEMENT_3D('',#5453,#4471,#4472);
#3716=AXIS2_PLACEMENT_3D('',#5454,#4473,#4474);
#3717=AXIS2_PLACEMENT_3D('',#5459,#4478,#4479);
#3718=AXIS2_PLACEMENT_3D('',#5464,#4482,#4483);
#3719=AXIS2_PLACEMENT_3D('',#5466,#4484,#4485);
#3720=AXIS2_PLACEMENT_3D('',#5467,#4486,#4487);
#3721=AXIS2_PLACEMENT_3D('',#5471,#4490,#4491);
#3722=AXIS2_PLACEMENT_3D('',#5475,#4494,#4495);
#3723=AXIS2_PLACEMENT_3D('',#5477,#4497,#4498);
#3724=AXIS2_PLACEMENT_3D('',#5479,#4500,#4501);
#3725=AXIS2_PLACEMENT_3D('',#5480,#4502,#4503);
#3726=AXIS2_PLACEMENT_3D('',#5482,#4505,#4506);
#3727=AXIS2_PLACEMENT_3D('',#5484,#4507,#4508);
#3728=AXIS2_PLACEMENT_3D('',#5487,#4510,#4511);
#3729=AXIS2_PLACEMENT_3D('',#5488,#4512,#4513);
#3730=AXIS2_PLACEMENT_3D('',#5490,#4514,#4515);
#3731=AXIS2_PLACEMENT_3D('',#5493,#4517,#4518);
#3732=AXIS2_PLACEMENT_3D('',#5494,#4519,#4520);
#3733=AXIS2_PLACEMENT_3D('',#5496,#4521,#4522);
#3734=AXIS2_PLACEMENT_3D('',#5499,#4524,#4525);
#3735=AXIS2_PLACEMENT_3D('',#5500,#4526,#4527);
#3736=AXIS2_PLACEMENT_3D('',#5502,#4528,#4529);
#3737=AXIS2_PLACEMENT_3D('',#5505,#4531,#4532);
#3738=AXIS2_PLACEMENT_3D('',#5506,#4533,#4534);
#3739=AXIS2_PLACEMENT_3D('',#5508,#4535,#4536);
#3740=AXIS2_PLACEMENT_3D('',#5511,#4538,#4539);
#3741=AXIS2_PLACEMENT_3D('',#5512,#4540,#4541);
#3742=AXIS2_PLACEMENT_3D('',#5514,#4542,#4543);
#3743=AXIS2_PLACEMENT_3D('',#5517,#4545,#4546);
#3744=AXIS2_PLACEMENT_3D('',#5518,#4547,#4548);
#3745=AXIS2_PLACEMENT_3D('',#5521,#4549,#4550);
#3746=AXIS2_PLACEMENT_3D('',#5525,#4552,#4553);
#3747=AXIS2_PLACEMENT_3D('',#5527,#4555,#4556);
#3748=AXIS2_PLACEMENT_3D('',#5537,#4562,#4563);
#3749=AXIS2_PLACEMENT_3D('',#5547,#4569,#4570);
#3750=AXIS2_PLACEMENT_3D('',#5551,#4573,#4574);
#3751=AXIS2_PLACEMENT_3D('',#5555,#4577,#4578);
#3752=AXIS2_PLACEMENT_3D('',#5559,#4581,#4582);
#3753=AXIS2_PLACEMENT_3D('',#5564,#4586,#4587);
#3754=AXIS2_PLACEMENT_3D('',#5566,#4589,#4590);
#3755=AXIS2_PLACEMENT_3D('',#5567,#4591,#4592);
#3756=AXIS2_PLACEMENT_3D('',#5568,#4593,#4594);
#3757=AXIS2_PLACEMENT_3D('',#5570,#4595,#4596);
#3758=AXIS2_PLACEMENT_3D('',#5573,#4598,#4599);
#3759=AXIS2_PLACEMENT_3D('',#5574,#4600,#4601);
#3760=AXIS2_PLACEMENT_3D('',#5576,#4602,#4603);
#3761=AXIS2_PLACEMENT_3D('',#5579,#4605,#4606);
#3762=AXIS2_PLACEMENT_3D('',#5580,#4607,#4608);
#3763=AXIS2_PLACEMENT_3D('',#5582,#4609,#4610);
#3764=AXIS2_PLACEMENT_3D('',#5585,#4612,#4613);
#3765=AXIS2_PLACEMENT_3D('',#5586,#4614,#4615);
#3766=AXIS2_PLACEMENT_3D('',#5588,#4616,#4617);
#3767=AXIS2_PLACEMENT_3D('',#5591,#4619,#4620);
#3768=AXIS2_PLACEMENT_3D('',#5592,#4621,#4622);
#3769=AXIS2_PLACEMENT_3D('',#5594,#4623,#4624);
#3770=AXIS2_PLACEMENT_3D('',#5597,#4626,#4627);
#3771=AXIS2_PLACEMENT_3D('',#5598,#4628,#4629);
#3772=AXIS2_PLACEMENT_3D('',#5607,#4634,#4635);
#3773=AXIS2_PLACEMENT_3D('',#5616,#4640,#4641);
#3774=AXIS2_PLACEMENT_3D('',#5622,#4644,#4645);
#3775=AXIS2_PLACEMENT_3D('',#5625,#4647,#4648);
#3776=AXIS2_PLACEMENT_3D('',#5627,#4649,#4650);
#3777=AXIS2_PLACEMENT_3D('',#5628,#4651,#4652);
#3778=AXIS2_PLACEMENT_3D('',#5633,#4656,#4657);
#3779=AXIS2_PLACEMENT_3D('',#5635,#4658,#4659);
#3780=AXIS2_PLACEMENT_3D('',#5640,#4662,#4663);
#3781=AXIS2_PLACEMENT_3D('',#5642,#4664,#4665);
#3782=AXIS2_PLACEMENT_3D('',#5643,#4666,#4667);
#3783=AXIS2_PLACEMENT_3D('',#5647,#4670,#4671);
#3784=AXIS2_PLACEMENT_3D('',#5651,#4674,#4675);
#3785=AXIS2_PLACEMENT_3D('',#5653,#4677,#4678);
#3786=AXIS2_PLACEMENT_3D('',#5655,#4680,#4681);
#3787=AXIS2_PLACEMENT_3D('',#5657,#4683,#4684);
#3788=AXIS2_PLACEMENT_3D('',#5659,#4686,#4687);
#3789=AXIS2_PLACEMENT_3D('',#5660,#4688,#4689);
#3790=AXIS2_PLACEMENT_3D('',#5662,#4690,#4691);
#3791=AXIS2_PLACEMENT_3D('',#5665,#4693,#4694);
#3792=AXIS2_PLACEMENT_3D('',#5666,#4695,#4696);
#3793=AXIS2_PLACEMENT_3D('',#5668,#4697,#4698);
#3794=AXIS2_PLACEMENT_3D('',#5671,#4700,#4701);
#3795=AXIS2_PLACEMENT_3D('',#5672,#4702,#4703);
#3796=AXIS2_PLACEMENT_3D('',#5674,#4704,#4705);
#3797=AXIS2_PLACEMENT_3D('',#5677,#4707,#4708);
#3798=AXIS2_PLACEMENT_3D('',#5678,#4709,#4710);
#3799=AXIS2_PLACEMENT_3D('',#5680,#4711,#4712);
#3800=AXIS2_PLACEMENT_3D('',#5683,#4714,#4715);
#3801=AXIS2_PLACEMENT_3D('',#5684,#4716,#4717);
#3802=AXIS2_PLACEMENT_3D('',#5686,#4718,#4719);
#3803=AXIS2_PLACEMENT_3D('',#5689,#4721,#4722);
#3804=AXIS2_PLACEMENT_3D('',#5690,#4723,#4724);
#3805=AXIS2_PLACEMENT_3D('',#5692,#4725,#4726);
#3806=AXIS2_PLACEMENT_3D('',#5695,#4728,#4729);
#3807=AXIS2_PLACEMENT_3D('',#5696,#4730,#4731);
#3808=AXIS2_PLACEMENT_3D('',#5713,#4740,#4741);
#3809=AXIS2_PLACEMENT_3D('',#5719,#4745,#4746);
#3810=AXIS2_PLACEMENT_3D('',#5725,#4750,#4751);
#3811=AXIS2_PLACEMENT_3D('',#5731,#4755,#4756);
#3812=AXIS2_PLACEMENT_3D('',#5745,#4764,#4765);
#3813=AXIS2_PLACEMENT_3D('',#5748,#4768,#4769);
#3814=AXIS2_PLACEMENT_3D('',#5750,#4771,#4772);
#3815=AXIS2_PLACEMENT_3D('',#5752,#4774,#4775);
#3816=AXIS2_PLACEMENT_3D('',#5753,#4776,#4777);
#3817=AXIS2_PLACEMENT_3D('',#5756,#4780,#4781);
#3818=AXIS2_PLACEMENT_3D('',#5757,#4782,#4783);
#3819=AXIS2_PLACEMENT_3D('',#5758,#4784,#4785);
#3820=AXIS2_PLACEMENT_3D('',#5759,#4786,#4787);
#3821=AXIS2_PLACEMENT_3D('',#5760,#4788,#4789);
#3822=AXIS2_PLACEMENT_3D('',#5761,#4790,#4791);
#3823=AXIS2_PLACEMENT_3D('',#5762,#4792,#4793);
#3824=AXIS2_PLACEMENT_3D('',#5763,#4794,#4795);
#3825=AXIS2_PLACEMENT_3D('',#5764,#4796,#4797);
#3826=AXIS2_PLACEMENT_3D('',#5765,#4798,#4799);
#3827=AXIS2_PLACEMENT_3D('',#5766,#4800,#4801);
#3828=AXIS2_PLACEMENT_3D('',#5767,#4802,#4803);
#3829=AXIS2_PLACEMENT_3D('',#5768,#4804,#4805);
#3830=AXIS2_PLACEMENT_3D('',#5769,#4806,#4807);
#3831=AXIS2_PLACEMENT_3D('',#5770,#4808,#4809);
#3832=AXIS2_PLACEMENT_3D('',#5771,#4810,#4811);
#3833=AXIS2_PLACEMENT_3D('',#5772,#4812,#4813);
#3834=AXIS2_PLACEMENT_3D('',#5773,#4814,#4815);
#3835=AXIS2_PLACEMENT_3D('',#5774,#4816,#4817);
#3836=AXIS2_PLACEMENT_3D('',#5775,#4818,#4819);
#3837=AXIS2_PLACEMENT_3D('',#5776,#4820,#4821);
#3838=AXIS2_PLACEMENT_3D('',#5777,#4822,#4823);
#3839=AXIS2_PLACEMENT_3D('',#5778,#4824,#4825);
#3840=AXIS2_PLACEMENT_3D('',#5779,#4826,#4827);
#3841=AXIS2_PLACEMENT_3D('',#5780,#4828,#4829);
#3842=AXIS2_PLACEMENT_3D('',#5781,#4830,#4831);
#3843=AXIS2_PLACEMENT_3D('',#5782,#4832,#4833);
#3844=AXIS2_PLACEMENT_3D('',#5783,#4834,#4835);
#3845=AXIS2_PLACEMENT_3D('',#5784,#4836,#4837);
#3846=AXIS2_PLACEMENT_3D('',#5785,#4838,#4839);
#3847=AXIS2_PLACEMENT_3D('',#5786,#4840,#4841);
#3848=AXIS2_PLACEMENT_3D('',#5787,#4842,#4843);
#3849=DIRECTION('axis',(0.,0.,1.));
#3850=DIRECTION('refdir',(1.,0.,0.));
#3851=DIRECTION('axis',(0.,0.,1.));
#3852=DIRECTION('refdir',(1.,0.,0.));
#3853=DIRECTION('center_axis',(1.22514845491079E-16,0.,-1.));
#3854=DIRECTION('ref_axis',(-1.,0.,-1.17750926854183E-16));
#3855=DIRECTION('center_axis',(1.22514845491079E-16,0.,-1.));
#3856=DIRECTION('ref_axis',(1.,0.,1.22514845491079E-16));
#3857=DIRECTION('center_axis',(-1.22464679914735E-16,-1.,-1.50037413378683E-32));
#3858=DIRECTION('ref_axis',(1.,-1.22464679914735E-16,1.26161707343768E-16));
#3859=DIRECTION('center_axis',(-1.22514845491079E-16,0.,1.));
#3860=DIRECTION('ref_axis',(1.,0.,1.11022302462516E-16));
#3861=DIRECTION('center_axis',(1.22514845491079E-16,0.,-1.));
#3862=DIRECTION('ref_axis',(-1.,0.,0.));
#3863=DIRECTION('center_axis',(1.22514845491079E-16,0.,-1.));
#3864=DIRECTION('ref_axis',(1.,0.,1.22514845491079E-16));
#3865=DIRECTION('',(-1.22514845491079E-16,0.,1.));
#3866=DIRECTION('center_axis',(1.22514845491079E-16,0.,-1.));
#3867=DIRECTION('ref_axis',(-1.,0.,-1.22514845491079E-16));
#3868=DIRECTION('center_axis',(1.22514845491079E-16,0.,-1.));
#3869=DIRECTION('ref_axis',(1.,0.,1.22514845491079E-16));
#3870=DIRECTION('center_axis',(1.22514845491079E-16,0.,-1.));
#3871=DIRECTION('ref_axis',(-1.,0.,-1.22514845491079E-16));
#3872=DIRECTION('center_axis',(6.12323399573677E-17,0.,1.));
#3873=DIRECTION('ref_axis',(1.,0.,0.));
#3874=DIRECTION('center_axis',(1.22464679914735E-16,-1.,0.));
#3875=DIRECTION('ref_axis',(-1.,-1.22464679914735E-16,0.));
#3876=DIRECTION('center_axis',(0.,-1.,0.));
#3877=DIRECTION('ref_axis',(-1.,0.,0.));
#3878=DIRECTION('center_axis',(0.,-1.,0.));
#3879=DIRECTION('ref_axis',(-1.,0.,0.));
#3880=DIRECTION('',(0.,-1.,0.));
#3881=DIRECTION('center_axis',(0.,1.,0.));
#3882=DIRECTION('ref_axis',(-1.,0.,0.));
#3883=DIRECTION('center_axis',(0.,-1.,0.));
#3884=DIRECTION('ref_axis',(-1.,0.,0.));
#3885=DIRECTION('center_axis',(0.,-1.,0.));
#3886=DIRECTION('ref_axis',(-1.,0.,0.));
#3887=DIRECTION('',(0.,-1.,0.));
#3888=DIRECTION('center_axis',(0.,1.,0.));
#3889=DIRECTION('ref_axis',(-1.,0.,0.));
#3890=DIRECTION('center_axis',(0.,-1.,0.));
#3891=DIRECTION('ref_axis',(-1.,0.,0.));
#3892=DIRECTION('center_axis',(0.,-1.,0.));
#3893=DIRECTION('ref_axis',(-1.,0.,0.));
#3894=DIRECTION('',(0.,-1.,0.));
#3895=DIRECTION('center_axis',(0.,1.,0.));
#3896=DIRECTION('ref_axis',(-1.,0.,0.));
#3897=DIRECTION('center_axis',(0.,-1.,0.));
#3898=DIRECTION('ref_axis',(-1.,0.,0.));
#3899=DIRECTION('center_axis',(0.,-1.,0.));
#3900=DIRECTION('ref_axis',(-1.,0.,0.));
#3901=DIRECTION('',(0.,-1.,0.));
#3902=DIRECTION('center_axis',(0.,1.,0.));
#3903=DIRECTION('ref_axis',(-1.,0.,0.));
#3904=DIRECTION('center_axis',(0.,-1.,0.));
#3905=DIRECTION('ref_axis',(-1.,0.,0.));
#3906=DIRECTION('center_axis',(0.,-1.,0.));
#3907=DIRECTION('ref_axis',(-1.,0.,0.));
#3908=DIRECTION('',(0.,-1.,0.));
#3909=DIRECTION('center_axis',(0.,1.,0.));
#3910=DIRECTION('ref_axis',(-1.,0.,0.));
#3911=DIRECTION('center_axis',(0.,-1.,0.));
#3912=DIRECTION('ref_axis',(-1.,0.,0.));
#3913=DIRECTION('center_axis',(0.,-1.,0.));
#3914=DIRECTION('ref_axis',(-1.,0.,0.));
#3915=DIRECTION('',(0.,-1.,0.));
#3916=DIRECTION('center_axis',(0.,1.,0.));
#3917=DIRECTION('ref_axis',(-1.,0.,0.));
#3918=DIRECTION('center_axis',(0.,1.,0.));
#3919=DIRECTION('ref_axis',(1.,0.,0.));
#3920=DIRECTION('center_axis',(0.,1.,0.));
#3921=DIRECTION('ref_axis',(1.,0.,0.));
#3922=DIRECTION('',(0.,1.,0.));
#3923=DIRECTION('center_axis',(0.,-1.,0.));
#3924=DIRECTION('ref_axis',(1.,0.,0.));
#3925=DIRECTION('center_axis',(0.,1.,0.));
#3926=DIRECTION('ref_axis',(1.,0.,0.));
#3927=DIRECTION('center_axis',(0.,1.,0.));
#3928=DIRECTION('ref_axis',(1.,0.,0.));
#3929=DIRECTION('',(0.,1.,0.));
#3930=DIRECTION('center_axis',(0.,-1.,0.));
#3931=DIRECTION('ref_axis',(1.,0.,0.));
#3932=DIRECTION('center_axis',(0.,1.,0.));
#3933=DIRECTION('ref_axis',(1.,0.,0.));
#3934=DIRECTION('center_axis',(0.,1.,0.));
#3935=DIRECTION('ref_axis',(1.,0.,0.));
#3936=DIRECTION('',(0.,1.,0.));
#3937=DIRECTION('center_axis',(0.,-1.,0.));
#3938=DIRECTION('ref_axis',(1.,0.,0.));
#3939=DIRECTION('center_axis',(-1.,0.,0.));
#3940=DIRECTION('ref_axis',(0.,1.,0.));
#3941=DIRECTION('',(0.,-1.,0.));
#3942=DIRECTION('',(0.,0.,-1.));
#3943=DIRECTION('',(0.,1.,0.));
#3944=DIRECTION('',(0.,0.,-1.));
#3945=DIRECTION('center_axis',(0.,1.,0.));
#3946=DIRECTION('ref_axis',(1.,0.,0.));
#3947=DIRECTION('',(-1.,0.,0.));
#3948=DIRECTION('',(1.,0.,0.));
#3949=DIRECTION('',(0.,0.,-1.));
#3950=DIRECTION('center_axis',(-1.,0.,0.));
#3951=DIRECTION('ref_axis',(0.,1.,0.));
#3952=DIRECTION('',(0.,-1.,0.));
#3953=DIRECTION('',(0.,1.,0.));
#3954=DIRECTION('',(0.,0.,-1.));
#3955=DIRECTION('',(0.,1.,4.5547611266673E-15));
#3956=DIRECTION('',(0.,0.,1.));
#3957=DIRECTION('',(0.,-1.,4.5547611266673E-15));
#3958=DIRECTION('',(0.,0.,-1.));
#3959=DIRECTION('center_axis',(0.,1.,0.));
#3960=DIRECTION('ref_axis',(1.,0.,0.));
#3961=DIRECTION('',(-1.,0.,0.));
#3962=DIRECTION('',(0.,0.,1.));
#3963=DIRECTION('',(1.,0.,0.));
#3964=DIRECTION('center_axis',(0.,0.,-1.));
#3965=DIRECTION('ref_axis',(0.,-1.,0.));
#3966=DIRECTION('',(0.,1.,0.));
#3967=DIRECTION('',(-1.,0.,0.));
#3968=DIRECTION('center_axis',(0.,-1.,0.));
#3969=DIRECTION('ref_axis',(0.,0.,1.));
#3970=DIRECTION('',(0.,0.,-1.));
#3971=DIRECTION('',(-1.,0.,0.));
#3972=DIRECTION('center_axis',(0.,0.,1.));
#3973=DIRECTION('ref_axis',(0.,1.,0.));
#3974=DIRECTION('',(-1.,0.,0.));
#3975=DIRECTION('',(0.,-1.,0.));
#3976=DIRECTION('center_axis',(0.,4.5547611266673E-15,-1.));
#3977=DIRECTION('ref_axis',(0.,-1.,-4.5547611266673E-15));
#3978=DIRECTION('',(0.,1.,4.5547611266673E-15));
#3979=DIRECTION('',(-1.,0.,0.));
#3980=DIRECTION('center_axis',(0.,1.,0.));
#3981=DIRECTION('ref_axis',(1.,0.,0.));
#3982=DIRECTION('',(0.,0.,1.));
#3983=DIRECTION('',(1.,0.,0.));
#3984=DIRECTION('center_axis',(0.,4.5547611266673E-15,1.));
#3985=DIRECTION('ref_axis',(0.,1.,-4.5547611266673E-15));
#3986=DIRECTION('',(0.,-1.,4.5547611266673E-15));
#3987=DIRECTION('',(-1.,0.,0.));
#3988=DIRECTION('center_axis',(0.,-1.,0.));
#3989=DIRECTION('ref_axis',(0.,0.,1.));
#3990=DIRECTION('',(0.,0.,-1.));
#3991=DIRECTION('center_axis',(-1.,0.,0.));
#3992=DIRECTION('ref_axis',(0.,0.,1.));
#3993=DIRECTION('center_axis',(0.,-1.,0.));
#3994=DIRECTION('ref_axis',(-1.,0.,0.));
#3995=DIRECTION('center_axis',(0.,-1.,0.));
#3996=DIRECTION('ref_axis',(-1.,0.,0.));
#3997=DIRECTION('',(0.,-1.,0.));
#3998=DIRECTION('center_axis',(0.,1.,0.));
#3999=DIRECTION('ref_axis',(-1.,0.,0.));
#4000=DIRECTION('center_axis',(0.,-1.,0.));
#4001=DIRECTION('ref_axis',(-1.,0.,0.));
#4002=DIRECTION('center_axis',(0.,-1.,0.));
#4003=DIRECTION('ref_axis',(-1.,0.,0.));
#4004=DIRECTION('',(0.,-1.,0.));
#4005=DIRECTION('center_axis',(0.,1.,0.));
#4006=DIRECTION('ref_axis',(-1.,0.,0.));
#4007=DIRECTION('center_axis',(0.,1.,0.));
#4008=DIRECTION('ref_axis',(1.,0.,0.));
#4009=DIRECTION('center_axis',(0.,1.,0.));
#4010=DIRECTION('ref_axis',(1.,0.,0.));
#4011=DIRECTION('',(0.,1.,0.));
#4012=DIRECTION('center_axis',(0.,-1.,0.));
#4013=DIRECTION('ref_axis',(1.,0.,0.));
#4014=DIRECTION('center_axis',(0.,1.,0.));
#4015=DIRECTION('ref_axis',(1.,0.,0.));
#4016=DIRECTION('center_axis',(0.,1.,0.));
#4017=DIRECTION('ref_axis',(1.,0.,0.));
#4018=DIRECTION('',(0.,1.,0.));
#4019=DIRECTION('center_axis',(0.,-1.,0.));
#4020=DIRECTION('ref_axis',(1.,0.,0.));
#4021=DIRECTION('center_axis',(0.,1.,0.));
#4022=DIRECTION('ref_axis',(1.,0.,0.));
#4023=DIRECTION('center_axis',(0.,1.,0.));
#4024=DIRECTION('ref_axis',(1.,0.,0.));
#4025=DIRECTION('',(0.,1.,0.));
#4026=DIRECTION('center_axis',(0.,-1.,0.));
#4027=DIRECTION('ref_axis',(1.,0.,0.));
#4028=DIRECTION('center_axis',(0.,1.,0.));
#4029=DIRECTION('ref_axis',(1.,0.,0.));
#4030=DIRECTION('center_axis',(0.,1.,0.));
#4031=DIRECTION('ref_axis',(1.,0.,0.));
#4032=DIRECTION('',(0.,1.,0.));
#4033=DIRECTION('center_axis',(0.,-1.,0.));
#4034=DIRECTION('ref_axis',(1.,0.,0.));
#4035=DIRECTION('center_axis',(0.,-1.,0.));
#4036=DIRECTION('ref_axis',(-1.,0.,0.));
#4037=DIRECTION('',(-1.,0.,0.));
#4038=DIRECTION('',(0.,0.,-1.));
#4039=DIRECTION('',(1.,0.,-2.1729135650156E-16));
#4040=DIRECTION('',(0.,0.,-1.));
#4041=DIRECTION('center_axis',(1.,9.1095222533346E-15,0.));
#4042=DIRECTION('ref_axis',(9.1095222533346E-15,-1.,0.));
#4043=DIRECTION('',(-9.1095222533346E-15,1.,1.97942044750822E-30));
#4044=DIRECTION('',(0.,0.,-1.));
#4045=DIRECTION('',(9.1095222533346E-15,-1.,0.));
#4046=DIRECTION('center_axis',(1.,0.,0.));
#4047=DIRECTION('ref_axis',(0.,-1.,0.));
#4048=DIRECTION('',(0.,-1.,0.));
#4049=DIRECTION('',(0.,0.,-1.));
#4050=DIRECTION('',(0.,-1.,0.));
#4051=DIRECTION('',(0.,0.,1.));
#4052=DIRECTION('',(0.,1.,0.));
#4053=DIRECTION('center_axis',(-1.,4.5547611266673E-15,0.));
#4054=DIRECTION('ref_axis',(4.5547611266673E-15,1.,0.));
#4055=DIRECTION('',(-4.5547611266673E-15,-1.,9.8971022375411E-31));
#4056=DIRECTION('',(0.,0.,-1.));
#4057=DIRECTION('',(4.5547611266673E-15,1.,0.));
#4058=DIRECTION('',(0.,0.,1.));
#4059=DIRECTION('center_axis',(0.,-1.,0.));
#4060=DIRECTION('ref_axis',(-1.,0.,0.));
#4061=DIRECTION('',(1.,0.,-2.1729135650156E-16));
#4062=DIRECTION('',(0.,0.,-1.));
#4063=DIRECTION('',(-1.,0.,0.));
#4064=DIRECTION('center_axis',(-1.,0.,0.));
#4065=DIRECTION('ref_axis',(0.,1.,0.));
#4066=DIRECTION('',(0.,-1.,0.));
#4067=DIRECTION('',(0.,0.,-1.));
#4068=DIRECTION('',(0.,1.,0.));
#4069=DIRECTION('',(0.,0.,1.));
#4070=DIRECTION('',(0.,1.,0.));
#4071=DIRECTION('center_axis',(0.,1.,0.));
#4072=DIRECTION('ref_axis',(1.,0.,0.));
#4073=DIRECTION('',(1.,0.,0.));
#4074=DIRECTION('',(-1.,0.,2.1729135650156E-16));
#4075=DIRECTION('center_axis',(-2.1729135650156E-16,0.,-1.));
#4076=DIRECTION('ref_axis',(-1.,0.,2.1729135650156E-16));
#4077=DIRECTION('',(1.,0.,-2.1729135650156E-16));
#4078=DIRECTION('center_axis',(0.,0.,-1.));
#4079=DIRECTION('ref_axis',(0.,-1.,0.));
#4080=DIRECTION('',(-1.,0.,0.));
#4081=DIRECTION('',(-1.,0.,0.));
#4082=DIRECTION('center_axis',(0.,1.,0.));
#4083=DIRECTION('ref_axis',(0.,0.,-1.));
#4084=DIRECTION('',(-1.,0.,0.));
#4085=DIRECTION('center_axis',(0.,0.,-1.));
#4086=DIRECTION('ref_axis',(0.,-1.,0.));
#4087=DIRECTION('center_axis',(0.,1.,0.));
#4088=DIRECTION('ref_axis',(1.,0.,0.));
#4089=DIRECTION('center_axis',(0.,-1.,0.));
#4090=DIRECTION('ref_axis',(-1.,0.,0.));
#4091=DIRECTION('center_axis',(0.,-1.,0.));
#4092=DIRECTION('ref_axis',(-1.,0.,0.));
#4093=DIRECTION('',(0.,-1.,0.));
#4094=DIRECTION('center_axis',(0.,1.,0.));
#4095=DIRECTION('ref_axis',(-1.,0.,0.));
#4096=DIRECTION('center_axis',(0.,-1.,0.));
#4097=DIRECTION('ref_axis',(-1.,0.,0.));
#4098=DIRECTION('center_axis',(0.,-1.,0.));
#4099=DIRECTION('ref_axis',(-1.,0.,0.));
#4100=DIRECTION('',(0.,-1.,0.));
#4101=DIRECTION('center_axis',(0.,1.,0.));
#4102=DIRECTION('ref_axis',(-1.,0.,0.));
#4103=DIRECTION('center_axis',(0.,-1.,0.));
#4104=DIRECTION('ref_axis',(-1.,0.,0.));
#4105=DIRECTION('center_axis',(0.,-1.,0.));
#4106=DIRECTION('ref_axis',(-1.,0.,0.));
#4107=DIRECTION('',(0.,-1.,0.));
#4108=DIRECTION('center_axis',(0.,1.,0.));
#4109=DIRECTION('ref_axis',(-1.,0.,0.));
#4110=DIRECTION('center_axis',(0.,1.,0.));
#4111=DIRECTION('ref_axis',(1.,0.,0.));
#4112=DIRECTION('center_axis',(0.,1.,0.));
#4113=DIRECTION('ref_axis',(1.,0.,0.));
#4114=DIRECTION('',(0.,1.,0.));
#4115=DIRECTION('center_axis',(0.,-1.,0.));
#4116=DIRECTION('ref_axis',(1.,0.,0.));
#4117=DIRECTION('center_axis',(0.,1.,0.));
#4118=DIRECTION('ref_axis',(1.,0.,0.));
#4119=DIRECTION('center_axis',(0.,1.,0.));
#4120=DIRECTION('ref_axis',(1.,0.,0.));
#4121=DIRECTION('',(0.,1.,0.));
#4122=DIRECTION('center_axis',(0.,-1.,0.));
#4123=DIRECTION('ref_axis',(1.,0.,0.));
#4124=DIRECTION('center_axis',(-1.,0.,0.));
#4125=DIRECTION('ref_axis',(0.,1.,0.));
#4126=DIRECTION('',(0.,-1.,0.));
#4127=DIRECTION('',(0.,0.,-1.));
#4128=DIRECTION('',(0.,1.,0.));
#4129=DIRECTION('',(0.,0.,1.));
#4130=DIRECTION('center_axis',(-1.,0.,0.));
#4131=DIRECTION('ref_axis',(0.,1.,0.));
#4132=DIRECTION('',(0.,-1.,0.));
#4133=DIRECTION('',(0.,0.,-1.));
#4134=DIRECTION('',(0.,1.,0.));
#4135=DIRECTION('',(0.,0.,-1.));
#4136=DIRECTION('center_axis',(0.,1.,0.));
#4137=DIRECTION('ref_axis',(1.,0.,0.));
#4138=DIRECTION('',(-1.,0.,0.));
#4139=DIRECTION('center_axis',(0.,1.,0.));
#4140=DIRECTION('ref_axis',(-0.707106781186544,0.,0.707106781186551));
#4141=DIRECTION('',(0.,0.,1.));
#4142=DIRECTION('',(1.,0.,0.));
#4143=DIRECTION('center_axis',(0.,1.,0.));
#4144=DIRECTION('ref_axis',(1.,0.,0.));
#4145=DIRECTION('center_axis',(0.,1.,0.));
#4146=DIRECTION('ref_axis',(1.,0.,0.));
#4147=DIRECTION('center_axis',(0.,0.,1.));
#4148=DIRECTION('ref_axis',(0.,1.,0.));
#4149=DIRECTION('',(0.,-1.,0.));
#4150=DIRECTION('',(-1.,0.,0.));
#4151=DIRECTION('center_axis',(0.,1.,0.));
#4152=DIRECTION('ref_axis',(0.,0.,-1.));
#4153=DIRECTION('',(0.,0.,1.));
#4154=DIRECTION('',(-1.,0.,0.));
#4155=DIRECTION('',(1.,0.,0.));
#4156=DIRECTION('center_axis',(0.,-1.,0.));
#4157=DIRECTION('ref_axis',(1.,0.,0.));
#4158=DIRECTION('center_axis',(0.,1.,0.));
#4159=DIRECTION('ref_axis',(1.,0.,0.));
#4160=DIRECTION('',(0.,-1.,0.));
#4161=DIRECTION('center_axis',(0.,-1.,0.));
#4162=DIRECTION('ref_axis',(1.,0.,0.));
#4163=DIRECTION('center_axis',(0.,1.,0.));
#4164=DIRECTION('ref_axis',(1.,0.,0.));
#4165=DIRECTION('',(0.,-1.,0.));
#4166=DIRECTION('center_axis',(0.,0.,1.));
#4167=DIRECTION('ref_axis',(1.,0.,0.));
#4168=DIRECTION('',(1.,0.,0.));
#4169=DIRECTION('',(0.,1.,0.));
#4170=DIRECTION('center_axis',(0.,1.,0.));
#4171=DIRECTION('ref_axis',(-0.707106781186544,0.,0.707106781186551));
#4172=DIRECTION('center_axis',(0.,-1.,0.));
#4173=DIRECTION('ref_axis',(-0.707106781186544,0.,0.707106781186551));
#4174=DIRECTION('',(0.,-1.,0.));
#4175=DIRECTION('center_axis',(-1.,0.,0.));
#4176=DIRECTION('ref_axis',(0.,0.,1.));
#4177=DIRECTION('',(0.,-1.,0.));
#4178=DIRECTION('',(0.,0.,1.));
#4179=DIRECTION('center_axis',(0.,1.,0.));
#4180=DIRECTION('ref_axis',(1.,0.,0.));
#4181=DIRECTION('',(-1.,0.,0.));
#4182=DIRECTION('center_axis',(0.,0.,1.));
#4183=DIRECTION('ref_axis',(0.,1.,0.));
#4184=DIRECTION('center_axis',(0.,-1.,0.));
#4185=DIRECTION('ref_axis',(-1.,0.,0.));
#4186=DIRECTION('center_axis',(0.,-1.,0.));
#4187=DIRECTION('ref_axis',(-1.,0.,0.));
#4188=DIRECTION('',(0.,-1.,0.));
#4189=DIRECTION('center_axis',(0.,1.,0.));
#4190=DIRECTION('ref_axis',(-1.,0.,0.));
#4191=DIRECTION('center_axis',(0.,-1.,0.));
#4192=DIRECTION('ref_axis',(-1.,0.,0.));
#4193=DIRECTION('center_axis',(0.,-1.,0.));
#4194=DIRECTION('ref_axis',(-1.,0.,0.));
#4195=DIRECTION('',(0.,-1.,0.));
#4196=DIRECTION('center_axis',(0.,1.,0.));
#4197=DIRECTION('ref_axis',(-1.,0.,0.));
#4198=DIRECTION('center_axis',(0.,-1.,0.));
#4199=DIRECTION('ref_axis',(-1.,0.,0.));
#4200=DIRECTION('center_axis',(0.,-1.,0.));
#4201=DIRECTION('ref_axis',(-1.,0.,0.));
#4202=DIRECTION('',(0.,-1.,0.));
#4203=DIRECTION('center_axis',(0.,1.,0.));
#4204=DIRECTION('ref_axis',(-1.,0.,0.));
#4205=DIRECTION('center_axis',(0.,-1.,0.));
#4206=DIRECTION('ref_axis',(-1.,0.,0.));
#4207=DIRECTION('center_axis',(0.,-1.,0.));
#4208=DIRECTION('ref_axis',(-1.,0.,0.));
#4209=DIRECTION('',(0.,-1.,0.));
#4210=DIRECTION('center_axis',(0.,1.,0.));
#4211=DIRECTION('ref_axis',(-1.,0.,0.));
#4212=DIRECTION('center_axis',(0.,-1.,0.));
#4213=DIRECTION('ref_axis',(-1.,0.,0.));
#4214=DIRECTION('center_axis',(0.,-1.,0.));
#4215=DIRECTION('ref_axis',(-1.,0.,0.));
#4216=DIRECTION('',(0.,-1.,0.));
#4217=DIRECTION('center_axis',(0.,1.,0.));
#4218=DIRECTION('ref_axis',(-1.,0.,0.));
#4219=DIRECTION('center_axis',(0.,-1.,0.));
#4220=DIRECTION('ref_axis',(-1.,0.,0.));
#4221=DIRECTION('center_axis',(0.,-1.,0.));
#4222=DIRECTION('ref_axis',(-1.,0.,0.));
#4223=DIRECTION('',(0.,-1.,0.));
#4224=DIRECTION('center_axis',(0.,1.,0.));
#4225=DIRECTION('ref_axis',(-1.,0.,0.));
#4226=DIRECTION('center_axis',(0.,1.,0.));
#4227=DIRECTION('ref_axis',(1.,0.,0.));
#4228=DIRECTION('center_axis',(0.,1.,0.));
#4229=DIRECTION('ref_axis',(1.,0.,0.));
#4230=DIRECTION('',(0.,1.,0.));
#4231=DIRECTION('center_axis',(0.,-1.,0.));
#4232=DIRECTION('ref_axis',(1.,0.,0.));
#4233=DIRECTION('center_axis',(0.,1.,0.));
#4234=DIRECTION('ref_axis',(1.,0.,0.));
#4235=DIRECTION('center_axis',(0.,1.,0.));
#4236=DIRECTION('ref_axis',(1.,0.,0.));
#4237=DIRECTION('',(0.,1.,0.));
#4238=DIRECTION('center_axis',(0.,-1.,0.));
#4239=DIRECTION('ref_axis',(1.,0.,0.));
#4240=DIRECTION('center_axis',(0.,1.,0.));
#4241=DIRECTION('ref_axis',(1.,0.,0.));
#4242=DIRECTION('center_axis',(0.,1.,0.));
#4243=DIRECTION('ref_axis',(1.,0.,0.));
#4244=DIRECTION('',(0.,1.,0.));
#4245=DIRECTION('center_axis',(0.,-1.,0.));
#4246=DIRECTION('ref_axis',(1.,0.,0.));
#4247=DIRECTION('center_axis',(0.,1.,0.));
#4248=DIRECTION('ref_axis',(1.,0.,0.));
#4249=DIRECTION('center_axis',(0.,1.,0.));
#4250=DIRECTION('ref_axis',(1.,0.,0.));
#4251=DIRECTION('',(0.,1.,0.));
#4252=DIRECTION('center_axis',(0.,-1.,0.));
#4253=DIRECTION('ref_axis',(1.,0.,0.));
#4254=DIRECTION('center_axis',(0.,1.,0.));
#4255=DIRECTION('ref_axis',(1.,0.,0.));
#4256=DIRECTION('center_axis',(0.,1.,0.));
#4257=DIRECTION('ref_axis',(1.,0.,0.));
#4258=DIRECTION('',(0.,1.,0.));
#4259=DIRECTION('center_axis',(0.,-1.,0.));
#4260=DIRECTION('ref_axis',(1.,0.,0.));
#4261=DIRECTION('center_axis',(0.,1.,0.));
#4262=DIRECTION('ref_axis',(1.,0.,0.));
#4263=DIRECTION('center_axis',(0.,1.,0.));
#4264=DIRECTION('ref_axis',(1.,0.,0.));
#4265=DIRECTION('',(0.,1.,0.));
#4266=DIRECTION('center_axis',(0.,-1.,0.));
#4267=DIRECTION('ref_axis',(1.,0.,0.));
#4268=DIRECTION('center_axis',(1.,9.1095222533346E-15,0.));
#4269=DIRECTION('ref_axis',(9.1095222533346E-15,-1.,0.));
#4270=DIRECTION('',(-9.1095222533346E-15,1.,-4.5547611266673E-15));
#4271=DIRECTION('',(0.,0.,-1.));
#4272=DIRECTION('',(9.1095222533346E-15,-1.,-4.5547611266673E-15));
#4273=DIRECTION('',(0.,0.,1.));
#4274=DIRECTION('center_axis',(1.,0.,0.));
#4275=DIRECTION('ref_axis',(0.,-1.,0.));
#4276=DIRECTION('',(0.,1.,0.));
#4277=DIRECTION('',(0.,0.,-1.));
#4278=DIRECTION('',(0.,-1.,0.));
#4279=DIRECTION('',(0.,0.,1.));
#4280=DIRECTION('center_axis',(-1.,0.,0.));
#4281=DIRECTION('ref_axis',(0.,1.,0.));
#4282=DIRECTION('',(0.,1.,0.));
#4283=DIRECTION('',(0.,0.,-1.));
#4284=DIRECTION('',(0.,-1.,0.));
#4285=DIRECTION('',(0.,0.,-1.));
#4286=DIRECTION('center_axis',(-1.,4.5547611266673E-15,0.));
#4287=DIRECTION('ref_axis',(4.5547611266673E-15,1.,0.));
#4288=DIRECTION('',(4.5547611266673E-15,1.,4.5547611266673E-15));
#4289=DIRECTION('',(0.,0.,1.));
#4290=DIRECTION('',(-4.5547611266673E-15,-1.,4.5547611266673E-15));
#4291=DIRECTION('',(0.,0.,-1.));
#4292=DIRECTION('center_axis',(0.,1.,0.));
#4293=DIRECTION('ref_axis',(1.,0.,0.));
#4294=DIRECTION('',(1.,0.,0.));
#4295=DIRECTION('',(-1.,0.,0.));
#4296=DIRECTION('center_axis',(0.,0.,-1.));
#4297=DIRECTION('ref_axis',(0.,-1.,0.));
#4298=DIRECTION('',(-1.,0.,0.));
#4299=DIRECTION('center_axis',(0.,-1.,0.));
#4300=DIRECTION('ref_axis',(0.,0.,1.));
#4301=DIRECTION('',(-1.,0.,0.));
#4302=DIRECTION('',(-1.,0.,0.));
#4303=DIRECTION('',(-1.,0.,0.));
#4304=DIRECTION('center_axis',(0.,4.5547611266673E-15,-1.));
#4305=DIRECTION('ref_axis',(0.,-1.,-4.5547611266673E-15));
#4306=DIRECTION('',(-1.,0.,0.));
#4307=DIRECTION('center_axis',(0.,4.5547611266673E-15,1.));
#4308=DIRECTION('ref_axis',(0.,1.,-4.5547611266673E-15));
#4309=DIRECTION('',(1.,0.,0.));
#4310=DIRECTION('center_axis',(0.,0.,1.));
#4311=DIRECTION('ref_axis',(0.,1.,0.));
#4312=DIRECTION('center_axis',(0.,1.,0.));
#4313=DIRECTION('ref_axis',(1.,0.,0.));
#4314=DIRECTION('center_axis',(0.,-1.,0.));
#4315=DIRECTION('ref_axis',(-1.,0.,0.));
#4316=DIRECTION('center_axis',(0.,-1.,0.));
#4317=DIRECTION('ref_axis',(-1.,0.,0.));
#4318=DIRECTION('',(0.,-1.,0.));
#4319=DIRECTION('center_axis',(0.,1.,0.));
#4320=DIRECTION('ref_axis',(-1.,0.,0.));
#4321=DIRECTION('center_axis',(0.,-1.,0.));
#4322=DIRECTION('ref_axis',(-1.,0.,0.));
#4323=DIRECTION('center_axis',(0.,-1.,0.));
#4324=DIRECTION('ref_axis',(-1.,0.,0.));
#4325=DIRECTION('',(0.,-1.,0.));
#4326=DIRECTION('center_axis',(0.,1.,0.));
#4327=DIRECTION('ref_axis',(-1.,0.,0.));
#4328=DIRECTION('center_axis',(0.,-1.,0.));
#4329=DIRECTION('ref_axis',(-1.,0.,0.));
#4330=DIRECTION('center_axis',(0.,-1.,0.));
#4331=DIRECTION('ref_axis',(-1.,0.,0.));
#4332=DIRECTION('',(0.,-1.,0.));
#4333=DIRECTION('center_axis',(0.,1.,0.));
#4334=DIRECTION('ref_axis',(-1.,0.,0.));
#4335=DIRECTION('center_axis',(0.,-1.,0.));
#4336=DIRECTION('ref_axis',(-1.,0.,0.));
#4337=DIRECTION('center_axis',(0.,-1.,0.));
#4338=DIRECTION('ref_axis',(-1.,0.,0.));
#4339=DIRECTION('',(0.,-1.,0.));
#4340=DIRECTION('center_axis',(0.,1.,0.));
#4341=DIRECTION('ref_axis',(-1.,0.,0.));
#4342=DIRECTION('center_axis',(0.,1.,0.));
#4343=DIRECTION('ref_axis',(1.,0.,0.));
#4344=DIRECTION('center_axis',(0.,1.,0.));
#4345=DIRECTION('ref_axis',(1.,0.,0.));
#4346=DIRECTION('',(0.,1.,0.));
#4347=DIRECTION('center_axis',(0.,-1.,0.));
#4348=DIRECTION('ref_axis',(1.,0.,0.));
#4349=DIRECTION('center_axis',(0.,1.,0.));
#4350=DIRECTION('ref_axis',(1.,0.,0.));
#4351=DIRECTION('center_axis',(0.,1.,0.));
#4352=DIRECTION('ref_axis',(1.,0.,0.));
#4353=DIRECTION('',(0.,1.,0.));
#4354=DIRECTION('center_axis',(0.,-1.,0.));
#4355=DIRECTION('ref_axis',(1.,0.,0.));
#4356=DIRECTION('center_axis',(0.,1.,0.));
#4357=DIRECTION('ref_axis',(1.,0.,0.));
#4358=DIRECTION('center_axis',(0.,1.,0.));
#4359=DIRECTION('ref_axis',(1.,0.,0.));
#4360=DIRECTION('',(0.,1.,0.));
#4361=DIRECTION('center_axis',(0.,-1.,0.));
#4362=DIRECTION('ref_axis',(1.,0.,0.));
#4363=DIRECTION('center_axis',(1.,0.,0.));
#4364=DIRECTION('ref_axis',(0.,0.,-1.));
#4365=DIRECTION('',(0.,1.,0.));
#4366=DIRECTION('',(0.,0.,-1.));
#4367=DIRECTION('',(0.,-1.,0.));
#4368=DIRECTION('',(0.,0.,1.));
#4369=DIRECTION('',(0.,-1.,-4.5547611266673E-15));
#4370=DIRECTION('',(0.,0.,1.));
#4371=DIRECTION('',(0.,1.,-4.5547611266673E-15));
#4372=DIRECTION('',(0.,0.,1.));
#4373=DIRECTION('center_axis',(0.,-1.,0.));
#4374=DIRECTION('ref_axis',(0.,0.,1.));
#4375=DIRECTION('',(0.,0.,1.));
#4376=DIRECTION('',(-1.,0.,0.));
#4377=DIRECTION('',(-1.,0.,0.));
#4378=DIRECTION('center_axis',(0.,4.5547611266673E-15,1.));
#4379=DIRECTION('ref_axis',(0.,1.,-4.5547611266673E-15));
#4380=DIRECTION('',(0.,1.,-4.5547611266673E-15));
#4381=DIRECTION('',(1.,0.,0.));
#4382=DIRECTION('center_axis',(0.,1.,0.));
#4383=DIRECTION('ref_axis',(1.,0.,0.));
#4384=DIRECTION('',(0.,0.,-1.));
#4385=DIRECTION('',(-1.,0.,0.));
#4386=DIRECTION('center_axis',(0.,4.5547611266673E-15,-1.));
#4387=DIRECTION('ref_axis',(0.,-1.,-4.5547611266673E-15));
#4388=DIRECTION('',(0.,-1.,-4.5547611266673E-15));
#4389=DIRECTION('',(-1.,0.,0.));
#4390=DIRECTION('center_axis',(0.,0.,1.));
#4391=DIRECTION('ref_axis',(0.,1.,0.));
#4392=DIRECTION('',(0.,1.,0.));
#4393=DIRECTION('',(-1.,0.,0.));
#4394=DIRECTION('',(0.,1.,0.));
#4395=DIRECTION('',(-1.,0.,0.));
#4396=DIRECTION('center_axis',(0.,-1.,0.));
#4397=DIRECTION('ref_axis',(0.,0.,1.));
#4398=DIRECTION('',(0.,0.,1.));
#4399=DIRECTION('',(-1.,0.,0.));
#4400=DIRECTION('center_axis',(0.,0.,-1.));
#4401=DIRECTION('ref_axis',(0.,-1.,0.));
#4402=DIRECTION('',(0.,-1.,0.));
#4403=DIRECTION('',(1.,0.,0.));
#4404=DIRECTION('',(0.,-1.,0.));
#4405=DIRECTION('',(1.,0.,0.));
#4406=DIRECTION('center_axis',(0.,1.,0.));
#4407=DIRECTION('ref_axis',(1.,0.,0.));
#4408=DIRECTION('',(0.,0.,1.));
#4409=DIRECTION('center_axis',(1.,0.,0.));
#4410=DIRECTION('ref_axis',(0.,-1.,0.));
#4411=DIRECTION('',(0.,0.,-1.));
#4412=DIRECTION('center_axis',(1.,0.,0.));
#4413=DIRECTION('ref_axis',(0.,-1.,0.));
#4414=DIRECTION('',(0.,0.,-1.));
#4415=DIRECTION('center_axis',(0.,1.,0.));
#4416=DIRECTION('ref_axis',(1.,0.,0.));
#4417=DIRECTION('center_axis',(0.,-1.,0.));
#4418=DIRECTION('ref_axis',(-1.,0.,0.));
#4419=DIRECTION('center_axis',(0.,-1.,0.));
#4420=DIRECTION('ref_axis',(-1.,0.,0.));
#4421=DIRECTION('',(0.,-1.,0.));
#4422=DIRECTION('center_axis',(0.,1.,0.));
#4423=DIRECTION('ref_axis',(-1.,0.,0.));
#4424=DIRECTION('center_axis',(0.,-1.,0.));
#4425=DIRECTION('ref_axis',(-1.,0.,0.));
#4426=DIRECTION('center_axis',(0.,-1.,0.));
#4427=DIRECTION('ref_axis',(-1.,0.,0.));
#4428=DIRECTION('',(0.,-1.,0.));
#4429=DIRECTION('center_axis',(0.,1.,0.));
#4430=DIRECTION('ref_axis',(-1.,0.,0.));
#4431=DIRECTION('center_axis',(0.,-1.,0.));
#4432=DIRECTION('ref_axis',(-1.,0.,0.));
#4433=DIRECTION('center_axis',(0.,-1.,0.));
#4434=DIRECTION('ref_axis',(-1.,0.,0.));
#4435=DIRECTION('',(0.,-1.,0.));
#4436=DIRECTION('center_axis',(0.,1.,0.));
#4437=DIRECTION('ref_axis',(-1.,0.,0.));
#4438=DIRECTION('center_axis',(0.,1.,0.));
#4439=DIRECTION('ref_axis',(1.,0.,0.));
#4440=DIRECTION('center_axis',(0.,1.,0.));
#4441=DIRECTION('ref_axis',(1.,0.,0.));
#4442=DIRECTION('',(0.,1.,0.));
#4443=DIRECTION('center_axis',(0.,-1.,0.));
#4444=DIRECTION('ref_axis',(1.,0.,0.));
#4445=DIRECTION('center_axis',(0.,1.,0.));
#4446=DIRECTION('ref_axis',(1.,0.,0.));
#4447=DIRECTION('center_axis',(0.,1.,0.));
#4448=DIRECTION('ref_axis',(1.,0.,0.));
#4449=DIRECTION('',(0.,1.,0.));
#4450=DIRECTION('center_axis',(0.,-1.,0.));
#4451=DIRECTION('ref_axis',(1.,0.,0.));
#4452=DIRECTION('center_axis',(-1.,0.,0.));
#4453=DIRECTION('ref_axis',(0.,1.,0.));
#4454=DIRECTION('',(0.,-1.,0.));
#4455=DIRECTION('',(0.,0.,-1.));
#4456=DIRECTION('',(0.,1.,0.));
#4457=DIRECTION('',(0.,0.,1.));
#4458=DIRECTION('center_axis',(-1.,0.,0.));
#4459=DIRECTION('ref_axis',(0.,1.,0.));
#4460=DIRECTION('',(0.,-1.,0.));
#4461=DIRECTION('',(0.,0.,-1.));
#4462=DIRECTION('',(0.,1.,0.));
#4463=DIRECTION('',(0.,0.,1.));
#4464=DIRECTION('center_axis',(0.,1.,0.));
#4465=DIRECTION('ref_axis',(1.,0.,0.));
#4466=DIRECTION('',(-1.,0.,2.1729135650156E-16));
#4467=DIRECTION('center_axis',(0.,-1.,0.));
#4468=DIRECTION('ref_axis',(-0.707106781186551,0.,-0.707106781186544));
#4469=DIRECTION('',(0.,0.,1.));
#4470=DIRECTION('',(1.,0.,0.));
#4471=DIRECTION('center_axis',(0.,-1.,0.));
#4472=DIRECTION('ref_axis',(1.,0.,0.));
#4473=DIRECTION('center_axis',(-2.1729135650156E-16,0.,-1.));
#4474=DIRECTION('ref_axis',(-1.,0.,2.1729135650156E-16));
#4475=DIRECTION('',(1.,0.,-2.1729135650156E-16));
#4476=DIRECTION('',(0.,-1.,0.));
#4477=DIRECTION('',(-1.,0.,2.1729135650156E-16));
#4478=DIRECTION('center_axis',(0.,1.,0.));
#4479=DIRECTION('ref_axis',(1.,0.,0.));
#4480=DIRECTION('',(-1.,0.,0.));
#4481=DIRECTION('',(0.,0.,1.));
#4482=DIRECTION('center_axis',(0.,1.,0.));
#4483=DIRECTION('ref_axis',(-0.707106781186551,0.,-0.707106781186544));
#4484=DIRECTION('center_axis',(0.,-1.,0.));
#4485=DIRECTION('ref_axis',(1.,0.,0.));
#4486=DIRECTION('center_axis',(0.,0.,-1.));
#4487=DIRECTION('ref_axis',(0.,-1.,0.));
#4488=DIRECTION('',(0.,1.,0.));
#4489=DIRECTION('',(-1.,0.,0.));
#4490=DIRECTION('center_axis',(0.,0.,-1.));
#4491=DIRECTION('ref_axis',(0.,-1.,0.));
#4492=DIRECTION('',(-1.,0.,0.));
#4493=DIRECTION('',(0.,1.,0.));
#4494=DIRECTION('center_axis',(0.,1.,0.));
#4495=DIRECTION('ref_axis',(0.,0.,-1.));
#4496=DIRECTION('',(0.,0.,1.));
#4497=DIRECTION('center_axis',(-1.,0.,0.));
#4498=DIRECTION('ref_axis',(0.,0.,1.));
#4499=DIRECTION('',(0.,1.,0.));
#4500=DIRECTION('center_axis',(0.,1.,0.));
#4501=DIRECTION('ref_axis',(-0.707106781186551,0.,-0.707106781186544));
#4502=DIRECTION('center_axis',(0.,1.,0.));
#4503=DIRECTION('ref_axis',(1.,0.,0.));
#4504=DIRECTION('',(0.,-1.,0.));
#4505=DIRECTION('center_axis',(0.,-1.,0.));
#4506=DIRECTION('ref_axis',(-1.,0.,0.));
#4507=DIRECTION('center_axis',(0.,-1.,0.));
#4508=DIRECTION('ref_axis',(-1.,0.,0.));
#4509=DIRECTION('',(0.,-1.,0.));
#4510=DIRECTION('center_axis',(0.,1.,0.));
#4511=DIRECTION('ref_axis',(-1.,0.,0.));
#4512=DIRECTION('center_axis',(0.,-1.,0.));
#4513=DIRECTION('ref_axis',(-1.,0.,0.));
#4514=DIRECTION('center_axis',(0.,-1.,0.));
#4515=DIRECTION('ref_axis',(-1.,0.,0.));
#4516=DIRECTION('',(0.,-1.,0.));
#4517=DIRECTION('center_axis',(0.,1.,0.));
#4518=DIRECTION('ref_axis',(-1.,0.,0.));
#4519=DIRECTION('center_axis',(0.,-1.,0.));
#4520=DIRECTION('ref_axis',(-1.,0.,0.));
#4521=DIRECTION('center_axis',(0.,-1.,0.));
#4522=DIRECTION('ref_axis',(-1.,0.,0.));
#4523=DIRECTION('',(0.,-1.,0.));
#4524=DIRECTION('center_axis',(0.,1.,0.));
#4525=DIRECTION('ref_axis',(-1.,0.,0.));
#4526=DIRECTION('center_axis',(0.,1.,0.));
#4527=DIRECTION('ref_axis',(1.,0.,0.));
#4528=DIRECTION('center_axis',(0.,1.,0.));
#4529=DIRECTION('ref_axis',(1.,0.,0.));
#4530=DIRECTION('',(0.,1.,0.));
#4531=DIRECTION('center_axis',(0.,-1.,0.));
#4532=DIRECTION('ref_axis',(1.,0.,0.));
#4533=DIRECTION('center_axis',(0.,1.,0.));
#4534=DIRECTION('ref_axis',(1.,0.,0.));
#4535=DIRECTION('center_axis',(0.,1.,0.));
#4536=DIRECTION('ref_axis',(1.,0.,0.));
#4537=DIRECTION('',(0.,1.,0.));
#4538=DIRECTION('center_axis',(0.,-1.,0.));
#4539=DIRECTION('ref_axis',(1.,0.,0.));
#4540=DIRECTION('center_axis',(0.,-1.,0.));
#4541=DIRECTION('ref_axis',(-1.,0.,0.));
#4542=DIRECTION('center_axis',(0.,1.,0.));
#4543=DIRECTION('ref_axis',(-1.,0.,0.));
#4544=DIRECTION('',(0.,-1.,0.));
#4545=DIRECTION('center_axis',(0.,1.,0.));
#4546=DIRECTION('ref_axis',(-1.,0.,0.));
#4547=DIRECTION('center_axis',(0.,1.,0.));
#4548=DIRECTION('ref_axis',(0.707106781186544,0.,-0.707106781186551));
#4549=DIRECTION('center_axis',(0.,-1.,0.));
#4550=DIRECTION('ref_axis',(0.707106781186544,0.,-0.707106781186551));
#4551=DIRECTION('',(0.,-1.,0.));
#4552=DIRECTION('center_axis',(0.,1.,0.));
#4553=DIRECTION('ref_axis',(0.707106781186544,0.,-0.707106781186551));
#4554=DIRECTION('',(0.,1.,0.));
#4555=DIRECTION('center_axis',(1.,0.,0.));
#4556=DIRECTION('ref_axis',(0.,0.,-1.));
#4557=DIRECTION('',(0.,-1.,0.));
#4558=DIRECTION('',(0.,0.,-1.));
#4559=DIRECTION('',(0.,-1.,0.));
#4560=DIRECTION('',(0.,0.,1.));
#4561=DIRECTION('',(0.,0.,-1.));
#4562=DIRECTION('center_axis',(0.,1.,0.));
#4563=DIRECTION('ref_axis',(0.,0.,-1.));
#4564=DIRECTION('',(-1.,0.,0.));
#4565=DIRECTION('',(-1.,0.,0.));
#4566=DIRECTION('',(0.,0.,-1.));
#4567=DIRECTION('',(-1.,0.,2.1729135650156E-16));
#4568=DIRECTION('',(0.,0.,-1.));
#4569=DIRECTION('center_axis',(0.,0.,-1.));
#4570=DIRECTION('ref_axis',(0.,-1.,0.));
#4571=DIRECTION('',(0.,-1.,0.));
#4572=DIRECTION('',(-1.,0.,0.));
#4573=DIRECTION('center_axis',(0.,0.,-1.));
#4574=DIRECTION('ref_axis',(0.,-1.,0.));
#4575=DIRECTION('',(0.,-1.,0.));
#4576=DIRECTION('',(1.,0.,0.));
#4577=DIRECTION('center_axis',(0.,1.,0.));
#4578=DIRECTION('ref_axis',(1.,0.,0.));
#4579=DIRECTION('',(0.,0.,-1.));
#4580=DIRECTION('',(1.,0.,-2.1729135650156E-16));
#4581=DIRECTION('center_axis',(-2.1729135650156E-16,0.,-1.));
#4582=DIRECTION('ref_axis',(-1.,0.,2.1729135650156E-16));
#4583=DIRECTION('',(0.,1.,0.));
#4584=DIRECTION('',(-1.,0.,2.1729135650156E-16));
#4585=DIRECTION('',(0.,1.,0.));
#4586=DIRECTION('center_axis',(0.,1.,0.));
#4587=DIRECTION('ref_axis',(1.,0.,0.));
#4588=DIRECTION('',(0.,0.,1.));
#4589=DIRECTION('center_axis',(1.,0.,0.));
#4590=DIRECTION('ref_axis',(0.,-1.,0.));
#4591=DIRECTION('center_axis',(1.,0.,0.));
#4592=DIRECTION('ref_axis',(0.,-1.,0.));
#4593=DIRECTION('center_axis',(0.,-1.,0.));
#4594=DIRECTION('ref_axis',(-1.,0.,0.));
#4595=DIRECTION('center_axis',(0.,-1.,0.));
#4596=DIRECTION('ref_axis',(-1.,0.,0.));
#4597=DIRECTION('',(0.,-1.,0.));
#4598=DIRECTION('center_axis',(0.,1.,0.));
#4599=DIRECTION('ref_axis',(-1.,0.,0.));
#4600=DIRECTION('center_axis',(0.,-1.,0.));
#4601=DIRECTION('ref_axis',(-1.,0.,0.));
#4602=DIRECTION('center_axis',(0.,-1.,0.));
#4603=DIRECTION('ref_axis',(-1.,0.,0.));
#4604=DIRECTION('',(0.,-1.,0.));
#4605=DIRECTION('center_axis',(0.,1.,0.));
#4606=DIRECTION('ref_axis',(-1.,0.,0.));
#4607=DIRECTION('center_axis',(0.,-1.,0.));
#4608=DIRECTION('ref_axis',(-1.,0.,0.));
#4609=DIRECTION('center_axis',(0.,-1.,0.));
#4610=DIRECTION('ref_axis',(-1.,0.,0.));
#4611=DIRECTION('',(0.,-1.,0.));
#4612=DIRECTION('center_axis',(0.,1.,0.));
#4613=DIRECTION('ref_axis',(-1.,0.,0.));
#4614=DIRECTION('center_axis',(0.,1.,0.));
#4615=DIRECTION('ref_axis',(1.,0.,0.));
#4616=DIRECTION('center_axis',(0.,1.,0.));
#4617=DIRECTION('ref_axis',(1.,0.,0.));
#4618=DIRECTION('',(0.,1.,0.));
#4619=DIRECTION('center_axis',(0.,-1.,0.));
#4620=DIRECTION('ref_axis',(1.,0.,0.));
#4621=DIRECTION('center_axis',(0.,1.,0.));
#4622=DIRECTION('ref_axis',(1.,0.,0.));
#4623=DIRECTION('center_axis',(0.,1.,0.));
#4624=DIRECTION('ref_axis',(1.,0.,0.));
#4625=DIRECTION('',(0.,1.,0.));
#4626=DIRECTION('center_axis',(0.,-1.,0.));
#4627=DIRECTION('ref_axis',(1.,0.,0.));
#4628=DIRECTION('center_axis',(1.,0.,0.));
#4629=DIRECTION('ref_axis',(0.,-1.,0.));
#4630=DIRECTION('',(0.,1.,0.));
#4631=DIRECTION('',(0.,0.,-1.));
#4632=DIRECTION('',(0.,-1.,0.));
#4633=DIRECTION('',(0.,0.,1.));
#4634=DIRECTION('center_axis',(1.,0.,0.));
#4635=DIRECTION('ref_axis',(0.,-1.,0.));
#4636=DIRECTION('',(0.,1.,0.));
#4637=DIRECTION('',(0.,0.,-1.));
#4638=DIRECTION('',(0.,-1.,0.));
#4639=DIRECTION('',(0.,0.,-1.));
#4640=DIRECTION('center_axis',(0.,1.,0.));
#4641=DIRECTION('ref_axis',(1.,0.,0.));
#4642=DIRECTION('',(1.,0.,0.));
#4643=DIRECTION('',(0.,0.,1.));
#4644=DIRECTION('center_axis',(0.,1.,0.));
#4645=DIRECTION('ref_axis',(0.707106781186548,0.,0.707106781186548));
#4646=DIRECTION('',(-1.,0.,0.));
#4647=DIRECTION('center_axis',(0.,-1.,0.));
#4648=DIRECTION('ref_axis',(-1.,0.,0.));
#4649=DIRECTION('center_axis',(0.,-1.,0.));
#4650=DIRECTION('ref_axis',(-1.,0.,0.));
#4651=DIRECTION('center_axis',(0.,0.,1.));
#4652=DIRECTION('ref_axis',(1.,0.,0.));
#4653=DIRECTION('',(0.,-1.,0.));
#4654=DIRECTION('',(1.,0.,0.));
#4655=DIRECTION('',(1.,0.,0.));
#4656=DIRECTION('center_axis',(0.,1.,0.));
#4657=DIRECTION('ref_axis',(1.,0.,0.));
#4658=DIRECTION('center_axis',(0.,-1.,0.));
#4659=DIRECTION('ref_axis',(0.707106781186548,0.,0.707106781186548));
#4660=DIRECTION('',(0.,0.,-1.));
#4661=DIRECTION('',(-1.,0.,0.));
#4662=DIRECTION('center_axis',(0.,-1.,0.));
#4663=DIRECTION('ref_axis',(-1.,0.,0.));
#4664=DIRECTION('center_axis',(0.,-1.,0.));
#4665=DIRECTION('ref_axis',(-1.,0.,0.));
#4666=DIRECTION('center_axis',(0.,0.,1.));
#4667=DIRECTION('ref_axis',(0.,1.,0.));
#4668=DIRECTION('',(-1.,0.,0.));
#4669=DIRECTION('',(0.,1.,0.));
#4670=DIRECTION('center_axis',(0.,0.,1.));
#4671=DIRECTION('ref_axis',(0.,1.,0.));
#4672=DIRECTION('',(0.,1.,0.));
#4673=DIRECTION('',(-1.,0.,0.));
#4674=DIRECTION('center_axis',(0.,1.,0.));
#4675=DIRECTION('ref_axis',(0.,0.,-1.));
#4676=DIRECTION('',(0.,0.,-1.));
#4677=DIRECTION('center_axis',(0.,1.,0.));
#4678=DIRECTION('ref_axis',(-1.,0.,0.));
#4679=DIRECTION('',(0.,-1.,0.));
#4680=DIRECTION('center_axis',(0.,1.,0.));
#4681=DIRECTION('ref_axis',(-1.,0.,0.));
#4682=DIRECTION('',(0.,-1.,0.));
#4683=DIRECTION('center_axis',(0.,1.,0.));
#4684=DIRECTION('ref_axis',(0.707106781186548,0.,0.707106781186548));
#4685=DIRECTION('',(0.,1.,0.));
#4686=DIRECTION('center_axis',(1.,0.,0.));
#4687=DIRECTION('ref_axis',(0.,0.,-1.));
#4688=DIRECTION('center_axis',(0.,-1.,0.));
#4689=DIRECTION('ref_axis',(-1.,0.,0.));
#4690=DIRECTION('center_axis',(0.,-1.,0.));
#4691=DIRECTION('ref_axis',(-1.,0.,0.));
#4692=DIRECTION('',(0.,-1.,0.));
#4693=DIRECTION('center_axis',(0.,1.,0.));
#4694=DIRECTION('ref_axis',(-1.,0.,0.));
#4695=DIRECTION('center_axis',(0.,-1.,0.));
#4696=DIRECTION('ref_axis',(-1.,0.,0.));
#4697=DIRECTION('center_axis',(0.,-1.,0.));
#4698=DIRECTION('ref_axis',(-1.,0.,0.));
#4699=DIRECTION('',(0.,-1.,0.));
#4700=DIRECTION('center_axis',(0.,1.,0.));
#4701=DIRECTION('ref_axis',(-1.,0.,0.));
#4702=DIRECTION('center_axis',(0.,1.,0.));
#4703=DIRECTION('ref_axis',(1.,0.,0.));
#4704=DIRECTION('center_axis',(0.,1.,0.));
#4705=DIRECTION('ref_axis',(1.,0.,0.));
#4706=DIRECTION('',(0.,1.,0.));
#4707=DIRECTION('center_axis',(0.,-1.,0.));
#4708=DIRECTION('ref_axis',(1.,0.,0.));
#4709=DIRECTION('center_axis',(0.,1.,0.));
#4710=DIRECTION('ref_axis',(1.,0.,0.));
#4711=DIRECTION('center_axis',(0.,1.,0.));
#4712=DIRECTION('ref_axis',(1.,0.,0.));
#4713=DIRECTION('',(0.,1.,0.));
#4714=DIRECTION('center_axis',(0.,-1.,0.));
#4715=DIRECTION('ref_axis',(1.,0.,0.));
#4716=DIRECTION('center_axis',(0.,1.,0.));
#4717=DIRECTION('ref_axis',(1.,0.,0.));
#4718=DIRECTION('center_axis',(0.,1.,0.));
#4719=DIRECTION('ref_axis',(1.,0.,0.));
#4720=DIRECTION('',(0.,1.,0.));
#4721=DIRECTION('center_axis',(0.,-1.,0.));
#4722=DIRECTION('ref_axis',(1.,0.,0.));
#4723=DIRECTION('center_axis',(0.,1.,0.));
#4724=DIRECTION('ref_axis',(1.,0.,0.));
#4725=DIRECTION('center_axis',(0.,1.,0.));
#4726=DIRECTION('ref_axis',(1.,0.,0.));
#4727=DIRECTION('',(0.,1.,0.));
#4728=DIRECTION('center_axis',(0.,-1.,0.));
#4729=DIRECTION('ref_axis',(1.,0.,0.));
#4730=DIRECTION('center_axis',(0.,0.,1.));
#4731=DIRECTION('ref_axis',(0.,1.,0.));
#4732=DIRECTION('',(0.,1.,0.));
#4733=DIRECTION('',(-1.,0.,0.));
#4734=DIRECTION('',(0.,-1.,0.));
#4735=DIRECTION('',(1.,0.,0.));
#4736=DIRECTION('',(-4.5547611266673E-15,-1.,0.));
#4737=DIRECTION('',(1.,0.,0.));
#4738=DIRECTION('',(-9.1095222533346E-15,1.,0.));
#4739=DIRECTION('',(1.,0.,0.));
#4740=DIRECTION('center_axis',(0.,1.,0.));
#4741=DIRECTION('ref_axis',(0.,0.,-1.));
#4742=DIRECTION('',(0.,0.,-1.));
#4743=DIRECTION('',(-1.,0.,0.));
#4744=DIRECTION('',(0.,0.,1.));
#4745=DIRECTION('center_axis',(0.,0.,1.));
#4746=DIRECTION('ref_axis',(0.,1.,0.));
#4747=DIRECTION('',(0.,1.,0.));
#4748=DIRECTION('',(-1.,0.,0.));
#4749=DIRECTION('',(0.,-1.,0.));
#4750=DIRECTION('center_axis',(0.,1.,0.));
#4751=DIRECTION('ref_axis',(1.,0.,0.));
#4752=DIRECTION('',(0.,0.,1.));
#4753=DIRECTION('',(1.,0.,0.));
#4754=DIRECTION('',(0.,0.,-1.));
#4755=DIRECTION('center_axis',(0.,0.,1.));
#4756=DIRECTION('ref_axis',(1.,0.,0.));
#4757=DIRECTION('',(0.,-1.,0.));
#4758=DIRECTION('',(-1.,0.,0.));
#4759=DIRECTION('',(9.1095222533346E-15,-1.,0.));
#4760=DIRECTION('',(-1.,0.,0.));
#4761=DIRECTION('',(4.5547611266673E-15,1.,0.));
#4762=DIRECTION('',(-1.,0.,0.));
#4763=DIRECTION('',(0.,1.,0.));
#4764=DIRECTION('center_axis',(0.,1.,0.));
#4765=DIRECTION('ref_axis',(1.,0.,0.));
#4766=DIRECTION('',(0.,0.,-1.));
#4767=DIRECTION('',(0.,0.,1.));
#4768=DIRECTION('center_axis',(-1.,4.5547611266673E-15,0.));
#4769=DIRECTION('ref_axis',(4.5547611266673E-15,1.,0.));
#4770=DIRECTION('',(0.,0.,-1.));
#4771=DIRECTION('center_axis',(0.,-1.,0.));
#4772=DIRECTION('ref_axis',(-1.,0.,0.));
#4773=DIRECTION('',(0.,0.,-1.));
#4774=DIRECTION('center_axis',(-1.,0.,0.));
#4775=DIRECTION('ref_axis',(0.,1.,0.));
#4776=DIRECTION('center_axis',(0.,-1.,0.));
#4777=DIRECTION('ref_axis',(-1.,0.,0.));
#4778=DIRECTION('',(0.,0.,-1.));
#4779=DIRECTION('',(0.,0.,-1.));
#4780=DIRECTION('center_axis',(1.,9.1095222533346E-15,0.));
#4781=DIRECTION('ref_axis',(9.1095222533346E-15,-1.,0.));
#4782=DIRECTION('center_axis',(1.,0.,0.));
#4783=DIRECTION('ref_axis',(0.,-1.,0.));
#4784=DIRECTION('',(0.,1.,-1.22464679914735E-16));
#4785=DIRECTION('',(1.,0.,0.));
#4786=DIRECTION('',(0.,1.,-1.22464679914735E-16));
#4787=DIRECTION('',(1.,0.,0.));
#4788=DIRECTION('',(0.,1.,-1.22464679914735E-16));
#4789=DIRECTION('',(1.,0.,0.));
#4790=DIRECTION('',(0.,1.,-1.22464679914735E-16));
#4791=DIRECTION('',(1.,0.,0.));
#4792=DIRECTION('',(0.,1.,-1.22464679914735E-16));
#4793=DIRECTION('',(1.,0.,0.));
#4794=DIRECTION('',(0.,1.,-1.22464679914735E-16));
#4795=DIRECTION('',(1.,0.,0.));
#4796=DIRECTION('',(0.,1.,-1.22464679914735E-16));
#4797=DIRECTION('',(1.,0.,0.));
#4798=DIRECTION('',(0.,1.,-1.22464679914735E-16));
#4799=DIRECTION('',(1.,0.,0.));
#4800=DIRECTION('',(0.,1.,-1.22464679914735E-16));
#4801=DIRECTION('',(1.,0.,0.));
#4802=DIRECTION('',(0.,1.,-1.22464679914735E-16));
#4803=DIRECTION('',(1.,0.,0.));
#4804=DIRECTION('',(0.,1.,-1.22464679914735E-16));
#4805=DIRECTION('',(1.,0.,0.));
#4806=DIRECTION('',(0.,1.,-1.22464679914735E-16));
#4807=DIRECTION('',(1.,0.,0.));
#4808=DIRECTION('',(0.,1.,-1.22464679914735E-16));
#4809=DIRECTION('',(1.,0.,0.));
#4810=DIRECTION('',(0.,1.,-1.22464679914735E-16));
#4811=DIRECTION('',(1.,0.,0.));
#4812=DIRECTION('',(0.,1.,-1.22464679914735E-16));
#4813=DIRECTION('',(1.,0.,0.));
#4814=DIRECTION('',(0.,1.,-1.22464679914735E-16));
#4815=DIRECTION('',(1.,0.,0.));
#4816=DIRECTION('',(0.,1.,-1.22464679914735E-16));
#4817=DIRECTION('',(1.,0.,0.));
#4818=DIRECTION('',(0.,1.,-1.22464679914735E-16));
#4819=DIRECTION('',(1.,0.,0.));
#4820=DIRECTION('',(0.,1.,-1.22464679914735E-16));
#4821=DIRECTION('',(1.,0.,0.));
#4822=DIRECTION('',(0.,1.,-1.22464679914735E-16));
#4823=DIRECTION('',(1.,0.,0.));
#4824=DIRECTION('',(0.,1.,-1.22464679914735E-16));
#4825=DIRECTION('',(1.,0.,0.));
#4826=DIRECTION('',(0.,1.,-1.22464679914735E-16));
#4827=DIRECTION('',(1.,0.,0.));
#4828=DIRECTION('',(0.,1.,-1.22464679914735E-16));
#4829=DIRECTION('',(1.,0.,0.));
#4830=DIRECTION('',(0.,1.,-1.22464679914735E-16));
#4831=DIRECTION('',(1.,0.,0.));
#4832=DIRECTION('',(0.,1.,-1.22464679914735E-16));
#4833=DIRECTION('',(1.,0.,0.));
#4834=DIRECTION('',(0.,1.,-1.22464679914735E-16));
#4835=DIRECTION('',(1.,0.,0.));
#4836=DIRECTION('',(0.,1.,-1.22464679914735E-16));
#4837=DIRECTION('',(1.,0.,0.));
#4838=DIRECTION('',(0.,1.,-1.22464679914735E-16));
#4839=DIRECTION('',(1.,0.,0.));
#4840=DIRECTION('',(0.,1.,-1.22464679914735E-16));
#4841=DIRECTION('',(1.,0.,0.));
#4842=DIRECTION('',(0.,1.,-1.22464679914735E-16));
#4843=DIRECTION('',(1.,0.,0.));
#4844=CARTESIAN_POINT('',(0.,0.,0.));
#4845=CARTESIAN_POINT('',(0.,0.,0.));
#4846=CARTESIAN_POINT('Origin',(4.90059381966691E-17,0.,-0.400000000001939));
#4847=CARTESIAN_POINT('',(2.9,-3.55147571752733E-16,-1.938167671061E-12));
#4848=CARTESIAN_POINT('Origin',(2.37367013785838E-28,0.,-1.93851878993456E-12));
#4849=CARTESIAN_POINT('',(2.5,-3.06161699786839E-16,-0.400000000001939));
#4850=CARTESIAN_POINT('Origin',(2.9,-3.55147571752733E-16,-0.400000000001938));
#4851=CARTESIAN_POINT('Origin',(4.90059381966691E-17,0.,-0.400000000001939));
#4852=CARTESIAN_POINT('Origin',(8.40860222887144E-16,0.,-6.86333333333363));
#4853=CARTESIAN_POINT('',(2.5,-3.06161699786839E-16,-13.7266666666653));
#4854=CARTESIAN_POINT('Origin',(1.68172044577405E-15,0.,-13.7266666666653));
#4855=CARTESIAN_POINT('',(2.5,-3.06161699786839E-16,-6.86333333333363));
#4856=CARTESIAN_POINT('Origin',(-2.5,0.,-1.93880295589915E-12));
#4857=CARTESIAN_POINT('',(-4.4,0.,-3.41227046618542E-12));
#4858=CARTESIAN_POINT('Origin',(4.17942967562303E-28,0.,-3.41173140086526E-12));
#4859=CARTESIAN_POINT('Origin',(1.66533453693773E-15,0.,-13.7266666666653));
#4860=CARTESIAN_POINT('Origin',(1.11022302462516E-15,0.,-1.72666666666531));
#4861=CARTESIAN_POINT('',(8.20798164426772E-16,-3.54443228635622E-32,2.99999999999961));
#4862=CARTESIAN_POINT('Origin',(1.11022302462516E-15,0.,-1.72666666666531));
#4863=CARTESIAN_POINT('Origin',(-143.5,4.,55.));
#4864=CARTESIAN_POINT('',(-140.9,1.95,55.));
#4865=CARTESIAN_POINT('Origin',(-143.5,1.95,55.));
#4866=CARTESIAN_POINT('',(-140.9,0.,55.));
#4867=CARTESIAN_POINT('',(-140.9,4.,55.));
#4868=CARTESIAN_POINT('Origin',(-143.5,0.,55.));
#4869=CARTESIAN_POINT('Origin',(-143.5,4.,-55.));
#4870=CARTESIAN_POINT('',(-140.9,1.95,-55.));
#4871=CARTESIAN_POINT('Origin',(-143.5,1.95,-55.));
#4872=CARTESIAN_POINT('',(-140.9,0.,-55.));
#4873=CARTESIAN_POINT('',(-140.9,4.,-55.));
#4874=CARTESIAN_POINT('Origin',(-143.5,0.,-55.));
#4875=CARTESIAN_POINT('Origin',(-63.5,4.,55.));
#4876=CARTESIAN_POINT('',(-60.9,1.95,55.));
#4877=CARTESIAN_POINT('Origin',(-63.5,1.95,55.));
#4878=CARTESIAN_POINT('',(-60.9,0.,55.));
#4879=CARTESIAN_POINT('',(-60.9,4.,55.));
#4880=CARTESIAN_POINT('Origin',(-63.5,0.,55.));
#4881=CARTESIAN_POINT('Origin',(-103.5,4.,-55.));
#4882=CARTESIAN_POINT('',(-100.9,1.95,-55.));
#4883=CARTESIAN_POINT('Origin',(-103.5,1.95,-55.));
#4884=CARTESIAN_POINT('',(-100.9,0.,-55.));
#4885=CARTESIAN_POINT('',(-100.9,4.,-55.));
#4886=CARTESIAN_POINT('Origin',(-103.5,0.,-55.));
#4887=CARTESIAN_POINT('Origin',(-63.5,4.,-55.));
#4888=CARTESIAN_POINT('',(-60.9,1.95,-55.));
#4889=CARTESIAN_POINT('Origin',(-63.5,1.95,-55.));
#4890=CARTESIAN_POINT('',(-60.9,0.,-55.));
#4891=CARTESIAN_POINT('',(-60.9,4.,-55.));
#4892=CARTESIAN_POINT('Origin',(-63.5,0.,-55.));
#4893=CARTESIAN_POINT('Origin',(-103.5,4.,55.));
#4894=CARTESIAN_POINT('',(-100.9,1.95,55.));
#4895=CARTESIAN_POINT('Origin',(-103.5,1.95,55.));
#4896=CARTESIAN_POINT('',(-100.9,0.,55.));
#4897=CARTESIAN_POINT('',(-100.9,4.,55.));
#4898=CARTESIAN_POINT('Origin',(-103.5,0.,55.));
#4899=CARTESIAN_POINT('Origin',(-54.95,0.,-3.49999999999998));
#4900=CARTESIAN_POINT('',(-57.55,2.00000000000001,-3.49999999999998));
#4901=CARTESIAN_POINT('Origin',(-54.95,2.00000000000001,-3.49999999999998));
#4902=CARTESIAN_POINT('',(-57.55,4.,-3.49999999999998));
#4903=CARTESIAN_POINT('',(-57.55,0.,-3.49999999999998));
#4904=CARTESIAN_POINT('Origin',(-54.95,4.,-3.49999999999998));
#4905=CARTESIAN_POINT('Origin',(-54.95,0.,36.5));
#4906=CARTESIAN_POINT('',(-57.55,2.00000000000001,36.5));
#4907=CARTESIAN_POINT('Origin',(-54.95,2.00000000000001,36.5));
#4908=CARTESIAN_POINT('',(-57.55,4.,36.5));
#4909=CARTESIAN_POINT('',(-57.55,0.,36.5));
#4910=CARTESIAN_POINT('Origin',(-54.95,4.,36.5));
#4911=CARTESIAN_POINT('Origin',(-54.95,0.,-43.5));
#4912=CARTESIAN_POINT('',(-57.55,2.00000000000001,-43.5));
#4913=CARTESIAN_POINT('Origin',(-54.95,2.00000000000001,-43.5));
#4914=CARTESIAN_POINT('',(-57.55,4.,-43.5));
#4915=CARTESIAN_POINT('',(-57.55,0.,-43.5));
#4916=CARTESIAN_POINT('Origin',(-54.95,4.,-43.5));
#4917=CARTESIAN_POINT('Origin',(-50.05,2.00000000000001,136.5));
#4918=CARTESIAN_POINT('',(-50.05,4.00000000000001,-50.));
#4919=CARTESIAN_POINT('',(-50.05,2.00000000000001,-50.));
#4920=CARTESIAN_POINT('',(-50.05,1.97500000000001,-50.));
#4921=CARTESIAN_POINT('',(-50.05,4.00000000000001,50.));
#4922=CARTESIAN_POINT('',(-50.05,4.,68.25));
#4923=CARTESIAN_POINT('',(-50.05,2.00000000000001,50.));
#4924=CARTESIAN_POINT('',(-50.05,3.00000000000001,50.));
#4925=CARTESIAN_POINT('',(-50.05,2.00000000000001,136.5));
#4926=CARTESIAN_POINT('Origin',(-60.,2.00000000000001,136.5));
#4927=CARTESIAN_POINT('',(-60.,2.00000000000001,-50.));
#4928=CARTESIAN_POINT('',(51.75,2.00000000000001,-50.));
#4929=CARTESIAN_POINT('',(-60.,2.00000000000001,50.));
#4930=CARTESIAN_POINT('',(51.75,2.00000000000001,50.));
#4931=CARTESIAN_POINT('',(-60.,2.00000000000001,136.5));
#4932=CARTESIAN_POINT('Origin',(-60.,1.77635683940025E-14,136.5));
#4933=CARTESIAN_POINT('',(-60.,1.95,-50.));
#4934=CARTESIAN_POINT('',(-60.,0.97500000000001,-50.));
#4935=CARTESIAN_POINT('',(-60.,1.95,50.));
#4936=CARTESIAN_POINT('',(-60.,2.00000000000001,50.));
#4937=CARTESIAN_POINT('',(-60.,1.95,59.95));
#4938=CARTESIAN_POINT('',(-60.,1.95,93.25));
#4939=CARTESIAN_POINT('',(-60.,1.77635683940025E-14,59.95));
#4940=CARTESIAN_POINT('',(-60.,0.975000000000184,59.95));
#4941=CARTESIAN_POINT('',(-60.,1.77635683940025E-14,-59.95));
#4942=CARTESIAN_POINT('',(-60.,0.,68.25));
#4943=CARTESIAN_POINT('',(-60.,1.95,-59.95));
#4944=CARTESIAN_POINT('',(-60.,-4.38509627469895E-13,-59.95));
#4945=CARTESIAN_POINT('',(-60.,1.95,38.275));
#4946=CARTESIAN_POINT('Origin',(3.5527136788005E-14,4.,-1.77635683940025E-14));
#4947=CARTESIAN_POINT('',(-163.5,4.,-50.));
#4948=CARTESIAN_POINT('',(81.75,4.,-50.));
#4949=CARTESIAN_POINT('',(-163.5,4.,50.));
#4950=CARTESIAN_POINT('',(-163.5,4.,-116.5));
#4951=CARTESIAN_POINT('',(81.75,4.,50.));
#4952=CARTESIAN_POINT('Origin',(163.5,4.,50.));
#4953=CARTESIAN_POINT('',(-163.5,1.95,50.));
#4954=CARTESIAN_POINT('',(-163.5,2.,50.));
#4955=CARTESIAN_POINT('',(163.5,1.95,50.));
#4956=CARTESIAN_POINT('Origin',(163.5,1.95,50.));
#4957=CARTESIAN_POINT('',(-163.5,1.95,59.95));
#4958=CARTESIAN_POINT('',(-163.5,1.95,-43.25));
#4959=CARTESIAN_POINT('',(163.5,1.95,59.95));
#4960=CARTESIAN_POINT('Origin',(163.5,1.95,-50.));
#4961=CARTESIAN_POINT('',(-163.5,1.95,-50.));
#4962=CARTESIAN_POINT('',(163.5,1.95,-50.));
#4963=CARTESIAN_POINT('',(-163.5,0.975000000000001,-50.));
#4964=CARTESIAN_POINT('Origin',(163.5,1.95,59.95));
#4965=CARTESIAN_POINT('',(-163.5,0.,59.95));
#4966=CARTESIAN_POINT('',(-163.5,0.974999999999553,59.95));
#4967=CARTESIAN_POINT('',(81.75,0.,59.95));
#4968=CARTESIAN_POINT('Origin',(3.5527136788005E-14,0.,-1.77635683940025E-14));
#4969=CARTESIAN_POINT('',(-163.5,0.,-59.95));
#4970=CARTESIAN_POINT('',(-163.5,0.,-116.5));
#4971=CARTESIAN_POINT('',(81.75,0.,-59.95));
#4972=CARTESIAN_POINT('Origin',(163.5,0.,-59.95));
#4973=CARTESIAN_POINT('',(-163.5,1.95,-59.95));
#4974=CARTESIAN_POINT('',(-163.5,1.74333482123191E-13,-59.95));
#4975=CARTESIAN_POINT('',(163.5,1.95,-59.95));
#4976=CARTESIAN_POINT('Origin',(163.5,1.95,-59.95));
#4977=CARTESIAN_POINT('',(-163.5,1.95,-98.225));
#4978=CARTESIAN_POINT('Origin',(-163.5,0.,-136.5));
#4979=CARTESIAN_POINT('Origin',(16.5,4.,-55.));
#4980=CARTESIAN_POINT('',(19.1,4.,-55.));
#4981=CARTESIAN_POINT('Origin',(16.5,4.,-55.));
#4982=CARTESIAN_POINT('',(19.1,2.,-55.));
#4983=CARTESIAN_POINT('',(19.1,4.,-55.));
#4984=CARTESIAN_POINT('Origin',(16.5,2.,-55.));
#4985=CARTESIAN_POINT('Origin',(-23.5,4.,-55.));
#4986=CARTESIAN_POINT('',(-20.9,4.,-55.));
#4987=CARTESIAN_POINT('Origin',(-23.5,4.,-55.));
#4988=CARTESIAN_POINT('',(-20.9,2.,-55.));
#4989=CARTESIAN_POINT('',(-20.9,4.,-55.));
#4990=CARTESIAN_POINT('Origin',(-23.5,2.,-55.));
#4991=CARTESIAN_POINT('Origin',(54.95,0.,-83.5));
#4992=CARTESIAN_POINT('',(52.35,0.,-83.5));
#4993=CARTESIAN_POINT('Origin',(54.95,0.,-83.5));
#4994=CARTESIAN_POINT('',(52.35,1.95000000000001,-83.5));
#4995=CARTESIAN_POINT('',(52.35,0.,-83.5));
#4996=CARTESIAN_POINT('Origin',(54.95,1.95000000000001,-83.5));
#4997=CARTESIAN_POINT('Origin',(54.95,0.,-123.5));
#4998=CARTESIAN_POINT('',(52.35,0.,-123.5));
#4999=CARTESIAN_POINT('Origin',(54.95,0.,-123.5));
#5000=CARTESIAN_POINT('',(52.35,1.95000000000001,-123.5));
#5001=CARTESIAN_POINT('',(52.35,0.,-123.5));
#5002=CARTESIAN_POINT('Origin',(54.95,1.95000000000001,-123.5));
#5003=CARTESIAN_POINT('Origin',(-54.95,0.,-83.5));
#5004=CARTESIAN_POINT('',(-57.55,0.,-83.5));
#5005=CARTESIAN_POINT('Origin',(-54.95,0.,-83.5));
#5006=CARTESIAN_POINT('',(-57.55,1.95000000000001,-83.5));
#5007=CARTESIAN_POINT('',(-57.55,0.,-83.5));
#5008=CARTESIAN_POINT('Origin',(-54.95,1.95000000000001,-83.5));
#5009=CARTESIAN_POINT('Origin',(-54.95,0.,-123.5));
#5010=CARTESIAN_POINT('',(-57.55,0.,-123.5));
#5011=CARTESIAN_POINT('Origin',(-54.95,0.,-123.5));
#5012=CARTESIAN_POINT('',(-57.55,1.95000000000001,-123.5));
#5013=CARTESIAN_POINT('',(-57.55,0.,-123.5));
#5014=CARTESIAN_POINT('Origin',(-54.95,1.95000000000001,-123.5));
#5015=CARTESIAN_POINT('Origin',(-50.,1.95000000000001,136.5));
#5016=CARTESIAN_POINT('',(-50.,1.95000000000001,-60.));
#5017=CARTESIAN_POINT('',(-59.95,1.95000000000001,-60.));
#5018=CARTESIAN_POINT('',(56.75,1.95000000000001,-60.));
#5019=CARTESIAN_POINT('',(-50.,1.95000000000001,-136.5));
#5020=CARTESIAN_POINT('',(-50.,1.95000000000001,136.5));
#5021=CARTESIAN_POINT('',(-59.95,1.95000000000001,-136.5));
#5022=CARTESIAN_POINT('',(56.75,1.95000000000001,-136.5));
#5023=CARTESIAN_POINT('',(-59.95,1.95000000000001,136.5));
#5024=CARTESIAN_POINT('Origin',(-59.95,1.95000000000001,136.5));
#5025=CARTESIAN_POINT('',(-59.95,0.,-136.5));
#5026=CARTESIAN_POINT('',(-59.95,0.974999999998988,-136.5));
#5027=CARTESIAN_POINT('',(-59.95,1.77191594730175E-14,-60.));
#5028=CARTESIAN_POINT('',(-59.95,0.,68.25));
#5029=CARTESIAN_POINT('',(-59.95,1.97499999999899,-60.));
#5030=CARTESIAN_POINT('Origin',(-50.,4.00000000000001,136.5));
#5031=CARTESIAN_POINT('',(-50.,2.,-60.));
#5032=CARTESIAN_POINT('',(-50.,3.00000000000001,-60.));
#5033=CARTESIAN_POINT('',(-50.,2.,-50.05));
#5034=CARTESIAN_POINT('',(-50.,2.,43.225));
#5035=CARTESIAN_POINT('',(-50.,4.00000000000001,-50.05));
#5036=CARTESIAN_POINT('',(-50.,4.00000000000001,-50.05));
#5037=CARTESIAN_POINT('',(-50.,4.,-136.5));
#5038=CARTESIAN_POINT('',(-50.,4.,68.25));
#5039=CARTESIAN_POINT('',(-50.,2.00000000000001,-136.5));
#5040=CARTESIAN_POINT('Origin',(59.95,8.88178419700125E-15,136.5));
#5041=CARTESIAN_POINT('',(59.95,1.95000000000001,-136.5));
#5042=CARTESIAN_POINT('',(59.95,0.,-136.5));
#5043=CARTESIAN_POINT('',(59.95,2.402636494317E-13,-136.5));
#5044=CARTESIAN_POINT('',(59.95,1.95000000000001,-60.));
#5045=CARTESIAN_POINT('',(59.95,1.95000000000001,136.5));
#5046=CARTESIAN_POINT('',(59.95,8.88178419700125E-15,-60.));
#5047=CARTESIAN_POINT('',(59.95,1.00000000000024,-60.));
#5048=CARTESIAN_POINT('',(59.95,0.,68.25));
#5049=CARTESIAN_POINT('Origin',(59.95,1.95000000000001,136.5));
#5050=CARTESIAN_POINT('',(50.,1.95000000000001,-136.5));
#5051=CARTESIAN_POINT('',(111.725,1.95000000000001,-136.5));
#5052=CARTESIAN_POINT('',(50.,1.95000000000001,-60.));
#5053=CARTESIAN_POINT('',(50.,1.95000000000001,136.5));
#5054=CARTESIAN_POINT('',(111.725,1.95000000000001,-60.));
#5055=CARTESIAN_POINT('Origin',(50.,1.95000000000001,136.5));
#5056=CARTESIAN_POINT('',(50.,4.00000000000001,-136.5));
#5057=CARTESIAN_POINT('',(50.,0.975000000000006,-136.5));
#5058=CARTESIAN_POINT('',(50.,4.00000000000001,-50.05));
#5059=CARTESIAN_POINT('',(50.,4.,68.25));
#5060=CARTESIAN_POINT('',(50.,2.,-50.05));
#5061=CARTESIAN_POINT('',(50.,2.97500000000001,-50.05));
#5062=CARTESIAN_POINT('',(50.,2.,-60.));
#5063=CARTESIAN_POINT('',(50.,2.,43.225));
#5064=CARTESIAN_POINT('',(50.,1.97500000000001,-60.));
#5065=CARTESIAN_POINT('Origin',(3.5527136788005E-14,4.,-1.77635683940025E-14));
#5066=CARTESIAN_POINT('',(81.75,4.,-50.05));
#5067=CARTESIAN_POINT('',(-163.5,4.,-136.5));
#5068=CARTESIAN_POINT('Origin',(163.5,0.,-136.5));
#5069=CARTESIAN_POINT('',(-163.5,0.,-136.5));
#5070=CARTESIAN_POINT('Origin',(163.5,2.,-60.));
#5071=CARTESIAN_POINT('',(81.75,0.,-60.));
#5072=CARTESIAN_POINT('',(163.5,2.,-60.));
#5073=CARTESIAN_POINT('Origin',(163.5,2.,-50.05));
#5074=CARTESIAN_POINT('',(163.5,2.,-50.05));
#5075=CARTESIAN_POINT('Origin',(163.5,4.,-50.05));
#5076=CARTESIAN_POINT('Origin',(3.5527136788005E-14,0.,-1.77635683940025E-14));
#5077=CARTESIAN_POINT('Origin',(-63.5,4.,55.));
#5078=CARTESIAN_POINT('',(-60.9,4.,55.));
#5079=CARTESIAN_POINT('Origin',(-63.5,4.,55.));
#5080=CARTESIAN_POINT('',(-60.9,2.,55.));
#5081=CARTESIAN_POINT('',(-60.9,4.,55.));
#5082=CARTESIAN_POINT('Origin',(-63.5,2.,55.));
#5083=CARTESIAN_POINT('Origin',(-103.5,4.,55.));
#5084=CARTESIAN_POINT('',(-100.9,4.,55.));
#5085=CARTESIAN_POINT('Origin',(-103.5,4.,55.));
#5086=CARTESIAN_POINT('',(-100.9,2.,55.));
#5087=CARTESIAN_POINT('',(-100.9,4.,55.));
#5088=CARTESIAN_POINT('Origin',(-103.5,2.,55.));
#5089=CARTESIAN_POINT('Origin',(-143.5,4.,55.));
#5090=CARTESIAN_POINT('',(-140.9,4.,55.));
#5091=CARTESIAN_POINT('Origin',(-143.5,4.,55.));
#5092=CARTESIAN_POINT('',(-140.9,2.,55.));
#5093=CARTESIAN_POINT('',(-140.9,4.,55.));
#5094=CARTESIAN_POINT('Origin',(-143.5,2.,55.));
#5095=CARTESIAN_POINT('Origin',(-54.95,0.,76.5));
#5096=CARTESIAN_POINT('',(-57.55,2.,76.5));
#5097=CARTESIAN_POINT('Origin',(-54.95,2.,76.5));
#5098=CARTESIAN_POINT('',(-57.55,4.,76.5));
#5099=CARTESIAN_POINT('',(-57.55,0.,76.5));
#5100=CARTESIAN_POINT('Origin',(-54.95,4.,76.5));
#5101=CARTESIAN_POINT('Origin',(-54.95,0.,116.5));
#5102=CARTESIAN_POINT('',(-57.55,2.,116.5));
#5103=CARTESIAN_POINT('Origin',(-54.95,2.,116.5));
#5104=CARTESIAN_POINT('',(-57.55,4.,116.5));
#5105=CARTESIAN_POINT('',(-57.55,0.,116.5));
#5106=CARTESIAN_POINT('Origin',(-54.95,4.,116.5));
#5107=CARTESIAN_POINT('Origin',(-60.,1.77635683940025E-14,136.5));
#5108=CARTESIAN_POINT('',(-60.,2.00000000000001,60.));
#5109=CARTESIAN_POINT('',(-60.,0.,60.));
#5110=CARTESIAN_POINT('',(-60.,8.88178419700125E-15,60.));
#5111=CARTESIAN_POINT('',(-60.,2.00000000000001,136.5));
#5112=CARTESIAN_POINT('',(-60.,2.00000000000001,136.5));
#5113=CARTESIAN_POINT('',(-60.,1.77635683940025E-14,136.5));
#5114=CARTESIAN_POINT('',(-60.,8.88178419700125E-15,136.5));
#5115=CARTESIAN_POINT('',(-60.,0.,68.25));
#5116=CARTESIAN_POINT('Origin',(-50.05,2.00000000000001,136.5));
#5117=CARTESIAN_POINT('',(-50.05,4.00000000000001,50.05));
#5118=CARTESIAN_POINT('',(-50.05,2.00000000000001,50.05));
#5119=CARTESIAN_POINT('',(-50.05,2.00000000000001,50.05));
#5120=CARTESIAN_POINT('',(-50.05,4.00000000000001,136.5));
#5121=CARTESIAN_POINT('',(-50.05,4.,68.25));
#5122=CARTESIAN_POINT('',(-50.05,2.00000000000001,136.5));
#5123=CARTESIAN_POINT('',(-50.05,1.00000000000001,136.5));
#5124=CARTESIAN_POINT('',(-50.05,2.00000000000001,136.5));
#5125=CARTESIAN_POINT('Origin',(3.5527136788005E-14,0.,-1.77635683940025E-14));
#5126=CARTESIAN_POINT('',(-159.5,0.,136.5));
#5127=CARTESIAN_POINT('',(163.5,0.,136.5));
#5128=CARTESIAN_POINT('',(-163.5,0.,132.5));
#5129=CARTESIAN_POINT('Origin',(-159.5,0.,132.5));
#5130=CARTESIAN_POINT('',(-163.5,0.,60.));
#5131=CARTESIAN_POINT('',(-163.5,0.,-116.5));
#5132=CARTESIAN_POINT('',(81.75,0.,60.));
#5133=CARTESIAN_POINT('',(-135.599999745022,0.,122.6));
#5134=CARTESIAN_POINT('Origin',(-133.499999745022,0.,122.6));
#5135=CARTESIAN_POINT('',(-156.7,0.,106.499998365932));
#5136=CARTESIAN_POINT('Origin',(-154.6,0.,106.499998365932));
#5137=CARTESIAN_POINT('Origin',(163.5,0.,60.));
#5138=CARTESIAN_POINT('',(-163.5,2.,60.));
#5139=CARTESIAN_POINT('',(-163.5,0.,60.));
#5140=CARTESIAN_POINT('',(163.5,2.,60.));
#5141=CARTESIAN_POINT('Origin',(163.5,2.,60.));
#5142=CARTESIAN_POINT('',(-163.5,2.,50.05));
#5143=CARTESIAN_POINT('',(-163.5,2.,-38.25));
#5144=CARTESIAN_POINT('',(163.5,2.,50.05));
#5145=CARTESIAN_POINT('',(-111.75,2.00000000000001,136.5));
#5146=CARTESIAN_POINT('Origin',(-133.499999745022,0.,122.6));
#5147=CARTESIAN_POINT('',(-135.599999745022,4.,122.6));
#5148=CARTESIAN_POINT('Origin',(-133.499999745022,4.,122.6));
#5149=CARTESIAN_POINT('',(-135.599999745022,0.,122.6));
#5150=CARTESIAN_POINT('Origin',(-154.6,0.,106.499998365932));
#5151=CARTESIAN_POINT('',(-156.7,4.,106.499998365932));
#5152=CARTESIAN_POINT('Origin',(-154.6,4.,106.499998365932));
#5153=CARTESIAN_POINT('',(-156.7,0.,106.499998365932));
#5154=CARTESIAN_POINT('Origin',(-163.5,0.,136.5));
#5155=CARTESIAN_POINT('',(-159.5,4.,136.5));
#5156=CARTESIAN_POINT('',(163.5,4.,136.5));
#5157=CARTESIAN_POINT('',(-159.5,0.,136.5));
#5158=CARTESIAN_POINT('Origin',(-159.5,0.,132.5));
#5159=CARTESIAN_POINT('',(-163.5,4.,132.5));
#5160=CARTESIAN_POINT('Origin',(-159.5,4.,132.5));
#5161=CARTESIAN_POINT('',(-163.5,0.,132.5));
#5162=CARTESIAN_POINT('Origin',(-163.5,0.,-136.5));
#5163=CARTESIAN_POINT('',(-163.5,4.,50.05));
#5164=CARTESIAN_POINT('',(-163.5,1.,50.05));
#5165=CARTESIAN_POINT('',(-163.5,4.,-116.5));
#5166=CARTESIAN_POINT('Origin',(3.5527136788005E-14,4.,-1.77635683940025E-14));
#5167=CARTESIAN_POINT('',(81.75,4.,50.05));
#5168=CARTESIAN_POINT('Origin',(163.5,2.,50.05));
#5169=CARTESIAN_POINT('Origin',(56.5,4.,55.));
#5170=CARTESIAN_POINT('',(59.1,1.95,55.));
#5171=CARTESIAN_POINT('Origin',(56.5,1.95,55.));
#5172=CARTESIAN_POINT('',(59.1,0.,55.));
#5173=CARTESIAN_POINT('',(59.1,4.,55.));
#5174=CARTESIAN_POINT('Origin',(56.5,0.,55.));
#5175=CARTESIAN_POINT('Origin',(56.5,4.,-55.));
#5176=CARTESIAN_POINT('',(59.1,1.95,-55.));
#5177=CARTESIAN_POINT('Origin',(56.5,1.95,-55.));
#5178=CARTESIAN_POINT('',(59.1,0.,-55.));
#5179=CARTESIAN_POINT('',(59.1,4.,-55.));
#5180=CARTESIAN_POINT('Origin',(56.5,0.,-55.));
#5181=CARTESIAN_POINT('Origin',(16.5,4.,-55.));
#5182=CARTESIAN_POINT('',(19.1,1.95,-55.));
#5183=CARTESIAN_POINT('Origin',(16.5,1.95,-55.));
#5184=CARTESIAN_POINT('',(19.1,0.,-55.));
#5185=CARTESIAN_POINT('',(19.1,4.,-55.));
#5186=CARTESIAN_POINT('Origin',(16.5,0.,-55.));
#5187=CARTESIAN_POINT('Origin',(16.5,4.,55.));
#5188=CARTESIAN_POINT('',(19.1,1.95,55.));
#5189=CARTESIAN_POINT('Origin',(16.5,1.95,55.));
#5190=CARTESIAN_POINT('',(19.1,0.,55.));
#5191=CARTESIAN_POINT('',(19.1,4.,55.));
#5192=CARTESIAN_POINT('Origin',(16.5,0.,55.));
#5193=CARTESIAN_POINT('Origin',(-23.5,4.,-55.));
#5194=CARTESIAN_POINT('',(-20.9,1.95,-55.));
#5195=CARTESIAN_POINT('Origin',(-23.5,1.95,-55.));
#5196=CARTESIAN_POINT('',(-20.9,0.,-55.));
#5197=CARTESIAN_POINT('',(-20.9,4.,-55.));
#5198=CARTESIAN_POINT('Origin',(-23.5,0.,-55.));
#5199=CARTESIAN_POINT('Origin',(-23.5,4.,55.));
#5200=CARTESIAN_POINT('',(-20.9,1.95,55.));
#5201=CARTESIAN_POINT('Origin',(-23.5,1.95,55.));
#5202=CARTESIAN_POINT('',(-20.9,0.,55.));
#5203=CARTESIAN_POINT('',(-20.9,4.,55.));
#5204=CARTESIAN_POINT('Origin',(-23.5,0.,55.));
#5205=CARTESIAN_POINT('Origin',(54.95,0.,-3.49999999999998));
#5206=CARTESIAN_POINT('',(52.35,0.,-3.49999999999998));
#5207=CARTESIAN_POINT('Origin',(54.95,0.,-3.49999999999998));
#5208=CARTESIAN_POINT('',(52.35,1.95,-3.49999999999998));
#5209=CARTESIAN_POINT('',(52.35,0.,-3.49999999999998));
#5210=CARTESIAN_POINT('Origin',(54.95,1.95,-3.49999999999998));
#5211=CARTESIAN_POINT('Origin',(54.95,0.,36.5));
#5212=CARTESIAN_POINT('',(52.35,0.,36.5));
#5213=CARTESIAN_POINT('Origin',(54.95,0.,36.5));
#5214=CARTESIAN_POINT('',(52.35,1.95,36.5));
#5215=CARTESIAN_POINT('',(52.35,0.,36.5));
#5216=CARTESIAN_POINT('Origin',(54.95,1.95,36.5));
#5217=CARTESIAN_POINT('Origin',(54.95,0.,-43.5));
#5218=CARTESIAN_POINT('',(52.35,0.,-43.5));
#5219=CARTESIAN_POINT('Origin',(54.95,0.,-43.5));
#5220=CARTESIAN_POINT('',(52.35,1.95,-43.5));
#5221=CARTESIAN_POINT('',(52.35,0.,-43.5));
#5222=CARTESIAN_POINT('Origin',(54.95,1.95,-43.5));
#5223=CARTESIAN_POINT('Origin',(-54.95,0.,-3.49999999999998));
#5224=CARTESIAN_POINT('',(-57.55,0.,-3.49999999999998));
#5225=CARTESIAN_POINT('Origin',(-54.95,0.,-3.49999999999998));
#5226=CARTESIAN_POINT('',(-57.55,1.95,-3.49999999999998));
#5227=CARTESIAN_POINT('',(-57.55,0.,-3.49999999999998));
#5228=CARTESIAN_POINT('Origin',(-54.95,1.95,-3.49999999999998));
#5229=CARTESIAN_POINT('Origin',(-54.95,0.,36.5));
#5230=CARTESIAN_POINT('',(-57.55,0.,36.5));
#5231=CARTESIAN_POINT('Origin',(-54.95,0.,36.5));
#5232=CARTESIAN_POINT('',(-57.55,1.95,36.5));
#5233=CARTESIAN_POINT('',(-57.55,0.,36.5));
#5234=CARTESIAN_POINT('Origin',(-54.95,1.95,36.5));
#5235=CARTESIAN_POINT('Origin',(-54.95,0.,-43.5));
#5236=CARTESIAN_POINT('',(-57.55,0.,-43.5));
#5237=CARTESIAN_POINT('Origin',(-54.95,0.,-43.5));
#5238=CARTESIAN_POINT('',(-57.55,1.95,-43.5));
#5239=CARTESIAN_POINT('',(-57.55,0.,-43.5));
#5240=CARTESIAN_POINT('Origin',(-54.95,1.95,-43.5));
#5241=CARTESIAN_POINT('Origin',(-59.95,1.95000000000001,136.5));
#5242=CARTESIAN_POINT('',(-59.95,1.77191594730175E-14,-59.95));
#5243=CARTESIAN_POINT('',(-59.95,1.95,-59.95));
#5244=CARTESIAN_POINT('',(-59.95,0.974999999998541,-59.95));
#5245=CARTESIAN_POINT('',(-59.95,1.77191594730175E-14,59.95));
#5246=CARTESIAN_POINT('',(-59.95,0.,68.25));
#5247=CARTESIAN_POINT('',(-59.95,1.95000000000001,59.95));
#5248=CARTESIAN_POINT('',(-59.95,1.94999999999916,59.95));
#5249=CARTESIAN_POINT('',(-59.95,1.95,38.275));
#5250=CARTESIAN_POINT('Origin',(-50.,4.00000000000001,136.5));
#5251=CARTESIAN_POINT('',(-50.,1.95000000000001,-50.));
#5252=CARTESIAN_POINT('',(-50.,4.00000000000001,-50.));
#5253=CARTESIAN_POINT('',(-50.,2.97500000000001,-50.));
#5254=CARTESIAN_POINT('',(-50.,1.95000000000001,50.));
#5255=CARTESIAN_POINT('',(-50.,1.95000000000001,136.5));
#5256=CARTESIAN_POINT('',(-50.,4.00000000000001,50.));
#5257=CARTESIAN_POINT('',(-50.,4.00000000000001,50.));
#5258=CARTESIAN_POINT('',(-50.,4.,68.25));
#5259=CARTESIAN_POINT('Origin',(50.,1.95000000000001,136.5));
#5260=CARTESIAN_POINT('',(50.,1.95000000000001,50.));
#5261=CARTESIAN_POINT('',(50.,4.00000000000001,50.));
#5262=CARTESIAN_POINT('',(50.,2.97500000000001,50.));
#5263=CARTESIAN_POINT('',(50.,1.95,-50.));
#5264=CARTESIAN_POINT('',(50.,1.95000000000001,136.5));
#5265=CARTESIAN_POINT('',(50.,4.00000000000001,-50.));
#5266=CARTESIAN_POINT('',(50.,1.95000000000001,-50.));
#5267=CARTESIAN_POINT('',(50.,4.,68.25));
#5268=CARTESIAN_POINT('Origin',(59.95,8.88178419700125E-15,136.5));
#5269=CARTESIAN_POINT('',(59.95,8.88178419700125E-15,59.95));
#5270=CARTESIAN_POINT('',(59.95,1.95000000000001,59.95));
#5271=CARTESIAN_POINT('',(59.95,0.975000000000415,59.95));
#5272=CARTESIAN_POINT('',(59.95,8.88178419700125E-15,-59.95));
#5273=CARTESIAN_POINT('',(59.95,0.,68.25));
#5274=CARTESIAN_POINT('',(59.95,1.95000000000001,-59.95));
#5275=CARTESIAN_POINT('',(59.95,-2.07127762235196E-13,-59.95));
#5276=CARTESIAN_POINT('',(59.95,1.95,38.275));
#5277=CARTESIAN_POINT('Origin',(3.5527136788005E-14,4.,-1.77635683940025E-14));
#5278=CARTESIAN_POINT('',(81.75,4.,50.));
#5279=CARTESIAN_POINT('',(81.75,4.,-50.));
#5280=CARTESIAN_POINT('Origin',(163.5,4.,50.));
#5281=CARTESIAN_POINT('',(163.5,1.95,50.));
#5282=CARTESIAN_POINT('Origin',(163.5,1.95,50.));
#5283=CARTESIAN_POINT('',(163.5,1.95,59.95));
#5284=CARTESIAN_POINT('',(163.5,1.95,-59.95));
#5285=CARTESIAN_POINT('',(163.5,1.95,-50.));
#5286=CARTESIAN_POINT('Origin',(163.5,1.95,59.95));
#5287=CARTESIAN_POINT('',(81.75,0.,59.95));
#5288=CARTESIAN_POINT('Origin',(163.5,0.,-59.95));
#5289=CARTESIAN_POINT('',(81.75,0.,-59.95));
#5290=CARTESIAN_POINT('Origin',(163.5,1.95,-50.));
#5291=CARTESIAN_POINT('Origin',(3.5527136788005E-14,0.,-1.77635683940025E-14));
#5292=CARTESIAN_POINT('Origin',(136.5,4.,55.));
#5293=CARTESIAN_POINT('',(139.1,1.95,55.));
#5294=CARTESIAN_POINT('Origin',(136.5,1.95,55.));
#5295=CARTESIAN_POINT('',(139.1,0.,55.));
#5296=CARTESIAN_POINT('',(139.1,4.,55.));
#5297=CARTESIAN_POINT('Origin',(136.5,0.,55.));
#5298=CARTESIAN_POINT('Origin',(96.5,4.,55.));
#5299=CARTESIAN_POINT('',(99.1,1.95,55.));
#5300=CARTESIAN_POINT('Origin',(96.5,1.95,55.));
#5301=CARTESIAN_POINT('',(99.1,0.,55.));
#5302=CARTESIAN_POINT('',(99.1,4.,55.));
#5303=CARTESIAN_POINT('Origin',(96.5,0.,55.));
#5304=CARTESIAN_POINT('Origin',(96.5,4.,-55.));
#5305=CARTESIAN_POINT('',(99.1,1.95,-55.));
#5306=CARTESIAN_POINT('Origin',(96.5,1.95,-55.));
#5307=CARTESIAN_POINT('',(99.1,0.,-55.));
#5308=CARTESIAN_POINT('',(99.1,4.,-55.));
#5309=CARTESIAN_POINT('Origin',(96.5,0.,-55.));
#5310=CARTESIAN_POINT('Origin',(136.5,4.,-55.));
#5311=CARTESIAN_POINT('',(139.1,1.95,-55.));
#5312=CARTESIAN_POINT('Origin',(136.5,1.95,-55.));
#5313=CARTESIAN_POINT('',(139.1,0.,-55.));
#5314=CARTESIAN_POINT('',(139.1,4.,-55.));
#5315=CARTESIAN_POINT('Origin',(136.5,0.,-55.));
#5316=CARTESIAN_POINT('Origin',(54.95,0.,-3.49999999999998));
#5317=CARTESIAN_POINT('',(52.35,2.00000000000001,-3.49999999999998));
#5318=CARTESIAN_POINT('Origin',(54.95,2.00000000000001,-3.49999999999998));
#5319=CARTESIAN_POINT('',(52.35,4.,-3.49999999999998));
#5320=CARTESIAN_POINT('',(52.35,0.,-3.49999999999998));
#5321=CARTESIAN_POINT('Origin',(54.95,4.,-3.49999999999998));
#5322=CARTESIAN_POINT('Origin',(54.95,0.,36.5));
#5323=CARTESIAN_POINT('',(52.35,2.00000000000001,36.5));
#5324=CARTESIAN_POINT('Origin',(54.95,2.00000000000001,36.5));
#5325=CARTESIAN_POINT('',(52.35,4.,36.5));
#5326=CARTESIAN_POINT('',(52.35,0.,36.5));
#5327=CARTESIAN_POINT('Origin',(54.95,4.,36.5));
#5328=CARTESIAN_POINT('Origin',(54.95,0.,-43.5));
#5329=CARTESIAN_POINT('',(52.35,2.00000000000001,-43.5));
#5330=CARTESIAN_POINT('Origin',(54.95,2.00000000000001,-43.5));
#5331=CARTESIAN_POINT('',(52.35,4.,-43.5));
#5332=CARTESIAN_POINT('',(52.35,0.,-43.5));
#5333=CARTESIAN_POINT('Origin',(54.95,4.,-43.5));
#5334=CARTESIAN_POINT('Origin',(163.5,0.,136.5));
#5335=CARTESIAN_POINT('',(163.5,1.95,-50.));
#5336=CARTESIAN_POINT('',(163.5,4.,-50.));
#5337=CARTESIAN_POINT('',(163.5,0.975000000000001,-50.));
#5338=CARTESIAN_POINT('',(163.5,4.,50.));
#5339=CARTESIAN_POINT('',(163.5,4.,-136.5));
#5340=CARTESIAN_POINT('',(163.5,1.95,50.));
#5341=CARTESIAN_POINT('',(163.5,2.,50.));
#5342=CARTESIAN_POINT('',(163.5,1.95,59.95));
#5343=CARTESIAN_POINT('',(163.5,1.95,93.25));
#5344=CARTESIAN_POINT('',(163.5,0.,59.95));
#5345=CARTESIAN_POINT('',(163.5,0.975000000000175,59.95));
#5346=CARTESIAN_POINT('',(163.5,0.,-59.95));
#5347=CARTESIAN_POINT('',(163.5,0.,-136.5));
#5348=CARTESIAN_POINT('',(163.5,1.95,-59.95));
#5349=CARTESIAN_POINT('',(163.5,-4.47391411666896E-13,-59.95));
#5350=CARTESIAN_POINT('',(163.5,1.95,38.275));
#5351=CARTESIAN_POINT('Origin',(163.5,1.95,-59.95));
#5352=CARTESIAN_POINT('',(60.,1.95,-59.95));
#5353=CARTESIAN_POINT('',(60.,1.95,-50.));
#5354=CARTESIAN_POINT('',(60.,1.95,38.275));
#5355=CARTESIAN_POINT('',(163.5,1.95,-50.));
#5356=CARTESIAN_POINT('',(163.5,1.95,-59.95));
#5357=CARTESIAN_POINT('Origin',(163.5,0.,-59.95));
#5358=CARTESIAN_POINT('',(60.,1.77635683940025E-14,-59.95));
#5359=CARTESIAN_POINT('',(60.,0.999999999999558,-59.95));
#5360=CARTESIAN_POINT('',(81.75,0.,-59.95));
#5361=CARTESIAN_POINT('Origin',(3.5527136788005E-14,0.,-1.77635683940025E-14));
#5362=CARTESIAN_POINT('',(60.,1.77635683940025E-14,59.95));
#5363=CARTESIAN_POINT('',(60.,0.,68.25));
#5364=CARTESIAN_POINT('',(81.75,0.,59.95));
#5365=CARTESIAN_POINT('Origin',(163.5,1.95,59.95));
#5366=CARTESIAN_POINT('',(60.,1.95,59.95));
#5367=CARTESIAN_POINT('',(60.,1.97500000000018,59.95));
#5368=CARTESIAN_POINT('',(163.5,1.95,59.95));
#5369=CARTESIAN_POINT('Origin',(163.5,1.95,-50.));
#5370=CARTESIAN_POINT('',(50.05,2.00000000000001,-50.));
#5371=CARTESIAN_POINT('',(50.05,4.00000000000001,-50.));
#5372=CARTESIAN_POINT('',(50.05,2.97500000000001,-50.));
#5373=CARTESIAN_POINT('',(81.75,4.,-50.));
#5374=CARTESIAN_POINT('',(60.,2.00000000000001,-50.));
#5375=CARTESIAN_POINT('',(60.,1.97500000000001,-50.));
#5376=CARTESIAN_POINT('',(106.775,2.00000000000001,-50.));
#5377=CARTESIAN_POINT('Origin',(163.5,1.95,50.));
#5378=CARTESIAN_POINT('',(60.,1.95,50.));
#5379=CARTESIAN_POINT('',(60.,1.95,93.25));
#5380=CARTESIAN_POINT('',(163.5,1.95,50.));
#5381=CARTESIAN_POINT('Origin',(163.5,4.,50.));
#5382=CARTESIAN_POINT('',(50.05,4.00000000000001,50.));
#5383=CARTESIAN_POINT('',(50.05,2.00000000000001,50.));
#5384=CARTESIAN_POINT('',(50.05,4.00000000000001,50.));
#5385=CARTESIAN_POINT('',(60.,2.00000000000001,50.));
#5386=CARTESIAN_POINT('',(106.775,2.00000000000001,50.));
#5387=CARTESIAN_POINT('',(60.,3.00000000000001,50.));
#5388=CARTESIAN_POINT('',(81.75,4.,50.));
#5389=CARTESIAN_POINT('Origin',(3.5527136788005E-14,4.,-1.77635683940025E-14));
#5390=CARTESIAN_POINT('',(50.05,4.,68.25));
#5391=CARTESIAN_POINT('Origin',(50.05,4.00000000000001,136.5));
#5392=CARTESIAN_POINT('',(50.05,2.00000000000001,136.5));
#5393=CARTESIAN_POINT('Origin',(60.,2.00000000000001,136.5));
#5394=CARTESIAN_POINT('',(60.,2.00000000000001,136.5));
#5395=CARTESIAN_POINT('Origin',(50.05,2.00000000000001,136.5));
#5396=CARTESIAN_POINT('Origin',(-143.5,4.,-55.));
#5397=CARTESIAN_POINT('',(-140.9,4.,-55.));
#5398=CARTESIAN_POINT('Origin',(-143.5,4.,-55.));
#5399=CARTESIAN_POINT('',(-140.9,2.,-55.));
#5400=CARTESIAN_POINT('',(-140.9,4.,-55.));
#5401=CARTESIAN_POINT('Origin',(-143.5,2.,-55.));
#5402=CARTESIAN_POINT('Origin',(-103.5,4.,-55.));
#5403=CARTESIAN_POINT('',(-100.9,4.,-55.));
#5404=CARTESIAN_POINT('Origin',(-103.5,4.,-55.));
#5405=CARTESIAN_POINT('',(-100.9,2.,-55.));
#5406=CARTESIAN_POINT('',(-100.9,4.,-55.));
#5407=CARTESIAN_POINT('Origin',(-103.5,2.,-55.));
#5408=CARTESIAN_POINT('Origin',(-63.5,4.,-55.));
#5409=CARTESIAN_POINT('',(-60.9,4.,-55.));
#5410=CARTESIAN_POINT('Origin',(-63.5,4.,-55.));
#5411=CARTESIAN_POINT('',(-60.9,2.,-55.));
#5412=CARTESIAN_POINT('',(-60.9,4.,-55.));
#5413=CARTESIAN_POINT('Origin',(-63.5,2.,-55.));
#5414=CARTESIAN_POINT('Origin',(-54.95,0.,-83.5));
#5415=CARTESIAN_POINT('',(-57.55,2.,-83.5));
#5416=CARTESIAN_POINT('Origin',(-54.95,2.,-83.5));
#5417=CARTESIAN_POINT('',(-57.55,4.,-83.5));
#5418=CARTESIAN_POINT('',(-57.55,0.,-83.5));
#5419=CARTESIAN_POINT('Origin',(-54.95,4.,-83.5));
#5420=CARTESIAN_POINT('Origin',(-54.95,0.,-123.5));
#5421=CARTESIAN_POINT('',(-57.55,2.,-123.5));
#5422=CARTESIAN_POINT('Origin',(-54.95,2.,-123.5));
#5423=CARTESIAN_POINT('',(-57.55,4.,-123.5));
#5424=CARTESIAN_POINT('',(-57.55,0.,-123.5));
#5425=CARTESIAN_POINT('Origin',(-54.95,4.,-123.5));
#5426=CARTESIAN_POINT('Origin',(-60.,1.77635683940025E-14,136.5));
#5427=CARTESIAN_POINT('',(-60.,2.00000000000001,-136.5));
#5428=CARTESIAN_POINT('',(-60.,0.,-136.5));
#5429=CARTESIAN_POINT('',(-60.,8.88178419700125E-15,-136.5));
#5430=CARTESIAN_POINT('',(-60.,2.00000000000001,-60.));
#5431=CARTESIAN_POINT('',(-60.,2.00000000000001,136.5));
#5432=CARTESIAN_POINT('',(-60.,1.77635683940025E-14,-60.));
#5433=CARTESIAN_POINT('',(-60.,1.00000000000001,-60.));
#5434=CARTESIAN_POINT('',(-60.,0.,68.25));
#5435=CARTESIAN_POINT('Origin',(-50.05,2.00000000000001,136.5));
#5436=CARTESIAN_POINT('',(-50.05,4.00000000000001,-136.5));
#5437=CARTESIAN_POINT('',(-50.05,2.00000000000001,-136.5));
#5438=CARTESIAN_POINT('',(-50.05,1.00000000000001,-136.5));
#5439=CARTESIAN_POINT('',(-50.05,4.00000000000001,-50.05));
#5440=CARTESIAN_POINT('',(-50.05,4.,68.25));
#5441=CARTESIAN_POINT('',(-50.05,2.,-50.05));
#5442=CARTESIAN_POINT('',(-50.05,3.00000000000001,-50.05));
#5443=CARTESIAN_POINT('',(-50.05,2.,43.225));
#5444=CARTESIAN_POINT('Origin',(3.5527136788005E-14,4.,-1.77635683940025E-14));
#5445=CARTESIAN_POINT('',(-159.5,4.,-136.5));
#5446=CARTESIAN_POINT('',(-163.5,4.,-136.5));
#5447=CARTESIAN_POINT('',(-163.5,4.,-132.5));
#5448=CARTESIAN_POINT('Origin',(-159.5,4.,-132.5));
#5449=CARTESIAN_POINT('',(-163.5,4.,-50.05));
#5450=CARTESIAN_POINT('',(-163.5,4.,-116.5));
#5451=CARTESIAN_POINT('',(81.75,4.,-50.05));
#5452=CARTESIAN_POINT('',(-156.7,4.,-106.499998365932));
#5453=CARTESIAN_POINT('Origin',(-154.6,4.,-106.499998365932));
#5454=CARTESIAN_POINT('Origin',(163.5,0.,-136.5));
#5455=CARTESIAN_POINT('',(-159.5,0.,-136.5));
#5456=CARTESIAN_POINT('',(-163.5,0.,-136.5));
#5457=CARTESIAN_POINT('',(-159.5,0.,-136.5));
#5458=CARTESIAN_POINT('',(51.75,2.00000000000001,-136.5));
#5459=CARTESIAN_POINT('Origin',(3.5527136788005E-14,0.,-1.77635683940025E-14));
#5460=CARTESIAN_POINT('',(-163.5,0.,-60.));
#5461=CARTESIAN_POINT('',(81.75,0.,-60.));
#5462=CARTESIAN_POINT('',(-163.5,0.,-132.5));
#5463=CARTESIAN_POINT('',(-163.5,0.,-116.5));
#5464=CARTESIAN_POINT('Origin',(-159.5,0.,-132.5));
#5465=CARTESIAN_POINT('',(-156.7,0.,-106.499998365932));
#5466=CARTESIAN_POINT('Origin',(-154.6,0.,-106.499998365932));
#5467=CARTESIAN_POINT('Origin',(163.5,4.,-50.05));
#5468=CARTESIAN_POINT('',(-163.5,2.,-50.05));
#5469=CARTESIAN_POINT('',(-163.5,2.,-50.05));
#5470=CARTESIAN_POINT('',(163.5,2.,-50.05));
#5471=CARTESIAN_POINT('Origin',(163.5,2.,-60.));
#5472=CARTESIAN_POINT('',(-163.5,2.,-60.));
#5473=CARTESIAN_POINT('',(163.5,2.,-60.));
#5474=CARTESIAN_POINT('',(-163.5,1.,-60.));
#5475=CARTESIAN_POINT('Origin',(163.5,2.,-50.05));
#5476=CARTESIAN_POINT('',(-163.5,2.,-93.275));
#5477=CARTESIAN_POINT('Origin',(-163.5,0.,-136.5));
#5478=CARTESIAN_POINT('',(-163.5,0.,-132.5));
#5479=CARTESIAN_POINT('Origin',(-159.5,0.,-132.5));
#5480=CARTESIAN_POINT('Origin',(-154.6,0.,-106.499998365932));
#5481=CARTESIAN_POINT('',(-156.7,0.,-106.499998365932));
#5482=CARTESIAN_POINT('Origin',(56.5,4.,-55.));
#5483=CARTESIAN_POINT('',(59.1,4.,-55.));
#5484=CARTESIAN_POINT('Origin',(56.5,4.,-55.));
#5485=CARTESIAN_POINT('',(59.1,2.,-55.));
#5486=CARTESIAN_POINT('',(59.1,4.,-55.));
#5487=CARTESIAN_POINT('Origin',(56.5,2.,-55.));
#5488=CARTESIAN_POINT('Origin',(96.5,4.,-55.));
#5489=CARTESIAN_POINT('',(99.1,4.,-55.));
#5490=CARTESIAN_POINT('Origin',(96.5,4.,-55.));
#5491=CARTESIAN_POINT('',(99.1,2.,-55.));
#5492=CARTESIAN_POINT('',(99.1,4.,-55.));
#5493=CARTESIAN_POINT('Origin',(96.5,2.,-55.));
#5494=CARTESIAN_POINT('Origin',(136.5,4.,-55.));
#5495=CARTESIAN_POINT('',(139.1,4.,-55.));
#5496=CARTESIAN_POINT('Origin',(136.5,4.,-55.));
#5497=CARTESIAN_POINT('',(139.1,2.,-55.));
#5498=CARTESIAN_POINT('',(139.1,4.,-55.));
#5499=CARTESIAN_POINT('Origin',(136.5,2.,-55.));
#5500=CARTESIAN_POINT('Origin',(54.95,0.,-83.5));
#5501=CARTESIAN_POINT('',(52.35,2.,-83.5));
#5502=CARTESIAN_POINT('Origin',(54.95,2.,-83.5));
#5503=CARTESIAN_POINT('',(52.35,4.,-83.5));
#5504=CARTESIAN_POINT('',(52.35,0.,-83.5));
#5505=CARTESIAN_POINT('Origin',(54.95,4.,-83.5));
#5506=CARTESIAN_POINT('Origin',(54.95,0.,-123.5));
#5507=CARTESIAN_POINT('',(52.35,2.,-123.5));
#5508=CARTESIAN_POINT('Origin',(54.95,2.,-123.5));
#5509=CARTESIAN_POINT('',(52.35,4.,-123.5));
#5510=CARTESIAN_POINT('',(52.35,0.,-123.5));
#5511=CARTESIAN_POINT('Origin',(54.95,4.,-123.5));
#5512=CARTESIAN_POINT('Origin',(154.6,0.,-106.499998365932));
#5513=CARTESIAN_POINT('',(156.7,4.,-106.499998365932));
#5514=CARTESIAN_POINT('Origin',(154.6,4.,-106.499998365932));
#5515=CARTESIAN_POINT('',(156.7,0.,-106.499998365932));
#5516=CARTESIAN_POINT('',(156.7,0.,-106.499998365932));
#5517=CARTESIAN_POINT('Origin',(154.6,0.,-106.499998365932));
#5518=CARTESIAN_POINT('Origin',(159.5,0.,-132.5));
#5519=CARTESIAN_POINT('',(159.5,4.,-136.5));
#5520=CARTESIAN_POINT('',(163.5,4.,-132.5));
#5521=CARTESIAN_POINT('Origin',(159.5,4.,-132.5));
#5522=CARTESIAN_POINT('',(163.5,0.,-132.5));
#5523=CARTESIAN_POINT('',(163.5,0.,-132.5));
#5524=CARTESIAN_POINT('',(159.5,0.,-136.5));
#5525=CARTESIAN_POINT('Origin',(159.5,0.,-132.5));
#5526=CARTESIAN_POINT('',(159.5,0.,-136.5));
#5527=CARTESIAN_POINT('Origin',(163.5,0.,136.5));
#5528=CARTESIAN_POINT('',(163.5,4.,-50.05));
#5529=CARTESIAN_POINT('',(163.5,2.,-50.05));
#5530=CARTESIAN_POINT('',(163.5,2.,-50.05));
#5531=CARTESIAN_POINT('',(163.5,2.,-60.));
#5532=CARTESIAN_POINT('',(163.5,2.,43.225));
#5533=CARTESIAN_POINT('',(163.5,0.,-60.));
#5534=CARTESIAN_POINT('',(163.5,1.,-60.));
#5535=CARTESIAN_POINT('',(163.5,0.,-136.5));
#5536=CARTESIAN_POINT('',(163.5,4.,-136.5));
#5537=CARTESIAN_POINT('Origin',(163.5,2.,-50.05));
#5538=CARTESIAN_POINT('',(60.,2.00000000000001,-60.));
#5539=CARTESIAN_POINT('',(163.5,2.,-60.));
#5540=CARTESIAN_POINT('',(50.05,2.00000000000001,-50.05));
#5541=CARTESIAN_POINT('',(163.5,2.,-50.05));
#5542=CARTESIAN_POINT('',(50.05,2.00000000000001,-136.5));
#5543=CARTESIAN_POINT('',(50.05,2.,43.225));
#5544=CARTESIAN_POINT('',(60.,2.00000000000001,-136.5));
#5545=CARTESIAN_POINT('',(106.775,2.00000000000001,-136.5));
#5546=CARTESIAN_POINT('',(60.,2.00000000000001,136.5));
#5547=CARTESIAN_POINT('Origin',(163.5,2.,-60.));
#5548=CARTESIAN_POINT('',(60.,1.77635683940025E-14,-60.));
#5549=CARTESIAN_POINT('',(60.,2.00000000000001,-60.));
#5550=CARTESIAN_POINT('',(81.75,0.,-60.));
#5551=CARTESIAN_POINT('Origin',(163.5,4.,-50.05));
#5552=CARTESIAN_POINT('',(50.05,4.00000000000001,-50.05));
#5553=CARTESIAN_POINT('',(50.05,4.00000000000001,-50.05));
#5554=CARTESIAN_POINT('',(81.75,4.,-50.05));
#5555=CARTESIAN_POINT('Origin',(3.5527136788005E-14,0.,-1.77635683940025E-14));
#5556=CARTESIAN_POINT('',(60.,1.77635683940025E-14,-136.5));
#5557=CARTESIAN_POINT('',(60.,0.,68.25));
#5558=CARTESIAN_POINT('',(-163.5,0.,-136.5));
#5559=CARTESIAN_POINT('Origin',(163.5,0.,-136.5));
#5560=CARTESIAN_POINT('',(50.05,4.,-136.5));
#5561=CARTESIAN_POINT('',(50.05,2.00000000000001,-136.5));
#5562=CARTESIAN_POINT('',(-163.5,4.,-136.5));
#5563=CARTESIAN_POINT('',(60.,1.00000000000001,-136.5));
#5564=CARTESIAN_POINT('Origin',(3.5527136788005E-14,4.,-1.77635683940025E-14));
#5565=CARTESIAN_POINT('',(50.05,4.,68.25));
#5566=CARTESIAN_POINT('Origin',(60.,2.00000000000001,136.5));
#5567=CARTESIAN_POINT('Origin',(50.05,4.00000000000001,136.5));
#5568=CARTESIAN_POINT('Origin',(136.5,4.,55.));
#5569=CARTESIAN_POINT('',(139.1,4.,55.));
#5570=CARTESIAN_POINT('Origin',(136.5,4.,55.));
#5571=CARTESIAN_POINT('',(139.1,2.,55.));
#5572=CARTESIAN_POINT('',(139.1,4.,55.));
#5573=CARTESIAN_POINT('Origin',(136.5,2.,55.));
#5574=CARTESIAN_POINT('Origin',(96.5,4.,55.));
#5575=CARTESIAN_POINT('',(99.1,4.,55.));
#5576=CARTESIAN_POINT('Origin',(96.5,4.,55.));
#5577=CARTESIAN_POINT('',(99.1,2.,55.));
#5578=CARTESIAN_POINT('',(99.1,4.,55.));
#5579=CARTESIAN_POINT('Origin',(96.5,2.,55.));
#5580=CARTESIAN_POINT('Origin',(56.5,4.,55.));
#5581=CARTESIAN_POINT('',(59.1,4.,55.));
#5582=CARTESIAN_POINT('Origin',(56.5,4.,55.));
#5583=CARTESIAN_POINT('',(59.1,2.,55.));
#5584=CARTESIAN_POINT('',(59.1,4.,55.));
#5585=CARTESIAN_POINT('Origin',(56.5,2.,55.));
#5586=CARTESIAN_POINT('Origin',(54.95,0.,76.5));
#5587=CARTESIAN_POINT('',(52.35,2.,76.5));
#5588=CARTESIAN_POINT('Origin',(54.95,2.,76.5));
#5589=CARTESIAN_POINT('',(52.35,4.,76.5));
#5590=CARTESIAN_POINT('',(52.35,0.,76.5));
#5591=CARTESIAN_POINT('Origin',(54.95,4.,76.5));
#5592=CARTESIAN_POINT('Origin',(54.95,0.,116.5));
#5593=CARTESIAN_POINT('',(52.35,2.,116.5));
#5594=CARTESIAN_POINT('Origin',(54.95,2.,116.5));
#5595=CARTESIAN_POINT('',(52.35,4.,116.5));
#5596=CARTESIAN_POINT('',(52.35,0.,116.5));
#5597=CARTESIAN_POINT('Origin',(54.95,4.,116.5));
#5598=CARTESIAN_POINT('Origin',(50.05,4.00000000000001,136.5));
#5599=CARTESIAN_POINT('',(50.05,2.00000000000001,50.05));
#5600=CARTESIAN_POINT('',(50.05,4.,50.05));
#5601=CARTESIAN_POINT('',(50.05,3.00000000000001,50.05));
#5602=CARTESIAN_POINT('',(50.05,2.00000000000001,136.5));
#5603=CARTESIAN_POINT('',(50.05,2.,98.25));
#5604=CARTESIAN_POINT('',(50.05,4.00000000000001,136.5));
#5605=CARTESIAN_POINT('',(50.05,2.00000000000001,136.5));
#5606=CARTESIAN_POINT('',(50.05,4.,68.25));
#5607=CARTESIAN_POINT('Origin',(60.,2.00000000000001,136.5));
#5608=CARTESIAN_POINT('',(60.,1.77635683940025E-14,60.));
#5609=CARTESIAN_POINT('',(60.,2.00000000000001,60.));
#5610=CARTESIAN_POINT('',(60.,1.00000000000001,60.));
#5611=CARTESIAN_POINT('',(60.,1.77635683940025E-14,136.5));
#5612=CARTESIAN_POINT('',(60.,0.,68.25));
#5613=CARTESIAN_POINT('',(60.,2.00000000000001,136.5));
#5614=CARTESIAN_POINT('',(60.,1.00000000000001,136.5));
#5615=CARTESIAN_POINT('',(60.,2.00000000000001,136.5));
#5616=CARTESIAN_POINT('Origin',(3.5527136788005E-14,0.,-1.77635683940025E-14));
#5617=CARTESIAN_POINT('',(163.5,0.,60.));
#5618=CARTESIAN_POINT('',(81.75,0.,60.));
#5619=CARTESIAN_POINT('',(163.5,0.,132.5));
#5620=CARTESIAN_POINT('',(163.5,0.,-136.5));
#5621=CARTESIAN_POINT('',(159.5,0.,136.5));
#5622=CARTESIAN_POINT('Origin',(159.5,0.,132.5));
#5623=CARTESIAN_POINT('',(163.5,0.,136.5));
#5624=CARTESIAN_POINT('',(156.7,0.,106.499998365932));
#5625=CARTESIAN_POINT('Origin',(154.6,0.,106.499998365932));
#5626=CARTESIAN_POINT('',(135.599999745022,0.,122.6));
#5627=CARTESIAN_POINT('Origin',(133.499999745022,0.,122.6));
#5628=CARTESIAN_POINT('Origin',(-163.5,0.,136.5));
#5629=CARTESIAN_POINT('',(159.5,4.,136.5));
#5630=CARTESIAN_POINT('',(159.5,0.,136.5));
#5631=CARTESIAN_POINT('',(163.5,4.,136.5));
#5632=CARTESIAN_POINT('',(-56.725,2.00000000000001,136.5));
#5633=CARTESIAN_POINT('Origin',(3.5527136788005E-14,4.,-1.77635683940025E-14));
#5634=CARTESIAN_POINT('',(163.5,4.,132.5));
#5635=CARTESIAN_POINT('Origin',(159.5,4.,132.5));
#5636=CARTESIAN_POINT('',(163.5,4.,50.05));
#5637=CARTESIAN_POINT('',(163.5,4.,-136.5));
#5638=CARTESIAN_POINT('',(81.75,4.,50.05));
#5639=CARTESIAN_POINT('',(135.599999745022,4.,122.6));
#5640=CARTESIAN_POINT('Origin',(133.499999745022,4.,122.6));
#5641=CARTESIAN_POINT('',(156.7,4.,106.499998365932));
#5642=CARTESIAN_POINT('Origin',(154.6,4.,106.499998365932));
#5643=CARTESIAN_POINT('Origin',(163.5,0.,60.));
#5644=CARTESIAN_POINT('',(163.5,2.,60.));
#5645=CARTESIAN_POINT('',(163.5,2.,60.));
#5646=CARTESIAN_POINT('',(163.5,0.,60.));
#5647=CARTESIAN_POINT('Origin',(163.5,2.,50.05));
#5648=CARTESIAN_POINT('',(163.5,2.,50.05));
#5649=CARTESIAN_POINT('',(163.5,1.,50.05));
#5650=CARTESIAN_POINT('',(163.5,2.,50.05));
#5651=CARTESIAN_POINT('Origin',(163.5,2.,60.));
#5652=CARTESIAN_POINT('',(163.5,2.,98.25));
#5653=CARTESIAN_POINT('Origin',(133.499999745022,0.,122.6));
#5654=CARTESIAN_POINT('',(135.599999745022,0.,122.6));
#5655=CARTESIAN_POINT('Origin',(154.6,0.,106.499998365932));
#5656=CARTESIAN_POINT('',(156.7,0.,106.499998365932));
#5657=CARTESIAN_POINT('Origin',(159.5,0.,132.5));
#5658=CARTESIAN_POINT('',(163.5,0.,132.5));
#5659=CARTESIAN_POINT('Origin',(163.5,0.,136.5));
#5660=CARTESIAN_POINT('Origin',(16.5,4.,55.));
#5661=CARTESIAN_POINT('',(19.1,4.,55.));
#5662=CARTESIAN_POINT('Origin',(16.5,4.,55.));
#5663=CARTESIAN_POINT('',(19.1,2.,55.));
#5664=CARTESIAN_POINT('',(19.1,4.,55.));
#5665=CARTESIAN_POINT('Origin',(16.5,2.,55.));
#5666=CARTESIAN_POINT('Origin',(-23.5,4.,55.));
#5667=CARTESIAN_POINT('',(-20.9,4.,55.));
#5668=CARTESIAN_POINT('Origin',(-23.5,4.,55.));
#5669=CARTESIAN_POINT('',(-20.9,2.,55.));
#5670=CARTESIAN_POINT('',(-20.9,4.,55.));
#5671=CARTESIAN_POINT('Origin',(-23.5,2.,55.));
#5672=CARTESIAN_POINT('Origin',(54.95,0.,76.5));
#5673=CARTESIAN_POINT('',(52.35,0.,76.5));
#5674=CARTESIAN_POINT('Origin',(54.95,0.,76.5));
#5675=CARTESIAN_POINT('',(52.35,1.95000000000001,76.5));
#5676=CARTESIAN_POINT('',(52.35,0.,76.5));
#5677=CARTESIAN_POINT('Origin',(54.95,1.95000000000001,76.5));
#5678=CARTESIAN_POINT('Origin',(54.95,0.,116.5));
#5679=CARTESIAN_POINT('',(52.35,0.,116.5));
#5680=CARTESIAN_POINT('Origin',(54.95,0.,116.5));
#5681=CARTESIAN_POINT('',(52.35,1.95000000000001,116.5));
#5682=CARTESIAN_POINT('',(52.35,0.,116.5));
#5683=CARTESIAN_POINT('Origin',(54.95,1.95000000000001,116.5));
#5684=CARTESIAN_POINT('Origin',(-54.95,0.,76.5));
#5685=CARTESIAN_POINT('',(-57.55,0.,76.5));
#5686=CARTESIAN_POINT('Origin',(-54.95,0.,76.5));
#5687=CARTESIAN_POINT('',(-57.55,1.95000000000001,76.5));
#5688=CARTESIAN_POINT('',(-57.55,0.,76.5));
#5689=CARTESIAN_POINT('Origin',(-54.95,1.95000000000001,76.5));
#5690=CARTESIAN_POINT('Origin',(-54.95,0.,116.5));
#5691=CARTESIAN_POINT('',(-57.55,0.,116.5));
#5692=CARTESIAN_POINT('Origin',(-54.95,0.,116.5));
#5693=CARTESIAN_POINT('',(-57.55,1.95000000000001,116.5));
#5694=CARTESIAN_POINT('',(-57.55,0.,116.5));
#5695=CARTESIAN_POINT('Origin',(-54.95,1.95000000000001,116.5));
#5696=CARTESIAN_POINT('Origin',(163.5,0.,60.));
#5697=CARTESIAN_POINT('',(-50.,1.95000000000001,60.));
#5698=CARTESIAN_POINT('',(-50.,2.,60.));
#5699=CARTESIAN_POINT('',(-50.,2.00000000000001,60.));
#5700=CARTESIAN_POINT('',(50.,2.,60.));
#5701=CARTESIAN_POINT('',(163.5,2.,60.));
#5702=CARTESIAN_POINT('',(50.,1.95000000000001,60.));
#5703=CARTESIAN_POINT('',(50.,0.975000000000006,60.));
#5704=CARTESIAN_POINT('',(59.95,1.95000000000001,60.));
#5705=CARTESIAN_POINT('',(111.725,1.95000000000001,60.));
#5706=CARTESIAN_POINT('',(59.95,0.,60.));
#5707=CARTESIAN_POINT('',(59.95,2.402636494317E-13,60.));
#5708=CARTESIAN_POINT('',(-59.95,0.,60.));
#5709=CARTESIAN_POINT('',(81.75,0.,60.));
#5710=CARTESIAN_POINT('',(-59.95,1.95000000000001,60.));
#5711=CARTESIAN_POINT('',(-59.95,0.974999999998988,60.));
#5712=CARTESIAN_POINT('',(56.75,1.95000000000001,60.));
#5713=CARTESIAN_POINT('Origin',(163.5,2.,60.));
#5714=CARTESIAN_POINT('',(-50.,2.,50.05));
#5715=CARTESIAN_POINT('',(-50.,2.,98.25));
#5716=CARTESIAN_POINT('',(50.,2.,50.05));
#5717=CARTESIAN_POINT('',(163.5,2.,50.05));
#5718=CARTESIAN_POINT('',(50.,2.,98.25));
#5719=CARTESIAN_POINT('Origin',(163.5,2.,50.05));
#5720=CARTESIAN_POINT('',(-50.,4.,50.05));
#5721=CARTESIAN_POINT('',(-50.,3.00000000000001,50.05));
#5722=CARTESIAN_POINT('',(50.,4.00000000000001,50.05));
#5723=CARTESIAN_POINT('',(81.75,4.,50.05));
#5724=CARTESIAN_POINT('',(50.,1.97500000000001,50.05));
#5725=CARTESIAN_POINT('Origin',(3.5527136788005E-14,4.,-1.77635683940025E-14));
#5726=CARTESIAN_POINT('',(-50.,4.00000000000001,136.5));
#5727=CARTESIAN_POINT('',(-50.,4.,68.25));
#5728=CARTESIAN_POINT('',(50.,4.00000000000001,136.5));
#5729=CARTESIAN_POINT('',(163.5,4.,136.5));
#5730=CARTESIAN_POINT('',(50.,4.,68.25));
#5731=CARTESIAN_POINT('Origin',(-163.5,0.,136.5));
#5732=CARTESIAN_POINT('',(-50.,1.95000000000001,136.5));
#5733=CARTESIAN_POINT('',(-50.,2.00000000000001,136.5));
#5734=CARTESIAN_POINT('',(-59.95,1.95000000000001,136.5));
#5735=CARTESIAN_POINT('',(-106.75,1.95000000000001,136.5));
#5736=CARTESIAN_POINT('',(-59.95,1.77191594730175E-14,136.5));
#5737=CARTESIAN_POINT('',(-59.95,0.975000000000478,136.5));
#5738=CARTESIAN_POINT('',(59.95,8.88178419700125E-15,136.5));
#5739=CARTESIAN_POINT('',(163.5,0.,136.5));
#5740=CARTESIAN_POINT('',(59.95,1.95000000000001,136.5));
#5741=CARTESIAN_POINT('',(59.95,-5.04439794778404E-13,136.5));
#5742=CARTESIAN_POINT('',(50.,1.95000000000001,136.5));
#5743=CARTESIAN_POINT('',(-51.775,1.95000000000001,136.5));
#5744=CARTESIAN_POINT('',(50.,0.975000000000006,136.5));
#5745=CARTESIAN_POINT('Origin',(3.5527136788005E-14,0.,-1.77635683940025E-14));
#5746=CARTESIAN_POINT('',(-59.95,0.,68.25));
#5747=CARTESIAN_POINT('',(59.95,0.,68.25));
#5748=CARTESIAN_POINT('Origin',(59.95,8.88178419700125E-15,136.5));
#5749=CARTESIAN_POINT('',(59.95,1.95000000000001,136.5));
#5750=CARTESIAN_POINT('Origin',(59.95,1.95000000000001,136.5));
#5751=CARTESIAN_POINT('',(50.,1.95000000000001,136.5));
#5752=CARTESIAN_POINT('Origin',(50.,1.95000000000001,136.5));
#5753=CARTESIAN_POINT('Origin',(-50.,1.95000000000001,136.5));
#5754=CARTESIAN_POINT('',(-59.95,1.95000000000001,136.5));
#5755=CARTESIAN_POINT('',(-50.,1.95000000000001,136.5));
#5756=CARTESIAN_POINT('Origin',(-59.95,1.95000000000001,136.5));
#5757=CARTESIAN_POINT('Origin',(-50.,4.00000000000001,136.5));
#5758=CARTESIAN_POINT('',(-54.95,4.,-3.49999999999998));
#5759=CARTESIAN_POINT('',(-54.95,4.,-43.5));
#5760=CARTESIAN_POINT('',(-143.5,4.,-55.));
#5761=CARTESIAN_POINT('',(-103.5,4.,-55.));
#5762=CARTESIAN_POINT('',(-54.95,4.,-83.5));
#5763=CARTESIAN_POINT('',(-54.95,4.,-123.5));
#5764=CARTESIAN_POINT('',(-63.5,4.,-55.));
#5765=CARTESIAN_POINT('',(16.5,4.,-55.));
#5766=CARTESIAN_POINT('',(-23.5,4.,-55.));
#5767=CARTESIAN_POINT('',(-103.5,4.,55.));
#5768=CARTESIAN_POINT('',(-143.5,4.,55.));
#5769=CARTESIAN_POINT('',(-54.95,4.,76.5));
#5770=CARTESIAN_POINT('',(-54.95,4.,116.5));
#5771=CARTESIAN_POINT('',(-63.5,4.,55.));
#5772=CARTESIAN_POINT('',(16.5,4.,55.));
#5773=CARTESIAN_POINT('',(-23.5,4.,55.));
#5774=CARTESIAN_POINT('',(-54.95,4.,36.5));
#5775=CARTESIAN_POINT('',(54.95,4.,-3.49999999999998));
#5776=CARTESIAN_POINT('',(54.95,4.,-43.5));
#5777=CARTESIAN_POINT('',(54.95,4.,36.5));
#5778=CARTESIAN_POINT('',(136.5,4.,55.));
#5779=CARTESIAN_POINT('',(96.5,4.,55.));
#5780=CARTESIAN_POINT('',(54.95,4.,76.5));
#5781=CARTESIAN_POINT('',(54.95,4.,116.5));
#5782=CARTESIAN_POINT('',(56.5,4.,55.));
#5783=CARTESIAN_POINT('',(96.5,4.,-55.));
#5784=CARTESIAN_POINT('',(136.5,4.,-55.));
#5785=CARTESIAN_POINT('',(54.95,4.,-83.5));
#5786=CARTESIAN_POINT('',(54.95,4.,-123.5));
#5787=CARTESIAN_POINT('',(56.5,4.,-55.));
#5788=UNCERTAINTY_MEASURE_WITH_UNIT(LENGTH_MEASURE(0.01),#5794,
'DISTANCE_ACCURACY_VALUE',
'Maximum model space distance between geometric entities at asserted c
onnectivities');
#5789=UNCERTAINTY_MEASURE_WITH_UNIT(LENGTH_MEASURE(0.01),#5794,
'DISTANCE_ACCURACY_VALUE',
'Maximum model space distance between geometric entities at asserted c
onnectivities');
#5790=UNCERTAINTY_MEASURE_WITH_UNIT(LENGTH_MEASURE(0.01),#5794,
'DISTANCE_ACCURACY_VALUE',
'Maximum model space distance between geometric entities at asserted c
onnectivities');
#5791=(
GEOMETRIC_REPRESENTATION_CONTEXT(3)
GLOBAL_UNCERTAINTY_ASSIGNED_CONTEXT((#5788))
GLOBAL_UNIT_ASSIGNED_CONTEXT((#5794,#5796,#5797))
REPRESENTATION_CONTEXT('','3D')
);
#5792=(
GEOMETRIC_REPRESENTATION_CONTEXT(3)
GLOBAL_UNCERTAINTY_ASSIGNED_CONTEXT((#5789))
GLOBAL_UNIT_ASSIGNED_CONTEXT((#5794,#5796,#5797))
REPRESENTATION_CONTEXT('','3D')
);
#5793=(
GEOMETRIC_REPRESENTATION_CONTEXT(3)
GLOBAL_UNCERTAINTY_ASSIGNED_CONTEXT((#5790))
GLOBAL_UNIT_ASSIGNED_CONTEXT((#5794,#5796,#5797))
REPRESENTATION_CONTEXT('','3D')
);
#5794=(
LENGTH_UNIT()
NAMED_UNIT(*)
SI_UNIT(.MILLI.,.METRE.)
);
#5795=(
LENGTH_UNIT()
NAMED_UNIT(*)
SI_UNIT($,.METRE.)
);
#5796=(
NAMED_UNIT(*)
PLANE_ANGLE_UNIT()
SI_UNIT($,.RADIAN.)
);
#5797=(
NAMED_UNIT(*)
SI_UNIT($,.STERADIAN.)
SOLID_ANGLE_UNIT()
);
#5798=SHAPE_DEFINITION_REPRESENTATION(#5800,#5832);
#5799=SHAPE_DEFINITION_REPRESENTATION(#5801,#5833);
#5800=PRODUCT_DEFINITION_SHAPE('',$,#5835);
#5801=PRODUCT_DEFINITION_SHAPE('',$,#5836);
#5802=PRODUCT_DEFINITION_SHAPE($,$,#101);
#5803=PRODUCT_DEFINITION_SHAPE($,$,#102);
#5804=PRODUCT_DEFINITION_SHAPE($,$,#103);
#5805=PRODUCT_DEFINITION_SHAPE($,$,#104);
#5806=PRODUCT_DEFINITION_SHAPE($,$,#105);
#5807=PRODUCT_DEFINITION_SHAPE($,$,#106);
#5808=PRODUCT_DEFINITION_SHAPE($,$,#107);
#5809=PRODUCT_DEFINITION_SHAPE($,$,#108);
#5810=PRODUCT_DEFINITION_SHAPE($,$,#109);
#5811=PRODUCT_DEFINITION_SHAPE($,$,#110);
#5812=PRODUCT_DEFINITION_SHAPE($,$,#111);
#5813=PRODUCT_DEFINITION_SHAPE($,$,#112);
#5814=PRODUCT_DEFINITION_SHAPE($,$,#113);
#5815=PRODUCT_DEFINITION_SHAPE($,$,#114);
#5816=PRODUCT_DEFINITION_SHAPE($,$,#115);
#5817=PRODUCT_DEFINITION_SHAPE($,$,#116);
#5818=PRODUCT_DEFINITION_SHAPE($,$,#117);
#5819=PRODUCT_DEFINITION_SHAPE($,$,#118);
#5820=PRODUCT_DEFINITION_SHAPE($,$,#119);
#5821=PRODUCT_DEFINITION_SHAPE($,$,#120);
#5822=PRODUCT_DEFINITION_SHAPE($,$,#121);
#5823=PRODUCT_DEFINITION_SHAPE($,$,#122);
#5824=PRODUCT_DEFINITION_SHAPE($,$,#123);
#5825=PRODUCT_DEFINITION_SHAPE($,$,#124);
#5826=PRODUCT_DEFINITION_SHAPE($,$,#125);
#5827=PRODUCT_DEFINITION_SHAPE($,$,#126);
#5828=PRODUCT_DEFINITION_SHAPE($,$,#127);
#5829=PRODUCT_DEFINITION_SHAPE($,$,#128);
#5830=PRODUCT_DEFINITION_SHAPE($,$,#129);
#5831=PRODUCT_DEFINITION_SHAPE($,$,#130);
#5832=SHAPE_REPRESENTATION('',(#3501,#3819,#3820,#3821,#3822,#3823,#3824,
#3825,#3826,#3827,#3828,#3829,#3830,#3831,#3832,#3833,#3834,#3835,#3836,
#3837,#3838,#3839,#3840,#3841,#3842,#3843,#3844,#3845,#3846,#3847,#3848),
#5791);
#5833=SHAPE_REPRESENTATION('',(#3502),#5792);
#5834=PRODUCT_DEFINITION_CONTEXT('part definition',#5842,'design');
#5835=PRODUCT_DEFINITION('2026-10-02-13-13-17-695','sideplate',#5837,#5834);
#5836=PRODUCT_DEFINITION('DIN 660 - B 5 x 12 Steel Plain',
'Rivet DIN 660 - 5 x 12 Steel Plain',#5838,#5834);
#5837=PRODUCT_DEFINITION_FORMATION('',$,#5844);
#5838=PRODUCT_DEFINITION_FORMATION('',$,#5845);
#5839=PRODUCT_RELATED_PRODUCT_CATEGORY('sideplate','sideplate',(#5844));
#5840=PRODUCT_RELATED_PRODUCT_CATEGORY(
'Rivet DIN 660 - 5 x 12 Steel Plain',
'Rivet DIN 660 - 5 x 12 Steel Plain',(#5845));
#5841=APPLICATION_PROTOCOL_DEFINITION('international standard',
'automotive_design',2009,#5842);
#5842=APPLICATION_CONTEXT(
'Core Data for Automotive Mechanical Design Process');
#5843=PRODUCT_CONTEXT('part definition',#5842,'mechanical');
#5844=PRODUCT('2026-10-02-13-13-17-695','sideplate',$,(#5843));
#5845=PRODUCT('DIN 660 - B 5 x 12 Steel Plain',
'Rivet DIN 660 - 5 x 12 Steel Plain','Rivet DIN 660 - 5 x 12',(#5843));
#5846=PRESENTATION_STYLE_ASSIGNMENT((#5848));
#5847=PRESENTATION_STYLE_ASSIGNMENT((#5849));
#5848=SURFACE_STYLE_USAGE(.BOTH.,#5850);
#5849=SURFACE_STYLE_USAGE(.BOTH.,#5851);
#5850=SURFACE_SIDE_STYLE('',(#5852));
#5851=SURFACE_SIDE_STYLE('',(#5853));
#5852=SURFACE_STYLE_FILL_AREA(#5854);
#5853=SURFACE_STYLE_FILL_AREA(#5855);
#5854=FILL_AREA_STYLE('Steel - Satin',(#5856));
#5855=FILL_AREA_STYLE('EPX 86FR (with Carbon M2 M3 L1 3D Printers)',(#5857));
#5856=FILL_AREA_STYLE_COLOUR('Steel - Satin',#5858);
#5857=FILL_AREA_STYLE_COLOUR(
'EPX 86FR (with Carbon M2 M3 L1 3D Printers)',#5859);
#5858=COLOUR_RGB('Steel - Satin',0.627450980392157,0.627450980392157,0.627450980392157);
#5859=COLOUR_RGB('EPX 86FR (with Carbon M2 M3 L1 3D Printers)',0.247058823529412,
0.247058823529412,0.247058823529412);
ENDSEC;
END-ISO-10303-21;
