ISO-10303-21;
HEADER;
/* Generated by software containing ST-Developer
 * from STEP Tools, Inc. (www.steptools.com) 
 */

FILE_DESCRIPTION(
/* description */ (''),
/* implementation_level */ '2;1');

FILE_NAME(
/* name */ 'base_cover.step',
/* time_stamp */ '2026-10-06T13:45:48+03:00',
/* author */ (''),
/* organization */ (''),
/* preprocessor_version */ 'ST-DEVELOPER v20.2',
/* originating_system */ 'Autodesk Translation Framework v15.15.0.0',
/* authorisation */ '');

FILE_SCHEMA (('AUTOMOTIVE_DESIGN { 1 0 10303 214 3 1 1 }'));
ENDSEC;

DATA;
#10=MECHANICAL_DESIGN_GEOMETRIC_PRESENTATION_REPRESENTATION('',(#143,#144,
#145,#146,#147,#148,#149,#150,#151,#152),#8647);
#11=ITEM_DEFINED_TRANSFORMATION($,$,#5186,#5669);
#12=ITEM_DEFINED_TRANSFORMATION($,$,#5186,#5670);
#13=ITEM_DEFINED_TRANSFORMATION($,$,#5186,#5671);
#14=ITEM_DEFINED_TRANSFORMATION($,$,#5186,#5672);
#15=ITEM_DEFINED_TRANSFORMATION($,$,#5186,#5673);
#16=ITEM_DEFINED_TRANSFORMATION($,$,#5186,#5674);
#17=ITEM_DEFINED_TRANSFORMATION($,$,#5186,#5675);
#18=ITEM_DEFINED_TRANSFORMATION($,$,#5186,#5676);
#19=ITEM_DEFINED_TRANSFORMATION($,$,#5186,#5677);
#20=ITEM_DEFINED_TRANSFORMATION($,$,#5186,#5678);
#21=ITEM_DEFINED_TRANSFORMATION($,$,#5186,#5679);
#22=ITEM_DEFINED_TRANSFORMATION($,$,#5186,#5680);
#23=ITEM_DEFINED_TRANSFORMATION($,$,#5186,#5681);
#24=ITEM_DEFINED_TRANSFORMATION($,$,#5186,#5682);
#25=ITEM_DEFINED_TRANSFORMATION($,$,#5186,#5683);
#26=ITEM_DEFINED_TRANSFORMATION($,$,#5186,#5684);
#27=ITEM_DEFINED_TRANSFORMATION($,$,#5186,#5685);
#28=ITEM_DEFINED_TRANSFORMATION($,$,#5186,#5686);
#29=ITEM_DEFINED_TRANSFORMATION($,$,#5186,#5687);
#30=ITEM_DEFINED_TRANSFORMATION($,$,#5186,#5688);
#31=ITEM_DEFINED_TRANSFORMATION($,$,#5186,#5689);
#32=ITEM_DEFINED_TRANSFORMATION($,$,#5186,#5690);
#33=ITEM_DEFINED_TRANSFORMATION($,$,#5186,#5691);
#34=ITEM_DEFINED_TRANSFORMATION($,$,#5186,#5692);
#35=ITEM_DEFINED_TRANSFORMATION($,$,#5186,#5693);
#36=ITEM_DEFINED_TRANSFORMATION($,$,#5186,#5694);
#37=ITEM_DEFINED_TRANSFORMATION($,$,#5186,#5695);
#38=ITEM_DEFINED_TRANSFORMATION($,$,#5186,#5696);
#39=ITEM_DEFINED_TRANSFORMATION($,$,#5186,#5697);
#40=ITEM_DEFINED_TRANSFORMATION($,$,#5186,#5698);
#41=ITEM_DEFINED_TRANSFORMATION($,$,#5186,#5699);
#42=ITEM_DEFINED_TRANSFORMATION($,$,#5186,#5700);
#43=(
REPRESENTATION_RELATIONSHIP($,$,#8689,#8688)
REPRESENTATION_RELATIONSHIP_WITH_TRANSFORMATION(#11)
SHAPE_REPRESENTATION_RELATIONSHIP()
);
#44=(
REPRESENTATION_RELATIONSHIP($,$,#8689,#8688)
REPRESENTATION_RELATIONSHIP_WITH_TRANSFORMATION(#12)
SHAPE_REPRESENTATION_RELATIONSHIP()
);
#45=(
REPRESENTATION_RELATIONSHIP($,$,#8689,#8688)
REPRESENTATION_RELATIONSHIP_WITH_TRANSFORMATION(#13)
SHAPE_REPRESENTATION_RELATIONSHIP()
);
#46=(
REPRESENTATION_RELATIONSHIP($,$,#8689,#8688)
REPRESENTATION_RELATIONSHIP_WITH_TRANSFORMATION(#14)
SHAPE_REPRESENTATION_RELATIONSHIP()
);
#47=(
REPRESENTATION_RELATIONSHIP($,$,#8689,#8688)
REPRESENTATION_RELATIONSHIP_WITH_TRANSFORMATION(#15)
SHAPE_REPRESENTATION_RELATIONSHIP()
);
#48=(
REPRESENTATION_RELATIONSHIP($,$,#8689,#8688)
REPRESENTATION_RELATIONSHIP_WITH_TRANSFORMATION(#16)
SHAPE_REPRESENTATION_RELATIONSHIP()
);
#49=(
REPRESENTATION_RELATIONSHIP($,$,#8689,#8688)
REPRESENTATION_RELATIONSHIP_WITH_TRANSFORMATION(#17)
SHAPE_REPRESENTATION_RELATIONSHIP()
);
#50=(
REPRESENTATION_RELATIONSHIP($,$,#8689,#8688)
REPRESENTATION_RELATIONSHIP_WITH_TRANSFORMATION(#18)
SHAPE_REPRESENTATION_RELATIONSHIP()
);
#51=(
REPRESENTATION_RELATIONSHIP($,$,#8689,#8688)
REPRESENTATION_RELATIONSHIP_WITH_TRANSFORMATION(#19)
SHAPE_REPRESENTATION_RELATIONSHIP()
);
#52=(
REPRESENTATION_RELATIONSHIP($,$,#8689,#8688)
REPRESENTATION_RELATIONSHIP_WITH_TRANSFORMATION(#20)
SHAPE_REPRESENTATION_RELATIONSHIP()
);
#53=(
REPRESENTATION_RELATIONSHIP($,$,#8689,#8688)
REPRESENTATION_RELATIONSHIP_WITH_TRANSFORMATION(#21)
SHAPE_REPRESENTATION_RELATIONSHIP()
);
#54=(
REPRESENTATION_RELATIONSHIP($,$,#8689,#8688)
REPRESENTATION_RELATIONSHIP_WITH_TRANSFORMATION(#22)
SHAPE_REPRESENTATION_RELATIONSHIP()
);
#55=(
REPRESENTATION_RELATIONSHIP($,$,#8689,#8688)
REPRESENTATION_RELATIONSHIP_WITH_TRANSFORMATION(#23)
SHAPE_REPRESENTATION_RELATIONSHIP()
);
#56=(
REPRESENTATION_RELATIONSHIP($,$,#8689,#8688)
REPRESENTATION_RELATIONSHIP_WITH_TRANSFORMATION(#24)
SHAPE_REPRESENTATION_RELATIONSHIP()
);
#57=(
REPRESENTATION_RELATIONSHIP($,$,#8689,#8688)
REPRESENTATION_RELATIONSHIP_WITH_TRANSFORMATION(#25)
SHAPE_REPRESENTATION_RELATIONSHIP()
);
#58=(
REPRESENTATION_RELATIONSHIP($,$,#8689,#8688)
REPRESENTATION_RELATIONSHIP_WITH_TRANSFORMATION(#26)
SHAPE_REPRESENTATION_RELATIONSHIP()
);
#59=(
REPRESENTATION_RELATIONSHIP($,$,#8689,#8688)
REPRESENTATION_RELATIONSHIP_WITH_TRANSFORMATION(#27)
SHAPE_REPRESENTATION_RELATIONSHIP()
);
#60=(
REPRESENTATION_RELATIONSHIP($,$,#8689,#8688)
REPRESENTATION_RELATIONSHIP_WITH_TRANSFORMATION(#28)
SHAPE_REPRESENTATION_RELATIONSHIP()
);
#61=(
REPRESENTATION_RELATIONSHIP($,$,#8689,#8688)
REPRESENTATION_RELATIONSHIP_WITH_TRANSFORMATION(#29)
SHAPE_REPRESENTATION_RELATIONSHIP()
);
#62=(
REPRESENTATION_RELATIONSHIP($,$,#8689,#8688)
REPRESENTATION_RELATIONSHIP_WITH_TRANSFORMATION(#30)
SHAPE_REPRESENTATION_RELATIONSHIP()
);
#63=(
REPRESENTATION_RELATIONSHIP($,$,#8689,#8688)
REPRESENTATION_RELATIONSHIP_WITH_TRANSFORMATION(#31)
SHAPE_REPRESENTATION_RELATIONSHIP()
);
#64=(
REPRESENTATION_RELATIONSHIP($,$,#8689,#8688)
REPRESENTATION_RELATIONSHIP_WITH_TRANSFORMATION(#32)
SHAPE_REPRESENTATION_RELATIONSHIP()
);
#65=(
REPRESENTATION_RELATIONSHIP($,$,#8689,#8688)
REPRESENTATION_RELATIONSHIP_WITH_TRANSFORMATION(#33)
SHAPE_REPRESENTATION_RELATIONSHIP()
);
#66=(
REPRESENTATION_RELATIONSHIP($,$,#8689,#8688)
REPRESENTATION_RELATIONSHIP_WITH_TRANSFORMATION(#34)
SHAPE_REPRESENTATION_RELATIONSHIP()
);
#67=(
REPRESENTATION_RELATIONSHIP($,$,#8689,#8688)
REPRESENTATION_RELATIONSHIP_WITH_TRANSFORMATION(#35)
SHAPE_REPRESENTATION_RELATIONSHIP()
);
#68=(
REPRESENTATION_RELATIONSHIP($,$,#8689,#8688)
REPRESENTATION_RELATIONSHIP_WITH_TRANSFORMATION(#36)
SHAPE_REPRESENTATION_RELATIONSHIP()
);
#69=(
REPRESENTATION_RELATIONSHIP($,$,#8689,#8688)
REPRESENTATION_RELATIONSHIP_WITH_TRANSFORMATION(#37)
SHAPE_REPRESENTATION_RELATIONSHIP()
);
#70=(
REPRESENTATION_RELATIONSHIP($,$,#8689,#8688)
REPRESENTATION_RELATIONSHIP_WITH_TRANSFORMATION(#38)
SHAPE_REPRESENTATION_RELATIONSHIP()
);
#71=(
REPRESENTATION_RELATIONSHIP($,$,#8689,#8688)
REPRESENTATION_RELATIONSHIP_WITH_TRANSFORMATION(#39)
SHAPE_REPRESENTATION_RELATIONSHIP()
);
#72=(
REPRESENTATION_RELATIONSHIP($,$,#8689,#8688)
REPRESENTATION_RELATIONSHIP_WITH_TRANSFORMATION(#40)
SHAPE_REPRESENTATION_RELATIONSHIP()
);
#73=(
REPRESENTATION_RELATIONSHIP($,$,#8689,#8688)
REPRESENTATION_RELATIONSHIP_WITH_TRANSFORMATION(#41)
SHAPE_REPRESENTATION_RELATIONSHIP()
);
#74=(
REPRESENTATION_RELATIONSHIP($,$,#8689,#8688)
REPRESENTATION_RELATIONSHIP_WITH_TRANSFORMATION(#42)
SHAPE_REPRESENTATION_RELATIONSHIP()
);
#75=CONTEXT_DEPENDENT_SHAPE_REPRESENTATION(#43,#8656);
#76=CONTEXT_DEPENDENT_SHAPE_REPRESENTATION(#44,#8657);
#77=CONTEXT_DEPENDENT_SHAPE_REPRESENTATION(#45,#8658);
#78=CONTEXT_DEPENDENT_SHAPE_REPRESENTATION(#46,#8659);
#79=CONTEXT_DEPENDENT_SHAPE_REPRESENTATION(#47,#8660);
#80=CONTEXT_DEPENDENT_SHAPE_REPRESENTATION(#48,#8661);
#81=CONTEXT_DEPENDENT_SHAPE_REPRESENTATION(#49,#8662);
#82=CONTEXT_DEPENDENT_SHAPE_REPRESENTATION(#50,#8663);
#83=CONTEXT_DEPENDENT_SHAPE_REPRESENTATION(#51,#8664);
#84=CONTEXT_DEPENDENT_SHAPE_REPRESENTATION(#52,#8665);
#85=CONTEXT_DEPENDENT_SHAPE_REPRESENTATION(#53,#8666);
#86=CONTEXT_DEPENDENT_SHAPE_REPRESENTATION(#54,#8667);
#87=CONTEXT_DEPENDENT_SHAPE_REPRESENTATION(#55,#8668);
#88=CONTEXT_DEPENDENT_SHAPE_REPRESENTATION(#56,#8669);
#89=CONTEXT_DEPENDENT_SHAPE_REPRESENTATION(#57,#8670);
#90=CONTEXT_DEPENDENT_SHAPE_REPRESENTATION(#58,#8671);
#91=CONTEXT_DEPENDENT_SHAPE_REPRESENTATION(#59,#8672);
#92=CONTEXT_DEPENDENT_SHAPE_REPRESENTATION(#60,#8673);
#93=CONTEXT_DEPENDENT_SHAPE_REPRESENTATION(#61,#8674);
#94=CONTEXT_DEPENDENT_SHAPE_REPRESENTATION(#62,#8675);
#95=CONTEXT_DEPENDENT_SHAPE_REPRESENTATION(#63,#8676);
#96=CONTEXT_DEPENDENT_SHAPE_REPRESENTATION(#64,#8677);
#97=CONTEXT_DEPENDENT_SHAPE_REPRESENTATION(#65,#8678);
#98=CONTEXT_DEPENDENT_SHAPE_REPRESENTATION(#66,#8679);
#99=CONTEXT_DEPENDENT_SHAPE_REPRESENTATION(#67,#8680);
#100=CONTEXT_DEPENDENT_SHAPE_REPRESENTATION(#68,#8681);
#101=CONTEXT_DEPENDENT_SHAPE_REPRESENTATION(#69,#8682);
#102=CONTEXT_DEPENDENT_SHAPE_REPRESENTATION(#70,#8683);
#103=CONTEXT_DEPENDENT_SHAPE_REPRESENTATION(#71,#8684);
#104=CONTEXT_DEPENDENT_SHAPE_REPRESENTATION(#72,#8685);
#105=CONTEXT_DEPENDENT_SHAPE_REPRESENTATION(#73,#8686);
#106=CONTEXT_DEPENDENT_SHAPE_REPRESENTATION(#74,#8687);
#107=NEXT_ASSEMBLY_USAGE_OCCURRENCE(
'Rivet DIN 7337 - A5 x 10 Steel Plain:1',
'Rivet DIN 7337 - A5 x 10 Steel Plain:1',
'Rivet DIN 7337 - A5 x 10 Steel Plain:1',#8691,#8692,
'Rivet DIN 7337 - A5 x 10 Steel Plain:1');
#108=NEXT_ASSEMBLY_USAGE_OCCURRENCE(
'Rivet DIN 7337 - A5 x 10 Steel Plain:2',
'Rivet DIN 7337 - A5 x 10 Steel Plain:2',
'Rivet DIN 7337 - A5 x 10 Steel Plain:2',#8691,#8692,
'Rivet DIN 7337 - A5 x 10 Steel Plain:2');
#109=NEXT_ASSEMBLY_USAGE_OCCURRENCE(
'Rivet DIN 7337 - A5 x 10 Steel Plain:3',
'Rivet DIN 7337 - A5 x 10 Steel Plain:3',
'Rivet DIN 7337 - A5 x 10 Steel Plain:3',#8691,#8692,
'Rivet DIN 7337 - A5 x 10 Steel Plain:3');
#110=NEXT_ASSEMBLY_USAGE_OCCURRENCE(
'Rivet DIN 7337 - A5 x 10 Steel Plain:4',
'Rivet DIN 7337 - A5 x 10 Steel Plain:4',
'Rivet DIN 7337 - A5 x 10 Steel Plain:4',#8691,#8692,
'Rivet DIN 7337 - A5 x 10 Steel Plain:4');
#111=NEXT_ASSEMBLY_USAGE_OCCURRENCE(
'Rivet DIN 7337 - A5 x 10 Steel Plain:5',
'Rivet DIN 7337 - A5 x 10 Steel Plain:5',
'Rivet DIN 7337 - A5 x 10 Steel Plain:5',#8691,#8692,
'Rivet DIN 7337 - A5 x 10 Steel Plain:5');
#112=NEXT_ASSEMBLY_USAGE_OCCURRENCE(
'Rivet DIN 7337 - A5 x 10 Steel Plain:6',
'Rivet DIN 7337 - A5 x 10 Steel Plain:6',
'Rivet DIN 7337 - A5 x 10 Steel Plain:6',#8691,#8692,
'Rivet DIN 7337 - A5 x 10 Steel Plain:6');
#113=NEXT_ASSEMBLY_USAGE_OCCURRENCE(
'Rivet DIN 7337 - A5 x 10 Steel Plain:7',
'Rivet DIN 7337 - A5 x 10 Steel Plain:7',
'Rivet DIN 7337 - A5 x 10 Steel Plain:7',#8691,#8692,
'Rivet DIN 7337 - A5 x 10 Steel Plain:7');
#114=NEXT_ASSEMBLY_USAGE_OCCURRENCE(
'Rivet DIN 7337 - A5 x 10 Steel Plain:8',
'Rivet DIN 7337 - A5 x 10 Steel Plain:8',
'Rivet DIN 7337 - A5 x 10 Steel Plain:8',#8691,#8692,
'Rivet DIN 7337 - A5 x 10 Steel Plain:8');
#115=NEXT_ASSEMBLY_USAGE_OCCURRENCE(
'Rivet DIN 7337 - A5 x 10 Steel Plain:9',
'Rivet DIN 7337 - A5 x 10 Steel Plain:9',
'Rivet DIN 7337 - A5 x 10 Steel Plain:9',#8691,#8692,
'Rivet DIN 7337 - A5 x 10 Steel Plain:9');
#116=NEXT_ASSEMBLY_USAGE_OCCURRENCE(
'Rivet DIN 7337 - A5 x 10 Steel Plain:10',
'Rivet DIN 7337 - A5 x 10 Steel Plain:10',
'Rivet DIN 7337 - A5 x 10 Steel Plain:10',#8691,#8692,
'Rivet DIN 7337 - A5 x 10 Steel Plain:10');
#117=NEXT_ASSEMBLY_USAGE_OCCURRENCE(
'Rivet DIN 7337 - A5 x 10 Steel Plain:11',
'Rivet DIN 7337 - A5 x 10 Steel Plain:11',
'Rivet DIN 7337 - A5 x 10 Steel Plain:11',#8691,#8692,
'Rivet DIN 7337 - A5 x 10 Steel Plain:11');
#118=NEXT_ASSEMBLY_USAGE_OCCURRENCE(
'Rivet DIN 7337 - A5 x 10 Steel Plain:12',
'Rivet DIN 7337 - A5 x 10 Steel Plain:12',
'Rivet DIN 7337 - A5 x 10 Steel Plain:12',#8691,#8692,
'Rivet DIN 7337 - A5 x 10 Steel Plain:12');
#119=NEXT_ASSEMBLY_USAGE_OCCURRENCE(
'Rivet DIN 7337 - A5 x 10 Steel Plain:13',
'Rivet DIN 7337 - A5 x 10 Steel Plain:13',
'Rivet DIN 7337 - A5 x 10 Steel Plain:13',#8691,#8692,
'Rivet DIN 7337 - A5 x 10 Steel Plain:13');
#120=NEXT_ASSEMBLY_USAGE_OCCURRENCE(
'Rivet DIN 7337 - A5 x 10 Steel Plain:14',
'Rivet DIN 7337 - A5 x 10 Steel Plain:14',
'Rivet DIN 7337 - A5 x 10 Steel Plain:14',#8691,#8692,
'Rivet DIN 7337 - A5 x 10 Steel Plain:14');
#121=NEXT_ASSEMBLY_USAGE_OCCURRENCE(
'Rivet DIN 7337 - A5 x 10 Steel Plain:15',
'Rivet DIN 7337 - A5 x 10 Steel Plain:15',
'Rivet DIN 7337 - A5 x 10 Steel Plain:15',#8691,#8692,
'Rivet DIN 7337 - A5 x 10 Steel Plain:15');
#122=NEXT_ASSEMBLY_USAGE_OCCURRENCE(
'Rivet DIN 7337 - A5 x 10 Steel Plain:16',
'Rivet DIN 7337 - A5 x 10 Steel Plain:16',
'Rivet DIN 7337 - A5 x 10 Steel Plain:16',#8691,#8692,
'Rivet DIN 7337 - A5 x 10 Steel Plain:16');
#123=NEXT_ASSEMBLY_USAGE_OCCURRENCE(
'Rivet DIN 7337 - A5 x 10 Steel Plain:17',
'Rivet DIN 7337 - A5 x 10 Steel Plain:17',
'Rivet DIN 7337 - A5 x 10 Steel Plain:17',#8691,#8692,
'Rivet DIN 7337 - A5 x 10 Steel Plain:17');
#124=NEXT_ASSEMBLY_USAGE_OCCURRENCE(
'Rivet DIN 7337 - A5 x 10 Steel Plain:18',
'Rivet DIN 7337 - A5 x 10 Steel Plain:18',
'Rivet DIN 7337 - A5 x 10 Steel Plain:18',#8691,#8692,
'Rivet DIN 7337 - A5 x 10 Steel Plain:18');
#125=NEXT_ASSEMBLY_USAGE_OCCURRENCE(
'Rivet DIN 7337 - A5 x 10 Steel Plain:19',
'Rivet DIN 7337 - A5 x 10 Steel Plain:19',
'Rivet DIN 7337 - A5 x 10 Steel Plain:19',#8691,#8692,
'Rivet DIN 7337 - A5 x 10 Steel Plain:19');
#126=NEXT_ASSEMBLY_USAGE_OCCURRENCE(
'Rivet DIN 7337 - A5 x 10 Steel Plain:20',
'Rivet DIN 7337 - A5 x 10 Steel Plain:20',
'Rivet DIN 7337 - A5 x 10 Steel Plain:20',#8691,#8692,
'Rivet DIN 7337 - A5 x 10 Steel Plain:20');
#127=NEXT_ASSEMBLY_USAGE_OCCURRENCE(
'Rivet DIN 7337 - A5 x 10 Steel Plain:21',
'Rivet DIN 7337 - A5 x 10 Steel Plain:21',
'Rivet DIN 7337 - A5 x 10 Steel Plain:21',#8691,#8692,
'Rivet DIN 7337 - A5 x 10 Steel Plain:21');
#128=NEXT_ASSEMBLY_USAGE_OCCURRENCE(
'Rivet DIN 7337 - A5 x 10 Steel Plain:22',
'Rivet DIN 7337 - A5 x 10 Steel Plain:22',
'Rivet DIN 7337 - A5 x 10 Steel Plain:22',#8691,#8692,
'Rivet DIN 7337 - A5 x 10 Steel Plain:22');
#129=NEXT_ASSEMBLY_USAGE_OCCURRENCE(
'Rivet DIN 7337 - A5 x 10 Steel Plain:23',
'Rivet DIN 7337 - A5 x 10 Steel Plain:23',
'Rivet DIN 7337 - A5 x 10 Steel Plain:23',#8691,#8692,
'Rivet DIN 7337 - A5 x 10 Steel Plain:23');
#130=NEXT_ASSEMBLY_USAGE_OCCURRENCE(
'Rivet DIN 7337 - A5 x 10 Steel Plain:24',
'Rivet DIN 7337 - A5 x 10 Steel Plain:24',
'Rivet DIN 7337 - A5 x 10 Steel Plain:24',#8691,#8692,
'Rivet DIN 7337 - A5 x 10 Steel Plain:24');
#131=NEXT_ASSEMBLY_USAGE_OCCURRENCE(
'Rivet DIN 7337 - A5 x 10 Steel Plain:25',
'Rivet DIN 7337 - A5 x 10 Steel Plain:25',
'Rivet DIN 7337 - A5 x 10 Steel Plain:25',#8691,#8692,
'Rivet DIN 7337 - A5 x 10 Steel Plain:25');
#132=NEXT_ASSEMBLY_USAGE_OCCURRENCE(
'Rivet DIN 7337 - A5 x 10 Steel Plain:26',
'Rivet DIN 7337 - A5 x 10 Steel Plain:26',
'Rivet DIN 7337 - A5 x 10 Steel Plain:26',#8691,#8692,
'Rivet DIN 7337 - A5 x 10 Steel Plain:26');
#133=NEXT_ASSEMBLY_USAGE_OCCURRENCE(
'Rivet DIN 7337 - A5 x 10 Steel Plain:27',
'Rivet DIN 7337 - A5 x 10 Steel Plain:27',
'Rivet DIN 7337 - A5 x 10 Steel Plain:27',#8691,#8692,
'Rivet DIN 7337 - A5 x 10 Steel Plain:27');
#134=NEXT_ASSEMBLY_USAGE_OCCURRENCE(
'Rivet DIN 7337 - A5 x 10 Steel Plain:28',
'Rivet DIN 7337 - A5 x 10 Steel Plain:28',
'Rivet DIN 7337 - A5 x 10 Steel Plain:28',#8691,#8692,
'Rivet DIN 7337 - A5 x 10 Steel Plain:28');
#135=NEXT_ASSEMBLY_USAGE_OCCURRENCE(
'Rivet DIN 7337 - A5 x 10 Steel Plain:29',
'Rivet DIN 7337 - A5 x 10 Steel Plain:29',
'Rivet DIN 7337 - A5 x 10 Steel Plain:29',#8691,#8692,
'Rivet DIN 7337 - A5 x 10 Steel Plain:29');
#136=NEXT_ASSEMBLY_USAGE_OCCURRENCE(
'Rivet DIN 7337 - A5 x 10 Steel Plain:30',
'Rivet DIN 7337 - A5 x 10 Steel Plain:30',
'Rivet DIN 7337 - A5 x 10 Steel Plain:30',#8691,#8692,
'Rivet DIN 7337 - A5 x 10 Steel Plain:30');
#137=NEXT_ASSEMBLY_USAGE_OCCURRENCE(
'Rivet DIN 7337 - A5 x 10 Steel Plain:31',
'Rivet DIN 7337 - A5 x 10 Steel Plain:31',
'Rivet DIN 7337 - A5 x 10 Steel Plain:31',#8691,#8692,
'Rivet DIN 7337 - A5 x 10 Steel Plain:31');
#138=NEXT_ASSEMBLY_USAGE_OCCURRENCE(
'Rivet DIN 7337 - A5 x 10 Steel Plain:32',
'Rivet DIN 7337 - A5 x 10 Steel Plain:32',
'Rivet DIN 7337 - A5 x 10 Steel Plain:32',#8691,#8692,
'Rivet DIN 7337 - A5 x 10 Steel Plain:32');
#139=SHAPE_REPRESENTATION_RELATIONSHIP('SRR','None',#8689,#141);
#140=SHAPE_REPRESENTATION_RELATIONSHIP('SRR','None',#8688,#142);
#141=ADVANCED_BREP_SHAPE_REPRESENTATION('',(#153),#8646);
#142=ADVANCED_BREP_SHAPE_REPRESENTATION('',(#154,#155,#156,#157,#158,#159,
#160,#161,#162),#8645);
#143=STYLED_ITEM('',(#8702),#153);
#144=STYLED_ITEM('',(#8702),#154);
#145=STYLED_ITEM('',(#8702),#155);
#146=STYLED_ITEM('',(#8702),#156);
#147=STYLED_ITEM('',(#8702),#157);
#148=STYLED_ITEM('',(#8702),#158);
#149=STYLED_ITEM('',(#8702),#159);
#150=STYLED_ITEM('',(#8702),#160);
#151=STYLED_ITEM('',(#8702),#161);
#152=STYLED_ITEM('',(#8702),#162);
#153=MANIFOLD_SOLID_BREP('Body1',#5163);
#154=MANIFOLD_SOLID_BREP('Body1',#5164);
#155=MANIFOLD_SOLID_BREP('Body2',#5165);
#156=MANIFOLD_SOLID_BREP('Body3',#5166);
#157=MANIFOLD_SOLID_BREP('Body4',#5167);
#158=MANIFOLD_SOLID_BREP('Body5',#5168);
#159=MANIFOLD_SOLID_BREP('Body6',#5169);
#160=MANIFOLD_SOLID_BREP('Body7',#5170);
#161=MANIFOLD_SOLID_BREP('Body8',#5171);
#162=MANIFOLD_SOLID_BREP('Body9',#5172);
#163=SPHERICAL_SURFACE('',#5200,2.03088235294117);
#164=FACE_BOUND('',#1752,.T.);
#165=FACE_BOUND('',#1754,.T.);
#166=FACE_BOUND('',#1764,.T.);
#167=FACE_BOUND('',#1765,.T.);
#168=FACE_BOUND('',#1766,.T.);
#169=FACE_BOUND('',#1767,.T.);
#170=FACE_BOUND('',#1768,.T.);
#171=FACE_BOUND('',#1769,.T.);
#172=FACE_BOUND('',#1778,.T.);
#173=FACE_BOUND('',#1779,.T.);
#174=FACE_BOUND('',#1780,.T.);
#175=FACE_BOUND('',#1781,.T.);
#176=FACE_BOUND('',#1782,.T.);
#177=FACE_BOUND('',#1783,.T.);
#178=FACE_BOUND('',#1784,.T.);
#179=FACE_BOUND('',#1785,.T.);
#180=FACE_BOUND('',#1786,.T.);
#181=FACE_BOUND('',#1792,.T.);
#182=FACE_BOUND('',#1793,.T.);
#183=FACE_BOUND('',#1794,.T.);
#184=FACE_BOUND('',#1813,.T.);
#185=FACE_BOUND('',#1814,.T.);
#186=FACE_BOUND('',#1815,.T.);
#187=FACE_BOUND('',#1816,.T.);
#188=FACE_BOUND('',#1820,.T.);
#189=FACE_BOUND('',#1821,.T.);
#190=FACE_BOUND('',#1826,.T.);
#191=FACE_BOUND('',#1827,.T.);
#192=FACE_BOUND('',#1828,.T.);
#193=FACE_BOUND('',#1829,.T.);
#194=FACE_BOUND('',#1830,.T.);
#195=FACE_BOUND('',#1831,.T.);
#196=FACE_BOUND('',#1832,.T.);
#197=FACE_BOUND('',#1833,.T.);
#198=FACE_BOUND('',#1846,.T.);
#199=FACE_BOUND('',#1847,.T.);
#200=FACE_BOUND('',#1848,.T.);
#201=FACE_BOUND('',#1849,.T.);
#202=FACE_BOUND('',#1850,.T.);
#203=FACE_BOUND('',#1851,.T.);
#204=FACE_BOUND('',#1852,.T.);
#205=FACE_BOUND('',#1861,.T.);
#206=FACE_BOUND('',#1862,.T.);
#207=FACE_BOUND('',#1863,.T.);
#208=FACE_BOUND('',#1864,.T.);
#209=FACE_BOUND('',#1865,.T.);
#210=FACE_BOUND('',#1866,.T.);
#211=FACE_BOUND('',#1867,.T.);
#212=FACE_BOUND('',#1868,.T.);
#213=FACE_BOUND('',#1869,.T.);
#214=FACE_BOUND('',#1870,.T.);
#215=FACE_BOUND('',#1875,.T.);
#216=FACE_BOUND('',#1876,.T.);
#217=FACE_BOUND('',#1877,.T.);
#218=FACE_BOUND('',#1893,.T.);
#219=FACE_BOUND('',#1894,.T.);
#220=FACE_BOUND('',#1900,.T.);
#221=FACE_BOUND('',#1901,.T.);
#222=FACE_BOUND('',#1907,.T.);
#223=FACE_BOUND('',#1908,.T.);
#224=FACE_BOUND('',#1909,.T.);
#225=FACE_BOUND('',#1910,.T.);
#226=FACE_BOUND('',#1921,.T.);
#227=FACE_BOUND('',#1922,.T.);
#228=FACE_BOUND('',#1923,.T.);
#229=FACE_BOUND('',#1924,.T.);
#230=FACE_BOUND('',#1925,.T.);
#231=FACE_BOUND('',#1926,.T.);
#232=FACE_BOUND('',#1934,.T.);
#233=FACE_BOUND('',#1935,.T.);
#234=FACE_BOUND('',#1936,.T.);
#235=FACE_BOUND('',#1937,.T.);
#236=FACE_BOUND('',#1938,.T.);
#237=FACE_BOUND('',#1939,.T.);
#238=FACE_BOUND('',#1940,.T.);
#239=FACE_BOUND('',#1941,.T.);
#240=FACE_BOUND('',#1942,.T.);
#241=FACE_BOUND('',#1953,.T.);
#242=FACE_BOUND('',#1954,.T.);
#243=FACE_BOUND('',#1955,.T.);
#244=FACE_BOUND('',#1972,.T.);
#245=FACE_BOUND('',#1973,.T.);
#246=FACE_BOUND('',#1978,.T.);
#247=FACE_BOUND('',#1979,.T.);
#248=FACE_BOUND('',#1980,.T.);
#249=FACE_BOUND('',#1981,.T.);
#250=FACE_BOUND('',#1982,.T.);
#251=FACE_BOUND('',#1983,.T.);
#252=FACE_BOUND('',#1984,.T.);
#253=FACE_BOUND('',#1985,.T.);
#254=FACE_BOUND('',#2008,.T.);
#255=FACE_BOUND('',#2009,.T.);
#256=FACE_BOUND('',#2020,.T.);
#257=FACE_BOUND('',#2021,.T.);
#258=FACE_BOUND('',#2022,.T.);
#259=FACE_BOUND('',#2023,.T.);
#260=FACE_BOUND('',#2040,.T.);
#261=FACE_BOUND('',#2041,.T.);
#262=FACE_BOUND('',#2045,.T.);
#263=FACE_BOUND('',#2046,.T.);
#264=FACE_BOUND('',#2047,.T.);
#265=FACE_BOUND('',#2048,.T.);
#266=FACE_BOUND('',#2058,.T.);
#267=FACE_BOUND('',#2059,.T.);
#268=FACE_BOUND('',#2060,.T.);
#269=FACE_BOUND('',#2061,.T.);
#270=FACE_BOUND('',#2062,.T.);
#271=FACE_BOUND('',#2063,.T.);
#272=FACE_BOUND('',#2064,.T.);
#273=FACE_BOUND('',#2065,.T.);
#274=FACE_BOUND('',#2074,.T.);
#275=FACE_BOUND('',#2075,.T.);
#276=FACE_BOUND('',#2076,.T.);
#277=FACE_BOUND('',#2077,.T.);
#278=FACE_BOUND('',#2083,.T.);
#279=FACE_BOUND('',#2084,.T.);
#280=FACE_BOUND('',#2089,.T.);
#281=FACE_BOUND('',#2090,.T.);
#282=FACE_BOUND('',#2102,.T.);
#283=FACE_BOUND('',#2103,.T.);
#284=FACE_BOUND('',#2104,.T.);
#285=FACE_BOUND('',#2105,.T.);
#286=FACE_BOUND('',#2106,.T.);
#287=FACE_BOUND('',#2107,.T.);
#288=FACE_BOUND('',#2115,.T.);
#289=FACE_BOUND('',#2116,.T.);
#290=FACE_BOUND('',#2117,.T.);
#291=FACE_BOUND('',#2118,.T.);
#292=FACE_BOUND('',#2119,.T.);
#293=FACE_BOUND('',#2120,.T.);
#294=FACE_BOUND('',#2121,.T.);
#295=FACE_BOUND('',#2122,.T.);
#296=FACE_BOUND('',#2123,.T.);
#297=FACE_BOUND('',#2135,.T.);
#298=FACE_BOUND('',#2136,.T.);
#299=FACE_BOUND('',#2137,.T.);
#300=PLANE('',#5193);
#301=PLANE('',#5195);
#302=PLANE('',#5202);
#303=PLANE('',#5218);
#304=PLANE('',#5229);
#305=PLANE('',#5234);
#306=PLANE('',#5239);
#307=PLANE('',#5240);
#308=PLANE('',#5247);
#309=PLANE('',#5248);
#310=PLANE('',#5249);
#311=PLANE('',#5250);
#312=PLANE('',#5251);
#313=PLANE('',#5252);
#314=PLANE('',#5259);
#315=PLANE('',#5260);
#316=PLANE('',#5283);
#317=PLANE('',#5284);
#318=PLANE('',#5285);
#319=PLANE('',#5292);
#320=PLANE('',#5293);
#321=PLANE('',#5294);
#322=PLANE('',#5295);
#323=PLANE('',#5296);
#324=PLANE('',#5297);
#325=PLANE('',#5298);
#326=PLANE('',#5299);
#327=PLANE('',#5300);
#328=PLANE('',#5301);
#329=PLANE('',#5302);
#330=PLANE('',#5318);
#331=PLANE('',#5329);
#332=PLANE('',#5334);
#333=PLANE('',#5339);
#334=PLANE('',#5340);
#335=PLANE('',#5347);
#336=PLANE('',#5348);
#337=PLANE('',#5349);
#338=PLANE('',#5350);
#339=PLANE('',#5351);
#340=PLANE('',#5352);
#341=PLANE('',#5353);
#342=PLANE('',#5360);
#343=PLANE('',#5370);
#344=PLANE('',#5371);
#345=PLANE('',#5381);
#346=PLANE('',#5382);
#347=PLANE('',#5383);
#348=PLANE('',#5384);
#349=PLANE('',#5385);
#350=PLANE('',#5386);
#351=PLANE('',#5387);
#352=PLANE('',#5388);
#353=PLANE('',#5389);
#354=PLANE('',#5390);
#355=PLANE('',#5391);
#356=PLANE('',#5392);
#357=PLANE('',#5405);
#358=PLANE('',#5416);
#359=PLANE('',#5421);
#360=PLANE('',#5426);
#361=PLANE('',#5433);
#362=PLANE('',#5434);
#363=PLANE('',#5435);
#364=PLANE('',#5442);
#365=PLANE('',#5443);
#366=PLANE('',#5444);
#367=PLANE('',#5445);
#368=PLANE('',#5446);
#369=PLANE('',#5447);
#370=PLANE('',#5472);
#371=PLANE('',#5473);
#372=PLANE('',#5474);
#373=PLANE('',#5477);
#374=PLANE('',#5478);
#375=PLANE('',#5479);
#376=PLANE('',#5480);
#377=PLANE('',#5499);
#378=PLANE('',#5500);
#379=PLANE('',#5501);
#380=PLANE('',#5502);
#381=PLANE('',#5511);
#382=PLANE('',#5512);
#383=PLANE('',#5513);
#384=PLANE('',#5514);
#385=PLANE('',#5515);
#386=PLANE('',#5516);
#387=PLANE('',#5517);
#388=PLANE('',#5518);
#389=PLANE('',#5519);
#390=PLANE('',#5520);
#391=PLANE('',#5521);
#392=PLANE('',#5522);
#393=PLANE('',#5523);
#394=PLANE('',#5524);
#395=PLANE('',#5525);
#396=PLANE('',#5526);
#397=PLANE('',#5527);
#398=PLANE('',#5528);
#399=PLANE('',#5529);
#400=PLANE('',#5530);
#401=PLANE('',#5531);
#402=PLANE('',#5532);
#403=PLANE('',#5533);
#404=PLANE('',#5534);
#405=PLANE('',#5535);
#406=PLANE('',#5536);
#407=PLANE('',#5537);
#408=PLANE('',#5538);
#409=PLANE('',#5539);
#410=PLANE('',#5562);
#411=PLANE('',#5565);
#412=PLANE('',#5566);
#413=PLANE('',#5567);
#414=PLANE('',#5572);
#415=PLANE('',#5573);
#416=PLANE('',#5574);
#417=PLANE('',#5575);
#418=PLANE('',#5576);
#419=PLANE('',#5577);
#420=PLANE('',#5578);
#421=PLANE('',#5579);
#422=PLANE('',#5580);
#423=PLANE('',#5581);
#424=PLANE('',#5591);
#425=PLANE('',#5592);
#426=PLANE('',#5602);
#427=PLANE('',#5603);
#428=PLANE('',#5604);
#429=PLANE('',#5605);
#430=PLANE('',#5606);
#431=PLANE('',#5607);
#432=PLANE('',#5608);
#433=PLANE('',#5609);
#434=PLANE('',#5610);
#435=PLANE('',#5611);
#436=PLANE('',#5612);
#437=PLANE('',#5613);
#438=PLANE('',#5626);
#439=PLANE('',#5637);
#440=PLANE('',#5642);
#441=PLANE('',#5647);
#442=PLANE('',#5654);
#443=PLANE('',#5655);
#444=PLANE('',#5662);
#445=PLANE('',#5663);
#446=PLANE('',#5664);
#447=PLANE('',#5665);
#448=PLANE('',#5666);
#449=PLANE('',#5667);
#450=PLANE('',#5668);
#451=LINE('',#7213,#920);
#452=LINE('',#7225,#921);
#453=LINE('',#7238,#922);
#454=LINE('',#7244,#923);
#455=LINE('',#7250,#924);
#456=LINE('',#7257,#925);
#457=LINE('',#7260,#926);
#458=LINE('',#7263,#927);
#459=LINE('',#7267,#928);
#460=LINE('',#7271,#929);
#461=LINE('',#7275,#930);
#462=LINE('',#7279,#931);
#463=LINE('',#7281,#932);
#464=LINE('',#7283,#933);
#465=LINE('',#7284,#934);
#466=LINE('',#7299,#935);
#467=LINE('',#7300,#936);
#468=LINE('',#7304,#937);
#469=LINE('',#7309,#938);
#470=LINE('',#7310,#939);
#471=LINE('',#7313,#940);
#472=LINE('',#7314,#941);
#473=LINE('',#7318,#942);
#474=LINE('',#7323,#943);
#475=LINE('',#7324,#944);
#476=LINE('',#7327,#945);
#477=LINE('',#7329,#946);
#478=LINE('',#7331,#947);
#479=LINE('',#7332,#948);
#480=LINE('',#7335,#949);
#481=LINE('',#7337,#950);
#482=LINE('',#7338,#951);
#483=LINE('',#7339,#952);
#484=LINE('',#7340,#953);
#485=LINE('',#7355,#954);
#486=LINE('',#7357,#955);
#487=LINE('',#7358,#956);
#488=LINE('',#7361,#957);
#489=LINE('',#7363,#958);
#490=LINE('',#7364,#959);
#491=LINE('',#7366,#960);
#492=LINE('',#7368,#961);
#493=LINE('',#7370,#962);
#494=LINE('',#7373,#963);
#495=LINE('',#7375,#964);
#496=LINE('',#7377,#965);
#497=LINE('',#7379,#966);
#498=LINE('',#7381,#967);
#499=LINE('',#7383,#968);
#500=LINE('',#7390,#969);
#501=LINE('',#7396,#970);
#502=LINE('',#7400,#971);
#503=LINE('',#7404,#972);
#504=LINE('',#7410,#973);
#505=LINE('',#7416,#974);
#506=LINE('',#7422,#975);
#507=LINE('',#7426,#976);
#508=LINE('',#7430,#977);
#509=LINE('',#7436,#978);
#510=LINE('',#7440,#979);
#511=LINE('',#7442,#980);
#512=LINE('',#7444,#981);
#513=LINE('',#7446,#982);
#514=LINE('',#7447,#983);
#515=LINE('',#7450,#984);
#516=LINE('',#7452,#985);
#517=LINE('',#7454,#986);
#518=LINE('',#7456,#987);
#519=LINE('',#7457,#988);
#520=LINE('',#7460,#989);
#521=LINE('',#7462,#990);
#522=LINE('',#7463,#991);
#523=LINE('',#7464,#992);
#524=LINE('',#7469,#993);
#525=LINE('',#7475,#994);
#526=LINE('',#7478,#995);
#527=LINE('',#7480,#996);
#528=LINE('',#7482,#997);
#529=LINE('',#7483,#998);
#530=LINE('',#7486,#999);
#531=LINE('',#7488,#1000);
#532=LINE('',#7489,#1001);
#533=LINE('',#7493,#1002);
#534=LINE('',#7495,#1003);
#535=LINE('',#7496,#1004);
#536=LINE('',#7499,#1005);
#537=LINE('',#7500,#1006);
#538=LINE('',#7503,#1007);
#539=LINE('',#7504,#1008);
#540=LINE('',#7507,#1009);
#541=LINE('',#7508,#1010);
#542=LINE('',#7511,#1011);
#543=LINE('',#7512,#1012);
#544=LINE('',#7514,#1013);
#545=LINE('',#7516,#1014);
#546=LINE('',#7522,#1015);
#547=LINE('',#7528,#1016);
#548=LINE('',#7534,#1017);
#549=LINE('',#7540,#1018);
#550=LINE('',#7547,#1019);
#551=LINE('',#7550,#1020);
#552=LINE('',#7553,#1021);
#553=LINE('',#7557,#1022);
#554=LINE('',#7561,#1023);
#555=LINE('',#7565,#1024);
#556=LINE('',#7569,#1025);
#557=LINE('',#7571,#1026);
#558=LINE('',#7573,#1027);
#559=LINE('',#7574,#1028);
#560=LINE('',#7589,#1029);
#561=LINE('',#7590,#1030);
#562=LINE('',#7594,#1031);
#563=LINE('',#7599,#1032);
#564=LINE('',#7600,#1033);
#565=LINE('',#7603,#1034);
#566=LINE('',#7604,#1035);
#567=LINE('',#7608,#1036);
#568=LINE('',#7613,#1037);
#569=LINE('',#7614,#1038);
#570=LINE('',#7617,#1039);
#571=LINE('',#7619,#1040);
#572=LINE('',#7621,#1041);
#573=LINE('',#7622,#1042);
#574=LINE('',#7625,#1043);
#575=LINE('',#7627,#1044);
#576=LINE('',#7628,#1045);
#577=LINE('',#7629,#1046);
#578=LINE('',#7630,#1047);
#579=LINE('',#7645,#1048);
#580=LINE('',#7646,#1049);
#581=LINE('',#7649,#1050);
#582=LINE('',#7650,#1051);
#583=LINE('',#7653,#1052);
#584=LINE('',#7654,#1053);
#585=LINE('',#7657,#1054);
#586=LINE('',#7658,#1055);
#587=LINE('',#7660,#1056);
#588=LINE('',#7664,#1057);
#589=LINE('',#7666,#1058);
#590=LINE('',#7668,#1059);
#591=LINE('',#7670,#1060);
#592=LINE('',#7672,#1061);
#593=LINE('',#7674,#1062);
#594=LINE('',#7680,#1063);
#595=LINE('',#7687,#1064);
#596=LINE('',#7690,#1065);
#597=LINE('',#7695,#1066);
#598=LINE('',#7699,#1067);
#599=LINE('',#7701,#1068);
#600=LINE('',#7703,#1069);
#601=LINE('',#7705,#1070);
#602=LINE('',#7707,#1071);
#603=LINE('',#7709,#1072);
#604=LINE('',#7710,#1073);
#605=LINE('',#7713,#1074);
#606=LINE('',#7715,#1075);
#607=LINE('',#7717,#1076);
#608=LINE('',#7718,#1077);
#609=LINE('',#7723,#1078);
#610=LINE('',#7729,#1079);
#611=LINE('',#7735,#1080);
#612=LINE('',#7739,#1081);
#613=LINE('',#7741,#1082);
#614=LINE('',#7742,#1083);
#615=LINE('',#7745,#1084);
#616=LINE('',#7747,#1085);
#617=LINE('',#7748,#1086);
#618=LINE('',#7751,#1087);
#619=LINE('',#7752,#1088);
#620=LINE('',#7755,#1089);
#621=LINE('',#7757,#1090);
#622=LINE('',#7759,#1091);
#623=LINE('',#7760,#1092);
#624=LINE('',#7763,#1093);
#625=LINE('',#7765,#1094);
#626=LINE('',#7766,#1095);
#627=LINE('',#7769,#1096);
#628=LINE('',#7771,#1097);
#629=LINE('',#7773,#1098);
#630=LINE('',#7774,#1099);
#631=LINE('',#7776,#1100);
#632=LINE('',#7777,#1101);
#633=LINE('',#7779,#1102);
#634=LINE('',#7781,#1103);
#635=LINE('',#7784,#1104);
#636=LINE('',#7790,#1105);
#637=LINE('',#7796,#1106);
#638=LINE('',#7802,#1107);
#639=LINE('',#7809,#1108);
#640=LINE('',#7812,#1109);
#641=LINE('',#7815,#1110);
#642=LINE('',#7819,#1111);
#643=LINE('',#7823,#1112);
#644=LINE('',#7827,#1113);
#645=LINE('',#7831,#1114);
#646=LINE('',#7833,#1115);
#647=LINE('',#7835,#1116);
#648=LINE('',#7836,#1117);
#649=LINE('',#7851,#1118);
#650=LINE('',#7852,#1119);
#651=LINE('',#7856,#1120);
#652=LINE('',#7861,#1121);
#653=LINE('',#7862,#1122);
#654=LINE('',#7865,#1123);
#655=LINE('',#7866,#1124);
#656=LINE('',#7870,#1125);
#657=LINE('',#7875,#1126);
#658=LINE('',#7876,#1127);
#659=LINE('',#7879,#1128);
#660=LINE('',#7881,#1129);
#661=LINE('',#7883,#1130);
#662=LINE('',#7884,#1131);
#663=LINE('',#7885,#1132);
#664=LINE('',#7886,#1133);
#665=LINE('',#7903,#1134);
#666=LINE('',#7905,#1135);
#667=LINE('',#7906,#1136);
#668=LINE('',#7908,#1137);
#669=LINE('',#7910,#1138);
#670=LINE('',#7912,#1139);
#671=LINE('',#7914,#1140);
#672=LINE('',#7916,#1141);
#673=LINE('',#7918,#1142);
#674=LINE('',#7921,#1143);
#675=LINE('',#7923,#1144);
#676=LINE('',#7925,#1145);
#677=LINE('',#7927,#1146);
#678=LINE('',#7928,#1147);
#679=LINE('',#7930,#1148);
#680=LINE('',#7932,#1149);
#681=LINE('',#7934,#1150);
#682=LINE('',#7935,#1151);
#683=LINE('',#7942,#1152);
#684=LINE('',#7949,#1153);
#685=LINE('',#7952,#1154);
#686=LINE('',#7957,#1155);
#687=LINE('',#7962,#1156);
#688=LINE('',#7966,#1157);
#689=LINE('',#7972,#1158);
#690=LINE('',#7979,#1159);
#691=LINE('',#7982,#1160);
#692=LINE('',#7987,#1161);
#693=LINE('',#7992,#1162);
#694=LINE('',#7996,#1163);
#695=LINE('',#8000,#1164);
#696=LINE('',#8002,#1165);
#697=LINE('',#8004,#1166);
#698=LINE('',#8006,#1167);
#699=LINE('',#8007,#1168);
#700=LINE('',#8010,#1169);
#701=LINE('',#8012,#1170);
#702=LINE('',#8014,#1171);
#703=LINE('',#8016,#1172);
#704=LINE('',#8017,#1173);
#705=LINE('',#8020,#1174);
#706=LINE('',#8022,#1175);
#707=LINE('',#8024,#1176);
#708=LINE('',#8026,#1177);
#709=LINE('',#8027,#1178);
#710=LINE('',#8028,#1179);
#711=LINE('',#8035,#1180);
#712=LINE('',#8037,#1181);
#713=LINE('',#8039,#1182);
#714=LINE('',#8040,#1183);
#715=LINE('',#8043,#1184);
#716=LINE('',#8045,#1185);
#717=LINE('',#8047,#1186);
#718=LINE('',#8048,#1187);
#719=LINE('',#8050,#1188);
#720=LINE('',#8053,#1189);
#721=LINE('',#8057,#1190);
#722=LINE('',#8060,#1191);
#723=LINE('',#8062,#1192);
#724=LINE('',#8066,#1193);
#725=LINE('',#8069,#1194);
#726=LINE('',#8070,#1195);
#727=LINE('',#8081,#1196);
#728=LINE('',#8088,#1197);
#729=LINE('',#8093,#1198);
#730=LINE('',#8094,#1199);
#731=LINE('',#8098,#1200);
#732=LINE('',#8102,#1201);
#733=LINE('',#8105,#1202);
#734=LINE('',#8106,#1203);
#735=LINE('',#8107,#1204);
#736=LINE('',#8110,#1205);
#737=LINE('',#8111,#1206);
#738=LINE('',#8114,#1207);
#739=LINE('',#8116,#1208);
#740=LINE('',#8118,#1209);
#741=LINE('',#8120,#1210);
#742=LINE('',#8121,#1211);
#743=LINE('',#8124,#1212);
#744=LINE('',#8126,#1213);
#745=LINE('',#8128,#1214);
#746=LINE('',#8130,#1215);
#747=LINE('',#8132,#1216);
#748=LINE('',#8133,#1217);
#749=LINE('',#8136,#1218);
#750=LINE('',#8145,#1219);
#751=LINE('',#8147,#1220);
#752=LINE('',#8149,#1221);
#753=LINE('',#8151,#1222);
#754=LINE('',#8152,#1223);
#755=LINE('',#8153,#1224);
#756=LINE('',#8155,#1225);
#757=LINE('',#8158,#1226);
#758=LINE('',#8160,#1227);
#759=LINE('',#8162,#1228);
#760=LINE('',#8163,#1229);
#761=LINE('',#8165,#1230);
#762=LINE('',#8168,#1231);
#763=LINE('',#8170,#1232);
#764=LINE('',#8171,#1233);
#765=LINE('',#8173,#1234);
#766=LINE('',#8175,#1235);
#767=LINE('',#8176,#1236);
#768=LINE('',#8178,#1237);
#769=LINE('',#8179,#1238);
#770=LINE('',#8181,#1239);
#771=LINE('',#8183,#1240);
#772=LINE('',#8186,#1241);
#773=LINE('',#8188,#1242);
#774=LINE('',#8189,#1243);
#775=LINE('',#8191,#1244);
#776=LINE('',#8192,#1245);
#777=LINE('',#8195,#1246);
#778=LINE('',#8196,#1247);
#779=LINE('',#8198,#1248);
#780=LINE('',#8200,#1249);
#781=LINE('',#8201,#1250);
#782=LINE('',#8203,#1251);
#783=LINE('',#8205,#1252);
#784=LINE('',#8211,#1253);
#785=LINE('',#8220,#1254);
#786=LINE('',#8224,#1255);
#787=LINE('',#8228,#1256);
#788=LINE('',#8234,#1257);
#789=LINE('',#8240,#1258);
#790=LINE('',#8246,#1259);
#791=LINE('',#8250,#1260);
#792=LINE('',#8254,#1261);
#793=LINE('',#8260,#1262);
#794=LINE('',#8266,#1263);
#795=LINE('',#8270,#1264);
#796=LINE('',#8272,#1265);
#797=LINE('',#8274,#1266);
#798=LINE('',#8276,#1267);
#799=LINE('',#8277,#1268);
#800=LINE('',#8278,#1269);
#801=LINE('',#8285,#1270);
#802=LINE('',#8287,#1271);
#803=LINE('',#8289,#1272);
#804=LINE('',#8290,#1273);
#805=LINE('',#8293,#1274);
#806=LINE('',#8295,#1275);
#807=LINE('',#8297,#1276);
#808=LINE('',#8298,#1277);
#809=LINE('',#8300,#1278);
#810=LINE('',#8302,#1279);
#811=LINE('',#8304,#1280);
#812=LINE('',#8305,#1281);
#813=LINE('',#8309,#1282);
#814=LINE('',#8313,#1283);
#815=LINE('',#8317,#1284);
#816=LINE('',#8319,#1285);
#817=LINE('',#8320,#1286);
#818=LINE('',#8322,#1287);
#819=LINE('',#8324,#1288);
#820=LINE('',#8326,#1289);
#821=LINE('',#8327,#1290);
#822=LINE('',#8329,#1291);
#823=LINE('',#8330,#1292);
#824=LINE('',#8333,#1293);
#825=LINE('',#8336,#1294);
#826=LINE('',#8337,#1295);
#827=LINE('',#8339,#1296);
#828=LINE('',#8342,#1297);
#829=LINE('',#8343,#1298);
#830=LINE('',#8345,#1299);
#831=LINE('',#8353,#1300);
#832=LINE('',#8356,#1301);
#833=LINE('',#8361,#1302);
#834=LINE('',#8367,#1303);
#835=LINE('',#8371,#1304);
#836=LINE('',#8373,#1305);
#837=LINE('',#8375,#1306);
#838=LINE('',#8377,#1307);
#839=LINE('',#8379,#1308);
#840=LINE('',#8381,#1309);
#841=LINE('',#8382,#1310);
#842=LINE('',#8387,#1311);
#843=LINE('',#8389,#1312);
#844=LINE('',#8391,#1313);
#845=LINE('',#8393,#1314);
#846=LINE('',#8394,#1315);
#847=LINE('',#8402,#1316);
#848=LINE('',#8406,#1317);
#849=LINE('',#8410,#1318);
#850=LINE('',#8413,#1319);
#851=LINE('',#8414,#1320);
#852=LINE('',#8417,#1321);
#853=LINE('',#8419,#1322);
#854=LINE('',#8420,#1323);
#855=LINE('',#8422,#1324);
#856=LINE('',#8425,#1325);
#857=LINE('',#8427,#1326);
#858=LINE('',#8429,#1327);
#859=LINE('',#8430,#1328);
#860=LINE('',#8433,#1329);
#861=LINE('',#8435,#1330);
#862=LINE('',#8436,#1331);
#863=LINE('',#8438,#1332);
#864=LINE('',#8440,#1333);
#865=LINE('',#8441,#1334);
#866=LINE('',#8445,#1335);
#867=LINE('',#8446,#1336);
#868=LINE('',#8448,#1337);
#869=LINE('',#8449,#1338);
#870=LINE('',#8451,#1339);
#871=LINE('',#8452,#1340);
#872=LINE('',#8456,#1341);
#873=LINE('',#8462,#1342);
#874=LINE('',#8468,#1343);
#875=LINE('',#8474,#1344);
#876=LINE('',#8481,#1345);
#877=LINE('',#8484,#1346);
#878=LINE('',#8487,#1347);
#879=LINE('',#8491,#1348);
#880=LINE('',#8495,#1349);
#881=LINE('',#8499,#1350);
#882=LINE('',#8503,#1351);
#883=LINE('',#8505,#1352);
#884=LINE('',#8507,#1353);
#885=LINE('',#8508,#1354);
#886=LINE('',#8523,#1355);
#887=LINE('',#8524,#1356);
#888=LINE('',#8528,#1357);
#889=LINE('',#8533,#1358);
#890=LINE('',#8534,#1359);
#891=LINE('',#8537,#1360);
#892=LINE('',#8538,#1361);
#893=LINE('',#8542,#1362);
#894=LINE('',#8547,#1363);
#895=LINE('',#8548,#1364);
#896=LINE('',#8551,#1365);
#897=LINE('',#8553,#1366);
#898=LINE('',#8555,#1367);
#899=LINE('',#8556,#1368);
#900=LINE('',#8557,#1369);
#901=LINE('',#8558,#1370);
#902=LINE('',#8574,#1371);
#903=LINE('',#8576,#1372);
#904=LINE('',#8577,#1373);
#905=LINE('',#8579,#1374);
#906=LINE('',#8581,#1375);
#907=LINE('',#8583,#1376);
#908=LINE('',#8585,#1377);
#909=LINE('',#8587,#1378);
#910=LINE('',#8589,#1379);
#911=LINE('',#8593,#1380);
#912=LINE('',#8594,#1381);
#913=LINE('',#8597,#1382);
#914=LINE('',#8599,#1383);
#915=LINE('',#8601,#1384);
#916=LINE('',#8602,#1385);
#917=LINE('',#8604,#1386);
#918=LINE('',#8605,#1387);
#919=LINE('',#8607,#1388);
#920=VECTOR('',#5717,2.5);
#921=VECTOR('',#5732,1.49999999999998);
#922=VECTOR('',#5749,2.6);
#923=VECTOR('',#5756,2.6);
#924=VECTOR('',#5763,2.6);
#925=VECTOR('',#5770,10.);
#926=VECTOR('',#5773,10.);
#927=VECTOR('',#5776,10.);
#928=VECTOR('',#5779,10.);
#929=VECTOR('',#5782,10.);
#930=VECTOR('',#5785,10.);
#931=VECTOR('',#5788,10.);
#932=VECTOR('',#5789,10.);
#933=VECTOR('',#5790,10.);
#934=VECTOR('',#5791,10.);
#935=VECTOR('',#5806,10.);
#936=VECTOR('',#5807,10.);
#937=VECTOR('',#5812,10.);
#938=VECTOR('',#5817,10.);
#939=VECTOR('',#5818,10.);
#940=VECTOR('',#5821,10.);
#941=VECTOR('',#5822,10.);
#942=VECTOR('',#5827,10.);
#943=VECTOR('',#5832,10.);
#944=VECTOR('',#5833,10.);
#945=VECTOR('',#5836,10.);
#946=VECTOR('',#5837,10.);
#947=VECTOR('',#5838,10.);
#948=VECTOR('',#5839,10.);
#949=VECTOR('',#5842,10.);
#950=VECTOR('',#5843,10.);
#951=VECTOR('',#5844,10.);
#952=VECTOR('',#5845,10.);
#953=VECTOR('',#5846,10.);
#954=VECTOR('',#5861,10.);
#955=VECTOR('',#5862,10.);
#956=VECTOR('',#5863,10.);
#957=VECTOR('',#5866,10.);
#958=VECTOR('',#5867,10.);
#959=VECTOR('',#5868,10.);
#960=VECTOR('',#5871,10.);
#961=VECTOR('',#5874,10.);
#962=VECTOR('',#5877,10.);
#963=VECTOR('',#5882,2.10000000000001);
#964=VECTOR('',#5885,2.10000000000001);
#965=VECTOR('',#5888,2.10000000000001);
#966=VECTOR('',#5891,2.10000000000001);
#967=VECTOR('',#5894,2.10000000000001);
#968=VECTOR('',#5897,2.10000000000001);
#969=VECTOR('',#5906,2.6);
#970=VECTOR('',#5913,2.6);
#971=VECTOR('',#5916,10.);
#972=VECTOR('',#5919,10.);
#973=VECTOR('',#5926,2.6);
#974=VECTOR('',#5933,2.6);
#975=VECTOR('',#5940,2.6);
#976=VECTOR('',#5943,10.);
#977=VECTOR('',#5946,10.);
#978=VECTOR('',#5953,2.6);
#979=VECTOR('',#5958,10.);
#980=VECTOR('',#5959,10.);
#981=VECTOR('',#5960,10.);
#982=VECTOR('',#5961,10.);
#983=VECTOR('',#5962,10.);
#984=VECTOR('',#5965,10.);
#985=VECTOR('',#5966,10.);
#986=VECTOR('',#5967,10.);
#987=VECTOR('',#5968,10.);
#988=VECTOR('',#5969,10.);
#989=VECTOR('',#5972,10.);
#990=VECTOR('',#5973,10.);
#991=VECTOR('',#5974,10.);
#992=VECTOR('',#5975,10.);
#993=VECTOR('',#5980,2.6);
#994=VECTOR('',#5987,2.6);
#995=VECTOR('',#5992,10.);
#996=VECTOR('',#5993,10.);
#997=VECTOR('',#5994,10.);
#998=VECTOR('',#5995,10.);
#999=VECTOR('',#5998,10.);
#1000=VECTOR('',#5999,10.);
#1001=VECTOR('',#6000,10.);
#1002=VECTOR('',#6005,10.);
#1003=VECTOR('',#6006,10.);
#1004=VECTOR('',#6007,10.);
#1005=VECTOR('',#6010,10.);
#1006=VECTOR('',#6011,10.);
#1007=VECTOR('',#6014,10.);
#1008=VECTOR('',#6015,10.);
#1009=VECTOR('',#6018,10.);
#1010=VECTOR('',#6019,10.);
#1011=VECTOR('',#6022,10.);
#1012=VECTOR('',#6023,10.);
#1013=VECTOR('',#6026,10.);
#1014=VECTOR('',#6029,10.);
#1015=VECTOR('',#6036,2.6);
#1016=VECTOR('',#6043,2.6);
#1017=VECTOR('',#6050,2.6);
#1018=VECTOR('',#6057,7.5);
#1019=VECTOR('',#6064,10.);
#1020=VECTOR('',#6067,10.);
#1021=VECTOR('',#6070,10.);
#1022=VECTOR('',#6073,10.);
#1023=VECTOR('',#6076,10.);
#1024=VECTOR('',#6079,10.);
#1025=VECTOR('',#6082,10.);
#1026=VECTOR('',#6083,10.);
#1027=VECTOR('',#6084,10.);
#1028=VECTOR('',#6085,10.);
#1029=VECTOR('',#6100,10.);
#1030=VECTOR('',#6101,10.);
#1031=VECTOR('',#6106,10.);
#1032=VECTOR('',#6111,10.);
#1033=VECTOR('',#6112,10.);
#1034=VECTOR('',#6115,10.);
#1035=VECTOR('',#6116,10.);
#1036=VECTOR('',#6121,10.);
#1037=VECTOR('',#6126,10.);
#1038=VECTOR('',#6127,10.);
#1039=VECTOR('',#6130,10.);
#1040=VECTOR('',#6131,10.);
#1041=VECTOR('',#6132,10.);
#1042=VECTOR('',#6133,10.);
#1043=VECTOR('',#6136,10.);
#1044=VECTOR('',#6137,10.);
#1045=VECTOR('',#6138,10.);
#1046=VECTOR('',#6139,10.);
#1047=VECTOR('',#6140,10.);
#1048=VECTOR('',#6155,10.);
#1049=VECTOR('',#6156,10.);
#1050=VECTOR('',#6159,10.);
#1051=VECTOR('',#6160,10.);
#1052=VECTOR('',#6163,10.);
#1053=VECTOR('',#6164,10.);
#1054=VECTOR('',#6167,10.);
#1055=VECTOR('',#6168,10.);
#1056=VECTOR('',#6171,10.);
#1057=VECTOR('',#6178,2.10000000000001);
#1058=VECTOR('',#6181,2.10000000000001);
#1059=VECTOR('',#6184,2.10000000000001);
#1060=VECTOR('',#6187,2.10000000000001);
#1061=VECTOR('',#6190,2.10000000000001);
#1062=VECTOR('',#6193,2.10000000000001);
#1063=VECTOR('',#6200,2.6);
#1064=VECTOR('',#6207,10.);
#1065=VECTOR('',#6210,10.);
#1066=VECTOR('',#6215,2.6);
#1067=VECTOR('',#6220,10.);
#1068=VECTOR('',#6221,10.);
#1069=VECTOR('',#6222,10.);
#1070=VECTOR('',#6223,10.);
#1071=VECTOR('',#6224,10.);
#1072=VECTOR('',#6225,10.);
#1073=VECTOR('',#6226,10.);
#1074=VECTOR('',#6229,10.);
#1075=VECTOR('',#6230,10.);
#1076=VECTOR('',#6231,10.);
#1077=VECTOR('',#6232,10.);
#1078=VECTOR('',#6237,2.6);
#1079=VECTOR('',#6244,10.);
#1080=VECTOR('',#6251,2.6);
#1081=VECTOR('',#6256,10.);
#1082=VECTOR('',#6257,10.);
#1083=VECTOR('',#6258,10.);
#1084=VECTOR('',#6261,10.);
#1085=VECTOR('',#6262,10.);
#1086=VECTOR('',#6263,10.);
#1087=VECTOR('',#6266,10.);
#1088=VECTOR('',#6267,10.);
#1089=VECTOR('',#6270,10.);
#1090=VECTOR('',#6271,10.);
#1091=VECTOR('',#6272,10.);
#1092=VECTOR('',#6273,10.);
#1093=VECTOR('',#6276,10.);
#1094=VECTOR('',#6277,10.);
#1095=VECTOR('',#6278,10.);
#1096=VECTOR('',#6281,10.);
#1097=VECTOR('',#6282,10.);
#1098=VECTOR('',#6283,10.);
#1099=VECTOR('',#6284,10.);
#1100=VECTOR('',#6287,10.);
#1101=VECTOR('',#6288,10.);
#1102=VECTOR('',#6291,10.);
#1103=VECTOR('',#6294,10.);
#1104=VECTOR('',#6299,10.);
#1105=VECTOR('',#6306,2.6);
#1106=VECTOR('',#6313,2.6);
#1107=VECTOR('',#6320,2.6);
#1108=VECTOR('',#6327,10.);
#1109=VECTOR('',#6330,10.);
#1110=VECTOR('',#6333,10.);
#1111=VECTOR('',#6336,10.);
#1112=VECTOR('',#6339,10.);
#1113=VECTOR('',#6342,10.);
#1114=VECTOR('',#6345,10.);
#1115=VECTOR('',#6346,10.);
#1116=VECTOR('',#6347,10.);
#1117=VECTOR('',#6348,10.);
#1118=VECTOR('',#6363,10.);
#1119=VECTOR('',#6364,10.);
#1120=VECTOR('',#6369,10.);
#1121=VECTOR('',#6374,10.);
#1122=VECTOR('',#6375,10.);
#1123=VECTOR('',#6378,10.);
#1124=VECTOR('',#6379,10.);
#1125=VECTOR('',#6384,10.);
#1126=VECTOR('',#6389,10.);
#1127=VECTOR('',#6390,10.);
#1128=VECTOR('',#6393,10.);
#1129=VECTOR('',#6394,10.);
#1130=VECTOR('',#6395,10.);
#1131=VECTOR('',#6396,10.);
#1132=VECTOR('',#6397,10.);
#1133=VECTOR('',#6398,10.);
#1134=VECTOR('',#6417,10.);
#1135=VECTOR('',#6418,10.);
#1136=VECTOR('',#6419,10.);
#1137=VECTOR('',#6422,2.10000000000001);
#1138=VECTOR('',#6425,2.10000000000001);
#1139=VECTOR('',#6428,2.10000000000001);
#1140=VECTOR('',#6431,2.10000000000001);
#1141=VECTOR('',#6434,2.10000000000001);
#1142=VECTOR('',#6437,2.10000000000001);
#1143=VECTOR('',#6440,10.);
#1144=VECTOR('',#6441,10.);
#1145=VECTOR('',#6442,10.);
#1146=VECTOR('',#6443,10.);
#1147=VECTOR('',#6444,10.);
#1148=VECTOR('',#6447,10.);
#1149=VECTOR('',#6450,10.);
#1150=VECTOR('',#6453,10.);
#1151=VECTOR('',#6454,10.);
#1152=VECTOR('',#6463,2.6);
#1153=VECTOR('',#6470,10.);
#1154=VECTOR('',#6473,10.);
#1155=VECTOR('',#6478,2.6);
#1156=VECTOR('',#6483,10.);
#1157=VECTOR('',#6486,10.);
#1158=VECTOR('',#6493,2.6);
#1159=VECTOR('',#6500,10.);
#1160=VECTOR('',#6503,10.);
#1161=VECTOR('',#6508,2.6);
#1162=VECTOR('',#6513,10.);
#1163=VECTOR('',#6516,10.);
#1164=VECTOR('',#6521,10.);
#1165=VECTOR('',#6522,10.);
#1166=VECTOR('',#6523,10.);
#1167=VECTOR('',#6524,10.);
#1168=VECTOR('',#6525,10.);
#1169=VECTOR('',#6528,10.);
#1170=VECTOR('',#6529,10.);
#1171=VECTOR('',#6530,10.);
#1172=VECTOR('',#6531,10.);
#1173=VECTOR('',#6532,10.);
#1174=VECTOR('',#6535,10.);
#1175=VECTOR('',#6536,10.);
#1176=VECTOR('',#6537,10.);
#1177=VECTOR('',#6538,10.);
#1178=VECTOR('',#6539,10.);
#1179=VECTOR('',#6540,10.);
#1180=VECTOR('',#6547,10.);
#1181=VECTOR('',#6548,10.);
#1182=VECTOR('',#6549,10.);
#1183=VECTOR('',#6550,10.);
#1184=VECTOR('',#6553,10.);
#1185=VECTOR('',#6554,10.);
#1186=VECTOR('',#6555,10.);
#1187=VECTOR('',#6556,10.);
#1188=VECTOR('',#6559,10.);
#1189=VECTOR('',#6562,10.);
#1190=VECTOR('',#6565,10.);
#1191=VECTOR('',#6568,10.);
#1192=VECTOR('',#6569,10.);
#1193=VECTOR('',#6572,10.);
#1194=VECTOR('',#6575,10.);
#1195=VECTOR('',#6576,10.);
#1196=VECTOR('',#6587,10.);
#1197=VECTOR('',#6594,10.);
#1198=VECTOR('',#6599,10.);
#1199=VECTOR('',#6600,10.);
#1200=VECTOR('',#6605,2.6);
#1201=VECTOR('',#6610,2.6);
#1202=VECTOR('',#6613,10.);
#1203=VECTOR('',#6614,10.);
#1204=VECTOR('',#6615,10.);
#1205=VECTOR('',#6618,10.);
#1206=VECTOR('',#6619,10.);
#1207=VECTOR('',#6622,10.);
#1208=VECTOR('',#6623,10.);
#1209=VECTOR('',#6624,10.);
#1210=VECTOR('',#6625,10.);
#1211=VECTOR('',#6626,10.);
#1212=VECTOR('',#6629,10.);
#1213=VECTOR('',#6630,10.);
#1214=VECTOR('',#6631,10.);
#1215=VECTOR('',#6632,10.);
#1216=VECTOR('',#6633,10.);
#1217=VECTOR('',#6634,10.);
#1218=VECTOR('',#6637,10.);
#1219=VECTOR('',#6648,10.);
#1220=VECTOR('',#6651,2.6);
#1221=VECTOR('',#6654,2.6);
#1222=VECTOR('',#6657,10.);
#1223=VECTOR('',#6658,10.);
#1224=VECTOR('',#6659,10.);
#1225=VECTOR('',#6662,10.);
#1226=VECTOR('',#6667,10.);
#1227=VECTOR('',#6670,10.);
#1228=VECTOR('',#6673,10.);
#1229=VECTOR('',#6674,10.);
#1230=VECTOR('',#6677,10.);
#1231=VECTOR('',#6680,10.);
#1232=VECTOR('',#6681,10.);
#1233=VECTOR('',#6682,10.);
#1234=VECTOR('',#6685,10.);
#1235=VECTOR('',#6688,10.);
#1236=VECTOR('',#6689,10.);
#1237=VECTOR('',#6690,10.);
#1238=VECTOR('',#6691,10.);
#1239=VECTOR('',#6694,10.);
#1240=VECTOR('',#6697,10.);
#1241=VECTOR('',#6700,10.);
#1242=VECTOR('',#6701,10.);
#1243=VECTOR('',#6702,10.);
#1244=VECTOR('',#6705,10.);
#1245=VECTOR('',#6706,10.);
#1246=VECTOR('',#6711,10.);
#1247=VECTOR('',#6712,10.);
#1248=VECTOR('',#6715,10.);
#1249=VECTOR('',#6718,10.);
#1250=VECTOR('',#6719,10.);
#1251=VECTOR('',#6722,10.);
#1252=VECTOR('',#6725,10.);
#1253=VECTOR('',#6736,10.);
#1254=VECTOR('',#6749,2.6);
#1255=VECTOR('',#6752,10.);
#1256=VECTOR('',#6755,10.);
#1257=VECTOR('',#6762,2.6);
#1258=VECTOR('',#6769,2.6);
#1259=VECTOR('',#6776,2.6);
#1260=VECTOR('',#6779,10.);
#1261=VECTOR('',#6782,10.);
#1262=VECTOR('',#6789,2.6);
#1263=VECTOR('',#6796,2.6);
#1264=VECTOR('',#6801,10.);
#1265=VECTOR('',#6802,10.);
#1266=VECTOR('',#6803,10.);
#1267=VECTOR('',#6804,10.);
#1268=VECTOR('',#6805,10.);
#1269=VECTOR('',#6806,10.);
#1270=VECTOR('',#6813,10.);
#1271=VECTOR('',#6814,10.);
#1272=VECTOR('',#6815,10.);
#1273=VECTOR('',#6816,10.);
#1274=VECTOR('',#6819,10.);
#1275=VECTOR('',#6820,10.);
#1276=VECTOR('',#6821,10.);
#1277=VECTOR('',#6822,10.);
#1278=VECTOR('',#6825,10.);
#1279=VECTOR('',#6826,10.);
#1280=VECTOR('',#6827,10.);
#1281=VECTOR('',#6828,10.);
#1282=VECTOR('',#6833,2.6);
#1283=VECTOR('',#6838,2.6);
#1284=VECTOR('',#6841,10.);
#1285=VECTOR('',#6842,10.);
#1286=VECTOR('',#6843,10.);
#1287=VECTOR('',#6844,10.);
#1288=VECTOR('',#6845,10.);
#1289=VECTOR('',#6846,10.);
#1290=VECTOR('',#6847,10.);
#1291=VECTOR('',#6850,10.);
#1292=VECTOR('',#6851,10.);
#1293=VECTOR('',#6856,10.);
#1294=VECTOR('',#6859,10.);
#1295=VECTOR('',#6860,10.);
#1296=VECTOR('',#6863,10.);
#1297=VECTOR('',#6866,10.);
#1298=VECTOR('',#6867,10.);
#1299=VECTOR('',#6870,10.);
#1300=VECTOR('',#6879,10.);
#1301=VECTOR('',#6882,10.);
#1302=VECTOR('',#6887,2.6);
#1303=VECTOR('',#6894,2.6);
#1304=VECTOR('',#6899,10.);
#1305=VECTOR('',#6900,10.);
#1306=VECTOR('',#6901,10.);
#1307=VECTOR('',#6902,10.);
#1308=VECTOR('',#6903,10.);
#1309=VECTOR('',#6904,10.);
#1310=VECTOR('',#6905,10.);
#1311=VECTOR('',#6910,10.);
#1312=VECTOR('',#6911,10.);
#1313=VECTOR('',#6912,10.);
#1314=VECTOR('',#6913,10.);
#1315=VECTOR('',#6914,10.);
#1316=VECTOR('',#6923,10.);
#1317=VECTOR('',#6928,2.6);
#1318=VECTOR('',#6933,2.6);
#1319=VECTOR('',#6936,10.);
#1320=VECTOR('',#6937,10.);
#1321=VECTOR('',#6940,10.);
#1322=VECTOR('',#6941,10.);
#1323=VECTOR('',#6942,10.);
#1324=VECTOR('',#6945,10.);
#1325=VECTOR('',#6948,10.);
#1326=VECTOR('',#6949,10.);
#1327=VECTOR('',#6950,10.);
#1328=VECTOR('',#6951,10.);
#1329=VECTOR('',#6954,10.);
#1330=VECTOR('',#6955,10.);
#1331=VECTOR('',#6956,10.);
#1332=VECTOR('',#6959,10.);
#1333=VECTOR('',#6960,10.);
#1334=VECTOR('',#6961,10.);
#1335=VECTOR('',#6964,10.);
#1336=VECTOR('',#6965,10.);
#1337=VECTOR('',#6966,10.);
#1338=VECTOR('',#6967,10.);
#1339=VECTOR('',#6970,10.);
#1340=VECTOR('',#6971,10.);
#1341=VECTOR('',#6978,10.);
#1342=VECTOR('',#6985,2.6);
#1343=VECTOR('',#6992,2.6);
#1344=VECTOR('',#6999,2.6);
#1345=VECTOR('',#7006,10.);
#1346=VECTOR('',#7009,10.);
#1347=VECTOR('',#7012,10.);
#1348=VECTOR('',#7015,10.);
#1349=VECTOR('',#7018,10.);
#1350=VECTOR('',#7021,10.);
#1351=VECTOR('',#7024,10.);
#1352=VECTOR('',#7025,10.);
#1353=VECTOR('',#7026,10.);
#1354=VECTOR('',#7027,10.);
#1355=VECTOR('',#7042,10.);
#1356=VECTOR('',#7043,10.);
#1357=VECTOR('',#7048,10.);
#1358=VECTOR('',#7053,10.);
#1359=VECTOR('',#7054,10.);
#1360=VECTOR('',#7057,10.);
#1361=VECTOR('',#7058,10.);
#1362=VECTOR('',#7063,10.);
#1363=VECTOR('',#7068,10.);
#1364=VECTOR('',#7069,10.);
#1365=VECTOR('',#7072,10.);
#1366=VECTOR('',#7073,10.);
#1367=VECTOR('',#7074,10.);
#1368=VECTOR('',#7075,10.);
#1369=VECTOR('',#7076,10.);
#1370=VECTOR('',#7077,10.);
#1371=VECTOR('',#7094,10.);
#1372=VECTOR('',#7095,10.);
#1373=VECTOR('',#7096,10.);
#1374=VECTOR('',#7099,2.10000000000001);
#1375=VECTOR('',#7102,2.10000000000001);
#1376=VECTOR('',#7105,2.10000000000001);
#1377=VECTOR('',#7108,2.10000000000001);
#1378=VECTOR('',#7111,2.10000000000001);
#1379=VECTOR('',#7114,2.10000000000001);
#1380=VECTOR('',#7119,10.);
#1381=VECTOR('',#7120,10.);
#1382=VECTOR('',#7123,10.);
#1383=VECTOR('',#7124,10.);
#1384=VECTOR('',#7125,10.);
#1385=VECTOR('',#7126,10.);
#1386=VECTOR('',#7129,10.);
#1387=VECTOR('',#7130,10.);
#1388=VECTOR('',#7133,10.);
#1389=CYLINDRICAL_SURFACE('',#5191,2.5);
#1390=CYLINDRICAL_SURFACE('',#5197,1.49999999999998);
#1391=CYLINDRICAL_SURFACE('',#5206,2.6);
#1392=CYLINDRICAL_SURFACE('',#5209,2.6);
#1393=CYLINDRICAL_SURFACE('',#5212,2.6);
#1394=CYLINDRICAL_SURFACE('',#5215,2.);
#1395=CYLINDRICAL_SURFACE('',#5230,2.);
#1396=CYLINDRICAL_SURFACE('',#5232,2.);
#1397=CYLINDRICAL_SURFACE('',#5235,2.);
#1398=CYLINDRICAL_SURFACE('',#5237,2.);
#1399=CYLINDRICAL_SURFACE('',#5253,2.10000000000001);
#1400=CYLINDRICAL_SURFACE('',#5254,2.10000000000001);
#1401=CYLINDRICAL_SURFACE('',#5255,2.10000000000001);
#1402=CYLINDRICAL_SURFACE('',#5256,2.10000000000001);
#1403=CYLINDRICAL_SURFACE('',#5257,2.10000000000001);
#1404=CYLINDRICAL_SURFACE('',#5258,2.10000000000001);
#1405=CYLINDRICAL_SURFACE('',#5261,2.6);
#1406=CYLINDRICAL_SURFACE('',#5264,2.6);
#1407=CYLINDRICAL_SURFACE('',#5269,2.6);
#1408=CYLINDRICAL_SURFACE('',#5272,2.6);
#1409=CYLINDRICAL_SURFACE('',#5275,2.6);
#1410=CYLINDRICAL_SURFACE('',#5280,2.6);
#1411=CYLINDRICAL_SURFACE('',#5286,2.6);
#1412=CYLINDRICAL_SURFACE('',#5289,2.6);
#1413=CYLINDRICAL_SURFACE('',#5303,2.6);
#1414=CYLINDRICAL_SURFACE('',#5306,2.6);
#1415=CYLINDRICAL_SURFACE('',#5309,2.6);
#1416=CYLINDRICAL_SURFACE('',#5312,7.5);
#1417=CYLINDRICAL_SURFACE('',#5315,2.);
#1418=CYLINDRICAL_SURFACE('',#5330,2.);
#1419=CYLINDRICAL_SURFACE('',#5332,2.);
#1420=CYLINDRICAL_SURFACE('',#5335,2.);
#1421=CYLINDRICAL_SURFACE('',#5337,2.);
#1422=CYLINDRICAL_SURFACE('',#5354,2.10000000000001);
#1423=CYLINDRICAL_SURFACE('',#5355,2.10000000000001);
#1424=CYLINDRICAL_SURFACE('',#5356,2.10000000000001);
#1425=CYLINDRICAL_SURFACE('',#5357,2.10000000000001);
#1426=CYLINDRICAL_SURFACE('',#5358,2.10000000000001);
#1427=CYLINDRICAL_SURFACE('',#5359,2.10000000000001);
#1428=CYLINDRICAL_SURFACE('',#5361,2.6);
#1429=CYLINDRICAL_SURFACE('',#5364,2.6);
#1430=CYLINDRICAL_SURFACE('',#5367,2.6);
#1431=CYLINDRICAL_SURFACE('',#5372,2.6);
#1432=CYLINDRICAL_SURFACE('',#5375,2.6);
#1433=CYLINDRICAL_SURFACE('',#5378,2.6);
#1434=CYLINDRICAL_SURFACE('',#5393,2.6);
#1435=CYLINDRICAL_SURFACE('',#5396,2.6);
#1436=CYLINDRICAL_SURFACE('',#5399,2.6);
#1437=CYLINDRICAL_SURFACE('',#5402,2.);
#1438=CYLINDRICAL_SURFACE('',#5417,2.);
#1439=CYLINDRICAL_SURFACE('',#5419,2.);
#1440=CYLINDRICAL_SURFACE('',#5422,2.);
#1441=CYLINDRICAL_SURFACE('',#5424,2.);
#1442=CYLINDRICAL_SURFACE('',#5436,2.10000000000001);
#1443=CYLINDRICAL_SURFACE('',#5437,2.10000000000001);
#1444=CYLINDRICAL_SURFACE('',#5438,2.10000000000001);
#1445=CYLINDRICAL_SURFACE('',#5439,2.10000000000001);
#1446=CYLINDRICAL_SURFACE('',#5440,2.10000000000001);
#1447=CYLINDRICAL_SURFACE('',#5441,2.10000000000001);
#1448=CYLINDRICAL_SURFACE('',#5448,2.6);
#1449=CYLINDRICAL_SURFACE('',#5451,2.6);
#1450=CYLINDRICAL_SURFACE('',#5454,2.6);
#1451=CYLINDRICAL_SURFACE('',#5457,2.6);
#1452=CYLINDRICAL_SURFACE('',#5460,2.6);
#1453=CYLINDRICAL_SURFACE('',#5463,2.6);
#1454=CYLINDRICAL_SURFACE('',#5466,2.6);
#1455=CYLINDRICAL_SURFACE('',#5469,2.6);
#1456=CYLINDRICAL_SURFACE('',#5489,2.6);
#1457=CYLINDRICAL_SURFACE('',#5493,2.6);
#1458=CYLINDRICAL_SURFACE('',#5495,2.6);
#1459=CYLINDRICAL_SURFACE('',#5497,2.6);
#1460=CYLINDRICAL_SURFACE('',#5503,2.6);
#1461=CYLINDRICAL_SURFACE('',#5507,2.6);
#1462=CYLINDRICAL_SURFACE('',#5509,2.6);
#1463=CYLINDRICAL_SURFACE('',#5510,2.6);
#1464=CYLINDRICAL_SURFACE('',#5540,2.6);
#1465=CYLINDRICAL_SURFACE('',#5545,2.6);
#1466=CYLINDRICAL_SURFACE('',#5548,2.6);
#1467=CYLINDRICAL_SURFACE('',#5551,2.6);
#1468=CYLINDRICAL_SURFACE('',#5556,2.6);
#1469=CYLINDRICAL_SURFACE('',#5559,2.6);
#1470=CYLINDRICAL_SURFACE('',#5568,2.6);
#1471=CYLINDRICAL_SURFACE('',#5570,2.6);
#1472=CYLINDRICAL_SURFACE('',#5582,2.6);
#1473=CYLINDRICAL_SURFACE('',#5585,2.6);
#1474=CYLINDRICAL_SURFACE('',#5588,2.6);
#1475=CYLINDRICAL_SURFACE('',#5596,2.6);
#1476=CYLINDRICAL_SURFACE('',#5598,2.6);
#1477=CYLINDRICAL_SURFACE('',#5600,2.6);
#1478=CYLINDRICAL_SURFACE('',#5614,2.6);
#1479=CYLINDRICAL_SURFACE('',#5617,2.6);
#1480=CYLINDRICAL_SURFACE('',#5620,2.6);
#1481=CYLINDRICAL_SURFACE('',#5623,2.);
#1482=CYLINDRICAL_SURFACE('',#5638,2.);
#1483=CYLINDRICAL_SURFACE('',#5640,2.);
#1484=CYLINDRICAL_SURFACE('',#5643,2.);
#1485=CYLINDRICAL_SURFACE('',#5645,2.);
#1486=CYLINDRICAL_SURFACE('',#5656,2.10000000000001);
#1487=CYLINDRICAL_SURFACE('',#5657,2.10000000000001);
#1488=CYLINDRICAL_SURFACE('',#5658,2.10000000000001);
#1489=CYLINDRICAL_SURFACE('',#5659,2.10000000000001);
#1490=CYLINDRICAL_SURFACE('',#5660,2.10000000000001);
#1491=CYLINDRICAL_SURFACE('',#5661,2.10000000000001);
#1492=FACE_OUTER_BOUND('',#1749,.T.);
#1493=FACE_OUTER_BOUND('',#1750,.T.);
#1494=FACE_OUTER_BOUND('',#1751,.T.);
#1495=FACE_OUTER_BOUND('',#1753,.T.);
#1496=FACE_OUTER_BOUND('',#1755,.T.);
#1497=FACE_OUTER_BOUND('',#1756,.T.);
#1498=FACE_OUTER_BOUND('',#1757,.T.);
#1499=FACE_OUTER_BOUND('',#1758,.T.);
#1500=FACE_OUTER_BOUND('',#1759,.T.);
#1501=FACE_OUTER_BOUND('',#1760,.T.);
#1502=FACE_OUTER_BOUND('',#1761,.T.);
#1503=FACE_OUTER_BOUND('',#1762,.T.);
#1504=FACE_OUTER_BOUND('',#1763,.T.);
#1505=FACE_OUTER_BOUND('',#1770,.T.);
#1506=FACE_OUTER_BOUND('',#1771,.T.);
#1507=FACE_OUTER_BOUND('',#1772,.T.);
#1508=FACE_OUTER_BOUND('',#1773,.T.);
#1509=FACE_OUTER_BOUND('',#1774,.T.);
#1510=FACE_OUTER_BOUND('',#1775,.T.);
#1511=FACE_OUTER_BOUND('',#1776,.T.);
#1512=FACE_OUTER_BOUND('',#1777,.T.);
#1513=FACE_OUTER_BOUND('',#1787,.T.);
#1514=FACE_OUTER_BOUND('',#1788,.T.);
#1515=FACE_OUTER_BOUND('',#1789,.T.);
#1516=FACE_OUTER_BOUND('',#1790,.T.);
#1517=FACE_OUTER_BOUND('',#1791,.T.);
#1518=FACE_OUTER_BOUND('',#1795,.T.);
#1519=FACE_OUTER_BOUND('',#1796,.T.);
#1520=FACE_OUTER_BOUND('',#1797,.T.);
#1521=FACE_OUTER_BOUND('',#1798,.T.);
#1522=FACE_OUTER_BOUND('',#1799,.T.);
#1523=FACE_OUTER_BOUND('',#1800,.T.);
#1524=FACE_OUTER_BOUND('',#1801,.T.);
#1525=FACE_OUTER_BOUND('',#1802,.T.);
#1526=FACE_OUTER_BOUND('',#1803,.T.);
#1527=FACE_OUTER_BOUND('',#1804,.T.);
#1528=FACE_OUTER_BOUND('',#1805,.T.);
#1529=FACE_OUTER_BOUND('',#1806,.T.);
#1530=FACE_OUTER_BOUND('',#1807,.T.);
#1531=FACE_OUTER_BOUND('',#1808,.T.);
#1532=FACE_OUTER_BOUND('',#1809,.T.);
#1533=FACE_OUTER_BOUND('',#1810,.T.);
#1534=FACE_OUTER_BOUND('',#1811,.T.);
#1535=FACE_OUTER_BOUND('',#1812,.T.);
#1536=FACE_OUTER_BOUND('',#1817,.T.);
#1537=FACE_OUTER_BOUND('',#1818,.T.);
#1538=FACE_OUTER_BOUND('',#1819,.T.);
#1539=FACE_OUTER_BOUND('',#1822,.T.);
#1540=FACE_OUTER_BOUND('',#1823,.T.);
#1541=FACE_OUTER_BOUND('',#1824,.T.);
#1542=FACE_OUTER_BOUND('',#1825,.T.);
#1543=FACE_OUTER_BOUND('',#1834,.T.);
#1544=FACE_OUTER_BOUND('',#1835,.T.);
#1545=FACE_OUTER_BOUND('',#1836,.T.);
#1546=FACE_OUTER_BOUND('',#1837,.T.);
#1547=FACE_OUTER_BOUND('',#1838,.T.);
#1548=FACE_OUTER_BOUND('',#1839,.T.);
#1549=FACE_OUTER_BOUND('',#1840,.T.);
#1550=FACE_OUTER_BOUND('',#1841,.T.);
#1551=FACE_OUTER_BOUND('',#1842,.T.);
#1552=FACE_OUTER_BOUND('',#1843,.T.);
#1553=FACE_OUTER_BOUND('',#1844,.T.);
#1554=FACE_OUTER_BOUND('',#1845,.T.);
#1555=FACE_OUTER_BOUND('',#1853,.T.);
#1556=FACE_OUTER_BOUND('',#1854,.T.);
#1557=FACE_OUTER_BOUND('',#1855,.T.);
#1558=FACE_OUTER_BOUND('',#1856,.T.);
#1559=FACE_OUTER_BOUND('',#1857,.T.);
#1560=FACE_OUTER_BOUND('',#1858,.T.);
#1561=FACE_OUTER_BOUND('',#1859,.T.);
#1562=FACE_OUTER_BOUND('',#1860,.T.);
#1563=FACE_OUTER_BOUND('',#1871,.T.);
#1564=FACE_OUTER_BOUND('',#1872,.T.);
#1565=FACE_OUTER_BOUND('',#1873,.T.);
#1566=FACE_OUTER_BOUND('',#1874,.T.);
#1567=FACE_OUTER_BOUND('',#1878,.T.);
#1568=FACE_OUTER_BOUND('',#1879,.T.);
#1569=FACE_OUTER_BOUND('',#1880,.T.);
#1570=FACE_OUTER_BOUND('',#1881,.T.);
#1571=FACE_OUTER_BOUND('',#1882,.T.);
#1572=FACE_OUTER_BOUND('',#1883,.T.);
#1573=FACE_OUTER_BOUND('',#1884,.T.);
#1574=FACE_OUTER_BOUND('',#1885,.T.);
#1575=FACE_OUTER_BOUND('',#1886,.T.);
#1576=FACE_OUTER_BOUND('',#1887,.T.);
#1577=FACE_OUTER_BOUND('',#1888,.T.);
#1578=FACE_OUTER_BOUND('',#1889,.T.);
#1579=FACE_OUTER_BOUND('',#1890,.T.);
#1580=FACE_OUTER_BOUND('',#1891,.T.);
#1581=FACE_OUTER_BOUND('',#1892,.T.);
#1582=FACE_OUTER_BOUND('',#1895,.T.);
#1583=FACE_OUTER_BOUND('',#1896,.T.);
#1584=FACE_OUTER_BOUND('',#1897,.T.);
#1585=FACE_OUTER_BOUND('',#1898,.T.);
#1586=FACE_OUTER_BOUND('',#1899,.T.);
#1587=FACE_OUTER_BOUND('',#1902,.T.);
#1588=FACE_OUTER_BOUND('',#1903,.T.);
#1589=FACE_OUTER_BOUND('',#1904,.T.);
#1590=FACE_OUTER_BOUND('',#1905,.T.);
#1591=FACE_OUTER_BOUND('',#1906,.T.);
#1592=FACE_OUTER_BOUND('',#1911,.T.);
#1593=FACE_OUTER_BOUND('',#1912,.T.);
#1594=FACE_OUTER_BOUND('',#1913,.T.);
#1595=FACE_OUTER_BOUND('',#1914,.T.);
#1596=FACE_OUTER_BOUND('',#1915,.T.);
#1597=FACE_OUTER_BOUND('',#1916,.T.);
#1598=FACE_OUTER_BOUND('',#1917,.T.);
#1599=FACE_OUTER_BOUND('',#1918,.T.);
#1600=FACE_OUTER_BOUND('',#1919,.T.);
#1601=FACE_OUTER_BOUND('',#1920,.T.);
#1602=FACE_OUTER_BOUND('',#1927,.T.);
#1603=FACE_OUTER_BOUND('',#1928,.T.);
#1604=FACE_OUTER_BOUND('',#1929,.T.);
#1605=FACE_OUTER_BOUND('',#1930,.T.);
#1606=FACE_OUTER_BOUND('',#1931,.T.);
#1607=FACE_OUTER_BOUND('',#1932,.T.);
#1608=FACE_OUTER_BOUND('',#1933,.T.);
#1609=FACE_OUTER_BOUND('',#1943,.T.);
#1610=FACE_OUTER_BOUND('',#1944,.T.);
#1611=FACE_OUTER_BOUND('',#1945,.T.);
#1612=FACE_OUTER_BOUND('',#1946,.T.);
#1613=FACE_OUTER_BOUND('',#1947,.T.);
#1614=FACE_OUTER_BOUND('',#1948,.T.);
#1615=FACE_OUTER_BOUND('',#1949,.T.);
#1616=FACE_OUTER_BOUND('',#1950,.T.);
#1617=FACE_OUTER_BOUND('',#1951,.T.);
#1618=FACE_OUTER_BOUND('',#1952,.T.);
#1619=FACE_OUTER_BOUND('',#1956,.T.);
#1620=FACE_OUTER_BOUND('',#1957,.T.);
#1621=FACE_OUTER_BOUND('',#1958,.T.);
#1622=FACE_OUTER_BOUND('',#1959,.T.);
#1623=FACE_OUTER_BOUND('',#1960,.T.);
#1624=FACE_OUTER_BOUND('',#1961,.T.);
#1625=FACE_OUTER_BOUND('',#1962,.T.);
#1626=FACE_OUTER_BOUND('',#1963,.T.);
#1627=FACE_OUTER_BOUND('',#1964,.T.);
#1628=FACE_OUTER_BOUND('',#1965,.T.);
#1629=FACE_OUTER_BOUND('',#1966,.T.);
#1630=FACE_OUTER_BOUND('',#1967,.T.);
#1631=FACE_OUTER_BOUND('',#1968,.T.);
#1632=FACE_OUTER_BOUND('',#1969,.T.);
#1633=FACE_OUTER_BOUND('',#1970,.T.);
#1634=FACE_OUTER_BOUND('',#1971,.T.);
#1635=FACE_OUTER_BOUND('',#1974,.T.);
#1636=FACE_OUTER_BOUND('',#1975,.T.);
#1637=FACE_OUTER_BOUND('',#1976,.T.);
#1638=FACE_OUTER_BOUND('',#1977,.T.);
#1639=FACE_OUTER_BOUND('',#1986,.T.);
#1640=FACE_OUTER_BOUND('',#1987,.T.);
#1641=FACE_OUTER_BOUND('',#1988,.T.);
#1642=FACE_OUTER_BOUND('',#1989,.T.);
#1643=FACE_OUTER_BOUND('',#1990,.T.);
#1644=FACE_OUTER_BOUND('',#1991,.T.);
#1645=FACE_OUTER_BOUND('',#1992,.T.);
#1646=FACE_OUTER_BOUND('',#1993,.T.);
#1647=FACE_OUTER_BOUND('',#1994,.T.);
#1648=FACE_OUTER_BOUND('',#1995,.T.);
#1649=FACE_OUTER_BOUND('',#1996,.T.);
#1650=FACE_OUTER_BOUND('',#1997,.T.);
#1651=FACE_OUTER_BOUND('',#1998,.T.);
#1652=FACE_OUTER_BOUND('',#1999,.T.);
#1653=FACE_OUTER_BOUND('',#2000,.T.);
#1654=FACE_OUTER_BOUND('',#2001,.T.);
#1655=FACE_OUTER_BOUND('',#2002,.T.);
#1656=FACE_OUTER_BOUND('',#2003,.T.);
#1657=FACE_OUTER_BOUND('',#2004,.T.);
#1658=FACE_OUTER_BOUND('',#2005,.T.);
#1659=FACE_OUTER_BOUND('',#2006,.T.);
#1660=FACE_OUTER_BOUND('',#2007,.T.);
#1661=FACE_OUTER_BOUND('',#2010,.T.);
#1662=FACE_OUTER_BOUND('',#2011,.T.);
#1663=FACE_OUTER_BOUND('',#2012,.T.);
#1664=FACE_OUTER_BOUND('',#2013,.T.);
#1665=FACE_OUTER_BOUND('',#2014,.T.);
#1666=FACE_OUTER_BOUND('',#2015,.T.);
#1667=FACE_OUTER_BOUND('',#2016,.T.);
#1668=FACE_OUTER_BOUND('',#2017,.T.);
#1669=FACE_OUTER_BOUND('',#2018,.T.);
#1670=FACE_OUTER_BOUND('',#2019,.T.);
#1671=FACE_OUTER_BOUND('',#2024,.T.);
#1672=FACE_OUTER_BOUND('',#2025,.T.);
#1673=FACE_OUTER_BOUND('',#2026,.T.);
#1674=FACE_OUTER_BOUND('',#2027,.T.);
#1675=FACE_OUTER_BOUND('',#2028,.T.);
#1676=FACE_OUTER_BOUND('',#2029,.T.);
#1677=FACE_OUTER_BOUND('',#2030,.T.);
#1678=FACE_OUTER_BOUND('',#2031,.T.);
#1679=FACE_OUTER_BOUND('',#2032,.T.);
#1680=FACE_OUTER_BOUND('',#2033,.T.);
#1681=FACE_OUTER_BOUND('',#2034,.T.);
#1682=FACE_OUTER_BOUND('',#2035,.T.);
#1683=FACE_OUTER_BOUND('',#2036,.T.);
#1684=FACE_OUTER_BOUND('',#2037,.T.);
#1685=FACE_OUTER_BOUND('',#2038,.T.);
#1686=FACE_OUTER_BOUND('',#2039,.T.);
#1687=FACE_OUTER_BOUND('',#2042,.T.);
#1688=FACE_OUTER_BOUND('',#2043,.T.);
#1689=FACE_OUTER_BOUND('',#2044,.T.);
#1690=FACE_OUTER_BOUND('',#2049,.T.);
#1691=FACE_OUTER_BOUND('',#2050,.T.);
#1692=FACE_OUTER_BOUND('',#2051,.T.);
#1693=FACE_OUTER_BOUND('',#2052,.T.);
#1694=FACE_OUTER_BOUND('',#2053,.T.);
#1695=FACE_OUTER_BOUND('',#2054,.T.);
#1696=FACE_OUTER_BOUND('',#2055,.T.);
#1697=FACE_OUTER_BOUND('',#2056,.T.);
#1698=FACE_OUTER_BOUND('',#2057,.T.);
#1699=FACE_OUTER_BOUND('',#2066,.T.);
#1700=FACE_OUTER_BOUND('',#2067,.T.);
#1701=FACE_OUTER_BOUND('',#2068,.T.);
#1702=FACE_OUTER_BOUND('',#2069,.T.);
#1703=FACE_OUTER_BOUND('',#2070,.T.);
#1704=FACE_OUTER_BOUND('',#2071,.T.);
#1705=FACE_OUTER_BOUND('',#2072,.T.);
#1706=FACE_OUTER_BOUND('',#2073,.T.);
#1707=FACE_OUTER_BOUND('',#2078,.T.);
#1708=FACE_OUTER_BOUND('',#2079,.T.);
#1709=FACE_OUTER_BOUND('',#2080,.T.);
#1710=FACE_OUTER_BOUND('',#2081,.T.);
#1711=FACE_OUTER_BOUND('',#2082,.T.);
#1712=FACE_OUTER_BOUND('',#2085,.T.);
#1713=FACE_OUTER_BOUND('',#2086,.T.);
#1714=FACE_OUTER_BOUND('',#2087,.T.);
#1715=FACE_OUTER_BOUND('',#2088,.T.);
#1716=FACE_OUTER_BOUND('',#2091,.T.);
#1717=FACE_OUTER_BOUND('',#2092,.T.);
#1718=FACE_OUTER_BOUND('',#2093,.T.);
#1719=FACE_OUTER_BOUND('',#2094,.T.);
#1720=FACE_OUTER_BOUND('',#2095,.T.);
#1721=FACE_OUTER_BOUND('',#2096,.T.);
#1722=FACE_OUTER_BOUND('',#2097,.T.);
#1723=FACE_OUTER_BOUND('',#2098,.T.);
#1724=FACE_OUTER_BOUND('',#2099,.T.);
#1725=FACE_OUTER_BOUND('',#2100,.T.);
#1726=FACE_OUTER_BOUND('',#2101,.T.);
#1727=FACE_OUTER_BOUND('',#2108,.T.);
#1728=FACE_OUTER_BOUND('',#2109,.T.);
#1729=FACE_OUTER_BOUND('',#2110,.T.);
#1730=FACE_OUTER_BOUND('',#2111,.T.);
#1731=FACE_OUTER_BOUND('',#2112,.T.);
#1732=FACE_OUTER_BOUND('',#2113,.T.);
#1733=FACE_OUTER_BOUND('',#2114,.T.);
#1734=FACE_OUTER_BOUND('',#2124,.T.);
#1735=FACE_OUTER_BOUND('',#2125,.T.);
#1736=FACE_OUTER_BOUND('',#2126,.T.);
#1737=FACE_OUTER_BOUND('',#2127,.T.);
#1738=FACE_OUTER_BOUND('',#2128,.T.);
#1739=FACE_OUTER_BOUND('',#2129,.T.);
#1740=FACE_OUTER_BOUND('',#2130,.T.);
#1741=FACE_OUTER_BOUND('',#2131,.T.);
#1742=FACE_OUTER_BOUND('',#2132,.T.);
#1743=FACE_OUTER_BOUND('',#2133,.T.);
#1744=FACE_OUTER_BOUND('',#2134,.T.);
#1745=FACE_OUTER_BOUND('',#2138,.T.);
#1746=FACE_OUTER_BOUND('',#2139,.T.);
#1747=FACE_OUTER_BOUND('',#2140,.T.);
#1748=FACE_OUTER_BOUND('',#2141,.T.);
#1749=EDGE_LOOP('',(#3516,#3517,#3518,#3519));
#1750=EDGE_LOOP('',(#3520,#3521,#3522,#3523));
#1751=EDGE_LOOP('',(#3524));
#1752=EDGE_LOOP('',(#3525));
#1753=EDGE_LOOP('',(#3526));
#1754=EDGE_LOOP('',(#3527));
#1755=EDGE_LOOP('',(#3528,#3529,#3530,#3531,#3532));
#1756=EDGE_LOOP('',(#3533,#3534,#3535,#3536));
#1757=EDGE_LOOP('',(#3537));
#1758=EDGE_LOOP('',(#3538,#3539,#3540,#3541));
#1759=EDGE_LOOP('',(#3542,#3543,#3544,#3545));
#1760=EDGE_LOOP('',(#3546,#3547,#3548,#3549));
#1761=EDGE_LOOP('',(#3550,#3551,#3552,#3553));
#1762=EDGE_LOOP('',(#3554,#3555,#3556,#3557));
#1763=EDGE_LOOP('',(#3558,#3559,#3560,#3561,#3562,#3563,#3564,#3565,#3566,
#3567,#3568,#3569,#3570));
#1764=EDGE_LOOP('',(#3571));
#1765=EDGE_LOOP('',(#3572));
#1766=EDGE_LOOP('',(#3573));
#1767=EDGE_LOOP('',(#3574));
#1768=EDGE_LOOP('',(#3575));
#1769=EDGE_LOOP('',(#3576));
#1770=EDGE_LOOP('',(#3577,#3578,#3579,#3580));
#1771=EDGE_LOOP('',(#3581,#3582,#3583,#3584));
#1772=EDGE_LOOP('',(#3585,#3586,#3587,#3588));
#1773=EDGE_LOOP('',(#3589,#3590,#3591,#3592));
#1774=EDGE_LOOP('',(#3593,#3594,#3595,#3596));
#1775=EDGE_LOOP('',(#3597,#3598,#3599,#3600));
#1776=EDGE_LOOP('',(#3601,#3602,#3603,#3604,#3605,#3606));
#1777=EDGE_LOOP('',(#3607,#3608,#3609,#3610,#3611,#3612,#3613,#3614,#3615,
#3616,#3617,#3618,#3619));
#1778=EDGE_LOOP('',(#3620));
#1779=EDGE_LOOP('',(#3621));
#1780=EDGE_LOOP('',(#3622));
#1781=EDGE_LOOP('',(#3623));
#1782=EDGE_LOOP('',(#3624));
#1783=EDGE_LOOP('',(#3625));
#1784=EDGE_LOOP('',(#3626));
#1785=EDGE_LOOP('',(#3627));
#1786=EDGE_LOOP('',(#3628));
#1787=EDGE_LOOP('',(#3629,#3630,#3631,#3632));
#1788=EDGE_LOOP('',(#3633,#3634,#3635,#3636));
#1789=EDGE_LOOP('',(#3637,#3638,#3639,#3640,#3641,#3642));
#1790=EDGE_LOOP('',(#3643,#3644,#3645,#3646));
#1791=EDGE_LOOP('',(#3647,#3648,#3649,#3650,#3651,#3652));
#1792=EDGE_LOOP('',(#3653));
#1793=EDGE_LOOP('',(#3654));
#1794=EDGE_LOOP('',(#3655));
#1795=EDGE_LOOP('',(#3656,#3657,#3658,#3659));
#1796=EDGE_LOOP('',(#3660,#3661,#3662,#3663));
#1797=EDGE_LOOP('',(#3664,#3665,#3666,#3667));
#1798=EDGE_LOOP('',(#3668,#3669,#3670,#3671));
#1799=EDGE_LOOP('',(#3672,#3673,#3674,#3675));
#1800=EDGE_LOOP('',(#3676,#3677,#3678,#3679));
#1801=EDGE_LOOP('',(#3680,#3681,#3682,#3683));
#1802=EDGE_LOOP('',(#3684,#3685,#3686,#3687));
#1803=EDGE_LOOP('',(#3688,#3689,#3690,#3691));
#1804=EDGE_LOOP('',(#3692,#3693,#3694,#3695));
#1805=EDGE_LOOP('',(#3696,#3697,#3698,#3699,#3700,#3701,#3702,#3703));
#1806=EDGE_LOOP('',(#3704,#3705,#3706,#3707));
#1807=EDGE_LOOP('',(#3708,#3709,#3710,#3711));
#1808=EDGE_LOOP('',(#3712,#3713,#3714,#3715,#3716,#3717,#3718,#3719));
#1809=EDGE_LOOP('',(#3720,#3721,#3722,#3723));
#1810=EDGE_LOOP('',(#3724,#3725,#3726,#3727,#3728,#3729));
#1811=EDGE_LOOP('',(#3730,#3731,#3732,#3733,#3734,#3735));
#1812=EDGE_LOOP('',(#3736,#3737,#3738,#3739,#3740,#3741,#3742,#3743));
#1813=EDGE_LOOP('',(#3744));
#1814=EDGE_LOOP('',(#3745));
#1815=EDGE_LOOP('',(#3746));
#1816=EDGE_LOOP('',(#3747));
#1817=EDGE_LOOP('',(#3748,#3749,#3750,#3751));
#1818=EDGE_LOOP('',(#3752,#3753,#3754,#3755));
#1819=EDGE_LOOP('',(#3756,#3757,#3758,#3759,#3760,#3761,#3762,#3763,#3764,
#3765));
#1820=EDGE_LOOP('',(#3766));
#1821=EDGE_LOOP('',(#3767));
#1822=EDGE_LOOP('',(#3768,#3769,#3770,#3771));
#1823=EDGE_LOOP('',(#3772,#3773,#3774,#3775));
#1824=EDGE_LOOP('',(#3776,#3777,#3778,#3779,#3780,#3781));
#1825=EDGE_LOOP('',(#3782,#3783,#3784,#3785));
#1826=EDGE_LOOP('',(#3786));
#1827=EDGE_LOOP('',(#3787));
#1828=EDGE_LOOP('',(#3788));
#1829=EDGE_LOOP('',(#3789));
#1830=EDGE_LOOP('',(#3790));
#1831=EDGE_LOOP('',(#3791));
#1832=EDGE_LOOP('',(#3792));
#1833=EDGE_LOOP('',(#3793));
#1834=EDGE_LOOP('',(#3794,#3795,#3796,#3797));
#1835=EDGE_LOOP('',(#3798,#3799,#3800,#3801));
#1836=EDGE_LOOP('',(#3802,#3803,#3804,#3805));
#1837=EDGE_LOOP('',(#3806,#3807,#3808,#3809));
#1838=EDGE_LOOP('',(#3810,#3811,#3812,#3813,#3814,#3815));
#1839=EDGE_LOOP('',(#3816,#3817,#3818,#3819,#3820,#3821,#3822,#3823));
#1840=EDGE_LOOP('',(#3824,#3825,#3826,#3827));
#1841=EDGE_LOOP('',(#3828,#3829,#3830,#3831));
#1842=EDGE_LOOP('',(#3832,#3833,#3834,#3835));
#1843=EDGE_LOOP('',(#3836,#3837,#3838,#3839));
#1844=EDGE_LOOP('',(#3840,#3841,#3842,#3843));
#1845=EDGE_LOOP('',(#3844,#3845,#3846,#3847,#3848,#3849,#3850,#3851,#3852,
#3853,#3854,#3855,#3856));
#1846=EDGE_LOOP('',(#3857));
#1847=EDGE_LOOP('',(#3858));
#1848=EDGE_LOOP('',(#3859));
#1849=EDGE_LOOP('',(#3860));
#1850=EDGE_LOOP('',(#3861));
#1851=EDGE_LOOP('',(#3862));
#1852=EDGE_LOOP('',(#3863));
#1853=EDGE_LOOP('',(#3864,#3865,#3866,#3867));
#1854=EDGE_LOOP('',(#3868,#3869,#3870,#3871));
#1855=EDGE_LOOP('',(#3872,#3873,#3874,#3875));
#1856=EDGE_LOOP('',(#3876,#3877,#3878,#3879));
#1857=EDGE_LOOP('',(#3880,#3881,#3882,#3883));
#1858=EDGE_LOOP('',(#3884,#3885,#3886,#3887));
#1859=EDGE_LOOP('',(#3888,#3889,#3890,#3891,#3892,#3893));
#1860=EDGE_LOOP('',(#3894,#3895,#3896,#3897,#3898,#3899,#3900,#3901,#3902,
#3903,#3904,#3905,#3906));
#1861=EDGE_LOOP('',(#3907));
#1862=EDGE_LOOP('',(#3908));
#1863=EDGE_LOOP('',(#3909));
#1864=EDGE_LOOP('',(#3910));
#1865=EDGE_LOOP('',(#3911));
#1866=EDGE_LOOP('',(#3912));
#1867=EDGE_LOOP('',(#3913));
#1868=EDGE_LOOP('',(#3914));
#1869=EDGE_LOOP('',(#3915));
#1870=EDGE_LOOP('',(#3916));
#1871=EDGE_LOOP('',(#3917,#3918,#3919,#3920));
#1872=EDGE_LOOP('',(#3921,#3922,#3923,#3924));
#1873=EDGE_LOOP('',(#3925,#3926,#3927,#3928));
#1874=EDGE_LOOP('',(#3929,#3930,#3931,#3932,#3933,#3934));
#1875=EDGE_LOOP('',(#3935));
#1876=EDGE_LOOP('',(#3936));
#1877=EDGE_LOOP('',(#3937));
#1878=EDGE_LOOP('',(#3938,#3939,#3940,#3941));
#1879=EDGE_LOOP('',(#3942,#3943,#3944,#3945));
#1880=EDGE_LOOP('',(#3946,#3947,#3948,#3949));
#1881=EDGE_LOOP('',(#3950,#3951,#3952,#3953));
#1882=EDGE_LOOP('',(#3954,#3955,#3956,#3957));
#1883=EDGE_LOOP('',(#3958,#3959,#3960,#3961));
#1884=EDGE_LOOP('',(#3962,#3963,#3964,#3965));
#1885=EDGE_LOOP('',(#3966,#3967,#3968,#3969));
#1886=EDGE_LOOP('',(#3970,#3971,#3972,#3973));
#1887=EDGE_LOOP('',(#3974,#3975,#3976,#3977,#3978,#3979));
#1888=EDGE_LOOP('',(#3980,#3981,#3982,#3983));
#1889=EDGE_LOOP('',(#3984,#3985,#3986,#3987));
#1890=EDGE_LOOP('',(#3988,#3989,#3990,#3991));
#1891=EDGE_LOOP('',(#3992,#3993,#3994,#3995,#3996,#3997,#3998,#3999));
#1892=EDGE_LOOP('',(#4000,#4001,#4002,#4003,#4004,#4005));
#1893=EDGE_LOOP('',(#4006));
#1894=EDGE_LOOP('',(#4007));
#1895=EDGE_LOOP('',(#4008,#4009,#4010,#4011));
#1896=EDGE_LOOP('',(#4012,#4013,#4014,#4015));
#1897=EDGE_LOOP('',(#4016,#4017,#4018,#4019));
#1898=EDGE_LOOP('',(#4020,#4021,#4022,#4023));
#1899=EDGE_LOOP('',(#4024,#4025,#4026,#4027,#4028,#4029));
#1900=EDGE_LOOP('',(#4030));
#1901=EDGE_LOOP('',(#4031));
#1902=EDGE_LOOP('',(#4032,#4033,#4034,#4035));
#1903=EDGE_LOOP('',(#4036,#4037,#4038,#4039,#4040,#4041));
#1904=EDGE_LOOP('',(#4042,#4043,#4044,#4045));
#1905=EDGE_LOOP('',(#4046,#4047,#4048,#4049,#4050,#4051));
#1906=EDGE_LOOP('',(#4052,#4053,#4054,#4055,#4056,#4057,#4058,#4059));
#1907=EDGE_LOOP('',(#4060));
#1908=EDGE_LOOP('',(#4061));
#1909=EDGE_LOOP('',(#4062));
#1910=EDGE_LOOP('',(#4063));
#1911=EDGE_LOOP('',(#4064,#4065,#4066,#4067,#4068,#4069,#4070,#4071));
#1912=EDGE_LOOP('',(#4072,#4073,#4074,#4075));
#1913=EDGE_LOOP('',(#4076,#4077,#4078,#4079));
#1914=EDGE_LOOP('',(#4080,#4081,#4082,#4083));
#1915=EDGE_LOOP('',(#4084,#4085,#4086,#4087));
#1916=EDGE_LOOP('',(#4088,#4089,#4090,#4091));
#1917=EDGE_LOOP('',(#4092,#4093,#4094,#4095));
#1918=EDGE_LOOP('',(#4096,#4097,#4098,#4099));
#1919=EDGE_LOOP('',(#4100,#4101,#4102,#4103));
#1920=EDGE_LOOP('',(#4104,#4105,#4106,#4107,#4108,#4109,#4110,#4111,#4112,
#4113,#4114,#4115,#4116));
#1921=EDGE_LOOP('',(#4117));
#1922=EDGE_LOOP('',(#4118));
#1923=EDGE_LOOP('',(#4119));
#1924=EDGE_LOOP('',(#4120));
#1925=EDGE_LOOP('',(#4121));
#1926=EDGE_LOOP('',(#4122));
#1927=EDGE_LOOP('',(#4123,#4124,#4125,#4126));
#1928=EDGE_LOOP('',(#4127,#4128,#4129,#4130));
#1929=EDGE_LOOP('',(#4131,#4132,#4133,#4134));
#1930=EDGE_LOOP('',(#4135,#4136,#4137,#4138));
#1931=EDGE_LOOP('',(#4139,#4140,#4141,#4142));
#1932=EDGE_LOOP('',(#4143,#4144,#4145,#4146));
#1933=EDGE_LOOP('',(#4147,#4148,#4149,#4150,#4151,#4152,#4153,#4154,#4155,
#4156,#4157,#4158,#4159));
#1934=EDGE_LOOP('',(#4160));
#1935=EDGE_LOOP('',(#4161));
#1936=EDGE_LOOP('',(#4162));
#1937=EDGE_LOOP('',(#4163));
#1938=EDGE_LOOP('',(#4164));
#1939=EDGE_LOOP('',(#4165));
#1940=EDGE_LOOP('',(#4166));
#1941=EDGE_LOOP('',(#4167));
#1942=EDGE_LOOP('',(#4168));
#1943=EDGE_LOOP('',(#4169,#4170,#4171,#4172));
#1944=EDGE_LOOP('',(#4173,#4174,#4175,#4176));
#1945=EDGE_LOOP('',(#4177,#4178,#4179,#4180,#4181,#4182));
#1946=EDGE_LOOP('',(#4183,#4184,#4185,#4186));
#1947=EDGE_LOOP('',(#4187,#4188,#4189,#4190));
#1948=EDGE_LOOP('',(#4191,#4192,#4193,#4194));
#1949=EDGE_LOOP('',(#4195,#4196,#4197,#4198));
#1950=EDGE_LOOP('',(#4199,#4200,#4201,#4202));
#1951=EDGE_LOOP('',(#4203,#4204,#4205,#4206));
#1952=EDGE_LOOP('',(#4207,#4208,#4209,#4210,#4211,#4212));
#1953=EDGE_LOOP('',(#4213));
#1954=EDGE_LOOP('',(#4214));
#1955=EDGE_LOOP('',(#4215));
#1956=EDGE_LOOP('',(#4216,#4217,#4218,#4219));
#1957=EDGE_LOOP('',(#4220,#4221,#4222,#4223));
#1958=EDGE_LOOP('',(#4224,#4225,#4226,#4227,#4228,#4229));
#1959=EDGE_LOOP('',(#4230,#4231,#4232,#4233));
#1960=EDGE_LOOP('',(#4234,#4235,#4236,#4237));
#1961=EDGE_LOOP('',(#4238,#4239,#4240,#4241));
#1962=EDGE_LOOP('',(#4242,#4243,#4244,#4245));
#1963=EDGE_LOOP('',(#4246,#4247,#4248,#4249));
#1964=EDGE_LOOP('',(#4250,#4251,#4252,#4253));
#1965=EDGE_LOOP('',(#4254,#4255,#4256,#4257));
#1966=EDGE_LOOP('',(#4258,#4259,#4260,#4261));
#1967=EDGE_LOOP('',(#4262,#4263,#4264,#4265));
#1968=EDGE_LOOP('',(#4266,#4267,#4268,#4269));
#1969=EDGE_LOOP('',(#4270,#4271,#4272,#4273,#4274,#4275));
#1970=EDGE_LOOP('',(#4276,#4277,#4278,#4279,#4280,#4281));
#1971=EDGE_LOOP('',(#4282,#4283,#4284,#4285,#4286,#4287,#4288,#4289));
#1972=EDGE_LOOP('',(#4290));
#1973=EDGE_LOOP('',(#4291));
#1974=EDGE_LOOP('',(#4292,#4293,#4294,#4295,#4296,#4297));
#1975=EDGE_LOOP('',(#4298,#4299,#4300,#4301,#4302,#4303));
#1976=EDGE_LOOP('',(#4304,#4305,#4306,#4307));
#1977=EDGE_LOOP('',(#4308,#4309,#4310,#4311,#4312,#4313,#4314,#4315,#4316,
#4317,#4318,#4319,#4320,#4321,#4322,#4323,#4324,#4325,#4326,#4327));
#1978=EDGE_LOOP('',(#4328));
#1979=EDGE_LOOP('',(#4329));
#1980=EDGE_LOOP('',(#4330));
#1981=EDGE_LOOP('',(#4331));
#1982=EDGE_LOOP('',(#4332));
#1983=EDGE_LOOP('',(#4333));
#1984=EDGE_LOOP('',(#4334));
#1985=EDGE_LOOP('',(#4335));
#1986=EDGE_LOOP('',(#4336,#4337,#4338,#4339,#4340,#4341));
#1987=EDGE_LOOP('',(#4342,#4343,#4344,#4345));
#1988=EDGE_LOOP('',(#4346,#4347,#4348,#4349));
#1989=EDGE_LOOP('',(#4350,#4351,#4352,#4353));
#1990=EDGE_LOOP('',(#4354,#4355,#4356,#4357,#4358));
#1991=EDGE_LOOP('',(#4359,#4360,#4361,#4362));
#1992=EDGE_LOOP('',(#4363,#4364,#4365,#4366,#4367,#4368,#4369,#4370));
#1993=EDGE_LOOP('',(#4371,#4372,#4373,#4374,#4375,#4376,#4377,#4378));
#1994=EDGE_LOOP('',(#4379,#4380,#4381,#4382,#4383,#4384));
#1995=EDGE_LOOP('',(#4385,#4386,#4387,#4388));
#1996=EDGE_LOOP('',(#4389,#4390,#4391,#4392));
#1997=EDGE_LOOP('',(#4393,#4394,#4395,#4396));
#1998=EDGE_LOOP('',(#4397,#4398,#4399,#4400,#4401));
#1999=EDGE_LOOP('',(#4402,#4403,#4404));
#2000=EDGE_LOOP('',(#4405,#4406,#4407,#4408));
#2001=EDGE_LOOP('',(#4409,#4410,#4411,#4412));
#2002=EDGE_LOOP('',(#4413,#4414,#4415,#4416));
#2003=EDGE_LOOP('',(#4417,#4418,#4419,#4420,#4421));
#2004=EDGE_LOOP('',(#4422,#4423,#4424));
#2005=EDGE_LOOP('',(#4425,#4426,#4427,#4428));
#2006=EDGE_LOOP('',(#4429,#4430,#4431));
#2007=EDGE_LOOP('',(#4432,#4433,#4434,#4435,#4436,#4437,#4438,#4439));
#2008=EDGE_LOOP('',(#4440));
#2009=EDGE_LOOP('',(#4441));
#2010=EDGE_LOOP('',(#4442,#4443,#4444));
#2011=EDGE_LOOP('',(#4445,#4446,#4447));
#2012=EDGE_LOOP('',(#4448,#4449,#4450,#4451));
#2013=EDGE_LOOP('',(#4452,#4453,#4454));
#2014=EDGE_LOOP('',(#4455,#4456,#4457,#4458));
#2015=EDGE_LOOP('',(#4459,#4460,#4461,#4462,#4463));
#2016=EDGE_LOOP('',(#4464,#4465,#4466));
#2017=EDGE_LOOP('',(#4467,#4468,#4469,#4470));
#2018=EDGE_LOOP('',(#4471,#4472,#4473));
#2019=EDGE_LOOP('',(#4474,#4475,#4476,#4477));
#2020=EDGE_LOOP('',(#4478));
#2021=EDGE_LOOP('',(#4479));
#2022=EDGE_LOOP('',(#4480));
#2023=EDGE_LOOP('',(#4481));
#2024=EDGE_LOOP('',(#4482,#4483,#4484));
#2025=EDGE_LOOP('',(#4485,#4486,#4487,#4488));
#2026=EDGE_LOOP('',(#4489,#4490,#4491));
#2027=EDGE_LOOP('',(#4492,#4493,#4494));
#2028=EDGE_LOOP('',(#4495,#4496,#4497,#4498));
#2029=EDGE_LOOP('',(#4499,#4500,#4501));
#2030=EDGE_LOOP('',(#4502,#4503,#4504,#4505));
#2031=EDGE_LOOP('',(#4506,#4507,#4508,#4509));
#2032=EDGE_LOOP('',(#4510,#4511,#4512,#4513));
#2033=EDGE_LOOP('',(#4514,#4515,#4516,#4517,#4518,#4519,#4520,#4521));
#2034=EDGE_LOOP('',(#4522,#4523,#4524,#4525));
#2035=EDGE_LOOP('',(#4526,#4527,#4528,#4529));
#2036=EDGE_LOOP('',(#4530,#4531,#4532,#4533,#4534,#4535,#4536,#4537));
#2037=EDGE_LOOP('',(#4538,#4539,#4540,#4541));
#2038=EDGE_LOOP('',(#4542,#4543,#4544,#4545));
#2039=EDGE_LOOP('',(#4546,#4547,#4548,#4549,#4550,#4551,#4552,#4553));
#2040=EDGE_LOOP('',(#4554));
#2041=EDGE_LOOP('',(#4555));
#2042=EDGE_LOOP('',(#4556,#4557,#4558,#4559,#4560,#4561));
#2043=EDGE_LOOP('',(#4562,#4563,#4564,#4565,#4566,#4567));
#2044=EDGE_LOOP('',(#4568,#4569,#4570,#4571,#4572,#4573,#4574,#4575,#4576,
#4577));
#2045=EDGE_LOOP('',(#4578));
#2046=EDGE_LOOP('',(#4579));
#2047=EDGE_LOOP('',(#4580));
#2048=EDGE_LOOP('',(#4581));
#2049=EDGE_LOOP('',(#4582,#4583,#4584,#4585));
#2050=EDGE_LOOP('',(#4586,#4587,#4588,#4589));
#2051=EDGE_LOOP('',(#4590,#4591,#4592,#4593,#4594,#4595,#4596,#4597));
#2052=EDGE_LOOP('',(#4598,#4599,#4600,#4601));
#2053=EDGE_LOOP('',(#4602,#4603,#4604,#4605));
#2054=EDGE_LOOP('',(#4606,#4607,#4608,#4609));
#2055=EDGE_LOOP('',(#4610,#4611,#4612,#4613,#4614,#4615));
#2056=EDGE_LOOP('',(#4616,#4617,#4618,#4619));
#2057=EDGE_LOOP('',(#4620,#4621,#4622,#4623));
#2058=EDGE_LOOP('',(#4624));
#2059=EDGE_LOOP('',(#4625));
#2060=EDGE_LOOP('',(#4626));
#2061=EDGE_LOOP('',(#4627));
#2062=EDGE_LOOP('',(#4628));
#2063=EDGE_LOOP('',(#4629));
#2064=EDGE_LOOP('',(#4630));
#2065=EDGE_LOOP('',(#4631));
#2066=EDGE_LOOP('',(#4632,#4633,#4634,#4635,#4636,#4637));
#2067=EDGE_LOOP('',(#4638,#4639,#4640,#4641));
#2068=EDGE_LOOP('',(#4642,#4643,#4644,#4645));
#2069=EDGE_LOOP('',(#4646,#4647,#4648,#4649));
#2070=EDGE_LOOP('',(#4650,#4651,#4652,#4653));
#2071=EDGE_LOOP('',(#4654,#4655,#4656,#4657));
#2072=EDGE_LOOP('',(#4658,#4659,#4660,#4661,#4662,#4663,#4664,#4665));
#2073=EDGE_LOOP('',(#4666,#4667,#4668,#4669,#4670,#4671,#4672,#4673));
#2074=EDGE_LOOP('',(#4674));
#2075=EDGE_LOOP('',(#4675));
#2076=EDGE_LOOP('',(#4676));
#2077=EDGE_LOOP('',(#4677));
#2078=EDGE_LOOP('',(#4678,#4679,#4680,#4681));
#2079=EDGE_LOOP('',(#4682,#4683,#4684,#4685));
#2080=EDGE_LOOP('',(#4686,#4687,#4688,#4689));
#2081=EDGE_LOOP('',(#4690,#4691,#4692,#4693));
#2082=EDGE_LOOP('',(#4694,#4695,#4696,#4697,#4698,#4699));
#2083=EDGE_LOOP('',(#4700));
#2084=EDGE_LOOP('',(#4701));
#2085=EDGE_LOOP('',(#4702,#4703,#4704,#4705));
#2086=EDGE_LOOP('',(#4706,#4707,#4708,#4709,#4710,#4711));
#2087=EDGE_LOOP('',(#4712,#4713,#4714,#4715));
#2088=EDGE_LOOP('',(#4716,#4717,#4718,#4719,#4720,#4721));
#2089=EDGE_LOOP('',(#4722));
#2090=EDGE_LOOP('',(#4723));
#2091=EDGE_LOOP('',(#4724,#4725,#4726,#4727,#4728,#4729));
#2092=EDGE_LOOP('',(#4730,#4731,#4732,#4733));
#2093=EDGE_LOOP('',(#4734,#4735,#4736,#4737));
#2094=EDGE_LOOP('',(#4738,#4739,#4740,#4741,#4742,#4743,#4744,#4745));
#2095=EDGE_LOOP('',(#4746,#4747,#4748,#4749));
#2096=EDGE_LOOP('',(#4750,#4751,#4752,#4753));
#2097=EDGE_LOOP('',(#4754,#4755,#4756,#4757));
#2098=EDGE_LOOP('',(#4758,#4759,#4760,#4761));
#2099=EDGE_LOOP('',(#4762,#4763,#4764,#4765));
#2100=EDGE_LOOP('',(#4766,#4767,#4768,#4769));
#2101=EDGE_LOOP('',(#4770,#4771,#4772,#4773,#4774,#4775,#4776,#4777,#4778,
#4779,#4780,#4781,#4782));
#2102=EDGE_LOOP('',(#4783));
#2103=EDGE_LOOP('',(#4784));
#2104=EDGE_LOOP('',(#4785));
#2105=EDGE_LOOP('',(#4786));
#2106=EDGE_LOOP('',(#4787));
#2107=EDGE_LOOP('',(#4788));
#2108=EDGE_LOOP('',(#4789,#4790,#4791,#4792));
#2109=EDGE_LOOP('',(#4793,#4794,#4795,#4796));
#2110=EDGE_LOOP('',(#4797,#4798,#4799,#4800));
#2111=EDGE_LOOP('',(#4801,#4802,#4803,#4804));
#2112=EDGE_LOOP('',(#4805,#4806,#4807,#4808));
#2113=EDGE_LOOP('',(#4809,#4810,#4811,#4812));
#2114=EDGE_LOOP('',(#4813,#4814,#4815,#4816,#4817,#4818,#4819,#4820,#4821,
#4822,#4823,#4824,#4825));
#2115=EDGE_LOOP('',(#4826));
#2116=EDGE_LOOP('',(#4827));
#2117=EDGE_LOOP('',(#4828));
#2118=EDGE_LOOP('',(#4829));
#2119=EDGE_LOOP('',(#4830));
#2120=EDGE_LOOP('',(#4831));
#2121=EDGE_LOOP('',(#4832));
#2122=EDGE_LOOP('',(#4833));
#2123=EDGE_LOOP('',(#4834));
#2124=EDGE_LOOP('',(#4835,#4836,#4837,#4838));
#2125=EDGE_LOOP('',(#4839,#4840,#4841,#4842,#4843,#4844));
#2126=EDGE_LOOP('',(#4845,#4846,#4847,#4848));
#2127=EDGE_LOOP('',(#4849,#4850,#4851,#4852));
#2128=EDGE_LOOP('',(#4853,#4854,#4855,#4856));
#2129=EDGE_LOOP('',(#4857,#4858,#4859,#4860));
#2130=EDGE_LOOP('',(#4861,#4862,#4863,#4864));
#2131=EDGE_LOOP('',(#4865,#4866,#4867,#4868));
#2132=EDGE_LOOP('',(#4869,#4870,#4871,#4872));
#2133=EDGE_LOOP('',(#4873,#4874,#4875,#4876));
#2134=EDGE_LOOP('',(#4877,#4878,#4879,#4880,#4881,#4882));
#2135=EDGE_LOOP('',(#4883));
#2136=EDGE_LOOP('',(#4884));
#2137=EDGE_LOOP('',(#4885));
#2138=EDGE_LOOP('',(#4886,#4887,#4888,#4889,#4890,#4891));
#2139=EDGE_LOOP('',(#4892,#4893,#4894,#4895));
#2140=EDGE_LOOP('',(#4896,#4897,#4898,#4899));
#2141=EDGE_LOOP('',(#4900,#4901,#4902,#4903));
#2142=CIRCLE('',#5188,2.8);
#2143=CIRCLE('',#5189,0.3);
#2144=CIRCLE('',#5190,2.5);
#2145=CIRCLE('',#5192,2.5);
#2146=CIRCLE('',#5194,4.75);
#2147=CIRCLE('',#5196,1.49999999999999);
#2148=CIRCLE('',#5198,1.49999999999998);
#2149=CIRCLE('',#5199,1.49999999999998);
#2150=CIRCLE('',#5201,2.03088235294117);
#2151=CIRCLE('',#5203,3.65);
#2152=CIRCLE('',#5205,1.1);
#2153=CIRCLE('',#5207,2.6);
#2154=CIRCLE('',#5208,2.6);
#2155=CIRCLE('',#5210,2.6);
#2156=CIRCLE('',#5211,2.6);
#2157=CIRCLE('',#5213,2.6);
#2158=CIRCLE('',#5214,2.6);
#2159=CIRCLE('',#5216,2.);
#2160=CIRCLE('',#5217,2.);
#2161=CIRCLE('',#5219,2.);
#2162=CIRCLE('',#5220,2.);
#2163=CIRCLE('',#5221,2.);
#2164=CIRCLE('',#5222,2.);
#2165=CIRCLE('',#5223,2.10000000000001);
#2166=CIRCLE('',#5224,2.10000000000001);
#2167=CIRCLE('',#5225,2.10000000000001);
#2168=CIRCLE('',#5226,2.10000000000001);
#2169=CIRCLE('',#5227,2.10000000000001);
#2170=CIRCLE('',#5228,2.10000000000001);
#2171=CIRCLE('',#5231,2.);
#2172=CIRCLE('',#5233,2.);
#2173=CIRCLE('',#5236,2.);
#2174=CIRCLE('',#5238,2.);
#2175=CIRCLE('',#5241,2.10000000000001);
#2176=CIRCLE('',#5242,2.10000000000001);
#2177=CIRCLE('',#5243,2.10000000000001);
#2178=CIRCLE('',#5244,2.10000000000001);
#2179=CIRCLE('',#5245,2.10000000000001);
#2180=CIRCLE('',#5246,2.10000000000001);
#2181=CIRCLE('',#5262,2.6);
#2182=CIRCLE('',#5263,2.6);
#2183=CIRCLE('',#5265,2.6);
#2184=CIRCLE('',#5266,2.6);
#2185=CIRCLE('',#5267,2.6);
#2186=CIRCLE('',#5268,2.6);
#2187=CIRCLE('',#5270,2.6);
#2188=CIRCLE('',#5271,2.6);
#2189=CIRCLE('',#5273,2.6);
#2190=CIRCLE('',#5274,2.6);
#2191=CIRCLE('',#5276,2.6);
#2192=CIRCLE('',#5277,2.6);
#2193=CIRCLE('',#5278,2.6);
#2194=CIRCLE('',#5279,2.6);
#2195=CIRCLE('',#5281,2.6);
#2196=CIRCLE('',#5282,2.6);
#2197=CIRCLE('',#5287,2.6);
#2198=CIRCLE('',#5288,2.6);
#2199=CIRCLE('',#5290,2.6);
#2200=CIRCLE('',#5291,2.6);
#2201=CIRCLE('',#5304,2.6);
#2202=CIRCLE('',#5305,2.6);
#2203=CIRCLE('',#5307,2.6);
#2204=CIRCLE('',#5308,2.6);
#2205=CIRCLE('',#5310,2.6);
#2206=CIRCLE('',#5311,2.6);
#2207=CIRCLE('',#5313,7.5);
#2208=CIRCLE('',#5314,7.5);
#2209=CIRCLE('',#5316,2.);
#2210=CIRCLE('',#5317,2.);
#2211=CIRCLE('',#5319,2.);
#2212=CIRCLE('',#5320,2.);
#2213=CIRCLE('',#5321,2.);
#2214=CIRCLE('',#5322,2.);
#2215=CIRCLE('',#5323,2.10000000000001);
#2216=CIRCLE('',#5324,2.10000000000001);
#2217=CIRCLE('',#5325,2.10000000000001);
#2218=CIRCLE('',#5326,2.10000000000001);
#2219=CIRCLE('',#5327,2.10000000000001);
#2220=CIRCLE('',#5328,2.10000000000001);
#2221=CIRCLE('',#5331,2.);
#2222=CIRCLE('',#5333,2.);
#2223=CIRCLE('',#5336,2.);
#2224=CIRCLE('',#5338,2.);
#2225=CIRCLE('',#5341,2.10000000000001);
#2226=CIRCLE('',#5342,2.10000000000001);
#2227=CIRCLE('',#5343,2.10000000000001);
#2228=CIRCLE('',#5344,2.10000000000001);
#2229=CIRCLE('',#5345,2.10000000000001);
#2230=CIRCLE('',#5346,2.10000000000001);
#2231=CIRCLE('',#5362,2.60000185937067);
#2232=CIRCLE('',#5363,2.6);
#2233=CIRCLE('',#5365,2.6);
#2234=CIRCLE('',#5366,2.60000185937067);
#2235=CIRCLE('',#5368,2.60000185937067);
#2236=CIRCLE('',#5369,2.6);
#2237=CIRCLE('',#5373,2.60000185937067);
#2238=CIRCLE('',#5374,2.6);
#2239=CIRCLE('',#5376,2.6);
#2240=CIRCLE('',#5377,2.60000185937067);
#2241=CIRCLE('',#5379,2.60000185937067);
#2242=CIRCLE('',#5380,2.6);
#2243=CIRCLE('',#5394,2.6);
#2244=CIRCLE('',#5395,2.6);
#2245=CIRCLE('',#5397,2.6);
#2246=CIRCLE('',#5398,2.6);
#2247=CIRCLE('',#5400,2.6);
#2248=CIRCLE('',#5401,2.6);
#2249=CIRCLE('',#5403,2.);
#2250=CIRCLE('',#5404,2.);
#2251=CIRCLE('',#5406,2.);
#2252=CIRCLE('',#5407,2.);
#2253=CIRCLE('',#5408,2.);
#2254=CIRCLE('',#5409,2.);
#2255=CIRCLE('',#5410,2.10000000000001);
#2256=CIRCLE('',#5411,2.10000000000001);
#2257=CIRCLE('',#5412,2.10000000000001);
#2258=CIRCLE('',#5413,2.10000000000001);
#2259=CIRCLE('',#5414,2.10000000000001);
#2260=CIRCLE('',#5415,2.10000000000001);
#2261=CIRCLE('',#5418,2.);
#2262=CIRCLE('',#5420,2.);
#2263=CIRCLE('',#5423,2.);
#2264=CIRCLE('',#5425,2.);
#2265=CIRCLE('',#5427,2.10000000000001);
#2266=CIRCLE('',#5428,2.10000000000001);
#2267=CIRCLE('',#5429,2.10000000000001);
#2268=CIRCLE('',#5430,2.10000000000001);
#2269=CIRCLE('',#5431,2.10000000000001);
#2270=CIRCLE('',#5432,2.10000000000001);
#2271=CIRCLE('',#5449,2.6);
#2272=CIRCLE('',#5450,2.6);
#2273=CIRCLE('',#5452,2.60000185937067);
#2274=CIRCLE('',#5453,2.6);
#2275=CIRCLE('',#5455,2.6);
#2276=CIRCLE('',#5456,2.6);
#2277=CIRCLE('',#5458,2.60000185937067);
#2278=CIRCLE('',#5459,2.6);
#2279=CIRCLE('',#5461,2.6);
#2280=CIRCLE('',#5462,2.6);
#2281=CIRCLE('',#5464,2.60000185937067);
#2282=CIRCLE('',#5465,2.6);
#2283=CIRCLE('',#5467,2.6);
#2284=CIRCLE('',#5468,2.6);
#2285=CIRCLE('',#5470,2.60000185937067);
#2286=CIRCLE('',#5471,2.6);
#2287=CIRCLE('',#5475,2.60000185937067);
#2288=CIRCLE('',#5476,2.60000185937067);
#2289=CIRCLE('',#5481,2.6);
#2290=CIRCLE('',#5482,2.6);
#2291=CIRCLE('',#5483,2.6);
#2292=CIRCLE('',#5484,2.6);
#2293=CIRCLE('',#5485,2.6);
#2294=CIRCLE('',#5486,2.6);
#2295=CIRCLE('',#5487,2.6);
#2296=CIRCLE('',#5488,2.6);
#2297=CIRCLE('',#5490,2.60000185937067);
#2298=CIRCLE('',#5491,2.60000185937067);
#2299=CIRCLE('',#5492,2.60000185937067);
#2300=CIRCLE('',#5494,2.60000185937067);
#2301=CIRCLE('',#5496,2.60000185937067);
#2302=CIRCLE('',#5498,2.60000185937067);
#2303=CIRCLE('',#5504,2.60000185937067);
#2304=CIRCLE('',#5505,2.60000185937067);
#2305=CIRCLE('',#5506,2.60000185937067);
#2306=CIRCLE('',#5508,2.60000185937067);
#2307=CIRCLE('',#5541,2.6);
#2308=CIRCLE('',#5542,2.6);
#2309=CIRCLE('',#5543,2.6);
#2310=CIRCLE('',#5544,2.6);
#2311=CIRCLE('',#5546,2.6);
#2312=CIRCLE('',#5547,2.6);
#2313=CIRCLE('',#5549,2.6);
#2314=CIRCLE('',#5550,2.6);
#2315=CIRCLE('',#5552,2.6);
#2316=CIRCLE('',#5553,2.6);
#2317=CIRCLE('',#5554,2.6);
#2318=CIRCLE('',#5555,2.6);
#2319=CIRCLE('',#5557,2.6);
#2320=CIRCLE('',#5558,2.6);
#2321=CIRCLE('',#5560,2.6);
#2322=CIRCLE('',#5561,2.6);
#2323=CIRCLE('',#5563,2.6);
#2324=CIRCLE('',#5564,2.6);
#2325=CIRCLE('',#5569,2.6);
#2326=CIRCLE('',#5571,2.6);
#2327=CIRCLE('',#5583,2.60000185937067);
#2328=CIRCLE('',#5584,2.6);
#2329=CIRCLE('',#5586,2.60000185937067);
#2330=CIRCLE('',#5587,2.6);
#2331=CIRCLE('',#5589,2.60000185937067);
#2332=CIRCLE('',#5590,2.6);
#2333=CIRCLE('',#5593,2.6);
#2334=CIRCLE('',#5594,2.6);
#2335=CIRCLE('',#5595,2.6);
#2336=CIRCLE('',#5597,2.60000185937067);
#2337=CIRCLE('',#5599,2.60000185937067);
#2338=CIRCLE('',#5601,2.60000185937067);
#2339=CIRCLE('',#5615,2.6);
#2340=CIRCLE('',#5616,2.6);
#2341=CIRCLE('',#5618,2.6);
#2342=CIRCLE('',#5619,2.6);
#2343=CIRCLE('',#5621,2.6);
#2344=CIRCLE('',#5622,2.6);
#2345=CIRCLE('',#5624,2.);
#2346=CIRCLE('',#5625,2.);
#2347=CIRCLE('',#5627,2.);
#2348=CIRCLE('',#5628,2.);
#2349=CIRCLE('',#5629,2.);
#2350=CIRCLE('',#5630,2.);
#2351=CIRCLE('',#5631,2.10000000000001);
#2352=CIRCLE('',#5632,2.10000000000001);
#2353=CIRCLE('',#5633,2.10000000000001);
#2354=CIRCLE('',#5634,2.10000000000001);
#2355=CIRCLE('',#5635,2.10000000000001);
#2356=CIRCLE('',#5636,2.10000000000001);
#2357=CIRCLE('',#5639,2.);
#2358=CIRCLE('',#5641,2.);
#2359=CIRCLE('',#5644,2.);
#2360=CIRCLE('',#5646,2.);
#2361=CIRCLE('',#5648,2.10000000000001);
#2362=CIRCLE('',#5649,2.10000000000001);
#2363=CIRCLE('',#5650,2.10000000000001);
#2364=CIRCLE('',#5651,2.10000000000001);
#2365=CIRCLE('',#5652,2.10000000000001);
#2366=CIRCLE('',#5653,2.10000000000001);
#2367=VERTEX_POINT('',#7205);
#2368=VERTEX_POINT('',#7207);
#2369=VERTEX_POINT('',#7211);
#2370=VERTEX_POINT('',#7215);
#2371=VERTEX_POINT('',#7218);
#2372=VERTEX_POINT('',#7221);
#2373=VERTEX_POINT('',#7222);
#2374=VERTEX_POINT('',#7227);
#2375=VERTEX_POINT('',#7230);
#2376=VERTEX_POINT('',#7235);
#2377=VERTEX_POINT('',#7237);
#2378=VERTEX_POINT('',#7241);
#2379=VERTEX_POINT('',#7243);
#2380=VERTEX_POINT('',#7247);
#2381=VERTEX_POINT('',#7249);
#2382=VERTEX_POINT('',#7253);
#2383=VERTEX_POINT('',#7254);
#2384=VERTEX_POINT('',#7256);
#2385=VERTEX_POINT('',#7258);
#2386=VERTEX_POINT('',#7262);
#2387=VERTEX_POINT('',#7264);
#2388=VERTEX_POINT('',#7266);
#2389=VERTEX_POINT('',#7268);
#2390=VERTEX_POINT('',#7270);
#2391=VERTEX_POINT('',#7272);
#2392=VERTEX_POINT('',#7274);
#2393=VERTEX_POINT('',#7276);
#2394=VERTEX_POINT('',#7278);
#2395=VERTEX_POINT('',#7280);
#2396=VERTEX_POINT('',#7282);
#2397=VERTEX_POINT('',#7285);
#2398=VERTEX_POINT('',#7287);
#2399=VERTEX_POINT('',#7289);
#2400=VERTEX_POINT('',#7291);
#2401=VERTEX_POINT('',#7293);
#2402=VERTEX_POINT('',#7295);
#2403=VERTEX_POINT('',#7298);
#2404=VERTEX_POINT('',#7302);
#2405=VERTEX_POINT('',#7306);
#2406=VERTEX_POINT('',#7307);
#2407=VERTEX_POINT('',#7312);
#2408=VERTEX_POINT('',#7316);
#2409=VERTEX_POINT('',#7320);
#2410=VERTEX_POINT('',#7321);
#2411=VERTEX_POINT('',#7326);
#2412=VERTEX_POINT('',#7328);
#2413=VERTEX_POINT('',#7330);
#2414=VERTEX_POINT('',#7334);
#2415=VERTEX_POINT('',#7336);
#2416=VERTEX_POINT('',#7341);
#2417=VERTEX_POINT('',#7343);
#2418=VERTEX_POINT('',#7345);
#2419=VERTEX_POINT('',#7347);
#2420=VERTEX_POINT('',#7349);
#2421=VERTEX_POINT('',#7351);
#2422=VERTEX_POINT('',#7354);
#2423=VERTEX_POINT('',#7356);
#2424=VERTEX_POINT('',#7360);
#2425=VERTEX_POINT('',#7362);
#2426=VERTEX_POINT('',#7387);
#2427=VERTEX_POINT('',#7389);
#2428=VERTEX_POINT('',#7393);
#2429=VERTEX_POINT('',#7395);
#2430=VERTEX_POINT('',#7397);
#2431=VERTEX_POINT('',#7399);
#2432=VERTEX_POINT('',#7401);
#2433=VERTEX_POINT('',#7403);
#2434=VERTEX_POINT('',#7407);
#2435=VERTEX_POINT('',#7409);
#2436=VERTEX_POINT('',#7413);
#2437=VERTEX_POINT('',#7415);
#2438=VERTEX_POINT('',#7419);
#2439=VERTEX_POINT('',#7421);
#2440=VERTEX_POINT('',#7423);
#2441=VERTEX_POINT('',#7425);
#2442=VERTEX_POINT('',#7427);
#2443=VERTEX_POINT('',#7429);
#2444=VERTEX_POINT('',#7433);
#2445=VERTEX_POINT('',#7435);
#2446=VERTEX_POINT('',#7439);
#2447=VERTEX_POINT('',#7441);
#2448=VERTEX_POINT('',#7443);
#2449=VERTEX_POINT('',#7445);
#2450=VERTEX_POINT('',#7449);
#2451=VERTEX_POINT('',#7451);
#2452=VERTEX_POINT('',#7453);
#2453=VERTEX_POINT('',#7455);
#2454=VERTEX_POINT('',#7459);
#2455=VERTEX_POINT('',#7461);
#2456=VERTEX_POINT('',#7466);
#2457=VERTEX_POINT('',#7468);
#2458=VERTEX_POINT('',#7472);
#2459=VERTEX_POINT('',#7474);
#2460=VERTEX_POINT('',#7479);
#2461=VERTEX_POINT('',#7481);
#2462=VERTEX_POINT('',#7485);
#2463=VERTEX_POINT('',#7487);
#2464=VERTEX_POINT('',#7492);
#2465=VERTEX_POINT('',#7494);
#2466=VERTEX_POINT('',#7498);
#2467=VERTEX_POINT('',#7502);
#2468=VERTEX_POINT('',#7506);
#2469=VERTEX_POINT('',#7510);
#2470=VERTEX_POINT('',#7519);
#2471=VERTEX_POINT('',#7521);
#2472=VERTEX_POINT('',#7525);
#2473=VERTEX_POINT('',#7527);
#2474=VERTEX_POINT('',#7531);
#2475=VERTEX_POINT('',#7533);
#2476=VERTEX_POINT('',#7537);
#2477=VERTEX_POINT('',#7539);
#2478=VERTEX_POINT('',#7543);
#2479=VERTEX_POINT('',#7544);
#2480=VERTEX_POINT('',#7546);
#2481=VERTEX_POINT('',#7548);
#2482=VERTEX_POINT('',#7552);
#2483=VERTEX_POINT('',#7554);
#2484=VERTEX_POINT('',#7556);
#2485=VERTEX_POINT('',#7558);
#2486=VERTEX_POINT('',#7560);
#2487=VERTEX_POINT('',#7562);
#2488=VERTEX_POINT('',#7564);
#2489=VERTEX_POINT('',#7566);
#2490=VERTEX_POINT('',#7568);
#2491=VERTEX_POINT('',#7570);
#2492=VERTEX_POINT('',#7572);
#2493=VERTEX_POINT('',#7575);
#2494=VERTEX_POINT('',#7577);
#2495=VERTEX_POINT('',#7579);
#2496=VERTEX_POINT('',#7581);
#2497=VERTEX_POINT('',#7583);
#2498=VERTEX_POINT('',#7585);
#2499=VERTEX_POINT('',#7588);
#2500=VERTEX_POINT('',#7592);
#2501=VERTEX_POINT('',#7596);
#2502=VERTEX_POINT('',#7597);
#2503=VERTEX_POINT('',#7602);
#2504=VERTEX_POINT('',#7606);
#2505=VERTEX_POINT('',#7610);
#2506=VERTEX_POINT('',#7611);
#2507=VERTEX_POINT('',#7616);
#2508=VERTEX_POINT('',#7618);
#2509=VERTEX_POINT('',#7620);
#2510=VERTEX_POINT('',#7624);
#2511=VERTEX_POINT('',#7626);
#2512=VERTEX_POINT('',#7631);
#2513=VERTEX_POINT('',#7633);
#2514=VERTEX_POINT('',#7635);
#2515=VERTEX_POINT('',#7637);
#2516=VERTEX_POINT('',#7639);
#2517=VERTEX_POINT('',#7641);
#2518=VERTEX_POINT('',#7644);
#2519=VERTEX_POINT('',#7648);
#2520=VERTEX_POINT('',#7652);
#2521=VERTEX_POINT('',#7656);
#2522=VERTEX_POINT('',#7677);
#2523=VERTEX_POINT('',#7679);
#2524=VERTEX_POINT('',#7683);
#2525=VERTEX_POINT('',#7684);
#2526=VERTEX_POINT('',#7686);
#2527=VERTEX_POINT('',#7688);
#2528=VERTEX_POINT('',#7692);
#2529=VERTEX_POINT('',#7694);
#2530=VERTEX_POINT('',#7698);
#2531=VERTEX_POINT('',#7700);
#2532=VERTEX_POINT('',#7702);
#2533=VERTEX_POINT('',#7704);
#2534=VERTEX_POINT('',#7706);
#2535=VERTEX_POINT('',#7708);
#2536=VERTEX_POINT('',#7712);
#2537=VERTEX_POINT('',#7714);
#2538=VERTEX_POINT('',#7716);
#2539=VERTEX_POINT('',#7720);
#2540=VERTEX_POINT('',#7722);
#2541=VERTEX_POINT('',#7726);
#2542=VERTEX_POINT('',#7728);
#2543=VERTEX_POINT('',#7732);
#2544=VERTEX_POINT('',#7734);
#2545=VERTEX_POINT('',#7738);
#2546=VERTEX_POINT('',#7740);
#2547=VERTEX_POINT('',#7744);
#2548=VERTEX_POINT('',#7746);
#2549=VERTEX_POINT('',#7750);
#2550=VERTEX_POINT('',#7754);
#2551=VERTEX_POINT('',#7756);
#2552=VERTEX_POINT('',#7758);
#2553=VERTEX_POINT('',#7762);
#2554=VERTEX_POINT('',#7764);
#2555=VERTEX_POINT('',#7768);
#2556=VERTEX_POINT('',#7770);
#2557=VERTEX_POINT('',#7772);
#2558=VERTEX_POINT('',#7787);
#2559=VERTEX_POINT('',#7789);
#2560=VERTEX_POINT('',#7793);
#2561=VERTEX_POINT('',#7795);
#2562=VERTEX_POINT('',#7799);
#2563=VERTEX_POINT('',#7801);
#2564=VERTEX_POINT('',#7805);
#2565=VERTEX_POINT('',#7806);
#2566=VERTEX_POINT('',#7808);
#2567=VERTEX_POINT('',#7810);
#2568=VERTEX_POINT('',#7814);
#2569=VERTEX_POINT('',#7816);
#2570=VERTEX_POINT('',#7818);
#2571=VERTEX_POINT('',#7820);
#2572=VERTEX_POINT('',#7822);
#2573=VERTEX_POINT('',#7824);
#2574=VERTEX_POINT('',#7826);
#2575=VERTEX_POINT('',#7828);
#2576=VERTEX_POINT('',#7830);
#2577=VERTEX_POINT('',#7832);
#2578=VERTEX_POINT('',#7834);
#2579=VERTEX_POINT('',#7837);
#2580=VERTEX_POINT('',#7839);
#2581=VERTEX_POINT('',#7841);
#2582=VERTEX_POINT('',#7843);
#2583=VERTEX_POINT('',#7845);
#2584=VERTEX_POINT('',#7847);
#2585=VERTEX_POINT('',#7850);
#2586=VERTEX_POINT('',#7854);
#2587=VERTEX_POINT('',#7858);
#2588=VERTEX_POINT('',#7859);
#2589=VERTEX_POINT('',#7864);
#2590=VERTEX_POINT('',#7868);
#2591=VERTEX_POINT('',#7872);
#2592=VERTEX_POINT('',#7873);
#2593=VERTEX_POINT('',#7878);
#2594=VERTEX_POINT('',#7880);
#2595=VERTEX_POINT('',#7882);
#2596=VERTEX_POINT('',#7887);
#2597=VERTEX_POINT('',#7889);
#2598=VERTEX_POINT('',#7891);
#2599=VERTEX_POINT('',#7893);
#2600=VERTEX_POINT('',#7895);
#2601=VERTEX_POINT('',#7897);
#2602=VERTEX_POINT('',#7902);
#2603=VERTEX_POINT('',#7904);
#2604=VERTEX_POINT('',#7920);
#2605=VERTEX_POINT('',#7922);
#2606=VERTEX_POINT('',#7924);
#2607=VERTEX_POINT('',#7926);
#2608=VERTEX_POINT('',#7939);
#2609=VERTEX_POINT('',#7941);
#2610=VERTEX_POINT('',#7945);
#2611=VERTEX_POINT('',#7946);
#2612=VERTEX_POINT('',#7948);
#2613=VERTEX_POINT('',#7950);
#2614=VERTEX_POINT('',#7954);
#2615=VERTEX_POINT('',#7956);
#2616=VERTEX_POINT('',#7960);
#2617=VERTEX_POINT('',#7961);
#2618=VERTEX_POINT('',#7963);
#2619=VERTEX_POINT('',#7965);
#2620=VERTEX_POINT('',#7969);
#2621=VERTEX_POINT('',#7971);
#2622=VERTEX_POINT('',#7975);
#2623=VERTEX_POINT('',#7976);
#2624=VERTEX_POINT('',#7978);
#2625=VERTEX_POINT('',#7980);
#2626=VERTEX_POINT('',#7984);
#2627=VERTEX_POINT('',#7986);
#2628=VERTEX_POINT('',#7990);
#2629=VERTEX_POINT('',#7991);
#2630=VERTEX_POINT('',#7993);
#2631=VERTEX_POINT('',#7995);
#2632=VERTEX_POINT('',#7999);
#2633=VERTEX_POINT('',#8001);
#2634=VERTEX_POINT('',#8003);
#2635=VERTEX_POINT('',#8005);
#2636=VERTEX_POINT('',#8009);
#2637=VERTEX_POINT('',#8011);
#2638=VERTEX_POINT('',#8013);
#2639=VERTEX_POINT('',#8015);
#2640=VERTEX_POINT('',#8019);
#2641=VERTEX_POINT('',#8021);
#2642=VERTEX_POINT('',#8023);
#2643=VERTEX_POINT('',#8025);
#2644=VERTEX_POINT('',#8029);
#2645=VERTEX_POINT('',#8031);
#2646=VERTEX_POINT('',#8034);
#2647=VERTEX_POINT('',#8036);
#2648=VERTEX_POINT('',#8038);
#2649=VERTEX_POINT('',#8042);
#2650=VERTEX_POINT('',#8044);
#2651=VERTEX_POINT('',#8046);
#2652=VERTEX_POINT('',#8052);
#2653=VERTEX_POINT('',#8054);
#2654=VERTEX_POINT('',#8056);
#2655=VERTEX_POINT('',#8058);
#2656=VERTEX_POINT('',#8061);
#2657=VERTEX_POINT('',#8063);
#2658=VERTEX_POINT('',#8065);
#2659=VERTEX_POINT('',#8067);
#2660=VERTEX_POINT('',#8071);
#2661=VERTEX_POINT('',#8073);
#2662=VERTEX_POINT('',#8075);
#2663=VERTEX_POINT('',#8077);
#2664=VERTEX_POINT('',#8080);
#2665=VERTEX_POINT('',#8082);
#2666=VERTEX_POINT('',#8084);
#2667=VERTEX_POINT('',#8086);
#2668=VERTEX_POINT('',#8090);
#2669=VERTEX_POINT('',#8091);
#2670=VERTEX_POINT('',#8096);
#2671=VERTEX_POINT('',#8100);
#2672=VERTEX_POINT('',#8104);
#2673=VERTEX_POINT('',#8109);
#2674=VERTEX_POINT('',#8113);
#2675=VERTEX_POINT('',#8115);
#2676=VERTEX_POINT('',#8117);
#2677=VERTEX_POINT('',#8119);
#2678=VERTEX_POINT('',#8123);
#2679=VERTEX_POINT('',#8125);
#2680=VERTEX_POINT('',#8127);
#2681=VERTEX_POINT('',#8129);
#2682=VERTEX_POINT('',#8131);
#2683=VERTEX_POINT('',#8135);
#2684=VERTEX_POINT('',#8137);
#2685=VERTEX_POINT('',#8139);
#2686=VERTEX_POINT('',#8143);
#2687=VERTEX_POINT('',#8167);
#2688=VERTEX_POINT('',#8169);
#2689=VERTEX_POINT('',#8177);
#2690=VERTEX_POINT('',#8185);
#2691=VERTEX_POINT('',#8187);
#2692=VERTEX_POINT('',#8217);
#2693=VERTEX_POINT('',#8219);
#2694=VERTEX_POINT('',#8221);
#2695=VERTEX_POINT('',#8223);
#2696=VERTEX_POINT('',#8225);
#2697=VERTEX_POINT('',#8227);
#2698=VERTEX_POINT('',#8231);
#2699=VERTEX_POINT('',#8233);
#2700=VERTEX_POINT('',#8237);
#2701=VERTEX_POINT('',#8239);
#2702=VERTEX_POINT('',#8243);
#2703=VERTEX_POINT('',#8245);
#2704=VERTEX_POINT('',#8247);
#2705=VERTEX_POINT('',#8249);
#2706=VERTEX_POINT('',#8251);
#2707=VERTEX_POINT('',#8253);
#2708=VERTEX_POINT('',#8257);
#2709=VERTEX_POINT('',#8259);
#2710=VERTEX_POINT('',#8263);
#2711=VERTEX_POINT('',#8265);
#2712=VERTEX_POINT('',#8269);
#2713=VERTEX_POINT('',#8271);
#2714=VERTEX_POINT('',#8273);
#2715=VERTEX_POINT('',#8275);
#2716=VERTEX_POINT('',#8279);
#2717=VERTEX_POINT('',#8281);
#2718=VERTEX_POINT('',#8284);
#2719=VERTEX_POINT('',#8286);
#2720=VERTEX_POINT('',#8288);
#2721=VERTEX_POINT('',#8292);
#2722=VERTEX_POINT('',#8294);
#2723=VERTEX_POINT('',#8296);
#2724=VERTEX_POINT('',#8301);
#2725=VERTEX_POINT('',#8303);
#2726=VERTEX_POINT('',#8307);
#2727=VERTEX_POINT('',#8311);
#2728=VERTEX_POINT('',#8315);
#2729=VERTEX_POINT('',#8316);
#2730=VERTEX_POINT('',#8318);
#2731=VERTEX_POINT('',#8321);
#2732=VERTEX_POINT('',#8323);
#2733=VERTEX_POINT('',#8325);
#2734=VERTEX_POINT('',#8335);
#2735=VERTEX_POINT('',#8341);
#2736=VERTEX_POINT('',#8349);
#2737=VERTEX_POINT('',#8350);
#2738=VERTEX_POINT('',#8352);
#2739=VERTEX_POINT('',#8354);
#2740=VERTEX_POINT('',#8358);
#2741=VERTEX_POINT('',#8360);
#2742=VERTEX_POINT('',#8364);
#2743=VERTEX_POINT('',#8366);
#2744=VERTEX_POINT('',#8370);
#2745=VERTEX_POINT('',#8372);
#2746=VERTEX_POINT('',#8374);
#2747=VERTEX_POINT('',#8376);
#2748=VERTEX_POINT('',#8378);
#2749=VERTEX_POINT('',#8380);
#2750=VERTEX_POINT('',#8384);
#2751=VERTEX_POINT('',#8386);
#2752=VERTEX_POINT('',#8388);
#2753=VERTEX_POINT('',#8390);
#2754=VERTEX_POINT('',#8392);
#2755=VERTEX_POINT('',#8395);
#2756=VERTEX_POINT('',#8397);
#2757=VERTEX_POINT('',#8400);
#2758=VERTEX_POINT('',#8404);
#2759=VERTEX_POINT('',#8408);
#2760=VERTEX_POINT('',#8412);
#2761=VERTEX_POINT('',#8416);
#2762=VERTEX_POINT('',#8418);
#2763=VERTEX_POINT('',#8424);
#2764=VERTEX_POINT('',#8426);
#2765=VERTEX_POINT('',#8428);
#2766=VERTEX_POINT('',#8432);
#2767=VERTEX_POINT('',#8434);
#2768=VERTEX_POINT('',#8439);
#2769=VERTEX_POINT('',#8443);
#2770=VERTEX_POINT('',#8444);
#2771=VERTEX_POINT('',#8447);
#2772=VERTEX_POINT('',#8459);
#2773=VERTEX_POINT('',#8461);
#2774=VERTEX_POINT('',#8465);
#2775=VERTEX_POINT('',#8467);
#2776=VERTEX_POINT('',#8471);
#2777=VERTEX_POINT('',#8473);
#2778=VERTEX_POINT('',#8477);
#2779=VERTEX_POINT('',#8478);
#2780=VERTEX_POINT('',#8480);
#2781=VERTEX_POINT('',#8482);
#2782=VERTEX_POINT('',#8486);
#2783=VERTEX_POINT('',#8488);
#2784=VERTEX_POINT('',#8490);
#2785=VERTEX_POINT('',#8492);
#2786=VERTEX_POINT('',#8494);
#2787=VERTEX_POINT('',#8496);
#2788=VERTEX_POINT('',#8498);
#2789=VERTEX_POINT('',#8500);
#2790=VERTEX_POINT('',#8502);
#2791=VERTEX_POINT('',#8504);
#2792=VERTEX_POINT('',#8506);
#2793=VERTEX_POINT('',#8509);
#2794=VERTEX_POINT('',#8511);
#2795=VERTEX_POINT('',#8513);
#2796=VERTEX_POINT('',#8515);
#2797=VERTEX_POINT('',#8517);
#2798=VERTEX_POINT('',#8519);
#2799=VERTEX_POINT('',#8522);
#2800=VERTEX_POINT('',#8526);
#2801=VERTEX_POINT('',#8530);
#2802=VERTEX_POINT('',#8531);
#2803=VERTEX_POINT('',#8536);
#2804=VERTEX_POINT('',#8540);
#2805=VERTEX_POINT('',#8544);
#2806=VERTEX_POINT('',#8545);
#2807=VERTEX_POINT('',#8550);
#2808=VERTEX_POINT('',#8552);
#2809=VERTEX_POINT('',#8554);
#2810=VERTEX_POINT('',#8559);
#2811=VERTEX_POINT('',#8561);
#2812=VERTEX_POINT('',#8563);
#2813=VERTEX_POINT('',#8565);
#2814=VERTEX_POINT('',#8567);
#2815=VERTEX_POINT('',#8569);
#2816=VERTEX_POINT('',#8573);
#2817=VERTEX_POINT('',#8575);
#2818=VERTEX_POINT('',#8592);
#2819=VERTEX_POINT('',#8596);
#2820=VERTEX_POINT('',#8598);
#2821=VERTEX_POINT('',#8600);
#2822=EDGE_CURVE('',#2367,#2367,#2142,.T.);
#2823=EDGE_CURVE('',#2367,#2368,#2143,.T.);
#2824=EDGE_CURVE('',#2368,#2368,#2144,.T.);
#2825=EDGE_CURVE('',#2369,#2369,#2145,.T.);
#2826=EDGE_CURVE('',#2369,#2368,#451,.T.);
#2827=EDGE_CURVE('',#2370,#2370,#2146,.T.);
#2828=EDGE_CURVE('',#2371,#2371,#2147,.T.);
#2829=EDGE_CURVE('',#2372,#2373,#2148,.T.);
#2830=EDGE_CURVE('',#2373,#2372,#2149,.T.);
#2831=EDGE_CURVE('',#2373,#2371,#452,.T.);
#2832=EDGE_CURVE('',#2372,#2374,#2150,.T.);
#2833=EDGE_CURVE('',#2375,#2375,#2151,.T.);
#2834=EDGE_CURVE('',#2370,#2375,#2152,.T.);
#2835=EDGE_CURVE('',#2376,#2376,#2153,.T.);
#2836=EDGE_CURVE('',#2376,#2377,#453,.T.);
#2837=EDGE_CURVE('',#2377,#2377,#2154,.T.);
#2838=EDGE_CURVE('',#2378,#2378,#2155,.T.);
#2839=EDGE_CURVE('',#2378,#2379,#454,.T.);
#2840=EDGE_CURVE('',#2379,#2379,#2156,.T.);
#2841=EDGE_CURVE('',#2380,#2380,#2157,.T.);
#2842=EDGE_CURVE('',#2380,#2381,#455,.T.);
#2843=EDGE_CURVE('',#2381,#2381,#2158,.T.);
#2844=EDGE_CURVE('',#2382,#2383,#2159,.T.);
#2845=EDGE_CURVE('',#2383,#2384,#456,.T.);
#2846=EDGE_CURVE('',#2384,#2385,#2160,.T.);
#2847=EDGE_CURVE('',#2385,#2382,#457,.T.);
#2848=EDGE_CURVE('',#2384,#2386,#458,.T.);
#2849=EDGE_CURVE('',#2387,#2386,#2161,.T.);
#2850=EDGE_CURVE('',#2388,#2387,#459,.T.);
#2851=EDGE_CURVE('',#2389,#2388,#2162,.T.);
#2852=EDGE_CURVE('',#2390,#2389,#460,.T.);
#2853=EDGE_CURVE('',#2391,#2390,#2163,.T.);
#2854=EDGE_CURVE('',#2391,#2392,#461,.T.);
#2855=EDGE_CURVE('',#2393,#2392,#2164,.T.);
#2856=EDGE_CURVE('',#2394,#2393,#462,.T.);
#2857=EDGE_CURVE('',#2394,#2395,#463,.T.);
#2858=EDGE_CURVE('',#2395,#2396,#464,.T.);
#2859=EDGE_CURVE('',#2385,#2396,#465,.T.);
#2860=EDGE_CURVE('',#2397,#2397,#2165,.T.);
#2861=EDGE_CURVE('',#2398,#2398,#2166,.T.);
#2862=EDGE_CURVE('',#2399,#2399,#2167,.T.);
#2863=EDGE_CURVE('',#2400,#2400,#2168,.T.);
#2864=EDGE_CURVE('',#2401,#2401,#2169,.T.);
#2865=EDGE_CURVE('',#2402,#2402,#2170,.T.);
#2866=EDGE_CURVE('',#2403,#2383,#466,.T.);
#2867=EDGE_CURVE('',#2386,#2403,#467,.T.);
#2868=EDGE_CURVE('',#2403,#2404,#2171,.T.);
#2869=EDGE_CURVE('',#2404,#2387,#468,.T.);
#2870=EDGE_CURVE('',#2405,#2406,#2172,.T.);
#2871=EDGE_CURVE('',#2406,#2389,#469,.T.);
#2872=EDGE_CURVE('',#2388,#2405,#470,.T.);
#2873=EDGE_CURVE('',#2407,#2406,#471,.T.);
#2874=EDGE_CURVE('',#2390,#2407,#472,.T.);
#2875=EDGE_CURVE('',#2407,#2408,#2173,.T.);
#2876=EDGE_CURVE('',#2408,#2391,#473,.T.);
#2877=EDGE_CURVE('',#2409,#2410,#2174,.T.);
#2878=EDGE_CURVE('',#2410,#2393,#474,.T.);
#2879=EDGE_CURVE('',#2392,#2409,#475,.T.);
#2880=EDGE_CURVE('',#2411,#2410,#476,.T.);
#2881=EDGE_CURVE('',#2411,#2412,#477,.T.);
#2882=EDGE_CURVE('',#2412,#2413,#478,.T.);
#2883=EDGE_CURVE('',#2413,#2394,#479,.T.);
#2884=EDGE_CURVE('',#2382,#2414,#480,.T.);
#2885=EDGE_CURVE('',#2414,#2415,#481,.T.);
#2886=EDGE_CURVE('',#2415,#2411,#482,.T.);
#2887=EDGE_CURVE('',#2409,#2408,#483,.T.);
#2888=EDGE_CURVE('',#2405,#2404,#484,.T.);
#2889=EDGE_CURVE('',#2416,#2416,#2175,.T.);
#2890=EDGE_CURVE('',#2417,#2417,#2176,.T.);
#2891=EDGE_CURVE('',#2418,#2418,#2177,.T.);
#2892=EDGE_CURVE('',#2419,#2419,#2178,.T.);
#2893=EDGE_CURVE('',#2420,#2420,#2179,.T.);
#2894=EDGE_CURVE('',#2421,#2421,#2180,.T.);
#2895=EDGE_CURVE('',#2422,#2414,#485,.T.);
#2896=EDGE_CURVE('',#2423,#2422,#486,.T.);
#2897=EDGE_CURVE('',#2415,#2423,#487,.T.);
#2898=EDGE_CURVE('',#2396,#2424,#488,.T.);
#2899=EDGE_CURVE('',#2425,#2395,#489,.T.);
#2900=EDGE_CURVE('',#2425,#2424,#490,.T.);
#2901=EDGE_CURVE('',#2424,#2422,#491,.T.);
#2902=EDGE_CURVE('',#2425,#2413,#492,.T.);
#2903=EDGE_CURVE('',#2423,#2412,#493,.T.);
#2904=EDGE_CURVE('',#2421,#2402,#494,.T.);
#2905=EDGE_CURVE('',#2420,#2401,#495,.T.);
#2906=EDGE_CURVE('',#2419,#2400,#496,.T.);
#2907=EDGE_CURVE('',#2418,#2399,#497,.T.);
#2908=EDGE_CURVE('',#2417,#2398,#498,.T.);
#2909=EDGE_CURVE('',#2416,#2397,#499,.T.);
#2910=EDGE_CURVE('',#2426,#2426,#2181,.T.);
#2911=EDGE_CURVE('',#2426,#2427,#500,.T.);
#2912=EDGE_CURVE('',#2427,#2427,#2182,.T.);
#2913=EDGE_CURVE('',#2428,#2428,#2183,.T.);
#2914=EDGE_CURVE('',#2428,#2429,#501,.T.);
#2915=EDGE_CURVE('',#2430,#2429,#2184,.T.);
#2916=EDGE_CURVE('',#2431,#2430,#502,.T.);
#2917=EDGE_CURVE('',#2432,#2431,#2185,.T.);
#2918=EDGE_CURVE('',#2433,#2432,#503,.T.);
#2919=EDGE_CURVE('',#2429,#2433,#2186,.T.);
#2920=EDGE_CURVE('',#2434,#2434,#2187,.T.);
#2921=EDGE_CURVE('',#2434,#2435,#504,.T.);
#2922=EDGE_CURVE('',#2435,#2435,#2188,.T.);
#2923=EDGE_CURVE('',#2436,#2436,#2189,.T.);
#2924=EDGE_CURVE('',#2436,#2437,#505,.T.);
#2925=EDGE_CURVE('',#2437,#2437,#2190,.T.);
#2926=EDGE_CURVE('',#2438,#2438,#2191,.T.);
#2927=EDGE_CURVE('',#2438,#2439,#506,.T.);
#2928=EDGE_CURVE('',#2440,#2439,#2192,.T.);
#2929=EDGE_CURVE('',#2441,#2440,#507,.T.);
#2930=EDGE_CURVE('',#2442,#2441,#2193,.T.);
#2931=EDGE_CURVE('',#2443,#2442,#508,.T.);
#2932=EDGE_CURVE('',#2439,#2443,#2194,.T.);
#2933=EDGE_CURVE('',#2444,#2444,#2195,.T.);
#2934=EDGE_CURVE('',#2444,#2445,#509,.T.);
#2935=EDGE_CURVE('',#2445,#2445,#2196,.T.);
#2936=EDGE_CURVE('',#2430,#2446,#510,.T.);
#2937=EDGE_CURVE('',#2447,#2446,#511,.T.);
#2938=EDGE_CURVE('',#2448,#2447,#512,.T.);
#2939=EDGE_CURVE('',#2449,#2448,#513,.T.);
#2940=EDGE_CURVE('',#2431,#2449,#514,.T.);
#2941=EDGE_CURVE('',#2450,#2442,#515,.T.);
#2942=EDGE_CURVE('',#2451,#2450,#516,.T.);
#2943=EDGE_CURVE('',#2452,#2451,#517,.T.);
#2944=EDGE_CURVE('',#2453,#2452,#518,.T.);
#2945=EDGE_CURVE('',#2453,#2443,#519,.T.);
#2946=EDGE_CURVE('',#2449,#2454,#520,.T.);
#2947=EDGE_CURVE('',#2455,#2454,#521,.T.);
#2948=EDGE_CURVE('',#2455,#2450,#522,.T.);
#2949=EDGE_CURVE('',#2441,#2432,#523,.T.);
#2950=EDGE_CURVE('',#2456,#2456,#2197,.T.);
#2951=EDGE_CURVE('',#2456,#2457,#524,.T.);
#2952=EDGE_CURVE('',#2457,#2457,#2198,.T.);
#2953=EDGE_CURVE('',#2458,#2458,#2199,.T.);
#2954=EDGE_CURVE('',#2458,#2459,#525,.T.);
#2955=EDGE_CURVE('',#2459,#2459,#2200,.T.);
#2956=EDGE_CURVE('',#2440,#2433,#526,.T.);
#2957=EDGE_CURVE('',#2460,#2453,#527,.T.);
#2958=EDGE_CURVE('',#2460,#2461,#528,.T.);
#2959=EDGE_CURVE('',#2446,#2461,#529,.T.);
#2960=EDGE_CURVE('',#2461,#2462,#530,.T.);
#2961=EDGE_CURVE('',#2463,#2460,#531,.T.);
#2962=EDGE_CURVE('',#2462,#2463,#532,.T.);
#2963=EDGE_CURVE('',#2464,#2462,#533,.T.);
#2964=EDGE_CURVE('',#2465,#2464,#534,.T.);
#2965=EDGE_CURVE('',#2447,#2465,#535,.T.);
#2966=EDGE_CURVE('',#2463,#2466,#536,.T.);
#2967=EDGE_CURVE('',#2466,#2464,#537,.T.);
#2968=EDGE_CURVE('',#2467,#2455,#538,.T.);
#2969=EDGE_CURVE('',#2451,#2467,#539,.T.);
#2970=EDGE_CURVE('',#2468,#2467,#540,.T.);
#2971=EDGE_CURVE('',#2452,#2468,#541,.T.);
#2972=EDGE_CURVE('',#2448,#2469,#542,.T.);
#2973=EDGE_CURVE('',#2454,#2469,#543,.T.);
#2974=EDGE_CURVE('',#2469,#2465,#544,.T.);
#2975=EDGE_CURVE('',#2466,#2468,#545,.T.);
#2976=EDGE_CURVE('',#2470,#2470,#2201,.T.);
#2977=EDGE_CURVE('',#2470,#2471,#546,.T.);
#2978=EDGE_CURVE('',#2471,#2471,#2202,.T.);
#2979=EDGE_CURVE('',#2472,#2472,#2203,.T.);
#2980=EDGE_CURVE('',#2472,#2473,#547,.T.);
#2981=EDGE_CURVE('',#2473,#2473,#2204,.T.);
#2982=EDGE_CURVE('',#2474,#2474,#2205,.T.);
#2983=EDGE_CURVE('',#2474,#2475,#548,.T.);
#2984=EDGE_CURVE('',#2475,#2475,#2206,.T.);
#2985=EDGE_CURVE('',#2476,#2476,#2207,.T.);
#2986=EDGE_CURVE('',#2476,#2477,#549,.T.);
#2987=EDGE_CURVE('',#2477,#2477,#2208,.T.);
#2988=EDGE_CURVE('',#2478,#2479,#2209,.T.);
#2989=EDGE_CURVE('',#2479,#2480,#550,.T.);
#2990=EDGE_CURVE('',#2480,#2481,#2210,.T.);
#2991=EDGE_CURVE('',#2481,#2478,#551,.T.);
#2992=EDGE_CURVE('',#2482,#2480,#552,.T.);
#2993=EDGE_CURVE('',#2483,#2482,#2211,.T.);
#2994=EDGE_CURVE('',#2483,#2484,#553,.T.);
#2995=EDGE_CURVE('',#2485,#2484,#2212,.T.);
#2996=EDGE_CURVE('',#2485,#2486,#554,.T.);
#2997=EDGE_CURVE('',#2487,#2486,#2213,.T.);
#2998=EDGE_CURVE('',#2488,#2487,#555,.T.);
#2999=EDGE_CURVE('',#2489,#2488,#2214,.T.);
#3000=EDGE_CURVE('',#2490,#2489,#556,.T.);
#3001=EDGE_CURVE('',#2490,#2491,#557,.T.);
#3002=EDGE_CURVE('',#2491,#2492,#558,.T.);
#3003=EDGE_CURVE('',#2481,#2492,#559,.T.);
#3004=EDGE_CURVE('',#2493,#2493,#2215,.T.);
#3005=EDGE_CURVE('',#2494,#2494,#2216,.T.);
#3006=EDGE_CURVE('',#2495,#2495,#2217,.T.);
#3007=EDGE_CURVE('',#2496,#2496,#2218,.T.);
#3008=EDGE_CURVE('',#2497,#2497,#2219,.T.);
#3009=EDGE_CURVE('',#2498,#2498,#2220,.T.);
#3010=EDGE_CURVE('',#2499,#2479,#560,.T.);
#3011=EDGE_CURVE('',#2482,#2499,#561,.T.);
#3012=EDGE_CURVE('',#2499,#2500,#2221,.T.);
#3013=EDGE_CURVE('',#2500,#2483,#562,.T.);
#3014=EDGE_CURVE('',#2501,#2502,#2222,.T.);
#3015=EDGE_CURVE('',#2502,#2485,#563,.T.);
#3016=EDGE_CURVE('',#2484,#2501,#564,.T.);
#3017=EDGE_CURVE('',#2503,#2502,#565,.T.);
#3018=EDGE_CURVE('',#2486,#2503,#566,.T.);
#3019=EDGE_CURVE('',#2503,#2504,#2223,.T.);
#3020=EDGE_CURVE('',#2504,#2487,#567,.T.);
#3021=EDGE_CURVE('',#2505,#2506,#2224,.T.);
#3022=EDGE_CURVE('',#2506,#2489,#568,.T.);
#3023=EDGE_CURVE('',#2488,#2505,#569,.T.);
#3024=EDGE_CURVE('',#2507,#2506,#570,.T.);
#3025=EDGE_CURVE('',#2507,#2508,#571,.T.);
#3026=EDGE_CURVE('',#2508,#2509,#572,.T.);
#3027=EDGE_CURVE('',#2509,#2490,#573,.T.);
#3028=EDGE_CURVE('',#2478,#2510,#574,.T.);
#3029=EDGE_CURVE('',#2510,#2511,#575,.T.);
#3030=EDGE_CURVE('',#2511,#2507,#576,.T.);
#3031=EDGE_CURVE('',#2505,#2504,#577,.T.);
#3032=EDGE_CURVE('',#2501,#2500,#578,.T.);
#3033=EDGE_CURVE('',#2512,#2512,#2225,.T.);
#3034=EDGE_CURVE('',#2513,#2513,#2226,.T.);
#3035=EDGE_CURVE('',#2514,#2514,#2227,.T.);
#3036=EDGE_CURVE('',#2515,#2515,#2228,.T.);
#3037=EDGE_CURVE('',#2516,#2516,#2229,.T.);
#3038=EDGE_CURVE('',#2517,#2517,#2230,.T.);
#3039=EDGE_CURVE('',#2491,#2518,#579,.T.);
#3040=EDGE_CURVE('',#2509,#2518,#580,.T.);
#3041=EDGE_CURVE('',#2519,#2511,#581,.T.);
#3042=EDGE_CURVE('',#2508,#2519,#582,.T.);
#3043=EDGE_CURVE('',#2520,#2510,#583,.T.);
#3044=EDGE_CURVE('',#2519,#2520,#584,.T.);
#3045=EDGE_CURVE('',#2521,#2520,#585,.T.);
#3046=EDGE_CURVE('',#2518,#2521,#586,.T.);
#3047=EDGE_CURVE('',#2492,#2521,#587,.T.);
#3048=EDGE_CURVE('',#2512,#2493,#588,.T.);
#3049=EDGE_CURVE('',#2513,#2494,#589,.T.);
#3050=EDGE_CURVE('',#2514,#2495,#590,.T.);
#3051=EDGE_CURVE('',#2515,#2496,#591,.T.);
#3052=EDGE_CURVE('',#2516,#2497,#592,.T.);
#3053=EDGE_CURVE('',#2517,#2498,#593,.T.);
#3054=EDGE_CURVE('',#2522,#2522,#2231,.T.);
#3055=EDGE_CURVE('',#2522,#2523,#594,.T.);
#3056=EDGE_CURVE('',#2523,#2523,#2232,.T.);
#3057=EDGE_CURVE('',#2524,#2525,#2233,.T.);
#3058=EDGE_CURVE('',#2526,#2524,#595,.T.);
#3059=EDGE_CURVE('',#2527,#2526,#2234,.T.);
#3060=EDGE_CURVE('',#2525,#2527,#596,.T.);
#3061=EDGE_CURVE('',#2528,#2528,#2235,.T.);
#3062=EDGE_CURVE('',#2528,#2529,#597,.T.);
#3063=EDGE_CURVE('',#2529,#2529,#2236,.T.);
#3064=EDGE_CURVE('',#2530,#2524,#598,.T.);
#3065=EDGE_CURVE('',#2530,#2531,#599,.T.);
#3066=EDGE_CURVE('',#2531,#2532,#600,.T.);
#3067=EDGE_CURVE('',#2532,#2533,#601,.T.);
#3068=EDGE_CURVE('',#2534,#2533,#602,.T.);
#3069=EDGE_CURVE('',#2534,#2535,#603,.T.);
#3070=EDGE_CURVE('',#2535,#2526,#604,.T.);
#3071=EDGE_CURVE('',#2535,#2536,#605,.T.);
#3072=EDGE_CURVE('',#2537,#2536,#606,.T.);
#3073=EDGE_CURVE('',#2538,#2537,#607,.T.);
#3074=EDGE_CURVE('',#2527,#2538,#608,.T.);
#3075=EDGE_CURVE('',#2539,#2539,#2237,.T.);
#3076=EDGE_CURVE('',#2539,#2540,#609,.T.);
#3077=EDGE_CURVE('',#2540,#2540,#2238,.T.);
#3078=EDGE_CURVE('',#2541,#2530,#2239,.T.);
#3079=EDGE_CURVE('',#2542,#2541,#610,.T.);
#3080=EDGE_CURVE('',#2531,#2542,#2240,.T.);
#3081=EDGE_CURVE('',#2543,#2543,#2241,.T.);
#3082=EDGE_CURVE('',#2543,#2544,#611,.T.);
#3083=EDGE_CURVE('',#2544,#2544,#2242,.T.);
#3084=EDGE_CURVE('',#2545,#2541,#612,.T.);
#3085=EDGE_CURVE('',#2545,#2546,#613,.T.);
#3086=EDGE_CURVE('',#2546,#2542,#614,.T.);
#3087=EDGE_CURVE('',#2546,#2547,#615,.T.);
#3088=EDGE_CURVE('',#2548,#2547,#616,.T.);
#3089=EDGE_CURVE('',#2532,#2548,#617,.T.);
#3090=EDGE_CURVE('',#2547,#2549,#618,.T.);
#3091=EDGE_CURVE('',#2549,#2545,#619,.T.);
#3092=EDGE_CURVE('',#2550,#2548,#620,.T.);
#3093=EDGE_CURVE('',#2551,#2550,#621,.T.);
#3094=EDGE_CURVE('',#2552,#2551,#622,.T.);
#3095=EDGE_CURVE('',#2533,#2552,#623,.T.);
#3096=EDGE_CURVE('',#2553,#2537,#624,.T.);
#3097=EDGE_CURVE('',#2554,#2553,#625,.T.);
#3098=EDGE_CURVE('',#2538,#2554,#626,.T.);
#3099=EDGE_CURVE('',#2555,#2534,#627,.T.);
#3100=EDGE_CURVE('',#2556,#2555,#628,.T.);
#3101=EDGE_CURVE('',#2557,#2556,#629,.T.);
#3102=EDGE_CURVE('',#2536,#2557,#630,.T.);
#3103=EDGE_CURVE('',#2525,#2554,#631,.T.);
#3104=EDGE_CURVE('',#2549,#2553,#632,.T.);
#3105=EDGE_CURVE('',#2550,#2557,#633,.T.);
#3106=EDGE_CURVE('',#2556,#2551,#634,.T.);
#3107=EDGE_CURVE('',#2555,#2552,#635,.T.);
#3108=EDGE_CURVE('',#2558,#2558,#2243,.T.);
#3109=EDGE_CURVE('',#2558,#2559,#636,.T.);
#3110=EDGE_CURVE('',#2559,#2559,#2244,.T.);
#3111=EDGE_CURVE('',#2560,#2560,#2245,.T.);
#3112=EDGE_CURVE('',#2560,#2561,#637,.T.);
#3113=EDGE_CURVE('',#2561,#2561,#2246,.T.);
#3114=EDGE_CURVE('',#2562,#2562,#2247,.T.);
#3115=EDGE_CURVE('',#2562,#2563,#638,.T.);
#3116=EDGE_CURVE('',#2563,#2563,#2248,.T.);
#3117=EDGE_CURVE('',#2564,#2565,#2249,.T.);
#3118=EDGE_CURVE('',#2565,#2566,#639,.T.);
#3119=EDGE_CURVE('',#2566,#2567,#2250,.T.);
#3120=EDGE_CURVE('',#2567,#2564,#640,.T.);
#3121=EDGE_CURVE('',#2568,#2566,#641,.T.);
#3122=EDGE_CURVE('',#2569,#2568,#2251,.T.);
#3123=EDGE_CURVE('',#2569,#2570,#642,.T.);
#3124=EDGE_CURVE('',#2571,#2570,#2252,.T.);
#3125=EDGE_CURVE('',#2571,#2572,#643,.T.);
#3126=EDGE_CURVE('',#2573,#2572,#2253,.T.);
#3127=EDGE_CURVE('',#2574,#2573,#644,.T.);
#3128=EDGE_CURVE('',#2575,#2574,#2254,.T.);
#3129=EDGE_CURVE('',#2576,#2575,#645,.T.);
#3130=EDGE_CURVE('',#2576,#2577,#646,.T.);
#3131=EDGE_CURVE('',#2577,#2578,#647,.T.);
#3132=EDGE_CURVE('',#2567,#2578,#648,.T.);
#3133=EDGE_CURVE('',#2579,#2579,#2255,.T.);
#3134=EDGE_CURVE('',#2580,#2580,#2256,.T.);
#3135=EDGE_CURVE('',#2581,#2581,#2257,.T.);
#3136=EDGE_CURVE('',#2582,#2582,#2258,.T.);
#3137=EDGE_CURVE('',#2583,#2583,#2259,.T.);
#3138=EDGE_CURVE('',#2584,#2584,#2260,.T.);
#3139=EDGE_CURVE('',#2585,#2565,#649,.T.);
#3140=EDGE_CURVE('',#2568,#2585,#650,.T.);
#3141=EDGE_CURVE('',#2585,#2586,#2261,.T.);
#3142=EDGE_CURVE('',#2586,#2569,#651,.T.);
#3143=EDGE_CURVE('',#2587,#2588,#2262,.T.);
#3144=EDGE_CURVE('',#2588,#2571,#652,.T.);
#3145=EDGE_CURVE('',#2570,#2587,#653,.T.);
#3146=EDGE_CURVE('',#2589,#2588,#654,.T.);
#3147=EDGE_CURVE('',#2572,#2589,#655,.T.);
#3148=EDGE_CURVE('',#2589,#2590,#2263,.T.);
#3149=EDGE_CURVE('',#2590,#2573,#656,.T.);
#3150=EDGE_CURVE('',#2591,#2592,#2264,.T.);
#3151=EDGE_CURVE('',#2592,#2575,#657,.T.);
#3152=EDGE_CURVE('',#2574,#2591,#658,.T.);
#3153=EDGE_CURVE('',#2564,#2593,#659,.T.);
#3154=EDGE_CURVE('',#2593,#2594,#660,.T.);
#3155=EDGE_CURVE('',#2594,#2595,#661,.T.);
#3156=EDGE_CURVE('',#2595,#2592,#662,.T.);
#3157=EDGE_CURVE('',#2591,#2590,#663,.T.);
#3158=EDGE_CURVE('',#2587,#2586,#664,.T.);
#3159=EDGE_CURVE('',#2596,#2596,#2265,.T.);
#3160=EDGE_CURVE('',#2597,#2597,#2266,.T.);
#3161=EDGE_CURVE('',#2598,#2598,#2267,.T.);
#3162=EDGE_CURVE('',#2599,#2599,#2268,.T.);
#3163=EDGE_CURVE('',#2600,#2600,#2269,.T.);
#3164=EDGE_CURVE('',#2601,#2601,#2270,.T.);
#3165=EDGE_CURVE('',#2578,#2602,#665,.T.);
#3166=EDGE_CURVE('',#2602,#2603,#666,.T.);
#3167=EDGE_CURVE('',#2603,#2593,#667,.T.);
#3168=EDGE_CURVE('',#2596,#2579,#668,.T.);
#3169=EDGE_CURVE('',#2597,#2580,#669,.T.);
#3170=EDGE_CURVE('',#2598,#2581,#670,.T.);
#3171=EDGE_CURVE('',#2599,#2582,#671,.T.);
#3172=EDGE_CURVE('',#2600,#2583,#672,.T.);
#3173=EDGE_CURVE('',#2601,#2584,#673,.T.);
#3174=EDGE_CURVE('',#2603,#2604,#674,.T.);
#3175=EDGE_CURVE('',#2602,#2605,#675,.T.);
#3176=EDGE_CURVE('',#2605,#2606,#676,.T.);
#3177=EDGE_CURVE('',#2607,#2606,#677,.T.);
#3178=EDGE_CURVE('',#2607,#2604,#678,.T.);
#3179=EDGE_CURVE('',#2604,#2594,#679,.T.);
#3180=EDGE_CURVE('',#2577,#2605,#680,.T.);
#3181=EDGE_CURVE('',#2595,#2607,#681,.T.);
#3182=EDGE_CURVE('',#2606,#2576,#682,.T.);
#3183=EDGE_CURVE('',#2608,#2608,#2271,.T.);
#3184=EDGE_CURVE('',#2608,#2609,#683,.T.);
#3185=EDGE_CURVE('',#2609,#2609,#2272,.T.);
#3186=EDGE_CURVE('',#2610,#2611,#2273,.T.);
#3187=EDGE_CURVE('',#2612,#2610,#684,.T.);
#3188=EDGE_CURVE('',#2613,#2612,#2274,.T.);
#3189=EDGE_CURVE('',#2611,#2613,#685,.T.);
#3190=EDGE_CURVE('',#2614,#2614,#2275,.T.);
#3191=EDGE_CURVE('',#2614,#2615,#686,.T.);
#3192=EDGE_CURVE('',#2615,#2615,#2276,.T.);
#3193=EDGE_CURVE('',#2616,#2617,#687,.T.);
#3194=EDGE_CURVE('',#2618,#2616,#2277,.T.);
#3195=EDGE_CURVE('',#2619,#2618,#688,.T.);
#3196=EDGE_CURVE('',#2617,#2619,#2278,.T.);
#3197=EDGE_CURVE('',#2620,#2620,#2279,.T.);
#3198=EDGE_CURVE('',#2620,#2621,#689,.T.);
#3199=EDGE_CURVE('',#2621,#2621,#2280,.T.);
#3200=EDGE_CURVE('',#2622,#2623,#2281,.T.);
#3201=EDGE_CURVE('',#2624,#2622,#690,.T.);
#3202=EDGE_CURVE('',#2625,#2624,#2282,.T.);
#3203=EDGE_CURVE('',#2623,#2625,#691,.T.);
#3204=EDGE_CURVE('',#2626,#2626,#2283,.T.);
#3205=EDGE_CURVE('',#2626,#2627,#692,.T.);
#3206=EDGE_CURVE('',#2627,#2627,#2284,.T.);
#3207=EDGE_CURVE('',#2628,#2629,#693,.T.);
#3208=EDGE_CURVE('',#2630,#2628,#2285,.T.);
#3209=EDGE_CURVE('',#2631,#2630,#694,.T.);
#3210=EDGE_CURVE('',#2629,#2631,#2286,.T.);
#3211=EDGE_CURVE('',#2610,#2632,#695,.T.);
#3212=EDGE_CURVE('',#2633,#2632,#696,.T.);
#3213=EDGE_CURVE('',#2634,#2633,#697,.T.);
#3214=EDGE_CURVE('',#2635,#2634,#698,.T.);
#3215=EDGE_CURVE('',#2612,#2635,#699,.T.);
#3216=EDGE_CURVE('',#2636,#2625,#700,.T.);
#3217=EDGE_CURVE('',#2637,#2636,#701,.T.);
#3218=EDGE_CURVE('',#2638,#2637,#702,.T.);
#3219=EDGE_CURVE('',#2639,#2638,#703,.T.);
#3220=EDGE_CURVE('',#2639,#2623,#704,.T.);
#3221=EDGE_CURVE('',#2616,#2640,#705,.T.);
#3222=EDGE_CURVE('',#2641,#2640,#706,.T.);
#3223=EDGE_CURVE('',#2642,#2641,#707,.T.);
#3224=EDGE_CURVE('',#2643,#2642,#708,.T.);
#3225=EDGE_CURVE('',#2643,#2630,#709,.T.);
#3226=EDGE_CURVE('',#2628,#2618,#710,.T.);
#3227=EDGE_CURVE('',#2644,#2644,#2287,.T.);
#3228=EDGE_CURVE('',#2645,#2645,#2288,.T.);
#3229=EDGE_CURVE('',#2646,#2643,#711,.T.);
#3230=EDGE_CURVE('',#2647,#2646,#712,.T.);
#3231=EDGE_CURVE('',#2648,#2647,#713,.T.);
#3232=EDGE_CURVE('',#2631,#2648,#714,.T.);
#3233=EDGE_CURVE('',#2649,#2617,#715,.T.);
#3234=EDGE_CURVE('',#2650,#2649,#716,.T.);
#3235=EDGE_CURVE('',#2651,#2650,#717,.T.);
#3236=EDGE_CURVE('',#2640,#2651,#718,.T.);
#3237=EDGE_CURVE('',#2619,#2629,#719,.T.);
#3238=EDGE_CURVE('',#2635,#2652,#720,.T.);
#3239=EDGE_CURVE('',#2652,#2653,#2289,.T.);
#3240=EDGE_CURVE('',#2653,#2654,#721,.T.);
#3241=EDGE_CURVE('',#2654,#2655,#2290,.T.);
#3242=EDGE_CURVE('',#2655,#2649,#722,.T.);
#3243=EDGE_CURVE('',#2648,#2656,#723,.T.);
#3244=EDGE_CURVE('',#2656,#2657,#2291,.T.);
#3245=EDGE_CURVE('',#2657,#2658,#724,.T.);
#3246=EDGE_CURVE('',#2658,#2659,#2292,.T.);
#3247=EDGE_CURVE('',#2659,#2636,#725,.T.);
#3248=EDGE_CURVE('',#2624,#2613,#726,.T.);
#3249=EDGE_CURVE('',#2660,#2660,#2293,.T.);
#3250=EDGE_CURVE('',#2661,#2661,#2294,.T.);
#3251=EDGE_CURVE('',#2662,#2662,#2295,.T.);
#3252=EDGE_CURVE('',#2663,#2663,#2296,.T.);
#3253=EDGE_CURVE('',#2664,#2658,#727,.T.);
#3254=EDGE_CURVE('',#2665,#2664,#2297,.T.);
#3255=EDGE_CURVE('',#2666,#2665,#2298,.T.);
#3256=EDGE_CURVE('',#2667,#2666,#2299,.T.);
#3257=EDGE_CURVE('',#2659,#2667,#728,.T.);
#3258=EDGE_CURVE('',#2668,#2669,#2300,.T.);
#3259=EDGE_CURVE('',#2653,#2668,#729,.T.);
#3260=EDGE_CURVE('',#2669,#2652,#730,.T.);
#3261=EDGE_CURVE('',#2670,#2670,#2301,.T.);
#3262=EDGE_CURVE('',#2670,#2663,#731,.T.);
#3263=EDGE_CURVE('',#2671,#2671,#2302,.T.);
#3264=EDGE_CURVE('',#2671,#2662,#732,.T.);
#3265=EDGE_CURVE('',#2665,#2672,#733,.T.);
#3266=EDGE_CURVE('',#2638,#2672,#734,.T.);
#3267=EDGE_CURVE('',#2637,#2666,#735,.T.);
#3268=EDGE_CURVE('',#2673,#2664,#736,.T.);
#3269=EDGE_CURVE('',#2673,#2672,#737,.T.);
#3270=EDGE_CURVE('',#2657,#2674,#738,.T.);
#3271=EDGE_CURVE('',#2674,#2675,#739,.T.);
#3272=EDGE_CURVE('',#2675,#2676,#740,.T.);
#3273=EDGE_CURVE('',#2677,#2676,#741,.T.);
#3274=EDGE_CURVE('',#2677,#2673,#742,.T.);
#3275=EDGE_CURVE('',#2668,#2678,#743,.T.);
#3276=EDGE_CURVE('',#2678,#2679,#744,.T.);
#3277=EDGE_CURVE('',#2679,#2680,#745,.T.);
#3278=EDGE_CURVE('',#2680,#2681,#746,.T.);
#3279=EDGE_CURVE('',#2681,#2682,#747,.T.);
#3280=EDGE_CURVE('',#2682,#2654,#748,.T.);
#3281=EDGE_CURVE('',#2683,#2656,#749,.T.);
#3282=EDGE_CURVE('',#2684,#2683,#2303,.T.);
#3283=EDGE_CURVE('',#2685,#2684,#2304,.T.);
#3284=EDGE_CURVE('',#2674,#2685,#2305,.T.);
#3285=EDGE_CURVE('',#2686,#2682,#2306,.T.);
#3286=EDGE_CURVE('',#2655,#2686,#750,.T.);
#3287=EDGE_CURVE('',#2645,#2661,#751,.T.);
#3288=EDGE_CURVE('',#2644,#2660,#752,.T.);
#3289=EDGE_CURVE('',#2684,#2647,#753,.T.);
#3290=EDGE_CURVE('',#2642,#2646,#754,.T.);
#3291=EDGE_CURVE('',#2642,#2685,#755,.T.);
#3292=EDGE_CURVE('',#2647,#2683,#756,.T.);
#3293=EDGE_CURVE('',#2686,#2650,#757,.T.);
#3294=EDGE_CURVE('',#2675,#2642,#758,.T.);
#3295=EDGE_CURVE('',#2641,#2681,#759,.T.);
#3296=EDGE_CURVE('',#2650,#2641,#760,.T.);
#3297=EDGE_CURVE('',#2676,#2642,#761,.T.);
#3298=EDGE_CURVE('',#2687,#2641,#762,.T.);
#3299=EDGE_CURVE('',#2688,#2687,#763,.T.);
#3300=EDGE_CURVE('',#2642,#2688,#764,.T.);
#3301=EDGE_CURVE('',#2641,#2680,#765,.T.);
#3302=EDGE_CURVE('',#2622,#2611,#766,.T.);
#3303=EDGE_CURVE('',#2672,#2639,#767,.T.);
#3304=EDGE_CURVE('',#2672,#2689,#768,.T.);
#3305=EDGE_CURVE('',#2632,#2689,#769,.T.);
#3306=EDGE_CURVE('',#2667,#2637,#770,.T.);
#3307=EDGE_CURVE('',#2672,#2677,#771,.T.);
#3308=EDGE_CURVE('',#2689,#2690,#772,.T.);
#3309=EDGE_CURVE('',#2691,#2672,#773,.T.);
#3310=EDGE_CURVE('',#2690,#2691,#774,.T.);
#3311=EDGE_CURVE('',#2689,#2678,#775,.T.);
#3312=EDGE_CURVE('',#2679,#2689,#776,.T.);
#3313=EDGE_CURVE('',#2634,#2669,#777,.T.);
#3314=EDGE_CURVE('',#2689,#2634,#778,.T.);
#3315=EDGE_CURVE('',#2633,#2689,#779,.T.);
#3316=EDGE_CURVE('',#2689,#2641,#780,.T.);
#3317=EDGE_CURVE('',#2687,#2690,#781,.T.);
#3318=EDGE_CURVE('',#2641,#2651,#782,.T.);
#3319=EDGE_CURVE('',#2691,#2688,#783,.T.);
#3320=EDGE_CURVE('',#2672,#2642,#784,.T.);
#3321=EDGE_CURVE('',#2692,#2692,#2307,.T.);
#3322=EDGE_CURVE('',#2692,#2693,#785,.T.);
#3323=EDGE_CURVE('',#2694,#2693,#2308,.T.);
#3324=EDGE_CURVE('',#2695,#2694,#786,.T.);
#3325=EDGE_CURVE('',#2696,#2695,#2309,.T.);
#3326=EDGE_CURVE('',#2697,#2696,#787,.T.);
#3327=EDGE_CURVE('',#2693,#2697,#2310,.T.);
#3328=EDGE_CURVE('',#2698,#2698,#2311,.T.);
#3329=EDGE_CURVE('',#2698,#2699,#788,.T.);
#3330=EDGE_CURVE('',#2699,#2699,#2312,.T.);
#3331=EDGE_CURVE('',#2700,#2700,#2313,.T.);
#3332=EDGE_CURVE('',#2700,#2701,#789,.T.);
#3333=EDGE_CURVE('',#2701,#2701,#2314,.T.);
#3334=EDGE_CURVE('',#2702,#2702,#2315,.T.);
#3335=EDGE_CURVE('',#2702,#2703,#790,.T.);
#3336=EDGE_CURVE('',#2704,#2703,#2316,.T.);
#3337=EDGE_CURVE('',#2705,#2704,#791,.T.);
#3338=EDGE_CURVE('',#2706,#2705,#2317,.T.);
#3339=EDGE_CURVE('',#2707,#2706,#792,.T.);
#3340=EDGE_CURVE('',#2703,#2707,#2318,.T.);
#3341=EDGE_CURVE('',#2708,#2708,#2319,.T.);
#3342=EDGE_CURVE('',#2708,#2709,#793,.T.);
#3343=EDGE_CURVE('',#2709,#2709,#2320,.T.);
#3344=EDGE_CURVE('',#2710,#2710,#2321,.T.);
#3345=EDGE_CURVE('',#2710,#2711,#794,.T.);
#3346=EDGE_CURVE('',#2711,#2711,#2322,.T.);
#3347=EDGE_CURVE('',#2695,#2712,#795,.T.);
#3348=EDGE_CURVE('',#2713,#2712,#796,.T.);
#3349=EDGE_CURVE('',#2714,#2713,#797,.T.);
#3350=EDGE_CURVE('',#2715,#2714,#798,.T.);
#3351=EDGE_CURVE('',#2715,#2706,#799,.T.);
#3352=EDGE_CURVE('',#2705,#2696,#800,.T.);
#3353=EDGE_CURVE('',#2716,#2716,#2323,.T.);
#3354=EDGE_CURVE('',#2717,#2717,#2324,.T.);
#3355=EDGE_CURVE('',#2718,#2694,#801,.T.);
#3356=EDGE_CURVE('',#2719,#2718,#802,.T.);
#3357=EDGE_CURVE('',#2720,#2719,#803,.T.);
#3358=EDGE_CURVE('',#2712,#2720,#804,.T.);
#3359=EDGE_CURVE('',#2721,#2715,#805,.T.);
#3360=EDGE_CURVE('',#2722,#2721,#806,.T.);
#3361=EDGE_CURVE('',#2723,#2722,#807,.T.);
#3362=EDGE_CURVE('',#2707,#2723,#808,.T.);
#3363=EDGE_CURVE('',#2697,#2704,#809,.T.);
#3364=EDGE_CURVE('',#2723,#2724,#810,.T.);
#3365=EDGE_CURVE('',#2725,#2724,#811,.T.);
#3366=EDGE_CURVE('',#2725,#2718,#812,.T.);
#3367=EDGE_CURVE('',#2726,#2726,#2325,.T.);
#3368=EDGE_CURVE('',#2726,#2717,#813,.T.);
#3369=EDGE_CURVE('',#2727,#2727,#2326,.T.);
#3370=EDGE_CURVE('',#2727,#2716,#814,.T.);
#3371=EDGE_CURVE('',#2728,#2729,#815,.T.);
#3372=EDGE_CURVE('',#2729,#2730,#816,.T.);
#3373=EDGE_CURVE('',#2730,#2725,#817,.T.);
#3374=EDGE_CURVE('',#2724,#2731,#818,.T.);
#3375=EDGE_CURVE('',#2731,#2732,#819,.T.);
#3376=EDGE_CURVE('',#2732,#2733,#820,.T.);
#3377=EDGE_CURVE('',#2728,#2733,#821,.T.);
#3378=EDGE_CURVE('',#2732,#2721,#822,.T.);
#3379=EDGE_CURVE('',#2731,#2722,#823,.T.);
#3380=EDGE_CURVE('',#2730,#2719,#824,.T.);
#3381=EDGE_CURVE('',#2714,#2734,#825,.T.);
#3382=EDGE_CURVE('',#2733,#2734,#826,.T.);
#3383=EDGE_CURVE('',#2729,#2720,#827,.T.);
#3384=EDGE_CURVE('',#2734,#2735,#828,.T.);
#3385=EDGE_CURVE('',#2735,#2728,#829,.T.);
#3386=EDGE_CURVE('',#2735,#2713,#830,.T.);
#3387=EDGE_CURVE('',#2736,#2737,#2327,.T.);
#3388=EDGE_CURVE('',#2738,#2736,#831,.T.);
#3389=EDGE_CURVE('',#2739,#2738,#2328,.T.);
#3390=EDGE_CURVE('',#2737,#2739,#832,.T.);
#3391=EDGE_CURVE('',#2740,#2740,#2329,.T.);
#3392=EDGE_CURVE('',#2740,#2741,#833,.T.);
#3393=EDGE_CURVE('',#2741,#2741,#2330,.T.);
#3394=EDGE_CURVE('',#2742,#2742,#2331,.T.);
#3395=EDGE_CURVE('',#2742,#2743,#834,.T.);
#3396=EDGE_CURVE('',#2743,#2743,#2332,.T.);
#3397=EDGE_CURVE('',#2736,#2744,#835,.T.);
#3398=EDGE_CURVE('',#2744,#2745,#836,.T.);
#3399=EDGE_CURVE('',#2745,#2746,#837,.T.);
#3400=EDGE_CURVE('',#2746,#2747,#838,.T.);
#3401=EDGE_CURVE('',#2747,#2748,#839,.T.);
#3402=EDGE_CURVE('',#2748,#2749,#840,.T.);
#3403=EDGE_CURVE('',#2738,#2749,#841,.T.);
#3404=EDGE_CURVE('',#2749,#2750,#2333,.T.);
#3405=EDGE_CURVE('',#2750,#2751,#842,.T.);
#3406=EDGE_CURVE('',#2751,#2752,#843,.T.);
#3407=EDGE_CURVE('',#2753,#2752,#844,.T.);
#3408=EDGE_CURVE('',#2753,#2754,#845,.T.);
#3409=EDGE_CURVE('',#2754,#2739,#846,.T.);
#3410=EDGE_CURVE('',#2755,#2755,#2334,.T.);
#3411=EDGE_CURVE('',#2756,#2756,#2335,.T.);
#3412=EDGE_CURVE('',#2757,#2748,#2336,.T.);
#3413=EDGE_CURVE('',#2750,#2757,#847,.T.);
#3414=EDGE_CURVE('',#2758,#2758,#2337,.T.);
#3415=EDGE_CURVE('',#2758,#2755,#848,.T.);
#3416=EDGE_CURVE('',#2759,#2759,#2338,.T.);
#3417=EDGE_CURVE('',#2759,#2756,#849,.T.);
#3418=EDGE_CURVE('',#2757,#2760,#850,.T.);
#3419=EDGE_CURVE('',#2760,#2751,#851,.T.);
#3420=EDGE_CURVE('',#2761,#2747,#852,.T.);
#3421=EDGE_CURVE('',#2762,#2761,#853,.T.);
#3422=EDGE_CURVE('',#2762,#2760,#854,.T.);
#3423=EDGE_CURVE('',#2752,#2762,#855,.T.);
#3424=EDGE_CURVE('',#2763,#2746,#856,.T.);
#3425=EDGE_CURVE('',#2764,#2763,#857,.T.);
#3426=EDGE_CURVE('',#2765,#2764,#858,.T.);
#3427=EDGE_CURVE('',#2761,#2765,#859,.T.);
#3428=EDGE_CURVE('',#2754,#2766,#860,.T.);
#3429=EDGE_CURVE('',#2767,#2753,#861,.T.);
#3430=EDGE_CURVE('',#2767,#2766,#862,.T.);
#3431=EDGE_CURVE('',#2766,#2737,#863,.T.);
#3432=EDGE_CURVE('',#2768,#2767,#864,.T.);
#3433=EDGE_CURVE('',#2768,#2744,#865,.T.);
#3434=EDGE_CURVE('',#2769,#2770,#866,.T.);
#3435=EDGE_CURVE('',#2745,#2769,#867,.T.);
#3436=EDGE_CURVE('',#2771,#2768,#868,.T.);
#3437=EDGE_CURVE('',#2770,#2771,#869,.T.);
#3438=EDGE_CURVE('',#2764,#2770,#870,.T.);
#3439=EDGE_CURVE('',#2771,#2765,#871,.T.);
#3440=EDGE_CURVE('',#2769,#2763,#872,.T.);
#3441=EDGE_CURVE('',#2772,#2772,#2339,.T.);
#3442=EDGE_CURVE('',#2772,#2773,#873,.T.);
#3443=EDGE_CURVE('',#2773,#2773,#2340,.T.);
#3444=EDGE_CURVE('',#2774,#2774,#2341,.T.);
#3445=EDGE_CURVE('',#2774,#2775,#874,.T.);
#3446=EDGE_CURVE('',#2775,#2775,#2342,.T.);
#3447=EDGE_CURVE('',#2776,#2776,#2343,.T.);
#3448=EDGE_CURVE('',#2776,#2777,#875,.T.);
#3449=EDGE_CURVE('',#2777,#2777,#2344,.T.);
#3450=EDGE_CURVE('',#2778,#2779,#2345,.T.);
#3451=EDGE_CURVE('',#2779,#2780,#876,.T.);
#3452=EDGE_CURVE('',#2780,#2781,#2346,.T.);
#3453=EDGE_CURVE('',#2781,#2778,#877,.T.);
#3454=EDGE_CURVE('',#2780,#2782,#878,.T.);
#3455=EDGE_CURVE('',#2783,#2782,#2347,.T.);
#3456=EDGE_CURVE('',#2784,#2783,#879,.T.);
#3457=EDGE_CURVE('',#2785,#2784,#2348,.T.);
#3458=EDGE_CURVE('',#2786,#2785,#880,.T.);
#3459=EDGE_CURVE('',#2787,#2786,#2349,.T.);
#3460=EDGE_CURVE('',#2787,#2788,#881,.T.);
#3461=EDGE_CURVE('',#2789,#2788,#2350,.T.);
#3462=EDGE_CURVE('',#2790,#2789,#882,.T.);
#3463=EDGE_CURVE('',#2790,#2791,#883,.T.);
#3464=EDGE_CURVE('',#2791,#2792,#884,.T.);
#3465=EDGE_CURVE('',#2781,#2792,#885,.T.);
#3466=EDGE_CURVE('',#2793,#2793,#2351,.T.);
#3467=EDGE_CURVE('',#2794,#2794,#2352,.T.);
#3468=EDGE_CURVE('',#2795,#2795,#2353,.T.);
#3469=EDGE_CURVE('',#2796,#2796,#2354,.T.);
#3470=EDGE_CURVE('',#2797,#2797,#2355,.T.);
#3471=EDGE_CURVE('',#2798,#2798,#2356,.T.);
#3472=EDGE_CURVE('',#2799,#2779,#886,.T.);
#3473=EDGE_CURVE('',#2782,#2799,#887,.T.);
#3474=EDGE_CURVE('',#2799,#2800,#2357,.T.);
#3475=EDGE_CURVE('',#2800,#2783,#888,.T.);
#3476=EDGE_CURVE('',#2801,#2802,#2358,.T.);
#3477=EDGE_CURVE('',#2802,#2785,#889,.T.);
#3478=EDGE_CURVE('',#2784,#2801,#890,.T.);
#3479=EDGE_CURVE('',#2803,#2802,#891,.T.);
#3480=EDGE_CURVE('',#2786,#2803,#892,.T.);
#3481=EDGE_CURVE('',#2803,#2804,#2359,.T.);
#3482=EDGE_CURVE('',#2804,#2787,#893,.T.);
#3483=EDGE_CURVE('',#2805,#2806,#2360,.T.);
#3484=EDGE_CURVE('',#2806,#2789,#894,.T.);
#3485=EDGE_CURVE('',#2788,#2805,#895,.T.);
#3486=EDGE_CURVE('',#2778,#2807,#896,.T.);
#3487=EDGE_CURVE('',#2807,#2808,#897,.T.);
#3488=EDGE_CURVE('',#2808,#2809,#898,.T.);
#3489=EDGE_CURVE('',#2809,#2806,#899,.T.);
#3490=EDGE_CURVE('',#2805,#2804,#900,.T.);
#3491=EDGE_CURVE('',#2801,#2800,#901,.T.);
#3492=EDGE_CURVE('',#2810,#2810,#2361,.T.);
#3493=EDGE_CURVE('',#2811,#2811,#2362,.T.);
#3494=EDGE_CURVE('',#2812,#2812,#2363,.T.);
#3495=EDGE_CURVE('',#2813,#2813,#2364,.T.);
#3496=EDGE_CURVE('',#2814,#2814,#2365,.T.);
#3497=EDGE_CURVE('',#2815,#2815,#2366,.T.);
#3498=EDGE_CURVE('',#2809,#2816,#902,.T.);
#3499=EDGE_CURVE('',#2816,#2817,#903,.T.);
#3500=EDGE_CURVE('',#2817,#2790,#904,.T.);
#3501=EDGE_CURVE('',#2815,#2798,#905,.T.);
#3502=EDGE_CURVE('',#2814,#2797,#906,.T.);
#3503=EDGE_CURVE('',#2813,#2796,#907,.T.);
#3504=EDGE_CURVE('',#2812,#2795,#908,.T.);
#3505=EDGE_CURVE('',#2811,#2794,#909,.T.);
#3506=EDGE_CURVE('',#2810,#2793,#910,.T.);
#3507=EDGE_CURVE('',#2818,#2791,#911,.T.);
#3508=EDGE_CURVE('',#2817,#2818,#912,.T.);
#3509=EDGE_CURVE('',#2816,#2819,#913,.T.);
#3510=EDGE_CURVE('',#2819,#2820,#914,.T.);
#3511=EDGE_CURVE('',#2821,#2820,#915,.T.);
#3512=EDGE_CURVE('',#2821,#2818,#916,.T.);
#3513=EDGE_CURVE('',#2792,#2821,#917,.T.);
#3514=EDGE_CURVE('',#2820,#2807,#918,.T.);
#3515=EDGE_CURVE('',#2808,#2819,#919,.T.);
#3516=ORIENTED_EDGE('',*,*,#2822,.T.);
#3517=ORIENTED_EDGE('',*,*,#2823,.T.);
#3518=ORIENTED_EDGE('',*,*,#2824,.T.);
#3519=ORIENTED_EDGE('',*,*,#2823,.F.);
#3520=ORIENTED_EDGE('',*,*,#2825,.F.);
#3521=ORIENTED_EDGE('',*,*,#2826,.T.);
#3522=ORIENTED_EDGE('',*,*,#2824,.F.);
#3523=ORIENTED_EDGE('',*,*,#2826,.F.);
#3524=ORIENTED_EDGE('',*,*,#2827,.T.);
#3525=ORIENTED_EDGE('',*,*,#2822,.F.);
#3526=ORIENTED_EDGE('',*,*,#2825,.T.);
#3527=ORIENTED_EDGE('',*,*,#2828,.F.);
#3528=ORIENTED_EDGE('',*,*,#2829,.F.);
#3529=ORIENTED_EDGE('',*,*,#2830,.F.);
#3530=ORIENTED_EDGE('',*,*,#2831,.T.);
#3531=ORIENTED_EDGE('',*,*,#2828,.T.);
#3532=ORIENTED_EDGE('',*,*,#2831,.F.);
#3533=ORIENTED_EDGE('',*,*,#2829,.T.);
#3534=ORIENTED_EDGE('',*,*,#2830,.T.);
#3535=ORIENTED_EDGE('',*,*,#2832,.T.);
#3536=ORIENTED_EDGE('',*,*,#2832,.F.);
#3537=ORIENTED_EDGE('',*,*,#2833,.F.);
#3538=ORIENTED_EDGE('',*,*,#2827,.F.);
#3539=ORIENTED_EDGE('',*,*,#2834,.T.);
#3540=ORIENTED_EDGE('',*,*,#2833,.T.);
#3541=ORIENTED_EDGE('',*,*,#2834,.F.);
#3542=ORIENTED_EDGE('',*,*,#2835,.F.);
#3543=ORIENTED_EDGE('',*,*,#2836,.T.);
#3544=ORIENTED_EDGE('',*,*,#2837,.F.);
#3545=ORIENTED_EDGE('',*,*,#2836,.F.);
#3546=ORIENTED_EDGE('',*,*,#2838,.F.);
#3547=ORIENTED_EDGE('',*,*,#2839,.T.);
#3548=ORIENTED_EDGE('',*,*,#2840,.F.);
#3549=ORIENTED_EDGE('',*,*,#2839,.F.);
#3550=ORIENTED_EDGE('',*,*,#2841,.F.);
#3551=ORIENTED_EDGE('',*,*,#2842,.T.);
#3552=ORIENTED_EDGE('',*,*,#2843,.F.);
#3553=ORIENTED_EDGE('',*,*,#2842,.F.);
#3554=ORIENTED_EDGE('',*,*,#2844,.T.);
#3555=ORIENTED_EDGE('',*,*,#2845,.T.);
#3556=ORIENTED_EDGE('',*,*,#2846,.T.);
#3557=ORIENTED_EDGE('',*,*,#2847,.T.);
#3558=ORIENTED_EDGE('',*,*,#2846,.F.);
#3559=ORIENTED_EDGE('',*,*,#2848,.T.);
#3560=ORIENTED_EDGE('',*,*,#2849,.F.);
#3561=ORIENTED_EDGE('',*,*,#2850,.F.);
#3562=ORIENTED_EDGE('',*,*,#2851,.F.);
#3563=ORIENTED_EDGE('',*,*,#2852,.F.);
#3564=ORIENTED_EDGE('',*,*,#2853,.F.);
#3565=ORIENTED_EDGE('',*,*,#2854,.T.);
#3566=ORIENTED_EDGE('',*,*,#2855,.F.);
#3567=ORIENTED_EDGE('',*,*,#2856,.F.);
#3568=ORIENTED_EDGE('',*,*,#2857,.T.);
#3569=ORIENTED_EDGE('',*,*,#2858,.T.);
#3570=ORIENTED_EDGE('',*,*,#2859,.F.);
#3571=ORIENTED_EDGE('',*,*,#2860,.F.);
#3572=ORIENTED_EDGE('',*,*,#2861,.F.);
#3573=ORIENTED_EDGE('',*,*,#2862,.F.);
#3574=ORIENTED_EDGE('',*,*,#2863,.F.);
#3575=ORIENTED_EDGE('',*,*,#2864,.F.);
#3576=ORIENTED_EDGE('',*,*,#2865,.F.);
#3577=ORIENTED_EDGE('',*,*,#2845,.F.);
#3578=ORIENTED_EDGE('',*,*,#2866,.F.);
#3579=ORIENTED_EDGE('',*,*,#2867,.F.);
#3580=ORIENTED_EDGE('',*,*,#2848,.F.);
#3581=ORIENTED_EDGE('',*,*,#2849,.T.);
#3582=ORIENTED_EDGE('',*,*,#2867,.T.);
#3583=ORIENTED_EDGE('',*,*,#2868,.T.);
#3584=ORIENTED_EDGE('',*,*,#2869,.T.);
#3585=ORIENTED_EDGE('',*,*,#2870,.T.);
#3586=ORIENTED_EDGE('',*,*,#2871,.T.);
#3587=ORIENTED_EDGE('',*,*,#2851,.T.);
#3588=ORIENTED_EDGE('',*,*,#2872,.T.);
#3589=ORIENTED_EDGE('',*,*,#2871,.F.);
#3590=ORIENTED_EDGE('',*,*,#2873,.F.);
#3591=ORIENTED_EDGE('',*,*,#2874,.F.);
#3592=ORIENTED_EDGE('',*,*,#2852,.T.);
#3593=ORIENTED_EDGE('',*,*,#2853,.T.);
#3594=ORIENTED_EDGE('',*,*,#2874,.T.);
#3595=ORIENTED_EDGE('',*,*,#2875,.T.);
#3596=ORIENTED_EDGE('',*,*,#2876,.T.);
#3597=ORIENTED_EDGE('',*,*,#2877,.T.);
#3598=ORIENTED_EDGE('',*,*,#2878,.T.);
#3599=ORIENTED_EDGE('',*,*,#2855,.T.);
#3600=ORIENTED_EDGE('',*,*,#2879,.T.);
#3601=ORIENTED_EDGE('',*,*,#2878,.F.);
#3602=ORIENTED_EDGE('',*,*,#2880,.F.);
#3603=ORIENTED_EDGE('',*,*,#2881,.T.);
#3604=ORIENTED_EDGE('',*,*,#2882,.T.);
#3605=ORIENTED_EDGE('',*,*,#2883,.T.);
#3606=ORIENTED_EDGE('',*,*,#2856,.T.);
#3607=ORIENTED_EDGE('',*,*,#2844,.F.);
#3608=ORIENTED_EDGE('',*,*,#2884,.T.);
#3609=ORIENTED_EDGE('',*,*,#2885,.T.);
#3610=ORIENTED_EDGE('',*,*,#2886,.T.);
#3611=ORIENTED_EDGE('',*,*,#2880,.T.);
#3612=ORIENTED_EDGE('',*,*,#2877,.F.);
#3613=ORIENTED_EDGE('',*,*,#2887,.T.);
#3614=ORIENTED_EDGE('',*,*,#2875,.F.);
#3615=ORIENTED_EDGE('',*,*,#2873,.T.);
#3616=ORIENTED_EDGE('',*,*,#2870,.F.);
#3617=ORIENTED_EDGE('',*,*,#2888,.T.);
#3618=ORIENTED_EDGE('',*,*,#2868,.F.);
#3619=ORIENTED_EDGE('',*,*,#2866,.T.);
#3620=ORIENTED_EDGE('',*,*,#2889,.T.);
#3621=ORIENTED_EDGE('',*,*,#2890,.T.);
#3622=ORIENTED_EDGE('',*,*,#2891,.T.);
#3623=ORIENTED_EDGE('',*,*,#2892,.T.);
#3624=ORIENTED_EDGE('',*,*,#2893,.T.);
#3625=ORIENTED_EDGE('',*,*,#2894,.T.);
#3626=ORIENTED_EDGE('',*,*,#2841,.T.);
#3627=ORIENTED_EDGE('',*,*,#2838,.T.);
#3628=ORIENTED_EDGE('',*,*,#2835,.T.);
#3629=ORIENTED_EDGE('',*,*,#2895,.F.);
#3630=ORIENTED_EDGE('',*,*,#2896,.F.);
#3631=ORIENTED_EDGE('',*,*,#2897,.F.);
#3632=ORIENTED_EDGE('',*,*,#2885,.F.);
#3633=ORIENTED_EDGE('',*,*,#2898,.F.);
#3634=ORIENTED_EDGE('',*,*,#2858,.F.);
#3635=ORIENTED_EDGE('',*,*,#2899,.F.);
#3636=ORIENTED_EDGE('',*,*,#2900,.T.);
#3637=ORIENTED_EDGE('',*,*,#2847,.F.);
#3638=ORIENTED_EDGE('',*,*,#2859,.T.);
#3639=ORIENTED_EDGE('',*,*,#2898,.T.);
#3640=ORIENTED_EDGE('',*,*,#2901,.T.);
#3641=ORIENTED_EDGE('',*,*,#2895,.T.);
#3642=ORIENTED_EDGE('',*,*,#2884,.F.);
#3643=ORIENTED_EDGE('',*,*,#2899,.T.);
#3644=ORIENTED_EDGE('',*,*,#2857,.F.);
#3645=ORIENTED_EDGE('',*,*,#2883,.F.);
#3646=ORIENTED_EDGE('',*,*,#2902,.F.);
#3647=ORIENTED_EDGE('',*,*,#2902,.T.);
#3648=ORIENTED_EDGE('',*,*,#2882,.F.);
#3649=ORIENTED_EDGE('',*,*,#2903,.F.);
#3650=ORIENTED_EDGE('',*,*,#2896,.T.);
#3651=ORIENTED_EDGE('',*,*,#2901,.F.);
#3652=ORIENTED_EDGE('',*,*,#2900,.F.);
#3653=ORIENTED_EDGE('',*,*,#2837,.T.);
#3654=ORIENTED_EDGE('',*,*,#2840,.T.);
#3655=ORIENTED_EDGE('',*,*,#2843,.T.);
#3656=ORIENTED_EDGE('',*,*,#2897,.T.);
#3657=ORIENTED_EDGE('',*,*,#2903,.T.);
#3658=ORIENTED_EDGE('',*,*,#2881,.F.);
#3659=ORIENTED_EDGE('',*,*,#2886,.F.);
#3660=ORIENTED_EDGE('',*,*,#2894,.F.);
#3661=ORIENTED_EDGE('',*,*,#2904,.T.);
#3662=ORIENTED_EDGE('',*,*,#2865,.T.);
#3663=ORIENTED_EDGE('',*,*,#2904,.F.);
#3664=ORIENTED_EDGE('',*,*,#2893,.F.);
#3665=ORIENTED_EDGE('',*,*,#2905,.T.);
#3666=ORIENTED_EDGE('',*,*,#2864,.T.);
#3667=ORIENTED_EDGE('',*,*,#2905,.F.);
#3668=ORIENTED_EDGE('',*,*,#2892,.F.);
#3669=ORIENTED_EDGE('',*,*,#2906,.T.);
#3670=ORIENTED_EDGE('',*,*,#2863,.T.);
#3671=ORIENTED_EDGE('',*,*,#2906,.F.);
#3672=ORIENTED_EDGE('',*,*,#2891,.F.);
#3673=ORIENTED_EDGE('',*,*,#2907,.T.);
#3674=ORIENTED_EDGE('',*,*,#2862,.T.);
#3675=ORIENTED_EDGE('',*,*,#2907,.F.);
#3676=ORIENTED_EDGE('',*,*,#2890,.F.);
#3677=ORIENTED_EDGE('',*,*,#2908,.T.);
#3678=ORIENTED_EDGE('',*,*,#2861,.T.);
#3679=ORIENTED_EDGE('',*,*,#2908,.F.);
#3680=ORIENTED_EDGE('',*,*,#2889,.F.);
#3681=ORIENTED_EDGE('',*,*,#2909,.T.);
#3682=ORIENTED_EDGE('',*,*,#2860,.T.);
#3683=ORIENTED_EDGE('',*,*,#2909,.F.);
#3684=ORIENTED_EDGE('',*,*,#2869,.F.);
#3685=ORIENTED_EDGE('',*,*,#2888,.F.);
#3686=ORIENTED_EDGE('',*,*,#2872,.F.);
#3687=ORIENTED_EDGE('',*,*,#2850,.T.);
#3688=ORIENTED_EDGE('',*,*,#2876,.F.);
#3689=ORIENTED_EDGE('',*,*,#2887,.F.);
#3690=ORIENTED_EDGE('',*,*,#2879,.F.);
#3691=ORIENTED_EDGE('',*,*,#2854,.F.);
#3692=ORIENTED_EDGE('',*,*,#2910,.F.);
#3693=ORIENTED_EDGE('',*,*,#2911,.T.);
#3694=ORIENTED_EDGE('',*,*,#2912,.F.);
#3695=ORIENTED_EDGE('',*,*,#2911,.F.);
#3696=ORIENTED_EDGE('',*,*,#2913,.F.);
#3697=ORIENTED_EDGE('',*,*,#2914,.T.);
#3698=ORIENTED_EDGE('',*,*,#2915,.F.);
#3699=ORIENTED_EDGE('',*,*,#2916,.F.);
#3700=ORIENTED_EDGE('',*,*,#2917,.F.);
#3701=ORIENTED_EDGE('',*,*,#2918,.F.);
#3702=ORIENTED_EDGE('',*,*,#2919,.F.);
#3703=ORIENTED_EDGE('',*,*,#2914,.F.);
#3704=ORIENTED_EDGE('',*,*,#2920,.F.);
#3705=ORIENTED_EDGE('',*,*,#2921,.T.);
#3706=ORIENTED_EDGE('',*,*,#2922,.F.);
#3707=ORIENTED_EDGE('',*,*,#2921,.F.);
#3708=ORIENTED_EDGE('',*,*,#2923,.F.);
#3709=ORIENTED_EDGE('',*,*,#2924,.T.);
#3710=ORIENTED_EDGE('',*,*,#2925,.F.);
#3711=ORIENTED_EDGE('',*,*,#2924,.F.);
#3712=ORIENTED_EDGE('',*,*,#2926,.F.);
#3713=ORIENTED_EDGE('',*,*,#2927,.T.);
#3714=ORIENTED_EDGE('',*,*,#2928,.F.);
#3715=ORIENTED_EDGE('',*,*,#2929,.F.);
#3716=ORIENTED_EDGE('',*,*,#2930,.F.);
#3717=ORIENTED_EDGE('',*,*,#2931,.F.);
#3718=ORIENTED_EDGE('',*,*,#2932,.F.);
#3719=ORIENTED_EDGE('',*,*,#2927,.F.);
#3720=ORIENTED_EDGE('',*,*,#2933,.F.);
#3721=ORIENTED_EDGE('',*,*,#2934,.T.);
#3722=ORIENTED_EDGE('',*,*,#2935,.F.);
#3723=ORIENTED_EDGE('',*,*,#2934,.F.);
#3724=ORIENTED_EDGE('',*,*,#2916,.T.);
#3725=ORIENTED_EDGE('',*,*,#2936,.T.);
#3726=ORIENTED_EDGE('',*,*,#2937,.F.);
#3727=ORIENTED_EDGE('',*,*,#2938,.F.);
#3728=ORIENTED_EDGE('',*,*,#2939,.F.);
#3729=ORIENTED_EDGE('',*,*,#2940,.F.);
#3730=ORIENTED_EDGE('',*,*,#2931,.T.);
#3731=ORIENTED_EDGE('',*,*,#2941,.F.);
#3732=ORIENTED_EDGE('',*,*,#2942,.F.);
#3733=ORIENTED_EDGE('',*,*,#2943,.F.);
#3734=ORIENTED_EDGE('',*,*,#2944,.F.);
#3735=ORIENTED_EDGE('',*,*,#2945,.T.);
#3736=ORIENTED_EDGE('',*,*,#2917,.T.);
#3737=ORIENTED_EDGE('',*,*,#2940,.T.);
#3738=ORIENTED_EDGE('',*,*,#2946,.T.);
#3739=ORIENTED_EDGE('',*,*,#2947,.F.);
#3740=ORIENTED_EDGE('',*,*,#2948,.T.);
#3741=ORIENTED_EDGE('',*,*,#2941,.T.);
#3742=ORIENTED_EDGE('',*,*,#2930,.T.);
#3743=ORIENTED_EDGE('',*,*,#2949,.T.);
#3744=ORIENTED_EDGE('',*,*,#2935,.T.);
#3745=ORIENTED_EDGE('',*,*,#2925,.T.);
#3746=ORIENTED_EDGE('',*,*,#2922,.T.);
#3747=ORIENTED_EDGE('',*,*,#2912,.T.);
#3748=ORIENTED_EDGE('',*,*,#2950,.F.);
#3749=ORIENTED_EDGE('',*,*,#2951,.T.);
#3750=ORIENTED_EDGE('',*,*,#2952,.F.);
#3751=ORIENTED_EDGE('',*,*,#2951,.F.);
#3752=ORIENTED_EDGE('',*,*,#2953,.F.);
#3753=ORIENTED_EDGE('',*,*,#2954,.T.);
#3754=ORIENTED_EDGE('',*,*,#2955,.F.);
#3755=ORIENTED_EDGE('',*,*,#2954,.F.);
#3756=ORIENTED_EDGE('',*,*,#2915,.T.);
#3757=ORIENTED_EDGE('',*,*,#2919,.T.);
#3758=ORIENTED_EDGE('',*,*,#2956,.F.);
#3759=ORIENTED_EDGE('',*,*,#2928,.T.);
#3760=ORIENTED_EDGE('',*,*,#2932,.T.);
#3761=ORIENTED_EDGE('',*,*,#2945,.F.);
#3762=ORIENTED_EDGE('',*,*,#2957,.F.);
#3763=ORIENTED_EDGE('',*,*,#2958,.T.);
#3764=ORIENTED_EDGE('',*,*,#2959,.F.);
#3765=ORIENTED_EDGE('',*,*,#2936,.F.);
#3766=ORIENTED_EDGE('',*,*,#2952,.T.);
#3767=ORIENTED_EDGE('',*,*,#2955,.T.);
#3768=ORIENTED_EDGE('',*,*,#2960,.F.);
#3769=ORIENTED_EDGE('',*,*,#2958,.F.);
#3770=ORIENTED_EDGE('',*,*,#2961,.F.);
#3771=ORIENTED_EDGE('',*,*,#2962,.F.);
#3772=ORIENTED_EDGE('',*,*,#2918,.T.);
#3773=ORIENTED_EDGE('',*,*,#2949,.F.);
#3774=ORIENTED_EDGE('',*,*,#2929,.T.);
#3775=ORIENTED_EDGE('',*,*,#2956,.T.);
#3776=ORIENTED_EDGE('',*,*,#2937,.T.);
#3777=ORIENTED_EDGE('',*,*,#2959,.T.);
#3778=ORIENTED_EDGE('',*,*,#2960,.T.);
#3779=ORIENTED_EDGE('',*,*,#2963,.F.);
#3780=ORIENTED_EDGE('',*,*,#2964,.F.);
#3781=ORIENTED_EDGE('',*,*,#2965,.F.);
#3782=ORIENTED_EDGE('',*,*,#2962,.T.);
#3783=ORIENTED_EDGE('',*,*,#2966,.T.);
#3784=ORIENTED_EDGE('',*,*,#2967,.T.);
#3785=ORIENTED_EDGE('',*,*,#2963,.T.);
#3786=ORIENTED_EDGE('',*,*,#2953,.T.);
#3787=ORIENTED_EDGE('',*,*,#2950,.T.);
#3788=ORIENTED_EDGE('',*,*,#2933,.T.);
#3789=ORIENTED_EDGE('',*,*,#2926,.T.);
#3790=ORIENTED_EDGE('',*,*,#2923,.T.);
#3791=ORIENTED_EDGE('',*,*,#2920,.T.);
#3792=ORIENTED_EDGE('',*,*,#2913,.T.);
#3793=ORIENTED_EDGE('',*,*,#2910,.T.);
#3794=ORIENTED_EDGE('',*,*,#2942,.T.);
#3795=ORIENTED_EDGE('',*,*,#2948,.F.);
#3796=ORIENTED_EDGE('',*,*,#2968,.F.);
#3797=ORIENTED_EDGE('',*,*,#2969,.F.);
#3798=ORIENTED_EDGE('',*,*,#2943,.T.);
#3799=ORIENTED_EDGE('',*,*,#2969,.T.);
#3800=ORIENTED_EDGE('',*,*,#2970,.F.);
#3801=ORIENTED_EDGE('',*,*,#2971,.F.);
#3802=ORIENTED_EDGE('',*,*,#2939,.T.);
#3803=ORIENTED_EDGE('',*,*,#2972,.T.);
#3804=ORIENTED_EDGE('',*,*,#2973,.F.);
#3805=ORIENTED_EDGE('',*,*,#2946,.F.);
#3806=ORIENTED_EDGE('',*,*,#2938,.T.);
#3807=ORIENTED_EDGE('',*,*,#2965,.T.);
#3808=ORIENTED_EDGE('',*,*,#2974,.F.);
#3809=ORIENTED_EDGE('',*,*,#2972,.F.);
#3810=ORIENTED_EDGE('',*,*,#2944,.T.);
#3811=ORIENTED_EDGE('',*,*,#2971,.T.);
#3812=ORIENTED_EDGE('',*,*,#2975,.F.);
#3813=ORIENTED_EDGE('',*,*,#2966,.F.);
#3814=ORIENTED_EDGE('',*,*,#2961,.T.);
#3815=ORIENTED_EDGE('',*,*,#2957,.T.);
#3816=ORIENTED_EDGE('',*,*,#2964,.T.);
#3817=ORIENTED_EDGE('',*,*,#2967,.F.);
#3818=ORIENTED_EDGE('',*,*,#2975,.T.);
#3819=ORIENTED_EDGE('',*,*,#2970,.T.);
#3820=ORIENTED_EDGE('',*,*,#2968,.T.);
#3821=ORIENTED_EDGE('',*,*,#2947,.T.);
#3822=ORIENTED_EDGE('',*,*,#2973,.T.);
#3823=ORIENTED_EDGE('',*,*,#2974,.T.);
#3824=ORIENTED_EDGE('',*,*,#2976,.F.);
#3825=ORIENTED_EDGE('',*,*,#2977,.T.);
#3826=ORIENTED_EDGE('',*,*,#2978,.F.);
#3827=ORIENTED_EDGE('',*,*,#2977,.F.);
#3828=ORIENTED_EDGE('',*,*,#2979,.F.);
#3829=ORIENTED_EDGE('',*,*,#2980,.T.);
#3830=ORIENTED_EDGE('',*,*,#2981,.F.);
#3831=ORIENTED_EDGE('',*,*,#2980,.F.);
#3832=ORIENTED_EDGE('',*,*,#2982,.F.);
#3833=ORIENTED_EDGE('',*,*,#2983,.T.);
#3834=ORIENTED_EDGE('',*,*,#2984,.F.);
#3835=ORIENTED_EDGE('',*,*,#2983,.F.);
#3836=ORIENTED_EDGE('',*,*,#2985,.F.);
#3837=ORIENTED_EDGE('',*,*,#2986,.T.);
#3838=ORIENTED_EDGE('',*,*,#2987,.F.);
#3839=ORIENTED_EDGE('',*,*,#2986,.F.);
#3840=ORIENTED_EDGE('',*,*,#2988,.T.);
#3841=ORIENTED_EDGE('',*,*,#2989,.T.);
#3842=ORIENTED_EDGE('',*,*,#2990,.T.);
#3843=ORIENTED_EDGE('',*,*,#2991,.T.);
#3844=ORIENTED_EDGE('',*,*,#2990,.F.);
#3845=ORIENTED_EDGE('',*,*,#2992,.F.);
#3846=ORIENTED_EDGE('',*,*,#2993,.F.);
#3847=ORIENTED_EDGE('',*,*,#2994,.T.);
#3848=ORIENTED_EDGE('',*,*,#2995,.F.);
#3849=ORIENTED_EDGE('',*,*,#2996,.T.);
#3850=ORIENTED_EDGE('',*,*,#2997,.F.);
#3851=ORIENTED_EDGE('',*,*,#2998,.F.);
#3852=ORIENTED_EDGE('',*,*,#2999,.F.);
#3853=ORIENTED_EDGE('',*,*,#3000,.F.);
#3854=ORIENTED_EDGE('',*,*,#3001,.T.);
#3855=ORIENTED_EDGE('',*,*,#3002,.T.);
#3856=ORIENTED_EDGE('',*,*,#3003,.F.);
#3857=ORIENTED_EDGE('',*,*,#2985,.T.);
#3858=ORIENTED_EDGE('',*,*,#3004,.F.);
#3859=ORIENTED_EDGE('',*,*,#3005,.F.);
#3860=ORIENTED_EDGE('',*,*,#3006,.F.);
#3861=ORIENTED_EDGE('',*,*,#3007,.F.);
#3862=ORIENTED_EDGE('',*,*,#3008,.F.);
#3863=ORIENTED_EDGE('',*,*,#3009,.F.);
#3864=ORIENTED_EDGE('',*,*,#2989,.F.);
#3865=ORIENTED_EDGE('',*,*,#3010,.F.);
#3866=ORIENTED_EDGE('',*,*,#3011,.F.);
#3867=ORIENTED_EDGE('',*,*,#2992,.T.);
#3868=ORIENTED_EDGE('',*,*,#2993,.T.);
#3869=ORIENTED_EDGE('',*,*,#3011,.T.);
#3870=ORIENTED_EDGE('',*,*,#3012,.T.);
#3871=ORIENTED_EDGE('',*,*,#3013,.T.);
#3872=ORIENTED_EDGE('',*,*,#3014,.T.);
#3873=ORIENTED_EDGE('',*,*,#3015,.T.);
#3874=ORIENTED_EDGE('',*,*,#2995,.T.);
#3875=ORIENTED_EDGE('',*,*,#3016,.T.);
#3876=ORIENTED_EDGE('',*,*,#3015,.F.);
#3877=ORIENTED_EDGE('',*,*,#3017,.F.);
#3878=ORIENTED_EDGE('',*,*,#3018,.F.);
#3879=ORIENTED_EDGE('',*,*,#2996,.F.);
#3880=ORIENTED_EDGE('',*,*,#2997,.T.);
#3881=ORIENTED_EDGE('',*,*,#3018,.T.);
#3882=ORIENTED_EDGE('',*,*,#3019,.T.);
#3883=ORIENTED_EDGE('',*,*,#3020,.T.);
#3884=ORIENTED_EDGE('',*,*,#3021,.T.);
#3885=ORIENTED_EDGE('',*,*,#3022,.T.);
#3886=ORIENTED_EDGE('',*,*,#2999,.T.);
#3887=ORIENTED_EDGE('',*,*,#3023,.T.);
#3888=ORIENTED_EDGE('',*,*,#3022,.F.);
#3889=ORIENTED_EDGE('',*,*,#3024,.F.);
#3890=ORIENTED_EDGE('',*,*,#3025,.T.);
#3891=ORIENTED_EDGE('',*,*,#3026,.T.);
#3892=ORIENTED_EDGE('',*,*,#3027,.T.);
#3893=ORIENTED_EDGE('',*,*,#3000,.T.);
#3894=ORIENTED_EDGE('',*,*,#2988,.F.);
#3895=ORIENTED_EDGE('',*,*,#3028,.T.);
#3896=ORIENTED_EDGE('',*,*,#3029,.T.);
#3897=ORIENTED_EDGE('',*,*,#3030,.T.);
#3898=ORIENTED_EDGE('',*,*,#3024,.T.);
#3899=ORIENTED_EDGE('',*,*,#3021,.F.);
#3900=ORIENTED_EDGE('',*,*,#3031,.T.);
#3901=ORIENTED_EDGE('',*,*,#3019,.F.);
#3902=ORIENTED_EDGE('',*,*,#3017,.T.);
#3903=ORIENTED_EDGE('',*,*,#3014,.F.);
#3904=ORIENTED_EDGE('',*,*,#3032,.T.);
#3905=ORIENTED_EDGE('',*,*,#3012,.F.);
#3906=ORIENTED_EDGE('',*,*,#3010,.T.);
#3907=ORIENTED_EDGE('',*,*,#3033,.T.);
#3908=ORIENTED_EDGE('',*,*,#3034,.T.);
#3909=ORIENTED_EDGE('',*,*,#3035,.T.);
#3910=ORIENTED_EDGE('',*,*,#3036,.T.);
#3911=ORIENTED_EDGE('',*,*,#3037,.T.);
#3912=ORIENTED_EDGE('',*,*,#3038,.T.);
#3913=ORIENTED_EDGE('',*,*,#2987,.T.);
#3914=ORIENTED_EDGE('',*,*,#2982,.T.);
#3915=ORIENTED_EDGE('',*,*,#2979,.T.);
#3916=ORIENTED_EDGE('',*,*,#2976,.T.);
#3917=ORIENTED_EDGE('',*,*,#3039,.F.);
#3918=ORIENTED_EDGE('',*,*,#3001,.F.);
#3919=ORIENTED_EDGE('',*,*,#3027,.F.);
#3920=ORIENTED_EDGE('',*,*,#3040,.T.);
#3921=ORIENTED_EDGE('',*,*,#3041,.F.);
#3922=ORIENTED_EDGE('',*,*,#3042,.F.);
#3923=ORIENTED_EDGE('',*,*,#3025,.F.);
#3924=ORIENTED_EDGE('',*,*,#3030,.F.);
#3925=ORIENTED_EDGE('',*,*,#3041,.T.);
#3926=ORIENTED_EDGE('',*,*,#3029,.F.);
#3927=ORIENTED_EDGE('',*,*,#3043,.F.);
#3928=ORIENTED_EDGE('',*,*,#3044,.F.);
#3929=ORIENTED_EDGE('',*,*,#3044,.T.);
#3930=ORIENTED_EDGE('',*,*,#3045,.F.);
#3931=ORIENTED_EDGE('',*,*,#3046,.F.);
#3932=ORIENTED_EDGE('',*,*,#3040,.F.);
#3933=ORIENTED_EDGE('',*,*,#3026,.F.);
#3934=ORIENTED_EDGE('',*,*,#3042,.T.);
#3935=ORIENTED_EDGE('',*,*,#2978,.T.);
#3936=ORIENTED_EDGE('',*,*,#2981,.T.);
#3937=ORIENTED_EDGE('',*,*,#2984,.T.);
#3938=ORIENTED_EDGE('',*,*,#3039,.T.);
#3939=ORIENTED_EDGE('',*,*,#3046,.T.);
#3940=ORIENTED_EDGE('',*,*,#3047,.F.);
#3941=ORIENTED_EDGE('',*,*,#3002,.F.);
#3942=ORIENTED_EDGE('',*,*,#3020,.F.);
#3943=ORIENTED_EDGE('',*,*,#3031,.F.);
#3944=ORIENTED_EDGE('',*,*,#3023,.F.);
#3945=ORIENTED_EDGE('',*,*,#2998,.T.);
#3946=ORIENTED_EDGE('',*,*,#3013,.F.);
#3947=ORIENTED_EDGE('',*,*,#3032,.F.);
#3948=ORIENTED_EDGE('',*,*,#3016,.F.);
#3949=ORIENTED_EDGE('',*,*,#2994,.F.);
#3950=ORIENTED_EDGE('',*,*,#3033,.F.);
#3951=ORIENTED_EDGE('',*,*,#3048,.T.);
#3952=ORIENTED_EDGE('',*,*,#3004,.T.);
#3953=ORIENTED_EDGE('',*,*,#3048,.F.);
#3954=ORIENTED_EDGE('',*,*,#3034,.F.);
#3955=ORIENTED_EDGE('',*,*,#3049,.T.);
#3956=ORIENTED_EDGE('',*,*,#3005,.T.);
#3957=ORIENTED_EDGE('',*,*,#3049,.F.);
#3958=ORIENTED_EDGE('',*,*,#3035,.F.);
#3959=ORIENTED_EDGE('',*,*,#3050,.T.);
#3960=ORIENTED_EDGE('',*,*,#3006,.T.);
#3961=ORIENTED_EDGE('',*,*,#3050,.F.);
#3962=ORIENTED_EDGE('',*,*,#3036,.F.);
#3963=ORIENTED_EDGE('',*,*,#3051,.T.);
#3964=ORIENTED_EDGE('',*,*,#3007,.T.);
#3965=ORIENTED_EDGE('',*,*,#3051,.F.);
#3966=ORIENTED_EDGE('',*,*,#3037,.F.);
#3967=ORIENTED_EDGE('',*,*,#3052,.T.);
#3968=ORIENTED_EDGE('',*,*,#3008,.T.);
#3969=ORIENTED_EDGE('',*,*,#3052,.F.);
#3970=ORIENTED_EDGE('',*,*,#3038,.F.);
#3971=ORIENTED_EDGE('',*,*,#3053,.T.);
#3972=ORIENTED_EDGE('',*,*,#3009,.T.);
#3973=ORIENTED_EDGE('',*,*,#3053,.F.);
#3974=ORIENTED_EDGE('',*,*,#2991,.F.);
#3975=ORIENTED_EDGE('',*,*,#3003,.T.);
#3976=ORIENTED_EDGE('',*,*,#3047,.T.);
#3977=ORIENTED_EDGE('',*,*,#3045,.T.);
#3978=ORIENTED_EDGE('',*,*,#3043,.T.);
#3979=ORIENTED_EDGE('',*,*,#3028,.F.);
#3980=ORIENTED_EDGE('',*,*,#3054,.F.);
#3981=ORIENTED_EDGE('',*,*,#3055,.T.);
#3982=ORIENTED_EDGE('',*,*,#3056,.F.);
#3983=ORIENTED_EDGE('',*,*,#3055,.F.);
#3984=ORIENTED_EDGE('',*,*,#3057,.F.);
#3985=ORIENTED_EDGE('',*,*,#3058,.F.);
#3986=ORIENTED_EDGE('',*,*,#3059,.F.);
#3987=ORIENTED_EDGE('',*,*,#3060,.F.);
#3988=ORIENTED_EDGE('',*,*,#3061,.F.);
#3989=ORIENTED_EDGE('',*,*,#3062,.T.);
#3990=ORIENTED_EDGE('',*,*,#3063,.F.);
#3991=ORIENTED_EDGE('',*,*,#3062,.F.);
#3992=ORIENTED_EDGE('',*,*,#3058,.T.);
#3993=ORIENTED_EDGE('',*,*,#3064,.F.);
#3994=ORIENTED_EDGE('',*,*,#3065,.T.);
#3995=ORIENTED_EDGE('',*,*,#3066,.T.);
#3996=ORIENTED_EDGE('',*,*,#3067,.T.);
#3997=ORIENTED_EDGE('',*,*,#3068,.F.);
#3998=ORIENTED_EDGE('',*,*,#3069,.T.);
#3999=ORIENTED_EDGE('',*,*,#3070,.T.);
#4000=ORIENTED_EDGE('',*,*,#3059,.T.);
#4001=ORIENTED_EDGE('',*,*,#3070,.F.);
#4002=ORIENTED_EDGE('',*,*,#3071,.T.);
#4003=ORIENTED_EDGE('',*,*,#3072,.F.);
#4004=ORIENTED_EDGE('',*,*,#3073,.F.);
#4005=ORIENTED_EDGE('',*,*,#3074,.F.);
#4006=ORIENTED_EDGE('',*,*,#3061,.T.);
#4007=ORIENTED_EDGE('',*,*,#3054,.T.);
#4008=ORIENTED_EDGE('',*,*,#3075,.F.);
#4009=ORIENTED_EDGE('',*,*,#3076,.T.);
#4010=ORIENTED_EDGE('',*,*,#3077,.F.);
#4011=ORIENTED_EDGE('',*,*,#3076,.F.);
#4012=ORIENTED_EDGE('',*,*,#3078,.F.);
#4013=ORIENTED_EDGE('',*,*,#3079,.F.);
#4014=ORIENTED_EDGE('',*,*,#3080,.F.);
#4015=ORIENTED_EDGE('',*,*,#3065,.F.);
#4016=ORIENTED_EDGE('',*,*,#3081,.F.);
#4017=ORIENTED_EDGE('',*,*,#3082,.T.);
#4018=ORIENTED_EDGE('',*,*,#3083,.F.);
#4019=ORIENTED_EDGE('',*,*,#3082,.F.);
#4020=ORIENTED_EDGE('',*,*,#3079,.T.);
#4021=ORIENTED_EDGE('',*,*,#3084,.F.);
#4022=ORIENTED_EDGE('',*,*,#3085,.T.);
#4023=ORIENTED_EDGE('',*,*,#3086,.T.);
#4024=ORIENTED_EDGE('',*,*,#3080,.T.);
#4025=ORIENTED_EDGE('',*,*,#3086,.F.);
#4026=ORIENTED_EDGE('',*,*,#3087,.T.);
#4027=ORIENTED_EDGE('',*,*,#3088,.F.);
#4028=ORIENTED_EDGE('',*,*,#3089,.F.);
#4029=ORIENTED_EDGE('',*,*,#3066,.F.);
#4030=ORIENTED_EDGE('',*,*,#3081,.T.);
#4031=ORIENTED_EDGE('',*,*,#3075,.T.);
#4032=ORIENTED_EDGE('',*,*,#3090,.F.);
#4033=ORIENTED_EDGE('',*,*,#3087,.F.);
#4034=ORIENTED_EDGE('',*,*,#3085,.F.);
#4035=ORIENTED_EDGE('',*,*,#3091,.F.);
#4036=ORIENTED_EDGE('',*,*,#3092,.F.);
#4037=ORIENTED_EDGE('',*,*,#3093,.F.);
#4038=ORIENTED_EDGE('',*,*,#3094,.F.);
#4039=ORIENTED_EDGE('',*,*,#3095,.F.);
#4040=ORIENTED_EDGE('',*,*,#3067,.F.);
#4041=ORIENTED_EDGE('',*,*,#3089,.T.);
#4042=ORIENTED_EDGE('',*,*,#3096,.F.);
#4043=ORIENTED_EDGE('',*,*,#3097,.F.);
#4044=ORIENTED_EDGE('',*,*,#3098,.F.);
#4045=ORIENTED_EDGE('',*,*,#3073,.T.);
#4046=ORIENTED_EDGE('',*,*,#3069,.F.);
#4047=ORIENTED_EDGE('',*,*,#3099,.F.);
#4048=ORIENTED_EDGE('',*,*,#3100,.F.);
#4049=ORIENTED_EDGE('',*,*,#3101,.F.);
#4050=ORIENTED_EDGE('',*,*,#3102,.F.);
#4051=ORIENTED_EDGE('',*,*,#3071,.F.);
#4052=ORIENTED_EDGE('',*,*,#3057,.T.);
#4053=ORIENTED_EDGE('',*,*,#3103,.T.);
#4054=ORIENTED_EDGE('',*,*,#3097,.T.);
#4055=ORIENTED_EDGE('',*,*,#3104,.F.);
#4056=ORIENTED_EDGE('',*,*,#3091,.T.);
#4057=ORIENTED_EDGE('',*,*,#3084,.T.);
#4058=ORIENTED_EDGE('',*,*,#3078,.T.);
#4059=ORIENTED_EDGE('',*,*,#3064,.T.);
#4060=ORIENTED_EDGE('',*,*,#3056,.T.);
#4061=ORIENTED_EDGE('',*,*,#3063,.T.);
#4062=ORIENTED_EDGE('',*,*,#3077,.T.);
#4063=ORIENTED_EDGE('',*,*,#3083,.T.);
#4064=ORIENTED_EDGE('',*,*,#3090,.T.);
#4065=ORIENTED_EDGE('',*,*,#3104,.T.);
#4066=ORIENTED_EDGE('',*,*,#3096,.T.);
#4067=ORIENTED_EDGE('',*,*,#3072,.T.);
#4068=ORIENTED_EDGE('',*,*,#3102,.T.);
#4069=ORIENTED_EDGE('',*,*,#3105,.F.);
#4070=ORIENTED_EDGE('',*,*,#3092,.T.);
#4071=ORIENTED_EDGE('',*,*,#3088,.T.);
#4072=ORIENTED_EDGE('',*,*,#3093,.T.);
#4073=ORIENTED_EDGE('',*,*,#3105,.T.);
#4074=ORIENTED_EDGE('',*,*,#3101,.T.);
#4075=ORIENTED_EDGE('',*,*,#3106,.T.);
#4076=ORIENTED_EDGE('',*,*,#3060,.T.);
#4077=ORIENTED_EDGE('',*,*,#3074,.T.);
#4078=ORIENTED_EDGE('',*,*,#3098,.T.);
#4079=ORIENTED_EDGE('',*,*,#3103,.F.);
#4080=ORIENTED_EDGE('',*,*,#3094,.T.);
#4081=ORIENTED_EDGE('',*,*,#3106,.F.);
#4082=ORIENTED_EDGE('',*,*,#3100,.T.);
#4083=ORIENTED_EDGE('',*,*,#3107,.T.);
#4084=ORIENTED_EDGE('',*,*,#3095,.T.);
#4085=ORIENTED_EDGE('',*,*,#3107,.F.);
#4086=ORIENTED_EDGE('',*,*,#3099,.T.);
#4087=ORIENTED_EDGE('',*,*,#3068,.T.);
#4088=ORIENTED_EDGE('',*,*,#3108,.F.);
#4089=ORIENTED_EDGE('',*,*,#3109,.T.);
#4090=ORIENTED_EDGE('',*,*,#3110,.F.);
#4091=ORIENTED_EDGE('',*,*,#3109,.F.);
#4092=ORIENTED_EDGE('',*,*,#3111,.F.);
#4093=ORIENTED_EDGE('',*,*,#3112,.T.);
#4094=ORIENTED_EDGE('',*,*,#3113,.F.);
#4095=ORIENTED_EDGE('',*,*,#3112,.F.);
#4096=ORIENTED_EDGE('',*,*,#3114,.F.);
#4097=ORIENTED_EDGE('',*,*,#3115,.T.);
#4098=ORIENTED_EDGE('',*,*,#3116,.F.);
#4099=ORIENTED_EDGE('',*,*,#3115,.F.);
#4100=ORIENTED_EDGE('',*,*,#3117,.T.);
#4101=ORIENTED_EDGE('',*,*,#3118,.T.);
#4102=ORIENTED_EDGE('',*,*,#3119,.T.);
#4103=ORIENTED_EDGE('',*,*,#3120,.T.);
#4104=ORIENTED_EDGE('',*,*,#3119,.F.);
#4105=ORIENTED_EDGE('',*,*,#3121,.F.);
#4106=ORIENTED_EDGE('',*,*,#3122,.F.);
#4107=ORIENTED_EDGE('',*,*,#3123,.T.);
#4108=ORIENTED_EDGE('',*,*,#3124,.F.);
#4109=ORIENTED_EDGE('',*,*,#3125,.T.);
#4110=ORIENTED_EDGE('',*,*,#3126,.F.);
#4111=ORIENTED_EDGE('',*,*,#3127,.F.);
#4112=ORIENTED_EDGE('',*,*,#3128,.F.);
#4113=ORIENTED_EDGE('',*,*,#3129,.F.);
#4114=ORIENTED_EDGE('',*,*,#3130,.T.);
#4115=ORIENTED_EDGE('',*,*,#3131,.T.);
#4116=ORIENTED_EDGE('',*,*,#3132,.F.);
#4117=ORIENTED_EDGE('',*,*,#3133,.F.);
#4118=ORIENTED_EDGE('',*,*,#3134,.F.);
#4119=ORIENTED_EDGE('',*,*,#3135,.F.);
#4120=ORIENTED_EDGE('',*,*,#3136,.F.);
#4121=ORIENTED_EDGE('',*,*,#3137,.F.);
#4122=ORIENTED_EDGE('',*,*,#3138,.F.);
#4123=ORIENTED_EDGE('',*,*,#3118,.F.);
#4124=ORIENTED_EDGE('',*,*,#3139,.F.);
#4125=ORIENTED_EDGE('',*,*,#3140,.F.);
#4126=ORIENTED_EDGE('',*,*,#3121,.T.);
#4127=ORIENTED_EDGE('',*,*,#3122,.T.);
#4128=ORIENTED_EDGE('',*,*,#3140,.T.);
#4129=ORIENTED_EDGE('',*,*,#3141,.T.);
#4130=ORIENTED_EDGE('',*,*,#3142,.T.);
#4131=ORIENTED_EDGE('',*,*,#3143,.T.);
#4132=ORIENTED_EDGE('',*,*,#3144,.T.);
#4133=ORIENTED_EDGE('',*,*,#3124,.T.);
#4134=ORIENTED_EDGE('',*,*,#3145,.T.);
#4135=ORIENTED_EDGE('',*,*,#3144,.F.);
#4136=ORIENTED_EDGE('',*,*,#3146,.F.);
#4137=ORIENTED_EDGE('',*,*,#3147,.F.);
#4138=ORIENTED_EDGE('',*,*,#3125,.F.);
#4139=ORIENTED_EDGE('',*,*,#3126,.T.);
#4140=ORIENTED_EDGE('',*,*,#3147,.T.);
#4141=ORIENTED_EDGE('',*,*,#3148,.T.);
#4142=ORIENTED_EDGE('',*,*,#3149,.T.);
#4143=ORIENTED_EDGE('',*,*,#3150,.T.);
#4144=ORIENTED_EDGE('',*,*,#3151,.T.);
#4145=ORIENTED_EDGE('',*,*,#3128,.T.);
#4146=ORIENTED_EDGE('',*,*,#3152,.T.);
#4147=ORIENTED_EDGE('',*,*,#3117,.F.);
#4148=ORIENTED_EDGE('',*,*,#3153,.T.);
#4149=ORIENTED_EDGE('',*,*,#3154,.T.);
#4150=ORIENTED_EDGE('',*,*,#3155,.T.);
#4151=ORIENTED_EDGE('',*,*,#3156,.T.);
#4152=ORIENTED_EDGE('',*,*,#3150,.F.);
#4153=ORIENTED_EDGE('',*,*,#3157,.T.);
#4154=ORIENTED_EDGE('',*,*,#3148,.F.);
#4155=ORIENTED_EDGE('',*,*,#3146,.T.);
#4156=ORIENTED_EDGE('',*,*,#3143,.F.);
#4157=ORIENTED_EDGE('',*,*,#3158,.T.);
#4158=ORIENTED_EDGE('',*,*,#3141,.F.);
#4159=ORIENTED_EDGE('',*,*,#3139,.T.);
#4160=ORIENTED_EDGE('',*,*,#3159,.T.);
#4161=ORIENTED_EDGE('',*,*,#3160,.T.);
#4162=ORIENTED_EDGE('',*,*,#3161,.T.);
#4163=ORIENTED_EDGE('',*,*,#3162,.T.);
#4164=ORIENTED_EDGE('',*,*,#3163,.T.);
#4165=ORIENTED_EDGE('',*,*,#3164,.T.);
#4166=ORIENTED_EDGE('',*,*,#3114,.T.);
#4167=ORIENTED_EDGE('',*,*,#3111,.T.);
#4168=ORIENTED_EDGE('',*,*,#3108,.T.);
#4169=ORIENTED_EDGE('',*,*,#3149,.F.);
#4170=ORIENTED_EDGE('',*,*,#3157,.F.);
#4171=ORIENTED_EDGE('',*,*,#3152,.F.);
#4172=ORIENTED_EDGE('',*,*,#3127,.T.);
#4173=ORIENTED_EDGE('',*,*,#3142,.F.);
#4174=ORIENTED_EDGE('',*,*,#3158,.F.);
#4175=ORIENTED_EDGE('',*,*,#3145,.F.);
#4176=ORIENTED_EDGE('',*,*,#3123,.F.);
#4177=ORIENTED_EDGE('',*,*,#3120,.F.);
#4178=ORIENTED_EDGE('',*,*,#3132,.T.);
#4179=ORIENTED_EDGE('',*,*,#3165,.T.);
#4180=ORIENTED_EDGE('',*,*,#3166,.T.);
#4181=ORIENTED_EDGE('',*,*,#3167,.T.);
#4182=ORIENTED_EDGE('',*,*,#3153,.F.);
#4183=ORIENTED_EDGE('',*,*,#3159,.F.);
#4184=ORIENTED_EDGE('',*,*,#3168,.T.);
#4185=ORIENTED_EDGE('',*,*,#3133,.T.);
#4186=ORIENTED_EDGE('',*,*,#3168,.F.);
#4187=ORIENTED_EDGE('',*,*,#3160,.F.);
#4188=ORIENTED_EDGE('',*,*,#3169,.T.);
#4189=ORIENTED_EDGE('',*,*,#3134,.T.);
#4190=ORIENTED_EDGE('',*,*,#3169,.F.);
#4191=ORIENTED_EDGE('',*,*,#3161,.F.);
#4192=ORIENTED_EDGE('',*,*,#3170,.T.);
#4193=ORIENTED_EDGE('',*,*,#3135,.T.);
#4194=ORIENTED_EDGE('',*,*,#3170,.F.);
#4195=ORIENTED_EDGE('',*,*,#3162,.F.);
#4196=ORIENTED_EDGE('',*,*,#3171,.T.);
#4197=ORIENTED_EDGE('',*,*,#3136,.T.);
#4198=ORIENTED_EDGE('',*,*,#3171,.F.);
#4199=ORIENTED_EDGE('',*,*,#3163,.F.);
#4200=ORIENTED_EDGE('',*,*,#3172,.T.);
#4201=ORIENTED_EDGE('',*,*,#3137,.T.);
#4202=ORIENTED_EDGE('',*,*,#3172,.F.);
#4203=ORIENTED_EDGE('',*,*,#3164,.F.);
#4204=ORIENTED_EDGE('',*,*,#3173,.T.);
#4205=ORIENTED_EDGE('',*,*,#3138,.T.);
#4206=ORIENTED_EDGE('',*,*,#3173,.F.);
#4207=ORIENTED_EDGE('',*,*,#3174,.F.);
#4208=ORIENTED_EDGE('',*,*,#3166,.F.);
#4209=ORIENTED_EDGE('',*,*,#3175,.T.);
#4210=ORIENTED_EDGE('',*,*,#3176,.T.);
#4211=ORIENTED_EDGE('',*,*,#3177,.F.);
#4212=ORIENTED_EDGE('',*,*,#3178,.T.);
#4213=ORIENTED_EDGE('',*,*,#3110,.T.);
#4214=ORIENTED_EDGE('',*,*,#3113,.T.);
#4215=ORIENTED_EDGE('',*,*,#3116,.T.);
#4216=ORIENTED_EDGE('',*,*,#3179,.T.);
#4217=ORIENTED_EDGE('',*,*,#3154,.F.);
#4218=ORIENTED_EDGE('',*,*,#3167,.F.);
#4219=ORIENTED_EDGE('',*,*,#3174,.T.);
#4220=ORIENTED_EDGE('',*,*,#3180,.T.);
#4221=ORIENTED_EDGE('',*,*,#3175,.F.);
#4222=ORIENTED_EDGE('',*,*,#3165,.F.);
#4223=ORIENTED_EDGE('',*,*,#3131,.F.);
#4224=ORIENTED_EDGE('',*,*,#3151,.F.);
#4225=ORIENTED_EDGE('',*,*,#3156,.F.);
#4226=ORIENTED_EDGE('',*,*,#3181,.T.);
#4227=ORIENTED_EDGE('',*,*,#3177,.T.);
#4228=ORIENTED_EDGE('',*,*,#3182,.T.);
#4229=ORIENTED_EDGE('',*,*,#3129,.T.);
#4230=ORIENTED_EDGE('',*,*,#3181,.F.);
#4231=ORIENTED_EDGE('',*,*,#3155,.F.);
#4232=ORIENTED_EDGE('',*,*,#3179,.F.);
#4233=ORIENTED_EDGE('',*,*,#3178,.F.);
#4234=ORIENTED_EDGE('',*,*,#3182,.F.);
#4235=ORIENTED_EDGE('',*,*,#3176,.F.);
#4236=ORIENTED_EDGE('',*,*,#3180,.F.);
#4237=ORIENTED_EDGE('',*,*,#3130,.F.);
#4238=ORIENTED_EDGE('',*,*,#3183,.F.);
#4239=ORIENTED_EDGE('',*,*,#3184,.T.);
#4240=ORIENTED_EDGE('',*,*,#3185,.F.);
#4241=ORIENTED_EDGE('',*,*,#3184,.F.);
#4242=ORIENTED_EDGE('',*,*,#3186,.F.);
#4243=ORIENTED_EDGE('',*,*,#3187,.F.);
#4244=ORIENTED_EDGE('',*,*,#3188,.F.);
#4245=ORIENTED_EDGE('',*,*,#3189,.F.);
#4246=ORIENTED_EDGE('',*,*,#3190,.F.);
#4247=ORIENTED_EDGE('',*,*,#3191,.T.);
#4248=ORIENTED_EDGE('',*,*,#3192,.F.);
#4249=ORIENTED_EDGE('',*,*,#3191,.F.);
#4250=ORIENTED_EDGE('',*,*,#3193,.F.);
#4251=ORIENTED_EDGE('',*,*,#3194,.F.);
#4252=ORIENTED_EDGE('',*,*,#3195,.F.);
#4253=ORIENTED_EDGE('',*,*,#3196,.F.);
#4254=ORIENTED_EDGE('',*,*,#3197,.F.);
#4255=ORIENTED_EDGE('',*,*,#3198,.T.);
#4256=ORIENTED_EDGE('',*,*,#3199,.F.);
#4257=ORIENTED_EDGE('',*,*,#3198,.F.);
#4258=ORIENTED_EDGE('',*,*,#3200,.F.);
#4259=ORIENTED_EDGE('',*,*,#3201,.F.);
#4260=ORIENTED_EDGE('',*,*,#3202,.F.);
#4261=ORIENTED_EDGE('',*,*,#3203,.F.);
#4262=ORIENTED_EDGE('',*,*,#3204,.F.);
#4263=ORIENTED_EDGE('',*,*,#3205,.T.);
#4264=ORIENTED_EDGE('',*,*,#3206,.F.);
#4265=ORIENTED_EDGE('',*,*,#3205,.F.);
#4266=ORIENTED_EDGE('',*,*,#3207,.F.);
#4267=ORIENTED_EDGE('',*,*,#3208,.F.);
#4268=ORIENTED_EDGE('',*,*,#3209,.F.);
#4269=ORIENTED_EDGE('',*,*,#3210,.F.);
#4270=ORIENTED_EDGE('',*,*,#3187,.T.);
#4271=ORIENTED_EDGE('',*,*,#3211,.T.);
#4272=ORIENTED_EDGE('',*,*,#3212,.F.);
#4273=ORIENTED_EDGE('',*,*,#3213,.F.);
#4274=ORIENTED_EDGE('',*,*,#3214,.F.);
#4275=ORIENTED_EDGE('',*,*,#3215,.F.);
#4276=ORIENTED_EDGE('',*,*,#3203,.T.);
#4277=ORIENTED_EDGE('',*,*,#3216,.F.);
#4278=ORIENTED_EDGE('',*,*,#3217,.F.);
#4279=ORIENTED_EDGE('',*,*,#3218,.F.);
#4280=ORIENTED_EDGE('',*,*,#3219,.F.);
#4281=ORIENTED_EDGE('',*,*,#3220,.T.);
#4282=ORIENTED_EDGE('',*,*,#3194,.T.);
#4283=ORIENTED_EDGE('',*,*,#3221,.T.);
#4284=ORIENTED_EDGE('',*,*,#3222,.F.);
#4285=ORIENTED_EDGE('',*,*,#3223,.F.);
#4286=ORIENTED_EDGE('',*,*,#3224,.F.);
#4287=ORIENTED_EDGE('',*,*,#3225,.T.);
#4288=ORIENTED_EDGE('',*,*,#3208,.T.);
#4289=ORIENTED_EDGE('',*,*,#3226,.T.);
#4290=ORIENTED_EDGE('',*,*,#3227,.T.);
#4291=ORIENTED_EDGE('',*,*,#3228,.T.);
#4292=ORIENTED_EDGE('',*,*,#3209,.T.);
#4293=ORIENTED_EDGE('',*,*,#3225,.F.);
#4294=ORIENTED_EDGE('',*,*,#3229,.F.);
#4295=ORIENTED_EDGE('',*,*,#3230,.F.);
#4296=ORIENTED_EDGE('',*,*,#3231,.F.);
#4297=ORIENTED_EDGE('',*,*,#3232,.F.);
#4298=ORIENTED_EDGE('',*,*,#3193,.T.);
#4299=ORIENTED_EDGE('',*,*,#3233,.F.);
#4300=ORIENTED_EDGE('',*,*,#3234,.F.);
#4301=ORIENTED_EDGE('',*,*,#3235,.F.);
#4302=ORIENTED_EDGE('',*,*,#3236,.F.);
#4303=ORIENTED_EDGE('',*,*,#3221,.F.);
#4304=ORIENTED_EDGE('',*,*,#3195,.T.);
#4305=ORIENTED_EDGE('',*,*,#3226,.F.);
#4306=ORIENTED_EDGE('',*,*,#3207,.T.);
#4307=ORIENTED_EDGE('',*,*,#3237,.F.);
#4308=ORIENTED_EDGE('',*,*,#3188,.T.);
#4309=ORIENTED_EDGE('',*,*,#3215,.T.);
#4310=ORIENTED_EDGE('',*,*,#3238,.T.);
#4311=ORIENTED_EDGE('',*,*,#3239,.T.);
#4312=ORIENTED_EDGE('',*,*,#3240,.T.);
#4313=ORIENTED_EDGE('',*,*,#3241,.T.);
#4314=ORIENTED_EDGE('',*,*,#3242,.T.);
#4315=ORIENTED_EDGE('',*,*,#3233,.T.);
#4316=ORIENTED_EDGE('',*,*,#3196,.T.);
#4317=ORIENTED_EDGE('',*,*,#3237,.T.);
#4318=ORIENTED_EDGE('',*,*,#3210,.T.);
#4319=ORIENTED_EDGE('',*,*,#3232,.T.);
#4320=ORIENTED_EDGE('',*,*,#3243,.T.);
#4321=ORIENTED_EDGE('',*,*,#3244,.T.);
#4322=ORIENTED_EDGE('',*,*,#3245,.T.);
#4323=ORIENTED_EDGE('',*,*,#3246,.T.);
#4324=ORIENTED_EDGE('',*,*,#3247,.T.);
#4325=ORIENTED_EDGE('',*,*,#3216,.T.);
#4326=ORIENTED_EDGE('',*,*,#3202,.T.);
#4327=ORIENTED_EDGE('',*,*,#3248,.T.);
#4328=ORIENTED_EDGE('',*,*,#3249,.T.);
#4329=ORIENTED_EDGE('',*,*,#3250,.T.);
#4330=ORIENTED_EDGE('',*,*,#3251,.T.);
#4331=ORIENTED_EDGE('',*,*,#3252,.T.);
#4332=ORIENTED_EDGE('',*,*,#3206,.T.);
#4333=ORIENTED_EDGE('',*,*,#3199,.T.);
#4334=ORIENTED_EDGE('',*,*,#3192,.T.);
#4335=ORIENTED_EDGE('',*,*,#3185,.T.);
#4336=ORIENTED_EDGE('',*,*,#3246,.F.);
#4337=ORIENTED_EDGE('',*,*,#3253,.F.);
#4338=ORIENTED_EDGE('',*,*,#3254,.F.);
#4339=ORIENTED_EDGE('',*,*,#3255,.F.);
#4340=ORIENTED_EDGE('',*,*,#3256,.F.);
#4341=ORIENTED_EDGE('',*,*,#3257,.F.);
#4342=ORIENTED_EDGE('',*,*,#3258,.F.);
#4343=ORIENTED_EDGE('',*,*,#3259,.F.);
#4344=ORIENTED_EDGE('',*,*,#3239,.F.);
#4345=ORIENTED_EDGE('',*,*,#3260,.F.);
#4346=ORIENTED_EDGE('',*,*,#3261,.F.);
#4347=ORIENTED_EDGE('',*,*,#3262,.T.);
#4348=ORIENTED_EDGE('',*,*,#3252,.F.);
#4349=ORIENTED_EDGE('',*,*,#3262,.F.);
#4350=ORIENTED_EDGE('',*,*,#3263,.F.);
#4351=ORIENTED_EDGE('',*,*,#3264,.T.);
#4352=ORIENTED_EDGE('',*,*,#3251,.F.);
#4353=ORIENTED_EDGE('',*,*,#3264,.F.);
#4354=ORIENTED_EDGE('',*,*,#3255,.T.);
#4355=ORIENTED_EDGE('',*,*,#3265,.T.);
#4356=ORIENTED_EDGE('',*,*,#3266,.F.);
#4357=ORIENTED_EDGE('',*,*,#3218,.T.);
#4358=ORIENTED_EDGE('',*,*,#3267,.T.);
#4359=ORIENTED_EDGE('',*,*,#3254,.T.);
#4360=ORIENTED_EDGE('',*,*,#3268,.F.);
#4361=ORIENTED_EDGE('',*,*,#3269,.T.);
#4362=ORIENTED_EDGE('',*,*,#3265,.F.);
#4363=ORIENTED_EDGE('',*,*,#3253,.T.);
#4364=ORIENTED_EDGE('',*,*,#3245,.F.);
#4365=ORIENTED_EDGE('',*,*,#3270,.T.);
#4366=ORIENTED_EDGE('',*,*,#3271,.T.);
#4367=ORIENTED_EDGE('',*,*,#3272,.T.);
#4368=ORIENTED_EDGE('',*,*,#3273,.F.);
#4369=ORIENTED_EDGE('',*,*,#3274,.T.);
#4370=ORIENTED_EDGE('',*,*,#3268,.T.);
#4371=ORIENTED_EDGE('',*,*,#3259,.T.);
#4372=ORIENTED_EDGE('',*,*,#3275,.T.);
#4373=ORIENTED_EDGE('',*,*,#3276,.T.);
#4374=ORIENTED_EDGE('',*,*,#3277,.T.);
#4375=ORIENTED_EDGE('',*,*,#3278,.T.);
#4376=ORIENTED_EDGE('',*,*,#3279,.T.);
#4377=ORIENTED_EDGE('',*,*,#3280,.T.);
#4378=ORIENTED_EDGE('',*,*,#3240,.F.);
#4379=ORIENTED_EDGE('',*,*,#3244,.F.);
#4380=ORIENTED_EDGE('',*,*,#3281,.F.);
#4381=ORIENTED_EDGE('',*,*,#3282,.F.);
#4382=ORIENTED_EDGE('',*,*,#3283,.F.);
#4383=ORIENTED_EDGE('',*,*,#3284,.F.);
#4384=ORIENTED_EDGE('',*,*,#3270,.F.);
#4385=ORIENTED_EDGE('',*,*,#3285,.F.);
#4386=ORIENTED_EDGE('',*,*,#3286,.F.);
#4387=ORIENTED_EDGE('',*,*,#3241,.F.);
#4388=ORIENTED_EDGE('',*,*,#3280,.F.);
#4389=ORIENTED_EDGE('',*,*,#3228,.F.);
#4390=ORIENTED_EDGE('',*,*,#3287,.T.);
#4391=ORIENTED_EDGE('',*,*,#3250,.F.);
#4392=ORIENTED_EDGE('',*,*,#3287,.F.);
#4393=ORIENTED_EDGE('',*,*,#3227,.F.);
#4394=ORIENTED_EDGE('',*,*,#3288,.T.);
#4395=ORIENTED_EDGE('',*,*,#3249,.F.);
#4396=ORIENTED_EDGE('',*,*,#3288,.F.);
#4397=ORIENTED_EDGE('',*,*,#3283,.T.);
#4398=ORIENTED_EDGE('',*,*,#3289,.T.);
#4399=ORIENTED_EDGE('',*,*,#3230,.T.);
#4400=ORIENTED_EDGE('',*,*,#3290,.F.);
#4401=ORIENTED_EDGE('',*,*,#3291,.T.);
#4402=ORIENTED_EDGE('',*,*,#3282,.T.);
#4403=ORIENTED_EDGE('',*,*,#3292,.F.);
#4404=ORIENTED_EDGE('',*,*,#3289,.F.);
#4405=ORIENTED_EDGE('',*,*,#3281,.T.);
#4406=ORIENTED_EDGE('',*,*,#3243,.F.);
#4407=ORIENTED_EDGE('',*,*,#3231,.T.);
#4408=ORIENTED_EDGE('',*,*,#3292,.T.);
#4409=ORIENTED_EDGE('',*,*,#3286,.T.);
#4410=ORIENTED_EDGE('',*,*,#3293,.T.);
#4411=ORIENTED_EDGE('',*,*,#3234,.T.);
#4412=ORIENTED_EDGE('',*,*,#3242,.F.);
#4413=ORIENTED_EDGE('',*,*,#3284,.T.);
#4414=ORIENTED_EDGE('',*,*,#3291,.F.);
#4415=ORIENTED_EDGE('',*,*,#3294,.F.);
#4416=ORIENTED_EDGE('',*,*,#3271,.F.);
#4417=ORIENTED_EDGE('',*,*,#3285,.T.);
#4418=ORIENTED_EDGE('',*,*,#3279,.F.);
#4419=ORIENTED_EDGE('',*,*,#3295,.F.);
#4420=ORIENTED_EDGE('',*,*,#3296,.F.);
#4421=ORIENTED_EDGE('',*,*,#3293,.F.);
#4422=ORIENTED_EDGE('',*,*,#3272,.F.);
#4423=ORIENTED_EDGE('',*,*,#3294,.T.);
#4424=ORIENTED_EDGE('',*,*,#3297,.F.);
#4425=ORIENTED_EDGE('',*,*,#3298,.F.);
#4426=ORIENTED_EDGE('',*,*,#3299,.F.);
#4427=ORIENTED_EDGE('',*,*,#3300,.F.);
#4428=ORIENTED_EDGE('',*,*,#3223,.T.);
#4429=ORIENTED_EDGE('',*,*,#3278,.F.);
#4430=ORIENTED_EDGE('',*,*,#3301,.F.);
#4431=ORIENTED_EDGE('',*,*,#3295,.T.);
#4432=ORIENTED_EDGE('',*,*,#3186,.T.);
#4433=ORIENTED_EDGE('',*,*,#3302,.F.);
#4434=ORIENTED_EDGE('',*,*,#3200,.T.);
#4435=ORIENTED_EDGE('',*,*,#3220,.F.);
#4436=ORIENTED_EDGE('',*,*,#3303,.F.);
#4437=ORIENTED_EDGE('',*,*,#3304,.T.);
#4438=ORIENTED_EDGE('',*,*,#3305,.F.);
#4439=ORIENTED_EDGE('',*,*,#3211,.F.);
#4440=ORIENTED_EDGE('',*,*,#3261,.T.);
#4441=ORIENTED_EDGE('',*,*,#3263,.T.);
#4442=ORIENTED_EDGE('',*,*,#3256,.T.);
#4443=ORIENTED_EDGE('',*,*,#3267,.F.);
#4444=ORIENTED_EDGE('',*,*,#3306,.F.);
#4445=ORIENTED_EDGE('',*,*,#3274,.F.);
#4446=ORIENTED_EDGE('',*,*,#3307,.F.);
#4447=ORIENTED_EDGE('',*,*,#3269,.F.);
#4448=ORIENTED_EDGE('',*,*,#3308,.F.);
#4449=ORIENTED_EDGE('',*,*,#3304,.F.);
#4450=ORIENTED_EDGE('',*,*,#3309,.F.);
#4451=ORIENTED_EDGE('',*,*,#3310,.F.);
#4452=ORIENTED_EDGE('',*,*,#3276,.F.);
#4453=ORIENTED_EDGE('',*,*,#3311,.F.);
#4454=ORIENTED_EDGE('',*,*,#3312,.F.);
#4455=ORIENTED_EDGE('',*,*,#3189,.T.);
#4456=ORIENTED_EDGE('',*,*,#3248,.F.);
#4457=ORIENTED_EDGE('',*,*,#3201,.T.);
#4458=ORIENTED_EDGE('',*,*,#3302,.T.);
#4459=ORIENTED_EDGE('',*,*,#3258,.T.);
#4460=ORIENTED_EDGE('',*,*,#3313,.F.);
#4461=ORIENTED_EDGE('',*,*,#3314,.F.);
#4462=ORIENTED_EDGE('',*,*,#3311,.T.);
#4463=ORIENTED_EDGE('',*,*,#3275,.F.);
#4464=ORIENTED_EDGE('',*,*,#3212,.T.);
#4465=ORIENTED_EDGE('',*,*,#3305,.T.);
#4466=ORIENTED_EDGE('',*,*,#3315,.F.);
#4467=ORIENTED_EDGE('',*,*,#3298,.T.);
#4468=ORIENTED_EDGE('',*,*,#3316,.F.);
#4469=ORIENTED_EDGE('',*,*,#3308,.T.);
#4470=ORIENTED_EDGE('',*,*,#3317,.F.);
#4471=ORIENTED_EDGE('',*,*,#3236,.T.);
#4472=ORIENTED_EDGE('',*,*,#3318,.F.);
#4473=ORIENTED_EDGE('',*,*,#3222,.T.);
#4474=ORIENTED_EDGE('',*,*,#3299,.T.);
#4475=ORIENTED_EDGE('',*,*,#3317,.T.);
#4476=ORIENTED_EDGE('',*,*,#3310,.T.);
#4477=ORIENTED_EDGE('',*,*,#3319,.T.);
#4478=ORIENTED_EDGE('',*,*,#3183,.T.);
#4479=ORIENTED_EDGE('',*,*,#3190,.T.);
#4480=ORIENTED_EDGE('',*,*,#3197,.T.);
#4481=ORIENTED_EDGE('',*,*,#3204,.T.);
#4482=ORIENTED_EDGE('',*,*,#3213,.T.);
#4483=ORIENTED_EDGE('',*,*,#3315,.T.);
#4484=ORIENTED_EDGE('',*,*,#3314,.T.);
#4485=ORIENTED_EDGE('',*,*,#3301,.T.);
#4486=ORIENTED_EDGE('',*,*,#3277,.F.);
#4487=ORIENTED_EDGE('',*,*,#3312,.T.);
#4488=ORIENTED_EDGE('',*,*,#3316,.T.);
#4489=ORIENTED_EDGE('',*,*,#3235,.T.);
#4490=ORIENTED_EDGE('',*,*,#3296,.T.);
#4491=ORIENTED_EDGE('',*,*,#3318,.T.);
#4492=ORIENTED_EDGE('',*,*,#3219,.T.);
#4493=ORIENTED_EDGE('',*,*,#3266,.T.);
#4494=ORIENTED_EDGE('',*,*,#3303,.T.);
#4495=ORIENTED_EDGE('',*,*,#3300,.T.);
#4496=ORIENTED_EDGE('',*,*,#3319,.F.);
#4497=ORIENTED_EDGE('',*,*,#3309,.T.);
#4498=ORIENTED_EDGE('',*,*,#3320,.T.);
#4499=ORIENTED_EDGE('',*,*,#3229,.T.);
#4500=ORIENTED_EDGE('',*,*,#3224,.T.);
#4501=ORIENTED_EDGE('',*,*,#3290,.T.);
#4502=ORIENTED_EDGE('',*,*,#3260,.T.);
#4503=ORIENTED_EDGE('',*,*,#3238,.F.);
#4504=ORIENTED_EDGE('',*,*,#3214,.T.);
#4505=ORIENTED_EDGE('',*,*,#3313,.T.);
#4506=ORIENTED_EDGE('',*,*,#3257,.T.);
#4507=ORIENTED_EDGE('',*,*,#3306,.T.);
#4508=ORIENTED_EDGE('',*,*,#3217,.T.);
#4509=ORIENTED_EDGE('',*,*,#3247,.F.);
#4510=ORIENTED_EDGE('',*,*,#3297,.T.);
#4511=ORIENTED_EDGE('',*,*,#3320,.F.);
#4512=ORIENTED_EDGE('',*,*,#3307,.T.);
#4513=ORIENTED_EDGE('',*,*,#3273,.T.);
#4514=ORIENTED_EDGE('',*,*,#3321,.F.);
#4515=ORIENTED_EDGE('',*,*,#3322,.T.);
#4516=ORIENTED_EDGE('',*,*,#3323,.F.);
#4517=ORIENTED_EDGE('',*,*,#3324,.F.);
#4518=ORIENTED_EDGE('',*,*,#3325,.F.);
#4519=ORIENTED_EDGE('',*,*,#3326,.F.);
#4520=ORIENTED_EDGE('',*,*,#3327,.F.);
#4521=ORIENTED_EDGE('',*,*,#3322,.F.);
#4522=ORIENTED_EDGE('',*,*,#3328,.F.);
#4523=ORIENTED_EDGE('',*,*,#3329,.T.);
#4524=ORIENTED_EDGE('',*,*,#3330,.F.);
#4525=ORIENTED_EDGE('',*,*,#3329,.F.);
#4526=ORIENTED_EDGE('',*,*,#3331,.F.);
#4527=ORIENTED_EDGE('',*,*,#3332,.T.);
#4528=ORIENTED_EDGE('',*,*,#3333,.F.);
#4529=ORIENTED_EDGE('',*,*,#3332,.F.);
#4530=ORIENTED_EDGE('',*,*,#3334,.F.);
#4531=ORIENTED_EDGE('',*,*,#3335,.T.);
#4532=ORIENTED_EDGE('',*,*,#3336,.F.);
#4533=ORIENTED_EDGE('',*,*,#3337,.F.);
#4534=ORIENTED_EDGE('',*,*,#3338,.F.);
#4535=ORIENTED_EDGE('',*,*,#3339,.F.);
#4536=ORIENTED_EDGE('',*,*,#3340,.F.);
#4537=ORIENTED_EDGE('',*,*,#3335,.F.);
#4538=ORIENTED_EDGE('',*,*,#3341,.F.);
#4539=ORIENTED_EDGE('',*,*,#3342,.T.);
#4540=ORIENTED_EDGE('',*,*,#3343,.F.);
#4541=ORIENTED_EDGE('',*,*,#3342,.F.);
#4542=ORIENTED_EDGE('',*,*,#3344,.F.);
#4543=ORIENTED_EDGE('',*,*,#3345,.T.);
#4544=ORIENTED_EDGE('',*,*,#3346,.F.);
#4545=ORIENTED_EDGE('',*,*,#3345,.F.);
#4546=ORIENTED_EDGE('',*,*,#3325,.T.);
#4547=ORIENTED_EDGE('',*,*,#3347,.T.);
#4548=ORIENTED_EDGE('',*,*,#3348,.F.);
#4549=ORIENTED_EDGE('',*,*,#3349,.F.);
#4550=ORIENTED_EDGE('',*,*,#3350,.F.);
#4551=ORIENTED_EDGE('',*,*,#3351,.T.);
#4552=ORIENTED_EDGE('',*,*,#3338,.T.);
#4553=ORIENTED_EDGE('',*,*,#3352,.T.);
#4554=ORIENTED_EDGE('',*,*,#3353,.T.);
#4555=ORIENTED_EDGE('',*,*,#3354,.T.);
#4556=ORIENTED_EDGE('',*,*,#3324,.T.);
#4557=ORIENTED_EDGE('',*,*,#3355,.F.);
#4558=ORIENTED_EDGE('',*,*,#3356,.F.);
#4559=ORIENTED_EDGE('',*,*,#3357,.F.);
#4560=ORIENTED_EDGE('',*,*,#3358,.F.);
#4561=ORIENTED_EDGE('',*,*,#3347,.F.);
#4562=ORIENTED_EDGE('',*,*,#3339,.T.);
#4563=ORIENTED_EDGE('',*,*,#3351,.F.);
#4564=ORIENTED_EDGE('',*,*,#3359,.F.);
#4565=ORIENTED_EDGE('',*,*,#3360,.F.);
#4566=ORIENTED_EDGE('',*,*,#3361,.F.);
#4567=ORIENTED_EDGE('',*,*,#3362,.F.);
#4568=ORIENTED_EDGE('',*,*,#3323,.T.);
#4569=ORIENTED_EDGE('',*,*,#3327,.T.);
#4570=ORIENTED_EDGE('',*,*,#3363,.T.);
#4571=ORIENTED_EDGE('',*,*,#3336,.T.);
#4572=ORIENTED_EDGE('',*,*,#3340,.T.);
#4573=ORIENTED_EDGE('',*,*,#3362,.T.);
#4574=ORIENTED_EDGE('',*,*,#3364,.T.);
#4575=ORIENTED_EDGE('',*,*,#3365,.F.);
#4576=ORIENTED_EDGE('',*,*,#3366,.T.);
#4577=ORIENTED_EDGE('',*,*,#3355,.T.);
#4578=ORIENTED_EDGE('',*,*,#3346,.T.);
#4579=ORIENTED_EDGE('',*,*,#3343,.T.);
#4580=ORIENTED_EDGE('',*,*,#3333,.T.);
#4581=ORIENTED_EDGE('',*,*,#3330,.T.);
#4582=ORIENTED_EDGE('',*,*,#3367,.F.);
#4583=ORIENTED_EDGE('',*,*,#3368,.T.);
#4584=ORIENTED_EDGE('',*,*,#3354,.F.);
#4585=ORIENTED_EDGE('',*,*,#3368,.F.);
#4586=ORIENTED_EDGE('',*,*,#3369,.F.);
#4587=ORIENTED_EDGE('',*,*,#3370,.T.);
#4588=ORIENTED_EDGE('',*,*,#3353,.F.);
#4589=ORIENTED_EDGE('',*,*,#3370,.F.);
#4590=ORIENTED_EDGE('',*,*,#3371,.T.);
#4591=ORIENTED_EDGE('',*,*,#3372,.T.);
#4592=ORIENTED_EDGE('',*,*,#3373,.T.);
#4593=ORIENTED_EDGE('',*,*,#3365,.T.);
#4594=ORIENTED_EDGE('',*,*,#3374,.T.);
#4595=ORIENTED_EDGE('',*,*,#3375,.T.);
#4596=ORIENTED_EDGE('',*,*,#3376,.T.);
#4597=ORIENTED_EDGE('',*,*,#3377,.F.);
#4598=ORIENTED_EDGE('',*,*,#3360,.T.);
#4599=ORIENTED_EDGE('',*,*,#3378,.F.);
#4600=ORIENTED_EDGE('',*,*,#3375,.F.);
#4601=ORIENTED_EDGE('',*,*,#3379,.T.);
#4602=ORIENTED_EDGE('',*,*,#3361,.T.);
#4603=ORIENTED_EDGE('',*,*,#3379,.F.);
#4604=ORIENTED_EDGE('',*,*,#3374,.F.);
#4605=ORIENTED_EDGE('',*,*,#3364,.F.);
#4606=ORIENTED_EDGE('',*,*,#3356,.T.);
#4607=ORIENTED_EDGE('',*,*,#3366,.F.);
#4608=ORIENTED_EDGE('',*,*,#3373,.F.);
#4609=ORIENTED_EDGE('',*,*,#3380,.T.);
#4610=ORIENTED_EDGE('',*,*,#3381,.T.);
#4611=ORIENTED_EDGE('',*,*,#3382,.F.);
#4612=ORIENTED_EDGE('',*,*,#3376,.F.);
#4613=ORIENTED_EDGE('',*,*,#3378,.T.);
#4614=ORIENTED_EDGE('',*,*,#3359,.T.);
#4615=ORIENTED_EDGE('',*,*,#3350,.T.);
#4616=ORIENTED_EDGE('',*,*,#3357,.T.);
#4617=ORIENTED_EDGE('',*,*,#3380,.F.);
#4618=ORIENTED_EDGE('',*,*,#3372,.F.);
#4619=ORIENTED_EDGE('',*,*,#3383,.T.);
#4620=ORIENTED_EDGE('',*,*,#3384,.T.);
#4621=ORIENTED_EDGE('',*,*,#3385,.T.);
#4622=ORIENTED_EDGE('',*,*,#3377,.T.);
#4623=ORIENTED_EDGE('',*,*,#3382,.T.);
#4624=ORIENTED_EDGE('',*,*,#3369,.T.);
#4625=ORIENTED_EDGE('',*,*,#3367,.T.);
#4626=ORIENTED_EDGE('',*,*,#3344,.T.);
#4627=ORIENTED_EDGE('',*,*,#3341,.T.);
#4628=ORIENTED_EDGE('',*,*,#3334,.T.);
#4629=ORIENTED_EDGE('',*,*,#3331,.T.);
#4630=ORIENTED_EDGE('',*,*,#3328,.T.);
#4631=ORIENTED_EDGE('',*,*,#3321,.T.);
#4632=ORIENTED_EDGE('',*,*,#3386,.T.);
#4633=ORIENTED_EDGE('',*,*,#3348,.T.);
#4634=ORIENTED_EDGE('',*,*,#3358,.T.);
#4635=ORIENTED_EDGE('',*,*,#3383,.F.);
#4636=ORIENTED_EDGE('',*,*,#3371,.F.);
#4637=ORIENTED_EDGE('',*,*,#3385,.F.);
#4638=ORIENTED_EDGE('',*,*,#3386,.F.);
#4639=ORIENTED_EDGE('',*,*,#3384,.F.);
#4640=ORIENTED_EDGE('',*,*,#3381,.F.);
#4641=ORIENTED_EDGE('',*,*,#3349,.T.);
#4642=ORIENTED_EDGE('',*,*,#3326,.T.);
#4643=ORIENTED_EDGE('',*,*,#3352,.F.);
#4644=ORIENTED_EDGE('',*,*,#3337,.T.);
#4645=ORIENTED_EDGE('',*,*,#3363,.F.);
#4646=ORIENTED_EDGE('',*,*,#3387,.F.);
#4647=ORIENTED_EDGE('',*,*,#3388,.F.);
#4648=ORIENTED_EDGE('',*,*,#3389,.F.);
#4649=ORIENTED_EDGE('',*,*,#3390,.F.);
#4650=ORIENTED_EDGE('',*,*,#3391,.F.);
#4651=ORIENTED_EDGE('',*,*,#3392,.T.);
#4652=ORIENTED_EDGE('',*,*,#3393,.F.);
#4653=ORIENTED_EDGE('',*,*,#3392,.F.);
#4654=ORIENTED_EDGE('',*,*,#3394,.F.);
#4655=ORIENTED_EDGE('',*,*,#3395,.T.);
#4656=ORIENTED_EDGE('',*,*,#3396,.F.);
#4657=ORIENTED_EDGE('',*,*,#3395,.F.);
#4658=ORIENTED_EDGE('',*,*,#3388,.T.);
#4659=ORIENTED_EDGE('',*,*,#3397,.T.);
#4660=ORIENTED_EDGE('',*,*,#3398,.T.);
#4661=ORIENTED_EDGE('',*,*,#3399,.T.);
#4662=ORIENTED_EDGE('',*,*,#3400,.T.);
#4663=ORIENTED_EDGE('',*,*,#3401,.T.);
#4664=ORIENTED_EDGE('',*,*,#3402,.T.);
#4665=ORIENTED_EDGE('',*,*,#3403,.F.);
#4666=ORIENTED_EDGE('',*,*,#3389,.T.);
#4667=ORIENTED_EDGE('',*,*,#3403,.T.);
#4668=ORIENTED_EDGE('',*,*,#3404,.T.);
#4669=ORIENTED_EDGE('',*,*,#3405,.T.);
#4670=ORIENTED_EDGE('',*,*,#3406,.T.);
#4671=ORIENTED_EDGE('',*,*,#3407,.F.);
#4672=ORIENTED_EDGE('',*,*,#3408,.T.);
#4673=ORIENTED_EDGE('',*,*,#3409,.T.);
#4674=ORIENTED_EDGE('',*,*,#3410,.T.);
#4675=ORIENTED_EDGE('',*,*,#3411,.T.);
#4676=ORIENTED_EDGE('',*,*,#3396,.T.);
#4677=ORIENTED_EDGE('',*,*,#3393,.T.);
#4678=ORIENTED_EDGE('',*,*,#3412,.F.);
#4679=ORIENTED_EDGE('',*,*,#3413,.F.);
#4680=ORIENTED_EDGE('',*,*,#3404,.F.);
#4681=ORIENTED_EDGE('',*,*,#3402,.F.);
#4682=ORIENTED_EDGE('',*,*,#3414,.F.);
#4683=ORIENTED_EDGE('',*,*,#3415,.T.);
#4684=ORIENTED_EDGE('',*,*,#3410,.F.);
#4685=ORIENTED_EDGE('',*,*,#3415,.F.);
#4686=ORIENTED_EDGE('',*,*,#3416,.F.);
#4687=ORIENTED_EDGE('',*,*,#3417,.T.);
#4688=ORIENTED_EDGE('',*,*,#3411,.F.);
#4689=ORIENTED_EDGE('',*,*,#3417,.F.);
#4690=ORIENTED_EDGE('',*,*,#3413,.T.);
#4691=ORIENTED_EDGE('',*,*,#3418,.T.);
#4692=ORIENTED_EDGE('',*,*,#3419,.T.);
#4693=ORIENTED_EDGE('',*,*,#3405,.F.);
#4694=ORIENTED_EDGE('',*,*,#3412,.T.);
#4695=ORIENTED_EDGE('',*,*,#3401,.F.);
#4696=ORIENTED_EDGE('',*,*,#3420,.F.);
#4697=ORIENTED_EDGE('',*,*,#3421,.F.);
#4698=ORIENTED_EDGE('',*,*,#3422,.T.);
#4699=ORIENTED_EDGE('',*,*,#3418,.F.);
#4700=ORIENTED_EDGE('',*,*,#3414,.T.);
#4701=ORIENTED_EDGE('',*,*,#3416,.T.);
#4702=ORIENTED_EDGE('',*,*,#3419,.F.);
#4703=ORIENTED_EDGE('',*,*,#3422,.F.);
#4704=ORIENTED_EDGE('',*,*,#3423,.F.);
#4705=ORIENTED_EDGE('',*,*,#3406,.F.);
#4706=ORIENTED_EDGE('',*,*,#3400,.F.);
#4707=ORIENTED_EDGE('',*,*,#3424,.F.);
#4708=ORIENTED_EDGE('',*,*,#3425,.F.);
#4709=ORIENTED_EDGE('',*,*,#3426,.F.);
#4710=ORIENTED_EDGE('',*,*,#3427,.F.);
#4711=ORIENTED_EDGE('',*,*,#3420,.T.);
#4712=ORIENTED_EDGE('',*,*,#3428,.F.);
#4713=ORIENTED_EDGE('',*,*,#3408,.F.);
#4714=ORIENTED_EDGE('',*,*,#3429,.F.);
#4715=ORIENTED_EDGE('',*,*,#3430,.T.);
#4716=ORIENTED_EDGE('',*,*,#3387,.T.);
#4717=ORIENTED_EDGE('',*,*,#3431,.F.);
#4718=ORIENTED_EDGE('',*,*,#3430,.F.);
#4719=ORIENTED_EDGE('',*,*,#3432,.F.);
#4720=ORIENTED_EDGE('',*,*,#3433,.T.);
#4721=ORIENTED_EDGE('',*,*,#3397,.F.);
#4722=ORIENTED_EDGE('',*,*,#3391,.T.);
#4723=ORIENTED_EDGE('',*,*,#3394,.T.);
#4724=ORIENTED_EDGE('',*,*,#3434,.F.);
#4725=ORIENTED_EDGE('',*,*,#3435,.F.);
#4726=ORIENTED_EDGE('',*,*,#3398,.F.);
#4727=ORIENTED_EDGE('',*,*,#3433,.F.);
#4728=ORIENTED_EDGE('',*,*,#3436,.F.);
#4729=ORIENTED_EDGE('',*,*,#3437,.F.);
#4730=ORIENTED_EDGE('',*,*,#3426,.T.);
#4731=ORIENTED_EDGE('',*,*,#3438,.T.);
#4732=ORIENTED_EDGE('',*,*,#3437,.T.);
#4733=ORIENTED_EDGE('',*,*,#3439,.T.);
#4734=ORIENTED_EDGE('',*,*,#3390,.T.);
#4735=ORIENTED_EDGE('',*,*,#3409,.F.);
#4736=ORIENTED_EDGE('',*,*,#3428,.T.);
#4737=ORIENTED_EDGE('',*,*,#3431,.T.);
#4738=ORIENTED_EDGE('',*,*,#3427,.T.);
#4739=ORIENTED_EDGE('',*,*,#3439,.F.);
#4740=ORIENTED_EDGE('',*,*,#3436,.T.);
#4741=ORIENTED_EDGE('',*,*,#3432,.T.);
#4742=ORIENTED_EDGE('',*,*,#3429,.T.);
#4743=ORIENTED_EDGE('',*,*,#3407,.T.);
#4744=ORIENTED_EDGE('',*,*,#3423,.T.);
#4745=ORIENTED_EDGE('',*,*,#3421,.T.);
#4746=ORIENTED_EDGE('',*,*,#3425,.T.);
#4747=ORIENTED_EDGE('',*,*,#3440,.F.);
#4748=ORIENTED_EDGE('',*,*,#3434,.T.);
#4749=ORIENTED_EDGE('',*,*,#3438,.F.);
#4750=ORIENTED_EDGE('',*,*,#3424,.T.);
#4751=ORIENTED_EDGE('',*,*,#3399,.F.);
#4752=ORIENTED_EDGE('',*,*,#3435,.T.);
#4753=ORIENTED_EDGE('',*,*,#3440,.T.);
#4754=ORIENTED_EDGE('',*,*,#3441,.F.);
#4755=ORIENTED_EDGE('',*,*,#3442,.T.);
#4756=ORIENTED_EDGE('',*,*,#3443,.F.);
#4757=ORIENTED_EDGE('',*,*,#3442,.F.);
#4758=ORIENTED_EDGE('',*,*,#3444,.F.);
#4759=ORIENTED_EDGE('',*,*,#3445,.T.);
#4760=ORIENTED_EDGE('',*,*,#3446,.F.);
#4761=ORIENTED_EDGE('',*,*,#3445,.F.);
#4762=ORIENTED_EDGE('',*,*,#3447,.F.);
#4763=ORIENTED_EDGE('',*,*,#3448,.T.);
#4764=ORIENTED_EDGE('',*,*,#3449,.F.);
#4765=ORIENTED_EDGE('',*,*,#3448,.F.);
#4766=ORIENTED_EDGE('',*,*,#3450,.T.);
#4767=ORIENTED_EDGE('',*,*,#3451,.T.);
#4768=ORIENTED_EDGE('',*,*,#3452,.T.);
#4769=ORIENTED_EDGE('',*,*,#3453,.T.);
#4770=ORIENTED_EDGE('',*,*,#3452,.F.);
#4771=ORIENTED_EDGE('',*,*,#3454,.T.);
#4772=ORIENTED_EDGE('',*,*,#3455,.F.);
#4773=ORIENTED_EDGE('',*,*,#3456,.F.);
#4774=ORIENTED_EDGE('',*,*,#3457,.F.);
#4775=ORIENTED_EDGE('',*,*,#3458,.F.);
#4776=ORIENTED_EDGE('',*,*,#3459,.F.);
#4777=ORIENTED_EDGE('',*,*,#3460,.T.);
#4778=ORIENTED_EDGE('',*,*,#3461,.F.);
#4779=ORIENTED_EDGE('',*,*,#3462,.F.);
#4780=ORIENTED_EDGE('',*,*,#3463,.T.);
#4781=ORIENTED_EDGE('',*,*,#3464,.T.);
#4782=ORIENTED_EDGE('',*,*,#3465,.F.);
#4783=ORIENTED_EDGE('',*,*,#3466,.F.);
#4784=ORIENTED_EDGE('',*,*,#3467,.F.);
#4785=ORIENTED_EDGE('',*,*,#3468,.F.);
#4786=ORIENTED_EDGE('',*,*,#3469,.F.);
#4787=ORIENTED_EDGE('',*,*,#3470,.F.);
#4788=ORIENTED_EDGE('',*,*,#3471,.F.);
#4789=ORIENTED_EDGE('',*,*,#3451,.F.);
#4790=ORIENTED_EDGE('',*,*,#3472,.F.);
#4791=ORIENTED_EDGE('',*,*,#3473,.F.);
#4792=ORIENTED_EDGE('',*,*,#3454,.F.);
#4793=ORIENTED_EDGE('',*,*,#3455,.T.);
#4794=ORIENTED_EDGE('',*,*,#3473,.T.);
#4795=ORIENTED_EDGE('',*,*,#3474,.T.);
#4796=ORIENTED_EDGE('',*,*,#3475,.T.);
#4797=ORIENTED_EDGE('',*,*,#3476,.T.);
#4798=ORIENTED_EDGE('',*,*,#3477,.T.);
#4799=ORIENTED_EDGE('',*,*,#3457,.T.);
#4800=ORIENTED_EDGE('',*,*,#3478,.T.);
#4801=ORIENTED_EDGE('',*,*,#3477,.F.);
#4802=ORIENTED_EDGE('',*,*,#3479,.F.);
#4803=ORIENTED_EDGE('',*,*,#3480,.F.);
#4804=ORIENTED_EDGE('',*,*,#3458,.T.);
#4805=ORIENTED_EDGE('',*,*,#3459,.T.);
#4806=ORIENTED_EDGE('',*,*,#3480,.T.);
#4807=ORIENTED_EDGE('',*,*,#3481,.T.);
#4808=ORIENTED_EDGE('',*,*,#3482,.T.);
#4809=ORIENTED_EDGE('',*,*,#3483,.T.);
#4810=ORIENTED_EDGE('',*,*,#3484,.T.);
#4811=ORIENTED_EDGE('',*,*,#3461,.T.);
#4812=ORIENTED_EDGE('',*,*,#3485,.T.);
#4813=ORIENTED_EDGE('',*,*,#3450,.F.);
#4814=ORIENTED_EDGE('',*,*,#3486,.T.);
#4815=ORIENTED_EDGE('',*,*,#3487,.T.);
#4816=ORIENTED_EDGE('',*,*,#3488,.T.);
#4817=ORIENTED_EDGE('',*,*,#3489,.T.);
#4818=ORIENTED_EDGE('',*,*,#3483,.F.);
#4819=ORIENTED_EDGE('',*,*,#3490,.T.);
#4820=ORIENTED_EDGE('',*,*,#3481,.F.);
#4821=ORIENTED_EDGE('',*,*,#3479,.T.);
#4822=ORIENTED_EDGE('',*,*,#3476,.F.);
#4823=ORIENTED_EDGE('',*,*,#3491,.T.);
#4824=ORIENTED_EDGE('',*,*,#3474,.F.);
#4825=ORIENTED_EDGE('',*,*,#3472,.T.);
#4826=ORIENTED_EDGE('',*,*,#3492,.T.);
#4827=ORIENTED_EDGE('',*,*,#3493,.T.);
#4828=ORIENTED_EDGE('',*,*,#3494,.T.);
#4829=ORIENTED_EDGE('',*,*,#3495,.T.);
#4830=ORIENTED_EDGE('',*,*,#3496,.T.);
#4831=ORIENTED_EDGE('',*,*,#3497,.T.);
#4832=ORIENTED_EDGE('',*,*,#3447,.T.);
#4833=ORIENTED_EDGE('',*,*,#3444,.T.);
#4834=ORIENTED_EDGE('',*,*,#3441,.T.);
#4835=ORIENTED_EDGE('',*,*,#3482,.F.);
#4836=ORIENTED_EDGE('',*,*,#3490,.F.);
#4837=ORIENTED_EDGE('',*,*,#3485,.F.);
#4838=ORIENTED_EDGE('',*,*,#3460,.F.);
#4839=ORIENTED_EDGE('',*,*,#3484,.F.);
#4840=ORIENTED_EDGE('',*,*,#3489,.F.);
#4841=ORIENTED_EDGE('',*,*,#3498,.T.);
#4842=ORIENTED_EDGE('',*,*,#3499,.T.);
#4843=ORIENTED_EDGE('',*,*,#3500,.T.);
#4844=ORIENTED_EDGE('',*,*,#3462,.T.);
#4845=ORIENTED_EDGE('',*,*,#3497,.F.);
#4846=ORIENTED_EDGE('',*,*,#3501,.T.);
#4847=ORIENTED_EDGE('',*,*,#3471,.T.);
#4848=ORIENTED_EDGE('',*,*,#3501,.F.);
#4849=ORIENTED_EDGE('',*,*,#3496,.F.);
#4850=ORIENTED_EDGE('',*,*,#3502,.T.);
#4851=ORIENTED_EDGE('',*,*,#3470,.T.);
#4852=ORIENTED_EDGE('',*,*,#3502,.F.);
#4853=ORIENTED_EDGE('',*,*,#3495,.F.);
#4854=ORIENTED_EDGE('',*,*,#3503,.T.);
#4855=ORIENTED_EDGE('',*,*,#3469,.T.);
#4856=ORIENTED_EDGE('',*,*,#3503,.F.);
#4857=ORIENTED_EDGE('',*,*,#3494,.F.);
#4858=ORIENTED_EDGE('',*,*,#3504,.T.);
#4859=ORIENTED_EDGE('',*,*,#3468,.T.);
#4860=ORIENTED_EDGE('',*,*,#3504,.F.);
#4861=ORIENTED_EDGE('',*,*,#3493,.F.);
#4862=ORIENTED_EDGE('',*,*,#3505,.T.);
#4863=ORIENTED_EDGE('',*,*,#3467,.T.);
#4864=ORIENTED_EDGE('',*,*,#3505,.F.);
#4865=ORIENTED_EDGE('',*,*,#3492,.F.);
#4866=ORIENTED_EDGE('',*,*,#3506,.T.);
#4867=ORIENTED_EDGE('',*,*,#3466,.T.);
#4868=ORIENTED_EDGE('',*,*,#3506,.F.);
#4869=ORIENTED_EDGE('',*,*,#3475,.F.);
#4870=ORIENTED_EDGE('',*,*,#3491,.F.);
#4871=ORIENTED_EDGE('',*,*,#3478,.F.);
#4872=ORIENTED_EDGE('',*,*,#3456,.T.);
#4873=ORIENTED_EDGE('',*,*,#3507,.T.);
#4874=ORIENTED_EDGE('',*,*,#3463,.F.);
#4875=ORIENTED_EDGE('',*,*,#3500,.F.);
#4876=ORIENTED_EDGE('',*,*,#3508,.T.);
#4877=ORIENTED_EDGE('',*,*,#3508,.F.);
#4878=ORIENTED_EDGE('',*,*,#3499,.F.);
#4879=ORIENTED_EDGE('',*,*,#3509,.T.);
#4880=ORIENTED_EDGE('',*,*,#3510,.T.);
#4881=ORIENTED_EDGE('',*,*,#3511,.F.);
#4882=ORIENTED_EDGE('',*,*,#3512,.T.);
#4883=ORIENTED_EDGE('',*,*,#3443,.T.);
#4884=ORIENTED_EDGE('',*,*,#3446,.T.);
#4885=ORIENTED_EDGE('',*,*,#3449,.T.);
#4886=ORIENTED_EDGE('',*,*,#3453,.F.);
#4887=ORIENTED_EDGE('',*,*,#3465,.T.);
#4888=ORIENTED_EDGE('',*,*,#3513,.T.);
#4889=ORIENTED_EDGE('',*,*,#3511,.T.);
#4890=ORIENTED_EDGE('',*,*,#3514,.T.);
#4891=ORIENTED_EDGE('',*,*,#3486,.F.);
#4892=ORIENTED_EDGE('',*,*,#3515,.T.);
#4893=ORIENTED_EDGE('',*,*,#3509,.F.);
#4894=ORIENTED_EDGE('',*,*,#3498,.F.);
#4895=ORIENTED_EDGE('',*,*,#3488,.F.);
#4896=ORIENTED_EDGE('',*,*,#3507,.F.);
#4897=ORIENTED_EDGE('',*,*,#3512,.F.);
#4898=ORIENTED_EDGE('',*,*,#3513,.F.);
#4899=ORIENTED_EDGE('',*,*,#3464,.F.);
#4900=ORIENTED_EDGE('',*,*,#3515,.F.);
#4901=ORIENTED_EDGE('',*,*,#3487,.F.);
#4902=ORIENTED_EDGE('',*,*,#3514,.F.);
#4903=ORIENTED_EDGE('',*,*,#3510,.F.);
#4904=TOROIDAL_SURFACE('',#5187,2.8,0.3);
#4905=TOROIDAL_SURFACE('',#5204,3.65,1.1);
#4906=ADVANCED_FACE('',(#1492),#4904,.F.);
#4907=ADVANCED_FACE('',(#1493),#1389,.T.);
#4908=ADVANCED_FACE('',(#1494,#164),#300,.T.);
#4909=ADVANCED_FACE('',(#1495,#165),#301,.T.);
#4910=ADVANCED_FACE('',(#1496),#1390,.T.);
#4911=ADVANCED_FACE('',(#1497),#163,.T.);
#4912=ADVANCED_FACE('',(#1498),#302,.T.);
#4913=ADVANCED_FACE('',(#1499),#4905,.T.);
#4914=ADVANCED_FACE('',(#1500),#1391,.F.);
#4915=ADVANCED_FACE('',(#1501),#1392,.F.);
#4916=ADVANCED_FACE('',(#1502),#1393,.F.);
#4917=ADVANCED_FACE('',(#1503),#1394,.T.);
#4918=ADVANCED_FACE('',(#1504,#166,#167,#168,#169,#170,#171),#303,.F.);
#4919=ADVANCED_FACE('',(#1505),#304,.T.);
#4920=ADVANCED_FACE('',(#1506),#1395,.F.);
#4921=ADVANCED_FACE('',(#1507),#1396,.T.);
#4922=ADVANCED_FACE('',(#1508),#305,.T.);
#4923=ADVANCED_FACE('',(#1509),#1397,.F.);
#4924=ADVANCED_FACE('',(#1510),#1398,.T.);
#4925=ADVANCED_FACE('',(#1511),#306,.T.);
#4926=ADVANCED_FACE('',(#1512,#172,#173,#174,#175,#176,#177,#178,#179,#180),
#307,.T.);
#4927=ADVANCED_FACE('',(#1513),#308,.F.);
#4928=ADVANCED_FACE('',(#1514),#309,.F.);
#4929=ADVANCED_FACE('',(#1515),#310,.T.);
#4930=ADVANCED_FACE('',(#1516),#311,.F.);
#4931=ADVANCED_FACE('',(#1517,#181,#182,#183),#312,.F.);
#4932=ADVANCED_FACE('',(#1518),#313,.F.);
#4933=ADVANCED_FACE('',(#1519),#1399,.F.);
#4934=ADVANCED_FACE('',(#1520),#1400,.F.);
#4935=ADVANCED_FACE('',(#1521),#1401,.F.);
#4936=ADVANCED_FACE('',(#1522),#1402,.F.);
#4937=ADVANCED_FACE('',(#1523),#1403,.F.);
#4938=ADVANCED_FACE('',(#1524),#1404,.F.);
#4939=ADVANCED_FACE('',(#1525),#314,.T.);
#4940=ADVANCED_FACE('',(#1526),#315,.T.);
#4941=ADVANCED_FACE('',(#1527),#1405,.F.);
#4942=ADVANCED_FACE('',(#1528),#1406,.F.);
#4943=ADVANCED_FACE('',(#1529),#1407,.F.);
#4944=ADVANCED_FACE('',(#1530),#1408,.F.);
#4945=ADVANCED_FACE('',(#1531),#1409,.F.);
#4946=ADVANCED_FACE('',(#1532),#1410,.F.);
#4947=ADVANCED_FACE('',(#1533),#316,.F.);
#4948=ADVANCED_FACE('',(#1534),#317,.F.);
#4949=ADVANCED_FACE('',(#1535,#184,#185,#186,#187),#318,.F.);
#4950=ADVANCED_FACE('',(#1536),#1411,.F.);
#4951=ADVANCED_FACE('',(#1537),#1412,.F.);
#4952=ADVANCED_FACE('',(#1538,#188,#189),#319,.F.);
#4953=ADVANCED_FACE('',(#1539),#320,.F.);
#4954=ADVANCED_FACE('',(#1540),#321,.F.);
#4955=ADVANCED_FACE('',(#1541),#322,.F.);
#4956=ADVANCED_FACE('',(#1542,#190,#191,#192,#193,#194,#195,#196,#197),
#323,.T.);
#4957=ADVANCED_FACE('',(#1543),#324,.F.);
#4958=ADVANCED_FACE('',(#1544),#325,.F.);
#4959=ADVANCED_FACE('',(#1545),#326,.F.);
#4960=ADVANCED_FACE('',(#1546),#327,.F.);
#4961=ADVANCED_FACE('',(#1547),#328,.F.);
#4962=ADVANCED_FACE('',(#1548),#329,.T.);
#4963=ADVANCED_FACE('',(#1549),#1413,.F.);
#4964=ADVANCED_FACE('',(#1550),#1414,.F.);
#4965=ADVANCED_FACE('',(#1551),#1415,.F.);
#4966=ADVANCED_FACE('',(#1552),#1416,.F.);
#4967=ADVANCED_FACE('',(#1553),#1417,.T.);
#4968=ADVANCED_FACE('',(#1554,#198,#199,#200,#201,#202,#203,#204),#330,
 .F.);
#4969=ADVANCED_FACE('',(#1555),#331,.T.);
#4970=ADVANCED_FACE('',(#1556),#1418,.F.);
#4971=ADVANCED_FACE('',(#1557),#1419,.T.);
#4972=ADVANCED_FACE('',(#1558),#332,.T.);
#4973=ADVANCED_FACE('',(#1559),#1420,.F.);
#4974=ADVANCED_FACE('',(#1560),#1421,.T.);
#4975=ADVANCED_FACE('',(#1561),#333,.T.);
#4976=ADVANCED_FACE('',(#1562,#205,#206,#207,#208,#209,#210,#211,#212,#213,
#214),#334,.T.);
#4977=ADVANCED_FACE('',(#1563),#335,.F.);
#4978=ADVANCED_FACE('',(#1564),#336,.F.);
#4979=ADVANCED_FACE('',(#1565),#337,.F.);
#4980=ADVANCED_FACE('',(#1566,#215,#216,#217),#338,.F.);
#4981=ADVANCED_FACE('',(#1567),#339,.F.);
#4982=ADVANCED_FACE('',(#1568),#340,.T.);
#4983=ADVANCED_FACE('',(#1569),#341,.T.);
#4984=ADVANCED_FACE('',(#1570),#1422,.F.);
#4985=ADVANCED_FACE('',(#1571),#1423,.F.);
#4986=ADVANCED_FACE('',(#1572),#1424,.F.);
#4987=ADVANCED_FACE('',(#1573),#1425,.F.);
#4988=ADVANCED_FACE('',(#1574),#1426,.F.);
#4989=ADVANCED_FACE('',(#1575),#1427,.F.);
#4990=ADVANCED_FACE('',(#1576),#342,.T.);
#4991=ADVANCED_FACE('',(#1577),#1428,.F.);
#4992=ADVANCED_FACE('',(#1578),#1429,.F.);
#4993=ADVANCED_FACE('',(#1579),#1430,.F.);
#4994=ADVANCED_FACE('',(#1580),#343,.F.);
#4995=ADVANCED_FACE('',(#1581,#218,#219),#344,.F.);
#4996=ADVANCED_FACE('',(#1582),#1431,.F.);
#4997=ADVANCED_FACE('',(#1583),#1432,.F.);
#4998=ADVANCED_FACE('',(#1584),#1433,.F.);
#4999=ADVANCED_FACE('',(#1585),#345,.F.);
#5000=ADVANCED_FACE('',(#1586,#220,#221),#346,.F.);
#5001=ADVANCED_FACE('',(#1587),#347,.F.);
#5002=ADVANCED_FACE('',(#1588),#348,.F.);
#5003=ADVANCED_FACE('',(#1589),#349,.F.);
#5004=ADVANCED_FACE('',(#1590),#350,.F.);
#5005=ADVANCED_FACE('',(#1591,#222,#223,#224,#225),#351,.F.);
#5006=ADVANCED_FACE('',(#1592),#352,.T.);
#5007=ADVANCED_FACE('',(#1593),#353,.T.);
#5008=ADVANCED_FACE('',(#1594),#354,.F.);
#5009=ADVANCED_FACE('',(#1595),#355,.F.);
#5010=ADVANCED_FACE('',(#1596),#356,.F.);
#5011=ADVANCED_FACE('',(#1597),#1434,.F.);
#5012=ADVANCED_FACE('',(#1598),#1435,.F.);
#5013=ADVANCED_FACE('',(#1599),#1436,.F.);
#5014=ADVANCED_FACE('',(#1600),#1437,.T.);
#5015=ADVANCED_FACE('',(#1601,#226,#227,#228,#229,#230,#231),#357,.F.);
#5016=ADVANCED_FACE('',(#1602),#358,.T.);
#5017=ADVANCED_FACE('',(#1603),#1438,.F.);
#5018=ADVANCED_FACE('',(#1604),#1439,.T.);
#5019=ADVANCED_FACE('',(#1605),#359,.T.);
#5020=ADVANCED_FACE('',(#1606),#1440,.F.);
#5021=ADVANCED_FACE('',(#1607),#1441,.T.);
#5022=ADVANCED_FACE('',(#1608,#232,#233,#234,#235,#236,#237,#238,#239,#240),
#360,.T.);
#5023=ADVANCED_FACE('',(#1609),#361,.T.);
#5024=ADVANCED_FACE('',(#1610),#362,.T.);
#5025=ADVANCED_FACE('',(#1611),#363,.T.);
#5026=ADVANCED_FACE('',(#1612),#1442,.F.);
#5027=ADVANCED_FACE('',(#1613),#1443,.F.);
#5028=ADVANCED_FACE('',(#1614),#1444,.F.);
#5029=ADVANCED_FACE('',(#1615),#1445,.F.);
#5030=ADVANCED_FACE('',(#1616),#1446,.F.);
#5031=ADVANCED_FACE('',(#1617),#1447,.F.);
#5032=ADVANCED_FACE('',(#1618,#241,#242,#243),#364,.F.);
#5033=ADVANCED_FACE('',(#1619),#365,.F.);
#5034=ADVANCED_FACE('',(#1620),#366,.F.);
#5035=ADVANCED_FACE('',(#1621),#367,.T.);
#5036=ADVANCED_FACE('',(#1622),#368,.F.);
#5037=ADVANCED_FACE('',(#1623),#369,.F.);
#5038=ADVANCED_FACE('',(#1624),#1448,.F.);
#5039=ADVANCED_FACE('',(#1625),#1449,.F.);
#5040=ADVANCED_FACE('',(#1626),#1450,.F.);
#5041=ADVANCED_FACE('',(#1627),#1451,.F.);
#5042=ADVANCED_FACE('',(#1628),#1452,.F.);
#5043=ADVANCED_FACE('',(#1629),#1453,.F.);
#5044=ADVANCED_FACE('',(#1630),#1454,.F.);
#5045=ADVANCED_FACE('',(#1631),#1455,.F.);
#5046=ADVANCED_FACE('',(#1632),#370,.F.);
#5047=ADVANCED_FACE('',(#1633),#371,.F.);
#5048=ADVANCED_FACE('',(#1634,#244,#245),#372,.F.);
#5049=ADVANCED_FACE('',(#1635),#373,.F.);
#5050=ADVANCED_FACE('',(#1636),#374,.F.);
#5051=ADVANCED_FACE('',(#1637),#375,.F.);
#5052=ADVANCED_FACE('',(#1638,#246,#247,#248,#249,#250,#251,#252,#253),
#376,.F.);
#5053=ADVANCED_FACE('',(#1639),#1456,.F.);
#5054=ADVANCED_FACE('',(#1640),#1457,.F.);
#5055=ADVANCED_FACE('',(#1641),#1458,.F.);
#5056=ADVANCED_FACE('',(#1642),#1459,.F.);
#5057=ADVANCED_FACE('',(#1643),#377,.F.);
#5058=ADVANCED_FACE('',(#1644),#378,.F.);
#5059=ADVANCED_FACE('',(#1645),#379,.F.);
#5060=ADVANCED_FACE('',(#1646),#380,.F.);
#5061=ADVANCED_FACE('',(#1647),#1460,.F.);
#5062=ADVANCED_FACE('',(#1648),#1461,.F.);
#5063=ADVANCED_FACE('',(#1649),#1462,.F.);
#5064=ADVANCED_FACE('',(#1650),#1463,.F.);
#5065=ADVANCED_FACE('',(#1651),#381,.F.);
#5066=ADVANCED_FACE('',(#1652),#382,.F.);
#5067=ADVANCED_FACE('',(#1653),#383,.F.);
#5068=ADVANCED_FACE('',(#1654),#384,.F.);
#5069=ADVANCED_FACE('',(#1655),#385,.F.);
#5070=ADVANCED_FACE('',(#1656),#386,.F.);
#5071=ADVANCED_FACE('',(#1657),#387,.F.);
#5072=ADVANCED_FACE('',(#1658),#388,.F.);
#5073=ADVANCED_FACE('',(#1659),#389,.F.);
#5074=ADVANCED_FACE('',(#1660,#254,#255),#390,.F.);
#5075=ADVANCED_FACE('',(#1661),#391,.F.);
#5076=ADVANCED_FACE('',(#1662),#392,.F.);
#5077=ADVANCED_FACE('',(#1663),#393,.F.);
#5078=ADVANCED_FACE('',(#1664),#394,.F.);
#5079=ADVANCED_FACE('',(#1665),#395,.F.);
#5080=ADVANCED_FACE('',(#1666),#396,.F.);
#5081=ADVANCED_FACE('',(#1667),#397,.F.);
#5082=ADVANCED_FACE('',(#1668),#398,.F.);
#5083=ADVANCED_FACE('',(#1669),#399,.F.);
#5084=ADVANCED_FACE('',(#1670,#256,#257,#258,#259),#400,.T.);
#5085=ADVANCED_FACE('',(#1671),#401,.F.);
#5086=ADVANCED_FACE('',(#1672),#402,.F.);
#5087=ADVANCED_FACE('',(#1673),#403,.F.);
#5088=ADVANCED_FACE('',(#1674),#404,.F.);
#5089=ADVANCED_FACE('',(#1675),#405,.F.);
#5090=ADVANCED_FACE('',(#1676),#406,.F.);
#5091=ADVANCED_FACE('',(#1677),#407,.F.);
#5092=ADVANCED_FACE('',(#1678),#408,.F.);
#5093=ADVANCED_FACE('',(#1679),#409,.F.);
#5094=ADVANCED_FACE('',(#1680),#1464,.F.);
#5095=ADVANCED_FACE('',(#1681),#1465,.F.);
#5096=ADVANCED_FACE('',(#1682),#1466,.F.);
#5097=ADVANCED_FACE('',(#1683),#1467,.F.);
#5098=ADVANCED_FACE('',(#1684),#1468,.F.);
#5099=ADVANCED_FACE('',(#1685),#1469,.F.);
#5100=ADVANCED_FACE('',(#1686,#260,#261),#410,.F.);
#5101=ADVANCED_FACE('',(#1687),#411,.F.);
#5102=ADVANCED_FACE('',(#1688),#412,.F.);
#5103=ADVANCED_FACE('',(#1689,#262,#263,#264,#265),#413,.F.);
#5104=ADVANCED_FACE('',(#1690),#1470,.F.);
#5105=ADVANCED_FACE('',(#1691),#1471,.F.);
#5106=ADVANCED_FACE('',(#1692),#414,.T.);
#5107=ADVANCED_FACE('',(#1693),#415,.F.);
#5108=ADVANCED_FACE('',(#1694),#416,.F.);
#5109=ADVANCED_FACE('',(#1695),#417,.F.);
#5110=ADVANCED_FACE('',(#1696),#418,.F.);
#5111=ADVANCED_FACE('',(#1697),#419,.F.);
#5112=ADVANCED_FACE('',(#1698,#266,#267,#268,#269,#270,#271,#272,#273),
#420,.T.);
#5113=ADVANCED_FACE('',(#1699),#421,.F.);
#5114=ADVANCED_FACE('',(#1700),#422,.F.);
#5115=ADVANCED_FACE('',(#1701),#423,.F.);
#5116=ADVANCED_FACE('',(#1702),#1472,.F.);
#5117=ADVANCED_FACE('',(#1703),#1473,.F.);
#5118=ADVANCED_FACE('',(#1704),#1474,.F.);
#5119=ADVANCED_FACE('',(#1705),#424,.F.);
#5120=ADVANCED_FACE('',(#1706,#274,#275,#276,#277),#425,.F.);
#5121=ADVANCED_FACE('',(#1707),#1475,.F.);
#5122=ADVANCED_FACE('',(#1708),#1476,.F.);
#5123=ADVANCED_FACE('',(#1709),#1477,.F.);
#5124=ADVANCED_FACE('',(#1710),#426,.F.);
#5125=ADVANCED_FACE('',(#1711,#278,#279),#427,.F.);
#5126=ADVANCED_FACE('',(#1712),#428,.F.);
#5127=ADVANCED_FACE('',(#1713),#429,.F.);
#5128=ADVANCED_FACE('',(#1714),#430,.F.);
#5129=ADVANCED_FACE('',(#1715,#280,#281),#431,.F.);
#5130=ADVANCED_FACE('',(#1716),#432,.F.);
#5131=ADVANCED_FACE('',(#1717),#433,.T.);
#5132=ADVANCED_FACE('',(#1718),#434,.F.);
#5133=ADVANCED_FACE('',(#1719),#435,.T.);
#5134=ADVANCED_FACE('',(#1720),#436,.F.);
#5135=ADVANCED_FACE('',(#1721),#437,.F.);
#5136=ADVANCED_FACE('',(#1722),#1478,.F.);
#5137=ADVANCED_FACE('',(#1723),#1479,.F.);
#5138=ADVANCED_FACE('',(#1724),#1480,.F.);
#5139=ADVANCED_FACE('',(#1725),#1481,.T.);
#5140=ADVANCED_FACE('',(#1726,#282,#283,#284,#285,#286,#287),#438,.F.);
#5141=ADVANCED_FACE('',(#1727),#439,.T.);
#5142=ADVANCED_FACE('',(#1728),#1482,.F.);
#5143=ADVANCED_FACE('',(#1729),#1483,.T.);
#5144=ADVANCED_FACE('',(#1730),#440,.T.);
#5145=ADVANCED_FACE('',(#1731),#1484,.F.);
#5146=ADVANCED_FACE('',(#1732),#1485,.T.);
#5147=ADVANCED_FACE('',(#1733,#288,#289,#290,#291,#292,#293,#294,#295,#296),
#441,.T.);
#5148=ADVANCED_FACE('',(#1734),#442,.T.);
#5149=ADVANCED_FACE('',(#1735),#443,.T.);
#5150=ADVANCED_FACE('',(#1736),#1486,.F.);
#5151=ADVANCED_FACE('',(#1737),#1487,.F.);
#5152=ADVANCED_FACE('',(#1738),#1488,.F.);
#5153=ADVANCED_FACE('',(#1739),#1489,.F.);
#5154=ADVANCED_FACE('',(#1740),#1490,.F.);
#5155=ADVANCED_FACE('',(#1741),#1491,.F.);
#5156=ADVANCED_FACE('',(#1742),#444,.T.);
#5157=ADVANCED_FACE('',(#1743),#445,.F.);
#5158=ADVANCED_FACE('',(#1744,#297,#298,#299),#446,.F.);
#5159=ADVANCED_FACE('',(#1745),#447,.T.);
#5160=ADVANCED_FACE('',(#1746),#448,.F.);
#5161=ADVANCED_FACE('',(#1747),#449,.F.);
#5162=ADVANCED_FACE('',(#1748),#450,.F.);
#5163=CLOSED_SHELL('',(#4906,#4907,#4908,#4909,#4910,#4911,#4912,#4913));
#5164=CLOSED_SHELL('',(#4914,#4915,#4916,#4917,#4918,#4919,#4920,#4921,
#4922,#4923,#4924,#4925,#4926,#4927,#4928,#4929,#4930,#4931,#4932,#4933,
#4934,#4935,#4936,#4937,#4938,#4939,#4940));
#5165=CLOSED_SHELL('',(#4941,#4942,#4943,#4944,#4945,#4946,#4947,#4948,
#4949,#4950,#4951,#4952,#4953,#4954,#4955,#4956,#4957,#4958,#4959,#4960,
#4961,#4962));
#5166=CLOSED_SHELL('',(#4963,#4964,#4965,#4966,#4967,#4968,#4969,#4970,
#4971,#4972,#4973,#4974,#4975,#4976,#4977,#4978,#4979,#4980,#4981,#4982,
#4983,#4984,#4985,#4986,#4987,#4988,#4989,#4990));
#5167=CLOSED_SHELL('',(#4991,#4992,#4993,#4994,#4995,#4996,#4997,#4998,
#4999,#5000,#5001,#5002,#5003,#5004,#5005,#5006,#5007,#5008,#5009,#5010));
#5168=CLOSED_SHELL('',(#5011,#5012,#5013,#5014,#5015,#5016,#5017,#5018,
#5019,#5020,#5021,#5022,#5023,#5024,#5025,#5026,#5027,#5028,#5029,#5030,
#5031,#5032,#5033,#5034,#5035,#5036,#5037));
#5169=CLOSED_SHELL('',(#5038,#5039,#5040,#5041,#5042,#5043,#5044,#5045,
#5046,#5047,#5048,#5049,#5050,#5051,#5052,#5053,#5054,#5055,#5056,#5057,
#5058,#5059,#5060,#5061,#5062,#5063,#5064,#5065,#5066,#5067,#5068,#5069,
#5070,#5071,#5072,#5073,#5074,#5075,#5076,#5077,#5078,#5079,#5080,#5081,
#5082,#5083,#5084,#5085,#5086,#5087,#5088,#5089,#5090,#5091,#5092,#5093));
#5170=CLOSED_SHELL('',(#5094,#5095,#5096,#5097,#5098,#5099,#5100,#5101,
#5102,#5103,#5104,#5105,#5106,#5107,#5108,#5109,#5110,#5111,#5112,#5113,
#5114,#5115));
#5171=CLOSED_SHELL('',(#5116,#5117,#5118,#5119,#5120,#5121,#5122,#5123,
#5124,#5125,#5126,#5127,#5128,#5129,#5130,#5131,#5132,#5133,#5134,#5135));
#5172=CLOSED_SHELL('',(#5136,#5137,#5138,#5139,#5140,#5141,#5142,#5143,
#5144,#5145,#5146,#5147,#5148,#5149,#5150,#5151,#5152,#5153,#5154,#5155,
#5156,#5157,#5158,#5159,#5160,#5161,#5162));
#5173=DERIVED_UNIT_ELEMENT(#5175,1.);
#5174=DERIVED_UNIT_ELEMENT(#8649,-3.);
#5175=(
MASS_UNIT()
NAMED_UNIT(*)
SI_UNIT(.KILO.,.GRAM.)
);
#5176=DERIVED_UNIT((#5173,#5174));
#5177=MEASURE_REPRESENTATION_ITEM('density measure',
POSITIVE_RATIO_MEASURE(7750.),#5176);
#5178=PROPERTY_DEFINITION_REPRESENTATION(#5183,#5180);
#5179=PROPERTY_DEFINITION_REPRESENTATION(#5184,#5181);
#5180=REPRESENTATION('material name',(#5182),#8646);
#5181=REPRESENTATION('density',(#5177),#8646);
#5182=DESCRIPTIVE_REPRESENTATION_ITEM('Steel, Plain','Steel, Plain');
#5183=PROPERTY_DEFINITION('material property','material name',#8692);
#5184=PROPERTY_DEFINITION('material property','density of part',#8692);
#5185=AXIS2_PLACEMENT_3D('',#7202,#5701,#5702);
#5186=AXIS2_PLACEMENT_3D('',#7203,#5703,#5704);
#5187=AXIS2_PLACEMENT_3D('',#7204,#5705,#5706);
#5188=AXIS2_PLACEMENT_3D('',#7206,#5707,#5708);
#5189=AXIS2_PLACEMENT_3D('',#7208,#5709,#5710);
#5190=AXIS2_PLACEMENT_3D('',#7209,#5711,#5712);
#5191=AXIS2_PLACEMENT_3D('',#7210,#5713,#5714);
#5192=AXIS2_PLACEMENT_3D('',#7212,#5715,#5716);
#5193=AXIS2_PLACEMENT_3D('',#7214,#5718,#5719);
#5194=AXIS2_PLACEMENT_3D('',#7216,#5720,#5721);
#5195=AXIS2_PLACEMENT_3D('',#7217,#5722,#5723);
#5196=AXIS2_PLACEMENT_3D('',#7219,#5724,#5725);
#5197=AXIS2_PLACEMENT_3D('',#7220,#5726,#5727);
#5198=AXIS2_PLACEMENT_3D('',#7223,#5728,#5729);
#5199=AXIS2_PLACEMENT_3D('',#7224,#5730,#5731);
#5200=AXIS2_PLACEMENT_3D('',#7226,#5733,#5734);
#5201=AXIS2_PLACEMENT_3D('',#7228,#5735,#5736);
#5202=AXIS2_PLACEMENT_3D('',#7229,#5737,#5738);
#5203=AXIS2_PLACEMENT_3D('',#7231,#5739,#5740);
#5204=AXIS2_PLACEMENT_3D('',#7232,#5741,#5742);
#5205=AXIS2_PLACEMENT_3D('',#7233,#5743,#5744);
#5206=AXIS2_PLACEMENT_3D('',#7234,#5745,#5746);
#5207=AXIS2_PLACEMENT_3D('',#7236,#5747,#5748);
#5208=AXIS2_PLACEMENT_3D('',#7239,#5750,#5751);
#5209=AXIS2_PLACEMENT_3D('',#7240,#5752,#5753);
#5210=AXIS2_PLACEMENT_3D('',#7242,#5754,#5755);
#5211=AXIS2_PLACEMENT_3D('',#7245,#5757,#5758);
#5212=AXIS2_PLACEMENT_3D('',#7246,#5759,#5760);
#5213=AXIS2_PLACEMENT_3D('',#7248,#5761,#5762);
#5214=AXIS2_PLACEMENT_3D('',#7251,#5764,#5765);
#5215=AXIS2_PLACEMENT_3D('',#7252,#5766,#5767);
#5216=AXIS2_PLACEMENT_3D('',#7255,#5768,#5769);
#5217=AXIS2_PLACEMENT_3D('',#7259,#5771,#5772);
#5218=AXIS2_PLACEMENT_3D('',#7261,#5774,#5775);
#5219=AXIS2_PLACEMENT_3D('',#7265,#5777,#5778);
#5220=AXIS2_PLACEMENT_3D('',#7269,#5780,#5781);
#5221=AXIS2_PLACEMENT_3D('',#7273,#5783,#5784);
#5222=AXIS2_PLACEMENT_3D('',#7277,#5786,#5787);
#5223=AXIS2_PLACEMENT_3D('',#7286,#5792,#5793);
#5224=AXIS2_PLACEMENT_3D('',#7288,#5794,#5795);
#5225=AXIS2_PLACEMENT_3D('',#7290,#5796,#5797);
#5226=AXIS2_PLACEMENT_3D('',#7292,#5798,#5799);
#5227=AXIS2_PLACEMENT_3D('',#7294,#5800,#5801);
#5228=AXIS2_PLACEMENT_3D('',#7296,#5802,#5803);
#5229=AXIS2_PLACEMENT_3D('',#7297,#5804,#5805);
#5230=AXIS2_PLACEMENT_3D('',#7301,#5808,#5809);
#5231=AXIS2_PLACEMENT_3D('',#7303,#5810,#5811);
#5232=AXIS2_PLACEMENT_3D('',#7305,#5813,#5814);
#5233=AXIS2_PLACEMENT_3D('',#7308,#5815,#5816);
#5234=AXIS2_PLACEMENT_3D('',#7311,#5819,#5820);
#5235=AXIS2_PLACEMENT_3D('',#7315,#5823,#5824);
#5236=AXIS2_PLACEMENT_3D('',#7317,#5825,#5826);
#5237=AXIS2_PLACEMENT_3D('',#7319,#5828,#5829);
#5238=AXIS2_PLACEMENT_3D('',#7322,#5830,#5831);
#5239=AXIS2_PLACEMENT_3D('',#7325,#5834,#5835);
#5240=AXIS2_PLACEMENT_3D('',#7333,#5840,#5841);
#5241=AXIS2_PLACEMENT_3D('',#7342,#5847,#5848);
#5242=AXIS2_PLACEMENT_3D('',#7344,#5849,#5850);
#5243=AXIS2_PLACEMENT_3D('',#7346,#5851,#5852);
#5244=AXIS2_PLACEMENT_3D('',#7348,#5853,#5854);
#5245=AXIS2_PLACEMENT_3D('',#7350,#5855,#5856);
#5246=AXIS2_PLACEMENT_3D('',#7352,#5857,#5858);
#5247=AXIS2_PLACEMENT_3D('',#7353,#5859,#5860);
#5248=AXIS2_PLACEMENT_3D('',#7359,#5864,#5865);
#5249=AXIS2_PLACEMENT_3D('',#7365,#5869,#5870);
#5250=AXIS2_PLACEMENT_3D('',#7367,#5872,#5873);
#5251=AXIS2_PLACEMENT_3D('',#7369,#5875,#5876);
#5252=AXIS2_PLACEMENT_3D('',#7371,#5878,#5879);
#5253=AXIS2_PLACEMENT_3D('',#7372,#5880,#5881);
#5254=AXIS2_PLACEMENT_3D('',#7374,#5883,#5884);
#5255=AXIS2_PLACEMENT_3D('',#7376,#5886,#5887);
#5256=AXIS2_PLACEMENT_3D('',#7378,#5889,#5890);
#5257=AXIS2_PLACEMENT_3D('',#7380,#5892,#5893);
#5258=AXIS2_PLACEMENT_3D('',#7382,#5895,#5896);
#5259=AXIS2_PLACEMENT_3D('',#7384,#5898,#5899);
#5260=AXIS2_PLACEMENT_3D('',#7385,#5900,#5901);
#5261=AXIS2_PLACEMENT_3D('',#7386,#5902,#5903);
#5262=AXIS2_PLACEMENT_3D('',#7388,#5904,#5905);
#5263=AXIS2_PLACEMENT_3D('',#7391,#5907,#5908);
#5264=AXIS2_PLACEMENT_3D('',#7392,#5909,#5910);
#5265=AXIS2_PLACEMENT_3D('',#7394,#5911,#5912);
#5266=AXIS2_PLACEMENT_3D('',#7398,#5914,#5915);
#5267=AXIS2_PLACEMENT_3D('',#7402,#5917,#5918);
#5268=AXIS2_PLACEMENT_3D('',#7405,#5920,#5921);
#5269=AXIS2_PLACEMENT_3D('',#7406,#5922,#5923);
#5270=AXIS2_PLACEMENT_3D('',#7408,#5924,#5925);
#5271=AXIS2_PLACEMENT_3D('',#7411,#5927,#5928);
#5272=AXIS2_PLACEMENT_3D('',#7412,#5929,#5930);
#5273=AXIS2_PLACEMENT_3D('',#7414,#5931,#5932);
#5274=AXIS2_PLACEMENT_3D('',#7417,#5934,#5935);
#5275=AXIS2_PLACEMENT_3D('',#7418,#5936,#5937);
#5276=AXIS2_PLACEMENT_3D('',#7420,#5938,#5939);
#5277=AXIS2_PLACEMENT_3D('',#7424,#5941,#5942);
#5278=AXIS2_PLACEMENT_3D('',#7428,#5944,#5945);
#5279=AXIS2_PLACEMENT_3D('',#7431,#5947,#5948);
#5280=AXIS2_PLACEMENT_3D('',#7432,#5949,#5950);
#5281=AXIS2_PLACEMENT_3D('',#7434,#5951,#5952);
#5282=AXIS2_PLACEMENT_3D('',#7437,#5954,#5955);
#5283=AXIS2_PLACEMENT_3D('',#7438,#5956,#5957);
#5284=AXIS2_PLACEMENT_3D('',#7448,#5963,#5964);
#5285=AXIS2_PLACEMENT_3D('',#7458,#5970,#5971);
#5286=AXIS2_PLACEMENT_3D('',#7465,#5976,#5977);
#5287=AXIS2_PLACEMENT_3D('',#7467,#5978,#5979);
#5288=AXIS2_PLACEMENT_3D('',#7470,#5981,#5982);
#5289=AXIS2_PLACEMENT_3D('',#7471,#5983,#5984);
#5290=AXIS2_PLACEMENT_3D('',#7473,#5985,#5986);
#5291=AXIS2_PLACEMENT_3D('',#7476,#5988,#5989);
#5292=AXIS2_PLACEMENT_3D('',#7477,#5990,#5991);
#5293=AXIS2_PLACEMENT_3D('',#7484,#5996,#5997);
#5294=AXIS2_PLACEMENT_3D('',#7490,#6001,#6002);
#5295=AXIS2_PLACEMENT_3D('',#7491,#6003,#6004);
#5296=AXIS2_PLACEMENT_3D('',#7497,#6008,#6009);
#5297=AXIS2_PLACEMENT_3D('',#7501,#6012,#6013);
#5298=AXIS2_PLACEMENT_3D('',#7505,#6016,#6017);
#5299=AXIS2_PLACEMENT_3D('',#7509,#6020,#6021);
#5300=AXIS2_PLACEMENT_3D('',#7513,#6024,#6025);
#5301=AXIS2_PLACEMENT_3D('',#7515,#6027,#6028);
#5302=AXIS2_PLACEMENT_3D('',#7517,#6030,#6031);
#5303=AXIS2_PLACEMENT_3D('',#7518,#6032,#6033);
#5304=AXIS2_PLACEMENT_3D('',#7520,#6034,#6035);
#5305=AXIS2_PLACEMENT_3D('',#7523,#6037,#6038);
#5306=AXIS2_PLACEMENT_3D('',#7524,#6039,#6040);
#5307=AXIS2_PLACEMENT_3D('',#7526,#6041,#6042);
#5308=AXIS2_PLACEMENT_3D('',#7529,#6044,#6045);
#5309=AXIS2_PLACEMENT_3D('',#7530,#6046,#6047);
#5310=AXIS2_PLACEMENT_3D('',#7532,#6048,#6049);
#5311=AXIS2_PLACEMENT_3D('',#7535,#6051,#6052);
#5312=AXIS2_PLACEMENT_3D('',#7536,#6053,#6054);
#5313=AXIS2_PLACEMENT_3D('',#7538,#6055,#6056);
#5314=AXIS2_PLACEMENT_3D('',#7541,#6058,#6059);
#5315=AXIS2_PLACEMENT_3D('',#7542,#6060,#6061);
#5316=AXIS2_PLACEMENT_3D('',#7545,#6062,#6063);
#5317=AXIS2_PLACEMENT_3D('',#7549,#6065,#6066);
#5318=AXIS2_PLACEMENT_3D('',#7551,#6068,#6069);
#5319=AXIS2_PLACEMENT_3D('',#7555,#6071,#6072);
#5320=AXIS2_PLACEMENT_3D('',#7559,#6074,#6075);
#5321=AXIS2_PLACEMENT_3D('',#7563,#6077,#6078);
#5322=AXIS2_PLACEMENT_3D('',#7567,#6080,#6081);
#5323=AXIS2_PLACEMENT_3D('',#7576,#6086,#6087);
#5324=AXIS2_PLACEMENT_3D('',#7578,#6088,#6089);
#5325=AXIS2_PLACEMENT_3D('',#7580,#6090,#6091);
#5326=AXIS2_PLACEMENT_3D('',#7582,#6092,#6093);
#5327=AXIS2_PLACEMENT_3D('',#7584,#6094,#6095);
#5328=AXIS2_PLACEMENT_3D('',#7586,#6096,#6097);
#5329=AXIS2_PLACEMENT_3D('',#7587,#6098,#6099);
#5330=AXIS2_PLACEMENT_3D('',#7591,#6102,#6103);
#5331=AXIS2_PLACEMENT_3D('',#7593,#6104,#6105);
#5332=AXIS2_PLACEMENT_3D('',#7595,#6107,#6108);
#5333=AXIS2_PLACEMENT_3D('',#7598,#6109,#6110);
#5334=AXIS2_PLACEMENT_3D('',#7601,#6113,#6114);
#5335=AXIS2_PLACEMENT_3D('',#7605,#6117,#6118);
#5336=AXIS2_PLACEMENT_3D('',#7607,#6119,#6120);
#5337=AXIS2_PLACEMENT_3D('',#7609,#6122,#6123);
#5338=AXIS2_PLACEMENT_3D('',#7612,#6124,#6125);
#5339=AXIS2_PLACEMENT_3D('',#7615,#6128,#6129);
#5340=AXIS2_PLACEMENT_3D('',#7623,#6134,#6135);
#5341=AXIS2_PLACEMENT_3D('',#7632,#6141,#6142);
#5342=AXIS2_PLACEMENT_3D('',#7634,#6143,#6144);
#5343=AXIS2_PLACEMENT_3D('',#7636,#6145,#6146);
#5344=AXIS2_PLACEMENT_3D('',#7638,#6147,#6148);
#5345=AXIS2_PLACEMENT_3D('',#7640,#6149,#6150);
#5346=AXIS2_PLACEMENT_3D('',#7642,#6151,#6152);
#5347=AXIS2_PLACEMENT_3D('',#7643,#6153,#6154);
#5348=AXIS2_PLACEMENT_3D('',#7647,#6157,#6158);
#5349=AXIS2_PLACEMENT_3D('',#7651,#6161,#6162);
#5350=AXIS2_PLACEMENT_3D('',#7655,#6165,#6166);
#5351=AXIS2_PLACEMENT_3D('',#7659,#6169,#6170);
#5352=AXIS2_PLACEMENT_3D('',#7661,#6172,#6173);
#5353=AXIS2_PLACEMENT_3D('',#7662,#6174,#6175);
#5354=AXIS2_PLACEMENT_3D('',#7663,#6176,#6177);
#5355=AXIS2_PLACEMENT_3D('',#7665,#6179,#6180);
#5356=AXIS2_PLACEMENT_3D('',#7667,#6182,#6183);
#5357=AXIS2_PLACEMENT_3D('',#7669,#6185,#6186);
#5358=AXIS2_PLACEMENT_3D('',#7671,#6188,#6189);
#5359=AXIS2_PLACEMENT_3D('',#7673,#6191,#6192);
#5360=AXIS2_PLACEMENT_3D('',#7675,#6194,#6195);
#5361=AXIS2_PLACEMENT_3D('',#7676,#6196,#6197);
#5362=AXIS2_PLACEMENT_3D('',#7678,#6198,#6199);
#5363=AXIS2_PLACEMENT_3D('',#7681,#6201,#6202);
#5364=AXIS2_PLACEMENT_3D('',#7682,#6203,#6204);
#5365=AXIS2_PLACEMENT_3D('',#7685,#6205,#6206);
#5366=AXIS2_PLACEMENT_3D('',#7689,#6208,#6209);
#5367=AXIS2_PLACEMENT_3D('',#7691,#6211,#6212);
#5368=AXIS2_PLACEMENT_3D('',#7693,#6213,#6214);
#5369=AXIS2_PLACEMENT_3D('',#7696,#6216,#6217);
#5370=AXIS2_PLACEMENT_3D('',#7697,#6218,#6219);
#5371=AXIS2_PLACEMENT_3D('',#7711,#6227,#6228);
#5372=AXIS2_PLACEMENT_3D('',#7719,#6233,#6234);
#5373=AXIS2_PLACEMENT_3D('',#7721,#6235,#6236);
#5374=AXIS2_PLACEMENT_3D('',#7724,#6238,#6239);
#5375=AXIS2_PLACEMENT_3D('',#7725,#6240,#6241);
#5376=AXIS2_PLACEMENT_3D('',#7727,#6242,#6243);
#5377=AXIS2_PLACEMENT_3D('',#7730,#6245,#6246);
#5378=AXIS2_PLACEMENT_3D('',#7731,#6247,#6248);
#5379=AXIS2_PLACEMENT_3D('',#7733,#6249,#6250);
#5380=AXIS2_PLACEMENT_3D('',#7736,#6252,#6253);
#5381=AXIS2_PLACEMENT_3D('',#7737,#6254,#6255);
#5382=AXIS2_PLACEMENT_3D('',#7743,#6259,#6260);
#5383=AXIS2_PLACEMENT_3D('',#7749,#6264,#6265);
#5384=AXIS2_PLACEMENT_3D('',#7753,#6268,#6269);
#5385=AXIS2_PLACEMENT_3D('',#7761,#6274,#6275);
#5386=AXIS2_PLACEMENT_3D('',#7767,#6279,#6280);
#5387=AXIS2_PLACEMENT_3D('',#7775,#6285,#6286);
#5388=AXIS2_PLACEMENT_3D('',#7778,#6289,#6290);
#5389=AXIS2_PLACEMENT_3D('',#7780,#6292,#6293);
#5390=AXIS2_PLACEMENT_3D('',#7782,#6295,#6296);
#5391=AXIS2_PLACEMENT_3D('',#7783,#6297,#6298);
#5392=AXIS2_PLACEMENT_3D('',#7785,#6300,#6301);
#5393=AXIS2_PLACEMENT_3D('',#7786,#6302,#6303);
#5394=AXIS2_PLACEMENT_3D('',#7788,#6304,#6305);
#5395=AXIS2_PLACEMENT_3D('',#7791,#6307,#6308);
#5396=AXIS2_PLACEMENT_3D('',#7792,#6309,#6310);
#5397=AXIS2_PLACEMENT_3D('',#7794,#6311,#6312);
#5398=AXIS2_PLACEMENT_3D('',#7797,#6314,#6315);
#5399=AXIS2_PLACEMENT_3D('',#7798,#6316,#6317);
#5400=AXIS2_PLACEMENT_3D('',#7800,#6318,#6319);
#5401=AXIS2_PLACEMENT_3D('',#7803,#6321,#6322);
#5402=AXIS2_PLACEMENT_3D('',#7804,#6323,#6324);
#5403=AXIS2_PLACEMENT_3D('',#7807,#6325,#6326);
#5404=AXIS2_PLACEMENT_3D('',#7811,#6328,#6329);
#5405=AXIS2_PLACEMENT_3D('',#7813,#6331,#6332);
#5406=AXIS2_PLACEMENT_3D('',#7817,#6334,#6335);
#5407=AXIS2_PLACEMENT_3D('',#7821,#6337,#6338);
#5408=AXIS2_PLACEMENT_3D('',#7825,#6340,#6341);
#5409=AXIS2_PLACEMENT_3D('',#7829,#6343,#6344);
#5410=AXIS2_PLACEMENT_3D('',#7838,#6349,#6350);
#5411=AXIS2_PLACEMENT_3D('',#7840,#6351,#6352);
#5412=AXIS2_PLACEMENT_3D('',#7842,#6353,#6354);
#5413=AXIS2_PLACEMENT_3D('',#7844,#6355,#6356);
#5414=AXIS2_PLACEMENT_3D('',#7846,#6357,#6358);
#5415=AXIS2_PLACEMENT_3D('',#7848,#6359,#6360);
#5416=AXIS2_PLACEMENT_3D('',#7849,#6361,#6362);
#5417=AXIS2_PLACEMENT_3D('',#7853,#6365,#6366);
#5418=AXIS2_PLACEMENT_3D('',#7855,#6367,#6368);
#5419=AXIS2_PLACEMENT_3D('',#7857,#6370,#6371);
#5420=AXIS2_PLACEMENT_3D('',#7860,#6372,#6373);
#5421=AXIS2_PLACEMENT_3D('',#7863,#6376,#6377);
#5422=AXIS2_PLACEMENT_3D('',#7867,#6380,#6381);
#5423=AXIS2_PLACEMENT_3D('',#7869,#6382,#6383);
#5424=AXIS2_PLACEMENT_3D('',#7871,#6385,#6386);
#5425=AXIS2_PLACEMENT_3D('',#7874,#6387,#6388);
#5426=AXIS2_PLACEMENT_3D('',#7877,#6391,#6392);
#5427=AXIS2_PLACEMENT_3D('',#7888,#6399,#6400);
#5428=AXIS2_PLACEMENT_3D('',#7890,#6401,#6402);
#5429=AXIS2_PLACEMENT_3D('',#7892,#6403,#6404);
#5430=AXIS2_PLACEMENT_3D('',#7894,#6405,#6406);
#5431=AXIS2_PLACEMENT_3D('',#7896,#6407,#6408);
#5432=AXIS2_PLACEMENT_3D('',#7898,#6409,#6410);
#5433=AXIS2_PLACEMENT_3D('',#7899,#6411,#6412);
#5434=AXIS2_PLACEMENT_3D('',#7900,#6413,#6414);
#5435=AXIS2_PLACEMENT_3D('',#7901,#6415,#6416);
#5436=AXIS2_PLACEMENT_3D('',#7907,#6420,#6421);
#5437=AXIS2_PLACEMENT_3D('',#7909,#6423,#6424);
#5438=AXIS2_PLACEMENT_3D('',#7911,#6426,#6427);
#5439=AXIS2_PLACEMENT_3D('',#7913,#6429,#6430);
#5440=AXIS2_PLACEMENT_3D('',#7915,#6432,#6433);
#5441=AXIS2_PLACEMENT_3D('',#7917,#6435,#6436);
#5442=AXIS2_PLACEMENT_3D('',#7919,#6438,#6439);
#5443=AXIS2_PLACEMENT_3D('',#7929,#6445,#6446);
#5444=AXIS2_PLACEMENT_3D('',#7931,#6448,#6449);
#5445=AXIS2_PLACEMENT_3D('',#7933,#6451,#6452);
#5446=AXIS2_PLACEMENT_3D('',#7936,#6455,#6456);
#5447=AXIS2_PLACEMENT_3D('',#7937,#6457,#6458);
#5448=AXIS2_PLACEMENT_3D('',#7938,#6459,#6460);
#5449=AXIS2_PLACEMENT_3D('',#7940,#6461,#6462);
#5450=AXIS2_PLACEMENT_3D('',#7943,#6464,#6465);
#5451=AXIS2_PLACEMENT_3D('',#7944,#6466,#6467);
#5452=AXIS2_PLACEMENT_3D('',#7947,#6468,#6469);
#5453=AXIS2_PLACEMENT_3D('',#7951,#6471,#6472);
#5454=AXIS2_PLACEMENT_3D('',#7953,#6474,#6475);
#5455=AXIS2_PLACEMENT_3D('',#7955,#6476,#6477);
#5456=AXIS2_PLACEMENT_3D('',#7958,#6479,#6480);
#5457=AXIS2_PLACEMENT_3D('',#7959,#6481,#6482);
#5458=AXIS2_PLACEMENT_3D('',#7964,#6484,#6485);
#5459=AXIS2_PLACEMENT_3D('',#7967,#6487,#6488);
#5460=AXIS2_PLACEMENT_3D('',#7968,#6489,#6490);
#5461=AXIS2_PLACEMENT_3D('',#7970,#6491,#6492);
#5462=AXIS2_PLACEMENT_3D('',#7973,#6494,#6495);
#5463=AXIS2_PLACEMENT_3D('',#7974,#6496,#6497);
#5464=AXIS2_PLACEMENT_3D('',#7977,#6498,#6499);
#5465=AXIS2_PLACEMENT_3D('',#7981,#6501,#6502);
#5466=AXIS2_PLACEMENT_3D('',#7983,#6504,#6505);
#5467=AXIS2_PLACEMENT_3D('',#7985,#6506,#6507);
#5468=AXIS2_PLACEMENT_3D('',#7988,#6509,#6510);
#5469=AXIS2_PLACEMENT_3D('',#7989,#6511,#6512);
#5470=AXIS2_PLACEMENT_3D('',#7994,#6514,#6515);
#5471=AXIS2_PLACEMENT_3D('',#7997,#6517,#6518);
#5472=AXIS2_PLACEMENT_3D('',#7998,#6519,#6520);
#5473=AXIS2_PLACEMENT_3D('',#8008,#6526,#6527);
#5474=AXIS2_PLACEMENT_3D('',#8018,#6533,#6534);
#5475=AXIS2_PLACEMENT_3D('',#8030,#6541,#6542);
#5476=AXIS2_PLACEMENT_3D('',#8032,#6543,#6544);
#5477=AXIS2_PLACEMENT_3D('',#8033,#6545,#6546);
#5478=AXIS2_PLACEMENT_3D('',#8041,#6551,#6552);
#5479=AXIS2_PLACEMENT_3D('',#8049,#6557,#6558);
#5480=AXIS2_PLACEMENT_3D('',#8051,#6560,#6561);
#5481=AXIS2_PLACEMENT_3D('',#8055,#6563,#6564);
#5482=AXIS2_PLACEMENT_3D('',#8059,#6566,#6567);
#5483=AXIS2_PLACEMENT_3D('',#8064,#6570,#6571);
#5484=AXIS2_PLACEMENT_3D('',#8068,#6573,#6574);
#5485=AXIS2_PLACEMENT_3D('',#8072,#6577,#6578);
#5486=AXIS2_PLACEMENT_3D('',#8074,#6579,#6580);
#5487=AXIS2_PLACEMENT_3D('',#8076,#6581,#6582);
#5488=AXIS2_PLACEMENT_3D('',#8078,#6583,#6584);
#5489=AXIS2_PLACEMENT_3D('',#8079,#6585,#6586);
#5490=AXIS2_PLACEMENT_3D('',#8083,#6588,#6589);
#5491=AXIS2_PLACEMENT_3D('',#8085,#6590,#6591);
#5492=AXIS2_PLACEMENT_3D('',#8087,#6592,#6593);
#5493=AXIS2_PLACEMENT_3D('',#8089,#6595,#6596);
#5494=AXIS2_PLACEMENT_3D('',#8092,#6597,#6598);
#5495=AXIS2_PLACEMENT_3D('',#8095,#6601,#6602);
#5496=AXIS2_PLACEMENT_3D('',#8097,#6603,#6604);
#5497=AXIS2_PLACEMENT_3D('',#8099,#6606,#6607);
#5498=AXIS2_PLACEMENT_3D('',#8101,#6608,#6609);
#5499=AXIS2_PLACEMENT_3D('',#8103,#6611,#6612);
#5500=AXIS2_PLACEMENT_3D('',#8108,#6616,#6617);
#5501=AXIS2_PLACEMENT_3D('',#8112,#6620,#6621);
#5502=AXIS2_PLACEMENT_3D('',#8122,#6627,#6628);
#5503=AXIS2_PLACEMENT_3D('',#8134,#6635,#6636);
#5504=AXIS2_PLACEMENT_3D('',#8138,#6638,#6639);
#5505=AXIS2_PLACEMENT_3D('',#8140,#6640,#6641);
#5506=AXIS2_PLACEMENT_3D('',#8141,#6642,#6643);
#5507=AXIS2_PLACEMENT_3D('',#8142,#6644,#6645);
#5508=AXIS2_PLACEMENT_3D('',#8144,#6646,#6647);
#5509=AXIS2_PLACEMENT_3D('',#8146,#6649,#6650);
#5510=AXIS2_PLACEMENT_3D('',#8148,#6652,#6653);
#5511=AXIS2_PLACEMENT_3D('',#8150,#6655,#6656);
#5512=AXIS2_PLACEMENT_3D('',#8154,#6660,#6661);
#5513=AXIS2_PLACEMENT_3D('',#8156,#6663,#6664);
#5514=AXIS2_PLACEMENT_3D('',#8157,#6665,#6666);
#5515=AXIS2_PLACEMENT_3D('',#8159,#6668,#6669);
#5516=AXIS2_PLACEMENT_3D('',#8161,#6671,#6672);
#5517=AXIS2_PLACEMENT_3D('',#8164,#6675,#6676);
#5518=AXIS2_PLACEMENT_3D('',#8166,#6678,#6679);
#5519=AXIS2_PLACEMENT_3D('',#8172,#6683,#6684);
#5520=AXIS2_PLACEMENT_3D('',#8174,#6686,#6687);
#5521=AXIS2_PLACEMENT_3D('',#8180,#6692,#6693);
#5522=AXIS2_PLACEMENT_3D('',#8182,#6695,#6696);
#5523=AXIS2_PLACEMENT_3D('',#8184,#6698,#6699);
#5524=AXIS2_PLACEMENT_3D('',#8190,#6703,#6704);
#5525=AXIS2_PLACEMENT_3D('',#8193,#6707,#6708);
#5526=AXIS2_PLACEMENT_3D('',#8194,#6709,#6710);
#5527=AXIS2_PLACEMENT_3D('',#8197,#6713,#6714);
#5528=AXIS2_PLACEMENT_3D('',#8199,#6716,#6717);
#5529=AXIS2_PLACEMENT_3D('',#8202,#6720,#6721);
#5530=AXIS2_PLACEMENT_3D('',#8204,#6723,#6724);
#5531=AXIS2_PLACEMENT_3D('',#8206,#6726,#6727);
#5532=AXIS2_PLACEMENT_3D('',#8207,#6728,#6729);
#5533=AXIS2_PLACEMENT_3D('',#8208,#6730,#6731);
#5534=AXIS2_PLACEMENT_3D('',#8209,#6732,#6733);
#5535=AXIS2_PLACEMENT_3D('',#8210,#6734,#6735);
#5536=AXIS2_PLACEMENT_3D('',#8212,#6737,#6738);
#5537=AXIS2_PLACEMENT_3D('',#8213,#6739,#6740);
#5538=AXIS2_PLACEMENT_3D('',#8214,#6741,#6742);
#5539=AXIS2_PLACEMENT_3D('',#8215,#6743,#6744);
#5540=AXIS2_PLACEMENT_3D('',#8216,#6745,#6746);
#5541=AXIS2_PLACEMENT_3D('',#8218,#6747,#6748);
#5542=AXIS2_PLACEMENT_3D('',#8222,#6750,#6751);
#5543=AXIS2_PLACEMENT_3D('',#8226,#6753,#6754);
#5544=AXIS2_PLACEMENT_3D('',#8229,#6756,#6757);
#5545=AXIS2_PLACEMENT_3D('',#8230,#6758,#6759);
#5546=AXIS2_PLACEMENT_3D('',#8232,#6760,#6761);
#5547=AXIS2_PLACEMENT_3D('',#8235,#6763,#6764);
#5548=AXIS2_PLACEMENT_3D('',#8236,#6765,#6766);
#5549=AXIS2_PLACEMENT_3D('',#8238,#6767,#6768);
#5550=AXIS2_PLACEMENT_3D('',#8241,#6770,#6771);
#5551=AXIS2_PLACEMENT_3D('',#8242,#6772,#6773);
#5552=AXIS2_PLACEMENT_3D('',#8244,#6774,#6775);
#5553=AXIS2_PLACEMENT_3D('',#8248,#6777,#6778);
#5554=AXIS2_PLACEMENT_3D('',#8252,#6780,#6781);
#5555=AXIS2_PLACEMENT_3D('',#8255,#6783,#6784);
#5556=AXIS2_PLACEMENT_3D('',#8256,#6785,#6786);
#5557=AXIS2_PLACEMENT_3D('',#8258,#6787,#6788);
#5558=AXIS2_PLACEMENT_3D('',#8261,#6790,#6791);
#5559=AXIS2_PLACEMENT_3D('',#8262,#6792,#6793);
#5560=AXIS2_PLACEMENT_3D('',#8264,#6794,#6795);
#5561=AXIS2_PLACEMENT_3D('',#8267,#6797,#6798);
#5562=AXIS2_PLACEMENT_3D('',#8268,#6799,#6800);
#5563=AXIS2_PLACEMENT_3D('',#8280,#6807,#6808);
#5564=AXIS2_PLACEMENT_3D('',#8282,#6809,#6810);
#5565=AXIS2_PLACEMENT_3D('',#8283,#6811,#6812);
#5566=AXIS2_PLACEMENT_3D('',#8291,#6817,#6818);
#5567=AXIS2_PLACEMENT_3D('',#8299,#6823,#6824);
#5568=AXIS2_PLACEMENT_3D('',#8306,#6829,#6830);
#5569=AXIS2_PLACEMENT_3D('',#8308,#6831,#6832);
#5570=AXIS2_PLACEMENT_3D('',#8310,#6834,#6835);
#5571=AXIS2_PLACEMENT_3D('',#8312,#6836,#6837);
#5572=AXIS2_PLACEMENT_3D('',#8314,#6839,#6840);
#5573=AXIS2_PLACEMENT_3D('',#8328,#6848,#6849);
#5574=AXIS2_PLACEMENT_3D('',#8331,#6852,#6853);
#5575=AXIS2_PLACEMENT_3D('',#8332,#6854,#6855);
#5576=AXIS2_PLACEMENT_3D('',#8334,#6857,#6858);
#5577=AXIS2_PLACEMENT_3D('',#8338,#6861,#6862);
#5578=AXIS2_PLACEMENT_3D('',#8340,#6864,#6865);
#5579=AXIS2_PLACEMENT_3D('',#8344,#6868,#6869);
#5580=AXIS2_PLACEMENT_3D('',#8346,#6871,#6872);
#5581=AXIS2_PLACEMENT_3D('',#8347,#6873,#6874);
#5582=AXIS2_PLACEMENT_3D('',#8348,#6875,#6876);
#5583=AXIS2_PLACEMENT_3D('',#8351,#6877,#6878);
#5584=AXIS2_PLACEMENT_3D('',#8355,#6880,#6881);
#5585=AXIS2_PLACEMENT_3D('',#8357,#6883,#6884);
#5586=AXIS2_PLACEMENT_3D('',#8359,#6885,#6886);
#5587=AXIS2_PLACEMENT_3D('',#8362,#6888,#6889);
#5588=AXIS2_PLACEMENT_3D('',#8363,#6890,#6891);
#5589=AXIS2_PLACEMENT_3D('',#8365,#6892,#6893);
#5590=AXIS2_PLACEMENT_3D('',#8368,#6895,#6896);
#5591=AXIS2_PLACEMENT_3D('',#8369,#6897,#6898);
#5592=AXIS2_PLACEMENT_3D('',#8383,#6906,#6907);
#5593=AXIS2_PLACEMENT_3D('',#8385,#6908,#6909);
#5594=AXIS2_PLACEMENT_3D('',#8396,#6915,#6916);
#5595=AXIS2_PLACEMENT_3D('',#8398,#6917,#6918);
#5596=AXIS2_PLACEMENT_3D('',#8399,#6919,#6920);
#5597=AXIS2_PLACEMENT_3D('',#8401,#6921,#6922);
#5598=AXIS2_PLACEMENT_3D('',#8403,#6924,#6925);
#5599=AXIS2_PLACEMENT_3D('',#8405,#6926,#6927);
#5600=AXIS2_PLACEMENT_3D('',#8407,#6929,#6930);
#5601=AXIS2_PLACEMENT_3D('',#8409,#6931,#6932);
#5602=AXIS2_PLACEMENT_3D('',#8411,#6934,#6935);
#5603=AXIS2_PLACEMENT_3D('',#8415,#6938,#6939);
#5604=AXIS2_PLACEMENT_3D('',#8421,#6943,#6944);
#5605=AXIS2_PLACEMENT_3D('',#8423,#6946,#6947);
#5606=AXIS2_PLACEMENT_3D('',#8431,#6952,#6953);
#5607=AXIS2_PLACEMENT_3D('',#8437,#6957,#6958);
#5608=AXIS2_PLACEMENT_3D('',#8442,#6962,#6963);
#5609=AXIS2_PLACEMENT_3D('',#8450,#6968,#6969);
#5610=AXIS2_PLACEMENT_3D('',#8453,#6972,#6973);
#5611=AXIS2_PLACEMENT_3D('',#8454,#6974,#6975);
#5612=AXIS2_PLACEMENT_3D('',#8455,#6976,#6977);
#5613=AXIS2_PLACEMENT_3D('',#8457,#6979,#6980);
#5614=AXIS2_PLACEMENT_3D('',#8458,#6981,#6982);
#5615=AXIS2_PLACEMENT_3D('',#8460,#6983,#6984);
#5616=AXIS2_PLACEMENT_3D('',#8463,#6986,#6987);
#5617=AXIS2_PLACEMENT_3D('',#8464,#6988,#6989);
#5618=AXIS2_PLACEMENT_3D('',#8466,#6990,#6991);
#5619=AXIS2_PLACEMENT_3D('',#8469,#6993,#6994);
#5620=AXIS2_PLACEMENT_3D('',#8470,#6995,#6996);
#5621=AXIS2_PLACEMENT_3D('',#8472,#6997,#6998);
#5622=AXIS2_PLACEMENT_3D('',#8475,#7000,#7001);
#5623=AXIS2_PLACEMENT_3D('',#8476,#7002,#7003);
#5624=AXIS2_PLACEMENT_3D('',#8479,#7004,#7005);
#5625=AXIS2_PLACEMENT_3D('',#8483,#7007,#7008);
#5626=AXIS2_PLACEMENT_3D('',#8485,#7010,#7011);
#5627=AXIS2_PLACEMENT_3D('',#8489,#7013,#7014);
#5628=AXIS2_PLACEMENT_3D('',#8493,#7016,#7017);
#5629=AXIS2_PLACEMENT_3D('',#8497,#7019,#7020);
#5630=AXIS2_PLACEMENT_3D('',#8501,#7022,#7023);
#5631=AXIS2_PLACEMENT_3D('',#8510,#7028,#7029);
#5632=AXIS2_PLACEMENT_3D('',#8512,#7030,#7031);
#5633=AXIS2_PLACEMENT_3D('',#8514,#7032,#7033);
#5634=AXIS2_PLACEMENT_3D('',#8516,#7034,#7035);
#5635=AXIS2_PLACEMENT_3D('',#8518,#7036,#7037);
#5636=AXIS2_PLACEMENT_3D('',#8520,#7038,#7039);
#5637=AXIS2_PLACEMENT_3D('',#8521,#7040,#7041);
#5638=AXIS2_PLACEMENT_3D('',#8525,#7044,#7045);
#5639=AXIS2_PLACEMENT_3D('',#8527,#7046,#7047);
#5640=AXIS2_PLACEMENT_3D('',#8529,#7049,#7050);
#5641=AXIS2_PLACEMENT_3D('',#8532,#7051,#7052);
#5642=AXIS2_PLACEMENT_3D('',#8535,#7055,#7056);
#5643=AXIS2_PLACEMENT_3D('',#8539,#7059,#7060);
#5644=AXIS2_PLACEMENT_3D('',#8541,#7061,#7062);
#5645=AXIS2_PLACEMENT_3D('',#8543,#7064,#7065);
#5646=AXIS2_PLACEMENT_3D('',#8546,#7066,#7067);
#5647=AXIS2_PLACEMENT_3D('',#8549,#7070,#7071);
#5648=AXIS2_PLACEMENT_3D('',#8560,#7078,#7079);
#5649=AXIS2_PLACEMENT_3D('',#8562,#7080,#7081);
#5650=AXIS2_PLACEMENT_3D('',#8564,#7082,#7083);
#5651=AXIS2_PLACEMENT_3D('',#8566,#7084,#7085);
#5652=AXIS2_PLACEMENT_3D('',#8568,#7086,#7087);
#5653=AXIS2_PLACEMENT_3D('',#8570,#7088,#7089);
#5654=AXIS2_PLACEMENT_3D('',#8571,#7090,#7091);
#5655=AXIS2_PLACEMENT_3D('',#8572,#7092,#7093);
#5656=AXIS2_PLACEMENT_3D('',#8578,#7097,#7098);
#5657=AXIS2_PLACEMENT_3D('',#8580,#7100,#7101);
#5658=AXIS2_PLACEMENT_3D('',#8582,#7103,#7104);
#5659=AXIS2_PLACEMENT_3D('',#8584,#7106,#7107);
#5660=AXIS2_PLACEMENT_3D('',#8586,#7109,#7110);
#5661=AXIS2_PLACEMENT_3D('',#8588,#7112,#7113);
#5662=AXIS2_PLACEMENT_3D('',#8590,#7115,#7116);
#5663=AXIS2_PLACEMENT_3D('',#8591,#7117,#7118);
#5664=AXIS2_PLACEMENT_3D('',#8595,#7121,#7122);
#5665=AXIS2_PLACEMENT_3D('',#8603,#7127,#7128);
#5666=AXIS2_PLACEMENT_3D('',#8606,#7131,#7132);
#5667=AXIS2_PLACEMENT_3D('',#8608,#7134,#7135);
#5668=AXIS2_PLACEMENT_3D('',#8609,#7136,#7137);
#5669=AXIS2_PLACEMENT_3D('',#8610,#7138,#7139);
#5670=AXIS2_PLACEMENT_3D('',#8611,#7140,#7141);
#5671=AXIS2_PLACEMENT_3D('',#8612,#7142,#7143);
#5672=AXIS2_PLACEMENT_3D('',#8613,#7144,#7145);
#5673=AXIS2_PLACEMENT_3D('',#8614,#7146,#7147);
#5674=AXIS2_PLACEMENT_3D('',#8615,#7148,#7149);
#5675=AXIS2_PLACEMENT_3D('',#8616,#7150,#7151);
#5676=AXIS2_PLACEMENT_3D('',#8617,#7152,#7153);
#5677=AXIS2_PLACEMENT_3D('',#8618,#7154,#7155);
#5678=AXIS2_PLACEMENT_3D('',#8619,#7156,#7157);
#5679=AXIS2_PLACEMENT_3D('',#8620,#7158,#7159);
#5680=AXIS2_PLACEMENT_3D('',#8621,#7160,#7161);
#5681=AXIS2_PLACEMENT_3D('',#8622,#7162,#7163);
#5682=AXIS2_PLACEMENT_3D('',#8623,#7164,#7165);
#5683=AXIS2_PLACEMENT_3D('',#8624,#7166,#7167);
#5684=AXIS2_PLACEMENT_3D('',#8625,#7168,#7169);
#5685=AXIS2_PLACEMENT_3D('',#8626,#7170,#7171);
#5686=AXIS2_PLACEMENT_3D('',#8627,#7172,#7173);
#5687=AXIS2_PLACEMENT_3D('',#8628,#7174,#7175);
#5688=AXIS2_PLACEMENT_3D('',#8629,#7176,#7177);
#5689=AXIS2_PLACEMENT_3D('',#8630,#7178,#7179);
#5690=AXIS2_PLACEMENT_3D('',#8631,#7180,#7181);
#5691=AXIS2_PLACEMENT_3D('',#8632,#7182,#7183);
#5692=AXIS2_PLACEMENT_3D('',#8633,#7184,#7185);
#5693=AXIS2_PLACEMENT_3D('',#8634,#7186,#7187);
#5694=AXIS2_PLACEMENT_3D('',#8635,#7188,#7189);
#5695=AXIS2_PLACEMENT_3D('',#8636,#7190,#7191);
#5696=AXIS2_PLACEMENT_3D('',#8637,#7192,#7193);
#5697=AXIS2_PLACEMENT_3D('',#8638,#7194,#7195);
#5698=AXIS2_PLACEMENT_3D('',#8639,#7196,#7197);
#5699=AXIS2_PLACEMENT_3D('',#8640,#7198,#7199);
#5700=AXIS2_PLACEMENT_3D('',#8641,#7200,#7201);
#5701=DIRECTION('axis',(0.,0.,1.));
#5702=DIRECTION('refdir',(1.,0.,0.));
#5703=DIRECTION('axis',(0.,0.,1.));
#5704=DIRECTION('refdir',(1.,0.,0.));
#5705=DIRECTION('center_axis',(4.89901418732925E-17,0.,-1.));
#5706=DIRECTION('ref_axis',(-1.,0.,-3.58136459556502E-17));
#5707=DIRECTION('center_axis',(4.89901418732925E-17,0.,-1.));
#5708=DIRECTION('ref_axis',(1.,0.,4.89901418732925E-17));
#5709=DIRECTION('center_axis',(-1.22464679914735E-16,-1.,-5.99956204349024E-33));
#5710=DIRECTION('ref_axis',(1.,-1.22464679914735E-16,4.47670574445628E-17));
#5711=DIRECTION('center_axis',(-4.89901418732925E-17,0.,1.));
#5712=DIRECTION('ref_axis',(1.,0.,5.55111512312578E-17));
#5713=DIRECTION('center_axis',(4.89901418732925E-17,0.,-1.));
#5714=DIRECTION('ref_axis',(-1.,0.,0.));
#5715=DIRECTION('center_axis',(4.89901418732925E-17,0.,-1.));
#5716=DIRECTION('ref_axis',(1.,0.,4.89901418732925E-17));
#5717=DIRECTION('',(-4.89901418732925E-17,0.,1.));
#5718=DIRECTION('center_axis',(4.89901418732925E-17,0.,-1.));
#5719=DIRECTION('ref_axis',(-1.,0.,-4.89901418732925E-17));
#5720=DIRECTION('center_axis',(4.89901418732925E-17,0.,-1.));
#5721=DIRECTION('ref_axis',(1.,0.,4.89901418732925E-17));
#5722=DIRECTION('center_axis',(4.89901418732925E-17,0.,-1.));
#5723=DIRECTION('ref_axis',(-1.,0.,-4.89901418732925E-17));
#5724=DIRECTION('center_axis',(4.89901418732925E-17,0.,-1.));
#5725=DIRECTION('ref_axis',(1.,0.,4.89901418732925E-17));
#5726=DIRECTION('center_axis',(4.89901418732925E-17,0.,-1.));
#5727=DIRECTION('ref_axis',(-1.,0.,0.));
#5728=DIRECTION('center_axis',(4.89901418732925E-17,0.,-1.));
#5729=DIRECTION('ref_axis',(1.,0.,4.89901418732925E-17));
#5730=DIRECTION('center_axis',(4.89901418732925E-17,0.,-1.));
#5731=DIRECTION('ref_axis',(1.,0.,4.89901418732925E-17));
#5732=DIRECTION('',(-4.89901418732925E-17,0.,1.));
#5733=DIRECTION('center_axis',(6.12323399573677E-17,0.,1.));
#5734=DIRECTION('ref_axis',(1.,0.,0.));
#5735=DIRECTION('center_axis',(1.22464679914735E-16,-1.,0.));
#5736=DIRECTION('ref_axis',(-1.,-1.22464679914735E-16,0.));
#5737=DIRECTION('center_axis',(-4.89901418732925E-17,0.,1.));
#5738=DIRECTION('ref_axis',(1.,0.,4.89901418732925E-17));
#5739=DIRECTION('center_axis',(4.89901418732925E-17,0.,-1.));
#5740=DIRECTION('ref_axis',(1.,0.,4.89901418732925E-17));
#5741=DIRECTION('center_axis',(4.89901418732925E-17,0.,-1.));
#5742=DIRECTION('ref_axis',(-1.,0.,-4.89901418734124E-17));
#5743=DIRECTION('center_axis',(-1.22464679914735E-16,-1.,-5.99956204349024E-33));
#5744=DIRECTION('ref_axis',(1.,-1.22464679914735E-16,4.89901418733273E-17));
#5745=DIRECTION('center_axis',(0.,0.,-1.));
#5746=DIRECTION('ref_axis',(-1.,0.,0.));
#5747=DIRECTION('center_axis',(0.,0.,-1.));
#5748=DIRECTION('ref_axis',(-1.,0.,0.));
#5749=DIRECTION('',(0.,0.,-1.));
#5750=DIRECTION('center_axis',(0.,0.,1.));
#5751=DIRECTION('ref_axis',(-1.,0.,0.));
#5752=DIRECTION('center_axis',(0.,0.,-1.));
#5753=DIRECTION('ref_axis',(-1.,0.,0.));
#5754=DIRECTION('center_axis',(0.,0.,-1.));
#5755=DIRECTION('ref_axis',(-1.,0.,0.));
#5756=DIRECTION('',(0.,0.,-1.));
#5757=DIRECTION('center_axis',(0.,0.,1.));
#5758=DIRECTION('ref_axis',(-1.,0.,0.));
#5759=DIRECTION('center_axis',(0.,0.,-1.));
#5760=DIRECTION('ref_axis',(-1.,0.,0.));
#5761=DIRECTION('center_axis',(0.,0.,-1.));
#5762=DIRECTION('ref_axis',(-1.,0.,0.));
#5763=DIRECTION('',(0.,0.,-1.));
#5764=DIRECTION('center_axis',(0.,0.,1.));
#5765=DIRECTION('ref_axis',(-1.,0.,0.));
#5766=DIRECTION('center_axis',(0.,0.,1.));
#5767=DIRECTION('ref_axis',(-0.707106781186554,-0.707106781186541,0.));
#5768=DIRECTION('center_axis',(0.,0.,-1.));
#5769=DIRECTION('ref_axis',(-0.707106781186554,-0.707106781186541,0.));
#5770=DIRECTION('',(0.,0.,-1.));
#5771=DIRECTION('center_axis',(0.,0.,1.));
#5772=DIRECTION('ref_axis',(-0.707106781186554,-0.707106781186541,0.));
#5773=DIRECTION('',(0.,0.,1.));
#5774=DIRECTION('center_axis',(0.,0.,1.));
#5775=DIRECTION('ref_axis',(1.,0.,0.));
#5776=DIRECTION('',(0.,1.,0.));
#5777=DIRECTION('center_axis',(0.,0.,-1.));
#5778=DIRECTION('ref_axis',(0.707106781186548,0.707106781186548,0.));
#5779=DIRECTION('',(1.,0.,0.));
#5780=DIRECTION('center_axis',(0.,0.,1.));
#5781=DIRECTION('ref_axis',(-0.707106781186548,-0.707106781186548,0.));
#5782=DIRECTION('',(0.,-1.,0.));
#5783=DIRECTION('center_axis',(0.,0.,-1.));
#5784=DIRECTION('ref_axis',(0.707106781186548,0.707106781186548,0.));
#5785=DIRECTION('',(-1.,0.,0.));
#5786=DIRECTION('center_axis',(0.,0.,1.));
#5787=DIRECTION('ref_axis',(-0.707106781186554,-0.707106781186541,0.));
#5788=DIRECTION('',(0.,-1.,0.));
#5789=DIRECTION('',(1.,0.,0.));
#5790=DIRECTION('',(0.,-1.,0.));
#5791=DIRECTION('',(1.,0.,0.));
#5792=DIRECTION('center_axis',(0.,0.,-1.));
#5793=DIRECTION('ref_axis',(1.,0.,0.));
#5794=DIRECTION('center_axis',(0.,0.,-1.));
#5795=DIRECTION('ref_axis',(1.,0.,0.));
#5796=DIRECTION('center_axis',(0.,0.,-1.));
#5797=DIRECTION('ref_axis',(1.,0.,0.));
#5798=DIRECTION('center_axis',(0.,0.,-1.));
#5799=DIRECTION('ref_axis',(1.,0.,0.));
#5800=DIRECTION('center_axis',(0.,0.,-1.));
#5801=DIRECTION('ref_axis',(1.,0.,0.));
#5802=DIRECTION('center_axis',(0.,0.,-1.));
#5803=DIRECTION('ref_axis',(1.,0.,0.));
#5804=DIRECTION('center_axis',(-1.,0.,0.));
#5805=DIRECTION('ref_axis',(0.,-1.,0.));
#5806=DIRECTION('',(0.,-1.,0.));
#5807=DIRECTION('',(0.,0.,1.));
#5808=DIRECTION('center_axis',(0.,0.,1.));
#5809=DIRECTION('ref_axis',(0.707106781186548,0.707106781186548,0.));
#5810=DIRECTION('center_axis',(0.,0.,1.));
#5811=DIRECTION('ref_axis',(0.707106781186548,0.707106781186548,0.));
#5812=DIRECTION('',(0.,0.,-1.));
#5813=DIRECTION('center_axis',(0.,0.,1.));
#5814=DIRECTION('ref_axis',(-0.707106781186548,-0.707106781186548,0.));
#5815=DIRECTION('center_axis',(0.,0.,-1.));
#5816=DIRECTION('ref_axis',(-0.707106781186548,-0.707106781186548,0.));
#5817=DIRECTION('',(0.,0.,-1.));
#5818=DIRECTION('',(0.,0.,1.));
#5819=DIRECTION('center_axis',(-1.,0.,0.));
#5820=DIRECTION('ref_axis',(0.,-1.,0.));
#5821=DIRECTION('',(0.,-1.,0.));
#5822=DIRECTION('',(0.,0.,1.));
#5823=DIRECTION('center_axis',(0.,0.,1.));
#5824=DIRECTION('ref_axis',(0.707106781186548,0.707106781186548,0.));
#5825=DIRECTION('center_axis',(0.,0.,1.));
#5826=DIRECTION('ref_axis',(0.707106781186548,0.707106781186548,0.));
#5827=DIRECTION('',(0.,0.,-1.));
#5828=DIRECTION('center_axis',(0.,0.,1.));
#5829=DIRECTION('ref_axis',(-0.707106781186554,-0.707106781186541,0.));
#5830=DIRECTION('center_axis',(0.,0.,-1.));
#5831=DIRECTION('ref_axis',(-0.707106781186554,-0.707106781186541,0.));
#5832=DIRECTION('',(0.,0.,-1.));
#5833=DIRECTION('',(0.,0.,1.));
#5834=DIRECTION('center_axis',(-1.,0.,0.));
#5835=DIRECTION('ref_axis',(0.,-1.,0.));
#5836=DIRECTION('',(0.,-1.,0.));
#5837=DIRECTION('',(0.,0.,-1.));
#5838=DIRECTION('',(0.,-1.,0.));
#5839=DIRECTION('',(0.,0.,-1.));
#5840=DIRECTION('center_axis',(0.,0.,1.));
#5841=DIRECTION('ref_axis',(1.,0.,0.));
#5842=DIRECTION('',(1.,0.,0.));
#5843=DIRECTION('',(0.,1.,0.));
#5844=DIRECTION('',(-1.,0.,0.));
#5845=DIRECTION('',(1.,0.,0.));
#5846=DIRECTION('',(1.,0.,0.));
#5847=DIRECTION('center_axis',(0.,0.,-1.));
#5848=DIRECTION('ref_axis',(1.,0.,0.));
#5849=DIRECTION('center_axis',(0.,0.,-1.));
#5850=DIRECTION('ref_axis',(1.,0.,0.));
#5851=DIRECTION('center_axis',(0.,0.,-1.));
#5852=DIRECTION('ref_axis',(1.,0.,0.));
#5853=DIRECTION('center_axis',(0.,0.,-1.));
#5854=DIRECTION('ref_axis',(1.,0.,0.));
#5855=DIRECTION('center_axis',(0.,0.,-1.));
#5856=DIRECTION('ref_axis',(1.,0.,0.));
#5857=DIRECTION('center_axis',(0.,0.,-1.));
#5858=DIRECTION('ref_axis',(1.,0.,0.));
#5859=DIRECTION('center_axis',(-1.,0.,0.));
#5860=DIRECTION('ref_axis',(0.,0.,-1.));
#5861=DIRECTION('',(0.,0.,1.));
#5862=DIRECTION('',(0.,-1.,0.));
#5863=DIRECTION('',(0.,0.,-1.));
#5864=DIRECTION('center_axis',(-1.,0.,0.));
#5865=DIRECTION('ref_axis',(0.,0.,-1.));
#5866=DIRECTION('',(0.,0.,1.));
#5867=DIRECTION('',(0.,0.,-1.));
#5868=DIRECTION('',(0.,-1.,0.));
#5869=DIRECTION('center_axis',(0.,-1.,0.));
#5870=DIRECTION('ref_axis',(1.,0.,0.));
#5871=DIRECTION('',(1.,0.,0.));
#5872=DIRECTION('center_axis',(0.,-1.,0.));
#5873=DIRECTION('ref_axis',(0.,0.,1.));
#5874=DIRECTION('',(-1.,0.,0.));
#5875=DIRECTION('center_axis',(0.,0.,1.));
#5876=DIRECTION('ref_axis',(0.,1.,0.));
#5877=DIRECTION('',(-1.,0.,0.));
#5878=DIRECTION('center_axis',(0.,-1.,0.));
#5879=DIRECTION('ref_axis',(0.,0.,1.));
#5880=DIRECTION('center_axis',(0.,0.,1.));
#5881=DIRECTION('ref_axis',(1.,0.,0.));
#5882=DIRECTION('',(0.,0.,-1.));
#5883=DIRECTION('center_axis',(0.,0.,1.));
#5884=DIRECTION('ref_axis',(1.,0.,0.));
#5885=DIRECTION('',(0.,0.,-1.));
#5886=DIRECTION('center_axis',(0.,0.,1.));
#5887=DIRECTION('ref_axis',(1.,0.,0.));
#5888=DIRECTION('',(0.,0.,-1.));
#5889=DIRECTION('center_axis',(0.,0.,1.));
#5890=DIRECTION('ref_axis',(1.,0.,0.));
#5891=DIRECTION('',(0.,0.,-1.));
#5892=DIRECTION('center_axis',(0.,0.,1.));
#5893=DIRECTION('ref_axis',(1.,0.,0.));
#5894=DIRECTION('',(0.,0.,-1.));
#5895=DIRECTION('center_axis',(0.,0.,1.));
#5896=DIRECTION('ref_axis',(1.,0.,0.));
#5897=DIRECTION('',(0.,0.,-1.));
#5898=DIRECTION('center_axis',(0.,-1.,0.));
#5899=DIRECTION('ref_axis',(1.,0.,0.));
#5900=DIRECTION('center_axis',(0.,-1.,0.));
#5901=DIRECTION('ref_axis',(1.,0.,0.));
#5902=DIRECTION('center_axis',(0.,0.,-1.));
#5903=DIRECTION('ref_axis',(-1.,0.,0.));
#5904=DIRECTION('center_axis',(0.,0.,-1.));
#5905=DIRECTION('ref_axis',(-1.,0.,0.));
#5906=DIRECTION('',(0.,0.,-1.));
#5907=DIRECTION('center_axis',(0.,0.,1.));
#5908=DIRECTION('ref_axis',(-1.,0.,0.));
#5909=DIRECTION('center_axis',(0.,0.,-1.));
#5910=DIRECTION('ref_axis',(-1.,0.,0.));
#5911=DIRECTION('center_axis',(0.,0.,-1.));
#5912=DIRECTION('ref_axis',(-1.,0.,0.));
#5913=DIRECTION('',(0.,0.,-1.));
#5914=DIRECTION('center_axis',(0.,0.,1.));
#5915=DIRECTION('ref_axis',(-1.,0.,0.));
#5916=DIRECTION('',(0.,0.,1.));
#5917=DIRECTION('center_axis',(0.,0.,1.));
#5918=DIRECTION('ref_axis',(-1.,0.,0.));
#5919=DIRECTION('',(0.,0.,-1.));
#5920=DIRECTION('center_axis',(0.,0.,1.));
#5921=DIRECTION('ref_axis',(-1.,0.,0.));
#5922=DIRECTION('center_axis',(0.,0.,-1.));
#5923=DIRECTION('ref_axis',(-1.,0.,0.));
#5924=DIRECTION('center_axis',(0.,0.,-1.));
#5925=DIRECTION('ref_axis',(-1.,0.,0.));
#5926=DIRECTION('',(0.,0.,-1.));
#5927=DIRECTION('center_axis',(0.,0.,1.));
#5928=DIRECTION('ref_axis',(-1.,0.,0.));
#5929=DIRECTION('center_axis',(0.,0.,-1.));
#5930=DIRECTION('ref_axis',(-1.,0.,0.));
#5931=DIRECTION('center_axis',(0.,0.,-1.));
#5932=DIRECTION('ref_axis',(-1.,0.,0.));
#5933=DIRECTION('',(0.,0.,-1.));
#5934=DIRECTION('center_axis',(0.,0.,1.));
#5935=DIRECTION('ref_axis',(-1.,0.,0.));
#5936=DIRECTION('center_axis',(0.,0.,-1.));
#5937=DIRECTION('ref_axis',(-1.,0.,0.));
#5938=DIRECTION('center_axis',(0.,0.,-1.));
#5939=DIRECTION('ref_axis',(-1.,0.,0.));
#5940=DIRECTION('',(0.,0.,-1.));
#5941=DIRECTION('center_axis',(0.,0.,1.));
#5942=DIRECTION('ref_axis',(-1.,0.,0.));
#5943=DIRECTION('',(0.,0.,1.));
#5944=DIRECTION('center_axis',(0.,0.,1.));
#5945=DIRECTION('ref_axis',(-1.,0.,0.));
#5946=DIRECTION('',(0.,0.,-1.));
#5947=DIRECTION('center_axis',(0.,0.,1.));
#5948=DIRECTION('ref_axis',(-1.,0.,0.));
#5949=DIRECTION('center_axis',(0.,0.,-1.));
#5950=DIRECTION('ref_axis',(-1.,0.,0.));
#5951=DIRECTION('center_axis',(0.,0.,-1.));
#5952=DIRECTION('ref_axis',(-1.,0.,0.));
#5953=DIRECTION('',(0.,0.,-1.));
#5954=DIRECTION('center_axis',(0.,0.,1.));
#5955=DIRECTION('ref_axis',(-1.,0.,0.));
#5956=DIRECTION('center_axis',(-1.,0.,0.));
#5957=DIRECTION('ref_axis',(0.,0.,-1.));
#5958=DIRECTION('',(0.,-1.,0.));
#5959=DIRECTION('',(0.,0.,1.));
#5960=DIRECTION('',(0.,0.999999284857947,-0.00119594464566032));
#5961=DIRECTION('',(0.,0.,1.));
#5962=DIRECTION('',(0.,-1.,0.));
#5963=DIRECTION('center_axis',(-1.,0.,0.));
#5964=DIRECTION('ref_axis',(0.,0.,-1.));
#5965=DIRECTION('',(0.,-1.,0.));
#5966=DIRECTION('',(0.,0.,-1.));
#5967=DIRECTION('',(0.,0.999999284857947,0.00119594464566032));
#5968=DIRECTION('',(0.,0.,-1.));
#5969=DIRECTION('',(0.,-1.,0.));
#5970=DIRECTION('center_axis',(0.,0.,1.));
#5971=DIRECTION('ref_axis',(1.,0.,0.));
#5972=DIRECTION('',(-1.,0.,0.));
#5973=DIRECTION('',(0.,-1.,0.));
#5974=DIRECTION('',(1.,0.,0.));
#5975=DIRECTION('',(0.,-1.,0.));
#5976=DIRECTION('center_axis',(0.,0.,-1.));
#5977=DIRECTION('ref_axis',(-1.,0.,0.));
#5978=DIRECTION('center_axis',(0.,0.,-1.));
#5979=DIRECTION('ref_axis',(-1.,0.,0.));
#5980=DIRECTION('',(0.,0.,-1.));
#5981=DIRECTION('center_axis',(0.,0.,1.));
#5982=DIRECTION('ref_axis',(-1.,0.,0.));
#5983=DIRECTION('center_axis',(0.,0.,-1.));
#5984=DIRECTION('ref_axis',(-1.,0.,0.));
#5985=DIRECTION('center_axis',(0.,0.,-1.));
#5986=DIRECTION('ref_axis',(-1.,0.,0.));
#5987=DIRECTION('',(0.,0.,-1.));
#5988=DIRECTION('center_axis',(0.,0.,1.));
#5989=DIRECTION('ref_axis',(-1.,0.,0.));
#5990=DIRECTION('center_axis',(0.,0.,1.));
#5991=DIRECTION('ref_axis',(-1.,0.,0.));
#5992=DIRECTION('',(0.,-1.,0.));
#5993=DIRECTION('',(-1.,0.,0.));
#5994=DIRECTION('',(0.,-1.,0.));
#5995=DIRECTION('',(1.,0.,0.));
#5996=DIRECTION('center_axis',(-1.,0.,0.));
#5997=DIRECTION('ref_axis',(0.,0.,-1.));
#5998=DIRECTION('',(0.,0.,1.));
#5999=DIRECTION('',(0.,0.,-1.));
#6000=DIRECTION('',(0.,1.,0.));
#6001=DIRECTION('center_axis',(-1.,0.,0.));
#6002=DIRECTION('ref_axis',(0.,0.,-1.));
#6003=DIRECTION('center_axis',(0.,1.,0.));
#6004=DIRECTION('ref_axis',(0.,0.,-1.));
#6005=DIRECTION('',(1.,0.,0.));
#6006=DIRECTION('',(0.,0.,1.));
#6007=DIRECTION('',(-1.,0.,0.));
#6008=DIRECTION('center_axis',(0.,0.,1.));
#6009=DIRECTION('ref_axis',(1.,0.,0.));
#6010=DIRECTION('',(-1.,0.,0.));
#6011=DIRECTION('',(0.,-1.,0.));
#6012=DIRECTION('center_axis',(0.,-1.,0.));
#6013=DIRECTION('ref_axis',(0.,0.,1.));
#6014=DIRECTION('',(0.,0.,-1.));
#6015=DIRECTION('',(-1.,0.,0.));
#6016=DIRECTION('center_axis',(0.,0.00119594464566032,-0.999999284857947));
#6017=DIRECTION('ref_axis',(0.,-0.999999284857947,-0.00119594464566032));
#6018=DIRECTION('',(0.,0.999999284857947,0.00119594464566032));
#6019=DIRECTION('',(-1.,0.,0.));
#6020=DIRECTION('center_axis',(0.,1.,0.));
#6021=DIRECTION('ref_axis',(0.,0.,-1.));
#6022=DIRECTION('',(-1.,0.,0.));
#6023=DIRECTION('',(0.,0.,1.));
#6024=DIRECTION('center_axis',(0.,-0.00119594464566032,-0.999999284857947));
#6025=DIRECTION('ref_axis',(0.,-0.999999284857947,0.00119594464566032));
#6026=DIRECTION('',(0.,0.999999284857947,-0.00119594464566032));
#6027=DIRECTION('center_axis',(0.,-1.,0.));
#6028=DIRECTION('ref_axis',(0.,0.,1.));
#6029=DIRECTION('',(0.,0.,-1.));
#6030=DIRECTION('center_axis',(-1.,0.,0.));
#6031=DIRECTION('ref_axis',(0.,-1.,0.));
#6032=DIRECTION('center_axis',(0.,0.,-1.));
#6033=DIRECTION('ref_axis',(-1.,0.,0.));
#6034=DIRECTION('center_axis',(0.,0.,-1.));
#6035=DIRECTION('ref_axis',(-1.,0.,0.));
#6036=DIRECTION('',(0.,0.,-1.));
#6037=DIRECTION('center_axis',(0.,0.,1.));
#6038=DIRECTION('ref_axis',(-1.,0.,0.));
#6039=DIRECTION('center_axis',(0.,0.,-1.));
#6040=DIRECTION('ref_axis',(-1.,0.,0.));
#6041=DIRECTION('center_axis',(0.,0.,-1.));
#6042=DIRECTION('ref_axis',(-1.,0.,0.));
#6043=DIRECTION('',(0.,0.,-1.));
#6044=DIRECTION('center_axis',(0.,0.,1.));
#6045=DIRECTION('ref_axis',(-1.,0.,0.));
#6046=DIRECTION('center_axis',(0.,0.,-1.));
#6047=DIRECTION('ref_axis',(-1.,0.,0.));
#6048=DIRECTION('center_axis',(0.,0.,-1.));
#6049=DIRECTION('ref_axis',(-1.,0.,0.));
#6050=DIRECTION('',(0.,0.,-1.));
#6051=DIRECTION('center_axis',(0.,0.,1.));
#6052=DIRECTION('ref_axis',(-1.,0.,0.));
#6053=DIRECTION('center_axis',(2.4826185551774E-10,0.,1.));
#6054=DIRECTION('ref_axis',(-2.44929282972535E-16,-1.,6.08065818657934E-26));
#6055=DIRECTION('center_axis',(0.,0.,1.));
#6056=DIRECTION('ref_axis',(-2.44929282972535E-16,-1.,0.));
#6057=DIRECTION('',(2.4826185551774E-10,0.,1.));
#6058=DIRECTION('center_axis',(0.,0.,-1.));
#6059=DIRECTION('ref_axis',(-2.44929282972535E-16,-1.,0.));
#6060=DIRECTION('center_axis',(0.,0.,1.));
#6061=DIRECTION('ref_axis',(-0.707106781186541,0.707106781186554,0.));
#6062=DIRECTION('center_axis',(0.,0.,-1.));
#6063=DIRECTION('ref_axis',(-0.707106781186541,0.707106781186554,0.));
#6064=DIRECTION('',(0.,0.,-1.));
#6065=DIRECTION('center_axis',(0.,0.,1.));
#6066=DIRECTION('ref_axis',(-0.707106781186541,0.707106781186554,0.));
#6067=DIRECTION('',(0.,0.,1.));
#6068=DIRECTION('center_axis',(0.,0.,1.));
#6069=DIRECTION('ref_axis',(1.,0.,0.));
#6070=DIRECTION('',(-1.,4.22942104619107E-16,0.));
#6071=DIRECTION('center_axis',(0.,0.,-1.));
#6072=DIRECTION('ref_axis',(0.707106781186548,-0.707106781186548,0.));
#6073=DIRECTION('',(1.77635683940025E-15,1.,0.));
#6074=DIRECTION('center_axis',(0.,0.,1.));
#6075=DIRECTION('ref_axis',(-0.707106781186548,0.707106781186548,0.));
#6076=DIRECTION('',(1.,-3.5527136788005E-15,0.));
#6077=DIRECTION('center_axis',(0.,0.,-1.));
#6078=DIRECTION('ref_axis',(0.707106781186548,-0.707106781186548,0.));
#6079=DIRECTION('',(0.,-1.,0.));
#6080=DIRECTION('center_axis',(0.,0.,1.));
#6081=DIRECTION('ref_axis',(-0.707106781186541,0.707106781186554,0.));
#6082=DIRECTION('',(-1.,0.,0.));
#6083=DIRECTION('',(0.,-1.,0.));
#6084=DIRECTION('',(-1.,0.,0.));
#6085=DIRECTION('',(0.,-1.,0.));
#6086=DIRECTION('center_axis',(0.,0.,-1.));
#6087=DIRECTION('ref_axis',(1.,0.,0.));
#6088=DIRECTION('center_axis',(0.,0.,-1.));
#6089=DIRECTION('ref_axis',(1.,0.,0.));
#6090=DIRECTION('center_axis',(0.,0.,-1.));
#6091=DIRECTION('ref_axis',(1.,0.,0.));
#6092=DIRECTION('center_axis',(0.,0.,-1.));
#6093=DIRECTION('ref_axis',(1.,0.,0.));
#6094=DIRECTION('center_axis',(0.,0.,-1.));
#6095=DIRECTION('ref_axis',(1.,0.,0.));
#6096=DIRECTION('center_axis',(0.,0.,-1.));
#6097=DIRECTION('ref_axis',(1.,0.,0.));
#6098=DIRECTION('center_axis',(4.22942104619107E-16,1.,0.));
#6099=DIRECTION('ref_axis',(-1.,4.22942104619107E-16,0.));
#6100=DIRECTION('',(-1.,4.22942104619107E-16,0.));
#6101=DIRECTION('',(0.,0.,1.));
#6102=DIRECTION('center_axis',(0.,0.,1.));
#6103=DIRECTION('ref_axis',(0.707106781186548,-0.707106781186548,0.));
#6104=DIRECTION('center_axis',(0.,0.,1.));
#6105=DIRECTION('ref_axis',(0.707106781186548,-0.707106781186548,0.));
#6106=DIRECTION('',(0.,0.,-1.));
#6107=DIRECTION('center_axis',(0.,0.,1.));
#6108=DIRECTION('ref_axis',(-0.707106781186548,0.707106781186548,0.));
#6109=DIRECTION('center_axis',(0.,0.,-1.));
#6110=DIRECTION('ref_axis',(-0.707106781186548,0.707106781186548,0.));
#6111=DIRECTION('',(0.,0.,-1.));
#6112=DIRECTION('',(0.,0.,1.));
#6113=DIRECTION('center_axis',(3.5527136788005E-15,1.,0.));
#6114=DIRECTION('ref_axis',(-1.,3.5527136788005E-15,0.));
#6115=DIRECTION('',(-1.,3.5527136788005E-15,0.));
#6116=DIRECTION('',(0.,0.,1.));
#6117=DIRECTION('center_axis',(0.,0.,1.));
#6118=DIRECTION('ref_axis',(0.707106781186548,-0.707106781186548,0.));
#6119=DIRECTION('center_axis',(0.,0.,1.));
#6120=DIRECTION('ref_axis',(0.707106781186548,-0.707106781186548,0.));
#6121=DIRECTION('',(0.,0.,-1.));
#6122=DIRECTION('center_axis',(0.,0.,1.));
#6123=DIRECTION('ref_axis',(-0.707106781186541,0.707106781186554,0.));
#6124=DIRECTION('center_axis',(0.,0.,-1.));
#6125=DIRECTION('ref_axis',(-0.707106781186541,0.707106781186554,0.));
#6126=DIRECTION('',(0.,0.,-1.));
#6127=DIRECTION('',(0.,0.,1.));
#6128=DIRECTION('center_axis',(0.,1.,0.));
#6129=DIRECTION('ref_axis',(-1.,0.,0.));
#6130=DIRECTION('',(-1.,0.,0.));
#6131=DIRECTION('',(0.,0.,-1.));
#6132=DIRECTION('',(-1.,0.,0.));
#6133=DIRECTION('',(0.,0.,-1.));
#6134=DIRECTION('center_axis',(0.,0.,1.));
#6135=DIRECTION('ref_axis',(1.,0.,0.));
#6136=DIRECTION('',(0.,-1.,0.));
#6137=DIRECTION('',(1.,0.,0.));
#6138=DIRECTION('',(0.,1.,0.));
#6139=DIRECTION('',(0.,-1.,0.));
#6140=DIRECTION('',(-1.77635683940025E-15,-1.,0.));
#6141=DIRECTION('center_axis',(0.,0.,-1.));
#6142=DIRECTION('ref_axis',(1.,0.,0.));
#6143=DIRECTION('center_axis',(0.,0.,-1.));
#6144=DIRECTION('ref_axis',(1.,0.,0.));
#6145=DIRECTION('center_axis',(0.,0.,-1.));
#6146=DIRECTION('ref_axis',(1.,0.,0.));
#6147=DIRECTION('center_axis',(0.,0.,-1.));
#6148=DIRECTION('ref_axis',(1.,0.,0.));
#6149=DIRECTION('center_axis',(0.,0.,-1.));
#6150=DIRECTION('ref_axis',(1.,0.,0.));
#6151=DIRECTION('center_axis',(0.,0.,-1.));
#6152=DIRECTION('ref_axis',(1.,0.,0.));
#6153=DIRECTION('center_axis',(-1.,0.,0.));
#6154=DIRECTION('ref_axis',(0.,0.,-1.));
#6155=DIRECTION('',(0.,0.,1.));
#6156=DIRECTION('',(0.,-1.,0.));
#6157=DIRECTION('center_axis',(-1.,0.,0.));
#6158=DIRECTION('ref_axis',(0.,0.,-1.));
#6159=DIRECTION('',(0.,0.,1.));
#6160=DIRECTION('',(0.,-1.,0.));
#6161=DIRECTION('center_axis',(0.,1.,0.));
#6162=DIRECTION('ref_axis',(0.,0.,-1.));
#6163=DIRECTION('',(0.,0.,1.));
#6164=DIRECTION('',(-1.,0.,0.));
#6165=DIRECTION('center_axis',(0.,0.,1.));
#6166=DIRECTION('ref_axis',(0.,1.,0.));
#6167=DIRECTION('',(0.,-1.,0.));
#6168=DIRECTION('',(-1.,0.,0.));
#6169=DIRECTION('center_axis',(0.,1.,0.));
#6170=DIRECTION('ref_axis',(0.,0.,-1.));
#6171=DIRECTION('',(0.,0.,1.));
#6172=DIRECTION('center_axis',(-1.,0.,0.));
#6173=DIRECTION('ref_axis',(0.,-1.,0.));
#6174=DIRECTION('center_axis',(-1.,1.77635683940025E-15,0.));
#6175=DIRECTION('ref_axis',(-1.77635683940025E-15,-1.,0.));
#6176=DIRECTION('center_axis',(0.,0.,1.));
#6177=DIRECTION('ref_axis',(1.,0.,0.));
#6178=DIRECTION('',(0.,0.,-1.));
#6179=DIRECTION('center_axis',(0.,0.,1.));
#6180=DIRECTION('ref_axis',(1.,0.,0.));
#6181=DIRECTION('',(0.,0.,-1.));
#6182=DIRECTION('center_axis',(0.,0.,1.));
#6183=DIRECTION('ref_axis',(1.,0.,0.));
#6184=DIRECTION('',(0.,0.,-1.));
#6185=DIRECTION('center_axis',(0.,0.,1.));
#6186=DIRECTION('ref_axis',(1.,0.,0.));
#6187=DIRECTION('',(0.,0.,-1.));
#6188=DIRECTION('center_axis',(0.,0.,1.));
#6189=DIRECTION('ref_axis',(1.,0.,0.));
#6190=DIRECTION('',(0.,0.,-1.));
#6191=DIRECTION('center_axis',(0.,0.,1.));
#6192=DIRECTION('ref_axis',(1.,0.,0.));
#6193=DIRECTION('',(0.,0.,-1.));
#6194=DIRECTION('center_axis',(-1.,0.,0.));
#6195=DIRECTION('ref_axis',(0.,-1.,0.));
#6196=DIRECTION('center_axis',(0.,0.,-1.));
#6197=DIRECTION('ref_axis',(-1.,0.,0.));
#6198=DIRECTION('center_axis',(0.00119594464566032,0.,-0.999999284857947));
#6199=DIRECTION('ref_axis',(-0.999999284857947,0.,-0.00119594464566032));
#6200=DIRECTION('',(0.,0.,-1.));
#6201=DIRECTION('center_axis',(0.,0.,1.));
#6202=DIRECTION('ref_axis',(-1.,0.,0.));
#6203=DIRECTION('center_axis',(0.,0.,-1.));
#6204=DIRECTION('ref_axis',(1.83697019872103E-16,-1.,0.));
#6205=DIRECTION('center_axis',(0.,0.,1.));
#6206=DIRECTION('ref_axis',(-1.,0.,0.));
#6207=DIRECTION('',(0.,0.,-1.));
#6208=DIRECTION('center_axis',(0.00119594464566032,0.,-0.999999284857947));
#6209=DIRECTION('ref_axis',(-0.999999284857947,0.,-0.00119594464566032));
#6210=DIRECTION('',(0.,0.,1.));
#6211=DIRECTION('center_axis',(0.,0.,-1.));
#6212=DIRECTION('ref_axis',(-1.,0.,0.));
#6213=DIRECTION('center_axis',(0.00119594464566032,0.,-0.999999284857947));
#6214=DIRECTION('ref_axis',(-0.999999284857947,0.,-0.00119594464566032));
#6215=DIRECTION('',(0.,0.,-1.));
#6216=DIRECTION('center_axis',(0.,0.,1.));
#6217=DIRECTION('ref_axis',(-1.,0.,0.));
#6218=DIRECTION('center_axis',(0.,-1.,0.));
#6219=DIRECTION('ref_axis',(0.,0.,1.));
#6220=DIRECTION('',(1.,0.,0.));
#6221=DIRECTION('',(0.,0.,1.));
#6222=DIRECTION('',(0.999999284857947,0.,-0.00119594464566032));
#6223=DIRECTION('',(0.,0.,1.));
#6224=DIRECTION('',(-1.,0.,0.));
#6225=DIRECTION('',(0.,0.,-1.));
#6226=DIRECTION('',(0.999999284857947,0.,0.00119594464566032));
#6227=DIRECTION('center_axis',(0.00119594464566032,0.,-0.999999284857947));
#6228=DIRECTION('ref_axis',(0.999999284857947,0.,0.00119594464566032));
#6229=DIRECTION('',(0.,-1.,0.));
#6230=DIRECTION('',(-0.999999284857947,0.,-0.00119594464566032));
#6231=DIRECTION('',(0.,-1.,0.));
#6232=DIRECTION('',(0.999999284857947,0.,0.00119594464566032));
#6233=DIRECTION('center_axis',(0.,0.,-1.));
#6234=DIRECTION('ref_axis',(-1.,0.,0.));
#6235=DIRECTION('center_axis',(-0.00119594464566032,0.,-0.999999284857947));
#6236=DIRECTION('ref_axis',(-0.999999284857947,0.,0.00119594464566032));
#6237=DIRECTION('',(0.,0.,-1.));
#6238=DIRECTION('center_axis',(0.,0.,1.));
#6239=DIRECTION('ref_axis',(-1.,0.,0.));
#6240=DIRECTION('center_axis',(0.,0.,-1.));
#6241=DIRECTION('ref_axis',(1.83697019872103E-16,-1.,0.));
#6242=DIRECTION('center_axis',(0.,0.,1.));
#6243=DIRECTION('ref_axis',(-1.,0.,0.));
#6244=DIRECTION('',(0.,0.,-1.));
#6245=DIRECTION('center_axis',(-0.00119594464566032,0.,-0.999999284857947));
#6246=DIRECTION('ref_axis',(-0.999999284857947,0.,0.00119594464566032));
#6247=DIRECTION('center_axis',(0.,0.,-1.));
#6248=DIRECTION('ref_axis',(-1.,0.,0.));
#6249=DIRECTION('center_axis',(-0.00119594464566032,0.,-0.999999284857947));
#6250=DIRECTION('ref_axis',(-0.999999284857947,0.,0.00119594464566032));
#6251=DIRECTION('',(0.,0.,-1.));
#6252=DIRECTION('center_axis',(0.,0.,1.));
#6253=DIRECTION('ref_axis',(-1.,0.,0.));
#6254=DIRECTION('center_axis',(0.,-1.,0.));
#6255=DIRECTION('ref_axis',(0.,0.,1.));
#6256=DIRECTION('',(1.,0.,0.));
#6257=DIRECTION('',(0.,0.,1.));
#6258=DIRECTION('',(0.999999284857947,0.,-0.00119594464566032));
#6259=DIRECTION('center_axis',(-0.00119594464566032,0.,-0.999999284857947));
#6260=DIRECTION('ref_axis',(0.999999284857947,0.,-0.00119594464566032));
#6261=DIRECTION('',(0.,-1.,0.));
#6262=DIRECTION('',(-0.999999284857947,0.,0.00119594464566032));
#6263=DIRECTION('',(0.,-1.,0.));
#6264=DIRECTION('center_axis',(1.,0.,0.));
#6265=DIRECTION('ref_axis',(0.,0.,1.));
#6266=DIRECTION('',(0.,0.,-1.));
#6267=DIRECTION('',(0.,1.,0.));
#6268=DIRECTION('center_axis',(1.,0.,0.));
#6269=DIRECTION('ref_axis',(0.,0.,1.));
#6270=DIRECTION('',(0.,0.,-1.));
#6271=DIRECTION('',(0.,-1.,0.));
#6272=DIRECTION('',(0.,0.,1.));
#6273=DIRECTION('',(0.,1.,0.));
#6274=DIRECTION('center_axis',(-1.,0.,0.));
#6275=DIRECTION('ref_axis',(0.,0.,-1.));
#6276=DIRECTION('',(0.,0.,1.));
#6277=DIRECTION('',(0.,-1.,0.));
#6278=DIRECTION('',(0.,0.,-1.));
#6279=DIRECTION('center_axis',(-1.,0.,0.));
#6280=DIRECTION('ref_axis',(0.,0.,-1.));
#6281=DIRECTION('',(0.,-1.,0.));
#6282=DIRECTION('',(0.,0.,-1.));
#6283=DIRECTION('',(0.,1.,0.));
#6284=DIRECTION('',(0.,0.,1.));
#6285=DIRECTION('center_axis',(0.,0.,1.));
#6286=DIRECTION('ref_axis',(1.,0.,0.));
#6287=DIRECTION('',(1.,0.,0.));
#6288=DIRECTION('',(1.,0.,0.));
#6289=DIRECTION('center_axis',(0.,-1.,0.));
#6290=DIRECTION('ref_axis',(1.,0.,0.));
#6291=DIRECTION('',(1.,0.,0.));
#6292=DIRECTION('center_axis',(0.,0.,1.));
#6293=DIRECTION('ref_axis',(1.,0.,0.));
#6294=DIRECTION('',(-1.,0.,0.));
#6295=DIRECTION('center_axis',(0.,-1.,0.));
#6296=DIRECTION('ref_axis',(0.,0.,1.));
#6297=DIRECTION('center_axis',(0.,-1.,0.));
#6298=DIRECTION('ref_axis',(0.,0.,1.));
#6299=DIRECTION('',(-1.,0.,0.));
#6300=DIRECTION('center_axis',(0.,0.,1.));
#6301=DIRECTION('ref_axis',(0.,1.,0.));
#6302=DIRECTION('center_axis',(0.,0.,-1.));
#6303=DIRECTION('ref_axis',(-1.,0.,0.));
#6304=DIRECTION('center_axis',(0.,0.,-1.));
#6305=DIRECTION('ref_axis',(-1.,0.,0.));
#6306=DIRECTION('',(0.,0.,-1.));
#6307=DIRECTION('center_axis',(0.,0.,1.));
#6308=DIRECTION('ref_axis',(-1.,0.,0.));
#6309=DIRECTION('center_axis',(0.,0.,-1.));
#6310=DIRECTION('ref_axis',(-1.,0.,0.));
#6311=DIRECTION('center_axis',(0.,0.,-1.));
#6312=DIRECTION('ref_axis',(-1.,0.,0.));
#6313=DIRECTION('',(0.,0.,-1.));
#6314=DIRECTION('center_axis',(0.,0.,1.));
#6315=DIRECTION('ref_axis',(-1.,0.,0.));
#6316=DIRECTION('center_axis',(0.,0.,-1.));
#6317=DIRECTION('ref_axis',(-1.,0.,0.));
#6318=DIRECTION('center_axis',(0.,0.,-1.));
#6319=DIRECTION('ref_axis',(-1.,0.,0.));
#6320=DIRECTION('',(0.,0.,-1.));
#6321=DIRECTION('center_axis',(0.,0.,1.));
#6322=DIRECTION('ref_axis',(-1.,0.,0.));
#6323=DIRECTION('center_axis',(0.,0.,1.));
#6324=DIRECTION('ref_axis',(0.707106781186541,-0.707106781186554,0.));
#6325=DIRECTION('center_axis',(0.,0.,-1.));
#6326=DIRECTION('ref_axis',(0.707106781186541,-0.707106781186554,0.));
#6327=DIRECTION('',(0.,0.,-1.));
#6328=DIRECTION('center_axis',(0.,0.,1.));
#6329=DIRECTION('ref_axis',(0.707106781186541,-0.707106781186554,0.));
#6330=DIRECTION('',(0.,0.,1.));
#6331=DIRECTION('center_axis',(0.,0.,1.));
#6332=DIRECTION('ref_axis',(1.,0.,0.));
#6333=DIRECTION('',(1.,0.,0.));
#6334=DIRECTION('center_axis',(0.,0.,-1.));
#6335=DIRECTION('ref_axis',(-0.707106781186548,0.707106781186548,0.));
#6336=DIRECTION('',(0.,-1.,0.));
#6337=DIRECTION('center_axis',(0.,0.,1.));
#6338=DIRECTION('ref_axis',(0.707106781186548,-0.707106781186548,0.));
#6339=DIRECTION('',(-1.,0.,0.));
#6340=DIRECTION('center_axis',(0.,0.,-1.));
#6341=DIRECTION('ref_axis',(-0.707106781186548,0.707106781186548,0.));
#6342=DIRECTION('',(0.,1.,0.));
#6343=DIRECTION('center_axis',(0.,0.,1.));
#6344=DIRECTION('ref_axis',(0.707106781186541,-0.707106781186554,0.));
#6345=DIRECTION('',(1.,0.,0.));
#6346=DIRECTION('',(0.,1.,0.));
#6347=DIRECTION('',(1.,0.,0.));
#6348=DIRECTION('',(0.,1.,0.));
#6349=DIRECTION('center_axis',(0.,0.,-1.));
#6350=DIRECTION('ref_axis',(1.,0.,0.));
#6351=DIRECTION('center_axis',(0.,0.,-1.));
#6352=DIRECTION('ref_axis',(1.,0.,0.));
#6353=DIRECTION('center_axis',(0.,0.,-1.));
#6354=DIRECTION('ref_axis',(1.,0.,0.));
#6355=DIRECTION('center_axis',(0.,0.,-1.));
#6356=DIRECTION('ref_axis',(1.,0.,0.));
#6357=DIRECTION('center_axis',(0.,0.,-1.));
#6358=DIRECTION('ref_axis',(1.,0.,0.));
#6359=DIRECTION('center_axis',(0.,0.,-1.));
#6360=DIRECTION('ref_axis',(1.,0.,0.));
#6361=DIRECTION('center_axis',(0.,-1.,0.));
#6362=DIRECTION('ref_axis',(1.,0.,0.));
#6363=DIRECTION('',(1.,0.,0.));
#6364=DIRECTION('',(0.,0.,1.));
#6365=DIRECTION('center_axis',(0.,0.,1.));
#6366=DIRECTION('ref_axis',(-0.707106781186548,0.707106781186548,0.));
#6367=DIRECTION('center_axis',(0.,0.,1.));
#6368=DIRECTION('ref_axis',(-0.707106781186548,0.707106781186548,0.));
#6369=DIRECTION('',(0.,0.,-1.));
#6370=DIRECTION('center_axis',(0.,0.,1.));
#6371=DIRECTION('ref_axis',(0.707106781186548,-0.707106781186548,0.));
#6372=DIRECTION('center_axis',(0.,0.,-1.));
#6373=DIRECTION('ref_axis',(0.707106781186548,-0.707106781186548,0.));
#6374=DIRECTION('',(0.,0.,-1.));
#6375=DIRECTION('',(0.,0.,1.));
#6376=DIRECTION('center_axis',(0.,-1.,0.));
#6377=DIRECTION('ref_axis',(1.,0.,0.));
#6378=DIRECTION('',(1.,0.,0.));
#6379=DIRECTION('',(0.,0.,1.));
#6380=DIRECTION('center_axis',(0.,0.,1.));
#6381=DIRECTION('ref_axis',(-0.707106781186548,0.707106781186548,0.));
#6382=DIRECTION('center_axis',(0.,0.,1.));
#6383=DIRECTION('ref_axis',(-0.707106781186548,0.707106781186548,0.));
#6384=DIRECTION('',(0.,0.,-1.));
#6385=DIRECTION('center_axis',(0.,0.,1.));
#6386=DIRECTION('ref_axis',(0.707106781186541,-0.707106781186554,0.));
#6387=DIRECTION('center_axis',(0.,0.,-1.));
#6388=DIRECTION('ref_axis',(0.707106781186541,-0.707106781186554,0.));
#6389=DIRECTION('',(0.,0.,-1.));
#6390=DIRECTION('',(0.,0.,1.));
#6391=DIRECTION('center_axis',(0.,0.,1.));
#6392=DIRECTION('ref_axis',(1.,0.,0.));
#6393=DIRECTION('',(0.,1.,0.));
#6394=DIRECTION('',(-1.,0.,0.));
#6395=DIRECTION('',(0.,-1.,0.));
#6396=DIRECTION('',(1.,0.,0.));
#6397=DIRECTION('',(0.,1.,0.));
#6398=DIRECTION('',(0.,1.,0.));
#6399=DIRECTION('center_axis',(0.,0.,-1.));
#6400=DIRECTION('ref_axis',(1.,0.,0.));
#6401=DIRECTION('center_axis',(0.,0.,-1.));
#6402=DIRECTION('ref_axis',(1.,0.,0.));
#6403=DIRECTION('center_axis',(0.,0.,-1.));
#6404=DIRECTION('ref_axis',(1.,0.,0.));
#6405=DIRECTION('center_axis',(0.,0.,-1.));
#6406=DIRECTION('ref_axis',(1.,0.,0.));
#6407=DIRECTION('center_axis',(0.,0.,-1.));
#6408=DIRECTION('ref_axis',(1.,0.,0.));
#6409=DIRECTION('center_axis',(0.,0.,-1.));
#6410=DIRECTION('ref_axis',(1.,0.,0.));
#6411=DIRECTION('center_axis',(1.,0.,0.));
#6412=DIRECTION('ref_axis',(0.,1.,0.));
#6413=DIRECTION('center_axis',(1.,0.,0.));
#6414=DIRECTION('ref_axis',(0.,1.,0.));
#6415=DIRECTION('center_axis',(1.,0.,0.));
#6416=DIRECTION('ref_axis',(0.,1.,0.));
#6417=DIRECTION('',(0.,0.,1.));
#6418=DIRECTION('',(0.,1.,0.));
#6419=DIRECTION('',(0.,0.,1.));
#6420=DIRECTION('center_axis',(0.,0.,1.));
#6421=DIRECTION('ref_axis',(1.,0.,0.));
#6422=DIRECTION('',(0.,0.,-1.));
#6423=DIRECTION('center_axis',(0.,0.,1.));
#6424=DIRECTION('ref_axis',(1.,0.,0.));
#6425=DIRECTION('',(0.,0.,-1.));
#6426=DIRECTION('center_axis',(0.,0.,1.));
#6427=DIRECTION('ref_axis',(1.,0.,0.));
#6428=DIRECTION('',(0.,0.,-1.));
#6429=DIRECTION('center_axis',(0.,0.,1.));
#6430=DIRECTION('ref_axis',(1.,0.,0.));
#6431=DIRECTION('',(0.,0.,-1.));
#6432=DIRECTION('center_axis',(0.,0.,1.));
#6433=DIRECTION('ref_axis',(1.,0.,0.));
#6434=DIRECTION('',(0.,0.,-1.));
#6435=DIRECTION('center_axis',(0.,0.,1.));
#6436=DIRECTION('ref_axis',(1.,0.,0.));
#6437=DIRECTION('',(0.,0.,-1.));
#6438=DIRECTION('center_axis',(0.,0.,1.));
#6439=DIRECTION('ref_axis',(0.,1.,0.));
#6440=DIRECTION('',(-1.,0.,0.));
#6441=DIRECTION('',(-1.,0.,0.));
#6442=DIRECTION('',(0.,-1.,0.));
#6443=DIRECTION('',(1.,0.,0.));
#6444=DIRECTION('',(0.,1.,0.));
#6445=DIRECTION('center_axis',(0.,-1.,0.));
#6446=DIRECTION('ref_axis',(0.,0.,1.));
#6447=DIRECTION('',(0.,0.,1.));
#6448=DIRECTION('center_axis',(0.,-1.,0.));
#6449=DIRECTION('ref_axis',(0.,0.,1.));
#6450=DIRECTION('',(0.,0.,1.));
#6451=DIRECTION('center_axis',(0.,-1.,0.));
#6452=DIRECTION('ref_axis',(1.,0.,0.));
#6453=DIRECTION('',(0.,0.,-1.));
#6454=DIRECTION('',(0.,0.,-1.));
#6455=DIRECTION('center_axis',(1.,0.,0.));
#6456=DIRECTION('ref_axis',(0.,0.,1.));
#6457=DIRECTION('center_axis',(1.,0.,0.));
#6458=DIRECTION('ref_axis',(0.,0.,1.));
#6459=DIRECTION('center_axis',(0.,0.,-1.));
#6460=DIRECTION('ref_axis',(-1.,0.,0.));
#6461=DIRECTION('center_axis',(0.,0.,-1.));
#6462=DIRECTION('ref_axis',(-1.,0.,0.));
#6463=DIRECTION('',(0.,0.,-1.));
#6464=DIRECTION('center_axis',(0.,0.,1.));
#6465=DIRECTION('ref_axis',(-1.,0.,0.));
#6466=DIRECTION('center_axis',(0.,0.,-1.));
#6467=DIRECTION('ref_axis',(-1.,0.,0.));
#6468=DIRECTION('center_axis',(0.00119594464566032,0.,-0.999999284857947));
#6469=DIRECTION('ref_axis',(-0.999999284857947,0.,-0.00119594464566032));
#6470=DIRECTION('',(0.,0.,1.));
#6471=DIRECTION('center_axis',(0.,0.,1.));
#6472=DIRECTION('ref_axis',(-1.,0.,0.));
#6473=DIRECTION('',(0.,0.,-1.));
#6474=DIRECTION('center_axis',(0.,0.,-1.));
#6475=DIRECTION('ref_axis',(-1.,0.,0.));
#6476=DIRECTION('center_axis',(0.,0.,-1.));
#6477=DIRECTION('ref_axis',(-1.,0.,0.));
#6478=DIRECTION('',(0.,0.,-1.));
#6479=DIRECTION('center_axis',(0.,0.,1.));
#6480=DIRECTION('ref_axis',(-1.,0.,0.));
#6481=DIRECTION('center_axis',(0.,0.,-1.));
#6482=DIRECTION('ref_axis',(1.,-1.22464679914735E-16,0.));
#6483=DIRECTION('',(0.,0.,-1.));
#6484=DIRECTION('center_axis',(-0.00119594464566032,0.,-0.999999284857947));
#6485=DIRECTION('ref_axis',(-0.999999284857947,0.,0.00119594464566032));
#6486=DIRECTION('',(0.,0.,1.));
#6487=DIRECTION('center_axis',(0.,0.,1.));
#6488=DIRECTION('ref_axis',(-1.,0.,0.));
#6489=DIRECTION('center_axis',(0.,0.,-1.));
#6490=DIRECTION('ref_axis',(-1.,0.,0.));
#6491=DIRECTION('center_axis',(0.,0.,-1.));
#6492=DIRECTION('ref_axis',(-1.,0.,0.));
#6493=DIRECTION('',(0.,0.,-1.));
#6494=DIRECTION('center_axis',(0.,0.,1.));
#6495=DIRECTION('ref_axis',(-1.,0.,0.));
#6496=DIRECTION('center_axis',(0.,0.,-1.));
#6497=DIRECTION('ref_axis',(-1.,0.,0.));
#6498=DIRECTION('center_axis',(0.00119594464566032,0.,-0.999999284857947));
#6499=DIRECTION('ref_axis',(-0.999999284857947,0.,-0.00119594464566032));
#6500=DIRECTION('',(0.,0.,1.));
#6501=DIRECTION('center_axis',(0.,0.,1.));
#6502=DIRECTION('ref_axis',(-1.,0.,0.));
#6503=DIRECTION('',(0.,0.,-1.));
#6504=DIRECTION('center_axis',(0.,0.,-1.));
#6505=DIRECTION('ref_axis',(-1.,0.,0.));
#6506=DIRECTION('center_axis',(0.,0.,-1.));
#6507=DIRECTION('ref_axis',(-1.,0.,0.));
#6508=DIRECTION('',(0.,0.,-1.));
#6509=DIRECTION('center_axis',(0.,0.,1.));
#6510=DIRECTION('ref_axis',(-1.,0.,0.));
#6511=DIRECTION('center_axis',(0.,0.,-1.));
#6512=DIRECTION('ref_axis',(1.,-1.22464679914735E-16,0.));
#6513=DIRECTION('',(0.,0.,-1.));
#6514=DIRECTION('center_axis',(-0.00119594464566032,0.,-0.999999284857947));
#6515=DIRECTION('ref_axis',(-0.999999284857947,0.,0.00119594464566032));
#6516=DIRECTION('',(0.,0.,1.));
#6517=DIRECTION('center_axis',(0.,0.,1.));
#6518=DIRECTION('ref_axis',(-1.,0.,0.));
#6519=DIRECTION('center_axis',(-1.,0.,0.));
#6520=DIRECTION('ref_axis',(0.,0.,-1.));
#6521=DIRECTION('',(0.,-1.,0.));
#6522=DIRECTION('',(0.,0.,1.));
#6523=DIRECTION('',(0.,0.999999284857947,-0.00119594464566032));
#6524=DIRECTION('',(0.,0.,1.));
#6525=DIRECTION('',(0.,-1.,0.));
#6526=DIRECTION('center_axis',(-1.,0.,0.));
#6527=DIRECTION('ref_axis',(0.,0.,-1.));
#6528=DIRECTION('',(0.,-1.,0.));
#6529=DIRECTION('',(0.,0.,-1.));
#6530=DIRECTION('',(0.,0.999999284857947,0.00119594464566032));
#6531=DIRECTION('',(0.,0.,-1.));
#6532=DIRECTION('',(0.,-1.,0.));
#6533=DIRECTION('center_axis',(-0.00119594464566032,0.,-0.999999284857947));
#6534=DIRECTION('ref_axis',(0.999999284857947,0.,-0.00119594464566032));
#6535=DIRECTION('',(0.,-1.,0.));
#6536=DIRECTION('',(-0.999999284857947,0.,0.00119594464566032));
#6537=DIRECTION('',(0.,-1.,0.));
#6538=DIRECTION('',(0.999999284857947,0.,-0.00119594464566032));
#6539=DIRECTION('',(0.,-1.,0.));
#6540=DIRECTION('',(0.,-1.,0.));
#6541=DIRECTION('center_axis',(-0.00119594464566032,0.,-0.999999284857947));
#6542=DIRECTION('ref_axis',(-0.999999284857947,0.,0.00119594464566032));
#6543=DIRECTION('center_axis',(-0.00119594464566032,0.,-0.999999284857947));
#6544=DIRECTION('ref_axis',(-0.999999284857947,0.,0.00119594464566032));
#6545=DIRECTION('center_axis',(1.,0.,0.));
#6546=DIRECTION('ref_axis',(0.,0.,1.));
#6547=DIRECTION('',(0.,0.,1.));
#6548=DIRECTION('',(0.,-0.999999284857947,-0.00119594464566032));
#6549=DIRECTION('',(0.,0.,1.));
#6550=DIRECTION('',(0.,1.,0.));
#6551=DIRECTION('center_axis',(1.,0.,0.));
#6552=DIRECTION('ref_axis',(0.,0.,1.));
#6553=DIRECTION('',(0.,1.,0.));
#6554=DIRECTION('',(0.,0.,-1.));
#6555=DIRECTION('',(0.,-0.999999284857947,0.00119594464566032));
#6556=DIRECTION('',(0.,0.,-1.));
#6557=DIRECTION('center_axis',(1.,0.,0.));
#6558=DIRECTION('ref_axis',(0.,0.,1.));
#6559=DIRECTION('',(0.,1.,0.));
#6560=DIRECTION('center_axis',(0.,0.,1.));
#6561=DIRECTION('ref_axis',(1.,0.,0.));
#6562=DIRECTION('',(-1.,0.,0.));
#6563=DIRECTION('center_axis',(0.,0.,1.));
#6564=DIRECTION('ref_axis',(-1.,0.,0.));
#6565=DIRECTION('',(-1.,0.,0.));
#6566=DIRECTION('center_axis',(0.,0.,1.));
#6567=DIRECTION('ref_axis',(-1.,0.,0.));
#6568=DIRECTION('',(-1.,0.,0.));
#6569=DIRECTION('',(1.,0.,0.));
#6570=DIRECTION('center_axis',(0.,0.,1.));
#6571=DIRECTION('ref_axis',(-1.,0.,0.));
#6572=DIRECTION('',(1.,0.,0.));
#6573=DIRECTION('center_axis',(0.,0.,1.));
#6574=DIRECTION('ref_axis',(-1.,0.,0.));
#6575=DIRECTION('',(1.,0.,0.));
#6576=DIRECTION('',(0.,-1.,0.));
#6577=DIRECTION('center_axis',(0.,0.,1.));
#6578=DIRECTION('ref_axis',(-1.,0.,0.));
#6579=DIRECTION('center_axis',(0.,0.,1.));
#6580=DIRECTION('ref_axis',(-1.,0.,0.));
#6581=DIRECTION('center_axis',(0.,0.,1.));
#6582=DIRECTION('ref_axis',(-1.,0.,0.));
#6583=DIRECTION('center_axis',(0.,0.,1.));
#6584=DIRECTION('ref_axis',(-1.,0.,0.));
#6585=DIRECTION('center_axis',(0.,0.,-1.));
#6586=DIRECTION('ref_axis',(1.83697019872103E-16,-1.,0.));
#6587=DIRECTION('',(0.,0.,-1.));
#6588=DIRECTION('center_axis',(0.00119594464566032,0.,-0.999999284857947));
#6589=DIRECTION('ref_axis',(-0.999999284857947,0.,-0.00119594464566032));
#6590=DIRECTION('center_axis',(0.,0.00119594464566032,-0.999999284857947));
#6591=DIRECTION('ref_axis',(0.,0.999999284857947,0.00119594464566032));
#6592=DIRECTION('center_axis',(0.00119594464566032,0.,-0.999999284857947));
#6593=DIRECTION('ref_axis',(-0.999999284857947,0.,-0.00119594464566032));
#6594=DIRECTION('',(0.,0.,1.));
#6595=DIRECTION('center_axis',(0.,0.,-1.));
#6596=DIRECTION('ref_axis',(-1.,0.,0.));
#6597=DIRECTION('center_axis',(0.00119594464566032,0.,-0.999999284857947));
#6598=DIRECTION('ref_axis',(-0.999999284857947,0.,-0.00119594464566032));
#6599=DIRECTION('',(0.,0.,1.));
#6600=DIRECTION('',(0.,0.,-1.));
#6601=DIRECTION('center_axis',(0.,0.,-1.));
#6602=DIRECTION('ref_axis',(-1.,0.,0.));
#6603=DIRECTION('center_axis',(0.00119594464566032,0.,-0.999999284857947));
#6604=DIRECTION('ref_axis',(-0.999999284857947,0.,-0.00119594464566032));
#6605=DIRECTION('',(0.,0.,-1.));
#6606=DIRECTION('center_axis',(0.,0.,-1.));
#6607=DIRECTION('ref_axis',(-1.,0.,0.));
#6608=DIRECTION('center_axis',(0.00119594464566032,0.,-0.999999284857947));
#6609=DIRECTION('ref_axis',(-0.999999284857947,0.,-0.00119594464566032));
#6610=DIRECTION('',(0.,0.,-1.));
#6611=DIRECTION('center_axis',(0.,0.00119594464566032,-0.999999284857947));
#6612=DIRECTION('ref_axis',(0.,-0.999999284857947,-0.00119594464566032));
#6613=DIRECTION('',(-0.707106528345514,-0.707106528345514,-0.000845660871253929));
#6614=DIRECTION('',(-1.,0.,0.));
#6615=DIRECTION('',(-0.707106528345514,-0.707106528345514,-0.000845660871253929));
#6616=DIRECTION('center_axis',(0.00119594464566032,0.,-0.999999284857947));
#6617=DIRECTION('ref_axis',(0.999999284857947,0.,0.00119594464566032));
#6618=DIRECTION('',(0.999999284857947,0.,0.00119594464566032));
#6619=DIRECTION('',(0.,-1.,0.));
#6620=DIRECTION('center_axis',(0.,-1.,0.));
#6621=DIRECTION('ref_axis',(0.,0.,1.));
#6622=DIRECTION('',(0.,0.,1.));
#6623=DIRECTION('',(0.999999284857947,0.,-0.00119594464566032));
#6624=DIRECTION('',(0.,0.,1.));
#6625=DIRECTION('',(-1.,0.,0.));
#6626=DIRECTION('',(0.,0.,-1.));
#6627=DIRECTION('center_axis',(0.,1.,0.));
#6628=DIRECTION('ref_axis',(0.,0.,-1.));
#6629=DIRECTION('',(-0.999999284857947,0.,-0.00119594464566032));
#6630=DIRECTION('',(0.,0.,1.));
#6631=DIRECTION('',(-1.,0.,0.));
#6632=DIRECTION('',(0.,0.,-1.));
#6633=DIRECTION('',(-0.999999284857947,0.,0.00119594464566032));
#6634=DIRECTION('',(0.,0.,-1.));
#6635=DIRECTION('center_axis',(0.,0.,-1.));
#6636=DIRECTION('ref_axis',(1.83697019872103E-16,-1.,0.));
#6637=DIRECTION('',(0.,0.,-1.));
#6638=DIRECTION('center_axis',(-0.00119594464566032,0.,-0.999999284857947));
#6639=DIRECTION('ref_axis',(-0.999999284857947,0.,0.00119594464566032));
#6640=DIRECTION('center_axis',(0.,0.00119594464566032,-0.999999284857947));
#6641=DIRECTION('ref_axis',(0.,0.999999284857947,0.00119594464566032));
#6642=DIRECTION('center_axis',(-0.00119594464566032,0.,-0.999999284857947));
#6643=DIRECTION('ref_axis',(-0.999999284857947,0.,0.00119594464566032));
#6644=DIRECTION('center_axis',(0.,0.,-1.));
#6645=DIRECTION('ref_axis',(-1.,0.,0.));
#6646=DIRECTION('center_axis',(-0.00119594464566032,0.,-0.999999284857947));
#6647=DIRECTION('ref_axis',(-0.999999284857947,0.,0.00119594464566032));
#6648=DIRECTION('',(0.,0.,1.));
#6649=DIRECTION('center_axis',(0.,0.,-1.));
#6650=DIRECTION('ref_axis',(-1.,0.,0.));
#6651=DIRECTION('',(0.,0.,-1.));
#6652=DIRECTION('center_axis',(0.,0.,-1.));
#6653=DIRECTION('ref_axis',(-1.,0.,0.));
#6654=DIRECTION('',(0.,0.,-1.));
#6655=DIRECTION('center_axis',(0.,0.00119594464566032,-0.999999284857947));
#6656=DIRECTION('ref_axis',(0.,-0.999999284857947,-0.00119594464566032));
#6657=DIRECTION('',(-0.707106528345514,0.707106528345514,0.000845660871253929));
#6658=DIRECTION('',(-1.,0.,0.));
#6659=DIRECTION('',(-0.707106528345514,0.707106528345514,0.000845660871253929));
#6660=DIRECTION('center_axis',(-0.00119594464566032,0.,-0.999999284857947));
#6661=DIRECTION('ref_axis',(0.999999284857947,0.,-0.00119594464566032));
#6662=DIRECTION('',(0.999999284857947,0.,-0.00119594464566032));
#6663=DIRECTION('center_axis',(0.,-1.,0.));
#6664=DIRECTION('ref_axis',(0.,0.,1.));
#6665=DIRECTION('center_axis',(0.,1.,0.));
#6666=DIRECTION('ref_axis',(0.,0.,-1.));
#6667=DIRECTION('',(-0.999999284857947,0.,0.00119594464566032));
#6668=DIRECTION('center_axis',(-0.00119594464566032,0.,-0.999999284857947));
#6669=DIRECTION('ref_axis',(0.999999284857947,0.,-0.00119594464566032));
#6670=DIRECTION('',(0.,-1.,0.));
#6671=DIRECTION('center_axis',(-0.00119594464566032,0.,-0.999999284857947));
#6672=DIRECTION('ref_axis',(0.999999284857947,0.,-0.00119594464566032));
#6673=DIRECTION('',(0.,-1.,0.));
#6674=DIRECTION('',(0.707106528345514,0.707106528345514,-0.000845660871253929));
#6675=DIRECTION('center_axis',(1.,0.,0.));
#6676=DIRECTION('ref_axis',(0.,0.,1.));
#6677=DIRECTION('',(0.,-0.999999284857947,-0.00119594464566032));
#6678=DIRECTION('center_axis',(1.,0.,0.));
#6679=DIRECTION('ref_axis',(0.,0.,1.));
#6680=DIRECTION('',(0.,0.,-1.));
#6681=DIRECTION('',(0.,-1.,0.));
#6682=DIRECTION('',(0.,0.,1.));
#6683=DIRECTION('center_axis',(1.,0.,0.));
#6684=DIRECTION('ref_axis',(0.,0.,1.));
#6685=DIRECTION('',(0.,-0.999999284857947,0.00119594464566032));
#6686=DIRECTION('center_axis',(0.00119594464566032,0.,-0.999999284857947));
#6687=DIRECTION('ref_axis',(0.999999284857947,0.,0.00119594464566032));
#6688=DIRECTION('',(0.,-1.,0.));
#6689=DIRECTION('',(0.999999284857947,0.,0.00119594464566032));
#6690=DIRECTION('',(0.,-1.,0.));
#6691=DIRECTION('',(-0.999999284857947,0.,-0.00119594464566032));
#6692=DIRECTION('center_axis',(0.00119594464566032,0.,-0.999999284857947));
#6693=DIRECTION('ref_axis',(0.999999284857947,0.,0.00119594464566032));
#6694=DIRECTION('',(0.999999284857947,0.,0.00119594464566032));
#6695=DIRECTION('center_axis',(-1.,0.,0.));
#6696=DIRECTION('ref_axis',(0.,0.,-1.));
#6697=DIRECTION('',(0.,0.999999284857947,0.00119594464566032));
#6698=DIRECTION('center_axis',(-1.,0.,0.));
#6699=DIRECTION('ref_axis',(0.,0.,-1.));
#6700=DIRECTION('',(0.,0.,1.));
#6701=DIRECTION('',(0.,0.,-1.));
#6702=DIRECTION('',(0.,1.,0.));
#6703=DIRECTION('center_axis',(-1.,0.,0.));
#6704=DIRECTION('ref_axis',(0.,0.,-1.));
#6705=DIRECTION('',(0.,-1.,0.));
#6706=DIRECTION('',(0.,0.999999284857947,-0.00119594464566032));
#6707=DIRECTION('center_axis',(-1.,0.,0.));
#6708=DIRECTION('ref_axis',(0.,0.,-1.));
#6709=DIRECTION('center_axis',(0.00119594464566032,0.,-0.999999284857947));
#6710=DIRECTION('ref_axis',(0.999999284857947,0.,0.00119594464566032));
#6711=DIRECTION('',(-0.999999284857947,0.,-0.00119594464566032));
#6712=DIRECTION('',(0.707106528345514,-0.707106528345514,0.000845660871253929));
#6713=DIRECTION('center_axis',(0.,1.,0.));
#6714=DIRECTION('ref_axis',(0.,0.,-1.));
#6715=DIRECTION('',(-1.,0.,0.));
#6716=DIRECTION('center_axis',(0.,1.,0.));
#6717=DIRECTION('ref_axis',(0.,0.,-1.));
#6718=DIRECTION('',(-1.,0.,0.));
#6719=DIRECTION('',(1.,0.,0.));
#6720=DIRECTION('center_axis',(0.,1.,0.));
#6721=DIRECTION('ref_axis',(0.,0.,-1.));
#6722=DIRECTION('',(-1.,0.,0.));
#6723=DIRECTION('center_axis',(0.,0.,1.));
#6724=DIRECTION('ref_axis',(1.,0.,0.));
#6725=DIRECTION('',(-1.,0.,0.));
#6726=DIRECTION('center_axis',(0.,-0.00119594464566032,-0.999999284857947));
#6727=DIRECTION('ref_axis',(0.,-0.999999284857947,0.00119594464566032));
#6728=DIRECTION('center_axis',(0.,-0.00119594464566032,-0.999999284857947));
#6729=DIRECTION('ref_axis',(0.,-0.999999284857947,0.00119594464566032));
#6730=DIRECTION('center_axis',(0.,-0.00119594464566032,-0.999999284857947));
#6731=DIRECTION('ref_axis',(0.,-0.999999284857947,0.00119594464566032));
#6732=DIRECTION('center_axis',(0.,-1.,0.));
#6733=DIRECTION('ref_axis',(0.,0.,1.));
#6734=DIRECTION('center_axis',(0.,-1.,0.));
#6735=DIRECTION('ref_axis',(0.,0.,1.));
#6736=DIRECTION('',(-1.,0.,0.));
#6737=DIRECTION('center_axis',(0.,-1.,0.));
#6738=DIRECTION('ref_axis',(0.,0.,1.));
#6739=DIRECTION('center_axis',(0.,1.,0.));
#6740=DIRECTION('ref_axis',(0.,0.,-1.));
#6741=DIRECTION('center_axis',(0.,-1.,0.));
#6742=DIRECTION('ref_axis',(0.,0.,1.));
#6743=DIRECTION('center_axis',(0.,0.00119594464566032,-0.999999284857947));
#6744=DIRECTION('ref_axis',(0.,-0.999999284857947,-0.00119594464566032));
#6745=DIRECTION('center_axis',(0.,0.,-1.));
#6746=DIRECTION('ref_axis',(-1.,0.,0.));
#6747=DIRECTION('center_axis',(0.,0.,-1.));
#6748=DIRECTION('ref_axis',(-1.,0.,0.));
#6749=DIRECTION('',(0.,0.,-1.));
#6750=DIRECTION('center_axis',(0.,0.,1.));
#6751=DIRECTION('ref_axis',(-1.,0.,0.));
#6752=DIRECTION('',(0.,0.,-1.));
#6753=DIRECTION('center_axis',(0.,0.,1.));
#6754=DIRECTION('ref_axis',(-1.,0.,0.));
#6755=DIRECTION('',(0.,0.,1.));
#6756=DIRECTION('center_axis',(0.,0.,1.));
#6757=DIRECTION('ref_axis',(-1.,0.,0.));
#6758=DIRECTION('center_axis',(0.,0.,-1.));
#6759=DIRECTION('ref_axis',(-1.,0.,0.));
#6760=DIRECTION('center_axis',(0.,0.,-1.));
#6761=DIRECTION('ref_axis',(-1.,0.,0.));
#6762=DIRECTION('',(0.,0.,-1.));
#6763=DIRECTION('center_axis',(0.,0.,1.));
#6764=DIRECTION('ref_axis',(-1.,0.,0.));
#6765=DIRECTION('center_axis',(0.,0.,-1.));
#6766=DIRECTION('ref_axis',(-1.,0.,0.));
#6767=DIRECTION('center_axis',(0.,0.,-1.));
#6768=DIRECTION('ref_axis',(-1.,0.,0.));
#6769=DIRECTION('',(0.,0.,-1.));
#6770=DIRECTION('center_axis',(0.,0.,1.));
#6771=DIRECTION('ref_axis',(-1.,0.,0.));
#6772=DIRECTION('center_axis',(0.,0.,-1.));
#6773=DIRECTION('ref_axis',(-1.,0.,0.));
#6774=DIRECTION('center_axis',(0.,0.,-1.));
#6775=DIRECTION('ref_axis',(-1.,0.,0.));
#6776=DIRECTION('',(0.,0.,-1.));
#6777=DIRECTION('center_axis',(0.,0.,1.));
#6778=DIRECTION('ref_axis',(-1.,0.,0.));
#6779=DIRECTION('',(0.,0.,-1.));
#6780=DIRECTION('center_axis',(0.,0.,1.));
#6781=DIRECTION('ref_axis',(-1.,0.,0.));
#6782=DIRECTION('',(0.,0.,1.));
#6783=DIRECTION('center_axis',(0.,0.,1.));
#6784=DIRECTION('ref_axis',(-1.,0.,0.));
#6785=DIRECTION('center_axis',(0.,0.,-1.));
#6786=DIRECTION('ref_axis',(-1.,0.,0.));
#6787=DIRECTION('center_axis',(0.,0.,-1.));
#6788=DIRECTION('ref_axis',(-1.,0.,0.));
#6789=DIRECTION('',(0.,0.,-1.));
#6790=DIRECTION('center_axis',(0.,0.,1.));
#6791=DIRECTION('ref_axis',(-1.,0.,0.));
#6792=DIRECTION('center_axis',(0.,0.,-1.));
#6793=DIRECTION('ref_axis',(-1.,0.,0.));
#6794=DIRECTION('center_axis',(0.,0.,-1.));
#6795=DIRECTION('ref_axis',(-1.,0.,0.));
#6796=DIRECTION('',(0.,0.,-1.));
#6797=DIRECTION('center_axis',(0.,0.,1.));
#6798=DIRECTION('ref_axis',(-1.,0.,0.));
#6799=DIRECTION('center_axis',(0.,0.,1.));
#6800=DIRECTION('ref_axis',(-1.,0.,0.));
#6801=DIRECTION('',(0.,-1.,0.));
#6802=DIRECTION('',(1.,0.,0.));
#6803=DIRECTION('',(0.,-1.,0.));
#6804=DIRECTION('',(-1.,0.,0.));
#6805=DIRECTION('',(0.,-1.,0.));
#6806=DIRECTION('',(0.,-1.,0.));
#6807=DIRECTION('center_axis',(0.,0.,1.));
#6808=DIRECTION('ref_axis',(-1.,0.,0.));
#6809=DIRECTION('center_axis',(0.,0.,1.));
#6810=DIRECTION('ref_axis',(-1.,0.,0.));
#6811=DIRECTION('center_axis',(1.,0.,0.));
#6812=DIRECTION('ref_axis',(0.,0.,1.));
#6813=DIRECTION('',(0.,1.,0.));
#6814=DIRECTION('',(0.,0.,-1.));
#6815=DIRECTION('',(0.,-0.999999284857947,0.00119594464566032));
#6816=DIRECTION('',(0.,0.,-1.));
#6817=DIRECTION('center_axis',(1.,0.,0.));
#6818=DIRECTION('ref_axis',(0.,0.,1.));
#6819=DIRECTION('',(0.,0.,1.));
#6820=DIRECTION('',(0.,-0.999999284857947,-0.00119594464566032));
#6821=DIRECTION('',(0.,0.,1.));
#6822=DIRECTION('',(0.,1.,0.));
#6823=DIRECTION('center_axis',(0.,0.,1.));
#6824=DIRECTION('ref_axis',(1.,0.,0.));
#6825=DIRECTION('',(0.,1.,0.));
#6826=DIRECTION('',(1.,0.,0.));
#6827=DIRECTION('',(0.,1.,0.));
#6828=DIRECTION('',(-1.,0.,0.));
#6829=DIRECTION('center_axis',(0.,0.,-1.));
#6830=DIRECTION('ref_axis',(-1.,0.,0.));
#6831=DIRECTION('center_axis',(0.,0.,-1.));
#6832=DIRECTION('ref_axis',(-1.,0.,0.));
#6833=DIRECTION('',(0.,0.,-1.));
#6834=DIRECTION('center_axis',(0.,0.,-1.));
#6835=DIRECTION('ref_axis',(-1.,0.,0.));
#6836=DIRECTION('center_axis',(0.,0.,-1.));
#6837=DIRECTION('ref_axis',(-1.,0.,0.));
#6838=DIRECTION('',(0.,0.,-1.));
#6839=DIRECTION('center_axis',(1.,0.,0.));
#6840=DIRECTION('ref_axis',(0.,1.,0.));
#6841=DIRECTION('',(0.,0.,-1.));
#6842=DIRECTION('',(0.,-0.999999284857947,0.00119594464566032));
#6843=DIRECTION('',(0.,0.,-1.));
#6844=DIRECTION('',(0.,0.,1.));
#6845=DIRECTION('',(0.,-0.999999284857947,-0.00119594464566032));
#6846=DIRECTION('',(0.,0.,1.));
#6847=DIRECTION('',(0.,1.,0.));
#6848=DIRECTION('center_axis',(0.,0.00119594464566032,-0.999999284857947));
#6849=DIRECTION('ref_axis',(0.,-0.999999284857947,-0.00119594464566032));
#6850=DIRECTION('',(-1.,0.,0.));
#6851=DIRECTION('',(-1.,0.,0.));
#6852=DIRECTION('center_axis',(0.,-1.,0.));
#6853=DIRECTION('ref_axis',(0.,0.,1.));
#6854=DIRECTION('center_axis',(0.,1.,0.));
#6855=DIRECTION('ref_axis',(0.,0.,-1.));
#6856=DIRECTION('',(-1.,0.,0.));
#6857=DIRECTION('center_axis',(0.,-1.,0.));
#6858=DIRECTION('ref_axis',(0.,0.,1.));
#6859=DIRECTION('',(0.,0.,1.));
#6860=DIRECTION('',(-1.,0.,0.));
#6861=DIRECTION('center_axis',(0.,-0.00119594464566032,-0.999999284857947));
#6862=DIRECTION('ref_axis',(0.,-0.999999284857947,0.00119594464566032));
#6863=DIRECTION('',(-1.,0.,0.));
#6864=DIRECTION('center_axis',(0.,0.,1.));
#6865=DIRECTION('ref_axis',(1.,0.,0.));
#6866=DIRECTION('',(0.,-1.,0.));
#6867=DIRECTION('',(1.,0.,0.));
#6868=DIRECTION('center_axis',(0.,1.,0.));
#6869=DIRECTION('ref_axis',(0.,0.,-1.));
#6870=DIRECTION('',(0.,0.,-1.));
#6871=DIRECTION('center_axis',(1.,0.,0.));
#6872=DIRECTION('ref_axis',(0.,0.,1.));
#6873=DIRECTION('center_axis',(1.,0.,0.));
#6874=DIRECTION('ref_axis',(0.,0.,1.));
#6875=DIRECTION('center_axis',(0.,0.,-1.));
#6876=DIRECTION('ref_axis',(-1.,0.,0.));
#6877=DIRECTION('center_axis',(0.00119594464566032,0.,-0.999999284857947));
#6878=DIRECTION('ref_axis',(-0.999999284857947,0.,-0.00119594464566032));
#6879=DIRECTION('',(0.,0.,1.));
#6880=DIRECTION('center_axis',(0.,0.,1.));
#6881=DIRECTION('ref_axis',(-1.,0.,0.));
#6882=DIRECTION('',(0.,0.,-1.));
#6883=DIRECTION('center_axis',(0.,0.,-1.));
#6884=DIRECTION('ref_axis',(-1.,0.,0.));
#6885=DIRECTION('center_axis',(0.00119594464566032,0.,-0.999999284857947));
#6886=DIRECTION('ref_axis',(-0.999999284857947,0.,-0.00119594464566032));
#6887=DIRECTION('',(0.,0.,-1.));
#6888=DIRECTION('center_axis',(0.,0.,1.));
#6889=DIRECTION('ref_axis',(-1.,0.,0.));
#6890=DIRECTION('center_axis',(0.,0.,-1.));
#6891=DIRECTION('ref_axis',(-1.,0.,0.));
#6892=DIRECTION('center_axis',(0.00119594464566032,0.,-0.999999284857947));
#6893=DIRECTION('ref_axis',(-0.999999284857947,0.,-0.00119594464566032));
#6894=DIRECTION('',(0.,0.,-1.));
#6895=DIRECTION('center_axis',(0.,0.,1.));
#6896=DIRECTION('ref_axis',(-1.,0.,0.));
#6897=DIRECTION('center_axis',(0.,1.,0.));
#6898=DIRECTION('ref_axis',(0.,0.,-1.));
#6899=DIRECTION('',(-0.999999284857947,0.,-0.00119594464566032));
#6900=DIRECTION('',(0.,0.,1.));
#6901=DIRECTION('',(-1.,0.,0.));
#6902=DIRECTION('',(0.,0.,-1.));
#6903=DIRECTION('',(-0.999999284857947,0.,0.00119594464566032));
#6904=DIRECTION('',(0.,0.,-1.));
#6905=DIRECTION('',(-1.,0.,0.));
#6906=DIRECTION('center_axis',(0.,0.,1.));
#6907=DIRECTION('ref_axis',(1.,0.,0.));
#6908=DIRECTION('center_axis',(0.,0.,1.));
#6909=DIRECTION('ref_axis',(-1.,0.,0.));
#6910=DIRECTION('',(-1.,0.,0.));
#6911=DIRECTION('',(0.,1.,0.));
#6912=DIRECTION('',(-1.,0.,0.));
#6913=DIRECTION('',(0.,-1.,0.));
#6914=DIRECTION('',(-1.,0.,0.));
#6915=DIRECTION('center_axis',(0.,0.,1.));
#6916=DIRECTION('ref_axis',(-1.,0.,0.));
#6917=DIRECTION('center_axis',(0.,0.,1.));
#6918=DIRECTION('ref_axis',(-1.,0.,0.));
#6919=DIRECTION('center_axis',(0.,0.,-1.));
#6920=DIRECTION('ref_axis',(-1.,0.,0.));
#6921=DIRECTION('center_axis',(-0.00119594464566032,0.,-0.999999284857947));
#6922=DIRECTION('ref_axis',(-0.999999284857947,0.,0.00119594464566032));
#6923=DIRECTION('',(0.,0.,1.));
#6924=DIRECTION('center_axis',(0.,0.,-1.));
#6925=DIRECTION('ref_axis',(-1.,0.,0.));
#6926=DIRECTION('center_axis',(-0.00119594464566032,0.,-0.999999284857947));
#6927=DIRECTION('ref_axis',(-0.999999284857947,0.,0.00119594464566032));
#6928=DIRECTION('',(0.,0.,-1.));
#6929=DIRECTION('center_axis',(0.,0.,-1.));
#6930=DIRECTION('ref_axis',(-1.,0.,0.));
#6931=DIRECTION('center_axis',(-0.00119594464566032,0.,-0.999999284857947));
#6932=DIRECTION('ref_axis',(-0.999999284857947,0.,0.00119594464566032));
#6933=DIRECTION('',(0.,0.,-1.));
#6934=DIRECTION('center_axis',(0.,1.,0.));
#6935=DIRECTION('ref_axis',(0.,0.,-1.));
#6936=DIRECTION('',(-0.999999284857947,0.,0.00119594464566032));
#6937=DIRECTION('',(0.,0.,-1.));
#6938=DIRECTION('center_axis',(-0.00119594464566032,0.,-0.999999284857947));
#6939=DIRECTION('ref_axis',(0.999999284857947,0.,-0.00119594464566032));
#6940=DIRECTION('',(0.,-1.,0.));
#6941=DIRECTION('',(0.999999284857947,0.,-0.00119594464566032));
#6942=DIRECTION('',(0.,-1.,0.));
#6943=DIRECTION('center_axis',(1.,0.,0.));
#6944=DIRECTION('ref_axis',(0.,0.,1.));
#6945=DIRECTION('',(0.,0.,1.));
#6946=DIRECTION('center_axis',(1.,0.,0.));
#6947=DIRECTION('ref_axis',(0.,0.,1.));
#6948=DIRECTION('',(0.,1.,0.));
#6949=DIRECTION('',(0.,0.,-1.));
#6950=DIRECTION('',(0.,-1.,0.));
#6951=DIRECTION('',(0.,0.,1.));
#6952=DIRECTION('center_axis',(-1.,0.,0.));
#6953=DIRECTION('ref_axis',(0.,0.,-1.));
#6954=DIRECTION('',(0.,0.,1.));
#6955=DIRECTION('',(0.,0.,-1.));
#6956=DIRECTION('',(0.,-1.,0.));
#6957=DIRECTION('center_axis',(0.00119594464566032,0.,-0.999999284857947));
#6958=DIRECTION('ref_axis',(0.999999284857947,0.,0.00119594464566032));
#6959=DIRECTION('',(-0.999999284857947,0.,-0.00119594464566032));
#6960=DIRECTION('',(0.999999284857947,0.,0.00119594464566032));
#6961=DIRECTION('',(0.,-1.,0.));
#6962=DIRECTION('center_axis',(-1.,0.,0.));
#6963=DIRECTION('ref_axis',(0.,0.,-1.));
#6964=DIRECTION('',(0.,0.,1.));
#6965=DIRECTION('',(0.,-1.,0.));
#6966=DIRECTION('',(0.,0.,-1.));
#6967=DIRECTION('',(0.,1.,0.));
#6968=DIRECTION('center_axis',(0.,0.,1.));
#6969=DIRECTION('ref_axis',(1.,0.,0.));
#6970=DIRECTION('',(1.,0.,0.));
#6971=DIRECTION('',(-1.,0.,0.));
#6972=DIRECTION('center_axis',(0.,1.,0.));
#6973=DIRECTION('ref_axis',(0.,0.,-1.));
#6974=DIRECTION('center_axis',(0.,1.,0.));
#6975=DIRECTION('ref_axis',(-1.,0.,0.));
#6976=DIRECTION('center_axis',(0.,1.,0.));
#6977=DIRECTION('ref_axis',(0.,0.,-1.));
#6978=DIRECTION('',(-1.,0.,0.));
#6979=DIRECTION('center_axis',(0.,0.,1.));
#6980=DIRECTION('ref_axis',(0.,1.,0.));
#6981=DIRECTION('center_axis',(0.,0.,-1.));
#6982=DIRECTION('ref_axis',(-1.,0.,0.));
#6983=DIRECTION('center_axis',(0.,0.,-1.));
#6984=DIRECTION('ref_axis',(-1.,0.,0.));
#6985=DIRECTION('',(0.,0.,-1.));
#6986=DIRECTION('center_axis',(0.,0.,1.));
#6987=DIRECTION('ref_axis',(-1.,0.,0.));
#6988=DIRECTION('center_axis',(0.,0.,-1.));
#6989=DIRECTION('ref_axis',(-1.,0.,0.));
#6990=DIRECTION('center_axis',(0.,0.,-1.));
#6991=DIRECTION('ref_axis',(-1.,0.,0.));
#6992=DIRECTION('',(0.,0.,-1.));
#6993=DIRECTION('center_axis',(0.,0.,1.));
#6994=DIRECTION('ref_axis',(-1.,0.,0.));
#6995=DIRECTION('center_axis',(0.,0.,-1.));
#6996=DIRECTION('ref_axis',(-1.,0.,0.));
#6997=DIRECTION('center_axis',(0.,0.,-1.));
#6998=DIRECTION('ref_axis',(-1.,0.,0.));
#6999=DIRECTION('',(0.,0.,-1.));
#7000=DIRECTION('center_axis',(0.,0.,1.));
#7001=DIRECTION('ref_axis',(-1.,0.,0.));
#7002=DIRECTION('center_axis',(0.,0.,1.));
#7003=DIRECTION('ref_axis',(0.707106781186554,0.707106781186541,0.));
#7004=DIRECTION('center_axis',(0.,0.,-1.));
#7005=DIRECTION('ref_axis',(0.707106781186554,0.707106781186541,0.));
#7006=DIRECTION('',(0.,0.,-1.));
#7007=DIRECTION('center_axis',(0.,0.,1.));
#7008=DIRECTION('ref_axis',(0.707106781186554,0.707106781186541,0.));
#7009=DIRECTION('',(0.,0.,1.));
#7010=DIRECTION('center_axis',(0.,0.,1.));
#7011=DIRECTION('ref_axis',(1.,0.,0.));
#7012=DIRECTION('',(0.,-1.,0.));
#7013=DIRECTION('center_axis',(0.,0.,-1.));
#7014=DIRECTION('ref_axis',(-0.707106781186548,-0.707106781186548,0.));
#7015=DIRECTION('',(-1.,3.5527136788005E-15,0.));
#7016=DIRECTION('center_axis',(0.,0.,1.));
#7017=DIRECTION('ref_axis',(0.707106781186548,0.707106781186548,0.));
#7018=DIRECTION('',(1.77635683940025E-15,1.,0.));
#7019=DIRECTION('center_axis',(0.,0.,-1.));
#7020=DIRECTION('ref_axis',(-0.707106781186548,-0.707106781186548,0.));
#7021=DIRECTION('',(1.,0.,0.));
#7022=DIRECTION('center_axis',(0.,0.,1.));
#7023=DIRECTION('ref_axis',(0.707106781186554,0.707106781186541,0.));
#7024=DIRECTION('',(0.,1.,0.));
#7025=DIRECTION('',(-1.,0.,0.));
#7026=DIRECTION('',(0.,1.,0.));
#7027=DIRECTION('',(-1.,0.,0.));
#7028=DIRECTION('center_axis',(0.,0.,-1.));
#7029=DIRECTION('ref_axis',(1.,0.,0.));
#7030=DIRECTION('center_axis',(0.,0.,-1.));
#7031=DIRECTION('ref_axis',(1.,0.,0.));
#7032=DIRECTION('center_axis',(0.,0.,-1.));
#7033=DIRECTION('ref_axis',(1.,0.,0.));
#7034=DIRECTION('center_axis',(0.,0.,-1.));
#7035=DIRECTION('ref_axis',(1.,0.,0.));
#7036=DIRECTION('center_axis',(0.,0.,-1.));
#7037=DIRECTION('ref_axis',(1.,0.,0.));
#7038=DIRECTION('center_axis',(0.,0.,-1.));
#7039=DIRECTION('ref_axis',(1.,0.,0.));
#7040=DIRECTION('center_axis',(1.,0.,0.));
#7041=DIRECTION('ref_axis',(0.,1.,0.));
#7042=DIRECTION('',(0.,1.,0.));
#7043=DIRECTION('',(0.,0.,1.));
#7044=DIRECTION('center_axis',(0.,0.,1.));
#7045=DIRECTION('ref_axis',(-0.707106781186548,-0.707106781186548,0.));
#7046=DIRECTION('center_axis',(0.,0.,1.));
#7047=DIRECTION('ref_axis',(-0.707106781186548,-0.707106781186548,0.));
#7048=DIRECTION('',(0.,0.,-1.));
#7049=DIRECTION('center_axis',(0.,0.,1.));
#7050=DIRECTION('ref_axis',(0.707106781186548,0.707106781186548,0.));
#7051=DIRECTION('center_axis',(0.,0.,-1.));
#7052=DIRECTION('ref_axis',(0.707106781186548,0.707106781186548,0.));
#7053=DIRECTION('',(0.,0.,-1.));
#7054=DIRECTION('',(0.,0.,1.));
#7055=DIRECTION('center_axis',(1.,-1.77635683940025E-15,0.));
#7056=DIRECTION('ref_axis',(1.77635683940025E-15,1.,0.));
#7057=DIRECTION('',(1.77635683940025E-15,1.,0.));
#7058=DIRECTION('',(0.,0.,1.));
#7059=DIRECTION('center_axis',(0.,0.,1.));
#7060=DIRECTION('ref_axis',(-0.707106781186548,-0.707106781186548,0.));
#7061=DIRECTION('center_axis',(0.,0.,1.));
#7062=DIRECTION('ref_axis',(-0.707106781186548,-0.707106781186548,0.));
#7063=DIRECTION('',(0.,0.,-1.));
#7064=DIRECTION('center_axis',(0.,0.,1.));
#7065=DIRECTION('ref_axis',(0.707106781186554,0.707106781186541,0.));
#7066=DIRECTION('center_axis',(0.,0.,-1.));
#7067=DIRECTION('ref_axis',(0.707106781186554,0.707106781186541,0.));
#7068=DIRECTION('',(0.,0.,-1.));
#7069=DIRECTION('',(0.,0.,1.));
#7070=DIRECTION('center_axis',(0.,0.,1.));
#7071=DIRECTION('ref_axis',(1.,0.,0.));
#7072=DIRECTION('',(-1.,0.,0.));
#7073=DIRECTION('',(0.,-1.,0.));
#7074=DIRECTION('',(1.,0.,0.));
#7075=DIRECTION('',(0.,1.,0.));
#7076=DIRECTION('',(-1.,0.,0.));
#7077=DIRECTION('',(-1.,3.5527136788005E-15,0.));
#7078=DIRECTION('center_axis',(0.,0.,-1.));
#7079=DIRECTION('ref_axis',(1.,0.,0.));
#7080=DIRECTION('center_axis',(0.,0.,-1.));
#7081=DIRECTION('ref_axis',(1.,0.,0.));
#7082=DIRECTION('center_axis',(0.,0.,-1.));
#7083=DIRECTION('ref_axis',(1.,0.,0.));
#7084=DIRECTION('center_axis',(0.,0.,-1.));
#7085=DIRECTION('ref_axis',(1.,0.,0.));
#7086=DIRECTION('center_axis',(0.,0.,-1.));
#7087=DIRECTION('ref_axis',(1.,0.,0.));
#7088=DIRECTION('center_axis',(0.,0.,-1.));
#7089=DIRECTION('ref_axis',(1.,0.,0.));
#7090=DIRECTION('center_axis',(0.,1.,0.));
#7091=DIRECTION('ref_axis',(-1.,0.,0.));
#7092=DIRECTION('center_axis',(1.,0.,0.));
#7093=DIRECTION('ref_axis',(0.,1.,0.));
#7094=DIRECTION('',(0.,0.,-1.));
#7095=DIRECTION('',(0.,1.,0.));
#7096=DIRECTION('',(0.,0.,-1.));
#7097=DIRECTION('center_axis',(0.,0.,1.));
#7098=DIRECTION('ref_axis',(1.,0.,0.));
#7099=DIRECTION('',(0.,0.,-1.));
#7100=DIRECTION('center_axis',(0.,0.,1.));
#7101=DIRECTION('ref_axis',(1.,0.,0.));
#7102=DIRECTION('',(0.,0.,-1.));
#7103=DIRECTION('center_axis',(0.,0.,1.));
#7104=DIRECTION('ref_axis',(1.,0.,0.));
#7105=DIRECTION('',(0.,0.,-1.));
#7106=DIRECTION('center_axis',(0.,0.,1.));
#7107=DIRECTION('ref_axis',(1.,0.,0.));
#7108=DIRECTION('',(0.,0.,-1.));
#7109=DIRECTION('center_axis',(0.,0.,1.));
#7110=DIRECTION('ref_axis',(1.,0.,0.));
#7111=DIRECTION('',(0.,0.,-1.));
#7112=DIRECTION('center_axis',(0.,0.,1.));
#7113=DIRECTION('ref_axis',(1.,0.,0.));
#7114=DIRECTION('',(0.,0.,-1.));
#7115=DIRECTION('center_axis',(3.5527136788005E-15,1.,0.));
#7116=DIRECTION('ref_axis',(-1.,3.5527136788005E-15,0.));
#7117=DIRECTION('center_axis',(0.,1.,0.));
#7118=DIRECTION('ref_axis',(0.,0.,-1.));
#7119=DIRECTION('',(0.,0.,-1.));
#7120=DIRECTION('',(-1.,0.,0.));
#7121=DIRECTION('center_axis',(0.,0.,1.));
#7122=DIRECTION('ref_axis',(0.,1.,0.));
#7123=DIRECTION('',(-1.,0.,0.));
#7124=DIRECTION('',(0.,1.,0.));
#7125=DIRECTION('',(-1.,0.,0.));
#7126=DIRECTION('',(0.,-1.,0.));
#7127=DIRECTION('center_axis',(0.,1.,0.));
#7128=DIRECTION('ref_axis',(-1.,0.,0.));
#7129=DIRECTION('',(0.,0.,1.));
#7130=DIRECTION('',(0.,0.,1.));
#7131=DIRECTION('center_axis',(0.,1.,0.));
#7132=DIRECTION('ref_axis',(0.,0.,-1.));
#7133=DIRECTION('',(0.,0.,-1.));
#7134=DIRECTION('center_axis',(1.,0.,0.));
#7135=DIRECTION('ref_axis',(0.,0.,1.));
#7136=DIRECTION('center_axis',(1.,0.,0.));
#7137=DIRECTION('ref_axis',(0.,0.,1.));
#7138=DIRECTION('',(0.,1.22464679914735E-16,1.));
#7139=DIRECTION('',(1.,0.,0.));
#7140=DIRECTION('',(0.,1.22464679914735E-16,1.));
#7141=DIRECTION('',(1.,0.,0.));
#7142=DIRECTION('',(0.,1.22464679914735E-16,1.));
#7143=DIRECTION('',(1.,0.,0.));
#7144=DIRECTION('',(0.,1.22464679914735E-16,1.));
#7145=DIRECTION('',(1.,0.,0.));
#7146=DIRECTION('',(0.,1.22464679914735E-16,1.));
#7147=DIRECTION('',(1.,0.,0.));
#7148=DIRECTION('',(0.,1.22464679914735E-16,1.));
#7149=DIRECTION('',(1.,0.,0.));
#7150=DIRECTION('',(0.,1.22464679914735E-16,1.));
#7151=DIRECTION('',(1.,0.,0.));
#7152=DIRECTION('',(0.,1.22464679914735E-16,1.));
#7153=DIRECTION('',(1.,0.,0.));
#7154=DIRECTION('',(0.,1.22464679914735E-16,1.));
#7155=DIRECTION('',(1.,0.,0.));
#7156=DIRECTION('',(0.,1.22464679914735E-16,1.));
#7157=DIRECTION('',(1.,0.,0.));
#7158=DIRECTION('',(0.,1.22464679914735E-16,1.));
#7159=DIRECTION('',(1.,0.,0.));
#7160=DIRECTION('',(0.,1.22464679914735E-16,1.));
#7161=DIRECTION('',(1.,0.,0.));
#7162=DIRECTION('',(0.,1.22464679914735E-16,1.));
#7163=DIRECTION('',(1.,0.,0.));
#7164=DIRECTION('',(0.,1.22464679914735E-16,1.));
#7165=DIRECTION('',(1.,0.,0.));
#7166=DIRECTION('',(0.,1.22464679914735E-16,1.));
#7167=DIRECTION('',(1.,0.,0.));
#7168=DIRECTION('',(0.,1.22464679914735E-16,1.));
#7169=DIRECTION('',(1.,0.,0.));
#7170=DIRECTION('',(0.,1.22464679914735E-16,1.));
#7171=DIRECTION('',(1.,0.,0.));
#7172=DIRECTION('',(0.,1.22464679914735E-16,1.));
#7173=DIRECTION('',(1.,0.,0.));
#7174=DIRECTION('',(0.,1.22464679914735E-16,1.));
#7175=DIRECTION('',(1.,0.,0.));
#7176=DIRECTION('',(0.,1.22464679914735E-16,1.));
#7177=DIRECTION('',(1.,0.,0.));
#7178=DIRECTION('',(0.,1.22464679914735E-16,1.));
#7179=DIRECTION('',(1.,0.,0.));
#7180=DIRECTION('',(0.,1.22464679914735E-16,1.));
#7181=DIRECTION('',(1.,0.,0.));
#7182=DIRECTION('',(0.,1.22464679914735E-16,1.));
#7183=DIRECTION('',(1.,0.,0.));
#7184=DIRECTION('',(0.,1.22464679914735E-16,1.));
#7185=DIRECTION('',(1.,0.,0.));
#7186=DIRECTION('',(0.,1.22464679914735E-16,1.));
#7187=DIRECTION('',(1.,0.,0.));
#7188=DIRECTION('',(0.,1.22464679914735E-16,1.));
#7189=DIRECTION('',(1.,0.,0.));
#7190=DIRECTION('',(0.,1.22464679914735E-16,1.));
#7191=DIRECTION('',(1.,0.,0.));
#7192=DIRECTION('',(0.,1.22464679914735E-16,1.));
#7193=DIRECTION('',(1.,0.,0.));
#7194=DIRECTION('',(0.,1.22464679914735E-16,1.));
#7195=DIRECTION('',(1.,0.,0.));
#7196=DIRECTION('',(0.,1.22464679914735E-16,1.));
#7197=DIRECTION('',(1.,0.,0.));
#7198=DIRECTION('',(0.,1.22464679914735E-16,1.));
#7199=DIRECTION('',(1.,0.,0.));
#7200=DIRECTION('',(0.,1.22464679914735E-16,1.));
#7201=DIRECTION('',(1.,0.,0.));
#7202=CARTESIAN_POINT('',(0.,0.,0.));
#7203=CARTESIAN_POINT('',(0.,0.,0.));
#7204=CARTESIAN_POINT('Origin',(-6.61801314171396E-17,0.,-0.300000000003292));
#7205=CARTESIAN_POINT('',(2.8,-3.42901103761259E-16,-3.29146512605881E-12));
#7206=CARTESIAN_POINT('Origin',(-8.08771739791274E-17,0.,-3.29160310119647E-12));
#7207=CARTESIAN_POINT('',(2.5,-3.06161699786838E-16,-0.300000000003291));
#7208=CARTESIAN_POINT('Origin',(2.8,-3.42901103761259E-16,-0.300000000003291));
#7209=CARTESIAN_POINT('Origin',(-6.61801314171396E-17,0.,-0.300000000003292));
#7210=CARTESIAN_POINT('Origin',(1.64073535387254E-16,0.,-5.00000000000164));
#7211=CARTESIAN_POINT('',(2.5,-3.06161699786838E-16,-10.));
#7212=CARTESIAN_POINT('Origin',(4.09024244753636E-16,0.,-10.));
#7213=CARTESIAN_POINT('',(2.5,-3.06161699786838E-16,-5.00000000000164));
#7214=CARTESIAN_POINT('Origin',(-2.5,0.,-3.29175565821887E-12));
#7215=CARTESIAN_POINT('',(4.75,-5.81707229594993E-16,-6.25387034426806E-12));
#7216=CARTESIAN_POINT('Origin',(-8.08771739789822E-17,0.,-6.25410304744196E-12));
#7217=CARTESIAN_POINT('Origin',(-1.49999999999998,0.,-10.));
#7218=CARTESIAN_POINT('',(1.49999999999999,-1.83697019872101E-16,-10.));
#7219=CARTESIAN_POINT('Origin',(4.09024244753637E-16,0.,-10.));
#7220=CARTESIAN_POINT('Origin',(4.23721287315624E-16,0.,-10.3));
#7221=CARTESIAN_POINT('',(-1.49999999999998,0.,-10.6));
#7222=CARTESIAN_POINT('',(1.49999999999999,-1.83697019872101E-16,-10.6));
#7223=CARTESIAN_POINT('Origin',(4.38418329877612E-16,0.,-10.6));
#7224=CARTESIAN_POINT('Origin',(4.38418329877612E-16,0.,-10.6));
#7225=CARTESIAN_POINT('',(1.49999999999999,-1.83697019872101E-16,-10.3));
#7226=CARTESIAN_POINT('Origin',(5.55111512312578E-16,0.,-11.9691176470588));
#7227=CARTESIAN_POINT('',(4.30755833663866E-16,-1.52291783812942E-32,-14.));
#7228=CARTESIAN_POINT('Origin',(5.55111512312578E-16,0.,-11.9691176470588));
#7229=CARTESIAN_POINT('Origin',(-3.65,0.,1.09999999999519));
#7230=CARTESIAN_POINT('',(3.65,-4.46996081688784E-16,1.09999999999519));
#7231=CARTESIAN_POINT('Origin',(-1.34766330039675E-16,0.,1.09999999999519));
#7232=CARTESIAN_POINT('Origin',(-8.08771739790532E-17,0.,-4.80578444698172E-12));
#7233=CARTESIAN_POINT('Origin',(3.65,-4.46996081688784E-16,-4.80560563296388E-12));
#7234=CARTESIAN_POINT('Origin',(-55.05,-102.5,5.));
#7235=CARTESIAN_POINT('',(-52.45,-102.5,5.));
#7236=CARTESIAN_POINT('Origin',(-55.05,-102.5,5.));
#7237=CARTESIAN_POINT('',(-52.45,-102.5,2.5));
#7238=CARTESIAN_POINT('',(-52.45,-102.5,5.));
#7239=CARTESIAN_POINT('Origin',(-55.05,-102.5,2.5));
#7240=CARTESIAN_POINT('Origin',(-55.05,-62.5,5.));
#7241=CARTESIAN_POINT('',(-52.45,-62.5,5.));
#7242=CARTESIAN_POINT('Origin',(-55.05,-62.5,5.));
#7243=CARTESIAN_POINT('',(-52.45,-62.5,2.5));
#7244=CARTESIAN_POINT('',(-52.45,-62.5,5.));
#7245=CARTESIAN_POINT('Origin',(-55.05,-62.5,2.5));
#7246=CARTESIAN_POINT('Origin',(-55.05,-142.5,5.));
#7247=CARTESIAN_POINT('',(-52.45,-142.5,5.));
#7248=CARTESIAN_POINT('Origin',(-55.05,-142.5,5.));
#7249=CARTESIAN_POINT('',(-52.45,-142.5,2.5));
#7250=CARTESIAN_POINT('',(-52.45,-142.5,5.));
#7251=CARTESIAN_POINT('Origin',(-55.05,-142.5,2.5));
#7252=CARTESIAN_POINT('Origin',(-118.5,-160.5,0.));
#7253=CARTESIAN_POINT('',(-118.5,-162.5,5.));
#7254=CARTESIAN_POINT('',(-120.5,-160.5,5.));
#7255=CARTESIAN_POINT('Origin',(-118.5,-160.5,5.));
#7256=CARTESIAN_POINT('',(-120.5,-160.5,0.));
#7257=CARTESIAN_POINT('',(-120.5,-160.5,0.));
#7258=CARTESIAN_POINT('',(-118.5,-162.5,0.));
#7259=CARTESIAN_POINT('Origin',(-118.5,-160.5,0.));
#7260=CARTESIAN_POINT('',(-118.5,-162.5,0.));
#7261=CARTESIAN_POINT('Origin',(0.,0.,0.));
#7262=CARTESIAN_POINT('',(-120.5,-142.5,0.));
#7263=CARTESIAN_POINT('',(-120.5,-162.5,0.));
#7264=CARTESIAN_POINT('',(-122.5,-140.5,0.));
#7265=CARTESIAN_POINT('Origin',(-122.5,-142.5,0.));
#7266=CARTESIAN_POINT('',(-138.5,-140.5,0.));
#7267=CARTESIAN_POINT('',(-140.5,-140.5,0.));
#7268=CARTESIAN_POINT('',(-140.5,-138.5,0.));
#7269=CARTESIAN_POINT('Origin',(-138.5,-138.5,0.));
#7270=CARTESIAN_POINT('',(-140.5,-122.5,0.));
#7271=CARTESIAN_POINT('',(-140.5,-120.5,0.));
#7272=CARTESIAN_POINT('',(-142.5,-120.5,0.));
#7273=CARTESIAN_POINT('Origin',(-142.5,-122.5,0.));
#7274=CARTESIAN_POINT('',(-160.5,-120.5,0.));
#7275=CARTESIAN_POINT('',(-120.5,-120.5,0.));
#7276=CARTESIAN_POINT('',(-162.5,-118.5,0.));
#7277=CARTESIAN_POINT('Origin',(-160.5,-118.5,0.));
#7278=CARTESIAN_POINT('',(-162.5,-60.,0.));
#7279=CARTESIAN_POINT('',(-162.5,162.5,0.));
#7280=CARTESIAN_POINT('',(-60.,-60.,0.));
#7281=CARTESIAN_POINT('',(81.25,-60.,0.));
#7282=CARTESIAN_POINT('',(-60.,-162.5,0.));
#7283=CARTESIAN_POINT('',(-60.,81.25,0.));
#7284=CARTESIAN_POINT('',(-162.5,-162.5,0.));
#7285=CARTESIAN_POINT('',(-91.5999999999982,-153.500000000002,0.));
#7286=CARTESIAN_POINT('Origin',(-89.4999999999982,-153.500000000002,0.));
#7287=CARTESIAN_POINT('',(-107.599999999998,-153.500000000002,0.));
#7288=CARTESIAN_POINT('Origin',(-105.499999999998,-153.500000000002,0.));
#7289=CARTESIAN_POINT('',(-155.599999999992,-97.5000000000186,0.));
#7290=CARTESIAN_POINT('Origin',(-153.499999999992,-97.5000000000186,0.));
#7291=CARTESIAN_POINT('',(-155.599999999993,-89.5000000000162,0.));
#7292=CARTESIAN_POINT('Origin',(-153.499999999993,-89.5000000000162,0.));
#7293=CARTESIAN_POINT('',(-155.599999999991,-105.50000000002,0.));
#7294=CARTESIAN_POINT('Origin',(-153.499999999991,-105.50000000002,0.));
#7295=CARTESIAN_POINT('',(-99.5999999999982,-153.500000000002,0.));
#7296=CARTESIAN_POINT('Origin',(-97.4999999999982,-153.500000000002,0.));
#7297=CARTESIAN_POINT('Origin',(-120.5,-140.5,0.));
#7298=CARTESIAN_POINT('',(-120.5,-142.5,5.));
#7299=CARTESIAN_POINT('',(-120.5,-162.5,5.));
#7300=CARTESIAN_POINT('',(-120.5,-142.5,0.));
#7301=CARTESIAN_POINT('Origin',(-122.5,-142.5,0.));
#7302=CARTESIAN_POINT('',(-122.5,-140.5,5.));
#7303=CARTESIAN_POINT('Origin',(-122.5,-142.5,5.));
#7304=CARTESIAN_POINT('',(-122.5,-140.5,0.));
#7305=CARTESIAN_POINT('Origin',(-138.5,-138.5,0.));
#7306=CARTESIAN_POINT('',(-138.5,-140.5,5.));
#7307=CARTESIAN_POINT('',(-140.5,-138.5,5.));
#7308=CARTESIAN_POINT('Origin',(-138.5,-138.5,5.));
#7309=CARTESIAN_POINT('',(-140.5,-138.5,0.));
#7310=CARTESIAN_POINT('',(-138.5,-140.5,0.));
#7311=CARTESIAN_POINT('Origin',(-140.5,-120.5,0.));
#7312=CARTESIAN_POINT('',(-140.5,-122.5,5.));
#7313=CARTESIAN_POINT('',(-140.5,-120.5,5.));
#7314=CARTESIAN_POINT('',(-140.5,-122.5,0.));
#7315=CARTESIAN_POINT('Origin',(-142.5,-122.5,0.));
#7316=CARTESIAN_POINT('',(-142.5,-120.5,5.));
#7317=CARTESIAN_POINT('Origin',(-142.5,-122.5,5.));
#7318=CARTESIAN_POINT('',(-142.5,-120.5,0.));
#7319=CARTESIAN_POINT('Origin',(-160.5,-118.5,0.));
#7320=CARTESIAN_POINT('',(-160.5,-120.5,5.));
#7321=CARTESIAN_POINT('',(-162.5,-118.5,5.));
#7322=CARTESIAN_POINT('Origin',(-160.5,-118.5,5.));
#7323=CARTESIAN_POINT('',(-162.5,-118.5,0.));
#7324=CARTESIAN_POINT('',(-160.5,-120.5,0.));
#7325=CARTESIAN_POINT('Origin',(-162.5,120.5,0.));
#7326=CARTESIAN_POINT('',(-162.5,-50.05,5.));
#7327=CARTESIAN_POINT('',(-162.5,162.5,5.));
#7328=CARTESIAN_POINT('',(-162.5,-50.05,2.5));
#7329=CARTESIAN_POINT('',(-162.5,-50.05,1.25));
#7330=CARTESIAN_POINT('',(-162.5,-60.,2.5));
#7331=CARTESIAN_POINT('',(-162.5,30.25,2.5));
#7332=CARTESIAN_POINT('',(-162.5,-60.,0.));
#7333=CARTESIAN_POINT('Origin',(0.,0.,5.));
#7334=CARTESIAN_POINT('',(-50.05,-162.5,5.));
#7335=CARTESIAN_POINT('',(-162.5,-162.5,5.));
#7336=CARTESIAN_POINT('',(-50.05,-50.05,5.));
#7337=CARTESIAN_POINT('',(-50.05,81.25,5.));
#7338=CARTESIAN_POINT('',(81.25,-50.05,5.));
#7339=CARTESIAN_POINT('',(-120.5,-120.5,5.));
#7340=CARTESIAN_POINT('',(-140.5,-140.5,5.));
#7341=CARTESIAN_POINT('',(-91.5999999999982,-153.500000000002,5.));
#7342=CARTESIAN_POINT('Origin',(-89.4999999999982,-153.500000000002,5.));
#7343=CARTESIAN_POINT('',(-107.599999999998,-153.500000000002,5.));
#7344=CARTESIAN_POINT('Origin',(-105.499999999998,-153.500000000002,5.));
#7345=CARTESIAN_POINT('',(-155.599999999992,-97.5000000000186,5.));
#7346=CARTESIAN_POINT('Origin',(-153.499999999992,-97.5000000000186,5.));
#7347=CARTESIAN_POINT('',(-155.599999999993,-89.5000000000162,5.));
#7348=CARTESIAN_POINT('Origin',(-153.499999999993,-89.5000000000162,5.));
#7349=CARTESIAN_POINT('',(-155.599999999991,-105.50000000002,5.));
#7350=CARTESIAN_POINT('Origin',(-153.499999999991,-105.50000000002,5.));
#7351=CARTESIAN_POINT('',(-99.5999999999982,-153.500000000002,5.));
#7352=CARTESIAN_POINT('Origin',(-97.4999999999982,-153.500000000002,5.));
#7353=CARTESIAN_POINT('Origin',(-50.05,162.5,5.));
#7354=CARTESIAN_POINT('',(-50.05,-162.5,2.5));
#7355=CARTESIAN_POINT('',(-50.05,-162.5,2.5));
#7356=CARTESIAN_POINT('',(-50.05,-50.05,2.5));
#7357=CARTESIAN_POINT('',(-50.05,162.5,2.5));
#7358=CARTESIAN_POINT('',(-50.05,-50.05,3.75));
#7359=CARTESIAN_POINT('Origin',(-60.,162.5,2.5));
#7360=CARTESIAN_POINT('',(-60.,-162.5,2.5));
#7361=CARTESIAN_POINT('',(-60.,-162.5,1.25));
#7362=CARTESIAN_POINT('',(-60.,-60.,2.5));
#7363=CARTESIAN_POINT('',(-60.,-60.,1.25));
#7364=CARTESIAN_POINT('',(-60.,162.5,2.5));
#7365=CARTESIAN_POINT('Origin',(-120.5,-162.5,0.));
#7366=CARTESIAN_POINT('',(-85.275,-162.5,2.5));
#7367=CARTESIAN_POINT('Origin',(162.5,-60.,0.));
#7368=CARTESIAN_POINT('',(162.5,-60.,2.5));
#7369=CARTESIAN_POINT('Origin',(162.5,-60.,2.5));
#7370=CARTESIAN_POINT('',(162.5,-50.05,2.5));
#7371=CARTESIAN_POINT('Origin',(162.5,-50.05,2.5));
#7372=CARTESIAN_POINT('Origin',(-97.4999999999982,-153.500000000002,0.));
#7373=CARTESIAN_POINT('',(-99.5999999999982,-153.500000000002,0.));
#7374=CARTESIAN_POINT('Origin',(-153.499999999991,-105.50000000002,0.));
#7375=CARTESIAN_POINT('',(-155.599999999991,-105.50000000002,0.));
#7376=CARTESIAN_POINT('Origin',(-153.499999999993,-89.5000000000162,0.));
#7377=CARTESIAN_POINT('',(-155.599999999993,-89.5000000000162,0.));
#7378=CARTESIAN_POINT('Origin',(-153.499999999992,-97.5000000000186,0.));
#7379=CARTESIAN_POINT('',(-155.599999999992,-97.5000000000186,0.));
#7380=CARTESIAN_POINT('Origin',(-105.499999999998,-153.500000000002,0.));
#7381=CARTESIAN_POINT('',(-107.599999999998,-153.500000000002,0.));
#7382=CARTESIAN_POINT('Origin',(-89.4999999999982,-153.500000000002,0.));
#7383=CARTESIAN_POINT('',(-91.5999999999982,-153.500000000002,0.));
#7384=CARTESIAN_POINT('Origin',(-140.5,-140.5,0.));
#7385=CARTESIAN_POINT('Origin',(-162.5,-120.5,0.));
#7386=CARTESIAN_POINT('Origin',(-97.5,-45.,5.));
#7387=CARTESIAN_POINT('',(-94.9,-45.,5.));
#7388=CARTESIAN_POINT('Origin',(-97.5,-45.,5.));
#7389=CARTESIAN_POINT('',(-94.9,-45.,0.));
#7390=CARTESIAN_POINT('',(-94.9,-45.,5.));
#7391=CARTESIAN_POINT('Origin',(-97.5,-45.,0.));
#7392=CARTESIAN_POINT('Origin',(-57.5,-45.,5.));
#7393=CARTESIAN_POINT('',(-54.9,-45.,5.));
#7394=CARTESIAN_POINT('Origin',(-57.5,-45.,5.));
#7395=CARTESIAN_POINT('',(-54.9,-45.,2.5));
#7396=CARTESIAN_POINT('',(-54.9,-45.,5.));
#7397=CARTESIAN_POINT('',(-60.,-45.7141428428543,2.5));
#7398=CARTESIAN_POINT('Origin',(-57.5,-45.,2.5));
#7399=CARTESIAN_POINT('',(-60.,-45.7141428428543,0.));
#7400=CARTESIAN_POINT('',(-60.,-45.7141428428543,5.));
#7401=CARTESIAN_POINT('',(-60.,-44.2858571571457,0.));
#7402=CARTESIAN_POINT('Origin',(-57.5,-45.,0.));
#7403=CARTESIAN_POINT('',(-60.,-44.2858571571457,2.5));
#7404=CARTESIAN_POINT('',(-60.,-44.2858571571457,5.));
#7405=CARTESIAN_POINT('Origin',(-57.5,-45.,2.5));
#7406=CARTESIAN_POINT('Origin',(-137.5,-45.,5.));
#7407=CARTESIAN_POINT('',(-134.9,-45.,5.));
#7408=CARTESIAN_POINT('Origin',(-137.5,-45.,5.));
#7409=CARTESIAN_POINT('',(-134.9,-45.,0.));
#7410=CARTESIAN_POINT('',(-134.9,-45.,5.));
#7411=CARTESIAN_POINT('Origin',(-137.5,-45.,0.));
#7412=CARTESIAN_POINT('Origin',(-97.5,45.,5.));
#7413=CARTESIAN_POINT('',(-94.9,45.,5.));
#7414=CARTESIAN_POINT('Origin',(-97.5,45.,5.));
#7415=CARTESIAN_POINT('',(-94.9,45.,0.));
#7416=CARTESIAN_POINT('',(-94.9,45.,5.));
#7417=CARTESIAN_POINT('Origin',(-97.5,45.,0.));
#7418=CARTESIAN_POINT('Origin',(-57.5,45.,5.));
#7419=CARTESIAN_POINT('',(-54.9,45.,5.));
#7420=CARTESIAN_POINT('Origin',(-57.5,45.,5.));
#7421=CARTESIAN_POINT('',(-54.9,45.,2.5));
#7422=CARTESIAN_POINT('',(-54.9,45.,5.));
#7423=CARTESIAN_POINT('',(-60.,44.2858571571457,2.5));
#7424=CARTESIAN_POINT('Origin',(-57.5,45.,2.5));
#7425=CARTESIAN_POINT('',(-60.,44.2858571571457,0.));
#7426=CARTESIAN_POINT('',(-60.,44.2858571571457,5.));
#7427=CARTESIAN_POINT('',(-60.,45.7141428428543,0.));
#7428=CARTESIAN_POINT('Origin',(-57.5,45.,0.));
#7429=CARTESIAN_POINT('',(-60.,45.7141428428543,2.5));
#7430=CARTESIAN_POINT('',(-60.,45.7141428428543,5.));
#7431=CARTESIAN_POINT('Origin',(-57.5,45.,2.5));
#7432=CARTESIAN_POINT('Origin',(-137.5,45.,5.));
#7433=CARTESIAN_POINT('',(-134.9,45.,5.));
#7434=CARTESIAN_POINT('Origin',(-137.5,45.,5.));
#7435=CARTESIAN_POINT('',(-134.9,45.,0.));
#7436=CARTESIAN_POINT('',(-134.9,45.,5.));
#7437=CARTESIAN_POINT('Origin',(-137.5,45.,0.));
#7438=CARTESIAN_POINT('Origin',(-60.,162.5,2.5));
#7439=CARTESIAN_POINT('',(-60.,-50.,2.5));
#7440=CARTESIAN_POINT('',(-60.,162.5,2.5));
#7441=CARTESIAN_POINT('',(-60.,-50.,2.43810034226573));
#7442=CARTESIAN_POINT('',(-60.,-50.,3.7500000372529));
#7443=CARTESIAN_POINT('',(-60.,-59.95,2.45));
#7444=CARTESIAN_POINT('',(-60.,56.2498110181123,2.31103135880383));
#7445=CARTESIAN_POINT('',(-60.,-59.95,0.));
#7446=CARTESIAN_POINT('',(-60.,-59.95,2.475));
#7447=CARTESIAN_POINT('',(-60.,81.25,0.));
#7448=CARTESIAN_POINT('Origin',(-60.,162.5,2.5));
#7449=CARTESIAN_POINT('',(-60.,59.95,0.));
#7450=CARTESIAN_POINT('',(-60.,81.25,0.));
#7451=CARTESIAN_POINT('',(-60.,59.95,2.45));
#7452=CARTESIAN_POINT('',(-60.,59.95,1.25));
#7453=CARTESIAN_POINT('',(-60.,50.,2.43810034226573));
#7454=CARTESIAN_POINT('',(-60.,111.224956560803,2.51132205360934));
#7455=CARTESIAN_POINT('',(-60.,50.,2.5));
#7456=CARTESIAN_POINT('',(-60.,50.,2.46905017113287));
#7457=CARTESIAN_POINT('',(-60.,162.5,2.5));
#7458=CARTESIAN_POINT('Origin',(0.,0.,0.));
#7459=CARTESIAN_POINT('',(-162.5,-59.95,0.));
#7460=CARTESIAN_POINT('',(81.25,-59.95,0.));
#7461=CARTESIAN_POINT('',(-162.5,59.95,0.));
#7462=CARTESIAN_POINT('',(-162.5,162.5,0.));
#7463=CARTESIAN_POINT('',(81.25,59.95,0.));
#7464=CARTESIAN_POINT('',(-60.,81.25,0.));
#7465=CARTESIAN_POINT('Origin',(-55.05,17.5,5.));
#7466=CARTESIAN_POINT('',(-52.45,17.5,5.));
#7467=CARTESIAN_POINT('Origin',(-55.05,17.5,5.));
#7468=CARTESIAN_POINT('',(-52.45,17.5,2.5));
#7469=CARTESIAN_POINT('',(-52.45,17.5,5.));
#7470=CARTESIAN_POINT('Origin',(-55.05,17.5,2.5));
#7471=CARTESIAN_POINT('Origin',(-55.05,-22.5,5.));
#7472=CARTESIAN_POINT('',(-52.45,-22.5,5.));
#7473=CARTESIAN_POINT('Origin',(-55.05,-22.5,5.));
#7474=CARTESIAN_POINT('',(-52.45,-22.5,2.5));
#7475=CARTESIAN_POINT('',(-52.45,-22.5,5.));
#7476=CARTESIAN_POINT('Origin',(-55.05,-22.5,2.5));
#7477=CARTESIAN_POINT('Origin',(-50.05,162.5,2.5));
#7478=CARTESIAN_POINT('',(-60.,162.5,2.5));
#7479=CARTESIAN_POINT('',(-50.05,50.,2.5));
#7480=CARTESIAN_POINT('',(56.225,50.,2.5));
#7481=CARTESIAN_POINT('',(-50.05,-50.,2.5));
#7482=CARTESIAN_POINT('',(-50.05,162.5,2.5));
#7483=CARTESIAN_POINT('',(56.225,-50.,2.5));
#7484=CARTESIAN_POINT('Origin',(-50.05,162.5,5.));
#7485=CARTESIAN_POINT('',(-50.05,-50.,5.));
#7486=CARTESIAN_POINT('',(-50.05,-50.,5.0000000372529));
#7487=CARTESIAN_POINT('',(-50.05,50.,5.));
#7488=CARTESIAN_POINT('',(-50.05,50.,3.71905017113287));
#7489=CARTESIAN_POINT('',(-50.05,81.25,5.));
#7490=CARTESIAN_POINT('Origin',(-60.,162.5,2.5));
#7491=CARTESIAN_POINT('Origin',(162.5,-50.,5.00000007450581));
#7492=CARTESIAN_POINT('',(-162.5,-50.,5.00000007450581));
#7493=CARTESIAN_POINT('',(81.25,-50.,5.));
#7494=CARTESIAN_POINT('',(-162.5,-50.,2.43810034226573));
#7495=CARTESIAN_POINT('',(-162.5,-50.,2.5000000372529));
#7496=CARTESIAN_POINT('',(162.5,-50.,2.43810034226573));
#7497=CARTESIAN_POINT('Origin',(0.,0.,5.));
#7498=CARTESIAN_POINT('',(-162.5,50.,5.00000007450581));
#7499=CARTESIAN_POINT('',(81.25,50.,5.));
#7500=CARTESIAN_POINT('',(-162.5,162.5,5.));
#7501=CARTESIAN_POINT('Origin',(162.5,59.95,0.));
#7502=CARTESIAN_POINT('',(-162.5,59.95,2.45));
#7503=CARTESIAN_POINT('',(-162.5,59.95,0.));
#7504=CARTESIAN_POINT('',(162.5,59.95,2.45));
#7505=CARTESIAN_POINT('Origin',(162.5,59.95,2.45));
#7506=CARTESIAN_POINT('',(-162.5,50.,2.43810034226573));
#7507=CARTESIAN_POINT('',(-162.5,90.2234916670209,2.48620544615665));
#7508=CARTESIAN_POINT('',(162.5,50.,2.43810034226573));
#7509=CARTESIAN_POINT('Origin',(162.5,-59.95,2.45));
#7510=CARTESIAN_POINT('',(-162.5,-59.95,2.45));
#7511=CARTESIAN_POINT('',(162.5,-59.95,2.45));
#7512=CARTESIAN_POINT('',(-162.5,-59.95,1.225));
#7513=CARTESIAN_POINT('Origin',(162.5,-50.,2.43810034226573));
#7514=CARTESIAN_POINT('',(-162.5,35.2513359838058,2.33614439054752));
#7515=CARTESIAN_POINT('Origin',(162.5,50.,2.43810034226573));
#7516=CARTESIAN_POINT('',(-162.5,50.,1.21905017113287));
#7517=CARTESIAN_POINT('Origin',(-162.5,120.5,0.));
#7518=CARTESIAN_POINT('Origin',(-55.05,57.5,5.));
#7519=CARTESIAN_POINT('',(-52.45,57.5,5.));
#7520=CARTESIAN_POINT('Origin',(-55.05,57.5,5.));
#7521=CARTESIAN_POINT('',(-52.45,57.5,2.5));
#7522=CARTESIAN_POINT('',(-52.45,57.5,5.));
#7523=CARTESIAN_POINT('Origin',(-55.05,57.5,2.5));
#7524=CARTESIAN_POINT('Origin',(-55.05,97.5,5.));
#7525=CARTESIAN_POINT('',(-52.45,97.5,5.));
#7526=CARTESIAN_POINT('Origin',(-55.05,97.5,5.));
#7527=CARTESIAN_POINT('',(-52.45,97.5,2.5));
#7528=CARTESIAN_POINT('',(-52.45,97.5,5.));
#7529=CARTESIAN_POINT('Origin',(-55.05,97.5,2.5));
#7530=CARTESIAN_POINT('Origin',(-55.05,137.5,5.));
#7531=CARTESIAN_POINT('',(-52.45,137.5,5.));
#7532=CARTESIAN_POINT('Origin',(-55.05,137.5,5.));
#7533=CARTESIAN_POINT('',(-52.45,137.5,2.5));
#7534=CARTESIAN_POINT('',(-52.45,137.5,5.));
#7535=CARTESIAN_POINT('Origin',(-55.05,137.5,2.5));
#7536=CARTESIAN_POINT('Origin',(-130.499999999999,130.500000000003,3.26092888462311E-8));
#7537=CARTESIAN_POINT('',(-130.499999999999,138.000000000003,3.26092902239442E-8));
#7538=CARTESIAN_POINT('Origin',(-130.499999999999,130.500000000003,0.));
#7539=CARTESIAN_POINT('',(-130.499999998758,138.000000000003,5.));
#7540=CARTESIAN_POINT('',(-130.499999999999,138.000000000003,3.26092888462311E-8));
#7541=CARTESIAN_POINT('Origin',(-130.499999998758,130.500000000003,5.));
#7542=CARTESIAN_POINT('Origin',(-160.5,118.5,0.));
#7543=CARTESIAN_POINT('',(-162.5,118.5,5.));
#7544=CARTESIAN_POINT('',(-160.5,120.5,5.));
#7545=CARTESIAN_POINT('Origin',(-160.5,118.5,5.));
#7546=CARTESIAN_POINT('',(-160.5,120.5,0.));
#7547=CARTESIAN_POINT('',(-160.5,120.5,0.));
#7548=CARTESIAN_POINT('',(-162.5,118.5,0.));
#7549=CARTESIAN_POINT('Origin',(-160.5,118.5,0.));
#7550=CARTESIAN_POINT('',(-162.5,118.5,0.));
#7551=CARTESIAN_POINT('Origin',(0.,0.,0.));
#7552=CARTESIAN_POINT('',(-142.5,120.5,0.));
#7553=CARTESIAN_POINT('',(-120.5,120.5,0.));
#7554=CARTESIAN_POINT('',(-140.5,122.5,0.));
#7555=CARTESIAN_POINT('Origin',(-142.5,122.5,0.));
#7556=CARTESIAN_POINT('',(-140.5,138.500000000005,0.));
#7557=CARTESIAN_POINT('',(-140.5,120.500000000005,0.));
#7558=CARTESIAN_POINT('',(-138.5,140.500000000005,0.));
#7559=CARTESIAN_POINT('Origin',(-138.5,138.500000000005,0.));
#7560=CARTESIAN_POINT('',(-122.5,140.500000000005,0.));
#7561=CARTESIAN_POINT('',(-140.5,140.500000000005,0.));
#7562=CARTESIAN_POINT('',(-120.5,142.500000000005,0.));
#7563=CARTESIAN_POINT('Origin',(-122.5,142.500000000005,0.));
#7564=CARTESIAN_POINT('',(-120.5,160.5,0.));
#7565=CARTESIAN_POINT('',(-120.5,162.5,0.));
#7566=CARTESIAN_POINT('',(-118.5,162.5,0.));
#7567=CARTESIAN_POINT('Origin',(-118.5,160.5,0.));
#7568=CARTESIAN_POINT('',(-60.,162.5,0.));
#7569=CARTESIAN_POINT('',(162.5,162.5,0.));
#7570=CARTESIAN_POINT('',(-60.,60.,0.));
#7571=CARTESIAN_POINT('',(-60.,81.25,0.));
#7572=CARTESIAN_POINT('',(-162.5,60.,0.));
#7573=CARTESIAN_POINT('',(81.25,60.,0.));
#7574=CARTESIAN_POINT('',(-162.5,162.5,0.));
#7575=CARTESIAN_POINT('',(-99.5999999999978,153.500000000007,0.));
#7576=CARTESIAN_POINT('Origin',(-97.4999999999978,153.500000000007,0.));
#7577=CARTESIAN_POINT('',(-155.600000000006,97.4999999999764,0.));
#7578=CARTESIAN_POINT('Origin',(-153.500000000006,97.4999999999764,0.));
#7579=CARTESIAN_POINT('',(-155.600000000007,89.4999999999764,0.));
#7580=CARTESIAN_POINT('Origin',(-153.500000000007,89.4999999999764,0.));
#7581=CARTESIAN_POINT('',(-107.599999999998,153.500000000007,0.));
#7582=CARTESIAN_POINT('Origin',(-105.499999999998,153.500000000007,0.));
#7583=CARTESIAN_POINT('',(-91.5999999999978,153.500000000007,0.));
#7584=CARTESIAN_POINT('Origin',(-89.4999999999978,153.500000000007,0.));
#7585=CARTESIAN_POINT('',(-155.599999999988,105.499999999983,0.));
#7586=CARTESIAN_POINT('Origin',(-153.499999999988,105.499999999983,0.));
#7587=CARTESIAN_POINT('Origin',(-140.5,120.5,0.));
#7588=CARTESIAN_POINT('',(-142.5,120.5,5.));
#7589=CARTESIAN_POINT('',(-120.5,120.5,5.));
#7590=CARTESIAN_POINT('',(-142.5,120.5,0.));
#7591=CARTESIAN_POINT('Origin',(-142.5,122.5,0.));
#7592=CARTESIAN_POINT('',(-140.5,122.5,5.));
#7593=CARTESIAN_POINT('Origin',(-142.5,122.5,5.));
#7594=CARTESIAN_POINT('',(-140.5,122.5,0.));
#7595=CARTESIAN_POINT('Origin',(-138.5,138.500000000005,0.));
#7596=CARTESIAN_POINT('',(-140.5,138.500000000005,5.));
#7597=CARTESIAN_POINT('',(-138.5,140.500000000005,5.));
#7598=CARTESIAN_POINT('Origin',(-138.5,138.500000000005,5.));
#7599=CARTESIAN_POINT('',(-138.5,140.500000000005,0.));
#7600=CARTESIAN_POINT('',(-140.5,138.500000000005,0.));
#7601=CARTESIAN_POINT('Origin',(-120.5,140.500000000005,0.));
#7602=CARTESIAN_POINT('',(-122.5,140.500000000005,5.));
#7603=CARTESIAN_POINT('',(-140.5,140.500000000005,5.));
#7604=CARTESIAN_POINT('',(-122.5,140.500000000005,0.));
#7605=CARTESIAN_POINT('Origin',(-122.5,142.500000000005,0.));
#7606=CARTESIAN_POINT('',(-120.5,142.500000000005,5.));
#7607=CARTESIAN_POINT('Origin',(-122.5,142.500000000005,5.));
#7608=CARTESIAN_POINT('',(-120.5,142.500000000005,0.));
#7609=CARTESIAN_POINT('Origin',(-118.5,160.5,0.));
#7610=CARTESIAN_POINT('',(-120.5,160.5,5.));
#7611=CARTESIAN_POINT('',(-118.5,162.5,5.));
#7612=CARTESIAN_POINT('Origin',(-118.5,160.5,5.));
#7613=CARTESIAN_POINT('',(-118.5,162.5,0.));
#7614=CARTESIAN_POINT('',(-120.5,160.5,0.));
#7615=CARTESIAN_POINT('Origin',(120.5,162.5,0.));
#7616=CARTESIAN_POINT('',(-50.05,162.5,5.));
#7617=CARTESIAN_POINT('',(162.5,162.5,5.));
#7618=CARTESIAN_POINT('',(-50.05,162.5,2.5));
#7619=CARTESIAN_POINT('',(-50.05,162.5,2.5));
#7620=CARTESIAN_POINT('',(-60.,162.5,2.5));
#7621=CARTESIAN_POINT('',(35.225,162.5,2.5));
#7622=CARTESIAN_POINT('',(-60.,162.5,1.25));
#7623=CARTESIAN_POINT('Origin',(0.,0.,5.));
#7624=CARTESIAN_POINT('',(-162.5,50.05,5.));
#7625=CARTESIAN_POINT('',(-162.5,162.5,5.));
#7626=CARTESIAN_POINT('',(-50.05,50.05,5.));
#7627=CARTESIAN_POINT('',(81.25,50.05,5.));
#7628=CARTESIAN_POINT('',(-50.05,81.25,5.));
#7629=CARTESIAN_POINT('',(-120.5,162.5,5.));
#7630=CARTESIAN_POINT('',(-140.5,120.500000000005,5.));
#7631=CARTESIAN_POINT('',(-99.5999999999978,153.500000000007,5.));
#7632=CARTESIAN_POINT('Origin',(-97.4999999999978,153.500000000007,5.));
#7633=CARTESIAN_POINT('',(-155.600000000006,97.4999999999764,5.));
#7634=CARTESIAN_POINT('Origin',(-153.500000000006,97.4999999999764,5.));
#7635=CARTESIAN_POINT('',(-155.600000000007,89.4999999999764,5.));
#7636=CARTESIAN_POINT('Origin',(-153.500000000007,89.4999999999764,5.));
#7637=CARTESIAN_POINT('',(-107.599999999998,153.500000000007,5.));
#7638=CARTESIAN_POINT('Origin',(-105.499999999998,153.500000000007,5.));
#7639=CARTESIAN_POINT('',(-91.5999999999978,153.500000000007,5.));
#7640=CARTESIAN_POINT('Origin',(-89.4999999999978,153.500000000007,5.));
#7641=CARTESIAN_POINT('',(-155.599999999988,105.499999999983,5.));
#7642=CARTESIAN_POINT('Origin',(-153.499999999988,105.499999999983,5.));
#7643=CARTESIAN_POINT('Origin',(-60.,162.5,2.5));
#7644=CARTESIAN_POINT('',(-60.,60.,2.5));
#7645=CARTESIAN_POINT('',(-60.,60.,2.5));
#7646=CARTESIAN_POINT('',(-60.,162.5,2.5));
#7647=CARTESIAN_POINT('Origin',(-50.05,162.5,5.));
#7648=CARTESIAN_POINT('',(-50.05,50.05,2.5));
#7649=CARTESIAN_POINT('',(-50.05,50.05,5.));
#7650=CARTESIAN_POINT('',(-50.05,106.275,2.5));
#7651=CARTESIAN_POINT('Origin',(162.5,50.05,5.));
#7652=CARTESIAN_POINT('',(-162.5,50.05,2.5));
#7653=CARTESIAN_POINT('',(-162.5,50.05,2.5));
#7654=CARTESIAN_POINT('',(162.5,50.05,2.5));
#7655=CARTESIAN_POINT('Origin',(162.5,50.05,2.5));
#7656=CARTESIAN_POINT('',(-162.5,60.,2.5));
#7657=CARTESIAN_POINT('',(-162.5,85.275,2.5));
#7658=CARTESIAN_POINT('',(162.5,60.,2.5));
#7659=CARTESIAN_POINT('Origin',(162.5,60.,2.5));
#7660=CARTESIAN_POINT('',(-162.5,60.,1.25));
#7661=CARTESIAN_POINT('Origin',(-120.5,162.5,0.));
#7662=CARTESIAN_POINT('Origin',(-140.5,140.500000000005,0.));
#7663=CARTESIAN_POINT('Origin',(-97.4999999999978,153.500000000007,0.));
#7664=CARTESIAN_POINT('',(-99.5999999999978,153.500000000007,0.));
#7665=CARTESIAN_POINT('Origin',(-153.500000000006,97.4999999999764,0.));
#7666=CARTESIAN_POINT('',(-155.600000000006,97.4999999999764,0.));
#7667=CARTESIAN_POINT('Origin',(-153.500000000007,89.4999999999764,0.));
#7668=CARTESIAN_POINT('',(-155.600000000007,89.4999999999764,0.));
#7669=CARTESIAN_POINT('Origin',(-105.499999999998,153.500000000007,0.));
#7670=CARTESIAN_POINT('',(-107.599999999998,153.500000000007,0.));
#7671=CARTESIAN_POINT('Origin',(-89.4999999999978,153.500000000007,0.));
#7672=CARTESIAN_POINT('',(-91.5999999999978,153.500000000007,0.));
#7673=CARTESIAN_POINT('Origin',(-153.499999999988,105.499999999983,0.));
#7674=CARTESIAN_POINT('',(-155.599999999988,105.499999999983,0.));
#7675=CARTESIAN_POINT('Origin',(-162.5,120.5,0.));
#7676=CARTESIAN_POINT('Origin',(55.05,-102.5,5.));
#7677=CARTESIAN_POINT('',(57.65,-102.5,2.44724932534786));
#7678=CARTESIAN_POINT('Origin',(55.05,-102.5,2.44413986704544));
#7679=CARTESIAN_POINT('',(57.65,-102.5,0.));
#7680=CARTESIAN_POINT('',(57.65,-102.5,5.));
#7681=CARTESIAN_POINT('Origin',(55.05,-102.5,0.));
#7682=CARTESIAN_POINT('Origin',(55.05,-62.5,5.));
#7683=CARTESIAN_POINT('',(54.3358571571457,-60.,0.));
#7684=CARTESIAN_POINT('',(55.7641428428543,-60.,0.));
#7685=CARTESIAN_POINT('Origin',(55.05,-62.5,0.));
#7686=CARTESIAN_POINT('',(54.3358571571458,-60.,2.4432857911255));
#7687=CARTESIAN_POINT('',(54.3358571571457,-60.,5.));
#7688=CARTESIAN_POINT('',(55.7641428428542,-60.,2.44499394296537));
#7689=CARTESIAN_POINT('Origin',(55.05,-62.5,2.44413986704544));
#7690=CARTESIAN_POINT('',(55.7641428428543,-60.,5.));
#7691=CARTESIAN_POINT('Origin',(55.05,-142.5,5.));
#7692=CARTESIAN_POINT('',(57.65,-142.5,2.44724932534786));
#7693=CARTESIAN_POINT('Origin',(55.05,-142.5,2.44413986704544));
#7694=CARTESIAN_POINT('',(57.65,-142.5,0.));
#7695=CARTESIAN_POINT('',(57.65,-142.5,5.));
#7696=CARTESIAN_POINT('Origin',(55.05,-142.5,0.));
#7697=CARTESIAN_POINT('Origin',(162.5,-60.,0.));
#7698=CARTESIAN_POINT('',(-54.3358571571457,-60.,0.));
#7699=CARTESIAN_POINT('',(81.25,-60.,0.));
#7700=CARTESIAN_POINT('',(-54.3358571571458,-60.,2.4432857911255));
#7701=CARTESIAN_POINT('',(-54.3358571571457,-60.,5.));
#7702=CARTESIAN_POINT('',(-50.,-60.,2.43810034226573));
#7703=CARTESIAN_POINT('',(51.2763059478503,-60.,2.31697939981647));
#7704=CARTESIAN_POINT('',(-50.,-60.,2.5));
#7705=CARTESIAN_POINT('',(-50.,-60.,1.21905017113287));
#7706=CARTESIAN_POINT('',(50.,-60.,2.5));
#7707=CARTESIAN_POINT('',(162.5,-60.,2.5));
#7708=CARTESIAN_POINT('',(50.,-60.,2.43810034226573));
#7709=CARTESIAN_POINT('',(50.,-60.,2.5));
#7710=CARTESIAN_POINT('',(106.248461631065,-60.,2.50537043688771));
#7711=CARTESIAN_POINT('Origin',(50.,162.5,2.43810034226573));
#7712=CARTESIAN_POINT('',(50.,-162.5,2.43810034226573));
#7713=CARTESIAN_POINT('',(50.,162.5,2.43810034226573));
#7714=CARTESIAN_POINT('',(59.95,-162.5,2.45));
#7715=CARTESIAN_POINT('',(-35.2513359838058,-162.5,2.33614439054752));
#7716=CARTESIAN_POINT('',(59.95,-60.,2.45));
#7717=CARTESIAN_POINT('',(59.95,162.5,2.45));
#7718=CARTESIAN_POINT('',(106.248461631065,-60.,2.50537043688771));
#7719=CARTESIAN_POINT('Origin',(-55.05,-102.5,5.));
#7720=CARTESIAN_POINT('',(-52.45,-102.5,2.44103040874302));
#7721=CARTESIAN_POINT('Origin',(-55.05,-102.5,2.44413986704544));
#7722=CARTESIAN_POINT('',(-52.45,-102.5,0.));
#7723=CARTESIAN_POINT('',(-52.45,-102.5,5.));
#7724=CARTESIAN_POINT('Origin',(-55.05,-102.5,0.));
#7725=CARTESIAN_POINT('Origin',(-55.05,-62.5,5.));
#7726=CARTESIAN_POINT('',(-55.7641428428543,-60.,0.));
#7727=CARTESIAN_POINT('Origin',(-55.05,-62.5,0.));
#7728=CARTESIAN_POINT('',(-55.7641428428542,-60.,2.44499394296537));
#7729=CARTESIAN_POINT('',(-55.7641428428543,-60.,5.));
#7730=CARTESIAN_POINT('Origin',(-55.05,-62.5,2.44413986704544));
#7731=CARTESIAN_POINT('Origin',(-55.05,-142.5,5.));
#7732=CARTESIAN_POINT('',(-52.45,-142.5,2.44103040874302));
#7733=CARTESIAN_POINT('Origin',(-55.05,-142.5,2.44413986704544));
#7734=CARTESIAN_POINT('',(-52.45,-142.5,0.));
#7735=CARTESIAN_POINT('',(-52.45,-142.5,5.));
#7736=CARTESIAN_POINT('Origin',(-55.05,-142.5,0.));
#7737=CARTESIAN_POINT('Origin',(162.5,-60.,0.));
#7738=CARTESIAN_POINT('',(-59.95,-60.,0.));
#7739=CARTESIAN_POINT('',(81.25,-60.,0.));
#7740=CARTESIAN_POINT('',(-59.95,-60.,2.45));
#7741=CARTESIAN_POINT('',(-59.95,-60.,0.));
#7742=CARTESIAN_POINT('',(51.2763059478503,-60.,2.31697939981647));
#7743=CARTESIAN_POINT('Origin',(-59.95,162.5,2.45));
#7744=CARTESIAN_POINT('',(-59.95,-162.5,2.45));
#7745=CARTESIAN_POINT('',(-59.95,162.5,2.45));
#7746=CARTESIAN_POINT('',(-50.,-162.5,2.43810034226573));
#7747=CARTESIAN_POINT('',(-90.2234916670209,-162.5,2.48620544615665));
#7748=CARTESIAN_POINT('',(-50.,162.5,2.43810034226573));
#7749=CARTESIAN_POINT('Origin',(-59.95,162.5,0.));
#7750=CARTESIAN_POINT('',(-59.95,-162.5,0.));
#7751=CARTESIAN_POINT('',(-59.95,-162.5,0.));
#7752=CARTESIAN_POINT('',(-59.95,81.25,0.));
#7753=CARTESIAN_POINT('Origin',(-50.,162.5,2.43810034226573));
#7754=CARTESIAN_POINT('',(-50.,-162.5,5.00000007450581));
#7755=CARTESIAN_POINT('',(-50.,-162.5,1.21905017113287));
#7756=CARTESIAN_POINT('',(-50.,-50.05,5.00000007450581));
#7757=CARTESIAN_POINT('',(-50.,81.25,5.));
#7758=CARTESIAN_POINT('',(-50.,-50.05,2.5));
#7759=CARTESIAN_POINT('',(-50.,-50.05,2.46905017113287));
#7760=CARTESIAN_POINT('',(-50.,51.25,2.5));
#7761=CARTESIAN_POINT('Origin',(59.95,162.5,2.45));
#7762=CARTESIAN_POINT('',(59.95,-162.5,0.));
#7763=CARTESIAN_POINT('',(59.95,-162.5,1.225));
#7764=CARTESIAN_POINT('',(59.95,-60.,0.));
#7765=CARTESIAN_POINT('',(59.95,81.25,0.));
#7766=CARTESIAN_POINT('',(59.95,-60.,1.225));
#7767=CARTESIAN_POINT('Origin',(50.,162.5,5.));
#7768=CARTESIAN_POINT('',(50.,-50.05,2.5));
#7769=CARTESIAN_POINT('',(50.,51.25,2.5));
#7770=CARTESIAN_POINT('',(50.,-50.05,5.));
#7771=CARTESIAN_POINT('',(50.,-50.05,3.75));
#7772=CARTESIAN_POINT('',(50.,-162.5,5.));
#7773=CARTESIAN_POINT('',(50.,81.25,5.));
#7774=CARTESIAN_POINT('',(50.,-162.5,2.5));
#7775=CARTESIAN_POINT('Origin',(0.,0.,0.));
#7776=CARTESIAN_POINT('',(81.25,-60.,0.));
#7777=CARTESIAN_POINT('',(-162.5,-162.5,0.));
#7778=CARTESIAN_POINT('Origin',(-120.5,-162.5,0.));
#7779=CARTESIAN_POINT('',(-162.5,-162.5,5.));
#7780=CARTESIAN_POINT('Origin',(0.,0.,5.));
#7781=CARTESIAN_POINT('',(81.25,-50.05,5.));
#7782=CARTESIAN_POINT('Origin',(162.5,-60.,0.));
#7783=CARTESIAN_POINT('Origin',(162.5,-50.05,2.5));
#7784=CARTESIAN_POINT('',(162.5,-50.05,2.5));
#7785=CARTESIAN_POINT('Origin',(162.5,-60.,2.5));
#7786=CARTESIAN_POINT('Origin',(55.05,-102.5,5.));
#7787=CARTESIAN_POINT('',(57.65,-102.5,5.));
#7788=CARTESIAN_POINT('Origin',(55.05,-102.5,5.));
#7789=CARTESIAN_POINT('',(57.65,-102.5,2.5));
#7790=CARTESIAN_POINT('',(57.65,-102.5,5.));
#7791=CARTESIAN_POINT('Origin',(55.05,-102.5,2.5));
#7792=CARTESIAN_POINT('Origin',(55.05,-62.5,5.));
#7793=CARTESIAN_POINT('',(57.65,-62.5,5.));
#7794=CARTESIAN_POINT('Origin',(55.05,-62.5,5.));
#7795=CARTESIAN_POINT('',(57.65,-62.5,2.5));
#7796=CARTESIAN_POINT('',(57.65,-62.5,5.));
#7797=CARTESIAN_POINT('Origin',(55.05,-62.5,2.5));
#7798=CARTESIAN_POINT('Origin',(55.05,-142.5,5.));
#7799=CARTESIAN_POINT('',(57.65,-142.5,5.));
#7800=CARTESIAN_POINT('Origin',(55.05,-142.5,5.));
#7801=CARTESIAN_POINT('',(57.65,-142.5,2.5));
#7802=CARTESIAN_POINT('',(57.65,-142.5,5.));
#7803=CARTESIAN_POINT('Origin',(55.05,-142.5,2.5));
#7804=CARTESIAN_POINT('Origin',(160.5,-118.5,0.));
#7805=CARTESIAN_POINT('',(162.5,-118.5,5.));
#7806=CARTESIAN_POINT('',(160.5,-120.5,5.));
#7807=CARTESIAN_POINT('Origin',(160.5,-118.5,5.));
#7808=CARTESIAN_POINT('',(160.5,-120.5,0.));
#7809=CARTESIAN_POINT('',(160.5,-120.5,0.));
#7810=CARTESIAN_POINT('',(162.5,-118.5,0.));
#7811=CARTESIAN_POINT('Origin',(160.5,-118.5,0.));
#7812=CARTESIAN_POINT('',(162.5,-118.5,0.));
#7813=CARTESIAN_POINT('Origin',(0.,0.,0.));
#7814=CARTESIAN_POINT('',(142.5,-120.5,0.));
#7815=CARTESIAN_POINT('',(120.5,-120.5,0.));
#7816=CARTESIAN_POINT('',(140.5,-122.5,0.));
#7817=CARTESIAN_POINT('Origin',(142.5,-122.5,0.));
#7818=CARTESIAN_POINT('',(140.5,-138.5,0.));
#7819=CARTESIAN_POINT('',(140.5,-120.5,0.));
#7820=CARTESIAN_POINT('',(138.5,-140.5,0.));
#7821=CARTESIAN_POINT('Origin',(138.5,-138.5,0.));
#7822=CARTESIAN_POINT('',(122.5,-140.5,0.));
#7823=CARTESIAN_POINT('',(140.5,-140.5,0.));
#7824=CARTESIAN_POINT('',(120.5,-142.5,0.));
#7825=CARTESIAN_POINT('Origin',(122.5,-142.5,0.));
#7826=CARTESIAN_POINT('',(120.5,-160.5,0.));
#7827=CARTESIAN_POINT('',(120.5,-162.5,0.));
#7828=CARTESIAN_POINT('',(118.5,-162.5,0.));
#7829=CARTESIAN_POINT('Origin',(118.5,-160.5,0.));
#7830=CARTESIAN_POINT('',(60.,-162.5,0.));
#7831=CARTESIAN_POINT('',(-162.5,-162.5,0.));
#7832=CARTESIAN_POINT('',(60.,-60.,0.));
#7833=CARTESIAN_POINT('',(60.,81.25,0.));
#7834=CARTESIAN_POINT('',(162.5,-60.,0.));
#7835=CARTESIAN_POINT('',(81.25,-60.,0.));
#7836=CARTESIAN_POINT('',(162.5,-162.5,0.));
#7837=CARTESIAN_POINT('',(103.4,-153.500000000007,0.));
#7838=CARTESIAN_POINT('Origin',(105.5,-153.500000000007,0.));
#7839=CARTESIAN_POINT('',(87.3999999999974,-153.500000000002,0.));
#7840=CARTESIAN_POINT('Origin',(89.4999999999975,-153.500000000002,0.));
#7841=CARTESIAN_POINT('',(151.399999999993,-89.5000000000162,0.));
#7842=CARTESIAN_POINT('Origin',(153.499999999993,-89.5000000000162,0.));
#7843=CARTESIAN_POINT('',(151.399999999991,-105.50000000002,0.));
#7844=CARTESIAN_POINT('Origin',(153.499999999991,-105.50000000002,0.));
#7845=CARTESIAN_POINT('',(151.399999999992,-97.5000000000186,0.));
#7846=CARTESIAN_POINT('Origin',(153.499999999992,-97.5000000000186,0.));
#7847=CARTESIAN_POINT('',(95.3999999999974,-153.500000000002,0.));
#7848=CARTESIAN_POINT('Origin',(97.4999999999974,-153.500000000002,0.));
#7849=CARTESIAN_POINT('Origin',(140.5,-120.5,0.));
#7850=CARTESIAN_POINT('',(142.5,-120.5,5.));
#7851=CARTESIAN_POINT('',(120.5,-120.5,5.));
#7852=CARTESIAN_POINT('',(142.5,-120.5,0.));
#7853=CARTESIAN_POINT('Origin',(142.5,-122.5,0.));
#7854=CARTESIAN_POINT('',(140.5,-122.5,5.));
#7855=CARTESIAN_POINT('Origin',(142.5,-122.5,5.));
#7856=CARTESIAN_POINT('',(140.5,-122.5,0.));
#7857=CARTESIAN_POINT('Origin',(138.5,-138.5,0.));
#7858=CARTESIAN_POINT('',(140.5,-138.5,5.));
#7859=CARTESIAN_POINT('',(138.5,-140.5,5.));
#7860=CARTESIAN_POINT('Origin',(138.5,-138.5,5.));
#7861=CARTESIAN_POINT('',(138.5,-140.5,0.));
#7862=CARTESIAN_POINT('',(140.5,-138.5,0.));
#7863=CARTESIAN_POINT('Origin',(120.5,-140.5,0.));
#7864=CARTESIAN_POINT('',(122.5,-140.5,5.));
#7865=CARTESIAN_POINT('',(140.5,-140.5,5.));
#7866=CARTESIAN_POINT('',(122.5,-140.5,0.));
#7867=CARTESIAN_POINT('Origin',(122.5,-142.5,0.));
#7868=CARTESIAN_POINT('',(120.5,-142.5,5.));
#7869=CARTESIAN_POINT('Origin',(122.5,-142.5,5.));
#7870=CARTESIAN_POINT('',(120.5,-142.5,0.));
#7871=CARTESIAN_POINT('Origin',(118.5,-160.5,0.));
#7872=CARTESIAN_POINT('',(120.5,-160.5,5.));
#7873=CARTESIAN_POINT('',(118.5,-162.5,5.));
#7874=CARTESIAN_POINT('Origin',(118.5,-160.5,5.));
#7875=CARTESIAN_POINT('',(118.5,-162.5,0.));
#7876=CARTESIAN_POINT('',(120.5,-160.5,0.));
#7877=CARTESIAN_POINT('Origin',(0.,0.,5.));
#7878=CARTESIAN_POINT('',(162.5,-50.05,5.));
#7879=CARTESIAN_POINT('',(162.5,-162.5,5.));
#7880=CARTESIAN_POINT('',(50.05,-50.05,5.));
#7881=CARTESIAN_POINT('',(81.25,-50.05,5.));
#7882=CARTESIAN_POINT('',(50.05,-162.5,5.));
#7883=CARTESIAN_POINT('',(50.05,81.25,5.));
#7884=CARTESIAN_POINT('',(-162.5,-162.5,5.));
#7885=CARTESIAN_POINT('',(120.5,-162.5,5.));
#7886=CARTESIAN_POINT('',(140.5,-120.5,5.));
#7887=CARTESIAN_POINT('',(103.4,-153.500000000007,5.));
#7888=CARTESIAN_POINT('Origin',(105.5,-153.500000000007,5.));
#7889=CARTESIAN_POINT('',(87.3999999999974,-153.500000000002,5.));
#7890=CARTESIAN_POINT('Origin',(89.4999999999975,-153.500000000002,5.));
#7891=CARTESIAN_POINT('',(151.399999999993,-89.5000000000162,5.));
#7892=CARTESIAN_POINT('Origin',(153.499999999993,-89.5000000000162,5.));
#7893=CARTESIAN_POINT('',(151.399999999991,-105.50000000002,5.));
#7894=CARTESIAN_POINT('Origin',(153.499999999991,-105.50000000002,5.));
#7895=CARTESIAN_POINT('',(151.399999999992,-97.5000000000186,5.));
#7896=CARTESIAN_POINT('Origin',(153.499999999992,-97.5000000000186,5.));
#7897=CARTESIAN_POINT('',(95.3999999999974,-153.500000000002,5.));
#7898=CARTESIAN_POINT('Origin',(97.4999999999974,-153.500000000002,5.));
#7899=CARTESIAN_POINT('Origin',(120.5,-162.5,0.));
#7900=CARTESIAN_POINT('Origin',(140.5,-140.5,0.));
#7901=CARTESIAN_POINT('Origin',(162.5,-120.5,0.));
#7902=CARTESIAN_POINT('',(162.5,-60.,2.5));
#7903=CARTESIAN_POINT('',(162.5,-60.,0.));
#7904=CARTESIAN_POINT('',(162.5,-50.05,2.5));
#7905=CARTESIAN_POINT('',(162.5,-90.25,2.5));
#7906=CARTESIAN_POINT('',(162.5,-50.05,1.25));
#7907=CARTESIAN_POINT('Origin',(105.5,-153.500000000007,0.));
#7908=CARTESIAN_POINT('',(103.4,-153.500000000007,0.));
#7909=CARTESIAN_POINT('Origin',(89.4999999999975,-153.500000000002,0.));
#7910=CARTESIAN_POINT('',(87.3999999999974,-153.500000000002,0.));
#7911=CARTESIAN_POINT('Origin',(153.499999999993,-89.5000000000162,0.));
#7912=CARTESIAN_POINT('',(151.399999999993,-89.5000000000162,0.));
#7913=CARTESIAN_POINT('Origin',(153.499999999991,-105.50000000002,0.));
#7914=CARTESIAN_POINT('',(151.399999999991,-105.50000000002,0.));
#7915=CARTESIAN_POINT('Origin',(153.499999999992,-97.5000000000186,0.));
#7916=CARTESIAN_POINT('',(151.399999999992,-97.5000000000186,0.));
#7917=CARTESIAN_POINT('Origin',(97.4999999999974,-153.500000000002,0.));
#7918=CARTESIAN_POINT('',(95.3999999999974,-153.500000000002,0.));
#7919=CARTESIAN_POINT('Origin',(162.5,-60.,2.5));
#7920=CARTESIAN_POINT('',(50.05,-50.05,2.5));
#7921=CARTESIAN_POINT('',(162.5,-50.05,2.5));
#7922=CARTESIAN_POINT('',(60.,-60.,2.5));
#7923=CARTESIAN_POINT('',(162.5,-60.,2.5));
#7924=CARTESIAN_POINT('',(60.,-162.5,2.5));
#7925=CARTESIAN_POINT('',(60.,162.5,2.5));
#7926=CARTESIAN_POINT('',(50.05,-162.5,2.5));
#7927=CARTESIAN_POINT('',(-30.25,-162.5,2.5));
#7928=CARTESIAN_POINT('',(50.05,51.25,2.5));
#7929=CARTESIAN_POINT('Origin',(162.5,-50.05,2.5));
#7930=CARTESIAN_POINT('',(50.05,-50.05,2.5));
#7931=CARTESIAN_POINT('Origin',(162.5,-60.,0.));
#7932=CARTESIAN_POINT('',(60.,-60.,0.));
#7933=CARTESIAN_POINT('Origin',(-120.5,-162.5,0.));
#7934=CARTESIAN_POINT('',(50.05,-162.5,1.25));
#7935=CARTESIAN_POINT('',(60.,-162.5,0.));
#7936=CARTESIAN_POINT('Origin',(50.05,162.5,2.5));
#7937=CARTESIAN_POINT('Origin',(60.,162.5,0.));
#7938=CARTESIAN_POINT('Origin',(-17.5,-45.,5.));
#7939=CARTESIAN_POINT('',(-14.9,-45.,5.));
#7940=CARTESIAN_POINT('Origin',(-17.5,-45.,5.));
#7941=CARTESIAN_POINT('',(-14.9,-45.,0.));
#7942=CARTESIAN_POINT('',(-14.9,-45.,5.));
#7943=CARTESIAN_POINT('Origin',(-17.5,-45.,0.));
#7944=CARTESIAN_POINT('Origin',(62.5,-45.,5.));
#7945=CARTESIAN_POINT('',(59.95,-45.5074445782546,2.45));
#7946=CARTESIAN_POINT('',(59.95,-44.4925554217454,2.45));
#7947=CARTESIAN_POINT('Origin',(62.5,-45.,2.45304966102738));
#7948=CARTESIAN_POINT('',(59.95,-45.5074445782546,0.));
#7949=CARTESIAN_POINT('',(59.95,-45.5074445782546,5.));
#7950=CARTESIAN_POINT('',(59.95,-44.4925554217454,0.));
#7951=CARTESIAN_POINT('Origin',(62.5,-45.,0.));
#7952=CARTESIAN_POINT('',(59.95,-44.4925554217454,5.));
#7953=CARTESIAN_POINT('Origin',(22.5,-45.,5.));
#7954=CARTESIAN_POINT('',(25.1,-45.,5.));
#7955=CARTESIAN_POINT('Origin',(22.5,-45.,5.));
#7956=CARTESIAN_POINT('',(25.1,-45.,0.));
#7957=CARTESIAN_POINT('',(25.1,-45.,5.));
#7958=CARTESIAN_POINT('Origin',(22.5,-45.,0.));
#7959=CARTESIAN_POINT('Origin',(-57.5,-45.,5.));
#7960=CARTESIAN_POINT('',(-59.95,-45.8703447592764,2.45));
#7961=CARTESIAN_POINT('',(-59.95,-45.8703447592764,0.));
#7962=CARTESIAN_POINT('',(-59.95,-45.8703447592764,5.));
#7963=CARTESIAN_POINT('',(-59.95,-44.1296552407236,2.45));
#7964=CARTESIAN_POINT('Origin',(-57.5,-45.,2.44706993352272));
#7965=CARTESIAN_POINT('',(-59.95,-44.1296552407236,0.));
#7966=CARTESIAN_POINT('',(-59.95,-44.1296552407236,5.));
#7967=CARTESIAN_POINT('Origin',(-57.5,-45.,0.));
#7968=CARTESIAN_POINT('Origin',(-17.5,45.,5.));
#7969=CARTESIAN_POINT('',(-14.9,45.,5.));
#7970=CARTESIAN_POINT('Origin',(-17.5,45.,5.));
#7971=CARTESIAN_POINT('',(-14.9,45.,0.));
#7972=CARTESIAN_POINT('',(-14.9,45.,5.));
#7973=CARTESIAN_POINT('Origin',(-17.5,45.,0.));
#7974=CARTESIAN_POINT('Origin',(62.5,45.,5.));
#7975=CARTESIAN_POINT('',(59.95,44.4925554217454,2.45));
#7976=CARTESIAN_POINT('',(59.95,45.5074445782546,2.45));
#7977=CARTESIAN_POINT('Origin',(62.5,45.,2.45304966102738));
#7978=CARTESIAN_POINT('',(59.95,44.4925554217454,0.));
#7979=CARTESIAN_POINT('',(59.95,44.4925554217454,5.));
#7980=CARTESIAN_POINT('',(59.95,45.5074445782546,0.));
#7981=CARTESIAN_POINT('Origin',(62.5,45.,0.));
#7982=CARTESIAN_POINT('',(59.95,45.5074445782546,5.));
#7983=CARTESIAN_POINT('Origin',(22.5,45.,5.));
#7984=CARTESIAN_POINT('',(25.1,45.,5.));
#7985=CARTESIAN_POINT('Origin',(22.5,45.,5.));
#7986=CARTESIAN_POINT('',(25.1,45.,0.));
#7987=CARTESIAN_POINT('',(25.1,45.,5.));
#7988=CARTESIAN_POINT('Origin',(22.5,45.,0.));
#7989=CARTESIAN_POINT('Origin',(-57.5,45.,5.));
#7990=CARTESIAN_POINT('',(-59.95,44.1296552407236,2.45));
#7991=CARTESIAN_POINT('',(-59.95,44.1296552407236,0.));
#7992=CARTESIAN_POINT('',(-59.95,44.1296552407236,5.));
#7993=CARTESIAN_POINT('',(-59.95,45.8703447592764,2.45));
#7994=CARTESIAN_POINT('Origin',(-57.5,45.,2.44706993352272));
#7995=CARTESIAN_POINT('',(-59.95,45.8703447592764,0.));
#7996=CARTESIAN_POINT('',(-59.95,45.8703447592764,5.));
#7997=CARTESIAN_POINT('Origin',(-57.5,45.,0.));
#7998=CARTESIAN_POINT('Origin',(59.95,162.5,2.45));
#7999=CARTESIAN_POINT('',(59.95,-50.,2.45));
#8000=CARTESIAN_POINT('',(59.95,162.5,2.45));
#8001=CARTESIAN_POINT('',(59.95,-50.,2.43810034226573));
#8002=CARTESIAN_POINT('',(59.95,-50.,3.7250000372529));
#8003=CARTESIAN_POINT('',(59.95,-59.95,2.45));
#8004=CARTESIAN_POINT('',(59.95,56.2498409167071,2.31103132304674));
#8005=CARTESIAN_POINT('',(59.95,-59.95,0.));
#8006=CARTESIAN_POINT('',(59.95,-59.95,2.45));
#8007=CARTESIAN_POINT('',(59.95,81.25,0.));
#8008=CARTESIAN_POINT('Origin',(59.95,162.5,2.45));
#8009=CARTESIAN_POINT('',(59.95,59.95,0.));
#8010=CARTESIAN_POINT('',(59.95,81.25,0.));
#8011=CARTESIAN_POINT('',(59.95,59.95,2.45));
#8012=CARTESIAN_POINT('',(59.95,59.95,1.225));
#8013=CARTESIAN_POINT('',(59.95,50.,2.43810034226573));
#8014=CARTESIAN_POINT('',(59.95,111.224926662209,2.51132201785225));
#8015=CARTESIAN_POINT('',(59.95,50.,2.45));
#8016=CARTESIAN_POINT('',(59.95,50.,2.44405017113287));
#8017=CARTESIAN_POINT('',(59.95,162.5,2.45));
#8018=CARTESIAN_POINT('Origin',(-59.95,162.5,2.45));
#8019=CARTESIAN_POINT('',(-59.95,-50.,2.45));
#8020=CARTESIAN_POINT('',(-59.95,162.5,2.45));
#8021=CARTESIAN_POINT('',(-50.,-50.,2.43810034226573));
#8022=CARTESIAN_POINT('',(51.2733160883298,-50.,2.31698297552551));
#8023=CARTESIAN_POINT('',(-50.,50.,2.43810034226573));
#8024=CARTESIAN_POINT('',(-50.,162.5,2.43810034226573));
#8025=CARTESIAN_POINT('',(-59.95,50.,2.45));
#8026=CARTESIAN_POINT('',(51.274848032368,50.,2.31698114340393));
#8027=CARTESIAN_POINT('',(-59.95,162.5,2.45));
#8028=CARTESIAN_POINT('',(-59.95,162.5,2.45));
#8029=CARTESIAN_POINT('',(-52.45,-22.5,2.44103040874302));
#8030=CARTESIAN_POINT('Origin',(-55.05,-22.5,2.44413986704544));
#8031=CARTESIAN_POINT('',(-52.45,17.5,2.44103040874302));
#8032=CARTESIAN_POINT('Origin',(-55.05,17.5,2.44413986704544));
#8033=CARTESIAN_POINT('Origin',(-59.95,162.5,0.));
#8034=CARTESIAN_POINT('',(-59.95,50.,2.43810034226573));
#8035=CARTESIAN_POINT('',(-59.95,50.,1.21905017113287));
#8036=CARTESIAN_POINT('',(-59.95,59.95,2.45));
#8037=CARTESIAN_POINT('',(-59.95,111.223461631065,2.51132026575484));
#8038=CARTESIAN_POINT('',(-59.95,59.95,0.));
#8039=CARTESIAN_POINT('',(-59.95,59.95,0.));
#8040=CARTESIAN_POINT('',(-59.95,81.25,0.));
#8041=CARTESIAN_POINT('Origin',(-59.95,162.5,0.));
#8042=CARTESIAN_POINT('',(-59.95,-59.95,0.));
#8043=CARTESIAN_POINT('',(-59.95,81.25,0.));
#8044=CARTESIAN_POINT('',(-59.95,-59.95,2.45));
#8045=CARTESIAN_POINT('',(-59.95,-59.95,1.225));
#8046=CARTESIAN_POINT('',(-59.95,-50.,2.43810034226573));
#8047=CARTESIAN_POINT('',(-59.95,56.2513059478503,2.31102957094933));
#8048=CARTESIAN_POINT('',(-59.95,-50.,2.5000000372529));
#8049=CARTESIAN_POINT('Origin',(-59.95,162.5,0.));
#8050=CARTESIAN_POINT('',(-59.95,81.25,0.));
#8051=CARTESIAN_POINT('Origin',(0.,0.,0.));
#8052=CARTESIAN_POINT('',(55.5574445782546,-59.95,0.));
#8053=CARTESIAN_POINT('',(81.25,-59.95,0.));
#8054=CARTESIAN_POINT('',(54.5425554217454,-59.95,0.));
#8055=CARTESIAN_POINT('Origin',(55.05,-62.5,0.));
#8056=CARTESIAN_POINT('',(-54.5425554217454,-59.95,0.));
#8057=CARTESIAN_POINT('',(81.25,-59.95,0.));
#8058=CARTESIAN_POINT('',(-55.5574445782546,-59.95,0.));
#8059=CARTESIAN_POINT('Origin',(-55.05,-62.5,0.));
#8060=CARTESIAN_POINT('',(81.25,-59.95,0.));
#8061=CARTESIAN_POINT('',(-55.9203447592764,59.95,0.));
#8062=CARTESIAN_POINT('',(81.25,59.95,0.));
#8063=CARTESIAN_POINT('',(-54.1796552407235,59.95,0.));
#8064=CARTESIAN_POINT('Origin',(-55.05,57.5,0.));
#8065=CARTESIAN_POINT('',(54.1796552407235,59.95,0.));
#8066=CARTESIAN_POINT('',(81.25,59.95,0.));
#8067=CARTESIAN_POINT('',(55.9203447592764,59.95,0.));
#8068=CARTESIAN_POINT('Origin',(55.05,57.5,0.));
#8069=CARTESIAN_POINT('',(81.25,59.95,0.));
#8070=CARTESIAN_POINT('',(59.95,81.25,0.));
#8071=CARTESIAN_POINT('',(-52.45,-22.5,0.));
#8072=CARTESIAN_POINT('Origin',(-55.05,-22.5,0.));
#8073=CARTESIAN_POINT('',(-52.45,17.5,0.));
#8074=CARTESIAN_POINT('Origin',(-55.05,17.5,0.));
#8075=CARTESIAN_POINT('',(57.65,-22.5,0.));
#8076=CARTESIAN_POINT('Origin',(55.05,-22.5,0.));
#8077=CARTESIAN_POINT('',(57.65,17.5,0.));
#8078=CARTESIAN_POINT('Origin',(55.05,17.5,0.));
#8079=CARTESIAN_POINT('Origin',(55.05,57.5,5.));
#8080=CARTESIAN_POINT('',(54.1796552407235,59.95,2.44309898214632));
#8081=CARTESIAN_POINT('',(54.1796552407235,59.95,5.));
#8082=CARTESIAN_POINT('',(54.9040970129147,54.9040970129145,2.44396537502446));
#8083=CARTESIAN_POINT('Origin',(55.05,57.5,2.44413986704544));
#8084=CARTESIAN_POINT('',(57.6459029870855,57.6459029870853,2.4472444255437));
#8085=CARTESIAN_POINT('Origin',(55.05,57.5,2.44706993352272));
#8086=CARTESIAN_POINT('',(55.9203447592764,59.95,2.44518075194455));
#8087=CARTESIAN_POINT('Origin',(55.05,57.5,2.44413986704544));
#8088=CARTESIAN_POINT('',(55.9203447592764,59.95,5.));
#8089=CARTESIAN_POINT('Origin',(55.05,-62.5,5.));
#8090=CARTESIAN_POINT('',(54.5425554217455,-59.95,2.4435329909851));
#8091=CARTESIAN_POINT('',(55.5574445782545,-59.95,2.44474674310577));
#8092=CARTESIAN_POINT('Origin',(55.05,-62.5,2.44413986704544));
#8093=CARTESIAN_POINT('',(54.5425554217454,-59.95,5.));
#8094=CARTESIAN_POINT('',(55.5574445782546,-59.95,5.));
#8095=CARTESIAN_POINT('Origin',(55.05,17.5,5.));
#8096=CARTESIAN_POINT('',(57.65,17.5,2.44724932534786));
#8097=CARTESIAN_POINT('Origin',(55.05,17.5,2.44413986704544));
#8098=CARTESIAN_POINT('',(57.65,17.5,5.));
#8099=CARTESIAN_POINT('Origin',(55.05,-22.5,5.));
#8100=CARTESIAN_POINT('',(57.65,-22.5,2.44724932534786));
#8101=CARTESIAN_POINT('Origin',(55.05,-22.5,2.44413986704544));
#8102=CARTESIAN_POINT('',(57.65,-22.5,5.));
#8103=CARTESIAN_POINT('Origin',(162.5,59.95,2.45));
#8104=CARTESIAN_POINT('',(50.,50.,2.43810034226573));
#8105=CARTESIAN_POINT('',(108.737461552162,108.737461552162,2.50834714514516));
#8106=CARTESIAN_POINT('',(162.5,50.,2.43810034226573));
#8107=CARTESIAN_POINT('',(108.737461552162,108.737461552162,2.50834714514516));
#8108=CARTESIAN_POINT('Origin',(50.,162.5,2.43810034226573));
#8109=CARTESIAN_POINT('',(50.,59.95,2.43810034226573));
#8110=CARTESIAN_POINT('',(106.248461631065,59.95,2.50537043688771));
#8111=CARTESIAN_POINT('',(50.,162.5,2.43810034226573));
#8112=CARTESIAN_POINT('Origin',(162.5,59.95,0.));
#8113=CARTESIAN_POINT('',(-54.1796552407235,59.95,2.44309898214632));
#8114=CARTESIAN_POINT('',(-54.1796552407235,59.95,5.));
#8115=CARTESIAN_POINT('',(-50.,59.95,2.43810034226573));
#8116=CARTESIAN_POINT('',(51.2763059478503,59.95,2.31697939981647));
#8117=CARTESIAN_POINT('',(-50.,59.95,2.45));
#8118=CARTESIAN_POINT('',(-50.,59.95,1.21905017113287));
#8119=CARTESIAN_POINT('',(50.,59.95,2.45));
#8120=CARTESIAN_POINT('',(162.5,59.95,2.45));
#8121=CARTESIAN_POINT('',(50.,59.95,2.5));
#8122=CARTESIAN_POINT('Origin',(162.5,-59.95,2.45));
#8123=CARTESIAN_POINT('',(50.,-59.95,2.43810034226573));
#8124=CARTESIAN_POINT('',(106.249926662209,-59.95,2.50537218898512));
#8125=CARTESIAN_POINT('',(50.,-59.95,2.45));
#8126=CARTESIAN_POINT('',(50.,-59.95,3.725));
#8127=CARTESIAN_POINT('',(-50.,-59.95,2.45));
#8128=CARTESIAN_POINT('',(162.5,-59.95,2.45));
#8129=CARTESIAN_POINT('',(-50.,-59.95,2.43810034226573));
#8130=CARTESIAN_POINT('',(-50.,-59.95,2.44405017113287));
#8131=CARTESIAN_POINT('',(-54.5425554217455,-59.95,2.4435329909851));
#8132=CARTESIAN_POINT('',(51.2748409167071,-59.95,2.31698115191387));
#8133=CARTESIAN_POINT('',(-54.5425554217454,-59.95,5.));
#8134=CARTESIAN_POINT('Origin',(-55.05,57.5,5.));
#8135=CARTESIAN_POINT('',(-55.9203447592764,59.95,2.44518075194455));
#8136=CARTESIAN_POINT('',(-55.9203447592764,59.95,5.));
#8137=CARTESIAN_POINT('',(-57.6459029870855,57.6459029870856,2.4472444255437));
#8138=CARTESIAN_POINT('Origin',(-55.05,57.5,2.44413986704544));
#8139=CARTESIAN_POINT('',(-54.9040970129144,54.9040970129145,2.44396537502446));
#8140=CARTESIAN_POINT('Origin',(-55.05,57.5,2.44706993352272));
#8141=CARTESIAN_POINT('Origin',(-55.05,57.5,2.44413986704544));
#8142=CARTESIAN_POINT('Origin',(-55.05,-62.5,5.));
#8143=CARTESIAN_POINT('',(-55.5574445782545,-59.95,2.44474674310577));
#8144=CARTESIAN_POINT('Origin',(-55.05,-62.5,2.44413986704544));
#8145=CARTESIAN_POINT('',(-55.5574445782546,-59.95,5.));
#8146=CARTESIAN_POINT('Origin',(-55.05,17.5,5.));
#8147=CARTESIAN_POINT('',(-52.45,17.5,5.));
#8148=CARTESIAN_POINT('Origin',(-55.05,-22.5,5.));
#8149=CARTESIAN_POINT('',(-52.45,-22.5,5.));
#8150=CARTESIAN_POINT('Origin',(162.5,59.95,2.45));
#8151=CARTESIAN_POINT('',(-29.9750214363907,29.9750214363908,2.41415155924634));
#8152=CARTESIAN_POINT('',(162.5,50.,2.43810034226573));
#8153=CARTESIAN_POINT('',(-29.9750214363907,29.9750214363908,2.41415155924634));
#8154=CARTESIAN_POINT('Origin',(-59.95,162.5,2.45));
#8155=CARTESIAN_POINT('',(51.2763059478503,59.95,2.31697939981647));
#8156=CARTESIAN_POINT('Origin',(162.5,59.95,0.));
#8157=CARTESIAN_POINT('Origin',(162.5,-59.95,2.45));
#8158=CARTESIAN_POINT('',(51.2748409167071,-59.95,2.31698115191387));
#8159=CARTESIAN_POINT('Origin',(-59.95,162.5,2.45));
#8160=CARTESIAN_POINT('',(-50.,162.5,2.43810034226573));
#8161=CARTESIAN_POINT('Origin',(-59.95,162.5,2.45));
#8162=CARTESIAN_POINT('',(-50.,162.5,2.43810034226573));
#8163=CARTESIAN_POINT('',(53.7624222372131,53.7624222372132,2.31400614022541));
#8164=CARTESIAN_POINT('Origin',(-50.,162.5,2.43810034226573));
#8165=CARTESIAN_POINT('',(-50.,111.224919546548,2.51132200934231));
#8166=CARTESIAN_POINT('Origin',(-50.,162.5,2.43810034226573));
#8167=CARTESIAN_POINT('',(-50.,-50.,5.00000007450581));
#8168=CARTESIAN_POINT('',(-50.,-50.,3.71905020838577));
#8169=CARTESIAN_POINT('',(-50.,50.,5.00000007450581));
#8170=CARTESIAN_POINT('',(-50.,81.25,5.));
#8171=CARTESIAN_POINT('',(-50.,50.,2.43810034226573));
#8172=CARTESIAN_POINT('Origin',(-50.,162.5,2.43810034226573));
#8173=CARTESIAN_POINT('',(-50.,56.249848032368,2.3110313145368));
#8174=CARTESIAN_POINT('Origin',(50.,162.5,2.43810034226573));
#8175=CARTESIAN_POINT('',(59.95,162.5,2.45));
#8176=CARTESIAN_POINT('',(106.249919546548,50.,2.50537218047517));
#8177=CARTESIAN_POINT('',(50.,-50.,2.43810034226573));
#8178=CARTESIAN_POINT('',(50.,162.5,2.43810034226573));
#8179=CARTESIAN_POINT('',(106.251451490586,-50.,2.50537401259675));
#8180=CARTESIAN_POINT('Origin',(50.,162.5,2.43810034226573));
#8181=CARTESIAN_POINT('',(106.248461631065,59.95,2.50537043688771));
#8182=CARTESIAN_POINT('Origin',(50.,162.5,5.));
#8183=CARTESIAN_POINT('',(50.,111.226451490541,2.51132384146383));
#8184=CARTESIAN_POINT('Origin',(50.,162.5,5.));
#8185=CARTESIAN_POINT('',(50.,-50.,5.));
#8186=CARTESIAN_POINT('',(50.,-50.,5.0000000372529));
#8187=CARTESIAN_POINT('',(50.,50.,5.));
#8188=CARTESIAN_POINT('',(50.,50.,3.71905017113287));
#8189=CARTESIAN_POINT('',(50.,81.25,5.));
#8190=CARTESIAN_POINT('Origin',(50.,162.5,5.));
#8191=CARTESIAN_POINT('',(50.,162.5,2.43810034226573));
#8192=CARTESIAN_POINT('',(50.,56.2483160883743,2.31103314665832));
#8193=CARTESIAN_POINT('Origin',(59.95,162.5,2.45));
#8194=CARTESIAN_POINT('Origin',(50.,162.5,2.43810034226573));
#8195=CARTESIAN_POINT('',(106.249926662209,-59.95,2.50537218898512));
#8196=CARTESIAN_POINT('',(25.0000178785577,-25.0000178785578,2.40820172612423));
#8197=CARTESIAN_POINT('Origin',(162.5,-50.,5.00000007450581));
#8198=CARTESIAN_POINT('',(162.5,-50.,2.43810034226573));
#8199=CARTESIAN_POINT('Origin',(162.5,-50.,5.00000007450581));
#8200=CARTESIAN_POINT('',(162.5,-50.,2.43810034226573));
#8201=CARTESIAN_POINT('',(81.25,-50.,5.));
#8202=CARTESIAN_POINT('Origin',(162.5,-50.,5.00000007450581));
#8203=CARTESIAN_POINT('',(162.5,-50.,2.43810034226573));
#8204=CARTESIAN_POINT('Origin',(0.,0.,5.));
#8205=CARTESIAN_POINT('',(81.25,50.,5.));
#8206=CARTESIAN_POINT('Origin',(162.5,-50.,2.43810034226573));
#8207=CARTESIAN_POINT('Origin',(162.5,-50.,2.43810034226573));
#8208=CARTESIAN_POINT('Origin',(162.5,-50.,2.43810034226573));
#8209=CARTESIAN_POINT('Origin',(162.5,50.,2.43810034226573));
#8210=CARTESIAN_POINT('Origin',(162.5,50.,2.43810034226573));
#8211=CARTESIAN_POINT('',(162.5,50.,2.43810034226573));
#8212=CARTESIAN_POINT('Origin',(162.5,50.,2.43810034226573));
#8213=CARTESIAN_POINT('Origin',(162.5,-59.95,2.45));
#8214=CARTESIAN_POINT('Origin',(162.5,59.95,0.));
#8215=CARTESIAN_POINT('Origin',(162.5,59.95,2.45));
#8216=CARTESIAN_POINT('Origin',(62.5,-45.,5.));
#8217=CARTESIAN_POINT('',(65.1,-45.,5.));
#8218=CARTESIAN_POINT('Origin',(62.5,-45.,5.));
#8219=CARTESIAN_POINT('',(65.1,-45.,0.));
#8220=CARTESIAN_POINT('',(65.1,-45.,5.));
#8221=CARTESIAN_POINT('',(60.,-45.7141428428543,0.));
#8222=CARTESIAN_POINT('Origin',(62.5,-45.,0.));
#8223=CARTESIAN_POINT('',(60.,-45.7141428428543,2.5));
#8224=CARTESIAN_POINT('',(60.,-45.7141428428543,5.));
#8225=CARTESIAN_POINT('',(60.,-44.2858571571457,2.5));
#8226=CARTESIAN_POINT('Origin',(62.5,-45.,2.5));
#8227=CARTESIAN_POINT('',(60.,-44.2858571571457,0.));
#8228=CARTESIAN_POINT('',(60.,-44.2858571571457,5.));
#8229=CARTESIAN_POINT('Origin',(62.5,-45.,0.));
#8230=CARTESIAN_POINT('Origin',(142.5,-45.,5.));
#8231=CARTESIAN_POINT('',(145.1,-45.,5.));
#8232=CARTESIAN_POINT('Origin',(142.5,-45.,5.));
#8233=CARTESIAN_POINT('',(145.1,-45.,0.));
#8234=CARTESIAN_POINT('',(145.1,-45.,5.));
#8235=CARTESIAN_POINT('Origin',(142.5,-45.,0.));
#8236=CARTESIAN_POINT('Origin',(102.5,-45.,5.));
#8237=CARTESIAN_POINT('',(105.1,-45.,5.));
#8238=CARTESIAN_POINT('Origin',(102.5,-45.,5.));
#8239=CARTESIAN_POINT('',(105.1,-45.,0.));
#8240=CARTESIAN_POINT('',(105.1,-45.,5.));
#8241=CARTESIAN_POINT('Origin',(102.5,-45.,0.));
#8242=CARTESIAN_POINT('Origin',(62.5,45.,5.));
#8243=CARTESIAN_POINT('',(65.1,45.,5.));
#8244=CARTESIAN_POINT('Origin',(62.5,45.,5.));
#8245=CARTESIAN_POINT('',(65.1,45.,0.));
#8246=CARTESIAN_POINT('',(65.1,45.,5.));
#8247=CARTESIAN_POINT('',(60.,44.2858571571457,0.));
#8248=CARTESIAN_POINT('Origin',(62.5,45.,0.));
#8249=CARTESIAN_POINT('',(60.,44.2858571571457,2.5));
#8250=CARTESIAN_POINT('',(60.,44.2858571571457,5.));
#8251=CARTESIAN_POINT('',(60.,45.7141428428543,2.5));
#8252=CARTESIAN_POINT('Origin',(62.5,45.,2.5));
#8253=CARTESIAN_POINT('',(60.,45.7141428428543,0.));
#8254=CARTESIAN_POINT('',(60.,45.7141428428543,5.));
#8255=CARTESIAN_POINT('Origin',(62.5,45.,0.));
#8256=CARTESIAN_POINT('Origin',(142.5,45.,5.));
#8257=CARTESIAN_POINT('',(145.1,45.,5.));
#8258=CARTESIAN_POINT('Origin',(142.5,45.,5.));
#8259=CARTESIAN_POINT('',(145.1,45.,0.));
#8260=CARTESIAN_POINT('',(145.1,45.,5.));
#8261=CARTESIAN_POINT('Origin',(142.5,45.,0.));
#8262=CARTESIAN_POINT('Origin',(102.5,45.,5.));
#8263=CARTESIAN_POINT('',(105.1,45.,5.));
#8264=CARTESIAN_POINT('Origin',(102.5,45.,5.));
#8265=CARTESIAN_POINT('',(105.1,45.,0.));
#8266=CARTESIAN_POINT('',(105.1,45.,5.));
#8267=CARTESIAN_POINT('Origin',(102.5,45.,0.));
#8268=CARTESIAN_POINT('Origin',(60.,162.5,2.5));
#8269=CARTESIAN_POINT('',(60.,-50.,2.5));
#8270=CARTESIAN_POINT('',(60.,162.5,2.5));
#8271=CARTESIAN_POINT('',(50.05,-50.,2.5));
#8272=CARTESIAN_POINT('',(111.25,-50.,2.5));
#8273=CARTESIAN_POINT('',(50.05,50.,2.5));
#8274=CARTESIAN_POINT('',(50.05,162.5,2.5));
#8275=CARTESIAN_POINT('',(60.,50.,2.5));
#8276=CARTESIAN_POINT('',(111.25,50.,2.5));
#8277=CARTESIAN_POINT('',(60.,162.5,2.5));
#8278=CARTESIAN_POINT('',(60.,162.5,2.5));
#8279=CARTESIAN_POINT('',(57.65,-22.5,2.5));
#8280=CARTESIAN_POINT('Origin',(55.05,-22.5,2.5));
#8281=CARTESIAN_POINT('',(57.65,17.5,2.5));
#8282=CARTESIAN_POINT('Origin',(55.05,17.5,2.5));
#8283=CARTESIAN_POINT('Origin',(60.,162.5,0.));
#8284=CARTESIAN_POINT('',(60.,-59.95,0.));
#8285=CARTESIAN_POINT('',(60.,81.25,0.));
#8286=CARTESIAN_POINT('',(60.,-59.95,2.45));
#8287=CARTESIAN_POINT('',(60.,-59.95,1.225));
#8288=CARTESIAN_POINT('',(60.,-50.,2.43810034226573));
#8289=CARTESIAN_POINT('',(60.,56.2513059478503,2.31102957094933));
#8290=CARTESIAN_POINT('',(60.,-50.,2.5000000372529));
#8291=CARTESIAN_POINT('Origin',(60.,162.5,0.));
#8292=CARTESIAN_POINT('',(60.,50.,2.43810034226573));
#8293=CARTESIAN_POINT('',(60.,50.,1.21905017113287));
#8294=CARTESIAN_POINT('',(60.,59.95,2.45));
#8295=CARTESIAN_POINT('',(60.,111.223461631065,2.51132026575484));
#8296=CARTESIAN_POINT('',(60.,59.95,0.));
#8297=CARTESIAN_POINT('',(60.,59.95,0.));
#8298=CARTESIAN_POINT('',(60.,81.25,0.));
#8299=CARTESIAN_POINT('Origin',(0.,0.,0.));
#8300=CARTESIAN_POINT('',(60.,81.25,0.));
#8301=CARTESIAN_POINT('',(162.5,59.95,0.));
#8302=CARTESIAN_POINT('',(81.25,59.95,0.));
#8303=CARTESIAN_POINT('',(162.5,-59.95,0.));
#8304=CARTESIAN_POINT('',(162.5,-162.5,0.));
#8305=CARTESIAN_POINT('',(81.25,-59.95,0.));
#8306=CARTESIAN_POINT('Origin',(55.05,17.5,5.));
#8307=CARTESIAN_POINT('',(57.65,17.5,5.));
#8308=CARTESIAN_POINT('Origin',(55.05,17.5,5.));
#8309=CARTESIAN_POINT('',(57.65,17.5,5.));
#8310=CARTESIAN_POINT('Origin',(55.05,-22.5,5.));
#8311=CARTESIAN_POINT('',(57.65,-22.5,5.));
#8312=CARTESIAN_POINT('Origin',(55.05,-22.5,5.));
#8313=CARTESIAN_POINT('',(57.65,-22.5,5.));
#8314=CARTESIAN_POINT('Origin',(162.5,-120.5,0.));
#8315=CARTESIAN_POINT('',(162.5,-50.,5.00000007450581));
#8316=CARTESIAN_POINT('',(162.5,-50.,2.43810034226573));
#8317=CARTESIAN_POINT('',(162.5,-50.,2.5000000372529));
#8318=CARTESIAN_POINT('',(162.5,-59.95,2.45));
#8319=CARTESIAN_POINT('',(162.5,-85.2484916670209,2.48025561728952));
#8320=CARTESIAN_POINT('',(162.5,-59.95,1.225));
#8321=CARTESIAN_POINT('',(162.5,59.95,2.45));
#8322=CARTESIAN_POINT('',(162.5,59.95,0.));
#8323=CARTESIAN_POINT('',(162.5,50.,2.43810034226573));
#8324=CARTESIAN_POINT('',(162.5,-30.2763359838058,2.34209421941466));
#8325=CARTESIAN_POINT('',(162.5,50.,5.00000007450581));
#8326=CARTESIAN_POINT('',(162.5,50.,1.21905017113287));
#8327=CARTESIAN_POINT('',(162.5,-162.5,5.));
#8328=CARTESIAN_POINT('Origin',(162.5,59.95,2.45));
#8329=CARTESIAN_POINT('',(162.5,50.,2.43810034226573));
#8330=CARTESIAN_POINT('',(162.5,59.95,2.45));
#8331=CARTESIAN_POINT('Origin',(162.5,59.95,0.));
#8332=CARTESIAN_POINT('Origin',(162.5,-59.95,2.45));
#8333=CARTESIAN_POINT('',(162.5,-59.95,2.45));
#8334=CARTESIAN_POINT('Origin',(162.5,50.,2.43810034226573));
#8335=CARTESIAN_POINT('',(50.05,50.,5.));
#8336=CARTESIAN_POINT('',(50.05,50.,2.46905017113287));
#8337=CARTESIAN_POINT('',(81.25,50.,5.));
#8338=CARTESIAN_POINT('Origin',(162.5,-50.,2.43810034226573));
#8339=CARTESIAN_POINT('',(162.5,-50.,2.43810034226573));
#8340=CARTESIAN_POINT('Origin',(0.,0.,5.));
#8341=CARTESIAN_POINT('',(50.05,-50.,5.));
#8342=CARTESIAN_POINT('',(50.05,81.25,5.));
#8343=CARTESIAN_POINT('',(81.25,-50.,5.));
#8344=CARTESIAN_POINT('Origin',(162.5,-50.,5.00000007450581));
#8345=CARTESIAN_POINT('',(50.05,-50.,3.7500000372529));
#8346=CARTESIAN_POINT('Origin',(50.05,162.5,2.5));
#8347=CARTESIAN_POINT('Origin',(60.,162.5,0.));
#8348=CARTESIAN_POINT('Origin',(55.05,57.5,5.));
#8349=CARTESIAN_POINT('',(54.3358571571457,60.,2.4432857911255));
#8350=CARTESIAN_POINT('',(55.7641428428543,60.,2.44499394296537));
#8351=CARTESIAN_POINT('Origin',(55.05,57.5,2.44413986704544));
#8352=CARTESIAN_POINT('',(54.3358571571457,60.,0.));
#8353=CARTESIAN_POINT('',(54.3358571571457,60.,5.));
#8354=CARTESIAN_POINT('',(55.7641428428543,60.,0.));
#8355=CARTESIAN_POINT('Origin',(55.05,57.5,0.));
#8356=CARTESIAN_POINT('',(55.7641428428543,60.,5.));
#8357=CARTESIAN_POINT('Origin',(55.05,97.5,5.));
#8358=CARTESIAN_POINT('',(57.65,97.5,2.44724932534786));
#8359=CARTESIAN_POINT('Origin',(55.05,97.5,2.44413986704544));
#8360=CARTESIAN_POINT('',(57.65,97.5,0.));
#8361=CARTESIAN_POINT('',(57.65,97.5,5.));
#8362=CARTESIAN_POINT('Origin',(55.05,97.5,0.));
#8363=CARTESIAN_POINT('Origin',(55.05,137.5,5.));
#8364=CARTESIAN_POINT('',(57.65,137.5,2.44724932534786));
#8365=CARTESIAN_POINT('Origin',(55.05,137.5,2.44413986704544));
#8366=CARTESIAN_POINT('',(57.65,137.5,0.));
#8367=CARTESIAN_POINT('',(57.65,137.5,5.));
#8368=CARTESIAN_POINT('Origin',(55.05,137.5,0.));
#8369=CARTESIAN_POINT('Origin',(162.5,60.,2.5));
#8370=CARTESIAN_POINT('',(50.,60.,2.43810034226573));
#8371=CARTESIAN_POINT('',(106.249956560803,60.,2.5053722247422));
#8372=CARTESIAN_POINT('',(50.,60.,2.5));
#8373=CARTESIAN_POINT('',(50.,60.,3.75));
#8374=CARTESIAN_POINT('',(-50.,60.,2.5));
#8375=CARTESIAN_POINT('',(162.5,60.,2.5));
#8376=CARTESIAN_POINT('',(-50.,60.,2.43810034226573));
#8377=CARTESIAN_POINT('',(-50.,60.,2.46905017113287));
#8378=CARTESIAN_POINT('',(-54.3358571571457,60.,2.4432857911255));
#8379=CARTESIAN_POINT('',(51.2748110181123,60.,2.31698118767096));
#8380=CARTESIAN_POINT('',(-54.3358571571457,60.,0.));
#8381=CARTESIAN_POINT('',(-54.3358571571457,60.,5.));
#8382=CARTESIAN_POINT('',(81.25,60.,0.));
#8383=CARTESIAN_POINT('Origin',(0.,0.,0.));
#8384=CARTESIAN_POINT('',(-55.7641428428543,60.,0.));
#8385=CARTESIAN_POINT('Origin',(-55.05,57.5,0.));
#8386=CARTESIAN_POINT('',(-59.95,60.,0.));
#8387=CARTESIAN_POINT('',(81.25,60.,0.));
#8388=CARTESIAN_POINT('',(-59.95,162.5,0.));
#8389=CARTESIAN_POINT('',(-59.95,81.25,0.));
#8390=CARTESIAN_POINT('',(59.95,162.5,0.));
#8391=CARTESIAN_POINT('',(162.5,162.5,0.));
#8392=CARTESIAN_POINT('',(59.95,60.,0.));
#8393=CARTESIAN_POINT('',(59.95,81.25,0.));
#8394=CARTESIAN_POINT('',(81.25,60.,0.));
#8395=CARTESIAN_POINT('',(-52.45,97.5,0.));
#8396=CARTESIAN_POINT('Origin',(-55.05,97.5,0.));
#8397=CARTESIAN_POINT('',(-52.45,137.5,0.));
#8398=CARTESIAN_POINT('Origin',(-55.05,137.5,0.));
#8399=CARTESIAN_POINT('Origin',(-55.05,57.5,5.));
#8400=CARTESIAN_POINT('',(-55.7641428428543,60.,2.44499394296537));
#8401=CARTESIAN_POINT('Origin',(-55.05,57.5,2.44413986704544));
#8402=CARTESIAN_POINT('',(-55.7641428428543,60.,5.));
#8403=CARTESIAN_POINT('Origin',(-55.05,97.5,5.));
#8404=CARTESIAN_POINT('',(-52.45,97.5,2.44103040874302));
#8405=CARTESIAN_POINT('Origin',(-55.05,97.5,2.44413986704544));
#8406=CARTESIAN_POINT('',(-52.45,97.5,5.));
#8407=CARTESIAN_POINT('Origin',(-55.05,137.5,5.));
#8408=CARTESIAN_POINT('',(-52.45,137.5,2.44103040874302));
#8409=CARTESIAN_POINT('Origin',(-55.05,137.5,2.44413986704544));
#8410=CARTESIAN_POINT('',(-52.45,137.5,5.));
#8411=CARTESIAN_POINT('Origin',(162.5,60.,2.5));
#8412=CARTESIAN_POINT('',(-59.95,60.,2.45));
#8413=CARTESIAN_POINT('',(51.2748110181123,60.,2.31698118767096));
#8414=CARTESIAN_POINT('',(-59.95,60.,1.25));
#8415=CARTESIAN_POINT('Origin',(-59.95,162.5,2.45));
#8416=CARTESIAN_POINT('',(-50.,162.5,2.43810034226573));
#8417=CARTESIAN_POINT('',(-50.,162.5,2.43810034226573));
#8418=CARTESIAN_POINT('',(-59.95,162.5,2.45));
#8419=CARTESIAN_POINT('',(30.2763359838058,162.5,2.34209421941466));
#8420=CARTESIAN_POINT('',(-59.95,162.5,2.45));
#8421=CARTESIAN_POINT('Origin',(-59.95,162.5,0.));
#8422=CARTESIAN_POINT('',(-59.95,162.5,0.));
#8423=CARTESIAN_POINT('Origin',(-50.,162.5,2.43810034226573));
#8424=CARTESIAN_POINT('',(-50.,50.05,2.5));
#8425=CARTESIAN_POINT('',(-50.,106.275,2.5));
#8426=CARTESIAN_POINT('',(-50.,50.05,5.00000007450581));
#8427=CARTESIAN_POINT('',(-50.,50.05,3.71905017113287));
#8428=CARTESIAN_POINT('',(-50.,162.5,5.00000007450581));
#8429=CARTESIAN_POINT('',(-50.,81.25,5.));
#8430=CARTESIAN_POINT('',(-50.,162.5,1.21905017113287));
#8431=CARTESIAN_POINT('Origin',(59.95,162.5,2.45));
#8432=CARTESIAN_POINT('',(59.95,60.,2.45));
#8433=CARTESIAN_POINT('',(59.95,60.,2.475));
#8434=CARTESIAN_POINT('',(59.95,162.5,2.45));
#8435=CARTESIAN_POINT('',(59.95,162.5,1.225));
#8436=CARTESIAN_POINT('',(59.95,162.5,2.45));
#8437=CARTESIAN_POINT('Origin',(50.,162.5,2.43810034226573));
#8438=CARTESIAN_POINT('',(106.249956560803,60.,2.5053722247422));
#8439=CARTESIAN_POINT('',(50.,162.5,2.43810034226573));
#8440=CARTESIAN_POINT('',(85.2484916670209,162.5,2.48025561728952));
#8441=CARTESIAN_POINT('',(50.,162.5,2.43810034226573));
#8442=CARTESIAN_POINT('Origin',(50.,162.5,5.));
#8443=CARTESIAN_POINT('',(50.,50.05,2.5));
#8444=CARTESIAN_POINT('',(50.,50.05,5.));
#8445=CARTESIAN_POINT('',(50.,50.05,5.));
#8446=CARTESIAN_POINT('',(50.,106.275,2.5));
#8447=CARTESIAN_POINT('',(50.,162.5,5.));
#8448=CARTESIAN_POINT('',(50.,162.5,2.5));
#8449=CARTESIAN_POINT('',(50.,81.25,5.));
#8450=CARTESIAN_POINT('Origin',(0.,0.,5.));
#8451=CARTESIAN_POINT('',(81.25,50.05,5.));
#8452=CARTESIAN_POINT('',(162.5,162.5,5.));
#8453=CARTESIAN_POINT('Origin',(162.5,60.,2.5));
#8454=CARTESIAN_POINT('Origin',(120.5,162.5,0.));
#8455=CARTESIAN_POINT('Origin',(162.5,50.05,5.));
#8456=CARTESIAN_POINT('',(162.5,50.05,2.5));
#8457=CARTESIAN_POINT('Origin',(162.5,50.05,2.5));
#8458=CARTESIAN_POINT('Origin',(55.05,57.5,5.));
#8459=CARTESIAN_POINT('',(57.65,57.5,5.));
#8460=CARTESIAN_POINT('Origin',(55.05,57.5,5.));
#8461=CARTESIAN_POINT('',(57.65,57.5,2.5));
#8462=CARTESIAN_POINT('',(57.65,57.5,5.));
#8463=CARTESIAN_POINT('Origin',(55.05,57.5,2.5));
#8464=CARTESIAN_POINT('Origin',(55.05,97.5,5.));
#8465=CARTESIAN_POINT('',(57.65,97.5,5.));
#8466=CARTESIAN_POINT('Origin',(55.05,97.5,5.));
#8467=CARTESIAN_POINT('',(57.65,97.5,2.5));
#8468=CARTESIAN_POINT('',(57.65,97.5,5.));
#8469=CARTESIAN_POINT('Origin',(55.05,97.5,2.5));
#8470=CARTESIAN_POINT('Origin',(55.05,137.5,5.));
#8471=CARTESIAN_POINT('',(57.65,137.5,5.));
#8472=CARTESIAN_POINT('Origin',(55.05,137.5,5.));
#8473=CARTESIAN_POINT('',(57.65,137.5,2.5));
#8474=CARTESIAN_POINT('',(57.65,137.5,5.));
#8475=CARTESIAN_POINT('Origin',(55.05,137.5,2.5));
#8476=CARTESIAN_POINT('Origin',(118.5,160.5,0.));
#8477=CARTESIAN_POINT('',(118.5,162.5,5.));
#8478=CARTESIAN_POINT('',(120.5,160.5,5.));
#8479=CARTESIAN_POINT('Origin',(118.5,160.5,5.));
#8480=CARTESIAN_POINT('',(120.5,160.5,0.));
#8481=CARTESIAN_POINT('',(120.5,160.5,0.));
#8482=CARTESIAN_POINT('',(118.5,162.5,0.));
#8483=CARTESIAN_POINT('Origin',(118.5,160.5,0.));
#8484=CARTESIAN_POINT('',(118.5,162.5,0.));
#8485=CARTESIAN_POINT('Origin',(0.,0.,0.));
#8486=CARTESIAN_POINT('',(120.5,142.500000000004,0.));
#8487=CARTESIAN_POINT('',(120.5,162.5,0.));
#8488=CARTESIAN_POINT('',(122.5,140.500000000004,0.));
#8489=CARTESIAN_POINT('Origin',(122.5,142.500000000004,0.));
#8490=CARTESIAN_POINT('',(138.5,140.500000000004,0.));
#8491=CARTESIAN_POINT('',(140.5,140.500000000004,0.));
#8492=CARTESIAN_POINT('',(140.5,138.500000000004,0.));
#8493=CARTESIAN_POINT('Origin',(138.5,138.500000000004,0.));
#8494=CARTESIAN_POINT('',(140.5,122.5,0.));
#8495=CARTESIAN_POINT('',(140.5,120.500000000004,0.));
#8496=CARTESIAN_POINT('',(142.5,120.5,0.));
#8497=CARTESIAN_POINT('Origin',(142.5,122.5,0.));
#8498=CARTESIAN_POINT('',(160.5,120.5,0.));
#8499=CARTESIAN_POINT('',(120.5,120.5,0.));
#8500=CARTESIAN_POINT('',(162.5,118.5,0.));
#8501=CARTESIAN_POINT('Origin',(160.5,118.5,0.));
#8502=CARTESIAN_POINT('',(162.5,60.,0.));
#8503=CARTESIAN_POINT('',(162.5,-162.5,0.));
#8504=CARTESIAN_POINT('',(60.,60.,0.));
#8505=CARTESIAN_POINT('',(81.25,60.,0.));
#8506=CARTESIAN_POINT('',(60.,162.5,0.));
#8507=CARTESIAN_POINT('',(60.,81.25,0.));
#8508=CARTESIAN_POINT('',(162.5,162.5,0.));
#8509=CARTESIAN_POINT('',(87.3999999999978,153.500000000007,0.));
#8510=CARTESIAN_POINT('Origin',(89.4999999999978,153.500000000007,0.));
#8511=CARTESIAN_POINT('',(151.400000000006,97.4999999999764,0.));
#8512=CARTESIAN_POINT('Origin',(153.500000000006,97.4999999999764,0.));
#8513=CARTESIAN_POINT('',(151.400000000007,89.4999999999763,0.));
#8514=CARTESIAN_POINT('Origin',(153.500000000007,89.4999999999763,0.));
#8515=CARTESIAN_POINT('',(151.399999999988,105.499999999983,0.));
#8516=CARTESIAN_POINT('Origin',(153.499999999988,105.499999999983,0.));
#8517=CARTESIAN_POINT('',(103.399999999998,153.500000000007,0.));
#8518=CARTESIAN_POINT('Origin',(105.499999999998,153.500000000007,0.));
#8519=CARTESIAN_POINT('',(95.3999999999978,153.500000000007,0.));
#8520=CARTESIAN_POINT('Origin',(97.4999999999978,153.500000000007,0.));
#8521=CARTESIAN_POINT('Origin',(120.5,140.500000000004,0.));
#8522=CARTESIAN_POINT('',(120.5,142.500000000004,5.));
#8523=CARTESIAN_POINT('',(120.5,162.5,5.));
#8524=CARTESIAN_POINT('',(120.5,142.500000000004,0.));
#8525=CARTESIAN_POINT('Origin',(122.5,142.500000000004,0.));
#8526=CARTESIAN_POINT('',(122.5,140.500000000004,5.));
#8527=CARTESIAN_POINT('Origin',(122.5,142.500000000004,5.));
#8528=CARTESIAN_POINT('',(122.5,140.500000000004,0.));
#8529=CARTESIAN_POINT('Origin',(138.5,138.500000000004,0.));
#8530=CARTESIAN_POINT('',(138.5,140.500000000004,5.));
#8531=CARTESIAN_POINT('',(140.5,138.500000000004,5.));
#8532=CARTESIAN_POINT('Origin',(138.5,138.500000000004,5.));
#8533=CARTESIAN_POINT('',(140.5,138.500000000004,0.));
#8534=CARTESIAN_POINT('',(138.5,140.500000000004,0.));
#8535=CARTESIAN_POINT('Origin',(140.5,120.500000000004,0.));
#8536=CARTESIAN_POINT('',(140.5,122.5,5.));
#8537=CARTESIAN_POINT('',(140.5,120.500000000004,5.));
#8538=CARTESIAN_POINT('',(140.5,122.5,0.));
#8539=CARTESIAN_POINT('Origin',(142.5,122.5,0.));
#8540=CARTESIAN_POINT('',(142.5,120.5,5.));
#8541=CARTESIAN_POINT('Origin',(142.5,122.5,5.));
#8542=CARTESIAN_POINT('',(142.5,120.5,0.));
#8543=CARTESIAN_POINT('Origin',(160.5,118.5,0.));
#8544=CARTESIAN_POINT('',(160.5,120.5,5.));
#8545=CARTESIAN_POINT('',(162.5,118.5,5.));
#8546=CARTESIAN_POINT('Origin',(160.5,118.5,5.));
#8547=CARTESIAN_POINT('',(162.5,118.5,0.));
#8548=CARTESIAN_POINT('',(160.5,120.5,0.));
#8549=CARTESIAN_POINT('Origin',(0.,0.,5.));
#8550=CARTESIAN_POINT('',(50.05,162.5,5.));
#8551=CARTESIAN_POINT('',(162.5,162.5,5.));
#8552=CARTESIAN_POINT('',(50.05,50.05,5.));
#8553=CARTESIAN_POINT('',(50.05,81.25,5.));
#8554=CARTESIAN_POINT('',(162.5,50.05,5.));
#8555=CARTESIAN_POINT('',(81.25,50.05,5.));
#8556=CARTESIAN_POINT('',(162.5,-162.5,5.));
#8557=CARTESIAN_POINT('',(120.5,120.5,5.));
#8558=CARTESIAN_POINT('',(140.5,140.500000000004,5.));
#8559=CARTESIAN_POINT('',(87.3999999999978,153.500000000007,5.));
#8560=CARTESIAN_POINT('Origin',(89.4999999999978,153.500000000007,5.));
#8561=CARTESIAN_POINT('',(151.400000000006,97.4999999999764,5.));
#8562=CARTESIAN_POINT('Origin',(153.500000000006,97.4999999999764,5.));
#8563=CARTESIAN_POINT('',(151.400000000007,89.4999999999763,5.));
#8564=CARTESIAN_POINT('Origin',(153.500000000007,89.4999999999763,5.));
#8565=CARTESIAN_POINT('',(151.399999999988,105.499999999983,5.));
#8566=CARTESIAN_POINT('Origin',(153.499999999988,105.499999999983,5.));
#8567=CARTESIAN_POINT('',(103.399999999998,153.500000000007,5.));
#8568=CARTESIAN_POINT('Origin',(105.499999999998,153.500000000007,5.));
#8569=CARTESIAN_POINT('',(95.3999999999978,153.500000000007,5.));
#8570=CARTESIAN_POINT('Origin',(97.4999999999978,153.500000000007,5.));
#8571=CARTESIAN_POINT('Origin',(162.5,120.5,0.));
#8572=CARTESIAN_POINT('Origin',(162.5,-120.5,0.));
#8573=CARTESIAN_POINT('',(162.5,50.05,2.5));
#8574=CARTESIAN_POINT('',(162.5,50.05,2.5));
#8575=CARTESIAN_POINT('',(162.5,60.,2.5));
#8576=CARTESIAN_POINT('',(162.5,-35.225,2.5));
#8577=CARTESIAN_POINT('',(162.5,60.,1.25));
#8578=CARTESIAN_POINT('Origin',(97.4999999999978,153.500000000007,0.));
#8579=CARTESIAN_POINT('',(95.3999999999978,153.500000000007,0.));
#8580=CARTESIAN_POINT('Origin',(105.499999999998,153.500000000007,0.));
#8581=CARTESIAN_POINT('',(103.399999999998,153.500000000007,0.));
#8582=CARTESIAN_POINT('Origin',(153.499999999988,105.499999999983,0.));
#8583=CARTESIAN_POINT('',(151.399999999988,105.499999999983,0.));
#8584=CARTESIAN_POINT('Origin',(153.500000000007,89.4999999999763,0.));
#8585=CARTESIAN_POINT('',(151.400000000007,89.4999999999763,0.));
#8586=CARTESIAN_POINT('Origin',(153.500000000006,97.4999999999764,0.));
#8587=CARTESIAN_POINT('',(151.400000000006,97.4999999999764,0.));
#8588=CARTESIAN_POINT('Origin',(89.4999999999978,153.500000000007,0.));
#8589=CARTESIAN_POINT('',(87.3999999999978,153.500000000007,0.));
#8590=CARTESIAN_POINT('Origin',(140.5,140.500000000004,0.));
#8591=CARTESIAN_POINT('Origin',(162.5,60.,2.5));
#8592=CARTESIAN_POINT('',(60.,60.,2.5));
#8593=CARTESIAN_POINT('',(60.,60.,1.25));
#8594=CARTESIAN_POINT('',(162.5,60.,2.5));
#8595=CARTESIAN_POINT('Origin',(162.5,50.05,2.5));
#8596=CARTESIAN_POINT('',(50.05,50.05,2.5));
#8597=CARTESIAN_POINT('',(162.5,50.05,2.5));
#8598=CARTESIAN_POINT('',(50.05,162.5,2.5));
#8599=CARTESIAN_POINT('',(50.05,106.275,2.5));
#8600=CARTESIAN_POINT('',(60.,162.5,2.5));
#8601=CARTESIAN_POINT('',(90.25,162.5,2.5));
#8602=CARTESIAN_POINT('',(60.,162.5,2.5));
#8603=CARTESIAN_POINT('Origin',(120.5,162.5,0.));
#8604=CARTESIAN_POINT('',(60.,162.5,0.));
#8605=CARTESIAN_POINT('',(50.05,162.5,1.25));
#8606=CARTESIAN_POINT('Origin',(162.5,50.05,5.));
#8607=CARTESIAN_POINT('',(50.05,50.05,3.75));
#8608=CARTESIAN_POINT('Origin',(60.,162.5,0.));
#8609=CARTESIAN_POINT('Origin',(50.05,162.5,2.5));
#8610=CARTESIAN_POINT('',(55.05,-102.5,5.));
#8611=CARTESIAN_POINT('',(55.05,-62.5,5.));
#8612=CARTESIAN_POINT('',(55.05,-142.5,5.));
#8613=CARTESIAN_POINT('',(142.5,-45.,5.));
#8614=CARTESIAN_POINT('',(102.5,-45.,5.));
#8615=CARTESIAN_POINT('',(62.5,45.,5.));
#8616=CARTESIAN_POINT('',(142.5,45.,5.));
#8617=CARTESIAN_POINT('',(102.5,45.,5.));
#8618=CARTESIAN_POINT('',(55.05,17.5,5.));
#8619=CARTESIAN_POINT('',(55.05,-22.5,5.));
#8620=CARTESIAN_POINT('',(62.5,-45.,5.));
#8621=CARTESIAN_POINT('',(-17.5,-45.,5.));
#8622=CARTESIAN_POINT('',(-17.5,45.,5.));
#8623=CARTESIAN_POINT('',(22.5,45.,5.));
#8624=CARTESIAN_POINT('',(22.5,-45.,5.));
#8625=CARTESIAN_POINT('',(55.05,97.5,5.));
#8626=CARTESIAN_POINT('',(55.05,137.5,5.));
#8627=CARTESIAN_POINT('',(55.05,57.5,5.));
#8628=CARTESIAN_POINT('',(-55.05,57.5,5.));
#8629=CARTESIAN_POINT('',(-55.05,97.5,5.));
#8630=CARTESIAN_POINT('',(-55.05,137.5,5.));
#8631=CARTESIAN_POINT('',(-97.5,-45.,5.));
#8632=CARTESIAN_POINT('',(-57.5,-45.,5.));
#8633=CARTESIAN_POINT('',(-137.5,-45.,5.));
#8634=CARTESIAN_POINT('',(-97.5,45.,5.));
#8635=CARTESIAN_POINT('',(-137.5,45.,5.));
#8636=CARTESIAN_POINT('',(-55.05,17.5,5.));
#8637=CARTESIAN_POINT('',(-55.05,-22.5,5.));
#8638=CARTESIAN_POINT('',(-57.5,45.,5.));
#8639=CARTESIAN_POINT('',(-55.05,-102.5,5.));
#8640=CARTESIAN_POINT('',(-55.05,-142.5,5.));
#8641=CARTESIAN_POINT('',(-55.05,-62.5,5.));
#8642=UNCERTAINTY_MEASURE_WITH_UNIT(LENGTH_MEASURE(0.01),#8648,
'DISTANCE_ACCURACY_VALUE',
'Maximum model space distance between geometric entities at asserted c
onnectivities');
#8643=UNCERTAINTY_MEASURE_WITH_UNIT(LENGTH_MEASURE(0.01),#8648,
'DISTANCE_ACCURACY_VALUE',
'Maximum model space distance between geometric entities at asserted c
onnectivities');
#8644=UNCERTAINTY_MEASURE_WITH_UNIT(LENGTH_MEASURE(0.01),#8648,
'DISTANCE_ACCURACY_VALUE',
'Maximum model space distance between geometric entities at asserted c
onnectivities');
#8645=(
GEOMETRIC_REPRESENTATION_CONTEXT(3)
GLOBAL_UNCERTAINTY_ASSIGNED_CONTEXT((#8642))
GLOBAL_UNIT_ASSIGNED_CONTEXT((#8648,#8650,#8651))
REPRESENTATION_CONTEXT('','3D')
);
#8646=(
GEOMETRIC_REPRESENTATION_CONTEXT(3)
GLOBAL_UNCERTAINTY_ASSIGNED_CONTEXT((#8643))
GLOBAL_UNIT_ASSIGNED_CONTEXT((#8648,#8650,#8651))
REPRESENTATION_CONTEXT('','3D')
);
#8647=(
GEOMETRIC_REPRESENTATION_CONTEXT(3)
GLOBAL_UNCERTAINTY_ASSIGNED_CONTEXT((#8644))
GLOBAL_UNIT_ASSIGNED_CONTEXT((#8648,#8650,#8651))
REPRESENTATION_CONTEXT('','3D')
);
#8648=(
LENGTH_UNIT()
NAMED_UNIT(*)
SI_UNIT(.MILLI.,.METRE.)
);
#8649=(
LENGTH_UNIT()
NAMED_UNIT(*)
SI_UNIT($,.METRE.)
);
#8650=(
NAMED_UNIT(*)
PLANE_ANGLE_UNIT()
SI_UNIT($,.RADIAN.)
);
#8651=(
NAMED_UNIT(*)
SI_UNIT($,.STERADIAN.)
SOLID_ANGLE_UNIT()
);
#8652=SHAPE_DEFINITION_REPRESENTATION(#8654,#8688);
#8653=SHAPE_DEFINITION_REPRESENTATION(#8655,#8689);
#8654=PRODUCT_DEFINITION_SHAPE('',$,#8691);
#8655=PRODUCT_DEFINITION_SHAPE('',$,#8692);
#8656=PRODUCT_DEFINITION_SHAPE($,$,#107);
#8657=PRODUCT_DEFINITION_SHAPE($,$,#108);
#8658=PRODUCT_DEFINITION_SHAPE($,$,#109);
#8659=PRODUCT_DEFINITION_SHAPE($,$,#110);
#8660=PRODUCT_DEFINITION_SHAPE($,$,#111);
#8661=PRODUCT_DEFINITION_SHAPE($,$,#112);
#8662=PRODUCT_DEFINITION_SHAPE($,$,#113);
#8663=PRODUCT_DEFINITION_SHAPE($,$,#114);
#8664=PRODUCT_DEFINITION_SHAPE($,$,#115);
#8665=PRODUCT_DEFINITION_SHAPE($,$,#116);
#8666=PRODUCT_DEFINITION_SHAPE($,$,#117);
#8667=PRODUCT_DEFINITION_SHAPE($,$,#118);
#8668=PRODUCT_DEFINITION_SHAPE($,$,#119);
#8669=PRODUCT_DEFINITION_SHAPE($,$,#120);
#8670=PRODUCT_DEFINITION_SHAPE($,$,#121);
#8671=PRODUCT_DEFINITION_SHAPE($,$,#122);
#8672=PRODUCT_DEFINITION_SHAPE($,$,#123);
#8673=PRODUCT_DEFINITION_SHAPE($,$,#124);
#8674=PRODUCT_DEFINITION_SHAPE($,$,#125);
#8675=PRODUCT_DEFINITION_SHAPE($,$,#126);
#8676=PRODUCT_DEFINITION_SHAPE($,$,#127);
#8677=PRODUCT_DEFINITION_SHAPE($,$,#128);
#8678=PRODUCT_DEFINITION_SHAPE($,$,#129);
#8679=PRODUCT_DEFINITION_SHAPE($,$,#130);
#8680=PRODUCT_DEFINITION_SHAPE($,$,#131);
#8681=PRODUCT_DEFINITION_SHAPE($,$,#132);
#8682=PRODUCT_DEFINITION_SHAPE($,$,#133);
#8683=PRODUCT_DEFINITION_SHAPE($,$,#134);
#8684=PRODUCT_DEFINITION_SHAPE($,$,#135);
#8685=PRODUCT_DEFINITION_SHAPE($,$,#136);
#8686=PRODUCT_DEFINITION_SHAPE($,$,#137);
#8687=PRODUCT_DEFINITION_SHAPE($,$,#138);
#8688=SHAPE_REPRESENTATION('',(#5185,#5669,#5670,#5671,#5672,#5673,#5674,
#5675,#5676,#5677,#5678,#5679,#5680,#5681,#5682,#5683,#5684,#5685,#5686,
#5687,#5688,#5689,#5690,#5691,#5692,#5693,#5694,#5695,#5696,#5697,#5698,
#5699,#5700),#8645);
#8689=SHAPE_REPRESENTATION('',(#5186),#8646);
#8690=PRODUCT_DEFINITION_CONTEXT('part definition',#8698,'design');
#8691=PRODUCT_DEFINITION('2026-09-23-14-16-38-401','base_cover',#8693,#8690);
#8692=PRODUCT_DEFINITION('DIN 7337 - A5 x 10 Steel Plain',
'Rivet DIN 7337 - A5 x 10 Steel Plain',#8694,#8690);
#8693=PRODUCT_DEFINITION_FORMATION('',$,#8700);
#8694=PRODUCT_DEFINITION_FORMATION('',$,#8701);
#8695=PRODUCT_RELATED_PRODUCT_CATEGORY('base_cover','base_cover',(#8700));
#8696=PRODUCT_RELATED_PRODUCT_CATEGORY(
'Rivet DIN 7337 - A5 x 10 Steel Plain',
'Rivet DIN 7337 - A5 x 10 Steel Plain',(#8701));
#8697=APPLICATION_PROTOCOL_DEFINITION('international standard',
'automotive_design',2009,#8698);
#8698=APPLICATION_CONTEXT(
'Core Data for Automotive Mechanical Design Process');
#8699=PRODUCT_CONTEXT('part definition',#8698,'mechanical');
#8700=PRODUCT('2026-09-23-14-16-38-401','base_cover',$,(#8699));
#8701=PRODUCT('DIN 7337 - A5 x 10 Steel Plain',
'Rivet DIN 7337 - A5 x 10 Steel Plain','Rivet DIN 7337 - A5 x 10',(#8699));
#8702=PRESENTATION_STYLE_ASSIGNMENT((#8703));
#8703=SURFACE_STYLE_USAGE(.BOTH.,#8704);
#8704=SURFACE_SIDE_STYLE('',(#8705));
#8705=SURFACE_STYLE_FILL_AREA(#8706);
#8706=FILL_AREA_STYLE('Steel - Satin',(#8707));
#8707=FILL_AREA_STYLE_COLOUR('Steel - Satin',#8708);
#8708=COLOUR_RGB('Steel - Satin',0.627450980392157,0.627450980392157,0.627450980392157);
ENDSEC;
END-ISO-10303-21;
