ISO-10303-21;
HEADER;
/* Generated by software containing ST-Developer
 * from STEP Tools, Inc. (www.steptools.com) 
 */

FILE_DESCRIPTION(
/* description */ (''),
/* implementation_level */ '2;1');

FILE_NAME(
/* name */ 'hipjoint_endoprosthesis.step',
/* time_stamp */ '2026-10-06T15:42:19+03:00',
/* author */ (''),
/* organization */ (''),
/* preprocessor_version */ 'ST-DEVELOPER v20.2',
/* originating_system */ 'Autodesk Translation Framework v15.15.0.0',
/* authorisation */ '');

FILE_SCHEMA (('AUTOMOTIVE_DESIGN { 1 0 10303 214 3 1 1 }'));
ENDSEC;

DATA;
#10=MECHANICAL_DESIGN_GEOMETRIC_PRESENTATION_REPRESENTATION('',(#37,#38,
#39),#3983);
#11=ITEM_DEFINED_TRANSFORMATION($,$,#1354,#1470);
#12=ITEM_DEFINED_TRANSFORMATION($,$,#1370,#1471);
#13=ITEM_DEFINED_TRANSFORMATION($,$,#1393,#1472);
#14=(
REPRESENTATION_RELATIONSHIP($,$,#4000,#3999)
REPRESENTATION_RELATIONSHIP_WITH_TRANSFORMATION(#11)
SHAPE_REPRESENTATION_RELATIONSHIP()
);
#15=(
REPRESENTATION_RELATIONSHIP($,$,#4001,#3999)
REPRESENTATION_RELATIONSHIP_WITH_TRANSFORMATION(#12)
SHAPE_REPRESENTATION_RELATIONSHIP()
);
#16=(
REPRESENTATION_RELATIONSHIP($,$,#4002,#3999)
REPRESENTATION_RELATIONSHIP_WITH_TRANSFORMATION(#13)
SHAPE_REPRESENTATION_RELATIONSHIP()
);
#17=CONTEXT_DEPENDENT_SHAPE_REPRESENTATION(#14,#3996);
#18=CONTEXT_DEPENDENT_SHAPE_REPRESENTATION(#15,#3997);
#19=CONTEXT_DEPENDENT_SHAPE_REPRESENTATION(#16,#3998);
#20=NEXT_ASSEMBLY_USAGE_OCCURRENCE('knee_joint_[art3:1',
'knee_joint_[art3:1','knee_joint_[art3:1',#4004,#4005,
'knee_joint_[art3:1');
#21=NEXT_ASSEMBLY_USAGE_OCCURRENCE('knee_joint_part4:1',
'knee_joint_part4:1','knee_joint_part4:1',#4004,#4006,
'knee_joint_part4:1');
#22=NEXT_ASSEMBLY_USAGE_OCCURRENCE('nee_joint_1:1','nee_joint_1:1',
'nee_joint_1:1',#4004,#4007,'nee_joint_1:1');
#23=ELLIPSE('',#1396,30.0217059002303,30.);
#24=SPHERICAL_SURFACE('',#1391,3.5);
#25=SPHERICAL_SURFACE('',#1416,1.25);
#26=SPHERICAL_SURFACE('',#1422,1.25);
#27=CONICAL_SURFACE('',#1376,4.24963147079001,0.0346491479218163);
#28=CONICAL_SURFACE('',#1382,2.99503901269889,1.56785682712201);
#29=CONICAL_SURFACE('',#1384,6.49450022285375,0.0697174908436242);
#30=CONICAL_SURFACE('',#1390,6.49909268094531,0.469359748676814);
#31=SHAPE_REPRESENTATION_RELATIONSHIP('SRR','None',#4000,#34);
#32=SHAPE_REPRESENTATION_RELATIONSHIP('SRR','None',#4001,#35);
#33=SHAPE_REPRESENTATION_RELATIONSHIP('SRR','None',#4002,#36);
#34=ADVANCED_BREP_SHAPE_REPRESENTATION('',(#40),#3980);
#35=ADVANCED_BREP_SHAPE_REPRESENTATION('',(#41),#3981);
#36=ADVANCED_BREP_SHAPE_REPRESENTATION('',(#42),#3982);
#37=STYLED_ITEM('',(#4023),#40);
#38=STYLED_ITEM('',(#4023),#41);
#39=STYLED_ITEM('',(#4023),#42);
#40=MANIFOLD_SOLID_BREP('Body1',#1316);
#41=MANIFOLD_SOLID_BREP('Body1',#1317);
#42=MANIFOLD_SOLID_BREP('Body1',#1318);
#43=CYLINDRICAL_SURFACE('',#1359,6.);
#44=CYLINDRICAL_SURFACE('',#1361,1.75);
#45=CYLINDRICAL_SURFACE('',#1381,1.75);
#46=CYLINDRICAL_SURFACE('',#1388,7.99892242030961);
#47=CYLINDRICAL_SURFACE('',#1394,30.);
#48=CYLINDRICAL_SURFACE('',#1407,9.99999999999993);
#49=CYLINDRICAL_SURFACE('',#1420,1.25);
#50=CYLINDRICAL_SURFACE('',#1426,1.25);
#51=CYLINDRICAL_SURFACE('',#1434,9.16666666666666);
#52=CYLINDRICAL_SURFACE('',#1445,9.99999999999994);
#53=CYLINDRICAL_SURFACE('',#1447,10.0000000000002);
#54=CYLINDRICAL_SURFACE('',#1449,2.99999999999998);
#55=CYLINDRICAL_SURFACE('',#1450,3.00000000000001);
#56=CYLINDRICAL_SURFACE('',#1453,10.);
#57=CYLINDRICAL_SURFACE('',#1454,10.);
#58=CYLINDRICAL_SURFACE('',#1456,10.);
#59=CYLINDRICAL_SURFACE('',#1458,9.99999999999999);
#60=CYLINDRICAL_SURFACE('',#1462,3.00000000000001);
#61=CYLINDRICAL_SURFACE('',#1463,2.99999999999998);
#62=CYLINDRICAL_SURFACE('',#1465,10.0000000000002);
#63=CYLINDRICAL_SURFACE('',#1467,9.99999999999994);
#64=CYLINDRICAL_SURFACE('',#1468,9.99999999999999);
#65=FACE_BOUND('',#367,.T.);
#66=FACE_BOUND('',#369,.T.);
#67=FACE_BOUND('',#390,.T.);
#68=FACE_BOUND('',#392,.T.);
#69=FACE_BOUND('',#394,.T.);
#70=FACE_BOUND('',#420,.T.);
#71=FACE_BOUND('',#429,.T.);
#72=LINE('',#2650,#157);
#73=LINE('',#2652,#158);
#74=LINE('',#2670,#159);
#75=LINE('',#2687,#160);
#76=LINE('',#2721,#161);
#77=LINE('',#3116,#162);
#78=LINE('',#3122,#163);
#79=LINE('',#3124,#164);
#80=LINE('',#3142,#165);
#81=LINE('',#3159,#166);
#82=LINE('',#3161,#167);
#83=LINE('',#3162,#168);
#84=LINE('',#3193,#169);
#85=LINE('',#3195,#170);
#86=LINE('',#3226,#171);
#87=LINE('',#3228,#172);
#88=LINE('',#3349,#173);
#89=LINE('',#3355,#174);
#90=LINE('',#3371,#175);
#91=LINE('',#3416,#176);
#92=LINE('',#3454,#177);
#93=LINE('',#3458,#178);
#94=LINE('',#3466,#179);
#95=LINE('',#3468,#180);
#96=LINE('',#3478,#181);
#97=LINE('',#3481,#182);
#98=LINE('',#3489,#183);
#99=LINE('',#3558,#184);
#100=LINE('',#3645,#185);
#101=LINE('',#3649,#186);
#102=LINE('',#3653,#187);
#103=LINE('',#3659,#188);
#104=LINE('',#3661,#189);
#105=LINE('',#3665,#190);
#106=LINE('',#3668,#191);
#107=LINE('',#3671,#192);
#108=LINE('',#3687,#193);
#109=LINE('',#3688,#194);
#110=LINE('',#3690,#195);
#111=LINE('',#3811,#196);
#112=LINE('',#3815,#197);
#113=LINE('',#3819,#198);
#114=LINE('',#3821,#199);
#115=LINE('',#3827,#200);
#116=LINE('',#3831,#201);
#117=LINE('',#3835,#202);
#118=LINE('',#3846,#203);
#119=LINE('',#3857,#204);
#120=LINE('',#3864,#205);
#121=LINE('',#3866,#206);
#122=LINE('',#3870,#207);
#123=LINE('',#3872,#208);
#124=LINE('',#3878,#209);
#125=LINE('',#3881,#210);
#126=LINE('',#3891,#211);
#127=LINE('',#3905,#212);
#128=LINE('',#3909,#213);
#129=LINE('',#3915,#214);
#130=LINE('',#3917,#215);
#131=LINE('',#3919,#216);
#132=LINE('',#3921,#217);
#133=LINE('',#3922,#218);
#134=LINE('',#3923,#219);
#135=LINE('',#3925,#220);
#136=LINE('',#3927,#221);
#137=LINE('',#3929,#222);
#138=LINE('',#3931,#223);
#139=LINE('',#3933,#224);
#140=LINE('',#3935,#225);
#141=LINE('',#3937,#226);
#142=LINE('',#3938,#227);
#143=LINE('',#3940,#228);
#144=LINE('',#3942,#229);
#145=LINE('',#3944,#230);
#146=LINE('',#3945,#231);
#147=LINE('',#3948,#232);
#148=LINE('',#3950,#233);
#149=LINE('',#3952,#234);
#150=LINE('',#3955,#235);
#151=LINE('',#3957,#236);
#152=LINE('',#3959,#237);
#153=LINE('',#3961,#238);
#154=LINE('',#3963,#239);
#155=LINE('',#3965,#240);
#156=LINE('',#3967,#241);
#157=VECTOR('',#1483,10.);
#158=VECTOR('',#1484,10.);
#159=VECTOR('',#1485,10.);
#160=VECTOR('',#1486,10.);
#161=VECTOR('',#1491,6.);
#162=VECTOR('',#1498,1.75);
#163=VECTOR('',#1505,10.);
#164=VECTOR('',#1506,10.);
#165=VECTOR('',#1507,10.);
#166=VECTOR('',#1508,10.);
#167=VECTOR('',#1511,10.);
#168=VECTOR('',#1512,10.);
#169=VECTOR('',#1513,10.);
#170=VECTOR('',#1516,10.);
#171=VECTOR('',#1517,10.);
#172=VECTOR('',#1520,10.);
#173=VECTOR('',#1529,10.);
#174=VECTOR('',#1530,10.);
#175=VECTOR('',#1543,4.24963147079001);
#176=VECTOR('',#1550,1.75);
#177=VECTOR('',#1553,2.99503901269889);
#178=VECTOR('',#1558,6.49450022285375);
#179=VECTOR('',#1569,7.99892242030961);
#180=VECTOR('',#1572,6.49909268094531);
#181=VECTOR('',#1583,10.);
#182=VECTOR('',#1586,10.);
#183=VECTOR('',#1589,10.);
#184=VECTOR('',#1590,10.);
#185=VECTOR('',#1595,10.);
#186=VECTOR('',#1598,10.);
#187=VECTOR('',#1601,10.);
#188=VECTOR('',#1606,10.);
#189=VECTOR('',#1607,10.);
#190=VECTOR('',#1610,10.);
#191=VECTOR('',#1613,10.);
#192=VECTOR('',#1616,10.);
#193=VECTOR('',#1617,10.);
#194=VECTOR('',#1618,10.);
#195=VECTOR('',#1621,10.);
#196=VECTOR('',#1624,10.);
#197=VECTOR('',#1627,10.);
#198=VECTOR('',#1630,10.);
#199=VECTOR('',#1631,10.);
#200=VECTOR('',#1636,10.);
#201=VECTOR('',#1639,10.);
#202=VECTOR('',#1642,10.);
#203=VECTOR('',#1655,1.25);
#204=VECTOR('',#1668,1.25);
#205=VECTOR('',#1675,10.);
#206=VECTOR('',#1676,10.);
#207=VECTOR('',#1679,10.);
#208=VECTOR('',#1680,10.);
#209=VECTOR('',#1685,10.);
#210=VECTOR('',#1688,10.);
#211=VECTOR('',#1693,10.);
#212=VECTOR('',#1702,10.);
#213=VECTOR('',#1705,10.);
#214=VECTOR('',#1710,10.);
#215=VECTOR('',#1711,10.);
#216=VECTOR('',#1714,10.);
#217=VECTOR('',#1717,10.);
#218=VECTOR('',#1718,10.);
#219=VECTOR('',#1719,10.);
#220=VECTOR('',#1722,10.);
#221=VECTOR('',#1725,10.);
#222=VECTOR('',#1728,10.);
#223=VECTOR('',#1731,10.);
#224=VECTOR('',#1734,10.);
#225=VECTOR('',#1737,10.);
#226=VECTOR('',#1740,10.);
#227=VECTOR('',#1741,10.);
#228=VECTOR('',#1744,10.);
#229=VECTOR('',#1747,10.);
#230=VECTOR('',#1750,10.);
#231=VECTOR('',#1751,10.);
#232=VECTOR('',#1756,10.);
#233=VECTOR('',#1759,10.);
#234=VECTOR('',#1762,10.);
#235=VECTOR('',#1767,10.);
#236=VECTOR('',#1770,10.);
#237=VECTOR('',#1773,10.);
#238=VECTOR('',#1776,10.);
#239=VECTOR('',#1779,10.);
#240=VECTOR('',#1782,10.);
#241=VECTOR('',#1785,10.);
#242=PLANE('',#1357);
#243=PLANE('',#1363);
#244=PLANE('',#1364);
#245=PLANE('',#1365);
#246=PLANE('',#1366);
#247=PLANE('',#1367);
#248=PLANE('',#1368);
#249=PLANE('',#1369);
#250=PLANE('',#1372);
#251=PLANE('',#1373);
#252=PLANE('',#1374);
#253=PLANE('',#1386);
#254=PLANE('',#1397);
#255=PLANE('',#1398);
#256=PLANE('',#1406);
#257=PLANE('',#1408);
#258=PLANE('',#1428);
#259=PLANE('',#1438);
#260=PLANE('',#1444);
#261=PLANE('',#1446);
#262=PLANE('',#1448);
#263=PLANE('',#1451);
#264=PLANE('',#1452);
#265=PLANE('',#1455);
#266=PLANE('',#1457);
#267=PLANE('',#1459);
#268=PLANE('',#1460);
#269=PLANE('',#1461);
#270=PLANE('',#1464);
#271=PLANE('',#1466);
#272=PLANE('',#1469);
#273=(
BOUNDED_CURVE()
B_SPLINE_CURVE(5,(#2195,#2196,#2197,#2198,#2199,#2200,#2201,#2202),
 .UNSPECIFIED.,.F.,.F.)
B_SPLINE_CURVE_WITH_KNOTS((6,1,1,6),(0.065143840989905,0.0666666666666667,
0.133333333333333,0.17245305073635),.UNSPECIFIED.)
CURVE()
GEOMETRIC_REPRESENTATION_ITEM()
RATIONAL_B_SPLINE_CURVE((1.,1.,1.,1.,1.,1.,1.,1.))
REPRESENTATION_ITEM('')
);
#274=(
BOUNDED_CURVE()
B_SPLINE_CURVE(5,(#2495,#2496,#2497,#2498,#2499,#2500,#2501,#2502,#2503,
#2504,#2505,#2506,#2507,#2508),.UNSPECIFIED.,.F.,.F.)
B_SPLINE_CURVE_WITH_KNOTS((6,1,1,1,1,1,1,1,1,6),(-0.716190439591104,-0.666666666666667,
-0.6,-0.533333333333333,-0.466666666666667,-0.4,-0.333333333333333,-0.266666666666667,
-0.2,-0.172453050736353),.UNSPECIFIED.)
CURVE()
GEOMETRIC_REPRESENTATION_ITEM()
RATIONAL_B_SPLINE_CURVE((1.,1.,1.,1.,1.,1.,1.,1.,1.,1.,1.,1.,1.,1.))
REPRESENTATION_ITEM('')
);
#275=(
BOUNDED_CURVE()
B_SPLINE_CURVE(5,(#2524,#2525,#2526,#2527,#2528,#2529,#2530),
 .UNSPECIFIED.,.F.,.F.)
B_SPLINE_CURVE_WITH_KNOTS((6,1,6),(0.716190439591103,0.733333333333333,
0.773078834680231),.UNSPECIFIED.)
CURVE()
GEOMETRIC_REPRESENTATION_ITEM()
RATIONAL_B_SPLINE_CURVE((1.,1.,1.,1.,1.,1.,1.))
REPRESENTATION_ITEM('')
);
#276=(
BOUNDED_CURVE()
B_SPLINE_CURVE(5,(#2531,#2532,#2533,#2534,#2535,#2536,#2537,#2538,#2539,
#2540,#2541,#2542,#2543,#2544),.UNSPECIFIED.,.F.,.F.)
B_SPLINE_CURVE_WITH_KNOTS((6,1,1,1,1,1,1,1,1,6),(0.17245305073635,0.2,0.266666666666667,
0.333333333333333,0.4,0.466666666666667,0.533333333333333,0.6,0.666666666666667,
0.716190439591103),.UNSPECIFIED.)
CURVE()
GEOMETRIC_REPRESENTATION_ITEM()
RATIONAL_B_SPLINE_CURVE((1.,1.,1.,1.,1.,1.,1.,1.,1.,1.,1.,1.,1.,1.))
REPRESENTATION_ITEM('')
);
#277=(
BOUNDED_CURVE()
B_SPLINE_CURVE(5,(#2654,#2655,#2656,#2657,#2658,#2659,#2660,#2661,#2662,
#2663,#2664,#2665,#2666,#2667,#2668),.UNSPECIFIED.,.F.,.F.)
B_SPLINE_CURVE_WITH_KNOTS((6,1,1,1,1,1,1,1,1,1,6),(0.,0.1,0.2,0.3,0.4,0.5,
0.6,0.7,0.8,0.9,1.),.UNSPECIFIED.)
CURVE()
GEOMETRIC_REPRESENTATION_ITEM()
RATIONAL_B_SPLINE_CURVE((1.,1.,1.,1.,1.,1.,1.,1.,1.,1.,1.,1.,1.,1.,1.))
REPRESENTATION_ITEM('')
);
#278=(
BOUNDED_CURVE()
B_SPLINE_CURVE(5,(#2672,#2673,#2674,#2675,#2676,#2677,#2678,#2679,#2680,
#2681,#2682,#2683,#2684,#2685,#2686),.UNSPECIFIED.,.F.,.F.)
B_SPLINE_CURVE_WITH_KNOTS((6,1,1,1,1,1,1,1,1,1,6),(0.,0.1,0.2,0.3,0.4,0.5,
0.6,0.7,0.8,0.9,1.),.UNSPECIFIED.)
CURVE()
GEOMETRIC_REPRESENTATION_ITEM()
RATIONAL_B_SPLINE_CURVE((1.,1.,1.,1.,1.,1.,1.,1.,1.,1.,1.,1.,1.,1.,1.))
REPRESENTATION_ITEM('')
);
#279=(
BOUNDED_CURVE()
B_SPLINE_CURVE(5,(#3126,#3127,#3128,#3129,#3130,#3131,#3132,#3133,#3134,
#3135,#3136,#3137,#3138,#3139,#3140),.UNSPECIFIED.,.F.,.F.)
B_SPLINE_CURVE_WITH_KNOTS((6,1,1,1,1,1,1,1,1,1,6),(0.,0.1,0.2,0.3,0.4,0.5,
0.6,0.7,0.8,0.9,1.),.UNSPECIFIED.)
CURVE()
GEOMETRIC_REPRESENTATION_ITEM()
RATIONAL_B_SPLINE_CURVE((1.,1.,1.,1.,1.,1.,1.,1.,1.,1.,1.,1.,1.,1.,1.))
REPRESENTATION_ITEM('')
);
#280=(
BOUNDED_CURVE()
B_SPLINE_CURVE(5,(#3144,#3145,#3146,#3147,#3148,#3149,#3150,#3151,#3152,
#3153,#3154,#3155,#3156,#3157,#3158),.UNSPECIFIED.,.F.,.F.)
B_SPLINE_CURVE_WITH_KNOTS((6,1,1,1,1,1,1,1,1,1,6),(-1.,-0.9,-0.8,-0.7,-0.6,
-0.5,-0.4,-0.3,-0.2,-0.1,0.),.UNSPECIFIED.)
CURVE()
GEOMETRIC_REPRESENTATION_ITEM()
RATIONAL_B_SPLINE_CURVE((1.,1.,1.,1.,1.,1.,1.,1.,1.,1.,1.,1.,1.,1.,1.))
REPRESENTATION_ITEM('')
);
#281=(
BOUNDED_CURVE()
B_SPLINE_CURVE(2,(#3351,#3352,#3353),.UNSPECIFIED.,.F.,.F.)
B_SPLINE_CURVE_WITH_KNOTS((3,3),(0.,3.17769202134552),.UNSPECIFIED.)
CURVE()
GEOMETRIC_REPRESENTATION_ITEM()
RATIONAL_B_SPLINE_CURVE((1.,1.03667520506892,1.01519353733255))
REPRESENTATION_ITEM('')
);
#282=(
BOUNDED_CURVE()
B_SPLINE_CURVE(2,(#3356,#3357,#3358),.UNSPECIFIED.,.F.,.F.)
B_SPLINE_CURVE_WITH_KNOTS((3,3),(0.2592417244171,4.00786702953909),
 .UNSPECIFIED.)
CURVE()
GEOMETRIC_REPRESENTATION_ITEM()
RATIONAL_B_SPLINE_CURVE((1.00559698796211,1.0432646086746,1.))
REPRESENTATION_ITEM('')
);
#283=(
BOUNDED_CURVE()
B_SPLINE_CURVE(2,(#3360,#3361,#3362),.UNSPECIFIED.,.F.,.F.)
B_SPLINE_CURVE_WITH_KNOTS((3,3),(3.07908483824612,3.9428620514291),
 .UNSPECIFIED.)
CURVE()
GEOMETRIC_REPRESENTATION_ITEM()
RATIONAL_B_SPLINE_CURVE((1.01117371465043,1.00753091496979,1.00096494057969))
REPRESENTATION_ITEM('')
);
#284=(
BOUNDED_SURFACE()
B_SPLINE_SURFACE(5,2,((#1924,#1925,#1926,#1927,#1928,#1929,#1930,#1931,
#1932),(#1933,#1934,#1935,#1936,#1937,#1938,#1939,#1940,#1941),(#1942,#1943,
#1944,#1945,#1946,#1947,#1948,#1949,#1950),(#1951,#1952,#1953,#1954,#1955,
#1956,#1957,#1958,#1959),(#1960,#1961,#1962,#1963,#1964,#1965,#1966,#1967,
#1968),(#1969,#1970,#1971,#1972,#1973,#1974,#1975,#1976,#1977),(#1978,#1979,
#1980,#1981,#1982,#1983,#1984,#1985,#1986),(#1987,#1988,#1989,#1990,#1991,
#1992,#1993,#1994,#1995),(#1996,#1997,#1998,#1999,#2000,#2001,#2002,#2003,
#2004),(#2005,#2006,#2007,#2008,#2009,#2010,#2011,#2012,#2013),(#2014,#2015,
#2016,#2017,#2018,#2019,#2020,#2021,#2022),(#2023,#2024,#2025,#2026,#2027,
#2028,#2029,#2030,#2031),(#2032,#2033,#2034,#2035,#2036,#2037,#2038,#2039,
#2040),(#2041,#2042,#2043,#2044,#2045,#2046,#2047,#2048,#2049),(#2050,#2051,
#2052,#2053,#2054,#2055,#2056,#2057,#2058),(#2059,#2060,#2061,#2062,#2063,
#2064,#2065,#2066,#2067),(#2068,#2069,#2070,#2071,#2072,#2073,#2074,#2075,
#2076),(#2077,#2078,#2079,#2080,#2081,#2082,#2083,#2084,#2085),(#2086,#2087,
#2088,#2089,#2090,#2091,#2092,#2093,#2094),(#2095,#2096,#2097,#2098,#2099,
#2100,#2101,#2102,#2103),(#2104,#2105,#2106,#2107,#2108,#2109,#2110,#2111,
#2112),(#2113,#2114,#2115,#2116,#2117,#2118,#2119,#2120,#2121),(#2122,#2123,
#2124,#2125,#2126,#2127,#2128,#2129,#2130),(#2131,#2132,#2133,#2134,#2135,
#2136,#2137,#2138,#2139),(#2140,#2141,#2142,#2143,#2144,#2145,#2146,#2147,
#2148),(#2149,#2150,#2151,#2152,#2153,#2154,#2155,#2156,#2157),(#2158,#2159,
#2160,#2161,#2162,#2163,#2164,#2165,#2166),(#2167,#2168,#2169,#2170,#2171,
#2172,#2173,#2174,#2175),(#2176,#2177,#2178,#2179,#2180,#2181,#2182,#2183,
#2184),(#2185,#2186,#2187,#2188,#2189,#2190,#2191,#2192,#2193)),
 .UNSPECIFIED.,.F.,.T.,.F.)
B_SPLINE_SURFACE_WITH_KNOTS((6,5,1,1,1,1,1,1,1,1,1,1,1,1,1,1,5,6),(3,2,
2,2,3),(-2.35924546468037,-1.,-0.933333333333333,-0.866666666666667,-0.8,
-0.733333333333333,-0.666666666666667,-0.6,-0.533333333333333,-0.466666666666667,
-0.4,-0.333333333333333,-0.266666666666667,-0.2,-0.133333333333333,-0.0666666666666667,
0.,0.61940786511206),(0.,1.5707963267949,3.14159265358979,4.71238898038469,
6.28318530717959),.UNSPECIFIED.)
GEOMETRIC_REPRESENTATION_ITEM()
RATIONAL_B_SPLINE_SURFACE(((1.,0.707106781186548,1.,0.707106781186548,1.,
0.707106781186548,1.,0.707106781186548,1.),(1.,0.707106781186548,1.,0.707106781186548,
1.,0.707106781186548,1.,0.707106781186548,1.),(1.,0.707106781186548,1.,
0.707106781186548,1.,0.707106781186548,1.,0.707106781186548,1.),(1.,0.707106781186548,
1.,0.707106781186548,1.,0.707106781186548,1.,0.707106781186548,1.),(1.,
0.707106781186548,1.,0.707106781186548,1.,0.707106781186548,1.,0.707106781186548,
1.),(1.,0.707106781186548,1.,0.707106781186548,1.,0.707106781186548,1.,
0.707106781186548,1.),(1.,0.707106781186548,1.,0.707106781186548,1.,0.707106781186548,
1.,0.707106781186548,1.),(1.,0.707106781186548,1.,0.707106781186548,1.,
0.707106781186548,1.,0.707106781186548,1.),(1.,0.707106781186548,1.,0.707106781186548,
1.,0.707106781186548,1.,0.707106781186548,1.),(1.,0.707106781186548,1.,
0.707106781186548,1.,0.707106781186548,1.,0.707106781186548,1.),(1.,0.707106781186548,
1.,0.707106781186548,1.,0.707106781186548,1.,0.707106781186548,1.),(1.,
0.707106781186548,1.,0.707106781186548,1.,0.707106781186548,1.,0.707106781186548,
1.),(1.,0.707106781186548,1.,0.707106781186548,1.,0.707106781186548,1.,
0.707106781186548,1.),(1.,0.707106781186548,1.,0.707106781186548,1.,0.707106781186548,
1.,0.707106781186548,1.),(1.,0.707106781186548,1.,0.707106781186548,1.,
0.707106781186548,1.,0.707106781186548,1.),(1.,0.707106781186548,1.,0.707106781186548,
1.,0.707106781186548,1.,0.707106781186548,1.),(1.,0.707106781186548,1.,
0.707106781186548,1.,0.707106781186548,1.,0.707106781186548,1.),(1.,0.707106781186548,
1.,0.707106781186548,1.,0.707106781186548,1.,0.707106781186548,1.),(1.,
0.707106781186548,1.,0.707106781186548,1.,0.707106781186548,1.,0.707106781186548,
1.),(1.,0.707106781186548,1.,0.707106781186548,1.,0.707106781186548,1.,
0.707106781186548,1.),(1.,0.707106781186548,1.,0.707106781186548,1.,0.707106781186548,
1.,0.707106781186548,1.),(1.,0.707106781186548,1.,0.707106781186548,1.,
0.707106781186548,1.,0.707106781186548,1.),(1.,0.707106781186548,1.,0.707106781186548,
1.,0.707106781186548,1.,0.707106781186548,1.),(1.,0.707106781186548,1.,
0.707106781186548,1.,0.707106781186548,1.,0.707106781186548,1.),(1.,0.707106781186548,
1.,0.707106781186548,1.,0.707106781186548,1.,0.707106781186548,1.),(1.,
0.707106781186548,1.,0.707106781186548,1.,0.707106781186548,1.,0.707106781186548,
1.),(1.,0.707106781186548,1.,0.707106781186548,1.,0.707106781186548,1.,
0.707106781186548,1.),(1.,0.707106781186548,1.,0.707106781186548,1.,0.707106781186548,
1.,0.707106781186548,1.),(1.,0.707106781186548,1.,0.707106781186548,1.,
0.707106781186548,1.,0.707106781186548,1.),(1.,0.707106781186548,1.,0.707106781186548,
1.,0.707106781186548,1.,0.707106781186548,1.)))
REPRESENTATION_ITEM('')
SURFACE()
);
#285=(
BOUNDED_SURFACE()
B_SPLINE_SURFACE(5,2,((#2213,#2214,#2215,#2216,#2217,#2218,#2219,#2220,
#2221),(#2222,#2223,#2224,#2225,#2226,#2227,#2228,#2229,#2230),(#2231,#2232,
#2233,#2234,#2235,#2236,#2237,#2238,#2239),(#2240,#2241,#2242,#2243,#2244,
#2245,#2246,#2247,#2248),(#2249,#2250,#2251,#2252,#2253,#2254,#2255,#2256,
#2257),(#2258,#2259,#2260,#2261,#2262,#2263,#2264,#2265,#2266),(#2267,#2268,
#2269,#2270,#2271,#2272,#2273,#2274,#2275),(#2276,#2277,#2278,#2279,#2280,
#2281,#2282,#2283,#2284),(#2285,#2286,#2287,#2288,#2289,#2290,#2291,#2292,
#2293),(#2294,#2295,#2296,#2297,#2298,#2299,#2300,#2301,#2302),(#2303,#2304,
#2305,#2306,#2307,#2308,#2309,#2310,#2311),(#2312,#2313,#2314,#2315,#2316,
#2317,#2318,#2319,#2320),(#2321,#2322,#2323,#2324,#2325,#2326,#2327,#2328,
#2329),(#2330,#2331,#2332,#2333,#2334,#2335,#2336,#2337,#2338),(#2339,#2340,
#2341,#2342,#2343,#2344,#2345,#2346,#2347),(#2348,#2349,#2350,#2351,#2352,
#2353,#2354,#2355,#2356),(#2357,#2358,#2359,#2360,#2361,#2362,#2363,#2364,
#2365),(#2366,#2367,#2368,#2369,#2370,#2371,#2372,#2373,#2374),(#2375,#2376,
#2377,#2378,#2379,#2380,#2381,#2382,#2383),(#2384,#2385,#2386,#2387,#2388,
#2389,#2390,#2391,#2392),(#2393,#2394,#2395,#2396,#2397,#2398,#2399,#2400,
#2401),(#2402,#2403,#2404,#2405,#2406,#2407,#2408,#2409,#2410),(#2411,#2412,
#2413,#2414,#2415,#2416,#2417,#2418,#2419),(#2420,#2421,#2422,#2423,#2424,
#2425,#2426,#2427,#2428),(#2429,#2430,#2431,#2432,#2433,#2434,#2435,#2436,
#2437),(#2438,#2439,#2440,#2441,#2442,#2443,#2444,#2445,#2446),(#2447,#2448,
#2449,#2450,#2451,#2452,#2453,#2454,#2455),(#2456,#2457,#2458,#2459,#2460,
#2461,#2462,#2463,#2464),(#2465,#2466,#2467,#2468,#2469,#2470,#2471,#2472,
#2473),(#2474,#2475,#2476,#2477,#2478,#2479,#2480,#2481,#2482)),
 .UNSPECIFIED.,.F.,.T.,.F.)
B_SPLINE_SURFACE_WITH_KNOTS((6,5,1,1,1,1,1,1,1,1,1,1,1,1,1,1,5,6),(3,2,
2,2,3),(-2.35924546468037,-1.,-0.933333333333333,-0.866666666666667,-0.8,
-0.733333333333333,-0.666666666666667,-0.6,-0.533333333333333,-0.466666666666667,
-0.4,-0.333333333333333,-0.266666666666667,-0.2,-0.133333333333333,-0.0666666666666667,
0.,0.61940786511206),(0.,1.5707963267949,3.14159265358979,4.71238898038469,
6.28318530717959),.UNSPECIFIED.)
GEOMETRIC_REPRESENTATION_ITEM()
RATIONAL_B_SPLINE_SURFACE(((1.,0.707106781186548,1.,0.707106781186548,1.,
0.707106781186548,1.,0.707106781186548,1.),(1.,0.707106781186548,1.,0.707106781186548,
1.,0.707106781186548,1.,0.707106781186548,1.),(1.,0.707106781186548,1.,
0.707106781186548,1.,0.707106781186548,1.,0.707106781186548,1.),(1.,0.707106781186548,
1.,0.707106781186548,1.,0.707106781186548,1.,0.707106781186548,1.),(1.,
0.707106781186548,1.,0.707106781186548,1.,0.707106781186548,1.,0.707106781186548,
1.),(1.,0.707106781186548,1.,0.707106781186548,1.,0.707106781186548,1.,
0.707106781186548,1.),(1.,0.707106781186548,1.,0.707106781186548,1.,0.707106781186548,
1.,0.707106781186548,1.),(1.,0.707106781186548,1.,0.707106781186548,1.,
0.707106781186548,1.,0.707106781186548,1.),(1.,0.707106781186548,1.,0.707106781186548,
1.,0.707106781186548,1.,0.707106781186548,1.),(1.,0.707106781186548,1.,
0.707106781186548,1.,0.707106781186548,1.,0.707106781186548,1.),(1.,0.707106781186548,
1.,0.707106781186548,1.,0.707106781186548,1.,0.707106781186548,1.),(1.,
0.707106781186548,1.,0.707106781186548,1.,0.707106781186548,1.,0.707106781186548,
1.),(1.,0.707106781186548,1.,0.707106781186548,1.,0.707106781186548,1.,
0.707106781186548,1.),(1.,0.707106781186548,1.,0.707106781186548,1.,0.707106781186548,
1.,0.707106781186548,1.),(1.,0.707106781186548,1.,0.707106781186548,1.,
0.707106781186548,1.,0.707106781186548,1.),(1.,0.707106781186548,1.,0.707106781186548,
1.,0.707106781186548,1.,0.707106781186548,1.),(1.,0.707106781186548,1.,
0.707106781186548,1.,0.707106781186548,1.,0.707106781186548,1.),(1.,0.707106781186548,
1.,0.707106781186548,1.,0.707106781186548,1.,0.707106781186548,1.),(1.,
0.707106781186548,1.,0.707106781186548,1.,0.707106781186548,1.,0.707106781186548,
1.),(1.,0.707106781186548,1.,0.707106781186548,1.,0.707106781186548,1.,
0.707106781186548,1.),(1.,0.707106781186548,1.,0.707106781186548,1.,0.707106781186548,
1.,0.707106781186548,1.),(1.,0.707106781186548,1.,0.707106781186548,1.,
0.707106781186548,1.,0.707106781186548,1.),(1.,0.707106781186548,1.,0.707106781186548,
1.,0.707106781186548,1.,0.707106781186548,1.),(1.,0.707106781186548,1.,
0.707106781186548,1.,0.707106781186548,1.,0.707106781186548,1.),(1.,0.707106781186548,
1.,0.707106781186548,1.,0.707106781186548,1.,0.707106781186548,1.),(1.,
0.707106781186548,1.,0.707106781186548,1.,0.707106781186548,1.,0.707106781186548,
1.),(1.,0.707106781186548,1.,0.707106781186548,1.,0.707106781186548,1.,
0.707106781186548,1.),(1.,0.707106781186548,1.,0.707106781186548,1.,0.707106781186548,
1.,0.707106781186548,1.),(1.,0.707106781186548,1.,0.707106781186548,1.,
0.707106781186548,1.,0.707106781186548,1.),(1.,0.707106781186548,1.,0.707106781186548,
1.,0.707106781186548,1.,0.707106781186548,1.)))
REPRESENTATION_ITEM('')
SURFACE()
);
#286=(
BOUNDED_SURFACE()
B_SPLINE_SURFACE(5,2,((#2761,#2762,#2763,#2764,#2765,#2766,#2767,#2768,
#2769),(#2770,#2771,#2772,#2773,#2774,#2775,#2776,#2777,#2778),(#2779,#2780,
#2781,#2782,#2783,#2784,#2785,#2786,#2787),(#2788,#2789,#2790,#2791,#2792,
#2793,#2794,#2795,#2796),(#2797,#2798,#2799,#2800,#2801,#2802,#2803,#2804,
#2805),(#2806,#2807,#2808,#2809,#2810,#2811,#2812,#2813,#2814),(#2815,#2816,
#2817,#2818,#2819,#2820,#2821,#2822,#2823),(#2824,#2825,#2826,#2827,#2828,
#2829,#2830,#2831,#2832),(#2833,#2834,#2835,#2836,#2837,#2838,#2839,#2840,
#2841),(#2842,#2843,#2844,#2845,#2846,#2847,#2848,#2849,#2850),(#2851,#2852,
#2853,#2854,#2855,#2856,#2857,#2858,#2859),(#2860,#2861,#2862,#2863,#2864,
#2865,#2866,#2867,#2868),(#2869,#2870,#2871,#2872,#2873,#2874,#2875,#2876,
#2877),(#2878,#2879,#2880,#2881,#2882,#2883,#2884,#2885,#2886),(#2887,#2888,
#2889,#2890,#2891,#2892,#2893,#2894,#2895),(#2896,#2897,#2898,#2899,#2900,
#2901,#2902,#2903,#2904),(#2905,#2906,#2907,#2908,#2909,#2910,#2911,#2912,
#2913),(#2914,#2915,#2916,#2917,#2918,#2919,#2920,#2921,#2922),(#2923,#2924,
#2925,#2926,#2927,#2928,#2929,#2930,#2931),(#2932,#2933,#2934,#2935,#2936,
#2937,#2938,#2939,#2940),(#2941,#2942,#2943,#2944,#2945,#2946,#2947,#2948,
#2949),(#2950,#2951,#2952,#2953,#2954,#2955,#2956,#2957,#2958),(#2959,#2960,
#2961,#2962,#2963,#2964,#2965,#2966,#2967),(#2968,#2969,#2970,#2971,#2972,
#2973,#2974,#2975,#2976),(#2977,#2978,#2979,#2980,#2981,#2982,#2983,#2984,
#2985),(#2986,#2987,#2988,#2989,#2990,#2991,#2992,#2993,#2994),(#2995,#2996,
#2997,#2998,#2999,#3000,#3001,#3002,#3003),(#3004,#3005,#3006,#3007,#3008,
#3009,#3010,#3011,#3012),(#3013,#3014,#3015,#3016,#3017,#3018,#3019,#3020,
#3021),(#3022,#3023,#3024,#3025,#3026,#3027,#3028,#3029,#3030)),
 .UNSPECIFIED.,.F.,.T.,.F.)
B_SPLINE_SURFACE_WITH_KNOTS((6,5,1,1,1,1,1,1,1,1,1,1,1,1,1,1,5,6),(3,2,
2,2,3),(-2.35924546468037,-1.,-0.933333333333333,-0.866666666666667,-0.8,
-0.733333333333333,-0.666666666666667,-0.6,-0.533333333333333,-0.466666666666667,
-0.4,-0.333333333333333,-0.266666666666667,-0.2,-0.133333333333333,-0.0666666666666667,
0.,0.61940786511206),(0.,1.5707963267949,3.14159265358979,4.71238898038469,
6.28318530717959),.UNSPECIFIED.)
GEOMETRIC_REPRESENTATION_ITEM()
RATIONAL_B_SPLINE_SURFACE(((1.,0.707106781186548,1.,0.707106781186548,1.,
0.707106781186548,1.,0.707106781186548,1.),(1.,0.707106781186548,1.,0.707106781186548,
1.,0.707106781186548,1.,0.707106781186548,1.),(1.,0.707106781186548,1.,
0.707106781186548,1.,0.707106781186548,1.,0.707106781186548,1.),(1.,0.707106781186548,
1.,0.707106781186548,1.,0.707106781186548,1.,0.707106781186548,1.),(1.,
0.707106781186548,1.,0.707106781186548,1.,0.707106781186548,1.,0.707106781186548,
1.),(1.,0.707106781186548,1.,0.707106781186548,1.,0.707106781186548,1.,
0.707106781186548,1.),(1.,0.707106781186548,1.,0.707106781186548,1.,0.707106781186548,
1.,0.707106781186548,1.),(1.,0.707106781186548,1.,0.707106781186548,1.,
0.707106781186548,1.,0.707106781186548,1.),(1.,0.707106781186548,1.,0.707106781186548,
1.,0.707106781186548,1.,0.707106781186548,1.),(1.,0.707106781186548,1.,
0.707106781186548,1.,0.707106781186548,1.,0.707106781186548,1.),(1.,0.707106781186548,
1.,0.707106781186548,1.,0.707106781186548,1.,0.707106781186548,1.),(1.,
0.707106781186548,1.,0.707106781186548,1.,0.707106781186548,1.,0.707106781186548,
1.),(1.,0.707106781186548,1.,0.707106781186548,1.,0.707106781186548,1.,
0.707106781186548,1.),(1.,0.707106781186548,1.,0.707106781186548,1.,0.707106781186548,
1.,0.707106781186548,1.),(1.,0.707106781186548,1.,0.707106781186548,1.,
0.707106781186548,1.,0.707106781186548,1.),(1.,0.707106781186548,1.,0.707106781186548,
1.,0.707106781186548,1.,0.707106781186548,1.),(1.,0.707106781186548,1.,
0.707106781186548,1.,0.707106781186548,1.,0.707106781186548,1.),(1.,0.707106781186548,
1.,0.707106781186548,1.,0.707106781186548,1.,0.707106781186548,1.),(1.,
0.707106781186548,1.,0.707106781186548,1.,0.707106781186548,1.,0.707106781186548,
1.),(1.,0.707106781186548,1.,0.707106781186548,1.,0.707106781186548,1.,
0.707106781186548,1.),(1.,0.707106781186548,1.,0.707106781186548,1.,0.707106781186548,
1.,0.707106781186548,1.),(1.,0.707106781186548,1.,0.707106781186548,1.,
0.707106781186548,1.,0.707106781186548,1.),(1.,0.707106781186548,1.,0.707106781186548,
1.,0.707106781186548,1.,0.707106781186548,1.),(1.,0.707106781186548,1.,
0.707106781186548,1.,0.707106781186548,1.,0.707106781186548,1.),(1.,0.707106781186548,
1.,0.707106781186548,1.,0.707106781186548,1.,0.707106781186548,1.),(1.,
0.707106781186548,1.,0.707106781186548,1.,0.707106781186548,1.,0.707106781186548,
1.),(1.,0.707106781186548,1.,0.707106781186548,1.,0.707106781186548,1.,
0.707106781186548,1.),(1.,0.707106781186548,1.,0.707106781186548,1.,0.707106781186548,
1.,0.707106781186548,1.),(1.,0.707106781186548,1.,0.707106781186548,1.,
0.707106781186548,1.,0.707106781186548,1.),(1.,0.707106781186548,1.,0.707106781186548,
1.,0.707106781186548,1.,0.707106781186548,1.)))
REPRESENTATION_ITEM('')
SURFACE()
);
#287=(
BOUNDED_SURFACE()
B_SPLINE_SURFACE(5,1,((#3163,#3164),(#3165,#3166),(#3167,#3168),(#3169,
#3170),(#3171,#3172),(#3173,#3174),(#3175,#3176),(#3177,#3178),(#3179,#3180),
(#3181,#3182),(#3183,#3184),(#3185,#3186),(#3187,#3188),(#3189,#3190),(#3191,
#3192)),.UNSPECIFIED.,.F.,.F.,.F.)
B_SPLINE_SURFACE_WITH_KNOTS((6,1,1,1,1,1,1,1,1,1,6),(2,2),(-1.,-0.9,-0.8,
-0.7,-0.6,-0.5,-0.4,-0.3,-0.2,-0.1,0.),(0.,0.8),.UNSPECIFIED.)
GEOMETRIC_REPRESENTATION_ITEM()
RATIONAL_B_SPLINE_SURFACE(((1.,1.),(1.,1.),(1.,1.),(1.,1.),(1.,1.),(1.,
1.),(1.,1.),(1.,1.),(1.,1.),(1.,1.),(1.,1.),(1.,1.),(1.,1.),(1.,1.),(1.,
1.)))
REPRESENTATION_ITEM('')
SURFACE()
);
#288=(
BOUNDED_SURFACE()
B_SPLINE_SURFACE(5,1,((#3196,#3197),(#3198,#3199),(#3200,#3201),(#3202,
#3203),(#3204,#3205),(#3206,#3207),(#3208,#3209),(#3210,#3211),(#3212,#3213),
(#3214,#3215),(#3216,#3217),(#3218,#3219),(#3220,#3221),(#3222,#3223),(#3224,
#3225)),.UNSPECIFIED.,.F.,.F.,.F.)
B_SPLINE_SURFACE_WITH_KNOTS((6,1,1,1,1,1,1,1,1,1,6),(2,2),(0.,0.1,0.2,0.3,
0.4,0.5,0.6,0.7,0.8,0.9,1.),(0.,0.8),.UNSPECIFIED.)
GEOMETRIC_REPRESENTATION_ITEM()
RATIONAL_B_SPLINE_SURFACE(((1.,1.),(1.,1.),(1.,1.),(1.,1.),(1.,1.),(1.,
1.),(1.,1.),(1.,1.),(1.,1.),(1.,1.),(1.,1.),(1.,1.),(1.,1.),(1.,1.),(1.,
1.)))
REPRESENTATION_ITEM('')
SURFACE()
);
#289=FACE_OUTER_BOUND('',#361,.T.);
#290=FACE_OUTER_BOUND('',#362,.T.);
#291=FACE_OUTER_BOUND('',#363,.T.);
#292=FACE_OUTER_BOUND('',#364,.T.);
#293=FACE_OUTER_BOUND('',#365,.T.);
#294=FACE_OUTER_BOUND('',#366,.T.);
#295=FACE_OUTER_BOUND('',#368,.T.);
#296=FACE_OUTER_BOUND('',#370,.T.);
#297=FACE_OUTER_BOUND('',#371,.T.);
#298=FACE_OUTER_BOUND('',#372,.T.);
#299=FACE_OUTER_BOUND('',#373,.T.);
#300=FACE_OUTER_BOUND('',#374,.T.);
#301=FACE_OUTER_BOUND('',#375,.T.);
#302=FACE_OUTER_BOUND('',#376,.T.);
#303=FACE_OUTER_BOUND('',#377,.T.);
#304=FACE_OUTER_BOUND('',#378,.T.);
#305=FACE_OUTER_BOUND('',#379,.T.);
#306=FACE_OUTER_BOUND('',#380,.T.);
#307=FACE_OUTER_BOUND('',#381,.T.);
#308=FACE_OUTER_BOUND('',#382,.T.);
#309=FACE_OUTER_BOUND('',#383,.T.);
#310=FACE_OUTER_BOUND('',#384,.T.);
#311=FACE_OUTER_BOUND('',#385,.T.);
#312=FACE_OUTER_BOUND('',#386,.T.);
#313=FACE_OUTER_BOUND('',#387,.T.);
#314=FACE_OUTER_BOUND('',#388,.T.);
#315=FACE_OUTER_BOUND('',#389,.T.);
#316=FACE_OUTER_BOUND('',#391,.T.);
#317=FACE_OUTER_BOUND('',#393,.T.);
#318=FACE_OUTER_BOUND('',#395,.T.);
#319=FACE_OUTER_BOUND('',#396,.T.);
#320=FACE_OUTER_BOUND('',#397,.T.);
#321=FACE_OUTER_BOUND('',#398,.T.);
#322=FACE_OUTER_BOUND('',#399,.T.);
#323=FACE_OUTER_BOUND('',#400,.T.);
#324=FACE_OUTER_BOUND('',#401,.T.);
#325=FACE_OUTER_BOUND('',#402,.T.);
#326=FACE_OUTER_BOUND('',#403,.T.);
#327=FACE_OUTER_BOUND('',#404,.T.);
#328=FACE_OUTER_BOUND('',#405,.T.);
#329=FACE_OUTER_BOUND('',#406,.T.);
#330=FACE_OUTER_BOUND('',#407,.T.);
#331=FACE_OUTER_BOUND('',#408,.T.);
#332=FACE_OUTER_BOUND('',#409,.T.);
#333=FACE_OUTER_BOUND('',#410,.T.);
#334=FACE_OUTER_BOUND('',#411,.T.);
#335=FACE_OUTER_BOUND('',#412,.T.);
#336=FACE_OUTER_BOUND('',#413,.T.);
#337=FACE_OUTER_BOUND('',#414,.T.);
#338=FACE_OUTER_BOUND('',#415,.T.);
#339=FACE_OUTER_BOUND('',#416,.T.);
#340=FACE_OUTER_BOUND('',#417,.T.);
#341=FACE_OUTER_BOUND('',#418,.T.);
#342=FACE_OUTER_BOUND('',#419,.T.);
#343=FACE_OUTER_BOUND('',#421,.T.);
#344=FACE_OUTER_BOUND('',#422,.T.);
#345=FACE_OUTER_BOUND('',#423,.T.);
#346=FACE_OUTER_BOUND('',#424,.T.);
#347=FACE_OUTER_BOUND('',#425,.T.);
#348=FACE_OUTER_BOUND('',#426,.T.);
#349=FACE_OUTER_BOUND('',#427,.T.);
#350=FACE_OUTER_BOUND('',#428,.T.);
#351=FACE_OUTER_BOUND('',#430,.T.);
#352=FACE_OUTER_BOUND('',#431,.T.);
#353=FACE_OUTER_BOUND('',#432,.T.);
#354=FACE_OUTER_BOUND('',#433,.T.);
#355=FACE_OUTER_BOUND('',#434,.T.);
#356=FACE_OUTER_BOUND('',#435,.T.);
#357=FACE_OUTER_BOUND('',#436,.T.);
#358=FACE_OUTER_BOUND('',#437,.T.);
#359=FACE_OUTER_BOUND('',#438,.T.);
#360=FACE_OUTER_BOUND('',#439,.T.);
#361=EDGE_LOOP('',(#855,#856,#857,#858,#859));
#362=EDGE_LOOP('',(#860,#861,#862,#863));
#363=EDGE_LOOP('',(#864,#865,#866));
#364=EDGE_LOOP('',(#867,#868,#869,#870,#871,#872,#873,#874,#875));
#365=EDGE_LOOP('',(#876,#877,#878,#879,#880,#881,#882));
#366=EDGE_LOOP('',(#883,#884,#885,#886,#887,#888));
#367=EDGE_LOOP('',(#889,#890,#891,#892,#893,#894));
#368=EDGE_LOOP('',(#895,#896,#897,#898,#899,#900,#901,#902,#903,#904,#905));
#369=EDGE_LOOP('',(#906,#907));
#370=EDGE_LOOP('',(#908,#909,#910));
#371=EDGE_LOOP('',(#911,#912,#913,#914,#915,#916,#917));
#372=EDGE_LOOP('',(#918,#919,#920,#921,#922));
#373=EDGE_LOOP('',(#923));
#374=EDGE_LOOP('',(#924));
#375=EDGE_LOOP('',(#925,#926,#927,#928,#929,#930));
#376=EDGE_LOOP('',(#931,#932,#933,#934));
#377=EDGE_LOOP('',(#935,#936,#937,#938));
#378=EDGE_LOOP('',(#939,#940,#941,#942));
#379=EDGE_LOOP('',(#943,#944,#945,#946));
#380=EDGE_LOOP('',(#947,#948,#949,#950));
#381=EDGE_LOOP('',(#951,#952,#953,#954));
#382=EDGE_LOOP('',(#955,#956,#957,#958,#959));
#383=EDGE_LOOP('',(#960,#961,#962,#963,#964));
#384=EDGE_LOOP('',(#965,#966,#967));
#385=EDGE_LOOP('',(#968,#969));
#386=EDGE_LOOP('',(#970,#971,#972,#973,#974,#975,#976,#977,#978,#979,#980,
#981));
#387=EDGE_LOOP('',(#982,#983,#984,#985,#986));
#388=EDGE_LOOP('',(#987,#988,#989));
#389=EDGE_LOOP('',(#990,#991,#992,#993));
#390=EDGE_LOOP('',(#994,#995));
#391=EDGE_LOOP('',(#996));
#392=EDGE_LOOP('',(#997));
#393=EDGE_LOOP('',(#998,#999,#1000,#1001));
#394=EDGE_LOOP('',(#1002));
#395=EDGE_LOOP('',(#1003,#1004,#1005,#1006));
#396=EDGE_LOOP('',(#1007,#1008,#1009,#1010,#1011,#1012));
#397=EDGE_LOOP('',(#1013,#1014,#1015,#1016));
#398=EDGE_LOOP('',(#1017,#1018,#1019,#1020));
#399=EDGE_LOOP('',(#1021,#1022,#1023,#1024,#1025,#1026,#1027,#1028));
#400=EDGE_LOOP('',(#1029,#1030,#1031,#1032,#1033,#1034,#1035,#1036,#1037,
#1038,#1039,#1040,#1041,#1042,#1043));
#401=EDGE_LOOP('',(#1044,#1045,#1046,#1047,#1048,#1049));
#402=EDGE_LOOP('',(#1050,#1051,#1052,#1053));
#403=EDGE_LOOP('',(#1054,#1055,#1056,#1057,#1058,#1059,#1060));
#404=EDGE_LOOP('',(#1061,#1062,#1063,#1064,#1065,#1066,#1067,#1068,#1069,
#1070,#1071,#1072,#1073,#1074,#1075,#1076));
#405=EDGE_LOOP('',(#1077,#1078,#1079,#1080));
#406=EDGE_LOOP('',(#1081,#1082,#1083,#1084,#1085));
#407=EDGE_LOOP('',(#1086,#1087,#1088,#1089));
#408=EDGE_LOOP('',(#1090,#1091,#1092,#1093,#1094));
#409=EDGE_LOOP('',(#1095,#1096,#1097,#1098,#1099,#1100,#1101,#1102,#1103,
#1104,#1105));
#410=EDGE_LOOP('',(#1106,#1107,#1108,#1109,#1110,#1111,#1112));
#411=EDGE_LOOP('',(#1113,#1114,#1115,#1116,#1117,#1118,#1119,#1120,#1121,
#1122,#1123));
#412=EDGE_LOOP('',(#1124,#1125,#1126,#1127,#1128,#1129,#1130,#1131));
#413=EDGE_LOOP('',(#1132,#1133,#1134,#1135));
#414=EDGE_LOOP('',(#1136,#1137,#1138,#1139));
#415=EDGE_LOOP('',(#1140,#1141,#1142,#1143));
#416=EDGE_LOOP('',(#1144,#1145,#1146,#1147));
#417=EDGE_LOOP('',(#1148,#1149,#1150,#1151));
#418=EDGE_LOOP('',(#1152,#1153,#1154,#1155));
#419=EDGE_LOOP('',(#1156,#1157,#1158,#1159));
#420=EDGE_LOOP('',(#1160));
#421=EDGE_LOOP('',(#1161,#1162,#1163,#1164));
#422=EDGE_LOOP('',(#1165,#1166,#1167,#1168,#1169));
#423=EDGE_LOOP('',(#1170,#1171,#1172,#1173,#1174));
#424=EDGE_LOOP('',(#1175,#1176,#1177,#1178));
#425=EDGE_LOOP('',(#1179,#1180,#1181,#1182));
#426=EDGE_LOOP('',(#1183,#1184,#1185,#1186,#1187,#1188));
#427=EDGE_LOOP('',(#1189,#1190,#1191,#1192,#1193));
#428=EDGE_LOOP('',(#1194,#1195,#1196,#1197));
#429=EDGE_LOOP('',(#1198));
#430=EDGE_LOOP('',(#1199,#1200,#1201,#1202));
#431=EDGE_LOOP('',(#1203,#1204,#1205,#1206));
#432=EDGE_LOOP('',(#1207,#1208,#1209,#1210));
#433=EDGE_LOOP('',(#1211,#1212,#1213,#1214));
#434=EDGE_LOOP('',(#1215,#1216,#1217,#1218));
#435=EDGE_LOOP('',(#1219,#1220,#1221,#1222));
#436=EDGE_LOOP('',(#1223,#1224,#1225,#1226));
#437=EDGE_LOOP('',(#1227,#1228,#1229,#1230));
#438=EDGE_LOOP('',(#1231,#1232,#1233,#1234));
#439=EDGE_LOOP('',(#1235,#1236));
#440=B_SPLINE_CURVE_WITH_KNOTS('',3,(#1844,#1845,#1846,#1847,#1848,#1849,
#1850,#1851,#1852,#1853,#1854,#1855,#1856,#1857,#1858,#1859,#1860,#1861,
#1862,#1863,#1864,#1865),.UNSPECIFIED.,.F.,.F.,(4,3,3,3,3,3,3,4),(-2.88278477438955,
-2.47615285568471,-2.06952093697987,-1.66288901827502,-1.25625709957018,
-0.849625180865338,-0.442993262160495,-0.369629562656549),.UNSPECIFIED.);
#441=B_SPLINE_CURVE_WITH_KNOTS('',3,(#1867,#1868,#1869,#1870),
 .UNSPECIFIED.,.F.,.F.,(4,4),(-0.369629562656549,-0.0363316476358432),
 .UNSPECIFIED.);
#442=B_SPLINE_CURVE_WITH_KNOTS('',3,(#1872,#1873,#1874,#1875,#1876,#1877,
#1878,#1879),.UNSPECIFIED.,.F.,.F.,(4,2,2,4),(-0.00100038760625896,0.,0.123305794287948,
0.264596581090815),.UNSPECIFIED.);
#443=B_SPLINE_CURVE_WITH_KNOTS('',3,(#1880,#1881,#1882,#1883,#1884,#1885,
#1886,#1887,#1888,#1889),.UNSPECIFIED.,.F.,.F.,(4,1,1,1,1,1,1,4),(0.279536989473969,
0.442967808600659,0.849603969565475,1.25624013053029,1.66287629149511,2.06951245245992,
2.47614861342474,2.88278477438955),.UNSPECIFIED.);
#444=B_SPLINE_CURVE_WITH_KNOTS('',3,(#1908,#1909,#1910,#1911,#1912,#1913,
#1914,#1915),.UNSPECIFIED.,.F.,.F.,(4,2,2,4),(0.,0.104636272281304,0.196881308413435,
0.197623903056985),.UNSPECIFIED.);
#445=B_SPLINE_CURVE_WITH_KNOTS('',3,(#1916,#1917,#1918,#1919),
 .UNSPECIFIED.,.F.,.F.,(4,4),(-0.333310551870045,0.),.UNSPECIFIED.);
#446=B_SPLINE_CURVE_WITH_KNOTS('',3,(#1920,#1921,#1922,#1923),
 .UNSPECIFIED.,.F.,.F.,(4,4),(0.,0.0900988095447325),.UNSPECIFIED.);
#447=B_SPLINE_CURVE_WITH_KNOTS('',3,(#2203,#2204,#2205,#2206,#2207,#2208,
#2209,#2210,#2211,#2212),.UNSPECIFIED.,.F.,.F.,(4,2,2,2,4),(-0.0824259876081901,
-0.0812207446011169,-0.0308107245449881,0.,0.0159311659576788),
 .UNSPECIFIED.);
#448=B_SPLINE_CURVE_WITH_KNOTS('',3,(#2484,#2485,#2486,#2487,#2488,#2489,
#2490,#2491,#2492,#2493),.UNSPECIFIED.,.F.,.F.,(4,2,2,2,4),(-0.441898904357139,
-0.408184187748517,-0.342980244151537,-0.236298815754414,-0.233748190989421),
 .UNSPECIFIED.);
#449=B_SPLINE_CURVE_WITH_KNOTS('',3,(#2510,#2511,#2512,#2513,#2514,#2515),
 .UNSPECIFIED.,.F.,.F.,(4,2,4),(-0.0279660080450402,0.,0.0114277419303049),
 .UNSPECIFIED.);
#450=B_SPLINE_CURVE_WITH_KNOTS('',3,(#2517,#2518,#2519,#2520),
 .UNSPECIFIED.,.F.,.F.,(4,4),(1.54842036177094,1.56586947578469),
 .UNSPECIFIED.);
#451=B_SPLINE_CURVE_WITH_KNOTS('',3,(#2622,#2623,#2624,#2625,#2626,#2627,
#2628,#2629),.UNSPECIFIED.,.F.,.F.,(4,2,2,4),(0.0148790876370037,0.0254461009556869,
0.0611495487657475,0.122772027521468),.UNSPECIFIED.);
#452=B_SPLINE_CURVE_WITH_KNOTS('',3,(#2631,#2632,#2633,#2634,#2635,#2636,
#2637),.UNSPECIFIED.,.F.,.F.,(4,3,4),(-5.76494005411759,-5.74640517731207,
-5.64923771162526),.UNSPECIFIED.);
#453=B_SPLINE_CURVE_WITH_KNOTS('',3,(#2638,#2639,#2640,#2641,#2642,#2643,
#2644,#2645,#2646),.UNSPECIFIED.,.F.,.F.,(4,1,1,1,1,1,4),(-5.64923771162526,
-5.55899211080926,-5.37157904430704,-5.27787251105592,-5.18416597780481,
-4.99675291130258,-4.81887384510003),.UNSPECIFIED.);
#454=B_SPLINE_CURVE_WITH_KNOTS('',3,(#2691,#2692,#2693,#2694,#2695,#2696,
#2697,#2698),.UNSPECIFIED.,.F.,.F.,(4,2,2,4),(0.,0.369678624848737,0.438131756528542,
0.445664989036982),.UNSPECIFIED.);
#455=B_SPLINE_CURVE_WITH_KNOTS('',3,(#2699,#2700,#2701,#2702),
 .UNSPECIFIED.,.F.,.F.,(4,4),(1.53096453009765,1.54842036177095),
 .UNSPECIFIED.);
#456=B_SPLINE_CURVE_WITH_KNOTS('',3,(#2705,#2706,#2707,#2708,#2709,#2710,
#2711),.UNSPECIFIED.,.F.,.F.,(4,3,4),(-4.84587521056752,-4.74839328154186,
-4.73000446073992),.UNSPECIFIED.);
#457=B_SPLINE_CURVE_WITH_KNOTS('',3,(#2712,#2713,#2714,#2715,#2716,#2717,
#2718,#2719),.UNSPECIFIED.,.F.,.F.,(4,1,1,1,1,4),(-5.67579016203799,-5.49803940553093,
-5.31062787453373,-5.12321634353653,-4.93580481253933,-4.84587521056752),
 .UNSPECIFIED.);
#458=B_SPLINE_CURVE_WITH_KNOTS('',3,(#2725,#2726,#2727,#2728,#2729,#2730,
#2731,#2732,#2733,#2734,#2735,#2736,#2737,#2738,#2739,#2740,#2741,#2742),
 .UNSPECIFIED.,.F.,.F.,(4,2,2,2,2,2,2,2,4),(0.,0.0663470530165809,0.132694106033162,
0.19902358670722,0.265353067381277,0.331682548055335,0.398012028729393,
0.464359081745974,0.530706134762555),.UNSPECIFIED.);
#459=B_SPLINE_CURVE_WITH_KNOTS('',3,(#2743,#2744,#2745,#2746,#2747,#2748,
#2749,#2750,#2751,#2752,#2753,#2754,#2755,#2756,#2757,#2758,#2759,#2760),
 .UNSPECIFIED.,.F.,.F.,(4,2,2,2,2,2,2,2,4),(0.530706134762555,0.597053187779135,
0.663400240795716,0.729729721469774,0.796059202143832,0.862388682817889,
0.928718163491947,0.995065216508528,1.06141226952511),.UNSPECIFIED.);
#460=B_SPLINE_CURVE_WITH_KNOTS('',3,(#3031,#3032,#3033,#3034,#3035,#3036),
 .UNSPECIFIED.,.F.,.F.,(4,2,4),(-0.461874757499941,-0.431451741261589,-0.357000434777296),
 .UNSPECIFIED.);
#461=B_SPLINE_CURVE_WITH_KNOTS('',3,(#3289,#3290,#3291,#3292,#3293,#3294,
#3295,#3296,#3297,#3298,#3299,#3300,#3301,#3302,#3303,#3304,#3305,#3306,
#3307,#3308,#3309,#3310,#3311,#3312),.UNSPECIFIED.,.F.,.F.,(4,2,2,2,2,2,
2,2,2,2,2,4),(0.,0.214743696629177,0.403075523546526,0.513394190782559,
0.582643666855719,0.627073740083841,0.657289241821881,0.664451219945153,
0.664544870464219,0.66465459039684,0.668255314653159,0.668592463252682),
 .UNSPECIFIED.);
#462=B_SPLINE_CURVE_WITH_KNOTS('',3,(#3316,#3317,#3318,#3319,#3320,#3321,
#3322,#3323,#3324,#3325,#3326,#3327,#3328,#3329,#3330,#3331,#3332,#3333,
#3334,#3335),.UNSPECIFIED.,.F.,.F.,(4,2,2,2,2,2,2,2,2,4),(-2.80547604151883E-5,
0.,0.000312375421404063,0.000315866012839109,0.000455963681965705,0.00103736546921415,
0.00190152313748225,0.00324537619726468,0.00538628849737179,0.00596343521989488),
 .UNSPECIFIED.);
#463=B_SPLINE_CURVE_WITH_KNOTS('',3,(#3337,#3338,#3339,#3340),
 .UNSPECIFIED.,.F.,.F.,(4,4),(0.,0.420504537231953),.UNSPECIFIED.);
#464=B_SPLINE_CURVE_WITH_KNOTS('',3,(#3341,#3342,#3343,#3344,#3345,#3346),
 .UNSPECIFIED.,.F.,.F.,(4,1,1,4),(-3.77304337446599,-3.58895651202411,-3.34308121765153,
-3.11542632593491),.UNSPECIFIED.);
#465=B_SPLINE_CURVE_WITH_KNOTS('',3,(#3377,#3378,#3379,#3380,#3381,#3382,
#3383,#3384,#3385,#3386,#3387,#3388,#3389,#3390,#3391,#3392,#3393,#3394,
#3395,#3396,#3397,#3398,#3399,#3400,#3401,#3402,#3403,#3404,#3405,#3406,
#3407,#3408,#3409,#3410),.UNSPECIFIED.,.F.,.F.,(4,2,2,2,2,2,2,2,2,2,2,2,
2,2,2,2,4),(0.,0.0651139025262964,0.130227805052593,0.195611736415273,0.260995667777953,
0.326379599140633,0.391763530503313,0.456877433029609,0.521991335555905,
0.589612607977753,0.657233880399601,0.724632827562167,0.792031774724734,
0.8594307218873,0.926829669049867,0.994450941471715,1.05867984220178),
 .UNSPECIFIED.);
#466=B_SPLINE_CURVE_WITH_KNOTS('',3,(#3411,#3412,#3413,#3414),
 .UNSPECIFIED.,.F.,.F.,(4,4),(1.05867984220178,1.06207221389356),
 .UNSPECIFIED.);
#467=B_SPLINE_CURVE_WITH_KNOTS('',3,(#3417,#3418,#3419,#3420,#3421,#3422,
#3423,#3424,#3425,#3426,#3427,#3428,#3429,#3430,#3431,#3432,#3433,#3434,
#3435,#3436,#3437,#3438,#3439,#3440,#3441,#3442,#3443,#3444,#3445,#3446,
#3447,#3448,#3449,#3450),.UNSPECIFIED.,.T.,.F.,(4,2,2,2,2,2,2,2,2,2,2,2,
2,2,2,2,4),(0.,0.0661536733416005,0.132307346683201,0.198455671827811,0.264603996972421,
0.330752322117031,0.396900647261642,0.463054320603242,0.529207993944843,
0.595361667286443,0.661515340628044,0.727663665772654,0.793811990917264,
0.859960316061874,0.926108641206484,0.992262314548085,1.05841598788969),
 .UNSPECIFIED.);
#468=B_SPLINE_CURVE_WITH_KNOTS('',3,(#3484,#3485,#3486,#3487),
 .UNSPECIFIED.,.F.,.F.,(4,4),(0.0514186950918657,0.0769136348072088),
 .UNSPECIFIED.);
#469=B_SPLINE_CURVE_WITH_KNOTS('',3,(#3490,#3491,#3492,#3493),
 .UNSPECIFIED.,.F.,.F.,(4,4),(0.,0.0254704229987848),.UNSPECIFIED.);
#470=B_SPLINE_CURVE_WITH_KNOTS('',3,(#3541,#3542,#3543,#3544,#3545,#3546,
#3547,#3548,#3549,#3550,#3551,#3552,#3553,#3554,#3555,#3556),
 .UNSPECIFIED.,.F.,.F.,(4,3,3,3,3,4),(0.0504252019981609,0.138089424998425,
0.38531469611424,0.629916837927149,0.659147992206195,0.664879507755259),
 .UNSPECIFIED.);
#471=B_SPLINE_CURVE_WITH_KNOTS('',3,(#3560,#3561,#3562,#3563,#3564,#3565,
#3566,#3567,#3568,#3569,#3570,#3571,#3572,#3573,#3574,#3575,#3576,#3577,
#3578,#3579,#3580,#3581,#3582,#3583,#3584,#3585,#3586,#3587,#3588,#3589,
#3590,#3591,#3592,#3593,#3594,#3595,#3596,#3597,#3598,#3599,#3600,#3601,
#3602,#3603,#3604,#3605,#3606,#3607,#3608,#3609,#3610,#3611,#3612,#3613,
#3614,#3615,#3616,#3617,#3618,#3619,#3620,#3621,#3622,#3623),
 .UNSPECIFIED.,.F.,.F.,(4,2,2,2,2,2,2,2,2,2,2,2,2,2,2,2,2,2,2,2,2,2,2,2,
2,2,2,2,2,2,2,4),(0.621377847051238,0.841118190982976,2.18737418313559,
2.18746186746714,2.1874629007005,2.18746548868323,2.18746764851293,2.18746907138179,
2.18747080589743,2.18747292918286,2.18747553547527,2.18747905980785,2.18748615882953,
2.18756380664642,2.18763774794297,2.18771872173773,2.18781248263504,2.18792410061386,
2.1880589975122,2.18822327106864,2.18842444702196,2.18867164848895,2.18897609096678,
2.1894318178006,2.19034235499145,2.19208840435012,2.19497011923707,2.19981018526627,
2.20784164932732,2.27735408668287,2.43485954426926,2.6228045563264),
 .UNSPECIFIED.);
#472=B_SPLINE_CURVE_WITH_KNOTS('',3,(#3625,#3626,#3627,#3628),
 .UNSPECIFIED.,.F.,.F.,(4,4),(0.635149110723314,1.10318263142793),
 .UNSPECIFIED.);
#473=B_SPLINE_CURVE_WITH_KNOTS('',3,(#3629,#3630,#3631,#3632,#3633,#3634),
 .UNSPECIFIED.,.F.,.F.,(4,2,4),(2.56576729007123E-5,0.2715419314567,0.501145182811455),
 .UNSPECIFIED.);
#474=B_SPLINE_CURVE_WITH_KNOTS('',3,(#3635,#3636,#3637,#3638,#3639,#3640),
 .UNSPECIFIED.,.F.,.F.,(4,2,4),(0.,0.265664065044472,0.550564436531131),
 .UNSPECIFIED.);
#475=B_SPLINE_CURVE_WITH_KNOTS('',3,(#3673,#3674,#3675,#3676,#3677,#3678,
#3679,#3680,#3681,#3682,#3683,#3684,#3685),.UNSPECIFIED.,.F.,.F.,(4,3,3,
3,4),(-0.000759156623400981,1.86482773667507E-17,0.243653055352017,0.490613010076099,
0.595233042848028),.UNSPECIFIED.);
#476=B_SPLINE_CURVE_WITH_KNOTS('',3,(#3691,#3692,#3693,#3694,#3695,#3696),
 .UNSPECIFIED.,.F.,.F.,(4,2,4),(0.,0.284503900436156,0.550057029522535),
 .UNSPECIFIED.);
#477=B_SPLINE_CURVE_WITH_KNOTS('',3,(#3722,#3723,#3724,#3725,#3726,#3727,
#3728,#3729,#3730,#3731,#3732,#3733,#3734,#3735,#3736,#3737,#3738,#3739,
#3740,#3741,#3742,#3743,#3744,#3745,#3746,#3747,#3748,#3749,#3750,#3751,
#3752,#3753,#3754,#3755,#3756,#3757,#3758,#3759,#3760,#3761,#3762,#3763,
#3764,#3765,#3766,#3767,#3768,#3769,#3770,#3771,#3772,#3773,#3774,#3775,
#3776,#3777,#3778,#3779,#3780,#3781,#3782,#3783,#3784,#3785,#3786,#3787,
#3788,#3789,#3790,#3791,#3792,#3793,#3794,#3795,#3796,#3797),
 .UNSPECIFIED.,.F.,.F.,(4,2,2,2,2,2,2,2,2,2,2,2,2,2,2,2,2,2,2,2,2,2,2,2,
2,2,2,2,2,2,2,2,2,2,2,2,2,4),(5.14071102039802,5.56512040357982,6.01562335298049,
6.21300968609871,6.23777124831329,6.25277851756909,6.26169243519788,6.2670684311953,
6.27005846364334,6.27147094933065,6.27235555797052,6.27307366249403,6.27365773314041,
6.27413439452102,6.27452520160445,6.27484777796145,6.27511800939448,6.27534882539841,
6.27555590783226,6.27576330234291,6.27583271303824,6.27583709724798,6.27585021677431,
6.27586089474508,6.27586960391698,6.27587428017746,6.27589351551843,6.27592137980311,
6.27603472814715,6.27619801467104,6.31621024295634,13.0254584818817,14.7028104296707,
15.1165494959398,15.2250121549953,15.2557838963365,15.2714014679764,15.2736708237628),
 .UNSPECIFIED.);
#478=B_SPLINE_CURVE_WITH_KNOTS('',3,(#3799,#3800,#3801,#3802,#3803,#3804),
 .UNSPECIFIED.,.F.,.F.,(4,2,4),(0.,0.228795388293318,0.501038709297037),
 .UNSPECIFIED.);
#479=B_SPLINE_CURVE_WITH_KNOTS('',3,(#3805,#3806,#3807,#3808),
 .UNSPECIFIED.,.F.,.F.,(4,4),(0.050249585981461,0.521803377523323),
 .UNSPECIFIED.);
#480=B_SPLINE_CURVE_WITH_KNOTS('',3,(#3884,#3885,#3886,#3887),
 .UNSPECIFIED.,.F.,.F.,(4,4),(4.68340071428891,4.69223343877573),
 .UNSPECIFIED.);
#481=B_SPLINE_CURVE_WITH_KNOTS('',3,(#3893,#3894,#3895,#3896),
 .UNSPECIFIED.,.F.,.F.,(4,4),(1.53768499268871,1.54651771717553),
 .UNSPECIFIED.);
#482=CIRCLE('',#1355,2.);
#483=CIRCLE('',#1356,7.00000000000089);
#484=CIRCLE('',#1358,6.);
#485=CIRCLE('',#1360,6.);
#486=CIRCLE('',#1362,1.75);
#487=CIRCLE('',#1371,4.8865209255271);
#488=CIRCLE('',#1375,3.49999999999892);
#489=CIRCLE('',#1377,3.49999999999892);
#490=CIRCLE('',#1378,3.49999999999892);
#491=CIRCLE('',#1379,4.9992629415811);
#492=CIRCLE('',#1380,3.49999999999892);
#493=CIRCLE('',#1383,5.99007802539778);
#494=CIRCLE('',#1385,6.99892242030972);
#495=CIRCLE('',#1387,7.99892242030972);
#496=CIRCLE('',#1389,7.99892242030951);
#497=CIRCLE('',#1392,3.5);
#498=CIRCLE('',#1395,30.);
#499=CIRCLE('',#1399,9.99999999999999);
#500=CIRCLE('',#1400,9.99999999999994);
#501=CIRCLE('',#1401,10.0000000000002);
#502=CIRCLE('',#1402,2.99999999999998);
#503=CIRCLE('',#1403,3.00000000000001);
#504=CIRCLE('',#1404,10.);
#505=CIRCLE('',#1405,9.99999999999999);
#506=CIRCLE('',#1409,9.99999999999999);
#507=CIRCLE('',#1410,10.);
#508=CIRCLE('',#1411,3.00000000000001);
#509=CIRCLE('',#1412,2.99999999999998);
#510=CIRCLE('',#1413,10.0000000000002);
#511=CIRCLE('',#1414,9.99999999999994);
#512=CIRCLE('',#1415,9.99999999999999);
#513=CIRCLE('',#1417,1.25);
#514=CIRCLE('',#1418,1.25);
#515=CIRCLE('',#1419,1.25);
#516=CIRCLE('',#1421,1.25);
#517=CIRCLE('',#1423,1.25);
#518=CIRCLE('',#1424,1.25);
#519=CIRCLE('',#1425,1.25);
#520=CIRCLE('',#1427,1.25);
#521=CIRCLE('',#1429,9.99999999999994);
#522=CIRCLE('',#1430,10.);
#523=CIRCLE('',#1431,3.00000000000001);
#524=CIRCLE('',#1432,2.99999999999998);
#525=CIRCLE('',#1433,10.0000000000002);
#526=CIRCLE('',#1435,9.16666666666666);
#527=CIRCLE('',#1436,9.16666666666666);
#528=CIRCLE('',#1437,9.16666666666666);
#529=CIRCLE('',#1439,9.99999999999994);
#530=CIRCLE('',#1440,10.0000000000002);
#531=CIRCLE('',#1441,2.99999999999998);
#532=CIRCLE('',#1442,3.00000000000001);
#533=CIRCLE('',#1443,10.);
#534=VERTEX_POINT('',#1840);
#535=VERTEX_POINT('',#1841);
#536=VERTEX_POINT('',#1843);
#537=VERTEX_POINT('',#1866);
#538=VERTEX_POINT('',#1871);
#539=VERTEX_POINT('',#1906);
#540=VERTEX_POINT('',#1907);
#541=VERTEX_POINT('',#2194);
#542=VERTEX_POINT('',#2483);
#543=VERTEX_POINT('',#2494);
#544=VERTEX_POINT('',#2509);
#545=VERTEX_POINT('',#2516);
#546=VERTEX_POINT('',#2521);
#547=VERTEX_POINT('',#2523);
#548=VERTEX_POINT('',#2621);
#549=VERTEX_POINT('',#2630);
#550=VERTEX_POINT('',#2648);
#551=VERTEX_POINT('',#2649);
#552=VERTEX_POINT('',#2651);
#553=VERTEX_POINT('',#2653);
#554=VERTEX_POINT('',#2669);
#555=VERTEX_POINT('',#2671);
#556=VERTEX_POINT('',#2688);
#557=VERTEX_POINT('',#2690);
#558=VERTEX_POINT('',#2704);
#559=VERTEX_POINT('',#2720);
#560=VERTEX_POINT('',#2723);
#561=VERTEX_POINT('',#2724);
#562=VERTEX_POINT('',#3114);
#563=VERTEX_POINT('',#3120);
#564=VERTEX_POINT('',#3121);
#565=VERTEX_POINT('',#3123);
#566=VERTEX_POINT('',#3125);
#567=VERTEX_POINT('',#3141);
#568=VERTEX_POINT('',#3143);
#569=VERTEX_POINT('',#3287);
#570=VERTEX_POINT('',#3288);
#571=VERTEX_POINT('',#3313);
#572=VERTEX_POINT('',#3315);
#573=VERTEX_POINT('',#3336);
#574=VERTEX_POINT('',#3348);
#575=VERTEX_POINT('',#3350);
#576=VERTEX_POINT('',#3354);
#577=VERTEX_POINT('',#3366);
#578=VERTEX_POINT('',#3368);
#579=VERTEX_POINT('',#3370);
#580=VERTEX_POINT('',#3375);
#581=VERTEX_POINT('',#3376);
#582=VERTEX_POINT('',#3415);
#583=VERTEX_POINT('',#3452);
#584=VERTEX_POINT('',#3453);
#585=VERTEX_POINT('',#3457);
#586=VERTEX_POINT('',#3461);
#587=VERTEX_POINT('',#3464);
#588=VERTEX_POINT('',#3470);
#589=VERTEX_POINT('',#3474);
#590=VERTEX_POINT('',#3475);
#591=VERTEX_POINT('',#3477);
#592=VERTEX_POINT('',#3479);
#593=VERTEX_POINT('',#3483);
#594=VERTEX_POINT('',#3488);
#595=VERTEX_POINT('',#3539);
#596=VERTEX_POINT('',#3540);
#597=VERTEX_POINT('',#3557);
#598=VERTEX_POINT('',#3559);
#599=VERTEX_POINT('',#3624);
#600=VERTEX_POINT('',#3642);
#601=VERTEX_POINT('',#3644);
#602=VERTEX_POINT('',#3646);
#603=VERTEX_POINT('',#3648);
#604=VERTEX_POINT('',#3650);
#605=VERTEX_POINT('',#3652);
#606=VERTEX_POINT('',#3654);
#607=VERTEX_POINT('',#3656);
#608=VERTEX_POINT('',#3658);
#609=VERTEX_POINT('',#3660);
#610=VERTEX_POINT('',#3662);
#611=VERTEX_POINT('',#3664);
#612=VERTEX_POINT('',#3666);
#613=VERTEX_POINT('',#3670);
#614=VERTEX_POINT('',#3672);
#615=VERTEX_POINT('',#3686);
#616=VERTEX_POINT('',#3721);
#617=VERTEX_POINT('',#3798);
#618=VERTEX_POINT('',#3810);
#619=VERTEX_POINT('',#3812);
#620=VERTEX_POINT('',#3814);
#621=VERTEX_POINT('',#3816);
#622=VERTEX_POINT('',#3818);
#623=VERTEX_POINT('',#3820);
#624=VERTEX_POINT('',#3822);
#625=VERTEX_POINT('',#3824);
#626=VERTEX_POINT('',#3826);
#627=VERTEX_POINT('',#3828);
#628=VERTEX_POINT('',#3830);
#629=VERTEX_POINT('',#3832);
#630=VERTEX_POINT('',#3834);
#631=VERTEX_POINT('',#3838);
#632=VERTEX_POINT('',#3839);
#633=VERTEX_POINT('',#3841);
#634=VERTEX_POINT('',#3845);
#635=VERTEX_POINT('',#3849);
#636=VERTEX_POINT('',#3850);
#637=VERTEX_POINT('',#3852);
#638=VERTEX_POINT('',#3856);
#639=VERTEX_POINT('',#3860);
#640=VERTEX_POINT('',#3861);
#641=VERTEX_POINT('',#3863);
#642=VERTEX_POINT('',#3865);
#643=VERTEX_POINT('',#3867);
#644=VERTEX_POINT('',#3869);
#645=VERTEX_POINT('',#3871);
#646=VERTEX_POINT('',#3873);
#647=VERTEX_POINT('',#3875);
#648=VERTEX_POINT('',#3877);
#649=VERTEX_POINT('',#3879);
#650=VERTEX_POINT('',#3883);
#651=VERTEX_POINT('',#3888);
#652=VERTEX_POINT('',#3890);
#653=VERTEX_POINT('',#3892);
#654=VERTEX_POINT('',#3897);
#655=VERTEX_POINT('',#3901);
#656=VERTEX_POINT('',#3902);
#657=VERTEX_POINT('',#3904);
#658=VERTEX_POINT('',#3906);
#659=VERTEX_POINT('',#3908);
#660=VERTEX_POINT('',#3910);
#661=VERTEX_POINT('',#3912);
#662=VERTEX_POINT('',#3914);
#663=VERTEX_POINT('',#3916);
#664=EDGE_CURVE('',#534,#535,#482,.T.);
#665=EDGE_CURVE('',#535,#536,#440,.T.);
#666=EDGE_CURVE('',#536,#537,#441,.T.);
#667=EDGE_CURVE('',#537,#538,#442,.T.);
#668=EDGE_CURVE('',#538,#534,#443,.T.);
#669=EDGE_CURVE('',#539,#540,#444,.T.);
#670=EDGE_CURVE('',#540,#535,#445,.T.);
#671=EDGE_CURVE('',#534,#539,#446,.T.);
#672=EDGE_CURVE('',#534,#541,#273,.T.);
#673=EDGE_CURVE('',#539,#541,#447,.T.);
#674=EDGE_CURVE('',#538,#542,#448,.F.);
#675=EDGE_CURVE('',#543,#542,#274,.T.);
#676=EDGE_CURVE('',#543,#544,#449,.F.);
#677=EDGE_CURVE('',#545,#544,#450,.T.);
#678=EDGE_CURVE('',#546,#545,#483,.T.);
#679=EDGE_CURVE('',#547,#546,#275,.T.);
#680=EDGE_CURVE('',#541,#547,#276,.T.);
#681=EDGE_CURVE('',#544,#548,#451,.T.);
#682=EDGE_CURVE('',#537,#549,#452,.T.);
#683=EDGE_CURVE('',#549,#548,#453,.T.);
#684=EDGE_CURVE('',#550,#551,#72,.T.);
#685=EDGE_CURVE('',#550,#552,#73,.T.);
#686=EDGE_CURVE('',#552,#553,#277,.T.);
#687=EDGE_CURVE('',#553,#554,#74,.T.);
#688=EDGE_CURVE('',#555,#554,#278,.T.);
#689=EDGE_CURVE('',#551,#555,#75,.T.);
#690=EDGE_CURVE('',#548,#556,#484,.T.);
#691=EDGE_CURVE('',#556,#557,#454,.T.);
#692=EDGE_CURVE('',#557,#546,#455,.T.);
#693=EDGE_CURVE('',#558,#540,#456,.T.);
#694=EDGE_CURVE('',#556,#558,#457,.T.);
#695=EDGE_CURVE('',#536,#559,#76,.T.);
#696=EDGE_CURVE('',#559,#559,#485,.T.);
#697=EDGE_CURVE('',#560,#561,#458,.T.);
#698=EDGE_CURVE('',#561,#560,#459,.T.);
#699=EDGE_CURVE('',#547,#557,#460,.T.);
#700=EDGE_CURVE('',#562,#562,#486,.T.);
#701=EDGE_CURVE('',#562,#561,#77,.T.);
#702=EDGE_CURVE('',#563,#564,#78,.T.);
#703=EDGE_CURVE('',#564,#565,#79,.T.);
#704=EDGE_CURVE('',#565,#566,#279,.T.);
#705=EDGE_CURVE('',#566,#567,#80,.T.);
#706=EDGE_CURVE('',#567,#568,#280,.T.);
#707=EDGE_CURVE('',#568,#563,#81,.T.);
#708=EDGE_CURVE('',#550,#563,#82,.T.);
#709=EDGE_CURVE('',#552,#568,#83,.T.);
#710=EDGE_CURVE('',#553,#567,#84,.T.);
#711=EDGE_CURVE('',#554,#566,#85,.T.);
#712=EDGE_CURVE('',#555,#565,#86,.T.);
#713=EDGE_CURVE('',#551,#564,#87,.T.);
#714=EDGE_CURVE('',#569,#570,#461,.F.);
#715=EDGE_CURVE('',#571,#569,#487,.T.);
#716=EDGE_CURVE('',#571,#572,#462,.T.);
#717=EDGE_CURVE('',#573,#572,#463,.T.);
#718=EDGE_CURVE('',#573,#570,#464,.T.);
#719=EDGE_CURVE('',#574,#573,#88,.T.);
#720=EDGE_CURVE('',#575,#574,#281,.T.);
#721=EDGE_CURVE('',#575,#576,#89,.T.);
#722=EDGE_CURVE('',#570,#576,#282,.T.);
#723=EDGE_CURVE('',#574,#572,#283,.T.);
#724=EDGE_CURVE('',#576,#575,#488,.T.);
#725=EDGE_CURVE('',#577,#576,#489,.T.);
#726=EDGE_CURVE('',#578,#577,#490,.T.);
#727=EDGE_CURVE('',#578,#579,#90,.T.);
#728=EDGE_CURVE('',#579,#579,#491,.T.);
#729=EDGE_CURVE('',#575,#578,#492,.T.);
#730=EDGE_CURVE('',#580,#581,#465,.T.);
#731=EDGE_CURVE('',#581,#580,#466,.T.);
#732=EDGE_CURVE('',#581,#582,#91,.T.);
#733=EDGE_CURVE('',#582,#582,#467,.T.);
#734=EDGE_CURVE('',#583,#584,#92,.T.);
#735=EDGE_CURVE('',#584,#584,#493,.T.);
#736=EDGE_CURVE('',#584,#585,#93,.T.);
#737=EDGE_CURVE('',#585,#585,#494,.T.);
#738=EDGE_CURVE('',#586,#586,#495,.T.);
#739=EDGE_CURVE('',#587,#587,#496,.T.);
#740=EDGE_CURVE('',#587,#586,#94,.T.);
#741=EDGE_CURVE('',#579,#587,#95,.T.);
#742=EDGE_CURVE('',#577,#588,#497,.T.);
#743=EDGE_CURVE('',#589,#590,#498,.T.);
#744=EDGE_CURVE('',#590,#591,#96,.T.);
#745=EDGE_CURVE('',#591,#592,#23,.T.);
#746=EDGE_CURVE('',#589,#592,#97,.T.);
#747=EDGE_CURVE('',#593,#591,#468,.T.);
#748=EDGE_CURVE('',#593,#594,#98,.T.);
#749=EDGE_CURVE('',#592,#594,#469,.T.);
#750=EDGE_CURVE('',#595,#596,#470,.T.);
#751=EDGE_CURVE('',#596,#597,#99,.T.);
#752=EDGE_CURVE('',#597,#598,#471,.T.);
#753=EDGE_CURVE('',#598,#599,#472,.T.);
#754=EDGE_CURVE('',#599,#593,#473,.T.);
#755=EDGE_CURVE('',#590,#595,#474,.T.);
#756=EDGE_CURVE('',#597,#600,#499,.T.);
#757=EDGE_CURVE('',#600,#601,#100,.T.);
#758=EDGE_CURVE('',#601,#602,#500,.T.);
#759=EDGE_CURVE('',#602,#603,#101,.T.);
#760=EDGE_CURVE('',#603,#604,#501,.T.);
#761=EDGE_CURVE('',#604,#605,#102,.T.);
#762=EDGE_CURVE('',#605,#606,#502,.T.);
#763=EDGE_CURVE('',#606,#607,#503,.T.);
#764=EDGE_CURVE('',#607,#608,#103,.T.);
#765=EDGE_CURVE('',#608,#609,#104,.T.);
#766=EDGE_CURVE('',#609,#610,#504,.T.);
#767=EDGE_CURVE('',#610,#611,#105,.T.);
#768=EDGE_CURVE('',#611,#612,#505,.T.);
#769=EDGE_CURVE('',#612,#598,#106,.T.);
#770=EDGE_CURVE('',#613,#595,#107,.T.);
#771=EDGE_CURVE('',#614,#613,#475,.T.);
#772=EDGE_CURVE('',#615,#614,#108,.T.);
#773=EDGE_CURVE('',#615,#597,#109,.T.);
#774=EDGE_CURVE('',#589,#590,#110,.T.);
#775=EDGE_CURVE('',#613,#589,#476,.T.);
#776=EDGE_CURVE('',#616,#614,#477,.T.);
#777=EDGE_CURVE('',#594,#617,#478,.T.);
#778=EDGE_CURVE('',#617,#616,#479,.T.);
#779=EDGE_CURVE('',#616,#618,#111,.T.);
#780=EDGE_CURVE('',#618,#619,#506,.T.);
#781=EDGE_CURVE('',#619,#620,#112,.T.);
#782=EDGE_CURVE('',#620,#621,#507,.T.);
#783=EDGE_CURVE('',#621,#622,#113,.T.);
#784=EDGE_CURVE('',#622,#623,#114,.T.);
#785=EDGE_CURVE('',#623,#624,#508,.T.);
#786=EDGE_CURVE('',#624,#625,#509,.T.);
#787=EDGE_CURVE('',#625,#626,#115,.T.);
#788=EDGE_CURVE('',#626,#627,#510,.T.);
#789=EDGE_CURVE('',#627,#628,#116,.T.);
#790=EDGE_CURVE('',#628,#629,#511,.T.);
#791=EDGE_CURVE('',#629,#630,#117,.T.);
#792=EDGE_CURVE('',#630,#615,#512,.T.);
#793=EDGE_CURVE('',#631,#632,#513,.T.);
#794=EDGE_CURVE('',#633,#632,#514,.T.);
#795=EDGE_CURVE('',#632,#631,#515,.T.);
#796=EDGE_CURVE('',#631,#634,#118,.T.);
#797=EDGE_CURVE('',#634,#634,#516,.T.);
#798=EDGE_CURVE('',#635,#636,#517,.T.);
#799=EDGE_CURVE('',#637,#636,#518,.T.);
#800=EDGE_CURVE('',#636,#635,#519,.T.);
#801=EDGE_CURVE('',#635,#638,#119,.T.);
#802=EDGE_CURVE('',#638,#638,#520,.T.);
#803=EDGE_CURVE('',#639,#640,#521,.T.);
#804=EDGE_CURVE('',#641,#639,#120,.T.);
#805=EDGE_CURVE('',#641,#642,#121,.T.);
#806=EDGE_CURVE('',#643,#642,#522,.T.);
#807=EDGE_CURVE('',#644,#643,#122,.T.);
#808=EDGE_CURVE('',#645,#644,#123,.T.);
#809=EDGE_CURVE('',#646,#645,#523,.T.);
#810=EDGE_CURVE('',#647,#646,#524,.T.);
#811=EDGE_CURVE('',#648,#647,#124,.T.);
#812=EDGE_CURVE('',#649,#648,#525,.T.);
#813=EDGE_CURVE('',#640,#649,#125,.T.);
#814=EDGE_CURVE('',#642,#650,#480,.T.);
#815=EDGE_CURVE('',#651,#641,#526,.T.);
#816=EDGE_CURVE('',#651,#652,#126,.T.);
#817=EDGE_CURVE('',#653,#652,#481,.T.);
#818=EDGE_CURVE('',#654,#653,#527,.T.);
#819=EDGE_CURVE('',#650,#654,#528,.T.);
#820=EDGE_CURVE('',#655,#656,#529,.T.);
#821=EDGE_CURVE('',#657,#655,#127,.T.);
#822=EDGE_CURVE('',#658,#657,#530,.T.);
#823=EDGE_CURVE('',#659,#658,#128,.T.);
#824=EDGE_CURVE('',#660,#659,#531,.T.);
#825=EDGE_CURVE('',#661,#660,#532,.T.);
#826=EDGE_CURVE('',#662,#661,#129,.T.);
#827=EDGE_CURVE('',#663,#662,#130,.T.);
#828=EDGE_CURVE('',#652,#663,#533,.T.);
#829=EDGE_CURVE('',#656,#651,#131,.T.);
#830=EDGE_CURVE('',#639,#601,#132,.T.);
#831=EDGE_CURVE('',#630,#600,#133,.T.);
#832=EDGE_CURVE('',#629,#656,#134,.T.);
#833=EDGE_CURVE('',#640,#602,#135,.T.);
#834=EDGE_CURVE('',#649,#603,#136,.T.);
#835=EDGE_CURVE('',#648,#604,#137,.T.);
#836=EDGE_CURVE('',#647,#605,#138,.T.);
#837=EDGE_CURVE('',#646,#606,#139,.T.);
#838=EDGE_CURVE('',#645,#607,#140,.T.);
#839=EDGE_CURVE('',#654,#611,#141,.T.);
#840=EDGE_CURVE('',#650,#610,#142,.T.);
#841=EDGE_CURVE('',#644,#608,#143,.T.);
#842=EDGE_CURVE('',#643,#609,#144,.T.);
#843=EDGE_CURVE('',#621,#663,#145,.T.);
#844=EDGE_CURVE('',#620,#653,#146,.T.);
#845=EDGE_CURVE('',#617,#599,#147,.T.);
#846=EDGE_CURVE('',#618,#612,#148,.T.);
#847=EDGE_CURVE('',#619,#654,#149,.T.);
#848=EDGE_CURVE('',#622,#662,#150,.T.);
#849=EDGE_CURVE('',#623,#661,#151,.T.);
#850=EDGE_CURVE('',#624,#660,#152,.T.);
#851=EDGE_CURVE('',#625,#659,#153,.T.);
#852=EDGE_CURVE('',#626,#658,#154,.T.);
#853=EDGE_CURVE('',#627,#657,#155,.T.);
#854=EDGE_CURVE('',#628,#655,#156,.T.);
#855=ORIENTED_EDGE('',*,*,#664,.T.);
#856=ORIENTED_EDGE('',*,*,#665,.T.);
#857=ORIENTED_EDGE('',*,*,#666,.T.);
#858=ORIENTED_EDGE('',*,*,#667,.T.);
#859=ORIENTED_EDGE('',*,*,#668,.T.);
#860=ORIENTED_EDGE('',*,*,#669,.T.);
#861=ORIENTED_EDGE('',*,*,#670,.T.);
#862=ORIENTED_EDGE('',*,*,#664,.F.);
#863=ORIENTED_EDGE('',*,*,#671,.T.);
#864=ORIENTED_EDGE('',*,*,#671,.F.);
#865=ORIENTED_EDGE('',*,*,#672,.T.);
#866=ORIENTED_EDGE('',*,*,#673,.F.);
#867=ORIENTED_EDGE('',*,*,#668,.F.);
#868=ORIENTED_EDGE('',*,*,#674,.T.);
#869=ORIENTED_EDGE('',*,*,#675,.F.);
#870=ORIENTED_EDGE('',*,*,#676,.T.);
#871=ORIENTED_EDGE('',*,*,#677,.F.);
#872=ORIENTED_EDGE('',*,*,#678,.F.);
#873=ORIENTED_EDGE('',*,*,#679,.F.);
#874=ORIENTED_EDGE('',*,*,#680,.F.);
#875=ORIENTED_EDGE('',*,*,#672,.F.);
#876=ORIENTED_EDGE('',*,*,#681,.F.);
#877=ORIENTED_EDGE('',*,*,#676,.F.);
#878=ORIENTED_EDGE('',*,*,#675,.T.);
#879=ORIENTED_EDGE('',*,*,#674,.F.);
#880=ORIENTED_EDGE('',*,*,#667,.F.);
#881=ORIENTED_EDGE('',*,*,#682,.T.);
#882=ORIENTED_EDGE('',*,*,#683,.T.);
#883=ORIENTED_EDGE('',*,*,#684,.F.);
#884=ORIENTED_EDGE('',*,*,#685,.T.);
#885=ORIENTED_EDGE('',*,*,#686,.T.);
#886=ORIENTED_EDGE('',*,*,#687,.T.);
#887=ORIENTED_EDGE('',*,*,#688,.F.);
#888=ORIENTED_EDGE('',*,*,#689,.F.);
#889=ORIENTED_EDGE('',*,*,#677,.T.);
#890=ORIENTED_EDGE('',*,*,#681,.T.);
#891=ORIENTED_EDGE('',*,*,#690,.T.);
#892=ORIENTED_EDGE('',*,*,#691,.T.);
#893=ORIENTED_EDGE('',*,*,#692,.T.);
#894=ORIENTED_EDGE('',*,*,#678,.T.);
#895=ORIENTED_EDGE('',*,*,#693,.F.);
#896=ORIENTED_EDGE('',*,*,#694,.F.);
#897=ORIENTED_EDGE('',*,*,#690,.F.);
#898=ORIENTED_EDGE('',*,*,#683,.F.);
#899=ORIENTED_EDGE('',*,*,#682,.F.);
#900=ORIENTED_EDGE('',*,*,#666,.F.);
#901=ORIENTED_EDGE('',*,*,#695,.T.);
#902=ORIENTED_EDGE('',*,*,#696,.T.);
#903=ORIENTED_EDGE('',*,*,#695,.F.);
#904=ORIENTED_EDGE('',*,*,#665,.F.);
#905=ORIENTED_EDGE('',*,*,#670,.F.);
#906=ORIENTED_EDGE('',*,*,#697,.T.);
#907=ORIENTED_EDGE('',*,*,#698,.T.);
#908=ORIENTED_EDGE('',*,*,#699,.F.);
#909=ORIENTED_EDGE('',*,*,#679,.T.);
#910=ORIENTED_EDGE('',*,*,#692,.F.);
#911=ORIENTED_EDGE('',*,*,#673,.T.);
#912=ORIENTED_EDGE('',*,*,#680,.T.);
#913=ORIENTED_EDGE('',*,*,#699,.T.);
#914=ORIENTED_EDGE('',*,*,#691,.F.);
#915=ORIENTED_EDGE('',*,*,#694,.T.);
#916=ORIENTED_EDGE('',*,*,#693,.T.);
#917=ORIENTED_EDGE('',*,*,#669,.F.);
#918=ORIENTED_EDGE('',*,*,#700,.F.);
#919=ORIENTED_EDGE('',*,*,#701,.T.);
#920=ORIENTED_EDGE('',*,*,#697,.F.);
#921=ORIENTED_EDGE('',*,*,#698,.F.);
#922=ORIENTED_EDGE('',*,*,#701,.F.);
#923=ORIENTED_EDGE('',*,*,#700,.T.);
#924=ORIENTED_EDGE('',*,*,#696,.F.);
#925=ORIENTED_EDGE('',*,*,#702,.T.);
#926=ORIENTED_EDGE('',*,*,#703,.T.);
#927=ORIENTED_EDGE('',*,*,#704,.T.);
#928=ORIENTED_EDGE('',*,*,#705,.T.);
#929=ORIENTED_EDGE('',*,*,#706,.T.);
#930=ORIENTED_EDGE('',*,*,#707,.T.);
#931=ORIENTED_EDGE('',*,*,#685,.F.);
#932=ORIENTED_EDGE('',*,*,#708,.T.);
#933=ORIENTED_EDGE('',*,*,#707,.F.);
#934=ORIENTED_EDGE('',*,*,#709,.F.);
#935=ORIENTED_EDGE('',*,*,#686,.F.);
#936=ORIENTED_EDGE('',*,*,#709,.T.);
#937=ORIENTED_EDGE('',*,*,#706,.F.);
#938=ORIENTED_EDGE('',*,*,#710,.F.);
#939=ORIENTED_EDGE('',*,*,#687,.F.);
#940=ORIENTED_EDGE('',*,*,#710,.T.);
#941=ORIENTED_EDGE('',*,*,#705,.F.);
#942=ORIENTED_EDGE('',*,*,#711,.F.);
#943=ORIENTED_EDGE('',*,*,#688,.T.);
#944=ORIENTED_EDGE('',*,*,#711,.T.);
#945=ORIENTED_EDGE('',*,*,#704,.F.);
#946=ORIENTED_EDGE('',*,*,#712,.F.);
#947=ORIENTED_EDGE('',*,*,#689,.T.);
#948=ORIENTED_EDGE('',*,*,#712,.T.);
#949=ORIENTED_EDGE('',*,*,#703,.F.);
#950=ORIENTED_EDGE('',*,*,#713,.F.);
#951=ORIENTED_EDGE('',*,*,#684,.T.);
#952=ORIENTED_EDGE('',*,*,#713,.T.);
#953=ORIENTED_EDGE('',*,*,#702,.F.);
#954=ORIENTED_EDGE('',*,*,#708,.F.);
#955=ORIENTED_EDGE('',*,*,#714,.F.);
#956=ORIENTED_EDGE('',*,*,#715,.F.);
#957=ORIENTED_EDGE('',*,*,#716,.T.);
#958=ORIENTED_EDGE('',*,*,#717,.F.);
#959=ORIENTED_EDGE('',*,*,#718,.T.);
#960=ORIENTED_EDGE('',*,*,#718,.F.);
#961=ORIENTED_EDGE('',*,*,#719,.F.);
#962=ORIENTED_EDGE('',*,*,#720,.F.);
#963=ORIENTED_EDGE('',*,*,#721,.T.);
#964=ORIENTED_EDGE('',*,*,#722,.F.);
#965=ORIENTED_EDGE('',*,*,#717,.T.);
#966=ORIENTED_EDGE('',*,*,#723,.F.);
#967=ORIENTED_EDGE('',*,*,#719,.T.);
#968=ORIENTED_EDGE('',*,*,#724,.F.);
#969=ORIENTED_EDGE('',*,*,#721,.F.);
#970=ORIENTED_EDGE('',*,*,#720,.T.);
#971=ORIENTED_EDGE('',*,*,#723,.T.);
#972=ORIENTED_EDGE('',*,*,#716,.F.);
#973=ORIENTED_EDGE('',*,*,#715,.T.);
#974=ORIENTED_EDGE('',*,*,#714,.T.);
#975=ORIENTED_EDGE('',*,*,#722,.T.);
#976=ORIENTED_EDGE('',*,*,#725,.F.);
#977=ORIENTED_EDGE('',*,*,#726,.F.);
#978=ORIENTED_EDGE('',*,*,#727,.T.);
#979=ORIENTED_EDGE('',*,*,#728,.T.);
#980=ORIENTED_EDGE('',*,*,#727,.F.);
#981=ORIENTED_EDGE('',*,*,#729,.F.);
#982=ORIENTED_EDGE('',*,*,#730,.F.);
#983=ORIENTED_EDGE('',*,*,#731,.F.);
#984=ORIENTED_EDGE('',*,*,#732,.T.);
#985=ORIENTED_EDGE('',*,*,#733,.F.);
#986=ORIENTED_EDGE('',*,*,#732,.F.);
#987=ORIENTED_EDGE('',*,*,#734,.T.);
#988=ORIENTED_EDGE('',*,*,#735,.F.);
#989=ORIENTED_EDGE('',*,*,#734,.F.);
#990=ORIENTED_EDGE('',*,*,#735,.T.);
#991=ORIENTED_EDGE('',*,*,#736,.T.);
#992=ORIENTED_EDGE('',*,*,#737,.F.);
#993=ORIENTED_EDGE('',*,*,#736,.F.);
#994=ORIENTED_EDGE('',*,*,#730,.T.);
#995=ORIENTED_EDGE('',*,*,#731,.T.);
#996=ORIENTED_EDGE('',*,*,#738,.F.);
#997=ORIENTED_EDGE('',*,*,#737,.T.);
#998=ORIENTED_EDGE('',*,*,#739,.F.);
#999=ORIENTED_EDGE('',*,*,#740,.T.);
#1000=ORIENTED_EDGE('',*,*,#738,.T.);
#1001=ORIENTED_EDGE('',*,*,#740,.F.);
#1002=ORIENTED_EDGE('',*,*,#733,.T.);
#1003=ORIENTED_EDGE('',*,*,#728,.F.);
#1004=ORIENTED_EDGE('',*,*,#741,.T.);
#1005=ORIENTED_EDGE('',*,*,#739,.T.);
#1006=ORIENTED_EDGE('',*,*,#741,.F.);
#1007=ORIENTED_EDGE('',*,*,#729,.T.);
#1008=ORIENTED_EDGE('',*,*,#726,.T.);
#1009=ORIENTED_EDGE('',*,*,#742,.T.);
#1010=ORIENTED_EDGE('',*,*,#742,.F.);
#1011=ORIENTED_EDGE('',*,*,#725,.T.);
#1012=ORIENTED_EDGE('',*,*,#724,.T.);
#1013=ORIENTED_EDGE('',*,*,#743,.T.);
#1014=ORIENTED_EDGE('',*,*,#744,.T.);
#1015=ORIENTED_EDGE('',*,*,#745,.T.);
#1016=ORIENTED_EDGE('',*,*,#746,.F.);
#1017=ORIENTED_EDGE('',*,*,#745,.F.);
#1018=ORIENTED_EDGE('',*,*,#747,.F.);
#1019=ORIENTED_EDGE('',*,*,#748,.T.);
#1020=ORIENTED_EDGE('',*,*,#749,.F.);
#1021=ORIENTED_EDGE('',*,*,#750,.T.);
#1022=ORIENTED_EDGE('',*,*,#751,.T.);
#1023=ORIENTED_EDGE('',*,*,#752,.T.);
#1024=ORIENTED_EDGE('',*,*,#753,.T.);
#1025=ORIENTED_EDGE('',*,*,#754,.T.);
#1026=ORIENTED_EDGE('',*,*,#747,.T.);
#1027=ORIENTED_EDGE('',*,*,#744,.F.);
#1028=ORIENTED_EDGE('',*,*,#755,.T.);
#1029=ORIENTED_EDGE('',*,*,#752,.F.);
#1030=ORIENTED_EDGE('',*,*,#756,.T.);
#1031=ORIENTED_EDGE('',*,*,#757,.T.);
#1032=ORIENTED_EDGE('',*,*,#758,.T.);
#1033=ORIENTED_EDGE('',*,*,#759,.T.);
#1034=ORIENTED_EDGE('',*,*,#760,.T.);
#1035=ORIENTED_EDGE('',*,*,#761,.T.);
#1036=ORIENTED_EDGE('',*,*,#762,.T.);
#1037=ORIENTED_EDGE('',*,*,#763,.T.);
#1038=ORIENTED_EDGE('',*,*,#764,.T.);
#1039=ORIENTED_EDGE('',*,*,#765,.T.);
#1040=ORIENTED_EDGE('',*,*,#766,.T.);
#1041=ORIENTED_EDGE('',*,*,#767,.T.);
#1042=ORIENTED_EDGE('',*,*,#768,.T.);
#1043=ORIENTED_EDGE('',*,*,#769,.T.);
#1044=ORIENTED_EDGE('',*,*,#750,.F.);
#1045=ORIENTED_EDGE('',*,*,#770,.F.);
#1046=ORIENTED_EDGE('',*,*,#771,.F.);
#1047=ORIENTED_EDGE('',*,*,#772,.F.);
#1048=ORIENTED_EDGE('',*,*,#773,.T.);
#1049=ORIENTED_EDGE('',*,*,#751,.F.);
#1050=ORIENTED_EDGE('',*,*,#755,.F.);
#1051=ORIENTED_EDGE('',*,*,#774,.F.);
#1052=ORIENTED_EDGE('',*,*,#775,.F.);
#1053=ORIENTED_EDGE('',*,*,#770,.T.);
#1054=ORIENTED_EDGE('',*,*,#776,.T.);
#1055=ORIENTED_EDGE('',*,*,#771,.T.);
#1056=ORIENTED_EDGE('',*,*,#775,.T.);
#1057=ORIENTED_EDGE('',*,*,#746,.T.);
#1058=ORIENTED_EDGE('',*,*,#749,.T.);
#1059=ORIENTED_EDGE('',*,*,#777,.T.);
#1060=ORIENTED_EDGE('',*,*,#778,.T.);
#1061=ORIENTED_EDGE('',*,*,#776,.F.);
#1062=ORIENTED_EDGE('',*,*,#779,.T.);
#1063=ORIENTED_EDGE('',*,*,#780,.T.);
#1064=ORIENTED_EDGE('',*,*,#781,.T.);
#1065=ORIENTED_EDGE('',*,*,#782,.T.);
#1066=ORIENTED_EDGE('',*,*,#783,.T.);
#1067=ORIENTED_EDGE('',*,*,#784,.T.);
#1068=ORIENTED_EDGE('',*,*,#785,.T.);
#1069=ORIENTED_EDGE('',*,*,#786,.T.);
#1070=ORIENTED_EDGE('',*,*,#787,.T.);
#1071=ORIENTED_EDGE('',*,*,#788,.T.);
#1072=ORIENTED_EDGE('',*,*,#789,.T.);
#1073=ORIENTED_EDGE('',*,*,#790,.T.);
#1074=ORIENTED_EDGE('',*,*,#791,.T.);
#1075=ORIENTED_EDGE('',*,*,#792,.T.);
#1076=ORIENTED_EDGE('',*,*,#772,.T.);
#1077=ORIENTED_EDGE('',*,*,#793,.T.);
#1078=ORIENTED_EDGE('',*,*,#794,.F.);
#1079=ORIENTED_EDGE('',*,*,#794,.T.);
#1080=ORIENTED_EDGE('',*,*,#795,.T.);
#1081=ORIENTED_EDGE('',*,*,#793,.F.);
#1082=ORIENTED_EDGE('',*,*,#796,.T.);
#1083=ORIENTED_EDGE('',*,*,#797,.F.);
#1084=ORIENTED_EDGE('',*,*,#796,.F.);
#1085=ORIENTED_EDGE('',*,*,#795,.F.);
#1086=ORIENTED_EDGE('',*,*,#798,.T.);
#1087=ORIENTED_EDGE('',*,*,#799,.F.);
#1088=ORIENTED_EDGE('',*,*,#799,.T.);
#1089=ORIENTED_EDGE('',*,*,#800,.T.);
#1090=ORIENTED_EDGE('',*,*,#798,.F.);
#1091=ORIENTED_EDGE('',*,*,#801,.T.);
#1092=ORIENTED_EDGE('',*,*,#802,.F.);
#1093=ORIENTED_EDGE('',*,*,#801,.F.);
#1094=ORIENTED_EDGE('',*,*,#800,.F.);
#1095=ORIENTED_EDGE('',*,*,#803,.F.);
#1096=ORIENTED_EDGE('',*,*,#804,.F.);
#1097=ORIENTED_EDGE('',*,*,#805,.T.);
#1098=ORIENTED_EDGE('',*,*,#806,.F.);
#1099=ORIENTED_EDGE('',*,*,#807,.F.);
#1100=ORIENTED_EDGE('',*,*,#808,.F.);
#1101=ORIENTED_EDGE('',*,*,#809,.F.);
#1102=ORIENTED_EDGE('',*,*,#810,.F.);
#1103=ORIENTED_EDGE('',*,*,#811,.F.);
#1104=ORIENTED_EDGE('',*,*,#812,.F.);
#1105=ORIENTED_EDGE('',*,*,#813,.F.);
#1106=ORIENTED_EDGE('',*,*,#814,.F.);
#1107=ORIENTED_EDGE('',*,*,#805,.F.);
#1108=ORIENTED_EDGE('',*,*,#815,.F.);
#1109=ORIENTED_EDGE('',*,*,#816,.T.);
#1110=ORIENTED_EDGE('',*,*,#817,.F.);
#1111=ORIENTED_EDGE('',*,*,#818,.F.);
#1112=ORIENTED_EDGE('',*,*,#819,.F.);
#1113=ORIENTED_EDGE('',*,*,#820,.F.);
#1114=ORIENTED_EDGE('',*,*,#821,.F.);
#1115=ORIENTED_EDGE('',*,*,#822,.F.);
#1116=ORIENTED_EDGE('',*,*,#823,.F.);
#1117=ORIENTED_EDGE('',*,*,#824,.F.);
#1118=ORIENTED_EDGE('',*,*,#825,.F.);
#1119=ORIENTED_EDGE('',*,*,#826,.F.);
#1120=ORIENTED_EDGE('',*,*,#827,.F.);
#1121=ORIENTED_EDGE('',*,*,#828,.F.);
#1122=ORIENTED_EDGE('',*,*,#816,.F.);
#1123=ORIENTED_EDGE('',*,*,#829,.F.);
#1124=ORIENTED_EDGE('',*,*,#829,.T.);
#1125=ORIENTED_EDGE('',*,*,#815,.T.);
#1126=ORIENTED_EDGE('',*,*,#804,.T.);
#1127=ORIENTED_EDGE('',*,*,#830,.T.);
#1128=ORIENTED_EDGE('',*,*,#757,.F.);
#1129=ORIENTED_EDGE('',*,*,#831,.F.);
#1130=ORIENTED_EDGE('',*,*,#791,.F.);
#1131=ORIENTED_EDGE('',*,*,#832,.T.);
#1132=ORIENTED_EDGE('',*,*,#803,.T.);
#1133=ORIENTED_EDGE('',*,*,#833,.T.);
#1134=ORIENTED_EDGE('',*,*,#758,.F.);
#1135=ORIENTED_EDGE('',*,*,#830,.F.);
#1136=ORIENTED_EDGE('',*,*,#813,.T.);
#1137=ORIENTED_EDGE('',*,*,#834,.T.);
#1138=ORIENTED_EDGE('',*,*,#759,.F.);
#1139=ORIENTED_EDGE('',*,*,#833,.F.);
#1140=ORIENTED_EDGE('',*,*,#812,.T.);
#1141=ORIENTED_EDGE('',*,*,#835,.T.);
#1142=ORIENTED_EDGE('',*,*,#760,.F.);
#1143=ORIENTED_EDGE('',*,*,#834,.F.);
#1144=ORIENTED_EDGE('',*,*,#811,.T.);
#1145=ORIENTED_EDGE('',*,*,#836,.T.);
#1146=ORIENTED_EDGE('',*,*,#761,.F.);
#1147=ORIENTED_EDGE('',*,*,#835,.F.);
#1148=ORIENTED_EDGE('',*,*,#810,.T.);
#1149=ORIENTED_EDGE('',*,*,#837,.T.);
#1150=ORIENTED_EDGE('',*,*,#762,.F.);
#1151=ORIENTED_EDGE('',*,*,#836,.F.);
#1152=ORIENTED_EDGE('',*,*,#809,.T.);
#1153=ORIENTED_EDGE('',*,*,#838,.T.);
#1154=ORIENTED_EDGE('',*,*,#763,.F.);
#1155=ORIENTED_EDGE('',*,*,#837,.F.);
#1156=ORIENTED_EDGE('',*,*,#819,.T.);
#1157=ORIENTED_EDGE('',*,*,#839,.T.);
#1158=ORIENTED_EDGE('',*,*,#767,.F.);
#1159=ORIENTED_EDGE('',*,*,#840,.F.);
#1160=ORIENTED_EDGE('',*,*,#802,.T.);
#1161=ORIENTED_EDGE('',*,*,#808,.T.);
#1162=ORIENTED_EDGE('',*,*,#841,.T.);
#1163=ORIENTED_EDGE('',*,*,#764,.F.);
#1164=ORIENTED_EDGE('',*,*,#838,.F.);
#1165=ORIENTED_EDGE('',*,*,#814,.T.);
#1166=ORIENTED_EDGE('',*,*,#840,.T.);
#1167=ORIENTED_EDGE('',*,*,#766,.F.);
#1168=ORIENTED_EDGE('',*,*,#842,.F.);
#1169=ORIENTED_EDGE('',*,*,#806,.T.);
#1170=ORIENTED_EDGE('',*,*,#817,.T.);
#1171=ORIENTED_EDGE('',*,*,#828,.T.);
#1172=ORIENTED_EDGE('',*,*,#843,.F.);
#1173=ORIENTED_EDGE('',*,*,#782,.F.);
#1174=ORIENTED_EDGE('',*,*,#844,.T.);
#1175=ORIENTED_EDGE('',*,*,#807,.T.);
#1176=ORIENTED_EDGE('',*,*,#842,.T.);
#1177=ORIENTED_EDGE('',*,*,#765,.F.);
#1178=ORIENTED_EDGE('',*,*,#841,.F.);
#1179=ORIENTED_EDGE('',*,*,#754,.F.);
#1180=ORIENTED_EDGE('',*,*,#845,.F.);
#1181=ORIENTED_EDGE('',*,*,#777,.F.);
#1182=ORIENTED_EDGE('',*,*,#748,.F.);
#1183=ORIENTED_EDGE('',*,*,#753,.F.);
#1184=ORIENTED_EDGE('',*,*,#769,.F.);
#1185=ORIENTED_EDGE('',*,*,#846,.F.);
#1186=ORIENTED_EDGE('',*,*,#779,.F.);
#1187=ORIENTED_EDGE('',*,*,#778,.F.);
#1188=ORIENTED_EDGE('',*,*,#845,.T.);
#1189=ORIENTED_EDGE('',*,*,#846,.T.);
#1190=ORIENTED_EDGE('',*,*,#768,.F.);
#1191=ORIENTED_EDGE('',*,*,#839,.F.);
#1192=ORIENTED_EDGE('',*,*,#847,.F.);
#1193=ORIENTED_EDGE('',*,*,#780,.F.);
#1194=ORIENTED_EDGE('',*,*,#818,.T.);
#1195=ORIENTED_EDGE('',*,*,#844,.F.);
#1196=ORIENTED_EDGE('',*,*,#781,.F.);
#1197=ORIENTED_EDGE('',*,*,#847,.T.);
#1198=ORIENTED_EDGE('',*,*,#797,.T.);
#1199=ORIENTED_EDGE('',*,*,#827,.T.);
#1200=ORIENTED_EDGE('',*,*,#848,.F.);
#1201=ORIENTED_EDGE('',*,*,#783,.F.);
#1202=ORIENTED_EDGE('',*,*,#843,.T.);
#1203=ORIENTED_EDGE('',*,*,#826,.T.);
#1204=ORIENTED_EDGE('',*,*,#849,.F.);
#1205=ORIENTED_EDGE('',*,*,#784,.F.);
#1206=ORIENTED_EDGE('',*,*,#848,.T.);
#1207=ORIENTED_EDGE('',*,*,#825,.T.);
#1208=ORIENTED_EDGE('',*,*,#850,.F.);
#1209=ORIENTED_EDGE('',*,*,#785,.F.);
#1210=ORIENTED_EDGE('',*,*,#849,.T.);
#1211=ORIENTED_EDGE('',*,*,#824,.T.);
#1212=ORIENTED_EDGE('',*,*,#851,.F.);
#1213=ORIENTED_EDGE('',*,*,#786,.F.);
#1214=ORIENTED_EDGE('',*,*,#850,.T.);
#1215=ORIENTED_EDGE('',*,*,#823,.T.);
#1216=ORIENTED_EDGE('',*,*,#852,.F.);
#1217=ORIENTED_EDGE('',*,*,#787,.F.);
#1218=ORIENTED_EDGE('',*,*,#851,.T.);
#1219=ORIENTED_EDGE('',*,*,#822,.T.);
#1220=ORIENTED_EDGE('',*,*,#853,.F.);
#1221=ORIENTED_EDGE('',*,*,#788,.F.);
#1222=ORIENTED_EDGE('',*,*,#852,.T.);
#1223=ORIENTED_EDGE('',*,*,#821,.T.);
#1224=ORIENTED_EDGE('',*,*,#854,.F.);
#1225=ORIENTED_EDGE('',*,*,#789,.F.);
#1226=ORIENTED_EDGE('',*,*,#853,.T.);
#1227=ORIENTED_EDGE('',*,*,#820,.T.);
#1228=ORIENTED_EDGE('',*,*,#832,.F.);
#1229=ORIENTED_EDGE('',*,*,#790,.F.);
#1230=ORIENTED_EDGE('',*,*,#854,.T.);
#1231=ORIENTED_EDGE('',*,*,#831,.T.);
#1232=ORIENTED_EDGE('',*,*,#756,.F.);
#1233=ORIENTED_EDGE('',*,*,#773,.F.);
#1234=ORIENTED_EDGE('',*,*,#792,.F.);
#1235=ORIENTED_EDGE('',*,*,#743,.F.);
#1236=ORIENTED_EDGE('',*,*,#774,.T.);
#1237=B_SPLINE_SURFACE_WITH_KNOTS('',3,3,((#1800,#1801,#1802,#1803,#1804,
#1805,#1806,#1807,#1808,#1809),(#1810,#1811,#1812,#1813,#1814,#1815,#1816,
#1817,#1818,#1819),(#1820,#1821,#1822,#1823,#1824,#1825,#1826,#1827,#1828,
#1829),(#1830,#1831,#1832,#1833,#1834,#1835,#1836,#1837,#1838,#1839)),
 .UNSPECIFIED.,.F.,.F.,.F.,(4,4),(4,1,1,1,1,1,1,4),(0.,1.),(0.0363316476358433,
0.442967808600659,0.849603969565475,1.25624013053029,1.66287629149511,2.06951245245992,
2.47614861342474,2.88278477438955),.UNSPECIFIED.);
#1238=B_SPLINE_SURFACE_WITH_KNOTS('',3,3,((#1890,#1891,#1892,#1893),(#1894,
#1895,#1896,#1897),(#1898,#1899,#1900,#1901),(#1902,#1903,#1904,#1905)),
 .UNSPECIFIED.,.F.,.F.,.F.,(4,4),(4,4),(0.,1.),(0.,0.333310551870045),
 .UNSPECIFIED.);
#1239=B_SPLINE_SURFACE_WITH_KNOTS('',3,3,((#2545,#2546,#2547,#2548,#2549,
#2550,#2551,#2552,#2553,#2554,#2555,#2556,#2557,#2558,#2559,#2560,#2561,
#2562,#2563),(#2564,#2565,#2566,#2567,#2568,#2569,#2570,#2571,#2572,#2573,
#2574,#2575,#2576,#2577,#2578,#2579,#2580,#2581,#2582),(#2583,#2584,#2585,
#2586,#2587,#2588,#2589,#2590,#2591,#2592,#2593,#2594,#2595,#2596,#2597,
#2598,#2599,#2600,#2601),(#2602,#2603,#2604,#2605,#2606,#2607,#2608,#2609,
#2610,#2611,#2612,#2613,#2614,#2615,#2616,#2617,#2618,#2619,#2620)),
 .UNSPECIFIED.,.F.,.F.,.F.,(4,4),(4,1,1,1,1,1,1,1,1,1,1,1,1,1,1,1,4),(0.,
1.),(-6.49605744332039,-6.40235091006928,-6.30864437681817,-6.12123131031594,
-5.74640517731149,-5.55899211080926,-5.37157904430704,-5.27787251105592,
-5.18416597780481,-4.99675291130258,-4.80933984480036,-4.66878004492369,
-4.62192677829813,-4.4345137117959,-4.24710064529368,-4.05968757879145,
-3.87227451228923),.UNSPECIFIED.);
#1240=B_SPLINE_SURFACE_WITH_KNOTS('',3,3,((#3037,#3038,#3039,#3040,#3041,
#3042,#3043,#3044,#3045,#3046,#3047,#3048,#3049,#3050,#3051,#3052,#3053,
#3054,#3055),(#3056,#3057,#3058,#3059,#3060,#3061,#3062,#3063,#3064,#3065,
#3066,#3067,#3068,#3069,#3070,#3071,#3072,#3073,#3074),(#3075,#3076,#3077,
#3078,#3079,#3080,#3081,#3082,#3083,#3084,#3085,#3086,#3087,#3088,#3089,
#3090,#3091,#3092,#3093),(#3094,#3095,#3096,#3097,#3098,#3099,#3100,#3101,
#3102,#3103,#3104,#3105,#3106,#3107,#3108,#3109,#3110,#3111,#3112)),
 .UNSPECIFIED.,.F.,.F.,.F.,(4,4),(4,1,1,1,1,1,1,1,1,1,1,1,1,1,1,1,4),(0.,
1.),(-6.62250859151413,-6.43509706051693,-6.34139129501833,-6.24768552951973,
-6.06027399852253,-5.87286246752533,-5.73230381927743,-5.68545093652813,
-5.49803940553093,-5.31062787453373,-5.12321634353653,-4.93580481253933,
-4.74839328154213,-4.37357021954773,-4.18615868855053,-4.09245292305194,
-3.99874715755334),.UNSPECIFIED.);
#1241=B_SPLINE_SURFACE_WITH_KNOTS('',3,3,((#3231,#3232,#3233,#3234,#3235,
#3236,#3237,#3238,#3239,#3240,#3241,#3242,#3243,#3244),(#3245,#3246,#3247,
#3248,#3249,#3250,#3251,#3252,#3253,#3254,#3255,#3256,#3257,#3258),(#3259,
#3260,#3261,#3262,#3263,#3264,#3265,#3266,#3267,#3268,#3269,#3270,#3271,
#3272),(#3273,#3274,#3275,#3276,#3277,#3278,#3279,#3280,#3281,#3282,#3283,
#3284,#3285,#3286)),.UNSPECIFIED.,.F.,.F.,.F.,(4,4),(4,1,1,1,1,1,1,1,1,
1,1,4),(0.,1.),(-4.32658239514187,-4.20364474795558,-4.08070710076928,-4.04997268897271,
-3.8348318063967,-3.58895651202411,-3.34308121765153,-3.09720592327894,
-3.00500268788922,-2.85133062890636,-2.72839298172007,-2.60545533453377),
 .UNSPECIFIED.);
#1242=B_SPLINE_SURFACE_WITH_KNOTS('',3,3,((#3494,#3495,#3496,#3497,#3498,
#3499,#3500,#3501,#3502),(#3503,#3504,#3505,#3506,#3507,#3508,#3509,#3510,
#3511),(#3512,#3513,#3514,#3515,#3516,#3517,#3518,#3519,#3520),(#3521,#3522,
#3523,#3524,#3525,#3526,#3527,#3528,#3529),(#3530,#3531,#3532,#3533,#3534,
#3535,#3536,#3537,#3538)),.UNSPECIFIED.,.F.,.F.,.F.,(4,1,4),(4,1,1,1,1,
1,4),(0.,0.571428571428571,1.),(4.50207417527709,5.33495703301852,5.75139846188924,
6.16783989075996,6.58428131963068,7.0007227485014,7.41716417737212),
 .UNSPECIFIED.);
#1243=B_SPLINE_SURFACE_WITH_KNOTS('',3,3,((#3697,#3698,#3699,#3700,#3701,
#3702),(#3703,#3704,#3705,#3706,#3707,#3708),(#3709,#3710,#3711,#3712,#3713,
#3714),(#3715,#3716,#3717,#3718,#3719,#3720)),.UNSPECIFIED.,.F.,.F.,.F.,
(4,4),(4,1,1,4),(0.,1.),(19.6598251168483,20.2314801020649,20.6125834255427,
20.9936867490204),.UNSPECIFIED.);
#1244=ADVANCED_FACE('',(#289),#1237,.T.);
#1245=ADVANCED_FACE('',(#290),#1238,.T.);
#1246=ADVANCED_FACE('',(#291),#284,.T.);
#1247=ADVANCED_FACE('',(#292),#285,.T.);
#1248=ADVANCED_FACE('',(#293),#1239,.T.);
#1249=ADVANCED_FACE('',(#294,#65),#242,.F.);
#1250=ADVANCED_FACE('',(#295,#66),#43,.T.);
#1251=ADVANCED_FACE('',(#296),#286,.T.);
#1252=ADVANCED_FACE('',(#297),#1240,.T.);
#1253=ADVANCED_FACE('',(#298),#44,.F.);
#1254=ADVANCED_FACE('',(#299),#243,.T.);
#1255=ADVANCED_FACE('',(#300),#244,.T.);
#1256=ADVANCED_FACE('',(#301),#245,.T.);
#1257=ADVANCED_FACE('',(#302),#246,.T.);
#1258=ADVANCED_FACE('',(#303),#287,.T.);
#1259=ADVANCED_FACE('',(#304),#247,.T.);
#1260=ADVANCED_FACE('',(#305),#288,.T.);
#1261=ADVANCED_FACE('',(#306),#248,.T.);
#1262=ADVANCED_FACE('',(#307),#249,.T.);
#1263=ADVANCED_FACE('',(#308),#1241,.T.);
#1264=ADVANCED_FACE('',(#309),#250,.F.);
#1265=ADVANCED_FACE('',(#310),#251,.F.);
#1266=ADVANCED_FACE('',(#311),#252,.T.);
#1267=ADVANCED_FACE('',(#312),#27,.T.);
#1268=ADVANCED_FACE('',(#313),#45,.F.);
#1269=ADVANCED_FACE('',(#314),#28,.F.);
#1270=ADVANCED_FACE('',(#315,#67),#29,.F.);
#1271=ADVANCED_FACE('',(#316,#68),#253,.T.);
#1272=ADVANCED_FACE('',(#317,#69),#46,.T.);
#1273=ADVANCED_FACE('',(#318),#30,.T.);
#1274=ADVANCED_FACE('',(#319),#24,.T.);
#1275=ADVANCED_FACE('',(#320),#47,.T.);
#1276=ADVANCED_FACE('',(#321),#254,.T.);
#1277=ADVANCED_FACE('',(#322),#1242,.F.);
#1278=ADVANCED_FACE('',(#323),#255,.T.);
#1279=ADVANCED_FACE('',(#324),#256,.T.);
#1280=ADVANCED_FACE('',(#325),#48,.T.);
#1281=ADVANCED_FACE('',(#326),#1243,.F.);
#1282=ADVANCED_FACE('',(#327),#257,.F.);
#1283=ADVANCED_FACE('',(#328),#25,.T.);
#1284=ADVANCED_FACE('',(#329),#49,.T.);
#1285=ADVANCED_FACE('',(#330),#26,.T.);
#1286=ADVANCED_FACE('',(#331),#50,.T.);
#1287=ADVANCED_FACE('',(#332),#258,.F.);
#1288=ADVANCED_FACE('',(#333),#51,.F.);
#1289=ADVANCED_FACE('',(#334),#259,.F.);
#1290=ADVANCED_FACE('',(#335),#260,.T.);
#1291=ADVANCED_FACE('',(#336),#52,.T.);
#1292=ADVANCED_FACE('',(#337),#261,.T.);
#1293=ADVANCED_FACE('',(#338),#53,.T.);
#1294=ADVANCED_FACE('',(#339),#262,.T.);
#1295=ADVANCED_FACE('',(#340),#54,.T.);
#1296=ADVANCED_FACE('',(#341),#55,.T.);
#1297=ADVANCED_FACE('',(#342,#70),#263,.T.);
#1298=ADVANCED_FACE('',(#343),#264,.T.);
#1299=ADVANCED_FACE('',(#344),#56,.F.);
#1300=ADVANCED_FACE('',(#345),#57,.F.);
#1301=ADVANCED_FACE('',(#346),#265,.T.);
#1302=ADVANCED_FACE('',(#347),#58,.F.);
#1303=ADVANCED_FACE('',(#348),#266,.T.);
#1304=ADVANCED_FACE('',(#349),#59,.F.);
#1305=ADVANCED_FACE('',(#350,#71),#267,.T.);
#1306=ADVANCED_FACE('',(#351),#268,.T.);
#1307=ADVANCED_FACE('',(#352),#269,.T.);
#1308=ADVANCED_FACE('',(#353),#60,.T.);
#1309=ADVANCED_FACE('',(#354),#61,.T.);
#1310=ADVANCED_FACE('',(#355),#270,.T.);
#1311=ADVANCED_FACE('',(#356),#62,.T.);
#1312=ADVANCED_FACE('',(#357),#271,.T.);
#1313=ADVANCED_FACE('',(#358),#63,.T.);
#1314=ADVANCED_FACE('',(#359),#64,.T.);
#1315=ADVANCED_FACE('',(#360),#272,.T.);
#1316=CLOSED_SHELL('',(#1244,#1245,#1246,#1247,#1248,#1249,#1250,#1251,
#1252,#1253,#1254,#1255,#1256,#1257,#1258,#1259,#1260,#1261,#1262));
#1317=CLOSED_SHELL('',(#1263,#1264,#1265,#1266,#1267,#1268,#1269,#1270,
#1271,#1272,#1273,#1274));
#1318=CLOSED_SHELL('',(#1275,#1276,#1277,#1278,#1279,#1280,#1281,#1282,
#1283,#1284,#1285,#1286,#1287,#1288,#1289,#1290,#1291,#1292,#1293,#1294,
#1295,#1296,#1297,#1298,#1299,#1300,#1301,#1302,#1303,#1304,#1305,#1306,
#1307,#1308,#1309,#1310,#1311,#1312,#1313,#1314,#1315));
#1319=DERIVED_UNIT_ELEMENT(#1325,1.);
#1320=DERIVED_UNIT_ELEMENT(#3985,-3.);
#1321=DERIVED_UNIT_ELEMENT(#1325,1.);
#1322=DERIVED_UNIT_ELEMENT(#3985,-3.);
#1323=DERIVED_UNIT_ELEMENT(#1325,1.);
#1324=DERIVED_UNIT_ELEMENT(#3985,-3.);
#1325=(
MASS_UNIT()
NAMED_UNIT(*)
SI_UNIT(.KILO.,.GRAM.)
);
#1326=DERIVED_UNIT((#1319,#1320));
#1327=DERIVED_UNIT((#1321,#1322));
#1328=DERIVED_UNIT((#1323,#1324));
#1329=MEASURE_REPRESENTATION_ITEM('density measure',
POSITIVE_RATIO_MEASURE(7850.),#1326);
#1330=MEASURE_REPRESENTATION_ITEM('density measure',
POSITIVE_RATIO_MEASURE(7850.),#1327);
#1331=MEASURE_REPRESENTATION_ITEM('density measure',
POSITIVE_RATIO_MEASURE(7850.),#1328);
#1332=PROPERTY_DEFINITION_REPRESENTATION(#1347,#1338);
#1333=PROPERTY_DEFINITION_REPRESENTATION(#1348,#1339);
#1334=PROPERTY_DEFINITION_REPRESENTATION(#1349,#1340);
#1335=PROPERTY_DEFINITION_REPRESENTATION(#1350,#1341);
#1336=PROPERTY_DEFINITION_REPRESENTATION(#1351,#1342);
#1337=PROPERTY_DEFINITION_REPRESENTATION(#1352,#1343);
#1338=REPRESENTATION('material name',(#1344),#3980);
#1339=REPRESENTATION('density',(#1329),#3980);
#1340=REPRESENTATION('material name',(#1345),#3981);
#1341=REPRESENTATION('density',(#1330),#3981);
#1342=REPRESENTATION('material name',(#1346),#3982);
#1343=REPRESENTATION('density',(#1331),#3982);
#1344=DESCRIPTIVE_REPRESENTATION_ITEM('Steel','Steel');
#1345=DESCRIPTIVE_REPRESENTATION_ITEM('Steel','Steel');
#1346=DESCRIPTIVE_REPRESENTATION_ITEM('Steel','Steel');
#1347=PROPERTY_DEFINITION('material property','material name',#4005);
#1348=PROPERTY_DEFINITION('material property','density of part',#4005);
#1349=PROPERTY_DEFINITION('material property','material name',#4006);
#1350=PROPERTY_DEFINITION('material property','density of part',#4006);
#1351=PROPERTY_DEFINITION('material property','material name',#4007);
#1352=PROPERTY_DEFINITION('material property','density of part',#4007);
#1353=AXIS2_PLACEMENT_3D('',#1798,#1473,#1474);
#1354=AXIS2_PLACEMENT_3D('',#1799,#1475,#1476);
#1355=AXIS2_PLACEMENT_3D('',#1842,#1477,#1478);
#1356=AXIS2_PLACEMENT_3D('',#2522,#1479,#1480);
#1357=AXIS2_PLACEMENT_3D('',#2647,#1481,#1482);
#1358=AXIS2_PLACEMENT_3D('',#2689,#1487,#1488);
#1359=AXIS2_PLACEMENT_3D('',#2703,#1489,#1490);
#1360=AXIS2_PLACEMENT_3D('',#2722,#1492,#1493);
#1361=AXIS2_PLACEMENT_3D('',#3113,#1494,#1495);
#1362=AXIS2_PLACEMENT_3D('',#3115,#1496,#1497);
#1363=AXIS2_PLACEMENT_3D('',#3117,#1499,#1500);
#1364=AXIS2_PLACEMENT_3D('',#3118,#1501,#1502);
#1365=AXIS2_PLACEMENT_3D('',#3119,#1503,#1504);
#1366=AXIS2_PLACEMENT_3D('',#3160,#1509,#1510);
#1367=AXIS2_PLACEMENT_3D('',#3194,#1514,#1515);
#1368=AXIS2_PLACEMENT_3D('',#3227,#1518,#1519);
#1369=AXIS2_PLACEMENT_3D('',#3229,#1521,#1522);
#1370=AXIS2_PLACEMENT_3D('',#3230,#1523,#1524);
#1371=AXIS2_PLACEMENT_3D('',#3314,#1525,#1526);
#1372=AXIS2_PLACEMENT_3D('',#3347,#1527,#1528);
#1373=AXIS2_PLACEMENT_3D('',#3359,#1531,#1532);
#1374=AXIS2_PLACEMENT_3D('',#3363,#1533,#1534);
#1375=AXIS2_PLACEMENT_3D('',#3364,#1535,#1536);
#1376=AXIS2_PLACEMENT_3D('',#3365,#1537,#1538);
#1377=AXIS2_PLACEMENT_3D('',#3367,#1539,#1540);
#1378=AXIS2_PLACEMENT_3D('',#3369,#1541,#1542);
#1379=AXIS2_PLACEMENT_3D('',#3372,#1544,#1545);
#1380=AXIS2_PLACEMENT_3D('',#3373,#1546,#1547);
#1381=AXIS2_PLACEMENT_3D('',#3374,#1548,#1549);
#1382=AXIS2_PLACEMENT_3D('',#3451,#1551,#1552);
#1383=AXIS2_PLACEMENT_3D('',#3455,#1554,#1555);
#1384=AXIS2_PLACEMENT_3D('',#3456,#1556,#1557);
#1385=AXIS2_PLACEMENT_3D('',#3459,#1559,#1560);
#1386=AXIS2_PLACEMENT_3D('',#3460,#1561,#1562);
#1387=AXIS2_PLACEMENT_3D('',#3462,#1563,#1564);
#1388=AXIS2_PLACEMENT_3D('',#3463,#1565,#1566);
#1389=AXIS2_PLACEMENT_3D('',#3465,#1567,#1568);
#1390=AXIS2_PLACEMENT_3D('',#3467,#1570,#1571);
#1391=AXIS2_PLACEMENT_3D('',#3469,#1573,#1574);
#1392=AXIS2_PLACEMENT_3D('',#3471,#1575,#1576);
#1393=AXIS2_PLACEMENT_3D('',#3472,#1577,#1578);
#1394=AXIS2_PLACEMENT_3D('',#3473,#1579,#1580);
#1395=AXIS2_PLACEMENT_3D('',#3476,#1581,#1582);
#1396=AXIS2_PLACEMENT_3D('',#3480,#1584,#1585);
#1397=AXIS2_PLACEMENT_3D('',#3482,#1587,#1588);
#1398=AXIS2_PLACEMENT_3D('',#3641,#1591,#1592);
#1399=AXIS2_PLACEMENT_3D('',#3643,#1593,#1594);
#1400=AXIS2_PLACEMENT_3D('',#3647,#1596,#1597);
#1401=AXIS2_PLACEMENT_3D('',#3651,#1599,#1600);
#1402=AXIS2_PLACEMENT_3D('',#3655,#1602,#1603);
#1403=AXIS2_PLACEMENT_3D('',#3657,#1604,#1605);
#1404=AXIS2_PLACEMENT_3D('',#3663,#1608,#1609);
#1405=AXIS2_PLACEMENT_3D('',#3667,#1611,#1612);
#1406=AXIS2_PLACEMENT_3D('',#3669,#1614,#1615);
#1407=AXIS2_PLACEMENT_3D('',#3689,#1619,#1620);
#1408=AXIS2_PLACEMENT_3D('',#3809,#1622,#1623);
#1409=AXIS2_PLACEMENT_3D('',#3813,#1625,#1626);
#1410=AXIS2_PLACEMENT_3D('',#3817,#1628,#1629);
#1411=AXIS2_PLACEMENT_3D('',#3823,#1632,#1633);
#1412=AXIS2_PLACEMENT_3D('',#3825,#1634,#1635);
#1413=AXIS2_PLACEMENT_3D('',#3829,#1637,#1638);
#1414=AXIS2_PLACEMENT_3D('',#3833,#1640,#1641);
#1415=AXIS2_PLACEMENT_3D('',#3836,#1643,#1644);
#1416=AXIS2_PLACEMENT_3D('',#3837,#1645,#1646);
#1417=AXIS2_PLACEMENT_3D('',#3840,#1647,#1648);
#1418=AXIS2_PLACEMENT_3D('',#3842,#1649,#1650);
#1419=AXIS2_PLACEMENT_3D('',#3843,#1651,#1652);
#1420=AXIS2_PLACEMENT_3D('',#3844,#1653,#1654);
#1421=AXIS2_PLACEMENT_3D('',#3847,#1656,#1657);
#1422=AXIS2_PLACEMENT_3D('',#3848,#1658,#1659);
#1423=AXIS2_PLACEMENT_3D('',#3851,#1660,#1661);
#1424=AXIS2_PLACEMENT_3D('',#3853,#1662,#1663);
#1425=AXIS2_PLACEMENT_3D('',#3854,#1664,#1665);
#1426=AXIS2_PLACEMENT_3D('',#3855,#1666,#1667);
#1427=AXIS2_PLACEMENT_3D('',#3858,#1669,#1670);
#1428=AXIS2_PLACEMENT_3D('',#3859,#1671,#1672);
#1429=AXIS2_PLACEMENT_3D('',#3862,#1673,#1674);
#1430=AXIS2_PLACEMENT_3D('',#3868,#1677,#1678);
#1431=AXIS2_PLACEMENT_3D('',#3874,#1681,#1682);
#1432=AXIS2_PLACEMENT_3D('',#3876,#1683,#1684);
#1433=AXIS2_PLACEMENT_3D('',#3880,#1686,#1687);
#1434=AXIS2_PLACEMENT_3D('',#3882,#1689,#1690);
#1435=AXIS2_PLACEMENT_3D('',#3889,#1691,#1692);
#1436=AXIS2_PLACEMENT_3D('',#3898,#1694,#1695);
#1437=AXIS2_PLACEMENT_3D('',#3899,#1696,#1697);
#1438=AXIS2_PLACEMENT_3D('',#3900,#1698,#1699);
#1439=AXIS2_PLACEMENT_3D('',#3903,#1700,#1701);
#1440=AXIS2_PLACEMENT_3D('',#3907,#1703,#1704);
#1441=AXIS2_PLACEMENT_3D('',#3911,#1706,#1707);
#1442=AXIS2_PLACEMENT_3D('',#3913,#1708,#1709);
#1443=AXIS2_PLACEMENT_3D('',#3918,#1712,#1713);
#1444=AXIS2_PLACEMENT_3D('',#3920,#1715,#1716);
#1445=AXIS2_PLACEMENT_3D('',#3924,#1720,#1721);
#1446=AXIS2_PLACEMENT_3D('',#3926,#1723,#1724);
#1447=AXIS2_PLACEMENT_3D('',#3928,#1726,#1727);
#1448=AXIS2_PLACEMENT_3D('',#3930,#1729,#1730);
#1449=AXIS2_PLACEMENT_3D('',#3932,#1732,#1733);
#1450=AXIS2_PLACEMENT_3D('',#3934,#1735,#1736);
#1451=AXIS2_PLACEMENT_3D('',#3936,#1738,#1739);
#1452=AXIS2_PLACEMENT_3D('',#3939,#1742,#1743);
#1453=AXIS2_PLACEMENT_3D('',#3941,#1745,#1746);
#1454=AXIS2_PLACEMENT_3D('',#3943,#1748,#1749);
#1455=AXIS2_PLACEMENT_3D('',#3946,#1752,#1753);
#1456=AXIS2_PLACEMENT_3D('',#3947,#1754,#1755);
#1457=AXIS2_PLACEMENT_3D('',#3949,#1757,#1758);
#1458=AXIS2_PLACEMENT_3D('',#3951,#1760,#1761);
#1459=AXIS2_PLACEMENT_3D('',#3953,#1763,#1764);
#1460=AXIS2_PLACEMENT_3D('',#3954,#1765,#1766);
#1461=AXIS2_PLACEMENT_3D('',#3956,#1768,#1769);
#1462=AXIS2_PLACEMENT_3D('',#3958,#1771,#1772);
#1463=AXIS2_PLACEMENT_3D('',#3960,#1774,#1775);
#1464=AXIS2_PLACEMENT_3D('',#3962,#1777,#1778);
#1465=AXIS2_PLACEMENT_3D('',#3964,#1780,#1781);
#1466=AXIS2_PLACEMENT_3D('',#3966,#1783,#1784);
#1467=AXIS2_PLACEMENT_3D('',#3968,#1786,#1787);
#1468=AXIS2_PLACEMENT_3D('',#3969,#1788,#1789);
#1469=AXIS2_PLACEMENT_3D('',#3970,#1790,#1791);
#1470=AXIS2_PLACEMENT_3D('',#3971,#1792,#1793);
#1471=AXIS2_PLACEMENT_3D('',#3972,#1794,#1795);
#1472=AXIS2_PLACEMENT_3D('',#3973,#1796,#1797);
#1473=DIRECTION('axis',(0.,0.,1.));
#1474=DIRECTION('refdir',(1.,0.,0.));
#1475=DIRECTION('axis',(0.,0.,1.));
#1476=DIRECTION('refdir',(1.,0.,0.));
#1477=DIRECTION('center_axis',(1.17961196366423E-15,-1.,-3.83092061248379E-15));
#1478=DIRECTION('ref_axis',(-0.708665437865708,-3.53883589099269E-15,0.70554468120354));
#1479=DIRECTION('center_axis',(-6.12323399573677E-17,0.,1.));
#1480=DIRECTION('ref_axis',(1.,0.,6.12323399573652E-17));
#1481=DIRECTION('center_axis',(0.,0.,1.));
#1482=DIRECTION('ref_axis',(1.,0.,0.));
#1483=DIRECTION('',(1.,0.,0.));
#1484=DIRECTION('',(0.,-1.,0.));
#1485=DIRECTION('',(1.,0.,0.));
#1486=DIRECTION('',(0.,-1.,0.));
#1487=DIRECTION('center_axis',(0.,0.,1.));
#1488=DIRECTION('ref_axis',(1.,0.,0.));
#1489=DIRECTION('center_axis',(0.,0.,1.));
#1490=DIRECTION('ref_axis',(1.,0.,0.));
#1491=DIRECTION('',(0.,0.,-1.));
#1492=DIRECTION('center_axis',(0.,0.,1.));
#1493=DIRECTION('ref_axis',(1.,0.,0.));
#1494=DIRECTION('center_axis',(1.,0.,0.));
#1495=DIRECTION('ref_axis',(0.,1.,0.));
#1496=DIRECTION('center_axis',(1.,0.,0.));
#1497=DIRECTION('ref_axis',(0.,1.,0.));
#1498=DIRECTION('',(1.,0.,0.));
#1499=DIRECTION('center_axis',(1.,0.,0.));
#1500=DIRECTION('ref_axis',(0.,1.,0.));
#1501=DIRECTION('center_axis',(0.,0.,-1.));
#1502=DIRECTION('ref_axis',(-1.,0.,0.));
#1503=DIRECTION('center_axis',(0.,0.,1.));
#1504=DIRECTION('ref_axis',(1.,0.,0.));
#1505=DIRECTION('',(1.,0.,0.));
#1506=DIRECTION('',(0.,-1.,0.));
#1507=DIRECTION('',(-1.,0.,0.));
#1508=DIRECTION('',(0.,1.,0.));
#1509=DIRECTION('center_axis',(1.,0.,0.));
#1510=DIRECTION('ref_axis',(0.,1.,0.));
#1511=DIRECTION('',(0.,0.,1.));
#1512=DIRECTION('',(0.,0.,1.));
#1513=DIRECTION('',(0.,0.,1.));
#1514=DIRECTION('center_axis',(0.,1.,0.));
#1515=DIRECTION('ref_axis',(-1.,0.,0.));
#1516=DIRECTION('',(0.,0.,1.));
#1517=DIRECTION('',(0.,0.,1.));
#1518=DIRECTION('center_axis',(-1.,0.,0.));
#1519=DIRECTION('ref_axis',(0.,-1.,0.));
#1520=DIRECTION('',(0.,0.,1.));
#1521=DIRECTION('center_axis',(0.,-1.,0.));
#1522=DIRECTION('ref_axis',(1.,0.,0.));
#1523=DIRECTION('axis',(0.,0.,1.));
#1524=DIRECTION('refdir',(1.,0.,0.));
#1525=DIRECTION('center_axis',(0.,0.,1.));
#1526=DIRECTION('ref_axis',(0.,1.,0.));
#1527=DIRECTION('center_axis',(-1.,0.,0.));
#1528=DIRECTION('ref_axis',(0.,-1.,0.));
#1529=DIRECTION('',(0.,0.,1.));
#1530=DIRECTION('',(0.,1.,0.));
#1531=DIRECTION('center_axis',(0.,-1.,0.));
#1532=DIRECTION('ref_axis',(1.,0.,0.));
#1533=DIRECTION('center_axis',(0.,0.,1.));
#1534=DIRECTION('ref_axis',(1.,0.,0.));
#1535=DIRECTION('center_axis',(0.,1.85352656301929E-33,-1.));
#1536=DIRECTION('ref_axis',(1.,0.,0.));
#1537=DIRECTION('center_axis',(0.,-1.85352656301929E-33,1.));
#1538=DIRECTION('ref_axis',(0.,1.,0.));
#1539=DIRECTION('center_axis',(0.,1.85352656301929E-33,-1.));
#1540=DIRECTION('ref_axis',(1.,0.,0.));
#1541=DIRECTION('center_axis',(0.,1.85352656301929E-33,-1.));
#1542=DIRECTION('ref_axis',(1.,0.,0.));
#1543=DIRECTION('',(-4.24244780268543E-18,-0.0346422152545467,0.999399778328101));
#1544=DIRECTION('center_axis',(0.,1.85352656301929E-33,-1.));
#1545=DIRECTION('ref_axis',(1.,0.,0.));
#1546=DIRECTION('center_axis',(0.,1.85352656301929E-33,-1.));
#1547=DIRECTION('ref_axis',(1.,0.,0.));
#1548=DIRECTION('center_axis',(1.,0.,0.));
#1549=DIRECTION('ref_axis',(0.,1.,0.));
#1550=DIRECTION('',(1.,0.,0.));
#1551=DIRECTION('center_axis',(0.,-1.85352656301929E-33,1.));
#1552=DIRECTION('ref_axis',(0.,1.,0.));
#1553=DIRECTION('',(-1.22464150827388E-16,-0.999995679673947,0.00293949543971361));
#1554=DIRECTION('center_axis',(0.,1.85352656301929E-33,-1.));
#1555=DIRECTION('ref_axis',(1.,0.,0.));
#1556=DIRECTION('center_axis',(0.,-1.85352656301929E-33,1.));
#1557=DIRECTION('ref_axis',(0.,1.,0.));
#1558=DIRECTION('',(-8.53101540576088E-18,-0.069661027258639,0.99757071993983));
#1559=DIRECTION('center_axis',(0.,1.85352656301929E-33,-1.));
#1560=DIRECTION('ref_axis',(1.,0.,0.));
#1561=DIRECTION('center_axis',(0.,-1.85352656301929E-33,1.));
#1562=DIRECTION('ref_axis',(1.,0.,0.));
#1563=DIRECTION('center_axis',(0.,1.85352656301929E-33,-1.));
#1564=DIRECTION('ref_axis',(1.,0.,0.));
#1565=DIRECTION('center_axis',(0.,1.85352656301929E-33,-1.));
#1566=DIRECTION('ref_axis',(0.,1.,0.));
#1567=DIRECTION('center_axis',(0.,1.85352656301929E-33,-1.));
#1568=DIRECTION('ref_axis',(1.,0.,0.));
#1569=DIRECTION('',(0.,-1.85352656301929E-33,1.));
#1570=DIRECTION('center_axis',(0.,-1.85352656301929E-33,1.));
#1571=DIRECTION('ref_axis',(0.,1.,0.));
#1572=DIRECTION('',(-5.53926563729375E-17,-0.452315364817872,0.891858066482372));
#1573=DIRECTION('center_axis',(6.12323399573677E-17,0.,1.));
#1574=DIRECTION('ref_axis',(1.,0.,0.));
#1575=DIRECTION('center_axis',(1.22464679914735E-16,-1.,0.));
#1576=DIRECTION('ref_axis',(-1.,-1.22464679914735E-16,0.));
#1577=DIRECTION('axis',(0.,0.,1.));
#1578=DIRECTION('refdir',(1.,0.,0.));
#1579=DIRECTION('center_axis',(0.,1.,0.));
#1580=DIRECTION('ref_axis',(-0.867438255018341,0.,0.497544845949322));
#1581=DIRECTION('center_axis',(0.,1.,-2.49539664762955E-17));
#1582=DIRECTION('ref_axis',(-0.867438255018341,0.,0.497544845949322));
#1583=DIRECTION('',(0.,1.,0.));
#1584=DIRECTION('center_axis',(0.,-0.999276993109505,-0.0380196139121125));
#1585=DIRECTION('ref_axis',(-2.45551698761212E-14,-0.0380196139121125,0.999276993109505));
#1586=DIRECTION('',(0.,1.,0.));
#1587=DIRECTION('center_axis',(0.,0.999276993109505,0.0380196139121125));
#1588=DIRECTION('ref_axis',(0.,-0.0380196139121125,0.999276993109505));
#1589=DIRECTION('',(-1.,0.,0.));
#1590=DIRECTION('',(0.,0.512061897045393,-0.858948551191673));
#1591=DIRECTION('center_axis',(1.,0.,0.));
#1592=DIRECTION('ref_axis',(0.,1.,0.));
#1593=DIRECTION('center_axis',(1.,0.,0.));
#1594=DIRECTION('ref_axis',(0.,-0.858948551191673,-0.512061897045393));
#1595=DIRECTION('',(0.,1.,3.64447127357565E-16));
#1596=DIRECTION('center_axis',(1.,0.,0.));
#1597=DIRECTION('ref_axis',(0.,-1.77635683940026E-15,-1.));
#1598=DIRECTION('',(0.,0.516474083199871,0.85630282107608));
#1599=DIRECTION('center_axis',(1.,0.,0.));
#1600=DIRECTION('ref_axis',(0.,0.856302821076083,-0.516474083199866));
#1601=DIRECTION('',(0.,0.,1.));
#1602=DIRECTION('center_axis',(1.,0.,0.));
#1603=DIRECTION('ref_axis',(0.,1.,-5.92118946466754E-15));
#1604=DIRECTION('center_axis',(1.,0.,0.));
#1605=DIRECTION('ref_axis',(0.,2.96059473233374E-15,1.));
#1606=DIRECTION('',(0.,0.,-1.));
#1607=DIRECTION('',(0.,-0.546384721293947,-0.837534319497736));
#1608=DIRECTION('center_axis',(-1.,0.,0.));
#1609=DIRECTION('ref_axis',(0.,-4.44089209850062E-16,-1.));
#1610=DIRECTION('',(0.,-1.,0.));
#1611=DIRECTION('center_axis',(-1.,0.,0.));
#1612=DIRECTION('ref_axis',(0.,-0.862986667248579,-0.505226693822873));
#1613=DIRECTION('',(0.,-0.505226693822873,0.862986667248579));
#1614=DIRECTION('center_axis',(0.,-0.858948551191673,-0.512061897045393));
#1615=DIRECTION('ref_axis',(0.,0.512061897045393,-0.858948551191673));
#1616=DIRECTION('',(1.,0.,0.));
#1617=DIRECTION('',(0.,-0.512061897045393,0.858948551191673));
#1618=DIRECTION('',(1.,0.,0.));
#1619=DIRECTION('center_axis',(1.,0.,0.));
#1620=DIRECTION('ref_axis',(0.,-1.,1.77635683940026E-15));
#1621=DIRECTION('',(1.,0.,0.));
#1622=DIRECTION('center_axis',(1.,0.,0.));
#1623=DIRECTION('ref_axis',(0.,1.,0.));
#1624=DIRECTION('',(0.,0.505226693822873,-0.862986667248579));
#1625=DIRECTION('center_axis',(1.,0.,0.));
#1626=DIRECTION('ref_axis',(0.,-0.862986667248579,-0.505226693822873));
#1627=DIRECTION('',(0.,1.,0.));
#1628=DIRECTION('center_axis',(1.,0.,0.));
#1629=DIRECTION('ref_axis',(0.,-4.44089209850062E-16,-1.));
#1630=DIRECTION('',(0.,0.546384721293947,0.837534319497736));
#1631=DIRECTION('',(0.,0.,1.));
#1632=DIRECTION('center_axis',(-1.,0.,0.));
#1633=DIRECTION('ref_axis',(0.,2.96059473233374E-15,1.));
#1634=DIRECTION('center_axis',(-1.,0.,0.));
#1635=DIRECTION('ref_axis',(0.,1.,-5.92118946466754E-15));
#1636=DIRECTION('',(0.,0.,-1.));
#1637=DIRECTION('center_axis',(-1.,0.,0.));
#1638=DIRECTION('ref_axis',(0.,0.856302821076083,-0.516474083199866));
#1639=DIRECTION('',(0.,-0.516474083199871,-0.85630282107608));
#1640=DIRECTION('center_axis',(-1.,0.,0.));
#1641=DIRECTION('ref_axis',(0.,-1.77635683940026E-15,-1.));
#1642=DIRECTION('',(0.,-1.,-3.64447127357565E-16));
#1643=DIRECTION('center_axis',(-1.,0.,0.));
#1644=DIRECTION('ref_axis',(0.,-0.858948551191673,-0.512061897045393));
#1645=DIRECTION('center_axis',(0.,0.,1.));
#1646=DIRECTION('ref_axis',(1.,0.,0.));
#1647=DIRECTION('center_axis',(0.,0.,1.));
#1648=DIRECTION('ref_axis',(-1.,0.,0.));
#1649=DIRECTION('center_axis',(0.,-1.,0.));
#1650=DIRECTION('ref_axis',(-1.,0.,0.));
#1651=DIRECTION('center_axis',(0.,0.,1.));
#1652=DIRECTION('ref_axis',(-1.,0.,0.));
#1653=DIRECTION('center_axis',(0.,0.,1.));
#1654=DIRECTION('ref_axis',(-1.,0.,0.));
#1655=DIRECTION('',(0.,0.,-1.));
#1656=DIRECTION('center_axis',(0.,0.,-1.));
#1657=DIRECTION('ref_axis',(-1.,0.,0.));
#1658=DIRECTION('center_axis',(0.,0.,1.));
#1659=DIRECTION('ref_axis',(1.,0.,0.));
#1660=DIRECTION('center_axis',(0.,0.,1.));
#1661=DIRECTION('ref_axis',(-1.,0.,0.));
#1662=DIRECTION('center_axis',(0.,-1.,0.));
#1663=DIRECTION('ref_axis',(-1.,0.,0.));
#1664=DIRECTION('center_axis',(0.,0.,1.));
#1665=DIRECTION('ref_axis',(-1.,0.,0.));
#1666=DIRECTION('center_axis',(0.,0.,1.));
#1667=DIRECTION('ref_axis',(-1.,0.,0.));
#1668=DIRECTION('',(0.,0.,-1.));
#1669=DIRECTION('center_axis',(0.,0.,-1.));
#1670=DIRECTION('ref_axis',(-1.,0.,0.));
#1671=DIRECTION('center_axis',(1.,6.12255344462402E-17,0.));
#1672=DIRECTION('ref_axis',(-6.12255344462402E-17,1.,0.));
#1673=DIRECTION('center_axis',(1.,6.12255344462402E-17,0.));
#1674=DIRECTION('ref_axis',(0.,-1.77635683940026E-15,-1.));
#1675=DIRECTION('',(-6.12255344462402E-17,1.,3.64447127357565E-16));
#1676=DIRECTION('',(0.,0.,1.));
#1677=DIRECTION('center_axis',(-1.,-6.12255344462402E-17,0.));
#1678=DIRECTION('ref_axis',(0.,-4.44089209850062E-16,-1.));
#1679=DIRECTION('',(3.34526965744819E-17,-0.546384721293947,-0.837534319497736));
#1680=DIRECTION('',(0.,0.,-1.));
#1681=DIRECTION('center_axis',(1.,6.12255344462402E-17,0.));
#1682=DIRECTION('ref_axis',(0.,2.96059473233374E-15,1.));
#1683=DIRECTION('center_axis',(1.,6.12255344462402E-17,0.));
#1684=DIRECTION('ref_axis',(0.,1.,-5.92118946466754E-15));
#1685=DIRECTION('',(0.,0.,1.));
#1686=DIRECTION('center_axis',(1.,6.12255344462402E-17,0.));
#1687=DIRECTION('ref_axis',(0.,0.856302821076083,-0.516474083199866));
#1688=DIRECTION('',(-3.16214017715441E-17,0.516474083199871,0.85630282107608));
#1689=DIRECTION('center_axis',(0.,0.,1.));
#1690=DIRECTION('ref_axis',(-1.,4.84460956200069E-16,0.));
#1691=DIRECTION('center_axis',(0.,-3.64447127357565E-16,1.));
#1692=DIRECTION('ref_axis',(-1.,4.84460956200069E-16,0.));
#1693=DIRECTION('',(0.,0.,1.));
#1694=DIRECTION('center_axis',(0.,0.,-1.));
#1695=DIRECTION('ref_axis',(-1.,4.84460956200069E-16,0.));
#1696=DIRECTION('center_axis',(0.,0.,-1.));
#1697=DIRECTION('ref_axis',(-1.,4.84460956200069E-16,0.));
#1698=DIRECTION('center_axis',(-1.,-4.28578741123681E-16,0.));
#1699=DIRECTION('ref_axis',(4.28578741123681E-16,-1.,0.));
#1700=DIRECTION('center_axis',(-1.,-4.28578741123681E-16,0.));
#1701=DIRECTION('ref_axis',(0.,-1.77635683940026E-15,-1.));
#1702=DIRECTION('',(2.21349812400808E-16,-0.516474083199871,-0.85630282107608));
#1703=DIRECTION('center_axis',(-1.,-4.28578741123681E-16,0.));
#1704=DIRECTION('ref_axis',(0.,0.856302821076083,-0.516474083199866));
#1705=DIRECTION('',(0.,0.,-1.));
#1706=DIRECTION('center_axis',(-1.,-4.28578741123681E-16,0.));
#1707=DIRECTION('ref_axis',(0.,1.,-5.92118946466754E-15));
#1708=DIRECTION('center_axis',(-1.,-4.28578741123681E-16,0.));
#1709=DIRECTION('ref_axis',(0.,2.96059473233374E-15,1.));
#1710=DIRECTION('',(0.,0.,1.));
#1711=DIRECTION('',(-2.34168876021373E-16,0.546384721293947,0.837534319497736));
#1712=DIRECTION('center_axis',(1.,4.28578741123681E-16,0.));
#1713=DIRECTION('ref_axis',(0.,-4.44089209850062E-16,-1.));
#1714=DIRECTION('',(4.28578741123681E-16,-1.,-3.64447127357565E-16));
#1715=DIRECTION('center_axis',(0.,3.64447127357565E-16,-1.));
#1716=DIRECTION('ref_axis',(0.,1.,3.64447127357565E-16));
#1717=DIRECTION('',(1.,0.,0.));
#1718=DIRECTION('',(1.,0.,0.));
#1719=DIRECTION('',(1.,0.,0.));
#1720=DIRECTION('center_axis',(1.,0.,0.));
#1721=DIRECTION('ref_axis',(0.,-1.77635683940026E-15,-1.));
#1722=DIRECTION('',(1.,0.,0.));
#1723=DIRECTION('center_axis',(0.,0.85630282107608,-0.516474083199871));
#1724=DIRECTION('ref_axis',(0.,0.516474083199871,0.85630282107608));
#1725=DIRECTION('',(1.,0.,0.));
#1726=DIRECTION('center_axis',(1.,0.,0.));
#1727=DIRECTION('ref_axis',(0.,0.856302821076083,-0.516474083199866));
#1728=DIRECTION('',(1.,0.,0.));
#1729=DIRECTION('center_axis',(0.,1.,0.));
#1730=DIRECTION('ref_axis',(0.,0.,1.));
#1731=DIRECTION('',(1.,0.,0.));
#1732=DIRECTION('center_axis',(1.,0.,0.));
#1733=DIRECTION('ref_axis',(0.,1.,-5.92118946466754E-15));
#1734=DIRECTION('',(1.,0.,0.));
#1735=DIRECTION('center_axis',(1.,0.,0.));
#1736=DIRECTION('ref_axis',(0.,2.96059473233374E-15,1.));
#1737=DIRECTION('',(1.,0.,0.));
#1738=DIRECTION('center_axis',(0.,0.,1.));
#1739=DIRECTION('ref_axis',(0.,-1.,0.));
#1740=DIRECTION('',(1.,0.,0.));
#1741=DIRECTION('',(1.,0.,0.));
#1742=DIRECTION('center_axis',(0.,-1.,0.));
#1743=DIRECTION('ref_axis',(0.,0.,-1.));
#1744=DIRECTION('',(1.,0.,0.));
#1745=DIRECTION('center_axis',(1.,0.,0.));
#1746=DIRECTION('ref_axis',(0.,-4.44089209850062E-16,-1.));
#1747=DIRECTION('',(1.,0.,0.));
#1748=DIRECTION('center_axis',(1.,0.,0.));
#1749=DIRECTION('ref_axis',(0.,-4.44089209850062E-16,-1.));
#1750=DIRECTION('',(1.,0.,0.));
#1751=DIRECTION('',(1.,0.,0.));
#1752=DIRECTION('center_axis',(0.,-0.837534319497736,0.546384721293947));
#1753=DIRECTION('ref_axis',(0.,-0.546384721293947,-0.837534319497736));
#1754=DIRECTION('center_axis',(1.,0.,0.));
#1755=DIRECTION('ref_axis',(0.,-0.999276993109505,-0.0380196139121137));
#1756=DIRECTION('',(1.,0.,0.));
#1757=DIRECTION('center_axis',(0.,0.862986667248579,0.505226693822873));
#1758=DIRECTION('ref_axis',(0.,-0.505226693822873,0.862986667248579));
#1759=DIRECTION('',(1.,0.,0.));
#1760=DIRECTION('center_axis',(1.,0.,0.));
#1761=DIRECTION('ref_axis',(0.,-0.862986667248579,-0.505226693822873));
#1762=DIRECTION('',(1.,0.,0.));
#1763=DIRECTION('center_axis',(0.,0.,1.));
#1764=DIRECTION('ref_axis',(0.,-1.,0.));
#1765=DIRECTION('center_axis',(0.,-0.837534319497736,0.546384721293947));
#1766=DIRECTION('ref_axis',(0.,-0.546384721293947,-0.837534319497736));
#1767=DIRECTION('',(1.,0.,0.));
#1768=DIRECTION('center_axis',(0.,-1.,0.));
#1769=DIRECTION('ref_axis',(0.,0.,-1.));
#1770=DIRECTION('',(1.,0.,0.));
#1771=DIRECTION('center_axis',(1.,0.,0.));
#1772=DIRECTION('ref_axis',(0.,2.96059473233374E-15,1.));
#1773=DIRECTION('',(1.,0.,0.));
#1774=DIRECTION('center_axis',(1.,0.,0.));
#1775=DIRECTION('ref_axis',(0.,1.,-5.92118946466754E-15));
#1776=DIRECTION('',(1.,0.,0.));
#1777=DIRECTION('center_axis',(0.,1.,0.));
#1778=DIRECTION('ref_axis',(0.,0.,1.));
#1779=DIRECTION('',(1.,0.,0.));
#1780=DIRECTION('center_axis',(1.,0.,0.));
#1781=DIRECTION('ref_axis',(0.,0.856302821076083,-0.516474083199866));
#1782=DIRECTION('',(1.,0.,0.));
#1783=DIRECTION('center_axis',(0.,0.85630282107608,-0.516474083199871));
#1784=DIRECTION('ref_axis',(0.,0.516474083199871,0.85630282107608));
#1785=DIRECTION('',(1.,0.,0.));
#1786=DIRECTION('center_axis',(1.,0.,0.));
#1787=DIRECTION('ref_axis',(0.,-1.77635683940026E-15,-1.));
#1788=DIRECTION('center_axis',(1.,0.,0.));
#1789=DIRECTION('ref_axis',(0.,-0.858948551191673,-0.512061897045393));
#1790=DIRECTION('center_axis',(0.,-1.,2.49539664762955E-17));
#1791=DIRECTION('ref_axis',(0.,-2.49539664762955E-17,-1.));
#1792=DIRECTION('',(0.,0.,1.));
#1793=DIRECTION('',(1.,0.,0.));
#1794=DIRECTION('',(0.,0.,1.));
#1795=DIRECTION('',(1.,0.,0.));
#1796=DIRECTION('',(-1.60959458512313E-31,-3.64447127357565E-16,1.));
#1797=DIRECTION('',(-1.,1.22464679914735E-16,-1.16327557714624E-31));
#1798=CARTESIAN_POINT('',(0.,0.,0.));
#1799=CARTESIAN_POINT('',(0.,0.,0.));
#1800=CARTESIAN_POINT('Ctrl Pts',(-5.48672117785753,-2.42814553032757,-8.90758184711483));
#1801=CARTESIAN_POINT('Ctrl Pts',(-5.89812612561941,-1.49852075645498,-8.90758184711483));
#1802=CARTESIAN_POINT('Ctrl Pts',(-6.23772557138222,0.573076424817793,-8.90758184711482));
#1803=CARTESIAN_POINT('Ctrl Pts',(-5.17125929885357,3.53802939434061,-8.90758184711483));
#1804=CARTESIAN_POINT('Ctrl Pts',(-2.79459859695676,5.6056743070209,-8.90758184711483));
#1805=CARTESIAN_POINT('Ctrl Pts',(0.286903736945706,6.25899298112455,-8.90758184711482));
#1806=CARTESIAN_POINT('Ctrl Pts',(3.29686022472043,5.32701739130417,-8.90758184711483));
#1807=CARTESIAN_POINT('Ctrl Pts',(5.47209524490029,3.04875249023473,-8.90758184711483));
#1808=CARTESIAN_POINT('Ctrl Pts',(6.,1.01659040241204,-8.90758184711483));
#1809=CARTESIAN_POINT('Ctrl Pts',(6.,-5.55111512312578E-16,-8.90758184711483));
#1810=CARTESIAN_POINT('Ctrl Pts',(-5.48672117785753,-2.42814553032757,-8.38545421150933));
#1811=CARTESIAN_POINT('Ctrl Pts',(-5.89798192695268,-1.4988465927233,-8.38545421150933));
#1812=CARTESIAN_POINT('Ctrl Pts',(-6.23762174541077,0.573300158869478,-8.38545421150933));
#1813=CARTESIAN_POINT('Ctrl Pts',(-5.17096289883078,3.53775412774451,-8.38545421150933));
#1814=CARTESIAN_POINT('Ctrl Pts',(-2.79454596731945,5.60560004406195,-8.38545421150933));
#1815=CARTESIAN_POINT('Ctrl Pts',(0.286838672373679,6.25868488244318,-8.38545421150933));
#1816=CARTESIAN_POINT('Ctrl Pts',(3.29685026130632,5.32674147306139,-8.38545421150933));
#1817=CARTESIAN_POINT('Ctrl Pts',(5.47179287843844,3.04889848488854,-8.38545421150934));
#1818=CARTESIAN_POINT('Ctrl Pts',(6.,1.01623408443038,-8.38545421150933));
#1819=CARTESIAN_POINT('Ctrl Pts',(6.,-5.54814896126334E-16,-8.38545421150933));
#1820=CARTESIAN_POINT('Ctrl Pts',(-5.68267462206758,-2.51486462252987,-7.8665062942159));
#1821=CARTESIAN_POINT('Ctrl Pts',(-6.10863553231836,-1.55234869503635,-7.8665062942159));
#1822=CARTESIAN_POINT('Ctrl Pts',(-6.46040183367219,0.593755920458063,-7.8665062942159));
#1823=CARTESIAN_POINT('Ctrl Pts',(-5.35566468450682,3.6641254827142,-7.8665062942159));
#1824=CARTESIAN_POINT('Ctrl Pts',(-2.89435523553684,5.80580549987258,-7.8665062942159));
#1825=CARTESIAN_POINT('Ctrl Pts',(0.297088434045227,6.48223470806693,-7.8665062942159));
#1826=CARTESIAN_POINT('Ctrl Pts',(3.4145952354516,5.51700500090737,-7.8665062942159));
#1827=CARTESIAN_POINT('Ctrl Pts',(5.66723905424314,3.15777472827771,-7.86650629421591));
#1828=CARTESIAN_POINT('Ctrl Pts',(6.21428474805775,1.05255849624414,-7.8665062942159));
#1829=CARTESIAN_POINT('Ctrl Pts',(6.21428474805775,-5.54520086310514E-16,
-7.8665062942159));
#1830=CARTESIAN_POINT('Ctrl Pts',(-6.01954501515888,-2.66394643528634,-7.49649248470775));
#1831=CARTESIAN_POINT('Ctrl Pts',(-6.47090212302613,-1.64404438593197,-7.49649248470775));
#1832=CARTESIAN_POINT('Ctrl Pts',(-6.84348058739973,0.628728747915718,-7.49649248470775));
#1833=CARTESIAN_POINT('Ctrl Pts',(-5.67344815335836,3.88161280914677,-7.49649248470775));
#1834=CARTESIAN_POINT('Ctrl Pts',(-3.06598631648526,6.15004986358869,-7.49649248470775));
#1835=CARTESIAN_POINT('Ctrl Pts',(0.314765395138297,6.86681330764373,-7.49649248470775));
#1836=CARTESIAN_POINT('Ctrl Pts',(3.61702333471606,5.84433215102996,-7.49649248470774));
#1837=CARTESIAN_POINT('Ctrl Pts',(6.00349873561035,3.34482148083419,-7.49649248470775));
#1838=CARTESIAN_POINT('Ctrl Pts',(6.58266912426859,1.11531304233092,-7.49649248470775));
#1839=CARTESIAN_POINT('Ctrl Pts',(6.58266912426859,-5.54309884671011E-16,
-7.49649248470775));
#1840=CARTESIAN_POINT('',(6.58266912426858,1.52655665885959E-15,-7.49649248470775));
#1841=CARTESIAN_POINT('',(6.,6.24500451351651E-15,-8.90758184711483));
#1842=CARTESIAN_POINT('Origin',(8.,8.60422844084496E-15,-8.90758184711483));
#1843=CARTESIAN_POINT('',(-5.99980962812318,2.32646702180705E-7,-8.90758184711482));
#1844=CARTESIAN_POINT('Ctrl Pts',(6.,2.22044604925031E-15,-8.90758184711483));
#1845=CARTESIAN_POINT('Ctrl Pts',(6.,1.01659040241204,-8.90758184711483));
#1846=CARTESIAN_POINT('Ctrl Pts',(5.73604762245014,2.03267144632339,-8.90758184711483));
#1847=CARTESIAN_POINT('Ctrl Pts',(5.24153226364524,2.92042278512397,-8.90758184711483));
#1848=CARTESIAN_POINT('Ctrl Pts',(4.74701690484033,3.80817412392455,-8.90758184711483));
#1849=CARTESIAN_POINT('Ctrl Pts',(4.02193856478038,4.56759575761436,-8.90758184711483));
#1850=CARTESIAN_POINT('Ctrl Pts',(3.15773998012128,5.10263583942933,-8.90758184711483));
#1851=CARTESIAN_POINT('Ctrl Pts',(2.29354139546219,5.6376759212443,-8.90758184711482));
#1852=CARTESIAN_POINT('Ctrl Pts',(1.29022256620394,5.94833445118442,-8.90758184711482));
#1853=CARTESIAN_POINT('Ctrl Pts',(0.274979429257747,5.99477727047054,-8.90758184711482));
#1854=CARTESIAN_POINT('Ctrl Pts',(-0.74026370768845,6.04122008975667,-8.90758184711482));
#1855=CARTESIAN_POINT('Ctrl Pts',(-1.76743115232261,5.82344719838878,-8.90758184711483));
#1856=CARTESIAN_POINT('Ctrl Pts',(-2.67712499162248,5.36995326725813,-8.90758184711483));
#1857=CARTESIAN_POINT('Ctrl Pts',(-3.58681883092236,4.91645933612747,-8.90758184711483));
#1858=CARTESIAN_POINT('Ctrl Pts',(-4.37903906488797,4.22724436523404,-8.90758184711483));
#1859=CARTESIAN_POINT('Ctrl Pts',(-4.95289356062555,3.38847805153352,-8.90758184711483));
#1860=CARTESIAN_POINT('Ctrl Pts',(-5.52674805636312,2.549711737833,-8.90758184711483));
#1861=CARTESIAN_POINT('Ctrl Pts',(-5.88223681387267,1.5613940813254,-8.90758184711482));
#1862=CARTESIAN_POINT('Ctrl Pts',(-5.97508133118675,0.549335957753402,-8.90758184711482));
#1863=CARTESIAN_POINT('Ctrl Pts',(-5.99183214920052,0.36674250002694,-8.90758184711482));
#1864=CARTESIAN_POINT('Ctrl Pts',(-6.00003372943277,0.183376274933385,-8.90758184711482));
#1865=CARTESIAN_POINT('Ctrl Pts',(-5.99980962812318,2.32646703568484E-7,
-8.90758184711482));
#1866=CARTESIAN_POINT('',(-5.48672117785752,-2.42814553032757,-8.90758184711483));
#1867=CARTESIAN_POINT('Ctrl Pts',(-5.99980962812318,2.32646703568484E-7,
-8.90758184711482));
#1868=CARTESIAN_POINT('Ctrl Pts',(-5.99879160633762,-0.833019468788942,
-8.90758184711483));
#1869=CARTESIAN_POINT('Ctrl Pts',(-5.82390128597039,-1.66624175774538,-8.90758184711483));
#1870=CARTESIAN_POINT('Ctrl Pts',(-5.48672117785753,-2.42814553032757,-8.90758184711483));
#1871=CARTESIAN_POINT('',(-6.54096823867131,-0.739775168755075,-7.49649248470884));
#1872=CARTESIAN_POINT('Ctrl Pts',(-5.48672117786299,-2.42814553031522,-8.907581847117));
#1873=CARTESIAN_POINT('Ctrl Pts',(-5.48776758565311,-2.42578103127221,-8.90547616402945));
#1874=CARTESIAN_POINT('Ctrl Pts',(-5.48881550803601,-2.42341719679799,-8.90337048872246));
#1875=CARTESIAN_POINT('Ctrl Pts',(-5.61921676277883,-2.12977369020063,-8.64172532615303));
#1876=CARTESIAN_POINT('Ctrl Pts',(-5.77038497169468,-1.85128037191629,-8.38465815528443));
#1877=CARTESIAN_POINT('Ctrl Pts',(-6.1507649886391,-1.2531248729801,-7.86554827862205));
#1878=CARTESIAN_POINT('Ctrl Pts',(-6.3522924531147,-0.987835287371436,-7.65680141806358));
#1879=CARTESIAN_POINT('Ctrl Pts',(-6.54096823867021,-0.73977516875495,-7.49649248470776));
#1880=CARTESIAN_POINT('Ctrl Pts',(-6.54000994981658,-0.739454061780032,
-7.49649248470775));
#1881=CARTESIAN_POINT('Ctrl Pts',(-6.59066297957435,-0.294036672576429,
-7.49649248470775));
#1882=CARTESIAN_POINT('Ctrl Pts',(-6.61021871401103,1.2772354114602,-7.49649248470775));
#1883=CARTESIAN_POINT('Ctrl Pts',(-5.67344815335836,3.88161280914677,-7.49649248470775));
#1884=CARTESIAN_POINT('Ctrl Pts',(-3.06598631648526,6.15004986358869,-7.49649248470775));
#1885=CARTESIAN_POINT('Ctrl Pts',(0.314765395138297,6.86681330764373,-7.49649248470775));
#1886=CARTESIAN_POINT('Ctrl Pts',(3.61702333471606,5.84433215102996,-7.49649248470774));
#1887=CARTESIAN_POINT('Ctrl Pts',(6.00349873561035,3.34482148083419,-7.49649248470775));
#1888=CARTESIAN_POINT('Ctrl Pts',(6.58266912426859,1.11531304233092,-7.49649248470775));
#1889=CARTESIAN_POINT('Ctrl Pts',(6.58266912426859,-5.54309884671011E-16,
-7.49649248470775));
#1890=CARTESIAN_POINT('Ctrl Pts',(6.,1.80411241501588E-15,-8.90758184711483));
#1891=CARTESIAN_POINT('Ctrl Pts',(6.,-0.833276379675111,-8.90758184711483));
#1892=CARTESIAN_POINT('Ctrl Pts',(5.82394241636029,-1.66614881809899,-8.90758184711483));
#1893=CARTESIAN_POINT('Ctrl Pts',(5.48672117786027,-2.42814553032136,-8.90758184711483));
#1894=CARTESIAN_POINT('Ctrl Pts',(6.,1.80249972040177E-15,-8.38545421150933));
#1895=CARTESIAN_POINT('Ctrl Pts',(6.,-0.832984313807608,-8.38545421150933));
#1896=CARTESIAN_POINT('Ctrl Pts',(5.82382421930591,-1.6664159002295,-8.38545421150933));
#1897=CARTESIAN_POINT('Ctrl Pts',(5.48672117786027,-2.42814553032136,-8.38545421150933));
#1898=CARTESIAN_POINT('Ctrl Pts',(6.21428474805775,1.87524180357734E-15,
-7.8665062942159));
#1899=CARTESIAN_POINT('Ctrl Pts',(6.21428474805775,-0.862758620448892,-7.8665062942159));
#1900=CARTESIAN_POINT('Ctrl Pts',(6.03182712130216,-1.7259076230704,-7.8665062942159));
#1901=CARTESIAN_POINT('Ctrl Pts',(5.68267462207042,-2.51486462252344,-7.8665062942159));
#1902=CARTESIAN_POINT('Ctrl Pts',(6.58266912426859,2.00190794776169E-15,
-7.49649248470775));
#1903=CARTESIAN_POINT('Ctrl Pts',(6.58266912426859,-0.914197116078275,-7.49649248470775));
#1904=CARTESIAN_POINT('Ctrl Pts',(6.38951432094885,-1.82795106355613,-7.49649248470774));
#1905=CARTESIAN_POINT('Ctrl Pts',(6.0195450151619,-2.66394643527953,-7.49649248470774));
#1906=CARTESIAN_POINT('',(6.5409682386702,-0.73977516875498,-7.49649248470775));
#1907=CARTESIAN_POINT('',(5.48695360750181,-2.42798882917958,-8.90869122384309));
#1908=CARTESIAN_POINT('Ctrl Pts',(6.54096823867021,-0.73977516875494,-7.49649248470775));
#1909=CARTESIAN_POINT('Ctrl Pts',(6.35319979928037,-0.986642360590603,-7.65603048873856));
#1910=CARTESIAN_POINT('Ctrl Pts',(6.15258235659914,-1.2507203703564,-7.86363985918273));
#1911=CARTESIAN_POINT('Ctrl Pts',(5.77186711031802,-1.84855546110273,-8.38213826392701));
#1912=CARTESIAN_POINT('Ctrl Pts',(5.61985105116296,-2.12834254193761,-8.64045052722321));
#1913=CARTESIAN_POINT('Ctrl Pts',(5.48880963541053,-2.42343044391284,-8.90338228908994));
#1914=CARTESIAN_POINT('Ctrl Pts',(5.48776465356825,-2.42578765671202,-8.90548206425184));
#1915=CARTESIAN_POINT('Ctrl Pts',(5.48672117786269,-2.4281455303159,-8.90758184711492));
#1916=CARTESIAN_POINT('Ctrl Pts',(5.48672117786027,-2.42814553032136,-8.90758184711483));
#1917=CARTESIAN_POINT('Ctrl Pts',(5.82394241636029,-1.66614881809899,-8.90758184711483));
#1918=CARTESIAN_POINT('Ctrl Pts',(6.,-0.833276379675111,-8.90758184711483));
#1919=CARTESIAN_POINT('Ctrl Pts',(6.,1.80411241501588E-15,-8.90758184711483));
#1920=CARTESIAN_POINT('Ctrl Pts',(6.58266912426859,2.00190794776169E-15,
-7.49649248470775));
#1921=CARTESIAN_POINT('Ctrl Pts',(6.58266912426859,-0.247121104884775,-7.49649248470775));
#1922=CARTESIAN_POINT('Ctrl Pts',(6.56855527442324,-0.494209827374836,-7.49649248470775));
#1923=CARTESIAN_POINT('Ctrl Pts',(6.5406503275326,-0.739739037439275,-7.49649248470775));
#1924=CARTESIAN_POINT('Ctrl Pts',(6.76542155630955E-16,0.,-7.1057443270108));
#1925=CARTESIAN_POINT('Ctrl Pts',(6.76542155630955E-16,2.41440803349292E-16,
-7.1057443270108));
#1926=CARTESIAN_POINT('Ctrl Pts',(4.35101352281662E-16,2.41440803349293E-16,
-7.1057443270108));
#1927=CARTESIAN_POINT('Ctrl Pts',(1.9366054893237E-16,2.41440803349292E-16,
-7.1057443270108));
#1928=CARTESIAN_POINT('Ctrl Pts',(1.9366054893237E-16,0.,-7.1057443270108));
#1929=CARTESIAN_POINT('Ctrl Pts',(1.9366054893237E-16,-2.41440803349292E-16,
-7.1057443270108));
#1930=CARTESIAN_POINT('Ctrl Pts',(4.35101352281662E-16,-2.41440803349293E-16,
-7.1057443270108));
#1931=CARTESIAN_POINT('Ctrl Pts',(6.76542155630955E-16,-2.41440803349292E-16,
-7.1057443270108));
#1932=CARTESIAN_POINT('Ctrl Pts',(6.76542155630955E-16,0.,-7.1057443270108));
#1933=CARTESIAN_POINT('Ctrl Pts',(1.2,0.,-5.68459546160864));
#1934=CARTESIAN_POINT('Ctrl Pts',(1.2,1.2,-5.68459546160864));
#1935=CARTESIAN_POINT('Ctrl Pts',(3.4808108182533E-16,1.2,-5.68459546160864));
#1936=CARTESIAN_POINT('Ctrl Pts',(-1.2,1.2,-5.68459546160864));
#1937=CARTESIAN_POINT('Ctrl Pts',(-1.2,0.,-5.68459546160864));
#1938=CARTESIAN_POINT('Ctrl Pts',(-1.2,-1.2,-5.68459546160864));
#1939=CARTESIAN_POINT('Ctrl Pts',(3.4808108182533E-16,-1.2,-5.68459546160864));
#1940=CARTESIAN_POINT('Ctrl Pts',(1.2,-1.2,-5.68459546160864));
#1941=CARTESIAN_POINT('Ctrl Pts',(1.2,0.,-5.68459546160864));
#1942=CARTESIAN_POINT('Ctrl Pts',(2.4,0.,-4.26344659620648));
#1943=CARTESIAN_POINT('Ctrl Pts',(2.4,2.4,-4.26344659620648));
#1944=CARTESIAN_POINT('Ctrl Pts',(2.61060811368997E-16,2.4,-4.26344659620648));
#1945=CARTESIAN_POINT('Ctrl Pts',(-2.4,2.4,-4.26344659620648));
#1946=CARTESIAN_POINT('Ctrl Pts',(-2.4,0.,-4.26344659620648));
#1947=CARTESIAN_POINT('Ctrl Pts',(-2.4,-2.4,-4.26344659620648));
#1948=CARTESIAN_POINT('Ctrl Pts',(2.61060811368997E-16,-2.4,-4.26344659620648));
#1949=CARTESIAN_POINT('Ctrl Pts',(2.4,-2.4,-4.26344659620648));
#1950=CARTESIAN_POINT('Ctrl Pts',(2.4,0.,-4.26344659620648));
#1951=CARTESIAN_POINT('Ctrl Pts',(3.6,0.,-2.84229773080432));
#1952=CARTESIAN_POINT('Ctrl Pts',(3.6,3.6,-2.84229773080432));
#1953=CARTESIAN_POINT('Ctrl Pts',(1.74040540912665E-16,3.6,-2.84229773080432));
#1954=CARTESIAN_POINT('Ctrl Pts',(-3.6,3.6,-2.84229773080432));
#1955=CARTESIAN_POINT('Ctrl Pts',(-3.6,0.,-2.84229773080432));
#1956=CARTESIAN_POINT('Ctrl Pts',(-3.6,-3.6,-2.84229773080432));
#1957=CARTESIAN_POINT('Ctrl Pts',(1.74040540912665E-16,-3.6,-2.84229773080432));
#1958=CARTESIAN_POINT('Ctrl Pts',(3.6,-3.6,-2.84229773080432));
#1959=CARTESIAN_POINT('Ctrl Pts',(3.6,0.,-2.84229773080432));
#1960=CARTESIAN_POINT('Ctrl Pts',(4.8,0.,-1.42114886540216));
#1961=CARTESIAN_POINT('Ctrl Pts',(4.8,4.8,-1.42114886540216));
#1962=CARTESIAN_POINT('Ctrl Pts',(8.70202704563324E-17,4.8,-1.42114886540216));
#1963=CARTESIAN_POINT('Ctrl Pts',(-4.8,4.8,-1.42114886540216));
#1964=CARTESIAN_POINT('Ctrl Pts',(-4.8,0.,-1.42114886540216));
#1965=CARTESIAN_POINT('Ctrl Pts',(-4.8,-4.8,-1.42114886540216));
#1966=CARTESIAN_POINT('Ctrl Pts',(8.70202704563324E-17,-4.8,-1.42114886540216));
#1967=CARTESIAN_POINT('Ctrl Pts',(4.8,-4.8,-1.42114886540216));
#1968=CARTESIAN_POINT('Ctrl Pts',(4.8,0.,-1.42114886540216));
#1969=CARTESIAN_POINT('Ctrl Pts',(6.,0.,0.));
#1970=CARTESIAN_POINT('Ctrl Pts',(6.,6.,-6.16297582203915E-32));
#1971=CARTESIAN_POINT('Ctrl Pts',(2.01144734454455E-32,6.,-3.67394039744206E-16));
#1972=CARTESIAN_POINT('Ctrl Pts',(-6.,6.,-7.34788079488412E-16));
#1973=CARTESIAN_POINT('Ctrl Pts',(-6.,0.,-7.34788079488412E-16));
#1974=CARTESIAN_POINT('Ctrl Pts',(-6.,-6.,-7.34788079488412E-16));
#1975=CARTESIAN_POINT('Ctrl Pts',(2.01144734454455E-32,-6.,-3.67394039744206E-16));
#1976=CARTESIAN_POINT('Ctrl Pts',(6.,-6.,-6.16297582203915E-32));
#1977=CARTESIAN_POINT('Ctrl Pts',(6.,0.,0.));
#1978=CARTESIAN_POINT('Ctrl Pts',(6.05885618313894,0.,0.0697028315748374));
#1979=CARTESIAN_POINT('Ctrl Pts',(6.05885618313894,6.05885618313894,0.0697028315748374));
#1980=CARTESIAN_POINT('Ctrl Pts',(-4.26806747898156E-18,6.05885618313894,
0.069702831574837));
#1981=CARTESIAN_POINT('Ctrl Pts',(-6.05885618313894,6.05885618313894,0.0697028315748366));
#1982=CARTESIAN_POINT('Ctrl Pts',(-6.05885618313894,0.,0.0697028315748366));
#1983=CARTESIAN_POINT('Ctrl Pts',(-6.05885618313894,-6.05885618313894,0.0697028315748366));
#1984=CARTESIAN_POINT('Ctrl Pts',(-4.26806747898156E-18,-6.05885618313894,
0.069702831574837));
#1985=CARTESIAN_POINT('Ctrl Pts',(6.05885618313894,-6.05885618313894,0.0697028315748374));
#1986=CARTESIAN_POINT('Ctrl Pts',(6.05885618313894,0.,0.0697028315748374));
#1987=CARTESIAN_POINT('Ctrl Pts',(6.1766506919515,0.,0.188685356209335));
#1988=CARTESIAN_POINT('Ctrl Pts',(6.1766506919515,6.1766506919515,0.188685356209335));
#1989=CARTESIAN_POINT('Ctrl Pts',(-1.1553645876387E-17,6.1766506919515,
0.188685356209335));
#1990=CARTESIAN_POINT('Ctrl Pts',(-6.1766506919515,6.1766506919515,0.188685356209335));
#1991=CARTESIAN_POINT('Ctrl Pts',(-6.1766506919515,0.,0.188685356209335));
#1992=CARTESIAN_POINT('Ctrl Pts',(-6.1766506919515,-6.1766506919515,0.188685356209335));
#1993=CARTESIAN_POINT('Ctrl Pts',(-1.1553645876387E-17,-6.1766506919515,
0.188685356209335));
#1994=CARTESIAN_POINT('Ctrl Pts',(6.1766506919515,-6.1766506919515,0.188685356209335));
#1995=CARTESIAN_POINT('Ctrl Pts',(6.1766506919515,0.,0.188685356209335));
#1996=CARTESIAN_POINT('Ctrl Pts',(6.35358737741476,0.,0.305895345515909));
#1997=CARTESIAN_POINT('Ctrl Pts',(6.35358737741476,6.35358737741476,0.305895345515909));
#1998=CARTESIAN_POINT('Ctrl Pts',(-1.87306877880066E-17,6.35358737741476,
0.305895345515909));
#1999=CARTESIAN_POINT('Ctrl Pts',(-6.35358737741476,6.35358737741476,0.305895345515908));
#2000=CARTESIAN_POINT('Ctrl Pts',(-6.35358737741476,0.,0.305895345515908));
#2001=CARTESIAN_POINT('Ctrl Pts',(-6.35358737741476,-6.35358737741476,0.305895345515908));
#2002=CARTESIAN_POINT('Ctrl Pts',(-1.87306877880066E-17,-6.35358737741476,
0.305895345515909));
#2003=CARTESIAN_POINT('Ctrl Pts',(6.35358737741476,-6.35358737741476,0.305895345515909));
#2004=CARTESIAN_POINT('Ctrl Pts',(6.35358737741476,0.,0.305895345515909));
#2005=CARTESIAN_POINT('Ctrl Pts',(6.59000955743787,0.,0.338708004151689));
#2006=CARTESIAN_POINT('Ctrl Pts',(6.59000955743787,6.59000955743787,0.338708004151689));
#2007=CARTESIAN_POINT('Ctrl Pts',(-2.07398836564977E-17,6.59000955743787,
0.338708004151689));
#2008=CARTESIAN_POINT('Ctrl Pts',(-6.59000955743787,6.59000955743787,0.338708004151689));
#2009=CARTESIAN_POINT('Ctrl Pts',(-6.59000955743787,0.,0.338708004151689));
#2010=CARTESIAN_POINT('Ctrl Pts',(-6.59000955743787,-6.59000955743787,0.338708004151689));
#2011=CARTESIAN_POINT('Ctrl Pts',(-2.07398836564977E-17,-6.59000955743787,
0.338708004151689));
#2012=CARTESIAN_POINT('Ctrl Pts',(6.59000955743787,-6.59000955743787,0.338708004151689));
#2013=CARTESIAN_POINT('Ctrl Pts',(6.59000955743787,0.,0.338708004151689));
#2014=CARTESIAN_POINT('Ctrl Pts',(6.88465054550444,0.,0.173041427956096));
#2015=CARTESIAN_POINT('Ctrl Pts',(6.88465054550444,6.88465054550444,0.173041427956096));
#2016=CARTESIAN_POINT('Ctrl Pts',(-1.0595731543316E-17,6.88465054550444,
0.173041427956096));
#2017=CARTESIAN_POINT('Ctrl Pts',(-6.88465054550444,6.88465054550444,0.173041427956095));
#2018=CARTESIAN_POINT('Ctrl Pts',(-6.88465054550444,0.,0.173041427956095));
#2019=CARTESIAN_POINT('Ctrl Pts',(-6.88465054550444,-6.88465054550444,0.173041427956095));
#2020=CARTESIAN_POINT('Ctrl Pts',(-1.0595731543316E-17,-6.88465054550444,
0.173041427956096));
#2021=CARTESIAN_POINT('Ctrl Pts',(6.88465054550444,-6.88465054550444,0.173041427956096));
#2022=CARTESIAN_POINT('Ctrl Pts',(6.88465054550444,0.,0.173041427956096));
#2023=CARTESIAN_POINT('Ctrl Pts',(7.17338226016204,0.,-0.193407843693148));
#2024=CARTESIAN_POINT('Ctrl Pts',(7.17338226016203,7.17338226016203,-0.193407843693148));
#2025=CARTESIAN_POINT('Ctrl Pts',(1.18428148354403E-17,7.17338226016204,
-0.193407843693148));
#2026=CARTESIAN_POINT('Ctrl Pts',(-7.17338226016203,7.17338226016203,-0.193407843693148));
#2027=CARTESIAN_POINT('Ctrl Pts',(-7.17338226016204,0.,-0.193407843693148));
#2028=CARTESIAN_POINT('Ctrl Pts',(-7.17338226016203,-7.17338226016203,-0.193407843693148));
#2029=CARTESIAN_POINT('Ctrl Pts',(1.18428148354403E-17,-7.17338226016204,
-0.193407843693148));
#2030=CARTESIAN_POINT('Ctrl Pts',(7.17338226016203,-7.17338226016203,-0.193407843693148));
#2031=CARTESIAN_POINT('Ctrl Pts',(7.17338226016204,0.,-0.193407843693148));
#2032=CARTESIAN_POINT('Ctrl Pts',(7.44555008457253,0.,-0.739289926902549));
#2033=CARTESIAN_POINT('Ctrl Pts',(7.44555008457253,7.44555008457253,-0.739289926902549));
#2034=CARTESIAN_POINT('Ctrl Pts',(4.52684521311544E-17,7.44555008457253,
-0.739289926902549));
#2035=CARTESIAN_POINT('Ctrl Pts',(-7.44555008457253,7.44555008457253,-0.73928992690255));
#2036=CARTESIAN_POINT('Ctrl Pts',(-7.44555008457253,0.,-0.73928992690255));
#2037=CARTESIAN_POINT('Ctrl Pts',(-7.44555008457253,-7.44555008457253,-0.73928992690255));
#2038=CARTESIAN_POINT('Ctrl Pts',(4.52684521311544E-17,-7.44555008457253,
-0.739289926902549));
#2039=CARTESIAN_POINT('Ctrl Pts',(7.44555008457253,-7.44555008457253,-0.739289926902549));
#2040=CARTESIAN_POINT('Ctrl Pts',(7.44555008457253,0.,-0.739289926902549));
#2041=CARTESIAN_POINT('Ctrl Pts',(7.68543175042073,0.,-1.42881933081015));
#2042=CARTESIAN_POINT('Ctrl Pts',(7.68543175042073,7.68543175042073,-1.42881933081015));
#2043=CARTESIAN_POINT('Ctrl Pts',(8.74899510018254E-17,7.68543175042073,
-1.42881933081015));
#2044=CARTESIAN_POINT('Ctrl Pts',(-7.68543175042073,7.68543175042073,-1.42881933081015));
#2045=CARTESIAN_POINT('Ctrl Pts',(-7.68543175042073,0.,-1.42881933081015));
#2046=CARTESIAN_POINT('Ctrl Pts',(-7.68543175042073,-7.68543175042073,-1.42881933081015));
#2047=CARTESIAN_POINT('Ctrl Pts',(8.74899510018254E-17,-7.68543175042073,
-1.42881933081015));
#2048=CARTESIAN_POINT('Ctrl Pts',(7.68543175042073,-7.68543175042073,-1.42881933081015));
#2049=CARTESIAN_POINT('Ctrl Pts',(7.68543175042073,0.,-1.42881933081015));
#2050=CARTESIAN_POINT('Ctrl Pts',(7.87473212779113,0.,-2.21896130580053));
#2051=CARTESIAN_POINT('Ctrl Pts',(7.87473212779113,7.87473212779113,-2.21896130580053));
#2052=CARTESIAN_POINT('Ctrl Pts',(1.35872193029022E-16,7.87473212779113,
-2.21896130580053));
#2053=CARTESIAN_POINT('Ctrl Pts',(-7.87473212779113,7.87473212779113,-2.21896130580053));
#2054=CARTESIAN_POINT('Ctrl Pts',(-7.87473212779113,0.,-2.21896130580053));
#2055=CARTESIAN_POINT('Ctrl Pts',(-7.87473212779113,-7.87473212779113,-2.21896130580053));
#2056=CARTESIAN_POINT('Ctrl Pts',(1.35872193029022E-16,-7.87473212779113,
-2.21896130580053));
#2057=CARTESIAN_POINT('Ctrl Pts',(7.87473212779113,-7.87473212779113,-2.21896130580053));
#2058=CARTESIAN_POINT('Ctrl Pts',(7.87473212779113,0.,-2.21896130580053));
#2059=CARTESIAN_POINT('Ctrl Pts',(7.99448109477853,0.,-3.06400419682803));
#2060=CARTESIAN_POINT('Ctrl Pts',(7.99448109477853,7.99448109477853,-3.06400419682803));
#2061=CARTESIAN_POINT('Ctrl Pts',(1.87616146610975E-16,7.99448109477853,
-3.06400419682803));
#2062=CARTESIAN_POINT('Ctrl Pts',(-7.99448109477853,7.99448109477853,-3.06400419682803));
#2063=CARTESIAN_POINT('Ctrl Pts',(-7.99448109477853,0.,-3.06400419682803));
#2064=CARTESIAN_POINT('Ctrl Pts',(-7.99448109477853,-7.99448109477853,-3.06400419682803));
#2065=CARTESIAN_POINT('Ctrl Pts',(1.87616146610975E-16,-7.99448109477853,
-3.06400419682803));
#2066=CARTESIAN_POINT('Ctrl Pts',(7.99448109477853,-7.99448109477853,-3.06400419682803));
#2067=CARTESIAN_POINT('Ctrl Pts',(7.99448109477853,0.,-3.06400419682803));
#2068=CARTESIAN_POINT('Ctrl Pts',(8.02735733884222,0.,-3.92078425103416));
#2069=CARTESIAN_POINT('Ctrl Pts',(8.02735733884222,8.02735733884222,-3.92078425103416));
#2070=CARTESIAN_POINT('Ctrl Pts',(2.40078794158817E-16,8.02735733884222,
-3.92078425103416));
#2071=CARTESIAN_POINT('Ctrl Pts',(-8.02735733884222,8.02735733884222,-3.92078425103416));
#2072=CARTESIAN_POINT('Ctrl Pts',(-8.02735733884222,0.,-3.92078425103416));
#2073=CARTESIAN_POINT('Ctrl Pts',(-8.02735733884222,-8.02735733884222,-3.92078425103416));
#2074=CARTESIAN_POINT('Ctrl Pts',(2.40078794158817E-16,-8.02735733884222,
-3.92078425103416));
#2075=CARTESIAN_POINT('Ctrl Pts',(8.02735733884222,-8.02735733884222,-3.92078425103416));
#2076=CARTESIAN_POINT('Ctrl Pts',(8.02735733884222,0.,-3.92078425103416));
#2077=CARTESIAN_POINT('Ctrl Pts',(7.95994766071204,0.,-4.75320852486086));
#2078=CARTESIAN_POINT('Ctrl Pts',(7.95994766071204,7.95994766071204,-4.75320852486086));
#2079=CARTESIAN_POINT('Ctrl Pts',(2.91050080282538E-16,7.95994766071204,
-4.75320852486086));
#2080=CARTESIAN_POINT('Ctrl Pts',(-7.95994766071204,7.95994766071204,-4.75320852486086));
#2081=CARTESIAN_POINT('Ctrl Pts',(-7.95994766071204,0.,-4.75320852486086));
#2082=CARTESIAN_POINT('Ctrl Pts',(-7.95994766071204,-7.95994766071204,-4.75320852486086));
#2083=CARTESIAN_POINT('Ctrl Pts',(2.91050080282538E-16,-7.95994766071204,
-4.75320852486086));
#2084=CARTESIAN_POINT('Ctrl Pts',(7.95994766071204,-7.95994766071204,-4.75320852486086));
#2085=CARTESIAN_POINT('Ctrl Pts',(7.95994766071204,0.,-4.75320852486086));
#2086=CARTESIAN_POINT('Ctrl Pts',(7.78578712859761,0.,-5.53772739078396));
#2087=CARTESIAN_POINT('Ctrl Pts',(7.78578712859761,7.78578712859761,-5.53772739078396));
#2088=CARTESIAN_POINT('Ctrl Pts',(3.3908800618371E-16,7.78578712859761,
-5.53772739078396));
#2089=CARTESIAN_POINT('Ctrl Pts',(-7.78578712859761,7.78578712859761,-5.53772739078396));
#2090=CARTESIAN_POINT('Ctrl Pts',(-7.78578712859761,0.,-5.53772739078396));
#2091=CARTESIAN_POINT('Ctrl Pts',(-7.78578712859761,-7.78578712859761,-5.53772739078396));
#2092=CARTESIAN_POINT('Ctrl Pts',(3.3908800618371E-16,-7.78578712859761,
-5.53772739078396));
#2093=CARTESIAN_POINT('Ctrl Pts',(7.78578712859761,-7.78578712859761,-5.53772739078396));
#2094=CARTESIAN_POINT('Ctrl Pts',(7.78578712859761,0.,-5.53772739078396));
#2095=CARTESIAN_POINT('Ctrl Pts',(7.50339611881947,0.,-6.26081745225762));
#2096=CARTESIAN_POINT('Ctrl Pts',(7.50339611881947,7.50339611881947,-6.26081745225762));
#2097=CARTESIAN_POINT('Ctrl Pts',(3.83364502647659E-16,7.50339611881947,
-6.26081745225762));
#2098=CARTESIAN_POINT('Ctrl Pts',(-7.50339611881947,7.50339611881947,-6.26081745225762));
#2099=CARTESIAN_POINT('Ctrl Pts',(-7.50339611881947,0.,-6.26081745225762));
#2100=CARTESIAN_POINT('Ctrl Pts',(-7.50339611881947,-7.50339611881947,-6.26081745225762));
#2101=CARTESIAN_POINT('Ctrl Pts',(3.83364502647659E-16,-7.50339611881947,
-6.26081745225762));
#2102=CARTESIAN_POINT('Ctrl Pts',(7.50339611881947,-7.50339611881947,-6.26081745225762));
#2103=CARTESIAN_POINT('Ctrl Pts',(7.50339611881947,0.,-6.26081745225762));
#2104=CARTESIAN_POINT('Ctrl Pts',(7.11413885300279,0.,-6.91597155071351));
#2105=CARTESIAN_POINT('Ctrl Pts',(7.11413885300279,7.11413885300279,-6.91597155071351));
#2106=CARTESIAN_POINT('Ctrl Pts',(4.23481121128773E-16,7.11413885300279,
-6.91597155071351));
#2107=CARTESIAN_POINT('Ctrl Pts',(-7.11413885300279,7.11413885300279,-6.91597155071351));
#2108=CARTESIAN_POINT('Ctrl Pts',(-7.11413885300279,0.,-6.91597155071351));
#2109=CARTESIAN_POINT('Ctrl Pts',(-7.11413885300279,-7.11413885300279,-6.91597155071351));
#2110=CARTESIAN_POINT('Ctrl Pts',(4.23481121128773E-16,-7.11413885300279,
-6.91597155071351));
#2111=CARTESIAN_POINT('Ctrl Pts',(7.11413885300279,-7.11413885300279,-6.91597155071351));
#2112=CARTESIAN_POINT('Ctrl Pts',(7.11413885300279,0.,-6.91597155071351));
#2113=CARTESIAN_POINT('Ctrl Pts',(6.71931320083484,0.,-7.38422175524235));
#2114=CARTESIAN_POINT('Ctrl Pts',(6.71931320083484,6.71931320083484,-7.38422175524235));
#2115=CARTESIAN_POINT('Ctrl Pts',(4.52153176837589E-16,6.71931320083484,
-7.38422175524235));
#2116=CARTESIAN_POINT('Ctrl Pts',(-6.71931320083484,6.71931320083484,-7.38422175524235));
#2117=CARTESIAN_POINT('Ctrl Pts',(-6.71931320083484,0.,-7.38422175524235));
#2118=CARTESIAN_POINT('Ctrl Pts',(-6.71931320083484,-6.71931320083484,-7.38422175524235));
#2119=CARTESIAN_POINT('Ctrl Pts',(4.52153176837589E-16,-6.71931320083484,
-7.38422175524235));
#2120=CARTESIAN_POINT('Ctrl Pts',(6.71931320083484,-6.71931320083484,-7.38422175524235));
#2121=CARTESIAN_POINT('Ctrl Pts',(6.71931320083484,0.,-7.38422175524235));
#2122=CARTESIAN_POINT('Ctrl Pts',(6.37735396895237,0.,-7.70417089480638));
#2123=CARTESIAN_POINT('Ctrl Pts',(6.37735396895237,6.37735396895237,-7.70417089480638));
#2124=CARTESIAN_POINT('Ctrl Pts',(4.71744411320441E-16,6.37735396895237,
-7.70417089480638));
#2125=CARTESIAN_POINT('Ctrl Pts',(-6.37735396895237,6.37735396895237,-7.70417089480638));
#2126=CARTESIAN_POINT('Ctrl Pts',(-6.37735396895237,0.,-7.70417089480638));
#2127=CARTESIAN_POINT('Ctrl Pts',(-6.37735396895237,-6.37735396895237,-7.70417089480638));
#2128=CARTESIAN_POINT('Ctrl Pts',(4.71744411320441E-16,-6.37735396895237,
-7.70417089480638));
#2129=CARTESIAN_POINT('Ctrl Pts',(6.37735396895237,-6.37735396895237,-7.70417089480638));
#2130=CARTESIAN_POINT('Ctrl Pts',(6.37735396895237,0.,-7.70417089480638));
#2131=CARTESIAN_POINT('Ctrl Pts',(6.12915560893875,0.,-7.90368746781444));
#2132=CARTESIAN_POINT('Ctrl Pts',(6.12915560893875,6.12915560893875,-7.90368746781444));
#2133=CARTESIAN_POINT('Ctrl Pts',(4.83961277946E-16,6.12915560893875,-7.90368746781444));
#2134=CARTESIAN_POINT('Ctrl Pts',(-6.12915560893875,6.12915560893875,-7.90368746781444));
#2135=CARTESIAN_POINT('Ctrl Pts',(-6.12915560893875,0.,-7.90368746781444));
#2136=CARTESIAN_POINT('Ctrl Pts',(-6.12915560893875,-6.12915560893875,-7.90368746781444));
#2137=CARTESIAN_POINT('Ctrl Pts',(4.83961277946E-16,-6.12915560893875,-7.90368746781444));
#2138=CARTESIAN_POINT('Ctrl Pts',(6.12915560893875,-6.12915560893875,-7.90368746781444));
#2139=CARTESIAN_POINT('Ctrl Pts',(6.12915560893875,0.,-7.90368746781444));
#2140=CARTESIAN_POINT('Ctrl Pts',(6.,0.,-8.));
#2141=CARTESIAN_POINT('Ctrl Pts',(6.,6.,-8.));
#2142=CARTESIAN_POINT('Ctrl Pts',(4.89858719658941E-16,6.,-8.));
#2143=CARTESIAN_POINT('Ctrl Pts',(-6.,6.,-8.));
#2144=CARTESIAN_POINT('Ctrl Pts',(-6.,0.,-8.));
#2145=CARTESIAN_POINT('Ctrl Pts',(-6.,-6.,-8.));
#2146=CARTESIAN_POINT('Ctrl Pts',(4.89858719658941E-16,-6.,-8.));
#2147=CARTESIAN_POINT('Ctrl Pts',(6.,-6.,-8.));
#2148=CARTESIAN_POINT('Ctrl Pts',(6.,0.,-8.));
#2149=CARTESIAN_POINT('Ctrl Pts',(4.8,0.,-8.89485109916889));
#2150=CARTESIAN_POINT('Ctrl Pts',(4.8,4.8,-8.89485109916889));
#2151=CARTESIAN_POINT('Ctrl Pts',(5.44652546374475E-16,4.8,-8.89485109916889));
#2152=CARTESIAN_POINT('Ctrl Pts',(-4.8,4.8,-8.89485109916889));
#2153=CARTESIAN_POINT('Ctrl Pts',(-4.8,0.,-8.89485109916889));
#2154=CARTESIAN_POINT('Ctrl Pts',(-4.8,-4.8,-8.89485109916889));
#2155=CARTESIAN_POINT('Ctrl Pts',(5.44652546374475E-16,-4.8,-8.89485109916889));
#2156=CARTESIAN_POINT('Ctrl Pts',(4.8,-4.8,-8.89485109916889));
#2157=CARTESIAN_POINT('Ctrl Pts',(4.8,0.,-8.89485109916889));
#2158=CARTESIAN_POINT('Ctrl Pts',(3.6,0.,-9.78970219833778));
#2159=CARTESIAN_POINT('Ctrl Pts',(3.6,3.6,-9.78970219833778));
#2160=CARTESIAN_POINT('Ctrl Pts',(5.99446373090008E-16,3.6,-9.78970219833778));
#2161=CARTESIAN_POINT('Ctrl Pts',(-3.6,3.6,-9.78970219833778));
#2162=CARTESIAN_POINT('Ctrl Pts',(-3.6,0.,-9.78970219833778));
#2163=CARTESIAN_POINT('Ctrl Pts',(-3.6,-3.6,-9.78970219833778));
#2164=CARTESIAN_POINT('Ctrl Pts',(5.99446373090008E-16,-3.6,-9.78970219833778));
#2165=CARTESIAN_POINT('Ctrl Pts',(3.6,-3.6,-9.78970219833778));
#2166=CARTESIAN_POINT('Ctrl Pts',(3.6,0.,-9.78970219833778));
#2167=CARTESIAN_POINT('Ctrl Pts',(2.4,0.,-10.6845532975067));
#2168=CARTESIAN_POINT('Ctrl Pts',(2.4,2.4,-10.6845532975067));
#2169=CARTESIAN_POINT('Ctrl Pts',(6.54240199805542E-16,2.4,-10.6845532975067));
#2170=CARTESIAN_POINT('Ctrl Pts',(-2.4,2.4,-10.6845532975067));
#2171=CARTESIAN_POINT('Ctrl Pts',(-2.4,0.,-10.6845532975067));
#2172=CARTESIAN_POINT('Ctrl Pts',(-2.4,-2.4,-10.6845532975067));
#2173=CARTESIAN_POINT('Ctrl Pts',(6.54240199805542E-16,-2.4,-10.6845532975067));
#2174=CARTESIAN_POINT('Ctrl Pts',(2.4,-2.4,-10.6845532975067));
#2175=CARTESIAN_POINT('Ctrl Pts',(2.4,0.,-10.6845532975067));
#2176=CARTESIAN_POINT('Ctrl Pts',(1.2,0.,-11.5794043966756));
#2177=CARTESIAN_POINT('Ctrl Pts',(1.2,1.2,-11.5794043966756));
#2178=CARTESIAN_POINT('Ctrl Pts',(7.09034026521076E-16,1.2,-11.5794043966756));
#2179=CARTESIAN_POINT('Ctrl Pts',(-1.2,1.2,-11.5794043966756));
#2180=CARTESIAN_POINT('Ctrl Pts',(-1.2,0.,-11.5794043966756));
#2181=CARTESIAN_POINT('Ctrl Pts',(-1.2,-1.2,-11.5794043966756));
#2182=CARTESIAN_POINT('Ctrl Pts',(7.09034026521076E-16,-1.2,-11.5794043966756));
#2183=CARTESIAN_POINT('Ctrl Pts',(1.2,-1.2,-11.5794043966756));
#2184=CARTESIAN_POINT('Ctrl Pts',(1.2,0.,-11.5794043966756));
#2185=CARTESIAN_POINT('Ctrl Pts',(1.2490009027033E-15,0.,-12.4742554958445));
#2186=CARTESIAN_POINT('Ctrl Pts',(1.2490009027033E-15,4.85173049466692E-16,
-12.4742554958445));
#2187=CARTESIAN_POINT('Ctrl Pts',(7.63827853236609E-16,4.85173049466692E-16,
-12.4742554958445));
#2188=CARTESIAN_POINT('Ctrl Pts',(2.78654803769918E-16,4.85173049466692E-16,
-12.4742554958445));
#2189=CARTESIAN_POINT('Ctrl Pts',(2.78654803769917E-16,0.,-12.4742554958445));
#2190=CARTESIAN_POINT('Ctrl Pts',(2.78654803769918E-16,-4.85173049466692E-16,
-12.4742554958445));
#2191=CARTESIAN_POINT('Ctrl Pts',(7.63827853236609E-16,-4.85173049466692E-16,
-12.4742554958445));
#2192=CARTESIAN_POINT('Ctrl Pts',(1.2490009027033E-15,-4.85173049466692E-16,
-12.4742554958445));
#2193=CARTESIAN_POINT('Ctrl Pts',(1.2490009027033E-15,0.,-12.4742554958445));
#2194=CARTESIAN_POINT('',(7.32891294338122,0.,-6.52269689802365));
#2195=CARTESIAN_POINT('Ctrl Pts',(6.58266912426858,0.,-7.49649248470775));
#2196=CARTESIAN_POINT('Ctrl Pts',(6.5851664833126,0.,-7.49398407937555));
#2197=CARTESIAN_POINT('Ctrl Pts',(6.69687468146676,0.,-7.38158102486364));
#2198=CARTESIAN_POINT('Ctrl Pts',(6.86426756812304,0.,-7.1989840627662));
#2199=CARTESIAN_POINT('Ctrl Pts',(7.01836234753997,0.,-7.00737628086501));
#2200=CARTESIAN_POINT('Ctrl Pts',(7.15899163460088,0.,-6.80672831745683));
#2201=CARTESIAN_POINT('Ctrl Pts',(7.2843691799079,0.,-6.60023718185043));
#2202=CARTESIAN_POINT('Ctrl Pts',(7.32891294338123,0.,-6.52269689802365));
#2203=CARTESIAN_POINT('Ctrl Pts',(6.5409682386702,-0.739775168754961,-7.49649248470776));
#2204=CARTESIAN_POINT('Ctrl Pts',(6.54552059273018,-0.733789994320527,-7.49262456375826));
#2205=CARTESIAN_POINT('Ctrl Pts',(6.55007318686261,-0.727824181691274,-7.48873187785598));
#2206=CARTESIAN_POINT('Ctrl Pts',(6.74504624749254,-0.473178411220704,-7.32096045918792));
#2207=CARTESIAN_POINT('Ctrl Pts',(6.9094305206426,-0.292690129466647,-7.13582278610745));
#2208=CARTESIAN_POINT('Ctrl Pts',(7.12890769399588,-0.0992662669627317,
-6.84335765343332));
#2209=CARTESIAN_POINT('Ctrl Pts',(7.19628570200272,-0.0533871407956329,
-6.74122798737227));
#2210=CARTESIAN_POINT('Ctrl Pts',(7.27580962628158,-0.0135302541368539,
-6.6133101321097));
#2211=CARTESIAN_POINT('Ctrl Pts',(7.30255722122016,-0.0033698436241137,
-6.56857605185969));
#2212=CARTESIAN_POINT('Ctrl Pts',(7.32891294338123,0.,-6.52269689802365));
#2213=CARTESIAN_POINT('Ctrl Pts',(6.76542155630955E-16,0.,-7.1057443270108));
#2214=CARTESIAN_POINT('Ctrl Pts',(6.76542155630955E-16,2.41440803349292E-16,
-7.1057443270108));
#2215=CARTESIAN_POINT('Ctrl Pts',(4.35101352281662E-16,2.41440803349293E-16,
-7.1057443270108));
#2216=CARTESIAN_POINT('Ctrl Pts',(1.9366054893237E-16,2.41440803349292E-16,
-7.1057443270108));
#2217=CARTESIAN_POINT('Ctrl Pts',(1.9366054893237E-16,0.,-7.1057443270108));
#2218=CARTESIAN_POINT('Ctrl Pts',(1.9366054893237E-16,-2.41440803349292E-16,
-7.1057443270108));
#2219=CARTESIAN_POINT('Ctrl Pts',(4.35101352281662E-16,-2.41440803349293E-16,
-7.1057443270108));
#2220=CARTESIAN_POINT('Ctrl Pts',(6.76542155630955E-16,-2.41440803349292E-16,
-7.1057443270108));
#2221=CARTESIAN_POINT('Ctrl Pts',(6.76542155630955E-16,0.,-7.1057443270108));
#2222=CARTESIAN_POINT('Ctrl Pts',(1.2,0.,-5.68459546160864));
#2223=CARTESIAN_POINT('Ctrl Pts',(1.2,1.2,-5.68459546160864));
#2224=CARTESIAN_POINT('Ctrl Pts',(3.4808108182533E-16,1.2,-5.68459546160864));
#2225=CARTESIAN_POINT('Ctrl Pts',(-1.2,1.2,-5.68459546160864));
#2226=CARTESIAN_POINT('Ctrl Pts',(-1.2,0.,-5.68459546160864));
#2227=CARTESIAN_POINT('Ctrl Pts',(-1.2,-1.2,-5.68459546160864));
#2228=CARTESIAN_POINT('Ctrl Pts',(3.4808108182533E-16,-1.2,-5.68459546160864));
#2229=CARTESIAN_POINT('Ctrl Pts',(1.2,-1.2,-5.68459546160864));
#2230=CARTESIAN_POINT('Ctrl Pts',(1.2,0.,-5.68459546160864));
#2231=CARTESIAN_POINT('Ctrl Pts',(2.4,0.,-4.26344659620648));
#2232=CARTESIAN_POINT('Ctrl Pts',(2.4,2.4,-4.26344659620648));
#2233=CARTESIAN_POINT('Ctrl Pts',(2.61060811368997E-16,2.4,-4.26344659620648));
#2234=CARTESIAN_POINT('Ctrl Pts',(-2.4,2.4,-4.26344659620648));
#2235=CARTESIAN_POINT('Ctrl Pts',(-2.4,0.,-4.26344659620648));
#2236=CARTESIAN_POINT('Ctrl Pts',(-2.4,-2.4,-4.26344659620648));
#2237=CARTESIAN_POINT('Ctrl Pts',(2.61060811368997E-16,-2.4,-4.26344659620648));
#2238=CARTESIAN_POINT('Ctrl Pts',(2.4,-2.4,-4.26344659620648));
#2239=CARTESIAN_POINT('Ctrl Pts',(2.4,0.,-4.26344659620648));
#2240=CARTESIAN_POINT('Ctrl Pts',(3.6,0.,-2.84229773080432));
#2241=CARTESIAN_POINT('Ctrl Pts',(3.6,3.6,-2.84229773080432));
#2242=CARTESIAN_POINT('Ctrl Pts',(1.74040540912665E-16,3.6,-2.84229773080432));
#2243=CARTESIAN_POINT('Ctrl Pts',(-3.6,3.6,-2.84229773080432));
#2244=CARTESIAN_POINT('Ctrl Pts',(-3.6,0.,-2.84229773080432));
#2245=CARTESIAN_POINT('Ctrl Pts',(-3.6,-3.6,-2.84229773080432));
#2246=CARTESIAN_POINT('Ctrl Pts',(1.74040540912665E-16,-3.6,-2.84229773080432));
#2247=CARTESIAN_POINT('Ctrl Pts',(3.6,-3.6,-2.84229773080432));
#2248=CARTESIAN_POINT('Ctrl Pts',(3.6,0.,-2.84229773080432));
#2249=CARTESIAN_POINT('Ctrl Pts',(4.8,0.,-1.42114886540216));
#2250=CARTESIAN_POINT('Ctrl Pts',(4.8,4.8,-1.42114886540216));
#2251=CARTESIAN_POINT('Ctrl Pts',(8.70202704563324E-17,4.8,-1.42114886540216));
#2252=CARTESIAN_POINT('Ctrl Pts',(-4.8,4.8,-1.42114886540216));
#2253=CARTESIAN_POINT('Ctrl Pts',(-4.8,0.,-1.42114886540216));
#2254=CARTESIAN_POINT('Ctrl Pts',(-4.8,-4.8,-1.42114886540216));
#2255=CARTESIAN_POINT('Ctrl Pts',(8.70202704563324E-17,-4.8,-1.42114886540216));
#2256=CARTESIAN_POINT('Ctrl Pts',(4.8,-4.8,-1.42114886540216));
#2257=CARTESIAN_POINT('Ctrl Pts',(4.8,0.,-1.42114886540216));
#2258=CARTESIAN_POINT('Ctrl Pts',(6.,0.,0.));
#2259=CARTESIAN_POINT('Ctrl Pts',(6.,6.,-6.16297582203915E-32));
#2260=CARTESIAN_POINT('Ctrl Pts',(2.01144734454455E-32,6.,-3.67394039744206E-16));
#2261=CARTESIAN_POINT('Ctrl Pts',(-6.,6.,-7.34788079488412E-16));
#2262=CARTESIAN_POINT('Ctrl Pts',(-6.,0.,-7.34788079488412E-16));
#2263=CARTESIAN_POINT('Ctrl Pts',(-6.,-6.,-7.34788079488412E-16));
#2264=CARTESIAN_POINT('Ctrl Pts',(2.01144734454455E-32,-6.,-3.67394039744206E-16));
#2265=CARTESIAN_POINT('Ctrl Pts',(6.,-6.,-6.16297582203915E-32));
#2266=CARTESIAN_POINT('Ctrl Pts',(6.,0.,0.));
#2267=CARTESIAN_POINT('Ctrl Pts',(6.05885618313894,0.,0.0697028315748374));
#2268=CARTESIAN_POINT('Ctrl Pts',(6.05885618313894,6.05885618313894,0.0697028315748374));
#2269=CARTESIAN_POINT('Ctrl Pts',(-4.26806747898156E-18,6.05885618313894,
0.069702831574837));
#2270=CARTESIAN_POINT('Ctrl Pts',(-6.05885618313894,6.05885618313894,0.0697028315748366));
#2271=CARTESIAN_POINT('Ctrl Pts',(-6.05885618313894,0.,0.0697028315748366));
#2272=CARTESIAN_POINT('Ctrl Pts',(-6.05885618313894,-6.05885618313894,0.0697028315748366));
#2273=CARTESIAN_POINT('Ctrl Pts',(-4.26806747898156E-18,-6.05885618313894,
0.069702831574837));
#2274=CARTESIAN_POINT('Ctrl Pts',(6.05885618313894,-6.05885618313894,0.0697028315748374));
#2275=CARTESIAN_POINT('Ctrl Pts',(6.05885618313894,0.,0.0697028315748374));
#2276=CARTESIAN_POINT('Ctrl Pts',(6.1766506919515,0.,0.188685356209335));
#2277=CARTESIAN_POINT('Ctrl Pts',(6.1766506919515,6.1766506919515,0.188685356209335));
#2278=CARTESIAN_POINT('Ctrl Pts',(-1.1553645876387E-17,6.1766506919515,
0.188685356209335));
#2279=CARTESIAN_POINT('Ctrl Pts',(-6.1766506919515,6.1766506919515,0.188685356209335));
#2280=CARTESIAN_POINT('Ctrl Pts',(-6.1766506919515,0.,0.188685356209335));
#2281=CARTESIAN_POINT('Ctrl Pts',(-6.1766506919515,-6.1766506919515,0.188685356209335));
#2282=CARTESIAN_POINT('Ctrl Pts',(-1.1553645876387E-17,-6.1766506919515,
0.188685356209335));
#2283=CARTESIAN_POINT('Ctrl Pts',(6.1766506919515,-6.1766506919515,0.188685356209335));
#2284=CARTESIAN_POINT('Ctrl Pts',(6.1766506919515,0.,0.188685356209335));
#2285=CARTESIAN_POINT('Ctrl Pts',(6.35358737741476,0.,0.305895345515909));
#2286=CARTESIAN_POINT('Ctrl Pts',(6.35358737741476,6.35358737741476,0.305895345515909));
#2287=CARTESIAN_POINT('Ctrl Pts',(-1.87306877880066E-17,6.35358737741476,
0.305895345515909));
#2288=CARTESIAN_POINT('Ctrl Pts',(-6.35358737741476,6.35358737741476,0.305895345515908));
#2289=CARTESIAN_POINT('Ctrl Pts',(-6.35358737741476,0.,0.305895345515908));
#2290=CARTESIAN_POINT('Ctrl Pts',(-6.35358737741476,-6.35358737741476,0.305895345515908));
#2291=CARTESIAN_POINT('Ctrl Pts',(-1.87306877880066E-17,-6.35358737741476,
0.305895345515909));
#2292=CARTESIAN_POINT('Ctrl Pts',(6.35358737741476,-6.35358737741476,0.305895345515909));
#2293=CARTESIAN_POINT('Ctrl Pts',(6.35358737741476,0.,0.305895345515909));
#2294=CARTESIAN_POINT('Ctrl Pts',(6.59000955743787,0.,0.338708004151689));
#2295=CARTESIAN_POINT('Ctrl Pts',(6.59000955743787,6.59000955743787,0.338708004151689));
#2296=CARTESIAN_POINT('Ctrl Pts',(-2.07398836564977E-17,6.59000955743787,
0.338708004151689));
#2297=CARTESIAN_POINT('Ctrl Pts',(-6.59000955743787,6.59000955743787,0.338708004151689));
#2298=CARTESIAN_POINT('Ctrl Pts',(-6.59000955743787,0.,0.338708004151689));
#2299=CARTESIAN_POINT('Ctrl Pts',(-6.59000955743787,-6.59000955743787,0.338708004151689));
#2300=CARTESIAN_POINT('Ctrl Pts',(-2.07398836564977E-17,-6.59000955743787,
0.338708004151689));
#2301=CARTESIAN_POINT('Ctrl Pts',(6.59000955743787,-6.59000955743787,0.338708004151689));
#2302=CARTESIAN_POINT('Ctrl Pts',(6.59000955743787,0.,0.338708004151689));
#2303=CARTESIAN_POINT('Ctrl Pts',(6.88465054550444,0.,0.173041427956096));
#2304=CARTESIAN_POINT('Ctrl Pts',(6.88465054550444,6.88465054550444,0.173041427956096));
#2305=CARTESIAN_POINT('Ctrl Pts',(-1.0595731543316E-17,6.88465054550444,
0.173041427956096));
#2306=CARTESIAN_POINT('Ctrl Pts',(-6.88465054550444,6.88465054550444,0.173041427956095));
#2307=CARTESIAN_POINT('Ctrl Pts',(-6.88465054550444,0.,0.173041427956095));
#2308=CARTESIAN_POINT('Ctrl Pts',(-6.88465054550444,-6.88465054550444,0.173041427956095));
#2309=CARTESIAN_POINT('Ctrl Pts',(-1.0595731543316E-17,-6.88465054550444,
0.173041427956096));
#2310=CARTESIAN_POINT('Ctrl Pts',(6.88465054550444,-6.88465054550444,0.173041427956096));
#2311=CARTESIAN_POINT('Ctrl Pts',(6.88465054550444,0.,0.173041427956096));
#2312=CARTESIAN_POINT('Ctrl Pts',(7.17338226016204,0.,-0.193407843693148));
#2313=CARTESIAN_POINT('Ctrl Pts',(7.17338226016203,7.17338226016203,-0.193407843693148));
#2314=CARTESIAN_POINT('Ctrl Pts',(1.18428148354403E-17,7.17338226016204,
-0.193407843693148));
#2315=CARTESIAN_POINT('Ctrl Pts',(-7.17338226016203,7.17338226016203,-0.193407843693148));
#2316=CARTESIAN_POINT('Ctrl Pts',(-7.17338226016204,0.,-0.193407843693148));
#2317=CARTESIAN_POINT('Ctrl Pts',(-7.17338226016203,-7.17338226016203,-0.193407843693148));
#2318=CARTESIAN_POINT('Ctrl Pts',(1.18428148354403E-17,-7.17338226016204,
-0.193407843693148));
#2319=CARTESIAN_POINT('Ctrl Pts',(7.17338226016203,-7.17338226016203,-0.193407843693148));
#2320=CARTESIAN_POINT('Ctrl Pts',(7.17338226016204,0.,-0.193407843693148));
#2321=CARTESIAN_POINT('Ctrl Pts',(7.44555008457253,0.,-0.739289926902549));
#2322=CARTESIAN_POINT('Ctrl Pts',(7.44555008457253,7.44555008457253,-0.739289926902549));
#2323=CARTESIAN_POINT('Ctrl Pts',(4.52684521311544E-17,7.44555008457253,
-0.739289926902549));
#2324=CARTESIAN_POINT('Ctrl Pts',(-7.44555008457253,7.44555008457253,-0.73928992690255));
#2325=CARTESIAN_POINT('Ctrl Pts',(-7.44555008457253,0.,-0.73928992690255));
#2326=CARTESIAN_POINT('Ctrl Pts',(-7.44555008457253,-7.44555008457253,-0.73928992690255));
#2327=CARTESIAN_POINT('Ctrl Pts',(4.52684521311544E-17,-7.44555008457253,
-0.739289926902549));
#2328=CARTESIAN_POINT('Ctrl Pts',(7.44555008457253,-7.44555008457253,-0.739289926902549));
#2329=CARTESIAN_POINT('Ctrl Pts',(7.44555008457253,0.,-0.739289926902549));
#2330=CARTESIAN_POINT('Ctrl Pts',(7.68543175042073,0.,-1.42881933081015));
#2331=CARTESIAN_POINT('Ctrl Pts',(7.68543175042073,7.68543175042073,-1.42881933081015));
#2332=CARTESIAN_POINT('Ctrl Pts',(8.74899510018254E-17,7.68543175042073,
-1.42881933081015));
#2333=CARTESIAN_POINT('Ctrl Pts',(-7.68543175042073,7.68543175042073,-1.42881933081015));
#2334=CARTESIAN_POINT('Ctrl Pts',(-7.68543175042073,0.,-1.42881933081015));
#2335=CARTESIAN_POINT('Ctrl Pts',(-7.68543175042073,-7.68543175042073,-1.42881933081015));
#2336=CARTESIAN_POINT('Ctrl Pts',(8.74899510018254E-17,-7.68543175042073,
-1.42881933081015));
#2337=CARTESIAN_POINT('Ctrl Pts',(7.68543175042073,-7.68543175042073,-1.42881933081015));
#2338=CARTESIAN_POINT('Ctrl Pts',(7.68543175042073,0.,-1.42881933081015));
#2339=CARTESIAN_POINT('Ctrl Pts',(7.87473212779113,0.,-2.21896130580053));
#2340=CARTESIAN_POINT('Ctrl Pts',(7.87473212779113,7.87473212779113,-2.21896130580053));
#2341=CARTESIAN_POINT('Ctrl Pts',(1.35872193029022E-16,7.87473212779113,
-2.21896130580053));
#2342=CARTESIAN_POINT('Ctrl Pts',(-7.87473212779113,7.87473212779113,-2.21896130580053));
#2343=CARTESIAN_POINT('Ctrl Pts',(-7.87473212779113,0.,-2.21896130580053));
#2344=CARTESIAN_POINT('Ctrl Pts',(-7.87473212779113,-7.87473212779113,-2.21896130580053));
#2345=CARTESIAN_POINT('Ctrl Pts',(1.35872193029022E-16,-7.87473212779113,
-2.21896130580053));
#2346=CARTESIAN_POINT('Ctrl Pts',(7.87473212779113,-7.87473212779113,-2.21896130580053));
#2347=CARTESIAN_POINT('Ctrl Pts',(7.87473212779113,0.,-2.21896130580053));
#2348=CARTESIAN_POINT('Ctrl Pts',(7.99448109477853,0.,-3.06400419682803));
#2349=CARTESIAN_POINT('Ctrl Pts',(7.99448109477853,7.99448109477853,-3.06400419682803));
#2350=CARTESIAN_POINT('Ctrl Pts',(1.87616146610975E-16,7.99448109477853,
-3.06400419682803));
#2351=CARTESIAN_POINT('Ctrl Pts',(-7.99448109477853,7.99448109477853,-3.06400419682803));
#2352=CARTESIAN_POINT('Ctrl Pts',(-7.99448109477853,0.,-3.06400419682803));
#2353=CARTESIAN_POINT('Ctrl Pts',(-7.99448109477853,-7.99448109477853,-3.06400419682803));
#2354=CARTESIAN_POINT('Ctrl Pts',(1.87616146610975E-16,-7.99448109477853,
-3.06400419682803));
#2355=CARTESIAN_POINT('Ctrl Pts',(7.99448109477853,-7.99448109477853,-3.06400419682803));
#2356=CARTESIAN_POINT('Ctrl Pts',(7.99448109477853,0.,-3.06400419682803));
#2357=CARTESIAN_POINT('Ctrl Pts',(8.02735733884222,0.,-3.92078425103416));
#2358=CARTESIAN_POINT('Ctrl Pts',(8.02735733884222,8.02735733884222,-3.92078425103416));
#2359=CARTESIAN_POINT('Ctrl Pts',(2.40078794158817E-16,8.02735733884222,
-3.92078425103416));
#2360=CARTESIAN_POINT('Ctrl Pts',(-8.02735733884222,8.02735733884222,-3.92078425103416));
#2361=CARTESIAN_POINT('Ctrl Pts',(-8.02735733884222,0.,-3.92078425103416));
#2362=CARTESIAN_POINT('Ctrl Pts',(-8.02735733884222,-8.02735733884222,-3.92078425103416));
#2363=CARTESIAN_POINT('Ctrl Pts',(2.40078794158817E-16,-8.02735733884222,
-3.92078425103416));
#2364=CARTESIAN_POINT('Ctrl Pts',(8.02735733884222,-8.02735733884222,-3.92078425103416));
#2365=CARTESIAN_POINT('Ctrl Pts',(8.02735733884222,0.,-3.92078425103416));
#2366=CARTESIAN_POINT('Ctrl Pts',(7.95994766071204,0.,-4.75320852486086));
#2367=CARTESIAN_POINT('Ctrl Pts',(7.95994766071204,7.95994766071204,-4.75320852486086));
#2368=CARTESIAN_POINT('Ctrl Pts',(2.91050080282538E-16,7.95994766071204,
-4.75320852486086));
#2369=CARTESIAN_POINT('Ctrl Pts',(-7.95994766071204,7.95994766071204,-4.75320852486086));
#2370=CARTESIAN_POINT('Ctrl Pts',(-7.95994766071204,0.,-4.75320852486086));
#2371=CARTESIAN_POINT('Ctrl Pts',(-7.95994766071204,-7.95994766071204,-4.75320852486086));
#2372=CARTESIAN_POINT('Ctrl Pts',(2.91050080282538E-16,-7.95994766071204,
-4.75320852486086));
#2373=CARTESIAN_POINT('Ctrl Pts',(7.95994766071204,-7.95994766071204,-4.75320852486086));
#2374=CARTESIAN_POINT('Ctrl Pts',(7.95994766071204,0.,-4.75320852486086));
#2375=CARTESIAN_POINT('Ctrl Pts',(7.78578712859761,0.,-5.53772739078396));
#2376=CARTESIAN_POINT('Ctrl Pts',(7.78578712859761,7.78578712859761,-5.53772739078396));
#2377=CARTESIAN_POINT('Ctrl Pts',(3.3908800618371E-16,7.78578712859761,
-5.53772739078396));
#2378=CARTESIAN_POINT('Ctrl Pts',(-7.78578712859761,7.78578712859761,-5.53772739078396));
#2379=CARTESIAN_POINT('Ctrl Pts',(-7.78578712859761,0.,-5.53772739078396));
#2380=CARTESIAN_POINT('Ctrl Pts',(-7.78578712859761,-7.78578712859761,-5.53772739078396));
#2381=CARTESIAN_POINT('Ctrl Pts',(3.3908800618371E-16,-7.78578712859761,
-5.53772739078396));
#2382=CARTESIAN_POINT('Ctrl Pts',(7.78578712859761,-7.78578712859761,-5.53772739078396));
#2383=CARTESIAN_POINT('Ctrl Pts',(7.78578712859761,0.,-5.53772739078396));
#2384=CARTESIAN_POINT('Ctrl Pts',(7.50339611881947,0.,-6.26081745225762));
#2385=CARTESIAN_POINT('Ctrl Pts',(7.50339611881947,7.50339611881947,-6.26081745225762));
#2386=CARTESIAN_POINT('Ctrl Pts',(3.83364502647659E-16,7.50339611881947,
-6.26081745225762));
#2387=CARTESIAN_POINT('Ctrl Pts',(-7.50339611881947,7.50339611881947,-6.26081745225762));
#2388=CARTESIAN_POINT('Ctrl Pts',(-7.50339611881947,0.,-6.26081745225762));
#2389=CARTESIAN_POINT('Ctrl Pts',(-7.50339611881947,-7.50339611881947,-6.26081745225762));
#2390=CARTESIAN_POINT('Ctrl Pts',(3.83364502647659E-16,-7.50339611881947,
-6.26081745225762));
#2391=CARTESIAN_POINT('Ctrl Pts',(7.50339611881947,-7.50339611881947,-6.26081745225762));
#2392=CARTESIAN_POINT('Ctrl Pts',(7.50339611881947,0.,-6.26081745225762));
#2393=CARTESIAN_POINT('Ctrl Pts',(7.11413885300279,0.,-6.91597155071351));
#2394=CARTESIAN_POINT('Ctrl Pts',(7.11413885300279,7.11413885300279,-6.91597155071351));
#2395=CARTESIAN_POINT('Ctrl Pts',(4.23481121128773E-16,7.11413885300279,
-6.91597155071351));
#2396=CARTESIAN_POINT('Ctrl Pts',(-7.11413885300279,7.11413885300279,-6.91597155071351));
#2397=CARTESIAN_POINT('Ctrl Pts',(-7.11413885300279,0.,-6.91597155071351));
#2398=CARTESIAN_POINT('Ctrl Pts',(-7.11413885300279,-7.11413885300279,-6.91597155071351));
#2399=CARTESIAN_POINT('Ctrl Pts',(4.23481121128773E-16,-7.11413885300279,
-6.91597155071351));
#2400=CARTESIAN_POINT('Ctrl Pts',(7.11413885300279,-7.11413885300279,-6.91597155071351));
#2401=CARTESIAN_POINT('Ctrl Pts',(7.11413885300279,0.,-6.91597155071351));
#2402=CARTESIAN_POINT('Ctrl Pts',(6.71931320083484,0.,-7.38422175524235));
#2403=CARTESIAN_POINT('Ctrl Pts',(6.71931320083484,6.71931320083484,-7.38422175524235));
#2404=CARTESIAN_POINT('Ctrl Pts',(4.52153176837589E-16,6.71931320083484,
-7.38422175524235));
#2405=CARTESIAN_POINT('Ctrl Pts',(-6.71931320083484,6.71931320083484,-7.38422175524235));
#2406=CARTESIAN_POINT('Ctrl Pts',(-6.71931320083484,0.,-7.38422175524235));
#2407=CARTESIAN_POINT('Ctrl Pts',(-6.71931320083484,-6.71931320083484,-7.38422175524235));
#2408=CARTESIAN_POINT('Ctrl Pts',(4.52153176837589E-16,-6.71931320083484,
-7.38422175524235));
#2409=CARTESIAN_POINT('Ctrl Pts',(6.71931320083484,-6.71931320083484,-7.38422175524235));
#2410=CARTESIAN_POINT('Ctrl Pts',(6.71931320083484,0.,-7.38422175524235));
#2411=CARTESIAN_POINT('Ctrl Pts',(6.37735396895237,0.,-7.70417089480638));
#2412=CARTESIAN_POINT('Ctrl Pts',(6.37735396895237,6.37735396895237,-7.70417089480638));
#2413=CARTESIAN_POINT('Ctrl Pts',(4.71744411320441E-16,6.37735396895237,
-7.70417089480638));
#2414=CARTESIAN_POINT('Ctrl Pts',(-6.37735396895237,6.37735396895237,-7.70417089480638));
#2415=CARTESIAN_POINT('Ctrl Pts',(-6.37735396895237,0.,-7.70417089480638));
#2416=CARTESIAN_POINT('Ctrl Pts',(-6.37735396895237,-6.37735396895237,-7.70417089480638));
#2417=CARTESIAN_POINT('Ctrl Pts',(4.71744411320441E-16,-6.37735396895237,
-7.70417089480638));
#2418=CARTESIAN_POINT('Ctrl Pts',(6.37735396895237,-6.37735396895237,-7.70417089480638));
#2419=CARTESIAN_POINT('Ctrl Pts',(6.37735396895237,0.,-7.70417089480638));
#2420=CARTESIAN_POINT('Ctrl Pts',(6.12915560893875,0.,-7.90368746781444));
#2421=CARTESIAN_POINT('Ctrl Pts',(6.12915560893875,6.12915560893875,-7.90368746781444));
#2422=CARTESIAN_POINT('Ctrl Pts',(4.83961277946E-16,6.12915560893875,-7.90368746781444));
#2423=CARTESIAN_POINT('Ctrl Pts',(-6.12915560893875,6.12915560893875,-7.90368746781444));
#2424=CARTESIAN_POINT('Ctrl Pts',(-6.12915560893875,0.,-7.90368746781444));
#2425=CARTESIAN_POINT('Ctrl Pts',(-6.12915560893875,-6.12915560893875,-7.90368746781444));
#2426=CARTESIAN_POINT('Ctrl Pts',(4.83961277946E-16,-6.12915560893875,-7.90368746781444));
#2427=CARTESIAN_POINT('Ctrl Pts',(6.12915560893875,-6.12915560893875,-7.90368746781444));
#2428=CARTESIAN_POINT('Ctrl Pts',(6.12915560893875,0.,-7.90368746781444));
#2429=CARTESIAN_POINT('Ctrl Pts',(6.,0.,-8.));
#2430=CARTESIAN_POINT('Ctrl Pts',(6.,6.,-8.));
#2431=CARTESIAN_POINT('Ctrl Pts',(4.89858719658941E-16,6.,-8.));
#2432=CARTESIAN_POINT('Ctrl Pts',(-6.,6.,-8.));
#2433=CARTESIAN_POINT('Ctrl Pts',(-6.,0.,-8.));
#2434=CARTESIAN_POINT('Ctrl Pts',(-6.,-6.,-8.));
#2435=CARTESIAN_POINT('Ctrl Pts',(4.89858719658941E-16,-6.,-8.));
#2436=CARTESIAN_POINT('Ctrl Pts',(6.,-6.,-8.));
#2437=CARTESIAN_POINT('Ctrl Pts',(6.,0.,-8.));
#2438=CARTESIAN_POINT('Ctrl Pts',(4.8,0.,-8.89485109916889));
#2439=CARTESIAN_POINT('Ctrl Pts',(4.8,4.8,-8.89485109916889));
#2440=CARTESIAN_POINT('Ctrl Pts',(5.44652546374475E-16,4.8,-8.89485109916889));
#2441=CARTESIAN_POINT('Ctrl Pts',(-4.8,4.8,-8.89485109916889));
#2442=CARTESIAN_POINT('Ctrl Pts',(-4.8,0.,-8.89485109916889));
#2443=CARTESIAN_POINT('Ctrl Pts',(-4.8,-4.8,-8.89485109916889));
#2444=CARTESIAN_POINT('Ctrl Pts',(5.44652546374475E-16,-4.8,-8.89485109916889));
#2445=CARTESIAN_POINT('Ctrl Pts',(4.8,-4.8,-8.89485109916889));
#2446=CARTESIAN_POINT('Ctrl Pts',(4.8,0.,-8.89485109916889));
#2447=CARTESIAN_POINT('Ctrl Pts',(3.6,0.,-9.78970219833778));
#2448=CARTESIAN_POINT('Ctrl Pts',(3.6,3.6,-9.78970219833778));
#2449=CARTESIAN_POINT('Ctrl Pts',(5.99446373090008E-16,3.6,-9.78970219833778));
#2450=CARTESIAN_POINT('Ctrl Pts',(-3.6,3.6,-9.78970219833778));
#2451=CARTESIAN_POINT('Ctrl Pts',(-3.6,0.,-9.78970219833778));
#2452=CARTESIAN_POINT('Ctrl Pts',(-3.6,-3.6,-9.78970219833778));
#2453=CARTESIAN_POINT('Ctrl Pts',(5.99446373090008E-16,-3.6,-9.78970219833778));
#2454=CARTESIAN_POINT('Ctrl Pts',(3.6,-3.6,-9.78970219833778));
#2455=CARTESIAN_POINT('Ctrl Pts',(3.6,0.,-9.78970219833778));
#2456=CARTESIAN_POINT('Ctrl Pts',(2.4,0.,-10.6845532975067));
#2457=CARTESIAN_POINT('Ctrl Pts',(2.4,2.4,-10.6845532975067));
#2458=CARTESIAN_POINT('Ctrl Pts',(6.54240199805542E-16,2.4,-10.6845532975067));
#2459=CARTESIAN_POINT('Ctrl Pts',(-2.4,2.4,-10.6845532975067));
#2460=CARTESIAN_POINT('Ctrl Pts',(-2.4,0.,-10.6845532975067));
#2461=CARTESIAN_POINT('Ctrl Pts',(-2.4,-2.4,-10.6845532975067));
#2462=CARTESIAN_POINT('Ctrl Pts',(6.54240199805542E-16,-2.4,-10.6845532975067));
#2463=CARTESIAN_POINT('Ctrl Pts',(2.4,-2.4,-10.6845532975067));
#2464=CARTESIAN_POINT('Ctrl Pts',(2.4,0.,-10.6845532975067));
#2465=CARTESIAN_POINT('Ctrl Pts',(1.2,0.,-11.5794043966756));
#2466=CARTESIAN_POINT('Ctrl Pts',(1.2,1.2,-11.5794043966756));
#2467=CARTESIAN_POINT('Ctrl Pts',(7.09034026521076E-16,1.2,-11.5794043966756));
#2468=CARTESIAN_POINT('Ctrl Pts',(-1.2,1.2,-11.5794043966756));
#2469=CARTESIAN_POINT('Ctrl Pts',(-1.2,0.,-11.5794043966756));
#2470=CARTESIAN_POINT('Ctrl Pts',(-1.2,-1.2,-11.5794043966756));
#2471=CARTESIAN_POINT('Ctrl Pts',(7.09034026521076E-16,-1.2,-11.5794043966756));
#2472=CARTESIAN_POINT('Ctrl Pts',(1.2,-1.2,-11.5794043966756));
#2473=CARTESIAN_POINT('Ctrl Pts',(1.2,0.,-11.5794043966756));
#2474=CARTESIAN_POINT('Ctrl Pts',(1.2490009027033E-15,0.,-12.4742554958445));
#2475=CARTESIAN_POINT('Ctrl Pts',(1.2490009027033E-15,4.85173049466692E-16,
-12.4742554958445));
#2476=CARTESIAN_POINT('Ctrl Pts',(7.63827853236609E-16,4.85173049466692E-16,
-12.4742554958445));
#2477=CARTESIAN_POINT('Ctrl Pts',(2.78654803769918E-16,4.85173049466692E-16,
-12.4742554958445));
#2478=CARTESIAN_POINT('Ctrl Pts',(2.78654803769917E-16,0.,-12.4742554958445));
#2479=CARTESIAN_POINT('Ctrl Pts',(2.78654803769918E-16,-4.85173049466692E-16,
-12.4742554958445));
#2480=CARTESIAN_POINT('Ctrl Pts',(7.63827853236609E-16,-4.85173049466692E-16,
-12.4742554958445));
#2481=CARTESIAN_POINT('Ctrl Pts',(1.2490009027033E-15,-4.85173049466692E-16,
-12.4742554958445));
#2482=CARTESIAN_POINT('Ctrl Pts',(1.2490009027033E-15,0.,-12.4742554958445));
#2483=CARTESIAN_POINT('',(-7.32891294338124,8.97532977734144E-16,-6.52269689802363));
#2484=CARTESIAN_POINT('Ctrl Pts',(-7.32891294338124,8.97532977734144E-16,
-6.52269689802363));
#2485=CARTESIAN_POINT('Ctrl Pts',(-7.3025572212202,-0.0033698436240915,
-6.56857605185963));
#2486=CARTESIAN_POINT('Ctrl Pts',(-7.27580962628159,-0.0135302541368495,
-6.61331013210968));
#2487=CARTESIAN_POINT('Ctrl Pts',(-7.19628570200284,-0.0533871407955832,
-6.74122798737208));
#2488=CARTESIAN_POINT('Ctrl Pts',(-7.12890769399601,-0.0992662669626218,
-6.84335765343315));
#2489=CARTESIAN_POINT('Ctrl Pts',(-6.9094305206446,-0.292690129464877,-7.13582278610479));
#2490=CARTESIAN_POINT('Ctrl Pts',(-6.74504624749485,-0.47317841121769,-7.32096045918594));
#2491=CARTESIAN_POINT('Ctrl Pts',(-6.55007318686265,-0.727824181691228,
-7.48873187785595));
#2492=CARTESIAN_POINT('Ctrl Pts',(-6.54552059273021,-0.733789994320499,
-7.49262456375824));
#2493=CARTESIAN_POINT('Ctrl Pts',(-6.54096823867022,-0.739775168754945,
-7.49649248470775));
#2494=CARTESIAN_POINT('',(-7.24041843359558,8.86695525919032E-16,-0.36060281152394));
#2495=CARTESIAN_POINT('Ctrl Pts',(-7.24041843359558,8.86695525919032E-16,
-0.360602811523941));
#2496=CARTESIAN_POINT('Ctrl Pts',(-7.28119001637022,8.91688604753145E-16,
-0.434639204669864));
#2497=CARTESIAN_POINT('Ctrl Pts',(-7.37548960591746,9.03236973803139E-16,
-0.619294698417247));
#2498=CARTESIAN_POINT('Ctrl Pts',(-7.51803278454485,9.20693478547771E-16,
-0.948451622404299));
#2499=CARTESIAN_POINT('Ctrl Pts',(-7.6951672191846,9.42386190387806E-16,
-1.46945529056575));
#2500=CARTESIAN_POINT('Ctrl Pts',(-7.87473212779113,9.64376549444223E-16,
-2.21896130580053));
#2501=CARTESIAN_POINT('Ctrl Pts',(-7.99448109477853,9.79041568356456E-16,
-3.06400419682803));
#2502=CARTESIAN_POINT('Ctrl Pts',(-8.02735733884222,9.83067747062514E-16,
-3.92078425103416));
#2503=CARTESIAN_POINT('Ctrl Pts',(-7.95994766071204,9.74812442407147E-16,
-4.75320852486086));
#2504=CARTESIAN_POINT('Ctrl Pts',(-7.80622646099484,9.5598702488767E-16,
-5.44565692178721));
#2505=CARTESIAN_POINT('Ctrl Pts',(-7.62429331373094,9.33706640242116E-16,
-5.94541938003735));
#2506=CARTESIAN_POINT('Ctrl Pts',(-7.46446813695677,9.14133701126152E-16,
-6.27935068646374));
#2507=CARTESIAN_POINT('Ctrl Pts',(-7.36027934564254,9.01374254147151E-16,
-6.46809532096059));
#2508=CARTESIAN_POINT('Ctrl Pts',(-7.32891294338124,8.97532977734144E-16,
-6.52269689802363));
#2509=CARTESIAN_POINT('',(-6.99784261757754,-0.173777730493457,-2.75559934022744E-16));
#2510=CARTESIAN_POINT('Ctrl Pts',(-6.99784261757754,-0.173777730493453,
7.19609771747531E-16));
#2511=CARTESIAN_POINT('Ctrl Pts',(-7.07590776378444,-0.0921030196236259,
-0.0908466123174054));
#2512=CARTESIAN_POINT('Ctrl Pts',(-7.13819104064877,-0.0441153429409467,
-0.186358349531042));
#2513=CARTESIAN_POINT('Ctrl Pts',(-7.20350562956516,-0.00970987258132093,
-0.294955037872272));
#2514=CARTESIAN_POINT('Ctrl Pts',(-7.22212546162702,-0.00238844788539989,
-0.327384928569584));
#2515=CARTESIAN_POINT('Ctrl Pts',(-7.24041843359558,8.86695525919032E-16,
-0.36060281152394));
#2516=CARTESIAN_POINT('',(-7.,8.57252759403147E-16,-8.92858421655897E-16));
#2517=CARTESIAN_POINT('Ctrl Pts',(-7.,8.57252759403147E-16,-2.80457203640859E-16));
#2518=CARTESIAN_POINT('Ctrl Pts',(-7.,-0.0579192276204244,-2.80457203640859E-16));
#2519=CARTESIAN_POINT('Ctrl Pts',(-6.999281148368,-0.115849640147532,-2.80325102066949E-16));
#2520=CARTESIAN_POINT('Ctrl Pts',(-6.99784261757754,-0.173777730493457,
-2.80325102066949E-16));
#2521=CARTESIAN_POINT('',(7.,0.,1.30104260698261E-17));
#2522=CARTESIAN_POINT('Origin',(6.52094105975275E-29,0.,-1.06498939230846E-12));
#2523=CARTESIAN_POINT('',(7.24041843359558,0.,-0.36060281152395));
#2524=CARTESIAN_POINT('Ctrl Pts',(7.24041843359558,0.,-0.360602811523951));
#2525=CARTESIAN_POINT('Ctrl Pts',(7.22630515284303,0.,-0.334974755626532));
#2526=CARTESIAN_POINT('Ctrl Pts',(7.17924051297375,0.,-0.251785114076368));
#2527=CARTESIAN_POINT('Ctrl Pts',(7.13145771196113,0.,-0.174856617266727));
#2528=CARTESIAN_POINT('Ctrl Pts',(7.08310007734152,0.,-0.104504334123889));
#2529=CARTESIAN_POINT('Ctrl Pts',(7.03428854504463,0.,-0.0409795493074834));
#2530=CARTESIAN_POINT('Ctrl Pts',(7.00000000000089,0.,-1.06455816384354E-12));
#2531=CARTESIAN_POINT('Ctrl Pts',(7.32891294338123,0.,-6.52269689802365));
#2532=CARTESIAN_POINT('Ctrl Pts',(7.36027934564253,0.,-6.46809532096061));
#2533=CARTESIAN_POINT('Ctrl Pts',(7.46446813695677,0.,-6.27935068646375));
#2534=CARTESIAN_POINT('Ctrl Pts',(7.62429331373094,0.,-5.94541938003736));
#2535=CARTESIAN_POINT('Ctrl Pts',(7.80622646099484,0.,-5.44565692178722));
#2536=CARTESIAN_POINT('Ctrl Pts',(7.95994766071204,0.,-4.75320852486086));
#2537=CARTESIAN_POINT('Ctrl Pts',(8.02735733884222,0.,-3.92078425103416));
#2538=CARTESIAN_POINT('Ctrl Pts',(7.99448109477853,0.,-3.06400419682803));
#2539=CARTESIAN_POINT('Ctrl Pts',(7.87473212779113,0.,-2.21896130580053));
#2540=CARTESIAN_POINT('Ctrl Pts',(7.6951672191846,0.,-1.46945529056575));
#2541=CARTESIAN_POINT('Ctrl Pts',(7.51803278454485,0.,-0.948451622404304));
#2542=CARTESIAN_POINT('Ctrl Pts',(7.37548960591746,0.,-0.619294698417254));
#2543=CARTESIAN_POINT('Ctrl Pts',(7.28119001637022,0.,-0.434639204669872));
#2544=CARTESIAN_POINT('Ctrl Pts',(7.24041843359558,0.,-0.360602811523951));
#2545=CARTESIAN_POINT('Ctrl Pts',(-7.32891342373801,8.97531450651267E-16,
-6.5227008690761));
#2546=CARTESIAN_POINT('Ctrl Pts',(-7.32891294338121,8.97532977734141E-16,
-6.52269689802368));
#2547=CARTESIAN_POINT('Ctrl Pts',(-7.33104823500752,8.94631499094707E-16,
-6.5183606307727));
#2548=CARTESIAN_POINT('Ctrl Pts',(-7.34530095872499,9.08472196509927E-16,
-6.49519214316615));
#2549=CARTESIAN_POINT('Ctrl Pts',(-7.39402445957785,1.0889203829459E-15,
-6.40067729583153));
#2550=CARTESIAN_POINT('Ctrl Pts',(-7.53635901714204,1.10223630517362E-15,
-6.15168761451748));
#2551=CARTESIAN_POINT('Ctrl Pts',(-7.78913387604859,1.1086114677946E-15,
-5.47318717189702));
#2552=CARTESIAN_POINT('Ctrl Pts',(-7.93601798832295,1.10909481952619E-15,
-4.81604968116265));
#2553=CARTESIAN_POINT('Ctrl Pts',(-7.9984051985552,1.11043189965735E-15,
-4.17065465951833));
#2554=CARTESIAN_POINT('Ctrl Pts',(-8.01344879845907,1.11057176745533E-15,
-3.47630714570112));
#2555=CARTESIAN_POINT('Ctrl Pts',(-7.93430027952708,1.10724242483679E-15,
-2.54841033191921));
#2556=CARTESIAN_POINT('Ctrl Pts',(-7.73791063466954,1.10892535156664E-15,
-1.6486183250586));
#2557=CARTESIAN_POINT('Ctrl Pts',(-7.59206292338926,1.1076234757985E-15,
-1.18560114508147));
#2558=CARTESIAN_POINT('Ctrl Pts',(-7.46520470694456,1.10548566617518E-15,
-0.83422640960163));
#2559=CARTESIAN_POINT('Ctrl Pts',(-7.35806128088297,1.09761031844998E-15,
-0.588819341802071));
#2560=CARTESIAN_POINT('Ctrl Pts',(-7.28360477155369,1.08490749611369E-15,
-0.440659735590678));
#2561=CARTESIAN_POINT('Ctrl Pts',(-7.24730704601865,9.35344155668425E-16,
-0.372908892787362));
#2562=CARTESIAN_POINT('Ctrl Pts',(-7.24041843359556,8.8669552591903E-16,
-0.360602811523909));
#2563=CARTESIAN_POINT('Ctrl Pts',(-7.24041887612366,8.86696360557378E-16,
-0.360598836078163));
#2564=CARTESIAN_POINT('Ctrl Pts',(-6.46313556116079,2.25219483750165E-16,
-8.0298130173965));
#2565=CARTESIAN_POINT('Ctrl Pts',(-6.46313556116079,-0.0265496803129252,
-8.0298130173965));
#2566=CARTESIAN_POINT('Ctrl Pts',(-6.46517561439452,-0.0798675806248539,
-8.01933195338692));
#2567=CARTESIAN_POINT('Ctrl Pts',(-6.47776263500688,-0.187246215610326,
-7.95738209828449));
#2568=CARTESIAN_POINT('Ctrl Pts',(-6.52018788235375,-0.377503175690854,
-7.73181744484443));
#2569=CARTESIAN_POINT('Ctrl Pts',(-6.61210242041733,-0.609011101204085,
-7.15448905671081));
#2570=CARTESIAN_POINT('Ctrl Pts',(-6.74320318273819,-0.75579472740582,-6.02999375384483));
#2571=CARTESIAN_POINT('Ctrl Pts',(-6.81812625386102,-0.795110425887229,
-5.10789367139822));
#2572=CARTESIAN_POINT('Ctrl Pts',(-6.84979989215085,-0.807058078919061,
-4.27294484318918));
#2573=CARTESIAN_POINT('Ctrl Pts',(-6.85747999578527,-0.808840842749714,
-3.40411981008039));
#2574=CARTESIAN_POINT('Ctrl Pts',(-6.81716861117478,-0.798281563106409,
-2.27546203827849));
#2575=CARTESIAN_POINT('Ctrl Pts',(-6.71904873989275,-0.760046075015643,
-1.13904653898353));
#2576=CARTESIAN_POINT('Ctrl Pts',(-6.64618304334727,-0.700475833846948,
-0.48202442999439));
#2577=CARTESIAN_POINT('Ctrl Pts',(-6.58114920236815,-0.62106907220027,0.0660680206835365));
#2578=CARTESIAN_POINT('Ctrl Pts',(-6.52235481923085,-0.50653147204971,0.524199645224184));
#2579=CARTESIAN_POINT('Ctrl Pts',(-6.4705128990521,-0.334483372567917,0.880205532389289));
#2580=CARTESIAN_POINT('Ctrl Pts',(-6.43822617147409,-0.16411301291806,1.07033647013891));
#2581=CARTESIAN_POINT('Ctrl Pts',(-6.4310085931386,-0.0548241544887706,
1.10919014440542));
#2582=CARTESIAN_POINT('Ctrl Pts',(-6.4310085931386,2.07189841105054E-15,
1.10919014440542));
#2583=CARTESIAN_POINT('Ctrl Pts',(-6.00000000000001,-5.93894698883602E-16,
-9.76579280856462));
#2584=CARTESIAN_POINT('Ctrl Pts',(-6.00000000000001,-0.0677194119846513,
-9.76579280856462));
#2585=CARTESIAN_POINT('Ctrl Pts',(-5.99897359293231,-0.203658959743325,
-9.74691438057277));
#2586=CARTESIAN_POINT('Ctrl Pts',(-5.99263960922209,-0.473080105650632,
-9.63344285861181));
#2587=CARTESIAN_POINT('Ctrl Pts',(-5.97187430515396,-0.935267534116095,
-9.23399944754551));
#2588=CARTESIAN_POINT('Ctrl Pts',(-5.91976245025811,-1.42721429090558,-8.25763126290359));
#2589=CARTESIAN_POINT('Ctrl Pts',(-5.88266655615387,-1.73459584415895,-6.63855138298178));
#2590=CARTESIAN_POINT('Ctrl Pts',(-5.8759882775999,-1.8282129035889,-5.42731362066283));
#2591=CARTESIAN_POINT('Ctrl Pts',(-5.87473575062973,-1.85936423336993,-4.38502581809559));
#2592=CARTESIAN_POINT('Ctrl Pts',(-5.87485878678283,-1.86505427937878,-3.32499507488041));
#2593=CARTESIAN_POINT('Ctrl Pts',(-5.87468815190942,-1.83323794198554,-1.97653356188882));
#2594=CARTESIAN_POINT('Ctrl Pts',(-5.87975644406684,-1.73262882592518,-0.58402734480056));
#2595=CARTESIAN_POINT('Ctrl Pts',(-5.89398535202291,-1.59981409088476,0.284675545105886));
#2596=CARTESIAN_POINT('Ctrl Pts',(-5.91380898315534,-1.42973079466715,1.0512166309525));
#2597=CARTESIAN_POINT('Ctrl Pts',(-5.94212568261018,-1.18958902435363,1.75279177463582));
#2598=CARTESIAN_POINT('Ctrl Pts',(-5.9751543958012,-0.812183846484686,2.362774954938));
#2599=CARTESIAN_POINT('Ctrl Pts',(-5.99548964454969,-0.409027013780694,
2.71108116014426));
#2600=CARTESIAN_POINT('Ctrl Pts',(-5.99999999999999,-0.1368224370081,2.78534213324175));
#2601=CARTESIAN_POINT('Ctrl Pts',(-5.99999999999999,3.54361968853733E-15,
2.78534213324175));
#2602=CARTESIAN_POINT('Ctrl Pts',(-6.00000000000001,-1.45281869183077E-15,
-11.5038864403457));
#2603=CARTESIAN_POINT('Ctrl Pts',(-6.00000000000001,-0.118119821708114,
-11.5038864403457));
#2604=CARTESIAN_POINT('Ctrl Pts',(-5.99309868696309,-0.355152343965938,
-11.4765916077356));
#2605=CARTESIAN_POINT('Ctrl Pts',(-5.95124126694001,-0.82110510660015,-11.3114067413176));
#2606=CARTESIAN_POINT('Ctrl Pts',(-5.81297711583193,-1.6066183597904,-10.7375240390489));
#2607=CARTESIAN_POINT('Ctrl Pts',(-5.52503973478903,-2.37698971063991,-9.36139361440601));
#2608=CARTESIAN_POINT('Ctrl Pts',(-5.28042150336381,-2.85356827734804,-7.24740153992012));
#2609=CARTESIAN_POINT('Ctrl Pts',(-5.19017063467126,-3.01091668465048,-5.74689177736895));
#2610=CARTESIAN_POINT('Ctrl Pts',(-5.15759869975419,-3.06584751310896,-4.49716761114922));
#2611=CARTESIAN_POINT('Ctrl Pts',(-5.15104105505476,-3.07678552877186,-3.24581971209382));
#2612=CARTESIAN_POINT('Ctrl Pts',(-5.18684850504354,-3.0169645130096,-1.67744858874772));
#2613=CARTESIAN_POINT('Ctrl Pts',(-5.28816727073231,-2.83877120931866,-0.0287646514758031));
#2614=CARTESIAN_POINT('Ctrl Pts',(-5.39728253383368,-2.6241245984796,1.05172433100105));
#2615=CARTESIAN_POINT('Ctrl Pts',(-5.52069128527365,-2.35631606376785,2.03686415643744));
#2616=CARTESIAN_POINT('Ctrl Pts',(-5.67273835324457,-1.98368855049587,2.9821197535242));
#2617=CARTESIAN_POINT('Ctrl Pts',(-5.85174400621605,-1.38007941286346,3.84658853260292));
#2618=CARTESIAN_POINT('Ctrl Pts',(-5.97206414104522,-0.704871500143705,
4.35349528220838));
#2619=CARTESIAN_POINT('Ctrl Pts',(-5.99999999999999,-0.235965780894439,
4.46326812181456));
#2620=CARTESIAN_POINT('Ctrl Pts',(-5.99999999999999,5.12222639646557E-15,
4.46326812181456));
#2621=CARTESIAN_POINT('',(-5.30039298422578,-2.81172244932369,0.000387813386590521));
#2622=CARTESIAN_POINT('Ctrl Pts',(-6.99784261757753,-0.173777730493456,
2.77555756156289E-14));
#2623=CARTESIAN_POINT('Ctrl Pts',(-6.96952840317451,-0.230777688202149,
2.77555756156289E-14));
#2624=CARTESIAN_POINT('Ctrl Pts',(-6.9329217043654,-0.291817123081461,-3.89857322331398E-15));
#2625=CARTESIAN_POINT('Ctrl Pts',(-6.79037728206041,-0.51789861152322,-3.84255728001779E-15));
#2626=CARTESIAN_POINT('Ctrl Pts',(-6.62885591772642,-0.739776093213672,
1.38777878078145E-14));
#2627=CARTESIAN_POINT('Ctrl Pts',(-6.11262214103274,-1.46518739643178,1.38777878078145E-14));
#2628=CARTESIAN_POINT('Ctrl Pts',(-5.69723992743959,-2.0636530094076,-5.55111512312578E-16));
#2629=CARTESIAN_POINT('Ctrl Pts',(-5.30036599047992,-2.81178241814044,-5.55111512312578E-16));
#2630=CARTESIAN_POINT('',(-5.37091428502191,-2.67480177019409,-7.99900720458807));
#2631=CARTESIAN_POINT('Ctrl Pts',(-5.48680938660705,-2.42832632913479,-8.90816326642254));
#2632=CARTESIAN_POINT('Ctrl Pts',(-5.48034063962985,-2.44300308438969,-8.8631788268699));
#2633=CARTESIAN_POINT('Ctrl Pts',(-5.47390021863598,-2.45744708416,-8.81759368280145));
#2634=CARTESIAN_POINT('Ctrl Pts',(-5.46749510606753,-2.47165162030516,-8.77140712496429));
#2635=CARTESIAN_POINT('Ctrl Pts',(-5.43391686531386,-2.5461176549578,-8.52927814720394));
#2636=CARTESIAN_POINT('Ctrl Pts',(-5.40130900200706,-2.61400253798813,-8.2706205831201));
#2637=CARTESIAN_POINT('Ctrl Pts',(-5.37091428502191,-2.67480177019409,-7.99900720458807));
#2638=CARTESIAN_POINT('Ctrl Pts',(-5.37091428502191,-2.67480177019409,-7.99900720458807));
#2639=CARTESIAN_POINT('Ctrl Pts',(-5.34268477963567,-2.73126988121076,-7.74674259768313));
#2640=CARTESIAN_POINT('Ctrl Pts',(-5.26170466925933,-2.88620025174063,-6.93621570088406));
#2641=CARTESIAN_POINT('Ctrl Pts',(-5.19017063467126,-3.01091668465048,-5.74689177736895));
#2642=CARTESIAN_POINT('Ctrl Pts',(-5.15759869975419,-3.06584751310896,-4.49716761114922));
#2643=CARTESIAN_POINT('Ctrl Pts',(-5.15104105505476,-3.07678552877186,-3.24581971209382));
#2644=CARTESIAN_POINT('Ctrl Pts',(-5.18611987230667,-3.01818178903597,-1.70936280057736));
#2645=CARTESIAN_POINT('Ctrl Pts',(-5.25681547740983,-2.89390921008176,-0.539438946814815));
#2646=CARTESIAN_POINT('Ctrl Pts',(-5.30041168240633,-2.81168090978564,0.000656446108499302));
#2647=CARTESIAN_POINT('Origin',(0.,0.,0.));
#2648=CARTESIAN_POINT('',(-10.3333333333333,-15.,0.));
#2649=CARTESIAN_POINT('',(10.3333333333333,-15.,0.));
#2650=CARTESIAN_POINT('',(0.,-15.,0.));
#2651=CARTESIAN_POINT('',(-10.3333333333333,-21.,0.));
#2652=CARTESIAN_POINT('',(-10.3333333333333,-15.,0.));
#2653=CARTESIAN_POINT('',(-15.5,21.,0.));
#2654=CARTESIAN_POINT('Ctrl Pts',(-10.3333333333333,-21.,0.));
#2655=CARTESIAN_POINT('Ctrl Pts',(-11.9274312030764,-20.2358691265659,0.));
#2656=CARTESIAN_POINT('Ctrl Pts',(-14.9472279231609,-18.6993215881078,0.));
#2657=CARTESIAN_POINT('Ctrl Pts',(-18.9717513457826,-16.3696446635647,0.));
#2658=CARTESIAN_POINT('Ctrl Pts',(-23.3562853878158,-13.2100947704915,0.));
#2659=CARTESIAN_POINT('Ctrl Pts',(-27.3324517894337,-9.15390799614253,0.));
#2660=CARTESIAN_POINT('Ctrl Pts',(-29.9326838638025,-4.97358835402144,0.));
#2661=CARTESIAN_POINT('Ctrl Pts',(-31.2393958356441,-0.663808217699825,
0.));
#2662=CARTESIAN_POINT('Ctrl Pts',(-31.2614428118947,3.75678325304054,0.));
#2663=CARTESIAN_POINT('Ctrl Pts',(-29.9169969876123,8.22640303268415,0.));
#2664=CARTESIAN_POINT('Ctrl Pts',(-27.0511240008397,12.6576983800423,0.));
#2665=CARTESIAN_POINT('Ctrl Pts',(-23.3868328719738,16.0994196947549,0.));
#2666=CARTESIAN_POINT('Ctrl Pts',(-19.7859459870932,18.5892340971416,0.));
#2667=CARTESIAN_POINT('Ctrl Pts',(-16.9938955083228,20.2039405532861,0.));
#2668=CARTESIAN_POINT('Ctrl Pts',(-15.5,21.,0.));
#2669=CARTESIAN_POINT('',(15.5,21.,0.));
#2670=CARTESIAN_POINT('',(0.,21.,0.));
#2671=CARTESIAN_POINT('',(10.3333333333333,-21.,0.));
#2672=CARTESIAN_POINT('Ctrl Pts',(10.3333333333333,-21.,0.));
#2673=CARTESIAN_POINT('Ctrl Pts',(11.9274312030764,-20.2358691265659,0.));
#2674=CARTESIAN_POINT('Ctrl Pts',(14.9472279231609,-18.6993215881078,0.));
#2675=CARTESIAN_POINT('Ctrl Pts',(18.9717513457826,-16.3696446635647,0.));
#2676=CARTESIAN_POINT('Ctrl Pts',(23.3562853878158,-13.2100947704915,0.));
#2677=CARTESIAN_POINT('Ctrl Pts',(27.3324517894337,-9.15390799614253,0.));
#2678=CARTESIAN_POINT('Ctrl Pts',(29.9326838638025,-4.97358835402144,0.));
#2679=CARTESIAN_POINT('Ctrl Pts',(31.2393958356441,-0.663808217699825,0.));
#2680=CARTESIAN_POINT('Ctrl Pts',(31.2614428118947,3.75678325304054,0.));
#2681=CARTESIAN_POINT('Ctrl Pts',(29.9169969876123,8.22640303268415,0.));
#2682=CARTESIAN_POINT('Ctrl Pts',(27.0511240008397,12.6576983800423,0.));
#2683=CARTESIAN_POINT('Ctrl Pts',(23.3868328719738,16.0994196947549,0.));
#2684=CARTESIAN_POINT('Ctrl Pts',(19.7859459870932,18.5892340971416,0.));
#2685=CARTESIAN_POINT('Ctrl Pts',(16.9938955083228,20.2039405532861,0.));
#2686=CARTESIAN_POINT('Ctrl Pts',(15.5,21.,0.));
#2687=CARTESIAN_POINT('',(10.3333333333333,-15.,0.));
#2688=CARTESIAN_POINT('',(5.30034162686026,-2.81181357838074,-0.000309077301194675));
#2689=CARTESIAN_POINT('Origin',(0.,0.,0.));
#2690=CARTESIAN_POINT('',(6.99784261757754,-0.173777730493463,8.11315645171105E-18));
#2691=CARTESIAN_POINT('Ctrl Pts',(5.30036599047992,-2.81178241814047,1.14491749414469E-14));
#2692=CARTESIAN_POINT('Ctrl Pts',(5.8778414669866,-1.72320907894289,1.15175792282834E-14));
#2693=CARTESIAN_POINT('Ctrl Pts',(6.49648595887549,-0.948040194837806,1.12062038344633E-16));
#2694=CARTESIAN_POINT('Ctrl Pts',(6.88765316484717,-0.365516016259413,-2.07504490427363E-17));
#2695=CARTESIAN_POINT('Ctrl Pts',(6.94367720512121,-0.277220563628934,3.90997342486322E-15));
#2696=CARTESIAN_POINT('Ctrl Pts',(6.98884616178471,-0.191577306864008,3.88311817653188E-15));
#2697=CARTESIAN_POINT('Ctrl Pts',(6.99337207860022,-0.182777469247156,-5.16225827890095E-14));
#2698=CARTESIAN_POINT('Ctrl Pts',(6.99784261757756,-0.173777730493462,-5.16253706450698E-14));
#2699=CARTESIAN_POINT('Ctrl Pts',(6.99784261757754,-0.17377773049346,1.28783244959162E-17));
#2700=CARTESIAN_POINT('Ctrl Pts',(6.99928059413802,-0.115871958393724,1.28783244959162E-17));
#2701=CARTESIAN_POINT('Ctrl Pts',(7.,-0.0579415300238535,1.30104260698261E-17));
#2702=CARTESIAN_POINT('Ctrl Pts',(7.,-1.71450551880629E-15,1.30104260698261E-17));
#2703=CARTESIAN_POINT('Origin',(0.,0.,-15.));
#2704=CARTESIAN_POINT('',(5.37106098149853,-2.6747871184643,-7.9991872409782));
#2705=CARTESIAN_POINT('Ctrl Pts',(5.37106098149853,-2.6747871184643,-7.9991872409782));
#2706=CARTESIAN_POINT('Ctrl Pts',(5.40159787890802,-2.61373773010388,-8.2719177812666));
#2707=CARTESIAN_POINT('Ctrl Pts',(5.43434937961841,-2.54556583690507,-8.53144815290256));
#2708=CARTESIAN_POINT('Ctrl Pts',(5.46804090716007,-2.47081829418326,-8.77425125781127));
#2709=CARTESIAN_POINT('Ctrl Pts',(5.4743964180604,-2.45671804829938,-8.82005321137279));
#2710=CARTESIAN_POINT('Ctrl Pts',(5.4807853792426,-2.44238381193482,-8.86525993534243));
#2711=CARTESIAN_POINT('Ctrl Pts',(5.48720109055852,-2.42782197921457,-8.9098724498775));
#2712=CARTESIAN_POINT('Ctrl Pts',(5.30033539104566,-2.81182155377536,-0.000388184953245834));
#2713=CARTESIAN_POINT('Ctrl Pts',(5.25662027992679,-2.89434931096989,-0.542080644239415));
#2714=CARTESIAN_POINT('Ctrl Pts',(5.18649068386881,-3.01775775300604,-1.70604383534558));
#2715=CARTESIAN_POINT('Ctrl Pts',(5.14355888602945,-3.08908933463633,-3.56219386733458));
#2716=CARTESIAN_POINT('Ctrl Pts',(5.17196449398307,-3.04238028843164,-5.44377490122534));
#2717=CARTESIAN_POINT('Ctrl Pts',(5.2618233727966,-2.8861014608942,-6.93700814928371));
#2718=CARTESIAN_POINT('Ctrl Pts',(5.34288990346442,-2.73110675894295,-7.74758626037691));
#2719=CARTESIAN_POINT('Ctrl Pts',(5.37106098149853,-2.6747871184643,-7.9991872409782));
#2720=CARTESIAN_POINT('',(-6.,-7.34788079488412E-16,-30.));
#2721=CARTESIAN_POINT('',(-6.,-7.34788079488412E-16,-15.));
#2722=CARTESIAN_POINT('Origin',(0.,0.,-30.));
#2723=CARTESIAN_POINT('',(5.7391201416245,1.75,-18.0000001192093));
#2724=CARTESIAN_POINT('',(5.7391201416245,-1.75,-18.0000001192093));
#2725=CARTESIAN_POINT('Ctrl Pts',(5.7391201416245,1.75,-18.0000001192093));
#2726=CARTESIAN_POINT('Ctrl Pts',(5.7391201416245,1.75,-18.2211569625979));
#2727=CARTESIAN_POINT('Ctrl Pts',(5.75324055855737,1.70553738752879,-18.4561086650256));
#2728=CARTESIAN_POINT('Ctrl Pts',(5.80329616791838,1.52656083028887,-18.8868514053987));
#2729=CARTESIAN_POINT('Ctrl Pts',(5.83840871621451,1.39210999407147,-19.0827638592907));
#2730=CARTESIAN_POINT('Ctrl Pts',(5.90360121518283,1.08280470601804,-19.3920691473442));
#2731=CARTESIAN_POINT('Ctrl Pts',(5.93805002751057,0.886875530421307,-19.5265517470275));
#2732=CARTESIAN_POINT('Ctrl Pts',(5.98656699698881,0.456072279070799,-19.7055517046224));
#2733=CARTESIAN_POINT('Ctrl Pts',(6.,0.221098268913526,-19.7500001192093));
#2734=CARTESIAN_POINT('Ctrl Pts',(6.,-0.221098268913526,-19.7500001192093));
#2735=CARTESIAN_POINT('Ctrl Pts',(5.98656699698881,-0.4560722790708,-19.7055517046224));
#2736=CARTESIAN_POINT('Ctrl Pts',(5.93805002751057,-0.886875530421308,-19.5265517470275));
#2737=CARTESIAN_POINT('Ctrl Pts',(5.90360121518283,-1.08280470601804,-19.3920691473442));
#2738=CARTESIAN_POINT('Ctrl Pts',(5.83840871621451,-1.39210999407147,-19.0827638592907));
#2739=CARTESIAN_POINT('Ctrl Pts',(5.80329616791838,-1.52656083028887,-18.8868514053987));
#2740=CARTESIAN_POINT('Ctrl Pts',(5.75324055855737,-1.70553738752879,-18.4561086650256));
#2741=CARTESIAN_POINT('Ctrl Pts',(5.7391201416245,-1.75,-18.2211569625979));
#2742=CARTESIAN_POINT('Ctrl Pts',(5.7391201416245,-1.75,-18.0000001192093));
#2743=CARTESIAN_POINT('Ctrl Pts',(5.7391201416245,-1.75,-18.0000001192093));
#2744=CARTESIAN_POINT('Ctrl Pts',(5.7391201416245,-1.75,-17.7788432758207));
#2745=CARTESIAN_POINT('Ctrl Pts',(5.75324055855737,-1.70553738752879,-17.543891573393));
#2746=CARTESIAN_POINT('Ctrl Pts',(5.80329616791838,-1.52656083028887,-17.1131488330199));
#2747=CARTESIAN_POINT('Ctrl Pts',(5.83840871621451,-1.39210999407147,-16.9172363791278));
#2748=CARTESIAN_POINT('Ctrl Pts',(5.90360121518283,-1.08280470601804,-16.6079310910744));
#2749=CARTESIAN_POINT('Ctrl Pts',(5.93805002751057,-0.886875530421307,-16.473448491391));
#2750=CARTESIAN_POINT('Ctrl Pts',(5.98656699698881,-0.456072279070799,-16.2944485337962));
#2751=CARTESIAN_POINT('Ctrl Pts',(6.,-0.221098268913526,-16.2500001192093));
#2752=CARTESIAN_POINT('Ctrl Pts',(6.,0.221098268913526,-16.2500001192093));
#2753=CARTESIAN_POINT('Ctrl Pts',(5.98656699698881,0.456072279070799,-16.2944485337962));
#2754=CARTESIAN_POINT('Ctrl Pts',(5.93805002751057,0.886875530421308,-16.473448491391));
#2755=CARTESIAN_POINT('Ctrl Pts',(5.90360121518283,1.08280470601804,-16.6079310910744));
#2756=CARTESIAN_POINT('Ctrl Pts',(5.83840871621451,1.39210999407147,-16.9172363791278));
#2757=CARTESIAN_POINT('Ctrl Pts',(5.80329616791838,1.52656083028887,-17.1131488330199));
#2758=CARTESIAN_POINT('Ctrl Pts',(5.75324055855737,1.70553738752879,-17.543891573393));
#2759=CARTESIAN_POINT('Ctrl Pts',(5.7391201416245,1.75,-17.7788432758207));
#2760=CARTESIAN_POINT('Ctrl Pts',(5.7391201416245,1.75,-18.0000001192093));
#2761=CARTESIAN_POINT('Ctrl Pts',(6.76542155630955E-16,0.,-7.1057443270108));
#2762=CARTESIAN_POINT('Ctrl Pts',(6.76542155630955E-16,2.41440803349292E-16,
-7.1057443270108));
#2763=CARTESIAN_POINT('Ctrl Pts',(4.35101352281662E-16,2.41440803349293E-16,
-7.1057443270108));
#2764=CARTESIAN_POINT('Ctrl Pts',(1.9366054893237E-16,2.41440803349292E-16,
-7.1057443270108));
#2765=CARTESIAN_POINT('Ctrl Pts',(1.9366054893237E-16,0.,-7.1057443270108));
#2766=CARTESIAN_POINT('Ctrl Pts',(1.9366054893237E-16,-2.41440803349292E-16,
-7.1057443270108));
#2767=CARTESIAN_POINT('Ctrl Pts',(4.35101352281662E-16,-2.41440803349293E-16,
-7.1057443270108));
#2768=CARTESIAN_POINT('Ctrl Pts',(6.76542155630955E-16,-2.41440803349292E-16,
-7.1057443270108));
#2769=CARTESIAN_POINT('Ctrl Pts',(6.76542155630955E-16,0.,-7.1057443270108));
#2770=CARTESIAN_POINT('Ctrl Pts',(1.2,0.,-5.68459546160864));
#2771=CARTESIAN_POINT('Ctrl Pts',(1.2,1.2,-5.68459546160864));
#2772=CARTESIAN_POINT('Ctrl Pts',(3.4808108182533E-16,1.2,-5.68459546160864));
#2773=CARTESIAN_POINT('Ctrl Pts',(-1.2,1.2,-5.68459546160864));
#2774=CARTESIAN_POINT('Ctrl Pts',(-1.2,0.,-5.68459546160864));
#2775=CARTESIAN_POINT('Ctrl Pts',(-1.2,-1.2,-5.68459546160864));
#2776=CARTESIAN_POINT('Ctrl Pts',(3.4808108182533E-16,-1.2,-5.68459546160864));
#2777=CARTESIAN_POINT('Ctrl Pts',(1.2,-1.2,-5.68459546160864));
#2778=CARTESIAN_POINT('Ctrl Pts',(1.2,0.,-5.68459546160864));
#2779=CARTESIAN_POINT('Ctrl Pts',(2.4,0.,-4.26344659620648));
#2780=CARTESIAN_POINT('Ctrl Pts',(2.4,2.4,-4.26344659620648));
#2781=CARTESIAN_POINT('Ctrl Pts',(2.61060811368997E-16,2.4,-4.26344659620648));
#2782=CARTESIAN_POINT('Ctrl Pts',(-2.4,2.4,-4.26344659620648));
#2783=CARTESIAN_POINT('Ctrl Pts',(-2.4,0.,-4.26344659620648));
#2784=CARTESIAN_POINT('Ctrl Pts',(-2.4,-2.4,-4.26344659620648));
#2785=CARTESIAN_POINT('Ctrl Pts',(2.61060811368997E-16,-2.4,-4.26344659620648));
#2786=CARTESIAN_POINT('Ctrl Pts',(2.4,-2.4,-4.26344659620648));
#2787=CARTESIAN_POINT('Ctrl Pts',(2.4,0.,-4.26344659620648));
#2788=CARTESIAN_POINT('Ctrl Pts',(3.6,0.,-2.84229773080432));
#2789=CARTESIAN_POINT('Ctrl Pts',(3.6,3.6,-2.84229773080432));
#2790=CARTESIAN_POINT('Ctrl Pts',(1.74040540912665E-16,3.6,-2.84229773080432));
#2791=CARTESIAN_POINT('Ctrl Pts',(-3.6,3.6,-2.84229773080432));
#2792=CARTESIAN_POINT('Ctrl Pts',(-3.6,0.,-2.84229773080432));
#2793=CARTESIAN_POINT('Ctrl Pts',(-3.6,-3.6,-2.84229773080432));
#2794=CARTESIAN_POINT('Ctrl Pts',(1.74040540912665E-16,-3.6,-2.84229773080432));
#2795=CARTESIAN_POINT('Ctrl Pts',(3.6,-3.6,-2.84229773080432));
#2796=CARTESIAN_POINT('Ctrl Pts',(3.6,0.,-2.84229773080432));
#2797=CARTESIAN_POINT('Ctrl Pts',(4.8,0.,-1.42114886540216));
#2798=CARTESIAN_POINT('Ctrl Pts',(4.8,4.8,-1.42114886540216));
#2799=CARTESIAN_POINT('Ctrl Pts',(8.70202704563324E-17,4.8,-1.42114886540216));
#2800=CARTESIAN_POINT('Ctrl Pts',(-4.8,4.8,-1.42114886540216));
#2801=CARTESIAN_POINT('Ctrl Pts',(-4.8,0.,-1.42114886540216));
#2802=CARTESIAN_POINT('Ctrl Pts',(-4.8,-4.8,-1.42114886540216));
#2803=CARTESIAN_POINT('Ctrl Pts',(8.70202704563324E-17,-4.8,-1.42114886540216));
#2804=CARTESIAN_POINT('Ctrl Pts',(4.8,-4.8,-1.42114886540216));
#2805=CARTESIAN_POINT('Ctrl Pts',(4.8,0.,-1.42114886540216));
#2806=CARTESIAN_POINT('Ctrl Pts',(6.,0.,0.));
#2807=CARTESIAN_POINT('Ctrl Pts',(6.,6.,-6.16297582203915E-32));
#2808=CARTESIAN_POINT('Ctrl Pts',(2.01144734454455E-32,6.,-3.67394039744206E-16));
#2809=CARTESIAN_POINT('Ctrl Pts',(-6.,6.,-7.34788079488412E-16));
#2810=CARTESIAN_POINT('Ctrl Pts',(-6.,0.,-7.34788079488412E-16));
#2811=CARTESIAN_POINT('Ctrl Pts',(-6.,-6.,-7.34788079488412E-16));
#2812=CARTESIAN_POINT('Ctrl Pts',(2.01144734454455E-32,-6.,-3.67394039744206E-16));
#2813=CARTESIAN_POINT('Ctrl Pts',(6.,-6.,-6.16297582203915E-32));
#2814=CARTESIAN_POINT('Ctrl Pts',(6.,0.,0.));
#2815=CARTESIAN_POINT('Ctrl Pts',(6.05885618313894,0.,0.0697028315748374));
#2816=CARTESIAN_POINT('Ctrl Pts',(6.05885618313894,6.05885618313894,0.0697028315748374));
#2817=CARTESIAN_POINT('Ctrl Pts',(-4.26806747898156E-18,6.05885618313894,
0.069702831574837));
#2818=CARTESIAN_POINT('Ctrl Pts',(-6.05885618313894,6.05885618313894,0.0697028315748366));
#2819=CARTESIAN_POINT('Ctrl Pts',(-6.05885618313894,0.,0.0697028315748366));
#2820=CARTESIAN_POINT('Ctrl Pts',(-6.05885618313894,-6.05885618313894,0.0697028315748366));
#2821=CARTESIAN_POINT('Ctrl Pts',(-4.26806747898156E-18,-6.05885618313894,
0.069702831574837));
#2822=CARTESIAN_POINT('Ctrl Pts',(6.05885618313894,-6.05885618313894,0.0697028315748374));
#2823=CARTESIAN_POINT('Ctrl Pts',(6.05885618313894,0.,0.0697028315748374));
#2824=CARTESIAN_POINT('Ctrl Pts',(6.1766506919515,0.,0.188685356209335));
#2825=CARTESIAN_POINT('Ctrl Pts',(6.1766506919515,6.1766506919515,0.188685356209335));
#2826=CARTESIAN_POINT('Ctrl Pts',(-1.1553645876387E-17,6.1766506919515,
0.188685356209335));
#2827=CARTESIAN_POINT('Ctrl Pts',(-6.1766506919515,6.1766506919515,0.188685356209335));
#2828=CARTESIAN_POINT('Ctrl Pts',(-6.1766506919515,0.,0.188685356209335));
#2829=CARTESIAN_POINT('Ctrl Pts',(-6.1766506919515,-6.1766506919515,0.188685356209335));
#2830=CARTESIAN_POINT('Ctrl Pts',(-1.1553645876387E-17,-6.1766506919515,
0.188685356209335));
#2831=CARTESIAN_POINT('Ctrl Pts',(6.1766506919515,-6.1766506919515,0.188685356209335));
#2832=CARTESIAN_POINT('Ctrl Pts',(6.1766506919515,0.,0.188685356209335));
#2833=CARTESIAN_POINT('Ctrl Pts',(6.35358737741476,0.,0.305895345515909));
#2834=CARTESIAN_POINT('Ctrl Pts',(6.35358737741476,6.35358737741476,0.305895345515909));
#2835=CARTESIAN_POINT('Ctrl Pts',(-1.87306877880066E-17,6.35358737741476,
0.305895345515909));
#2836=CARTESIAN_POINT('Ctrl Pts',(-6.35358737741476,6.35358737741476,0.305895345515908));
#2837=CARTESIAN_POINT('Ctrl Pts',(-6.35358737741476,0.,0.305895345515908));
#2838=CARTESIAN_POINT('Ctrl Pts',(-6.35358737741476,-6.35358737741476,0.305895345515908));
#2839=CARTESIAN_POINT('Ctrl Pts',(-1.87306877880066E-17,-6.35358737741476,
0.305895345515909));
#2840=CARTESIAN_POINT('Ctrl Pts',(6.35358737741476,-6.35358737741476,0.305895345515909));
#2841=CARTESIAN_POINT('Ctrl Pts',(6.35358737741476,0.,0.305895345515909));
#2842=CARTESIAN_POINT('Ctrl Pts',(6.59000955743787,0.,0.338708004151689));
#2843=CARTESIAN_POINT('Ctrl Pts',(6.59000955743787,6.59000955743787,0.338708004151689));
#2844=CARTESIAN_POINT('Ctrl Pts',(-2.07398836564977E-17,6.59000955743787,
0.338708004151689));
#2845=CARTESIAN_POINT('Ctrl Pts',(-6.59000955743787,6.59000955743787,0.338708004151689));
#2846=CARTESIAN_POINT('Ctrl Pts',(-6.59000955743787,0.,0.338708004151689));
#2847=CARTESIAN_POINT('Ctrl Pts',(-6.59000955743787,-6.59000955743787,0.338708004151689));
#2848=CARTESIAN_POINT('Ctrl Pts',(-2.07398836564977E-17,-6.59000955743787,
0.338708004151689));
#2849=CARTESIAN_POINT('Ctrl Pts',(6.59000955743787,-6.59000955743787,0.338708004151689));
#2850=CARTESIAN_POINT('Ctrl Pts',(6.59000955743787,0.,0.338708004151689));
#2851=CARTESIAN_POINT('Ctrl Pts',(6.88465054550444,0.,0.173041427956096));
#2852=CARTESIAN_POINT('Ctrl Pts',(6.88465054550444,6.88465054550444,0.173041427956096));
#2853=CARTESIAN_POINT('Ctrl Pts',(-1.0595731543316E-17,6.88465054550444,
0.173041427956096));
#2854=CARTESIAN_POINT('Ctrl Pts',(-6.88465054550444,6.88465054550444,0.173041427956095));
#2855=CARTESIAN_POINT('Ctrl Pts',(-6.88465054550444,0.,0.173041427956095));
#2856=CARTESIAN_POINT('Ctrl Pts',(-6.88465054550444,-6.88465054550444,0.173041427956095));
#2857=CARTESIAN_POINT('Ctrl Pts',(-1.0595731543316E-17,-6.88465054550444,
0.173041427956096));
#2858=CARTESIAN_POINT('Ctrl Pts',(6.88465054550444,-6.88465054550444,0.173041427956096));
#2859=CARTESIAN_POINT('Ctrl Pts',(6.88465054550444,0.,0.173041427956096));
#2860=CARTESIAN_POINT('Ctrl Pts',(7.17338226016204,0.,-0.193407843693148));
#2861=CARTESIAN_POINT('Ctrl Pts',(7.17338226016203,7.17338226016203,-0.193407843693148));
#2862=CARTESIAN_POINT('Ctrl Pts',(1.18428148354403E-17,7.17338226016204,
-0.193407843693148));
#2863=CARTESIAN_POINT('Ctrl Pts',(-7.17338226016203,7.17338226016203,-0.193407843693148));
#2864=CARTESIAN_POINT('Ctrl Pts',(-7.17338226016204,0.,-0.193407843693148));
#2865=CARTESIAN_POINT('Ctrl Pts',(-7.17338226016203,-7.17338226016203,-0.193407843693148));
#2866=CARTESIAN_POINT('Ctrl Pts',(1.18428148354403E-17,-7.17338226016204,
-0.193407843693148));
#2867=CARTESIAN_POINT('Ctrl Pts',(7.17338226016203,-7.17338226016203,-0.193407843693148));
#2868=CARTESIAN_POINT('Ctrl Pts',(7.17338226016204,0.,-0.193407843693148));
#2869=CARTESIAN_POINT('Ctrl Pts',(7.44555008457253,0.,-0.739289926902549));
#2870=CARTESIAN_POINT('Ctrl Pts',(7.44555008457253,7.44555008457253,-0.739289926902549));
#2871=CARTESIAN_POINT('Ctrl Pts',(4.52684521311544E-17,7.44555008457253,
-0.739289926902549));
#2872=CARTESIAN_POINT('Ctrl Pts',(-7.44555008457253,7.44555008457253,-0.73928992690255));
#2873=CARTESIAN_POINT('Ctrl Pts',(-7.44555008457253,0.,-0.73928992690255));
#2874=CARTESIAN_POINT('Ctrl Pts',(-7.44555008457253,-7.44555008457253,-0.73928992690255));
#2875=CARTESIAN_POINT('Ctrl Pts',(4.52684521311544E-17,-7.44555008457253,
-0.739289926902549));
#2876=CARTESIAN_POINT('Ctrl Pts',(7.44555008457253,-7.44555008457253,-0.739289926902549));
#2877=CARTESIAN_POINT('Ctrl Pts',(7.44555008457253,0.,-0.739289926902549));
#2878=CARTESIAN_POINT('Ctrl Pts',(7.68543175042073,0.,-1.42881933081015));
#2879=CARTESIAN_POINT('Ctrl Pts',(7.68543175042073,7.68543175042073,-1.42881933081015));
#2880=CARTESIAN_POINT('Ctrl Pts',(8.74899510018254E-17,7.68543175042073,
-1.42881933081015));
#2881=CARTESIAN_POINT('Ctrl Pts',(-7.68543175042073,7.68543175042073,-1.42881933081015));
#2882=CARTESIAN_POINT('Ctrl Pts',(-7.68543175042073,0.,-1.42881933081015));
#2883=CARTESIAN_POINT('Ctrl Pts',(-7.68543175042073,-7.68543175042073,-1.42881933081015));
#2884=CARTESIAN_POINT('Ctrl Pts',(8.74899510018254E-17,-7.68543175042073,
-1.42881933081015));
#2885=CARTESIAN_POINT('Ctrl Pts',(7.68543175042073,-7.68543175042073,-1.42881933081015));
#2886=CARTESIAN_POINT('Ctrl Pts',(7.68543175042073,0.,-1.42881933081015));
#2887=CARTESIAN_POINT('Ctrl Pts',(7.87473212779113,0.,-2.21896130580053));
#2888=CARTESIAN_POINT('Ctrl Pts',(7.87473212779113,7.87473212779113,-2.21896130580053));
#2889=CARTESIAN_POINT('Ctrl Pts',(1.35872193029022E-16,7.87473212779113,
-2.21896130580053));
#2890=CARTESIAN_POINT('Ctrl Pts',(-7.87473212779113,7.87473212779113,-2.21896130580053));
#2891=CARTESIAN_POINT('Ctrl Pts',(-7.87473212779113,0.,-2.21896130580053));
#2892=CARTESIAN_POINT('Ctrl Pts',(-7.87473212779113,-7.87473212779113,-2.21896130580053));
#2893=CARTESIAN_POINT('Ctrl Pts',(1.35872193029022E-16,-7.87473212779113,
-2.21896130580053));
#2894=CARTESIAN_POINT('Ctrl Pts',(7.87473212779113,-7.87473212779113,-2.21896130580053));
#2895=CARTESIAN_POINT('Ctrl Pts',(7.87473212779113,0.,-2.21896130580053));
#2896=CARTESIAN_POINT('Ctrl Pts',(7.99448109477853,0.,-3.06400419682803));
#2897=CARTESIAN_POINT('Ctrl Pts',(7.99448109477853,7.99448109477853,-3.06400419682803));
#2898=CARTESIAN_POINT('Ctrl Pts',(1.87616146610975E-16,7.99448109477853,
-3.06400419682803));
#2899=CARTESIAN_POINT('Ctrl Pts',(-7.99448109477853,7.99448109477853,-3.06400419682803));
#2900=CARTESIAN_POINT('Ctrl Pts',(-7.99448109477853,0.,-3.06400419682803));
#2901=CARTESIAN_POINT('Ctrl Pts',(-7.99448109477853,-7.99448109477853,-3.06400419682803));
#2902=CARTESIAN_POINT('Ctrl Pts',(1.87616146610975E-16,-7.99448109477853,
-3.06400419682803));
#2903=CARTESIAN_POINT('Ctrl Pts',(7.99448109477853,-7.99448109477853,-3.06400419682803));
#2904=CARTESIAN_POINT('Ctrl Pts',(7.99448109477853,0.,-3.06400419682803));
#2905=CARTESIAN_POINT('Ctrl Pts',(8.02735733884222,0.,-3.92078425103416));
#2906=CARTESIAN_POINT('Ctrl Pts',(8.02735733884222,8.02735733884222,-3.92078425103416));
#2907=CARTESIAN_POINT('Ctrl Pts',(2.40078794158817E-16,8.02735733884222,
-3.92078425103416));
#2908=CARTESIAN_POINT('Ctrl Pts',(-8.02735733884222,8.02735733884222,-3.92078425103416));
#2909=CARTESIAN_POINT('Ctrl Pts',(-8.02735733884222,0.,-3.92078425103416));
#2910=CARTESIAN_POINT('Ctrl Pts',(-8.02735733884222,-8.02735733884222,-3.92078425103416));
#2911=CARTESIAN_POINT('Ctrl Pts',(2.40078794158817E-16,-8.02735733884222,
-3.92078425103416));
#2912=CARTESIAN_POINT('Ctrl Pts',(8.02735733884222,-8.02735733884222,-3.92078425103416));
#2913=CARTESIAN_POINT('Ctrl Pts',(8.02735733884222,0.,-3.92078425103416));
#2914=CARTESIAN_POINT('Ctrl Pts',(7.95994766071204,0.,-4.75320852486086));
#2915=CARTESIAN_POINT('Ctrl Pts',(7.95994766071204,7.95994766071204,-4.75320852486086));
#2916=CARTESIAN_POINT('Ctrl Pts',(2.91050080282538E-16,7.95994766071204,
-4.75320852486086));
#2917=CARTESIAN_POINT('Ctrl Pts',(-7.95994766071204,7.95994766071204,-4.75320852486086));
#2918=CARTESIAN_POINT('Ctrl Pts',(-7.95994766071204,0.,-4.75320852486086));
#2919=CARTESIAN_POINT('Ctrl Pts',(-7.95994766071204,-7.95994766071204,-4.75320852486086));
#2920=CARTESIAN_POINT('Ctrl Pts',(2.91050080282538E-16,-7.95994766071204,
-4.75320852486086));
#2921=CARTESIAN_POINT('Ctrl Pts',(7.95994766071204,-7.95994766071204,-4.75320852486086));
#2922=CARTESIAN_POINT('Ctrl Pts',(7.95994766071204,0.,-4.75320852486086));
#2923=CARTESIAN_POINT('Ctrl Pts',(7.78578712859761,0.,-5.53772739078396));
#2924=CARTESIAN_POINT('Ctrl Pts',(7.78578712859761,7.78578712859761,-5.53772739078396));
#2925=CARTESIAN_POINT('Ctrl Pts',(3.3908800618371E-16,7.78578712859761,
-5.53772739078396));
#2926=CARTESIAN_POINT('Ctrl Pts',(-7.78578712859761,7.78578712859761,-5.53772739078396));
#2927=CARTESIAN_POINT('Ctrl Pts',(-7.78578712859761,0.,-5.53772739078396));
#2928=CARTESIAN_POINT('Ctrl Pts',(-7.78578712859761,-7.78578712859761,-5.53772739078396));
#2929=CARTESIAN_POINT('Ctrl Pts',(3.3908800618371E-16,-7.78578712859761,
-5.53772739078396));
#2930=CARTESIAN_POINT('Ctrl Pts',(7.78578712859761,-7.78578712859761,-5.53772739078396));
#2931=CARTESIAN_POINT('Ctrl Pts',(7.78578712859761,0.,-5.53772739078396));
#2932=CARTESIAN_POINT('Ctrl Pts',(7.50339611881947,0.,-6.26081745225762));
#2933=CARTESIAN_POINT('Ctrl Pts',(7.50339611881947,7.50339611881947,-6.26081745225762));
#2934=CARTESIAN_POINT('Ctrl Pts',(3.83364502647659E-16,7.50339611881947,
-6.26081745225762));
#2935=CARTESIAN_POINT('Ctrl Pts',(-7.50339611881947,7.50339611881947,-6.26081745225762));
#2936=CARTESIAN_POINT('Ctrl Pts',(-7.50339611881947,0.,-6.26081745225762));
#2937=CARTESIAN_POINT('Ctrl Pts',(-7.50339611881947,-7.50339611881947,-6.26081745225762));
#2938=CARTESIAN_POINT('Ctrl Pts',(3.83364502647659E-16,-7.50339611881947,
-6.26081745225762));
#2939=CARTESIAN_POINT('Ctrl Pts',(7.50339611881947,-7.50339611881947,-6.26081745225762));
#2940=CARTESIAN_POINT('Ctrl Pts',(7.50339611881947,0.,-6.26081745225762));
#2941=CARTESIAN_POINT('Ctrl Pts',(7.11413885300279,0.,-6.91597155071351));
#2942=CARTESIAN_POINT('Ctrl Pts',(7.11413885300279,7.11413885300279,-6.91597155071351));
#2943=CARTESIAN_POINT('Ctrl Pts',(4.23481121128773E-16,7.11413885300279,
-6.91597155071351));
#2944=CARTESIAN_POINT('Ctrl Pts',(-7.11413885300279,7.11413885300279,-6.91597155071351));
#2945=CARTESIAN_POINT('Ctrl Pts',(-7.11413885300279,0.,-6.91597155071351));
#2946=CARTESIAN_POINT('Ctrl Pts',(-7.11413885300279,-7.11413885300279,-6.91597155071351));
#2947=CARTESIAN_POINT('Ctrl Pts',(4.23481121128773E-16,-7.11413885300279,
-6.91597155071351));
#2948=CARTESIAN_POINT('Ctrl Pts',(7.11413885300279,-7.11413885300279,-6.91597155071351));
#2949=CARTESIAN_POINT('Ctrl Pts',(7.11413885300279,0.,-6.91597155071351));
#2950=CARTESIAN_POINT('Ctrl Pts',(6.71931320083484,0.,-7.38422175524235));
#2951=CARTESIAN_POINT('Ctrl Pts',(6.71931320083484,6.71931320083484,-7.38422175524235));
#2952=CARTESIAN_POINT('Ctrl Pts',(4.52153176837589E-16,6.71931320083484,
-7.38422175524235));
#2953=CARTESIAN_POINT('Ctrl Pts',(-6.71931320083484,6.71931320083484,-7.38422175524235));
#2954=CARTESIAN_POINT('Ctrl Pts',(-6.71931320083484,0.,-7.38422175524235));
#2955=CARTESIAN_POINT('Ctrl Pts',(-6.71931320083484,-6.71931320083484,-7.38422175524235));
#2956=CARTESIAN_POINT('Ctrl Pts',(4.52153176837589E-16,-6.71931320083484,
-7.38422175524235));
#2957=CARTESIAN_POINT('Ctrl Pts',(6.71931320083484,-6.71931320083484,-7.38422175524235));
#2958=CARTESIAN_POINT('Ctrl Pts',(6.71931320083484,0.,-7.38422175524235));
#2959=CARTESIAN_POINT('Ctrl Pts',(6.37735396895237,0.,-7.70417089480638));
#2960=CARTESIAN_POINT('Ctrl Pts',(6.37735396895237,6.37735396895237,-7.70417089480638));
#2961=CARTESIAN_POINT('Ctrl Pts',(4.71744411320441E-16,6.37735396895237,
-7.70417089480638));
#2962=CARTESIAN_POINT('Ctrl Pts',(-6.37735396895237,6.37735396895237,-7.70417089480638));
#2963=CARTESIAN_POINT('Ctrl Pts',(-6.37735396895237,0.,-7.70417089480638));
#2964=CARTESIAN_POINT('Ctrl Pts',(-6.37735396895237,-6.37735396895237,-7.70417089480638));
#2965=CARTESIAN_POINT('Ctrl Pts',(4.71744411320441E-16,-6.37735396895237,
-7.70417089480638));
#2966=CARTESIAN_POINT('Ctrl Pts',(6.37735396895237,-6.37735396895237,-7.70417089480638));
#2967=CARTESIAN_POINT('Ctrl Pts',(6.37735396895237,0.,-7.70417089480638));
#2968=CARTESIAN_POINT('Ctrl Pts',(6.12915560893875,0.,-7.90368746781444));
#2969=CARTESIAN_POINT('Ctrl Pts',(6.12915560893875,6.12915560893875,-7.90368746781444));
#2970=CARTESIAN_POINT('Ctrl Pts',(4.83961277946E-16,6.12915560893875,-7.90368746781444));
#2971=CARTESIAN_POINT('Ctrl Pts',(-6.12915560893875,6.12915560893875,-7.90368746781444));
#2972=CARTESIAN_POINT('Ctrl Pts',(-6.12915560893875,0.,-7.90368746781444));
#2973=CARTESIAN_POINT('Ctrl Pts',(-6.12915560893875,-6.12915560893875,-7.90368746781444));
#2974=CARTESIAN_POINT('Ctrl Pts',(4.83961277946E-16,-6.12915560893875,-7.90368746781444));
#2975=CARTESIAN_POINT('Ctrl Pts',(6.12915560893875,-6.12915560893875,-7.90368746781444));
#2976=CARTESIAN_POINT('Ctrl Pts',(6.12915560893875,0.,-7.90368746781444));
#2977=CARTESIAN_POINT('Ctrl Pts',(6.,0.,-8.));
#2978=CARTESIAN_POINT('Ctrl Pts',(6.,6.,-8.));
#2979=CARTESIAN_POINT('Ctrl Pts',(4.89858719658941E-16,6.,-8.));
#2980=CARTESIAN_POINT('Ctrl Pts',(-6.,6.,-8.));
#2981=CARTESIAN_POINT('Ctrl Pts',(-6.,0.,-8.));
#2982=CARTESIAN_POINT('Ctrl Pts',(-6.,-6.,-8.));
#2983=CARTESIAN_POINT('Ctrl Pts',(4.89858719658941E-16,-6.,-8.));
#2984=CARTESIAN_POINT('Ctrl Pts',(6.,-6.,-8.));
#2985=CARTESIAN_POINT('Ctrl Pts',(6.,0.,-8.));
#2986=CARTESIAN_POINT('Ctrl Pts',(4.8,0.,-8.89485109916889));
#2987=CARTESIAN_POINT('Ctrl Pts',(4.8,4.8,-8.89485109916889));
#2988=CARTESIAN_POINT('Ctrl Pts',(5.44652546374475E-16,4.8,-8.89485109916889));
#2989=CARTESIAN_POINT('Ctrl Pts',(-4.8,4.8,-8.89485109916889));
#2990=CARTESIAN_POINT('Ctrl Pts',(-4.8,0.,-8.89485109916889));
#2991=CARTESIAN_POINT('Ctrl Pts',(-4.8,-4.8,-8.89485109916889));
#2992=CARTESIAN_POINT('Ctrl Pts',(5.44652546374475E-16,-4.8,-8.89485109916889));
#2993=CARTESIAN_POINT('Ctrl Pts',(4.8,-4.8,-8.89485109916889));
#2994=CARTESIAN_POINT('Ctrl Pts',(4.8,0.,-8.89485109916889));
#2995=CARTESIAN_POINT('Ctrl Pts',(3.6,0.,-9.78970219833778));
#2996=CARTESIAN_POINT('Ctrl Pts',(3.6,3.6,-9.78970219833778));
#2997=CARTESIAN_POINT('Ctrl Pts',(5.99446373090008E-16,3.6,-9.78970219833778));
#2998=CARTESIAN_POINT('Ctrl Pts',(-3.6,3.6,-9.78970219833778));
#2999=CARTESIAN_POINT('Ctrl Pts',(-3.6,0.,-9.78970219833778));
#3000=CARTESIAN_POINT('Ctrl Pts',(-3.6,-3.6,-9.78970219833778));
#3001=CARTESIAN_POINT('Ctrl Pts',(5.99446373090008E-16,-3.6,-9.78970219833778));
#3002=CARTESIAN_POINT('Ctrl Pts',(3.6,-3.6,-9.78970219833778));
#3003=CARTESIAN_POINT('Ctrl Pts',(3.6,0.,-9.78970219833778));
#3004=CARTESIAN_POINT('Ctrl Pts',(2.4,0.,-10.6845532975067));
#3005=CARTESIAN_POINT('Ctrl Pts',(2.4,2.4,-10.6845532975067));
#3006=CARTESIAN_POINT('Ctrl Pts',(6.54240199805542E-16,2.4,-10.6845532975067));
#3007=CARTESIAN_POINT('Ctrl Pts',(-2.4,2.4,-10.6845532975067));
#3008=CARTESIAN_POINT('Ctrl Pts',(-2.4,0.,-10.6845532975067));
#3009=CARTESIAN_POINT('Ctrl Pts',(-2.4,-2.4,-10.6845532975067));
#3010=CARTESIAN_POINT('Ctrl Pts',(6.54240199805542E-16,-2.4,-10.6845532975067));
#3011=CARTESIAN_POINT('Ctrl Pts',(2.4,-2.4,-10.6845532975067));
#3012=CARTESIAN_POINT('Ctrl Pts',(2.4,0.,-10.6845532975067));
#3013=CARTESIAN_POINT('Ctrl Pts',(1.2,0.,-11.5794043966756));
#3014=CARTESIAN_POINT('Ctrl Pts',(1.2,1.2,-11.5794043966756));
#3015=CARTESIAN_POINT('Ctrl Pts',(7.09034026521076E-16,1.2,-11.5794043966756));
#3016=CARTESIAN_POINT('Ctrl Pts',(-1.2,1.2,-11.5794043966756));
#3017=CARTESIAN_POINT('Ctrl Pts',(-1.2,0.,-11.5794043966756));
#3018=CARTESIAN_POINT('Ctrl Pts',(-1.2,-1.2,-11.5794043966756));
#3019=CARTESIAN_POINT('Ctrl Pts',(7.09034026521076E-16,-1.2,-11.5794043966756));
#3020=CARTESIAN_POINT('Ctrl Pts',(1.2,-1.2,-11.5794043966756));
#3021=CARTESIAN_POINT('Ctrl Pts',(1.2,0.,-11.5794043966756));
#3022=CARTESIAN_POINT('Ctrl Pts',(1.2490009027033E-15,0.,-12.4742554958445));
#3023=CARTESIAN_POINT('Ctrl Pts',(1.2490009027033E-15,4.85173049466692E-16,
-12.4742554958445));
#3024=CARTESIAN_POINT('Ctrl Pts',(7.63827853236609E-16,4.85173049466692E-16,
-12.4742554958445));
#3025=CARTESIAN_POINT('Ctrl Pts',(2.78654803769918E-16,4.85173049466692E-16,
-12.4742554958445));
#3026=CARTESIAN_POINT('Ctrl Pts',(2.78654803769917E-16,0.,-12.4742554958445));
#3027=CARTESIAN_POINT('Ctrl Pts',(2.78654803769918E-16,-4.85173049466692E-16,
-12.4742554958445));
#3028=CARTESIAN_POINT('Ctrl Pts',(7.63827853236609E-16,-4.85173049466692E-16,
-12.4742554958445));
#3029=CARTESIAN_POINT('Ctrl Pts',(1.2490009027033E-15,-4.85173049466692E-16,
-12.4742554958445));
#3030=CARTESIAN_POINT('Ctrl Pts',(1.2490009027033E-15,0.,-12.4742554958445));
#3031=CARTESIAN_POINT('Ctrl Pts',(7.24041843359558,0.,-0.360602811523951));
#3032=CARTESIAN_POINT('Ctrl Pts',(7.22212546162701,-0.00238844788542314,
-0.327384928569577));
#3033=CARTESIAN_POINT('Ctrl Pts',(7.20350562956517,-0.00970987258133128,
-0.294955037872284));
#3034=CARTESIAN_POINT('Ctrl Pts',(7.13819104064875,-0.0441153429409531,
-0.186358349531016));
#3035=CARTESIAN_POINT('Ctrl Pts',(7.07590776378442,-0.0921030196236451,
-0.0908466123173917));
#3036=CARTESIAN_POINT('Ctrl Pts',(6.99784261757755,-0.173777730493458,-1.95162996126086E-15));
#3037=CARTESIAN_POINT('Ctrl Pts',(7.24041887612369,-1.40343308255515E-22,
-0.360598836078198));
#3038=CARTESIAN_POINT('Ctrl Pts',(7.24041843359558,0.,-0.360602811523944));
#3039=CARTESIAN_POINT('Ctrl Pts',(7.24565852671755,0.,-0.370012700675949));
#3040=CARTESIAN_POINT('Ctrl Pts',(7.2653763514494,0.,-0.406588271450778));
#3041=CARTESIAN_POINT('Ctrl Pts',(7.29584962306819,0.,-0.46486858624633));
#3042=CARTESIAN_POINT('Ctrl Pts',(7.35805538625888,0.,-0.588928031788908));
#3043=CARTESIAN_POINT('Ctrl Pts',(7.48861936832069,0.,-0.887879843744967));
#3044=CARTESIAN_POINT('Ctrl Pts',(7.62782346301922,0.,-1.29184426914717));
#3045=CARTESIAN_POINT('Ctrl Pts',(7.77425152445413,0.,-1.81370790202879));
#3046=CARTESIAN_POINT('Ctrl Pts',(7.93314620026592,0.,-2.54646679760262));
#3047=CARTESIAN_POINT('Ctrl Pts',(8.0301974386404,0.,-3.66383067815306));
#3048=CARTESIAN_POINT('Ctrl Pts',(7.96566624514594,0.,-4.68347054170325));
#3049=CARTESIAN_POINT('Ctrl Pts',(7.78887401964836,0.,-5.47427338571381));
#3050=CARTESIAN_POINT('Ctrl Pts',(7.53569569888943,0.,-6.15147494811771));
#3051=CARTESIAN_POINT('Ctrl Pts',(7.39426769105683,0.,-6.40136137877226));
#3052=CARTESIAN_POINT('Ctrl Pts',(7.34528955421812,0.,-6.49534410830916));
#3053=CARTESIAN_POINT('Ctrl Pts',(7.33108381455811,0.,-6.51855999970338));
#3054=CARTESIAN_POINT('Ctrl Pts',(7.32891294338122,0.,-6.52269689802367));
#3055=CARTESIAN_POINT('Ctrl Pts',(7.32891342373801,8.39264147039001E-22,
-6.52270086907609));
#3056=CARTESIAN_POINT('Ctrl Pts',(6.43100859313862,-5.98050276485425E-16,
1.10919014440539));
#3057=CARTESIAN_POINT('Ctrl Pts',(6.43100859313862,-0.0546433725442808,
1.10919014440539));
#3058=CARTESIAN_POINT('Ctrl Pts',(6.43638533143967,-0.136878834080827,1.07987853991873));
#3059=CARTESIAN_POINT('Ctrl Pts',(6.45446631756688,-0.249446142868303,0.975468261785072));
#3060=CARTESIAN_POINT('Ctrl Pts',(6.47917185229857,-0.362963355171506,0.821486264076093));
#3061=CARTESIAN_POINT('Ctrl Pts',(6.52233722798533,-0.50649386950766,0.524293413968782));
#3062=CARTESIAN_POINT('Ctrl Pts',(6.59414084863299,-0.646624765690738,-0.0350426595281573));
#3063=CARTESIAN_POINT('Ctrl Pts',(6.6639979927599,-0.716308462483157,-0.636817659729827));
#3064=CARTESIAN_POINT('Ctrl Pts',(6.73720850994177,-0.767069922004897,-1.34759930892791));
#3065=CARTESIAN_POINT('Ctrl Pts',(6.816633431598,-0.798218290405099,-2.27291573761546));
#3066=CARTESIAN_POINT('Ctrl Pts',(6.86596323913131,-0.811014651023655,-3.63199303614974));
#3067=CARTESIAN_POINT('Ctrl Pts',(6.83322742661591,-0.803032193879548,-4.92171742625304));
#3068=CARTESIAN_POINT('Ctrl Pts',(6.74303288832155,-0.755655047270239,-6.03159706861678));
#3069=CARTESIAN_POINT('Ctrl Pts',(6.61197381055283,-0.608376518763864,-7.15549376472548));
#3070=CARTESIAN_POINT('Ctrl Pts',(6.52018262583558,-0.377704028051155,-7.73211107461245));
#3071=CARTESIAN_POINT('Ctrl Pts',(6.47768540235523,-0.187109212868739,-7.95756082960983));
#3072=CARTESIAN_POINT('Ctrl Pts',(6.46517831898954,-0.0795999369161877,
-8.01950619970738));
#3073=CARTESIAN_POINT('Ctrl Pts',(6.46313556116079,-0.0264498346769086,
-8.02981301739649));
#3074=CARTESIAN_POINT('Ctrl Pts',(6.46313556116079,4.97631701243059E-16,
-8.02981301739649));
#3075=CARTESIAN_POINT('Ctrl Pts',(6.,-1.40481886282837E-15,2.78534213324173));
#3076=CARTESIAN_POINT('Ctrl Pts',(6.,-0.136371266781347,2.78534213324173));
#3077=CARTESIAN_POINT('Ctrl Pts',(5.99655586981319,-0.341072069539702,2.72951708734199));
#3078=CARTESIAN_POINT('Ctrl Pts',(5.9854343342461,-0.611065278510506,2.53704947858081));
#3079=CARTESIAN_POINT('Ctrl Pts',(5.96976710373063,-0.874545926882432,2.26183518350189));
#3080=CARTESIAN_POINT('Ctrl Pts',(5.94214081756534,-1.18961003067506,1.75311041422174));
#3081=CARTESIAN_POINT('Ctrl Pts',(5.90755857987561,-1.48313125562538,0.895721781076567));
#3082=CARTESIAN_POINT('Ctrl Pts',(5.89003363916541,-1.63461457901945,0.0769023333311488));
#3083=CARTESIAN_POINT('Ctrl Pts',(5.87885015956369,-1.75117446404414,-0.839614472801072));
#3084=CARTESIAN_POINT('Ctrl Pts',(5.87469005103339,-1.83301105487086,-1.97333537198102));
#3085=CARTESIAN_POINT('Ctrl Pts',(5.87488009711069,-1.87159935916473,-3.59710318702498));
#3086=CARTESIAN_POINT('Ctrl Pts',(5.87462388548597,-1.84698348732514,-5.18268199806067));
#3087=CARTESIAN_POINT('Ctrl Pts',(5.88266641714444,-1.73438320541106,-6.64075091368994));
#3088=CARTESIAN_POINT('Ctrl Pts',(5.92011539914814,-1.4261849595146,-8.25979660804455));
#3089=CARTESIAN_POINT('Ctrl Pts',(5.97172694386803,-0.935387692018454,-9.23401717529036));
#3090=CARTESIAN_POINT('Ctrl Pts',(5.99259288106119,-0.472667008436564,-9.63371703320401));
#3091=CARTESIAN_POINT('Ctrl Pts',(5.99897443127455,-0.202952805534884,-9.74710295213761));
#3092=CARTESIAN_POINT('Ctrl Pts',(6.,-0.0674647389460083,-9.76579280856462));
#3093=CARTESIAN_POINT('Ctrl Pts',(6.,6.34729556608149E-16,-9.76579280856462));
#3094=CARTESIAN_POINT('Ctrl Pts',(6.,-2.3218345111365E-15,4.46326812181454));
#3095=CARTESIAN_POINT('Ctrl Pts',(6.,-0.235187686766015,4.46326812181454));
#3096=CARTESIAN_POINT('Ctrl Pts',(5.97905899245813,-0.587682894741997,4.38086596850671));
#3097=CARTESIAN_POINT('Ctrl Pts',(5.91186014065977,-1.04336269442494,4.10006392420079));
#3098=CARTESIAN_POINT('Ctrl Pts',(5.82202099540041,-1.47970821802879,3.70332254524957));
#3099=CARTESIAN_POINT('Ctrl Pts',(5.67284197971694,-1.98383079035979,2.98266777622567));
#3100=CARTESIAN_POINT('Ctrl Pts',(5.48680759988574,-2.4389849021943,1.82690886378159));
#3101=CARTESIAN_POINT('Ctrl Pts',(5.36918975698139,-2.67985807141007,0.790954853869552));
#3102=CARTESIAN_POINT('Ctrl Pts',(5.26950008959519,-2.87167304583117,-0.33140464927345));
#3103=CARTESIAN_POINT('Ctrl Pts',(5.18724127031264,-3.01651064664472,-1.67359233967476));
#3104=CARTESIAN_POINT('Ctrl Pts',(5.14355888602945,-3.08908933463633,-3.56219386733458));
#3105=CARTESIAN_POINT('Ctrl Pts',(5.17196449398307,-3.04238028843164,-5.44377490122534));
#3106=CARTESIAN_POINT('Ctrl Pts',(5.28067128379521,-2.85332195739621,-7.25021400863982));
#3107=CARTESIAN_POINT('Ctrl Pts',(5.52586486352091,-2.37572280107588,-9.36469800304504));
#3108=CARTESIAN_POINT('Ctrl Pts',(5.81275170609367,-1.60647209308314,-10.7372730378606));
#3109=CARTESIAN_POINT('Ctrl Pts',(5.95131256416223,-0.820326343000086,-11.3117843221907));
#3110=CARTESIAN_POINT('Ctrl Pts',(5.99311505195359,-0.353906507878215,-11.4767912342391));
#3111=CARTESIAN_POINT('Ctrl Pts',(6.,-0.117675607367842,-11.5038864403457));
#3112=CARTESIAN_POINT('Ctrl Pts',(6.,3.93386148210767E-16,-11.5038864403457));
#3113=CARTESIAN_POINT('Origin',(0.,0.,-18.0000001192093));
#3114=CARTESIAN_POINT('',(0.,-1.75,-18.0000001192093));
#3115=CARTESIAN_POINT('Origin',(0.,0.,-18.0000001192093));
#3116=CARTESIAN_POINT('',(0.,-1.75,-18.0000001192093));
#3117=CARTESIAN_POINT('Origin',(0.,0.,-18.0000001192093));
#3118=CARTESIAN_POINT('Origin',(6.,0.,-30.));
#3119=CARTESIAN_POINT('Origin',(0.,0.,8.));
#3120=CARTESIAN_POINT('',(-10.3333333333333,-15.,8.));
#3121=CARTESIAN_POINT('',(10.3333333333333,-15.,8.));
#3122=CARTESIAN_POINT('',(0.,-15.,8.));
#3123=CARTESIAN_POINT('',(10.3333333333333,-21.,8.));
#3124=CARTESIAN_POINT('',(10.3333333333333,-15.,8.));
#3125=CARTESIAN_POINT('',(15.5,21.,8.));
#3126=CARTESIAN_POINT('Ctrl Pts',(10.3333333333333,-21.,8.));
#3127=CARTESIAN_POINT('Ctrl Pts',(11.9274312030764,-20.2358691265659,8.));
#3128=CARTESIAN_POINT('Ctrl Pts',(14.9472279231609,-18.6993215881078,8.));
#3129=CARTESIAN_POINT('Ctrl Pts',(18.9717513457826,-16.3696446635647,8.));
#3130=CARTESIAN_POINT('Ctrl Pts',(23.3562853878158,-13.2100947704915,8.));
#3131=CARTESIAN_POINT('Ctrl Pts',(27.3324517894337,-9.15390799614253,8.));
#3132=CARTESIAN_POINT('Ctrl Pts',(29.9326838638025,-4.97358835402144,8.));
#3133=CARTESIAN_POINT('Ctrl Pts',(31.2393958356441,-0.663808217699825,8.));
#3134=CARTESIAN_POINT('Ctrl Pts',(31.2614428118947,3.75678325304054,8.));
#3135=CARTESIAN_POINT('Ctrl Pts',(29.9169969876123,8.22640303268415,8.));
#3136=CARTESIAN_POINT('Ctrl Pts',(27.0511240008397,12.6576983800423,8.));
#3137=CARTESIAN_POINT('Ctrl Pts',(23.3868328719738,16.0994196947549,8.));
#3138=CARTESIAN_POINT('Ctrl Pts',(19.7859459870932,18.5892340971416,8.));
#3139=CARTESIAN_POINT('Ctrl Pts',(16.9938955083228,20.2039405532861,8.));
#3140=CARTESIAN_POINT('Ctrl Pts',(15.5,21.,8.));
#3141=CARTESIAN_POINT('',(-15.5,21.,8.));
#3142=CARTESIAN_POINT('',(0.,21.,8.));
#3143=CARTESIAN_POINT('',(-10.3333333333333,-21.,8.));
#3144=CARTESIAN_POINT('Ctrl Pts',(-15.5,21.,8.));
#3145=CARTESIAN_POINT('Ctrl Pts',(-16.9938955083228,20.2039405532861,8.));
#3146=CARTESIAN_POINT('Ctrl Pts',(-19.7859459870932,18.5892340971416,8.));
#3147=CARTESIAN_POINT('Ctrl Pts',(-23.3868328719738,16.0994196947549,8.));
#3148=CARTESIAN_POINT('Ctrl Pts',(-27.0511240008397,12.6576983800423,8.));
#3149=CARTESIAN_POINT('Ctrl Pts',(-29.9169969876123,8.22640303268415,8.));
#3150=CARTESIAN_POINT('Ctrl Pts',(-31.2614428118947,3.75678325304054,8.));
#3151=CARTESIAN_POINT('Ctrl Pts',(-31.2393958356441,-0.663808217699825,
8.));
#3152=CARTESIAN_POINT('Ctrl Pts',(-29.9326838638025,-4.97358835402144,8.));
#3153=CARTESIAN_POINT('Ctrl Pts',(-27.3324517894337,-9.15390799614253,8.));
#3154=CARTESIAN_POINT('Ctrl Pts',(-23.3562853878158,-13.2100947704915,8.));
#3155=CARTESIAN_POINT('Ctrl Pts',(-18.9717513457826,-16.3696446635647,8.));
#3156=CARTESIAN_POINT('Ctrl Pts',(-14.9472279231609,-18.6993215881078,8.));
#3157=CARTESIAN_POINT('Ctrl Pts',(-11.9274312030764,-20.2358691265659,8.));
#3158=CARTESIAN_POINT('Ctrl Pts',(-10.3333333333333,-21.,8.));
#3159=CARTESIAN_POINT('',(-10.3333333333333,-15.,8.));
#3160=CARTESIAN_POINT('Origin',(-10.3333333333333,-21.,0.));
#3161=CARTESIAN_POINT('',(-10.3333333333333,-15.,0.));
#3162=CARTESIAN_POINT('',(-10.3333333333333,-21.,0.));
#3163=CARTESIAN_POINT('Ctrl Pts',(-15.5,21.,0.));
#3164=CARTESIAN_POINT('Ctrl Pts',(-15.5,21.,8.));
#3165=CARTESIAN_POINT('Ctrl Pts',(-16.9938955083228,20.2039405532861,0.));
#3166=CARTESIAN_POINT('Ctrl Pts',(-16.9938955083228,20.2039405532861,8.));
#3167=CARTESIAN_POINT('Ctrl Pts',(-19.7859459870932,18.5892340971416,0.));
#3168=CARTESIAN_POINT('Ctrl Pts',(-19.7859459870932,18.5892340971416,8.));
#3169=CARTESIAN_POINT('Ctrl Pts',(-23.3868328719738,16.0994196947549,0.));
#3170=CARTESIAN_POINT('Ctrl Pts',(-23.3868328719738,16.0994196947549,8.));
#3171=CARTESIAN_POINT('Ctrl Pts',(-27.0511240008397,12.6576983800423,0.));
#3172=CARTESIAN_POINT('Ctrl Pts',(-27.0511240008397,12.6576983800423,8.));
#3173=CARTESIAN_POINT('Ctrl Pts',(-29.9169969876123,8.22640303268415,0.));
#3174=CARTESIAN_POINT('Ctrl Pts',(-29.9169969876123,8.22640303268415,8.));
#3175=CARTESIAN_POINT('Ctrl Pts',(-31.2614428118947,3.75678325304054,0.));
#3176=CARTESIAN_POINT('Ctrl Pts',(-31.2614428118947,3.75678325304054,8.));
#3177=CARTESIAN_POINT('Ctrl Pts',(-31.2393958356441,-0.663808217699825,
0.));
#3178=CARTESIAN_POINT('Ctrl Pts',(-31.2393958356441,-0.663808217699825,
8.));
#3179=CARTESIAN_POINT('Ctrl Pts',(-29.9326838638025,-4.97358835402144,0.));
#3180=CARTESIAN_POINT('Ctrl Pts',(-29.9326838638025,-4.97358835402144,8.));
#3181=CARTESIAN_POINT('Ctrl Pts',(-27.3324517894337,-9.15390799614253,0.));
#3182=CARTESIAN_POINT('Ctrl Pts',(-27.3324517894337,-9.15390799614253,8.));
#3183=CARTESIAN_POINT('Ctrl Pts',(-23.3562853878158,-13.2100947704915,0.));
#3184=CARTESIAN_POINT('Ctrl Pts',(-23.3562853878158,-13.2100947704915,8.));
#3185=CARTESIAN_POINT('Ctrl Pts',(-18.9717513457826,-16.3696446635647,0.));
#3186=CARTESIAN_POINT('Ctrl Pts',(-18.9717513457826,-16.3696446635647,8.));
#3187=CARTESIAN_POINT('Ctrl Pts',(-14.9472279231609,-18.6993215881078,0.));
#3188=CARTESIAN_POINT('Ctrl Pts',(-14.9472279231609,-18.6993215881078,8.));
#3189=CARTESIAN_POINT('Ctrl Pts',(-11.9274312030764,-20.2358691265659,0.));
#3190=CARTESIAN_POINT('Ctrl Pts',(-11.9274312030764,-20.2358691265659,8.));
#3191=CARTESIAN_POINT('Ctrl Pts',(-10.3333333333333,-21.,0.));
#3192=CARTESIAN_POINT('Ctrl Pts',(-10.3333333333333,-21.,8.));
#3193=CARTESIAN_POINT('',(-15.5,21.,0.));
#3194=CARTESIAN_POINT('Origin',(15.5,21.,0.));
#3195=CARTESIAN_POINT('',(15.5,21.,0.));
#3196=CARTESIAN_POINT('Ctrl Pts',(10.3333333333333,-21.,0.));
#3197=CARTESIAN_POINT('Ctrl Pts',(10.3333333333333,-21.,8.));
#3198=CARTESIAN_POINT('Ctrl Pts',(11.9274312030764,-20.2358691265659,0.));
#3199=CARTESIAN_POINT('Ctrl Pts',(11.9274312030764,-20.2358691265659,8.));
#3200=CARTESIAN_POINT('Ctrl Pts',(14.9472279231609,-18.6993215881078,0.));
#3201=CARTESIAN_POINT('Ctrl Pts',(14.9472279231609,-18.6993215881078,8.));
#3202=CARTESIAN_POINT('Ctrl Pts',(18.9717513457826,-16.3696446635647,0.));
#3203=CARTESIAN_POINT('Ctrl Pts',(18.9717513457826,-16.3696446635647,8.));
#3204=CARTESIAN_POINT('Ctrl Pts',(23.3562853878158,-13.2100947704915,0.));
#3205=CARTESIAN_POINT('Ctrl Pts',(23.3562853878158,-13.2100947704915,8.));
#3206=CARTESIAN_POINT('Ctrl Pts',(27.3324517894337,-9.15390799614253,0.));
#3207=CARTESIAN_POINT('Ctrl Pts',(27.3324517894337,-9.15390799614253,8.));
#3208=CARTESIAN_POINT('Ctrl Pts',(29.9326838638025,-4.97358835402144,0.));
#3209=CARTESIAN_POINT('Ctrl Pts',(29.9326838638025,-4.97358835402144,8.));
#3210=CARTESIAN_POINT('Ctrl Pts',(31.2393958356441,-0.663808217699825,0.));
#3211=CARTESIAN_POINT('Ctrl Pts',(31.2393958356441,-0.663808217699825,8.));
#3212=CARTESIAN_POINT('Ctrl Pts',(31.2614428118947,3.75678325304054,0.));
#3213=CARTESIAN_POINT('Ctrl Pts',(31.2614428118947,3.75678325304054,8.));
#3214=CARTESIAN_POINT('Ctrl Pts',(29.9169969876123,8.22640303268415,0.));
#3215=CARTESIAN_POINT('Ctrl Pts',(29.9169969876123,8.22640303268415,8.));
#3216=CARTESIAN_POINT('Ctrl Pts',(27.0511240008397,12.6576983800423,0.));
#3217=CARTESIAN_POINT('Ctrl Pts',(27.0511240008397,12.6576983800423,8.));
#3218=CARTESIAN_POINT('Ctrl Pts',(23.3868328719738,16.0994196947549,0.));
#3219=CARTESIAN_POINT('Ctrl Pts',(23.3868328719738,16.0994196947549,8.));
#3220=CARTESIAN_POINT('Ctrl Pts',(19.7859459870932,18.5892340971416,0.));
#3221=CARTESIAN_POINT('Ctrl Pts',(19.7859459870932,18.5892340971416,8.));
#3222=CARTESIAN_POINT('Ctrl Pts',(16.9938955083228,20.2039405532861,0.));
#3223=CARTESIAN_POINT('Ctrl Pts',(16.9938955083228,20.2039405532861,8.));
#3224=CARTESIAN_POINT('Ctrl Pts',(15.5,21.,0.));
#3225=CARTESIAN_POINT('Ctrl Pts',(15.5,21.,8.));
#3226=CARTESIAN_POINT('',(10.3333333333333,-21.,0.));
#3227=CARTESIAN_POINT('Origin',(10.3333333333333,-15.,0.));
#3228=CARTESIAN_POINT('',(10.3333333333333,-15.,0.));
#3229=CARTESIAN_POINT('Origin',(-10.3333333333333,-15.,0.));
#3230=CARTESIAN_POINT('',(0.,0.,0.));
#3231=CARTESIAN_POINT('Ctrl Pts',(4.29038880027263,-2.33894702798836,40.));
#3232=CARTESIAN_POINT('Ctrl Pts',(4.29038834436999,-2.33894305405419,40.));
#3233=CARTESIAN_POINT('Ctrl Pts',(4.31223880301964,-2.29952527419647,40.));
#3234=CARTESIAN_POINT('Ctrl Pts',(4.37903540481423,-2.1707094209552,40.));
#3235=CARTESIAN_POINT('Ctrl Pts',(4.49146399349268,-1.93196399554346,40.));
#3236=CARTESIAN_POINT('Ctrl Pts',(4.68155475841681,-1.47857597113015,40.));
#3237=CARTESIAN_POINT('Ctrl Pts',(4.8955145259349,-0.546149764353297,40.));
#3238=CARTESIAN_POINT('Ctrl Pts',(4.89592392406808,0.547145022837737,40.));
#3239=CARTESIAN_POINT('Ctrl Pts',(4.71847690921849,1.31686570121995,40.));
#3240=CARTESIAN_POINT('Ctrl Pts',(4.53957040495559,1.82156873499554,40.));
#3241=CARTESIAN_POINT('Ctrl Pts',(4.40890994458295,2.1133482667465,40.));
#3242=CARTESIAN_POINT('Ctrl Pts',(4.31213786175181,2.29962883155644,40.));
#3243=CARTESIAN_POINT('Ctrl Pts',(4.29038834436999,2.33894305405419,40.));
#3244=CARTESIAN_POINT('Ctrl Pts',(4.29038880027263,2.33894702798836,40.));
#3245=CARTESIAN_POINT('Ctrl Pts',(3.65331046225882,-3.50755274514005,40.));
#3246=CARTESIAN_POINT('Ctrl Pts',(3.65331046225882,-3.50755274514005,39.8742074405411));
#3247=CARTESIAN_POINT('Ctrl Pts',(3.66129126517655,-3.43584355222736,39.6217017298595));
#3248=CARTESIAN_POINT('Ctrl Pts',(3.68553687348213,-3.20966088023555,39.3731467885657));
#3249=CARTESIAN_POINT('Ctrl Pts',(3.72631606686436,-2.80650397652256,39.0822775451143));
#3250=CARTESIAN_POINT('Ctrl Pts',(3.796309244485,-2.07710483298738,38.7963796988588));
#3251=CARTESIAN_POINT('Ctrl Pts',(3.87668657838148,-0.742612901095637,38.6263535535666));
#3252=CARTESIAN_POINT('Ctrl Pts',(3.87684281090636,0.74353680450421,38.626627022587));
#3253=CARTESIAN_POINT('Ctrl Pts',(3.8099202606716,1.84649502810905,38.7679220555731));
#3254=CARTESIAN_POINT('Ctrl Pts',(3.74421537957983,2.62683081069427,39.0076492607818));
#3255=CARTESIAN_POINT('Ctrl Pts',(3.69632040044283,3.1084274899871,39.2614760452584));
#3256=CARTESIAN_POINT('Ctrl Pts',(3.66126434289349,3.43624441182229,39.6233411459534));
#3257=CARTESIAN_POINT('Ctrl Pts',(3.65331046225882,3.50755274514005,39.873787404418));
#3258=CARTESIAN_POINT('Ctrl Pts',(3.65331046225882,3.50755274514005,40.));
#3259=CARTESIAN_POINT('Ctrl Pts',(3.31442595273397,-4.83717570944974,40.));
#3260=CARTESIAN_POINT('Ctrl Pts',(3.31442595273397,-4.83717570944974,39.7310159800478));
#3261=CARTESIAN_POINT('Ctrl Pts',(3.31452608868759,-4.73300032541517,39.1912103663335));
#3262=CARTESIAN_POINT('Ctrl Pts',(3.31452134008488,-4.4070797848863,38.651742916404));
#3263=CARTESIAN_POINT('Ctrl Pts',(3.31422028157298,-3.83174532310901,38.0100721184163));
#3264=CARTESIAN_POINT('Ctrl Pts',(3.31407835305806,-2.80393489132252,37.352591367272));
#3265=CARTESIAN_POINT('Ctrl Pts',(3.31348952995853,-0.990365043875227,36.9185077231951));
#3266=CARTESIAN_POINT('Ctrl Pts',(3.31347271021871,0.991488713794545,36.9189878320118));
#3267=CARTESIAN_POINT('Ctrl Pts',(3.31367614035813,2.4907982880625,37.2790368181997));
#3268=CARTESIAN_POINT('Ctrl Pts',(3.31440928169181,3.57777154207112,37.8394441359401));
#3269=CARTESIAN_POINT('Ctrl Pts',(3.31447233142547,4.26102105587008,38.4095053383515));
#3270=CARTESIAN_POINT('Ctrl Pts',(3.31452852617377,4.7336519295765,39.1946423911074));
#3271=CARTESIAN_POINT('Ctrl Pts',(3.31442595273397,4.83717570944975,39.7301178108285));
#3272=CARTESIAN_POINT('Ctrl Pts',(3.31442595273397,4.83717570944974,40.));
#3273=CARTESIAN_POINT('Ctrl Pts',(3.31442595273397,-6.16815911955486,40.));
#3274=CARTESIAN_POINT('Ctrl Pts',(3.31442595273397,-6.16815911955486,39.5876566313241));
#3275=CARTESIAN_POINT('Ctrl Pts',(3.31442595273397,-6.03155283997073,38.760273005965));
#3276=CARTESIAN_POINT('Ctrl Pts',(3.31442595273397,-5.60598696080808,37.9294679726539));
#3277=CARTESIAN_POINT('Ctrl Pts',(3.31442595273397,-4.85857050175852,36.9362315787216));
#3278=CARTESIAN_POINT('Ctrl Pts',(3.31442595273397,-3.53243280985733,35.9059259792331));
#3279=CARTESIAN_POINT('Ctrl Pts',(3.31442595273397,-1.23890348965505,35.2057465056097));
#3280=CARTESIAN_POINT('Ctrl Pts',(3.31442595273397,1.24027162513653,35.2064223723155));
#3281=CARTESIAN_POINT('Ctrl Pts',(3.31442595273397,3.13657364507647,35.7868326347456));
#3282=CARTESIAN_POINT('Ctrl Pts',(3.31442595273397,4.53032655184327,36.6693622167447));
#3283=CARTESIAN_POINT('Ctrl Pts',(3.31442595273397,5.41514137877729,37.556461959419));
#3284=CARTESIAN_POINT('Ctrl Pts',(3.31442595273397,6.03245491822697,38.7654965347235));
#3285=CARTESIAN_POINT('Ctrl Pts',(3.31442595273397,6.16815911955486,39.5862797684102));
#3286=CARTESIAN_POINT('Ctrl Pts',(3.31442595273397,6.16815911955486,40.));
#3287=CARTESIAN_POINT('',(4.29038834436999,2.33894305405419,40.));
#3288=CARTESIAN_POINT('',(3.31442595273397,3.39948193536294,35.998901044516));
#3289=CARTESIAN_POINT('Ctrl Pts',(3.31442595273397,3.39948193536295,35.998901044516));
#3290=CARTESIAN_POINT('Ctrl Pts',(3.31442595273397,3.4340949750881,36.7138760216636));
#3291=CARTESIAN_POINT('Ctrl Pts',(3.3888078164019,3.39722867343801,37.3900915399719));
#3292=CARTESIAN_POINT('Ctrl Pts',(3.61232512148309,3.21624827773785,38.5082673797903));
#3293=CARTESIAN_POINT('Ctrl Pts',(3.74693891395206,3.08698217027387,38.953399059463));
#3294=CARTESIAN_POINT('Ctrl Pts',(3.96264450702573,2.83228428276945,39.5006779274522));
#3295=CARTESIAN_POINT('Ctrl Pts',(4.03873795398055,2.73224356814507,39.6582052794494));
#3296=CARTESIAN_POINT('Ctrl Pts',(4.14867087650303,2.57297431843441,39.8464656572663));
#3297=CARTESIAN_POINT('Ctrl Pts',(4.18591935941041,2.51511969004019,39.8994968163401));
#3298=CARTESIAN_POINT('Ctrl Pts',(4.23807694164753,2.43000985525992,39.9605449223816));
#3299=CARTESIAN_POINT('Ctrl Pts',(4.2550487518088,2.40113047475009,39.9764929677471));
#3300=CARTESIAN_POINT('Ctrl Pts',(4.27785586108532,2.36140207974997,39.9936237427462));
#3301=CARTESIAN_POINT('Ctrl Pts',(4.2846020067809,2.34934026297907,39.9971957204418));
#3302=CARTESIAN_POINT('Ctrl Pts',(4.28987718509039,2.33983299429933,39.9993317104021));
#3303=CARTESIAN_POINT('Ctrl Pts',(4.29095940371319,2.33787598234334,39.9997225624419));
#3304=CARTESIAN_POINT('Ctrl Pts',(4.29192911277772,2.33611343090637,39.9999843987794));
#3305=CARTESIAN_POINT('Ctrl Pts',(4.29194163122924,2.3360906755208,39.9999877609037));
#3306=CARTESIAN_POINT('Ctrl Pts',(4.29196881165497,2.33604126449158,39.9999950203749));
#3307=CARTESIAN_POINT('Ctrl Pts',(4.29198311715273,2.33601534212226,39.9999999999982));
#3308=CARTESIAN_POINT('Ctrl Pts',(4.29148719121901,2.33692649791762,40.0000000000246));
#3309=CARTESIAN_POINT('Ctrl Pts',(4.2910056119165,2.33781064415607,40.));
#3310=CARTESIAN_POINT('Ctrl Pts',(4.29047859474571,2.33877749957781,40.));
#3311=CARTESIAN_POINT('Ctrl Pts',(4.29043347075543,2.33886027746938,40.));
#3312=CARTESIAN_POINT('Ctrl Pts',(4.29038834436999,2.33894305405419,40.));
#3313=CARTESIAN_POINT('',(4.29038834436999,-2.33894305405419,40.));
#3314=CARTESIAN_POINT('Origin',(0.,-7.41410625207718E-32,40.));
#3315=CARTESIAN_POINT('',(3.81883974934133,-3.00000004470348,39.1278170073555));
#3316=CARTESIAN_POINT('Ctrl Pts',(4.29038834436999,-2.33894305405419,40.));
#3317=CARTESIAN_POINT('Ctrl Pts',(4.29043310592803,-2.33886094668242,40.));
#3318=CARTESIAN_POINT('Ctrl Pts',(4.29047786513042,-2.33877883802324,40.));
#3319=CARTESIAN_POINT('Ctrl Pts',(4.29102096656154,-2.33778247584072,40.));
#3320=CARTESIAN_POINT('Ctrl Pts',(4.29150710346836,-2.33688992415681,39.9999999995887));
#3321=CARTESIAN_POINT('Ctrl Pts',(4.29198595084018,-2.33601013557966,40.0000000000108));
#3322=CARTESIAN_POINT('Ctrl Pts',(4.29192555911394,-2.33611989193959,39.9999834585169));
#3323=CARTESIAN_POINT('Ctrl Pts',(4.29092975567074,-2.33792976075774,39.9997134174966));
#3324=CARTESIAN_POINT('Ctrl Pts',(4.28983236686639,-2.33991400675941,39.999315378202));
#3325=CARTESIAN_POINT('Ctrl Pts',(4.28455293453281,-2.34942767938513,39.9971680388063));
#3326=CARTESIAN_POINT('Ctrl Pts',(4.27785887763723,-2.36139456953763,39.9936155870086));
#3327=CARTESIAN_POINT('Ctrl Pts',(4.2551388789675,-2.40097680245511,39.9765760166705));
#3328=CARTESIAN_POINT('Ctrl Pts',(4.23814196867654,-2.42990284244774,39.9606180667969));
#3329=CARTESIAN_POINT('Ctrl Pts',(4.18594868608102,-2.51507323799638,39.8995357512991));
#3330=CARTESIAN_POINT('Ctrl Pts',(4.14870684642219,-2.57291960665572,39.8465199445126));
#3331=CARTESIAN_POINT('Ctrl Pts',(4.03878920329594,-2.73217345609421,39.6583046822401));
#3332=CARTESIAN_POINT('Ctrl Pts',(3.962703259066,-2.83220964433547,39.5008076921952));
#3333=CARTESIAN_POINT('Ctrl Pts',(3.86155019184548,-2.95165445666091,39.2441910116334));
#3334=CARTESIAN_POINT('Ctrl Pts',(3.84012036120892,-2.97624335131884,39.1872060045411));
#3335=CARTESIAN_POINT('Ctrl Pts',(3.81883974934132,-3.00000004470351,39.1278170073555));
#3336=CARTESIAN_POINT('',(3.31442595273397,-3.00000004470349,35.816343940309));
#3337=CARTESIAN_POINT('Ctrl Pts',(3.31442595273397,-3.00000004470348,35.816343940309));
#3338=CARTESIAN_POINT('Ctrl Pts',(3.31442595273397,-3.00000004470348,37.2180257310821));
#3339=CARTESIAN_POINT('Ctrl Pts',(3.62763579010284,-3.00000004470349,38.3514232846702));
#3340=CARTESIAN_POINT('Ctrl Pts',(3.81883974934133,-3.00000004470349,39.1278170073555));
#3341=CARTESIAN_POINT('Ctrl Pts',(3.31442595273397,-3.00035544740783,35.8154931310375));
#3342=CARTESIAN_POINT('Ctrl Pts',(3.31442595273397,-2.43254911990396,35.5781214973645));
#3343=CARTESIAN_POINT('Ctrl Pts',(3.31442595273397,-1.03123135350775,35.2058031206837));
#3344=CARTESIAN_POINT('Ctrl Pts',(3.31442595273397,1.17903249310495,35.2064056774519));
#3345=CARTESIAN_POINT('Ctrl Pts',(3.31442595273397,2.71874477499866,35.6596396240112));
#3346=CARTESIAN_POINT('Ctrl Pts',(3.31442595273397,3.39945885721844,35.9989473435623));
#3347=CARTESIAN_POINT('Origin',(3.31442595273397,3.74838664556319,0.));
#3348=CARTESIAN_POINT('',(3.31442595273397,-3.00000004470348,27.998293576198));
#3349=CARTESIAN_POINT('',(3.31442595273397,-3.00000004470348,0.));
#3350=CARTESIAN_POINT('',(3.31442595273397,-1.12453602534782,0.));
#3351=CARTESIAN_POINT('Ctrl Pts',(3.31442595273397,-1.12453602534782,0.));
#3352=CARTESIAN_POINT('Ctrl Pts',(3.31442595273397,-1.94808782469125,7.6336075718634));
#3353=CARTESIAN_POINT('Ctrl Pts',(3.31442595273397,-3.00000004470348,27.998293576198));
#3354=CARTESIAN_POINT('',(3.31442595273397,1.12453602534782,0.));
#3355=CARTESIAN_POINT('',(3.31442595273397,-3.00000004470348,0.));
#3356=CARTESIAN_POINT('Ctrl Pts',(3.31442595273397,3.39948193536295,35.998901044516));
#3357=CARTESIAN_POINT('Ctrl Pts',(3.31442595273397,2.08991844552913,8.94825384184036));
#3358=CARTESIAN_POINT('Ctrl Pts',(3.31442595273397,1.12453602534782,0.));
#3359=CARTESIAN_POINT('Origin',(3.31442595273397,-3.00000004470348,0.));
#3360=CARTESIAN_POINT('Ctrl Pts',(3.31442595273397,-3.00000004470348,27.998293576198));
#3361=CARTESIAN_POINT('Ctrl Pts',(3.55620085162623,-3.00000004470348,33.1695549370261));
#3362=CARTESIAN_POINT('Ctrl Pts',(3.81883974934104,-3.00000004470348,39.1278170073489));
#3363=CARTESIAN_POINT('Origin',(4.15721301361989,0.374193300429851,0.));
#3364=CARTESIAN_POINT('Origin',(0.,5.10641050315859E-39,-2.75497023360938E-6));
#3365=CARTESIAN_POINT('Origin',(0.,-4.00848407463229E-32,21.6262564271142));
#3366=CARTESIAN_POINT('',(-3.49999999999892,-4.28626379701441E-16,-2.75497023360938E-6));
#3367=CARTESIAN_POINT('Origin',(0.,5.10641050315859E-39,-2.75497023360938E-6));
#3368=CARTESIAN_POINT('',(-4.28626379701441E-16,-3.49999999999892,-2.75497024304627E-6));
#3369=CARTESIAN_POINT('Origin',(0.,5.10641050315859E-39,-2.75497023360938E-6));
#3370=CARTESIAN_POINT('',(-6.12233135950328E-16,-4.9992629415811,43.2525156091987));
#3371=CARTESIAN_POINT('',(-5.20429757825884E-16,-4.24963147079001,21.6262564271142));
#3372=CARTESIAN_POINT('Origin',(0.,-8.01696865990564E-32,43.2525156091987));
#3373=CARTESIAN_POINT('Origin',(0.,5.10641050315859E-39,-2.75497023360938E-6));
#3374=CARTESIAN_POINT('Origin',(0.,0.,56.631301614046));
#3375=CARTESIAN_POINT('',(6.05033463847972,-1.74967080640941,56.5973594691722));
#3376=CARTESIAN_POINT('',(6.05270675167945,-1.75,56.631301614046));
#3377=CARTESIAN_POINT('Ctrl Pts',(6.05033463847972,-1.74967080640941,56.5973594691722));
#3378=CARTESIAN_POINT('Ctrl Pts',(6.03581010636277,-1.74547051810467,56.380840393768));
#3379=CARTESIAN_POINT('Ctrl Pts',(6.03321344572936,-1.69827561384807,56.1503233282736));
#3380=CARTESIAN_POINT('Ctrl Pts',(6.05111045636536,-1.51614284073892,55.7275366027375));
#3381=CARTESIAN_POINT('Ctrl Pts',(6.07086015203171,-1.38123513000724,55.5352227865514));
#3382=CARTESIAN_POINT('Ctrl Pts',(6.11143282134895,-1.07247020068174,55.2315176742248));
#3383=CARTESIAN_POINT('Ctrl Pts',(6.13494172332463,-0.877363289809242,55.099625283694));
#3384=CARTESIAN_POINT('Ctrl Pts',(6.16873715544985,-0.450133392172836,54.9244979677228));
#3385=CARTESIAN_POINT('Ctrl Pts',(6.17841210066202,-0.217946437875599,54.881301614046));
#3386=CARTESIAN_POINT('Ctrl Pts',(6.17841210066202,0.2179464378756,54.881301614046));
#3387=CARTESIAN_POINT('Ctrl Pts',(6.16873715544985,0.450133392172837,54.9244979677228));
#3388=CARTESIAN_POINT('Ctrl Pts',(6.13494172332463,0.877363289809243,55.099625283694));
#3389=CARTESIAN_POINT('Ctrl Pts',(6.11143282134895,1.07247020068175,55.2315176742248));
#3390=CARTESIAN_POINT('Ctrl Pts',(6.07086015203171,1.38123513000724,55.5352227865514));
#3391=CARTESIAN_POINT('Ctrl Pts',(6.05111045636536,1.51614284073892,55.7275366027375));
#3392=CARTESIAN_POINT('Ctrl Pts',(6.03321344572936,1.69827561384807,56.1503233282736));
#3393=CARTESIAN_POINT('Ctrl Pts',(6.03581010636277,1.74547051810467,56.380840393768));
#3394=CARTESIAN_POINT('Ctrl Pts',(6.0654184731905,1.75403283707699,56.8222161405492));
#3395=CARTESIAN_POINT('Ctrl Pts',(6.09524773798114,1.71276690604732,57.0609018756343));
#3396=CARTESIAN_POINT('Ctrl Pts',(6.1732236818542,1.53792396029073,57.4990096779948));
#3397=CARTESIAN_POINT('Ctrl Pts',(6.22059316982771,1.40442230538968,57.6985997834982));
#3398=CARTESIAN_POINT('Ctrl Pts',(6.30482692163944,1.09484663761059,58.0142392047856));
#3399=CARTESIAN_POINT('Ctrl Pts',(6.34735936738424,0.897892882868352,58.1518364849875));
#3400=CARTESIAN_POINT('Ctrl Pts',(6.40666576948927,0.462862510819293,58.3354131979194));
#3401=CARTESIAN_POINT('Ctrl Pts',(6.42281942991878,0.224663157208555,58.381301614046));
#3402=CARTESIAN_POINT('Ctrl Pts',(6.42281942991878,-0.224663157208556,58.381301614046));
#3403=CARTESIAN_POINT('Ctrl Pts',(6.40666576948927,-0.462862510819293,58.3354131979194));
#3404=CARTESIAN_POINT('Ctrl Pts',(6.34735936738424,-0.897892882868352,58.1518364849875));
#3405=CARTESIAN_POINT('Ctrl Pts',(6.30482692163944,-1.09484663761059,58.0142392047856));
#3406=CARTESIAN_POINT('Ctrl Pts',(6.22059316982771,-1.40442230538968,57.6985997834982));
#3407=CARTESIAN_POINT('Ctrl Pts',(6.1732236818542,-1.53792396029073,57.4990096779948));
#3408=CARTESIAN_POINT('Ctrl Pts',(6.09720365640119,-1.70838121321391,57.0718912023169));
#3409=CARTESIAN_POINT('Ctrl Pts',(6.06832232464453,-1.75,56.8461234285983));
#3410=CARTESIAN_POINT('Ctrl Pts',(6.05270675167945,-1.75,56.631301614046));
#3411=CARTESIAN_POINT('Ctrl Pts',(6.05270675167945,-1.75,56.6313016140461));
#3412=CARTESIAN_POINT('Ctrl Pts',(6.05188198545933,-1.75,56.6199553908633));
#3413=CARTESIAN_POINT('Ctrl Pts',(6.05109135263259,-1.74988963739004,56.6086399047418));
#3414=CARTESIAN_POINT('Ctrl Pts',(6.05033463847972,-1.74967080640941,56.5973594691722));
#3415=CARTESIAN_POINT('',(7.8051431688427,-1.75,56.631301614046));
#3416=CARTESIAN_POINT('',(0.,-1.75,56.631301614046));
#3417=CARTESIAN_POINT('Ctrl Pts',(7.8051431688427,-1.75,56.631301614046));
#3418=CARTESIAN_POINT('Ctrl Pts',(7.8051431688427,-1.75,56.851813858518));
#3419=CARTESIAN_POINT('Ctrl Pts',(7.81545866663158,-1.70578410888245,57.0865172913528));
#3420=CARTESIAN_POINT('Ctrl Pts',(7.85235289355781,-1.52697329910904,57.5174581971787));
#3421=CARTESIAN_POINT('Ctrl Pts',(7.87835936515521,-1.39241548328223,57.7137598649167));
#3422=CARTESIAN_POINT('Ctrl Pts',(7.92689221550267,-1.08247078012457,58.0237045680744));
#3423=CARTESIAN_POINT('Ctrl Pts',(7.95262433402138,-0.886163827556362,58.1582721834432));
#3424=CARTESIAN_POINT('Ctrl Pts',(7.98888659680411,-0.45520442422934,58.3370901159533));
#3425=CARTESIAN_POINT('Ctrl Pts',(7.99892242030961,-0.2204944171487,58.381301614046));
#3426=CARTESIAN_POINT('Ctrl Pts',(7.99892242030961,0.220494417148701,58.381301614046));
#3427=CARTESIAN_POINT('Ctrl Pts',(7.98888659680411,0.455204424229341,58.3370901159533));
#3428=CARTESIAN_POINT('Ctrl Pts',(7.95262433402138,0.886163827556363,58.1582721834432));
#3429=CARTESIAN_POINT('Ctrl Pts',(7.92689221550267,1.08247078012457,58.0237045680744));
#3430=CARTESIAN_POINT('Ctrl Pts',(7.87835936515521,1.39241548328223,57.7137598649167));
#3431=CARTESIAN_POINT('Ctrl Pts',(7.85235289355781,1.52697329910904,57.5174581971787));
#3432=CARTESIAN_POINT('Ctrl Pts',(7.81545866663158,1.70578410888245,57.0865172913528));
#3433=CARTESIAN_POINT('Ctrl Pts',(7.8051431688427,1.75,56.851813858518));
#3434=CARTESIAN_POINT('Ctrl Pts',(7.8051431688427,1.75,56.410789369574));
#3435=CARTESIAN_POINT('Ctrl Pts',(7.81545866663158,1.70578410888245,56.1760859367392));
#3436=CARTESIAN_POINT('Ctrl Pts',(7.85235289355781,1.52697329910904,55.7451450309134));
#3437=CARTESIAN_POINT('Ctrl Pts',(7.87835936515521,1.39241548328223,55.5488433631753));
#3438=CARTESIAN_POINT('Ctrl Pts',(7.92689221550267,1.08247078012457,55.2388986600177));
#3439=CARTESIAN_POINT('Ctrl Pts',(7.95262433402138,0.886163827556368,55.1043310446489));
#3440=CARTESIAN_POINT('Ctrl Pts',(7.98888659680411,0.455204424229343,54.9255131121387));
#3441=CARTESIAN_POINT('Ctrl Pts',(7.99892242030961,0.220494417148701,54.881301614046));
#3442=CARTESIAN_POINT('Ctrl Pts',(7.99892242030961,-0.220494417148701,54.881301614046));
#3443=CARTESIAN_POINT('Ctrl Pts',(7.98888659680411,-0.455204424229341,54.9255131121387));
#3444=CARTESIAN_POINT('Ctrl Pts',(7.95262433402138,-0.886163827556363,55.1043310446489));
#3445=CARTESIAN_POINT('Ctrl Pts',(7.92689221550267,-1.08247078012457,55.2388986600177));
#3446=CARTESIAN_POINT('Ctrl Pts',(7.87835936515521,-1.39241548328223,55.5488433631753));
#3447=CARTESIAN_POINT('Ctrl Pts',(7.85235289355781,-1.52697329910904,55.7451450309134));
#3448=CARTESIAN_POINT('Ctrl Pts',(7.81545866663158,-1.70578410888245,56.1760859367392));
#3449=CARTESIAN_POINT('Ctrl Pts',(7.8051431688427,-1.75,56.410789369574));
#3450=CARTESIAN_POINT('Ctrl Pts',(7.8051431688427,-1.75,56.631301614046));
#3451=CARTESIAN_POINT('Origin',(0.,-9.67086504257148E-32,52.1754866400089));
#3452=CARTESIAN_POINT('',(0.,3.68628738645072E-17,52.1666826984534));
#3453=CARTESIAN_POINT('',(-7.33572988044629E-16,-5.99007802539778,52.1842905815644));
#3454=CARTESIAN_POINT('',(-3.66786494022314E-16,-2.99503901269889,52.1754866400089));
#3455=CARTESIAN_POINT('Origin',(0.,-9.67249687652472E-32,52.1842905815644));
#3456=CARTESIAN_POINT('Origin',(0.,-1.10113928117716E-31,59.4077960978052));
#3457=CARTESIAN_POINT('',(-8.57120793951294E-16,-6.99892242030972,66.631301614046));
#3458=CARTESIAN_POINT('',(-7.95346890997961E-16,-6.49450022285375,59.4077960978052));
#3459=CARTESIAN_POINT('Origin',(0.,-1.23502887470185E-31,66.631301614046));
#3460=CARTESIAN_POINT('Origin',(0.,7.99892242030972,66.631301614046));
#3461=CARTESIAN_POINT('',(-9.79585473866017E-16,-7.99892242030961,66.631301614046));
#3462=CARTESIAN_POINT('Origin',(0.,-1.23502887470185E-31,66.631301614046));
#3463=CARTESIAN_POINT('Origin',(0.,-1.07317733527386E-31,57.8992152950703));
#3464=CARTESIAN_POINT('',(-9.79585473866017E-16,-7.99892242030961,49.1671289760947));
#3465=CARTESIAN_POINT('Origin',(0.,-9.11325795845872E-32,49.1671289760947));
#3466=CARTESIAN_POINT('',(-9.79585473866017E-16,-7.99892242030961,57.8992152950703));
#3467=CARTESIAN_POINT('Origin',(0.,-8.56511330918218E-32,46.2098222926467));
#3468=CARTESIAN_POINT('',(-7.95909304908166E-16,-6.49909268094531,46.2098222926467));
#3469=CARTESIAN_POINT('Origin',(0.,0.,0.));
#3470=CARTESIAN_POINT('',(-2.14313189850787E-16,-2.62457961965825E-32,-3.5));
#3471=CARTESIAN_POINT('Origin',(0.,0.,0.));
#3472=CARTESIAN_POINT('',(0.,0.,0.));
#3473=CARTESIAN_POINT('Origin',(-0.0231472631200478,2.77555756156289E-16,
15.8282327227655));
#3474=CARTESIAN_POINT('',(-26.0462949136703,2.77555756156289E-16,30.7545781012451));
#3475=CARTESIAN_POINT('',(26.0000003874302,2.77555756156289E-16,30.7545781012451));
#3476=CARTESIAN_POINT('Origin',(-0.0231472631200478,5.55111512312578E-16,
15.8282327227655));
#3477=CARTESIAN_POINT('',(26.0000003874302,4.96051565307465,30.7545781012451));
#3478=CARTESIAN_POINT('',(26.0000003874302,2.77555756156289E-16,30.7545781012451));
#3479=CARTESIAN_POINT('',(-26.0462949136703,4.96051565307465,30.7545781012451));
#3480=CARTESIAN_POINT('Origin',(-0.0231472631200478,5.52842014034073,15.8282327227655));
#3481=CARTESIAN_POINT('',(-26.0462949136703,2.77555756156289E-16,30.7545781012451));
#3482=CARTESIAN_POINT('Origin',(0.,4.96992366772912,30.507305400981));
#3483=CARTESIAN_POINT('',(26.0613702368349,4.96992366772912,30.507305400981));
#3484=CARTESIAN_POINT('Ctrl Pts',(26.0613702368349,4.96992366772912,30.507305400981));
#3485=CARTESIAN_POINT('Ctrl Pts',(26.0411240178441,4.96678569530017,30.589781347752));
#3486=CARTESIAN_POINT('Ctrl Pts',(26.0206673362906,4.96364968021196,30.6722058493509));
#3487=CARTESIAN_POINT('Ctrl Pts',(26.0000003874302,4.96051565307466,30.7545781012451));
#3488=CARTESIAN_POINT('',(-26.106638176755,4.96992366772912,30.507305400981));
#3489=CARTESIAN_POINT('',(0.,4.96992366772912,30.507305400981));
#3490=CARTESIAN_POINT('Ctrl Pts',(-26.0462949136703,4.96051565307471,30.7545781012451));
#3491=CARTESIAN_POINT('Ctrl Pts',(-26.0666194645547,4.96364971527469,30.6722049277918));
#3492=CARTESIAN_POINT('Ctrl Pts',(-26.086733949318,4.96678573033525,30.5897804269181));
#3493=CARTESIAN_POINT('Ctrl Pts',(-26.106638176755,4.96992366772912,30.507305400981));
#3494=CARTESIAN_POINT('Ctrl Pts',(26.0000003874302,25.6902007247717,30.7545781012451));
#3495=CARTESIAN_POINT('Ctrl Pts',(26.0000003874302,23.1983340800549,30.7545781012451));
#3496=CARTESIAN_POINT('Ctrl Pts',(26.0000003874302,19.4252321962636,30.7545781012451));
#3497=CARTESIAN_POINT('Ctrl Pts',(26.0000003874302,14.2087555405779,30.7545781012451));
#3498=CARTESIAN_POINT('Ctrl Pts',(26.0000003874302,10.2076491529027,30.7545781012451));
#3499=CARTESIAN_POINT('Ctrl Pts',(26.0000003874302,6.0480438107986,30.7545781012451));
#3500=CARTESIAN_POINT('Ctrl Pts',(26.0000003874302,1.83437111065083,30.7545781012451));
#3501=CARTESIAN_POINT('Ctrl Pts',(26.0000003874302,-0.725024175137811,30.7545781012451));
#3502=CARTESIAN_POINT('Ctrl Pts',(26.0000003874302,-1.90763843815956,30.7545781012451));
#3503=CARTESIAN_POINT('Ctrl Pts',(27.8066288084343,23.2601536523565,26.1936588693651));
#3504=CARTESIAN_POINT('Ctrl Pts',(27.5566578662062,21.0600332097065,26.4930788690507));
#3505=CARTESIAN_POINT('Ctrl Pts',(27.2313122751405,17.7182084178233,26.9635914057654));
#3506=CARTESIAN_POINT('Ctrl Pts',(26.894652156449,13.1075771742722,27.5989404717085));
#3507=CARTESIAN_POINT('Ctrl Pts',(26.6985755638791,9.58931696661094,28.0574633628407));
#3508=CARTESIAN_POINT('Ctrl Pts',(26.5639236140404,5.9720291508734,28.4702177534868));
#3509=CARTESIAN_POINT('Ctrl Pts',(26.5115589311064,2.38892332989991,28.7619850663499));
#3510=CARTESIAN_POINT('Ctrl Pts',(26.5409715901999,0.288283360692802,28.8292312674921));
#3511=CARTESIAN_POINT('Ctrl Pts',(26.568521145976,-0.665480744267864,28.8397395055087));
#3512=CARTESIAN_POINT('Ctrl Pts',(29.4908208600224,19.0083583814523,17.6285424815242));
#3513=CARTESIAN_POINT('Ctrl Pts',(29.0435764319169,17.3181440013279,18.5882422339888));
#3514=CARTESIAN_POINT('Ctrl Pts',(28.4598503724129,14.7310912706814,20.0329044205671));
#3515=CARTESIAN_POINT('Ctrl Pts',(27.86272637121,11.1804430023086,21.9084393998827));
#3516=CARTESIAN_POINT('Ctrl Pts',(27.5147027627058,8.50720999382868,23.2329009097987));
#3517=CARTESIAN_POINT('Ctrl Pts',(27.2768174604515,5.83896064102151,24.4048789182438));
#3518=CARTESIAN_POINT('Ctrl Pts',(27.184042571437,3.35937709405868,25.2177942096218));
#3519=CARTESIAN_POINT('Ctrl Pts',(27.2358271142507,2.06156743000279,25.3895854113225));
#3520=CARTESIAN_POINT('Ctrl Pts',(27.2844773735144,1.5082815231403,25.4059724148654));
#3521=CARTESIAN_POINT('Ctrl Pts',(28.4382665898721,15.1531532996368,8.84051797681384));
#3522=CARTESIAN_POINT('Ctrl Pts',(28.2494109755363,13.8594986585759,10.5027530243566));
#3523=CARTESIAN_POINT('Ctrl Pts',(28.0021203384372,11.9059800414751,12.9703628595636));
#3524=CARTESIAN_POINT('Ctrl Pts',(27.7473782878424,9.32103244224891,16.1294279371814));
#3525=CARTESIAN_POINT('Ctrl Pts',(27.598627520996,7.44924609049202,18.3431467695919));
#3526=CARTESIAN_POINT('Ctrl Pts',(27.4966516349298,5.70607401409577,20.2882066038362));
#3527=CARTESIAN_POINT('Ctrl Pts',(27.4568819904317,4.31636538218432,21.6223293178015));
#3528=CARTESIAN_POINT('Ctrl Pts',(27.4791298725441,3.80782626003327,21.8806842535339));
#3529=CARTESIAN_POINT('Ctrl Pts',(27.5,3.6442438425598,21.8870320427719));
#3530=CARTESIAN_POINT('Ctrl Pts',(27.5,13.6235280527301,5.14747035361967));
#3531=CARTESIAN_POINT('Ctrl Pts',(27.5,12.4653884780227,7.0901696942903));
#3532=CARTESIAN_POINT('Ctrl Pts',(27.5,10.7461961017073,9.9739964530796));
#3533=CARTESIAN_POINT('Ctrl Pts',(27.5,8.54552942928307,13.6654631699773));
#3534=CARTESIAN_POINT('Ctrl Pts',(27.5,7.00349998702264,16.2521113134284));
#3535=CARTESIAN_POINT('Ctrl Pts',(27.5,5.64915343211839,18.523934344704));
#3536=CARTESIAN_POINT('Ctrl Pts',(27.5,4.72219296088705,20.0788466675506));
#3537=CARTESIAN_POINT('Ctrl Pts',(27.5,4.54759241737805,20.3717270492969));
#3538=CARTESIAN_POINT('Ctrl Pts',(27.5000002542136,4.54758883421794,20.3717252896551));
#3539=CARTESIAN_POINT('',(27.1189885658439,1.41051448808328,25.6339591307912));
#3540=CARTESIAN_POINT('',(27.5,4.54759241737802,20.3717270492969));
#3541=CARTESIAN_POINT('Ctrl Pts',(27.1189791405774,1.41053595195087,25.6339461585559));
#3542=CARTESIAN_POINT('Ctrl Pts',(27.1551832637566,1.55899006671553,25.3849233261612));
#3543=CARTESIAN_POINT('Ctrl Pts',(27.1888135847637,1.70759041059697,25.1356554951918));
#3544=CARTESIAN_POINT('Ctrl Pts',(27.2198648019452,1.85631886791758,24.8861721221775));
#3545=CARTESIAN_POINT('Ctrl Pts',(27.3074335423437,2.27575375167416,24.1825943977488));
#3546=CARTESIAN_POINT('Ctrl Pts',(27.374493693755,2.69620722204272,23.4773038623256));
#3547=CARTESIAN_POINT('Ctrl Pts',(27.4210223570197,3.11728484080292,22.7709704421423));
#3548=CARTESIAN_POINT('Ctrl Pts',(27.4670573381479,3.5338947082059,22.072131417187));
#3549=CARTESIAN_POINT('Ctrl Pts',(27.4929943614311,3.95111587218519,21.3722712733576));
#3550=CARTESIAN_POINT('Ctrl Pts',(27.4987632130073,4.36856811010136,20.6720215065353));
#3551=CARTESIAN_POINT('Ctrl Pts',(27.4994526190329,4.4184556976761,20.5883382288006));
#3552=CARTESIAN_POINT('Ctrl Pts',(27.499853936362,4.46834658402007,20.5046493687358));
#3553=CARTESIAN_POINT('Ctrl Pts',(27.499966996981,4.5182401184563,20.4209559899416));
#3554=CARTESIAN_POINT('Ctrl Pts',(27.4999891654043,4.52802302075166,20.4045457645133));
#3555=CARTESIAN_POINT('Ctrl Pts',(27.5000002514606,4.53780592636133,20.3881355276894));
#3556=CARTESIAN_POINT('Ctrl Pts',(27.5000002542136,4.54758883421794,20.3717252896551));
#3557=CARTESIAN_POINT('',(27.5,13.6235280527301,5.14747035361966));
#3558=CARTESIAN_POINT('',(27.5,1.41051448808327,25.6339591307912));
#3559=CARTESIAN_POINT('',(27.5,8.82816175497446,21.5729089691171));
#3560=CARTESIAN_POINT('Ctrl Pts',(27.5,13.6235280527301,5.14747035361966));
#3561=CARTESIAN_POINT('Ctrl Pts',(27.5,13.2484591948264,5.77662252048142));
#3562=CARTESIAN_POINT('Ctrl Pts',(27.5,12.8733903369228,6.4057746873432));
#3563=CARTESIAN_POINT('Ctrl Pts',(27.5,10.2004334881845,10.8894756341803));
#3564=CARTESIAN_POINT('Ctrl Pts',(27.5,7.90254528662771,14.7440242885337));
#3565=CARTESIAN_POINT('Ctrl Pts',(27.5,5.60450784055333,18.5988242485957));
#3566=CARTESIAN_POINT('Ctrl Pts',(27.5,5.60435810129758,18.5990752593817));
#3567=CARTESIAN_POINT('Ctrl Pts',(27.5,5.60420674801129,18.5993293176158));
#3568=CARTESIAN_POINT('Ctrl Pts',(27.5,5.60420367054135,18.5993332655166));
#3569=CARTESIAN_POINT('Ctrl Pts',(27.5,5.60420985690025,18.5993436304215));
#3570=CARTESIAN_POINT('Ctrl Pts',(27.5,5.60421428519749,18.5993510337114));
#3571=CARTESIAN_POINT('Ctrl Pts',(27.5,5.60422238344634,18.5993646308417));
#3572=CARTESIAN_POINT('Ctrl Pts',(27.5,5.60422606418004,18.599370818252));
#3573=CARTESIAN_POINT('Ctrl Pts',(27.5,5.60423217911148,18.5993810762647));
#3574=CARTESIAN_POINT('Ctrl Pts',(27.5,5.60423460872354,18.5993851495988));
#3575=CARTESIAN_POINT('Ctrl Pts',(27.5,5.60423999774389,18.5993941898411));
#3576=CARTESIAN_POINT('Ctrl Pts',(27.5,5.60424295757533,18.599399156497));
#3577=CARTESIAN_POINT('Ctrl Pts',(27.5,5.60424954238313,18.5994102019871));
#3578=CARTESIAN_POINT('Ctrl Pts',(27.5,5.60425316732421,18.5994162808423));
#3579=CARTESIAN_POINT('Ctrl Pts',(27.5,5.60426124019625,18.5994298223394));
#3580=CARTESIAN_POINT('Ctrl Pts',(27.5,5.60426568859391,18.599437284703));
#3581=CARTESIAN_POINT('Ctrl Pts',(27.5,5.60427615316346,18.5994548374531));
#3582=CARTESIAN_POINT('Ctrl Pts',(27.5,5.60428216912423,18.5994649279654));
#3583=CARTESIAN_POINT('Ctrl Pts',(27.5,5.60430030281069,18.5994953437697));
#3584=CARTESIAN_POINT('Ctrl Pts',(27.5,5.60431241973247,18.5995156695408));
#3585=CARTESIAN_POINT('Ctrl Pts',(27.5,5.60445708541829,18.5997583053491));
#3586=CARTESIAN_POINT('Ctrl Pts',(27.5,5.60458965241428,18.5999806045169));
#3587=CARTESIAN_POINT('Ctrl Pts',(27.5,5.60484849663693,18.6004145685384));
#3588=CARTESIAN_POINT('Ctrl Pts',(27.5,5.60497477220676,18.6006262343824));
#3589=CARTESIAN_POINT('Ctrl Pts',(27.5,5.60523937104938,18.6010696749238));
#3590=CARTESIAN_POINT('Ctrl Pts',(27.5,5.60537769783954,18.6013014475248));
#3591=CARTESIAN_POINT('Ctrl Pts',(27.5,5.60567624204465,18.6018015656753));
#3592=CARTESIAN_POINT('Ctrl Pts',(27.5,5.60583646678982,18.6020699068524));
#3593=CARTESIAN_POINT('Ctrl Pts',(27.5,5.60618749476652,18.6026576579819));
#3594=CARTESIAN_POINT('Ctrl Pts',(27.5,5.60637831550707,18.6029770697138));
#3595=CARTESIAN_POINT('Ctrl Pts',(27.5,5.60679933441375,18.6036816022512));
#3596=CARTESIAN_POINT('Ctrl Pts',(27.5,5.60702977921694,18.6040670932766));
#3597=CARTESIAN_POINT('Ctrl Pts',(27.5,5.60754132955521,18.6049225213113));
#3598=CARTESIAN_POINT('Ctrl Pts',(27.5,5.60782230801685,18.6053921805952));
#3599=CARTESIAN_POINT('Ctrl Pts',(27.5,5.60844764524884,18.6064369950141));
#3600=CARTESIAN_POINT('Ctrl Pts',(27.5,5.60879201819468,18.6070120739079));
#3601=CARTESIAN_POINT('Ctrl Pts',(27.5,5.60955992221894,18.6082937527447));
#3602=CARTESIAN_POINT('Ctrl Pts',(27.5,5.60998348733627,18.6090002567649));
#3603=CARTESIAN_POINT('Ctrl Pts',(27.5,5.61092899542917,18.6105763526475));
#3604=CARTESIAN_POINT('Ctrl Pts',(27.5,5.61145110635702,18.6114459916534));
#3605=CARTESIAN_POINT('Ctrl Pts',(27.5,5.61275554034817,18.6136169830007));
#3606=CARTESIAN_POINT('Ctrl Pts',(27.5,5.61353823294774,18.6149181053395));
#3607=CARTESIAN_POINT('Ctrl Pts',(27.5,5.61588673409749,18.6188176209733));
#3608=CARTESIAN_POINT('Ctrl Pts',(27.5,5.61745456613576,18.621414832034));
#3609=CARTESIAN_POINT('Ctrl Pts',(27.5,5.62203661370108,18.6289877488906));
#3610=CARTESIAN_POINT('Ctrl Pts',(27.5,5.62505802590256,18.6339592911213));
#3611=CARTESIAN_POINT('Ctrl Pts',(27.5,5.63309131788566,18.647120055158));
#3612=CARTESIAN_POINT('Ctrl Pts',(27.5,5.63812019798989,18.6552998412002));
#3613=CARTESIAN_POINT('Ctrl Pts',(27.5,5.65166304438852,18.6771743535331));
#3614=CARTESIAN_POINT('Ctrl Pts',(27.5,5.66022536113624,18.6908431996792));
#3615=CARTESIAN_POINT('Ctrl Pts',(27.5,5.6831759239573,18.7270708484896));
#3616=CARTESIAN_POINT('Ctrl Pts',(27.5,5.69769299384598,18.7495644382975));
#3617=CARTESIAN_POINT('Ctrl Pts',(27.5,5.83952559821633,18.9655174581769));
#3618=CARTESIAN_POINT('Ctrl Pts',(27.5,5.9820204561992,19.1533499005013));
#3619=CARTESIAN_POINT('Ctrl Pts',(27.5,6.46901014448378,19.734450332932));
#3620=CARTESIAN_POINT('Ctrl Pts',(27.5,6.85984442512546,20.1099514472099));
#3621=CARTESIAN_POINT('Ctrl Pts',(27.5,7.74834861536056,20.8542642222176));
#3622=CARTESIAN_POINT('Ctrl Pts',(27.5,8.27581196629695,21.2280982329204));
#3623=CARTESIAN_POINT('Ctrl Pts',(27.5,8.82816175497448,21.5729089691171));
#3624=CARTESIAN_POINT('',(26.9758727296633,6.33282692633839,25.8352346018734));
#3625=CARTESIAN_POINT('Ctrl Pts',(27.5,8.82816175497446,21.5729089691171));
#3626=CARTESIAN_POINT('Ctrl Pts',(27.3581760966085,8.01332105093821,22.9647528129051));
#3627=CARTESIAN_POINT('Ctrl Pts',(27.1887739449551,7.16177089701553,24.4193007184566));
#3628=CARTESIAN_POINT('Ctrl Pts',(26.9758727296633,6.33282692633839,25.8352346018734));
#3629=CARTESIAN_POINT('Ctrl Pts',(26.9758727296856,6.3328269264251,25.8352346017253));
#3630=CARTESIAN_POINT('Ctrl Pts',(26.8594098587929,5.87937157856749,26.6097897156233));
#3631=CARTESIAN_POINT('Ctrl Pts',(26.7205016095649,5.53475152115267,27.4371358504018));
#3632=CARTESIAN_POINT('Ctrl Pts',(26.4074123975216,5.10936561594712,29.0226554415012));
#3633=CARTESIAN_POINT('Ctrl Pts',(26.2437932861263,4.99819751477393,29.7641783158742));
#3634=CARTESIAN_POINT('Ctrl Pts',(26.061370236819,4.96992366772666,30.5073054010458));
#3635=CARTESIAN_POINT('Ctrl Pts',(26.0000003874302,4.85722573273506E-16,
30.7545781012451));
#3636=CARTESIAN_POINT('Ctrl Pts',(26.2348389871684,-1.02587753109442E-15,
29.9007372993875));
#3637=CARTESIAN_POINT('Ctrl Pts',(26.4506881719074,0.10936579949217,29.0445169304928));
#3638=CARTESIAN_POINT('Ctrl Pts',(26.8372419755716,0.566161547943113,27.3101573923596));
#3639=CARTESIAN_POINT('Ctrl Pts',(27.0013410923842,0.928001375444971,26.4433416320485));
#3640=CARTESIAN_POINT('Ctrl Pts',(27.1189885658472,1.41051448809695,25.6339591307683));
#3641=CARTESIAN_POINT('Origin',(27.5,25.9605944265249,28.0578455972977));
#3642=CARTESIAN_POINT('',(27.5,22.2130135646468,0.268089324073593));
#3643=CARTESIAN_POINT('Origin',(27.5,22.2130135646468,10.2680893240736));
#3644=CARTESIAN_POINT('',(27.5,34.3982985213412,0.268089324073593));
#3645=CARTESIAN_POINT('',(27.5,22.2130135646468,0.268089324073592));
#3646=CARTESIAN_POINT('',(27.5,42.961326732102,5.10334849207489));
#3647=CARTESIAN_POINT('Origin',(27.5,34.3982985213412,10.2680893240735));
#3648=CARTESIAN_POINT('',(27.5,50.4842170638105,17.5761373952018));
#3649=CARTESIAN_POINT('',(27.5,42.961326732102,5.10334849207489));
#3650=CARTESIAN_POINT('',(27.5,51.9211888530497,22.7408782272005));
#3651=CARTESIAN_POINT('Origin',(27.5,41.9211888530496,22.7408782272006));
#3652=CARTESIAN_POINT('',(27.5,51.9211888530497,49.2680306438021));
#3653=CARTESIAN_POINT('',(27.5,51.9211888530497,22.7408782272005));
#3654=CARTESIAN_POINT('',(27.5,49.9211888530497,52.0964577685483));
#3655=CARTESIAN_POINT('Origin',(27.5,48.9211888530498,49.2680306438021));
#3656=CARTESIAN_POINT('',(27.5,47.9211888530497,49.2680306438021));
#3657=CARTESIAN_POINT('Origin',(27.5,50.9211888530497,49.2680306438021));
#3658=CARTESIAN_POINT('',(27.5,47.9211888530497,17.6568528388465));
#3659=CARTESIAN_POINT('',(27.5,47.9211888530497,17.6568528388466));
#3660=CARTESIAN_POINT('',(27.5,42.1459852195012,8.80424211113413));
#3661=CARTESIAN_POINT('',(27.5,42.1459852195012,8.80424211113413));
#3662=CARTESIAN_POINT('',(27.5,33.7706420245238,4.2680893240736));
#3663=CARTESIAN_POINT('Origin',(27.5,33.7706420245238,14.2680893240736));
#3664=CARTESIAN_POINT('',(27.5,24.6923580372725,4.2680893240736));
#3665=CARTESIAN_POINT('',(27.5,24.6923580372725,4.2680893240736));
#3666=CARTESIAN_POINT('',(27.5,16.0624913647867,9.21582238584486));
#3667=CARTESIAN_POINT('Origin',(27.5,24.6923580372725,14.2680893240736));
#3668=CARTESIAN_POINT('',(27.5,6.33282692633839,25.8352346018734));
#3669=CARTESIAN_POINT('Origin',(0.,1.41051448808327,25.6339591307912));
#3670=CARTESIAN_POINT('',(-27.1416308833468,1.41051448808328,25.6339591307912));
#3671=CARTESIAN_POINT('',(0.,1.41051448808328,25.6339591307912));
#3672=CARTESIAN_POINT('',(-27.5,4.45384812300696,20.5289766441157));
#3673=CARTESIAN_POINT('Ctrl Pts',(-27.500000475104,4.45384597694526,20.5289733021558));
#3674=CARTESIAN_POINT('Ctrl Pts',(-27.5000004748072,4.45255019434999,20.531146892516));
#3675=CARTESIAN_POINT('Ctrl Pts',(-27.5000002792984,4.4512544118491,20.5333204829163));
#3676=CARTESIAN_POINT('Ctrl Pts',(-27.4999998886304,4.44995862923865,20.5354940729837));
#3677=CARTESIAN_POINT('Ctrl Pts',(-27.4998745028127,4.03407417710423,21.2331128765287));
#3678=CARTESIAN_POINT('Ctrl Pts',(-27.4796482713391,3.618356380151,21.930424989012));
#3679=CARTESIAN_POINT('Ctrl Pts',(-27.4394684673378,3.20318522053541,22.6268229266785));
#3680=CARTESIAN_POINT('Ctrl Pts',(-27.398743336423,2.78237928960514,23.3326724917809));
#3681=CARTESIAN_POINT('Ctrl Pts',(-27.337519168603,2.36213460801156,24.0375831525496));
#3682=CARTESIAN_POINT('Ctrl Pts',(-27.2558987721511,1.94284795558099,24.7409048705509));
#3683=CARTESIAN_POINT('Ctrl Pts',(-27.2213217956482,1.76522489370794,25.0388541525254));
#3684=CARTESIAN_POINT('Ctrl Pts',(-27.1830838362372,1.58777380559435,25.3365180420236));
#3685=CARTESIAN_POINT('Ctrl Pts',(-27.1411901388423,1.41052512936946,25.6338460228686));
#3686=CARTESIAN_POINT('',(-27.5,13.6235280527301,5.14747035361966));
#3687=CARTESIAN_POINT('',(-27.5,1.41051448808327,25.6339591307912));
#3688=CARTESIAN_POINT('',(0.,13.6235280527301,5.14747035361966));
#3689=CARTESIAN_POINT('Origin',(0.,9.99999999999993,30.7545781012451));
#3690=CARTESIAN_POINT('',(0.,0.,30.7545781012451));
#3691=CARTESIAN_POINT('Ctrl Pts',(-27.1416308833468,1.41051448808327,25.6339591307912));
#3692=CARTESIAN_POINT('Ctrl Pts',(-27.0276907456117,0.928420132431131,26.4426391960615));
#3693=CARTESIAN_POINT('Ctrl Pts',(-26.8676789451136,0.566678095960486,27.308847091493));
#3694=CARTESIAN_POINT('Ctrl Pts',(-26.4892285373791,0.109548116599944,29.0432183520809));
#3695=CARTESIAN_POINT('Ctrl Pts',(-26.2772841100173,2.4512624141925E-15,
29.9000264921904));
#3696=CARTESIAN_POINT('Ctrl Pts',(-26.0462949136703,3.34801630863524E-15,
30.7545781012451));
#3697=CARTESIAN_POINT('Ctrl Pts',(-26.0462949136703,-1.89511305232413,30.7545781012451));
#3698=CARTESIAN_POINT('Ctrl Pts',(-26.0462949136703,-0.271074187973962,
30.7545781012451));
#3699=CARTESIAN_POINT('Ctrl Pts',(-26.0462949136703,2.75790821961419,30.7545781012451));
#3700=CARTESIAN_POINT('Ctrl Pts',(-26.0462949136703,7.28288288585317,30.7545781012451));
#3701=CARTESIAN_POINT('Ctrl Pts',(-26.0462949136703,9.78818825530533,30.7545781012451));
#3702=CARTESIAN_POINT('Ctrl Pts',(-26.0462949136703,11.0202860503798,30.7545781012451));
#3703=CARTESIAN_POINT('Ctrl Pts',(-27.0106551825673,0.24219219882285,27.4508971798372));
#3704=CARTESIAN_POINT('Ctrl Pts',(-26.9453264982347,1.31652258929981,27.4264296025007));
#3705=CARTESIAN_POINT('Ctrl Pts',(-26.9104094802672,3.42952286162808,27.2433644716581));
#3706=CARTESIAN_POINT('Ctrl Pts',(-27.0674119373832,6.83549565605801,26.5930142315704));
#3707=CARTESIAN_POINT('Ctrl Pts',(-27.2287346029714,8.78392463310865,26.1344543463361));
#3708=CARTESIAN_POINT('Ctrl Pts',(-27.3242180782318,9.75044547001157,25.8957381412231));
#3709=CARTESIAN_POINT('Ctrl Pts',(-27.5,2.37937344448659,24.0087649858773));
#3710=CARTESIAN_POINT('Ctrl Pts',(-27.4339965254411,2.90407165117929,23.9890439943421));
#3711=CARTESIAN_POINT('Ctrl Pts',(-27.3987207331788,4.10109424039468,23.6393417169087));
#3712=CARTESIAN_POINT('Ctrl Pts',(-27.5572601288834,6.38811898419367,22.3016788949098));
#3713=CARTESIAN_POINT('Ctrl Pts',(-27.7201771513107,7.77975675836567,21.3383674373264));
#3714=CARTESIAN_POINT('Ctrl Pts',(-27.8166065818,8.48080177712301,20.8311002350203));
#3715=CARTESIAN_POINT('Ctrl Pts',(-27.500000475104,4.45384597694526,20.5289733021558));
#3716=CARTESIAN_POINT('Ctrl Pts',(-27.5,4.45384812300692,20.5289766441156));
#3717=CARTESIAN_POINT('Ctrl Pts',(-27.5,4.7546190139143,20.0244541977549));
#3718=CARTESIAN_POINT('Ctrl Pts',(-27.5,5.95161245977132,18.0165801652652));
#3719=CARTESIAN_POINT('Ctrl Pts',(-27.5,6.81631794153326,16.5660962978802));
#3720=CARTESIAN_POINT('Ctrl Pts',(-27.5,7.27184862585984,15.8019749610197));
#3721=CARTESIAN_POINT('',(-27.5,8.72539167794723,21.7484523585519));
#3722=CARTESIAN_POINT('Ctrl Pts',(-27.5,8.72539167794727,21.7484523585519));
#3723=CARTESIAN_POINT('Ctrl Pts',(-27.5,8.06187672389092,21.338226273056));
#3724=CARTESIAN_POINT('Ctrl Pts',(-27.5,7.55921213284894,20.9637986746352));
#3725=CARTESIAN_POINT('Ctrl Pts',(-27.5,6.76570006159705,20.3064289707809));
#3726=CARTESIAN_POINT('Ctrl Pts',(-27.5,6.37129856045989,19.9313514866188));
#3727=CARTESIAN_POINT('Ctrl Pts',(-27.5,5.88102623342153,19.3512817074615));
#3728=CARTESIAN_POINT('Ctrl Pts',(-27.5,5.7382501795046,19.1646748514872));
#3729=CARTESIAN_POINT('Ctrl Pts',(-27.5,5.59473916277917,18.9480928843203));
#3730=CARTESIAN_POINT('Ctrl Pts',(-27.5,5.5789449832124,18.9238012281207));
#3731=CARTESIAN_POINT('Ctrl Pts',(-27.5,5.55395136115639,18.8845761326876));
#3732=CARTESIAN_POINT('Ctrl Pts',(-27.5,5.54460029926255,18.8697184171297));
#3733=CARTESIAN_POINT('Ctrl Pts',(-27.5,5.52983553360078,18.8459551160491));
#3734=CARTESIAN_POINT('Ctrl Pts',(-27.5,5.52436362813981,18.8370804067181));
#3735=CARTESIAN_POINT('Ctrl Pts',(-27.5,5.51564246176951,18.8228238296226));
#3736=CARTESIAN_POINT('Ctrl Pts',(-27.5,5.51237275355628,18.8174532462365));
#3737=CARTESIAN_POINT('Ctrl Pts',(-27.5,5.50730265949192,18.8090849935277));
#3738=CARTESIAN_POINT('Ctrl Pts',(-27.5,5.50549416961907,18.8060919817953));
#3739=CARTESIAN_POINT('Ctrl Pts',(-27.5,5.50283670008074,18.8016819143782));
#3740=CARTESIAN_POINT('Ctrl Pts',(-27.5,5.50198486904613,18.8002664774887));
#3741=CARTESIAN_POINT('Ctrl Pts',(-27.5,5.50060087678899,18.79796379854));
#3742=CARTESIAN_POINT('Ctrl Pts',(-27.5,5.50006821064067,18.7970768317138));
#3743=CARTESIAN_POINT('Ctrl Pts',(-27.5,5.4991037172443,18.7954695015286));
#3744=CARTESIAN_POINT('Ctrl Pts',(-27.5,5.49867180212363,18.7947492380864));
#3745=CARTESIAN_POINT('Ctrl Pts',(-27.5,5.49788897001518,18.7934429188331));
#3746=CARTESIAN_POINT('Ctrl Pts',(-27.5,5.49753797772293,18.792856898906));
#3747=CARTESIAN_POINT('Ctrl Pts',(-27.5,5.49690079357713,18.7917924757351));
#3748=CARTESIAN_POINT('Ctrl Pts',(-27.5,5.49661472914524,18.7913143910853));
#3749=CARTESIAN_POINT('Ctrl Pts',(-27.5,5.49609428812295,18.790444221399));
#3750=CARTESIAN_POINT('Ctrl Pts',(-27.5,5.49585991954778,18.7900522187641));
#3751=CARTESIAN_POINT('Ctrl Pts',(-27.5,5.49543221384476,18.7893365831465));
#3752=CARTESIAN_POINT('Ctrl Pts',(-27.5,5.49523863179127,18.7890125855936));
#3753=CARTESIAN_POINT('Ctrl Pts',(-27.5,5.49488296860926,18.7884171347608));
#3754=CARTESIAN_POINT('Ctrl Pts',(-27.5,5.49472118877136,18.7881462150109));
#3755=CARTESIAN_POINT('Ctrl Pts',(-27.5,5.49442126893725,18.7876438375654));
#3756=CARTESIAN_POINT('Ctrl Pts',(-27.5,5.49428227775619,18.7874109723108));
#3757=CARTESIAN_POINT('Ctrl Pts',(-27.5,5.49401867652688,18.7869692398745));
#3758=CARTESIAN_POINT('Ctrl Pts',(-27.5,5.49389416372871,18.7867605458566));
#3759=CARTESIAN_POINT('Ctrl Pts',(-27.5,5.49364498110617,18.786342813901));
#3760=CARTESIAN_POINT('Ctrl Pts',(-27.5,5.49352040711225,18.7861339368767));
#3761=CARTESIAN_POINT('Ctrl Pts',(-27.5,5.49335269385551,18.7858526717752));
#3762=CARTESIAN_POINT('Ctrl Pts',(-27.5,5.49331575824578,18.7857907239731));
#3763=CARTESIAN_POINT('Ctrl Pts',(-27.5,5.49327640199742,18.7857247131881));
#3764=CARTESIAN_POINT('Ctrl Pts',(-27.5,5.49325607564205,18.7856906164407));
#3765=CARTESIAN_POINT('Ctrl Pts',(-27.5,5.49324961203653,18.785679774664));
#3766=CARTESIAN_POINT('Ctrl Pts',(-27.5,5.49324476620439,18.7856716491634));
#3767=CARTESIAN_POINT('Ctrl Pts',(-27.5,5.49323597851083,18.785656909039));
#3768=CARTESIAN_POINT('Ctrl Pts',(-27.5,5.49323203454217,18.7856502956715));
#3769=CARTESIAN_POINT('Ctrl Pts',(-27.5,5.49322487541799,18.7856382873365));
#3770=CARTESIAN_POINT('Ctrl Pts',(-27.5,5.49322166078301,18.7856328920587));
#3771=CARTESIAN_POINT('Ctrl Pts',(-27.5,5.49321671816055,18.7856246010212));
#3772=CARTESIAN_POINT('Ctrl Pts',(-27.5,5.49321107739326,18.7856151381235));
#3773=CARTESIAN_POINT('Ctrl Pts',(-27.5,5.49320838645176,18.7856106239449));
#3774=CARTESIAN_POINT('Ctrl Pts',(-27.5,5.49320622068197,18.7856069932239));
#3775=CARTESIAN_POINT('Ctrl Pts',(-27.5,5.49320092021688,18.7855981014748));
#3776=CARTESIAN_POINT('Ctrl Pts',(-27.5,5.49319778880901,18.7855928384885));
#3777=CARTESIAN_POINT('Ctrl Pts',(-27.5,5.49318190636331,18.7855661740159));
#3778=CARTESIAN_POINT('Ctrl Pts',(-27.5,5.4931821726875,18.7855654558124));
#3779=CARTESIAN_POINT('Ctrl Pts',(-27.5,5.49317411277185,18.7855788856296));
#3780=CARTESIAN_POINT('Ctrl Pts',(-27.5,5.49315050595043,18.7856185076738));
#3781=CARTESIAN_POINT('Ctrl Pts',(-27.5,5.49265223150003,18.7864542873369));
#3782=CARTESIAN_POINT('Ctrl Pts',(-27.5,5.47195693375591,18.8211692618604));
#3783=CARTESIAN_POINT('Ctrl Pts',(-27.5,5.21662916336906,19.24946400453));
#3784=CARTESIAN_POINT('Ctrl Pts',(-27.5,4.96281507487082,19.6752196502237));
#3785=CARTESIAN_POINT('Ctrl Pts',(-27.5,4.64554595523781,20.2074167385428));
#3786=CARTESIAN_POINT('Ctrl Pts',(-27.5,4.58209092412367,20.3138581811805));
#3787=CARTESIAN_POINT('Ctrl Pts',(-27.5,4.50298394509375,20.4465546880266));
#3788=CARTESIAN_POINT('Ctrl Pts',(-27.5,4.48733199717797,20.472809752235));
#3789=CARTESIAN_POINT('Ctrl Pts',(-27.5,4.46757685469162,20.5059476426251));
#3790=CARTESIAN_POINT('Ctrl Pts',(-27.5,4.46347366012106,20.5128304688069));
#3791=CARTESIAN_POINT('Ctrl Pts',(-27.5,4.4582063557721,20.5216660089346));
#3792=CARTESIAN_POINT('Ctrl Pts',(-27.5,4.4570422459937,20.5236187228806));
#3793=CARTESIAN_POINT('Ctrl Pts',(-27.5,4.45528731596697,20.5265624970857));
#3794=CARTESIAN_POINT('Ctrl Pts',(-27.5,4.45469649571868,20.5275535573447));
#3795=CARTESIAN_POINT('Ctrl Pts',(-27.5,4.45401982464922,20.528688626441));
#3796=CARTESIAN_POINT('Ctrl Pts',(-27.5,4.45393397382809,20.5288326352784));
#3797=CARTESIAN_POINT('Ctrl Pts',(-27.5,4.45384812300696,20.5289766441157));
#3798=CARTESIAN_POINT('',(-27.0035164074174,6.33282692633839,25.8352346018734));
#3799=CARTESIAN_POINT('Ctrl Pts',(-26.106638176755,4.96992366772912,30.507305400981));
#3800=CARTESIAN_POINT('Ctrl Pts',(-26.2854347883009,4.99811127636881,29.7664449369709));
#3801=CARTESIAN_POINT('Ctrl Pts',(-26.4455776385443,5.10868426115375,29.0272758893679));
#3802=CARTESIAN_POINT('Ctrl Pts',(-26.7528110136448,5.53293837902184,27.4414395177851));
#3803=CARTESIAN_POINT('Ctrl Pts',(-26.8891449293974,5.87823148266719,26.6117371336611));
#3804=CARTESIAN_POINT('Ctrl Pts',(-27.0035164074174,6.33282692633839,25.8352346018734));
#3805=CARTESIAN_POINT('Ctrl Pts',(-27.0035164074174,6.33282692633839,25.8352346018734));
#3806=CARTESIAN_POINT('Ctrl Pts',(-27.2030211831507,7.12580401825901,24.4807363813163));
#3807=CARTESIAN_POINT('Ctrl Pts',(-27.3643431559712,7.94289867584738,23.0850425195307));
#3808=CARTESIAN_POINT('Ctrl Pts',(-27.5,8.72539167794723,21.7484523585519));
#3809=CARTESIAN_POINT('Origin',(-27.5,25.9605944265249,28.0578455972977));
#3810=CARTESIAN_POINT('',(-27.5,16.0624913647867,9.21582238584486));
#3811=CARTESIAN_POINT('',(-27.5,6.33282692633839,25.8352346018734));
#3812=CARTESIAN_POINT('',(-27.5,24.6923580372725,4.2680893240736));
#3813=CARTESIAN_POINT('Origin',(-27.5,24.6923580372725,14.2680893240736));
#3814=CARTESIAN_POINT('',(-27.5,33.7706420245238,4.2680893240736));
#3815=CARTESIAN_POINT('',(-27.5,24.6923580372725,4.2680893240736));
#3816=CARTESIAN_POINT('',(-27.5,42.1459852195012,8.80424211113413));
#3817=CARTESIAN_POINT('Origin',(-27.5,33.7706420245238,14.2680893240736));
#3818=CARTESIAN_POINT('',(-27.5,47.9211888530497,17.6568528388465));
#3819=CARTESIAN_POINT('',(-27.5,42.1459852195012,8.80424211113413));
#3820=CARTESIAN_POINT('',(-27.5,47.9211888530497,49.2680306438021));
#3821=CARTESIAN_POINT('',(-27.5,47.9211888530497,17.6568528388466));
#3822=CARTESIAN_POINT('',(-27.5,49.9211888530497,52.0964577685483));
#3823=CARTESIAN_POINT('Origin',(-27.5,50.9211888530497,49.2680306438021));
#3824=CARTESIAN_POINT('',(-27.5,51.9211888530497,49.2680306438021));
#3825=CARTESIAN_POINT('Origin',(-27.5,48.9211888530498,49.2680306438021));
#3826=CARTESIAN_POINT('',(-27.5,51.9211888530497,22.7408782272005));
#3827=CARTESIAN_POINT('',(-27.5,51.9211888530497,22.7408782272005));
#3828=CARTESIAN_POINT('',(-27.5,50.4842170638105,17.5761373952018));
#3829=CARTESIAN_POINT('Origin',(-27.5,41.9211888530496,22.7408782272006));
#3830=CARTESIAN_POINT('',(-27.5,42.961326732102,5.10334849207489));
#3831=CARTESIAN_POINT('',(-27.5,42.961326732102,5.10334849207489));
#3832=CARTESIAN_POINT('',(-27.5,34.3982985213412,0.268089324073593));
#3833=CARTESIAN_POINT('Origin',(-27.5,34.3982985213412,10.2680893240735));
#3834=CARTESIAN_POINT('',(-27.5,22.2130135646468,0.268089324073593));
#3835=CARTESIAN_POINT('',(-27.5,22.2130135646468,0.268089324073592));
#3836=CARTESIAN_POINT('Origin',(-27.5,22.2130135646468,10.2680893240736));
#3837=CARTESIAN_POINT('Origin',(-13.0000001937151,26.0000003874302,23.0180893240736));
#3838=CARTESIAN_POINT('',(-11.7500001937151,26.0000003874302,23.0180893240736));
#3839=CARTESIAN_POINT('',(-14.2500001937151,26.0000003874302,23.0180893240736));
#3840=CARTESIAN_POINT('Origin',(-13.0000001937151,26.0000003874302,23.0180893240736));
#3841=CARTESIAN_POINT('',(-13.0000001937151,26.0000003874302,24.2680893240736));
#3842=CARTESIAN_POINT('Origin',(-13.0000001937151,26.0000003874302,23.0180893240736));
#3843=CARTESIAN_POINT('Origin',(-13.0000001937151,26.0000003874302,23.0180893240736));
#3844=CARTESIAN_POINT('Origin',(-13.0000001937151,26.0000003874302,4.2680893240736));
#3845=CARTESIAN_POINT('',(-11.7500001937151,26.0000003874302,4.2680893240736));
#3846=CARTESIAN_POINT('',(-11.7500001937151,26.0000003874302,4.2680893240736));
#3847=CARTESIAN_POINT('Origin',(-13.0000001937151,26.0000003874302,4.2680893240736));
#3848=CARTESIAN_POINT('Origin',(13.0000001937151,26.0000003874302,23.0180893240736));
#3849=CARTESIAN_POINT('',(14.2500001937151,26.0000003874302,23.0180893240736));
#3850=CARTESIAN_POINT('',(11.7500001937151,26.0000003874302,23.0180893240736));
#3851=CARTESIAN_POINT('Origin',(13.0000001937151,26.0000003874302,23.0180893240736));
#3852=CARTESIAN_POINT('',(13.0000001937151,26.0000003874302,24.2680893240736));
#3853=CARTESIAN_POINT('Origin',(13.0000001937151,26.0000003874302,23.0180893240736));
#3854=CARTESIAN_POINT('Origin',(13.0000001937151,26.0000003874302,23.0180893240736));
#3855=CARTESIAN_POINT('Origin',(13.0000001937151,26.0000003874302,4.2680893240736));
#3856=CARTESIAN_POINT('',(14.2500001937151,26.0000003874302,4.2680893240736));
#3857=CARTESIAN_POINT('',(14.2500001937151,26.0000003874302,4.2680893240736));
#3858=CARTESIAN_POINT('Origin',(13.0000001937151,26.0000003874302,4.2680893240736));
#3859=CARTESIAN_POINT('Origin',(9.16666666666667,33.8590247039392,4.2680893240736));
#3860=CARTESIAN_POINT('',(9.16666666666667,34.3982985213412,0.268089324073596));
#3861=CARTESIAN_POINT('',(9.16666666666667,42.961326732102,5.10334849207489));
#3862=CARTESIAN_POINT('Origin',(9.16666666666667,34.3982985213412,10.2680893240735));
#3863=CARTESIAN_POINT('',(9.16666666666667,33.8590247039392,0.268089324073596));
#3864=CARTESIAN_POINT('',(9.16666666666667,28.036019134293,0.268089324073594));
#3865=CARTESIAN_POINT('',(9.16666666666667,33.8590247039392,4.26847990660237));
#3866=CARTESIAN_POINT('',(9.16666666666667,33.8590247039392,4.2680893240736));
#3867=CARTESIAN_POINT('',(9.16666666666667,42.1459852195012,8.80424211113412));
#3868=CARTESIAN_POINT('Origin',(9.16666666666667,33.7706420245238,14.2680893240736));
#3869=CARTESIAN_POINT('',(9.16666666666667,47.9211888530497,17.6568528388466));
#3870=CARTESIAN_POINT('',(9.16666666666667,42.7586999750536,9.74345145546311));
#3871=CARTESIAN_POINT('',(9.16666666666667,47.9211888530497,49.2680306438021));
#3872=CARTESIAN_POINT('',(9.16666666666667,47.9211888530497,26.7680599839378));
#3873=CARTESIAN_POINT('',(9.16666666666667,49.9211888530497,52.0964577685483));
#3874=CARTESIAN_POINT('Origin',(9.16666666666667,50.9211888530497,49.2680306438021));
#3875=CARTESIAN_POINT('',(9.16666666666667,51.9211888530497,49.2680306438021));
#3876=CARTESIAN_POINT('Origin',(9.16666666666667,48.9211888530498,49.2680306438021));
#3877=CARTESIAN_POINT('',(9.16666666666667,51.9211888530497,22.7408782272005));
#3878=CARTESIAN_POINT('',(9.16666666666667,51.9211888530497,13.5044837756371));
#3879=CARTESIAN_POINT('',(9.16666666666667,50.4842170638105,17.5761373952018));
#3880=CARTESIAN_POINT('Origin',(9.16666666666667,41.9211888530496,22.7408782272006));
#3881=CARTESIAN_POINT('',(9.16666666666667,41.5626276624675,2.78433579013259));
#3882=CARTESIAN_POINT('Origin',(-2.33146835171283E-14,33.8590247039392,
4.2680893240736));
#3883=CARTESIAN_POINT('',(9.16624057505347,33.7706420245238,4.2680893240736));
#3884=CARTESIAN_POINT('Ctrl Pts',(9.16666666666663,33.8590247039392,4.26847990660237));
#3885=CARTESIAN_POINT('Ctrl Pts',(9.16666666666663,33.8295834389524,4.26821968665014));
#3886=CARTESIAN_POINT('Ctrl Pts',(9.16652482351738,33.8001216671482,4.2680893240736));
#3887=CARTESIAN_POINT('Ctrl Pts',(9.16624057505347,33.7706420245238,4.2680893240736));
#3888=CARTESIAN_POINT('',(-9.16666666666668,33.8590247039392,0.268089324073596));
#3889=CARTESIAN_POINT('Origin',(-2.33146835171283E-14,33.8590247039392,
0.268089324073592));
#3890=CARTESIAN_POINT('',(-9.16666666666668,33.8590247039392,4.26847990660237));
#3891=CARTESIAN_POINT('',(-9.16666666666668,33.8590247039392,4.2680893240736));
#3892=CARTESIAN_POINT('',(-9.16624057505351,33.7706420245238,4.2680893240736));
#3893=CARTESIAN_POINT('Ctrl Pts',(-9.16624057505351,33.7706420245238,4.2680893240736));
#3894=CARTESIAN_POINT('Ctrl Pts',(-9.16652482351743,33.8001216671482,4.2680893240736));
#3895=CARTESIAN_POINT('Ctrl Pts',(-9.16666666666668,33.8295834389524,4.26821968665014));
#3896=CARTESIAN_POINT('Ctrl Pts',(-9.16666666666668,33.8590247039392,4.26847990660237));
#3897=CARTESIAN_POINT('',(-2.33146835171283E-14,24.6923580372725,4.2680893240736));
#3898=CARTESIAN_POINT('Origin',(-2.33146835171283E-14,33.8590247039392,
4.2680893240736));
#3899=CARTESIAN_POINT('Origin',(-2.33146835171283E-14,33.8590247039392,
4.2680893240736));
#3900=CARTESIAN_POINT('Origin',(-9.16666666666669,51.9923580372725,4.2680893240736));
#3901=CARTESIAN_POINT('',(-9.16666666666668,42.961326732102,5.10334849207489));
#3902=CARTESIAN_POINT('',(-9.16666666666668,34.3982985213412,0.268089324073596));
#3903=CARTESIAN_POINT('Origin',(-9.16666666666669,34.3982985213412,10.2680893240735));
#3904=CARTESIAN_POINT('',(-9.16666666666669,50.4842170638105,17.5761373952018));
#3905=CARTESIAN_POINT('',(-9.16666666666668,43.9811200019296,6.79414360120696));
#3906=CARTESIAN_POINT('',(-9.16666666666669,51.9211888530497,22.7408782272005));
#3907=CARTESIAN_POINT('Origin',(-9.16666666666669,41.9211888530496,22.7408782272006));
#3908=CARTESIAN_POINT('',(-9.16666666666669,51.9211888530497,49.2680306438021));
#3909=CARTESIAN_POINT('',(-9.16666666666669,51.9211888530497,13.5044837756371));
#3910=CARTESIAN_POINT('',(-9.16666666666669,49.9211888530497,52.0964577685483));
#3911=CARTESIAN_POINT('Origin',(-9.16666666666669,48.9211888530498,49.2680306438021));
#3912=CARTESIAN_POINT('',(-9.16666666666668,47.9211888530497,49.2680306438021));
#3913=CARTESIAN_POINT('Origin',(-9.16666666666669,50.9211888530497,49.2680306438021));
#3914=CARTESIAN_POINT('',(-9.16666666666668,47.9211888530497,17.6568528388466));
#3915=CARTESIAN_POINT('',(-9.16666666666668,47.9211888530497,26.7680599839378));
#3916=CARTESIAN_POINT('',(-9.16666666666668,42.1459852195012,8.80424211113412));
#3917=CARTESIAN_POINT('',(-9.16666666666668,45.4654287656024,13.8925027874413));
#3918=CARTESIAN_POINT('Origin',(-9.16666666666669,33.7706420245238,14.2680893240736));
#3919=CARTESIAN_POINT('',(-9.16666666666668,37.1026858009597,0.268089324073597));
#3920=CARTESIAN_POINT('Origin',(0.,22.2130135646468,0.268089324073592));
#3921=CARTESIAN_POINT('',(0.,34.3982985213412,0.268089324073596));
#3922=CARTESIAN_POINT('',(0.,22.2130135646468,0.268089324073593));
#3923=CARTESIAN_POINT('',(0.,34.3982985213412,0.268089324073596));
#3924=CARTESIAN_POINT('Origin',(0.,34.3982985213412,10.2680893240735));
#3925=CARTESIAN_POINT('',(0.,42.961326732102,5.10334849207489));
#3926=CARTESIAN_POINT('Origin',(0.,42.961326732102,5.10334849207489));
#3927=CARTESIAN_POINT('',(0.,50.4842170638105,17.5761373952018));
#3928=CARTESIAN_POINT('Origin',(0.,41.9211888530496,22.7408782272006));
#3929=CARTESIAN_POINT('',(0.,51.9211888530497,22.7408782272005));
#3930=CARTESIAN_POINT('Origin',(0.,51.9211888530497,22.7408782272005));
#3931=CARTESIAN_POINT('',(0.,51.9211888530497,49.2680306438021));
#3932=CARTESIAN_POINT('Origin',(0.,48.9211888530498,49.2680306438021));
#3933=CARTESIAN_POINT('',(0.,49.9211888530497,52.0964577685483));
#3934=CARTESIAN_POINT('Origin',(0.,50.9211888530497,49.2680306438021));
#3935=CARTESIAN_POINT('',(0.,47.9211888530497,49.2680306438021));
#3936=CARTESIAN_POINT('Origin',(0.,33.7706420245238,4.2680893240736));
#3937=CARTESIAN_POINT('',(0.,24.6923580372725,4.2680893240736));
#3938=CARTESIAN_POINT('',(0.,33.7706420245238,4.2680893240736));
#3939=CARTESIAN_POINT('Origin',(0.,47.9211888530497,49.2680306438021));
#3940=CARTESIAN_POINT('',(0.,47.9211888530497,17.6568528388466));
#3941=CARTESIAN_POINT('Origin',(0.,33.7706420245238,14.2680893240736));
#3942=CARTESIAN_POINT('',(0.,42.1459852195012,8.80424211113412));
#3943=CARTESIAN_POINT('Origin',(0.,33.7706420245238,14.2680893240736));
#3944=CARTESIAN_POINT('',(0.,42.1459852195012,8.80424211113412));
#3945=CARTESIAN_POINT('',(0.,33.7706420245238,4.2680893240736));
#3946=CARTESIAN_POINT('Origin',(0.,47.9211888530497,17.6568528388465));
#3947=CARTESIAN_POINT('Origin',(0.,14.9626935988242,30.8875015401021));
#3948=CARTESIAN_POINT('',(0.,6.33282692633839,25.8352346018734));
#3949=CARTESIAN_POINT('Origin',(0.,16.0624913647867,9.21582238584487));
#3950=CARTESIAN_POINT('',(0.,16.0624913647867,9.21582238584487));
#3951=CARTESIAN_POINT('Origin',(0.,24.6923580372725,14.2680893240736));
#3952=CARTESIAN_POINT('',(0.,24.6923580372725,4.2680893240736));
#3953=CARTESIAN_POINT('Origin',(0.,33.7706420245238,4.2680893240736));
#3954=CARTESIAN_POINT('Origin',(0.,47.9211888530497,17.6568528388465));
#3955=CARTESIAN_POINT('',(0.,47.9211888530497,17.6568528388466));
#3956=CARTESIAN_POINT('Origin',(0.,47.9211888530497,49.2680306438021));
#3957=CARTESIAN_POINT('',(0.,47.9211888530497,49.2680306438021));
#3958=CARTESIAN_POINT('Origin',(0.,50.9211888530497,49.2680306438021));
#3959=CARTESIAN_POINT('',(0.,49.9211888530497,52.0964577685483));
#3960=CARTESIAN_POINT('Origin',(0.,48.9211888530498,49.2680306438021));
#3961=CARTESIAN_POINT('',(0.,51.9211888530497,49.2680306438021));
#3962=CARTESIAN_POINT('Origin',(0.,51.9211888530497,22.7408782272005));
#3963=CARTESIAN_POINT('',(0.,51.9211888530497,22.7408782272005));
#3964=CARTESIAN_POINT('Origin',(0.,41.9211888530496,22.7408782272006));
#3965=CARTESIAN_POINT('',(0.,50.4842170638105,17.5761373952018));
#3966=CARTESIAN_POINT('Origin',(0.,42.961326732102,5.10334849207489));
#3967=CARTESIAN_POINT('',(0.,42.961326732102,5.10334849207489));
#3968=CARTESIAN_POINT('Origin',(0.,34.3982985213412,10.2680893240735));
#3969=CARTESIAN_POINT('Origin',(0.,22.2130135646468,10.2680893240736));
#3970=CARTESIAN_POINT('Origin',(0.,5.55111512312578E-16,53.));
#3971=CARTESIAN_POINT('',(0.,0.,0.));
#3972=CARTESIAN_POINT('',(-0.0301716248439432,0.,-74.6313017332553));
#3973=CARTESIAN_POINT('',(-1.91708628138887E-14,33.8590247039392,7.73191067592642));
#3974=UNCERTAINTY_MEASURE_WITH_UNIT(LENGTH_MEASURE(0.01),#3984,
'DISTANCE_ACCURACY_VALUE',
'Maximum model space distance between geometric entities at asserted c
onnectivities');
#3975=UNCERTAINTY_MEASURE_WITH_UNIT(LENGTH_MEASURE(0.01),#3984,
'DISTANCE_ACCURACY_VALUE',
'Maximum model space distance between geometric entities at asserted c
onnectivities');
#3976=UNCERTAINTY_MEASURE_WITH_UNIT(LENGTH_MEASURE(0.01),#3984,
'DISTANCE_ACCURACY_VALUE',
'Maximum model space distance between geometric entities at asserted c
onnectivities');
#3977=UNCERTAINTY_MEASURE_WITH_UNIT(LENGTH_MEASURE(0.01),#3984,
'DISTANCE_ACCURACY_VALUE',
'Maximum model space distance between geometric entities at asserted c
onnectivities');
#3978=UNCERTAINTY_MEASURE_WITH_UNIT(LENGTH_MEASURE(0.01),#3984,
'DISTANCE_ACCURACY_VALUE',
'Maximum model space distance between geometric entities at asserted c
onnectivities');
#3979=(
GEOMETRIC_REPRESENTATION_CONTEXT(3)
GLOBAL_UNCERTAINTY_ASSIGNED_CONTEXT((#3974))
GLOBAL_UNIT_ASSIGNED_CONTEXT((#3984,#3986,#3987))
REPRESENTATION_CONTEXT('','3D')
);
#3980=(
GEOMETRIC_REPRESENTATION_CONTEXT(3)
GLOBAL_UNCERTAINTY_ASSIGNED_CONTEXT((#3975))
GLOBAL_UNIT_ASSIGNED_CONTEXT((#3984,#3986,#3987))
REPRESENTATION_CONTEXT('','3D')
);
#3981=(
GEOMETRIC_REPRESENTATION_CONTEXT(3)
GLOBAL_UNCERTAINTY_ASSIGNED_CONTEXT((#3976))
GLOBAL_UNIT_ASSIGNED_CONTEXT((#3984,#3986,#3987))
REPRESENTATION_CONTEXT('','3D')
);
#3982=(
GEOMETRIC_REPRESENTATION_CONTEXT(3)
GLOBAL_UNCERTAINTY_ASSIGNED_CONTEXT((#3977))
GLOBAL_UNIT_ASSIGNED_CONTEXT((#3984,#3986,#3987))
REPRESENTATION_CONTEXT('','3D')
);
#3983=(
GEOMETRIC_REPRESENTATION_CONTEXT(3)
GLOBAL_UNCERTAINTY_ASSIGNED_CONTEXT((#3978))
GLOBAL_UNIT_ASSIGNED_CONTEXT((#3984,#3986,#3987))
REPRESENTATION_CONTEXT('','3D')
);
#3984=(
LENGTH_UNIT()
NAMED_UNIT(*)
SI_UNIT(.MILLI.,.METRE.)
);
#3985=(
LENGTH_UNIT()
NAMED_UNIT(*)
SI_UNIT($,.METRE.)
);
#3986=(
NAMED_UNIT(*)
PLANE_ANGLE_UNIT()
SI_UNIT($,.RADIAN.)
);
#3987=(
NAMED_UNIT(*)
SI_UNIT($,.STERADIAN.)
SOLID_ANGLE_UNIT()
);
#3988=SHAPE_DEFINITION_REPRESENTATION(#3992,#3999);
#3989=SHAPE_DEFINITION_REPRESENTATION(#3993,#4000);
#3990=SHAPE_DEFINITION_REPRESENTATION(#3994,#4001);
#3991=SHAPE_DEFINITION_REPRESENTATION(#3995,#4002);
#3992=PRODUCT_DEFINITION_SHAPE('',$,#4004);
#3993=PRODUCT_DEFINITION_SHAPE('',$,#4005);
#3994=PRODUCT_DEFINITION_SHAPE('',$,#4006);
#3995=PRODUCT_DEFINITION_SHAPE('',$,#4007);
#3996=PRODUCT_DEFINITION_SHAPE($,$,#20);
#3997=PRODUCT_DEFINITION_SHAPE($,$,#21);
#3998=PRODUCT_DEFINITION_SHAPE($,$,#22);
#3999=SHAPE_REPRESENTATION('',(#1353,#1470,#1471,#1472),#3979);
#4000=SHAPE_REPRESENTATION('',(#1354),#3980);
#4001=SHAPE_REPRESENTATION('',(#1370),#3981);
#4002=SHAPE_REPRESENTATION('',(#1393),#3982);
#4003=PRODUCT_DEFINITION_CONTEXT('part definition',#4017,'design');
#4004=PRODUCT_DEFINITION('2026-05-02-18-45-28-614','Untitled',#4008,#4003);
#4005=PRODUCT_DEFINITION('2026-03-12-15-59-19-841','knee_joint_[art3',#4009,
#4003);
#4006=PRODUCT_DEFINITION('2026-03-12-15-44-50-873','knee_joint_part4',#4010,
#4003);
#4007=PRODUCT_DEFINITION('2026-03-05-16-23-45-563','nee_joint_1',#4011,
#4003);
#4008=PRODUCT_DEFINITION_FORMATION('',$,#4019);
#4009=PRODUCT_DEFINITION_FORMATION('',$,#4020);
#4010=PRODUCT_DEFINITION_FORMATION('',$,#4021);
#4011=PRODUCT_DEFINITION_FORMATION('',$,#4022);
#4012=PRODUCT_RELATED_PRODUCT_CATEGORY('Untitled','Untitled',(#4019));
#4013=PRODUCT_RELATED_PRODUCT_CATEGORY('knee_joint_[art3',
'knee_joint_[art3',(#4020));
#4014=PRODUCT_RELATED_PRODUCT_CATEGORY('knee_joint_part4',
'knee_joint_part4',(#4021));
#4015=PRODUCT_RELATED_PRODUCT_CATEGORY('nee_joint_1','nee_joint_1',(#4022));
#4016=APPLICATION_PROTOCOL_DEFINITION('international standard',
'automotive_design',2009,#4017);
#4017=APPLICATION_CONTEXT(
'Core Data for Automotive Mechanical Design Process');
#4018=PRODUCT_CONTEXT('part definition',#4017,'mechanical');
#4019=PRODUCT('2026-05-02-18-45-28-614','Untitled',$,(#4018));
#4020=PRODUCT('2026-03-12-15-59-19-841','knee_joint_[art3',$,(#4018));
#4021=PRODUCT('2026-03-12-15-44-50-873','knee_joint_part4',$,(#4018));
#4022=PRODUCT('2026-03-05-16-23-45-563','nee_joint_1',$,(#4018));
#4023=PRESENTATION_STYLE_ASSIGNMENT((#4024));
#4024=SURFACE_STYLE_USAGE(.BOTH.,#4025);
#4025=SURFACE_SIDE_STYLE('',(#4026));
#4026=SURFACE_STYLE_FILL_AREA(#4027);
#4027=FILL_AREA_STYLE('Steel - Satin',(#4028));
#4028=FILL_AREA_STYLE_COLOUR('Steel - Satin',#4029);
#4029=COLOUR_RGB('Steel - Satin',0.627450980392157,0.627450980392157,0.627450980392157);
ENDSEC;
END-ISO-10303-21;
