ISO-10303-21;
HEADER;
/* Generated by software containing ST-Developer
 * from STEP Tools, Inc. (www.steptools.com) 
 */

FILE_DESCRIPTION(
/* description */ (''),
/* implementation_level */ '2;1');

FILE_NAME(
/* name */ 'spinal_assembly.step',
/* time_stamp */ '2026-10-06T16:30:06+03:00',
/* author */ (''),
/* organization */ (''),
/* preprocessor_version */ 'ST-DEVELOPER v20.2',
/* originating_system */ 'Autodesk Translation Framework v15.15.0.0',
/* authorisation */ '');

FILE_SCHEMA (('AUTOMOTIVE_DESIGN { 1 0 10303 214 3 1 1 }'));
ENDSEC;

DATA;
#10=MECHANICAL_DESIGN_GEOMETRIC_PRESENTATION_REPRESENTATION('',(#41,#42,
#43,#44),#3663);
#11=ITEM_DEFINED_TRANSFORMATION($,$,#1289,#1395);
#12=ITEM_DEFINED_TRANSFORMATION($,$,#1338,#1396);
#13=ITEM_DEFINED_TRANSFORMATION($,$,#1338,#1397);
#14=(
REPRESENTATION_RELATIONSHIP($,$,#3678,#3677)
REPRESENTATION_RELATIONSHIP_WITH_TRANSFORMATION(#11)
SHAPE_REPRESENTATION_RELATIONSHIP()
);
#15=(
REPRESENTATION_RELATIONSHIP($,$,#3679,#3677)
REPRESENTATION_RELATIONSHIP_WITH_TRANSFORMATION(#12)
SHAPE_REPRESENTATION_RELATIONSHIP()
);
#16=(
REPRESENTATION_RELATIONSHIP($,$,#3679,#3677)
REPRESENTATION_RELATIONSHIP_WITH_TRANSFORMATION(#13)
SHAPE_REPRESENTATION_RELATIONSHIP()
);
#17=CONTEXT_DEPENDENT_SHAPE_REPRESENTATION(#14,#3674);
#18=CONTEXT_DEPENDENT_SHAPE_REPRESENTATION(#15,#3675);
#19=CONTEXT_DEPENDENT_SHAPE_REPRESENTATION(#16,#3676);
#20=NEXT_ASSEMBLY_USAGE_OCCURRENCE('spinal:1','spinal:1','spinal:1',#3681,
#3682,'spinal:1');
#21=NEXT_ASSEMBLY_USAGE_OCCURRENCE('spinal_2:2','spinal_2:2',
'spinal_2:2',#3681,#3683,'spinal_2:2');
#22=NEXT_ASSEMBLY_USAGE_OCCURRENCE('spinal_2:3','spinal_2:3',
'spinal_2:3',#3681,#3683,'spinal_2:3');
#23=B_SPLINE_CURVE_WITH_KNOTS('',3,(#2588,#2589,#2590,#2591),
 .UNSPECIFIED.,.F.,.F.,(4,4),(0.,0.0208918536326199),.UNSPECIFIED.);
#24=B_SPLINE_CURVE_WITH_KNOTS('',3,(#2621,#2622,#2623,#2624,#2625,#2626,
#2627,#2628,#2629,#2630),.UNSPECIFIED.,.F.,.F.,(4,3,3,4),(-0.0104695232945817,
-0.00768204044468154,4.62131032829705E-5,0.387476786650921),
 .UNSPECIFIED.);
#25=B_SPLINE_CURVE_WITH_KNOTS('',3,(#2634,#2635,#2636,#2637,#2638,#2639,
#2640,#2641,#2642,#2643),.UNSPECIFIED.,.F.,.F.,(4,3,3,4),(-0.387476786650921,
-4.62131032829549E-5,0.00768204044468156,0.0104695232945817),
 .UNSPECIFIED.);
#26=B_SPLINE_CURVE_WITH_KNOTS('',3,(#3368,#3369,#3370,#3371,#3372,#3373,
#3374,#3375,#3376,#3377),.UNSPECIFIED.,.F.,.F.,(4,3,3,4),(-0.387476786650921,
-4.62131032829549E-5,0.00768204044468156,0.0104695232945817),
 .UNSPECIFIED.);
#27=B_SPLINE_CURVE_WITH_KNOTS('',3,(#3378,#3379,#3380,#3381,#3382,#3383,
#3384,#3385,#3386,#3387),.UNSPECIFIED.,.F.,.F.,(4,3,3,4),(-0.0104695232945817,
-0.00768204044468154,4.62131032829705E-5,0.387476786650921),
 .UNSPECIFIED.);
#28=B_SPLINE_CURVE_WITH_KNOTS('',3,(#3413,#3414,#3415,#3416,#3417,#3418,
#3419),.UNSPECIFIED.,.F.,.F.,(4,3,4),(0.,0.0271447405458935,0.0550706282858795),
 .UNSPECIFIED.);
#29=B_SPLINE_CURVE_WITH_KNOTS('',3,(#3420,#3421,#3422,#3423,#3424,#3425),
 .UNSPECIFIED.,.F.,.F.,(4,2,4),(0.0571969717782277,0.0933035565683995,0.102115712441246),
 .UNSPECIFIED.);
#30=B_SPLINE_SURFACE_WITH_KNOTS('',3,3,((#2404,#2405,#2406,#2407),(#2408,
#2409,#2410,#2411),(#2412,#2413,#2414,#2415),(#2416,#2417,#2418,#2419)),
 .UNSPECIFIED.,.F.,.F.,.F.,(4,4),(4,4),(0.,1.),(0.,1.),.UNSPECIFIED.);
#31=B_SPLINE_SURFACE_WITH_KNOTS('',3,3,((#2435,#2436,#2437,#2438),(#2439,
#2440,#2441,#2442),(#2443,#2444,#2445,#2446),(#2447,#2448,#2449,#2450),
(#2451,#2452,#2453,#2454),(#2455,#2456,#2457,#2458),(#2459,#2460,#2461,
#2462),(#2463,#2464,#2465,#2466),(#2467,#2468,#2469,#2470),(#2471,#2472,
#2473,#2474),(#2475,#2476,#2477,#2478),(#2479,#2480,#2481,#2482)),
 .UNSPECIFIED.,.F.,.F.,.F.,(4,1,1,2,2,1,1,4),(4,4),(0.,0.179215139611832,
0.268822709417748,0.448037849029581,0.55196215097042,0.731177290582252,
0.820784860388168,1.),(0.,1.),.UNSPECIFIED.);
#32=B_SPLINE_SURFACE_WITH_KNOTS('',3,3,((#2490,#2491,#2492,#2493),(#2494,
#2495,#2496,#2497),(#2498,#2499,#2500,#2501),(#2502,#2503,#2504,#2505)),
 .UNSPECIFIED.,.F.,.F.,.F.,(4,4),(4,4),(0.,1.),(0.,1.),.UNSPECIFIED.);
#33=B_SPLINE_SURFACE_WITH_KNOTS('',3,3,((#2519,#2520,#2521,#2522),(#2523,
#2524,#2525,#2526),(#2527,#2528,#2529,#2530),(#2531,#2532,#2533,#2534),
(#2535,#2536,#2537,#2538),(#2539,#2540,#2541,#2542),(#2543,#2544,#2545,
#2546),(#2547,#2548,#2549,#2550),(#2551,#2552,#2553,#2554),(#2555,#2556,
#2557,#2558),(#2559,#2560,#2561,#2562),(#2563,#2564,#2565,#2566),(#2567,
#2568,#2569,#2570),(#2571,#2572,#2573,#2574),(#2575,#2576,#2577,#2578),
(#2579,#2580,#2581,#2582),(#2583,#2584,#2585,#2586)),.UNSPECIFIED.,.F.,
 .F.,.F.,(4,2,1,1,2,1,2,1,1,2,4),(4,4),(0.,0.0206543604873192,0.101763844451766,
0.182873328416213,0.345092296345106,0.5,0.654907703654894,0.817126671583787,
0.898236155548234,0.979345639512681,1.),(0.,1.),.UNSPECIFIED.);
#34=B_SPLINE_SURFACE_WITH_KNOTS('',3,1,((#2599,#2600),(#2601,#2602),(#2603,
#2604),(#2605,#2606),(#2607,#2608),(#2609,#2610),(#2611,#2612),(#2613,#2614),
(#2615,#2616),(#2617,#2618)),.UNSPECIFIED.,.F.,.F.,.F.,(4,3,3,4),(2,2),
(-0.387476786650921,-4.62131032829549E-5,0.00768204044468156,0.0104695232945817),
(0.,0.2),.UNSPECIFIED.);
#35=B_SPLINE_SURFACE_WITH_KNOTS('',3,1,((#3348,#3349),(#3350,#3351),(#3352,
#3353),(#3354,#3355),(#3356,#3357),(#3358,#3359),(#3360,#3361),(#3362,#3363),
(#3364,#3365),(#3366,#3367)),.UNSPECIFIED.,.F.,.F.,.F.,(4,3,3,4),(2,2),
(-0.0104695232945817,-0.00768204044468154,4.62131032829705E-5,0.387476786650921),
(0.,0.2),.UNSPECIFIED.);
#36=B_SPLINE_SURFACE_WITH_KNOTS('',3,3,((#3396,#3397,#3398,#3399),(#3400,
#3401,#3402,#3403),(#3404,#3405,#3406,#3407),(#3408,#3409,#3410,#3411)),
 .UNSPECIFIED.,.F.,.F.,.F.,(4,4),(4,4),(0.,0.0208918536326199),(0.,0.00250009840184019),
 .UNSPECIFIED.);
#37=SHAPE_REPRESENTATION_RELATIONSHIP('SRR','None',#3678,#39);
#38=SHAPE_REPRESENTATION_RELATIONSHIP('SRR','None',#3679,#40);
#39=ADVANCED_BREP_SHAPE_REPRESENTATION('',(#45),#3661);
#40=ADVANCED_BREP_SHAPE_REPRESENTATION('',(#46,#47,#48),#3662);
#41=STYLED_ITEM('',(#3696),#45);
#42=STYLED_ITEM('',(#3696),#46);
#43=STYLED_ITEM('',(#3696),#47);
#44=STYLED_ITEM('',(#3696),#48);
#45=MANIFOLD_SOLID_BREP('Body1',#1261);
#46=MANIFOLD_SOLID_BREP('Body1',#1262);
#47=MANIFOLD_SOLID_BREP('Body2',#1263);
#48=MANIFOLD_SOLID_BREP('Body3',#1264);
#49=CYLINDRICAL_SURFACE('',#1313,13.5);
#50=CYLINDRICAL_SURFACE('',#1315,13.5);
#51=CYLINDRICAL_SURFACE('',#1318,13.5);
#52=CYLINDRICAL_SURFACE('',#1337,13.5);
#53=CYLINDRICAL_SURFACE('',#1355,9.5);
#54=CYLINDRICAL_SURFACE('',#1357,15.);
#55=CYLINDRICAL_SURFACE('',#1359,10.);
#56=CYLINDRICAL_SURFACE('',#1362,10.);
#57=CYLINDRICAL_SURFACE('',#1365,15.);
#58=CYLINDRICAL_SURFACE('',#1368,15.);
#59=FACE_BOUND('',#163,.T.);
#60=FACE_BOUND('',#176,.T.);
#61=FACE_BOUND('',#182,.T.);
#62=FACE_BOUND('',#207,.T.);
#63=FACE_BOUND('',#208,.T.);
#64=FACE_BOUND('',#209,.T.);
#65=(
BOUNDED_SURFACE()
B_SPLINE_SURFACE(5,2,((#1801,#1802,#1803),(#1804,#1805,#1806),(#1807,#1808,
#1809),(#1810,#1811,#1812),(#1813,#1814,#1815),(#1816,#1817,#1818),(#1819,
#1820,#1821),(#1822,#1823,#1824),(#1825,#1826,#1827),(#1828,#1829,#1830),
(#1831,#1832,#1833),(#1834,#1835,#1836),(#1837,#1838,#1839),(#1840,#1841,
#1842),(#1843,#1844,#1845),(#1846,#1847,#1848),(#1849,#1850,#1851),(#1852,
#1853,#1854),(#1855,#1856,#1857),(#1858,#1859,#1860)),.UNSPECIFIED.,.F.,
 .F.,.F.)
B_SPLINE_SURFACE_WITH_KNOTS((6,1,1,1,1,1,1,1,1,1,1,1,1,1,1,6),(3,3),(0.,
0.0666666666666667,0.133333333333333,0.2,0.266666666666667,0.333333333333333,
0.4,0.466666666666667,0.533333333333333,0.6,0.666666666666667,0.733333333333333,
0.8,0.866666666666667,0.933333333333333,1.),(0.,0.130899693899575),
 .UNSPECIFIED.)
GEOMETRIC_REPRESENTATION_ITEM()
RATIONAL_B_SPLINE_SURFACE(((1.,0.997858923238603,1.),(1.,0.997858923238603,
1.),(1.,0.997858923238603,1.),(1.,0.997858923238603,1.),(1.,0.997858923238603,
1.),(1.,0.997858923238603,1.),(1.,0.997858923238603,1.),(1.,0.997858923238603,
1.),(1.,0.997858923238603,1.),(1.,0.997858923238603,1.),(1.,0.997858923238603,
1.),(1.,0.997858923238603,1.),(1.,0.997858923238603,1.),(1.,0.997858923238603,
1.),(1.,0.997858923238603,1.),(1.,0.997858923238603,1.),(1.,0.997858923238603,
1.),(1.,0.997858923238603,1.),(1.,0.997858923238603,1.),(1.,0.997858923238603,
1.)))
REPRESENTATION_ITEM('')
SURFACE()
);
#66=(
BOUNDED_SURFACE()
B_SPLINE_SURFACE(5,2,((#1887,#1888,#1889),(#1890,#1891,#1892),(#1893,#1894,
#1895),(#1896,#1897,#1898),(#1899,#1900,#1901),(#1902,#1903,#1904),(#1905,
#1906,#1907),(#1908,#1909,#1910),(#1911,#1912,#1913),(#1914,#1915,#1916),
(#1917,#1918,#1919),(#1920,#1921,#1922),(#1923,#1924,#1925),(#1926,#1927,
#1928),(#1929,#1930,#1931),(#1932,#1933,#1934),(#1935,#1936,#1937),(#1938,
#1939,#1940),(#1941,#1942,#1943),(#1944,#1945,#1946)),.UNSPECIFIED.,.F.,
 .F.,.F.)
B_SPLINE_SURFACE_WITH_KNOTS((6,1,1,1,1,1,1,1,1,1,1,1,1,1,1,6),(3,3),(-1.,
-0.933333333333333,-0.866666666666667,-0.8,-0.733333333333333,-0.666666666666667,
-0.6,-0.533333333333333,-0.466666666666667,-0.4,-0.333333333333333,-0.266666666666667,
-0.2,-0.133333333333333,-0.0666666666666667,0.),(0.,0.130899693899575),
 .UNSPECIFIED.)
GEOMETRIC_REPRESENTATION_ITEM()
RATIONAL_B_SPLINE_SURFACE(((1.,0.997858923238603,1.),(1.,0.997858923238603,
1.),(1.,0.997858923238603,1.),(1.,0.997858923238603,1.),(1.,0.997858923238603,
1.),(1.,0.997858923238603,1.),(1.,0.997858923238603,1.),(1.,0.997858923238603,
1.),(1.,0.997858923238603,1.),(1.,0.997858923238603,1.),(1.,0.997858923238603,
1.),(1.,0.997858923238603,1.),(1.,0.997858923238603,1.),(1.,0.997858923238603,
1.),(1.,0.997858923238603,1.),(1.,0.997858923238603,1.),(1.,0.997858923238603,
1.),(1.,0.997858923238603,1.),(1.,0.997858923238603,1.),(1.,0.997858923238603,
1.)))
REPRESENTATION_ITEM('')
SURFACE()
);
#67=(
BOUNDED_SURFACE()
B_SPLINE_SURFACE(5,2,((#2033,#2034,#2035),(#2036,#2037,#2038),(#2039,#2040,
#2041),(#2042,#2043,#2044),(#2045,#2046,#2047),(#2048,#2049,#2050),(#2051,
#2052,#2053),(#2054,#2055,#2056),(#2057,#2058,#2059),(#2060,#2061,#2062),
(#2063,#2064,#2065),(#2066,#2067,#2068),(#2069,#2070,#2071),(#2072,#2073,
#2074),(#2075,#2076,#2077),(#2078,#2079,#2080),(#2081,#2082,#2083),(#2084,
#2085,#2086),(#2087,#2088,#2089),(#2090,#2091,#2092)),.UNSPECIFIED.,.F.,
 .F.,.F.)
B_SPLINE_SURFACE_WITH_KNOTS((6,1,1,1,1,1,1,1,1,1,1,1,1,1,1,6),(3,3),(0.,
0.0666666666666667,0.133333333333333,0.2,0.266666666666667,0.333333333333333,
0.4,0.466666666666667,0.533333333333333,0.6,0.666666666666667,0.733333333333333,
0.8,0.866666666666667,0.933333333333333,1.),(0.,0.130899693899575),
 .UNSPECIFIED.)
GEOMETRIC_REPRESENTATION_ITEM()
RATIONAL_B_SPLINE_SURFACE(((1.,0.997858923238603,1.),(1.,0.997858923238603,
1.),(1.,0.997858923238603,1.),(1.,0.997858923238603,1.),(1.,0.997858923238603,
1.),(1.,0.997858923238603,1.),(1.,0.997858923238603,1.),(1.,0.997858923238603,
1.),(1.,0.997858923238603,1.),(1.,0.997858923238603,1.),(1.,0.997858923238603,
1.),(1.,0.997858923238603,1.),(1.,0.997858923238603,1.),(1.,0.997858923238603,
1.),(1.,0.997858923238603,1.),(1.,0.997858923238603,1.),(1.,0.997858923238603,
1.),(1.,0.997858923238603,1.),(1.,0.997858923238603,1.),(1.,0.997858923238603,
1.)))
REPRESENTATION_ITEM('')
SURFACE()
);
#68=(
BOUNDED_SURFACE()
B_SPLINE_SURFACE(5,2,((#2119,#2120,#2121),(#2122,#2123,#2124),(#2125,#2126,
#2127),(#2128,#2129,#2130),(#2131,#2132,#2133),(#2134,#2135,#2136),(#2137,
#2138,#2139),(#2140,#2141,#2142),(#2143,#2144,#2145),(#2146,#2147,#2148),
(#2149,#2150,#2151),(#2152,#2153,#2154),(#2155,#2156,#2157),(#2158,#2159,
#2160),(#2161,#2162,#2163),(#2164,#2165,#2166),(#2167,#2168,#2169),(#2170,
#2171,#2172),(#2173,#2174,#2175),(#2176,#2177,#2178)),.UNSPECIFIED.,.F.,
 .F.,.F.)
B_SPLINE_SURFACE_WITH_KNOTS((6,1,1,1,1,1,1,1,1,1,1,1,1,1,1,6),(3,3),(-1.,
-0.933333333333333,-0.866666666666667,-0.8,-0.733333333333333,-0.666666666666667,
-0.6,-0.533333333333333,-0.466666666666667,-0.4,-0.333333333333333,-0.266666666666667,
-0.2,-0.133333333333333,-0.0666666666666667,0.),(0.,0.130899693899575),
 .UNSPECIFIED.)
GEOMETRIC_REPRESENTATION_ITEM()
RATIONAL_B_SPLINE_SURFACE(((1.,0.997858923238603,1.),(1.,0.997858923238603,
1.),(1.,0.997858923238603,1.),(1.,0.997858923238603,1.),(1.,0.997858923238603,
1.),(1.,0.997858923238603,1.),(1.,0.997858923238603,1.),(1.,0.997858923238603,
1.),(1.,0.997858923238603,1.),(1.,0.997858923238603,1.),(1.,0.997858923238603,
1.),(1.,0.997858923238603,1.),(1.,0.997858923238603,1.),(1.,0.997858923238603,
1.),(1.,0.997858923238603,1.),(1.,0.997858923238603,1.),(1.,0.997858923238603,
1.),(1.,0.997858923238603,1.),(1.,0.997858923238603,1.),(1.,0.997858923238603,
1.)))
REPRESENTATION_ITEM('')
SURFACE()
);
#69=(
BOUNDED_SURFACE()
B_SPLINE_SURFACE(5,2,((#2187,#2188,#2189,#2190,#2191,#2192,#2193,#2194,
#2195),(#2196,#2197,#2198,#2199,#2200,#2201,#2202,#2203,#2204),(#2205,#2206,
#2207,#2208,#2209,#2210,#2211,#2212,#2213),(#2214,#2215,#2216,#2217,#2218,
#2219,#2220,#2221,#2222),(#2223,#2224,#2225,#2226,#2227,#2228,#2229,#2230,
#2231),(#2232,#2233,#2234,#2235,#2236,#2237,#2238,#2239,#2240),(#2241,#2242,
#2243,#2244,#2245,#2246,#2247,#2248,#2249),(#2250,#2251,#2252,#2253,#2254,
#2255,#2256,#2257,#2258),(#2259,#2260,#2261,#2262,#2263,#2264,#2265,#2266,
#2267),(#2268,#2269,#2270,#2271,#2272,#2273,#2274,#2275,#2276)),
 .UNSPECIFIED.,.F.,.T.,.F.)
B_SPLINE_SURFACE_WITH_KNOTS((6,1,1,1,1,6),(3,2,2,2,3),(0.5,0.6,0.7,0.8,
0.9,0.956127951986304),(0.,1.5707963267949,3.14159265358979,4.71238898038469,
6.28318530717959),.UNSPECIFIED.)
GEOMETRIC_REPRESENTATION_ITEM()
RATIONAL_B_SPLINE_SURFACE(((1.,0.707106781186548,1.,0.707106781186548,1.,
0.707106781186548,1.,0.707106781186548,1.),(1.,0.707106781186548,1.,0.707106781186548,
1.,0.707106781186548,1.,0.707106781186548,1.),(1.,0.707106781186548,1.,
0.707106781186548,1.,0.707106781186548,1.,0.707106781186548,1.),(1.,0.707106781186548,
1.,0.707106781186548,1.,0.707106781186548,1.,0.707106781186548,1.),(1.,
0.707106781186548,1.,0.707106781186548,1.,0.707106781186548,1.,0.707106781186548,
1.),(1.,0.707106781186548,1.,0.707106781186548,1.,0.707106781186548,1.,
0.707106781186548,1.),(1.,0.707106781186548,1.,0.707106781186548,1.,0.707106781186548,
1.,0.707106781186548,1.),(1.,0.707106781186548,1.,0.707106781186548,1.,
0.707106781186548,1.,0.707106781186548,1.),(1.,0.707106781186548,1.,0.707106781186548,
1.,0.707106781186548,1.,0.707106781186548,1.),(1.,0.707106781186548,1.,
0.707106781186548,1.,0.707106781186548,1.,0.707106781186548,1.)))
REPRESENTATION_ITEM('')
SURFACE()
);
#70=(
BOUNDED_SURFACE()
B_SPLINE_SURFACE(5,2,((#2288,#2289,#2290,#2291,#2292,#2293,#2294,#2295,
#2296),(#2297,#2298,#2299,#2300,#2301,#2302,#2303,#2304,#2305),(#2306,#2307,
#2308,#2309,#2310,#2311,#2312,#2313,#2314),(#2315,#2316,#2317,#2318,#2319,
#2320,#2321,#2322,#2323),(#2324,#2325,#2326,#2327,#2328,#2329,#2330,#2331,
#2332),(#2333,#2334,#2335,#2336,#2337,#2338,#2339,#2340,#2341),(#2342,#2343,
#2344,#2345,#2346,#2347,#2348,#2349,#2350),(#2351,#2352,#2353,#2354,#2355,
#2356,#2357,#2358,#2359),(#2360,#2361,#2362,#2363,#2364,#2365,#2366,#2367,
#2368),(#2369,#2370,#2371,#2372,#2373,#2374,#2375,#2376,#2377)),
 .UNSPECIFIED.,.F.,.T.,.F.)
B_SPLINE_SURFACE_WITH_KNOTS((6,1,1,1,1,6),(3,2,2,2,3),(-0.956127964949847,
-0.9,-0.8,-0.7,-0.6,-0.5),(0.,1.5707963267949,3.14159265358979,4.71238898038469,
6.28318530717959),.UNSPECIFIED.)
GEOMETRIC_REPRESENTATION_ITEM()
RATIONAL_B_SPLINE_SURFACE(((1.,0.707106781186548,1.,0.707106781186548,1.,
0.707106781186548,1.,0.707106781186548,1.),(1.,0.707106781186548,1.,0.707106781186548,
1.,0.707106781186548,1.,0.707106781186548,1.),(1.,0.707106781186548,1.,
0.707106781186548,1.,0.707106781186548,1.,0.707106781186548,1.),(1.,0.707106781186548,
1.,0.707106781186548,1.,0.707106781186548,1.,0.707106781186548,1.),(1.,
0.707106781186548,1.,0.707106781186548,1.,0.707106781186548,1.,0.707106781186548,
1.),(1.,0.707106781186548,1.,0.707106781186548,1.,0.707106781186548,1.,
0.707106781186548,1.),(1.,0.707106781186548,1.,0.707106781186548,1.,0.707106781186548,
1.,0.707106781186548,1.),(1.,0.707106781186548,1.,0.707106781186548,1.,
0.707106781186548,1.,0.707106781186548,1.),(1.,0.707106781186548,1.,0.707106781186548,
1.,0.707106781186548,1.,0.707106781186548,1.),(1.,0.707106781186548,1.,
0.707106781186548,1.,0.707106781186548,1.,0.707106781186548,1.)))
REPRESENTATION_ITEM('')
SURFACE()
);
#71=(
BOUNDED_SURFACE()
B_SPLINE_SURFACE(5,1,((#2645,#2646),(#2647,#2648),(#2649,#2650),(#2651,
#2652),(#2653,#2654),(#2655,#2656),(#2657,#2658),(#2659,#2660),(#2661,#2662),
(#2663,#2664),(#2665,#2666),(#2667,#2668),(#2669,#2670),(#2671,#2672),(#2673,
#2674),(#2675,#2676),(#2677,#2678),(#2679,#2680),(#2681,#2682),(#2683,#2684),
(#2685,#2686),(#2687,#2688),(#2689,#2690),(#2691,#2692),(#2693,#2694),(#2695,
#2696),(#2697,#2698),(#2699,#2700),(#2701,#2702),(#2703,#2704),(#2705,#2706),
(#2707,#2708),(#2709,#2710),(#2711,#2712),(#2713,#2714),(#2715,#2716),(#2717,
#2718),(#2719,#2720),(#2721,#2722),(#2723,#2724),(#2725,#2726),(#2727,#2728),
(#2729,#2730),(#2731,#2732),(#2733,#2734),(#2735,#2736),(#2737,#2738),(#2739,
#2740),(#2741,#2742),(#2743,#2744),(#2745,#2746),(#2747,#2748),(#2749,#2750),
(#2751,#2752),(#2753,#2754),(#2755,#2756),(#2757,#2758),(#2759,#2760),(#2761,
#2762),(#2763,#2764),(#2765,#2766),(#2767,#2768),(#2769,#2770),(#2771,#2772),
(#2773,#2774),(#2775,#2776),(#2777,#2778),(#2779,#2780),(#2781,#2782),(#2783,
#2784),(#2785,#2786),(#2787,#2788),(#2789,#2790),(#2791,#2792),(#2793,#2794),
(#2795,#2796),(#2797,#2798),(#2799,#2800),(#2801,#2802),(#2803,#2804),(#2805,
#2806),(#2807,#2808),(#2809,#2810),(#2811,#2812),(#2813,#2814),(#2815,#2816),
(#2817,#2818)),.UNSPECIFIED.,.F.,.F.,.F.)
B_SPLINE_SURFACE_WITH_KNOTS((6,1,1,1,1,1,1,1,1,1,1,1,1,1,1,1,1,1,1,1,1,
1,1,1,1,1,1,1,1,1,1,1,1,1,1,1,1,1,1,1,1,1,1,1,1,1,1,1,1,1,1,1,1,1,1,1,1,
1,1,1,5,1,1,1,1,1,1,1,1,1,1,1,1,1,1,1,1,1,6),(2,2),(0.254206593079136,0.2625,
0.275,0.2875,0.3,0.3125,0.325,0.3375,0.35,0.3625,0.375,0.3875,0.4,0.4125,
0.425,0.4375,0.45,0.4625,0.475,0.4875,0.5,0.5125,0.525,0.5375,0.55,0.5625,
0.575,0.5875,0.6,0.6125,0.625,0.6375,0.65,0.6625,0.675,0.6875,0.7,0.712499999999999,
0.724999999999999,0.737499999999999,0.749999999999999,0.762499999999999,
0.774999999999999,0.787499999999999,0.799999999999999,0.812499999999999,
0.824999999999999,0.837499999999999,0.849999999999999,0.862499999999999,
0.874999999999999,0.887499999999999,0.899999999999999,0.912499999999999,
0.924999999999999,0.937499999999999,0.949999999999999,0.962499999999999,
0.974999999999999,0.987499999999998,1.,1.0125,1.025,1.0375,1.05,1.0625,
1.075,1.0875,1.1,1.1125,1.125,1.1375,1.15,1.1625,1.175,1.1875,1.2,1.2125,
1.22111035632218),(0.,0.2),.UNSPECIFIED.)
GEOMETRIC_REPRESENTATION_ITEM()
RATIONAL_B_SPLINE_SURFACE(((1.,1.),(1.,1.),(1.,1.),(1.,1.),(1.,1.),(1.,
1.),(1.,1.),(1.,1.),(1.,1.),(1.,1.),(1.,1.),(1.,1.),(1.,1.),(1.,1.),(1.,
1.),(1.,1.),(1.,1.),(1.,1.),(1.,1.),(1.,1.),(1.,1.),(1.,1.),(1.,1.),(1.,
1.),(1.,1.),(1.,1.),(1.,1.),(1.,1.),(1.,1.),(1.,1.),(1.,1.),(1.,1.),(1.,
1.),(1.,1.),(1.,1.),(1.,1.),(1.,1.),(1.,1.),(1.,1.),(1.,1.),(1.,1.),(1.,
1.),(1.,1.),(1.,1.),(1.,1.),(1.,1.),(1.,1.),(1.,1.),(1.,1.),(1.,1.),(1.,
1.),(1.,1.),(1.,1.),(1.,1.),(1.,1.),(1.,1.),(1.,1.),(1.,1.),(1.,1.),(1.,
1.),(1.,1.),(1.,1.),(1.,1.),(1.,1.),(1.,1.),(1.,1.),(1.,1.),(1.,1.),(1.,
1.),(1.,1.),(1.,1.),(1.,1.),(1.,1.),(1.,1.),(1.,1.),(1.,1.),(1.,1.),(1.,
1.),(1.,1.),(1.,1.),(1.,1.),(1.,1.),(1.,1.),(1.,1.),(1.,1.),(1.,1.),(1.,
1.)))
REPRESENTATION_ITEM('')
SURFACE()
);
#72=(
BOUNDED_SURFACE()
B_SPLINE_SURFACE(5,1,((#2994,#2995),(#2996,#2997),(#2998,#2999),(#3000,
#3001),(#3002,#3003),(#3004,#3005),(#3006,#3007),(#3008,#3009),(#3010,#3011),
(#3012,#3013),(#3014,#3015),(#3016,#3017),(#3018,#3019),(#3020,#3021),(#3022,
#3023),(#3024,#3025),(#3026,#3027),(#3028,#3029),(#3030,#3031),(#3032,#3033),
(#3034,#3035),(#3036,#3037),(#3038,#3039),(#3040,#3041),(#3042,#3043),(#3044,
#3045),(#3046,#3047),(#3048,#3049),(#3050,#3051),(#3052,#3053),(#3054,#3055),
(#3056,#3057),(#3058,#3059),(#3060,#3061),(#3062,#3063),(#3064,#3065),(#3066,
#3067),(#3068,#3069),(#3070,#3071),(#3072,#3073),(#3074,#3075),(#3076,#3077),
(#3078,#3079),(#3080,#3081),(#3082,#3083),(#3084,#3085),(#3086,#3087),(#3088,
#3089),(#3090,#3091),(#3092,#3093),(#3094,#3095),(#3096,#3097),(#3098,#3099),
(#3100,#3101),(#3102,#3103),(#3104,#3105),(#3106,#3107),(#3108,#3109),(#3110,
#3111),(#3112,#3113),(#3114,#3115),(#3116,#3117),(#3118,#3119),(#3120,#3121),
(#3122,#3123),(#3124,#3125),(#3126,#3127),(#3128,#3129),(#3130,#3131),(#3132,
#3133),(#3134,#3135),(#3136,#3137),(#3138,#3139),(#3140,#3141),(#3142,#3143),
(#3144,#3145),(#3146,#3147),(#3148,#3149),(#3150,#3151),(#3152,#3153),(#3154,
#3155),(#3156,#3157),(#3158,#3159),(#3160,#3161),(#3162,#3163),(#3164,#3165),
(#3166,#3167)),.UNSPECIFIED.,.F.,.F.,.F.)
B_SPLINE_SURFACE_WITH_KNOTS((6,1,1,1,1,1,1,1,1,1,1,1,1,1,1,1,1,1,5,1,1,
1,1,1,1,1,1,1,1,1,1,1,1,1,1,1,1,1,1,1,1,1,1,1,1,1,1,1,1,1,1,1,1,1,1,1,1,
1,1,1,1,1,1,1,1,1,1,1,1,1,1,1,1,1,1,1,1,1,6),(2,2),(-1.22111035632218,-1.2125,
-1.2,-1.1875,-1.175,-1.1625,-1.15,-1.1375,-1.125,-1.1125,-1.1,-1.0875,-1.075,
-1.0625,-1.05,-1.0375,-1.025,-1.0125,-1.,-0.987499999999998,-0.974999999999999,
-0.962499999999999,-0.949999999999999,-0.937499999999999,-0.924999999999999,
-0.912499999999999,-0.899999999999999,-0.887499999999999,-0.874999999999999,
-0.862499999999999,-0.849999999999999,-0.837499999999999,-0.824999999999999,
-0.812499999999999,-0.799999999999999,-0.787499999999999,-0.774999999999999,
-0.762499999999999,-0.749999999999999,-0.737499999999999,-0.724999999999999,
-0.712499999999999,-0.7,-0.6875,-0.675,-0.6625,-0.65,-0.6375,-0.625,-0.6125,
-0.6,-0.5875,-0.575,-0.5625,-0.55,-0.5375,-0.525,-0.5125,-0.5,-0.4875,-0.475,
-0.4625,-0.45,-0.4375,-0.425,-0.4125,-0.4,-0.3875,-0.375,-0.3625,-0.35,
-0.3375,-0.325,-0.3125,-0.3,-0.2875,-0.275,-0.2625,-0.254206593079136),
(0.,0.2),.UNSPECIFIED.)
GEOMETRIC_REPRESENTATION_ITEM()
RATIONAL_B_SPLINE_SURFACE(((1.,1.),(1.,1.),(1.,1.),(1.,1.),(1.,1.),(1.,
1.),(1.,1.),(1.,1.),(1.,1.),(1.,1.),(1.,1.),(1.,1.),(1.,1.),(1.,1.),(1.,
1.),(1.,1.),(1.,1.),(1.,1.),(1.,1.),(1.,1.),(1.,1.),(1.,1.),(1.,1.),(1.,
1.),(1.,1.),(1.,1.),(1.,1.),(1.,1.),(1.,1.),(1.,1.),(1.,1.),(1.,1.),(1.,
1.),(1.,1.),(1.,1.),(1.,1.),(1.,1.),(1.,1.),(1.,1.),(1.,1.),(1.,1.),(1.,
1.),(1.,1.),(1.,1.),(1.,1.),(1.,1.),(1.,1.),(1.,1.),(1.,1.),(1.,1.),(1.,
1.),(1.,1.),(1.,1.),(1.,1.),(1.,1.),(1.,1.),(1.,1.),(1.,1.),(1.,1.),(1.,
1.),(1.,1.),(1.,1.),(1.,1.),(1.,1.),(1.,1.),(1.,1.),(1.,1.),(1.,1.),(1.,
1.),(1.,1.),(1.,1.),(1.,1.),(1.,1.),(1.,1.),(1.,1.),(1.,1.),(1.,1.),(1.,
1.),(1.,1.),(1.,1.),(1.,1.),(1.,1.),(1.,1.),(1.,1.),(1.,1.),(1.,1.),(1.,
1.)))
REPRESENTATION_ITEM('')
SURFACE()
);
#73=(
BOUNDED_SURFACE()
B_SPLINE_SURFACE(5,1,((#3436,#3437),(#3438,#3439),(#3440,#3441),(#3442,
#3443),(#3444,#3445),(#3446,#3447),(#3448,#3449),(#3450,#3451),(#3452,#3453),
(#3454,#3455),(#3456,#3457)),.UNSPECIFIED.,.F.,.F.,.F.)
B_SPLINE_SURFACE_WITH_KNOTS((6,1,1,1,1,1,6),(2,2),(-0.55413178224302,-0.5,
-0.4,-0.3,-0.2,-0.1,0.),(0.,0.2),.UNSPECIFIED.)
GEOMETRIC_REPRESENTATION_ITEM()
RATIONAL_B_SPLINE_SURFACE(((1.,1.),(1.,1.),(1.,1.),(1.,1.),(1.,1.),(1.,
1.),(1.,1.),(1.,1.),(1.,1.),(1.,1.),(1.,1.)))
REPRESENTATION_ITEM('')
SURFACE()
);
#74=(
BOUNDED_SURFACE()
B_SPLINE_SURFACE(5,1,((#3483,#3484),(#3485,#3486),(#3487,#3488),(#3489,
#3490),(#3491,#3492),(#3493,#3494),(#3495,#3496),(#3497,#3498),(#3499,#3500),
(#3501,#3502),(#3503,#3504)),.UNSPECIFIED.,.F.,.F.,.F.)
B_SPLINE_SURFACE_WITH_KNOTS((6,1,1,1,1,1,6),(2,2),(0.,0.1,0.2,0.3,0.4,0.5,
0.55413178224302),(0.,0.2),.UNSPECIFIED.)
GEOMETRIC_REPRESENTATION_ITEM()
RATIONAL_B_SPLINE_SURFACE(((1.,1.),(1.,1.),(1.,1.),(1.,1.),(1.,1.),(1.,
1.),(1.,1.),(1.,1.),(1.,1.),(1.,1.),(1.,1.)))
REPRESENTATION_ITEM('')
SURFACE()
);
#75=SPHERICAL_SURFACE('',#1298,13.4999996982515);
#76=SPHERICAL_SURFACE('',#1306,13.4999996982515);
#77=SPHERICAL_SURFACE('',#1326,13.4999996982515);
#78=SPHERICAL_SURFACE('',#1333,13.4999996982515);
#79=SPHERICAL_SURFACE('',#1339,5.);
#80=FACE_OUTER_BOUND('',#154,.T.);
#81=FACE_OUTER_BOUND('',#155,.T.);
#82=FACE_OUTER_BOUND('',#156,.T.);
#83=FACE_OUTER_BOUND('',#157,.T.);
#84=FACE_OUTER_BOUND('',#158,.T.);
#85=FACE_OUTER_BOUND('',#159,.T.);
#86=FACE_OUTER_BOUND('',#160,.T.);
#87=FACE_OUTER_BOUND('',#161,.T.);
#88=FACE_OUTER_BOUND('',#162,.T.);
#89=FACE_OUTER_BOUND('',#164,.T.);
#90=FACE_OUTER_BOUND('',#165,.T.);
#91=FACE_OUTER_BOUND('',#166,.T.);
#92=FACE_OUTER_BOUND('',#167,.T.);
#93=FACE_OUTER_BOUND('',#168,.T.);
#94=FACE_OUTER_BOUND('',#169,.T.);
#95=FACE_OUTER_BOUND('',#170,.T.);
#96=FACE_OUTER_BOUND('',#171,.T.);
#97=FACE_OUTER_BOUND('',#172,.T.);
#98=FACE_OUTER_BOUND('',#173,.T.);
#99=FACE_OUTER_BOUND('',#174,.T.);
#100=FACE_OUTER_BOUND('',#175,.T.);
#101=FACE_OUTER_BOUND('',#177,.T.);
#102=FACE_OUTER_BOUND('',#178,.T.);
#103=FACE_OUTER_BOUND('',#179,.T.);
#104=FACE_OUTER_BOUND('',#180,.T.);
#105=FACE_OUTER_BOUND('',#181,.T.);
#106=FACE_OUTER_BOUND('',#183,.T.);
#107=FACE_OUTER_BOUND('',#184,.T.);
#108=FACE_OUTER_BOUND('',#185,.T.);
#109=FACE_OUTER_BOUND('',#186,.T.);
#110=FACE_OUTER_BOUND('',#187,.T.);
#111=FACE_OUTER_BOUND('',#188,.T.);
#112=FACE_OUTER_BOUND('',#189,.T.);
#113=FACE_OUTER_BOUND('',#190,.T.);
#114=FACE_OUTER_BOUND('',#191,.T.);
#115=FACE_OUTER_BOUND('',#192,.T.);
#116=FACE_OUTER_BOUND('',#193,.T.);
#117=FACE_OUTER_BOUND('',#194,.T.);
#118=FACE_OUTER_BOUND('',#195,.T.);
#119=FACE_OUTER_BOUND('',#196,.T.);
#120=FACE_OUTER_BOUND('',#197,.T.);
#121=FACE_OUTER_BOUND('',#198,.T.);
#122=FACE_OUTER_BOUND('',#199,.T.);
#123=FACE_OUTER_BOUND('',#200,.T.);
#124=FACE_OUTER_BOUND('',#201,.T.);
#125=FACE_OUTER_BOUND('',#202,.T.);
#126=FACE_OUTER_BOUND('',#203,.T.);
#127=FACE_OUTER_BOUND('',#204,.T.);
#128=FACE_OUTER_BOUND('',#205,.T.);
#129=FACE_OUTER_BOUND('',#206,.T.);
#130=FACE_OUTER_BOUND('',#210,.T.);
#131=FACE_OUTER_BOUND('',#211,.T.);
#132=FACE_OUTER_BOUND('',#212,.T.);
#133=FACE_OUTER_BOUND('',#213,.T.);
#134=FACE_OUTER_BOUND('',#214,.T.);
#135=FACE_OUTER_BOUND('',#215,.T.);
#136=FACE_OUTER_BOUND('',#216,.T.);
#137=FACE_OUTER_BOUND('',#217,.T.);
#138=FACE_OUTER_BOUND('',#218,.T.);
#139=FACE_OUTER_BOUND('',#219,.T.);
#140=FACE_OUTER_BOUND('',#220,.T.);
#141=FACE_OUTER_BOUND('',#221,.T.);
#142=FACE_OUTER_BOUND('',#222,.T.);
#143=FACE_OUTER_BOUND('',#223,.T.);
#144=FACE_OUTER_BOUND('',#224,.T.);
#145=FACE_OUTER_BOUND('',#225,.T.);
#146=FACE_OUTER_BOUND('',#226,.T.);
#147=FACE_OUTER_BOUND('',#227,.T.);
#148=FACE_OUTER_BOUND('',#228,.T.);
#149=FACE_OUTER_BOUND('',#229,.T.);
#150=FACE_OUTER_BOUND('',#230,.T.);
#151=FACE_OUTER_BOUND('',#231,.T.);
#152=FACE_OUTER_BOUND('',#232,.T.);
#153=FACE_OUTER_BOUND('',#233,.T.);
#154=EDGE_LOOP('',(#795,#796,#797,#798,#799,#800,#801,#802,#803,#804));
#155=EDGE_LOOP('',(#805,#806,#807,#808,#809,#810,#811,#812,#813,#814));
#156=EDGE_LOOP('',(#815,#816));
#157=EDGE_LOOP('',(#817,#818,#819,#820));
#158=EDGE_LOOP('',(#821,#822,#823,#824));
#159=EDGE_LOOP('',(#825,#826,#827,#828));
#160=EDGE_LOOP('',(#829,#830,#831,#832));
#161=EDGE_LOOP('',(#833,#834));
#162=EDGE_LOOP('',(#835,#836,#837,#838,#839,#840,#841,#842));
#163=EDGE_LOOP('',(#843));
#164=EDGE_LOOP('',(#844,#845,#846));
#165=EDGE_LOOP('',(#847,#848,#849));
#166=EDGE_LOOP('',(#850,#851,#852));
#167=EDGE_LOOP('',(#853,#854,#855,#856,#857,#858,#859,#860,#861,#862));
#168=EDGE_LOOP('',(#863,#864,#865,#866,#867,#868,#869,#870,#871,#872));
#169=EDGE_LOOP('',(#873,#874));
#170=EDGE_LOOP('',(#875,#876,#877,#878));
#171=EDGE_LOOP('',(#879,#880,#881,#882));
#172=EDGE_LOOP('',(#883,#884,#885,#886));
#173=EDGE_LOOP('',(#887,#888,#889,#890));
#174=EDGE_LOOP('',(#891,#892));
#175=EDGE_LOOP('',(#893,#894,#895,#896,#897,#898,#899,#900));
#176=EDGE_LOOP('',(#901));
#177=EDGE_LOOP('',(#902,#903,#904));
#178=EDGE_LOOP('',(#905,#906,#907));
#179=EDGE_LOOP('',(#908,#909,#910));
#180=EDGE_LOOP('',(#911,#912,#913));
#181=EDGE_LOOP('',(#914,#915,#916,#917));
#182=EDGE_LOOP('',(#918));
#183=EDGE_LOOP('',(#919,#920,#921,#922));
#184=EDGE_LOOP('',(#923,#924,#925,#926,#927,#928));
#185=EDGE_LOOP('',(#929,#930,#931,#932));
#186=EDGE_LOOP('',(#933,#934,#935,#936,#937,#938,#939,#940));
#187=EDGE_LOOP('',(#941,#942,#943,#944));
#188=EDGE_LOOP('',(#945,#946,#947,#948));
#189=EDGE_LOOP('',(#949,#950));
#190=EDGE_LOOP('',(#951,#952,#953,#954));
#191=EDGE_LOOP('',(#955,#956,#957,#958));
#192=EDGE_LOOP('',(#959,#960));
#193=EDGE_LOOP('',(#961));
#194=EDGE_LOOP('',(#962,#963,#964,#965));
#195=EDGE_LOOP('',(#966,#967,#968));
#196=EDGE_LOOP('',(#969,#970,#971,#972));
#197=EDGE_LOOP('',(#973,#974,#975,#976,#977));
#198=EDGE_LOOP('',(#978,#979,#980,#981));
#199=EDGE_LOOP('',(#982,#983,#984,#985));
#200=EDGE_LOOP('',(#986,#987,#988,#989));
#201=EDGE_LOOP('',(#990,#991,#992,#993));
#202=EDGE_LOOP('',(#994,#995,#996,#997));
#203=EDGE_LOOP('',(#998,#999,#1000,#1001));
#204=EDGE_LOOP('',(#1002,#1003,#1004,#1005));
#205=EDGE_LOOP('',(#1006,#1007,#1008,#1009));
#206=EDGE_LOOP('',(#1010,#1011,#1012,#1013,#1014,#1015,#1016,#1017,#1018,
#1019));
#207=EDGE_LOOP('',(#1020,#1021));
#208=EDGE_LOOP('',(#1022,#1023));
#209=EDGE_LOOP('',(#1024));
#210=EDGE_LOOP('',(#1025,#1026,#1027,#1028));
#211=EDGE_LOOP('',(#1029,#1030,#1031,#1032));
#212=EDGE_LOOP('',(#1033,#1034,#1035,#1036));
#213=EDGE_LOOP('',(#1037,#1038,#1039,#1040));
#214=EDGE_LOOP('',(#1041,#1042,#1043,#1044));
#215=EDGE_LOOP('',(#1045,#1046,#1047,#1048));
#216=EDGE_LOOP('',(#1049,#1050,#1051,#1052));
#217=EDGE_LOOP('',(#1053,#1054,#1055,#1056));
#218=EDGE_LOOP('',(#1057,#1058,#1059,#1060));
#219=EDGE_LOOP('',(#1061,#1062,#1063,#1064));
#220=EDGE_LOOP('',(#1065,#1066,#1067,#1068,#1069,#1070,#1071,#1072,#1073,
#1074));
#221=EDGE_LOOP('',(#1075,#1076,#1077,#1078,#1079,#1080,#1081,#1082,#1083,
#1084));
#222=EDGE_LOOP('',(#1085,#1086,#1087,#1088));
#223=EDGE_LOOP('',(#1089,#1090,#1091,#1092));
#224=EDGE_LOOP('',(#1093,#1094,#1095,#1096));
#225=EDGE_LOOP('',(#1097,#1098,#1099,#1100));
#226=EDGE_LOOP('',(#1101,#1102,#1103,#1104));
#227=EDGE_LOOP('',(#1105,#1106,#1107,#1108));
#228=EDGE_LOOP('',(#1109,#1110,#1111,#1112));
#229=EDGE_LOOP('',(#1113,#1114,#1115,#1116));
#230=EDGE_LOOP('',(#1117,#1118,#1119,#1120));
#231=EDGE_LOOP('',(#1121,#1122,#1123,#1124));
#232=EDGE_LOOP('',(#1125,#1126,#1127,#1128,#1129,#1130,#1131,#1132,#1133,
#1134));
#233=EDGE_LOOP('',(#1135,#1136,#1137,#1138,#1139,#1140,#1141,#1142,#1143,
#1144));
#234=(
BOUNDED_CURVE()
B_SPLINE_CURVE(5,(#1740,#1741,#1742,#1743,#1744,#1745,#1746,#1747,#1748,
#1749,#1750,#1751,#1752,#1753,#1754,#1755,#1756,#1757,#1758,#1759),
 .UNSPECIFIED.,.F.,.F.)
B_SPLINE_CURVE_WITH_KNOTS((6,1,1,1,1,1,1,1,1,1,1,1,1,1,1,6),(0.,0.0666666666666667,
0.133333333333333,0.2,0.266666666666667,0.333333333333333,0.4,0.466666666666667,
0.533333333333333,0.6,0.666666666666667,0.733333333333333,0.8,0.866666666666667,
0.933333333333333,1.),.UNSPECIFIED.)
CURVE()
GEOMETRIC_REPRESENTATION_ITEM()
RATIONAL_B_SPLINE_CURVE((1.,1.,1.,1.,1.,1.,1.,1.,1.,1.,1.,1.,1.,1.,1.,1.,
1.,1.,1.,1.))
REPRESENTATION_ITEM('')
);
#235=(
BOUNDED_CURVE()
B_SPLINE_CURVE(5,(#1771,#1772,#1773,#1774,#1775,#1776,#1777,#1778,#1779,
#1780,#1781,#1782,#1783,#1784,#1785,#1786,#1787,#1788,#1789,#1790),
 .UNSPECIFIED.,.F.,.F.)
B_SPLINE_CURVE_WITH_KNOTS((6,1,1,1,1,1,1,1,1,1,1,1,1,1,1,6),(-1.,-0.933333333333333,
-0.866666666666667,-0.8,-0.733333333333333,-0.666666666666667,-0.6,-0.533333333333333,
-0.466666666666667,-0.4,-0.333333333333333,-0.266666666666667,-0.2,-0.133333333333333,
-0.0666666666666667,0.),.UNSPECIFIED.)
CURVE()
GEOMETRIC_REPRESENTATION_ITEM()
RATIONAL_B_SPLINE_CURVE((1.,1.,1.,1.,1.,1.,1.,1.,1.,1.,1.,1.,1.,1.,1.,1.,
1.,1.,1.,1.))
REPRESENTATION_ITEM('')
);
#236=(
BOUNDED_CURVE()
B_SPLINE_CURVE(5,(#1863,#1864,#1865,#1866,#1867,#1868,#1869,#1870,#1871,
#1872,#1873,#1874,#1875,#1876,#1877,#1878,#1879,#1880,#1881,#1882),
 .UNSPECIFIED.,.F.,.F.)
B_SPLINE_CURVE_WITH_KNOTS((6,1,1,1,1,1,1,1,1,1,1,1,1,1,1,6),(0.,0.0666666666666667,
0.133333333333333,0.2,0.266666666666667,0.333333333333333,0.4,0.466666666666667,
0.533333333333333,0.6,0.666666666666667,0.733333333333333,0.8,0.866666666666667,
0.933333333333333,1.),.UNSPECIFIED.)
CURVE()
GEOMETRIC_REPRESENTATION_ITEM()
RATIONAL_B_SPLINE_CURVE((1.,1.,1.,1.,1.,1.,1.,1.,1.,1.,1.,1.,1.,1.,1.,1.,
1.,1.,1.,1.))
REPRESENTATION_ITEM('')
);
#237=(
BOUNDED_CURVE()
B_SPLINE_CURVE(5,(#1980,#1981,#1982,#1983,#1984,#1985,#1986,#1987,#1988,
#1989,#1990,#1991,#1992,#1993,#1994,#1995,#1996,#1997,#1998,#1999),
 .UNSPECIFIED.,.F.,.F.)
B_SPLINE_CURVE_WITH_KNOTS((6,1,1,1,1,1,1,1,1,1,1,1,1,1,1,6),(0.,0.0666666666666667,
0.133333333333333,0.2,0.266666666666667,0.333333333333333,0.4,0.466666666666667,
0.533333333333333,0.6,0.666666666666667,0.733333333333333,0.8,0.866666666666667,
0.933333333333333,1.),.UNSPECIFIED.)
CURVE()
GEOMETRIC_REPRESENTATION_ITEM()
RATIONAL_B_SPLINE_CURVE((1.,1.,1.,1.,1.,1.,1.,1.,1.,1.,1.,1.,1.,1.,1.,1.,
1.,1.,1.,1.))
REPRESENTATION_ITEM('')
);
#238=(
BOUNDED_CURVE()
B_SPLINE_CURVE(5,(#2011,#2012,#2013,#2014,#2015,#2016,#2017,#2018,#2019,
#2020,#2021,#2022,#2023,#2024,#2025,#2026,#2027,#2028,#2029,#2030),
 .UNSPECIFIED.,.F.,.F.)
B_SPLINE_CURVE_WITH_KNOTS((6,1,1,1,1,1,1,1,1,1,1,1,1,1,1,6),(-1.,-0.933333333333333,
-0.866666666666667,-0.8,-0.733333333333333,-0.666666666666667,-0.6,-0.533333333333333,
-0.466666666666667,-0.4,-0.333333333333333,-0.266666666666667,-0.2,-0.133333333333333,
-0.0666666666666667,0.),.UNSPECIFIED.)
CURVE()
GEOMETRIC_REPRESENTATION_ITEM()
RATIONAL_B_SPLINE_CURVE((1.,1.,1.,1.,1.,1.,1.,1.,1.,1.,1.,1.,1.,1.,1.,1.,
1.,1.,1.,1.))
REPRESENTATION_ITEM('')
);
#239=(
BOUNDED_CURVE()
B_SPLINE_CURVE(5,(#2095,#2096,#2097,#2098,#2099,#2100,#2101,#2102,#2103,
#2104,#2105,#2106,#2107,#2108,#2109,#2110,#2111,#2112,#2113,#2114),
 .UNSPECIFIED.,.F.,.F.)
B_SPLINE_CURVE_WITH_KNOTS((6,1,1,1,1,1,1,1,1,1,1,1,1,1,1,6),(0.,0.0666666666666667,
0.133333333333333,0.2,0.266666666666667,0.333333333333333,0.4,0.466666666666667,
0.533333333333333,0.6,0.666666666666667,0.733333333333333,0.8,0.866666666666667,
0.933333333333333,1.),.UNSPECIFIED.)
CURVE()
GEOMETRIC_REPRESENTATION_ITEM()
RATIONAL_B_SPLINE_CURVE((1.,1.,1.,1.,1.,1.,1.,1.,1.,1.,1.,1.,1.,1.,1.,1.,
1.,1.,1.,1.))
REPRESENTATION_ITEM('')
);
#240=(
BOUNDED_CURVE()
B_SPLINE_CURVE(5,(#2278,#2279,#2280,#2281,#2282,#2283,#2284,#2285,#2286,
#2287),.UNSPECIFIED.,.F.,.F.)
B_SPLINE_CURVE_WITH_KNOTS((6,1,1,1,1,6),(0.5,0.6,0.7,0.8,0.9,0.956127951986361),
 .UNSPECIFIED.)
CURVE()
GEOMETRIC_REPRESENTATION_ITEM()
RATIONAL_B_SPLINE_CURVE((1.,1.,1.,1.,1.,1.,1.,1.,1.,1.))
REPRESENTATION_ITEM('')
);
#241=(
BOUNDED_CURVE()
B_SPLINE_CURVE(5,(#2379,#2380,#2381,#2382,#2383,#2384,#2385,#2386,#2387,
#2388),.UNSPECIFIED.,.F.,.F.)
B_SPLINE_CURVE_WITH_KNOTS((6,1,1,1,1,6),(0.5,0.6,0.7,0.8,0.9,0.956127964949847),
 .UNSPECIFIED.)
CURVE()
GEOMETRIC_REPRESENTATION_ITEM()
RATIONAL_B_SPLINE_CURVE((1.,1.,1.,1.,1.,1.,1.,1.,1.,1.))
REPRESENTATION_ITEM('')
);
#242=(
BOUNDED_CURVE()
B_SPLINE_CURVE(5,(#2422,#2423,#2424,#2425,#2426,#2427,#2428,#2429,#2430,
#2431,#2432),.UNSPECIFIED.,.F.,.F.)
B_SPLINE_CURVE_WITH_KNOTS((6,1,1,1,1,1,6),(0.,0.1,0.2,0.3,0.4,0.5,0.554130532800167),
 .UNSPECIFIED.)
CURVE()
GEOMETRIC_REPRESENTATION_ITEM()
RATIONAL_B_SPLINE_CURVE((1.,1.,1.,1.,1.,1.,1.,1.,1.,1.,1.))
REPRESENTATION_ITEM('')
);
#243=(
BOUNDED_CURVE()
B_SPLINE_CURVE(5,(#2507,#2508,#2509,#2510,#2511,#2512,#2513,#2514,#2515,
#2516,#2517),.UNSPECIFIED.,.F.,.F.)
B_SPLINE_CURVE_WITH_KNOTS((6,1,1,1,1,1,6),(0.,0.1,0.2,0.3,0.4,0.5,0.554130532800167),
 .UNSPECIFIED.)
CURVE()
GEOMETRIC_REPRESENTATION_ITEM()
RATIONAL_B_SPLINE_CURVE((1.,1.,1.,1.,1.,1.,1.,1.,1.,1.,1.))
REPRESENTATION_ITEM('')
);
#244=(
BOUNDED_CURVE()
B_SPLINE_CURVE(5,(#2819,#2820,#2821,#2822,#2823,#2824,#2825,#2826,#2827,
#2828,#2829,#2830,#2831,#2832,#2833,#2834,#2835,#2836,#2837,#2838,#2839,
#2840,#2841,#2842,#2843,#2844,#2845,#2846,#2847,#2848,#2849,#2850,#2851,
#2852,#2853,#2854,#2855,#2856,#2857,#2858,#2859,#2860,#2861,#2862,#2863,
#2864,#2865,#2866,#2867,#2868,#2869,#2870,#2871,#2872,#2873,#2874,#2875,
#2876,#2877,#2878,#2879,#2880,#2881,#2882,#2883,#2884,#2885,#2886,#2887,
#2888,#2889,#2890,#2891,#2892,#2893,#2894,#2895,#2896,#2897,#2898,#2899,
#2900,#2901,#2902,#2903,#2904,#2905),.UNSPECIFIED.,.F.,.F.)
B_SPLINE_CURVE_WITH_KNOTS((6,1,1,1,1,1,1,1,1,1,1,1,1,1,1,1,1,1,5,1,1,1,
1,1,1,1,1,1,1,1,1,1,1,1,1,1,1,1,1,1,1,1,1,1,1,1,1,1,1,1,1,1,1,1,1,1,1,1,
1,1,1,1,1,1,1,1,1,1,1,1,1,1,1,1,1,1,1,1,6),(-1.22111035632218,-1.2125,-1.2,
-1.1875,-1.175,-1.1625,-1.15,-1.1375,-1.125,-1.1125,-1.1,-1.0875,-1.075,
-1.0625,-1.05,-1.0375,-1.025,-1.0125,-1.,-0.987499999999998,-0.974999999999999,
-0.962499999999999,-0.949999999999999,-0.937499999999999,-0.924999999999999,
-0.912499999999999,-0.899999999999999,-0.887499999999999,-0.874999999999999,
-0.862499999999999,-0.849999999999999,-0.837499999999999,-0.824999999999999,
-0.812499999999999,-0.799999999999999,-0.787499999999999,-0.774999999999999,
-0.762499999999999,-0.749999999999999,-0.737499999999999,-0.724999999999999,
-0.712499999999999,-0.7,-0.6875,-0.675,-0.6625,-0.65,-0.6375,-0.625,-0.6125,
-0.6,-0.5875,-0.575,-0.5625,-0.55,-0.5375,-0.525,-0.5125,-0.5,-0.4875,-0.475,
-0.4625,-0.45,-0.4375,-0.425,-0.4125,-0.4,-0.3875,-0.375,-0.3625,-0.35,
-0.3375,-0.325,-0.3125,-0.3,-0.2875,-0.275,-0.2625,-0.254206593079136),
 .UNSPECIFIED.)
CURVE()
GEOMETRIC_REPRESENTATION_ITEM()
RATIONAL_B_SPLINE_CURVE((1.,1.,1.,1.,1.,1.,1.,1.,1.,1.,1.,1.,1.,1.,1.,1.,
1.,1.,1.,1.,1.,1.,1.,1.,1.,1.,1.,1.,1.,1.,1.,1.,1.,1.,1.,1.,1.,1.,1.,1.,
1.,1.,1.,1.,1.,1.,1.,1.,1.,1.,1.,1.,1.,1.,1.,1.,1.,1.,1.,1.,1.,1.,1.,1.,
1.,1.,1.,1.,1.,1.,1.,1.,1.,1.,1.,1.,1.,1.,1.,1.,1.,1.,1.,1.,1.,1.,1.))
REPRESENTATION_ITEM('')
);
#245=(
BOUNDED_CURVE()
B_SPLINE_CURVE(5,(#2906,#2907,#2908,#2909,#2910,#2911,#2912,#2913,#2914,
#2915,#2916,#2917,#2918,#2919,#2920,#2921,#2922,#2923,#2924,#2925,#2926,
#2927,#2928,#2929,#2930,#2931,#2932,#2933,#2934,#2935,#2936,#2937,#2938,
#2939,#2940,#2941,#2942,#2943,#2944,#2945,#2946,#2947,#2948,#2949,#2950,
#2951,#2952,#2953,#2954,#2955,#2956,#2957,#2958,#2959,#2960,#2961,#2962,
#2963,#2964,#2965,#2966,#2967,#2968,#2969,#2970,#2971,#2972,#2973,#2974,
#2975,#2976,#2977,#2978,#2979,#2980,#2981,#2982,#2983,#2984,#2985,#2986,
#2987,#2988,#2989,#2990,#2991,#2992),.UNSPECIFIED.,.F.,.F.)
B_SPLINE_CURVE_WITH_KNOTS((6,1,1,1,1,1,1,1,1,1,1,1,1,1,1,1,1,1,1,1,1,1,
1,1,1,1,1,1,1,1,1,1,1,1,1,1,1,1,1,1,1,1,1,1,1,1,1,1,1,1,1,1,1,1,1,1,1,1,
1,1,5,1,1,1,1,1,1,1,1,1,1,1,1,1,1,1,1,1,6),(0.254206593079136,0.2625,0.275,
0.2875,0.3,0.3125,0.325,0.3375,0.35,0.3625,0.375,0.3875,0.4,0.4125,0.425,
0.4375,0.45,0.4625,0.475,0.4875,0.5,0.5125,0.525,0.5375,0.55,0.5625,0.575,
0.5875,0.6,0.6125,0.625,0.6375,0.65,0.6625,0.675,0.6875,0.7,0.712499999999999,
0.724999999999999,0.737499999999999,0.749999999999999,0.762499999999999,
0.774999999999999,0.787499999999999,0.799999999999999,0.812499999999999,
0.824999999999999,0.837499999999999,0.849999999999999,0.862499999999999,
0.874999999999999,0.887499999999999,0.899999999999999,0.912499999999999,
0.924999999999999,0.937499999999999,0.949999999999999,0.962499999999999,
0.974999999999999,0.987499999999998,1.,1.0125,1.025,1.0375,1.05,1.0625,
1.075,1.0875,1.1,1.1125,1.125,1.1375,1.15,1.1625,1.175,1.1875,1.2,1.2125,
1.22111035632218),.UNSPECIFIED.)
CURVE()
GEOMETRIC_REPRESENTATION_ITEM()
RATIONAL_B_SPLINE_CURVE((1.,1.,1.,1.,1.,1.,1.,1.,1.,1.,1.,1.,1.,1.,1.,1.,
1.,1.,1.,1.,1.,1.,1.,1.,1.,1.,1.,1.,1.,1.,1.,1.,1.,1.,1.,1.,1.,1.,1.,1.,
1.,1.,1.,1.,1.,1.,1.,1.,1.,1.,1.,1.,1.,1.,1.,1.,1.,1.,1.,1.,1.,1.,1.,1.,
1.,1.,1.,1.,1.,1.,1.,1.,1.,1.,1.,1.,1.,1.,1.,1.,1.,1.,1.,1.,1.,1.,1.))
REPRESENTATION_ITEM('')
);
#246=(
BOUNDED_CURVE()
B_SPLINE_CURVE(5,(#3170,#3171,#3172,#3173,#3174,#3175,#3176,#3177,#3178,
#3179,#3180,#3181,#3182,#3183,#3184,#3185,#3186,#3187,#3188,#3189,#3190,
#3191,#3192,#3193,#3194,#3195,#3196,#3197,#3198,#3199,#3200,#3201,#3202,
#3203,#3204,#3205,#3206,#3207,#3208,#3209,#3210,#3211,#3212,#3213,#3214,
#3215,#3216,#3217,#3218,#3219,#3220,#3221,#3222,#3223,#3224,#3225,#3226,
#3227,#3228,#3229,#3230,#3231,#3232,#3233,#3234,#3235,#3236,#3237,#3238,
#3239,#3240,#3241,#3242,#3243,#3244,#3245,#3246,#3247,#3248,#3249,#3250,
#3251,#3252,#3253,#3254,#3255,#3256),.UNSPECIFIED.,.F.,.F.)
B_SPLINE_CURVE_WITH_KNOTS((6,1,1,1,1,1,1,1,1,1,1,1,1,1,1,1,1,1,1,1,1,1,
1,1,1,1,1,1,1,1,1,1,1,1,1,1,1,1,1,1,1,1,1,1,1,1,1,1,1,1,1,1,1,1,1,1,1,1,
1,1,5,1,1,1,1,1,1,1,1,1,1,1,1,1,1,1,1,1,6),(0.254206593079136,0.2625,0.275,
0.2875,0.3,0.3125,0.325,0.3375,0.35,0.3625,0.375,0.3875,0.4,0.4125,0.425,
0.4375,0.45,0.4625,0.475,0.4875,0.5,0.5125,0.525,0.5375,0.55,0.5625,0.575,
0.5875,0.6,0.6125,0.625,0.6375,0.65,0.6625,0.675,0.6875,0.7,0.712499999999999,
0.724999999999999,0.737499999999999,0.749999999999999,0.762499999999999,
0.774999999999999,0.787499999999999,0.799999999999999,0.812499999999999,
0.824999999999999,0.837499999999999,0.849999999999999,0.862499999999999,
0.874999999999999,0.887499999999999,0.899999999999999,0.912499999999999,
0.924999999999999,0.937499999999999,0.949999999999999,0.962499999999999,
0.974999999999999,0.987499999999998,1.,1.0125,1.025,1.0375,1.05,1.0625,
1.075,1.0875,1.1,1.1125,1.125,1.1375,1.15,1.1625,1.175,1.1875,1.2,1.2125,
1.22111035632218),.UNSPECIFIED.)
CURVE()
GEOMETRIC_REPRESENTATION_ITEM()
RATIONAL_B_SPLINE_CURVE((1.,1.,1.,1.,1.,1.,1.,1.,1.,1.,1.,1.,1.,1.,1.,1.,
1.,1.,1.,1.,1.,1.,1.,1.,1.,1.,1.,1.,1.,1.,1.,1.,1.,1.,1.,1.,1.,1.,1.,1.,
1.,1.,1.,1.,1.,1.,1.,1.,1.,1.,1.,1.,1.,1.,1.,1.,1.,1.,1.,1.,1.,1.,1.,1.,
1.,1.,1.,1.,1.,1.,1.,1.,1.,1.,1.,1.,1.,1.,1.,1.,1.,1.,1.,1.,1.,1.,1.))
REPRESENTATION_ITEM('')
);
#247=(
BOUNDED_CURVE()
B_SPLINE_CURVE(5,(#3260,#3261,#3262,#3263,#3264,#3265,#3266,#3267,#3268,
#3269,#3270,#3271,#3272,#3273,#3274,#3275,#3276,#3277,#3278,#3279,#3280,
#3281,#3282,#3283,#3284,#3285,#3286,#3287,#3288,#3289,#3290,#3291,#3292,
#3293,#3294,#3295,#3296,#3297,#3298,#3299,#3300,#3301,#3302,#3303,#3304,
#3305,#3306,#3307,#3308,#3309,#3310,#3311,#3312,#3313,#3314,#3315,#3316,
#3317,#3318,#3319,#3320,#3321,#3322,#3323,#3324,#3325,#3326,#3327,#3328,
#3329,#3330,#3331,#3332,#3333,#3334,#3335,#3336,#3337,#3338,#3339,#3340,
#3341,#3342,#3343,#3344,#3345,#3346),.UNSPECIFIED.,.F.,.F.)
B_SPLINE_CURVE_WITH_KNOTS((6,1,1,1,1,1,1,1,1,1,1,1,1,1,1,1,1,1,5,1,1,1,
1,1,1,1,1,1,1,1,1,1,1,1,1,1,1,1,1,1,1,1,1,1,1,1,1,1,1,1,1,1,1,1,1,1,1,1,
1,1,1,1,1,1,1,1,1,1,1,1,1,1,1,1,1,1,1,1,6),(-1.22111035632218,-1.2125,-1.2,
-1.1875,-1.175,-1.1625,-1.15,-1.1375,-1.125,-1.1125,-1.1,-1.0875,-1.075,
-1.0625,-1.05,-1.0375,-1.025,-1.0125,-1.,-0.987499999999998,-0.974999999999999,
-0.962499999999999,-0.949999999999999,-0.937499999999999,-0.924999999999999,
-0.912499999999999,-0.899999999999999,-0.887499999999999,-0.874999999999999,
-0.862499999999999,-0.849999999999999,-0.837499999999999,-0.824999999999999,
-0.812499999999999,-0.799999999999999,-0.787499999999999,-0.774999999999999,
-0.762499999999999,-0.749999999999999,-0.737499999999999,-0.724999999999999,
-0.712499999999999,-0.7,-0.6875,-0.675,-0.6625,-0.65,-0.6375,-0.625,-0.6125,
-0.6,-0.5875,-0.575,-0.5625,-0.55,-0.5375,-0.525,-0.5125,-0.5,-0.4875,-0.475,
-0.4625,-0.45,-0.4375,-0.425,-0.4125,-0.4,-0.3875,-0.375,-0.3625,-0.35,
-0.3375,-0.325,-0.3125,-0.3,-0.2875,-0.275,-0.2625,-0.254206593079136),
 .UNSPECIFIED.)
CURVE()
GEOMETRIC_REPRESENTATION_ITEM()
RATIONAL_B_SPLINE_CURVE((1.,1.,1.,1.,1.,1.,1.,1.,1.,1.,1.,1.,1.,1.,1.,1.,
1.,1.,1.,1.,1.,1.,1.,1.,1.,1.,1.,1.,1.,1.,1.,1.,1.,1.,1.,1.,1.,1.,1.,1.,
1.,1.,1.,1.,1.,1.,1.,1.,1.,1.,1.,1.,1.,1.,1.,1.,1.,1.,1.,1.,1.,1.,1.,1.,
1.,1.,1.,1.,1.,1.,1.,1.,1.,1.,1.,1.,1.,1.,1.,1.,1.,1.,1.,1.,1.,1.,1.))
REPRESENTATION_ITEM('')
);
#248=(
BOUNDED_CURVE()
B_SPLINE_CURVE(5,(#3461,#3462,#3463,#3464,#3465,#3466,#3467,#3468,#3469,
#3470,#3471),.UNSPECIFIED.,.F.,.F.)
B_SPLINE_CURVE_WITH_KNOTS((6,1,1,1,1,1,6),(-0.554130532799164,-0.5,-0.4,
-0.3,-0.2,-0.1,0.),.UNSPECIFIED.)
CURVE()
GEOMETRIC_REPRESENTATION_ITEM()
RATIONAL_B_SPLINE_CURVE((1.,1.,1.,1.,1.,1.,1.,1.,1.,1.,1.))
REPRESENTATION_ITEM('')
);
#249=(
BOUNDED_CURVE()
B_SPLINE_CURVE(5,(#3506,#3507,#3508,#3509,#3510,#3511,#3512,#3513,#3514,
#3515,#3516),.UNSPECIFIED.,.F.,.F.)
B_SPLINE_CURVE_WITH_KNOTS((6,1,1,1,1,1,6),(0.,0.1,0.2,0.3,0.4,0.5,0.554130532799163),
 .UNSPECIFIED.)
CURVE()
GEOMETRIC_REPRESENTATION_ITEM()
RATIONAL_B_SPLINE_CURVE((1.,1.,1.,1.,1.,1.,1.,1.,1.,1.,1.))
REPRESENTATION_ITEM('')
);
#250=ELLIPSE('',#1292,13.6164909678321,13.5);
#251=ELLIPSE('',#1293,13.6164909678321,13.5);
#252=ELLIPSE('',#1295,13.6164909678321,13.5);
#253=ELLIPSE('',#1296,13.6164909678321,13.5);
#254=ELLIPSE('',#1314,13.6164909678321,13.5);
#255=ELLIPSE('',#1317,13.6164909678321,13.5);
#256=ELLIPSE('',#1319,13.6164909678321,13.5);
#257=ELLIPSE('',#1324,13.6164909678321,13.5);
#258=ELLIPSE('',#1354,9.51314879522022,9.5);
#259=CIRCLE('',#1291,13.4999996982515);
#260=CIRCLE('',#1297,13.4999996982515);
#261=CIRCLE('',#1299,13.4629117152565);
#262=CIRCLE('',#1300,2.50000000000053);
#263=CIRCLE('',#1301,2.50000000000034);
#264=CIRCLE('',#1303,2.50000000000053);
#265=CIRCLE('',#1304,2.50000000000034);
#266=CIRCLE('',#1307,13.4629117196626);
#267=CIRCLE('',#1309,13.5);
#268=CIRCLE('',#1310,13.4629117152565);
#269=CIRCLE('',#1311,13.5);
#270=CIRCLE('',#1312,8.6664313340489);
#271=CIRCLE('',#1316,13.5);
#272=CIRCLE('',#1320,13.5);
#273=CIRCLE('',#1322,13.4999996982515);
#274=CIRCLE('',#1325,13.4999996982515);
#275=CIRCLE('',#1327,2.50000000000034);
#276=CIRCLE('',#1328,2.50000000000053);
#277=CIRCLE('',#1330,2.50000000000053);
#278=CIRCLE('',#1331,2.50000000000034);
#279=CIRCLE('',#1334,13.4629117196626);
#280=CIRCLE('',#1336,8.66643108774268);
#281=CIRCLE('',#1340,5.);
#282=CIRCLE('',#1341,5.);
#283=CIRCLE('',#1343,12.5);
#284=CIRCLE('',#1344,12.5);
#285=CIRCLE('',#1345,12.5);
#286=CIRCLE('',#1346,12.5);
#287=CIRCLE('',#1347,15.);
#288=CIRCLE('',#1348,15.);
#289=CIRCLE('',#1349,10.);
#290=CIRCLE('',#1350,10.);
#291=CIRCLE('',#1356,9.5);
#292=CIRCLE('',#1358,15.);
#293=CIRCLE('',#1360,10.);
#294=CIRCLE('',#1363,10.);
#295=CIRCLE('',#1366,15.);
#296=CIRCLE('',#1369,15.);
#297=LINE('',#1728,#402);
#298=LINE('',#1732,#403);
#299=LINE('',#1736,#404);
#300=LINE('',#1738,#405);
#301=LINE('',#1761,#406);
#302=LINE('',#1763,#407);
#303=LINE('',#1769,#408);
#304=LINE('',#1791,#409);
#305=LINE('',#1795,#410);
#306=LINE('',#1798,#411);
#307=LINE('',#1955,#412);
#308=LINE('',#1959,#413);
#309=LINE('',#1975,#414);
#310=LINE('',#1976,#415);
#311=LINE('',#1978,#416);
#312=LINE('',#2000,#417);
#313=LINE('',#2001,#418);
#314=LINE('',#2003,#419);
#315=LINE('',#2009,#420);
#316=LINE('',#2031,#421);
#317=LINE('',#2433,#422);
#318=LINE('',#2434,#423);
#319=LINE('',#2486,#424);
#320=LINE('',#2489,#425);
#321=LINE('',#2518,#426);
#322=LINE('',#2593,#427);
#323=LINE('',#2597,#428);
#324=LINE('',#2632,#429);
#325=LINE('',#2644,#430);
#326=LINE('',#3258,#431);
#327=LINE('',#3347,#432);
#328=LINE('',#3394,#433);
#329=LINE('',#3428,#434);
#330=LINE('',#3431,#435);
#331=LINE('',#3434,#436);
#332=LINE('',#3459,#437);
#333=LINE('',#3472,#438);
#334=LINE('',#3475,#439);
#335=LINE('',#3476,#440);
#336=LINE('',#3480,#441);
#337=LINE('',#3482,#442);
#338=LINE('',#3517,#443);
#339=LINE('',#3521,#444);
#340=LINE('',#3524,#445);
#341=LINE('',#3525,#446);
#342=LINE('',#3532,#447);
#343=LINE('',#3534,#448);
#344=LINE('',#3536,#449);
#345=LINE('',#3537,#450);
#346=LINE('',#3540,#451);
#347=LINE('',#3542,#452);
#348=LINE('',#3543,#453);
#349=LINE('',#3546,#454);
#350=LINE('',#3548,#455);
#351=LINE('',#3549,#456);
#352=LINE('',#3552,#457);
#353=LINE('',#3554,#458);
#354=LINE('',#3555,#459);
#355=LINE('',#3558,#460);
#356=LINE('',#3560,#461);
#357=LINE('',#3561,#462);
#358=LINE('',#3564,#463);
#359=LINE('',#3566,#464);
#360=LINE('',#3567,#465);
#361=LINE('',#3570,#466);
#362=LINE('',#3572,#467);
#363=LINE('',#3573,#468);
#364=LINE('',#3576,#469);
#365=LINE('',#3578,#470);
#366=LINE('',#3579,#471);
#367=LINE('',#3582,#472);
#368=LINE('',#3584,#473);
#369=LINE('',#3585,#474);
#370=LINE('',#3587,#475);
#371=LINE('',#3588,#476);
#372=LINE('',#3594,#477);
#373=LINE('',#3596,#478);
#374=LINE('',#3598,#479);
#375=LINE('',#3599,#480);
#376=LINE('',#3602,#481);
#377=LINE('',#3604,#482);
#378=LINE('',#3605,#483);
#379=LINE('',#3608,#484);
#380=LINE('',#3610,#485);
#381=LINE('',#3611,#486);
#382=LINE('',#3614,#487);
#383=LINE('',#3616,#488);
#384=LINE('',#3617,#489);
#385=LINE('',#3620,#490);
#386=LINE('',#3622,#491);
#387=LINE('',#3623,#492);
#388=LINE('',#3626,#493);
#389=LINE('',#3628,#494);
#390=LINE('',#3629,#495);
#391=LINE('',#3632,#496);
#392=LINE('',#3634,#497);
#393=LINE('',#3635,#498);
#394=LINE('',#3638,#499);
#395=LINE('',#3640,#500);
#396=LINE('',#3641,#501);
#397=LINE('',#3644,#502);
#398=LINE('',#3646,#503);
#399=LINE('',#3647,#504);
#400=LINE('',#3649,#505);
#401=LINE('',#3650,#506);
#402=VECTOR('',#1404,10.);
#403=VECTOR('',#1407,10.);
#404=VECTOR('',#1410,10.);
#405=VECTOR('',#1411,10.);
#406=VECTOR('',#1412,10.);
#407=VECTOR('',#1413,10.);
#408=VECTOR('',#1420,10.);
#409=VECTOR('',#1421,10.);
#410=VECTOR('',#1424,10.);
#411=VECTOR('',#1427,10.);
#412=VECTOR('',#1452,10.);
#413=VECTOR('',#1455,10.);
#414=VECTOR('',#1478,10.);
#415=VECTOR('',#1479,10.);
#416=VECTOR('',#1480,10.);
#417=VECTOR('',#1481,10.);
#418=VECTOR('',#1482,10.);
#419=VECTOR('',#1483,10.);
#420=VECTOR('',#1492,10.);
#421=VECTOR('',#1493,10.);
#422=VECTOR('',#1536,5.52912936107139);
#423=VECTOR('',#1537,5.32398780865747);
#424=VECTOR('',#1540,5.39029048175331);
#425=VECTOR('',#1543,10.);
#426=VECTOR('',#1544,5.58268246636942);
#427=VECTOR('',#1545,10.);
#428=VECTOR('',#1548,10.);
#429=VECTOR('',#1551,10.);
#430=VECTOR('',#1552,10.);
#431=VECTOR('',#1555,10.);
#432=VECTOR('',#1556,10.);
#433=VECTOR('',#1565,9.5);
#434=VECTOR('',#1570,10.);
#435=VECTOR('',#1573,10.);
#436=VECTOR('',#1576,10.);
#437=VECTOR('',#1579,10.);
#438=VECTOR('',#1580,10.);
#439=VECTOR('',#1583,10.);
#440=VECTOR('',#1584,10.);
#441=VECTOR('',#1589,10.);
#442=VECTOR('',#1592,10.);
#443=VECTOR('',#1593,10.);
#444=VECTOR('',#1598,10.);
#445=VECTOR('',#1601,10.);
#446=VECTOR('',#1602,10.);
#447=VECTOR('',#1611,10.);
#448=VECTOR('',#1612,10.);
#449=VECTOR('',#1613,10.);
#450=VECTOR('',#1614,10.);
#451=VECTOR('',#1617,10.);
#452=VECTOR('',#1618,10.);
#453=VECTOR('',#1619,10.);
#454=VECTOR('',#1622,10.);
#455=VECTOR('',#1623,10.);
#456=VECTOR('',#1624,10.);
#457=VECTOR('',#1627,10.);
#458=VECTOR('',#1628,10.);
#459=VECTOR('',#1629,10.);
#460=VECTOR('',#1632,10.);
#461=VECTOR('',#1633,10.);
#462=VECTOR('',#1634,10.);
#463=VECTOR('',#1637,10.);
#464=VECTOR('',#1638,10.);
#465=VECTOR('',#1639,10.);
#466=VECTOR('',#1642,10.);
#467=VECTOR('',#1643,10.);
#468=VECTOR('',#1644,10.);
#469=VECTOR('',#1647,10.);
#470=VECTOR('',#1648,10.);
#471=VECTOR('',#1649,10.);
#472=VECTOR('',#1652,10.);
#473=VECTOR('',#1653,10.);
#474=VECTOR('',#1654,10.);
#475=VECTOR('',#1657,10.);
#476=VECTOR('',#1658,10.);
#477=VECTOR('',#1665,10.);
#478=VECTOR('',#1666,10.);
#479=VECTOR('',#1667,10.);
#480=VECTOR('',#1668,10.);
#481=VECTOR('',#1671,10.);
#482=VECTOR('',#1672,10.);
#483=VECTOR('',#1673,10.);
#484=VECTOR('',#1676,10.);
#485=VECTOR('',#1677,10.);
#486=VECTOR('',#1678,10.);
#487=VECTOR('',#1681,10.);
#488=VECTOR('',#1682,10.);
#489=VECTOR('',#1683,10.);
#490=VECTOR('',#1686,10.);
#491=VECTOR('',#1687,10.);
#492=VECTOR('',#1688,10.);
#493=VECTOR('',#1691,10.);
#494=VECTOR('',#1692,10.);
#495=VECTOR('',#1693,10.);
#496=VECTOR('',#1696,10.);
#497=VECTOR('',#1697,10.);
#498=VECTOR('',#1698,10.);
#499=VECTOR('',#1701,10.);
#500=VECTOR('',#1702,10.);
#501=VECTOR('',#1703,10.);
#502=VECTOR('',#1706,10.);
#503=VECTOR('',#1707,10.);
#504=VECTOR('',#1708,10.);
#505=VECTOR('',#1711,10.);
#506=VECTOR('',#1712,10.);
#507=VERTEX_POINT('',#1726);
#508=VERTEX_POINT('',#1727);
#509=VERTEX_POINT('',#1729);
#510=VERTEX_POINT('',#1731);
#511=VERTEX_POINT('',#1733);
#512=VERTEX_POINT('',#1735);
#513=VERTEX_POINT('',#1737);
#514=VERTEX_POINT('',#1739);
#515=VERTEX_POINT('',#1760);
#516=VERTEX_POINT('',#1762);
#517=VERTEX_POINT('',#1766);
#518=VERTEX_POINT('',#1768);
#519=VERTEX_POINT('',#1770);
#520=VERTEX_POINT('',#1792);
#521=VERTEX_POINT('',#1794);
#522=VERTEX_POINT('',#1796);
#523=VERTEX_POINT('',#1861);
#524=VERTEX_POINT('',#1862);
#525=VERTEX_POINT('',#1952);
#526=VERTEX_POINT('',#1954);
#527=VERTEX_POINT('',#1956);
#528=VERTEX_POINT('',#1958);
#529=VERTEX_POINT('',#1961);
#530=VERTEX_POINT('',#1966);
#531=VERTEX_POINT('',#1970);
#532=VERTEX_POINT('',#1974);
#533=VERTEX_POINT('',#1977);
#534=VERTEX_POINT('',#1979);
#535=VERTEX_POINT('',#2002);
#536=VERTEX_POINT('',#2008);
#537=VERTEX_POINT('',#2010);
#538=VERTEX_POINT('',#2093);
#539=VERTEX_POINT('',#2094);
#540=VERTEX_POINT('',#2184);
#541=VERTEX_POINT('',#2277);
#542=VERTEX_POINT('',#2378);
#543=VERTEX_POINT('',#2391);
#544=VERTEX_POINT('',#2393);
#545=VERTEX_POINT('',#2396);
#546=VERTEX_POINT('',#2397);
#547=VERTEX_POINT('',#2399);
#548=VERTEX_POINT('',#2401);
#549=VERTEX_POINT('',#2420);
#550=VERTEX_POINT('',#2421);
#551=VERTEX_POINT('',#2483);
#552=VERTEX_POINT('',#2485);
#553=VERTEX_POINT('',#2487);
#554=VERTEX_POINT('',#2506);
#555=VERTEX_POINT('',#2587);
#556=VERTEX_POINT('',#2592);
#557=VERTEX_POINT('',#2594);
#558=VERTEX_POINT('',#2596);
#559=VERTEX_POINT('',#2619);
#560=VERTEX_POINT('',#2620);
#561=VERTEX_POINT('',#2631);
#562=VERTEX_POINT('',#2633);
#563=VERTEX_POINT('',#3168);
#564=VERTEX_POINT('',#3169);
#565=VERTEX_POINT('',#3257);
#566=VERTEX_POINT('',#3259);
#567=VERTEX_POINT('',#3390);
#568=VERTEX_POINT('',#3393);
#569=VERTEX_POINT('',#3412);
#570=VERTEX_POINT('',#3427);
#571=VERTEX_POINT('',#3429);
#572=VERTEX_POINT('',#3433);
#573=VERTEX_POINT('',#3458);
#574=VERTEX_POINT('',#3460);
#575=VERTEX_POINT('',#3474);
#576=VERTEX_POINT('',#3478);
#577=VERTEX_POINT('',#3505);
#578=VERTEX_POINT('',#3519);
#579=VERTEX_POINT('',#3523);
#580=VERTEX_POINT('',#3530);
#581=VERTEX_POINT('',#3531);
#582=VERTEX_POINT('',#3533);
#583=VERTEX_POINT('',#3535);
#584=VERTEX_POINT('',#3539);
#585=VERTEX_POINT('',#3541);
#586=VERTEX_POINT('',#3545);
#587=VERTEX_POINT('',#3547);
#588=VERTEX_POINT('',#3551);
#589=VERTEX_POINT('',#3553);
#590=VERTEX_POINT('',#3557);
#591=VERTEX_POINT('',#3559);
#592=VERTEX_POINT('',#3563);
#593=VERTEX_POINT('',#3565);
#594=VERTEX_POINT('',#3569);
#595=VERTEX_POINT('',#3571);
#596=VERTEX_POINT('',#3575);
#597=VERTEX_POINT('',#3577);
#598=VERTEX_POINT('',#3581);
#599=VERTEX_POINT('',#3583);
#600=VERTEX_POINT('',#3592);
#601=VERTEX_POINT('',#3593);
#602=VERTEX_POINT('',#3595);
#603=VERTEX_POINT('',#3597);
#604=VERTEX_POINT('',#3601);
#605=VERTEX_POINT('',#3603);
#606=VERTEX_POINT('',#3607);
#607=VERTEX_POINT('',#3609);
#608=VERTEX_POINT('',#3613);
#609=VERTEX_POINT('',#3615);
#610=VERTEX_POINT('',#3619);
#611=VERTEX_POINT('',#3621);
#612=VERTEX_POINT('',#3625);
#613=VERTEX_POINT('',#3627);
#614=VERTEX_POINT('',#3631);
#615=VERTEX_POINT('',#3633);
#616=VERTEX_POINT('',#3637);
#617=VERTEX_POINT('',#3639);
#618=VERTEX_POINT('',#3643);
#619=VERTEX_POINT('',#3645);
#620=EDGE_CURVE('',#507,#508,#297,.T.);
#621=EDGE_CURVE('',#509,#507,#259,.T.);
#622=EDGE_CURVE('',#510,#509,#298,.T.);
#623=EDGE_CURVE('',#511,#510,#250,.T.);
#624=EDGE_CURVE('',#511,#512,#299,.T.);
#625=EDGE_CURVE('',#513,#512,#300,.T.);
#626=EDGE_CURVE('',#514,#513,#234,.T.);
#627=EDGE_CURVE('',#515,#514,#301,.T.);
#628=EDGE_CURVE('',#515,#516,#302,.T.);
#629=EDGE_CURVE('',#508,#516,#251,.T.);
#630=EDGE_CURVE('',#516,#517,#252,.T.);
#631=EDGE_CURVE('',#518,#515,#303,.T.);
#632=EDGE_CURVE('',#519,#518,#235,.T.);
#633=EDGE_CURVE('',#512,#519,#304,.T.);
#634=EDGE_CURVE('',#520,#511,#253,.T.);
#635=EDGE_CURVE('',#521,#520,#305,.T.);
#636=EDGE_CURVE('',#522,#521,#260,.T.);
#637=EDGE_CURVE('',#517,#522,#306,.T.);
#638=EDGE_CURVE('',#522,#521,#261,.T.);
#639=EDGE_CURVE('',#523,#524,#236,.T.);
#640=EDGE_CURVE('',#523,#514,#262,.T.);
#641=EDGE_CURVE('',#524,#513,#263,.T.);
#642=EDGE_CURVE('',#523,#518,#264,.T.);
#643=EDGE_CURVE('',#524,#519,#265,.T.);
#644=EDGE_CURVE('',#509,#507,#266,.T.);
#645=EDGE_CURVE('',#525,#520,#267,.T.);
#646=EDGE_CURVE('',#525,#526,#307,.T.);
#647=EDGE_CURVE('',#526,#527,#268,.T.);
#648=EDGE_CURVE('',#527,#528,#308,.T.);
#649=EDGE_CURVE('',#517,#528,#269,.T.);
#650=EDGE_CURVE('',#529,#529,#270,.T.);
#651=EDGE_CURVE('',#511,#525,#254,.T.);
#652=EDGE_CURVE('',#530,#510,#271,.T.);
#653=EDGE_CURVE('',#530,#511,#255,.T.);
#654=EDGE_CURVE('',#516,#531,#256,.T.);
#655=EDGE_CURVE('',#508,#531,#272,.T.);
#656=EDGE_CURVE('',#531,#532,#309,.T.);
#657=EDGE_CURVE('',#515,#516,#310,.T.);
#658=EDGE_CURVE('',#515,#533,#311,.T.);
#659=EDGE_CURVE('',#533,#534,#237,.T.);
#660=EDGE_CURVE('',#534,#512,#312,.T.);
#661=EDGE_CURVE('',#511,#512,#313,.T.);
#662=EDGE_CURVE('',#535,#530,#314,.T.);
#663=EDGE_CURVE('',#535,#532,#273,.T.);
#664=EDGE_CURVE('',#528,#516,#257,.T.);
#665=EDGE_CURVE('',#527,#526,#274,.T.);
#666=EDGE_CURVE('',#512,#536,#315,.T.);
#667=EDGE_CURVE('',#536,#537,#238,.T.);
#668=EDGE_CURVE('',#537,#515,#316,.T.);
#669=EDGE_CURVE('',#538,#539,#239,.T.);
#670=EDGE_CURVE('',#539,#534,#275,.T.);
#671=EDGE_CURVE('',#538,#533,#276,.T.);
#672=EDGE_CURVE('',#538,#537,#277,.T.);
#673=EDGE_CURVE('',#539,#536,#278,.T.);
#674=EDGE_CURVE('',#532,#535,#279,.T.);
#675=EDGE_CURVE('',#540,#540,#280,.T.);
#676=EDGE_CURVE('',#541,#540,#240,.T.);
#677=EDGE_CURVE('',#542,#529,#241,.T.);
#678=EDGE_CURVE('',#543,#543,#281,.T.);
#679=EDGE_CURVE('',#543,#544,#282,.T.);
#680=EDGE_CURVE('',#545,#546,#283,.T.);
#681=EDGE_CURVE('',#547,#545,#284,.T.);
#682=EDGE_CURVE('',#548,#547,#285,.T.);
#683=EDGE_CURVE('',#546,#548,#286,.T.);
#684=EDGE_CURVE('',#549,#550,#242,.T.);
#685=EDGE_CURVE('',#550,#545,#317,.T.);
#686=EDGE_CURVE('',#549,#546,#318,.T.);
#687=EDGE_CURVE('',#549,#551,#287,.T.);
#688=EDGE_CURVE('',#552,#548,#319,.T.);
#689=EDGE_CURVE('',#553,#552,#288,.T.);
#690=EDGE_CURVE('',#553,#551,#320,.T.);
#691=EDGE_CURVE('',#552,#554,#243,.T.);
#692=EDGE_CURVE('',#554,#547,#321,.T.);
#693=EDGE_CURVE('',#554,#555,#23,.T.);
#694=EDGE_CURVE('',#550,#556,#322,.T.);
#695=EDGE_CURVE('',#557,#556,#289,.T.);
#696=EDGE_CURVE('',#557,#558,#323,.T.);
#697=EDGE_CURVE('',#555,#558,#290,.T.);
#698=EDGE_CURVE('',#559,#560,#24,.T.);
#699=EDGE_CURVE('',#559,#561,#324,.T.);
#700=EDGE_CURVE('',#562,#561,#25,.T.);
#701=EDGE_CURVE('',#560,#562,#325,.T.);
#702=EDGE_CURVE('',#560,#559,#244,.T.);
#703=EDGE_CURVE('',#561,#562,#245,.T.);
#704=EDGE_CURVE('',#563,#564,#246,.T.);
#705=EDGE_CURVE('',#563,#565,#326,.T.);
#706=EDGE_CURVE('',#566,#565,#247,.T.);
#707=EDGE_CURVE('',#564,#566,#327,.T.);
#708=EDGE_CURVE('',#564,#563,#26,.T.);
#709=EDGE_CURVE('',#565,#566,#27,.T.);
#710=EDGE_CURVE('',#567,#567,#258,.T.);
#711=EDGE_CURVE('',#567,#568,#328,.T.);
#712=EDGE_CURVE('',#568,#568,#291,.T.);
#713=EDGE_CURVE('',#554,#569,#28,.T.);
#714=EDGE_CURVE('',#569,#555,#29,.T.);
#715=EDGE_CURVE('',#569,#570,#329,.T.);
#716=EDGE_CURVE('',#571,#570,#292,.T.);
#717=EDGE_CURVE('',#554,#571,#330,.T.);
#718=EDGE_CURVE('',#558,#572,#331,.T.);
#719=EDGE_CURVE('',#570,#572,#293,.T.);
#720=EDGE_CURVE('',#549,#573,#332,.T.);
#721=EDGE_CURVE('',#574,#573,#248,.T.);
#722=EDGE_CURVE('',#550,#574,#333,.T.);
#723=EDGE_CURVE('',#575,#574,#334,.T.);
#724=EDGE_CURVE('',#556,#575,#335,.T.);
#725=EDGE_CURVE('',#576,#575,#294,.T.);
#726=EDGE_CURVE('',#557,#576,#336,.T.);
#727=EDGE_CURVE('',#572,#576,#337,.T.);
#728=EDGE_CURVE('',#577,#571,#249,.T.);
#729=EDGE_CURVE('',#552,#577,#338,.T.);
#730=EDGE_CURVE('',#578,#577,#295,.T.);
#731=EDGE_CURVE('',#553,#578,#339,.T.);
#732=EDGE_CURVE('',#579,#578,#340,.T.);
#733=EDGE_CURVE('',#551,#579,#341,.T.);
#734=EDGE_CURVE('',#573,#579,#296,.T.);
#735=EDGE_CURVE('',#580,#581,#342,.T.);
#736=EDGE_CURVE('',#581,#582,#343,.T.);
#737=EDGE_CURVE('',#583,#582,#344,.T.);
#738=EDGE_CURVE('',#580,#583,#345,.T.);
#739=EDGE_CURVE('',#584,#580,#346,.T.);
#740=EDGE_CURVE('',#585,#583,#347,.T.);
#741=EDGE_CURVE('',#584,#585,#348,.T.);
#742=EDGE_CURVE('',#586,#584,#349,.T.);
#743=EDGE_CURVE('',#587,#585,#350,.T.);
#744=EDGE_CURVE('',#586,#587,#351,.T.);
#745=EDGE_CURVE('',#588,#586,#352,.T.);
#746=EDGE_CURVE('',#589,#587,#353,.T.);
#747=EDGE_CURVE('',#588,#589,#354,.T.);
#748=EDGE_CURVE('',#590,#588,#355,.T.);
#749=EDGE_CURVE('',#591,#589,#356,.T.);
#750=EDGE_CURVE('',#590,#591,#357,.T.);
#751=EDGE_CURVE('',#592,#590,#358,.T.);
#752=EDGE_CURVE('',#593,#591,#359,.T.);
#753=EDGE_CURVE('',#592,#593,#360,.T.);
#754=EDGE_CURVE('',#594,#592,#361,.T.);
#755=EDGE_CURVE('',#595,#593,#362,.T.);
#756=EDGE_CURVE('',#594,#595,#363,.T.);
#757=EDGE_CURVE('',#596,#594,#364,.T.);
#758=EDGE_CURVE('',#597,#595,#365,.T.);
#759=EDGE_CURVE('',#596,#597,#366,.T.);
#760=EDGE_CURVE('',#598,#596,#367,.T.);
#761=EDGE_CURVE('',#599,#597,#368,.T.);
#762=EDGE_CURVE('',#598,#599,#369,.T.);
#763=EDGE_CURVE('',#581,#598,#370,.T.);
#764=EDGE_CURVE('',#582,#599,#371,.T.);
#765=EDGE_CURVE('',#600,#601,#372,.T.);
#766=EDGE_CURVE('',#600,#602,#373,.T.);
#767=EDGE_CURVE('',#602,#603,#374,.T.);
#768=EDGE_CURVE('',#601,#603,#375,.T.);
#769=EDGE_CURVE('',#604,#600,#376,.T.);
#770=EDGE_CURVE('',#604,#605,#377,.T.);
#771=EDGE_CURVE('',#605,#602,#378,.T.);
#772=EDGE_CURVE('',#606,#604,#379,.T.);
#773=EDGE_CURVE('',#606,#607,#380,.T.);
#774=EDGE_CURVE('',#607,#605,#381,.T.);
#775=EDGE_CURVE('',#608,#606,#382,.T.);
#776=EDGE_CURVE('',#608,#609,#383,.T.);
#777=EDGE_CURVE('',#609,#607,#384,.T.);
#778=EDGE_CURVE('',#610,#608,#385,.T.);
#779=EDGE_CURVE('',#610,#611,#386,.T.);
#780=EDGE_CURVE('',#611,#609,#387,.T.);
#781=EDGE_CURVE('',#612,#610,#388,.T.);
#782=EDGE_CURVE('',#612,#613,#389,.T.);
#783=EDGE_CURVE('',#613,#611,#390,.T.);
#784=EDGE_CURVE('',#614,#612,#391,.T.);
#785=EDGE_CURVE('',#614,#615,#392,.T.);
#786=EDGE_CURVE('',#615,#613,#393,.T.);
#787=EDGE_CURVE('',#616,#614,#394,.T.);
#788=EDGE_CURVE('',#616,#617,#395,.T.);
#789=EDGE_CURVE('',#617,#615,#396,.T.);
#790=EDGE_CURVE('',#618,#616,#397,.T.);
#791=EDGE_CURVE('',#618,#619,#398,.T.);
#792=EDGE_CURVE('',#619,#617,#399,.T.);
#793=EDGE_CURVE('',#601,#618,#400,.T.);
#794=EDGE_CURVE('',#603,#619,#401,.T.);
#795=ORIENTED_EDGE('',*,*,#620,.F.);
#796=ORIENTED_EDGE('',*,*,#621,.F.);
#797=ORIENTED_EDGE('',*,*,#622,.F.);
#798=ORIENTED_EDGE('',*,*,#623,.F.);
#799=ORIENTED_EDGE('',*,*,#624,.T.);
#800=ORIENTED_EDGE('',*,*,#625,.F.);
#801=ORIENTED_EDGE('',*,*,#626,.F.);
#802=ORIENTED_EDGE('',*,*,#627,.F.);
#803=ORIENTED_EDGE('',*,*,#628,.T.);
#804=ORIENTED_EDGE('',*,*,#629,.F.);
#805=ORIENTED_EDGE('',*,*,#630,.F.);
#806=ORIENTED_EDGE('',*,*,#628,.F.);
#807=ORIENTED_EDGE('',*,*,#631,.F.);
#808=ORIENTED_EDGE('',*,*,#632,.F.);
#809=ORIENTED_EDGE('',*,*,#633,.F.);
#810=ORIENTED_EDGE('',*,*,#624,.F.);
#811=ORIENTED_EDGE('',*,*,#634,.F.);
#812=ORIENTED_EDGE('',*,*,#635,.F.);
#813=ORIENTED_EDGE('',*,*,#636,.F.);
#814=ORIENTED_EDGE('',*,*,#637,.F.);
#815=ORIENTED_EDGE('',*,*,#638,.F.);
#816=ORIENTED_EDGE('',*,*,#636,.T.);
#817=ORIENTED_EDGE('',*,*,#639,.F.);
#818=ORIENTED_EDGE('',*,*,#640,.T.);
#819=ORIENTED_EDGE('',*,*,#626,.T.);
#820=ORIENTED_EDGE('',*,*,#641,.F.);
#821=ORIENTED_EDGE('',*,*,#631,.T.);
#822=ORIENTED_EDGE('',*,*,#627,.T.);
#823=ORIENTED_EDGE('',*,*,#640,.F.);
#824=ORIENTED_EDGE('',*,*,#642,.T.);
#825=ORIENTED_EDGE('',*,*,#639,.T.);
#826=ORIENTED_EDGE('',*,*,#643,.T.);
#827=ORIENTED_EDGE('',*,*,#632,.T.);
#828=ORIENTED_EDGE('',*,*,#642,.F.);
#829=ORIENTED_EDGE('',*,*,#643,.F.);
#830=ORIENTED_EDGE('',*,*,#641,.T.);
#831=ORIENTED_EDGE('',*,*,#625,.T.);
#832=ORIENTED_EDGE('',*,*,#633,.T.);
#833=ORIENTED_EDGE('',*,*,#644,.F.);
#834=ORIENTED_EDGE('',*,*,#621,.T.);
#835=ORIENTED_EDGE('',*,*,#637,.T.);
#836=ORIENTED_EDGE('',*,*,#638,.T.);
#837=ORIENTED_EDGE('',*,*,#635,.T.);
#838=ORIENTED_EDGE('',*,*,#645,.F.);
#839=ORIENTED_EDGE('',*,*,#646,.T.);
#840=ORIENTED_EDGE('',*,*,#647,.T.);
#841=ORIENTED_EDGE('',*,*,#648,.T.);
#842=ORIENTED_EDGE('',*,*,#649,.F.);
#843=ORIENTED_EDGE('',*,*,#650,.T.);
#844=ORIENTED_EDGE('',*,*,#634,.T.);
#845=ORIENTED_EDGE('',*,*,#651,.T.);
#846=ORIENTED_EDGE('',*,*,#645,.T.);
#847=ORIENTED_EDGE('',*,*,#623,.T.);
#848=ORIENTED_EDGE('',*,*,#652,.F.);
#849=ORIENTED_EDGE('',*,*,#653,.T.);
#850=ORIENTED_EDGE('',*,*,#629,.T.);
#851=ORIENTED_EDGE('',*,*,#654,.T.);
#852=ORIENTED_EDGE('',*,*,#655,.F.);
#853=ORIENTED_EDGE('',*,*,#656,.F.);
#854=ORIENTED_EDGE('',*,*,#654,.F.);
#855=ORIENTED_EDGE('',*,*,#657,.F.);
#856=ORIENTED_EDGE('',*,*,#658,.T.);
#857=ORIENTED_EDGE('',*,*,#659,.T.);
#858=ORIENTED_EDGE('',*,*,#660,.T.);
#859=ORIENTED_EDGE('',*,*,#661,.F.);
#860=ORIENTED_EDGE('',*,*,#653,.F.);
#861=ORIENTED_EDGE('',*,*,#662,.F.);
#862=ORIENTED_EDGE('',*,*,#663,.T.);
#863=ORIENTED_EDGE('',*,*,#664,.F.);
#864=ORIENTED_EDGE('',*,*,#648,.F.);
#865=ORIENTED_EDGE('',*,*,#665,.T.);
#866=ORIENTED_EDGE('',*,*,#646,.F.);
#867=ORIENTED_EDGE('',*,*,#651,.F.);
#868=ORIENTED_EDGE('',*,*,#661,.T.);
#869=ORIENTED_EDGE('',*,*,#666,.T.);
#870=ORIENTED_EDGE('',*,*,#667,.T.);
#871=ORIENTED_EDGE('',*,*,#668,.T.);
#872=ORIENTED_EDGE('',*,*,#657,.T.);
#873=ORIENTED_EDGE('',*,*,#647,.F.);
#874=ORIENTED_EDGE('',*,*,#665,.F.);
#875=ORIENTED_EDGE('',*,*,#669,.T.);
#876=ORIENTED_EDGE('',*,*,#670,.T.);
#877=ORIENTED_EDGE('',*,*,#659,.F.);
#878=ORIENTED_EDGE('',*,*,#671,.F.);
#879=ORIENTED_EDGE('',*,*,#668,.F.);
#880=ORIENTED_EDGE('',*,*,#672,.F.);
#881=ORIENTED_EDGE('',*,*,#671,.T.);
#882=ORIENTED_EDGE('',*,*,#658,.F.);
#883=ORIENTED_EDGE('',*,*,#669,.F.);
#884=ORIENTED_EDGE('',*,*,#672,.T.);
#885=ORIENTED_EDGE('',*,*,#667,.F.);
#886=ORIENTED_EDGE('',*,*,#673,.F.);
#887=ORIENTED_EDGE('',*,*,#673,.T.);
#888=ORIENTED_EDGE('',*,*,#666,.F.);
#889=ORIENTED_EDGE('',*,*,#660,.F.);
#890=ORIENTED_EDGE('',*,*,#670,.F.);
#891=ORIENTED_EDGE('',*,*,#674,.F.);
#892=ORIENTED_EDGE('',*,*,#663,.F.);
#893=ORIENTED_EDGE('',*,*,#620,.T.);
#894=ORIENTED_EDGE('',*,*,#655,.T.);
#895=ORIENTED_EDGE('',*,*,#656,.T.);
#896=ORIENTED_EDGE('',*,*,#674,.T.);
#897=ORIENTED_EDGE('',*,*,#662,.T.);
#898=ORIENTED_EDGE('',*,*,#652,.T.);
#899=ORIENTED_EDGE('',*,*,#622,.T.);
#900=ORIENTED_EDGE('',*,*,#644,.T.);
#901=ORIENTED_EDGE('',*,*,#675,.F.);
#902=ORIENTED_EDGE('',*,*,#630,.T.);
#903=ORIENTED_EDGE('',*,*,#649,.T.);
#904=ORIENTED_EDGE('',*,*,#664,.T.);
#905=ORIENTED_EDGE('',*,*,#676,.T.);
#906=ORIENTED_EDGE('',*,*,#675,.T.);
#907=ORIENTED_EDGE('',*,*,#676,.F.);
#908=ORIENTED_EDGE('',*,*,#677,.F.);
#909=ORIENTED_EDGE('',*,*,#677,.T.);
#910=ORIENTED_EDGE('',*,*,#650,.F.);
#911=ORIENTED_EDGE('',*,*,#678,.F.);
#912=ORIENTED_EDGE('',*,*,#679,.T.);
#913=ORIENTED_EDGE('',*,*,#679,.F.);
#914=ORIENTED_EDGE('',*,*,#680,.F.);
#915=ORIENTED_EDGE('',*,*,#681,.F.);
#916=ORIENTED_EDGE('',*,*,#682,.F.);
#917=ORIENTED_EDGE('',*,*,#683,.F.);
#918=ORIENTED_EDGE('',*,*,#678,.T.);
#919=ORIENTED_EDGE('',*,*,#684,.T.);
#920=ORIENTED_EDGE('',*,*,#685,.T.);
#921=ORIENTED_EDGE('',*,*,#680,.T.);
#922=ORIENTED_EDGE('',*,*,#686,.F.);
#923=ORIENTED_EDGE('',*,*,#687,.F.);
#924=ORIENTED_EDGE('',*,*,#686,.T.);
#925=ORIENTED_EDGE('',*,*,#683,.T.);
#926=ORIENTED_EDGE('',*,*,#688,.F.);
#927=ORIENTED_EDGE('',*,*,#689,.F.);
#928=ORIENTED_EDGE('',*,*,#690,.T.);
#929=ORIENTED_EDGE('',*,*,#691,.F.);
#930=ORIENTED_EDGE('',*,*,#688,.T.);
#931=ORIENTED_EDGE('',*,*,#682,.T.);
#932=ORIENTED_EDGE('',*,*,#692,.F.);
#933=ORIENTED_EDGE('',*,*,#693,.F.);
#934=ORIENTED_EDGE('',*,*,#692,.T.);
#935=ORIENTED_EDGE('',*,*,#681,.T.);
#936=ORIENTED_EDGE('',*,*,#685,.F.);
#937=ORIENTED_EDGE('',*,*,#694,.T.);
#938=ORIENTED_EDGE('',*,*,#695,.F.);
#939=ORIENTED_EDGE('',*,*,#696,.T.);
#940=ORIENTED_EDGE('',*,*,#697,.F.);
#941=ORIENTED_EDGE('',*,*,#698,.F.);
#942=ORIENTED_EDGE('',*,*,#699,.T.);
#943=ORIENTED_EDGE('',*,*,#700,.F.);
#944=ORIENTED_EDGE('',*,*,#701,.F.);
#945=ORIENTED_EDGE('',*,*,#702,.F.);
#946=ORIENTED_EDGE('',*,*,#701,.T.);
#947=ORIENTED_EDGE('',*,*,#703,.F.);
#948=ORIENTED_EDGE('',*,*,#699,.F.);
#949=ORIENTED_EDGE('',*,*,#703,.T.);
#950=ORIENTED_EDGE('',*,*,#700,.T.);
#951=ORIENTED_EDGE('',*,*,#704,.F.);
#952=ORIENTED_EDGE('',*,*,#705,.T.);
#953=ORIENTED_EDGE('',*,*,#706,.F.);
#954=ORIENTED_EDGE('',*,*,#707,.F.);
#955=ORIENTED_EDGE('',*,*,#708,.F.);
#956=ORIENTED_EDGE('',*,*,#707,.T.);
#957=ORIENTED_EDGE('',*,*,#709,.F.);
#958=ORIENTED_EDGE('',*,*,#705,.F.);
#959=ORIENTED_EDGE('',*,*,#709,.T.);
#960=ORIENTED_EDGE('',*,*,#706,.T.);
#961=ORIENTED_EDGE('',*,*,#710,.F.);
#962=ORIENTED_EDGE('',*,*,#710,.T.);
#963=ORIENTED_EDGE('',*,*,#711,.T.);
#964=ORIENTED_EDGE('',*,*,#712,.F.);
#965=ORIENTED_EDGE('',*,*,#711,.F.);
#966=ORIENTED_EDGE('',*,*,#713,.F.);
#967=ORIENTED_EDGE('',*,*,#693,.T.);
#968=ORIENTED_EDGE('',*,*,#714,.F.);
#969=ORIENTED_EDGE('',*,*,#713,.T.);
#970=ORIENTED_EDGE('',*,*,#715,.T.);
#971=ORIENTED_EDGE('',*,*,#716,.F.);
#972=ORIENTED_EDGE('',*,*,#717,.F.);
#973=ORIENTED_EDGE('',*,*,#714,.T.);
#974=ORIENTED_EDGE('',*,*,#697,.T.);
#975=ORIENTED_EDGE('',*,*,#718,.T.);
#976=ORIENTED_EDGE('',*,*,#719,.F.);
#977=ORIENTED_EDGE('',*,*,#715,.F.);
#978=ORIENTED_EDGE('',*,*,#684,.F.);
#979=ORIENTED_EDGE('',*,*,#720,.T.);
#980=ORIENTED_EDGE('',*,*,#721,.F.);
#981=ORIENTED_EDGE('',*,*,#722,.F.);
#982=ORIENTED_EDGE('',*,*,#694,.F.);
#983=ORIENTED_EDGE('',*,*,#722,.T.);
#984=ORIENTED_EDGE('',*,*,#723,.F.);
#985=ORIENTED_EDGE('',*,*,#724,.F.);
#986=ORIENTED_EDGE('',*,*,#695,.T.);
#987=ORIENTED_EDGE('',*,*,#724,.T.);
#988=ORIENTED_EDGE('',*,*,#725,.F.);
#989=ORIENTED_EDGE('',*,*,#726,.F.);
#990=ORIENTED_EDGE('',*,*,#696,.F.);
#991=ORIENTED_EDGE('',*,*,#726,.T.);
#992=ORIENTED_EDGE('',*,*,#727,.F.);
#993=ORIENTED_EDGE('',*,*,#718,.F.);
#994=ORIENTED_EDGE('',*,*,#691,.T.);
#995=ORIENTED_EDGE('',*,*,#717,.T.);
#996=ORIENTED_EDGE('',*,*,#728,.F.);
#997=ORIENTED_EDGE('',*,*,#729,.F.);
#998=ORIENTED_EDGE('',*,*,#689,.T.);
#999=ORIENTED_EDGE('',*,*,#729,.T.);
#1000=ORIENTED_EDGE('',*,*,#730,.F.);
#1001=ORIENTED_EDGE('',*,*,#731,.F.);
#1002=ORIENTED_EDGE('',*,*,#690,.F.);
#1003=ORIENTED_EDGE('',*,*,#731,.T.);
#1004=ORIENTED_EDGE('',*,*,#732,.F.);
#1005=ORIENTED_EDGE('',*,*,#733,.F.);
#1006=ORIENTED_EDGE('',*,*,#687,.T.);
#1007=ORIENTED_EDGE('',*,*,#733,.T.);
#1008=ORIENTED_EDGE('',*,*,#734,.F.);
#1009=ORIENTED_EDGE('',*,*,#720,.F.);
#1010=ORIENTED_EDGE('',*,*,#734,.T.);
#1011=ORIENTED_EDGE('',*,*,#732,.T.);
#1012=ORIENTED_EDGE('',*,*,#730,.T.);
#1013=ORIENTED_EDGE('',*,*,#728,.T.);
#1014=ORIENTED_EDGE('',*,*,#716,.T.);
#1015=ORIENTED_EDGE('',*,*,#719,.T.);
#1016=ORIENTED_EDGE('',*,*,#727,.T.);
#1017=ORIENTED_EDGE('',*,*,#725,.T.);
#1018=ORIENTED_EDGE('',*,*,#723,.T.);
#1019=ORIENTED_EDGE('',*,*,#721,.T.);
#1020=ORIENTED_EDGE('',*,*,#698,.T.);
#1021=ORIENTED_EDGE('',*,*,#702,.T.);
#1022=ORIENTED_EDGE('',*,*,#704,.T.);
#1023=ORIENTED_EDGE('',*,*,#708,.T.);
#1024=ORIENTED_EDGE('',*,*,#712,.T.);
#1025=ORIENTED_EDGE('',*,*,#735,.T.);
#1026=ORIENTED_EDGE('',*,*,#736,.T.);
#1027=ORIENTED_EDGE('',*,*,#737,.F.);
#1028=ORIENTED_EDGE('',*,*,#738,.F.);
#1029=ORIENTED_EDGE('',*,*,#739,.T.);
#1030=ORIENTED_EDGE('',*,*,#738,.T.);
#1031=ORIENTED_EDGE('',*,*,#740,.F.);
#1032=ORIENTED_EDGE('',*,*,#741,.F.);
#1033=ORIENTED_EDGE('',*,*,#742,.T.);
#1034=ORIENTED_EDGE('',*,*,#741,.T.);
#1035=ORIENTED_EDGE('',*,*,#743,.F.);
#1036=ORIENTED_EDGE('',*,*,#744,.F.);
#1037=ORIENTED_EDGE('',*,*,#745,.T.);
#1038=ORIENTED_EDGE('',*,*,#744,.T.);
#1039=ORIENTED_EDGE('',*,*,#746,.F.);
#1040=ORIENTED_EDGE('',*,*,#747,.F.);
#1041=ORIENTED_EDGE('',*,*,#748,.T.);
#1042=ORIENTED_EDGE('',*,*,#747,.T.);
#1043=ORIENTED_EDGE('',*,*,#749,.F.);
#1044=ORIENTED_EDGE('',*,*,#750,.F.);
#1045=ORIENTED_EDGE('',*,*,#751,.T.);
#1046=ORIENTED_EDGE('',*,*,#750,.T.);
#1047=ORIENTED_EDGE('',*,*,#752,.F.);
#1048=ORIENTED_EDGE('',*,*,#753,.F.);
#1049=ORIENTED_EDGE('',*,*,#754,.T.);
#1050=ORIENTED_EDGE('',*,*,#753,.T.);
#1051=ORIENTED_EDGE('',*,*,#755,.F.);
#1052=ORIENTED_EDGE('',*,*,#756,.F.);
#1053=ORIENTED_EDGE('',*,*,#757,.T.);
#1054=ORIENTED_EDGE('',*,*,#756,.T.);
#1055=ORIENTED_EDGE('',*,*,#758,.F.);
#1056=ORIENTED_EDGE('',*,*,#759,.F.);
#1057=ORIENTED_EDGE('',*,*,#760,.T.);
#1058=ORIENTED_EDGE('',*,*,#759,.T.);
#1059=ORIENTED_EDGE('',*,*,#761,.F.);
#1060=ORIENTED_EDGE('',*,*,#762,.F.);
#1061=ORIENTED_EDGE('',*,*,#763,.T.);
#1062=ORIENTED_EDGE('',*,*,#762,.T.);
#1063=ORIENTED_EDGE('',*,*,#764,.F.);
#1064=ORIENTED_EDGE('',*,*,#736,.F.);
#1065=ORIENTED_EDGE('',*,*,#763,.F.);
#1066=ORIENTED_EDGE('',*,*,#735,.F.);
#1067=ORIENTED_EDGE('',*,*,#739,.F.);
#1068=ORIENTED_EDGE('',*,*,#742,.F.);
#1069=ORIENTED_EDGE('',*,*,#745,.F.);
#1070=ORIENTED_EDGE('',*,*,#748,.F.);
#1071=ORIENTED_EDGE('',*,*,#751,.F.);
#1072=ORIENTED_EDGE('',*,*,#754,.F.);
#1073=ORIENTED_EDGE('',*,*,#757,.F.);
#1074=ORIENTED_EDGE('',*,*,#760,.F.);
#1075=ORIENTED_EDGE('',*,*,#764,.T.);
#1076=ORIENTED_EDGE('',*,*,#761,.T.);
#1077=ORIENTED_EDGE('',*,*,#758,.T.);
#1078=ORIENTED_EDGE('',*,*,#755,.T.);
#1079=ORIENTED_EDGE('',*,*,#752,.T.);
#1080=ORIENTED_EDGE('',*,*,#749,.T.);
#1081=ORIENTED_EDGE('',*,*,#746,.T.);
#1082=ORIENTED_EDGE('',*,*,#743,.T.);
#1083=ORIENTED_EDGE('',*,*,#740,.T.);
#1084=ORIENTED_EDGE('',*,*,#737,.T.);
#1085=ORIENTED_EDGE('',*,*,#765,.F.);
#1086=ORIENTED_EDGE('',*,*,#766,.T.);
#1087=ORIENTED_EDGE('',*,*,#767,.T.);
#1088=ORIENTED_EDGE('',*,*,#768,.F.);
#1089=ORIENTED_EDGE('',*,*,#769,.F.);
#1090=ORIENTED_EDGE('',*,*,#770,.T.);
#1091=ORIENTED_EDGE('',*,*,#771,.T.);
#1092=ORIENTED_EDGE('',*,*,#766,.F.);
#1093=ORIENTED_EDGE('',*,*,#772,.F.);
#1094=ORIENTED_EDGE('',*,*,#773,.T.);
#1095=ORIENTED_EDGE('',*,*,#774,.T.);
#1096=ORIENTED_EDGE('',*,*,#770,.F.);
#1097=ORIENTED_EDGE('',*,*,#775,.F.);
#1098=ORIENTED_EDGE('',*,*,#776,.T.);
#1099=ORIENTED_EDGE('',*,*,#777,.T.);
#1100=ORIENTED_EDGE('',*,*,#773,.F.);
#1101=ORIENTED_EDGE('',*,*,#778,.F.);
#1102=ORIENTED_EDGE('',*,*,#779,.T.);
#1103=ORIENTED_EDGE('',*,*,#780,.T.);
#1104=ORIENTED_EDGE('',*,*,#776,.F.);
#1105=ORIENTED_EDGE('',*,*,#781,.F.);
#1106=ORIENTED_EDGE('',*,*,#782,.T.);
#1107=ORIENTED_EDGE('',*,*,#783,.T.);
#1108=ORIENTED_EDGE('',*,*,#779,.F.);
#1109=ORIENTED_EDGE('',*,*,#784,.F.);
#1110=ORIENTED_EDGE('',*,*,#785,.T.);
#1111=ORIENTED_EDGE('',*,*,#786,.T.);
#1112=ORIENTED_EDGE('',*,*,#782,.F.);
#1113=ORIENTED_EDGE('',*,*,#787,.F.);
#1114=ORIENTED_EDGE('',*,*,#788,.T.);
#1115=ORIENTED_EDGE('',*,*,#789,.T.);
#1116=ORIENTED_EDGE('',*,*,#785,.F.);
#1117=ORIENTED_EDGE('',*,*,#790,.F.);
#1118=ORIENTED_EDGE('',*,*,#791,.T.);
#1119=ORIENTED_EDGE('',*,*,#792,.T.);
#1120=ORIENTED_EDGE('',*,*,#788,.F.);
#1121=ORIENTED_EDGE('',*,*,#793,.F.);
#1122=ORIENTED_EDGE('',*,*,#768,.T.);
#1123=ORIENTED_EDGE('',*,*,#794,.T.);
#1124=ORIENTED_EDGE('',*,*,#791,.F.);
#1125=ORIENTED_EDGE('',*,*,#793,.T.);
#1126=ORIENTED_EDGE('',*,*,#790,.T.);
#1127=ORIENTED_EDGE('',*,*,#787,.T.);
#1128=ORIENTED_EDGE('',*,*,#784,.T.);
#1129=ORIENTED_EDGE('',*,*,#781,.T.);
#1130=ORIENTED_EDGE('',*,*,#778,.T.);
#1131=ORIENTED_EDGE('',*,*,#775,.T.);
#1132=ORIENTED_EDGE('',*,*,#772,.T.);
#1133=ORIENTED_EDGE('',*,*,#769,.T.);
#1134=ORIENTED_EDGE('',*,*,#765,.T.);
#1135=ORIENTED_EDGE('',*,*,#794,.F.);
#1136=ORIENTED_EDGE('',*,*,#767,.F.);
#1137=ORIENTED_EDGE('',*,*,#771,.F.);
#1138=ORIENTED_EDGE('',*,*,#774,.F.);
#1139=ORIENTED_EDGE('',*,*,#777,.F.);
#1140=ORIENTED_EDGE('',*,*,#780,.F.);
#1141=ORIENTED_EDGE('',*,*,#783,.F.);
#1142=ORIENTED_EDGE('',*,*,#786,.F.);
#1143=ORIENTED_EDGE('',*,*,#789,.F.);
#1144=ORIENTED_EDGE('',*,*,#792,.F.);
#1145=PLANE('',#1290);
#1146=PLANE('',#1294);
#1147=PLANE('',#1302);
#1148=PLANE('',#1305);
#1149=PLANE('',#1308);
#1150=PLANE('',#1321);
#1151=PLANE('',#1323);
#1152=PLANE('',#1329);
#1153=PLANE('',#1332);
#1154=PLANE('',#1335);
#1155=PLANE('',#1342);
#1156=PLANE('',#1351);
#1157=PLANE('',#1352);
#1158=PLANE('',#1353);
#1159=PLANE('',#1361);
#1160=PLANE('',#1364);
#1161=PLANE('',#1367);
#1162=PLANE('',#1370);
#1163=PLANE('',#1371);
#1164=PLANE('',#1372);
#1165=PLANE('',#1373);
#1166=PLANE('',#1374);
#1167=PLANE('',#1375);
#1168=PLANE('',#1376);
#1169=PLANE('',#1377);
#1170=PLANE('',#1378);
#1171=PLANE('',#1379);
#1172=PLANE('',#1380);
#1173=PLANE('',#1381);
#1174=PLANE('',#1382);
#1175=PLANE('',#1383);
#1176=PLANE('',#1384);
#1177=PLANE('',#1385);
#1178=PLANE('',#1386);
#1179=PLANE('',#1387);
#1180=PLANE('',#1388);
#1181=PLANE('',#1389);
#1182=PLANE('',#1390);
#1183=PLANE('',#1391);
#1184=PLANE('',#1392);
#1185=PLANE('',#1393);
#1186=PLANE('',#1394);
#1187=ADVANCED_FACE('',(#80),#1145,.T.);
#1188=ADVANCED_FACE('',(#81),#1146,.F.);
#1189=ADVANCED_FACE('',(#82),#75,.F.);
#1190=ADVANCED_FACE('',(#83),#65,.F.);
#1191=ADVANCED_FACE('',(#84),#1147,.F.);
#1192=ADVANCED_FACE('',(#85),#66,.F.);
#1193=ADVANCED_FACE('',(#86),#1148,.F.);
#1194=ADVANCED_FACE('',(#87),#76,.F.);
#1195=ADVANCED_FACE('',(#88,#59),#1149,.T.);
#1196=ADVANCED_FACE('',(#89),#49,.T.);
#1197=ADVANCED_FACE('',(#90),#50,.T.);
#1198=ADVANCED_FACE('',(#91),#51,.T.);
#1199=ADVANCED_FACE('',(#92),#1150,.F.);
#1200=ADVANCED_FACE('',(#93),#1151,.T.);
#1201=ADVANCED_FACE('',(#94),#77,.F.);
#1202=ADVANCED_FACE('',(#95),#67,.T.);
#1203=ADVANCED_FACE('',(#96),#1152,.T.);
#1204=ADVANCED_FACE('',(#97),#68,.T.);
#1205=ADVANCED_FACE('',(#98),#1153,.T.);
#1206=ADVANCED_FACE('',(#99),#78,.F.);
#1207=ADVANCED_FACE('',(#100,#60),#1154,.T.);
#1208=ADVANCED_FACE('',(#101),#52,.T.);
#1209=ADVANCED_FACE('',(#102),#69,.T.);
#1210=ADVANCED_FACE('',(#103),#70,.T.);
#1211=ADVANCED_FACE('',(#104),#79,.F.);
#1212=ADVANCED_FACE('',(#105,#61),#1155,.F.);
#1213=ADVANCED_FACE('',(#106),#30,.F.);
#1214=ADVANCED_FACE('',(#107),#31,.F.);
#1215=ADVANCED_FACE('',(#108),#32,.F.);
#1216=ADVANCED_FACE('',(#109),#33,.F.);
#1217=ADVANCED_FACE('',(#110),#34,.T.);
#1218=ADVANCED_FACE('',(#111),#71,.T.);
#1219=ADVANCED_FACE('',(#112),#1156,.T.);
#1220=ADVANCED_FACE('',(#113),#72,.T.);
#1221=ADVANCED_FACE('',(#114),#35,.T.);
#1222=ADVANCED_FACE('',(#115),#1157,.T.);
#1223=ADVANCED_FACE('',(#116),#1158,.F.);
#1224=ADVANCED_FACE('',(#117),#53,.T.);
#1225=ADVANCED_FACE('',(#118),#36,.T.);
#1226=ADVANCED_FACE('',(#119),#54,.T.);
#1227=ADVANCED_FACE('',(#120),#55,.T.);
#1228=ADVANCED_FACE('',(#121),#73,.T.);
#1229=ADVANCED_FACE('',(#122),#1159,.T.);
#1230=ADVANCED_FACE('',(#123),#56,.T.);
#1231=ADVANCED_FACE('',(#124),#1160,.T.);
#1232=ADVANCED_FACE('',(#125),#74,.T.);
#1233=ADVANCED_FACE('',(#126),#57,.T.);
#1234=ADVANCED_FACE('',(#127),#1161,.T.);
#1235=ADVANCED_FACE('',(#128),#58,.T.);
#1236=ADVANCED_FACE('',(#129,#62,#63,#64),#1162,.T.);
#1237=ADVANCED_FACE('',(#130),#1163,.T.);
#1238=ADVANCED_FACE('',(#131),#1164,.T.);
#1239=ADVANCED_FACE('',(#132),#1165,.T.);
#1240=ADVANCED_FACE('',(#133),#1166,.T.);
#1241=ADVANCED_FACE('',(#134),#1167,.T.);
#1242=ADVANCED_FACE('',(#135),#1168,.T.);
#1243=ADVANCED_FACE('',(#136),#1169,.T.);
#1244=ADVANCED_FACE('',(#137),#1170,.T.);
#1245=ADVANCED_FACE('',(#138),#1171,.T.);
#1246=ADVANCED_FACE('',(#139),#1172,.T.);
#1247=ADVANCED_FACE('',(#140),#1173,.T.);
#1248=ADVANCED_FACE('',(#141),#1174,.T.);
#1249=ADVANCED_FACE('',(#142),#1175,.F.);
#1250=ADVANCED_FACE('',(#143),#1176,.F.);
#1251=ADVANCED_FACE('',(#144),#1177,.F.);
#1252=ADVANCED_FACE('',(#145),#1178,.F.);
#1253=ADVANCED_FACE('',(#146),#1179,.F.);
#1254=ADVANCED_FACE('',(#147),#1180,.F.);
#1255=ADVANCED_FACE('',(#148),#1181,.F.);
#1256=ADVANCED_FACE('',(#149),#1182,.F.);
#1257=ADVANCED_FACE('',(#150),#1183,.F.);
#1258=ADVANCED_FACE('',(#151),#1184,.F.);
#1259=ADVANCED_FACE('',(#152),#1185,.F.);
#1260=ADVANCED_FACE('',(#153),#1186,.F.);
#1261=CLOSED_SHELL('',(#1187,#1188,#1189,#1190,#1191,#1192,#1193,#1194,
#1195,#1196,#1197,#1198,#1199,#1200,#1201,#1202,#1203,#1204,#1205,#1206,
#1207,#1208,#1209,#1210));
#1262=CLOSED_SHELL('',(#1211,#1212,#1213,#1214,#1215,#1216,#1217,#1218,
#1219,#1220,#1221,#1222,#1223,#1224,#1225,#1226,#1227,#1228,#1229,#1230,
#1231,#1232,#1233,#1234,#1235,#1236));
#1263=CLOSED_SHELL('',(#1237,#1238,#1239,#1240,#1241,#1242,#1243,#1244,
#1245,#1246,#1247,#1248));
#1264=CLOSED_SHELL('',(#1249,#1250,#1251,#1252,#1253,#1254,#1255,#1256,
#1257,#1258,#1259,#1260));
#1265=DERIVED_UNIT_ELEMENT(#1269,1.);
#1266=DERIVED_UNIT_ELEMENT(#3665,-3.);
#1267=DERIVED_UNIT_ELEMENT(#1269,1.);
#1268=DERIVED_UNIT_ELEMENT(#3665,-3.);
#1269=(
MASS_UNIT()
NAMED_UNIT(*)
SI_UNIT(.KILO.,.GRAM.)
);
#1270=DERIVED_UNIT((#1265,#1266));
#1271=DERIVED_UNIT((#1267,#1268));
#1272=MEASURE_REPRESENTATION_ITEM('density measure',
POSITIVE_RATIO_MEASURE(7850.),#1270);
#1273=MEASURE_REPRESENTATION_ITEM('density measure',
POSITIVE_RATIO_MEASURE(7850.),#1271);
#1274=PROPERTY_DEFINITION_REPRESENTATION(#1284,#1278);
#1275=PROPERTY_DEFINITION_REPRESENTATION(#1285,#1279);
#1276=PROPERTY_DEFINITION_REPRESENTATION(#1286,#1280);
#1277=PROPERTY_DEFINITION_REPRESENTATION(#1287,#1281);
#1278=REPRESENTATION('material name',(#1282),#3661);
#1279=REPRESENTATION('density',(#1272),#3661);
#1280=REPRESENTATION('material name',(#1283),#3662);
#1281=REPRESENTATION('density',(#1273),#3662);
#1282=DESCRIPTIVE_REPRESENTATION_ITEM('Steel','Steel');
#1283=DESCRIPTIVE_REPRESENTATION_ITEM('Steel','Steel');
#1284=PROPERTY_DEFINITION('material property','material name',#3682);
#1285=PROPERTY_DEFINITION('material property','density of part',#3682);
#1286=PROPERTY_DEFINITION('material property','material name',#3683);
#1287=PROPERTY_DEFINITION('material property','density of part',#3683);
#1288=AXIS2_PLACEMENT_3D('',#1723,#1398,#1399);
#1289=AXIS2_PLACEMENT_3D('',#1724,#1400,#1401);
#1290=AXIS2_PLACEMENT_3D('',#1725,#1402,#1403);
#1291=AXIS2_PLACEMENT_3D('',#1730,#1405,#1406);
#1292=AXIS2_PLACEMENT_3D('',#1734,#1408,#1409);
#1293=AXIS2_PLACEMENT_3D('',#1764,#1414,#1415);
#1294=AXIS2_PLACEMENT_3D('',#1765,#1416,#1417);
#1295=AXIS2_PLACEMENT_3D('',#1767,#1418,#1419);
#1296=AXIS2_PLACEMENT_3D('',#1793,#1422,#1423);
#1297=AXIS2_PLACEMENT_3D('',#1797,#1425,#1426);
#1298=AXIS2_PLACEMENT_3D('',#1799,#1428,#1429);
#1299=AXIS2_PLACEMENT_3D('',#1800,#1430,#1431);
#1300=AXIS2_PLACEMENT_3D('',#1883,#1432,#1433);
#1301=AXIS2_PLACEMENT_3D('',#1884,#1434,#1435);
#1302=AXIS2_PLACEMENT_3D('',#1885,#1436,#1437);
#1303=AXIS2_PLACEMENT_3D('',#1886,#1438,#1439);
#1304=AXIS2_PLACEMENT_3D('',#1947,#1440,#1441);
#1305=AXIS2_PLACEMENT_3D('',#1948,#1442,#1443);
#1306=AXIS2_PLACEMENT_3D('',#1949,#1444,#1445);
#1307=AXIS2_PLACEMENT_3D('',#1950,#1446,#1447);
#1308=AXIS2_PLACEMENT_3D('',#1951,#1448,#1449);
#1309=AXIS2_PLACEMENT_3D('',#1953,#1450,#1451);
#1310=AXIS2_PLACEMENT_3D('',#1957,#1453,#1454);
#1311=AXIS2_PLACEMENT_3D('',#1960,#1456,#1457);
#1312=AXIS2_PLACEMENT_3D('',#1962,#1458,#1459);
#1313=AXIS2_PLACEMENT_3D('',#1963,#1460,#1461);
#1314=AXIS2_PLACEMENT_3D('',#1964,#1462,#1463);
#1315=AXIS2_PLACEMENT_3D('',#1965,#1464,#1465);
#1316=AXIS2_PLACEMENT_3D('',#1967,#1466,#1467);
#1317=AXIS2_PLACEMENT_3D('',#1968,#1468,#1469);
#1318=AXIS2_PLACEMENT_3D('',#1969,#1470,#1471);
#1319=AXIS2_PLACEMENT_3D('',#1971,#1472,#1473);
#1320=AXIS2_PLACEMENT_3D('',#1972,#1474,#1475);
#1321=AXIS2_PLACEMENT_3D('',#1973,#1476,#1477);
#1322=AXIS2_PLACEMENT_3D('',#2004,#1484,#1485);
#1323=AXIS2_PLACEMENT_3D('',#2005,#1486,#1487);
#1324=AXIS2_PLACEMENT_3D('',#2006,#1488,#1489);
#1325=AXIS2_PLACEMENT_3D('',#2007,#1490,#1491);
#1326=AXIS2_PLACEMENT_3D('',#2032,#1494,#1495);
#1327=AXIS2_PLACEMENT_3D('',#2115,#1496,#1497);
#1328=AXIS2_PLACEMENT_3D('',#2116,#1498,#1499);
#1329=AXIS2_PLACEMENT_3D('',#2117,#1500,#1501);
#1330=AXIS2_PLACEMENT_3D('',#2118,#1502,#1503);
#1331=AXIS2_PLACEMENT_3D('',#2179,#1504,#1505);
#1332=AXIS2_PLACEMENT_3D('',#2180,#1506,#1507);
#1333=AXIS2_PLACEMENT_3D('',#2181,#1508,#1509);
#1334=AXIS2_PLACEMENT_3D('',#2182,#1510,#1511);
#1335=AXIS2_PLACEMENT_3D('',#2183,#1512,#1513);
#1336=AXIS2_PLACEMENT_3D('',#2185,#1514,#1515);
#1337=AXIS2_PLACEMENT_3D('',#2186,#1516,#1517);
#1338=AXIS2_PLACEMENT_3D('',#2389,#1518,#1519);
#1339=AXIS2_PLACEMENT_3D('',#2390,#1520,#1521);
#1340=AXIS2_PLACEMENT_3D('',#2392,#1522,#1523);
#1341=AXIS2_PLACEMENT_3D('',#2394,#1524,#1525);
#1342=AXIS2_PLACEMENT_3D('',#2395,#1526,#1527);
#1343=AXIS2_PLACEMENT_3D('',#2398,#1528,#1529);
#1344=AXIS2_PLACEMENT_3D('',#2400,#1530,#1531);
#1345=AXIS2_PLACEMENT_3D('',#2402,#1532,#1533);
#1346=AXIS2_PLACEMENT_3D('',#2403,#1534,#1535);
#1347=AXIS2_PLACEMENT_3D('',#2484,#1538,#1539);
#1348=AXIS2_PLACEMENT_3D('',#2488,#1541,#1542);
#1349=AXIS2_PLACEMENT_3D('',#2595,#1546,#1547);
#1350=AXIS2_PLACEMENT_3D('',#2598,#1549,#1550);
#1351=AXIS2_PLACEMENT_3D('',#2993,#1553,#1554);
#1352=AXIS2_PLACEMENT_3D('',#3388,#1557,#1558);
#1353=AXIS2_PLACEMENT_3D('',#3389,#1559,#1560);
#1354=AXIS2_PLACEMENT_3D('',#3391,#1561,#1562);
#1355=AXIS2_PLACEMENT_3D('',#3392,#1563,#1564);
#1356=AXIS2_PLACEMENT_3D('',#3395,#1566,#1567);
#1357=AXIS2_PLACEMENT_3D('',#3426,#1568,#1569);
#1358=AXIS2_PLACEMENT_3D('',#3430,#1571,#1572);
#1359=AXIS2_PLACEMENT_3D('',#3432,#1574,#1575);
#1360=AXIS2_PLACEMENT_3D('',#3435,#1577,#1578);
#1361=AXIS2_PLACEMENT_3D('',#3473,#1581,#1582);
#1362=AXIS2_PLACEMENT_3D('',#3477,#1585,#1586);
#1363=AXIS2_PLACEMENT_3D('',#3479,#1587,#1588);
#1364=AXIS2_PLACEMENT_3D('',#3481,#1590,#1591);
#1365=AXIS2_PLACEMENT_3D('',#3518,#1594,#1595);
#1366=AXIS2_PLACEMENT_3D('',#3520,#1596,#1597);
#1367=AXIS2_PLACEMENT_3D('',#3522,#1599,#1600);
#1368=AXIS2_PLACEMENT_3D('',#3526,#1603,#1604);
#1369=AXIS2_PLACEMENT_3D('',#3527,#1605,#1606);
#1370=AXIS2_PLACEMENT_3D('',#3528,#1607,#1608);
#1371=AXIS2_PLACEMENT_3D('',#3529,#1609,#1610);
#1372=AXIS2_PLACEMENT_3D('',#3538,#1615,#1616);
#1373=AXIS2_PLACEMENT_3D('',#3544,#1620,#1621);
#1374=AXIS2_PLACEMENT_3D('',#3550,#1625,#1626);
#1375=AXIS2_PLACEMENT_3D('',#3556,#1630,#1631);
#1376=AXIS2_PLACEMENT_3D('',#3562,#1635,#1636);
#1377=AXIS2_PLACEMENT_3D('',#3568,#1640,#1641);
#1378=AXIS2_PLACEMENT_3D('',#3574,#1645,#1646);
#1379=AXIS2_PLACEMENT_3D('',#3580,#1650,#1651);
#1380=AXIS2_PLACEMENT_3D('',#3586,#1655,#1656);
#1381=AXIS2_PLACEMENT_3D('',#3589,#1659,#1660);
#1382=AXIS2_PLACEMENT_3D('',#3590,#1661,#1662);
#1383=AXIS2_PLACEMENT_3D('',#3591,#1663,#1664);
#1384=AXIS2_PLACEMENT_3D('',#3600,#1669,#1670);
#1385=AXIS2_PLACEMENT_3D('',#3606,#1674,#1675);
#1386=AXIS2_PLACEMENT_3D('',#3612,#1679,#1680);
#1387=AXIS2_PLACEMENT_3D('',#3618,#1684,#1685);
#1388=AXIS2_PLACEMENT_3D('',#3624,#1689,#1690);
#1389=AXIS2_PLACEMENT_3D('',#3630,#1694,#1695);
#1390=AXIS2_PLACEMENT_3D('',#3636,#1699,#1700);
#1391=AXIS2_PLACEMENT_3D('',#3642,#1704,#1705);
#1392=AXIS2_PLACEMENT_3D('',#3648,#1709,#1710);
#1393=AXIS2_PLACEMENT_3D('',#3651,#1713,#1714);
#1394=AXIS2_PLACEMENT_3D('',#3652,#1715,#1716);
#1395=AXIS2_PLACEMENT_3D('',#3653,#1717,#1718);
#1396=AXIS2_PLACEMENT_3D('',#3654,#1719,#1720);
#1397=AXIS2_PLACEMENT_3D('',#3655,#1721,#1722);
#1398=DIRECTION('axis',(0.,0.,1.));
#1399=DIRECTION('refdir',(1.,0.,0.));
#1400=DIRECTION('axis',(0.,0.,1.));
#1401=DIRECTION('refdir',(1.,0.,0.));
#1402=DIRECTION('center_axis',(-0.130526192220052,0.,-0.99144486137381));
#1403=DIRECTION('ref_axis',(-0.99144486137381,0.,0.130526192220052));
#1404=DIRECTION('',(0.,-1.,0.));
#1405=DIRECTION('center_axis',(-0.130526192220052,0.,-0.99144486137381));
#1406=DIRECTION('ref_axis',(0.,1.,0.));
#1407=DIRECTION('',(0.,-1.,0.));
#1408=DIRECTION('center_axis',(-0.130526192220052,0.,-0.99144486137381));
#1409=DIRECTION('ref_axis',(0.99144486137381,0.,-0.130526192220052));
#1410=DIRECTION('',(0.,1.,0.));
#1411=DIRECTION('',(-0.99144486137381,0.,0.130526192220052));
#1412=DIRECTION('',(0.99144486137381,0.,-0.130526192220052));
#1413=DIRECTION('',(-8.26635739494005E-15,1.,0.));
#1414=DIRECTION('center_axis',(-0.130526192220052,0.,-0.99144486137381));
#1415=DIRECTION('ref_axis',(0.99144486137381,0.,-0.130526192220052));
#1416=DIRECTION('center_axis',(0.130526192220052,0.,-0.99144486137381));
#1417=DIRECTION('ref_axis',(-0.99144486137381,0.,-0.130526192220052));
#1418=DIRECTION('center_axis',(-0.130526192220052,0.,0.99144486137381));
#1419=DIRECTION('ref_axis',(0.99144486137381,0.,0.130526192220052));
#1420=DIRECTION('',(-0.99144486137381,0.,-0.130526192220052));
#1421=DIRECTION('',(0.99144486137381,0.,0.130526192220052));
#1422=DIRECTION('center_axis',(-0.130526192220052,0.,0.99144486137381));
#1423=DIRECTION('ref_axis',(0.99144486137381,0.,0.130526192220052));
#1424=DIRECTION('',(0.,1.,0.));
#1425=DIRECTION('center_axis',(-0.130526192220052,0.,0.99144486137381));
#1426=DIRECTION('ref_axis',(0.,1.,0.));
#1427=DIRECTION('',(0.,1.,0.));
#1428=DIRECTION('center_axis',(6.12323399573677E-17,-7.49879891330929E-33,
1.));
#1429=DIRECTION('ref_axis',(1.,-1.22464679914735E-16,0.));
#1430=DIRECTION('center_axis',(0.,0.,1.));
#1431=DIRECTION('ref_axis',(0.,1.,0.));
#1432=DIRECTION('center_axis',(-2.06525781629311E-13,1.,2.0341014062105E-14));
#1433=DIRECTION('ref_axis',(1.,2.06945571790085E-13,-1.77913239696143E-14));
#1434=DIRECTION('center_axis',(6.21353701727284E-13,1.,-3.39210740707766E-14));
#1435=DIRECTION('ref_axis',(1.,-6.21724893790003E-13,-1.0366707492436E-14));
#1436=DIRECTION('center_axis',(0.,1.,0.));
#1437=DIRECTION('ref_axis',(0.,0.,-1.));
#1438=DIRECTION('center_axis',(2.06525781629311E-13,-1.,2.0341014062105E-14));
#1439=DIRECTION('ref_axis',(1.,2.06945571790085E-13,1.77913239696143E-14));
#1440=DIRECTION('center_axis',(-6.21353701727284E-13,-1.,-3.39210740707766E-14));
#1441=DIRECTION('ref_axis',(1.,-6.21724893790003E-13,1.0366707492436E-14));
#1442=DIRECTION('center_axis',(0.,-1.,0.));
#1443=DIRECTION('ref_axis',(0.,0.,1.));
#1444=DIRECTION('center_axis',(6.12323399573677E-17,7.49879891330929E-33,
1.));
#1445=DIRECTION('ref_axis',(1.,1.22464679914735E-16,0.));
#1446=DIRECTION('center_axis',(0.,0.,-1.));
#1447=DIRECTION('ref_axis',(0.,-1.,0.));
#1448=DIRECTION('center_axis',(0.,0.,1.));
#1449=DIRECTION('ref_axis',(1.,0.,0.));
#1450=DIRECTION('center_axis',(0.,0.,-1.));
#1451=DIRECTION('ref_axis',(1.,0.,0.));
#1452=DIRECTION('',(0.,-1.,0.));
#1453=DIRECTION('center_axis',(0.,0.,1.));
#1454=DIRECTION('ref_axis',(0.,1.,0.));
#1455=DIRECTION('',(0.,-1.,0.));
#1456=DIRECTION('center_axis',(0.,0.,-1.));
#1457=DIRECTION('ref_axis',(1.,0.,0.));
#1458=DIRECTION('center_axis',(0.,0.,-1.));
#1459=DIRECTION('ref_axis',(1.,0.,0.));
#1460=DIRECTION('center_axis',(0.,0.,-1.));
#1461=DIRECTION('ref_axis',(0.,1.,0.));
#1462=DIRECTION('center_axis',(0.130526192220052,0.,0.99144486137381));
#1463=DIRECTION('ref_axis',(0.99144486137381,0.,-0.130526192220052));
#1464=DIRECTION('center_axis',(0.,0.,-1.));
#1465=DIRECTION('ref_axis',(0.,1.,0.));
#1466=DIRECTION('center_axis',(0.,0.,-1.));
#1467=DIRECTION('ref_axis',(1.,0.,0.));
#1468=DIRECTION('center_axis',(0.130526192220052,0.,-0.99144486137381));
#1469=DIRECTION('ref_axis',(0.99144486137381,0.,0.130526192220052));
#1470=DIRECTION('center_axis',(0.,0.,-1.));
#1471=DIRECTION('ref_axis',(1.22464679914735E-16,-1.,0.));
#1472=DIRECTION('center_axis',(0.130526192220052,0.,-0.99144486137381));
#1473=DIRECTION('ref_axis',(0.99144486137381,0.,0.130526192220052));
#1474=DIRECTION('center_axis',(0.,0.,-1.));
#1475=DIRECTION('ref_axis',(1.,0.,0.));
#1476=DIRECTION('center_axis',(-0.130526192220052,0.,0.99144486137381));
#1477=DIRECTION('ref_axis',(0.99144486137381,0.,0.130526192220052));
#1478=DIRECTION('',(0.,1.,0.));
#1479=DIRECTION('',(-8.26635739494005E-15,1.,0.));
#1480=DIRECTION('',(-0.99144486137381,0.,-0.130526192220052));
#1481=DIRECTION('',(0.99144486137381,0.,0.130526192220052));
#1482=DIRECTION('',(0.,1.,0.));
#1483=DIRECTION('',(0.,1.,0.));
#1484=DIRECTION('center_axis',(-0.130526192220052,0.,0.99144486137381));
#1485=DIRECTION('ref_axis',(0.,1.,0.));
#1486=DIRECTION('center_axis',(0.130526192220052,0.,0.99144486137381));
#1487=DIRECTION('ref_axis',(0.99144486137381,0.,-0.130526192220052));
#1488=DIRECTION('center_axis',(0.130526192220052,0.,0.99144486137381));
#1489=DIRECTION('ref_axis',(0.99144486137381,0.,-0.130526192220052));
#1490=DIRECTION('center_axis',(-0.130526192220052,0.,-0.99144486137381));
#1491=DIRECTION('ref_axis',(0.,1.,0.));
#1492=DIRECTION('',(-0.99144486137381,0.,0.130526192220052));
#1493=DIRECTION('',(0.99144486137381,0.,-0.130526192220052));
#1494=DIRECTION('center_axis',(-6.12323399573677E-17,-7.49879891330929E-33,
1.));
#1495=DIRECTION('ref_axis',(-1.,-1.22464679914735E-16,0.));
#1496=DIRECTION('center_axis',(6.21353701727284E-13,-1.,3.39210740707766E-14));
#1497=DIRECTION('ref_axis',(-1.,-6.21724893790003E-13,-1.0366707492436E-14));
#1498=DIRECTION('center_axis',(-2.06525781629311E-13,-1.,-2.0341014062105E-14));
#1499=DIRECTION('ref_axis',(-1.,2.06945571790085E-13,-1.77913239696143E-14));
#1500=DIRECTION('center_axis',(0.,-1.,0.));
#1501=DIRECTION('ref_axis',(0.,0.,-1.));
#1502=DIRECTION('center_axis',(2.06525781629311E-13,1.,-2.0341014062105E-14));
#1503=DIRECTION('ref_axis',(-1.,2.06945571790085E-13,1.77913239696143E-14));
#1504=DIRECTION('center_axis',(-6.21353701727284E-13,1.,3.39210740707766E-14));
#1505=DIRECTION('ref_axis',(-1.,-6.21724893790003E-13,1.0366707492436E-14));
#1506=DIRECTION('center_axis',(0.,1.,0.));
#1507=DIRECTION('ref_axis',(0.,0.,1.));
#1508=DIRECTION('center_axis',(-6.12323399573677E-17,-1.96938225556285E-32,
1.));
#1509=DIRECTION('ref_axis',(-1.,-3.21624529935327E-16,0.));
#1510=DIRECTION('center_axis',(0.,0.,-1.));
#1511=DIRECTION('ref_axis',(0.,-1.,0.));
#1512=DIRECTION('center_axis',(0.,0.,-1.));
#1513=DIRECTION('ref_axis',(-1.,0.,0.));
#1514=DIRECTION('center_axis',(0.,0.,-1.));
#1515=DIRECTION('ref_axis',(1.,0.,0.));
#1516=DIRECTION('center_axis',(0.,0.,-1.));
#1517=DIRECTION('ref_axis',(1.22464679914735E-16,-1.,0.));
#1518=DIRECTION('axis',(0.,0.,1.));
#1519=DIRECTION('refdir',(1.,0.,0.));
#1520=DIRECTION('center_axis',(6.123233995736E-17,0.,1.));
#1521=DIRECTION('ref_axis',(1.,0.,0.));
#1522=DIRECTION('center_axis',(-1.0944001335266E-32,-3.46494072181893E-32,
1.));
#1523=DIRECTION('ref_axis',(0.,-1.,-3.46494072181893E-32));
#1524=DIRECTION('center_axis',(-1.22464679914735E-16,1.,0.));
#1525=DIRECTION('ref_axis',(-1.,-1.22464679914735E-16,0.));
#1526=DIRECTION('center_axis',(-1.0944001335266E-32,-3.46494072181893E-32,
1.));
#1527=DIRECTION('ref_axis',(1.,0.,1.0944001335266E-32));
#1528=DIRECTION('center_axis',(0.,0.,1.));
#1529=DIRECTION('ref_axis',(-1.,0.,0.));
#1530=DIRECTION('center_axis',(0.,0.,1.));
#1531=DIRECTION('ref_axis',(-1.,0.,0.));
#1532=DIRECTION('center_axis',(0.,0.,1.));
#1533=DIRECTION('ref_axis',(-1.,0.,0.));
#1534=DIRECTION('center_axis',(0.,0.,1.));
#1535=DIRECTION('ref_axis',(-1.,0.,0.));
#1536=DIRECTION('',(-0.909862962727829,0.20324270043152,-0.361720601815049));
#1537=DIRECTION('',(-0.917592341306098,0.130019869138575,-0.375658260664637));
#1538=DIRECTION('center_axis',(0.,0.,1.));
#1539=DIRECTION('ref_axis',(0.991071249821234,0.133333333333333,0.));
#1540=DIRECTION('',(0.910100060616059,0.184523819952951,-0.371037517694122));
#1541=DIRECTION('center_axis',(0.,0.,1.));
#1542=DIRECTION('ref_axis',(0.,1.,0.));
#1543=DIRECTION('',(1.,0.,0.));
#1544=DIRECTION('',(0.897985870667317,0.255495204228372,-0.358250717651985));
#1545=DIRECTION('',(0.,-1.,0.));
#1546=DIRECTION('center_axis',(0.,0.,1.));
#1547=DIRECTION('ref_axis',(0.,-1.,0.));
#1548=DIRECTION('',(-1.,0.,0.));
#1549=DIRECTION('center_axis',(0.,0.,1.));
#1550=DIRECTION('ref_axis',(-0.998989377886617,0.0449468894330861,0.));
#1551=DIRECTION('',(0.,0.,1.));
#1552=DIRECTION('',(0.,0.,1.));
#1553=DIRECTION('center_axis',(0.,0.,1.));
#1554=DIRECTION('ref_axis',(-1.,0.,0.));
#1555=DIRECTION('',(0.,0.,1.));
#1556=DIRECTION('',(0.,0.,1.));
#1557=DIRECTION('center_axis',(0.,0.,1.));
#1558=DIRECTION('ref_axis',(-1.,0.,0.));
#1559=DIRECTION('center_axis',(0.,-0.0525588331227636,-0.99861782933251));
#1560=DIRECTION('ref_axis',(0.,0.99861782933251,-0.0525588331227636));
#1561=DIRECTION('center_axis',(0.,-0.0525588331227636,-0.99861782933251));
#1562=DIRECTION('ref_axis',(0.,-0.99861782933251,0.0525588331227636));
#1563=DIRECTION('center_axis',(0.,0.,1.));
#1564=DIRECTION('ref_axis',(-1.,0.,0.));
#1565=DIRECTION('',(0.,0.,-1.));
#1566=DIRECTION('center_axis',(0.,0.,-1.));
#1567=DIRECTION('ref_axis',(-1.,0.,0.));
#1568=DIRECTION('center_axis',(0.,0.,1.));
#1569=DIRECTION('ref_axis',(-1.,0.,0.));
#1570=DIRECTION('',(0.,0.,1.));
#1571=DIRECTION('center_axis',(0.,0.,1.));
#1572=DIRECTION('ref_axis',(-1.,0.,0.));
#1573=DIRECTION('',(0.,0.,1.));
#1574=DIRECTION('center_axis',(0.,0.,1.));
#1575=DIRECTION('ref_axis',(-0.998989377886617,0.0449468894330861,0.));
#1576=DIRECTION('',(0.,0.,1.));
#1577=DIRECTION('center_axis',(0.,0.,1.));
#1578=DIRECTION('ref_axis',(-0.998989377886617,0.0449468894330861,0.));
#1579=DIRECTION('',(0.,0.,1.));
#1580=DIRECTION('',(0.,0.,1.));
#1581=DIRECTION('center_axis',(1.,0.,0.));
#1582=DIRECTION('ref_axis',(0.,1.,0.));
#1583=DIRECTION('',(0.,1.,0.));
#1584=DIRECTION('',(0.,0.,1.));
#1585=DIRECTION('center_axis',(0.,0.,1.));
#1586=DIRECTION('ref_axis',(0.,-1.,0.));
#1587=DIRECTION('center_axis',(0.,0.,1.));
#1588=DIRECTION('ref_axis',(0.,-1.,0.));
#1589=DIRECTION('',(0.,0.,1.));
#1590=DIRECTION('center_axis',(0.,-1.,0.));
#1591=DIRECTION('ref_axis',(1.,0.,0.));
#1592=DIRECTION('',(1.,0.,0.));
#1593=DIRECTION('',(0.,0.,1.));
#1594=DIRECTION('center_axis',(0.,0.,1.));
#1595=DIRECTION('ref_axis',(0.,1.,0.));
#1596=DIRECTION('center_axis',(0.,0.,1.));
#1597=DIRECTION('ref_axis',(0.,1.,0.));
#1598=DIRECTION('',(0.,0.,1.));
#1599=DIRECTION('center_axis',(0.,1.,0.));
#1600=DIRECTION('ref_axis',(-1.,0.,0.));
#1601=DIRECTION('',(-1.,0.,0.));
#1602=DIRECTION('',(0.,0.,1.));
#1603=DIRECTION('center_axis',(0.,0.,1.));
#1604=DIRECTION('ref_axis',(0.991071249821234,0.133333333333333,0.));
#1605=DIRECTION('center_axis',(0.,0.,1.));
#1606=DIRECTION('ref_axis',(0.991071249821234,0.133333333333333,0.));
#1607=DIRECTION('center_axis',(0.,0.,1.));
#1608=DIRECTION('ref_axis',(1.,0.,0.));
#1609=DIRECTION('center_axis',(1.07844394065639E-15,0.237547409609806,0.971375945856017));
#1610=DIRECTION('ref_axis',(-2.49488320140485E-16,0.971375945856017,-0.237547409609806));
#1611=DIRECTION('',(-2.49488320140485E-16,0.971375945856017,-0.237547409609806));
#1612=DIRECTION('',(-1.,0.,1.11022302462516E-15));
#1613=DIRECTION('',(-2.49488320140485E-16,0.971375945856017,-0.237547409609806));
#1614=DIRECTION('',(-1.,0.,1.11022302462516E-15));
#1615=DIRECTION('center_axis',(0.,-1.,0.));
#1616=DIRECTION('ref_axis',(9.86864910777922E-15,0.,1.));
#1617=DIRECTION('',(9.86864910777922E-15,0.,1.));
#1618=DIRECTION('',(9.86864910777922E-15,0.,1.));
#1619=DIRECTION('',(-1.,0.,1.11022302462516E-15));
#1620=DIRECTION('center_axis',(1.04326838366687E-15,0.342020143325668,0.939692620785909));
#1621=DIRECTION('ref_axis',(-1.99590656112388E-15,0.939692620785909,-0.342020143325668));
#1622=DIRECTION('',(-1.99590656112388E-15,0.939692620785909,-0.342020143325668));
#1623=DIRECTION('',(-1.99590656112388E-15,0.939692620785909,-0.342020143325668));
#1624=DIRECTION('',(-1.,0.,1.11022302462516E-15));
#1625=DIRECTION('center_axis',(-3.81334128988675E-30,-1.,-3.43475248243409E-15));
#1626=DIRECTION('ref_axis',(8.88178419700129E-15,-3.43475248243409E-15,
1.));
#1627=DIRECTION('',(8.88178419700129E-15,-3.43475248243409E-15,1.));
#1628=DIRECTION('',(8.88178419700129E-15,-3.43475248243409E-15,1.));
#1629=DIRECTION('',(-1.,0.,1.11022302462516E-15));
#1630=DIRECTION('center_axis',(1.04326838366687E-15,0.342020143325668,0.939692620785909));
#1631=DIRECTION('ref_axis',(-1.99590656112388E-15,0.939692620785909,-0.342020143325668));
#1632=DIRECTION('',(-1.99590656112388E-15,0.939692620785909,-0.342020143325668));
#1633=DIRECTION('',(-1.99590656112388E-15,0.939692620785909,-0.342020143325668));
#1634=DIRECTION('',(-1.,0.,1.11022302462516E-15));
#1635=DIRECTION('center_axis',(1.23259516440783E-30,-1.,1.11022302462516E-15));
#1636=DIRECTION('ref_axis',(0.,1.11022302462516E-15,1.));
#1637=DIRECTION('',(0.,1.11022302462516E-15,1.));
#1638=DIRECTION('',(0.,1.11022302462516E-15,1.));
#1639=DIRECTION('',(-1.,0.,1.11022302462516E-15));
#1640=DIRECTION('center_axis',(1.04326838366687E-15,0.342020143325669,0.939692620785909));
#1641=DIRECTION('ref_axis',(-2.49488320140485E-16,0.939692620785909,-0.342020143325669));
#1642=DIRECTION('',(-2.49488320140485E-16,0.939692620785909,-0.342020143325669));
#1643=DIRECTION('',(-2.49488320140485E-16,0.939692620785909,-0.342020143325669));
#1644=DIRECTION('',(-1.,0.,1.11022302462516E-15));
#1645=DIRECTION('center_axis',(6.16297582203916E-31,-1.,5.55111512312579E-16));
#1646=DIRECTION('ref_axis',(5.55111512312579E-16,5.55111512312579E-16,1.));
#1647=DIRECTION('',(5.55111512312579E-16,5.55111512312579E-16,1.));
#1648=DIRECTION('',(5.55111512312579E-16,5.55111512312579E-16,1.));
#1649=DIRECTION('',(-1.,0.,1.11022302462516E-15));
#1650=DIRECTION('center_axis',(-1.1085773766004E-15,-0.0544273719199568,
-0.998517732033782));
#1651=DIRECTION('ref_axis',(6.57226084791658E-17,-0.998517732033781,0.0544273719199568));
#1652=DIRECTION('',(6.57226084791658E-17,-0.998517732033781,0.0544273719199568));
#1653=DIRECTION('',(6.57226084791658E-17,-0.998517732033781,0.0544273719199568));
#1654=DIRECTION('',(-1.,0.,1.11022302462516E-15));
#1655=DIRECTION('center_axis',(0.,1.,0.));
#1656=DIRECTION('ref_axis',(-5.05482554862014E-16,0.,-1.));
#1657=DIRECTION('',(-5.05482554862014E-16,0.,-1.));
#1658=DIRECTION('',(-5.05482554862014E-16,0.,-1.));
#1659=DIRECTION('center_axis',(1.,6.34558576055834E-17,-5.55111512312579E-16));
#1660=DIRECTION('ref_axis',(6.34558576055834E-17,-1.,0.));
#1661=DIRECTION('center_axis',(-1.,0.,1.11022302462516E-15));
#1662=DIRECTION('ref_axis',(1.11022302462516E-15,0.,1.));
#1663=DIRECTION('center_axis',(1.07844394065639E-15,-0.237547409609806,
-0.971375945856017));
#1664=DIRECTION('ref_axis',(2.49488320140485E-16,0.971375945856017,-0.237547409609806));
#1665=DIRECTION('',(2.49488320140485E-16,0.971375945856017,-0.237547409609806));
#1666=DIRECTION('',(1.,0.,1.11022302462516E-15));
#1667=DIRECTION('',(2.49488320140485E-16,0.971375945856017,-0.237547409609806));
#1668=DIRECTION('',(1.,0.,1.11022302462516E-15));
#1669=DIRECTION('center_axis',(0.,1.,0.));
#1670=DIRECTION('ref_axis',(-9.86864910777922E-15,0.,1.));
#1671=DIRECTION('',(-9.86864910777922E-15,0.,1.));
#1672=DIRECTION('',(1.,0.,1.11022302462516E-15));
#1673=DIRECTION('',(-9.86864910777922E-15,0.,1.));
#1674=DIRECTION('center_axis',(1.04326838366687E-15,-0.342020143325668,
-0.939692620785909));
#1675=DIRECTION('ref_axis',(1.99590656112388E-15,0.939692620785909,-0.342020143325668));
#1676=DIRECTION('',(1.99590656112388E-15,0.939692620785909,-0.342020143325668));
#1677=DIRECTION('',(1.,0.,1.11022302462516E-15));
#1678=DIRECTION('',(1.99590656112388E-15,0.939692620785909,-0.342020143325668));
#1679=DIRECTION('center_axis',(-3.81334128988675E-30,1.,3.43475248243409E-15));
#1680=DIRECTION('ref_axis',(-8.88178419700129E-15,-3.43475248243409E-15,
1.));
#1681=DIRECTION('',(-8.88178419700129E-15,-3.43475248243409E-15,1.));
#1682=DIRECTION('',(1.,0.,1.11022302462516E-15));
#1683=DIRECTION('',(-8.88178419700129E-15,-3.43475248243409E-15,1.));
#1684=DIRECTION('center_axis',(1.04326838366687E-15,-0.342020143325668,
-0.939692620785909));
#1685=DIRECTION('ref_axis',(1.99590656112388E-15,0.939692620785909,-0.342020143325668));
#1686=DIRECTION('',(1.99590656112388E-15,0.939692620785909,-0.342020143325668));
#1687=DIRECTION('',(1.,0.,1.11022302462516E-15));
#1688=DIRECTION('',(1.99590656112388E-15,0.939692620785909,-0.342020143325668));
#1689=DIRECTION('center_axis',(1.23259516440783E-30,1.,-1.11022302462516E-15));
#1690=DIRECTION('ref_axis',(0.,1.11022302462516E-15,1.));
#1691=DIRECTION('',(0.,1.11022302462516E-15,1.));
#1692=DIRECTION('',(1.,0.,1.11022302462516E-15));
#1693=DIRECTION('',(0.,1.11022302462516E-15,1.));
#1694=DIRECTION('center_axis',(1.04326838366687E-15,-0.342020143325669,
-0.939692620785909));
#1695=DIRECTION('ref_axis',(2.49488320140485E-16,0.939692620785909,-0.342020143325669));
#1696=DIRECTION('',(2.49488320140485E-16,0.939692620785909,-0.342020143325669));
#1697=DIRECTION('',(1.,0.,1.11022302462516E-15));
#1698=DIRECTION('',(2.49488320140485E-16,0.939692620785909,-0.342020143325669));
#1699=DIRECTION('center_axis',(6.16297582203916E-31,1.,-5.55111512312579E-16));
#1700=DIRECTION('ref_axis',(-5.55111512312579E-16,5.55111512312579E-16,
1.));
#1701=DIRECTION('',(-5.55111512312579E-16,5.55111512312579E-16,1.));
#1702=DIRECTION('',(1.,0.,1.11022302462516E-15));
#1703=DIRECTION('',(-5.55111512312579E-16,5.55111512312579E-16,1.));
#1704=DIRECTION('center_axis',(-1.1085773766004E-15,0.0544273719199568,
0.998517732033782));
#1705=DIRECTION('ref_axis',(-6.57226084791658E-17,-0.998517732033781,0.0544273719199568));
#1706=DIRECTION('',(-6.57226084791658E-17,-0.998517732033781,0.0544273719199568));
#1707=DIRECTION('',(1.,0.,1.11022302462516E-15));
#1708=DIRECTION('',(-6.57226084791658E-17,-0.998517732033781,0.0544273719199568));
#1709=DIRECTION('center_axis',(0.,-1.,0.));
#1710=DIRECTION('ref_axis',(5.05482554862014E-16,0.,-1.));
#1711=DIRECTION('',(5.05482554862014E-16,0.,-1.));
#1712=DIRECTION('',(5.05482554862014E-16,0.,-1.));
#1713=DIRECTION('center_axis',(1.,-6.34558576055834E-17,5.55111512312579E-16));
#1714=DIRECTION('ref_axis',(-6.34558576055834E-17,-1.,0.));
#1715=DIRECTION('center_axis',(-1.,0.,-1.11022302462516E-15));
#1716=DIRECTION('ref_axis',(-1.11022302462516E-15,0.,1.));
#1717=DIRECTION('',(0.,0.,1.));
#1718=DIRECTION('',(1.,0.,0.));
#1719=DIRECTION('',(-4.9960036108132E-16,-6.118339830511E-32,-1.));
#1720=DIRECTION('',(-1.,-1.22464679914735E-16,4.9960036108132E-16));
#1721=DIRECTION('',(0.,0.,1.));
#1722=DIRECTION('',(1.,0.,0.));
#1723=CARTESIAN_POINT('',(0.,0.,0.));
#1724=CARTESIAN_POINT('',(0.,0.,0.));
#1725=CARTESIAN_POINT('Origin',(8.16287045166691,0.,-1.0746622824443));
#1726=CARTESIAN_POINT('',(7.59575366214989,-11.1155080079754,-0.999999940680641));
#1727=CARTESIAN_POINT('',(7.59575411272515,-11.1603996101851,-1.));
#1728=CARTESIAN_POINT('',(7.59575366214989,4.33321554387134,-0.999999940680641));
#1729=CARTESIAN_POINT('',(7.59575366214989,11.1155080079754,-0.999999940680641));
#1730=CARTESIAN_POINT('Origin',(0.,0.,0.));
#1731=CARTESIAN_POINT('',(7.59575411272515,11.1603996101851,-1.));
#1732=CARTESIAN_POINT('',(7.59575366214989,4.33321554387134,-0.999999940680641));
#1733=CARTESIAN_POINT('',(0.,13.4999996982515,0.));
#1734=CARTESIAN_POINT('Origin',(0.,0.,1.39975386917478E-16));
#1735=CARTESIAN_POINT('',(0.,13.8,0.));
#1736=CARTESIAN_POINT('',(0.,13.4999996982515,0.));
#1737=CARTESIAN_POINT('',(2.47861215343453,13.8,-0.326315480550129));
#1738=CARTESIAN_POINT('',(0.,13.8,0.));
#1739=CARTESIAN_POINT('',(2.47861215343453,-13.8,-0.326315480550129));
#1740=CARTESIAN_POINT('Ctrl Pts',(2.47861215343453,-13.8,-0.326315480550129));
#1741=CARTESIAN_POINT('Ctrl Pts',(3.07088468535712,-13.5964786293681,-0.404289638630149));
#1742=CARTESIAN_POINT('Ctrl Pts',(4.23433173205716,-13.1706781661717,-0.557460348138889));
#1743=CARTESIAN_POINT('Ctrl Pts',(5.91614976300383,-12.4756724591829,-0.778875892400534));
#1744=CARTESIAN_POINT('Ctrl Pts',(8.01908145821025,-11.4280520646883,-1.05573210233016));
#1745=CARTESIAN_POINT('Ctrl Pts',(10.3456520186391,-9.8769828081368,-1.36203092742393));
#1746=CARTESIAN_POINT('Ctrl Pts',(12.3032985014845,-8.05573129476413,-1.6197599762837));
#1747=CARTESIAN_POINT('Ctrl Pts',(13.8422242234679,-5.9635918778734,-1.8223633911843));
#1748=CARTESIAN_POINT('Ctrl Pts',(15.0053728072109,-3.67844128943531,-1.97549480729931));
#1749=CARTESIAN_POINT('Ctrl Pts',(15.8552107207458,-1.32704410883701,-2.08737809116064));
#1750=CARTESIAN_POINT('Ctrl Pts',(16.3257409033338,1.01303496855762,-2.14932456488861));
#1751=CARTESIAN_POINT('Ctrl Pts',(16.3224542326784,3.27695457626469,-2.14889186648807));
#1752=CARTESIAN_POINT('Ctrl Pts',(15.7327708201087,5.42298729194542,-2.07125857243741));
#1753=CARTESIAN_POINT('Ctrl Pts',(14.4834137262864,7.4244568256512,-1.90677759065718));
#1754=CARTESIAN_POINT('Ctrl Pts',(12.5465374111597,9.26878372892548,-1.65178298625287));
#1755=CARTESIAN_POINT('Ctrl Pts',(9.91948161443584,10.951722965789,-1.30592452931273));
#1756=CARTESIAN_POINT('Ctrl Pts',(7.27489151537774,12.1697400354863,-0.957757637676834));
#1757=CARTESIAN_POINT('Ctrl Pts',(4.99225557255194,13.0122717546593,-0.657242914721057));
#1758=CARTESIAN_POINT('Ctrl Pts',(3.33849437796365,13.5426434059278,-0.439521123040394));
#1759=CARTESIAN_POINT('Ctrl Pts',(2.47861215343452,13.8,-0.326315480550129));
#1760=CARTESIAN_POINT('',(0.,-13.8,0.));
#1761=CARTESIAN_POINT('',(0.,-13.8,0.));
#1762=CARTESIAN_POINT('',(-2.47990971284309E-15,-13.4999996982515,0.));
#1763=CARTESIAN_POINT('',(0.,-13.8,0.));
#1764=CARTESIAN_POINT('Origin',(0.,0.,1.39975386917478E-16));
#1765=CARTESIAN_POINT('Origin',(8.16287045166691,0.,1.0746622824443));
#1766=CARTESIAN_POINT('',(7.59575411272515,-11.1603996101851,1.));
#1767=CARTESIAN_POINT('Origin',(0.,0.,-1.39975386917478E-16));
#1768=CARTESIAN_POINT('',(2.47861215343453,-13.8,0.326315480550129));
#1769=CARTESIAN_POINT('',(0.,-13.8,0.));
#1770=CARTESIAN_POINT('',(2.47861215343453,13.8,0.326315480550129));
#1771=CARTESIAN_POINT('Ctrl Pts',(2.47861215343452,13.8,0.326315480550129));
#1772=CARTESIAN_POINT('Ctrl Pts',(3.33849437796365,13.5426434059278,0.439521123040394));
#1773=CARTESIAN_POINT('Ctrl Pts',(4.99225557255194,13.0122717546593,0.657242914721057));
#1774=CARTESIAN_POINT('Ctrl Pts',(7.27489151537774,12.1697400354863,0.957757637676834));
#1775=CARTESIAN_POINT('Ctrl Pts',(9.91948161443584,10.951722965789,1.30592452931273));
#1776=CARTESIAN_POINT('Ctrl Pts',(12.5465374111597,9.26878372892548,1.65178298625287));
#1777=CARTESIAN_POINT('Ctrl Pts',(14.4834137262864,7.4244568256512,1.90677759065718));
#1778=CARTESIAN_POINT('Ctrl Pts',(15.7327708201087,5.42298729194542,2.07125857243741));
#1779=CARTESIAN_POINT('Ctrl Pts',(16.3224542326784,3.27695457626469,2.14889186648807));
#1780=CARTESIAN_POINT('Ctrl Pts',(16.3257409033338,1.01303496855762,2.14932456488861));
#1781=CARTESIAN_POINT('Ctrl Pts',(15.8552107207458,-1.32704410883701,2.08737809116064));
#1782=CARTESIAN_POINT('Ctrl Pts',(15.0053728072109,-3.67844128943531,1.97549480729931));
#1783=CARTESIAN_POINT('Ctrl Pts',(13.8422242234679,-5.9635918778734,1.8223633911843));
#1784=CARTESIAN_POINT('Ctrl Pts',(12.3032985014845,-8.05573129476413,1.6197599762837));
#1785=CARTESIAN_POINT('Ctrl Pts',(10.3456520186391,-9.8769828081368,1.36203092742393));
#1786=CARTESIAN_POINT('Ctrl Pts',(8.01908145821025,-11.4280520646883,1.05573210233016));
#1787=CARTESIAN_POINT('Ctrl Pts',(5.91614976300383,-12.4756724591829,0.778875892400534));
#1788=CARTESIAN_POINT('Ctrl Pts',(4.23433173205716,-13.1706781661717,0.557460348138889));
#1789=CARTESIAN_POINT('Ctrl Pts',(3.07088468535712,-13.5964786293681,0.404289638630149));
#1790=CARTESIAN_POINT('Ctrl Pts',(2.47861215343453,-13.8,0.326315480550129));
#1791=CARTESIAN_POINT('',(0.,13.8,0.));
#1792=CARTESIAN_POINT('',(7.59575411272515,11.1603996101851,1.));
#1793=CARTESIAN_POINT('Origin',(0.,0.,-1.39975386917478E-16));
#1794=CARTESIAN_POINT('',(7.59575411272515,11.1155076947393,1.));
#1795=CARTESIAN_POINT('',(7.59575411272515,6.75,1.));
#1796=CARTESIAN_POINT('',(7.59575411272515,-11.1155076947393,1.));
#1797=CARTESIAN_POINT('Origin',(0.,0.,0.));
#1798=CARTESIAN_POINT('',(7.59575411272515,6.75,1.));
#1799=CARTESIAN_POINT('Origin',(0.,0.,0.));
#1800=CARTESIAN_POINT('Origin',(0.,0.,1.));
#1801=CARTESIAN_POINT('Ctrl Pts',(2.5,-13.8,0.));
#1802=CARTESIAN_POINT('Ctrl Pts',(2.5,-13.8,-0.163858657038096));
#1803=CARTESIAN_POINT('Ctrl Pts',(2.47861215343453,-13.8,-0.326315480550129));
#1804=CARTESIAN_POINT('Ctrl Pts',(3.09738322825326,-13.5964786293681,0.));
#1805=CARTESIAN_POINT('Ctrl Pts',(3.09738322825326,-13.5964786293681,-0.20301322244556));
#1806=CARTESIAN_POINT('Ctrl Pts',(3.07088468535712,-13.5964786293681,-0.404289638630149));
#1807=CARTESIAN_POINT('Ctrl Pts',(4.27086961365638,-13.1706781661717,0.));
#1808=CARTESIAN_POINT('Ctrl Pts',(4.27086961365637,-13.1706781661717,-0.279927583711418));
#1809=CARTESIAN_POINT('Ctrl Pts',(4.23433173205716,-13.1706781661717,-0.557460348138891));
#1810=CARTESIAN_POINT('Ctrl Pts',(5.96719998609507,-12.4756724591829,0.));
#1811=CARTESIAN_POINT('Ctrl Pts',(5.96719998609507,-12.4756724591829,-0.391110950399713));
#1812=CARTESIAN_POINT('Ctrl Pts',(5.91614976300383,-12.4756724591829,-0.778875892400536));
#1813=CARTESIAN_POINT('Ctrl Pts',(8.08827779600218,-11.4280520646883,0.));
#1814=CARTESIAN_POINT('Ctrl Pts',(8.08827779600218,-11.4280520646883,-0.530133734961587));
#1815=CARTESIAN_POINT('Ctrl Pts',(8.01908145821025,-11.4280520646883,-1.05573210233016));
#1816=CARTESIAN_POINT('Ctrl Pts',(10.434924242084,-9.8769828081368,0.));
#1817=CARTESIAN_POINT('Ctrl Pts',(10.434924242084,-9.8769828081368,-0.683941069040859));
#1818=CARTESIAN_POINT('Ctrl Pts',(10.3456520186391,-9.8769828081368,-1.36203092742393));
#1819=CARTESIAN_POINT('Ctrl Pts',(12.4094631792597,-8.05573129476413,0.));
#1820=CARTESIAN_POINT('Ctrl Pts',(12.4094631792597,-8.05573129476413,-0.813359188446876));
#1821=CARTESIAN_POINT('Ctrl Pts',(12.3032985014845,-8.05573129476413,-1.6197599762837));
#1822=CARTESIAN_POINT('Ctrl Pts',(13.9616682306338,-5.9635918778734,0.));
#1823=CARTESIAN_POINT('Ctrl Pts',(13.9616682306338,-5.9635918778734,-0.915096082513243));
#1824=CARTESIAN_POINT('Ctrl Pts',(13.8422242234679,-5.9635918778734,-1.8223633911843));
#1825=CARTESIAN_POINT('Ctrl Pts',(15.1348535776548,-3.67844128943531,0.));
#1826=CARTESIAN_POINT('Ctrl Pts',(15.1348535776548,-3.67844128943531,-0.991990712681096));
#1827=CARTESIAN_POINT('Ctrl Pts',(15.0053728072109,-3.67844128943531,-1.97549480729931));
#1828=CARTESIAN_POINT('Ctrl Pts',(15.9920247090451,-1.32704410883701,0.));
#1829=CARTESIAN_POINT('Ctrl Pts',(15.9920247090451,-1.32704410883701,-1.04817267685767));
#1830=CARTESIAN_POINT('Ctrl Pts',(15.8552107207458,-1.32704410883701,-2.08737809116064));
#1831=CARTESIAN_POINT('Ctrl Pts',(16.4666150780305,1.01303496855762,0.));
#1832=CARTESIAN_POINT('Ctrl Pts',(16.4666150780305,1.01303496855762,-1.07927897305973));
#1833=CARTESIAN_POINT('Ctrl Pts',(16.3257409033338,1.01303496855762,-2.14932456488861));
#1834=CARTESIAN_POINT('Ctrl Pts',(16.4633000468235,3.27695457626469,0.));
#1835=CARTESIAN_POINT('Ctrl Pts',(16.4633000468235,3.27695457626469,-1.07906169443509));
#1836=CARTESIAN_POINT('Ctrl Pts',(16.3224542326784,3.27695457626469,-2.14889186648807));
#1837=CARTESIAN_POINT('Ctrl Pts',(15.868528279332,5.42298729194542,0.));
#1838=CARTESIAN_POINT('Ctrl Pts',(15.868528279332,5.42298729194542,-1.04007829320896));
#1839=CARTESIAN_POINT('Ctrl Pts',(15.7327708201087,5.42298729194542,-2.07125857243742));
#1840=CARTESIAN_POINT('Ctrl Pts',(14.6083905323966,7.4244568256512,0.));
#1841=CARTESIAN_POINT('Ctrl Pts',(14.6083905323966,7.4244568256512,-0.957484501650617));
#1842=CARTESIAN_POINT('Ctrl Pts',(14.4834137262864,7.4244568256512,-1.90677759065719));
#1843=CARTESIAN_POINT('Ctrl Pts',(12.654800987898,9.26878372892548,0.));
#1844=CARTESIAN_POINT('Ctrl Pts',(12.654800987898,9.26878372892548,-0.829439477984534));
#1845=CARTESIAN_POINT('Ctrl Pts',(12.5465374111597,9.26878372892548,-1.65178298625288));
#1846=CARTESIAN_POINT('Ctrl Pts',(10.0050764302624,10.951722965789,0.));
#1847=CARTESIAN_POINT('Ctrl Pts',(10.0050764302624,10.951722965789,-0.655767354970518));
#1848=CARTESIAN_POINT('Ctrl Pts',(9.91948161443584,10.951722965789,-1.30592452931273));
#1849=CARTESIAN_POINT('Ctrl Pts',(7.33766626748882,12.1697400354863,0.));
#1850=CARTESIAN_POINT('Ctrl Pts',(7.33766626748882,12.1697400354863,-0.480936056153782));
#1851=CARTESIAN_POINT('Ctrl Pts',(7.27489151537774,12.1697400354863,-0.957757637676836));
#1852=CARTESIAN_POINT('Ctrl Pts',(5.03533354909354,13.0122717546593,0.));
#1853=CARTESIAN_POINT('Ctrl Pts',(5.03533354909353,13.0122717546593,-0.330033197237334));
#1854=CARTESIAN_POINT('Ctrl Pts',(4.99225557255194,13.0122717546593,-0.657242914721059));
#1855=CARTESIAN_POINT('Ctrl Pts',(3.36730211434816,13.5426434059278,0.));
#1856=CARTESIAN_POINT('Ctrl Pts',(3.36730211434816,13.5426434059278,-0.220704640919452));
#1857=CARTESIAN_POINT('Ctrl Pts',(3.33849437796365,13.5426434059278,-0.439521123040395));
#1858=CARTESIAN_POINT('Ctrl Pts',(2.5,13.8,0.));
#1859=CARTESIAN_POINT('Ctrl Pts',(2.5,13.8,-0.163858657038096));
#1860=CARTESIAN_POINT('Ctrl Pts',(2.47861215343452,13.8,-0.326315480550129));
#1861=CARTESIAN_POINT('',(2.5,-13.8,0.));
#1862=CARTESIAN_POINT('',(2.5,13.8,0.));
#1863=CARTESIAN_POINT('Ctrl Pts',(2.5,-13.8,0.));
#1864=CARTESIAN_POINT('Ctrl Pts',(3.09738322825326,-13.5964786293681,0.));
#1865=CARTESIAN_POINT('Ctrl Pts',(4.27086961365638,-13.1706781661717,0.));
#1866=CARTESIAN_POINT('Ctrl Pts',(5.96719998609507,-12.4756724591829,0.));
#1867=CARTESIAN_POINT('Ctrl Pts',(8.08827779600218,-11.4280520646883,0.));
#1868=CARTESIAN_POINT('Ctrl Pts',(10.434924242084,-9.8769828081368,0.));
#1869=CARTESIAN_POINT('Ctrl Pts',(12.4094631792597,-8.05573129476413,0.));
#1870=CARTESIAN_POINT('Ctrl Pts',(13.9616682306338,-5.9635918778734,0.));
#1871=CARTESIAN_POINT('Ctrl Pts',(15.1348535776548,-3.67844128943531,0.));
#1872=CARTESIAN_POINT('Ctrl Pts',(15.9920247090451,-1.32704410883701,0.));
#1873=CARTESIAN_POINT('Ctrl Pts',(16.4666150780305,1.01303496855762,0.));
#1874=CARTESIAN_POINT('Ctrl Pts',(16.4633000468235,3.27695457626469,0.));
#1875=CARTESIAN_POINT('Ctrl Pts',(15.868528279332,5.42298729194542,0.));
#1876=CARTESIAN_POINT('Ctrl Pts',(14.6083905323966,7.4244568256512,0.));
#1877=CARTESIAN_POINT('Ctrl Pts',(12.654800987898,9.26878372892548,0.));
#1878=CARTESIAN_POINT('Ctrl Pts',(10.0050764302624,10.951722965789,0.));
#1879=CARTESIAN_POINT('Ctrl Pts',(7.33766626748882,12.1697400354863,0.));
#1880=CARTESIAN_POINT('Ctrl Pts',(5.03533354909354,13.0122717546593,0.));
#1881=CARTESIAN_POINT('Ctrl Pts',(3.36730211434816,13.5426434059278,0.));
#1882=CARTESIAN_POINT('Ctrl Pts',(2.5,13.8,0.));
#1883=CARTESIAN_POINT('Origin',(-5.340172748447E-13,-13.8000000000005,4.44783099240453E-14));
#1884=CARTESIAN_POINT('Origin',(-3.40838468559923E-13,13.8000000000016,
2.59167687310935E-14));
#1885=CARTESIAN_POINT('Origin',(2.5,-13.8,0.));
#1886=CARTESIAN_POINT('Origin',(-5.340172748447E-13,-13.8000000000005,-4.44783099240453E-14));
#1887=CARTESIAN_POINT('Ctrl Pts',(2.5,13.8,0.));
#1888=CARTESIAN_POINT('Ctrl Pts',(2.5,13.8,0.163858657038096));
#1889=CARTESIAN_POINT('Ctrl Pts',(2.47861215343452,13.8,0.326315480550129));
#1890=CARTESIAN_POINT('Ctrl Pts',(3.36730211434816,13.5426434059278,0.));
#1891=CARTESIAN_POINT('Ctrl Pts',(3.36730211434816,13.5426434059278,0.220704640919452));
#1892=CARTESIAN_POINT('Ctrl Pts',(3.33849437796365,13.5426434059278,0.439521123040395));
#1893=CARTESIAN_POINT('Ctrl Pts',(5.03533354909354,13.0122717546593,0.));
#1894=CARTESIAN_POINT('Ctrl Pts',(5.03533354909353,13.0122717546593,0.330033197237334));
#1895=CARTESIAN_POINT('Ctrl Pts',(4.99225557255194,13.0122717546593,0.657242914721059));
#1896=CARTESIAN_POINT('Ctrl Pts',(7.33766626748882,12.1697400354863,0.));
#1897=CARTESIAN_POINT('Ctrl Pts',(7.33766626748882,12.1697400354863,0.480936056153782));
#1898=CARTESIAN_POINT('Ctrl Pts',(7.27489151537774,12.1697400354863,0.957757637676836));
#1899=CARTESIAN_POINT('Ctrl Pts',(10.0050764302624,10.951722965789,0.));
#1900=CARTESIAN_POINT('Ctrl Pts',(10.0050764302624,10.951722965789,0.655767354970518));
#1901=CARTESIAN_POINT('Ctrl Pts',(9.91948161443584,10.951722965789,1.30592452931273));
#1902=CARTESIAN_POINT('Ctrl Pts',(12.654800987898,9.26878372892548,0.));
#1903=CARTESIAN_POINT('Ctrl Pts',(12.654800987898,9.26878372892548,0.829439477984534));
#1904=CARTESIAN_POINT('Ctrl Pts',(12.5465374111597,9.26878372892548,1.65178298625288));
#1905=CARTESIAN_POINT('Ctrl Pts',(14.6083905323966,7.4244568256512,0.));
#1906=CARTESIAN_POINT('Ctrl Pts',(14.6083905323966,7.4244568256512,0.957484501650617));
#1907=CARTESIAN_POINT('Ctrl Pts',(14.4834137262864,7.4244568256512,1.90677759065719));
#1908=CARTESIAN_POINT('Ctrl Pts',(15.868528279332,5.42298729194542,0.));
#1909=CARTESIAN_POINT('Ctrl Pts',(15.868528279332,5.42298729194542,1.04007829320896));
#1910=CARTESIAN_POINT('Ctrl Pts',(15.7327708201087,5.42298729194542,2.07125857243742));
#1911=CARTESIAN_POINT('Ctrl Pts',(16.4633000468235,3.27695457626469,0.));
#1912=CARTESIAN_POINT('Ctrl Pts',(16.4633000468235,3.27695457626469,1.07906169443509));
#1913=CARTESIAN_POINT('Ctrl Pts',(16.3224542326784,3.27695457626469,2.14889186648807));
#1914=CARTESIAN_POINT('Ctrl Pts',(16.4666150780305,1.01303496855762,0.));
#1915=CARTESIAN_POINT('Ctrl Pts',(16.4666150780305,1.01303496855762,1.07927897305973));
#1916=CARTESIAN_POINT('Ctrl Pts',(16.3257409033338,1.01303496855762,2.14932456488861));
#1917=CARTESIAN_POINT('Ctrl Pts',(15.9920247090451,-1.32704410883701,0.));
#1918=CARTESIAN_POINT('Ctrl Pts',(15.9920247090451,-1.32704410883701,1.04817267685767));
#1919=CARTESIAN_POINT('Ctrl Pts',(15.8552107207458,-1.32704410883701,2.08737809116064));
#1920=CARTESIAN_POINT('Ctrl Pts',(15.1348535776548,-3.67844128943531,0.));
#1921=CARTESIAN_POINT('Ctrl Pts',(15.1348535776548,-3.67844128943531,0.991990712681096));
#1922=CARTESIAN_POINT('Ctrl Pts',(15.0053728072109,-3.67844128943531,1.97549480729931));
#1923=CARTESIAN_POINT('Ctrl Pts',(13.9616682306338,-5.9635918778734,0.));
#1924=CARTESIAN_POINT('Ctrl Pts',(13.9616682306338,-5.9635918778734,0.915096082513243));
#1925=CARTESIAN_POINT('Ctrl Pts',(13.8422242234679,-5.9635918778734,1.8223633911843));
#1926=CARTESIAN_POINT('Ctrl Pts',(12.4094631792597,-8.05573129476413,0.));
#1927=CARTESIAN_POINT('Ctrl Pts',(12.4094631792597,-8.05573129476413,0.813359188446876));
#1928=CARTESIAN_POINT('Ctrl Pts',(12.3032985014845,-8.05573129476413,1.6197599762837));
#1929=CARTESIAN_POINT('Ctrl Pts',(10.434924242084,-9.8769828081368,0.));
#1930=CARTESIAN_POINT('Ctrl Pts',(10.434924242084,-9.8769828081368,0.683941069040859));
#1931=CARTESIAN_POINT('Ctrl Pts',(10.3456520186391,-9.8769828081368,1.36203092742393));
#1932=CARTESIAN_POINT('Ctrl Pts',(8.08827779600218,-11.4280520646883,0.));
#1933=CARTESIAN_POINT('Ctrl Pts',(8.08827779600218,-11.4280520646883,0.530133734961587));
#1934=CARTESIAN_POINT('Ctrl Pts',(8.01908145821025,-11.4280520646883,1.05573210233016));
#1935=CARTESIAN_POINT('Ctrl Pts',(5.96719998609507,-12.4756724591829,0.));
#1936=CARTESIAN_POINT('Ctrl Pts',(5.96719998609507,-12.4756724591829,0.391110950399713));
#1937=CARTESIAN_POINT('Ctrl Pts',(5.91614976300383,-12.4756724591829,0.778875892400536));
#1938=CARTESIAN_POINT('Ctrl Pts',(4.27086961365638,-13.1706781661717,0.));
#1939=CARTESIAN_POINT('Ctrl Pts',(4.27086961365637,-13.1706781661717,0.279927583711418));
#1940=CARTESIAN_POINT('Ctrl Pts',(4.23433173205716,-13.1706781661717,0.557460348138891));
#1941=CARTESIAN_POINT('Ctrl Pts',(3.09738322825326,-13.5964786293681,0.));
#1942=CARTESIAN_POINT('Ctrl Pts',(3.09738322825326,-13.5964786293681,0.20301322244556));
#1943=CARTESIAN_POINT('Ctrl Pts',(3.07088468535712,-13.5964786293681,0.404289638630149));
#1944=CARTESIAN_POINT('Ctrl Pts',(2.5,-13.8,0.));
#1945=CARTESIAN_POINT('Ctrl Pts',(2.5,-13.8,0.163858657038096));
#1946=CARTESIAN_POINT('Ctrl Pts',(2.47861215343453,-13.8,0.326315480550129));
#1947=CARTESIAN_POINT('Origin',(-3.40838468559923E-13,13.8000000000016,
-2.59167687310935E-14));
#1948=CARTESIAN_POINT('Origin',(0.,13.8,0.));
#1949=CARTESIAN_POINT('Origin',(0.,0.,0.));
#1950=CARTESIAN_POINT('Origin',(0.,0.,-0.999999940680641));
#1951=CARTESIAN_POINT('Origin',(0.,13.5,1.));
#1952=CARTESIAN_POINT('',(-7.59575411272515,11.1603996101851,1.));
#1953=CARTESIAN_POINT('Origin',(0.,0.,1.));
#1954=CARTESIAN_POINT('',(-7.59575411272515,11.1155076947393,1.));
#1955=CARTESIAN_POINT('',(-7.59575411272515,6.75,1.));
#1956=CARTESIAN_POINT('',(-7.59575411272515,-11.1155076947393,1.));
#1957=CARTESIAN_POINT('Origin',(0.,0.,1.));
#1958=CARTESIAN_POINT('',(-7.59575411272515,-11.1603996101851,1.));
#1959=CARTESIAN_POINT('',(-7.59575411272515,6.75,1.));
#1960=CARTESIAN_POINT('Origin',(0.,0.,1.));
#1961=CARTESIAN_POINT('',(0.,8.6664313340489,0.999999656996642));
#1962=CARTESIAN_POINT('Origin',(0.,0.,0.999999656996642));
#1963=CARTESIAN_POINT('Origin',(0.,0.,0.));
#1964=CARTESIAN_POINT('Origin',(0.,0.,-1.39975386917478E-16));
#1965=CARTESIAN_POINT('Origin',(0.,0.,0.));
#1966=CARTESIAN_POINT('',(-7.59575411272515,11.1603996101851,-1.));
#1967=CARTESIAN_POINT('Origin',(0.,0.,-1.));
#1968=CARTESIAN_POINT('Origin',(0.,0.,1.39975386917478E-16));
#1969=CARTESIAN_POINT('Origin',(0.,0.,0.));
#1970=CARTESIAN_POINT('',(-7.59575411272515,-11.1603996101851,-1.));
#1971=CARTESIAN_POINT('Origin',(0.,0.,1.39975386917478E-16));
#1972=CARTESIAN_POINT('Origin',(0.,0.,-1.));
#1973=CARTESIAN_POINT('Origin',(-8.16287045166691,0.,-1.0746622824443));
#1974=CARTESIAN_POINT('',(-7.59575366214989,-11.1155080079754,-0.999999940680641));
#1975=CARTESIAN_POINT('',(-7.59575366214989,4.33321554387134,-0.999999940680641));
#1976=CARTESIAN_POINT('',(0.,-13.8,0.));
#1977=CARTESIAN_POINT('',(-2.47861215343453,-13.8,-0.326315480550129));
#1978=CARTESIAN_POINT('',(0.,-13.8,0.));
#1979=CARTESIAN_POINT('',(-2.47861215343453,13.8,-0.326315480550129));
#1980=CARTESIAN_POINT('Ctrl Pts',(-2.47861215343453,-13.8,-0.326315480550129));
#1981=CARTESIAN_POINT('Ctrl Pts',(-3.07088468535712,-13.5964786293681,-0.404289638630149));
#1982=CARTESIAN_POINT('Ctrl Pts',(-4.23433173205716,-13.1706781661717,-0.557460348138889));
#1983=CARTESIAN_POINT('Ctrl Pts',(-5.91614976300383,-12.4756724591829,-0.778875892400534));
#1984=CARTESIAN_POINT('Ctrl Pts',(-8.01908145821025,-11.4280520646883,-1.05573210233016));
#1985=CARTESIAN_POINT('Ctrl Pts',(-10.3456520186391,-9.8769828081368,-1.36203092742393));
#1986=CARTESIAN_POINT('Ctrl Pts',(-12.3032985014845,-8.05573129476413,-1.6197599762837));
#1987=CARTESIAN_POINT('Ctrl Pts',(-13.8422242234679,-5.9635918778734,-1.8223633911843));
#1988=CARTESIAN_POINT('Ctrl Pts',(-15.0053728072109,-3.67844128943531,-1.97549480729931));
#1989=CARTESIAN_POINT('Ctrl Pts',(-15.8552107207458,-1.32704410883701,-2.08737809116064));
#1990=CARTESIAN_POINT('Ctrl Pts',(-16.3257409033338,1.01303496855762,-2.14932456488861));
#1991=CARTESIAN_POINT('Ctrl Pts',(-16.3224542326784,3.27695457626469,-2.14889186648807));
#1992=CARTESIAN_POINT('Ctrl Pts',(-15.7327708201087,5.42298729194542,-2.07125857243741));
#1993=CARTESIAN_POINT('Ctrl Pts',(-14.4834137262864,7.4244568256512,-1.90677759065718));
#1994=CARTESIAN_POINT('Ctrl Pts',(-12.5465374111597,9.26878372892548,-1.65178298625287));
#1995=CARTESIAN_POINT('Ctrl Pts',(-9.91948161443584,10.951722965789,-1.30592452931273));
#1996=CARTESIAN_POINT('Ctrl Pts',(-7.27489151537774,12.1697400354863,-0.957757637676834));
#1997=CARTESIAN_POINT('Ctrl Pts',(-4.99225557255194,13.0122717546593,-0.657242914721057));
#1998=CARTESIAN_POINT('Ctrl Pts',(-3.33849437796365,13.5426434059278,-0.439521123040394));
#1999=CARTESIAN_POINT('Ctrl Pts',(-2.47861215343452,13.8,-0.326315480550129));
#2000=CARTESIAN_POINT('',(0.,13.8,0.));
#2001=CARTESIAN_POINT('',(0.,13.4999996982515,0.));
#2002=CARTESIAN_POINT('',(-7.59575366214989,11.1155080079754,-0.999999940680641));
#2003=CARTESIAN_POINT('',(-7.59575366214989,4.33321554387134,-0.999999940680641));
#2004=CARTESIAN_POINT('Origin',(0.,0.,0.));
#2005=CARTESIAN_POINT('Origin',(-8.16287045166691,0.,1.0746622824443));
#2006=CARTESIAN_POINT('Origin',(0.,0.,-1.39975386917478E-16));
#2007=CARTESIAN_POINT('Origin',(0.,0.,0.));
#2008=CARTESIAN_POINT('',(-2.47861215343453,13.8,0.326315480550129));
#2009=CARTESIAN_POINT('',(0.,13.8,0.));
#2010=CARTESIAN_POINT('',(-2.47861215343453,-13.8,0.326315480550129));
#2011=CARTESIAN_POINT('Ctrl Pts',(-2.47861215343452,13.8,0.326315480550129));
#2012=CARTESIAN_POINT('Ctrl Pts',(-3.33849437796365,13.5426434059278,0.439521123040394));
#2013=CARTESIAN_POINT('Ctrl Pts',(-4.99225557255194,13.0122717546593,0.657242914721057));
#2014=CARTESIAN_POINT('Ctrl Pts',(-7.27489151537774,12.1697400354863,0.957757637676834));
#2015=CARTESIAN_POINT('Ctrl Pts',(-9.91948161443584,10.951722965789,1.30592452931273));
#2016=CARTESIAN_POINT('Ctrl Pts',(-12.5465374111597,9.26878372892548,1.65178298625287));
#2017=CARTESIAN_POINT('Ctrl Pts',(-14.4834137262864,7.4244568256512,1.90677759065718));
#2018=CARTESIAN_POINT('Ctrl Pts',(-15.7327708201087,5.42298729194542,2.07125857243741));
#2019=CARTESIAN_POINT('Ctrl Pts',(-16.3224542326784,3.27695457626469,2.14889186648807));
#2020=CARTESIAN_POINT('Ctrl Pts',(-16.3257409033338,1.01303496855762,2.14932456488861));
#2021=CARTESIAN_POINT('Ctrl Pts',(-15.8552107207458,-1.32704410883701,2.08737809116064));
#2022=CARTESIAN_POINT('Ctrl Pts',(-15.0053728072109,-3.67844128943531,1.97549480729931));
#2023=CARTESIAN_POINT('Ctrl Pts',(-13.8422242234679,-5.9635918778734,1.8223633911843));
#2024=CARTESIAN_POINT('Ctrl Pts',(-12.3032985014845,-8.05573129476413,1.6197599762837));
#2025=CARTESIAN_POINT('Ctrl Pts',(-10.3456520186391,-9.8769828081368,1.36203092742393));
#2026=CARTESIAN_POINT('Ctrl Pts',(-8.01908145821025,-11.4280520646883,1.05573210233016));
#2027=CARTESIAN_POINT('Ctrl Pts',(-5.91614976300383,-12.4756724591829,0.778875892400534));
#2028=CARTESIAN_POINT('Ctrl Pts',(-4.23433173205716,-13.1706781661717,0.557460348138889));
#2029=CARTESIAN_POINT('Ctrl Pts',(-3.07088468535712,-13.5964786293681,0.404289638630149));
#2030=CARTESIAN_POINT('Ctrl Pts',(-2.47861215343453,-13.8,0.326315480550129));
#2031=CARTESIAN_POINT('',(0.,-13.8,0.));
#2032=CARTESIAN_POINT('Origin',(0.,0.,0.));
#2033=CARTESIAN_POINT('Ctrl Pts',(-2.5,-13.8,0.));
#2034=CARTESIAN_POINT('Ctrl Pts',(-2.5,-13.8,-0.163858657038096));
#2035=CARTESIAN_POINT('Ctrl Pts',(-2.47861215343453,-13.8,-0.326315480550129));
#2036=CARTESIAN_POINT('Ctrl Pts',(-3.09738322825326,-13.5964786293681,0.));
#2037=CARTESIAN_POINT('Ctrl Pts',(-3.09738322825326,-13.5964786293681,-0.20301322244556));
#2038=CARTESIAN_POINT('Ctrl Pts',(-3.07088468535712,-13.5964786293681,-0.404289638630149));
#2039=CARTESIAN_POINT('Ctrl Pts',(-4.27086961365638,-13.1706781661717,0.));
#2040=CARTESIAN_POINT('Ctrl Pts',(-4.27086961365637,-13.1706781661717,-0.279927583711418));
#2041=CARTESIAN_POINT('Ctrl Pts',(-4.23433173205716,-13.1706781661717,-0.557460348138891));
#2042=CARTESIAN_POINT('Ctrl Pts',(-5.96719998609507,-12.4756724591829,0.));
#2043=CARTESIAN_POINT('Ctrl Pts',(-5.96719998609507,-12.4756724591829,-0.391110950399713));
#2044=CARTESIAN_POINT('Ctrl Pts',(-5.91614976300383,-12.4756724591829,-0.778875892400536));
#2045=CARTESIAN_POINT('Ctrl Pts',(-8.08827779600218,-11.4280520646883,0.));
#2046=CARTESIAN_POINT('Ctrl Pts',(-8.08827779600218,-11.4280520646883,-0.530133734961587));
#2047=CARTESIAN_POINT('Ctrl Pts',(-8.01908145821025,-11.4280520646883,-1.05573210233016));
#2048=CARTESIAN_POINT('Ctrl Pts',(-10.434924242084,-9.8769828081368,0.));
#2049=CARTESIAN_POINT('Ctrl Pts',(-10.434924242084,-9.8769828081368,-0.683941069040859));
#2050=CARTESIAN_POINT('Ctrl Pts',(-10.3456520186391,-9.8769828081368,-1.36203092742393));
#2051=CARTESIAN_POINT('Ctrl Pts',(-12.4094631792597,-8.05573129476413,0.));
#2052=CARTESIAN_POINT('Ctrl Pts',(-12.4094631792597,-8.05573129476413,-0.813359188446876));
#2053=CARTESIAN_POINT('Ctrl Pts',(-12.3032985014845,-8.05573129476413,-1.6197599762837));
#2054=CARTESIAN_POINT('Ctrl Pts',(-13.9616682306338,-5.9635918778734,0.));
#2055=CARTESIAN_POINT('Ctrl Pts',(-13.9616682306338,-5.9635918778734,-0.915096082513243));
#2056=CARTESIAN_POINT('Ctrl Pts',(-13.8422242234679,-5.9635918778734,-1.8223633911843));
#2057=CARTESIAN_POINT('Ctrl Pts',(-15.1348535776548,-3.67844128943531,0.));
#2058=CARTESIAN_POINT('Ctrl Pts',(-15.1348535776548,-3.67844128943531,-0.991990712681096));
#2059=CARTESIAN_POINT('Ctrl Pts',(-15.0053728072109,-3.67844128943531,-1.97549480729931));
#2060=CARTESIAN_POINT('Ctrl Pts',(-15.9920247090451,-1.32704410883701,0.));
#2061=CARTESIAN_POINT('Ctrl Pts',(-15.9920247090451,-1.32704410883701,-1.04817267685767));
#2062=CARTESIAN_POINT('Ctrl Pts',(-15.8552107207458,-1.32704410883701,-2.08737809116064));
#2063=CARTESIAN_POINT('Ctrl Pts',(-16.4666150780305,1.01303496855762,0.));
#2064=CARTESIAN_POINT('Ctrl Pts',(-16.4666150780305,1.01303496855762,-1.07927897305973));
#2065=CARTESIAN_POINT('Ctrl Pts',(-16.3257409033338,1.01303496855762,-2.14932456488861));
#2066=CARTESIAN_POINT('Ctrl Pts',(-16.4633000468235,3.27695457626469,0.));
#2067=CARTESIAN_POINT('Ctrl Pts',(-16.4633000468235,3.27695457626469,-1.07906169443509));
#2068=CARTESIAN_POINT('Ctrl Pts',(-16.3224542326784,3.27695457626469,-2.14889186648807));
#2069=CARTESIAN_POINT('Ctrl Pts',(-15.868528279332,5.42298729194542,0.));
#2070=CARTESIAN_POINT('Ctrl Pts',(-15.868528279332,5.42298729194542,-1.04007829320896));
#2071=CARTESIAN_POINT('Ctrl Pts',(-15.7327708201087,5.42298729194542,-2.07125857243742));
#2072=CARTESIAN_POINT('Ctrl Pts',(-14.6083905323966,7.4244568256512,0.));
#2073=CARTESIAN_POINT('Ctrl Pts',(-14.6083905323966,7.4244568256512,-0.957484501650617));
#2074=CARTESIAN_POINT('Ctrl Pts',(-14.4834137262864,7.4244568256512,-1.90677759065719));
#2075=CARTESIAN_POINT('Ctrl Pts',(-12.654800987898,9.26878372892548,0.));
#2076=CARTESIAN_POINT('Ctrl Pts',(-12.654800987898,9.26878372892548,-0.829439477984534));
#2077=CARTESIAN_POINT('Ctrl Pts',(-12.5465374111597,9.26878372892548,-1.65178298625288));
#2078=CARTESIAN_POINT('Ctrl Pts',(-10.0050764302624,10.951722965789,0.));
#2079=CARTESIAN_POINT('Ctrl Pts',(-10.0050764302624,10.951722965789,-0.655767354970518));
#2080=CARTESIAN_POINT('Ctrl Pts',(-9.91948161443584,10.951722965789,-1.30592452931273));
#2081=CARTESIAN_POINT('Ctrl Pts',(-7.33766626748882,12.1697400354863,0.));
#2082=CARTESIAN_POINT('Ctrl Pts',(-7.33766626748882,12.1697400354863,-0.480936056153782));
#2083=CARTESIAN_POINT('Ctrl Pts',(-7.27489151537774,12.1697400354863,-0.957757637676836));
#2084=CARTESIAN_POINT('Ctrl Pts',(-5.03533354909354,13.0122717546593,0.));
#2085=CARTESIAN_POINT('Ctrl Pts',(-5.03533354909353,13.0122717546593,-0.330033197237334));
#2086=CARTESIAN_POINT('Ctrl Pts',(-4.99225557255194,13.0122717546593,-0.657242914721059));
#2087=CARTESIAN_POINT('Ctrl Pts',(-3.36730211434816,13.5426434059278,0.));
#2088=CARTESIAN_POINT('Ctrl Pts',(-3.36730211434816,13.5426434059278,-0.220704640919452));
#2089=CARTESIAN_POINT('Ctrl Pts',(-3.33849437796365,13.5426434059278,-0.439521123040395));
#2090=CARTESIAN_POINT('Ctrl Pts',(-2.5,13.8,0.));
#2091=CARTESIAN_POINT('Ctrl Pts',(-2.5,13.8,-0.163858657038096));
#2092=CARTESIAN_POINT('Ctrl Pts',(-2.47861215343452,13.8,-0.326315480550129));
#2093=CARTESIAN_POINT('',(-2.5,-13.8,0.));
#2094=CARTESIAN_POINT('',(-2.5,13.8,0.));
#2095=CARTESIAN_POINT('Ctrl Pts',(-2.5,-13.8,0.));
#2096=CARTESIAN_POINT('Ctrl Pts',(-3.09738322825326,-13.5964786293681,0.));
#2097=CARTESIAN_POINT('Ctrl Pts',(-4.27086961365638,-13.1706781661717,0.));
#2098=CARTESIAN_POINT('Ctrl Pts',(-5.96719998609507,-12.4756724591829,0.));
#2099=CARTESIAN_POINT('Ctrl Pts',(-8.08827779600218,-11.4280520646883,0.));
#2100=CARTESIAN_POINT('Ctrl Pts',(-10.434924242084,-9.8769828081368,0.));
#2101=CARTESIAN_POINT('Ctrl Pts',(-12.4094631792597,-8.05573129476413,0.));
#2102=CARTESIAN_POINT('Ctrl Pts',(-13.9616682306338,-5.9635918778734,0.));
#2103=CARTESIAN_POINT('Ctrl Pts',(-15.1348535776548,-3.67844128943531,0.));
#2104=CARTESIAN_POINT('Ctrl Pts',(-15.9920247090451,-1.32704410883701,0.));
#2105=CARTESIAN_POINT('Ctrl Pts',(-16.4666150780305,1.01303496855762,0.));
#2106=CARTESIAN_POINT('Ctrl Pts',(-16.4633000468235,3.27695457626469,0.));
#2107=CARTESIAN_POINT('Ctrl Pts',(-15.868528279332,5.42298729194542,0.));
#2108=CARTESIAN_POINT('Ctrl Pts',(-14.6083905323966,7.4244568256512,0.));
#2109=CARTESIAN_POINT('Ctrl Pts',(-12.654800987898,9.26878372892548,0.));
#2110=CARTESIAN_POINT('Ctrl Pts',(-10.0050764302624,10.951722965789,0.));
#2111=CARTESIAN_POINT('Ctrl Pts',(-7.33766626748882,12.1697400354863,0.));
#2112=CARTESIAN_POINT('Ctrl Pts',(-5.03533354909354,13.0122717546593,0.));
#2113=CARTESIAN_POINT('Ctrl Pts',(-3.36730211434816,13.5426434059278,0.));
#2114=CARTESIAN_POINT('Ctrl Pts',(-2.5,13.8,0.));
#2115=CARTESIAN_POINT('Origin',(3.40838468559923E-13,13.8000000000016,2.59167687310935E-14));
#2116=CARTESIAN_POINT('Origin',(5.340172748447E-13,-13.8000000000005,4.44783099240453E-14));
#2117=CARTESIAN_POINT('Origin',(-2.5,-13.8,0.));
#2118=CARTESIAN_POINT('Origin',(5.340172748447E-13,-13.8000000000005,-4.44783099240453E-14));
#2119=CARTESIAN_POINT('Ctrl Pts',(-2.5,13.8,0.));
#2120=CARTESIAN_POINT('Ctrl Pts',(-2.5,13.8,0.163858657038096));
#2121=CARTESIAN_POINT('Ctrl Pts',(-2.47861215343452,13.8,0.326315480550129));
#2122=CARTESIAN_POINT('Ctrl Pts',(-3.36730211434816,13.5426434059278,0.));
#2123=CARTESIAN_POINT('Ctrl Pts',(-3.36730211434816,13.5426434059278,0.220704640919452));
#2124=CARTESIAN_POINT('Ctrl Pts',(-3.33849437796365,13.5426434059278,0.439521123040395));
#2125=CARTESIAN_POINT('Ctrl Pts',(-5.03533354909354,13.0122717546593,0.));
#2126=CARTESIAN_POINT('Ctrl Pts',(-5.03533354909353,13.0122717546593,0.330033197237334));
#2127=CARTESIAN_POINT('Ctrl Pts',(-4.99225557255194,13.0122717546593,0.657242914721059));
#2128=CARTESIAN_POINT('Ctrl Pts',(-7.33766626748882,12.1697400354863,0.));
#2129=CARTESIAN_POINT('Ctrl Pts',(-7.33766626748882,12.1697400354863,0.480936056153782));
#2130=CARTESIAN_POINT('Ctrl Pts',(-7.27489151537774,12.1697400354863,0.957757637676836));
#2131=CARTESIAN_POINT('Ctrl Pts',(-10.0050764302624,10.951722965789,0.));
#2132=CARTESIAN_POINT('Ctrl Pts',(-10.0050764302624,10.951722965789,0.655767354970518));
#2133=CARTESIAN_POINT('Ctrl Pts',(-9.91948161443584,10.951722965789,1.30592452931273));
#2134=CARTESIAN_POINT('Ctrl Pts',(-12.654800987898,9.26878372892548,0.));
#2135=CARTESIAN_POINT('Ctrl Pts',(-12.654800987898,9.26878372892548,0.829439477984534));
#2136=CARTESIAN_POINT('Ctrl Pts',(-12.5465374111597,9.26878372892548,1.65178298625288));
#2137=CARTESIAN_POINT('Ctrl Pts',(-14.6083905323966,7.4244568256512,0.));
#2138=CARTESIAN_POINT('Ctrl Pts',(-14.6083905323966,7.4244568256512,0.957484501650617));
#2139=CARTESIAN_POINT('Ctrl Pts',(-14.4834137262864,7.4244568256512,1.90677759065719));
#2140=CARTESIAN_POINT('Ctrl Pts',(-15.868528279332,5.42298729194542,0.));
#2141=CARTESIAN_POINT('Ctrl Pts',(-15.868528279332,5.42298729194542,1.04007829320896));
#2142=CARTESIAN_POINT('Ctrl Pts',(-15.7327708201087,5.42298729194542,2.07125857243742));
#2143=CARTESIAN_POINT('Ctrl Pts',(-16.4633000468235,3.27695457626469,0.));
#2144=CARTESIAN_POINT('Ctrl Pts',(-16.4633000468235,3.27695457626469,1.07906169443509));
#2145=CARTESIAN_POINT('Ctrl Pts',(-16.3224542326784,3.27695457626469,2.14889186648807));
#2146=CARTESIAN_POINT('Ctrl Pts',(-16.4666150780305,1.01303496855762,0.));
#2147=CARTESIAN_POINT('Ctrl Pts',(-16.4666150780305,1.01303496855762,1.07927897305973));
#2148=CARTESIAN_POINT('Ctrl Pts',(-16.3257409033338,1.01303496855762,2.14932456488861));
#2149=CARTESIAN_POINT('Ctrl Pts',(-15.9920247090451,-1.32704410883701,0.));
#2150=CARTESIAN_POINT('Ctrl Pts',(-15.9920247090451,-1.32704410883701,1.04817267685767));
#2151=CARTESIAN_POINT('Ctrl Pts',(-15.8552107207458,-1.32704410883701,2.08737809116064));
#2152=CARTESIAN_POINT('Ctrl Pts',(-15.1348535776548,-3.67844128943531,0.));
#2153=CARTESIAN_POINT('Ctrl Pts',(-15.1348535776548,-3.67844128943531,0.991990712681096));
#2154=CARTESIAN_POINT('Ctrl Pts',(-15.0053728072109,-3.67844128943531,1.97549480729931));
#2155=CARTESIAN_POINT('Ctrl Pts',(-13.9616682306338,-5.9635918778734,0.));
#2156=CARTESIAN_POINT('Ctrl Pts',(-13.9616682306338,-5.9635918778734,0.915096082513243));
#2157=CARTESIAN_POINT('Ctrl Pts',(-13.8422242234679,-5.9635918778734,1.8223633911843));
#2158=CARTESIAN_POINT('Ctrl Pts',(-12.4094631792597,-8.05573129476413,0.));
#2159=CARTESIAN_POINT('Ctrl Pts',(-12.4094631792597,-8.05573129476413,0.813359188446876));
#2160=CARTESIAN_POINT('Ctrl Pts',(-12.3032985014845,-8.05573129476413,1.6197599762837));
#2161=CARTESIAN_POINT('Ctrl Pts',(-10.434924242084,-9.8769828081368,0.));
#2162=CARTESIAN_POINT('Ctrl Pts',(-10.434924242084,-9.8769828081368,0.683941069040859));
#2163=CARTESIAN_POINT('Ctrl Pts',(-10.3456520186391,-9.8769828081368,1.36203092742393));
#2164=CARTESIAN_POINT('Ctrl Pts',(-8.08827779600218,-11.4280520646883,0.));
#2165=CARTESIAN_POINT('Ctrl Pts',(-8.08827779600218,-11.4280520646883,0.530133734961587));
#2166=CARTESIAN_POINT('Ctrl Pts',(-8.01908145821025,-11.4280520646883,1.05573210233016));
#2167=CARTESIAN_POINT('Ctrl Pts',(-5.96719998609507,-12.4756724591829,0.));
#2168=CARTESIAN_POINT('Ctrl Pts',(-5.96719998609507,-12.4756724591829,0.391110950399713));
#2169=CARTESIAN_POINT('Ctrl Pts',(-5.91614976300383,-12.4756724591829,0.778875892400536));
#2170=CARTESIAN_POINT('Ctrl Pts',(-4.27086961365638,-13.1706781661717,0.));
#2171=CARTESIAN_POINT('Ctrl Pts',(-4.27086961365637,-13.1706781661717,0.279927583711418));
#2172=CARTESIAN_POINT('Ctrl Pts',(-4.23433173205716,-13.1706781661717,0.557460348138891));
#2173=CARTESIAN_POINT('Ctrl Pts',(-3.09738322825326,-13.5964786293681,0.));
#2174=CARTESIAN_POINT('Ctrl Pts',(-3.09738322825326,-13.5964786293681,0.20301322244556));
#2175=CARTESIAN_POINT('Ctrl Pts',(-3.07088468535712,-13.5964786293681,0.404289638630149));
#2176=CARTESIAN_POINT('Ctrl Pts',(-2.5,-13.8,0.));
#2177=CARTESIAN_POINT('Ctrl Pts',(-2.5,-13.8,0.163858657038096));
#2178=CARTESIAN_POINT('Ctrl Pts',(-2.47861215343453,-13.8,0.326315480550129));
#2179=CARTESIAN_POINT('Origin',(3.40838468559923E-13,13.8000000000016,-2.59167687310935E-14));
#2180=CARTESIAN_POINT('Origin',(0.,13.8,0.));
#2181=CARTESIAN_POINT('Origin',(0.,0.,0.));
#2182=CARTESIAN_POINT('Origin',(0.,0.,-0.999999940680641));
#2183=CARTESIAN_POINT('Origin',(0.,8.66643108774268,-0.999999940680641));
#2184=CARTESIAN_POINT('',(0.,8.66643108774268,-0.999999940680639));
#2185=CARTESIAN_POINT('Origin',(0.,0.,-0.999999940680639));
#2186=CARTESIAN_POINT('Origin',(0.,0.,0.));
#2187=CARTESIAN_POINT('Ctrl Pts',(0.,1.73472347597681E-16,-6.25));
#2188=CARTESIAN_POINT('Ctrl Pts',(1.73472347597681E-16,1.73472347597681E-16,
-6.25));
#2189=CARTESIAN_POINT('Ctrl Pts',(1.73472347597681E-16,0.,-6.25));
#2190=CARTESIAN_POINT('Ctrl Pts',(1.73472347597681E-16,-1.73472347597681E-16,
-6.25));
#2191=CARTESIAN_POINT('Ctrl Pts',(0.,-1.73472347597681E-16,-6.25));
#2192=CARTESIAN_POINT('Ctrl Pts',(-1.73472347597681E-16,-1.73472347597681E-16,
-6.25));
#2193=CARTESIAN_POINT('Ctrl Pts',(-1.73472347597681E-16,0.,-6.25));
#2194=CARTESIAN_POINT('Ctrl Pts',(-1.73472347597681E-16,1.73472347597681E-16,
-6.25));
#2195=CARTESIAN_POINT('Ctrl Pts',(0.,1.73472347597681E-16,-6.25));
#2196=CARTESIAN_POINT('Ctrl Pts',(0.,0.38000000000049,-6.25000000000008));
#2197=CARTESIAN_POINT('Ctrl Pts',(0.38000000000049,0.38000000000049,-6.25000000000008));
#2198=CARTESIAN_POINT('Ctrl Pts',(0.38000000000049,0.,-6.25000000000008));
#2199=CARTESIAN_POINT('Ctrl Pts',(0.38000000000049,-0.38000000000049,-6.25000000000008));
#2200=CARTESIAN_POINT('Ctrl Pts',(0.,-0.38000000000049,-6.25000000000008));
#2201=CARTESIAN_POINT('Ctrl Pts',(-0.38000000000049,-0.38000000000049,-6.25000000000008));
#2202=CARTESIAN_POINT('Ctrl Pts',(-0.38000000000049,0.,-6.25000000000008));
#2203=CARTESIAN_POINT('Ctrl Pts',(-0.38000000000049,0.38000000000049,-6.25000000000008));
#2204=CARTESIAN_POINT('Ctrl Pts',(0.,0.38000000000049,-6.25000000000008));
#2205=CARTESIAN_POINT('Ctrl Pts',(0.,1.14000000000148,-6.19559482845675));
#2206=CARTESIAN_POINT('Ctrl Pts',(1.14000000000148,1.14000000000148,-6.19559482845675));
#2207=CARTESIAN_POINT('Ctrl Pts',(1.14000000000148,0.,-6.19559482845675));
#2208=CARTESIAN_POINT('Ctrl Pts',(1.14000000000148,-1.14000000000148,-6.19559482845675));
#2209=CARTESIAN_POINT('Ctrl Pts',(0.,-1.14000000000148,-6.19559482845675));
#2210=CARTESIAN_POINT('Ctrl Pts',(-1.14000000000148,-1.14000000000148,-6.19559482845675));
#2211=CARTESIAN_POINT('Ctrl Pts',(-1.14000000000148,0.,-6.19559482845675));
#2212=CARTESIAN_POINT('Ctrl Pts',(-1.14000000000148,1.14000000000148,-6.19559482845675));
#2213=CARTESIAN_POINT('Ctrl Pts',(0.,1.14000000000148,-6.19559482845675));
#2214=CARTESIAN_POINT('Ctrl Pts',(0.,2.28000000000291,-5.95077155651133));
#2215=CARTESIAN_POINT('Ctrl Pts',(2.28000000000291,2.28000000000291,-5.95077155651133));
#2216=CARTESIAN_POINT('Ctrl Pts',(2.28000000000291,0.,-5.95077155651133));
#2217=CARTESIAN_POINT('Ctrl Pts',(2.28000000000291,-2.28000000000291,-5.95077155651133));
#2218=CARTESIAN_POINT('Ctrl Pts',(0.,-2.28000000000291,-5.95077155651133));
#2219=CARTESIAN_POINT('Ctrl Pts',(-2.28000000000291,-2.28000000000291,-5.95077155651133));
#2220=CARTESIAN_POINT('Ctrl Pts',(-2.28000000000291,0.,-5.95077155651133));
#2221=CARTESIAN_POINT('Ctrl Pts',(-2.28000000000291,2.28000000000291,-5.95077155651133));
#2222=CARTESIAN_POINT('Ctrl Pts',(0.,2.28000000000291,-5.95077155651133));
#2223=CARTESIAN_POINT('Ctrl Pts',(0.,3.80000000000447,-5.30663368405991));
#2224=CARTESIAN_POINT('Ctrl Pts',(3.80000000000447,3.80000000000447,-5.30663368405991));
#2225=CARTESIAN_POINT('Ctrl Pts',(3.80000000000447,0.,-5.30663368405991));
#2226=CARTESIAN_POINT('Ctrl Pts',(3.80000000000447,-3.80000000000447,-5.30663368405991));
#2227=CARTESIAN_POINT('Ctrl Pts',(0.,-3.80000000000447,-5.30663368405991));
#2228=CARTESIAN_POINT('Ctrl Pts',(-3.80000000000447,-3.80000000000447,-5.30663368405991));
#2229=CARTESIAN_POINT('Ctrl Pts',(-3.80000000000447,0.,-5.30663368405991));
#2230=CARTESIAN_POINT('Ctrl Pts',(-3.80000000000447,3.80000000000447,-5.30663368405991));
#2231=CARTESIAN_POINT('Ctrl Pts',(0.,3.80000000000447,-5.30663368405991));
#2232=CARTESIAN_POINT('Ctrl Pts',(0.,5.53328621755307,-4.12550681160955));
#2233=CARTESIAN_POINT('Ctrl Pts',(5.53328621755307,5.53328621755307,-4.12550681160955));
#2234=CARTESIAN_POINT('Ctrl Pts',(5.53328621755307,0.,-4.12550681160955));
#2235=CARTESIAN_POINT('Ctrl Pts',(5.53328621755307,-5.53328621755307,-4.12550681160955));
#2236=CARTESIAN_POINT('Ctrl Pts',(0.,-5.53328621755307,-4.12550681160955));
#2237=CARTESIAN_POINT('Ctrl Pts',(-5.53328621755307,-5.53328621755307,-4.12550681160955));
#2238=CARTESIAN_POINT('Ctrl Pts',(-5.53328621755307,0.,-4.12550681160955));
#2239=CARTESIAN_POINT('Ctrl Pts',(-5.53328621755307,5.53328621755307,-4.12550681160955));
#2240=CARTESIAN_POINT('Ctrl Pts',(0.,5.53328621755307,-4.12550681160955));
#2241=CARTESIAN_POINT('Ctrl Pts',(0.,6.88657243510036,-2.91834744529851));
#2242=CARTESIAN_POINT('Ctrl Pts',(6.88657243510036,6.88657243510036,-2.91834744529851));
#2243=CARTESIAN_POINT('Ctrl Pts',(6.88657243510036,0.,-2.91834744529851));
#2244=CARTESIAN_POINT('Ctrl Pts',(6.88657243510036,-6.88657243510036,-2.91834744529851));
#2245=CARTESIAN_POINT('Ctrl Pts',(0.,-6.88657243510036,-2.91834744529851));
#2246=CARTESIAN_POINT('Ctrl Pts',(-6.88657243510036,-6.88657243510036,-2.91834744529851));
#2247=CARTESIAN_POINT('Ctrl Pts',(-6.88657243510036,0.,-2.91834744529851));
#2248=CARTESIAN_POINT('Ctrl Pts',(-6.88657243510036,6.88657243510036,-2.91834744529851));
#2249=CARTESIAN_POINT('Ctrl Pts',(0.,6.88657243510036,-2.91834744529851));
#2250=CARTESIAN_POINT('Ctrl Pts',(0.,7.8598586526471,-1.91074844232147));
#2251=CARTESIAN_POINT('Ctrl Pts',(7.8598586526471,7.8598586526471,-1.91074844232147));
#2252=CARTESIAN_POINT('Ctrl Pts',(7.8598586526471,0.,-1.91074844232147));
#2253=CARTESIAN_POINT('Ctrl Pts',(7.8598586526471,-7.8598586526471,-1.91074844232148));
#2254=CARTESIAN_POINT('Ctrl Pts',(0.,-7.8598586526471,-1.91074844232148));
#2255=CARTESIAN_POINT('Ctrl Pts',(-7.8598586526471,-7.8598586526471,-1.91074844232148));
#2256=CARTESIAN_POINT('Ctrl Pts',(-7.8598586526471,0.,-1.91074844232147));
#2257=CARTESIAN_POINT('Ctrl Pts',(-7.8598586526471,7.8598586526471,-1.91074844232147));
#2258=CARTESIAN_POINT('Ctrl Pts',(0.,7.8598586526471,-1.91074844232147));
#2259=CARTESIAN_POINT('Ctrl Pts',(0.,8.45314487019404,-1.24565303783314));
#2260=CARTESIAN_POINT('Ctrl Pts',(8.45314487019403,8.45314487019403,-1.24565303783314));
#2261=CARTESIAN_POINT('Ctrl Pts',(8.45314487019404,0.,-1.24565303783314));
#2262=CARTESIAN_POINT('Ctrl Pts',(8.45314487019403,-8.45314487019403,-1.24565303783314));
#2263=CARTESIAN_POINT('Ctrl Pts',(0.,-8.45314487019404,-1.24565303783314));
#2264=CARTESIAN_POINT('Ctrl Pts',(-8.45314487019403,-8.45314487019403,-1.24565303783314));
#2265=CARTESIAN_POINT('Ctrl Pts',(-8.45314487019404,0.,-1.24565303783314));
#2266=CARTESIAN_POINT('Ctrl Pts',(-8.45314487019403,8.45314487019403,-1.24565303783314));
#2267=CARTESIAN_POINT('Ctrl Pts',(0.,8.45314487019404,-1.24565303783314));
#2268=CARTESIAN_POINT('Ctrl Pts',(0.,8.66643108774159,-0.999999940681895));
#2269=CARTESIAN_POINT('Ctrl Pts',(8.66643108774158,8.66643108774158,-0.999999940681895));
#2270=CARTESIAN_POINT('Ctrl Pts',(8.66643108774159,0.,-0.999999940681895));
#2271=CARTESIAN_POINT('Ctrl Pts',(8.66643108774158,-8.66643108774158,-0.999999940681894));
#2272=CARTESIAN_POINT('Ctrl Pts',(0.,-8.66643108774159,-0.999999940681894));
#2273=CARTESIAN_POINT('Ctrl Pts',(-8.66643108774158,-8.66643108774158,-0.999999940681894));
#2274=CARTESIAN_POINT('Ctrl Pts',(-8.66643108774159,0.,-0.999999940681895));
#2275=CARTESIAN_POINT('Ctrl Pts',(-8.66643108774158,8.66643108774158,-0.999999940681895));
#2276=CARTESIAN_POINT('Ctrl Pts',(0.,8.66643108774159,-0.999999940681895));
#2277=CARTESIAN_POINT('',(0.,0.,-6.25));
#2278=CARTESIAN_POINT('Ctrl Pts',(0.,5.55111512312578E-17,-6.25));
#2279=CARTESIAN_POINT('Ctrl Pts',(0.,0.38000000000049,-6.25000000000008));
#2280=CARTESIAN_POINT('Ctrl Pts',(0.,1.14000000000148,-6.19559482845675));
#2281=CARTESIAN_POINT('Ctrl Pts',(0.,2.28000000000291,-5.95077155651133));
#2282=CARTESIAN_POINT('Ctrl Pts',(0.,3.80000000000447,-5.30663368405991));
#2283=CARTESIAN_POINT('Ctrl Pts',(0.,5.53328621755329,-4.1255068116094));
#2284=CARTESIAN_POINT('Ctrl Pts',(0.,6.88657243510079,-2.91834744529812));
#2285=CARTESIAN_POINT('Ctrl Pts',(0.,7.85985865264776,-1.9107484423208));
#2286=CARTESIAN_POINT('Ctrl Pts',(0.,8.45314487019491,-1.24565303783216));
#2287=CARTESIAN_POINT('Ctrl Pts',(0.,8.66643108774268,-0.999999940680639));
#2288=CARTESIAN_POINT('Ctrl Pts',(0.,8.6664313340489,0.999999656996642));
#2289=CARTESIAN_POINT('Ctrl Pts',(8.66643133404889,8.66643133404889,0.999999656996642));
#2290=CARTESIAN_POINT('Ctrl Pts',(8.6664313340489,0.,0.999999656996642));
#2291=CARTESIAN_POINT('Ctrl Pts',(8.66643133404889,-8.66643133404889,0.999999656996642));
#2292=CARTESIAN_POINT('Ctrl Pts',(0.,-8.6664313340489,0.999999656996642));
#2293=CARTESIAN_POINT('Ctrl Pts',(-8.66643133404889,-8.66643133404889,0.999999656996642));
#2294=CARTESIAN_POINT('Ctrl Pts',(-8.6664313340489,0.,0.999999656996642));
#2295=CARTESIAN_POINT('Ctrl Pts',(-8.66643133404889,8.66643133404889,0.999999656996642));
#2296=CARTESIAN_POINT('Ctrl Pts',(0.,8.6664313340489,0.999999656996642));
#2297=CARTESIAN_POINT('Ctrl Pts',(0.,8.45314506723988,1.24565281693758));
#2298=CARTESIAN_POINT('Ctrl Pts',(8.45314506723988,8.45314506723988,1.24565281693758));
#2299=CARTESIAN_POINT('Ctrl Pts',(8.45314506723988,0.,1.24565281693758));
#2300=CARTESIAN_POINT('Ctrl Pts',(8.45314506723988,-8.45314506723988,1.24565281693758));
#2301=CARTESIAN_POINT('Ctrl Pts',(0.,-8.45314506723988,1.24565281693758));
#2302=CARTESIAN_POINT('Ctrl Pts',(-8.45314506723988,-8.45314506723988,1.24565281693758));
#2303=CARTESIAN_POINT('Ctrl Pts',(-8.45314506723988,0.,1.24565281693758));
#2304=CARTESIAN_POINT('Ctrl Pts',(-8.45314506723988,8.45314506723988,1.24565281693758));
#2305=CARTESIAN_POINT('Ctrl Pts',(0.,8.45314506723988,1.24565281693758));
#2306=CARTESIAN_POINT('Ctrl Pts',(0.,7.85985880043149,1.91074828932701));
#2307=CARTESIAN_POINT('Ctrl Pts',(7.85985880043149,7.85985880043149,1.91074828932701));
#2308=CARTESIAN_POINT('Ctrl Pts',(7.85985880043149,0.,1.91074828932701));
#2309=CARTESIAN_POINT('Ctrl Pts',(7.85985880043149,-7.85985880043149,1.91074828932701));
#2310=CARTESIAN_POINT('Ctrl Pts',(0.,-7.85985880043149,1.91074828932701));
#2311=CARTESIAN_POINT('Ctrl Pts',(-7.85985880043149,-7.85985880043149,1.91074828932701));
#2312=CARTESIAN_POINT('Ctrl Pts',(-7.85985880043149,0.,1.91074828932701));
#2313=CARTESIAN_POINT('Ctrl Pts',(-7.85985880043149,7.85985880043149,1.91074828932701));
#2314=CARTESIAN_POINT('Ctrl Pts',(0.,7.85985880043149,1.91074828932701));
#2315=CARTESIAN_POINT('Ctrl Pts',(0.,6.88657253362328,2.91834735741402));
#2316=CARTESIAN_POINT('Ctrl Pts',(6.88657253362328,6.88657253362328,2.91834735741402));
#2317=CARTESIAN_POINT('Ctrl Pts',(6.88657253362328,0.,2.91834735741402));
#2318=CARTESIAN_POINT('Ctrl Pts',(6.88657253362328,-6.88657253362328,2.91834735741402));
#2319=CARTESIAN_POINT('Ctrl Pts',(0.,-6.88657253362328,2.91834735741402));
#2320=CARTESIAN_POINT('Ctrl Pts',(-6.88657253362328,-6.88657253362328,2.91834735741402));
#2321=CARTESIAN_POINT('Ctrl Pts',(-6.88657253362328,0.,2.91834735741402));
#2322=CARTESIAN_POINT('Ctrl Pts',(-6.88657253362328,6.88657253362328,2.91834735741402));
#2323=CARTESIAN_POINT('Ctrl Pts',(0.,6.88657253362328,2.91834735741402));
#2324=CARTESIAN_POINT('Ctrl Pts',(0.,5.53328626681453,4.12550677804092));
#2325=CARTESIAN_POINT('Ctrl Pts',(5.53328626681453,5.53328626681453,4.12550677804092));
#2326=CARTESIAN_POINT('Ctrl Pts',(5.53328626681453,0.,4.12550677804092));
#2327=CARTESIAN_POINT('Ctrl Pts',(5.53328626681453,-5.53328626681453,4.12550677804092));
#2328=CARTESIAN_POINT('Ctrl Pts',(0.,-5.53328626681453,4.12550677804092));
#2329=CARTESIAN_POINT('Ctrl Pts',(-5.53328626681453,-5.53328626681453,4.12550677804092));
#2330=CARTESIAN_POINT('Ctrl Pts',(-5.53328626681453,0.,4.12550677804092));
#2331=CARTESIAN_POINT('Ctrl Pts',(-5.53328626681453,5.53328626681453,4.12550677804092));
#2332=CARTESIAN_POINT('Ctrl Pts',(0.,5.53328626681453,4.12550677804092));
#2333=CARTESIAN_POINT('Ctrl Pts',(0.,3.80000000000447,5.30663368405991));
#2334=CARTESIAN_POINT('Ctrl Pts',(3.80000000000447,3.80000000000447,5.30663368405991));
#2335=CARTESIAN_POINT('Ctrl Pts',(3.80000000000447,0.,5.30663368405991));
#2336=CARTESIAN_POINT('Ctrl Pts',(3.80000000000447,-3.80000000000447,5.30663368405991));
#2337=CARTESIAN_POINT('Ctrl Pts',(0.,-3.80000000000447,5.30663368405991));
#2338=CARTESIAN_POINT('Ctrl Pts',(-3.80000000000447,-3.80000000000447,5.30663368405991));
#2339=CARTESIAN_POINT('Ctrl Pts',(-3.80000000000447,0.,5.30663368405991));
#2340=CARTESIAN_POINT('Ctrl Pts',(-3.80000000000447,3.80000000000447,5.30663368405991));
#2341=CARTESIAN_POINT('Ctrl Pts',(0.,3.80000000000447,5.30663368405991));
#2342=CARTESIAN_POINT('Ctrl Pts',(0.,2.28000000000291,5.95077155651133));
#2343=CARTESIAN_POINT('Ctrl Pts',(2.28000000000291,2.28000000000291,5.95077155651133));
#2344=CARTESIAN_POINT('Ctrl Pts',(2.28000000000291,0.,5.95077155651133));
#2345=CARTESIAN_POINT('Ctrl Pts',(2.28000000000291,-2.28000000000291,5.95077155651133));
#2346=CARTESIAN_POINT('Ctrl Pts',(0.,-2.28000000000291,5.95077155651133));
#2347=CARTESIAN_POINT('Ctrl Pts',(-2.28000000000291,-2.28000000000291,5.95077155651133));
#2348=CARTESIAN_POINT('Ctrl Pts',(-2.28000000000291,0.,5.95077155651133));
#2349=CARTESIAN_POINT('Ctrl Pts',(-2.28000000000291,2.28000000000291,5.95077155651133));
#2350=CARTESIAN_POINT('Ctrl Pts',(0.,2.28000000000291,5.95077155651133));
#2351=CARTESIAN_POINT('Ctrl Pts',(0.,1.14000000000148,6.19559482845675));
#2352=CARTESIAN_POINT('Ctrl Pts',(1.14000000000148,1.14000000000148,6.19559482845675));
#2353=CARTESIAN_POINT('Ctrl Pts',(1.14000000000148,0.,6.19559482845675));
#2354=CARTESIAN_POINT('Ctrl Pts',(1.14000000000148,-1.14000000000148,6.19559482845675));
#2355=CARTESIAN_POINT('Ctrl Pts',(0.,-1.14000000000148,6.19559482845675));
#2356=CARTESIAN_POINT('Ctrl Pts',(-1.14000000000148,-1.14000000000148,6.19559482845675));
#2357=CARTESIAN_POINT('Ctrl Pts',(-1.14000000000148,0.,6.19559482845675));
#2358=CARTESIAN_POINT('Ctrl Pts',(-1.14000000000148,1.14000000000148,6.19559482845675));
#2359=CARTESIAN_POINT('Ctrl Pts',(0.,1.14000000000148,6.19559482845675));
#2360=CARTESIAN_POINT('Ctrl Pts',(0.,0.38000000000049,6.25000000000008));
#2361=CARTESIAN_POINT('Ctrl Pts',(0.38000000000049,0.38000000000049,6.25000000000008));
#2362=CARTESIAN_POINT('Ctrl Pts',(0.38000000000049,0.,6.25000000000008));
#2363=CARTESIAN_POINT('Ctrl Pts',(0.38000000000049,-0.38000000000049,6.25000000000008));
#2364=CARTESIAN_POINT('Ctrl Pts',(0.,-0.38000000000049,6.25000000000008));
#2365=CARTESIAN_POINT('Ctrl Pts',(-0.38000000000049,-0.38000000000049,6.25000000000008));
#2366=CARTESIAN_POINT('Ctrl Pts',(-0.38000000000049,0.,6.25000000000008));
#2367=CARTESIAN_POINT('Ctrl Pts',(-0.38000000000049,0.38000000000049,6.25000000000008));
#2368=CARTESIAN_POINT('Ctrl Pts',(0.,0.38000000000049,6.25000000000008));
#2369=CARTESIAN_POINT('Ctrl Pts',(0.,1.04083408558608E-16,6.25));
#2370=CARTESIAN_POINT('Ctrl Pts',(1.04083408558608E-16,1.04083408558608E-16,
6.25));
#2371=CARTESIAN_POINT('Ctrl Pts',(1.04083408558608E-16,0.,6.25));
#2372=CARTESIAN_POINT('Ctrl Pts',(1.04083408558608E-16,-1.04083408558608E-16,
6.25));
#2373=CARTESIAN_POINT('Ctrl Pts',(0.,-1.04083408558608E-16,6.25));
#2374=CARTESIAN_POINT('Ctrl Pts',(-1.04083408558608E-16,-1.04083408558608E-16,
6.25));
#2375=CARTESIAN_POINT('Ctrl Pts',(-1.04083408558608E-16,0.,6.25));
#2376=CARTESIAN_POINT('Ctrl Pts',(-1.04083408558608E-16,1.04083408558608E-16,
6.25));
#2377=CARTESIAN_POINT('Ctrl Pts',(0.,1.04083408558608E-16,6.25));
#2378=CARTESIAN_POINT('',(0.,0.,6.25));
#2379=CARTESIAN_POINT('Ctrl Pts',(0.,5.55111512312578E-17,6.25));
#2380=CARTESIAN_POINT('Ctrl Pts',(0.,0.38000000000049,6.25000000000008));
#2381=CARTESIAN_POINT('Ctrl Pts',(0.,1.14000000000148,6.19559482845675));
#2382=CARTESIAN_POINT('Ctrl Pts',(0.,2.28000000000291,5.95077155651133));
#2383=CARTESIAN_POINT('Ctrl Pts',(0.,3.80000000000447,5.30663368405991));
#2384=CARTESIAN_POINT('Ctrl Pts',(0.,5.53328626681453,4.12550677804092));
#2385=CARTESIAN_POINT('Ctrl Pts',(0.,6.88657253362328,2.91834735741402));
#2386=CARTESIAN_POINT('Ctrl Pts',(0.,7.85985880043149,1.91074828932701));
#2387=CARTESIAN_POINT('Ctrl Pts',(0.,8.45314506723988,1.24565281693758));
#2388=CARTESIAN_POINT('Ctrl Pts',(0.,8.6664313340489,0.999999656996642));
#2389=CARTESIAN_POINT('',(0.,0.,0.));
#2390=CARTESIAN_POINT('Origin',(-9.68114477473137E-13,1.79023462720806E-14,
-2.));
#2391=CARTESIAN_POINT('',(-5.00000000000097,1.7290022872507E-14,-2.));
#2392=CARTESIAN_POINT('Origin',(-9.68114477473137E-13,1.79023462720806E-14,
-2.));
#2393=CARTESIAN_POINT('',(-9.68420639172924E-13,1.79023462720806E-14,3.));
#2394=CARTESIAN_POINT('Origin',(-9.68114477473137E-13,1.79023462720806E-14,
-2.));
#2395=CARTESIAN_POINT('Origin',(6.7076967079395E-5,0.0055321037293049,-2.));
#2396=CARTESIAN_POINT('',(12.4692499782302,-0.876244817620648,-2.));
#2397=CARTESIAN_POINT('',(12.4808183088874,0.692224198177011,-2.));
#2398=CARTESIAN_POINT('Origin',(0.,0.,-2.));
#2399=CARTESIAN_POINT('',(-12.4868300247784,-0.573651403112789,-2.));
#2400=CARTESIAN_POINT('Origin',(0.,0.,-2.));
#2401=CARTESIAN_POINT('',(-12.4603650531367,0.99463699034915,-2.));
#2402=CARTESIAN_POINT('Origin',(0.,0.,-2.));
#2403=CARTESIAN_POINT('Origin',(0.,0.,-2.));
#2404=CARTESIAN_POINT('Ctrl Pts',(17.5000000000003,-1.9999999999973,0.));
#2405=CARTESIAN_POINT('Ctrl Pts',(15.8230833260769,-1.62541493920507,-0.666666666666667));
#2406=CARTESIAN_POINT('Ctrl Pts',(14.1461666521535,-1.25082987841285,-1.33333333333333));
#2407=CARTESIAN_POINT('Ctrl Pts',(12.4692499782302,-0.876244817620629,-2.));
#2408=CARTESIAN_POINT('Ctrl Pts',(17.5510482603217,-1.50258479998684,0.));
#2409=CARTESIAN_POINT('Ctrl Pts',(15.8693514696002,-1.11985433840609,-0.666666666666666));
#2410=CARTESIAN_POINT('Ctrl Pts',(14.1876215294704,-0.737081457287485,-1.33333333333333));
#2411=CARTESIAN_POINT('Ctrl Pts',(12.5059247387489,-0.354350995706742,-2.));
#2412=CARTESIAN_POINT('Ctrl Pts',(17.4934028779296,-0.812922010952772,0.));
#2413=CARTESIAN_POINT('Ctrl Pts',(15.8325434689658,-0.48593656372263,-0.666666666666667));
#2414=CARTESIAN_POINT('Ctrl Pts',(14.1706503932758,-0.157139257290206,-1.33333333333333));
#2415=CARTESIAN_POINT('Ctrl Pts',(12.509790984312,0.169846189939936,-2.));
#2416=CARTESIAN_POINT('Ctrl Pts',(17.3660687473185,0.,0.));
#2417=CARTESIAN_POINT('Ctrl Pts',(15.7376519345081,0.230741399392335,-0.666666666666667));
#2418=CARTESIAN_POINT('Ctrl Pts',(14.1092351216977,0.46148279878467,-1.33333333333333));
#2419=CARTESIAN_POINT('Ctrl Pts',(12.4808183088874,0.692224198177006,-2.));
#2420=CARTESIAN_POINT('',(17.3660687473185,0.,0.));
#2421=CARTESIAN_POINT('',(17.5,-2.,0.));
#2422=CARTESIAN_POINT('Ctrl Pts',(17.3660687473185,0.,0.));
#2423=CARTESIAN_POINT('Ctrl Pts',(17.3798561988023,-0.0880213555654119,
0.));
#2424=CARTESIAN_POINT('Ctrl Pts',(17.4059753730238,-0.261489303952564,0.));
#2425=CARTESIAN_POINT('Ctrl Pts',(17.440787230024,-0.513967436912611,0.));
#2426=CARTESIAN_POINT('Ctrl Pts',(17.4783231104579,-0.834898923887988,0.));
#2427=CARTESIAN_POINT('Ctrl Pts',(17.5093720427583,-1.20799222259311,0.));
#2428=CARTESIAN_POINT('Ctrl Pts',(17.5216684712765,-1.51872857687643,0.));
#2429=CARTESIAN_POINT('Ctrl Pts',(17.5191317239292,-1.73959399188292,0.));
#2430=CARTESIAN_POINT('Ctrl Pts',(17.5106353293528,-1.88628317103735,0.));
#2431=CARTESIAN_POINT('Ctrl Pts',(17.5029920057093,-1.97084584060356,0.));
#2432=CARTESIAN_POINT('Ctrl Pts',(17.5,-2.,0.));
#2433=CARTESIAN_POINT('',(17.5,-2.,0.));
#2434=CARTESIAN_POINT('',(17.3660687473185,0.,0.));
#2435=CARTESIAN_POINT('Ctrl Pts',(17.3660687473185,0.,0.));
#2436=CARTESIAN_POINT('Ctrl Pts',(15.7376519345081,0.230741399392337,-0.666666666666667));
#2437=CARTESIAN_POINT('Ctrl Pts',(14.1092351216977,0.461482798784674,-1.33333333333333));
#2438=CARTESIAN_POINT('Ctrl Pts',(12.4808183088874,0.692224198177011,-2.));
#2439=CARTESIAN_POINT('Ctrl Pts',(16.9828514840158,2.84846709070826,0.));
#2440=CARTESIAN_POINT('Ctrl Pts',(15.4397372889224,2.87607104366219,-0.666666666666666));
#2441=CARTESIAN_POINT('Ctrl Pts',(13.8996053669009,2.90624140328978,-1.33333333333333));
#2442=CARTESIAN_POINT('Ctrl Pts',(12.3564911718074,2.9338453562437,-2.));
#2443=CARTESIAN_POINT('Ctrl Pts',(15.1448533841546,6.94027426620845,0.));
#2444=CARTESIAN_POINT('Ctrl Pts',(13.843650691984,6.70634775020086,-0.666666666666667));
#2445=CARTESIAN_POINT('Ctrl Pts',(12.5417870971161,6.47201417430741,-1.33333333333333));
#2446=CARTESIAN_POINT('Ctrl Pts',(11.2405844049456,6.23808765829982,-2.));
#2447=CARTESIAN_POINT('Ctrl Pts',(9.67327150682274,11.7227358487693,0.));
#2448=CARTESIAN_POINT('Ctrl Pts',(8.9367798333012,11.3035046770284,-0.666666666666667));
#2449=CARTESIAN_POINT('Ctrl Pts',(8.20083458209779,10.8844635136279,-1.33333333333333));
#2450=CARTESIAN_POINT('Ctrl Pts',(7.46434290857624,10.465232341887,-2.));
#2451=CARTESIAN_POINT('Ctrl Pts',(5.37663038407775,13.0057375483509,0.));
#2452=CARTESIAN_POINT('Ctrl Pts',(5.02104706741253,12.6536822053744,-0.666666666666667));
#2453=CARTESIAN_POINT('Ctrl Pts',(4.66550258602877,12.3024921220255,-1.33333333333333));
#2454=CARTESIAN_POINT('Ctrl Pts',(4.30991926936356,11.950436779049,-2.));
#2455=CARTESIAN_POINT('Ctrl Pts',(0.832657574211663,13.000229929265,0.));
#2456=CARTESIAN_POINT('Ctrl Pts',(0.82528202899638,12.8477401522052,-0.666666666666667));
#2457=CARTESIAN_POINT('Ctrl Pts',(0.817802935695819,12.6943051095429,-1.33333333333333));
#2458=CARTESIAN_POINT('Ctrl Pts',(0.810427390480536,12.5418153324832,-2.));
#2459=CARTESIAN_POINT('Ctrl Pts',(-0.83265757421166,13.000229929265,0.));
#2460=CARTESIAN_POINT('Ctrl Pts',(-0.723849601333363,12.853053413371,-0.666666666666667));
#2461=CARTESIAN_POINT('Ctrl Pts',(-0.614901841843553,12.7049547184721,-1.33333333333333));
#2462=CARTESIAN_POINT('Ctrl Pts',(-0.506093868965256,12.5577782025781,-2.));
#2463=CARTESIAN_POINT('Ctrl Pts',(-5.37663038407774,13.0057375483509,0.));
#2464=CARTESIAN_POINT('Ctrl Pts',(-4.9240284466179,12.6873523067909,-0.666666666666665));
#2465=CARTESIAN_POINT('Ctrl Pts',(-4.47149773679815,12.3698092185239,-1.33333333333333));
#2466=CARTESIAN_POINT('Ctrl Pts',(-4.01889579933831,12.0514239769638,-2.));
#2467=CARTESIAN_POINT('Ctrl Pts',(-9.67327150682274,11.7227358487693,0.));
#2468=CARTESIAN_POINT('Ctrl Pts',(-8.85146533227532,11.3628140722369,-0.666666666666667));
#2469=CARTESIAN_POINT('Ctrl Pts',(-8.03020927032212,11.0030617190173,-1.33333333333333));
#2470=CARTESIAN_POINT('Ctrl Pts',(-7.2084030957747,10.6431399424849,-2.));
#2471=CARTESIAN_POINT('Ctrl Pts',(-15.1448533841546,6.94027426620845,0.));
#2472=CARTESIAN_POINT('Ctrl Pts',(-13.7921354380964,6.79657509898202,-0.666666666666667));
#2473=CARTESIAN_POINT('Ctrl Pts',(-12.4387458717686,6.6524978449937,-1.33333333333333));
#2474=CARTESIAN_POINT('Ctrl Pts',(-11.0860279257105,6.50879867776726,-2.));
#2475=CARTESIAN_POINT('Ctrl Pts',(-16.9828514840158,2.84846709070826,0.));
#2476=CARTESIAN_POINT('Ctrl Pts',(-15.414789827703,2.97570174966364,-0.666666666666666));
#2477=CARTESIAN_POINT('Ctrl Pts',(-13.8497846311032,3.10534997625743,-1.33333333333333));
#2478=CARTESIAN_POINT('Ctrl Pts',(-12.2817229747903,3.23258463521281,-2.));
#2479=CARTESIAN_POINT('Ctrl Pts',(-17.3660687473185,2.22044604925031E-15,
0.));
#2480=CARTESIAN_POINT('Ctrl Pts',(-15.7308341825912,0.331545663449712,-0.666666666666667));
#2481=CARTESIAN_POINT('Ctrl Pts',(-14.0955996178639,0.663091326899421,-1.33333333333333));
#2482=CARTESIAN_POINT('Ctrl Pts',(-12.4603650531367,0.994636990349131,-2.));
#2483=CARTESIAN_POINT('',(2.5,13.,0.));
#2484=CARTESIAN_POINT('Origin',(2.5,-2.,0.));
#2485=CARTESIAN_POINT('',(-17.3660687473185,0.,0.));
#2486=CARTESIAN_POINT('',(-17.3660687473185,0.,0.));
#2487=CARTESIAN_POINT('',(-2.5,13.,0.));
#2488=CARTESIAN_POINT('Origin',(-2.5,-2.,0.));
#2489=CARTESIAN_POINT('',(0.,13.,0.));
#2490=CARTESIAN_POINT('Ctrl Pts',(-17.3660687473185,0.,0.));
#2491=CARTESIAN_POINT('Ctrl Pts',(-15.7308341825912,0.331545663449717,-0.666666666666667));
#2492=CARTESIAN_POINT('Ctrl Pts',(-14.0955996178639,0.663091326899434,-1.33333333333333));
#2493=CARTESIAN_POINT('Ctrl Pts',(-12.4603650531367,0.99463699034915,-2.));
#2494=CARTESIAN_POINT('Ctrl Pts',(-17.4934028779296,-0.81292201095277,0.));
#2495=CARTESIAN_POINT('Ctrl Pts',(-15.829944824778,-0.384846871465354,-0.666666666666666));
#2496=CARTESIAN_POINT('Ctrl Pts',(-14.1654531081903,0.045039902759226,-1.33333333333333));
#2497=CARTESIAN_POINT('Ctrl Pts',(-12.5019950550387,0.473115042246643,-2.));
#2498=CARTESIAN_POINT('Ctrl Pts',(-17.5510482603217,-1.50258479998682,0.));
#2499=CARTESIAN_POINT('Ctrl Pts',(-15.870989856726,-1.01874452424389,-0.666666666666667));
#2500=CARTESIAN_POINT('Ctrl Pts',(-14.1908983025638,-0.534862053449359,
-1.33333333333333));
#2501=CARTESIAN_POINT('Ctrl Pts',(-12.510839898968,-0.0510217777064299,
-2.));
#2502=CARTESIAN_POINT('Ctrl Pts',(-17.5000000000003,-1.9999999999973,0.));
#2503=CARTESIAN_POINT('Ctrl Pts',(-15.828943341593,-1.52455046770246,-0.666666666666667));
#2504=CARTESIAN_POINT('Ctrl Pts',(-14.1578866831857,-1.04910093540762,-1.33333333333333));
#2505=CARTESIAN_POINT('Ctrl Pts',(-12.4868300247784,-0.573651403112789,
-2.));
#2506=CARTESIAN_POINT('',(-17.5,-2.,0.));
#2507=CARTESIAN_POINT('Ctrl Pts',(-17.3660687473185,0.,0.));
#2508=CARTESIAN_POINT('Ctrl Pts',(-17.3798561988023,-0.0880213555654119,
0.));
#2509=CARTESIAN_POINT('Ctrl Pts',(-17.4059753730238,-0.261489303952564,
0.));
#2510=CARTESIAN_POINT('Ctrl Pts',(-17.440787230024,-0.513967436912611,0.));
#2511=CARTESIAN_POINT('Ctrl Pts',(-17.4783231104579,-0.834898923887988,
0.));
#2512=CARTESIAN_POINT('Ctrl Pts',(-17.5093720427583,-1.20799222259311,0.));
#2513=CARTESIAN_POINT('Ctrl Pts',(-17.5216684712765,-1.51872857687643,0.));
#2514=CARTESIAN_POINT('Ctrl Pts',(-17.5191317239292,-1.73959399188292,0.));
#2515=CARTESIAN_POINT('Ctrl Pts',(-17.5106353293529,-1.88628317103735,0.));
#2516=CARTESIAN_POINT('Ctrl Pts',(-17.5029920057093,-1.97084584060356,0.));
#2517=CARTESIAN_POINT('Ctrl Pts',(-17.5,-2.,0.));
#2518=CARTESIAN_POINT('',(-17.5000000000003,-2.,0.));
#2519=CARTESIAN_POINT('Ctrl Pts',(-17.5000000000003,-2.,0.));
#2520=CARTESIAN_POINT('Ctrl Pts',(-15.828943341593,-1.52455046770426,-0.666666666666667));
#2521=CARTESIAN_POINT('Ctrl Pts',(-14.1578866831857,-1.04910093540853,-1.33333333333333));
#2522=CARTESIAN_POINT('Ctrl Pts',(-12.4868300247784,-0.573651403112789,
-2.));
#2523=CARTESIAN_POINT('Ctrl Pts',(-17.5000000000002,-2.33333333333333,0.));
#2524=CARTESIAN_POINT('Ctrl Pts',(-15.8248789914493,-1.83332589487769,-0.666666666666667));
#2525=CARTESIAN_POINT('Ctrl Pts',(-14.150001811236,-1.33376089030007,-1.33333333333333));
#2526=CARTESIAN_POINT('Ctrl Pts',(-12.4748808026851,-0.833753451844425,
-2.));
#2527=CARTESIAN_POINT('Ctrl Pts',(-17.4999754787815,-2.66661122216998,0.));
#2528=CARTESIAN_POINT('Ctrl Pts',(-15.8183598800008,-2.14242301814757,-0.666666666666667));
#2529=CARTESIAN_POINT('Ctrl Pts',(-14.1364091975431,-1.61766074277347,-1.33333333333333));
#2530=CARTESIAN_POINT('Ctrl Pts',(-12.4547935987623,-1.09347253875106,-2.));
#2531=CARTESIAN_POINT('Ctrl Pts',(-17.5002435816604,-4.30950557445622,0.));
#2532=CARTESIAN_POINT('Ctrl Pts',(-15.7716685792912,-3.66180891178925,-0.666666666666667));
#2533=CARTESIAN_POINT('Ctrl Pts',(-14.0446704051641,-3.01660984989457,-1.33333333333333));
#2534=CARTESIAN_POINT('Ctrl Pts',(-12.3160954027949,-2.36891318722761,-2.));
#2535=CARTESIAN_POINT('Ctrl Pts',(-16.9768146605667,-6.92046484975489,0.));
#2536=CARTESIAN_POINT('Ctrl Pts',(-15.2656719785824,-6.07154517681657,-0.666666666666665));
#2537=CARTESIAN_POINT('Ctrl Pts',(-13.5543508583454,-5.22239351022001,-1.33333333333333));
#2538=CARTESIAN_POINT('Ctrl Pts',(-11.8432081763611,-4.37347383728168,-2.));
#2539=CARTESIAN_POINT('Ctrl Pts',(-14.0191839016643,-11.3768295852145,0.));
#2540=CARTESIAN_POINT('Ctrl Pts',(-12.6645465522645,-10.26361951783,-0.666666666666668));
#2541=CARTESIAN_POINT('Ctrl Pts',(-11.3104102278503,-9.15155169733851,-1.33333333333333));
#2542=CARTESIAN_POINT('Ctrl Pts',(-9.95577287845051,-8.03834162995408,-2.));
#2543=CARTESIAN_POINT('Ctrl Pts',(-10.1226557127248,-13.0122324634175,0.));
#2544=CARTESIAN_POINT('Ctrl Pts',(-9.28027864098461,-12.0537401033352,-0.666666666666666));
#2545=CARTESIAN_POINT('Ctrl Pts',(-8.43809430628477,-11.0971546094978,-1.33333333333333));
#2546=CARTESIAN_POINT('Ctrl Pts',(-7.59571723454454,-10.1386622494155,-2.));
#2547=CARTESIAN_POINT('Ctrl Pts',(-4.99934939824547,-12.9976408636669,0.));
#2548=CARTESIAN_POINT('Ctrl Pts',(-4.6832084737685,-12.6622654532173,-0.666666666666667));
#2549=CARTESIAN_POINT('Ctrl Pts',(-4.36624308426325,-12.3220536031144,-1.33333333333333));
#2550=CARTESIAN_POINT('Ctrl Pts',(-4.05010215978627,-11.9866781926649,-2.));
#2551=CARTESIAN_POINT('Ctrl Pts',(-1.98386342759031E-15,-13.0052043883191,
0.));
#2552=CARTESIAN_POINT('Ctrl Pts',(-0.0524053633368136,-12.9903914273923,
-0.666666666666666));
#2553=CARTESIAN_POINT('Ctrl Pts',(-0.104807963210226,-12.9808200408504,
-1.33333333333333));
#2554=CARTESIAN_POINT('Ctrl Pts',(-0.157213326547038,-12.9660070799236,
-2.));
#2555=CARTESIAN_POINT('Ctrl Pts',(4.99934939824547,-12.9976408636669,0.));
#2556=CARTESIAN_POINT('Ctrl Pts',(4.58593557022236,-12.6938234747501,-0.666666666666668));
#2557=CARTESIAN_POINT('Ctrl Pts',(4.17169017354506,-12.3851724664692,-1.33333333333333));
#2558=CARTESIAN_POINT('Ctrl Pts',(3.75827634552195,-12.0813550775525,-2.));
#2559=CARTESIAN_POINT('Ctrl Pts',(10.1226557127248,-13.0122324634175,0.));
#2560=CARTESIAN_POINT('Ctrl Pts',(9.19759405282117,-12.1141340764883,-0.666666666666665));
#2561=CARTESIAN_POINT('Ctrl Pts',(8.27271864428292,-11.2179496142863,-1.33333333333333));
#2562=CARTESIAN_POINT('Ctrl Pts',(7.34765698437925,-10.319851227357,-2.));
#2563=CARTESIAN_POINT('Ctrl Pts',(14.0191839016643,-11.3768295852145,0.));
#2564=CARTESIAN_POINT('Ctrl Pts',(12.5985981261823,-10.3433011347572,-0.666666666666669));
#2565=CARTESIAN_POINT('Ctrl Pts',(11.1785300184426,-9.31089964658081,-1.33333333333333));
#2566=CARTESIAN_POINT('Ctrl Pts',(9.75794424296059,-8.27737119612355,-2.));
#2567=CARTESIAN_POINT('Ctrl Pts',(16.9768146605667,-6.92046484975489,0.));
#2568=CARTESIAN_POINT('Ctrl Pts',(15.2291667522152,-6.16683305016674,-0.666666666666665));
#2569=CARTESIAN_POINT('Ctrl Pts',(13.4813328198168,-5.4129763578353,-1.33333333333334));
#2570=CARTESIAN_POINT('Ctrl Pts',(11.7336849114653,-4.65934455824716,-2.));
#2571=CARTESIAN_POINT('Ctrl Pts',(17.5002435816605,-4.30950557445622,0.));
#2572=CARTESIAN_POINT('Ctrl Pts',(15.7513102001701,-3.76112351380495,-0.666666666666668));
#2573=CARTESIAN_POINT('Ctrl Pts',(14.0039700972947,-3.21522115471979,-1.33333333333333));
#2574=CARTESIAN_POINT('Ctrl Pts',(12.2550367158044,-2.66683909406852,-2.));
#2575=CARTESIAN_POINT('Ctrl Pts',(17.4999754787815,-2.66661122216998,0.));
#2576=CARTESIAN_POINT('Ctrl Pts',(15.8083029620483,-2.24297631563342,-0.666666666666666));
#2577=CARTESIAN_POINT('Ctrl Pts',(14.1162916384213,-1.81877126609297,-1.33333333333333));
#2578=CARTESIAN_POINT('Ctrl Pts',(12.4246191216881,-1.39513635955641,-2.));
#2579=CARTESIAN_POINT('Ctrl Pts',(17.5,-2.33333333333333,0.));
#2580=CARTESIAN_POINT('Ctrl Pts',(15.8169170171535,-1.93406928190575,-0.666666666666667));
#2581=CARTESIAN_POINT('Ctrl Pts',(14.1340806847342,-1.53524472346835,-1.33333333333333));
#2582=CARTESIAN_POINT('Ctrl Pts',(12.4509977018877,-1.13598067204077,-2.));
#2583=CARTESIAN_POINT('Ctrl Pts',(17.5,-2.,0.));
#2584=CARTESIAN_POINT('Ctrl Pts',(15.8230833260767,-1.62541493920688,-0.666666666666667));
#2585=CARTESIAN_POINT('Ctrl Pts',(14.1461666521534,-1.25082987841377,-1.33333333333333));
#2586=CARTESIAN_POINT('Ctrl Pts',(12.4692499782302,-0.876244817620648,-2.));
#2587=CARTESIAN_POINT('',(-17.5,-3.,0.));
#2588=CARTESIAN_POINT('Ctrl Pts',(-17.5000000000003,-1.9999999999973,0.));
#2589=CARTESIAN_POINT('Ctrl Pts',(-17.5000000000002,-2.33333333333153,0.));
#2590=CARTESIAN_POINT('Ctrl Pts',(-17.5000000000001,-2.66666666666577,0.));
#2591=CARTESIAN_POINT('Ctrl Pts',(-17.5,-3.,0.));
#2592=CARTESIAN_POINT('',(17.5,-3.,0.));
#2593=CARTESIAN_POINT('',(17.5,-2.,0.));
#2594=CARTESIAN_POINT('',(7.5,-13.,0.));
#2595=CARTESIAN_POINT('Origin',(7.5,-3.,0.));
#2596=CARTESIAN_POINT('',(-7.5,-13.,0.));
#2597=CARTESIAN_POINT('',(0.,-13.,0.));
#2598=CARTESIAN_POINT('Origin',(-7.5,-3.,0.));
#2599=CARTESIAN_POINT('Ctrl Pts',(16.5181547996393,-1.57515046418789,2.));
#2600=CARTESIAN_POINT('Ctrl Pts',(16.5181547996393,-1.57515046418789,4.));
#2601=CARTESIAN_POINT('Ctrl Pts',(16.5156990236288,-1.44335713400787,2.));
#2602=CARTESIAN_POINT('Ctrl Pts',(16.5156990236288,-1.44335713400787,4.));
#2603=CARTESIAN_POINT('Ctrl Pts',(16.484315009009,-1.06628034873862,2.));
#2604=CARTESIAN_POINT('Ctrl Pts',(16.484315009009,-1.06628034873862,4.));
#2605=CARTESIAN_POINT('Ctrl Pts',(16.4142545066283,-0.619002590526015,2.));
#2606=CARTESIAN_POINT('Ctrl Pts',(16.4142545066283,-0.619002590526015,4.));
#2607=CARTESIAN_POINT('Ctrl Pts',(16.4124864290146,-0.607714892543196,2.));
#2608=CARTESIAN_POINT('Ctrl Pts',(16.4124864290146,-0.607714892543196,4.));
#2609=CARTESIAN_POINT('Ctrl Pts',(16.410718351401,-0.596427194560943,2.));
#2610=CARTESIAN_POINT('Ctrl Pts',(16.410718351401,-0.596427194560943,4.));
#2611=CARTESIAN_POINT('Ctrl Pts',(16.4089502737875,-0.585139496579365,2.));
#2612=CARTESIAN_POINT('Ctrl Pts',(16.4089502737875,-0.585139496579365,4.));
#2613=CARTESIAN_POINT('Ctrl Pts',(16.4083125506598,-0.581068167353011,2.));
#2614=CARTESIAN_POINT('Ctrl Pts',(16.4083125506598,-0.581068167353011,4.));
#2615=CARTESIAN_POINT('Ctrl Pts',(16.4076748275321,-0.57699683812723,2.));
#2616=CARTESIAN_POINT('Ctrl Pts',(16.4076748275321,-0.57699683812723,4.));
#2617=CARTESIAN_POINT('Ctrl Pts',(16.4070371044043,-0.572925508900739,2.));
#2618=CARTESIAN_POINT('Ctrl Pts',(16.4070371044043,-0.572925508900739,4.));
#2619=CARTESIAN_POINT('',(16.407037104404,-0.572925508899134,2.));
#2620=CARTESIAN_POINT('',(16.5181547996589,-1.57515046523862,2.));
#2621=CARTESIAN_POINT('Ctrl Pts',(16.407037104404,-0.572925508899133,2.));
#2622=CARTESIAN_POINT('Ctrl Pts',(16.4076748275318,-0.576996838125624,2.));
#2623=CARTESIAN_POINT('Ctrl Pts',(16.4083125506598,-0.581068167353011,2.));
#2624=CARTESIAN_POINT('Ctrl Pts',(16.4089502737875,-0.585139496579365,2.));
#2625=CARTESIAN_POINT('Ctrl Pts',(16.410718351401,-0.596427194560943,2.));
#2626=CARTESIAN_POINT('Ctrl Pts',(16.4124864290146,-0.607714892543196,2.));
#2627=CARTESIAN_POINT('Ctrl Pts',(16.4142545066283,-0.619002590526015,2.));
#2628=CARTESIAN_POINT('Ctrl Pts',(16.484315009009,-1.06628034873862,2.));
#2629=CARTESIAN_POINT('Ctrl Pts',(16.5156990236288,-1.44335713400787,2.));
#2630=CARTESIAN_POINT('Ctrl Pts',(16.5181547996393,-1.57515046418789,2.));
#2631=CARTESIAN_POINT('',(16.407037104404,-0.572925508899134,4.));
#2632=CARTESIAN_POINT('',(16.407037104404,-0.572925508899134,2.));
#2633=CARTESIAN_POINT('',(16.5181547996589,-1.57515046523862,4.));
#2634=CARTESIAN_POINT('Ctrl Pts',(16.5181547996393,-1.57515046418789,4.));
#2635=CARTESIAN_POINT('Ctrl Pts',(16.5156990236288,-1.44335713400787,4.));
#2636=CARTESIAN_POINT('Ctrl Pts',(16.484315009009,-1.06628034873862,4.));
#2637=CARTESIAN_POINT('Ctrl Pts',(16.4142545066283,-0.619002590526015,4.));
#2638=CARTESIAN_POINT('Ctrl Pts',(16.4124864290146,-0.607714892543196,4.));
#2639=CARTESIAN_POINT('Ctrl Pts',(16.410718351401,-0.596427194560943,4.));
#2640=CARTESIAN_POINT('Ctrl Pts',(16.4089502737875,-0.585139496579365,4.));
#2641=CARTESIAN_POINT('Ctrl Pts',(16.4083125506598,-0.581068167353011,4.));
#2642=CARTESIAN_POINT('Ctrl Pts',(16.4076748275318,-0.576996838125624,4.));
#2643=CARTESIAN_POINT('Ctrl Pts',(16.407037104404,-0.572925508899133,4.));
#2644=CARTESIAN_POINT('',(16.5181547996589,-1.57515046523862,2.));
#2645=CARTESIAN_POINT('Ctrl Pts',(16.407037104404,-0.572925508899037,2.));
#2646=CARTESIAN_POINT('Ctrl Pts',(16.407037104404,-0.572925508899037,4.));
#2647=CARTESIAN_POINT('Ctrl Pts',(16.3911249845645,-0.513793480783047,2.));
#2648=CARTESIAN_POINT('Ctrl Pts',(16.3911249845645,-0.513793480783047,4.));
#2649=CARTESIAN_POINT('Ctrl Pts',(16.3476848666538,-0.358401410819388,2.));
#2650=CARTESIAN_POINT('Ctrl Pts',(16.3476848666538,-0.358401410819388,4.));
#2651=CARTESIAN_POINT('Ctrl Pts',(16.263666102855,-0.0778105116563707,2.));
#2652=CARTESIAN_POINT('Ctrl Pts',(16.263666102855,-0.0778105116563707,4.));
#2653=CARTESIAN_POINT('Ctrl Pts',(16.1150779950353,0.390654957773833,2.));
#2654=CARTESIAN_POINT('Ctrl Pts',(16.1150779950353,0.390654957773833,4.));
#2655=CARTESIAN_POINT('Ctrl Pts',(15.8655674542531,1.13020152126931,2.));
#2656=CARTESIAN_POINT('Ctrl Pts',(15.8655674542531,1.13020152126931,4.));
#2657=CARTESIAN_POINT('Ctrl Pts',(15.5262757918381,2.05244602428079,2.));
#2658=CARTESIAN_POINT('Ctrl Pts',(15.5262757918381,2.05244602428079,4.));
#2659=CARTESIAN_POINT('Ctrl Pts',(15.1169211951686,3.04123755674765,2.));
#2660=CARTESIAN_POINT('Ctrl Pts',(15.1169211951686,3.04123755674765,4.));
#2661=CARTESIAN_POINT('Ctrl Pts',(14.6429151280401,4.02556225026387,2.));
#2662=CARTESIAN_POINT('Ctrl Pts',(14.6429151280401,4.02556225026387,4.));
#2663=CARTESIAN_POINT('Ctrl Pts',(14.1139314350625,4.93973692050804,2.));
#2664=CARTESIAN_POINT('Ctrl Pts',(14.1139314350625,4.93973692050804,4.));
#2665=CARTESIAN_POINT('Ctrl Pts',(13.5450712707883,5.74031883822954,2.));
#2666=CARTESIAN_POINT('Ctrl Pts',(13.5450712707883,5.74031883822954,4.));
#2667=CARTESIAN_POINT('Ctrl Pts',(12.9562170527798,6.41427043414061,2.));
#2668=CARTESIAN_POINT('Ctrl Pts',(12.9562170527798,6.41427043414061,4.));
#2669=CARTESIAN_POINT('Ctrl Pts',(12.3674659083391,6.96957997883202,2.));
#2670=CARTESIAN_POINT('Ctrl Pts',(12.3674659083391,6.96957997883202,4.));
#2671=CARTESIAN_POINT('Ctrl Pts',(11.7955857452022,7.42960472963984,2.));
#2672=CARTESIAN_POINT('Ctrl Pts',(11.7955857452022,7.42960472963984,4.));
#2673=CARTESIAN_POINT('Ctrl Pts',(11.2496320260687,7.82582610110237,2.));
#2674=CARTESIAN_POINT('Ctrl Pts',(11.2496320260687,7.82582610110237,4.));
#2675=CARTESIAN_POINT('Ctrl Pts',(10.7279032309327,8.1915747472292,2.));
#2676=CARTESIAN_POINT('Ctrl Pts',(10.7279032309327,8.1915747472292,4.));
#2677=CARTESIAN_POINT('Ctrl Pts',(10.2118716118871,8.55464858361575,2.));
#2678=CARTESIAN_POINT('Ctrl Pts',(10.2118716118871,8.55464858361575,4.));
#2679=CARTESIAN_POINT('Ctrl Pts',(9.67114332368679,8.93325136927155,2.));
#2680=CARTESIAN_POINT('Ctrl Pts',(9.67114332368679,8.93325136927155,4.));
#2681=CARTESIAN_POINT('Ctrl Pts',(9.07794349406696,9.33505159909354,2.));
#2682=CARTESIAN_POINT('Ctrl Pts',(9.07794349406696,9.33505159909354,4.));
#2683=CARTESIAN_POINT('Ctrl Pts',(8.41996013511495,9.75508523964533,2.));
#2684=CARTESIAN_POINT('Ctrl Pts',(8.41996013511495,9.75508523964533,4.));
#2685=CARTESIAN_POINT('Ctrl Pts',(7.71171035419063,10.1747542161017,2.));
#2686=CARTESIAN_POINT('Ctrl Pts',(7.71171035419063,10.1747542161017,4.));
#2687=CARTESIAN_POINT('Ctrl Pts',(7.01181132095036,10.5587985202373,2.));
#2688=CARTESIAN_POINT('Ctrl Pts',(7.01181132095036,10.5587985202373,4.));
#2689=CARTESIAN_POINT('Ctrl Pts',(6.41872529080492,10.8587175304257,2.));
#2690=CARTESIAN_POINT('Ctrl Pts',(6.41872529080492,10.8587175304257,4.));
#2691=CARTESIAN_POINT('Ctrl Pts',(6.03182726156895,11.0263324245505,2.));
#2692=CARTESIAN_POINT('Ctrl Pts',(6.03182726156895,11.0263324245505,4.));
#2693=CARTESIAN_POINT('Ctrl Pts',(5.92417730316634,11.0239314530316,2.));
#2694=CARTESIAN_POINT('Ctrl Pts',(5.92417730316634,11.0239314530316,4.));
#2695=CARTESIAN_POINT('Ctrl Pts',(6.10305586476989,10.8380041915727,2.));
#2696=CARTESIAN_POINT('Ctrl Pts',(6.10305586476989,10.8380041915727,4.));
#2697=CARTESIAN_POINT('Ctrl Pts',(6.50046170855542,10.484168791831,2.));
#2698=CARTESIAN_POINT('Ctrl Pts',(6.50046170855542,10.484168791831,4.));
#2699=CARTESIAN_POINT('Ctrl Pts',(7.01937267540249,9.99558010022291,2.));
#2700=CARTESIAN_POINT('Ctrl Pts',(7.01937267540249,9.99558010022291,4.));
#2701=CARTESIAN_POINT('Ctrl Pts',(7.56899937733176,9.41474453230233,2.));
#2702=CARTESIAN_POINT('Ctrl Pts',(7.56899937733176,9.41474453230233,4.));
#2703=CARTESIAN_POINT('Ctrl Pts',(8.1023888425356,8.78422991726985,2.));
#2704=CARTESIAN_POINT('Ctrl Pts',(8.1023888425356,8.78422991726985,4.));
#2705=CARTESIAN_POINT('Ctrl Pts',(8.60332922529087,8.14284223031694,2.));
#2706=CARTESIAN_POINT('Ctrl Pts',(8.60332922529087,8.14284223031694,4.));
#2707=CARTESIAN_POINT('Ctrl Pts',(9.07650460489804,7.52152607503625,2.));
#2708=CARTESIAN_POINT('Ctrl Pts',(9.07650460489804,7.52152607503625,4.));
#2709=CARTESIAN_POINT('Ctrl Pts',(9.53598033636655,6.93898396243516,2.));
#2710=CARTESIAN_POINT('Ctrl Pts',(9.53598033636655,6.93898396243516,4.));
#2711=CARTESIAN_POINT('Ctrl Pts',(9.99537887536085,6.39829559991161,2.));
#2712=CARTESIAN_POINT('Ctrl Pts',(9.99537887536085,6.39829559991161,4.));
#2713=CARTESIAN_POINT('Ctrl Pts',(10.4549671278817,5.88090500342607,2.));
#2714=CARTESIAN_POINT('Ctrl Pts',(10.4549671278817,5.88090500342607,4.));
#2715=CARTESIAN_POINT('Ctrl Pts',(10.898866906325,5.34983369384629,2.));
#2716=CARTESIAN_POINT('Ctrl Pts',(10.898866906325,5.34983369384629,4.));
#2717=CARTESIAN_POINT('Ctrl Pts',(11.3043733517532,4.76391547536594,2.));
#2718=CARTESIAN_POINT('Ctrl Pts',(11.3043733517532,4.76391547536594,4.));
#2719=CARTESIAN_POINT('Ctrl Pts',(11.6484006036796,4.08966090108542,2.));
#2720=CARTESIAN_POINT('Ctrl Pts',(11.6484006036796,4.08966090108542,4.));
#2721=CARTESIAN_POINT('Ctrl Pts',(11.9146209638769,3.31311770629862,2.));
#2722=CARTESIAN_POINT('Ctrl Pts',(11.9146209638769,3.31311770629862,4.));
#2723=CARTESIAN_POINT('Ctrl Pts',(12.1014312440512,2.45405956447957,2.));
#2724=CARTESIAN_POINT('Ctrl Pts',(12.1014312440512,2.45405956447957,4.));
#2725=CARTESIAN_POINT('Ctrl Pts',(12.2261023376388,1.57203215097282,2.));
#2726=CARTESIAN_POINT('Ctrl Pts',(12.2261023376388,1.57203215097282,4.));
#2727=CARTESIAN_POINT('Ctrl Pts',(12.3138077812883,0.741247444101069,2.));
#2728=CARTESIAN_POINT('Ctrl Pts',(12.3138077812883,0.741247444101069,4.));
#2729=CARTESIAN_POINT('Ctrl Pts',(12.389413773865,0.0311787957004019,2.));
#2730=CARTESIAN_POINT('Ctrl Pts',(12.389413773865,0.0311787957004019,4.));
#2731=CARTESIAN_POINT('Ctrl Pts',(12.4675050499735,-0.51657694852845,2.));
#2732=CARTESIAN_POINT('Ctrl Pts',(12.4675050499735,-0.51657694852845,4.));
#2733=CARTESIAN_POINT('Ctrl Pts',(12.5447292592096,-0.906414089961088,2.));
#2734=CARTESIAN_POINT('Ctrl Pts',(12.5447292592096,-0.906414089961088,4.));
#2735=CARTESIAN_POINT('Ctrl Pts',(12.5870552026545,-1.21798070956771,2.));
#2736=CARTESIAN_POINT('Ctrl Pts',(12.5870552026545,-1.21798070956771,4.));
#2737=CARTESIAN_POINT('Ctrl Pts',(12.5490154797666,-1.56496723945628,2.));
#2738=CARTESIAN_POINT('Ctrl Pts',(12.5490154797666,-1.56496723945628,4.));
#2739=CARTESIAN_POINT('Ctrl Pts',(12.3993087082838,-2.03951823028661,2.));
#2740=CARTESIAN_POINT('Ctrl Pts',(12.3993087082838,-2.03951823028661,4.));
#2741=CARTESIAN_POINT('Ctrl Pts',(12.1473405728111,-2.65545021744823,2.));
#2742=CARTESIAN_POINT('Ctrl Pts',(12.1473405728111,-2.65545021744823,4.));
#2743=CARTESIAN_POINT('Ctrl Pts',(11.830339158921,-3.36888681815215,2.));
#2744=CARTESIAN_POINT('Ctrl Pts',(11.830339158921,-3.36888681815215,4.));
#2745=CARTESIAN_POINT('Ctrl Pts',(11.4957294634063,-4.10850346985785,2.));
#2746=CARTESIAN_POINT('Ctrl Pts',(11.4957294634063,-4.10850346985785,4.));
#2747=CARTESIAN_POINT('Ctrl Pts',(11.1846828170459,-4.80305044210581,2.));
#2748=CARTESIAN_POINT('Ctrl Pts',(11.1846828170459,-4.80305044210581,4.));
#2749=CARTESIAN_POINT('Ctrl Pts',(10.9164548373657,-5.40815728626728,2.));
#2750=CARTESIAN_POINT('Ctrl Pts',(10.9164548373657,-5.40815728626728,4.));
#2751=CARTESIAN_POINT('Ctrl Pts',(10.6689794830961,-5.93836400535751,2.));
#2752=CARTESIAN_POINT('Ctrl Pts',(10.6689794830961,-5.93836400535751,4.));
#2753=CARTESIAN_POINT('Ctrl Pts',(10.3943034777438,-6.44880308399066,2.));
#2754=CARTESIAN_POINT('Ctrl Pts',(10.3943034777438,-6.44880308399066,4.));
#2755=CARTESIAN_POINT('Ctrl Pts',(10.0398257972372,-7.00840999477013,2.));
#2756=CARTESIAN_POINT('Ctrl Pts',(10.0398257972372,-7.00840999477013,4.));
#2757=CARTESIAN_POINT('Ctrl Pts',(9.56771391923656,-7.6758757355874,2.));
#2758=CARTESIAN_POINT('Ctrl Pts',(9.56771391923656,-7.6758757355874,4.));
#2759=CARTESIAN_POINT('Ctrl Pts',(8.9745905836567,-8.47501668531557,2.));
#2760=CARTESIAN_POINT('Ctrl Pts',(8.9745905836567,-8.47501668531557,4.));
#2761=CARTESIAN_POINT('Ctrl Pts',(8.31251093642311,-9.36880478650149,2.));
#2762=CARTESIAN_POINT('Ctrl Pts',(8.31251093642311,-9.36880478650149,4.));
#2763=CARTESIAN_POINT('Ctrl Pts',(7.67093226893981,-10.2775924678463,2.));
#2764=CARTESIAN_POINT('Ctrl Pts',(7.67093226893981,-10.2775924678463,4.));
#2765=CARTESIAN_POINT('Ctrl Pts',(7.15679399934071,-11.0995032473257,2.));
#2766=CARTESIAN_POINT('Ctrl Pts',(7.15679399934071,-11.0995032473257,4.));
#2767=CARTESIAN_POINT('Ctrl Pts',(6.93161081878514,-11.6038982931189,2.));
#2768=CARTESIAN_POINT('Ctrl Pts',(6.93161081878514,-11.6038982931189,4.));
#2769=CARTESIAN_POINT('Ctrl Pts',(6.90521837072653,-11.8567728241278,2.));
#2770=CARTESIAN_POINT('Ctrl Pts',(6.90521837072653,-11.8567728241278,4.));
#2771=CARTESIAN_POINT('Ctrl Pts',(6.95673878356414,-11.9629083546805,2.));
#2772=CARTESIAN_POINT('Ctrl Pts',(6.95673878356414,-11.9629083546805,4.));
#2773=CARTESIAN_POINT('Ctrl Pts',(7.00000010430813,-12.0000001788139,2.));
#2774=CARTESIAN_POINT('Ctrl Pts',(7.00000010430813,-12.0000001788139,4.));
#2775=CARTESIAN_POINT('Ctrl Pts',(7.04326142505211,-12.0370920029474,2.));
#2776=CARTESIAN_POINT('Ctrl Pts',(7.04326142505211,-12.0370920029474,4.));
#2777=CARTESIAN_POINT('Ctrl Pts',(7.1647862951904,-12.0793237689287,2.));
#2778=CARTESIAN_POINT('Ctrl Pts',(7.1647862951904,-12.0793237689287,4.));
#2779=CARTESIAN_POINT('Ctrl Pts',(7.45341390496979,-12.0446313593406,2.));
#2780=CARTESIAN_POINT('Ctrl Pts',(7.45341390496979,-12.0446313593406,4.));
#2781=CARTESIAN_POINT('Ctrl Pts',(8.0442473913614,-11.8049328684951,2.));
#2782=CARTESIAN_POINT('Ctrl Pts',(8.0442473913614,-11.8049328684951,4.));
#2783=CARTESIAN_POINT('Ctrl Pts',(9.06367855500693,-11.2322628000394,2.));
#2784=CARTESIAN_POINT('Ctrl Pts',(9.06367855500693,-11.2322628000394,4.));
#2785=CARTESIAN_POINT('Ctrl Pts',(10.2701510431326,-10.4645885234367,2.));
#2786=CARTESIAN_POINT('Ctrl Pts',(10.2701510431326,-10.4645885234367,4.));
#2787=CARTESIAN_POINT('Ctrl Pts',(11.5527010696803,-9.5945866366267,2.));
#2788=CARTESIAN_POINT('Ctrl Pts',(11.5527010696803,-9.5945866366267,4.));
#2789=CARTESIAN_POINT('Ctrl Pts',(12.7975391899366,-8.71551906178632,2.));
#2790=CARTESIAN_POINT('Ctrl Pts',(12.7975391899366,-8.71551906178632,4.));
#2791=CARTESIAN_POINT('Ctrl Pts',(13.9023109674401,-7.907207320845,2.));
#2792=CARTESIAN_POINT('Ctrl Pts',(13.9023109674401,-7.907207320845,4.));
#2793=CARTESIAN_POINT('Ctrl Pts',(14.7904311307579,-7.22194339599787,2.));
#2794=CARTESIAN_POINT('Ctrl Pts',(14.7904311307579,-7.22194339599787,4.));
#2795=CARTESIAN_POINT('Ctrl Pts',(15.4252835570981,-6.67050792877049,2.));
#2796=CARTESIAN_POINT('Ctrl Pts',(15.4252835570981,-6.67050792877049,4.));
#2797=CARTESIAN_POINT('Ctrl Pts',(15.8248899667607,-6.20775955575753,2.));
#2798=CARTESIAN_POINT('Ctrl Pts',(15.8248899667607,-6.20775955575753,4.));
#2799=CARTESIAN_POINT('Ctrl Pts',(16.0432117340981,-5.75924753785519,2.));
#2800=CARTESIAN_POINT('Ctrl Pts',(16.0432117340981,-5.75924753785519,4.));
#2801=CARTESIAN_POINT('Ctrl Pts',(16.1500367649318,-5.25037515958607,2.));
#2802=CARTESIAN_POINT('Ctrl Pts',(16.1500367649318,-5.25037515958607,4.));
#2803=CARTESIAN_POINT('Ctrl Pts',(16.2130316760372,-4.63106204175256,2.));
#2804=CARTESIAN_POINT('Ctrl Pts',(16.2130316760372,-4.63106204175256,4.));
#2805=CARTESIAN_POINT('Ctrl Pts',(16.2749744842668,-3.91088541878672,2.));
#2806=CARTESIAN_POINT('Ctrl Pts',(16.2749744842668,-3.91088541878672,4.));
#2807=CARTESIAN_POINT('Ctrl Pts',(16.3488942454708,-3.15526075039981,2.));
#2808=CARTESIAN_POINT('Ctrl Pts',(16.3488942454708,-3.15526075039981,4.));
#2809=CARTESIAN_POINT('Ctrl Pts',(16.4241993474113,-2.4918813033014,2.));
#2810=CARTESIAN_POINT('Ctrl Pts',(16.4241993474113,-2.4918813033014,4.));
#2811=CARTESIAN_POINT('Ctrl Pts',(16.4760177529194,-2.05150666059377,2.));
#2812=CARTESIAN_POINT('Ctrl Pts',(16.4760177529194,-2.05150666059377,4.));
#2813=CARTESIAN_POINT('Ctrl Pts',(16.5030594226646,-1.78385329568278,2.));
#2814=CARTESIAN_POINT('Ctrl Pts',(16.5030594226646,-1.78385329568278,4.));
#2815=CARTESIAN_POINT('Ctrl Pts',(16.5144930915587,-1.63372090653307,2.));
#2816=CARTESIAN_POINT('Ctrl Pts',(16.5144930915587,-1.63372090653307,4.));
#2817=CARTESIAN_POINT('Ctrl Pts',(16.5181547996589,-1.57515046523863,2.));
#2818=CARTESIAN_POINT('Ctrl Pts',(16.5181547996589,-1.57515046523863,4.));
#2819=CARTESIAN_POINT('Ctrl Pts',(16.5181547996589,-1.57515046523863,2.));
#2820=CARTESIAN_POINT('Ctrl Pts',(16.5144930915587,-1.63372090653307,2.));
#2821=CARTESIAN_POINT('Ctrl Pts',(16.5030594226646,-1.78385329568278,2.));
#2822=CARTESIAN_POINT('Ctrl Pts',(16.4760177529194,-2.05150666059377,2.));
#2823=CARTESIAN_POINT('Ctrl Pts',(16.4241993474113,-2.4918813033014,2.));
#2824=CARTESIAN_POINT('Ctrl Pts',(16.3488942454708,-3.15526075039981,2.));
#2825=CARTESIAN_POINT('Ctrl Pts',(16.2749744842668,-3.91088541878672,2.));
#2826=CARTESIAN_POINT('Ctrl Pts',(16.2130316760372,-4.63106204175256,2.));
#2827=CARTESIAN_POINT('Ctrl Pts',(16.1500367649318,-5.25037515958607,2.));
#2828=CARTESIAN_POINT('Ctrl Pts',(16.0432117340981,-5.75924753785519,2.));
#2829=CARTESIAN_POINT('Ctrl Pts',(15.8248899667607,-6.20775955575753,2.));
#2830=CARTESIAN_POINT('Ctrl Pts',(15.4252835570981,-6.67050792877049,2.));
#2831=CARTESIAN_POINT('Ctrl Pts',(14.7904311307579,-7.22194339599787,2.));
#2832=CARTESIAN_POINT('Ctrl Pts',(13.9023109674401,-7.907207320845,2.));
#2833=CARTESIAN_POINT('Ctrl Pts',(12.7975391899366,-8.71551906178632,2.));
#2834=CARTESIAN_POINT('Ctrl Pts',(11.5527010696803,-9.5945866366267,2.));
#2835=CARTESIAN_POINT('Ctrl Pts',(10.2701510431326,-10.4645885234367,2.));
#2836=CARTESIAN_POINT('Ctrl Pts',(9.06367855500693,-11.2322628000394,2.));
#2837=CARTESIAN_POINT('Ctrl Pts',(8.0442473913614,-11.8049328684951,2.));
#2838=CARTESIAN_POINT('Ctrl Pts',(7.45341390496979,-12.0446313593406,2.));
#2839=CARTESIAN_POINT('Ctrl Pts',(7.1647862951904,-12.0793237689287,2.));
#2840=CARTESIAN_POINT('Ctrl Pts',(7.04326142505211,-12.0370920029474,2.));
#2841=CARTESIAN_POINT('Ctrl Pts',(7.00000010430813,-12.0000001788139,2.));
#2842=CARTESIAN_POINT('Ctrl Pts',(6.95673878356414,-11.9629083546805,2.));
#2843=CARTESIAN_POINT('Ctrl Pts',(6.90521837072653,-11.8567728241278,2.));
#2844=CARTESIAN_POINT('Ctrl Pts',(6.93161081878514,-11.6038982931189,2.));
#2845=CARTESIAN_POINT('Ctrl Pts',(7.15679399934071,-11.0995032473257,2.));
#2846=CARTESIAN_POINT('Ctrl Pts',(7.67093226893981,-10.2775924678463,2.));
#2847=CARTESIAN_POINT('Ctrl Pts',(8.31251093642311,-9.36880478650149,2.));
#2848=CARTESIAN_POINT('Ctrl Pts',(8.9745905836567,-8.47501668531557,2.));
#2849=CARTESIAN_POINT('Ctrl Pts',(9.56771391923656,-7.6758757355874,2.));
#2850=CARTESIAN_POINT('Ctrl Pts',(10.0398257972372,-7.00840999477013,2.));
#2851=CARTESIAN_POINT('Ctrl Pts',(10.3943034777438,-6.44880308399066,2.));
#2852=CARTESIAN_POINT('Ctrl Pts',(10.6689794830961,-5.93836400535751,2.));
#2853=CARTESIAN_POINT('Ctrl Pts',(10.9164548373657,-5.40815728626728,2.));
#2854=CARTESIAN_POINT('Ctrl Pts',(11.1846828170459,-4.80305044210581,2.));
#2855=CARTESIAN_POINT('Ctrl Pts',(11.4957294634063,-4.10850346985785,2.));
#2856=CARTESIAN_POINT('Ctrl Pts',(11.830339158921,-3.36888681815215,2.));
#2857=CARTESIAN_POINT('Ctrl Pts',(12.1473405728111,-2.65545021744823,2.));
#2858=CARTESIAN_POINT('Ctrl Pts',(12.3993087082838,-2.03951823028661,2.));
#2859=CARTESIAN_POINT('Ctrl Pts',(12.5490154797666,-1.56496723945628,2.));
#2860=CARTESIAN_POINT('Ctrl Pts',(12.5870552026545,-1.21798070956771,2.));
#2861=CARTESIAN_POINT('Ctrl Pts',(12.5447292592096,-0.906414089961088,2.));
#2862=CARTESIAN_POINT('Ctrl Pts',(12.4675050499735,-0.51657694852845,2.));
#2863=CARTESIAN_POINT('Ctrl Pts',(12.389413773865,0.0311787957004019,2.));
#2864=CARTESIAN_POINT('Ctrl Pts',(12.3138077812883,0.741247444101069,2.));
#2865=CARTESIAN_POINT('Ctrl Pts',(12.2261023376388,1.57203215097282,2.));
#2866=CARTESIAN_POINT('Ctrl Pts',(12.1014312440512,2.45405956447957,2.));
#2867=CARTESIAN_POINT('Ctrl Pts',(11.9146209638769,3.31311770629862,2.));
#2868=CARTESIAN_POINT('Ctrl Pts',(11.6484006036796,4.08966090108542,2.));
#2869=CARTESIAN_POINT('Ctrl Pts',(11.3043733517532,4.76391547536594,2.));
#2870=CARTESIAN_POINT('Ctrl Pts',(10.898866906325,5.34983369384629,2.));
#2871=CARTESIAN_POINT('Ctrl Pts',(10.4549671278817,5.88090500342607,2.));
#2872=CARTESIAN_POINT('Ctrl Pts',(9.99537887536085,6.39829559991161,2.));
#2873=CARTESIAN_POINT('Ctrl Pts',(9.53598033636655,6.93898396243516,2.));
#2874=CARTESIAN_POINT('Ctrl Pts',(9.07650460489804,7.52152607503625,2.));
#2875=CARTESIAN_POINT('Ctrl Pts',(8.60332922529087,8.14284223031694,2.));
#2876=CARTESIAN_POINT('Ctrl Pts',(8.1023888425356,8.78422991726985,2.));
#2877=CARTESIAN_POINT('Ctrl Pts',(7.56899937733176,9.41474453230233,2.));
#2878=CARTESIAN_POINT('Ctrl Pts',(7.01937267540249,9.99558010022291,2.));
#2879=CARTESIAN_POINT('Ctrl Pts',(6.50046170855542,10.484168791831,2.));
#2880=CARTESIAN_POINT('Ctrl Pts',(6.10305586476989,10.8380041915727,2.));
#2881=CARTESIAN_POINT('Ctrl Pts',(5.92417730316634,11.0239314530316,2.));
#2882=CARTESIAN_POINT('Ctrl Pts',(6.03182726156895,11.0263324245505,2.));
#2883=CARTESIAN_POINT('Ctrl Pts',(6.41872529080492,10.8587175304257,2.));
#2884=CARTESIAN_POINT('Ctrl Pts',(7.01181132095036,10.5587985202373,2.));
#2885=CARTESIAN_POINT('Ctrl Pts',(7.71171035419063,10.1747542161017,2.));
#2886=CARTESIAN_POINT('Ctrl Pts',(8.41996013511495,9.75508523964533,2.));
#2887=CARTESIAN_POINT('Ctrl Pts',(9.07794349406696,9.33505159909354,2.));
#2888=CARTESIAN_POINT('Ctrl Pts',(9.67114332368679,8.93325136927155,2.));
#2889=CARTESIAN_POINT('Ctrl Pts',(10.2118716118871,8.55464858361575,2.));
#2890=CARTESIAN_POINT('Ctrl Pts',(10.7279032309327,8.1915747472292,2.));
#2891=CARTESIAN_POINT('Ctrl Pts',(11.2496320260687,7.82582610110237,2.));
#2892=CARTESIAN_POINT('Ctrl Pts',(11.7955857452022,7.42960472963984,2.));
#2893=CARTESIAN_POINT('Ctrl Pts',(12.3674659083391,6.96957997883202,2.));
#2894=CARTESIAN_POINT('Ctrl Pts',(12.9562170527798,6.41427043414061,2.));
#2895=CARTESIAN_POINT('Ctrl Pts',(13.5450712707883,5.74031883822954,2.));
#2896=CARTESIAN_POINT('Ctrl Pts',(14.1139314350625,4.93973692050804,2.));
#2897=CARTESIAN_POINT('Ctrl Pts',(14.6429151280401,4.02556225026387,2.));
#2898=CARTESIAN_POINT('Ctrl Pts',(15.1169211951686,3.04123755674765,2.));
#2899=CARTESIAN_POINT('Ctrl Pts',(15.5262757918381,2.05244602428079,2.));
#2900=CARTESIAN_POINT('Ctrl Pts',(15.8655674542531,1.13020152126931,2.));
#2901=CARTESIAN_POINT('Ctrl Pts',(16.1150779950353,0.390654957773833,2.));
#2902=CARTESIAN_POINT('Ctrl Pts',(16.263666102855,-0.0778105116563707,2.));
#2903=CARTESIAN_POINT('Ctrl Pts',(16.3476848666538,-0.358401410819388,2.));
#2904=CARTESIAN_POINT('Ctrl Pts',(16.3911249845645,-0.513793480783047,2.));
#2905=CARTESIAN_POINT('Ctrl Pts',(16.407037104404,-0.572925508899037,2.));
#2906=CARTESIAN_POINT('Ctrl Pts',(16.407037104404,-0.572925508899037,4.));
#2907=CARTESIAN_POINT('Ctrl Pts',(16.3911249845645,-0.513793480783047,4.));
#2908=CARTESIAN_POINT('Ctrl Pts',(16.3476848666538,-0.358401410819388,4.));
#2909=CARTESIAN_POINT('Ctrl Pts',(16.263666102855,-0.0778105116563707,4.));
#2910=CARTESIAN_POINT('Ctrl Pts',(16.1150779950353,0.390654957773833,4.));
#2911=CARTESIAN_POINT('Ctrl Pts',(15.8655674542531,1.13020152126931,4.));
#2912=CARTESIAN_POINT('Ctrl Pts',(15.5262757918381,2.05244602428079,4.));
#2913=CARTESIAN_POINT('Ctrl Pts',(15.1169211951686,3.04123755674765,4.));
#2914=CARTESIAN_POINT('Ctrl Pts',(14.6429151280401,4.02556225026387,4.));
#2915=CARTESIAN_POINT('Ctrl Pts',(14.1139314350625,4.93973692050804,4.));
#2916=CARTESIAN_POINT('Ctrl Pts',(13.5450712707883,5.74031883822954,4.));
#2917=CARTESIAN_POINT('Ctrl Pts',(12.9562170527798,6.41427043414061,4.));
#2918=CARTESIAN_POINT('Ctrl Pts',(12.3674659083391,6.96957997883202,4.));
#2919=CARTESIAN_POINT('Ctrl Pts',(11.7955857452022,7.42960472963984,4.));
#2920=CARTESIAN_POINT('Ctrl Pts',(11.2496320260687,7.82582610110237,4.));
#2921=CARTESIAN_POINT('Ctrl Pts',(10.7279032309327,8.1915747472292,4.));
#2922=CARTESIAN_POINT('Ctrl Pts',(10.2118716118871,8.55464858361575,4.));
#2923=CARTESIAN_POINT('Ctrl Pts',(9.67114332368679,8.93325136927155,4.));
#2924=CARTESIAN_POINT('Ctrl Pts',(9.07794349406696,9.33505159909354,4.));
#2925=CARTESIAN_POINT('Ctrl Pts',(8.41996013511495,9.75508523964533,4.));
#2926=CARTESIAN_POINT('Ctrl Pts',(7.71171035419063,10.1747542161017,4.));
#2927=CARTESIAN_POINT('Ctrl Pts',(7.01181132095036,10.5587985202373,4.));
#2928=CARTESIAN_POINT('Ctrl Pts',(6.41872529080492,10.8587175304257,4.));
#2929=CARTESIAN_POINT('Ctrl Pts',(6.03182726156895,11.0263324245505,4.));
#2930=CARTESIAN_POINT('Ctrl Pts',(5.92417730316634,11.0239314530316,4.));
#2931=CARTESIAN_POINT('Ctrl Pts',(6.10305586476989,10.8380041915727,4.));
#2932=CARTESIAN_POINT('Ctrl Pts',(6.50046170855542,10.484168791831,4.));
#2933=CARTESIAN_POINT('Ctrl Pts',(7.01937267540249,9.99558010022291,4.));
#2934=CARTESIAN_POINT('Ctrl Pts',(7.56899937733176,9.41474453230233,4.));
#2935=CARTESIAN_POINT('Ctrl Pts',(8.1023888425356,8.78422991726985,4.));
#2936=CARTESIAN_POINT('Ctrl Pts',(8.60332922529087,8.14284223031694,4.));
#2937=CARTESIAN_POINT('Ctrl Pts',(9.07650460489804,7.52152607503625,4.));
#2938=CARTESIAN_POINT('Ctrl Pts',(9.53598033636655,6.93898396243516,4.));
#2939=CARTESIAN_POINT('Ctrl Pts',(9.99537887536085,6.39829559991161,4.));
#2940=CARTESIAN_POINT('Ctrl Pts',(10.4549671278817,5.88090500342607,4.));
#2941=CARTESIAN_POINT('Ctrl Pts',(10.898866906325,5.34983369384629,4.));
#2942=CARTESIAN_POINT('Ctrl Pts',(11.3043733517532,4.76391547536594,4.));
#2943=CARTESIAN_POINT('Ctrl Pts',(11.6484006036796,4.08966090108542,4.));
#2944=CARTESIAN_POINT('Ctrl Pts',(11.9146209638769,3.31311770629862,4.));
#2945=CARTESIAN_POINT('Ctrl Pts',(12.1014312440512,2.45405956447957,4.));
#2946=CARTESIAN_POINT('Ctrl Pts',(12.2261023376388,1.57203215097282,4.));
#2947=CARTESIAN_POINT('Ctrl Pts',(12.3138077812883,0.741247444101069,4.));
#2948=CARTESIAN_POINT('Ctrl Pts',(12.389413773865,0.0311787957004019,4.));
#2949=CARTESIAN_POINT('Ctrl Pts',(12.4675050499735,-0.51657694852845,4.));
#2950=CARTESIAN_POINT('Ctrl Pts',(12.5447292592096,-0.906414089961088,4.));
#2951=CARTESIAN_POINT('Ctrl Pts',(12.5870552026545,-1.21798070956771,4.));
#2952=CARTESIAN_POINT('Ctrl Pts',(12.5490154797666,-1.56496723945628,4.));
#2953=CARTESIAN_POINT('Ctrl Pts',(12.3993087082838,-2.03951823028661,4.));
#2954=CARTESIAN_POINT('Ctrl Pts',(12.1473405728111,-2.65545021744823,4.));
#2955=CARTESIAN_POINT('Ctrl Pts',(11.830339158921,-3.36888681815215,4.));
#2956=CARTESIAN_POINT('Ctrl Pts',(11.4957294634063,-4.10850346985785,4.));
#2957=CARTESIAN_POINT('Ctrl Pts',(11.1846828170459,-4.80305044210581,4.));
#2958=CARTESIAN_POINT('Ctrl Pts',(10.9164548373657,-5.40815728626728,4.));
#2959=CARTESIAN_POINT('Ctrl Pts',(10.6689794830961,-5.93836400535751,4.));
#2960=CARTESIAN_POINT('Ctrl Pts',(10.3943034777438,-6.44880308399066,4.));
#2961=CARTESIAN_POINT('Ctrl Pts',(10.0398257972372,-7.00840999477013,4.));
#2962=CARTESIAN_POINT('Ctrl Pts',(9.56771391923656,-7.6758757355874,4.));
#2963=CARTESIAN_POINT('Ctrl Pts',(8.9745905836567,-8.47501668531557,4.));
#2964=CARTESIAN_POINT('Ctrl Pts',(8.31251093642311,-9.36880478650149,4.));
#2965=CARTESIAN_POINT('Ctrl Pts',(7.67093226893981,-10.2775924678463,4.));
#2966=CARTESIAN_POINT('Ctrl Pts',(7.15679399934071,-11.0995032473257,4.));
#2967=CARTESIAN_POINT('Ctrl Pts',(6.93161081878514,-11.6038982931189,4.));
#2968=CARTESIAN_POINT('Ctrl Pts',(6.90521837072653,-11.8567728241278,4.));
#2969=CARTESIAN_POINT('Ctrl Pts',(6.95673878356414,-11.9629083546805,4.));
#2970=CARTESIAN_POINT('Ctrl Pts',(7.00000010430813,-12.0000001788139,4.));
#2971=CARTESIAN_POINT('Ctrl Pts',(7.04326142505211,-12.0370920029474,4.));
#2972=CARTESIAN_POINT('Ctrl Pts',(7.1647862951904,-12.0793237689287,4.));
#2973=CARTESIAN_POINT('Ctrl Pts',(7.45341390496979,-12.0446313593406,4.));
#2974=CARTESIAN_POINT('Ctrl Pts',(8.0442473913614,-11.8049328684951,4.));
#2975=CARTESIAN_POINT('Ctrl Pts',(9.06367855500693,-11.2322628000394,4.));
#2976=CARTESIAN_POINT('Ctrl Pts',(10.2701510431326,-10.4645885234367,4.));
#2977=CARTESIAN_POINT('Ctrl Pts',(11.5527010696803,-9.5945866366267,4.));
#2978=CARTESIAN_POINT('Ctrl Pts',(12.7975391899366,-8.71551906178632,4.));
#2979=CARTESIAN_POINT('Ctrl Pts',(13.9023109674401,-7.907207320845,4.));
#2980=CARTESIAN_POINT('Ctrl Pts',(14.7904311307579,-7.22194339599787,4.));
#2981=CARTESIAN_POINT('Ctrl Pts',(15.4252835570981,-6.67050792877049,4.));
#2982=CARTESIAN_POINT('Ctrl Pts',(15.8248899667607,-6.20775955575753,4.));
#2983=CARTESIAN_POINT('Ctrl Pts',(16.0432117340981,-5.75924753785519,4.));
#2984=CARTESIAN_POINT('Ctrl Pts',(16.1500367649318,-5.25037515958607,4.));
#2985=CARTESIAN_POINT('Ctrl Pts',(16.2130316760372,-4.63106204175256,4.));
#2986=CARTESIAN_POINT('Ctrl Pts',(16.2749744842668,-3.91088541878672,4.));
#2987=CARTESIAN_POINT('Ctrl Pts',(16.3488942454708,-3.15526075039981,4.));
#2988=CARTESIAN_POINT('Ctrl Pts',(16.4241993474113,-2.4918813033014,4.));
#2989=CARTESIAN_POINT('Ctrl Pts',(16.4760177529194,-2.05150666059377,4.));
#2990=CARTESIAN_POINT('Ctrl Pts',(16.5030594226646,-1.78385329568278,4.));
#2991=CARTESIAN_POINT('Ctrl Pts',(16.5144930915587,-1.63372090653307,4.));
#2992=CARTESIAN_POINT('Ctrl Pts',(16.5181547996589,-1.57515046523863,4.));
#2993=CARTESIAN_POINT('Origin',(11.2251759965828,-0.526495672189062,4.));
#2994=CARTESIAN_POINT('Ctrl Pts',(-16.5181547996589,-1.57515046523863,2.));
#2995=CARTESIAN_POINT('Ctrl Pts',(-16.5181547996589,-1.57515046523863,4.));
#2996=CARTESIAN_POINT('Ctrl Pts',(-16.5144930915587,-1.63372090653307,2.));
#2997=CARTESIAN_POINT('Ctrl Pts',(-16.5144930915587,-1.63372090653307,4.));
#2998=CARTESIAN_POINT('Ctrl Pts',(-16.5030594226646,-1.78385329568278,2.));
#2999=CARTESIAN_POINT('Ctrl Pts',(-16.5030594226646,-1.78385329568278,4.));
#3000=CARTESIAN_POINT('Ctrl Pts',(-16.4760177529194,-2.05150666059377,2.));
#3001=CARTESIAN_POINT('Ctrl Pts',(-16.4760177529194,-2.05150666059377,4.));
#3002=CARTESIAN_POINT('Ctrl Pts',(-16.4241993474113,-2.4918813033014,2.));
#3003=CARTESIAN_POINT('Ctrl Pts',(-16.4241993474113,-2.4918813033014,4.));
#3004=CARTESIAN_POINT('Ctrl Pts',(-16.3488942454708,-3.15526075039981,2.));
#3005=CARTESIAN_POINT('Ctrl Pts',(-16.3488942454708,-3.15526075039981,4.));
#3006=CARTESIAN_POINT('Ctrl Pts',(-16.2749744842668,-3.91088541878672,2.));
#3007=CARTESIAN_POINT('Ctrl Pts',(-16.2749744842668,-3.91088541878672,4.));
#3008=CARTESIAN_POINT('Ctrl Pts',(-16.2130316760372,-4.63106204175256,2.));
#3009=CARTESIAN_POINT('Ctrl Pts',(-16.2130316760372,-4.63106204175256,4.));
#3010=CARTESIAN_POINT('Ctrl Pts',(-16.1500367649318,-5.25037515958607,2.));
#3011=CARTESIAN_POINT('Ctrl Pts',(-16.1500367649318,-5.25037515958607,4.));
#3012=CARTESIAN_POINT('Ctrl Pts',(-16.0432117340981,-5.75924753785519,2.));
#3013=CARTESIAN_POINT('Ctrl Pts',(-16.0432117340981,-5.75924753785519,4.));
#3014=CARTESIAN_POINT('Ctrl Pts',(-15.8248899667607,-6.20775955575753,2.));
#3015=CARTESIAN_POINT('Ctrl Pts',(-15.8248899667607,-6.20775955575753,4.));
#3016=CARTESIAN_POINT('Ctrl Pts',(-15.4252835570981,-6.67050792877049,2.));
#3017=CARTESIAN_POINT('Ctrl Pts',(-15.4252835570981,-6.67050792877049,4.));
#3018=CARTESIAN_POINT('Ctrl Pts',(-14.7904311307579,-7.22194339599787,2.));
#3019=CARTESIAN_POINT('Ctrl Pts',(-14.7904311307579,-7.22194339599787,4.));
#3020=CARTESIAN_POINT('Ctrl Pts',(-13.9023109674401,-7.907207320845,2.));
#3021=CARTESIAN_POINT('Ctrl Pts',(-13.9023109674401,-7.907207320845,4.));
#3022=CARTESIAN_POINT('Ctrl Pts',(-12.7975391899366,-8.71551906178632,2.));
#3023=CARTESIAN_POINT('Ctrl Pts',(-12.7975391899366,-8.71551906178632,4.));
#3024=CARTESIAN_POINT('Ctrl Pts',(-11.5527010696803,-9.5945866366267,2.));
#3025=CARTESIAN_POINT('Ctrl Pts',(-11.5527010696803,-9.5945866366267,4.));
#3026=CARTESIAN_POINT('Ctrl Pts',(-10.2701510431326,-10.4645885234367,2.));
#3027=CARTESIAN_POINT('Ctrl Pts',(-10.2701510431326,-10.4645885234367,4.));
#3028=CARTESIAN_POINT('Ctrl Pts',(-9.06367855500693,-11.2322628000394,2.));
#3029=CARTESIAN_POINT('Ctrl Pts',(-9.06367855500693,-11.2322628000394,4.));
#3030=CARTESIAN_POINT('Ctrl Pts',(-8.0442473913614,-11.8049328684951,2.));
#3031=CARTESIAN_POINT('Ctrl Pts',(-8.0442473913614,-11.8049328684951,4.));
#3032=CARTESIAN_POINT('Ctrl Pts',(-7.45341390496979,-12.0446313593406,2.));
#3033=CARTESIAN_POINT('Ctrl Pts',(-7.45341390496979,-12.0446313593406,4.));
#3034=CARTESIAN_POINT('Ctrl Pts',(-7.1647862951904,-12.0793237689287,2.));
#3035=CARTESIAN_POINT('Ctrl Pts',(-7.1647862951904,-12.0793237689287,4.));
#3036=CARTESIAN_POINT('Ctrl Pts',(-7.04326142505211,-12.0370920029474,2.));
#3037=CARTESIAN_POINT('Ctrl Pts',(-7.04326142505211,-12.0370920029474,4.));
#3038=CARTESIAN_POINT('Ctrl Pts',(-7.00000010430813,-12.0000001788139,2.));
#3039=CARTESIAN_POINT('Ctrl Pts',(-7.00000010430813,-12.0000001788139,4.));
#3040=CARTESIAN_POINT('Ctrl Pts',(-6.95673878356414,-11.9629083546805,2.));
#3041=CARTESIAN_POINT('Ctrl Pts',(-6.95673878356414,-11.9629083546805,4.));
#3042=CARTESIAN_POINT('Ctrl Pts',(-6.90521837072653,-11.8567728241278,2.));
#3043=CARTESIAN_POINT('Ctrl Pts',(-6.90521837072653,-11.8567728241278,4.));
#3044=CARTESIAN_POINT('Ctrl Pts',(-6.93161081878514,-11.6038982931189,2.));
#3045=CARTESIAN_POINT('Ctrl Pts',(-6.93161081878514,-11.6038982931189,4.));
#3046=CARTESIAN_POINT('Ctrl Pts',(-7.15679399934071,-11.0995032473257,2.));
#3047=CARTESIAN_POINT('Ctrl Pts',(-7.15679399934071,-11.0995032473257,4.));
#3048=CARTESIAN_POINT('Ctrl Pts',(-7.67093226893981,-10.2775924678463,2.));
#3049=CARTESIAN_POINT('Ctrl Pts',(-7.67093226893981,-10.2775924678463,4.));
#3050=CARTESIAN_POINT('Ctrl Pts',(-8.31251093642311,-9.36880478650149,2.));
#3051=CARTESIAN_POINT('Ctrl Pts',(-8.31251093642311,-9.36880478650149,4.));
#3052=CARTESIAN_POINT('Ctrl Pts',(-8.9745905836567,-8.47501668531557,2.));
#3053=CARTESIAN_POINT('Ctrl Pts',(-8.9745905836567,-8.47501668531557,4.));
#3054=CARTESIAN_POINT('Ctrl Pts',(-9.56771391923656,-7.6758757355874,2.));
#3055=CARTESIAN_POINT('Ctrl Pts',(-9.56771391923656,-7.6758757355874,4.));
#3056=CARTESIAN_POINT('Ctrl Pts',(-10.0398257972372,-7.00840999477013,2.));
#3057=CARTESIAN_POINT('Ctrl Pts',(-10.0398257972372,-7.00840999477013,4.));
#3058=CARTESIAN_POINT('Ctrl Pts',(-10.3943034777438,-6.44880308399066,2.));
#3059=CARTESIAN_POINT('Ctrl Pts',(-10.3943034777438,-6.44880308399066,4.));
#3060=CARTESIAN_POINT('Ctrl Pts',(-10.6689794830961,-5.93836400535751,2.));
#3061=CARTESIAN_POINT('Ctrl Pts',(-10.6689794830961,-5.93836400535751,4.));
#3062=CARTESIAN_POINT('Ctrl Pts',(-10.9164548373657,-5.40815728626728,2.));
#3063=CARTESIAN_POINT('Ctrl Pts',(-10.9164548373657,-5.40815728626728,4.));
#3064=CARTESIAN_POINT('Ctrl Pts',(-11.1846828170459,-4.80305044210581,2.));
#3065=CARTESIAN_POINT('Ctrl Pts',(-11.1846828170459,-4.80305044210581,4.));
#3066=CARTESIAN_POINT('Ctrl Pts',(-11.4957294634063,-4.10850346985785,2.));
#3067=CARTESIAN_POINT('Ctrl Pts',(-11.4957294634063,-4.10850346985785,4.));
#3068=CARTESIAN_POINT('Ctrl Pts',(-11.830339158921,-3.36888681815215,2.));
#3069=CARTESIAN_POINT('Ctrl Pts',(-11.830339158921,-3.36888681815215,4.));
#3070=CARTESIAN_POINT('Ctrl Pts',(-12.1473405728111,-2.65545021744823,2.));
#3071=CARTESIAN_POINT('Ctrl Pts',(-12.1473405728111,-2.65545021744823,4.));
#3072=CARTESIAN_POINT('Ctrl Pts',(-12.3993087082838,-2.03951823028661,2.));
#3073=CARTESIAN_POINT('Ctrl Pts',(-12.3993087082838,-2.03951823028661,4.));
#3074=CARTESIAN_POINT('Ctrl Pts',(-12.5490154797666,-1.56496723945628,2.));
#3075=CARTESIAN_POINT('Ctrl Pts',(-12.5490154797666,-1.56496723945628,4.));
#3076=CARTESIAN_POINT('Ctrl Pts',(-12.5870552026545,-1.21798070956771,2.));
#3077=CARTESIAN_POINT('Ctrl Pts',(-12.5870552026545,-1.21798070956771,4.));
#3078=CARTESIAN_POINT('Ctrl Pts',(-12.5447292592096,-0.906414089961088,
2.));
#3079=CARTESIAN_POINT('Ctrl Pts',(-12.5447292592096,-0.906414089961088,
4.));
#3080=CARTESIAN_POINT('Ctrl Pts',(-12.4675050499735,-0.51657694852845,2.));
#3081=CARTESIAN_POINT('Ctrl Pts',(-12.4675050499735,-0.51657694852845,4.));
#3082=CARTESIAN_POINT('Ctrl Pts',(-12.389413773865,0.0311787957004019,2.));
#3083=CARTESIAN_POINT('Ctrl Pts',(-12.389413773865,0.0311787957004019,4.));
#3084=CARTESIAN_POINT('Ctrl Pts',(-12.3138077812883,0.741247444101069,2.));
#3085=CARTESIAN_POINT('Ctrl Pts',(-12.3138077812883,0.741247444101069,4.));
#3086=CARTESIAN_POINT('Ctrl Pts',(-12.2261023376388,1.57203215097282,2.));
#3087=CARTESIAN_POINT('Ctrl Pts',(-12.2261023376388,1.57203215097282,4.));
#3088=CARTESIAN_POINT('Ctrl Pts',(-12.1014312440512,2.45405956447957,2.));
#3089=CARTESIAN_POINT('Ctrl Pts',(-12.1014312440512,2.45405956447957,4.));
#3090=CARTESIAN_POINT('Ctrl Pts',(-11.9146209638769,3.31311770629862,2.));
#3091=CARTESIAN_POINT('Ctrl Pts',(-11.9146209638769,3.31311770629862,4.));
#3092=CARTESIAN_POINT('Ctrl Pts',(-11.6484006036796,4.08966090108542,2.));
#3093=CARTESIAN_POINT('Ctrl Pts',(-11.6484006036796,4.08966090108542,4.));
#3094=CARTESIAN_POINT('Ctrl Pts',(-11.3043733517532,4.76391547536594,2.));
#3095=CARTESIAN_POINT('Ctrl Pts',(-11.3043733517532,4.76391547536594,4.));
#3096=CARTESIAN_POINT('Ctrl Pts',(-10.898866906325,5.34983369384629,2.));
#3097=CARTESIAN_POINT('Ctrl Pts',(-10.898866906325,5.34983369384629,4.));
#3098=CARTESIAN_POINT('Ctrl Pts',(-10.4549671278817,5.88090500342607,2.));
#3099=CARTESIAN_POINT('Ctrl Pts',(-10.4549671278817,5.88090500342607,4.));
#3100=CARTESIAN_POINT('Ctrl Pts',(-9.99537887536085,6.39829559991161,2.));
#3101=CARTESIAN_POINT('Ctrl Pts',(-9.99537887536085,6.39829559991161,4.));
#3102=CARTESIAN_POINT('Ctrl Pts',(-9.53598033636655,6.93898396243516,2.));
#3103=CARTESIAN_POINT('Ctrl Pts',(-9.53598033636655,6.93898396243516,4.));
#3104=CARTESIAN_POINT('Ctrl Pts',(-9.07650460489804,7.52152607503625,2.));
#3105=CARTESIAN_POINT('Ctrl Pts',(-9.07650460489804,7.52152607503625,4.));
#3106=CARTESIAN_POINT('Ctrl Pts',(-8.60332922529087,8.14284223031694,2.));
#3107=CARTESIAN_POINT('Ctrl Pts',(-8.60332922529087,8.14284223031694,4.));
#3108=CARTESIAN_POINT('Ctrl Pts',(-8.1023888425356,8.78422991726985,2.));
#3109=CARTESIAN_POINT('Ctrl Pts',(-8.1023888425356,8.78422991726985,4.));
#3110=CARTESIAN_POINT('Ctrl Pts',(-7.56899937733176,9.41474453230233,2.));
#3111=CARTESIAN_POINT('Ctrl Pts',(-7.56899937733176,9.41474453230233,4.));
#3112=CARTESIAN_POINT('Ctrl Pts',(-7.01937267540249,9.99558010022291,2.));
#3113=CARTESIAN_POINT('Ctrl Pts',(-7.01937267540249,9.99558010022291,4.));
#3114=CARTESIAN_POINT('Ctrl Pts',(-6.50046170855542,10.484168791831,2.));
#3115=CARTESIAN_POINT('Ctrl Pts',(-6.50046170855542,10.484168791831,4.));
#3116=CARTESIAN_POINT('Ctrl Pts',(-6.10305586476989,10.8380041915727,2.));
#3117=CARTESIAN_POINT('Ctrl Pts',(-6.10305586476989,10.8380041915727,4.));
#3118=CARTESIAN_POINT('Ctrl Pts',(-5.92417730316634,11.0239314530316,2.));
#3119=CARTESIAN_POINT('Ctrl Pts',(-5.92417730316634,11.0239314530316,4.));
#3120=CARTESIAN_POINT('Ctrl Pts',(-6.03182726156895,11.0263324245505,2.));
#3121=CARTESIAN_POINT('Ctrl Pts',(-6.03182726156895,11.0263324245505,4.));
#3122=CARTESIAN_POINT('Ctrl Pts',(-6.41872529080492,10.8587175304257,2.));
#3123=CARTESIAN_POINT('Ctrl Pts',(-6.41872529080492,10.8587175304257,4.));
#3124=CARTESIAN_POINT('Ctrl Pts',(-7.01181132095036,10.5587985202373,2.));
#3125=CARTESIAN_POINT('Ctrl Pts',(-7.01181132095036,10.5587985202373,4.));
#3126=CARTESIAN_POINT('Ctrl Pts',(-7.71171035419063,10.1747542161017,2.));
#3127=CARTESIAN_POINT('Ctrl Pts',(-7.71171035419063,10.1747542161017,4.));
#3128=CARTESIAN_POINT('Ctrl Pts',(-8.41996013511495,9.75508523964533,2.));
#3129=CARTESIAN_POINT('Ctrl Pts',(-8.41996013511495,9.75508523964533,4.));
#3130=CARTESIAN_POINT('Ctrl Pts',(-9.07794349406696,9.33505159909354,2.));
#3131=CARTESIAN_POINT('Ctrl Pts',(-9.07794349406696,9.33505159909354,4.));
#3132=CARTESIAN_POINT('Ctrl Pts',(-9.67114332368679,8.93325136927155,2.));
#3133=CARTESIAN_POINT('Ctrl Pts',(-9.67114332368679,8.93325136927155,4.));
#3134=CARTESIAN_POINT('Ctrl Pts',(-10.2118716118871,8.55464858361575,2.));
#3135=CARTESIAN_POINT('Ctrl Pts',(-10.2118716118871,8.55464858361575,4.));
#3136=CARTESIAN_POINT('Ctrl Pts',(-10.7279032309327,8.1915747472292,2.));
#3137=CARTESIAN_POINT('Ctrl Pts',(-10.7279032309327,8.1915747472292,4.));
#3138=CARTESIAN_POINT('Ctrl Pts',(-11.2496320260687,7.82582610110237,2.));
#3139=CARTESIAN_POINT('Ctrl Pts',(-11.2496320260687,7.82582610110237,4.));
#3140=CARTESIAN_POINT('Ctrl Pts',(-11.7955857452022,7.42960472963984,2.));
#3141=CARTESIAN_POINT('Ctrl Pts',(-11.7955857452022,7.42960472963984,4.));
#3142=CARTESIAN_POINT('Ctrl Pts',(-12.3674659083391,6.96957997883202,2.));
#3143=CARTESIAN_POINT('Ctrl Pts',(-12.3674659083391,6.96957997883202,4.));
#3144=CARTESIAN_POINT('Ctrl Pts',(-12.9562170527798,6.41427043414061,2.));
#3145=CARTESIAN_POINT('Ctrl Pts',(-12.9562170527798,6.41427043414061,4.));
#3146=CARTESIAN_POINT('Ctrl Pts',(-13.5450712707883,5.74031883822954,2.));
#3147=CARTESIAN_POINT('Ctrl Pts',(-13.5450712707883,5.74031883822954,4.));
#3148=CARTESIAN_POINT('Ctrl Pts',(-14.1139314350625,4.93973692050804,2.));
#3149=CARTESIAN_POINT('Ctrl Pts',(-14.1139314350625,4.93973692050804,4.));
#3150=CARTESIAN_POINT('Ctrl Pts',(-14.6429151280401,4.02556225026387,2.));
#3151=CARTESIAN_POINT('Ctrl Pts',(-14.6429151280401,4.02556225026387,4.));
#3152=CARTESIAN_POINT('Ctrl Pts',(-15.1169211951686,3.04123755674765,2.));
#3153=CARTESIAN_POINT('Ctrl Pts',(-15.1169211951686,3.04123755674765,4.));
#3154=CARTESIAN_POINT('Ctrl Pts',(-15.5262757918381,2.05244602428079,2.));
#3155=CARTESIAN_POINT('Ctrl Pts',(-15.5262757918381,2.05244602428079,4.));
#3156=CARTESIAN_POINT('Ctrl Pts',(-15.8655674542531,1.13020152126931,2.));
#3157=CARTESIAN_POINT('Ctrl Pts',(-15.8655674542531,1.13020152126931,4.));
#3158=CARTESIAN_POINT('Ctrl Pts',(-16.1150779950353,0.390654957773834,2.));
#3159=CARTESIAN_POINT('Ctrl Pts',(-16.1150779950353,0.390654957773834,4.));
#3160=CARTESIAN_POINT('Ctrl Pts',(-16.263666102855,-0.0778105116563698,
2.));
#3161=CARTESIAN_POINT('Ctrl Pts',(-16.263666102855,-0.0778105116563698,
4.));
#3162=CARTESIAN_POINT('Ctrl Pts',(-16.3476848666538,-0.358401410819387,
2.));
#3163=CARTESIAN_POINT('Ctrl Pts',(-16.3476848666538,-0.358401410819387,
4.));
#3164=CARTESIAN_POINT('Ctrl Pts',(-16.3911249845645,-0.513793480783045,
2.));
#3165=CARTESIAN_POINT('Ctrl Pts',(-16.3911249845645,-0.513793480783045,
4.));
#3166=CARTESIAN_POINT('Ctrl Pts',(-16.407037104404,-0.572925508899037,2.));
#3167=CARTESIAN_POINT('Ctrl Pts',(-16.407037104404,-0.572925508899037,4.));
#3168=CARTESIAN_POINT('',(-16.407037104404,-0.572925508899134,2.));
#3169=CARTESIAN_POINT('',(-16.5181547996589,-1.57515046523862,2.));
#3170=CARTESIAN_POINT('Ctrl Pts',(-16.407037104404,-0.572925508899037,2.));
#3171=CARTESIAN_POINT('Ctrl Pts',(-16.3911249845645,-0.513793480783047,
2.));
#3172=CARTESIAN_POINT('Ctrl Pts',(-16.3476848666538,-0.358401410819388,
2.));
#3173=CARTESIAN_POINT('Ctrl Pts',(-16.263666102855,-0.0778105116563707,
2.));
#3174=CARTESIAN_POINT('Ctrl Pts',(-16.1150779950353,0.390654957773833,2.));
#3175=CARTESIAN_POINT('Ctrl Pts',(-15.8655674542531,1.13020152126931,2.));
#3176=CARTESIAN_POINT('Ctrl Pts',(-15.5262757918381,2.05244602428079,2.));
#3177=CARTESIAN_POINT('Ctrl Pts',(-15.1169211951686,3.04123755674765,2.));
#3178=CARTESIAN_POINT('Ctrl Pts',(-14.6429151280401,4.02556225026387,2.));
#3179=CARTESIAN_POINT('Ctrl Pts',(-14.1139314350625,4.93973692050804,2.));
#3180=CARTESIAN_POINT('Ctrl Pts',(-13.5450712707883,5.74031883822954,2.));
#3181=CARTESIAN_POINT('Ctrl Pts',(-12.9562170527798,6.41427043414061,2.));
#3182=CARTESIAN_POINT('Ctrl Pts',(-12.3674659083391,6.96957997883202,2.));
#3183=CARTESIAN_POINT('Ctrl Pts',(-11.7955857452022,7.42960472963984,2.));
#3184=CARTESIAN_POINT('Ctrl Pts',(-11.2496320260687,7.82582610110237,2.));
#3185=CARTESIAN_POINT('Ctrl Pts',(-10.7279032309327,8.1915747472292,2.));
#3186=CARTESIAN_POINT('Ctrl Pts',(-10.2118716118871,8.55464858361575,2.));
#3187=CARTESIAN_POINT('Ctrl Pts',(-9.67114332368679,8.93325136927155,2.));
#3188=CARTESIAN_POINT('Ctrl Pts',(-9.07794349406696,9.33505159909354,2.));
#3189=CARTESIAN_POINT('Ctrl Pts',(-8.41996013511495,9.75508523964533,2.));
#3190=CARTESIAN_POINT('Ctrl Pts',(-7.71171035419063,10.1747542161017,2.));
#3191=CARTESIAN_POINT('Ctrl Pts',(-7.01181132095036,10.5587985202373,2.));
#3192=CARTESIAN_POINT('Ctrl Pts',(-6.41872529080492,10.8587175304257,2.));
#3193=CARTESIAN_POINT('Ctrl Pts',(-6.03182726156895,11.0263324245505,2.));
#3194=CARTESIAN_POINT('Ctrl Pts',(-5.92417730316634,11.0239314530316,2.));
#3195=CARTESIAN_POINT('Ctrl Pts',(-6.10305586476989,10.8380041915727,2.));
#3196=CARTESIAN_POINT('Ctrl Pts',(-6.50046170855542,10.484168791831,2.));
#3197=CARTESIAN_POINT('Ctrl Pts',(-7.01937267540249,9.99558010022291,2.));
#3198=CARTESIAN_POINT('Ctrl Pts',(-7.56899937733176,9.41474453230233,2.));
#3199=CARTESIAN_POINT('Ctrl Pts',(-8.1023888425356,8.78422991726985,2.));
#3200=CARTESIAN_POINT('Ctrl Pts',(-8.60332922529087,8.14284223031694,2.));
#3201=CARTESIAN_POINT('Ctrl Pts',(-9.07650460489804,7.52152607503625,2.));
#3202=CARTESIAN_POINT('Ctrl Pts',(-9.53598033636655,6.93898396243516,2.));
#3203=CARTESIAN_POINT('Ctrl Pts',(-9.99537887536085,6.39829559991161,2.));
#3204=CARTESIAN_POINT('Ctrl Pts',(-10.4549671278817,5.88090500342607,2.));
#3205=CARTESIAN_POINT('Ctrl Pts',(-10.898866906325,5.34983369384629,2.));
#3206=CARTESIAN_POINT('Ctrl Pts',(-11.3043733517532,4.76391547536594,2.));
#3207=CARTESIAN_POINT('Ctrl Pts',(-11.6484006036796,4.08966090108542,2.));
#3208=CARTESIAN_POINT('Ctrl Pts',(-11.9146209638769,3.31311770629862,2.));
#3209=CARTESIAN_POINT('Ctrl Pts',(-12.1014312440512,2.45405956447957,2.));
#3210=CARTESIAN_POINT('Ctrl Pts',(-12.2261023376388,1.57203215097282,2.));
#3211=CARTESIAN_POINT('Ctrl Pts',(-12.3138077812883,0.741247444101069,2.));
#3212=CARTESIAN_POINT('Ctrl Pts',(-12.389413773865,0.0311787957004019,2.));
#3213=CARTESIAN_POINT('Ctrl Pts',(-12.4675050499735,-0.51657694852845,2.));
#3214=CARTESIAN_POINT('Ctrl Pts',(-12.5447292592096,-0.906414089961088,
2.));
#3215=CARTESIAN_POINT('Ctrl Pts',(-12.5870552026545,-1.21798070956771,2.));
#3216=CARTESIAN_POINT('Ctrl Pts',(-12.5490154797666,-1.56496723945628,2.));
#3217=CARTESIAN_POINT('Ctrl Pts',(-12.3993087082838,-2.03951823028661,2.));
#3218=CARTESIAN_POINT('Ctrl Pts',(-12.1473405728111,-2.65545021744823,2.));
#3219=CARTESIAN_POINT('Ctrl Pts',(-11.830339158921,-3.36888681815215,2.));
#3220=CARTESIAN_POINT('Ctrl Pts',(-11.4957294634063,-4.10850346985785,2.));
#3221=CARTESIAN_POINT('Ctrl Pts',(-11.1846828170459,-4.80305044210581,2.));
#3222=CARTESIAN_POINT('Ctrl Pts',(-10.9164548373657,-5.40815728626728,2.));
#3223=CARTESIAN_POINT('Ctrl Pts',(-10.6689794830961,-5.93836400535751,2.));
#3224=CARTESIAN_POINT('Ctrl Pts',(-10.3943034777438,-6.44880308399066,2.));
#3225=CARTESIAN_POINT('Ctrl Pts',(-10.0398257972372,-7.00840999477013,2.));
#3226=CARTESIAN_POINT('Ctrl Pts',(-9.56771391923656,-7.6758757355874,2.));
#3227=CARTESIAN_POINT('Ctrl Pts',(-8.9745905836567,-8.47501668531557,2.));
#3228=CARTESIAN_POINT('Ctrl Pts',(-8.31251093642311,-9.36880478650149,2.));
#3229=CARTESIAN_POINT('Ctrl Pts',(-7.67093226893981,-10.2775924678463,2.));
#3230=CARTESIAN_POINT('Ctrl Pts',(-7.15679399934071,-11.0995032473257,2.));
#3231=CARTESIAN_POINT('Ctrl Pts',(-6.93161081878514,-11.6038982931189,2.));
#3232=CARTESIAN_POINT('Ctrl Pts',(-6.90521837072653,-11.8567728241278,2.));
#3233=CARTESIAN_POINT('Ctrl Pts',(-6.95673878356414,-11.9629083546805,2.));
#3234=CARTESIAN_POINT('Ctrl Pts',(-7.00000010430813,-12.0000001788139,2.));
#3235=CARTESIAN_POINT('Ctrl Pts',(-7.04326142505211,-12.0370920029474,2.));
#3236=CARTESIAN_POINT('Ctrl Pts',(-7.1647862951904,-12.0793237689287,2.));
#3237=CARTESIAN_POINT('Ctrl Pts',(-7.45341390496979,-12.0446313593406,2.));
#3238=CARTESIAN_POINT('Ctrl Pts',(-8.0442473913614,-11.8049328684951,2.));
#3239=CARTESIAN_POINT('Ctrl Pts',(-9.06367855500693,-11.2322628000394,2.));
#3240=CARTESIAN_POINT('Ctrl Pts',(-10.2701510431326,-10.4645885234367,2.));
#3241=CARTESIAN_POINT('Ctrl Pts',(-11.5527010696803,-9.5945866366267,2.));
#3242=CARTESIAN_POINT('Ctrl Pts',(-12.7975391899366,-8.71551906178632,2.));
#3243=CARTESIAN_POINT('Ctrl Pts',(-13.9023109674401,-7.907207320845,2.));
#3244=CARTESIAN_POINT('Ctrl Pts',(-14.7904311307579,-7.22194339599787,2.));
#3245=CARTESIAN_POINT('Ctrl Pts',(-15.4252835570981,-6.67050792877049,2.));
#3246=CARTESIAN_POINT('Ctrl Pts',(-15.8248899667607,-6.20775955575753,2.));
#3247=CARTESIAN_POINT('Ctrl Pts',(-16.0432117340981,-5.75924753785519,2.));
#3248=CARTESIAN_POINT('Ctrl Pts',(-16.1500367649318,-5.25037515958607,2.));
#3249=CARTESIAN_POINT('Ctrl Pts',(-16.2130316760372,-4.63106204175256,2.));
#3250=CARTESIAN_POINT('Ctrl Pts',(-16.2749744842668,-3.91088541878672,2.));
#3251=CARTESIAN_POINT('Ctrl Pts',(-16.3488942454708,-3.15526075039981,2.));
#3252=CARTESIAN_POINT('Ctrl Pts',(-16.4241993474113,-2.4918813033014,2.));
#3253=CARTESIAN_POINT('Ctrl Pts',(-16.4760177529194,-2.05150666059377,2.));
#3254=CARTESIAN_POINT('Ctrl Pts',(-16.5030594226646,-1.78385329568278,2.));
#3255=CARTESIAN_POINT('Ctrl Pts',(-16.5144930915587,-1.63372090653307,2.));
#3256=CARTESIAN_POINT('Ctrl Pts',(-16.5181547996589,-1.57515046523863,2.));
#3257=CARTESIAN_POINT('',(-16.407037104404,-0.572925508899134,4.));
#3258=CARTESIAN_POINT('',(-16.407037104404,-0.572925508899134,2.));
#3259=CARTESIAN_POINT('',(-16.5181547996589,-1.57515046523862,4.));
#3260=CARTESIAN_POINT('Ctrl Pts',(-16.5181547996589,-1.57515046523863,4.));
#3261=CARTESIAN_POINT('Ctrl Pts',(-16.5144930915587,-1.63372090653307,4.));
#3262=CARTESIAN_POINT('Ctrl Pts',(-16.5030594226646,-1.78385329568278,4.));
#3263=CARTESIAN_POINT('Ctrl Pts',(-16.4760177529194,-2.05150666059377,4.));
#3264=CARTESIAN_POINT('Ctrl Pts',(-16.4241993474113,-2.4918813033014,4.));
#3265=CARTESIAN_POINT('Ctrl Pts',(-16.3488942454708,-3.15526075039981,4.));
#3266=CARTESIAN_POINT('Ctrl Pts',(-16.2749744842668,-3.91088541878672,4.));
#3267=CARTESIAN_POINT('Ctrl Pts',(-16.2130316760372,-4.63106204175256,4.));
#3268=CARTESIAN_POINT('Ctrl Pts',(-16.1500367649318,-5.25037515958607,4.));
#3269=CARTESIAN_POINT('Ctrl Pts',(-16.0432117340981,-5.75924753785519,4.));
#3270=CARTESIAN_POINT('Ctrl Pts',(-15.8248899667607,-6.20775955575753,4.));
#3271=CARTESIAN_POINT('Ctrl Pts',(-15.4252835570981,-6.67050792877049,4.));
#3272=CARTESIAN_POINT('Ctrl Pts',(-14.7904311307579,-7.22194339599787,4.));
#3273=CARTESIAN_POINT('Ctrl Pts',(-13.9023109674401,-7.907207320845,4.));
#3274=CARTESIAN_POINT('Ctrl Pts',(-12.7975391899366,-8.71551906178632,4.));
#3275=CARTESIAN_POINT('Ctrl Pts',(-11.5527010696803,-9.5945866366267,4.));
#3276=CARTESIAN_POINT('Ctrl Pts',(-10.2701510431326,-10.4645885234367,4.));
#3277=CARTESIAN_POINT('Ctrl Pts',(-9.06367855500693,-11.2322628000394,4.));
#3278=CARTESIAN_POINT('Ctrl Pts',(-8.0442473913614,-11.8049328684951,4.));
#3279=CARTESIAN_POINT('Ctrl Pts',(-7.45341390496979,-12.0446313593406,4.));
#3280=CARTESIAN_POINT('Ctrl Pts',(-7.1647862951904,-12.0793237689287,4.));
#3281=CARTESIAN_POINT('Ctrl Pts',(-7.04326142505211,-12.0370920029474,4.));
#3282=CARTESIAN_POINT('Ctrl Pts',(-7.00000010430813,-12.0000001788139,4.));
#3283=CARTESIAN_POINT('Ctrl Pts',(-6.95673878356414,-11.9629083546805,4.));
#3284=CARTESIAN_POINT('Ctrl Pts',(-6.90521837072653,-11.8567728241278,4.));
#3285=CARTESIAN_POINT('Ctrl Pts',(-6.93161081878514,-11.6038982931189,4.));
#3286=CARTESIAN_POINT('Ctrl Pts',(-7.15679399934071,-11.0995032473257,4.));
#3287=CARTESIAN_POINT('Ctrl Pts',(-7.67093226893981,-10.2775924678463,4.));
#3288=CARTESIAN_POINT('Ctrl Pts',(-8.31251093642311,-9.36880478650149,4.));
#3289=CARTESIAN_POINT('Ctrl Pts',(-8.9745905836567,-8.47501668531557,4.));
#3290=CARTESIAN_POINT('Ctrl Pts',(-9.56771391923656,-7.6758757355874,4.));
#3291=CARTESIAN_POINT('Ctrl Pts',(-10.0398257972372,-7.00840999477013,4.));
#3292=CARTESIAN_POINT('Ctrl Pts',(-10.3943034777438,-6.44880308399066,4.));
#3293=CARTESIAN_POINT('Ctrl Pts',(-10.6689794830961,-5.93836400535751,4.));
#3294=CARTESIAN_POINT('Ctrl Pts',(-10.9164548373657,-5.40815728626728,4.));
#3295=CARTESIAN_POINT('Ctrl Pts',(-11.1846828170459,-4.80305044210581,4.));
#3296=CARTESIAN_POINT('Ctrl Pts',(-11.4957294634063,-4.10850346985785,4.));
#3297=CARTESIAN_POINT('Ctrl Pts',(-11.830339158921,-3.36888681815215,4.));
#3298=CARTESIAN_POINT('Ctrl Pts',(-12.1473405728111,-2.65545021744823,4.));
#3299=CARTESIAN_POINT('Ctrl Pts',(-12.3993087082838,-2.03951823028661,4.));
#3300=CARTESIAN_POINT('Ctrl Pts',(-12.5490154797666,-1.56496723945628,4.));
#3301=CARTESIAN_POINT('Ctrl Pts',(-12.5870552026545,-1.21798070956771,4.));
#3302=CARTESIAN_POINT('Ctrl Pts',(-12.5447292592096,-0.906414089961088,
4.));
#3303=CARTESIAN_POINT('Ctrl Pts',(-12.4675050499735,-0.51657694852845,4.));
#3304=CARTESIAN_POINT('Ctrl Pts',(-12.389413773865,0.0311787957004019,4.));
#3305=CARTESIAN_POINT('Ctrl Pts',(-12.3138077812883,0.741247444101069,4.));
#3306=CARTESIAN_POINT('Ctrl Pts',(-12.2261023376388,1.57203215097282,4.));
#3307=CARTESIAN_POINT('Ctrl Pts',(-12.1014312440512,2.45405956447957,4.));
#3308=CARTESIAN_POINT('Ctrl Pts',(-11.9146209638769,3.31311770629862,4.));
#3309=CARTESIAN_POINT('Ctrl Pts',(-11.6484006036796,4.08966090108542,4.));
#3310=CARTESIAN_POINT('Ctrl Pts',(-11.3043733517532,4.76391547536594,4.));
#3311=CARTESIAN_POINT('Ctrl Pts',(-10.898866906325,5.34983369384629,4.));
#3312=CARTESIAN_POINT('Ctrl Pts',(-10.4549671278817,5.88090500342607,4.));
#3313=CARTESIAN_POINT('Ctrl Pts',(-9.99537887536085,6.39829559991161,4.));
#3314=CARTESIAN_POINT('Ctrl Pts',(-9.53598033636655,6.93898396243516,4.));
#3315=CARTESIAN_POINT('Ctrl Pts',(-9.07650460489804,7.52152607503625,4.));
#3316=CARTESIAN_POINT('Ctrl Pts',(-8.60332922529087,8.14284223031694,4.));
#3317=CARTESIAN_POINT('Ctrl Pts',(-8.1023888425356,8.78422991726985,4.));
#3318=CARTESIAN_POINT('Ctrl Pts',(-7.56899937733176,9.41474453230233,4.));
#3319=CARTESIAN_POINT('Ctrl Pts',(-7.01937267540249,9.99558010022291,4.));
#3320=CARTESIAN_POINT('Ctrl Pts',(-6.50046170855542,10.484168791831,4.));
#3321=CARTESIAN_POINT('Ctrl Pts',(-6.10305586476989,10.8380041915727,4.));
#3322=CARTESIAN_POINT('Ctrl Pts',(-5.92417730316634,11.0239314530316,4.));
#3323=CARTESIAN_POINT('Ctrl Pts',(-6.03182726156895,11.0263324245505,4.));
#3324=CARTESIAN_POINT('Ctrl Pts',(-6.41872529080492,10.8587175304257,4.));
#3325=CARTESIAN_POINT('Ctrl Pts',(-7.01181132095036,10.5587985202373,4.));
#3326=CARTESIAN_POINT('Ctrl Pts',(-7.71171035419063,10.1747542161017,4.));
#3327=CARTESIAN_POINT('Ctrl Pts',(-8.41996013511495,9.75508523964533,4.));
#3328=CARTESIAN_POINT('Ctrl Pts',(-9.07794349406696,9.33505159909354,4.));
#3329=CARTESIAN_POINT('Ctrl Pts',(-9.67114332368679,8.93325136927155,4.));
#3330=CARTESIAN_POINT('Ctrl Pts',(-10.2118716118871,8.55464858361575,4.));
#3331=CARTESIAN_POINT('Ctrl Pts',(-10.7279032309327,8.1915747472292,4.));
#3332=CARTESIAN_POINT('Ctrl Pts',(-11.2496320260687,7.82582610110237,4.));
#3333=CARTESIAN_POINT('Ctrl Pts',(-11.7955857452022,7.42960472963984,4.));
#3334=CARTESIAN_POINT('Ctrl Pts',(-12.3674659083391,6.96957997883202,4.));
#3335=CARTESIAN_POINT('Ctrl Pts',(-12.9562170527798,6.41427043414061,4.));
#3336=CARTESIAN_POINT('Ctrl Pts',(-13.5450712707883,5.74031883822954,4.));
#3337=CARTESIAN_POINT('Ctrl Pts',(-14.1139314350625,4.93973692050804,4.));
#3338=CARTESIAN_POINT('Ctrl Pts',(-14.6429151280401,4.02556225026387,4.));
#3339=CARTESIAN_POINT('Ctrl Pts',(-15.1169211951686,3.04123755674765,4.));
#3340=CARTESIAN_POINT('Ctrl Pts',(-15.5262757918381,2.05244602428079,4.));
#3341=CARTESIAN_POINT('Ctrl Pts',(-15.8655674542531,1.13020152126931,4.));
#3342=CARTESIAN_POINT('Ctrl Pts',(-16.1150779950353,0.390654957773833,4.));
#3343=CARTESIAN_POINT('Ctrl Pts',(-16.263666102855,-0.0778105116563707,
4.));
#3344=CARTESIAN_POINT('Ctrl Pts',(-16.3476848666538,-0.358401410819388,
4.));
#3345=CARTESIAN_POINT('Ctrl Pts',(-16.3911249845645,-0.513793480783047,
4.));
#3346=CARTESIAN_POINT('Ctrl Pts',(-16.407037104404,-0.572925508899037,4.));
#3347=CARTESIAN_POINT('',(-16.5181547996589,-1.57515046523862,2.));
#3348=CARTESIAN_POINT('Ctrl Pts',(-16.407037104404,-0.572925508899133,2.));
#3349=CARTESIAN_POINT('Ctrl Pts',(-16.407037104404,-0.572925508899133,4.));
#3350=CARTESIAN_POINT('Ctrl Pts',(-16.4076748275318,-0.576996838125624,
2.));
#3351=CARTESIAN_POINT('Ctrl Pts',(-16.4076748275318,-0.576996838125624,
4.));
#3352=CARTESIAN_POINT('Ctrl Pts',(-16.4083125506598,-0.581068167353011,
2.));
#3353=CARTESIAN_POINT('Ctrl Pts',(-16.4083125506598,-0.581068167353011,
4.));
#3354=CARTESIAN_POINT('Ctrl Pts',(-16.4089502737875,-0.585139496579365,
2.));
#3355=CARTESIAN_POINT('Ctrl Pts',(-16.4089502737875,-0.585139496579365,
4.));
#3356=CARTESIAN_POINT('Ctrl Pts',(-16.410718351401,-0.596427194560943,2.));
#3357=CARTESIAN_POINT('Ctrl Pts',(-16.410718351401,-0.596427194560943,4.));
#3358=CARTESIAN_POINT('Ctrl Pts',(-16.4124864290146,-0.607714892543196,
2.));
#3359=CARTESIAN_POINT('Ctrl Pts',(-16.4124864290146,-0.607714892543196,
4.));
#3360=CARTESIAN_POINT('Ctrl Pts',(-16.4142545066283,-0.619002590526015,
2.));
#3361=CARTESIAN_POINT('Ctrl Pts',(-16.4142545066283,-0.619002590526015,
4.));
#3362=CARTESIAN_POINT('Ctrl Pts',(-16.484315009009,-1.06628034873862,2.));
#3363=CARTESIAN_POINT('Ctrl Pts',(-16.484315009009,-1.06628034873862,4.));
#3364=CARTESIAN_POINT('Ctrl Pts',(-16.5156990236288,-1.44335713400787,2.));
#3365=CARTESIAN_POINT('Ctrl Pts',(-16.5156990236288,-1.44335713400787,4.));
#3366=CARTESIAN_POINT('Ctrl Pts',(-16.5181547996393,-1.57515046418789,2.));
#3367=CARTESIAN_POINT('Ctrl Pts',(-16.5181547996393,-1.57515046418789,4.));
#3368=CARTESIAN_POINT('Ctrl Pts',(-16.5181547996393,-1.57515046418789,2.));
#3369=CARTESIAN_POINT('Ctrl Pts',(-16.5156990236288,-1.44335713400787,2.));
#3370=CARTESIAN_POINT('Ctrl Pts',(-16.484315009009,-1.06628034873862,2.));
#3371=CARTESIAN_POINT('Ctrl Pts',(-16.4142545066283,-0.619002590526015,
2.));
#3372=CARTESIAN_POINT('Ctrl Pts',(-16.4124864290146,-0.607714892543196,
2.));
#3373=CARTESIAN_POINT('Ctrl Pts',(-16.410718351401,-0.596427194560943,2.));
#3374=CARTESIAN_POINT('Ctrl Pts',(-16.4089502737875,-0.585139496579365,
2.));
#3375=CARTESIAN_POINT('Ctrl Pts',(-16.4083125506598,-0.581068167353011,
2.));
#3376=CARTESIAN_POINT('Ctrl Pts',(-16.4076748275318,-0.576996838125624,
2.));
#3377=CARTESIAN_POINT('Ctrl Pts',(-16.407037104404,-0.572925508899133,2.));
#3378=CARTESIAN_POINT('Ctrl Pts',(-16.407037104404,-0.572925508899133,4.));
#3379=CARTESIAN_POINT('Ctrl Pts',(-16.4076748275318,-0.576996838125624,
4.));
#3380=CARTESIAN_POINT('Ctrl Pts',(-16.4083125506598,-0.581068167353011,
4.));
#3381=CARTESIAN_POINT('Ctrl Pts',(-16.4089502737875,-0.585139496579365,
4.));
#3382=CARTESIAN_POINT('Ctrl Pts',(-16.410718351401,-0.596427194560943,4.));
#3383=CARTESIAN_POINT('Ctrl Pts',(-16.4124864290146,-0.607714892543196,
4.));
#3384=CARTESIAN_POINT('Ctrl Pts',(-16.4142545066283,-0.619002590526015,
4.));
#3385=CARTESIAN_POINT('Ctrl Pts',(-16.484315009009,-1.06628034873862,4.));
#3386=CARTESIAN_POINT('Ctrl Pts',(-16.5156990236288,-1.44335713400787,4.));
#3387=CARTESIAN_POINT('Ctrl Pts',(-16.5181547996393,-1.57515046418789,4.));
#3388=CARTESIAN_POINT('Origin',(-11.2251759965828,-0.526495672189062,4.));
#3389=CARTESIAN_POINT('Origin',(0.,-9.5,4.));
#3390=CARTESIAN_POINT('',(9.5,1.16123425602387E-15,3.5));
#3391=CARTESIAN_POINT('Origin',(0.,0.,3.5));
#3392=CARTESIAN_POINT('Origin',(0.,0.,2.));
#3393=CARTESIAN_POINT('',(9.5,1.16341445918999E-15,2.));
#3394=CARTESIAN_POINT('',(9.5,1.16341445918999E-15,2.));
#3395=CARTESIAN_POINT('Origin',(0.,0.,2.));
#3396=CARTESIAN_POINT('Ctrl Pts',(-17.5000000000003,-1.9999999999973,0.));
#3397=CARTESIAN_POINT('Ctrl Pts',(-17.496655295357,-1.99876156036666,0.00166673226789346));
#3398=CARTESIAN_POINT('Ctrl Pts',(-17.4933105907138,-1.99752312073602,0.00333346453578691));
#3399=CARTESIAN_POINT('Ctrl Pts',(-17.4899658860705,-1.99628468110539,0.00500019680368037));
#3400=CARTESIAN_POINT('Ctrl Pts',(-17.5000000000002,-2.33333333333153,0.));
#3401=CARTESIAN_POINT('Ctrl Pts',(-17.4966448692969,-2.33201565238533,0.00166673226789346));
#3402=CARTESIAN_POINT('Ctrl Pts',(-17.4932897370906,-2.3306979713482,0.00333346453578691));
#3403=CARTESIAN_POINT('Ctrl Pts',(-17.4899346063874,-2.32938029040199,0.00500019680368037));
#3404=CARTESIAN_POINT('Ctrl Pts',(-17.5000000000001,-2.66666666666577,0.));
#3405=CARTESIAN_POINT('Ctrl Pts',(-17.4966271901022,-2.6652694679519,0.00166673226789346));
#3406=CARTESIAN_POINT('Ctrl Pts',(-17.4932543787024,-2.66387226913453,0.00333346453578691));
#3407=CARTESIAN_POINT('Ctrl Pts',(-17.4898815688045,-2.66247507042066,0.00500019680368037));
#3408=CARTESIAN_POINT('Ctrl Pts',(-17.5,-3.,0.));
#3409=CARTESIAN_POINT('Ctrl Pts',(-17.4966022919681,-2.99852262356859,0.00166673226789346));
#3410=CARTESIAN_POINT('Ctrl Pts',(-17.4932045839362,-2.99704524713719,0.00333346453578691));
#3411=CARTESIAN_POINT('Ctrl Pts',(-17.4898068759044,-2.99556787070578,0.00500019680368037));
#3412=CARTESIAN_POINT('',(-17.4898937788662,-2.55053110566913,0.005000196186878));
#3413=CARTESIAN_POINT('Ctrl Pts',(-17.5000000000001,-2.,1.15229807415936E-13));
#3414=CARTESIAN_POINT('Ctrl Pts',(-17.5000000000001,-2.09048246848631,1.02117096294651E-13));
#3415=CARTESIAN_POINT('Ctrl Pts',(-17.4991813704382,-2.18095477267594,0.00040813611659371));
#3416=CARTESIAN_POINT('Ctrl Pts',(-17.4975441944014,-2.27141874191847,0.00122008000820394));
#3417=CARTESIAN_POINT('Ctrl Pts',(-17.4958599051691,-2.36448600278652,0.00205538929878048));
#3418=CARTESIAN_POINT('Ctrl Pts',(-17.4933096743218,-2.45752286412,0.00331789798757733));
#3419=CARTESIAN_POINT('Ctrl Pts',(-17.4898937775845,-2.55053110558545,0.00500019618687813));
#3420=CARTESIAN_POINT('Ctrl Pts',(-17.4898937788662,-2.55053110566913,0.00500019618688007));
#3421=CARTESIAN_POINT('Ctrl Pts',(-17.4953019913059,-2.67073401289479,0.00231469954259237));
#3422=CARTESIAN_POINT('Ctrl Pts',(-17.498540628036,-2.79102514647419,0.000717731687795039));
#3423=CARTESIAN_POINT('Ctrl Pts',(-17.4998675954942,-2.94074729489071,6.49557872096911E-5));
#3424=CARTESIAN_POINT('Ctrl Pts',(-17.5,-2.97028989635422,5.30166081324645E-15));
#3425=CARTESIAN_POINT('Ctrl Pts',(-17.5,-3.,1.08924460024404E-15));
#3426=CARTESIAN_POINT('Origin',(-2.5,-2.,0.));
#3427=CARTESIAN_POINT('',(-17.4898937788662,-2.55053110566913,2.));
#3428=CARTESIAN_POINT('',(-17.4898937788662,-2.55053110566913,0.));
#3429=CARTESIAN_POINT('',(-17.5,-2.,2.));
#3430=CARTESIAN_POINT('Origin',(-2.5,-2.,2.));
#3431=CARTESIAN_POINT('',(-17.5,-2.,0.));
#3432=CARTESIAN_POINT('Origin',(-7.5,-3.,0.));
#3433=CARTESIAN_POINT('',(-7.5,-13.,2.));
#3434=CARTESIAN_POINT('',(-7.5,-13.,0.));
#3435=CARTESIAN_POINT('Origin',(-7.5,-3.,2.));
#3436=CARTESIAN_POINT('Ctrl Pts',(17.4999996546905,-2.00000336468374,0.));
#3437=CARTESIAN_POINT('Ctrl Pts',(17.4999996546905,-2.00000336468374,2.));
#3438=CARTESIAN_POINT('Ctrl Pts',(17.5029917578692,-1.97084858259515,0.));
#3439=CARTESIAN_POINT('Ctrl Pts',(17.5029917578692,-1.97084858259515,2.));
#3440=CARTESIAN_POINT('Ctrl Pts',(17.5106352040338,-1.88628533464601,0.));
#3441=CARTESIAN_POINT('Ctrl Pts',(17.5106352040338,-1.88628533464601,2.));
#3442=CARTESIAN_POINT('Ctrl Pts',(17.5191317060287,-1.73959555039675,0.));
#3443=CARTESIAN_POINT('Ctrl Pts',(17.5191317060287,-1.73959555039675,2.));
#3444=CARTESIAN_POINT('Ctrl Pts',(17.5216685051075,-1.51872943180093,0.));
#3445=CARTESIAN_POINT('Ctrl Pts',(17.5216685051075,-1.51872943180093,2.));
#3446=CARTESIAN_POINT('Ctrl Pts',(17.5093720427583,-1.20799222259311,0.));
#3447=CARTESIAN_POINT('Ctrl Pts',(17.5093720427583,-1.20799222259311,2.));
#3448=CARTESIAN_POINT('Ctrl Pts',(17.4783231104579,-0.834898923887988,0.));
#3449=CARTESIAN_POINT('Ctrl Pts',(17.4783231104579,-0.834898923887988,2.));
#3450=CARTESIAN_POINT('Ctrl Pts',(17.440787230024,-0.513967436912611,0.));
#3451=CARTESIAN_POINT('Ctrl Pts',(17.440787230024,-0.513967436912611,2.));
#3452=CARTESIAN_POINT('Ctrl Pts',(17.4059753730238,-0.261489303952564,0.));
#3453=CARTESIAN_POINT('Ctrl Pts',(17.4059753730238,-0.261489303952564,2.));
#3454=CARTESIAN_POINT('Ctrl Pts',(17.3798561988023,-0.0880213555654118,
0.));
#3455=CARTESIAN_POINT('Ctrl Pts',(17.3798561988023,-0.0880213555654118,
2.));
#3456=CARTESIAN_POINT('Ctrl Pts',(17.3660687473185,0.,0.));
#3457=CARTESIAN_POINT('Ctrl Pts',(17.3660687473185,0.,2.));
#3458=CARTESIAN_POINT('',(17.3660687473185,0.,2.));
#3459=CARTESIAN_POINT('',(17.3660687473185,0.,0.));
#3460=CARTESIAN_POINT('',(17.5,-2.,2.));
#3461=CARTESIAN_POINT('Ctrl Pts',(17.5000000000003,-1.9999999999973,2.));
#3462=CARTESIAN_POINT('Ctrl Pts',(17.5029920057095,-1.97084584060136,2.));
#3463=CARTESIAN_POINT('Ctrl Pts',(17.510635329353,-1.88628317103561,2.));
#3464=CARTESIAN_POINT('Ctrl Pts',(17.5191317239292,-1.73959399188166,2.));
#3465=CARTESIAN_POINT('Ctrl Pts',(17.5216684712765,-1.51872857687575,2.));
#3466=CARTESIAN_POINT('Ctrl Pts',(17.5093720427583,-1.20799222259311,2.));
#3467=CARTESIAN_POINT('Ctrl Pts',(17.4783231104579,-0.834898923887988,2.));
#3468=CARTESIAN_POINT('Ctrl Pts',(17.440787230024,-0.513967436912611,2.));
#3469=CARTESIAN_POINT('Ctrl Pts',(17.4059753730238,-0.261489303952564,2.));
#3470=CARTESIAN_POINT('Ctrl Pts',(17.3798561988023,-0.0880213555654119,
2.));
#3471=CARTESIAN_POINT('Ctrl Pts',(17.3660687473185,0.,2.));
#3472=CARTESIAN_POINT('',(17.5,-2.,0.));
#3473=CARTESIAN_POINT('Origin',(17.5,-3.,0.));
#3474=CARTESIAN_POINT('',(17.5,-3.,2.));
#3475=CARTESIAN_POINT('',(17.5,-2.,2.));
#3476=CARTESIAN_POINT('',(17.5,-3.,0.));
#3477=CARTESIAN_POINT('Origin',(7.5,-3.,0.));
#3478=CARTESIAN_POINT('',(7.5,-13.,2.));
#3479=CARTESIAN_POINT('Origin',(7.5,-3.,2.));
#3480=CARTESIAN_POINT('',(7.5,-13.,0.));
#3481=CARTESIAN_POINT('Origin',(-7.5,-13.,0.));
#3482=CARTESIAN_POINT('',(0.,-13.,2.));
#3483=CARTESIAN_POINT('Ctrl Pts',(-17.3660687473185,0.,0.));
#3484=CARTESIAN_POINT('Ctrl Pts',(-17.3660687473185,0.,2.));
#3485=CARTESIAN_POINT('Ctrl Pts',(-17.3798561988023,-0.0880213555654118,
0.));
#3486=CARTESIAN_POINT('Ctrl Pts',(-17.3798561988023,-0.0880213555654118,
2.));
#3487=CARTESIAN_POINT('Ctrl Pts',(-17.4059753730238,-0.261489303952564,
0.));
#3488=CARTESIAN_POINT('Ctrl Pts',(-17.4059753730238,-0.261489303952564,
2.));
#3489=CARTESIAN_POINT('Ctrl Pts',(-17.440787230024,-0.513967436912611,0.));
#3490=CARTESIAN_POINT('Ctrl Pts',(-17.440787230024,-0.513967436912611,2.));
#3491=CARTESIAN_POINT('Ctrl Pts',(-17.4783231104579,-0.834898923887988,
0.));
#3492=CARTESIAN_POINT('Ctrl Pts',(-17.4783231104579,-0.834898923887988,
2.));
#3493=CARTESIAN_POINT('Ctrl Pts',(-17.5093720427583,-1.20799222259311,0.));
#3494=CARTESIAN_POINT('Ctrl Pts',(-17.5093720427583,-1.20799222259311,2.));
#3495=CARTESIAN_POINT('Ctrl Pts',(-17.5216685051075,-1.51872943180093,0.));
#3496=CARTESIAN_POINT('Ctrl Pts',(-17.5216685051075,-1.51872943180093,2.));
#3497=CARTESIAN_POINT('Ctrl Pts',(-17.5191317060287,-1.73959555039675,0.));
#3498=CARTESIAN_POINT('Ctrl Pts',(-17.5191317060287,-1.73959555039675,2.));
#3499=CARTESIAN_POINT('Ctrl Pts',(-17.5106352040338,-1.88628533464601,0.));
#3500=CARTESIAN_POINT('Ctrl Pts',(-17.5106352040338,-1.88628533464601,2.));
#3501=CARTESIAN_POINT('Ctrl Pts',(-17.5029917578692,-1.97084858259515,0.));
#3502=CARTESIAN_POINT('Ctrl Pts',(-17.5029917578692,-1.97084858259515,2.));
#3503=CARTESIAN_POINT('Ctrl Pts',(-17.4999996546905,-2.00000336468374,0.));
#3504=CARTESIAN_POINT('Ctrl Pts',(-17.4999996546905,-2.00000336468374,2.));
#3505=CARTESIAN_POINT('',(-17.3660687473185,0.,2.));
#3506=CARTESIAN_POINT('Ctrl Pts',(-17.3660687473185,0.,2.));
#3507=CARTESIAN_POINT('Ctrl Pts',(-17.3798561988023,-0.0880213555654119,
2.));
#3508=CARTESIAN_POINT('Ctrl Pts',(-17.4059753730238,-0.261489303952564,
2.));
#3509=CARTESIAN_POINT('Ctrl Pts',(-17.440787230024,-0.513967436912611,2.));
#3510=CARTESIAN_POINT('Ctrl Pts',(-17.4783231104579,-0.834898923887988,
2.));
#3511=CARTESIAN_POINT('Ctrl Pts',(-17.5093720427583,-1.20799222259311,2.));
#3512=CARTESIAN_POINT('Ctrl Pts',(-17.5216684712765,-1.51872857687575,2.));
#3513=CARTESIAN_POINT('Ctrl Pts',(-17.5191317239292,-1.73959399188166,2.));
#3514=CARTESIAN_POINT('Ctrl Pts',(-17.510635329353,-1.88628317103561,2.));
#3515=CARTESIAN_POINT('Ctrl Pts',(-17.5029920057095,-1.97084584060136,2.));
#3516=CARTESIAN_POINT('Ctrl Pts',(-17.5000000000003,-1.9999999999973,2.));
#3517=CARTESIAN_POINT('',(-17.3660687473185,0.,0.));
#3518=CARTESIAN_POINT('Origin',(-2.5,-2.,0.));
#3519=CARTESIAN_POINT('',(-2.5,13.,2.));
#3520=CARTESIAN_POINT('Origin',(-2.5,-2.,2.));
#3521=CARTESIAN_POINT('',(-2.5,13.,0.));
#3522=CARTESIAN_POINT('Origin',(2.5,13.,0.));
#3523=CARTESIAN_POINT('',(2.5,13.,2.));
#3524=CARTESIAN_POINT('',(0.,13.,2.));
#3525=CARTESIAN_POINT('',(2.5,13.,0.));
#3526=CARTESIAN_POINT('Origin',(2.5,-2.,0.));
#3527=CARTESIAN_POINT('Origin',(2.5,-2.,2.));
#3528=CARTESIAN_POINT('Origin',(0.,0.,2.));
#3529=CARTESIAN_POINT('Origin',(4.,4.04489648749188,6.33403108660232));
#3530=CARTESIAN_POINT('',(4.,4.04489648749188,6.33403108660232));
#3531=CARTESIAN_POINT('',(4.,8.36751944655115,5.27694511383868));
#3532=CARTESIAN_POINT('',(4.,4.04489648749188,6.33403108660232));
#3533=CARTESIAN_POINT('',(3.,8.36751944655115,5.27694511383868));
#3534=CARTESIAN_POINT('',(4.,8.36751944655115,5.27694511383868));
#3535=CARTESIAN_POINT('',(3.,4.04489648749188,6.33403108660232));
#3536=CARTESIAN_POINT('',(3.,4.04489648749188,6.33403108660232));
#3537=CARTESIAN_POINT('',(4.,4.04489648749188,6.33403108660232));
#3538=CARTESIAN_POINT('Origin',(3.99999999999999,4.04489648749188,5.43403108660232));
#3539=CARTESIAN_POINT('',(3.99999999999999,4.04489648749188,5.43403108660232));
#3540=CARTESIAN_POINT('',(3.99999999999999,4.04489648749188,5.43403108660232));
#3541=CARTESIAN_POINT('',(2.99999999999999,4.04489648749188,5.43403108660232));
#3542=CARTESIAN_POINT('',(2.99999999999999,4.04489648749188,5.43403108660232));
#3543=CARTESIAN_POINT('',(3.99999999999999,4.04489648749188,5.43403108660232));
#3544=CARTESIAN_POINT('Origin',(4.,-0.136735675005418,6.95602072440155));
#3545=CARTESIAN_POINT('',(4.,-0.136735675005418,6.95602072440155));
#3546=CARTESIAN_POINT('',(4.,-0.136735675005418,6.95602072440155));
#3547=CARTESIAN_POINT('',(3.,-0.136735675005418,6.95602072440155));
#3548=CARTESIAN_POINT('',(3.,-0.136735675005418,6.95602072440155));
#3549=CARTESIAN_POINT('',(4.,-0.136735675005418,6.95602072440155));
#3550=CARTESIAN_POINT('Origin',(3.99999999999999,-0.136735675005415,5.95602072440155));
#3551=CARTESIAN_POINT('',(3.99999999999999,-0.136735675005415,5.95602072440155));
#3552=CARTESIAN_POINT('',(3.99999999999999,-0.136735675005415,5.95602072440155));
#3553=CARTESIAN_POINT('',(2.99999999999999,-0.136735675005415,5.95602072440155));
#3554=CARTESIAN_POINT('',(2.99999999999999,-0.136735675005415,5.95602072440155));
#3555=CARTESIAN_POINT('',(3.99999999999999,-0.136735675005415,5.95602072440155));
#3556=CARTESIAN_POINT('Origin',(4.,-4.31836783750271,7.47801036220077));
#3557=CARTESIAN_POINT('',(4.,-4.31836783750271,7.47801036220077));
#3558=CARTESIAN_POINT('',(4.,-4.31836783750271,7.47801036220077));
#3559=CARTESIAN_POINT('',(3.,-4.31836783750271,7.47801036220077));
#3560=CARTESIAN_POINT('',(3.,-4.31836783750271,7.47801036220077));
#3561=CARTESIAN_POINT('',(4.,-4.31836783750271,7.47801036220077));
#3562=CARTESIAN_POINT('Origin',(4.,-4.31836783750271,6.47801036220077));
#3563=CARTESIAN_POINT('',(4.,-4.31836783750271,6.47801036220077));
#3564=CARTESIAN_POINT('',(4.,-4.31836783750271,6.47801036220077));
#3565=CARTESIAN_POINT('',(3.,-4.31836783750271,6.47801036220077));
#3566=CARTESIAN_POINT('',(3.,-4.31836783750271,6.47801036220077));
#3567=CARTESIAN_POINT('',(4.,-4.31836783750271,6.47801036220077));
#3568=CARTESIAN_POINT('Origin',(4.,-8.5,8.));
#3569=CARTESIAN_POINT('',(4.,-8.5,8.));
#3570=CARTESIAN_POINT('',(4.,-8.5,8.));
#3571=CARTESIAN_POINT('',(3.,-8.5,8.));
#3572=CARTESIAN_POINT('',(3.,-8.5,8.));
#3573=CARTESIAN_POINT('',(4.,-8.5,8.));
#3574=CARTESIAN_POINT('Origin',(4.,-8.5,4.));
#3575=CARTESIAN_POINT('',(4.,-8.5,4.));
#3576=CARTESIAN_POINT('',(4.,-8.5,4.));
#3577=CARTESIAN_POINT('',(3.,-8.5,4.));
#3578=CARTESIAN_POINT('',(3.,-8.5,4.));
#3579=CARTESIAN_POINT('',(4.,-8.5,4.));
#3580=CARTESIAN_POINT('Origin',(4.,8.36751944655115,3.08058242249274));
#3581=CARTESIAN_POINT('',(4.,8.36751944655115,3.08058242249274));
#3582=CARTESIAN_POINT('',(4.,8.36751944655115,3.08058242249274));
#3583=CARTESIAN_POINT('',(3.,8.36751944655115,3.08058242249274));
#3584=CARTESIAN_POINT('',(3.,8.36751944655115,3.08058242249274));
#3585=CARTESIAN_POINT('',(4.,8.36751944655115,3.08058242249274));
#3586=CARTESIAN_POINT('Origin',(4.,8.36751944655115,5.27694511383868));
#3587=CARTESIAN_POINT('',(4.,8.36751944655115,5.27694511383868));
#3588=CARTESIAN_POINT('',(3.,8.36751944655115,5.27694511383868));
#3589=CARTESIAN_POINT('Origin',(4.,-0.0662402767244252,5.54029121124637));
#3590=CARTESIAN_POINT('Origin',(3.,-0.0662402767244252,5.54029121124637));
#3591=CARTESIAN_POINT('Origin',(-4.,4.04489648749188,6.33403108660232));
#3592=CARTESIAN_POINT('',(-4.,4.04489648749188,6.33403108660232));
#3593=CARTESIAN_POINT('',(-4.,8.36751944655115,5.27694511383868));
#3594=CARTESIAN_POINT('',(-4.,4.04489648749188,6.33403108660232));
#3595=CARTESIAN_POINT('',(-3.,4.04489648749188,6.33403108660232));
#3596=CARTESIAN_POINT('',(-4.,4.04489648749188,6.33403108660232));
#3597=CARTESIAN_POINT('',(-3.,8.36751944655115,5.27694511383868));
#3598=CARTESIAN_POINT('',(-3.,4.04489648749188,6.33403108660232));
#3599=CARTESIAN_POINT('',(-4.,8.36751944655115,5.27694511383868));
#3600=CARTESIAN_POINT('Origin',(-3.99999999999999,4.04489648749188,5.43403108660232));
#3601=CARTESIAN_POINT('',(-3.99999999999999,4.04489648749188,5.43403108660232));
#3602=CARTESIAN_POINT('',(-3.99999999999999,4.04489648749188,5.43403108660232));
#3603=CARTESIAN_POINT('',(-2.99999999999999,4.04489648749188,5.43403108660232));
#3604=CARTESIAN_POINT('',(-3.99999999999999,4.04489648749188,5.43403108660232));
#3605=CARTESIAN_POINT('',(-2.99999999999999,4.04489648749188,5.43403108660232));
#3606=CARTESIAN_POINT('Origin',(-4.,-0.136735675005418,6.95602072440155));
#3607=CARTESIAN_POINT('',(-4.,-0.136735675005418,6.95602072440155));
#3608=CARTESIAN_POINT('',(-4.,-0.136735675005418,6.95602072440155));
#3609=CARTESIAN_POINT('',(-3.,-0.136735675005418,6.95602072440155));
#3610=CARTESIAN_POINT('',(-4.,-0.136735675005418,6.95602072440155));
#3611=CARTESIAN_POINT('',(-3.,-0.136735675005418,6.95602072440155));
#3612=CARTESIAN_POINT('Origin',(-3.99999999999999,-0.136735675005415,5.95602072440155));
#3613=CARTESIAN_POINT('',(-3.99999999999999,-0.136735675005415,5.95602072440155));
#3614=CARTESIAN_POINT('',(-3.99999999999999,-0.136735675005415,5.95602072440155));
#3615=CARTESIAN_POINT('',(-2.99999999999999,-0.136735675005415,5.95602072440155));
#3616=CARTESIAN_POINT('',(-3.99999999999999,-0.136735675005415,5.95602072440155));
#3617=CARTESIAN_POINT('',(-2.99999999999999,-0.136735675005415,5.95602072440155));
#3618=CARTESIAN_POINT('Origin',(-4.,-4.31836783750271,7.47801036220077));
#3619=CARTESIAN_POINT('',(-4.,-4.31836783750271,7.47801036220077));
#3620=CARTESIAN_POINT('',(-4.,-4.31836783750271,7.47801036220077));
#3621=CARTESIAN_POINT('',(-3.,-4.31836783750271,7.47801036220077));
#3622=CARTESIAN_POINT('',(-4.,-4.31836783750271,7.47801036220077));
#3623=CARTESIAN_POINT('',(-3.,-4.31836783750271,7.47801036220077));
#3624=CARTESIAN_POINT('Origin',(-4.,-4.31836783750271,6.47801036220077));
#3625=CARTESIAN_POINT('',(-4.,-4.31836783750271,6.47801036220077));
#3626=CARTESIAN_POINT('',(-4.,-4.31836783750271,6.47801036220077));
#3627=CARTESIAN_POINT('',(-3.,-4.31836783750271,6.47801036220077));
#3628=CARTESIAN_POINT('',(-4.,-4.31836783750271,6.47801036220077));
#3629=CARTESIAN_POINT('',(-3.,-4.31836783750271,6.47801036220077));
#3630=CARTESIAN_POINT('Origin',(-4.,-8.5,8.));
#3631=CARTESIAN_POINT('',(-4.,-8.5,8.));
#3632=CARTESIAN_POINT('',(-4.,-8.5,8.));
#3633=CARTESIAN_POINT('',(-3.,-8.5,8.));
#3634=CARTESIAN_POINT('',(-4.,-8.5,8.));
#3635=CARTESIAN_POINT('',(-3.,-8.5,8.));
#3636=CARTESIAN_POINT('Origin',(-4.,-8.5,4.));
#3637=CARTESIAN_POINT('',(-4.,-8.5,4.));
#3638=CARTESIAN_POINT('',(-4.,-8.5,4.));
#3639=CARTESIAN_POINT('',(-3.,-8.5,4.));
#3640=CARTESIAN_POINT('',(-4.,-8.5,4.));
#3641=CARTESIAN_POINT('',(-3.,-8.5,4.));
#3642=CARTESIAN_POINT('Origin',(-4.,8.36751944655115,3.08058242249274));
#3643=CARTESIAN_POINT('',(-4.,8.36751944655115,3.08058242249274));
#3644=CARTESIAN_POINT('',(-4.,8.36751944655115,3.08058242249274));
#3645=CARTESIAN_POINT('',(-3.,8.36751944655115,3.08058242249274));
#3646=CARTESIAN_POINT('',(-4.,8.36751944655115,3.08058242249274));
#3647=CARTESIAN_POINT('',(-3.,8.36751944655115,3.08058242249274));
#3648=CARTESIAN_POINT('Origin',(-4.,8.36751944655115,5.27694511383868));
#3649=CARTESIAN_POINT('',(-4.,8.36751944655115,5.27694511383868));
#3650=CARTESIAN_POINT('',(-3.,8.36751944655115,5.27694511383868));
#3651=CARTESIAN_POINT('Origin',(-4.,-0.0662402767244252,5.54029121124637));
#3652=CARTESIAN_POINT('Origin',(-3.,-0.0662402767244252,5.54029121124637));
#3653=CARTESIAN_POINT('',(0.,0.,0.));
#3654=CARTESIAN_POINT('',(-0.444202279562234,-1.33868163772532,-2.99999994068064));
#3655=CARTESIAN_POINT('',(9.68114477473137E-13,-1.79023462720806E-14,3.));
#3656=UNCERTAINTY_MEASURE_WITH_UNIT(LENGTH_MEASURE(0.01),#3664,
'DISTANCE_ACCURACY_VALUE',
'Maximum model space distance between geometric entities at asserted c
onnectivities');
#3657=UNCERTAINTY_MEASURE_WITH_UNIT(LENGTH_MEASURE(0.01),#3664,
'DISTANCE_ACCURACY_VALUE',
'Maximum model space distance between geometric entities at asserted c
onnectivities');
#3658=UNCERTAINTY_MEASURE_WITH_UNIT(LENGTH_MEASURE(0.01),#3664,
'DISTANCE_ACCURACY_VALUE',
'Maximum model space distance between geometric entities at asserted c
onnectivities');
#3659=UNCERTAINTY_MEASURE_WITH_UNIT(LENGTH_MEASURE(0.01),#3664,
'DISTANCE_ACCURACY_VALUE',
'Maximum model space distance between geometric entities at asserted c
onnectivities');
#3660=(
GEOMETRIC_REPRESENTATION_CONTEXT(3)
GLOBAL_UNCERTAINTY_ASSIGNED_CONTEXT((#3656))
GLOBAL_UNIT_ASSIGNED_CONTEXT((#3664,#3666,#3667))
REPRESENTATION_CONTEXT('','3D')
);
#3661=(
GEOMETRIC_REPRESENTATION_CONTEXT(3)
GLOBAL_UNCERTAINTY_ASSIGNED_CONTEXT((#3657))
GLOBAL_UNIT_ASSIGNED_CONTEXT((#3664,#3666,#3667))
REPRESENTATION_CONTEXT('','3D')
);
#3662=(
GEOMETRIC_REPRESENTATION_CONTEXT(3)
GLOBAL_UNCERTAINTY_ASSIGNED_CONTEXT((#3658))
GLOBAL_UNIT_ASSIGNED_CONTEXT((#3664,#3666,#3667))
REPRESENTATION_CONTEXT('','3D')
);
#3663=(
GEOMETRIC_REPRESENTATION_CONTEXT(3)
GLOBAL_UNCERTAINTY_ASSIGNED_CONTEXT((#3659))
GLOBAL_UNIT_ASSIGNED_CONTEXT((#3664,#3666,#3667))
REPRESENTATION_CONTEXT('','3D')
);
#3664=(
LENGTH_UNIT()
NAMED_UNIT(*)
SI_UNIT(.MILLI.,.METRE.)
);
#3665=(
LENGTH_UNIT()
NAMED_UNIT(*)
SI_UNIT($,.METRE.)
);
#3666=(
NAMED_UNIT(*)
PLANE_ANGLE_UNIT()
SI_UNIT($,.RADIAN.)
);
#3667=(
NAMED_UNIT(*)
SI_UNIT($,.STERADIAN.)
SOLID_ANGLE_UNIT()
);
#3668=SHAPE_DEFINITION_REPRESENTATION(#3671,#3677);
#3669=SHAPE_DEFINITION_REPRESENTATION(#3672,#3678);
#3670=SHAPE_DEFINITION_REPRESENTATION(#3673,#3679);
#3671=PRODUCT_DEFINITION_SHAPE('',$,#3681);
#3672=PRODUCT_DEFINITION_SHAPE('',$,#3682);
#3673=PRODUCT_DEFINITION_SHAPE('',$,#3683);
#3674=PRODUCT_DEFINITION_SHAPE($,$,#20);
#3675=PRODUCT_DEFINITION_SHAPE($,$,#21);
#3676=PRODUCT_DEFINITION_SHAPE($,$,#22);
#3677=SHAPE_REPRESENTATION('',(#1288,#1395,#1396,#1397),#3660);
#3678=SHAPE_REPRESENTATION('',(#1289),#3661);
#3679=SHAPE_REPRESENTATION('',(#1338),#3662);
#3680=PRODUCT_DEFINITION_CONTEXT('part definition',#3691,'design');
#3681=PRODUCT_DEFINITION('2026-04-25-13-31-01-877','spinal_assembly',#3684,
#3680);
#3682=PRODUCT_DEFINITION('2026-03-26-15-55-02-692','spinal',#3685,#3680);
#3683=PRODUCT_DEFINITION('2026-04-02-16-24-34-247','spinal_2',#3686,#3680);
#3684=PRODUCT_DEFINITION_FORMATION('',$,#3693);
#3685=PRODUCT_DEFINITION_FORMATION('',$,#3694);
#3686=PRODUCT_DEFINITION_FORMATION('',$,#3695);
#3687=PRODUCT_RELATED_PRODUCT_CATEGORY('spinal_assembly',
'spinal_assembly',(#3693));
#3688=PRODUCT_RELATED_PRODUCT_CATEGORY('spinal','spinal',(#3694));
#3689=PRODUCT_RELATED_PRODUCT_CATEGORY('spinal_2','spinal_2',(#3695));
#3690=APPLICATION_PROTOCOL_DEFINITION('international standard',
'automotive_design',2009,#3691);
#3691=APPLICATION_CONTEXT(
'Core Data for Automotive Mechanical Design Process');
#3692=PRODUCT_CONTEXT('part definition',#3691,'mechanical');
#3693=PRODUCT('2026-04-25-13-31-01-877','spinal_assembly',$,(#3692));
#3694=PRODUCT('2026-03-26-15-55-02-692','spinal',$,(#3692));
#3695=PRODUCT('2026-04-02-16-24-34-247','spinal_2',$,(#3692));
#3696=PRESENTATION_STYLE_ASSIGNMENT((#3697));
#3697=SURFACE_STYLE_USAGE(.BOTH.,#3698);
#3698=SURFACE_SIDE_STYLE('',(#3699));
#3699=SURFACE_STYLE_FILL_AREA(#3700);
#3700=FILL_AREA_STYLE('Steel - Satin',(#3701));
#3701=FILL_AREA_STYLE_COLOUR('Steel - Satin',#3702);
#3702=COLOUR_RGB('Steel - Satin',0.627450980392157,0.627450980392157,0.627450980392157);
ENDSEC;
END-ISO-10303-21;
